ISO-10303-21;
HEADER;
FILE_DESCRIPTION(('Open CASCADE Model'),'2;1');
FILE_NAME('Open CASCADE Shape Model','2026-08-31T22:17:33',('Author'),(
    'Open CASCADE'),'Open CASCADE STEP processor 7.5','Open CASCADE 7.5'
  ,'Unknown');
FILE_SCHEMA(('AUTOMOTIVE_DESIGN { 1 0 10303 214 1 1 1 1 }'));
ENDSEC;
DATA;
#1 = APPLICATION_PROTOCOL_DEFINITION('international standard',
  'automotive_design',2000,#2);
#2 = APPLICATION_CONTEXT(
  'core data for automotive mechanical design processes');
#3 = SHAPE_DEFINITION_REPRESENTATION(#4,#10);
#4 = PRODUCT_DEFINITION_SHAPE('','',#5);
#5 = PRODUCT_DEFINITION('design','',#6,#9);
#6 = PRODUCT_DEFINITION_FORMATION('','',#7);
#7 = PRODUCT('PCB','PCB','',(#8));
#8 = PRODUCT_CONTEXT('',#2,'mechanical');
#9 = PRODUCT_DEFINITION_CONTEXT('part definition',#2,'design');
#10 = SHAPE_REPRESENTATION('',(#11,#15,#19,#23,#27,#31,#35,#39,#43,#47,
    #51,#55,#59,#63),#67);
#11 = AXIS2_PLACEMENT_3D('',#12,#13,#14);
#12 = CARTESIAN_POINT('',(0.,0.,0.));
#13 = DIRECTION('',(0.,0.,1.));
#14 = DIRECTION('',(1.,0.,-0.));
#15 = AXIS2_PLACEMENT_3D('',#16,#17,#18);
#16 = CARTESIAN_POINT('',(0.,0.,0.));
#17 = DIRECTION('',(0.,0.,1.));
#18 = DIRECTION('',(1.,0.,-0.));
#19 = AXIS2_PLACEMENT_3D('',#20,#21,#22);
#20 = CARTESIAN_POINT('',(0.,0.,0.));
#21 = DIRECTION('',(0.,0.,1.));
#22 = DIRECTION('',(1.,0.,-0.));
#23 = AXIS2_PLACEMENT_3D('',#24,#25,#26);
#24 = CARTESIAN_POINT('',(0.,0.,0.));
#25 = DIRECTION('',(0.,0.,1.));
#26 = DIRECTION('',(1.,0.,-0.));
#27 = AXIS2_PLACEMENT_3D('',#28,#29,#30);
#28 = CARTESIAN_POINT('',(0.,0.,0.));
#29 = DIRECTION('',(0.,0.,1.));
#30 = DIRECTION('',(1.,0.,-0.));
#31 = AXIS2_PLACEMENT_3D('',#32,#33,#34);
#32 = CARTESIAN_POINT('',(0.,0.,0.));
#33 = DIRECTION('',(0.,0.,1.));
#34 = DIRECTION('',(1.,0.,-0.));
#35 = AXIS2_PLACEMENT_3D('',#36,#37,#38);
#36 = CARTESIAN_POINT('',(0.,0.,0.));
#37 = DIRECTION('',(0.,0.,1.));
#38 = DIRECTION('',(1.,0.,-0.));
#39 = AXIS2_PLACEMENT_3D('',#40,#41,#42);
#40 = CARTESIAN_POINT('',(0.,0.,0.));
#41 = DIRECTION('',(0.,0.,1.));
#42 = DIRECTION('',(1.,0.,-0.));
#43 = AXIS2_PLACEMENT_3D('',#44,#45,#46);
#44 = CARTESIAN_POINT('',(0.,0.,0.));
#45 = DIRECTION('',(0.,0.,1.));
#46 = DIRECTION('',(1.,0.,-0.));
#47 = AXIS2_PLACEMENT_3D('',#48,#49,#50);
#48 = CARTESIAN_POINT('',(0.,0.,0.));
#49 = DIRECTION('',(0.,0.,1.));
#50 = DIRECTION('',(1.,0.,-0.));
#51 = AXIS2_PLACEMENT_3D('',#52,#53,#54);
#52 = CARTESIAN_POINT('',(0.,0.,0.));
#53 = DIRECTION('',(0.,0.,1.));
#54 = DIRECTION('',(1.,0.,-0.));
#55 = AXIS2_PLACEMENT_3D('',#56,#57,#58);
#56 = CARTESIAN_POINT('',(0.,0.,0.));
#57 = DIRECTION('',(0.,0.,1.));
#58 = DIRECTION('',(1.,0.,-0.));
#59 = AXIS2_PLACEMENT_3D('',#60,#61,#62);
#60 = CARTESIAN_POINT('',(0.,0.,0.));
#61 = DIRECTION('',(0.,0.,1.));
#62 = DIRECTION('',(1.,0.,-0.));
#63 = AXIS2_PLACEMENT_3D('',#64,#65,#66);
#64 = CARTESIAN_POINT('',(0.,0.,0.));
#65 = DIRECTION('',(0.,0.,1.));
#66 = DIRECTION('',(1.,0.,-0.));
#67 = ( GEOMETRIC_REPRESENTATION_CONTEXT(3) 
GLOBAL_UNCERTAINTY_ASSIGNED_CONTEXT((#71)) GLOBAL_UNIT_ASSIGNED_CONTEXT(
(#68,#69,#70)) REPRESENTATION_CONTEXT('Context #1',
  '3D Context with UNIT and UNCERTAINTY') );
#68 = ( LENGTH_UNIT() NAMED_UNIT(*) SI_UNIT(.MILLI.,.METRE.) );
#69 = ( NAMED_UNIT(*) PLANE_ANGLE_UNIT() SI_UNIT($,.RADIAN.) );
#70 = ( NAMED_UNIT(*) SI_UNIT($,.STERADIAN.) SOLID_ANGLE_UNIT() );
#71 = UNCERTAINTY_MEASURE_WITH_UNIT(LENGTH_MEASURE(1.E-07),#68,
  'distance_accuracy_value','confusion accuracy');
#72 = PRODUCT_RELATED_PRODUCT_CATEGORY('part',$,(#7));
#73 = SHAPE_DEFINITION_REPRESENTATION(#74,#80);
#74 = PRODUCT_DEFINITION_SHAPE('','',#75);
#75 = PRODUCT_DEFINITION('design','',#76,#79);
#76 = PRODUCT_DEFINITION_FORMATION('','',#77);
#77 = PRODUCT('Board','Board','',(#78));
#78 = PRODUCT_CONTEXT('',#2,'mechanical');
#79 = PRODUCT_DEFINITION_CONTEXT('part definition',#2,'design');
#80 = SHAPE_REPRESENTATION('',(#11,#81),#85);
#81 = AXIS2_PLACEMENT_3D('',#82,#83,#84);
#82 = CARTESIAN_POINT('',(0.,0.,-0.41148));
#83 = DIRECTION('',(0.,0.,1.));
#84 = DIRECTION('',(1.,0.,-0.));
#85 = ( GEOMETRIC_REPRESENTATION_CONTEXT(3) 
GLOBAL_UNCERTAINTY_ASSIGNED_CONTEXT((#89)) GLOBAL_UNIT_ASSIGNED_CONTEXT(
(#86,#87,#88)) REPRESENTATION_CONTEXT('Context #1',
  '3D Context with UNIT and UNCERTAINTY') );
#86 = ( LENGTH_UNIT() NAMED_UNIT(*) SI_UNIT(.MILLI.,.METRE.) );
#87 = ( NAMED_UNIT(*) PLANE_ANGLE_UNIT() SI_UNIT($,.RADIAN.) );
#88 = ( NAMED_UNIT(*) SI_UNIT($,.STERADIAN.) SOLID_ANGLE_UNIT() );
#89 = UNCERTAINTY_MEASURE_WITH_UNIT(LENGTH_MEASURE(1.E-07),#86,
  'distance_accuracy_value','confusion accuracy');
#90 = ADVANCED_BREP_SHAPE_REPRESENTATION('',(#11,#91),#1323);
#91 = MANIFOLD_SOLID_BREP('',#92);
#92 = CLOSED_SHELL('',(#93,#133,#164,#195,#228,#259,#292,#323,#354,#387,
    #418,#451,#482,#513,#544,#575,#606,#637,#668,#699,#721,#754,#787,
    #820,#853,#886,#919,#952,#985,#1018,#1051,#1084,#1117,#1150,#1183,
    #1253));
#93 = ADVANCED_FACE('',(#94),#128,.T.);
#94 = FACE_BOUND('',#95,.T.);
#95 = EDGE_LOOP('',(#96,#106,#114,#122));
#96 = ORIENTED_EDGE('',*,*,#97,.T.);
#97 = EDGE_CURVE('',#98,#100,#102,.T.);
#98 = VERTEX_POINT('',#99);
#99 = CARTESIAN_POINT('',(18.669,17.653,0.));
#100 = VERTEX_POINT('',#101);
#101 = CARTESIAN_POINT('',(18.669,17.653,0.41148));
#102 = LINE('',#103,#104);
#103 = CARTESIAN_POINT('',(18.669,17.653,0.));
#104 = VECTOR('',#105,1.);
#105 = DIRECTION('',(0.,0.,1.));
#106 = ORIENTED_EDGE('',*,*,#107,.T.);
#107 = EDGE_CURVE('',#100,#108,#110,.T.);
#108 = VERTEX_POINT('',#109);
#109 = CARTESIAN_POINT('',(18.669,20.648,0.41148));
#110 = LINE('',#111,#112);
#111 = CARTESIAN_POINT('',(18.669,17.653,0.41148));
#112 = VECTOR('',#113,1.);
#113 = DIRECTION('',(0.,1.,0.));
#114 = ORIENTED_EDGE('',*,*,#115,.F.);
#115 = EDGE_CURVE('',#116,#108,#118,.T.);
#116 = VERTEX_POINT('',#117);
#117 = CARTESIAN_POINT('',(18.669,20.648,0.));
#118 = LINE('',#119,#120);
#119 = CARTESIAN_POINT('',(18.669,20.648,0.));
#120 = VECTOR('',#121,1.);
#121 = DIRECTION('',(0.,0.,1.));
#122 = ORIENTED_EDGE('',*,*,#123,.F.);
#123 = EDGE_CURVE('',#98,#116,#124,.T.);
#124 = LINE('',#125,#126);
#125 = CARTESIAN_POINT('',(18.669,17.653,0.));
#126 = VECTOR('',#127,1.);
#127 = DIRECTION('',(0.,1.,0.));
#128 = PLANE('',#129);
#129 = AXIS2_PLACEMENT_3D('',#130,#131,#132);
#130 = CARTESIAN_POINT('',(18.669,17.653,0.));
#131 = DIRECTION('',(-1.,0.,0.));
#132 = DIRECTION('',(0.,1.,0.));
#133 = ADVANCED_FACE('',(#134),#159,.T.);
#134 = FACE_BOUND('',#135,.T.);
#135 = EDGE_LOOP('',(#136,#137,#145,#153));
#136 = ORIENTED_EDGE('',*,*,#115,.T.);
#137 = ORIENTED_EDGE('',*,*,#138,.T.);
#138 = EDGE_CURVE('',#108,#139,#141,.T.);
#139 = VERTEX_POINT('',#140);
#140 = CARTESIAN_POINT('',(18.108,21.209,0.41148));
#141 = LINE('',#142,#143);
#142 = CARTESIAN_POINT('',(18.669,20.648,0.41148));
#143 = VECTOR('',#144,1.);
#144 = DIRECTION('',(-0.707106781187,0.707106781187,0.));
#145 = ORIENTED_EDGE('',*,*,#146,.F.);
#146 = EDGE_CURVE('',#147,#139,#149,.T.);
#147 = VERTEX_POINT('',#148);
#148 = CARTESIAN_POINT('',(18.108,21.209,0.));
#149 = LINE('',#150,#151);
#150 = CARTESIAN_POINT('',(18.108,21.209,0.));
#151 = VECTOR('',#152,1.);
#152 = DIRECTION('',(0.,0.,1.));
#153 = ORIENTED_EDGE('',*,*,#154,.F.);
#154 = EDGE_CURVE('',#116,#147,#155,.T.);
#155 = LINE('',#156,#157);
#156 = CARTESIAN_POINT('',(18.669,20.648,0.));
#157 = VECTOR('',#158,1.);
#158 = DIRECTION('',(-0.707106781187,0.707106781187,0.));
#159 = PLANE('',#160);
#160 = AXIS2_PLACEMENT_3D('',#161,#162,#163);
#161 = CARTESIAN_POINT('',(18.669,20.648,0.));
#162 = DIRECTION('',(-0.707106781187,-0.707106781187,0.));
#163 = DIRECTION('',(-0.707106781187,0.707106781187,0.));
#164 = ADVANCED_FACE('',(#165),#190,.T.);
#165 = FACE_BOUND('',#166,.T.);
#166 = EDGE_LOOP('',(#167,#168,#176,#184));
#167 = ORIENTED_EDGE('',*,*,#146,.T.);
#168 = ORIENTED_EDGE('',*,*,#169,.T.);
#169 = EDGE_CURVE('',#139,#170,#172,.T.);
#170 = VERTEX_POINT('',#171);
#171 = CARTESIAN_POINT('',(7.493,21.209,0.41148));
#172 = LINE('',#173,#174);
#173 = CARTESIAN_POINT('',(18.108,21.209,0.41148));
#174 = VECTOR('',#175,1.);
#175 = DIRECTION('',(-1.,0.,0.));
#176 = ORIENTED_EDGE('',*,*,#177,.F.);
#177 = EDGE_CURVE('',#178,#170,#180,.T.);
#178 = VERTEX_POINT('',#179);
#179 = CARTESIAN_POINT('',(7.493,21.209,0.));
#180 = LINE('',#181,#182);
#181 = CARTESIAN_POINT('',(7.493,21.209,0.));
#182 = VECTOR('',#183,1.);
#183 = DIRECTION('',(0.,0.,1.));
#184 = ORIENTED_EDGE('',*,*,#185,.F.);
#185 = EDGE_CURVE('',#147,#178,#186,.T.);
#186 = LINE('',#187,#188);
#187 = CARTESIAN_POINT('',(18.108,21.209,0.));
#188 = VECTOR('',#189,1.);
#189 = DIRECTION('',(-1.,0.,0.));
#190 = PLANE('',#191);
#191 = AXIS2_PLACEMENT_3D('',#192,#193,#194);
#192 = CARTESIAN_POINT('',(18.108,21.209,0.));
#193 = DIRECTION('',(0.,-1.,0.));
#194 = DIRECTION('',(-1.,0.,0.));
#195 = ADVANCED_FACE('',(#196),#223,.T.);
#196 = FACE_BOUND('',#197,.T.);
#197 = EDGE_LOOP('',(#198,#199,#208,#216));
#198 = ORIENTED_EDGE('',*,*,#177,.T.);
#199 = ORIENTED_EDGE('',*,*,#200,.T.);
#200 = EDGE_CURVE('',#170,#201,#203,.T.);
#201 = VERTEX_POINT('',#202);
#202 = CARTESIAN_POINT('',(6.096,22.606,0.41148));
#203 = CIRCLE('',#204,1.39641376732);
#204 = AXIS2_PLACEMENT_3D('',#205,#206,#207);
#205 = CARTESIAN_POINT('',(7.492413644214,22.605413644214,0.41148));
#206 = DIRECTION('',(0.,0.,-1.));
#207 = DIRECTION('',(4.199011779751E-04,-0.999999911841,0.));
#208 = ORIENTED_EDGE('',*,*,#209,.F.);
#209 = EDGE_CURVE('',#210,#201,#212,.T.);
#210 = VERTEX_POINT('',#211);
#211 = CARTESIAN_POINT('',(6.096,22.606,0.));
#212 = LINE('',#213,#214);
#213 = CARTESIAN_POINT('',(6.096,22.606,0.));
#214 = VECTOR('',#215,1.);
#215 = DIRECTION('',(0.,0.,1.));
#216 = ORIENTED_EDGE('',*,*,#217,.F.);
#217 = EDGE_CURVE('',#178,#210,#218,.T.);
#218 = CIRCLE('',#219,1.39641376732);
#219 = AXIS2_PLACEMENT_3D('',#220,#221,#222);
#220 = CARTESIAN_POINT('',(7.492413644214,22.605413644214,0.));
#221 = DIRECTION('',(0.,0.,-1.));
#222 = DIRECTION('',(4.199011779751E-04,-0.999999911841,0.));
#223 = CYLINDRICAL_SURFACE('',#224,1.39641376732);
#224 = AXIS2_PLACEMENT_3D('',#225,#226,#227);
#225 = CARTESIAN_POINT('',(7.492413644214,22.605413644214,0.));
#226 = DIRECTION('',(0.,0.,-1.));
#227 = DIRECTION('',(4.199011779751E-04,-0.999999911841,0.));
#228 = ADVANCED_FACE('',(#229),#254,.T.);
#229 = FACE_BOUND('',#230,.T.);
#230 = EDGE_LOOP('',(#231,#232,#240,#248));
#231 = ORIENTED_EDGE('',*,*,#209,.T.);
#232 = ORIENTED_EDGE('',*,*,#233,.T.);
#233 = EDGE_CURVE('',#201,#234,#236,.T.);
#234 = VERTEX_POINT('',#235);
#235 = CARTESIAN_POINT('',(6.096,28.321,0.41148));
#236 = LINE('',#237,#238);
#237 = CARTESIAN_POINT('',(6.096,22.606,0.41148));
#238 = VECTOR('',#239,1.);
#239 = DIRECTION('',(0.,1.,0.));
#240 = ORIENTED_EDGE('',*,*,#241,.F.);
#241 = EDGE_CURVE('',#242,#234,#244,.T.);
#242 = VERTEX_POINT('',#243);
#243 = CARTESIAN_POINT('',(6.096,28.321,0.));
#244 = LINE('',#245,#246);
#245 = CARTESIAN_POINT('',(6.096,28.321,0.));
#246 = VECTOR('',#247,1.);
#247 = DIRECTION('',(0.,0.,1.));
#248 = ORIENTED_EDGE('',*,*,#249,.F.);
#249 = EDGE_CURVE('',#210,#242,#250,.T.);
#250 = LINE('',#251,#252);
#251 = CARTESIAN_POINT('',(6.096,22.606,0.));
#252 = VECTOR('',#253,1.);
#253 = DIRECTION('',(0.,1.,0.));
#254 = PLANE('',#255);
#255 = AXIS2_PLACEMENT_3D('',#256,#257,#258);
#256 = CARTESIAN_POINT('',(6.096,22.606,0.));
#257 = DIRECTION('',(-1.,0.,0.));
#258 = DIRECTION('',(0.,1.,0.));
#259 = ADVANCED_FACE('',(#260),#287,.T.);
#260 = FACE_BOUND('',#261,.T.);
#261 = EDGE_LOOP('',(#262,#263,#272,#280));
#262 = ORIENTED_EDGE('',*,*,#241,.T.);
#263 = ORIENTED_EDGE('',*,*,#264,.T.);
#264 = EDGE_CURVE('',#234,#265,#267,.T.);
#265 = VERTEX_POINT('',#266);
#266 = CARTESIAN_POINT('',(7.493,29.718,0.41148));
#267 = CIRCLE('',#268,1.394712224256);
#268 = AXIS2_PLACEMENT_3D('',#269,#270,#271);
#269 = CARTESIAN_POINT('',(7.490710344828,28.323289655172,0.41148));
#270 = DIRECTION('',(0.,0.,-1.));
#271 = DIRECTION('',(-0.999998652461,-1.641668533906E-03,-0.));
#272 = ORIENTED_EDGE('',*,*,#273,.F.);
#273 = EDGE_CURVE('',#274,#265,#276,.T.);
#274 = VERTEX_POINT('',#275);
#275 = CARTESIAN_POINT('',(7.493,29.718,0.));
#276 = LINE('',#277,#278);
#277 = CARTESIAN_POINT('',(7.493,29.718,0.));
#278 = VECTOR('',#279,1.);
#279 = DIRECTION('',(0.,0.,1.));
#280 = ORIENTED_EDGE('',*,*,#281,.F.);
#281 = EDGE_CURVE('',#242,#274,#282,.T.);
#282 = CIRCLE('',#283,1.394712224256);
#283 = AXIS2_PLACEMENT_3D('',#284,#285,#286);
#284 = CARTESIAN_POINT('',(7.490710344828,28.323289655172,0.));
#285 = DIRECTION('',(0.,0.,-1.));
#286 = DIRECTION('',(-0.999998652461,-1.641668533906E-03,-0.));
#287 = CYLINDRICAL_SURFACE('',#288,1.394712224256);
#288 = AXIS2_PLACEMENT_3D('',#289,#290,#291);
#289 = CARTESIAN_POINT('',(7.490710344828,28.323289655172,0.));
#290 = DIRECTION('',(0.,0.,-1.));
#291 = DIRECTION('',(-0.999998652461,-1.641668533906E-03,-0.));
#292 = ADVANCED_FACE('',(#293),#318,.T.);
#293 = FACE_BOUND('',#294,.T.);
#294 = EDGE_LOOP('',(#295,#296,#304,#312));
#295 = ORIENTED_EDGE('',*,*,#273,.T.);
#296 = ORIENTED_EDGE('',*,*,#297,.T.);
#297 = EDGE_CURVE('',#265,#298,#300,.T.);
#298 = VERTEX_POINT('',#299);
#299 = CARTESIAN_POINT('',(50.673,29.718,0.41148));
#300 = LINE('',#301,#302);
#301 = CARTESIAN_POINT('',(7.493,29.718,0.41148));
#302 = VECTOR('',#303,1.);
#303 = DIRECTION('',(1.,0.,0.));
#304 = ORIENTED_EDGE('',*,*,#305,.F.);
#305 = EDGE_CURVE('',#306,#298,#308,.T.);
#306 = VERTEX_POINT('',#307);
#307 = CARTESIAN_POINT('',(50.673,29.718,0.));
#308 = LINE('',#309,#310);
#309 = CARTESIAN_POINT('',(50.673,29.718,0.));
#310 = VECTOR('',#311,1.);
#311 = DIRECTION('',(0.,0.,1.));
#312 = ORIENTED_EDGE('',*,*,#313,.F.);
#313 = EDGE_CURVE('',#274,#306,#314,.T.);
#314 = LINE('',#315,#316);
#315 = CARTESIAN_POINT('',(7.493,29.718,0.));
#316 = VECTOR('',#317,1.);
#317 = DIRECTION('',(1.,0.,0.));
#318 = PLANE('',#319);
#319 = AXIS2_PLACEMENT_3D('',#320,#321,#322);
#320 = CARTESIAN_POINT('',(7.493,29.718,0.));
#321 = DIRECTION('',(0.,1.,0.));
#322 = DIRECTION('',(1.,0.,0.));
#323 = ADVANCED_FACE('',(#324),#349,.T.);
#324 = FACE_BOUND('',#325,.T.);
#325 = EDGE_LOOP('',(#326,#327,#335,#343));
#326 = ORIENTED_EDGE('',*,*,#305,.T.);
#327 = ORIENTED_EDGE('',*,*,#328,.T.);
#328 = EDGE_CURVE('',#298,#329,#331,.T.);
#329 = VERTEX_POINT('',#330);
#330 = CARTESIAN_POINT('',(51.943,29.718,0.41148));
#331 = LINE('',#332,#333);
#332 = CARTESIAN_POINT('',(50.673,29.718,0.41148));
#333 = VECTOR('',#334,1.);
#334 = DIRECTION('',(1.,0.,0.));
#335 = ORIENTED_EDGE('',*,*,#336,.F.);
#336 = EDGE_CURVE('',#337,#329,#339,.T.);
#337 = VERTEX_POINT('',#338);
#338 = CARTESIAN_POINT('',(51.943,29.718,0.));
#339 = LINE('',#340,#341);
#340 = CARTESIAN_POINT('',(51.943,29.718,0.));
#341 = VECTOR('',#342,1.);
#342 = DIRECTION('',(0.,0.,1.));
#343 = ORIENTED_EDGE('',*,*,#344,.F.);
#344 = EDGE_CURVE('',#306,#337,#345,.T.);
#345 = LINE('',#346,#347);
#346 = CARTESIAN_POINT('',(50.673,29.718,0.));
#347 = VECTOR('',#348,1.);
#348 = DIRECTION('',(1.,0.,0.));
#349 = PLANE('',#350);
#350 = AXIS2_PLACEMENT_3D('',#351,#352,#353);
#351 = CARTESIAN_POINT('',(50.673,29.718,0.));
#352 = DIRECTION('',(0.,1.,0.));
#353 = DIRECTION('',(1.,0.,0.));
#354 = ADVANCED_FACE('',(#355),#382,.T.);
#355 = FACE_BOUND('',#356,.T.);
#356 = EDGE_LOOP('',(#357,#358,#367,#375));
#357 = ORIENTED_EDGE('',*,*,#336,.T.);
#358 = ORIENTED_EDGE('',*,*,#359,.T.);
#359 = EDGE_CURVE('',#329,#360,#362,.T.);
#360 = VERTEX_POINT('',#361);
#361 = CARTESIAN_POINT('',(53.34,28.321,0.41148));
#362 = CIRCLE('',#363,1.39641376732);
#363 = AXIS2_PLACEMENT_3D('',#364,#365,#366);
#364 = CARTESIAN_POINT('',(51.943586355786,28.321586355786,0.41148));
#365 = DIRECTION('',(0.,0.,-1.));
#366 = DIRECTION('',(-4.199011779726E-04,0.999999911841,0.));
#367 = ORIENTED_EDGE('',*,*,#368,.F.);
#368 = EDGE_CURVE('',#369,#360,#371,.T.);
#369 = VERTEX_POINT('',#370);
#370 = CARTESIAN_POINT('',(53.34,28.321,0.));
#371 = LINE('',#372,#373);
#372 = CARTESIAN_POINT('',(53.34,28.321,0.));
#373 = VECTOR('',#374,1.);
#374 = DIRECTION('',(0.,0.,1.));
#375 = ORIENTED_EDGE('',*,*,#376,.F.);
#376 = EDGE_CURVE('',#337,#369,#377,.T.);
#377 = CIRCLE('',#378,1.39641376732);
#378 = AXIS2_PLACEMENT_3D('',#379,#380,#381);
#379 = CARTESIAN_POINT('',(51.943586355786,28.321586355786,0.));
#380 = DIRECTION('',(0.,0.,-1.));
#381 = DIRECTION('',(-4.199011779726E-04,0.999999911841,0.));
#382 = CYLINDRICAL_SURFACE('',#383,1.39641376732);
#383 = AXIS2_PLACEMENT_3D('',#384,#385,#386);
#384 = CARTESIAN_POINT('',(51.943586355786,28.321586355786,0.));
#385 = DIRECTION('',(0.,0.,-1.));
#386 = DIRECTION('',(-4.199011779726E-04,0.999999911841,0.));
#387 = ADVANCED_FACE('',(#388),#413,.T.);
#388 = FACE_BOUND('',#389,.T.);
#389 = EDGE_LOOP('',(#390,#391,#399,#407));
#390 = ORIENTED_EDGE('',*,*,#368,.T.);
#391 = ORIENTED_EDGE('',*,*,#392,.T.);
#392 = EDGE_CURVE('',#360,#393,#395,.T.);
#393 = VERTEX_POINT('',#394);
#394 = CARTESIAN_POINT('',(53.34,22.606,0.41148));
#395 = LINE('',#396,#397);
#396 = CARTESIAN_POINT('',(53.34,28.321,0.41148));
#397 = VECTOR('',#398,1.);
#398 = DIRECTION('',(0.,-1.,0.));
#399 = ORIENTED_EDGE('',*,*,#400,.F.);
#400 = EDGE_CURVE('',#401,#393,#403,.T.);
#401 = VERTEX_POINT('',#402);
#402 = CARTESIAN_POINT('',(53.34,22.606,0.));
#403 = LINE('',#404,#405);
#404 = CARTESIAN_POINT('',(53.34,22.606,0.));
#405 = VECTOR('',#406,1.);
#406 = DIRECTION('',(0.,0.,1.));
#407 = ORIENTED_EDGE('',*,*,#408,.F.);
#408 = EDGE_CURVE('',#369,#401,#409,.T.);
#409 = LINE('',#410,#411);
#410 = CARTESIAN_POINT('',(53.34,28.321,0.));
#411 = VECTOR('',#412,1.);
#412 = DIRECTION('',(0.,-1.,0.));
#413 = PLANE('',#414);
#414 = AXIS2_PLACEMENT_3D('',#415,#416,#417);
#415 = CARTESIAN_POINT('',(53.34,28.321,0.));
#416 = DIRECTION('',(1.,0.,-0.));
#417 = DIRECTION('',(0.,-1.,0.));
#418 = ADVANCED_FACE('',(#419),#446,.T.);
#419 = FACE_BOUND('',#420,.T.);
#420 = EDGE_LOOP('',(#421,#422,#431,#439));
#421 = ORIENTED_EDGE('',*,*,#400,.T.);
#422 = ORIENTED_EDGE('',*,*,#423,.T.);
#423 = EDGE_CURVE('',#393,#424,#426,.T.);
#424 = VERTEX_POINT('',#425);
#425 = CARTESIAN_POINT('',(51.943,21.209,0.41148));
#426 = CIRCLE('',#427,1.39641376732);
#427 = AXIS2_PLACEMENT_3D('',#428,#429,#430);
#428 = CARTESIAN_POINT('',(51.943586355786,22.605413644214,0.41148));
#429 = DIRECTION('',(0.,0.,-1.));
#430 = DIRECTION('',(0.999999911841,4.199011779675E-04,0.));
#431 = ORIENTED_EDGE('',*,*,#432,.F.);
#432 = EDGE_CURVE('',#433,#424,#435,.T.);
#433 = VERTEX_POINT('',#434);
#434 = CARTESIAN_POINT('',(51.943,21.209,0.));
#435 = LINE('',#436,#437);
#436 = CARTESIAN_POINT('',(51.943,21.209,0.));
#437 = VECTOR('',#438,1.);
#438 = DIRECTION('',(0.,0.,1.));
#439 = ORIENTED_EDGE('',*,*,#440,.F.);
#440 = EDGE_CURVE('',#401,#433,#441,.T.);
#441 = CIRCLE('',#442,1.39641376732);
#442 = AXIS2_PLACEMENT_3D('',#443,#444,#445);
#443 = CARTESIAN_POINT('',(51.943586355786,22.605413644214,0.));
#444 = DIRECTION('',(0.,0.,-1.));
#445 = DIRECTION('',(0.999999911841,4.199011779675E-04,0.));
#446 = CYLINDRICAL_SURFACE('',#447,1.39641376732);
#447 = AXIS2_PLACEMENT_3D('',#448,#449,#450);
#448 = CARTESIAN_POINT('',(51.943586355786,22.605413644214,0.));
#449 = DIRECTION('',(0.,0.,-1.));
#450 = DIRECTION('',(0.999999911841,4.199011779675E-04,0.));
#451 = ADVANCED_FACE('',(#452),#477,.T.);
#452 = FACE_BOUND('',#453,.T.);
#453 = EDGE_LOOP('',(#454,#455,#463,#471));
#454 = ORIENTED_EDGE('',*,*,#432,.T.);
#455 = ORIENTED_EDGE('',*,*,#456,.T.);
#456 = EDGE_CURVE('',#424,#457,#459,.T.);
#457 = VERTEX_POINT('',#458);
#458 = CARTESIAN_POINT('',(40.947,21.209,0.41148));
#459 = LINE('',#460,#461);
#460 = CARTESIAN_POINT('',(51.943,21.209,0.41148));
#461 = VECTOR('',#462,1.);
#462 = DIRECTION('',(-1.,0.,0.));
#463 = ORIENTED_EDGE('',*,*,#464,.F.);
#464 = EDGE_CURVE('',#465,#457,#467,.T.);
#465 = VERTEX_POINT('',#466);
#466 = CARTESIAN_POINT('',(40.947,21.209,0.));
#467 = LINE('',#468,#469);
#468 = CARTESIAN_POINT('',(40.947,21.209,0.));
#469 = VECTOR('',#470,1.);
#470 = DIRECTION('',(0.,0.,1.));
#471 = ORIENTED_EDGE('',*,*,#472,.F.);
#472 = EDGE_CURVE('',#433,#465,#473,.T.);
#473 = LINE('',#474,#475);
#474 = CARTESIAN_POINT('',(51.943,21.209,0.));
#475 = VECTOR('',#476,1.);
#476 = DIRECTION('',(-1.,0.,0.));
#477 = PLANE('',#478);
#478 = AXIS2_PLACEMENT_3D('',#479,#480,#481);
#479 = CARTESIAN_POINT('',(51.943,21.209,0.));
#480 = DIRECTION('',(0.,-1.,0.));
#481 = DIRECTION('',(-1.,0.,0.));
#482 = ADVANCED_FACE('',(#483),#508,.T.);
#483 = FACE_BOUND('',#484,.T.);
#484 = EDGE_LOOP('',(#485,#486,#494,#502));
#485 = ORIENTED_EDGE('',*,*,#464,.T.);
#486 = ORIENTED_EDGE('',*,*,#487,.T.);
#487 = EDGE_CURVE('',#457,#488,#490,.T.);
#488 = VERTEX_POINT('',#489);
#489 = CARTESIAN_POINT('',(40.64,20.902,0.41148));
#490 = LINE('',#491,#492);
#491 = CARTESIAN_POINT('',(40.947,21.209,0.41148));
#492 = VECTOR('',#493,1.);
#493 = DIRECTION('',(-0.707106781187,-0.707106781187,0.));
#494 = ORIENTED_EDGE('',*,*,#495,.F.);
#495 = EDGE_CURVE('',#496,#488,#498,.T.);
#496 = VERTEX_POINT('',#497);
#497 = CARTESIAN_POINT('',(40.64,20.902,0.));
#498 = LINE('',#499,#500);
#499 = CARTESIAN_POINT('',(40.64,20.902,0.));
#500 = VECTOR('',#501,1.);
#501 = DIRECTION('',(0.,0.,1.));
#502 = ORIENTED_EDGE('',*,*,#503,.F.);
#503 = EDGE_CURVE('',#465,#496,#504,.T.);
#504 = LINE('',#505,#506);
#505 = CARTESIAN_POINT('',(40.947,21.209,0.));
#506 = VECTOR('',#507,1.);
#507 = DIRECTION('',(-0.707106781187,-0.707106781187,0.));
#508 = PLANE('',#509);
#509 = AXIS2_PLACEMENT_3D('',#510,#511,#512);
#510 = CARTESIAN_POINT('',(40.947,21.209,0.));
#511 = DIRECTION('',(0.707106781187,-0.707106781187,0.));
#512 = DIRECTION('',(-0.707106781187,-0.707106781187,0.));
#513 = ADVANCED_FACE('',(#514),#539,.T.);
#514 = FACE_BOUND('',#515,.T.);
#515 = EDGE_LOOP('',(#516,#517,#525,#533));
#516 = ORIENTED_EDGE('',*,*,#495,.T.);
#517 = ORIENTED_EDGE('',*,*,#518,.T.);
#518 = EDGE_CURVE('',#488,#519,#521,.T.);
#519 = VERTEX_POINT('',#520);
#520 = CARTESIAN_POINT('',(40.64,17.399,0.41148));
#521 = LINE('',#522,#523);
#522 = CARTESIAN_POINT('',(40.64,20.902,0.41148));
#523 = VECTOR('',#524,1.);
#524 = DIRECTION('',(0.,-1.,0.));
#525 = ORIENTED_EDGE('',*,*,#526,.F.);
#526 = EDGE_CURVE('',#527,#519,#529,.T.);
#527 = VERTEX_POINT('',#528);
#528 = CARTESIAN_POINT('',(40.64,17.399,0.));
#529 = LINE('',#530,#531);
#530 = CARTESIAN_POINT('',(40.64,17.399,0.));
#531 = VECTOR('',#532,1.);
#532 = DIRECTION('',(0.,0.,1.));
#533 = ORIENTED_EDGE('',*,*,#534,.F.);
#534 = EDGE_CURVE('',#496,#527,#535,.T.);
#535 = LINE('',#536,#537);
#536 = CARTESIAN_POINT('',(40.64,20.902,0.));
#537 = VECTOR('',#538,1.);
#538 = DIRECTION('',(0.,-1.,0.));
#539 = PLANE('',#540);
#540 = AXIS2_PLACEMENT_3D('',#541,#542,#543);
#541 = CARTESIAN_POINT('',(40.64,20.902,0.));
#542 = DIRECTION('',(1.,0.,-0.));
#543 = DIRECTION('',(0.,-1.,0.));
#544 = ADVANCED_FACE('',(#545),#570,.T.);
#545 = FACE_BOUND('',#546,.T.);
#546 = EDGE_LOOP('',(#547,#548,#556,#564));
#547 = ORIENTED_EDGE('',*,*,#526,.T.);
#548 = ORIENTED_EDGE('',*,*,#549,.T.);
#549 = EDGE_CURVE('',#519,#550,#552,.T.);
#550 = VERTEX_POINT('',#551);
#551 = CARTESIAN_POINT('',(40.603,17.309,0.41148));
#552 = LINE('',#553,#554);
#553 = CARTESIAN_POINT('',(40.64,17.399,0.41148));
#554 = VECTOR('',#555,1.);
#555 = DIRECTION('',(-0.380232877156,-0.924890782271,0.));
#556 = ORIENTED_EDGE('',*,*,#557,.F.);
#557 = EDGE_CURVE('',#558,#550,#560,.T.);
#558 = VERTEX_POINT('',#559);
#559 = CARTESIAN_POINT('',(40.603,17.309,0.));
#560 = LINE('',#561,#562);
#561 = CARTESIAN_POINT('',(40.603,17.309,0.));
#562 = VECTOR('',#563,1.);
#563 = DIRECTION('',(0.,0.,1.));
#564 = ORIENTED_EDGE('',*,*,#565,.F.);
#565 = EDGE_CURVE('',#527,#558,#566,.T.);
#566 = LINE('',#567,#568);
#567 = CARTESIAN_POINT('',(40.64,17.399,0.));
#568 = VECTOR('',#569,1.);
#569 = DIRECTION('',(-0.380232877156,-0.924890782271,0.));
#570 = PLANE('',#571);
#571 = AXIS2_PLACEMENT_3D('',#572,#573,#574);
#572 = CARTESIAN_POINT('',(40.64,17.399,0.));
#573 = DIRECTION('',(0.924890782271,-0.380232877156,0.));
#574 = DIRECTION('',(-0.380232877156,-0.924890782271,0.));
#575 = ADVANCED_FACE('',(#576),#601,.T.);
#576 = FACE_BOUND('',#577,.T.);
#577 = EDGE_LOOP('',(#578,#579,#587,#595));
#578 = ORIENTED_EDGE('',*,*,#557,.T.);
#579 = ORIENTED_EDGE('',*,*,#580,.T.);
#580 = EDGE_CURVE('',#550,#581,#583,.T.);
#581 = VERTEX_POINT('',#582);
#582 = CARTESIAN_POINT('',(38.317,15.023,0.41148));
#583 = LINE('',#584,#585);
#584 = CARTESIAN_POINT('',(40.603,17.309,0.41148));
#585 = VECTOR('',#586,1.);
#586 = DIRECTION('',(-0.707106781187,-0.707106781187,0.));
#587 = ORIENTED_EDGE('',*,*,#588,.F.);
#588 = EDGE_CURVE('',#589,#581,#591,.T.);
#589 = VERTEX_POINT('',#590);
#590 = CARTESIAN_POINT('',(38.317,15.023,0.));
#591 = LINE('',#592,#593);
#592 = CARTESIAN_POINT('',(38.317,15.023,0.));
#593 = VECTOR('',#594,1.);
#594 = DIRECTION('',(0.,0.,1.));
#595 = ORIENTED_EDGE('',*,*,#596,.F.);
#596 = EDGE_CURVE('',#558,#589,#597,.T.);
#597 = LINE('',#598,#599);
#598 = CARTESIAN_POINT('',(40.603,17.309,0.));
#599 = VECTOR('',#600,1.);
#600 = DIRECTION('',(-0.707106781187,-0.707106781187,0.));
#601 = PLANE('',#602);
#602 = AXIS2_PLACEMENT_3D('',#603,#604,#605);
#603 = CARTESIAN_POINT('',(40.603,17.309,0.));
#604 = DIRECTION('',(0.707106781187,-0.707106781187,0.));
#605 = DIRECTION('',(-0.707106781187,-0.707106781187,0.));
#606 = ADVANCED_FACE('',(#607),#632,.T.);
#607 = FACE_BOUND('',#608,.T.);
#608 = EDGE_LOOP('',(#609,#610,#618,#626));
#609 = ORIENTED_EDGE('',*,*,#588,.T.);
#610 = ORIENTED_EDGE('',*,*,#611,.T.);
#611 = EDGE_CURVE('',#581,#612,#614,.T.);
#612 = VERTEX_POINT('',#613);
#613 = CARTESIAN_POINT('',(38.227,14.986,0.41148));
#614 = LINE('',#615,#616);
#615 = CARTESIAN_POINT('',(38.317,15.023,0.41148));
#616 = VECTOR('',#617,1.);
#617 = DIRECTION('',(-0.924890782271,-0.380232877156,0.));
#618 = ORIENTED_EDGE('',*,*,#619,.F.);
#619 = EDGE_CURVE('',#620,#612,#622,.T.);
#620 = VERTEX_POINT('',#621);
#621 = CARTESIAN_POINT('',(38.227,14.986,0.));
#622 = LINE('',#623,#624);
#623 = CARTESIAN_POINT('',(38.227,14.986,0.));
#624 = VECTOR('',#625,1.);
#625 = DIRECTION('',(0.,0.,1.));
#626 = ORIENTED_EDGE('',*,*,#627,.F.);
#627 = EDGE_CURVE('',#589,#620,#628,.T.);
#628 = LINE('',#629,#630);
#629 = CARTESIAN_POINT('',(38.317,15.023,0.));
#630 = VECTOR('',#631,1.);
#631 = DIRECTION('',(-0.924890782271,-0.380232877156,0.));
#632 = PLANE('',#633);
#633 = AXIS2_PLACEMENT_3D('',#634,#635,#636);
#634 = CARTESIAN_POINT('',(38.317,15.023,0.));
#635 = DIRECTION('',(0.380232877156,-0.924890782271,0.));
#636 = DIRECTION('',(-0.924890782271,-0.380232877156,0.));
#637 = ADVANCED_FACE('',(#638),#663,.T.);
#638 = FACE_BOUND('',#639,.T.);
#639 = EDGE_LOOP('',(#640,#641,#649,#657));
#640 = ORIENTED_EDGE('',*,*,#619,.T.);
#641 = ORIENTED_EDGE('',*,*,#642,.T.);
#642 = EDGE_CURVE('',#612,#643,#645,.T.);
#643 = VERTEX_POINT('',#644);
#644 = CARTESIAN_POINT('',(21.336,14.986,0.41148));
#645 = LINE('',#646,#647);
#646 = CARTESIAN_POINT('',(38.227,14.986,0.41148));
#647 = VECTOR('',#648,1.);
#648 = DIRECTION('',(-1.,0.,0.));
#649 = ORIENTED_EDGE('',*,*,#650,.F.);
#650 = EDGE_CURVE('',#651,#643,#653,.T.);
#651 = VERTEX_POINT('',#652);
#652 = CARTESIAN_POINT('',(21.336,14.986,0.));
#653 = LINE('',#654,#655);
#654 = CARTESIAN_POINT('',(21.336,14.986,0.));
#655 = VECTOR('',#656,1.);
#656 = DIRECTION('',(0.,0.,1.));
#657 = ORIENTED_EDGE('',*,*,#658,.F.);
#658 = EDGE_CURVE('',#620,#651,#659,.T.);
#659 = LINE('',#660,#661);
#660 = CARTESIAN_POINT('',(38.227,14.986,0.));
#661 = VECTOR('',#662,1.);
#662 = DIRECTION('',(-1.,0.,0.));
#663 = PLANE('',#664);
#664 = AXIS2_PLACEMENT_3D('',#665,#666,#667);
#665 = CARTESIAN_POINT('',(38.227,14.986,0.));
#666 = DIRECTION('',(0.,-1.,0.));
#667 = DIRECTION('',(-1.,0.,0.));
#668 = ADVANCED_FACE('',(#669),#694,.T.);
#669 = FACE_BOUND('',#670,.T.);
#670 = EDGE_LOOP('',(#671,#672,#680,#688));
#671 = ORIENTED_EDGE('',*,*,#650,.T.);
#672 = ORIENTED_EDGE('',*,*,#673,.T.);
#673 = EDGE_CURVE('',#643,#674,#676,.T.);
#674 = VERTEX_POINT('',#675);
#675 = CARTESIAN_POINT('',(21.246,15.023,0.41148));
#676 = LINE('',#677,#678);
#677 = CARTESIAN_POINT('',(21.336,14.986,0.41148));
#678 = VECTOR('',#679,1.);
#679 = DIRECTION('',(-0.924890782271,0.380232877156,0.));
#680 = ORIENTED_EDGE('',*,*,#681,.F.);
#681 = EDGE_CURVE('',#682,#674,#684,.T.);
#682 = VERTEX_POINT('',#683);
#683 = CARTESIAN_POINT('',(21.246,15.023,0.));
#684 = LINE('',#685,#686);
#685 = CARTESIAN_POINT('',(21.246,15.023,0.));
#686 = VECTOR('',#687,1.);
#687 = DIRECTION('',(0.,0.,1.));
#688 = ORIENTED_EDGE('',*,*,#689,.F.);
#689 = EDGE_CURVE('',#651,#682,#690,.T.);
#690 = LINE('',#691,#692);
#691 = CARTESIAN_POINT('',(21.336,14.986,0.));
#692 = VECTOR('',#693,1.);
#693 = DIRECTION('',(-0.924890782271,0.380232877156,0.));
#694 = PLANE('',#695);
#695 = AXIS2_PLACEMENT_3D('',#696,#697,#698);
#696 = CARTESIAN_POINT('',(21.336,14.986,0.));
#697 = DIRECTION('',(-0.380232877156,-0.924890782271,0.));
#698 = DIRECTION('',(-0.924890782271,0.380232877156,0.));
#699 = ADVANCED_FACE('',(#700),#716,.T.);
#700 = FACE_BOUND('',#701,.T.);
#701 = EDGE_LOOP('',(#702,#703,#709,#710));
#702 = ORIENTED_EDGE('',*,*,#681,.T.);
#703 = ORIENTED_EDGE('',*,*,#704,.T.);
#704 = EDGE_CURVE('',#674,#100,#705,.T.);
#705 = LINE('',#706,#707);
#706 = CARTESIAN_POINT('',(21.246,15.023,0.41148));
#707 = VECTOR('',#708,1.);
#708 = DIRECTION('',(-0.699873166161,0.714267142803,0.));
#709 = ORIENTED_EDGE('',*,*,#97,.F.);
#710 = ORIENTED_EDGE('',*,*,#711,.F.);
#711 = EDGE_CURVE('',#682,#98,#712,.T.);
#712 = LINE('',#713,#714);
#713 = CARTESIAN_POINT('',(21.246,15.023,0.));
#714 = VECTOR('',#715,1.);
#715 = DIRECTION('',(-0.699873166161,0.714267142803,0.));
#716 = PLANE('',#717);
#717 = AXIS2_PLACEMENT_3D('',#718,#719,#720);
#718 = CARTESIAN_POINT('',(21.246,15.023,0.));
#719 = DIRECTION('',(-0.714267142803,-0.699873166161,0.));
#720 = DIRECTION('',(-0.699873166161,0.714267142803,0.));
#721 = ADVANCED_FACE('',(#722),#749,.F.);
#722 = FACE_BOUND('',#723,.T.);
#723 = EDGE_LOOP('',(#724,#734,#741,#742));
#724 = ORIENTED_EDGE('',*,*,#725,.T.);
#725 = EDGE_CURVE('',#726,#728,#730,.T.);
#726 = VERTEX_POINT('',#727);
#727 = CARTESIAN_POINT('',(9.099,23.997,0.));
#728 = VERTEX_POINT('',#729);
#729 = CARTESIAN_POINT('',(9.099,23.997,0.41148));
#730 = LINE('',#731,#732);
#731 = CARTESIAN_POINT('',(9.099,23.997,0.));
#732 = VECTOR('',#733,1.);
#733 = DIRECTION('',(0.,0.,1.));
#734 = ORIENTED_EDGE('',*,*,#735,.T.);
#735 = EDGE_CURVE('',#728,#728,#736,.T.);
#736 = CIRCLE('',#737,0.435);
#737 = AXIS2_PLACEMENT_3D('',#738,#739,#740);
#738 = CARTESIAN_POINT('',(8.664,23.997,0.41148));
#739 = DIRECTION('',(0.,0.,1.));
#740 = DIRECTION('',(1.,0.,-0.));
#741 = ORIENTED_EDGE('',*,*,#725,.F.);
#742 = ORIENTED_EDGE('',*,*,#743,.F.);
#743 = EDGE_CURVE('',#726,#726,#744,.T.);
#744 = CIRCLE('',#745,0.435);
#745 = AXIS2_PLACEMENT_3D('',#746,#747,#748);
#746 = CARTESIAN_POINT('',(8.664,23.997,0.));
#747 = DIRECTION('',(0.,0.,1.));
#748 = DIRECTION('',(1.,0.,-0.));
#749 = CYLINDRICAL_SURFACE('',#750,0.435);
#750 = AXIS2_PLACEMENT_3D('',#751,#752,#753);
#751 = CARTESIAN_POINT('',(8.664,23.997,0.));
#752 = DIRECTION('',(-0.,-0.,-1.));
#753 = DIRECTION('',(1.,0.,-0.));
#754 = ADVANCED_FACE('',(#755),#782,.F.);
#755 = FACE_BOUND('',#756,.T.);
#756 = EDGE_LOOP('',(#757,#767,#774,#775));
#757 = ORIENTED_EDGE('',*,*,#758,.T.);
#758 = EDGE_CURVE('',#759,#761,#763,.T.);
#759 = VERTEX_POINT('',#760);
#760 = CARTESIAN_POINT('',(22.963,19.05,0.));
#761 = VERTEX_POINT('',#762);
#762 = CARTESIAN_POINT('',(22.963,19.05,0.41148));
#763 = LINE('',#764,#765);
#764 = CARTESIAN_POINT('',(22.963,19.05,0.));
#765 = VECTOR('',#766,1.);
#766 = DIRECTION('',(0.,0.,1.));
#767 = ORIENTED_EDGE('',*,*,#768,.T.);
#768 = EDGE_CURVE('',#761,#761,#769,.T.);
#769 = CIRCLE('',#770,1.5);
#770 = AXIS2_PLACEMENT_3D('',#771,#772,#773);
#771 = CARTESIAN_POINT('',(21.463,19.05,0.41148));
#772 = DIRECTION('',(0.,0.,1.));
#773 = DIRECTION('',(1.,0.,-0.));
#774 = ORIENTED_EDGE('',*,*,#758,.F.);
#775 = ORIENTED_EDGE('',*,*,#776,.F.);
#776 = EDGE_CURVE('',#759,#759,#777,.T.);
#777 = CIRCLE('',#778,1.5);
#778 = AXIS2_PLACEMENT_3D('',#779,#780,#781);
#779 = CARTESIAN_POINT('',(21.463,19.05,0.));
#780 = DIRECTION('',(0.,0.,1.));
#781 = DIRECTION('',(1.,0.,-0.));
#782 = CYLINDRICAL_SURFACE('',#783,1.5);
#783 = AXIS2_PLACEMENT_3D('',#784,#785,#786);
#784 = CARTESIAN_POINT('',(21.463,19.05,0.));
#785 = DIRECTION('',(-0.,-0.,-1.));
#786 = DIRECTION('',(1.,0.,-0.));
#787 = ADVANCED_FACE('',(#788),#815,.F.);
#788 = FACE_BOUND('',#789,.T.);
#789 = EDGE_LOOP('',(#790,#800,#807,#808));
#790 = ORIENTED_EDGE('',*,*,#791,.T.);
#791 = EDGE_CURVE('',#792,#794,#796,.T.);
#792 = VERTEX_POINT('',#793);
#793 = CARTESIAN_POINT('',(11.209,23.997,0.));
#794 = VERTEX_POINT('',#795);
#795 = CARTESIAN_POINT('',(11.209,23.997,0.41148));
#796 = LINE('',#797,#798);
#797 = CARTESIAN_POINT('',(11.209,23.997,0.));
#798 = VECTOR('',#799,1.);
#799 = DIRECTION('',(0.,0.,1.));
#800 = ORIENTED_EDGE('',*,*,#801,.T.);
#801 = EDGE_CURVE('',#794,#794,#802,.T.);
#802 = CIRCLE('',#803,0.435);
#803 = AXIS2_PLACEMENT_3D('',#804,#805,#806);
#804 = CARTESIAN_POINT('',(10.774,23.997,0.41148));
#805 = DIRECTION('',(0.,0.,1.));
#806 = DIRECTION('',(1.,0.,-0.));
#807 = ORIENTED_EDGE('',*,*,#791,.F.);
#808 = ORIENTED_EDGE('',*,*,#809,.F.);
#809 = EDGE_CURVE('',#792,#792,#810,.T.);
#810 = CIRCLE('',#811,0.435);
#811 = AXIS2_PLACEMENT_3D('',#812,#813,#814);
#812 = CARTESIAN_POINT('',(10.774,23.997,0.));
#813 = DIRECTION('',(0.,0.,1.));
#814 = DIRECTION('',(1.,0.,-0.));
#815 = CYLINDRICAL_SURFACE('',#816,0.435);
#816 = AXIS2_PLACEMENT_3D('',#817,#818,#819);
#817 = CARTESIAN_POINT('',(10.774,23.997,0.));
#818 = DIRECTION('',(-0.,-0.,-1.));
#819 = DIRECTION('',(1.,0.,-0.));
#820 = ADVANCED_FACE('',(#821),#848,.F.);
#821 = FACE_BOUND('',#822,.T.);
#822 = EDGE_LOOP('',(#823,#833,#840,#841));
#823 = ORIENTED_EDGE('',*,*,#824,.T.);
#824 = EDGE_CURVE('',#825,#827,#829,.T.);
#825 = VERTEX_POINT('',#826);
#826 = CARTESIAN_POINT('',(11.209,26.537,0.));
#827 = VERTEX_POINT('',#828);
#828 = CARTESIAN_POINT('',(11.209,26.537,0.41148));
#829 = LINE('',#830,#831);
#830 = CARTESIAN_POINT('',(11.209,26.537,0.));
#831 = VECTOR('',#832,1.);
#832 = DIRECTION('',(0.,0.,1.));
#833 = ORIENTED_EDGE('',*,*,#834,.T.);
#834 = EDGE_CURVE('',#827,#827,#835,.T.);
#835 = CIRCLE('',#836,0.435);
#836 = AXIS2_PLACEMENT_3D('',#837,#838,#839);
#837 = CARTESIAN_POINT('',(10.774,26.537,0.41148));
#838 = DIRECTION('',(0.,0.,1.));
#839 = DIRECTION('',(1.,0.,-0.));
#840 = ORIENTED_EDGE('',*,*,#824,.F.);
#841 = ORIENTED_EDGE('',*,*,#842,.F.);
#842 = EDGE_CURVE('',#825,#825,#843,.T.);
#843 = CIRCLE('',#844,0.435);
#844 = AXIS2_PLACEMENT_3D('',#845,#846,#847);
#845 = CARTESIAN_POINT('',(10.774,26.537,0.));
#846 = DIRECTION('',(0.,0.,1.));
#847 = DIRECTION('',(1.,0.,-0.));
#848 = CYLINDRICAL_SURFACE('',#849,0.435);
#849 = AXIS2_PLACEMENT_3D('',#850,#851,#852);
#850 = CARTESIAN_POINT('',(10.774,26.537,0.));
#851 = DIRECTION('',(-0.,-0.,-1.));
#852 = DIRECTION('',(1.,0.,-0.));
#853 = ADVANCED_FACE('',(#854),#881,.F.);
#854 = FACE_BOUND('',#855,.T.);
#855 = EDGE_LOOP('',(#856,#866,#873,#874));
#856 = ORIENTED_EDGE('',*,*,#857,.T.);
#857 = EDGE_CURVE('',#858,#860,#862,.T.);
#858 = VERTEX_POINT('',#859);
#859 = CARTESIAN_POINT('',(9.099,26.537,0.));
#860 = VERTEX_POINT('',#861);
#861 = CARTESIAN_POINT('',(9.099,26.537,0.41148));
#862 = LINE('',#863,#864);
#863 = CARTESIAN_POINT('',(9.099,26.537,0.));
#864 = VECTOR('',#865,1.);
#865 = DIRECTION('',(0.,0.,1.));
#866 = ORIENTED_EDGE('',*,*,#867,.T.);
#867 = EDGE_CURVE('',#860,#860,#868,.T.);
#868 = CIRCLE('',#869,0.435);
#869 = AXIS2_PLACEMENT_3D('',#870,#871,#872);
#870 = CARTESIAN_POINT('',(8.664,26.537,0.41148));
#871 = DIRECTION('',(0.,0.,1.));
#872 = DIRECTION('',(1.,0.,-0.));
#873 = ORIENTED_EDGE('',*,*,#857,.F.);
#874 = ORIENTED_EDGE('',*,*,#875,.F.);
#875 = EDGE_CURVE('',#858,#858,#876,.T.);
#876 = CIRCLE('',#877,0.435);
#877 = AXIS2_PLACEMENT_3D('',#878,#879,#880);
#878 = CARTESIAN_POINT('',(8.664,26.537,0.));
#879 = DIRECTION('',(0.,0.,1.));
#880 = DIRECTION('',(1.,0.,-0.));
#881 = CYLINDRICAL_SURFACE('',#882,0.435);
#882 = AXIS2_PLACEMENT_3D('',#883,#884,#885);
#883 = CARTESIAN_POINT('',(8.664,26.537,0.));
#884 = DIRECTION('',(-0.,-0.,-1.));
#885 = DIRECTION('',(1.,0.,-0.));
#886 = ADVANCED_FACE('',(#887),#914,.F.);
#887 = FACE_BOUND('',#888,.T.);
#888 = EDGE_LOOP('',(#889,#899,#906,#907));
#889 = ORIENTED_EDGE('',*,*,#890,.T.);
#890 = EDGE_CURVE('',#891,#893,#895,.T.);
#891 = VERTEX_POINT('',#892);
#892 = CARTESIAN_POINT('',(29.099,23.997,0.));
#893 = VERTEX_POINT('',#894);
#894 = CARTESIAN_POINT('',(29.099,23.997,0.41148));
#895 = LINE('',#896,#897);
#896 = CARTESIAN_POINT('',(29.099,23.997,0.));
#897 = VECTOR('',#898,1.);
#898 = DIRECTION('',(0.,0.,1.));
#899 = ORIENTED_EDGE('',*,*,#900,.T.);
#900 = EDGE_CURVE('',#893,#893,#901,.T.);
#901 = CIRCLE('',#902,0.435);
#902 = AXIS2_PLACEMENT_3D('',#903,#904,#905);
#903 = CARTESIAN_POINT('',(28.664,23.997,0.41148));
#904 = DIRECTION('',(0.,0.,1.));
#905 = DIRECTION('',(1.,0.,-0.));
#906 = ORIENTED_EDGE('',*,*,#890,.F.);
#907 = ORIENTED_EDGE('',*,*,#908,.F.);
#908 = EDGE_CURVE('',#891,#891,#909,.T.);
#909 = CIRCLE('',#910,0.435);
#910 = AXIS2_PLACEMENT_3D('',#911,#912,#913);
#911 = CARTESIAN_POINT('',(28.664,23.997,0.));
#912 = DIRECTION('',(0.,0.,1.));
#913 = DIRECTION('',(1.,0.,-0.));
#914 = CYLINDRICAL_SURFACE('',#915,0.435);
#915 = AXIS2_PLACEMENT_3D('',#916,#917,#918);
#916 = CARTESIAN_POINT('',(28.664,23.997,0.));
#917 = DIRECTION('',(-0.,-0.,-1.));
#918 = DIRECTION('',(1.,0.,-0.));
#919 = ADVANCED_FACE('',(#920),#947,.F.);
#920 = FACE_BOUND('',#921,.T.);
#921 = EDGE_LOOP('',(#922,#932,#939,#940));
#922 = ORIENTED_EDGE('',*,*,#923,.T.);
#923 = EDGE_CURVE('',#924,#926,#928,.T.);
#924 = VERTEX_POINT('',#925);
#925 = CARTESIAN_POINT('',(29.099,26.537,0.));
#926 = VERTEX_POINT('',#927);
#927 = CARTESIAN_POINT('',(29.099,26.537,0.41148));
#928 = LINE('',#929,#930);
#929 = CARTESIAN_POINT('',(29.099,26.537,0.));
#930 = VECTOR('',#931,1.);
#931 = DIRECTION('',(0.,0.,1.));
#932 = ORIENTED_EDGE('',*,*,#933,.T.);
#933 = EDGE_CURVE('',#926,#926,#934,.T.);
#934 = CIRCLE('',#935,0.435);
#935 = AXIS2_PLACEMENT_3D('',#936,#937,#938);
#936 = CARTESIAN_POINT('',(28.664,26.537,0.41148));
#937 = DIRECTION('',(0.,0.,1.));
#938 = DIRECTION('',(1.,0.,-0.));
#939 = ORIENTED_EDGE('',*,*,#923,.F.);
#940 = ORIENTED_EDGE('',*,*,#941,.F.);
#941 = EDGE_CURVE('',#924,#924,#942,.T.);
#942 = CIRCLE('',#943,0.435);
#943 = AXIS2_PLACEMENT_3D('',#944,#945,#946);
#944 = CARTESIAN_POINT('',(28.664,26.537,0.));
#945 = DIRECTION('',(0.,0.,1.));
#946 = DIRECTION('',(1.,0.,-0.));
#947 = CYLINDRICAL_SURFACE('',#948,0.435);
#948 = AXIS2_PLACEMENT_3D('',#949,#950,#951);
#949 = CARTESIAN_POINT('',(28.664,26.537,0.));
#950 = DIRECTION('',(-0.,-0.,-1.));
#951 = DIRECTION('',(1.,0.,-0.));
#952 = ADVANCED_FACE('',(#953),#980,.F.);
#953 = FACE_BOUND('',#954,.T.);
#954 = EDGE_LOOP('',(#955,#965,#972,#973));
#955 = ORIENTED_EDGE('',*,*,#956,.T.);
#956 = EDGE_CURVE('',#957,#959,#961,.T.);
#957 = VERTEX_POINT('',#958);
#958 = CARTESIAN_POINT('',(31.209,23.997,0.));
#959 = VERTEX_POINT('',#960);
#960 = CARTESIAN_POINT('',(31.209,23.997,0.41148));
#961 = LINE('',#962,#963);
#962 = CARTESIAN_POINT('',(31.209,23.997,0.));
#963 = VECTOR('',#964,1.);
#964 = DIRECTION('',(0.,0.,1.));
#965 = ORIENTED_EDGE('',*,*,#966,.T.);
#966 = EDGE_CURVE('',#959,#959,#967,.T.);
#967 = CIRCLE('',#968,0.435);
#968 = AXIS2_PLACEMENT_3D('',#969,#970,#971);
#969 = CARTESIAN_POINT('',(30.774,23.997,0.41148));
#970 = DIRECTION('',(0.,0.,1.));
#971 = DIRECTION('',(1.,0.,-0.));
#972 = ORIENTED_EDGE('',*,*,#956,.F.);
#973 = ORIENTED_EDGE('',*,*,#974,.F.);
#974 = EDGE_CURVE('',#957,#957,#975,.T.);
#975 = CIRCLE('',#976,0.435);
#976 = AXIS2_PLACEMENT_3D('',#977,#978,#979);
#977 = CARTESIAN_POINT('',(30.774,23.997,0.));
#978 = DIRECTION('',(0.,0.,1.));
#979 = DIRECTION('',(1.,0.,-0.));
#980 = CYLINDRICAL_SURFACE('',#981,0.435);
#981 = AXIS2_PLACEMENT_3D('',#982,#983,#984);
#982 = CARTESIAN_POINT('',(30.774,23.997,0.));
#983 = DIRECTION('',(-0.,-0.,-1.));
#984 = DIRECTION('',(1.,0.,-0.));
#985 = ADVANCED_FACE('',(#986),#1013,.F.);
#986 = FACE_BOUND('',#987,.T.);
#987 = EDGE_LOOP('',(#988,#998,#1005,#1006));
#988 = ORIENTED_EDGE('',*,*,#989,.T.);
#989 = EDGE_CURVE('',#990,#992,#994,.T.);
#990 = VERTEX_POINT('',#991);
#991 = CARTESIAN_POINT('',(39.346,19.05,0.));
#992 = VERTEX_POINT('',#993);
#993 = CARTESIAN_POINT('',(39.346,19.05,0.41148));
#994 = LINE('',#995,#996);
#995 = CARTESIAN_POINT('',(39.346,19.05,0.));
#996 = VECTOR('',#997,1.);
#997 = DIRECTION('',(0.,0.,1.));
#998 = ORIENTED_EDGE('',*,*,#999,.T.);
#999 = EDGE_CURVE('',#992,#992,#1000,.T.);
#1000 = CIRCLE('',#1001,1.5);
#1001 = AXIS2_PLACEMENT_3D('',#1002,#1003,#1004);
#1002 = CARTESIAN_POINT('',(37.846,19.05,0.41148));
#1003 = DIRECTION('',(0.,0.,1.));
#1004 = DIRECTION('',(1.,0.,-0.));
#1005 = ORIENTED_EDGE('',*,*,#989,.F.);
#1006 = ORIENTED_EDGE('',*,*,#1007,.F.);
#1007 = EDGE_CURVE('',#990,#990,#1008,.T.);
#1008 = CIRCLE('',#1009,1.5);
#1009 = AXIS2_PLACEMENT_3D('',#1010,#1011,#1012);
#1010 = CARTESIAN_POINT('',(37.846,19.05,0.));
#1011 = DIRECTION('',(0.,0.,1.));
#1012 = DIRECTION('',(1.,0.,-0.));
#1013 = CYLINDRICAL_SURFACE('',#1014,1.5);
#1014 = AXIS2_PLACEMENT_3D('',#1015,#1016,#1017);
#1015 = CARTESIAN_POINT('',(37.846,19.05,0.));
#1016 = DIRECTION('',(-0.,-0.,-1.));
#1017 = DIRECTION('',(1.,0.,-0.));
#1018 = ADVANCED_FACE('',(#1019),#1046,.F.);
#1019 = FACE_BOUND('',#1020,.T.);
#1020 = EDGE_LOOP('',(#1021,#1031,#1038,#1039));
#1021 = ORIENTED_EDGE('',*,*,#1022,.T.);
#1022 = EDGE_CURVE('',#1023,#1025,#1027,.T.);
#1023 = VERTEX_POINT('',#1024);
#1024 = CARTESIAN_POINT('',(49.099,23.997,0.));
#1025 = VERTEX_POINT('',#1026);
#1026 = CARTESIAN_POINT('',(49.099,23.997,0.41148));
#1027 = LINE('',#1028,#1029);
#1028 = CARTESIAN_POINT('',(49.099,23.997,0.));
#1029 = VECTOR('',#1030,1.);
#1030 = DIRECTION('',(0.,0.,1.));
#1031 = ORIENTED_EDGE('',*,*,#1032,.T.);
#1032 = EDGE_CURVE('',#1025,#1025,#1033,.T.);
#1033 = CIRCLE('',#1034,0.435);
#1034 = AXIS2_PLACEMENT_3D('',#1035,#1036,#1037);
#1035 = CARTESIAN_POINT('',(48.664,23.997,0.41148));
#1036 = DIRECTION('',(0.,0.,1.));
#1037 = DIRECTION('',(1.,0.,-0.));
#1038 = ORIENTED_EDGE('',*,*,#1022,.F.);
#1039 = ORIENTED_EDGE('',*,*,#1040,.F.);
#1040 = EDGE_CURVE('',#1023,#1023,#1041,.T.);
#1041 = CIRCLE('',#1042,0.435);
#1042 = AXIS2_PLACEMENT_3D('',#1043,#1044,#1045);
#1043 = CARTESIAN_POINT('',(48.664,23.997,0.));
#1044 = DIRECTION('',(0.,0.,1.));
#1045 = DIRECTION('',(1.,0.,-0.));
#1046 = CYLINDRICAL_SURFACE('',#1047,0.435);
#1047 = AXIS2_PLACEMENT_3D('',#1048,#1049,#1050);
#1048 = CARTESIAN_POINT('',(48.664,23.997,0.));
#1049 = DIRECTION('',(-0.,-0.,-1.));
#1050 = DIRECTION('',(1.,0.,-0.));
#1051 = ADVANCED_FACE('',(#1052),#1079,.F.);
#1052 = FACE_BOUND('',#1053,.T.);
#1053 = EDGE_LOOP('',(#1054,#1064,#1071,#1072));
#1054 = ORIENTED_EDGE('',*,*,#1055,.T.);
#1055 = EDGE_CURVE('',#1056,#1058,#1060,.T.);
#1056 = VERTEX_POINT('',#1057);
#1057 = CARTESIAN_POINT('',(49.099,26.537,0.));
#1058 = VERTEX_POINT('',#1059);
#1059 = CARTESIAN_POINT('',(49.099,26.537,0.41148));
#1060 = LINE('',#1061,#1062);
#1061 = CARTESIAN_POINT('',(49.099,26.537,0.));
#1062 = VECTOR('',#1063,1.);
#1063 = DIRECTION('',(0.,0.,1.));
#1064 = ORIENTED_EDGE('',*,*,#1065,.T.);
#1065 = EDGE_CURVE('',#1058,#1058,#1066,.T.);
#1066 = CIRCLE('',#1067,0.435);
#1067 = AXIS2_PLACEMENT_3D('',#1068,#1069,#1070);
#1068 = CARTESIAN_POINT('',(48.664,26.537,0.41148));
#1069 = DIRECTION('',(0.,0.,1.));
#1070 = DIRECTION('',(1.,0.,-0.));
#1071 = ORIENTED_EDGE('',*,*,#1055,.F.);
#1072 = ORIENTED_EDGE('',*,*,#1073,.F.);
#1073 = EDGE_CURVE('',#1056,#1056,#1074,.T.);
#1074 = CIRCLE('',#1075,0.435);
#1075 = AXIS2_PLACEMENT_3D('',#1076,#1077,#1078);
#1076 = CARTESIAN_POINT('',(48.664,26.537,0.));
#1077 = DIRECTION('',(0.,0.,1.));
#1078 = DIRECTION('',(1.,0.,-0.));
#1079 = CYLINDRICAL_SURFACE('',#1080,0.435);
#1080 = AXIS2_PLACEMENT_3D('',#1081,#1082,#1083);
#1081 = CARTESIAN_POINT('',(48.664,26.537,0.));
#1082 = DIRECTION('',(-0.,-0.,-1.));
#1083 = DIRECTION('',(1.,0.,-0.));
#1084 = ADVANCED_FACE('',(#1085),#1112,.F.);
#1085 = FACE_BOUND('',#1086,.T.);
#1086 = EDGE_LOOP('',(#1087,#1097,#1104,#1105));
#1087 = ORIENTED_EDGE('',*,*,#1088,.T.);
#1088 = EDGE_CURVE('',#1089,#1091,#1093,.T.);
#1089 = VERTEX_POINT('',#1090);
#1090 = CARTESIAN_POINT('',(31.209,26.537,0.));
#1091 = VERTEX_POINT('',#1092);
#1092 = CARTESIAN_POINT('',(31.209,26.537,0.41148));
#1093 = LINE('',#1094,#1095);
#1094 = CARTESIAN_POINT('',(31.209,26.537,0.));
#1095 = VECTOR('',#1096,1.);
#1096 = DIRECTION('',(0.,0.,1.));
#1097 = ORIENTED_EDGE('',*,*,#1098,.T.);
#1098 = EDGE_CURVE('',#1091,#1091,#1099,.T.);
#1099 = CIRCLE('',#1100,0.435);
#1100 = AXIS2_PLACEMENT_3D('',#1101,#1102,#1103);
#1101 = CARTESIAN_POINT('',(30.774,26.537,0.41148));
#1102 = DIRECTION('',(0.,0.,1.));
#1103 = DIRECTION('',(1.,0.,-0.));
#1104 = ORIENTED_EDGE('',*,*,#1088,.F.);
#1105 = ORIENTED_EDGE('',*,*,#1106,.F.);
#1106 = EDGE_CURVE('',#1089,#1089,#1107,.T.);
#1107 = CIRCLE('',#1108,0.435);
#1108 = AXIS2_PLACEMENT_3D('',#1109,#1110,#1111);
#1109 = CARTESIAN_POINT('',(30.774,26.537,0.));
#1110 = DIRECTION('',(0.,0.,1.));
#1111 = DIRECTION('',(1.,0.,-0.));
#1112 = CYLINDRICAL_SURFACE('',#1113,0.435);
#1113 = AXIS2_PLACEMENT_3D('',#1114,#1115,#1116);
#1114 = CARTESIAN_POINT('',(30.774,26.537,0.));
#1115 = DIRECTION('',(-0.,-0.,-1.));
#1116 = DIRECTION('',(1.,0.,-0.));
#1117 = ADVANCED_FACE('',(#1118),#1145,.F.);
#1118 = FACE_BOUND('',#1119,.T.);
#1119 = EDGE_LOOP('',(#1120,#1130,#1137,#1138));
#1120 = ORIENTED_EDGE('',*,*,#1121,.T.);
#1121 = EDGE_CURVE('',#1122,#1124,#1126,.T.);
#1122 = VERTEX_POINT('',#1123);
#1123 = CARTESIAN_POINT('',(51.209,23.997,0.));
#1124 = VERTEX_POINT('',#1125);
#1125 = CARTESIAN_POINT('',(51.209,23.997,0.41148));
#1126 = LINE('',#1127,#1128);
#1127 = CARTESIAN_POINT('',(51.209,23.997,0.));
#1128 = VECTOR('',#1129,1.);
#1129 = DIRECTION('',(0.,0.,1.));
#1130 = ORIENTED_EDGE('',*,*,#1131,.T.);
#1131 = EDGE_CURVE('',#1124,#1124,#1132,.T.);
#1132 = CIRCLE('',#1133,0.435);
#1133 = AXIS2_PLACEMENT_3D('',#1134,#1135,#1136);
#1134 = CARTESIAN_POINT('',(50.774,23.997,0.41148));
#1135 = DIRECTION('',(0.,0.,1.));
#1136 = DIRECTION('',(1.,0.,-0.));
#1137 = ORIENTED_EDGE('',*,*,#1121,.F.);
#1138 = ORIENTED_EDGE('',*,*,#1139,.F.);
#1139 = EDGE_CURVE('',#1122,#1122,#1140,.T.);
#1140 = CIRCLE('',#1141,0.435);
#1141 = AXIS2_PLACEMENT_3D('',#1142,#1143,#1144);
#1142 = CARTESIAN_POINT('',(50.774,23.997,0.));
#1143 = DIRECTION('',(0.,0.,1.));
#1144 = DIRECTION('',(1.,0.,-0.));
#1145 = CYLINDRICAL_SURFACE('',#1146,0.435);
#1146 = AXIS2_PLACEMENT_3D('',#1147,#1148,#1149);
#1147 = CARTESIAN_POINT('',(50.774,23.997,0.));
#1148 = DIRECTION('',(-0.,-0.,-1.));
#1149 = DIRECTION('',(1.,0.,-0.));
#1150 = ADVANCED_FACE('',(#1151),#1178,.F.);
#1151 = FACE_BOUND('',#1152,.T.);
#1152 = EDGE_LOOP('',(#1153,#1163,#1170,#1171));
#1153 = ORIENTED_EDGE('',*,*,#1154,.T.);
#1154 = EDGE_CURVE('',#1155,#1157,#1159,.T.);
#1155 = VERTEX_POINT('',#1156);
#1156 = CARTESIAN_POINT('',(51.209,26.537,0.));
#1157 = VERTEX_POINT('',#1158);
#1158 = CARTESIAN_POINT('',(51.209,26.537,0.41148));
#1159 = LINE('',#1160,#1161);
#1160 = CARTESIAN_POINT('',(51.209,26.537,0.));
#1161 = VECTOR('',#1162,1.);
#1162 = DIRECTION('',(0.,0.,1.));
#1163 = ORIENTED_EDGE('',*,*,#1164,.T.);
#1164 = EDGE_CURVE('',#1157,#1157,#1165,.T.);
#1165 = CIRCLE('',#1166,0.435);
#1166 = AXIS2_PLACEMENT_3D('',#1167,#1168,#1169);
#1167 = CARTESIAN_POINT('',(50.774,26.537,0.41148));
#1168 = DIRECTION('',(0.,0.,1.));
#1169 = DIRECTION('',(1.,0.,-0.));
#1170 = ORIENTED_EDGE('',*,*,#1154,.F.);
#1171 = ORIENTED_EDGE('',*,*,#1172,.F.);
#1172 = EDGE_CURVE('',#1155,#1155,#1173,.T.);
#1173 = CIRCLE('',#1174,0.435);
#1174 = AXIS2_PLACEMENT_3D('',#1175,#1176,#1177);
#1175 = CARTESIAN_POINT('',(50.774,26.537,0.));
#1176 = DIRECTION('',(0.,0.,1.));
#1177 = DIRECTION('',(1.,0.,-0.));
#1178 = CYLINDRICAL_SURFACE('',#1179,0.435);
#1179 = AXIS2_PLACEMENT_3D('',#1180,#1181,#1182);
#1180 = CARTESIAN_POINT('',(50.774,26.537,0.));
#1181 = DIRECTION('',(-0.,-0.,-1.));
#1182 = DIRECTION('',(1.,0.,-0.));
#1183 = ADVANCED_FACE('',(#1184,#1206,#1209,#1212,#1215,#1218,#1221,
    #1224,#1227,#1230,#1233,#1236,#1239,#1242,#1245),#1248,.T.);
#1184 = FACE_BOUND('',#1185,.T.);
#1185 = EDGE_LOOP('',(#1186,#1187,#1188,#1189,#1190,#1191,#1192,#1193,
    #1194,#1195,#1196,#1197,#1198,#1199,#1200,#1201,#1202,#1203,#1204,
    #1205));
#1186 = ORIENTED_EDGE('',*,*,#123,.T.);
#1187 = ORIENTED_EDGE('',*,*,#154,.T.);
#1188 = ORIENTED_EDGE('',*,*,#185,.T.);
#1189 = ORIENTED_EDGE('',*,*,#217,.T.);
#1190 = ORIENTED_EDGE('',*,*,#249,.T.);
#1191 = ORIENTED_EDGE('',*,*,#281,.T.);
#1192 = ORIENTED_EDGE('',*,*,#313,.T.);
#1193 = ORIENTED_EDGE('',*,*,#344,.T.);
#1194 = ORIENTED_EDGE('',*,*,#376,.T.);
#1195 = ORIENTED_EDGE('',*,*,#408,.T.);
#1196 = ORIENTED_EDGE('',*,*,#440,.T.);
#1197 = ORIENTED_EDGE('',*,*,#472,.T.);
#1198 = ORIENTED_EDGE('',*,*,#503,.T.);
#1199 = ORIENTED_EDGE('',*,*,#534,.T.);
#1200 = ORIENTED_EDGE('',*,*,#565,.T.);
#1201 = ORIENTED_EDGE('',*,*,#596,.T.);
#1202 = ORIENTED_EDGE('',*,*,#627,.T.);
#1203 = ORIENTED_EDGE('',*,*,#658,.T.);
#1204 = ORIENTED_EDGE('',*,*,#689,.T.);
#1205 = ORIENTED_EDGE('',*,*,#711,.T.);
#1206 = FACE_BOUND('',#1207,.T.);
#1207 = EDGE_LOOP('',(#1208));
#1208 = ORIENTED_EDGE('',*,*,#743,.T.);
#1209 = FACE_BOUND('',#1210,.T.);
#1210 = EDGE_LOOP('',(#1211));
#1211 = ORIENTED_EDGE('',*,*,#776,.T.);
#1212 = FACE_BOUND('',#1213,.T.);
#1213 = EDGE_LOOP('',(#1214));
#1214 = ORIENTED_EDGE('',*,*,#809,.T.);
#1215 = FACE_BOUND('',#1216,.T.);
#1216 = EDGE_LOOP('',(#1217));
#1217 = ORIENTED_EDGE('',*,*,#842,.T.);
#1218 = FACE_BOUND('',#1219,.T.);
#1219 = EDGE_LOOP('',(#1220));
#1220 = ORIENTED_EDGE('',*,*,#875,.T.);
#1221 = FACE_BOUND('',#1222,.T.);
#1222 = EDGE_LOOP('',(#1223));
#1223 = ORIENTED_EDGE('',*,*,#908,.T.);
#1224 = FACE_BOUND('',#1225,.T.);
#1225 = EDGE_LOOP('',(#1226));
#1226 = ORIENTED_EDGE('',*,*,#941,.T.);
#1227 = FACE_BOUND('',#1228,.T.);
#1228 = EDGE_LOOP('',(#1229));
#1229 = ORIENTED_EDGE('',*,*,#974,.T.);
#1230 = FACE_BOUND('',#1231,.T.);
#1231 = EDGE_LOOP('',(#1232));
#1232 = ORIENTED_EDGE('',*,*,#1007,.T.);
#1233 = FACE_BOUND('',#1234,.T.);
#1234 = EDGE_LOOP('',(#1235));
#1235 = ORIENTED_EDGE('',*,*,#1040,.T.);
#1236 = FACE_BOUND('',#1237,.T.);
#1237 = EDGE_LOOP('',(#1238));
#1238 = ORIENTED_EDGE('',*,*,#1073,.T.);
#1239 = FACE_BOUND('',#1240,.T.);
#1240 = EDGE_LOOP('',(#1241));
#1241 = ORIENTED_EDGE('',*,*,#1106,.T.);
#1242 = FACE_BOUND('',#1243,.T.);
#1243 = EDGE_LOOP('',(#1244));
#1244 = ORIENTED_EDGE('',*,*,#1139,.T.);
#1245 = FACE_BOUND('',#1246,.T.);
#1246 = EDGE_LOOP('',(#1247));
#1247 = ORIENTED_EDGE('',*,*,#1172,.T.);
#1248 = PLANE('',#1249);
#1249 = AXIS2_PLACEMENT_3D('',#1250,#1251,#1252);
#1250 = CARTESIAN_POINT('',(29.743636795194,23.829336898123,0.));
#1251 = DIRECTION('',(-0.,-0.,-1.));
#1252 = DIRECTION('',(-1.,0.,0.));
#1253 = ADVANCED_FACE('',(#1254,#1276,#1279,#1282,#1285,#1288,#1291,
    #1294,#1297,#1300,#1303,#1306,#1309,#1312,#1315),#1318,.F.);
#1254 = FACE_BOUND('',#1255,.F.);
#1255 = EDGE_LOOP('',(#1256,#1257,#1258,#1259,#1260,#1261,#1262,#1263,
    #1264,#1265,#1266,#1267,#1268,#1269,#1270,#1271,#1272,#1273,#1274,
    #1275));
#1256 = ORIENTED_EDGE('',*,*,#107,.T.);
#1257 = ORIENTED_EDGE('',*,*,#138,.T.);
#1258 = ORIENTED_EDGE('',*,*,#169,.T.);
#1259 = ORIENTED_EDGE('',*,*,#200,.T.);
#1260 = ORIENTED_EDGE('',*,*,#233,.T.);
#1261 = ORIENTED_EDGE('',*,*,#264,.T.);
#1262 = ORIENTED_EDGE('',*,*,#297,.T.);
#1263 = ORIENTED_EDGE('',*,*,#328,.T.);
#1264 = ORIENTED_EDGE('',*,*,#359,.T.);
#1265 = ORIENTED_EDGE('',*,*,#392,.T.);
#1266 = ORIENTED_EDGE('',*,*,#423,.T.);
#1267 = ORIENTED_EDGE('',*,*,#456,.T.);
#1268 = ORIENTED_EDGE('',*,*,#487,.T.);
#1269 = ORIENTED_EDGE('',*,*,#518,.T.);
#1270 = ORIENTED_EDGE('',*,*,#549,.T.);
#1271 = ORIENTED_EDGE('',*,*,#580,.T.);
#1272 = ORIENTED_EDGE('',*,*,#611,.T.);
#1273 = ORIENTED_EDGE('',*,*,#642,.T.);
#1274 = ORIENTED_EDGE('',*,*,#673,.T.);
#1275 = ORIENTED_EDGE('',*,*,#704,.T.);
#1276 = FACE_BOUND('',#1277,.F.);
#1277 = EDGE_LOOP('',(#1278));
#1278 = ORIENTED_EDGE('',*,*,#735,.T.);
#1279 = FACE_BOUND('',#1280,.F.);
#1280 = EDGE_LOOP('',(#1281));
#1281 = ORIENTED_EDGE('',*,*,#768,.T.);
#1282 = FACE_BOUND('',#1283,.F.);
#1283 = EDGE_LOOP('',(#1284));
#1284 = ORIENTED_EDGE('',*,*,#801,.T.);
#1285 = FACE_BOUND('',#1286,.F.);
#1286 = EDGE_LOOP('',(#1287));
#1287 = ORIENTED_EDGE('',*,*,#834,.T.);
#1288 = FACE_BOUND('',#1289,.F.);
#1289 = EDGE_LOOP('',(#1290));
#1290 = ORIENTED_EDGE('',*,*,#867,.T.);
#1291 = FACE_BOUND('',#1292,.F.);
#1292 = EDGE_LOOP('',(#1293));
#1293 = ORIENTED_EDGE('',*,*,#900,.T.);
#1294 = FACE_BOUND('',#1295,.F.);
#1295 = EDGE_LOOP('',(#1296));
#1296 = ORIENTED_EDGE('',*,*,#933,.T.);
#1297 = FACE_BOUND('',#1298,.F.);
#1298 = EDGE_LOOP('',(#1299));
#1299 = ORIENTED_EDGE('',*,*,#966,.T.);
#1300 = FACE_BOUND('',#1301,.F.);
#1301 = EDGE_LOOP('',(#1302));
#1302 = ORIENTED_EDGE('',*,*,#999,.T.);
#1303 = FACE_BOUND('',#1304,.F.);
#1304 = EDGE_LOOP('',(#1305));
#1305 = ORIENTED_EDGE('',*,*,#1032,.T.);
#1306 = FACE_BOUND('',#1307,.F.);
#1307 = EDGE_LOOP('',(#1308));
#1308 = ORIENTED_EDGE('',*,*,#1065,.T.);
#1309 = FACE_BOUND('',#1310,.F.);
#1310 = EDGE_LOOP('',(#1311));
#1311 = ORIENTED_EDGE('',*,*,#1098,.T.);
#1312 = FACE_BOUND('',#1313,.F.);
#1313 = EDGE_LOOP('',(#1314));
#1314 = ORIENTED_EDGE('',*,*,#1131,.T.);
#1315 = FACE_BOUND('',#1316,.F.);
#1316 = EDGE_LOOP('',(#1317));
#1317 = ORIENTED_EDGE('',*,*,#1164,.T.);
#1318 = PLANE('',#1319);
#1319 = AXIS2_PLACEMENT_3D('',#1320,#1321,#1322);
#1320 = CARTESIAN_POINT('',(29.743636795194,23.829336898123,0.41148));
#1321 = DIRECTION('',(-0.,-0.,-1.));
#1322 = DIRECTION('',(-1.,0.,0.));
#1323 = ( GEOMETRIC_REPRESENTATION_CONTEXT(3) 
GLOBAL_UNCERTAINTY_ASSIGNED_CONTEXT((#1327)) 
GLOBAL_UNIT_ASSIGNED_CONTEXT((#1324,#1325,#1326)) REPRESENTATION_CONTEXT
('Context #1','3D Context with UNIT and UNCERTAINTY') );
#1324 = ( LENGTH_UNIT() NAMED_UNIT(*) SI_UNIT(.MILLI.,.METRE.) );
#1325 = ( NAMED_UNIT(*) PLANE_ANGLE_UNIT() SI_UNIT($,.RADIAN.) );
#1326 = ( NAMED_UNIT(*) SI_UNIT($,.STERADIAN.) SOLID_ANGLE_UNIT() );
#1327 = UNCERTAINTY_MEASURE_WITH_UNIT(LENGTH_MEASURE(1.E-07),#1324,
  'distance_accuracy_value','confusion accuracy');
#1328 = SHAPE_DEFINITION_REPRESENTATION(#1329,#90);
#1329 = PRODUCT_DEFINITION_SHAPE('','',#1330);
#1330 = PRODUCT_DEFINITION('design','',#1331,#1334);
#1331 = PRODUCT_DEFINITION_FORMATION('','',#1332);
#1332 = PRODUCT('Open CASCADE STEP translator 7.5 1.1.1',
  'Open CASCADE STEP translator 7.5 1.1.1','',(#1333));
#1333 = PRODUCT_CONTEXT('',#2,'mechanical');
#1334 = PRODUCT_DEFINITION_CONTEXT('part definition',#2,'design');
#1335 = CONTEXT_DEPENDENT_SHAPE_REPRESENTATION(#1336,#1338);
#1336 = ( REPRESENTATION_RELATIONSHIP('','',#90,#80) 
REPRESENTATION_RELATIONSHIP_WITH_TRANSFORMATION(#1337) 
SHAPE_REPRESENTATION_RELATIONSHIP() );
#1337 = ITEM_DEFINED_TRANSFORMATION('','',#11,#81);
#1338 = PRODUCT_DEFINITION_SHAPE('Placement','Placement of an item',
  #1339);
#1339 = NEXT_ASSEMBLY_USAGE_OCCURRENCE('1','','',#75,#1330,$);
#1340 = PRODUCT_RELATED_PRODUCT_CATEGORY('part',$,(#1332));
#1341 = CONTEXT_DEPENDENT_SHAPE_REPRESENTATION(#1342,#1344);
#1342 = ( REPRESENTATION_RELATIONSHIP('','',#80,#10) 
REPRESENTATION_RELATIONSHIP_WITH_TRANSFORMATION(#1343) 
SHAPE_REPRESENTATION_RELATIONSHIP() );
#1343 = ITEM_DEFINED_TRANSFORMATION('','',#11,#15);
#1344 = PRODUCT_DEFINITION_SHAPE('Placement','Placement of an item',
  #1345);
#1345 = NEXT_ASSEMBLY_USAGE_OCCURRENCE('2','','',#5,#75,$);
#1346 = PRODUCT_RELATED_PRODUCT_CATEGORY('part',$,(#77));
#1347 = SHAPE_DEFINITION_REPRESENTATION(#1348,#1354);
#1348 = PRODUCT_DEFINITION_SHAPE('','',#1349);
#1349 = PRODUCT_DEFINITION('design','',#1350,#1353);
#1350 = PRODUCT_DEFINITION_FORMATION('','',#1351);
#1351 = PRODUCT('U3','U3','',(#1352));
#1352 = PRODUCT_CONTEXT('',#2,'mechanical');
#1353 = PRODUCT_DEFINITION_CONTEXT('part definition',#2,'design');
#1354 = SHAPE_REPRESENTATION('',(#11,#1355),#1359);
#1355 = AXIS2_PLACEMENT_3D('',#1356,#1357,#1358);
#1356 = CARTESIAN_POINT('',(9.619000434875,25.367000579834,0.));
#1357 = DIRECTION('',(0.,-1.,-4.371140912996E-08));
#1358 = DIRECTION('',(1.,0.,0.));
#1359 = ( GEOMETRIC_REPRESENTATION_CONTEXT(3) 
GLOBAL_UNCERTAINTY_ASSIGNED_CONTEXT((#1363)) 
GLOBAL_UNIT_ASSIGNED_CONTEXT((#1360,#1361,#1362)) REPRESENTATION_CONTEXT
('Context #1','3D Context with UNIT and UNCERTAINTY') );
#1360 = ( LENGTH_UNIT() NAMED_UNIT(*) SI_UNIT(.MILLI.,.METRE.) );
#1361 = ( NAMED_UNIT(*) PLANE_ANGLE_UNIT() SI_UNIT($,.RADIAN.) );
#1362 = ( NAMED_UNIT(*) SI_UNIT($,.STERADIAN.) SOLID_ANGLE_UNIT() );
#1363 = UNCERTAINTY_MEASURE_WITH_UNIT(LENGTH_MEASURE(1.E-07),#1360,
  'distance_accuracy_value','confusion accuracy');
#1364 = SHAPE_REPRESENTATION('',(#11,#1365,#1941,#2091,#2241,#2391,#2541
    ,#2691,#2841),#2991);
#1365 = MANIFOLD_SOLID_BREP('',#1366);
#1366 = CLOSED_SHELL('',(#1367,#1407,#1438,#1469,#1491,#1605,#1617,#1648
    ,#1672,#1696,#1713,#1725,#1756,#1780,#1804,#1821,#1833,#1864,#1888,
    #1912,#1929));
#1367 = ADVANCED_FACE('',(#1368),#1402,.F.);
#1368 = FACE_BOUND('',#1369,.T.);
#1369 = EDGE_LOOP('',(#1370,#1380,#1388,#1396));
#1370 = ORIENTED_EDGE('',*,*,#1371,.T.);
#1371 = EDGE_CURVE('',#1372,#1374,#1376,.T.);
#1372 = VERTEX_POINT('',#1373);
#1373 = CARTESIAN_POINT('',(2.1971,0.,3.048));
#1374 = VERTEX_POINT('',#1375);
#1375 = CARTESIAN_POINT('',(2.1971,0.,-3.048));
#1376 = LINE('',#1377,#1378);
#1377 = CARTESIAN_POINT('',(2.1971,0.,3.048));
#1378 = VECTOR('',#1379,1.);
#1379 = DIRECTION('',(0.,0.,-1.));
#1380 = ORIENTED_EDGE('',*,*,#1381,.F.);
#1381 = EDGE_CURVE('',#1382,#1374,#1384,.T.);
#1382 = VERTEX_POINT('',#1383);
#1383 = CARTESIAN_POINT('',(2.1971,4.6482,-3.048));
#1384 = LINE('',#1385,#1386);
#1385 = CARTESIAN_POINT('',(2.1971,4.6482,-3.048));
#1386 = VECTOR('',#1387,1.);
#1387 = DIRECTION('',(-0.,-1.,-0.));
#1388 = ORIENTED_EDGE('',*,*,#1389,.F.);
#1389 = EDGE_CURVE('',#1390,#1382,#1392,.T.);
#1390 = VERTEX_POINT('',#1391);
#1391 = CARTESIAN_POINT('',(2.1971,4.6482,3.048));
#1392 = LINE('',#1393,#1394);
#1393 = CARTESIAN_POINT('',(2.1971,4.6482,3.048));
#1394 = VECTOR('',#1395,1.);
#1395 = DIRECTION('',(0.,0.,-1.));
#1396 = ORIENTED_EDGE('',*,*,#1397,.T.);
#1397 = EDGE_CURVE('',#1390,#1372,#1398,.T.);
#1398 = LINE('',#1399,#1400);
#1399 = CARTESIAN_POINT('',(2.1971,4.6482,3.048));
#1400 = VECTOR('',#1401,1.);
#1401 = DIRECTION('',(-0.,-1.,-0.));
#1402 = PLANE('',#1403);
#1403 = AXIS2_PLACEMENT_3D('',#1404,#1405,#1406);
#1404 = CARTESIAN_POINT('',(2.1971,4.6482,3.048));
#1405 = DIRECTION('',(-1.,0.,0.));
#1406 = DIRECTION('',(0.,0.,1.));
#1407 = ADVANCED_FACE('',(#1408),#1433,.F.);
#1408 = FACE_BOUND('',#1409,.T.);
#1409 = EDGE_LOOP('',(#1410,#1418,#1426,#1432));
#1410 = ORIENTED_EDGE('',*,*,#1411,.T.);
#1411 = EDGE_CURVE('',#1374,#1412,#1414,.T.);
#1412 = VERTEX_POINT('',#1413);
#1413 = CARTESIAN_POINT('',(-2.1971,0.,-3.048));
#1414 = LINE('',#1415,#1416);
#1415 = CARTESIAN_POINT('',(-2.1971,0.,-3.048));
#1416 = VECTOR('',#1417,1.);
#1417 = DIRECTION('',(-1.,-0.,-0.));
#1418 = ORIENTED_EDGE('',*,*,#1419,.F.);
#1419 = EDGE_CURVE('',#1420,#1412,#1422,.T.);
#1420 = VERTEX_POINT('',#1421);
#1421 = CARTESIAN_POINT('',(-2.1971,4.6482,-3.048));
#1422 = LINE('',#1423,#1424);
#1423 = CARTESIAN_POINT('',(-2.1971,4.6482,-3.048));
#1424 = VECTOR('',#1425,1.);
#1425 = DIRECTION('',(-0.,-1.,-0.));
#1426 = ORIENTED_EDGE('',*,*,#1427,.F.);
#1427 = EDGE_CURVE('',#1382,#1420,#1428,.T.);
#1428 = LINE('',#1429,#1430);
#1429 = CARTESIAN_POINT('',(-2.1971,4.6482,-3.048));
#1430 = VECTOR('',#1431,1.);
#1431 = DIRECTION('',(-1.,-0.,-0.));
#1432 = ORIENTED_EDGE('',*,*,#1381,.T.);
#1433 = PLANE('',#1434);
#1434 = AXIS2_PLACEMENT_3D('',#1435,#1436,#1437);
#1435 = CARTESIAN_POINT('',(-2.1971,4.6482,-3.048));
#1436 = DIRECTION('',(0.,0.,1.));
#1437 = DIRECTION('',(1.,0.,-0.));
#1438 = ADVANCED_FACE('',(#1439),#1464,.F.);
#1439 = FACE_BOUND('',#1440,.T.);
#1440 = EDGE_LOOP('',(#1441,#1449,#1457,#1463));
#1441 = ORIENTED_EDGE('',*,*,#1442,.T.);
#1442 = EDGE_CURVE('',#1412,#1443,#1445,.T.);
#1443 = VERTEX_POINT('',#1444);
#1444 = CARTESIAN_POINT('',(-2.1971,0.,3.048));
#1445 = LINE('',#1446,#1447);
#1446 = CARTESIAN_POINT('',(-2.1971,0.,3.048));
#1447 = VECTOR('',#1448,1.);
#1448 = DIRECTION('',(-0.,-0.,1.));
#1449 = ORIENTED_EDGE('',*,*,#1450,.F.);
#1450 = EDGE_CURVE('',#1451,#1443,#1453,.T.);
#1451 = VERTEX_POINT('',#1452);
#1452 = CARTESIAN_POINT('',(-2.1971,4.6482,3.048));
#1453 = LINE('',#1454,#1455);
#1454 = CARTESIAN_POINT('',(-2.1971,4.6482,3.048));
#1455 = VECTOR('',#1456,1.);
#1456 = DIRECTION('',(-0.,-1.,-0.));
#1457 = ORIENTED_EDGE('',*,*,#1458,.F.);
#1458 = EDGE_CURVE('',#1420,#1451,#1459,.T.);
#1459 = LINE('',#1460,#1461);
#1460 = CARTESIAN_POINT('',(-2.1971,4.6482,3.048));
#1461 = VECTOR('',#1462,1.);
#1462 = DIRECTION('',(-0.,-0.,1.));
#1463 = ORIENTED_EDGE('',*,*,#1419,.T.);
#1464 = PLANE('',#1465);
#1465 = AXIS2_PLACEMENT_3D('',#1466,#1467,#1468);
#1466 = CARTESIAN_POINT('',(-2.1971,4.6482,3.048));
#1467 = DIRECTION('',(1.,-0.,0.));
#1468 = DIRECTION('',(0.,0.,-1.));
#1469 = ADVANCED_FACE('',(#1470),#1486,.F.);
#1470 = FACE_BOUND('',#1471,.T.);
#1471 = EDGE_LOOP('',(#1472,#1478,#1479,#1485));
#1472 = ORIENTED_EDGE('',*,*,#1473,.T.);
#1473 = EDGE_CURVE('',#1443,#1372,#1474,.T.);
#1474 = LINE('',#1475,#1476);
#1475 = CARTESIAN_POINT('',(-2.1971,0.,3.048));
#1476 = VECTOR('',#1477,1.);
#1477 = DIRECTION('',(1.,0.,-9.869393040695E-17));
#1478 = ORIENTED_EDGE('',*,*,#1397,.F.);
#1479 = ORIENTED_EDGE('',*,*,#1480,.F.);
#1480 = EDGE_CURVE('',#1451,#1390,#1481,.T.);
#1481 = LINE('',#1482,#1483);
#1482 = CARTESIAN_POINT('',(-2.1971,4.6482,3.048));
#1483 = VECTOR('',#1484,1.);
#1484 = DIRECTION('',(1.,0.,-9.869393040695E-17));
#1485 = ORIENTED_EDGE('',*,*,#1450,.T.);
#1486 = PLANE('',#1487);
#1487 = AXIS2_PLACEMENT_3D('',#1488,#1489,#1490);
#1488 = CARTESIAN_POINT('',(-2.1971,4.6482,3.048));
#1489 = DIRECTION('',(-9.869393040695E-17,0.,-1.));
#1490 = DIRECTION('',(-1.,0.,9.869393040695E-17));
#1491 = ADVANCED_FACE('',(#1492,#1526,#1560,#1594),#1600,.F.);
#1492 = FACE_BOUND('',#1493,.T.);
#1493 = EDGE_LOOP('',(#1494,#1504,#1512,#1520));
#1494 = ORIENTED_EDGE('',*,*,#1495,.F.);
#1495 = EDGE_CURVE('',#1496,#1498,#1500,.T.);
#1496 = VERTEX_POINT('',#1497);
#1497 = CARTESIAN_POINT('',(-1.6383,4.6482,-2.8829));
#1498 = VERTEX_POINT('',#1499);
#1499 = CARTESIAN_POINT('',(-2.032,4.6482,-2.8829));
#1500 = LINE('',#1501,#1502);
#1501 = CARTESIAN_POINT('',(-2.032,4.6482,-2.8829));
#1502 = VECTOR('',#1503,1.);
#1503 = DIRECTION('',(-1.,-0.,-1.101551610348E-15));
#1504 = ORIENTED_EDGE('',*,*,#1505,.F.);
#1505 = EDGE_CURVE('',#1506,#1496,#1508,.T.);
#1506 = VERTEX_POINT('',#1507);
#1507 = CARTESIAN_POINT('',(-1.6383,4.6482,-2.4892));
#1508 = LINE('',#1509,#1510);
#1509 = CARTESIAN_POINT('',(-1.6383,4.6482,-2.4892));
#1510 = VECTOR('',#1511,1.);
#1511 = DIRECTION('',(0.,0.,-1.));
#1512 = ORIENTED_EDGE('',*,*,#1513,.F.);
#1513 = EDGE_CURVE('',#1514,#1506,#1516,.T.);
#1514 = VERTEX_POINT('',#1515);
#1515 = CARTESIAN_POINT('',(-2.032,4.6482,-2.4892));
#1516 = LINE('',#1517,#1518);
#1517 = CARTESIAN_POINT('',(-2.032,4.6482,-2.4892));
#1518 = VECTOR('',#1519,1.);
#1519 = DIRECTION('',(1.,0.,1.101551610348E-15));
#1520 = ORIENTED_EDGE('',*,*,#1521,.F.);
#1521 = EDGE_CURVE('',#1498,#1514,#1522,.T.);
#1522 = LINE('',#1523,#1524);
#1523 = CARTESIAN_POINT('',(-2.032,4.6482,-2.4892));
#1524 = VECTOR('',#1525,1.);
#1525 = DIRECTION('',(-0.,-0.,1.));
#1526 = FACE_BOUND('',#1527,.T.);
#1527 = EDGE_LOOP('',(#1528,#1538,#1546,#1554));
#1528 = ORIENTED_EDGE('',*,*,#1529,.F.);
#1529 = EDGE_CURVE('',#1530,#1532,#1534,.T.);
#1530 = VERTEX_POINT('',#1531);
#1531 = CARTESIAN_POINT('',(1.7526,4.6482,-2.0955));
#1532 = VERTEX_POINT('',#1533);
#1533 = CARTESIAN_POINT('',(0.3556,4.6482,-2.0955));
#1534 = LINE('',#1535,#1536);
#1535 = CARTESIAN_POINT('',(1.7526,4.6482,-2.0955));
#1536 = VECTOR('',#1537,1.);
#1537 = DIRECTION('',(-1.,0.,0.));
#1538 = ORIENTED_EDGE('',*,*,#1539,.F.);
#1539 = EDGE_CURVE('',#1540,#1530,#1542,.T.);
#1540 = VERTEX_POINT('',#1541);
#1541 = CARTESIAN_POINT('',(1.7526,4.6482,2.0955));
#1542 = LINE('',#1543,#1544);
#1543 = CARTESIAN_POINT('',(1.7526,4.6482,2.0955));
#1544 = VECTOR('',#1545,1.);
#1545 = DIRECTION('',(-5.173954533455E-17,0.,-1.));
#1546 = ORIENTED_EDGE('',*,*,#1547,.F.);
#1547 = EDGE_CURVE('',#1548,#1540,#1550,.T.);
#1548 = VERTEX_POINT('',#1549);
#1549 = CARTESIAN_POINT('',(0.3556,4.6482,2.0955));
#1550 = LINE('',#1551,#1552);
#1551 = CARTESIAN_POINT('',(1.7526,4.6482,2.0955));
#1552 = VECTOR('',#1553,1.);
#1553 = DIRECTION('',(1.,-0.,-0.));
#1554 = ORIENTED_EDGE('',*,*,#1555,.F.);
#1555 = EDGE_CURVE('',#1532,#1548,#1556,.T.);
#1556 = LINE('',#1557,#1558);
#1557 = CARTESIAN_POINT('',(0.3556,4.6482,2.0955));
#1558 = VECTOR('',#1559,1.);
#1559 = DIRECTION('',(5.173954533455E-17,-0.,1.));
#1560 = FACE_BOUND('',#1561,.T.);
#1561 = EDGE_LOOP('',(#1562,#1572,#1580,#1588));
#1562 = ORIENTED_EDGE('',*,*,#1563,.F.);
#1563 = EDGE_CURVE('',#1564,#1566,#1568,.T.);
#1564 = VERTEX_POINT('',#1565);
#1565 = CARTESIAN_POINT('',(-0.3556,4.6482,-2.0955));
#1566 = VERTEX_POINT('',#1567);
#1567 = CARTESIAN_POINT('',(-1.7526,4.6482,-2.0955));
#1568 = LINE('',#1569,#1570);
#1569 = CARTESIAN_POINT('',(-1.7526,4.6482,-2.0955));
#1570 = VECTOR('',#1571,1.);
#1571 = DIRECTION('',(-1.,-0.,-0.));
#1572 = ORIENTED_EDGE('',*,*,#1573,.F.);
#1573 = EDGE_CURVE('',#1574,#1564,#1576,.T.);
#1574 = VERTEX_POINT('',#1575);
#1575 = CARTESIAN_POINT('',(-0.3556,4.6482,2.0955));
#1576 = LINE('',#1577,#1578);
#1577 = CARTESIAN_POINT('',(-0.3556,4.6482,2.0955));
#1578 = VECTOR('',#1579,1.);
#1579 = DIRECTION('',(5.173954533455E-17,0.,-1.));
#1580 = ORIENTED_EDGE('',*,*,#1581,.F.);
#1581 = EDGE_CURVE('',#1582,#1574,#1584,.T.);
#1582 = VERTEX_POINT('',#1583);
#1583 = CARTESIAN_POINT('',(-1.7526,4.6482,2.0955));
#1584 = LINE('',#1585,#1586);
#1585 = CARTESIAN_POINT('',(-1.7526,4.6482,2.0955));
#1586 = VECTOR('',#1587,1.);
#1587 = DIRECTION('',(1.,0.,0.));
#1588 = ORIENTED_EDGE('',*,*,#1589,.F.);
#1589 = EDGE_CURVE('',#1566,#1582,#1590,.T.);
#1590 = LINE('',#1591,#1592);
#1591 = CARTESIAN_POINT('',(-1.7526,4.6482,2.0955));
#1592 = VECTOR('',#1593,1.);
#1593 = DIRECTION('',(-5.173954533455E-17,-0.,1.));
#1594 = FACE_BOUND('',#1595,.T.);
#1595 = EDGE_LOOP('',(#1596,#1597,#1598,#1599));
#1596 = ORIENTED_EDGE('',*,*,#1389,.T.);
#1597 = ORIENTED_EDGE('',*,*,#1427,.T.);
#1598 = ORIENTED_EDGE('',*,*,#1458,.T.);
#1599 = ORIENTED_EDGE('',*,*,#1480,.T.);
#1600 = PLANE('',#1601);
#1601 = AXIS2_PLACEMENT_3D('',#1602,#1603,#1604);
#1602 = CARTESIAN_POINT('',(0.,4.6482,0.));
#1603 = DIRECTION('',(0.,-1.,0.));
#1604 = DIRECTION('',(0.,-0.,-1.));
#1605 = ADVANCED_FACE('',(#1606),#1612,.T.);
#1606 = FACE_BOUND('',#1607,.T.);
#1607 = EDGE_LOOP('',(#1608,#1609,#1610,#1611));
#1608 = ORIENTED_EDGE('',*,*,#1371,.F.);
#1609 = ORIENTED_EDGE('',*,*,#1473,.F.);
#1610 = ORIENTED_EDGE('',*,*,#1442,.F.);
#1611 = ORIENTED_EDGE('',*,*,#1411,.F.);
#1612 = PLANE('',#1613);
#1613 = AXIS2_PLACEMENT_3D('',#1614,#1615,#1616);
#1614 = CARTESIAN_POINT('',(0.,0.,0.));
#1615 = DIRECTION('',(0.,-1.,0.));
#1616 = DIRECTION('',(0.,-0.,-1.));
#1617 = ADVANCED_FACE('',(#1618),#1643,.F.);
#1618 = FACE_BOUND('',#1619,.T.);
#1619 = EDGE_LOOP('',(#1620,#1621,#1629,#1637));
#1620 = ORIENTED_EDGE('',*,*,#1573,.T.);
#1621 = ORIENTED_EDGE('',*,*,#1622,.F.);
#1622 = EDGE_CURVE('',#1623,#1564,#1625,.T.);
#1623 = VERTEX_POINT('',#1624);
#1624 = CARTESIAN_POINT('',(-0.3556,4.5212,-2.0955));
#1625 = LINE('',#1626,#1627);
#1626 = CARTESIAN_POINT('',(-0.3556,4.5212,-2.0955));
#1627 = VECTOR('',#1628,1.);
#1628 = DIRECTION('',(-0.,1.,-0.));
#1629 = ORIENTED_EDGE('',*,*,#1630,.F.);
#1630 = EDGE_CURVE('',#1631,#1623,#1633,.T.);
#1631 = VERTEX_POINT('',#1632);
#1632 = CARTESIAN_POINT('',(-0.3556,4.5212,2.0955));
#1633 = LINE('',#1634,#1635);
#1634 = CARTESIAN_POINT('',(-0.3556,4.5212,2.0955));
#1635 = VECTOR('',#1636,1.);
#1636 = DIRECTION('',(5.173954533455E-17,0.,-1.));
#1637 = ORIENTED_EDGE('',*,*,#1638,.T.);
#1638 = EDGE_CURVE('',#1631,#1574,#1639,.T.);
#1639 = LINE('',#1640,#1641);
#1640 = CARTESIAN_POINT('',(-0.3556,4.5212,2.0955));
#1641 = VECTOR('',#1642,1.);
#1642 = DIRECTION('',(-0.,1.,-0.));
#1643 = PLANE('',#1644);
#1644 = AXIS2_PLACEMENT_3D('',#1645,#1646,#1647);
#1645 = CARTESIAN_POINT('',(-0.3556,4.5212,2.0955));
#1646 = DIRECTION('',(1.,0.,5.173954533455E-17));
#1647 = DIRECTION('',(5.173954533455E-17,0.,-1.));
#1648 = ADVANCED_FACE('',(#1649),#1667,.F.);
#1649 = FACE_BOUND('',#1650,.T.);
#1650 = EDGE_LOOP('',(#1651,#1652,#1653,#1661));
#1651 = ORIENTED_EDGE('',*,*,#1581,.T.);
#1652 = ORIENTED_EDGE('',*,*,#1638,.F.);
#1653 = ORIENTED_EDGE('',*,*,#1654,.F.);
#1654 = EDGE_CURVE('',#1655,#1631,#1657,.T.);
#1655 = VERTEX_POINT('',#1656);
#1656 = CARTESIAN_POINT('',(-1.7526,4.5212,2.0955));
#1657 = LINE('',#1658,#1659);
#1658 = CARTESIAN_POINT('',(-1.7526,4.5212,2.0955));
#1659 = VECTOR('',#1660,1.);
#1660 = DIRECTION('',(1.,0.,0.));
#1661 = ORIENTED_EDGE('',*,*,#1662,.T.);
#1662 = EDGE_CURVE('',#1655,#1582,#1663,.T.);
#1663 = LINE('',#1664,#1665);
#1664 = CARTESIAN_POINT('',(-1.7526,4.5212,2.0955));
#1665 = VECTOR('',#1666,1.);
#1666 = DIRECTION('',(-0.,1.,-0.));
#1667 = PLANE('',#1668);
#1668 = AXIS2_PLACEMENT_3D('',#1669,#1670,#1671);
#1669 = CARTESIAN_POINT('',(-1.7526,4.5212,2.0955));
#1670 = DIRECTION('',(-0.,0.,1.));
#1671 = DIRECTION('',(1.,0.,0.));
#1672 = ADVANCED_FACE('',(#1673),#1691,.F.);
#1673 = FACE_BOUND('',#1674,.T.);
#1674 = EDGE_LOOP('',(#1675,#1676,#1677,#1685));
#1675 = ORIENTED_EDGE('',*,*,#1589,.T.);
#1676 = ORIENTED_EDGE('',*,*,#1662,.F.);
#1677 = ORIENTED_EDGE('',*,*,#1678,.F.);
#1678 = EDGE_CURVE('',#1679,#1655,#1681,.T.);
#1679 = VERTEX_POINT('',#1680);
#1680 = CARTESIAN_POINT('',(-1.7526,4.5212,-2.0955));
#1681 = LINE('',#1682,#1683);
#1682 = CARTESIAN_POINT('',(-1.7526,4.5212,2.0955));
#1683 = VECTOR('',#1684,1.);
#1684 = DIRECTION('',(-5.173954533455E-17,-0.,1.));
#1685 = ORIENTED_EDGE('',*,*,#1686,.T.);
#1686 = EDGE_CURVE('',#1679,#1566,#1687,.T.);
#1687 = LINE('',#1688,#1689);
#1688 = CARTESIAN_POINT('',(-1.7526,4.5212,-2.0955));
#1689 = VECTOR('',#1690,1.);
#1690 = DIRECTION('',(-0.,1.,-0.));
#1691 = PLANE('',#1692);
#1692 = AXIS2_PLACEMENT_3D('',#1693,#1694,#1695);
#1693 = CARTESIAN_POINT('',(-1.7526,4.5212,2.0955));
#1694 = DIRECTION('',(-1.,0.,-5.173954533455E-17));
#1695 = DIRECTION('',(-5.173954533455E-17,0.,1.));
#1696 = ADVANCED_FACE('',(#1697),#1708,.F.);
#1697 = FACE_BOUND('',#1698,.T.);
#1698 = EDGE_LOOP('',(#1699,#1700,#1701,#1707));
#1699 = ORIENTED_EDGE('',*,*,#1563,.T.);
#1700 = ORIENTED_EDGE('',*,*,#1686,.F.);
#1701 = ORIENTED_EDGE('',*,*,#1702,.F.);
#1702 = EDGE_CURVE('',#1623,#1679,#1703,.T.);
#1703 = LINE('',#1704,#1705);
#1704 = CARTESIAN_POINT('',(-1.7526,4.5212,-2.0955));
#1705 = VECTOR('',#1706,1.);
#1706 = DIRECTION('',(-1.,-0.,-0.));
#1707 = ORIENTED_EDGE('',*,*,#1622,.T.);
#1708 = PLANE('',#1709);
#1709 = AXIS2_PLACEMENT_3D('',#1710,#1711,#1712);
#1710 = CARTESIAN_POINT('',(-1.7526,4.5212,-2.0955));
#1711 = DIRECTION('',(0.,0.,-1.));
#1712 = DIRECTION('',(-1.,0.,-0.));
#1713 = ADVANCED_FACE('',(#1714),#1720,.F.);
#1714 = FACE_BOUND('',#1715,.T.);
#1715 = EDGE_LOOP('',(#1716,#1717,#1718,#1719));
#1716 = ORIENTED_EDGE('',*,*,#1630,.T.);
#1717 = ORIENTED_EDGE('',*,*,#1702,.T.);
#1718 = ORIENTED_EDGE('',*,*,#1678,.T.);
#1719 = ORIENTED_EDGE('',*,*,#1654,.T.);
#1720 = PLANE('',#1721);
#1721 = AXIS2_PLACEMENT_3D('',#1722,#1723,#1724);
#1722 = CARTESIAN_POINT('',(0.,4.5212,0.));
#1723 = DIRECTION('',(0.,-1.,0.));
#1724 = DIRECTION('',(0.,-0.,-1.));
#1725 = ADVANCED_FACE('',(#1726),#1751,.F.);
#1726 = FACE_BOUND('',#1727,.T.);
#1727 = EDGE_LOOP('',(#1728,#1729,#1737,#1745));
#1728 = ORIENTED_EDGE('',*,*,#1539,.T.);
#1729 = ORIENTED_EDGE('',*,*,#1730,.F.);
#1730 = EDGE_CURVE('',#1731,#1530,#1733,.T.);
#1731 = VERTEX_POINT('',#1732);
#1732 = CARTESIAN_POINT('',(1.7526,4.5212,-2.0955));
#1733 = LINE('',#1734,#1735);
#1734 = CARTESIAN_POINT('',(1.7526,4.5212,-2.0955));
#1735 = VECTOR('',#1736,1.);
#1736 = DIRECTION('',(-0.,1.,-0.));
#1737 = ORIENTED_EDGE('',*,*,#1738,.F.);
#1738 = EDGE_CURVE('',#1739,#1731,#1741,.T.);
#1739 = VERTEX_POINT('',#1740);
#1740 = CARTESIAN_POINT('',(1.7526,4.5212,2.0955));
#1741 = LINE('',#1742,#1743);
#1742 = CARTESIAN_POINT('',(1.7526,4.5212,2.0955));
#1743 = VECTOR('',#1744,1.);
#1744 = DIRECTION('',(-5.173954533455E-17,0.,-1.));
#1745 = ORIENTED_EDGE('',*,*,#1746,.T.);
#1746 = EDGE_CURVE('',#1739,#1540,#1747,.T.);
#1747 = LINE('',#1748,#1749);
#1748 = CARTESIAN_POINT('',(1.7526,4.5212,2.0955));
#1749 = VECTOR('',#1750,1.);
#1750 = DIRECTION('',(-0.,1.,-0.));
#1751 = PLANE('',#1752);
#1752 = AXIS2_PLACEMENT_3D('',#1753,#1754,#1755);
#1753 = CARTESIAN_POINT('',(1.7526,4.5212,2.0955));
#1754 = DIRECTION('',(1.,0.,-5.173954533455E-17));
#1755 = DIRECTION('',(-5.173954533455E-17,0.,-1.));
#1756 = ADVANCED_FACE('',(#1757),#1775,.F.);
#1757 = FACE_BOUND('',#1758,.T.);
#1758 = EDGE_LOOP('',(#1759,#1760,#1761,#1769));
#1759 = ORIENTED_EDGE('',*,*,#1547,.T.);
#1760 = ORIENTED_EDGE('',*,*,#1746,.F.);
#1761 = ORIENTED_EDGE('',*,*,#1762,.F.);
#1762 = EDGE_CURVE('',#1763,#1739,#1765,.T.);
#1763 = VERTEX_POINT('',#1764);
#1764 = CARTESIAN_POINT('',(0.3556,4.5212,2.0955));
#1765 = LINE('',#1766,#1767);
#1766 = CARTESIAN_POINT('',(1.7526,4.5212,2.0955));
#1767 = VECTOR('',#1768,1.);
#1768 = DIRECTION('',(1.,-0.,-0.));
#1769 = ORIENTED_EDGE('',*,*,#1770,.T.);
#1770 = EDGE_CURVE('',#1763,#1548,#1771,.T.);
#1771 = LINE('',#1772,#1773);
#1772 = CARTESIAN_POINT('',(0.3556,4.5212,2.0955));
#1773 = VECTOR('',#1774,1.);
#1774 = DIRECTION('',(-0.,1.,-0.));
#1775 = PLANE('',#1776);
#1776 = AXIS2_PLACEMENT_3D('',#1777,#1778,#1779);
#1777 = CARTESIAN_POINT('',(1.7526,4.5212,2.0955));
#1778 = DIRECTION('',(0.,0.,1.));
#1779 = DIRECTION('',(1.,0.,-0.));
#1780 = ADVANCED_FACE('',(#1781),#1799,.F.);
#1781 = FACE_BOUND('',#1782,.T.);
#1782 = EDGE_LOOP('',(#1783,#1784,#1785,#1793));
#1783 = ORIENTED_EDGE('',*,*,#1555,.T.);
#1784 = ORIENTED_EDGE('',*,*,#1770,.F.);
#1785 = ORIENTED_EDGE('',*,*,#1786,.F.);
#1786 = EDGE_CURVE('',#1787,#1763,#1789,.T.);
#1787 = VERTEX_POINT('',#1788);
#1788 = CARTESIAN_POINT('',(0.3556,4.5212,-2.0955));
#1789 = LINE('',#1790,#1791);
#1790 = CARTESIAN_POINT('',(0.3556,4.5212,2.0955));
#1791 = VECTOR('',#1792,1.);
#1792 = DIRECTION('',(5.173954533455E-17,-0.,1.));
#1793 = ORIENTED_EDGE('',*,*,#1794,.T.);
#1794 = EDGE_CURVE('',#1787,#1532,#1795,.T.);
#1795 = LINE('',#1796,#1797);
#1796 = CARTESIAN_POINT('',(0.3556,4.5212,-2.0955));
#1797 = VECTOR('',#1798,1.);
#1798 = DIRECTION('',(-0.,1.,-0.));
#1799 = PLANE('',#1800);
#1800 = AXIS2_PLACEMENT_3D('',#1801,#1802,#1803);
#1801 = CARTESIAN_POINT('',(0.3556,4.5212,2.0955));
#1802 = DIRECTION('',(-1.,0.,5.173954533455E-17));
#1803 = DIRECTION('',(5.173954533455E-17,0.,1.));
#1804 = ADVANCED_FACE('',(#1805),#1816,.F.);
#1805 = FACE_BOUND('',#1806,.T.);
#1806 = EDGE_LOOP('',(#1807,#1808,#1809,#1815));
#1807 = ORIENTED_EDGE('',*,*,#1529,.T.);
#1808 = ORIENTED_EDGE('',*,*,#1794,.F.);
#1809 = ORIENTED_EDGE('',*,*,#1810,.F.);
#1810 = EDGE_CURVE('',#1731,#1787,#1811,.T.);
#1811 = LINE('',#1812,#1813);
#1812 = CARTESIAN_POINT('',(1.7526,4.5212,-2.0955));
#1813 = VECTOR('',#1814,1.);
#1814 = DIRECTION('',(-1.,0.,0.));
#1815 = ORIENTED_EDGE('',*,*,#1730,.T.);
#1816 = PLANE('',#1817);
#1817 = AXIS2_PLACEMENT_3D('',#1818,#1819,#1820);
#1818 = CARTESIAN_POINT('',(1.7526,4.5212,-2.0955));
#1819 = DIRECTION('',(-0.,0.,-1.));
#1820 = DIRECTION('',(-1.,0.,0.));
#1821 = ADVANCED_FACE('',(#1822),#1828,.T.);
#1822 = FACE_BOUND('',#1823,.T.);
#1823 = EDGE_LOOP('',(#1824,#1825,#1826,#1827));
#1824 = ORIENTED_EDGE('',*,*,#1738,.T.);
#1825 = ORIENTED_EDGE('',*,*,#1810,.T.);
#1826 = ORIENTED_EDGE('',*,*,#1786,.T.);
#1827 = ORIENTED_EDGE('',*,*,#1762,.T.);
#1828 = PLANE('',#1829);
#1829 = AXIS2_PLACEMENT_3D('',#1830,#1831,#1832);
#1830 = CARTESIAN_POINT('',(0.,4.5212,0.));
#1831 = DIRECTION('',(0.,1.,0.));
#1832 = DIRECTION('',(0.,-0.,1.));
#1833 = ADVANCED_FACE('',(#1834),#1859,.F.);
#1834 = FACE_BOUND('',#1835,.T.);
#1835 = EDGE_LOOP('',(#1836,#1837,#1845,#1853));
#1836 = ORIENTED_EDGE('',*,*,#1505,.T.);
#1837 = ORIENTED_EDGE('',*,*,#1838,.F.);
#1838 = EDGE_CURVE('',#1839,#1496,#1841,.T.);
#1839 = VERTEX_POINT('',#1840);
#1840 = CARTESIAN_POINT('',(-1.6383,4.5212,-2.8829));
#1841 = LINE('',#1842,#1843);
#1842 = CARTESIAN_POINT('',(-1.6383,4.5212,-2.8829));
#1843 = VECTOR('',#1844,1.);
#1844 = DIRECTION('',(-0.,1.,-0.));
#1845 = ORIENTED_EDGE('',*,*,#1846,.F.);
#1846 = EDGE_CURVE('',#1847,#1839,#1849,.T.);
#1847 = VERTEX_POINT('',#1848);
#1848 = CARTESIAN_POINT('',(-1.6383,4.5212,-2.4892));
#1849 = LINE('',#1850,#1851);
#1850 = CARTESIAN_POINT('',(-1.6383,4.5212,-2.4892));
#1851 = VECTOR('',#1852,1.);
#1852 = DIRECTION('',(0.,0.,-1.));
#1853 = ORIENTED_EDGE('',*,*,#1854,.T.);
#1854 = EDGE_CURVE('',#1847,#1506,#1855,.T.);
#1855 = LINE('',#1856,#1857);
#1856 = CARTESIAN_POINT('',(-1.6383,4.5212,-2.4892));
#1857 = VECTOR('',#1858,1.);
#1858 = DIRECTION('',(-0.,1.,-0.));
#1859 = PLANE('',#1860);
#1860 = AXIS2_PLACEMENT_3D('',#1861,#1862,#1863);
#1861 = CARTESIAN_POINT('',(-1.6383,4.5212,-2.4892));
#1862 = DIRECTION('',(1.,0.,0.));
#1863 = DIRECTION('',(0.,0.,-1.));
#1864 = ADVANCED_FACE('',(#1865),#1883,.F.);
#1865 = FACE_BOUND('',#1866,.T.);
#1866 = EDGE_LOOP('',(#1867,#1868,#1869,#1877));
#1867 = ORIENTED_EDGE('',*,*,#1513,.T.);
#1868 = ORIENTED_EDGE('',*,*,#1854,.F.);
#1869 = ORIENTED_EDGE('',*,*,#1870,.F.);
#1870 = EDGE_CURVE('',#1871,#1847,#1873,.T.);
#1871 = VERTEX_POINT('',#1872);
#1872 = CARTESIAN_POINT('',(-2.032,4.5212,-2.4892));
#1873 = LINE('',#1874,#1875);
#1874 = CARTESIAN_POINT('',(-2.032,4.5212,-2.4892));
#1875 = VECTOR('',#1876,1.);
#1876 = DIRECTION('',(1.,0.,1.101551610348E-15));
#1877 = ORIENTED_EDGE('',*,*,#1878,.T.);
#1878 = EDGE_CURVE('',#1871,#1514,#1879,.T.);
#1879 = LINE('',#1880,#1881);
#1880 = CARTESIAN_POINT('',(-2.032,4.5212,-2.4892));
#1881 = VECTOR('',#1882,1.);
#1882 = DIRECTION('',(-0.,1.,-0.));
#1883 = PLANE('',#1884);
#1884 = AXIS2_PLACEMENT_3D('',#1885,#1886,#1887);
#1885 = CARTESIAN_POINT('',(-2.032,4.5212,-2.4892));
#1886 = DIRECTION('',(-1.101551610348E-15,0.,1.));
#1887 = DIRECTION('',(1.,0.,1.101551610348E-15));
#1888 = ADVANCED_FACE('',(#1889),#1907,.F.);
#1889 = FACE_BOUND('',#1890,.T.);
#1890 = EDGE_LOOP('',(#1891,#1892,#1893,#1901));
#1891 = ORIENTED_EDGE('',*,*,#1521,.T.);
#1892 = ORIENTED_EDGE('',*,*,#1878,.F.);
#1893 = ORIENTED_EDGE('',*,*,#1894,.F.);
#1894 = EDGE_CURVE('',#1895,#1871,#1897,.T.);
#1895 = VERTEX_POINT('',#1896);
#1896 = CARTESIAN_POINT('',(-2.032,4.5212,-2.8829));
#1897 = LINE('',#1898,#1899);
#1898 = CARTESIAN_POINT('',(-2.032,4.5212,-2.4892));
#1899 = VECTOR('',#1900,1.);
#1900 = DIRECTION('',(-0.,-0.,1.));
#1901 = ORIENTED_EDGE('',*,*,#1902,.T.);
#1902 = EDGE_CURVE('',#1895,#1498,#1903,.T.);
#1903 = LINE('',#1904,#1905);
#1904 = CARTESIAN_POINT('',(-2.032,4.5212,-2.8829));
#1905 = VECTOR('',#1906,1.);
#1906 = DIRECTION('',(-0.,1.,-0.));
#1907 = PLANE('',#1908);
#1908 = AXIS2_PLACEMENT_3D('',#1909,#1910,#1911);
#1909 = CARTESIAN_POINT('',(-2.032,4.5212,-2.4892));
#1910 = DIRECTION('',(-1.,0.,-0.));
#1911 = DIRECTION('',(0.,0.,1.));
#1912 = ADVANCED_FACE('',(#1913),#1924,.F.);
#1913 = FACE_BOUND('',#1914,.T.);
#1914 = EDGE_LOOP('',(#1915,#1916,#1917,#1923));
#1915 = ORIENTED_EDGE('',*,*,#1495,.T.);
#1916 = ORIENTED_EDGE('',*,*,#1902,.F.);
#1917 = ORIENTED_EDGE('',*,*,#1918,.F.);
#1918 = EDGE_CURVE('',#1839,#1895,#1919,.T.);
#1919 = LINE('',#1920,#1921);
#1920 = CARTESIAN_POINT('',(-2.032,4.5212,-2.8829));
#1921 = VECTOR('',#1922,1.);
#1922 = DIRECTION('',(-1.,-0.,-1.101551610348E-15));
#1923 = ORIENTED_EDGE('',*,*,#1838,.T.);
#1924 = PLANE('',#1925);
#1925 = AXIS2_PLACEMENT_3D('',#1926,#1927,#1928);
#1926 = CARTESIAN_POINT('',(-2.032,4.5212,-2.8829));
#1927 = DIRECTION('',(1.101551610348E-15,0.,-1.));
#1928 = DIRECTION('',(-1.,0.,-1.101551610348E-15));
#1929 = ADVANCED_FACE('',(#1930),#1936,.F.);
#1930 = FACE_BOUND('',#1931,.T.);
#1931 = EDGE_LOOP('',(#1932,#1933,#1934,#1935));
#1932 = ORIENTED_EDGE('',*,*,#1846,.T.);
#1933 = ORIENTED_EDGE('',*,*,#1918,.T.);
#1934 = ORIENTED_EDGE('',*,*,#1894,.T.);
#1935 = ORIENTED_EDGE('',*,*,#1870,.T.);
#1936 = PLANE('',#1937);
#1937 = AXIS2_PLACEMENT_3D('',#1938,#1939,#1940);
#1938 = CARTESIAN_POINT('',(0.,4.5212,0.));
#1939 = DIRECTION('',(0.,-1.,0.));
#1940 = DIRECTION('',(0.,-0.,-1.));
#1941 = MANIFOLD_SOLID_BREP('',#1942);
#1942 = CLOSED_SHELL('',(#1943,#1983,#2014,#2045,#2067,#2079));
#1943 = ADVANCED_FACE('',(#1944),#1978,.T.);
#1944 = FACE_BOUND('',#1945,.T.);
#1945 = EDGE_LOOP('',(#1946,#1956,#1964,#1972));
#1946 = ORIENTED_EDGE('',*,*,#1947,.F.);
#1947 = EDGE_CURVE('',#1948,#1950,#1952,.T.);
#1948 = VERTEX_POINT('',#1949);
#1949 = CARTESIAN_POINT('',(-0.3556,4.6482,2.0955));
#1950 = VERTEX_POINT('',#1951);
#1951 = CARTESIAN_POINT('',(-0.3556,4.6482,-2.0955));
#1952 = LINE('',#1953,#1954);
#1953 = CARTESIAN_POINT('',(-0.3556,4.6482,2.0955));
#1954 = VECTOR('',#1955,1.);
#1955 = DIRECTION('',(5.173954533455E-17,0.,-1.));
#1956 = ORIENTED_EDGE('',*,*,#1957,.F.);
#1957 = EDGE_CURVE('',#1958,#1948,#1960,.T.);
#1958 = VERTEX_POINT('',#1959);
#1959 = CARTESIAN_POINT('',(-0.3556,4.5212,2.0955));
#1960 = LINE('',#1961,#1962);
#1961 = CARTESIAN_POINT('',(-0.3556,4.5212,2.0955));
#1962 = VECTOR('',#1963,1.);
#1963 = DIRECTION('',(0.,1.,0.));
#1964 = ORIENTED_EDGE('',*,*,#1965,.T.);
#1965 = EDGE_CURVE('',#1958,#1966,#1968,.T.);
#1966 = VERTEX_POINT('',#1967);
#1967 = CARTESIAN_POINT('',(-0.3556,4.5212,-2.0955));
#1968 = LINE('',#1969,#1970);
#1969 = CARTESIAN_POINT('',(-0.3556,4.5212,2.0955));
#1970 = VECTOR('',#1971,1.);
#1971 = DIRECTION('',(5.173954533455E-17,0.,-1.));
#1972 = ORIENTED_EDGE('',*,*,#1973,.T.);
#1973 = EDGE_CURVE('',#1966,#1950,#1974,.T.);
#1974 = LINE('',#1975,#1976);
#1975 = CARTESIAN_POINT('',(-0.3556,4.5212,-2.0955));
#1976 = VECTOR('',#1977,1.);
#1977 = DIRECTION('',(0.,1.,0.));
#1978 = PLANE('',#1979);
#1979 = AXIS2_PLACEMENT_3D('',#1980,#1981,#1982);
#1980 = CARTESIAN_POINT('',(-0.3556,4.5212,2.0955));
#1981 = DIRECTION('',(1.,-0.,5.173954533455E-17));
#1982 = DIRECTION('',(5.173954533455E-17,0.,-1.));
#1983 = ADVANCED_FACE('',(#1984),#2009,.T.);
#1984 = FACE_BOUND('',#1985,.T.);
#1985 = EDGE_LOOP('',(#1986,#1994,#2002,#2008));
#1986 = ORIENTED_EDGE('',*,*,#1987,.F.);
#1987 = EDGE_CURVE('',#1988,#1948,#1990,.T.);
#1988 = VERTEX_POINT('',#1989);
#1989 = CARTESIAN_POINT('',(-1.7526,4.6482,2.0955));
#1990 = LINE('',#1991,#1992);
#1991 = CARTESIAN_POINT('',(-1.7526,4.6482,2.0955));
#1992 = VECTOR('',#1993,1.);
#1993 = DIRECTION('',(1.,0.,0.));
#1994 = ORIENTED_EDGE('',*,*,#1995,.F.);
#1995 = EDGE_CURVE('',#1996,#1988,#1998,.T.);
#1996 = VERTEX_POINT('',#1997);
#1997 = CARTESIAN_POINT('',(-1.7526,4.5212,2.0955));
#1998 = LINE('',#1999,#2000);
#1999 = CARTESIAN_POINT('',(-1.7526,4.5212,2.0955));
#2000 = VECTOR('',#2001,1.);
#2001 = DIRECTION('',(0.,1.,0.));
#2002 = ORIENTED_EDGE('',*,*,#2003,.T.);
#2003 = EDGE_CURVE('',#1996,#1958,#2004,.T.);
#2004 = LINE('',#2005,#2006);
#2005 = CARTESIAN_POINT('',(-1.7526,4.5212,2.0955));
#2006 = VECTOR('',#2007,1.);
#2007 = DIRECTION('',(1.,0.,0.));
#2008 = ORIENTED_EDGE('',*,*,#1957,.T.);
#2009 = PLANE('',#2010);
#2010 = AXIS2_PLACEMENT_3D('',#2011,#2012,#2013);
#2011 = CARTESIAN_POINT('',(-1.7526,4.5212,2.0955));
#2012 = DIRECTION('',(0.,0.,1.));
#2013 = DIRECTION('',(1.,0.,-0.));
#2014 = ADVANCED_FACE('',(#2015),#2040,.T.);
#2015 = FACE_BOUND('',#2016,.T.);
#2016 = EDGE_LOOP('',(#2017,#2025,#2033,#2039));
#2017 = ORIENTED_EDGE('',*,*,#2018,.F.);
#2018 = EDGE_CURVE('',#2019,#1988,#2021,.T.);
#2019 = VERTEX_POINT('',#2020);
#2020 = CARTESIAN_POINT('',(-1.7526,4.6482,-2.0955));
#2021 = LINE('',#2022,#2023);
#2022 = CARTESIAN_POINT('',(-1.7526,4.6482,2.0955));
#2023 = VECTOR('',#2024,1.);
#2024 = DIRECTION('',(-5.173954533455E-17,-0.,1.));
#2025 = ORIENTED_EDGE('',*,*,#2026,.F.);
#2026 = EDGE_CURVE('',#2027,#2019,#2029,.T.);
#2027 = VERTEX_POINT('',#2028);
#2028 = CARTESIAN_POINT('',(-1.7526,4.5212,-2.0955));
#2029 = LINE('',#2030,#2031);
#2030 = CARTESIAN_POINT('',(-1.7526,4.5212,-2.0955));
#2031 = VECTOR('',#2032,1.);
#2032 = DIRECTION('',(0.,1.,0.));
#2033 = ORIENTED_EDGE('',*,*,#2034,.T.);
#2034 = EDGE_CURVE('',#2027,#1996,#2035,.T.);
#2035 = LINE('',#2036,#2037);
#2036 = CARTESIAN_POINT('',(-1.7526,4.5212,2.0955));
#2037 = VECTOR('',#2038,1.);
#2038 = DIRECTION('',(-5.173954533455E-17,-0.,1.));
#2039 = ORIENTED_EDGE('',*,*,#1995,.T.);
#2040 = PLANE('',#2041);
#2041 = AXIS2_PLACEMENT_3D('',#2042,#2043,#2044);
#2042 = CARTESIAN_POINT('',(-1.7526,4.5212,2.0955));
#2043 = DIRECTION('',(-1.,0.,-5.173954533455E-17));
#2044 = DIRECTION('',(-5.173954533455E-17,0.,1.));
#2045 = ADVANCED_FACE('',(#2046),#2062,.T.);
#2046 = FACE_BOUND('',#2047,.T.);
#2047 = EDGE_LOOP('',(#2048,#2054,#2055,#2061));
#2048 = ORIENTED_EDGE('',*,*,#2049,.F.);
#2049 = EDGE_CURVE('',#1950,#2019,#2050,.T.);
#2050 = LINE('',#2051,#2052);
#2051 = CARTESIAN_POINT('',(-1.7526,4.6482,-2.0955));
#2052 = VECTOR('',#2053,1.);
#2053 = DIRECTION('',(-1.,-0.,-0.));
#2054 = ORIENTED_EDGE('',*,*,#1973,.F.);
#2055 = ORIENTED_EDGE('',*,*,#2056,.T.);
#2056 = EDGE_CURVE('',#1966,#2027,#2057,.T.);
#2057 = LINE('',#2058,#2059);
#2058 = CARTESIAN_POINT('',(-1.7526,4.5212,-2.0955));
#2059 = VECTOR('',#2060,1.);
#2060 = DIRECTION('',(-1.,-0.,-0.));
#2061 = ORIENTED_EDGE('',*,*,#2026,.T.);
#2062 = PLANE('',#2063);
#2063 = AXIS2_PLACEMENT_3D('',#2064,#2065,#2066);
#2064 = CARTESIAN_POINT('',(-1.7526,4.5212,-2.0955));
#2065 = DIRECTION('',(0.,0.,-1.));
#2066 = DIRECTION('',(-1.,0.,-0.));
#2067 = ADVANCED_FACE('',(#2068),#2074,.T.);
#2068 = FACE_BOUND('',#2069,.T.);
#2069 = EDGE_LOOP('',(#2070,#2071,#2072,#2073));
#2070 = ORIENTED_EDGE('',*,*,#1965,.F.);
#2071 = ORIENTED_EDGE('',*,*,#2003,.F.);
#2072 = ORIENTED_EDGE('',*,*,#2034,.F.);
#2073 = ORIENTED_EDGE('',*,*,#2056,.F.);
#2074 = PLANE('',#2075);
#2075 = AXIS2_PLACEMENT_3D('',#2076,#2077,#2078);
#2076 = CARTESIAN_POINT('',(0.,4.5212,0.));
#2077 = DIRECTION('',(0.,-1.,0.));
#2078 = DIRECTION('',(0.,-0.,-1.));
#2079 = ADVANCED_FACE('',(#2080),#2086,.F.);
#2080 = FACE_BOUND('',#2081,.T.);
#2081 = EDGE_LOOP('',(#2082,#2083,#2084,#2085));
#2082 = ORIENTED_EDGE('',*,*,#1947,.T.);
#2083 = ORIENTED_EDGE('',*,*,#2049,.T.);
#2084 = ORIENTED_EDGE('',*,*,#2018,.T.);
#2085 = ORIENTED_EDGE('',*,*,#1987,.T.);
#2086 = PLANE('',#2087);
#2087 = AXIS2_PLACEMENT_3D('',#2088,#2089,#2090);
#2088 = CARTESIAN_POINT('',(0.,4.6482,0.));
#2089 = DIRECTION('',(0.,-1.,0.));
#2090 = DIRECTION('',(0.,-0.,-1.));
#2091 = MANIFOLD_SOLID_BREP('',#2092);
#2092 = CLOSED_SHELL('',(#2093,#2133,#2164,#2195,#2217,#2229));
#2093 = ADVANCED_FACE('',(#2094),#2128,.T.);
#2094 = FACE_BOUND('',#2095,.T.);
#2095 = EDGE_LOOP('',(#2096,#2106,#2114,#2122));
#2096 = ORIENTED_EDGE('',*,*,#2097,.F.);
#2097 = EDGE_CURVE('',#2098,#2100,#2102,.T.);
#2098 = VERTEX_POINT('',#2099);
#2099 = CARTESIAN_POINT('',(1.7526,4.6482,2.0955));
#2100 = VERTEX_POINT('',#2101);
#2101 = CARTESIAN_POINT('',(1.7526,4.6482,-2.0955));
#2102 = LINE('',#2103,#2104);
#2103 = CARTESIAN_POINT('',(1.7526,4.6482,2.0955));
#2104 = VECTOR('',#2105,1.);
#2105 = DIRECTION('',(-5.173954533455E-17,0.,-1.));
#2106 = ORIENTED_EDGE('',*,*,#2107,.F.);
#2107 = EDGE_CURVE('',#2108,#2098,#2110,.T.);
#2108 = VERTEX_POINT('',#2109);
#2109 = CARTESIAN_POINT('',(1.7526,4.5212,2.0955));
#2110 = LINE('',#2111,#2112);
#2111 = CARTESIAN_POINT('',(1.7526,4.5212,2.0955));
#2112 = VECTOR('',#2113,1.);
#2113 = DIRECTION('',(0.,1.,0.));
#2114 = ORIENTED_EDGE('',*,*,#2115,.T.);
#2115 = EDGE_CURVE('',#2108,#2116,#2118,.T.);
#2116 = VERTEX_POINT('',#2117);
#2117 = CARTESIAN_POINT('',(1.7526,4.5212,-2.0955));
#2118 = LINE('',#2119,#2120);
#2119 = CARTESIAN_POINT('',(1.7526,4.5212,2.0955));
#2120 = VECTOR('',#2121,1.);
#2121 = DIRECTION('',(-5.173954533455E-17,0.,-1.));
#2122 = ORIENTED_EDGE('',*,*,#2123,.T.);
#2123 = EDGE_CURVE('',#2116,#2100,#2124,.T.);
#2124 = LINE('',#2125,#2126);
#2125 = CARTESIAN_POINT('',(1.7526,4.5212,-2.0955));
#2126 = VECTOR('',#2127,1.);
#2127 = DIRECTION('',(0.,1.,0.));
#2128 = PLANE('',#2129);
#2129 = AXIS2_PLACEMENT_3D('',#2130,#2131,#2132);
#2130 = CARTESIAN_POINT('',(1.7526,4.5212,2.0955));
#2131 = DIRECTION('',(1.,0.,-5.173954533455E-17));
#2132 = DIRECTION('',(-5.173954533455E-17,0.,-1.));
#2133 = ADVANCED_FACE('',(#2134),#2159,.T.);
#2134 = FACE_BOUND('',#2135,.T.);
#2135 = EDGE_LOOP('',(#2136,#2144,#2152,#2158));
#2136 = ORIENTED_EDGE('',*,*,#2137,.F.);
#2137 = EDGE_CURVE('',#2138,#2098,#2140,.T.);
#2138 = VERTEX_POINT('',#2139);
#2139 = CARTESIAN_POINT('',(0.3556,4.6482,2.0955));
#2140 = LINE('',#2141,#2142);
#2141 = CARTESIAN_POINT('',(1.7526,4.6482,2.0955));
#2142 = VECTOR('',#2143,1.);
#2143 = DIRECTION('',(1.,-0.,-0.));
#2144 = ORIENTED_EDGE('',*,*,#2145,.F.);
#2145 = EDGE_CURVE('',#2146,#2138,#2148,.T.);
#2146 = VERTEX_POINT('',#2147);
#2147 = CARTESIAN_POINT('',(0.3556,4.5212,2.0955));
#2148 = LINE('',#2149,#2150);
#2149 = CARTESIAN_POINT('',(0.3556,4.5212,2.0955));
#2150 = VECTOR('',#2151,1.);
#2151 = DIRECTION('',(0.,1.,0.));
#2152 = ORIENTED_EDGE('',*,*,#2153,.T.);
#2153 = EDGE_CURVE('',#2146,#2108,#2154,.T.);
#2154 = LINE('',#2155,#2156);
#2155 = CARTESIAN_POINT('',(1.7526,4.5212,2.0955));
#2156 = VECTOR('',#2157,1.);
#2157 = DIRECTION('',(1.,-0.,-0.));
#2158 = ORIENTED_EDGE('',*,*,#2107,.T.);
#2159 = PLANE('',#2160);
#2160 = AXIS2_PLACEMENT_3D('',#2161,#2162,#2163);
#2161 = CARTESIAN_POINT('',(1.7526,4.5212,2.0955));
#2162 = DIRECTION('',(0.,-0.,1.));
#2163 = DIRECTION('',(1.,0.,0.));
#2164 = ADVANCED_FACE('',(#2165),#2190,.T.);
#2165 = FACE_BOUND('',#2166,.T.);
#2166 = EDGE_LOOP('',(#2167,#2175,#2183,#2189));
#2167 = ORIENTED_EDGE('',*,*,#2168,.F.);
#2168 = EDGE_CURVE('',#2169,#2138,#2171,.T.);
#2169 = VERTEX_POINT('',#2170);
#2170 = CARTESIAN_POINT('',(0.3556,4.6482,-2.0955));
#2171 = LINE('',#2172,#2173);
#2172 = CARTESIAN_POINT('',(0.3556,4.6482,2.0955));
#2173 = VECTOR('',#2174,1.);
#2174 = DIRECTION('',(5.173954533455E-17,-0.,1.));
#2175 = ORIENTED_EDGE('',*,*,#2176,.F.);
#2176 = EDGE_CURVE('',#2177,#2169,#2179,.T.);
#2177 = VERTEX_POINT('',#2178);
#2178 = CARTESIAN_POINT('',(0.3556,4.5212,-2.0955));
#2179 = LINE('',#2180,#2181);
#2180 = CARTESIAN_POINT('',(0.3556,4.5212,-2.0955));
#2181 = VECTOR('',#2182,1.);
#2182 = DIRECTION('',(0.,1.,0.));
#2183 = ORIENTED_EDGE('',*,*,#2184,.T.);
#2184 = EDGE_CURVE('',#2177,#2146,#2185,.T.);
#2185 = LINE('',#2186,#2187);
#2186 = CARTESIAN_POINT('',(0.3556,4.5212,2.0955));
#2187 = VECTOR('',#2188,1.);
#2188 = DIRECTION('',(5.173954533455E-17,-0.,1.));
#2189 = ORIENTED_EDGE('',*,*,#2145,.T.);
#2190 = PLANE('',#2191);
#2191 = AXIS2_PLACEMENT_3D('',#2192,#2193,#2194);
#2192 = CARTESIAN_POINT('',(0.3556,4.5212,2.0955));
#2193 = DIRECTION('',(-1.,0.,5.173954533455E-17));
#2194 = DIRECTION('',(5.173954533455E-17,0.,1.));
#2195 = ADVANCED_FACE('',(#2196),#2212,.T.);
#2196 = FACE_BOUND('',#2197,.T.);
#2197 = EDGE_LOOP('',(#2198,#2204,#2205,#2211));
#2198 = ORIENTED_EDGE('',*,*,#2199,.F.);
#2199 = EDGE_CURVE('',#2100,#2169,#2200,.T.);
#2200 = LINE('',#2201,#2202);
#2201 = CARTESIAN_POINT('',(1.7526,4.6482,-2.0955));
#2202 = VECTOR('',#2203,1.);
#2203 = DIRECTION('',(-1.,0.,0.));
#2204 = ORIENTED_EDGE('',*,*,#2123,.F.);
#2205 = ORIENTED_EDGE('',*,*,#2206,.T.);
#2206 = EDGE_CURVE('',#2116,#2177,#2207,.T.);
#2207 = LINE('',#2208,#2209);
#2208 = CARTESIAN_POINT('',(1.7526,4.5212,-2.0955));
#2209 = VECTOR('',#2210,1.);
#2210 = DIRECTION('',(-1.,0.,0.));
#2211 = ORIENTED_EDGE('',*,*,#2176,.T.);
#2212 = PLANE('',#2213);
#2213 = AXIS2_PLACEMENT_3D('',#2214,#2215,#2216);
#2214 = CARTESIAN_POINT('',(1.7526,4.5212,-2.0955));
#2215 = DIRECTION('',(0.,0.,-1.));
#2216 = DIRECTION('',(-1.,0.,-0.));
#2217 = ADVANCED_FACE('',(#2218),#2224,.F.);
#2218 = FACE_BOUND('',#2219,.T.);
#2219 = EDGE_LOOP('',(#2220,#2221,#2222,#2223));
#2220 = ORIENTED_EDGE('',*,*,#2115,.F.);
#2221 = ORIENTED_EDGE('',*,*,#2153,.F.);
#2222 = ORIENTED_EDGE('',*,*,#2184,.F.);
#2223 = ORIENTED_EDGE('',*,*,#2206,.F.);
#2224 = PLANE('',#2225);
#2225 = AXIS2_PLACEMENT_3D('',#2226,#2227,#2228);
#2226 = CARTESIAN_POINT('',(0.,4.5212,0.));
#2227 = DIRECTION('',(0.,1.,0.));
#2228 = DIRECTION('',(0.,-0.,1.));
#2229 = ADVANCED_FACE('',(#2230),#2236,.T.);
#2230 = FACE_BOUND('',#2231,.T.);
#2231 = EDGE_LOOP('',(#2232,#2233,#2234,#2235));
#2232 = ORIENTED_EDGE('',*,*,#2097,.T.);
#2233 = ORIENTED_EDGE('',*,*,#2199,.T.);
#2234 = ORIENTED_EDGE('',*,*,#2168,.T.);
#2235 = ORIENTED_EDGE('',*,*,#2137,.T.);
#2236 = PLANE('',#2237);
#2237 = AXIS2_PLACEMENT_3D('',#2238,#2239,#2240);
#2238 = CARTESIAN_POINT('',(0.,4.6482,0.));
#2239 = DIRECTION('',(0.,1.,0.));
#2240 = DIRECTION('',(0.,-0.,1.));
#2241 = MANIFOLD_SOLID_BREP('',#2242);
#2242 = CLOSED_SHELL('',(#2243,#2283,#2314,#2345,#2367,#2379));
#2243 = ADVANCED_FACE('',(#2244),#2278,.T.);
#2244 = FACE_BOUND('',#2245,.T.);
#2245 = EDGE_LOOP('',(#2246,#2256,#2264,#2272));
#2246 = ORIENTED_EDGE('',*,*,#2247,.F.);
#2247 = EDGE_CURVE('',#2248,#2250,#2252,.T.);
#2248 = VERTEX_POINT('',#2249);
#2249 = CARTESIAN_POINT('',(-1.6383,4.6482,-2.4892));
#2250 = VERTEX_POINT('',#2251);
#2251 = CARTESIAN_POINT('',(-1.6383,4.6482,-2.8829));
#2252 = LINE('',#2253,#2254);
#2253 = CARTESIAN_POINT('',(-1.6383,4.6482,-2.4892));
#2254 = VECTOR('',#2255,1.);
#2255 = DIRECTION('',(0.,0.,-1.));
#2256 = ORIENTED_EDGE('',*,*,#2257,.F.);
#2257 = EDGE_CURVE('',#2258,#2248,#2260,.T.);
#2258 = VERTEX_POINT('',#2259);
#2259 = CARTESIAN_POINT('',(-1.6383,4.5212,-2.4892));
#2260 = LINE('',#2261,#2262);
#2261 = CARTESIAN_POINT('',(-1.6383,4.5212,-2.4892));
#2262 = VECTOR('',#2263,1.);
#2263 = DIRECTION('',(0.,1.,0.));
#2264 = ORIENTED_EDGE('',*,*,#2265,.T.);
#2265 = EDGE_CURVE('',#2258,#2266,#2268,.T.);
#2266 = VERTEX_POINT('',#2267);
#2267 = CARTESIAN_POINT('',(-1.6383,4.5212,-2.8829));
#2268 = LINE('',#2269,#2270);
#2269 = CARTESIAN_POINT('',(-1.6383,4.5212,-2.4892));
#2270 = VECTOR('',#2271,1.);
#2271 = DIRECTION('',(0.,0.,-1.));
#2272 = ORIENTED_EDGE('',*,*,#2273,.T.);
#2273 = EDGE_CURVE('',#2266,#2250,#2274,.T.);
#2274 = LINE('',#2275,#2276);
#2275 = CARTESIAN_POINT('',(-1.6383,4.5212,-2.8829));
#2276 = VECTOR('',#2277,1.);
#2277 = DIRECTION('',(0.,1.,0.));
#2278 = PLANE('',#2279);
#2279 = AXIS2_PLACEMENT_3D('',#2280,#2281,#2282);
#2280 = CARTESIAN_POINT('',(-1.6383,4.5212,-2.4892));
#2281 = DIRECTION('',(1.,-0.,0.));
#2282 = DIRECTION('',(0.,0.,-1.));
#2283 = ADVANCED_FACE('',(#2284),#2309,.T.);
#2284 = FACE_BOUND('',#2285,.T.);
#2285 = EDGE_LOOP('',(#2286,#2294,#2302,#2308));
#2286 = ORIENTED_EDGE('',*,*,#2287,.F.);
#2287 = EDGE_CURVE('',#2288,#2248,#2290,.T.);
#2288 = VERTEX_POINT('',#2289);
#2289 = CARTESIAN_POINT('',(-2.032,4.6482,-2.4892));
#2290 = LINE('',#2291,#2292);
#2291 = CARTESIAN_POINT('',(-2.032,4.6482,-2.4892));
#2292 = VECTOR('',#2293,1.);
#2293 = DIRECTION('',(1.,0.,1.101551610348E-15));
#2294 = ORIENTED_EDGE('',*,*,#2295,.F.);
#2295 = EDGE_CURVE('',#2296,#2288,#2298,.T.);
#2296 = VERTEX_POINT('',#2297);
#2297 = CARTESIAN_POINT('',(-2.032,4.5212,-2.4892));
#2298 = LINE('',#2299,#2300);
#2299 = CARTESIAN_POINT('',(-2.032,4.5212,-2.4892));
#2300 = VECTOR('',#2301,1.);
#2301 = DIRECTION('',(0.,1.,0.));
#2302 = ORIENTED_EDGE('',*,*,#2303,.T.);
#2303 = EDGE_CURVE('',#2296,#2258,#2304,.T.);
#2304 = LINE('',#2305,#2306);
#2305 = CARTESIAN_POINT('',(-2.032,4.5212,-2.4892));
#2306 = VECTOR('',#2307,1.);
#2307 = DIRECTION('',(1.,0.,1.101551610348E-15));
#2308 = ORIENTED_EDGE('',*,*,#2257,.T.);
#2309 = PLANE('',#2310);
#2310 = AXIS2_PLACEMENT_3D('',#2311,#2312,#2313);
#2311 = CARTESIAN_POINT('',(-2.032,4.5212,-2.4892));
#2312 = DIRECTION('',(-1.101551610348E-15,0.,1.));
#2313 = DIRECTION('',(1.,0.,1.101551610348E-15));
#2314 = ADVANCED_FACE('',(#2315),#2340,.T.);
#2315 = FACE_BOUND('',#2316,.T.);
#2316 = EDGE_LOOP('',(#2317,#2325,#2333,#2339));
#2317 = ORIENTED_EDGE('',*,*,#2318,.F.);
#2318 = EDGE_CURVE('',#2319,#2288,#2321,.T.);
#2319 = VERTEX_POINT('',#2320);
#2320 = CARTESIAN_POINT('',(-2.032,4.6482,-2.8829));
#2321 = LINE('',#2322,#2323);
#2322 = CARTESIAN_POINT('',(-2.032,4.6482,-2.4892));
#2323 = VECTOR('',#2324,1.);
#2324 = DIRECTION('',(-0.,-0.,1.));
#2325 = ORIENTED_EDGE('',*,*,#2326,.F.);
#2326 = EDGE_CURVE('',#2327,#2319,#2329,.T.);
#2327 = VERTEX_POINT('',#2328);
#2328 = CARTESIAN_POINT('',(-2.032,4.5212,-2.8829));
#2329 = LINE('',#2330,#2331);
#2330 = CARTESIAN_POINT('',(-2.032,4.5212,-2.8829));
#2331 = VECTOR('',#2332,1.);
#2332 = DIRECTION('',(0.,1.,0.));
#2333 = ORIENTED_EDGE('',*,*,#2334,.T.);
#2334 = EDGE_CURVE('',#2327,#2296,#2335,.T.);
#2335 = LINE('',#2336,#2337);
#2336 = CARTESIAN_POINT('',(-2.032,4.5212,-2.4892));
#2337 = VECTOR('',#2338,1.);
#2338 = DIRECTION('',(-0.,-0.,1.));
#2339 = ORIENTED_EDGE('',*,*,#2295,.T.);
#2340 = PLANE('',#2341);
#2341 = AXIS2_PLACEMENT_3D('',#2342,#2343,#2344);
#2342 = CARTESIAN_POINT('',(-2.032,4.5212,-2.4892));
#2343 = DIRECTION('',(-1.,0.,0.));
#2344 = DIRECTION('',(0.,0.,1.));
#2345 = ADVANCED_FACE('',(#2346),#2362,.T.);
#2346 = FACE_BOUND('',#2347,.T.);
#2347 = EDGE_LOOP('',(#2348,#2354,#2355,#2361));
#2348 = ORIENTED_EDGE('',*,*,#2349,.F.);
#2349 = EDGE_CURVE('',#2250,#2319,#2350,.T.);
#2350 = LINE('',#2351,#2352);
#2351 = CARTESIAN_POINT('',(-2.032,4.6482,-2.8829));
#2352 = VECTOR('',#2353,1.);
#2353 = DIRECTION('',(-1.,-0.,-1.101551610348E-15));
#2354 = ORIENTED_EDGE('',*,*,#2273,.F.);
#2355 = ORIENTED_EDGE('',*,*,#2356,.T.);
#2356 = EDGE_CURVE('',#2266,#2327,#2357,.T.);
#2357 = LINE('',#2358,#2359);
#2358 = CARTESIAN_POINT('',(-2.032,4.5212,-2.8829));
#2359 = VECTOR('',#2360,1.);
#2360 = DIRECTION('',(-1.,-0.,-1.101551610348E-15));
#2361 = ORIENTED_EDGE('',*,*,#2326,.T.);
#2362 = PLANE('',#2363);
#2363 = AXIS2_PLACEMENT_3D('',#2364,#2365,#2366);
#2364 = CARTESIAN_POINT('',(-2.032,4.5212,-2.8829));
#2365 = DIRECTION('',(1.101551610348E-15,0.,-1.));
#2366 = DIRECTION('',(-1.,0.,-1.101551610348E-15));
#2367 = ADVANCED_FACE('',(#2368),#2374,.T.);
#2368 = FACE_BOUND('',#2369,.T.);
#2369 = EDGE_LOOP('',(#2370,#2371,#2372,#2373));
#2370 = ORIENTED_EDGE('',*,*,#2265,.F.);
#2371 = ORIENTED_EDGE('',*,*,#2303,.F.);
#2372 = ORIENTED_EDGE('',*,*,#2334,.F.);
#2373 = ORIENTED_EDGE('',*,*,#2356,.F.);
#2374 = PLANE('',#2375);
#2375 = AXIS2_PLACEMENT_3D('',#2376,#2377,#2378);
#2376 = CARTESIAN_POINT('',(0.,4.5212,0.));
#2377 = DIRECTION('',(0.,-1.,0.));
#2378 = DIRECTION('',(0.,-0.,-1.));
#2379 = ADVANCED_FACE('',(#2380),#2386,.F.);
#2380 = FACE_BOUND('',#2381,.T.);
#2381 = EDGE_LOOP('',(#2382,#2383,#2384,#2385));
#2382 = ORIENTED_EDGE('',*,*,#2247,.T.);
#2383 = ORIENTED_EDGE('',*,*,#2349,.T.);
#2384 = ORIENTED_EDGE('',*,*,#2318,.T.);
#2385 = ORIENTED_EDGE('',*,*,#2287,.T.);
#2386 = PLANE('',#2387);
#2387 = AXIS2_PLACEMENT_3D('',#2388,#2389,#2390);
#2388 = CARTESIAN_POINT('',(0.,4.6482,0.));
#2389 = DIRECTION('',(0.,-1.,0.));
#2390 = DIRECTION('',(0.,-0.,-1.));
#2391 = MANIFOLD_SOLID_BREP('',#2392);
#2392 = CLOSED_SHELL('',(#2393,#2433,#2464,#2495,#2517,#2529));
#2393 = ADVANCED_FACE('',(#2394),#2428,.T.);
#2394 = FACE_BOUND('',#2395,.T.);
#2395 = EDGE_LOOP('',(#2396,#2406,#2414,#2422));
#2396 = ORIENTED_EDGE('',*,*,#2397,.F.);
#2397 = EDGE_CURVE('',#2398,#2400,#2402,.T.);
#2398 = VERTEX_POINT('',#2399);
#2399 = CARTESIAN_POINT('',(-0.8001,0.,-1.016));
#2400 = VERTEX_POINT('',#2401);
#2401 = CARTESIAN_POINT('',(-0.8001,0.,-1.524));
#2402 = LINE('',#2403,#2404);
#2403 = CARTESIAN_POINT('',(-0.8001,0.,-1.016));
#2404 = VECTOR('',#2405,1.);
#2405 = DIRECTION('',(0.,0.,-1.));
#2406 = ORIENTED_EDGE('',*,*,#2407,.F.);
#2407 = EDGE_CURVE('',#2408,#2398,#2410,.T.);
#2408 = VERTEX_POINT('',#2409);
#2409 = CARTESIAN_POINT('',(-0.8001,-12.7,-1.016));
#2410 = LINE('',#2411,#2412);
#2411 = CARTESIAN_POINT('',(-0.8001,-12.7,-1.016));
#2412 = VECTOR('',#2413,1.);
#2413 = DIRECTION('',(0.,1.,0.));
#2414 = ORIENTED_EDGE('',*,*,#2415,.T.);
#2415 = EDGE_CURVE('',#2408,#2416,#2418,.T.);
#2416 = VERTEX_POINT('',#2417);
#2417 = CARTESIAN_POINT('',(-0.8001,-12.7,-1.524));
#2418 = LINE('',#2419,#2420);
#2419 = CARTESIAN_POINT('',(-0.8001,-12.7,-1.016));
#2420 = VECTOR('',#2421,1.);
#2421 = DIRECTION('',(0.,0.,-1.));
#2422 = ORIENTED_EDGE('',*,*,#2423,.T.);
#2423 = EDGE_CURVE('',#2416,#2400,#2424,.T.);
#2424 = LINE('',#2425,#2426);
#2425 = CARTESIAN_POINT('',(-0.8001,-12.7,-1.524));
#2426 = VECTOR('',#2427,1.);
#2427 = DIRECTION('',(0.,1.,0.));
#2428 = PLANE('',#2429);
#2429 = AXIS2_PLACEMENT_3D('',#2430,#2431,#2432);
#2430 = CARTESIAN_POINT('',(-0.8001,-12.7,-1.016));
#2431 = DIRECTION('',(1.,-0.,0.));
#2432 = DIRECTION('',(0.,0.,-1.));
#2433 = ADVANCED_FACE('',(#2434),#2459,.T.);
#2434 = FACE_BOUND('',#2435,.T.);
#2435 = EDGE_LOOP('',(#2436,#2444,#2452,#2458));
#2436 = ORIENTED_EDGE('',*,*,#2437,.F.);
#2437 = EDGE_CURVE('',#2438,#2398,#2440,.T.);
#2438 = VERTEX_POINT('',#2439);
#2439 = CARTESIAN_POINT('',(-1.3081,0.,-1.016));
#2440 = LINE('',#2441,#2442);
#2441 = CARTESIAN_POINT('',(-1.3081,0.,-1.016));
#2442 = VECTOR('',#2443,1.);
#2443 = DIRECTION('',(1.,0.,0.));
#2444 = ORIENTED_EDGE('',*,*,#2445,.F.);
#2445 = EDGE_CURVE('',#2446,#2438,#2448,.T.);
#2446 = VERTEX_POINT('',#2447);
#2447 = CARTESIAN_POINT('',(-1.3081,-12.7,-1.016));
#2448 = LINE('',#2449,#2450);
#2449 = CARTESIAN_POINT('',(-1.3081,-12.7,-1.016));
#2450 = VECTOR('',#2451,1.);
#2451 = DIRECTION('',(0.,1.,0.));
#2452 = ORIENTED_EDGE('',*,*,#2453,.T.);
#2453 = EDGE_CURVE('',#2446,#2408,#2454,.T.);
#2454 = LINE('',#2455,#2456);
#2455 = CARTESIAN_POINT('',(-1.3081,-12.7,-1.016));
#2456 = VECTOR('',#2457,1.);
#2457 = DIRECTION('',(1.,0.,0.));
#2458 = ORIENTED_EDGE('',*,*,#2407,.T.);
#2459 = PLANE('',#2460);
#2460 = AXIS2_PLACEMENT_3D('',#2461,#2462,#2463);
#2461 = CARTESIAN_POINT('',(-1.3081,-12.7,-1.016));
#2462 = DIRECTION('',(0.,0.,1.));
#2463 = DIRECTION('',(1.,0.,-0.));
#2464 = ADVANCED_FACE('',(#2465),#2490,.T.);
#2465 = FACE_BOUND('',#2466,.T.);
#2466 = EDGE_LOOP('',(#2467,#2475,#2483,#2489));
#2467 = ORIENTED_EDGE('',*,*,#2468,.F.);
#2468 = EDGE_CURVE('',#2469,#2438,#2471,.T.);
#2469 = VERTEX_POINT('',#2470);
#2470 = CARTESIAN_POINT('',(-1.3081,0.,-1.524));
#2471 = LINE('',#2472,#2473);
#2472 = CARTESIAN_POINT('',(-1.3081,0.,-1.016));
#2473 = VECTOR('',#2474,1.);
#2474 = DIRECTION('',(-0.,-0.,1.));
#2475 = ORIENTED_EDGE('',*,*,#2476,.F.);
#2476 = EDGE_CURVE('',#2477,#2469,#2479,.T.);
#2477 = VERTEX_POINT('',#2478);
#2478 = CARTESIAN_POINT('',(-1.3081,-12.7,-1.524));
#2479 = LINE('',#2480,#2481);
#2480 = CARTESIAN_POINT('',(-1.3081,-12.7,-1.524));
#2481 = VECTOR('',#2482,1.);
#2482 = DIRECTION('',(0.,1.,0.));
#2483 = ORIENTED_EDGE('',*,*,#2484,.T.);
#2484 = EDGE_CURVE('',#2477,#2446,#2485,.T.);
#2485 = LINE('',#2486,#2487);
#2486 = CARTESIAN_POINT('',(-1.3081,-12.7,-1.016));
#2487 = VECTOR('',#2488,1.);
#2488 = DIRECTION('',(-0.,-0.,1.));
#2489 = ORIENTED_EDGE('',*,*,#2445,.T.);
#2490 = PLANE('',#2491);
#2491 = AXIS2_PLACEMENT_3D('',#2492,#2493,#2494);
#2492 = CARTESIAN_POINT('',(-1.3081,-12.7,-1.016));
#2493 = DIRECTION('',(-1.,0.,0.));
#2494 = DIRECTION('',(0.,0.,1.));
#2495 = ADVANCED_FACE('',(#2496),#2512,.T.);
#2496 = FACE_BOUND('',#2497,.T.);
#2497 = EDGE_LOOP('',(#2498,#2504,#2505,#2511));
#2498 = ORIENTED_EDGE('',*,*,#2499,.F.);
#2499 = EDGE_CURVE('',#2400,#2469,#2500,.T.);
#2500 = LINE('',#2501,#2502);
#2501 = CARTESIAN_POINT('',(-1.3081,0.,-1.524));
#2502 = VECTOR('',#2503,1.);
#2503 = DIRECTION('',(-1.,-0.,-0.));
#2504 = ORIENTED_EDGE('',*,*,#2423,.F.);
#2505 = ORIENTED_EDGE('',*,*,#2506,.T.);
#2506 = EDGE_CURVE('',#2416,#2477,#2507,.T.);
#2507 = LINE('',#2508,#2509);
#2508 = CARTESIAN_POINT('',(-1.3081,-12.7,-1.524));
#2509 = VECTOR('',#2510,1.);
#2510 = DIRECTION('',(-1.,-0.,-0.));
#2511 = ORIENTED_EDGE('',*,*,#2476,.T.);
#2512 = PLANE('',#2513);
#2513 = AXIS2_PLACEMENT_3D('',#2514,#2515,#2516);
#2514 = CARTESIAN_POINT('',(-1.3081,-12.7,-1.524));
#2515 = DIRECTION('',(0.,0.,-1.));
#2516 = DIRECTION('',(-1.,0.,-0.));
#2517 = ADVANCED_FACE('',(#2518),#2524,.T.);
#2518 = FACE_BOUND('',#2519,.T.);
#2519 = EDGE_LOOP('',(#2520,#2521,#2522,#2523));
#2520 = ORIENTED_EDGE('',*,*,#2415,.F.);
#2521 = ORIENTED_EDGE('',*,*,#2453,.F.);
#2522 = ORIENTED_EDGE('',*,*,#2484,.F.);
#2523 = ORIENTED_EDGE('',*,*,#2506,.F.);
#2524 = PLANE('',#2525);
#2525 = AXIS2_PLACEMENT_3D('',#2526,#2527,#2528);
#2526 = CARTESIAN_POINT('',(0.,-12.7,0.));
#2527 = DIRECTION('',(0.,-1.,0.));
#2528 = DIRECTION('',(0.,-0.,-1.));
#2529 = ADVANCED_FACE('',(#2530),#2536,.F.);
#2530 = FACE_BOUND('',#2531,.T.);
#2531 = EDGE_LOOP('',(#2532,#2533,#2534,#2535));
#2532 = ORIENTED_EDGE('',*,*,#2397,.T.);
#2533 = ORIENTED_EDGE('',*,*,#2499,.T.);
#2534 = ORIENTED_EDGE('',*,*,#2468,.T.);
#2535 = ORIENTED_EDGE('',*,*,#2437,.T.);
#2536 = PLANE('',#2537);
#2537 = AXIS2_PLACEMENT_3D('',#2538,#2539,#2540);
#2538 = CARTESIAN_POINT('',(0.,0.,0.));
#2539 = DIRECTION('',(0.,-1.,0.));
#2540 = DIRECTION('',(0.,-0.,-1.));
#2541 = MANIFOLD_SOLID_BREP('',#2542);
#2542 = CLOSED_SHELL('',(#2543,#2583,#2614,#2645,#2667,#2679));
#2543 = ADVANCED_FACE('',(#2544),#2578,.T.);
#2544 = FACE_BOUND('',#2545,.T.);
#2545 = EDGE_LOOP('',(#2546,#2556,#2564,#2572));
#2546 = ORIENTED_EDGE('',*,*,#2547,.F.);
#2547 = EDGE_CURVE('',#2548,#2550,#2552,.T.);
#2548 = VERTEX_POINT('',#2549);
#2549 = CARTESIAN_POINT('',(1.3081,0.,-1.016));
#2550 = VERTEX_POINT('',#2551);
#2551 = CARTESIAN_POINT('',(1.3081,0.,-1.524));
#2552 = LINE('',#2553,#2554);
#2553 = CARTESIAN_POINT('',(1.3081,0.,-1.016));
#2554 = VECTOR('',#2555,1.);
#2555 = DIRECTION('',(0.,0.,-1.));
#2556 = ORIENTED_EDGE('',*,*,#2557,.F.);
#2557 = EDGE_CURVE('',#2558,#2548,#2560,.T.);
#2558 = VERTEX_POINT('',#2559);
#2559 = CARTESIAN_POINT('',(1.3081,-12.7,-1.016));
#2560 = LINE('',#2561,#2562);
#2561 = CARTESIAN_POINT('',(1.3081,-12.7,-1.016));
#2562 = VECTOR('',#2563,1.);
#2563 = DIRECTION('',(0.,1.,0.));
#2564 = ORIENTED_EDGE('',*,*,#2565,.T.);
#2565 = EDGE_CURVE('',#2558,#2566,#2568,.T.);
#2566 = VERTEX_POINT('',#2567);
#2567 = CARTESIAN_POINT('',(1.3081,-12.7,-1.524));
#2568 = LINE('',#2569,#2570);
#2569 = CARTESIAN_POINT('',(1.3081,-12.7,-1.016));
#2570 = VECTOR('',#2571,1.);
#2571 = DIRECTION('',(0.,0.,-1.));
#2572 = ORIENTED_EDGE('',*,*,#2573,.T.);
#2573 = EDGE_CURVE('',#2566,#2550,#2574,.T.);
#2574 = LINE('',#2575,#2576);
#2575 = CARTESIAN_POINT('',(1.3081,-12.7,-1.524));
#2576 = VECTOR('',#2577,1.);
#2577 = DIRECTION('',(0.,1.,0.));
#2578 = PLANE('',#2579);
#2579 = AXIS2_PLACEMENT_3D('',#2580,#2581,#2582);
#2580 = CARTESIAN_POINT('',(1.3081,-12.7,-1.016));
#2581 = DIRECTION('',(1.,-0.,0.));
#2582 = DIRECTION('',(0.,0.,-1.));
#2583 = ADVANCED_FACE('',(#2584),#2609,.T.);
#2584 = FACE_BOUND('',#2585,.T.);
#2585 = EDGE_LOOP('',(#2586,#2594,#2602,#2608));
#2586 = ORIENTED_EDGE('',*,*,#2587,.F.);
#2587 = EDGE_CURVE('',#2588,#2548,#2590,.T.);
#2588 = VERTEX_POINT('',#2589);
#2589 = CARTESIAN_POINT('',(0.8001,0.,-1.016));
#2590 = LINE('',#2591,#2592);
#2591 = CARTESIAN_POINT('',(1.3081,0.,-1.016));
#2592 = VECTOR('',#2593,1.);
#2593 = DIRECTION('',(1.,-0.,-0.));
#2594 = ORIENTED_EDGE('',*,*,#2595,.F.);
#2595 = EDGE_CURVE('',#2596,#2588,#2598,.T.);
#2596 = VERTEX_POINT('',#2597);
#2597 = CARTESIAN_POINT('',(0.8001,-12.7,-1.016));
#2598 = LINE('',#2599,#2600);
#2599 = CARTESIAN_POINT('',(0.8001,-12.7,-1.016));
#2600 = VECTOR('',#2601,1.);
#2601 = DIRECTION('',(0.,1.,0.));
#2602 = ORIENTED_EDGE('',*,*,#2603,.T.);
#2603 = EDGE_CURVE('',#2596,#2558,#2604,.T.);
#2604 = LINE('',#2605,#2606);
#2605 = CARTESIAN_POINT('',(1.3081,-12.7,-1.016));
#2606 = VECTOR('',#2607,1.);
#2607 = DIRECTION('',(1.,-0.,-0.));
#2608 = ORIENTED_EDGE('',*,*,#2557,.T.);
#2609 = PLANE('',#2610);
#2610 = AXIS2_PLACEMENT_3D('',#2611,#2612,#2613);
#2611 = CARTESIAN_POINT('',(1.3081,-12.7,-1.016));
#2612 = DIRECTION('',(0.,-0.,1.));
#2613 = DIRECTION('',(1.,0.,0.));
#2614 = ADVANCED_FACE('',(#2615),#2640,.T.);
#2615 = FACE_BOUND('',#2616,.T.);
#2616 = EDGE_LOOP('',(#2617,#2625,#2633,#2639));
#2617 = ORIENTED_EDGE('',*,*,#2618,.F.);
#2618 = EDGE_CURVE('',#2619,#2588,#2621,.T.);
#2619 = VERTEX_POINT('',#2620);
#2620 = CARTESIAN_POINT('',(0.8001,0.,-1.524));
#2621 = LINE('',#2622,#2623);
#2622 = CARTESIAN_POINT('',(0.8001,0.,-1.016));
#2623 = VECTOR('',#2624,1.);
#2624 = DIRECTION('',(-4.2685124901E-16,-0.,1.));
#2625 = ORIENTED_EDGE('',*,*,#2626,.F.);
#2626 = EDGE_CURVE('',#2627,#2619,#2629,.T.);
#2627 = VERTEX_POINT('',#2628);
#2628 = CARTESIAN_POINT('',(0.8001,-12.7,-1.524));
#2629 = LINE('',#2630,#2631);
#2630 = CARTESIAN_POINT('',(0.8001,-12.7,-1.524));
#2631 = VECTOR('',#2632,1.);
#2632 = DIRECTION('',(0.,1.,0.));
#2633 = ORIENTED_EDGE('',*,*,#2634,.T.);
#2634 = EDGE_CURVE('',#2627,#2596,#2635,.T.);
#2635 = LINE('',#2636,#2637);
#2636 = CARTESIAN_POINT('',(0.8001,-12.7,-1.016));
#2637 = VECTOR('',#2638,1.);
#2638 = DIRECTION('',(-4.2685124901E-16,-0.,1.));
#2639 = ORIENTED_EDGE('',*,*,#2595,.T.);
#2640 = PLANE('',#2641);
#2641 = AXIS2_PLACEMENT_3D('',#2642,#2643,#2644);
#2642 = CARTESIAN_POINT('',(0.8001,-12.7,-1.016));
#2643 = DIRECTION('',(-1.,0.,-4.2685124901E-16));
#2644 = DIRECTION('',(-4.2685124901E-16,0.,1.));
#2645 = ADVANCED_FACE('',(#2646),#2662,.T.);
#2646 = FACE_BOUND('',#2647,.T.);
#2647 = EDGE_LOOP('',(#2648,#2654,#2655,#2661));
#2648 = ORIENTED_EDGE('',*,*,#2649,.F.);
#2649 = EDGE_CURVE('',#2550,#2619,#2650,.T.);
#2650 = LINE('',#2651,#2652);
#2651 = CARTESIAN_POINT('',(1.3081,0.,-1.524));
#2652 = VECTOR('',#2653,1.);
#2653 = DIRECTION('',(-1.,0.,0.));
#2654 = ORIENTED_EDGE('',*,*,#2573,.F.);
#2655 = ORIENTED_EDGE('',*,*,#2656,.T.);
#2656 = EDGE_CURVE('',#2566,#2627,#2657,.T.);
#2657 = LINE('',#2658,#2659);
#2658 = CARTESIAN_POINT('',(1.3081,-12.7,-1.524));
#2659 = VECTOR('',#2660,1.);
#2660 = DIRECTION('',(-1.,0.,0.));
#2661 = ORIENTED_EDGE('',*,*,#2626,.T.);
#2662 = PLANE('',#2663);
#2663 = AXIS2_PLACEMENT_3D('',#2664,#2665,#2666);
#2664 = CARTESIAN_POINT('',(1.3081,-12.7,-1.524));
#2665 = DIRECTION('',(0.,0.,-1.));
#2666 = DIRECTION('',(-1.,0.,-0.));
#2667 = ADVANCED_FACE('',(#2668),#2674,.F.);
#2668 = FACE_BOUND('',#2669,.T.);
#2669 = EDGE_LOOP('',(#2670,#2671,#2672,#2673));
#2670 = ORIENTED_EDGE('',*,*,#2565,.F.);
#2671 = ORIENTED_EDGE('',*,*,#2603,.F.);
#2672 = ORIENTED_EDGE('',*,*,#2634,.F.);
#2673 = ORIENTED_EDGE('',*,*,#2656,.F.);
#2674 = PLANE('',#2675);
#2675 = AXIS2_PLACEMENT_3D('',#2676,#2677,#2678);
#2676 = CARTESIAN_POINT('',(0.,-12.7,0.));
#2677 = DIRECTION('',(0.,1.,0.));
#2678 = DIRECTION('',(0.,-0.,1.));
#2679 = ADVANCED_FACE('',(#2680),#2686,.T.);
#2680 = FACE_BOUND('',#2681,.T.);
#2681 = EDGE_LOOP('',(#2682,#2683,#2684,#2685));
#2682 = ORIENTED_EDGE('',*,*,#2547,.T.);
#2683 = ORIENTED_EDGE('',*,*,#2649,.T.);
#2684 = ORIENTED_EDGE('',*,*,#2618,.T.);
#2685 = ORIENTED_EDGE('',*,*,#2587,.T.);
#2686 = PLANE('',#2687);
#2687 = AXIS2_PLACEMENT_3D('',#2688,#2689,#2690);
#2688 = CARTESIAN_POINT('',(0.,0.,0.));
#2689 = DIRECTION('',(0.,1.,0.));
#2690 = DIRECTION('',(0.,-0.,1.));
#2691 = MANIFOLD_SOLID_BREP('',#2692);
#2692 = CLOSED_SHELL('',(#2693,#2733,#2764,#2795,#2817,#2829));
#2693 = ADVANCED_FACE('',(#2694),#2728,.T.);
#2694 = FACE_BOUND('',#2695,.T.);
#2695 = EDGE_LOOP('',(#2696,#2706,#2714,#2722));
#2696 = ORIENTED_EDGE('',*,*,#2697,.F.);
#2697 = EDGE_CURVE('',#2698,#2700,#2702,.T.);
#2698 = VERTEX_POINT('',#2699);
#2699 = CARTESIAN_POINT('',(1.3081,0.,1.524));
#2700 = VERTEX_POINT('',#2701);
#2701 = CARTESIAN_POINT('',(1.3081,0.,1.016));
#2702 = LINE('',#2703,#2704);
#2703 = CARTESIAN_POINT('',(1.3081,0.,1.016));
#2704 = VECTOR('',#2705,1.);
#2705 = DIRECTION('',(8.537024980201E-16,-0.,-1.));
#2706 = ORIENTED_EDGE('',*,*,#2707,.F.);
#2707 = EDGE_CURVE('',#2708,#2698,#2710,.T.);
#2708 = VERTEX_POINT('',#2709);
#2709 = CARTESIAN_POINT('',(1.3081,-12.7,1.524));
#2710 = LINE('',#2711,#2712);
#2711 = CARTESIAN_POINT('',(1.3081,-12.7,1.524));
#2712 = VECTOR('',#2713,1.);
#2713 = DIRECTION('',(0.,1.,0.));
#2714 = ORIENTED_EDGE('',*,*,#2715,.T.);
#2715 = EDGE_CURVE('',#2708,#2716,#2718,.T.);
#2716 = VERTEX_POINT('',#2717);
#2717 = CARTESIAN_POINT('',(1.3081,-12.7,1.016));
#2718 = LINE('',#2719,#2720);
#2719 = CARTESIAN_POINT('',(1.3081,-12.7,1.016));
#2720 = VECTOR('',#2721,1.);
#2721 = DIRECTION('',(8.537024980201E-16,-0.,-1.));
#2722 = ORIENTED_EDGE('',*,*,#2723,.T.);
#2723 = EDGE_CURVE('',#2716,#2700,#2724,.T.);
#2724 = LINE('',#2725,#2726);
#2725 = CARTESIAN_POINT('',(1.3081,-12.7,1.016));
#2726 = VECTOR('',#2727,1.);
#2727 = DIRECTION('',(0.,1.,0.));
#2728 = PLANE('',#2729);
#2729 = AXIS2_PLACEMENT_3D('',#2730,#2731,#2732);
#2730 = CARTESIAN_POINT('',(1.3081,-12.7,1.016));
#2731 = DIRECTION('',(1.,-0.,8.537024980201E-16));
#2732 = DIRECTION('',(8.537024980201E-16,0.,-1.));
#2733 = ADVANCED_FACE('',(#2734),#2759,.T.);
#2734 = FACE_BOUND('',#2735,.T.);
#2735 = EDGE_LOOP('',(#2736,#2744,#2752,#2758));
#2736 = ORIENTED_EDGE('',*,*,#2737,.F.);
#2737 = EDGE_CURVE('',#2738,#2698,#2740,.T.);
#2738 = VERTEX_POINT('',#2739);
#2739 = CARTESIAN_POINT('',(0.8001,0.,1.524));
#2740 = LINE('',#2741,#2742);
#2741 = CARTESIAN_POINT('',(1.3081,0.,1.524));
#2742 = VECTOR('',#2743,1.);
#2743 = DIRECTION('',(1.,-0.,8.537024980201E-16));
#2744 = ORIENTED_EDGE('',*,*,#2745,.F.);
#2745 = EDGE_CURVE('',#2746,#2738,#2748,.T.);
#2746 = VERTEX_POINT('',#2747);
#2747 = CARTESIAN_POINT('',(0.8001,-12.7,1.524));
#2748 = LINE('',#2749,#2750);
#2749 = CARTESIAN_POINT('',(0.8001,-12.7,1.524));
#2750 = VECTOR('',#2751,1.);
#2751 = DIRECTION('',(0.,1.,0.));
#2752 = ORIENTED_EDGE('',*,*,#2753,.T.);
#2753 = EDGE_CURVE('',#2746,#2708,#2754,.T.);
#2754 = LINE('',#2755,#2756);
#2755 = CARTESIAN_POINT('',(1.3081,-12.7,1.524));
#2756 = VECTOR('',#2757,1.);
#2757 = DIRECTION('',(1.,-0.,8.537024980201E-16));
#2758 = ORIENTED_EDGE('',*,*,#2707,.T.);
#2759 = PLANE('',#2760);
#2760 = AXIS2_PLACEMENT_3D('',#2761,#2762,#2763);
#2761 = CARTESIAN_POINT('',(1.3081,-12.7,1.524));
#2762 = DIRECTION('',(-8.537024980201E-16,0.,1.));
#2763 = DIRECTION('',(1.,0.,8.537024980201E-16));
#2764 = ADVANCED_FACE('',(#2765),#2790,.T.);
#2765 = FACE_BOUND('',#2766,.T.);
#2766 = EDGE_LOOP('',(#2767,#2775,#2783,#2789));
#2767 = ORIENTED_EDGE('',*,*,#2768,.F.);
#2768 = EDGE_CURVE('',#2769,#2738,#2771,.T.);
#2769 = VERTEX_POINT('',#2770);
#2770 = CARTESIAN_POINT('',(0.8001,0.,1.016));
#2771 = LINE('',#2772,#2773);
#2772 = CARTESIAN_POINT('',(0.8001,0.,1.016));
#2773 = VECTOR('',#2774,1.);
#2774 = DIRECTION('',(-4.2685124901E-16,0.,1.));
#2775 = ORIENTED_EDGE('',*,*,#2776,.F.);
#2776 = EDGE_CURVE('',#2777,#2769,#2779,.T.);
#2777 = VERTEX_POINT('',#2778);
#2778 = CARTESIAN_POINT('',(0.8001,-12.7,1.016));
#2779 = LINE('',#2780,#2781);
#2780 = CARTESIAN_POINT('',(0.8001,-12.7,1.016));
#2781 = VECTOR('',#2782,1.);
#2782 = DIRECTION('',(0.,1.,0.));
#2783 = ORIENTED_EDGE('',*,*,#2784,.T.);
#2784 = EDGE_CURVE('',#2777,#2746,#2785,.T.);
#2785 = LINE('',#2786,#2787);
#2786 = CARTESIAN_POINT('',(0.8001,-12.7,1.016));
#2787 = VECTOR('',#2788,1.);
#2788 = DIRECTION('',(-4.2685124901E-16,0.,1.));
#2789 = ORIENTED_EDGE('',*,*,#2745,.T.);
#2790 = PLANE('',#2791);
#2791 = AXIS2_PLACEMENT_3D('',#2792,#2793,#2794);
#2792 = CARTESIAN_POINT('',(0.8001,-12.7,1.016));
#2793 = DIRECTION('',(-1.,0.,-4.2685124901E-16));
#2794 = DIRECTION('',(-4.2685124901E-16,0.,1.));
#2795 = ADVANCED_FACE('',(#2796),#2812,.T.);
#2796 = FACE_BOUND('',#2797,.T.);
#2797 = EDGE_LOOP('',(#2798,#2804,#2805,#2811));
#2798 = ORIENTED_EDGE('',*,*,#2799,.F.);
#2799 = EDGE_CURVE('',#2700,#2769,#2800,.T.);
#2800 = LINE('',#2801,#2802);
#2801 = CARTESIAN_POINT('',(1.3081,0.,1.016));
#2802 = VECTOR('',#2803,1.);
#2803 = DIRECTION('',(-1.,0.,-8.537024980201E-16));
#2804 = ORIENTED_EDGE('',*,*,#2723,.F.);
#2805 = ORIENTED_EDGE('',*,*,#2806,.T.);
#2806 = EDGE_CURVE('',#2716,#2777,#2807,.T.);
#2807 = LINE('',#2808,#2809);
#2808 = CARTESIAN_POINT('',(1.3081,-12.7,1.016));
#2809 = VECTOR('',#2810,1.);
#2810 = DIRECTION('',(-1.,0.,-8.537024980201E-16));
#2811 = ORIENTED_EDGE('',*,*,#2776,.T.);
#2812 = PLANE('',#2813);
#2813 = AXIS2_PLACEMENT_3D('',#2814,#2815,#2816);
#2814 = CARTESIAN_POINT('',(1.3081,-12.7,1.016));
#2815 = DIRECTION('',(8.537024980201E-16,0.,-1.));
#2816 = DIRECTION('',(-1.,0.,-8.537024980201E-16));
#2817 = ADVANCED_FACE('',(#2818),#2824,.T.);
#2818 = FACE_BOUND('',#2819,.T.);
#2819 = EDGE_LOOP('',(#2820,#2821,#2822,#2823));
#2820 = ORIENTED_EDGE('',*,*,#2715,.F.);
#2821 = ORIENTED_EDGE('',*,*,#2753,.F.);
#2822 = ORIENTED_EDGE('',*,*,#2784,.F.);
#2823 = ORIENTED_EDGE('',*,*,#2806,.F.);
#2824 = PLANE('',#2825);
#2825 = AXIS2_PLACEMENT_3D('',#2826,#2827,#2828);
#2826 = CARTESIAN_POINT('',(0.,-12.7,0.));
#2827 = DIRECTION('',(0.,-1.,0.));
#2828 = DIRECTION('',(0.,-0.,-1.));
#2829 = ADVANCED_FACE('',(#2830),#2836,.F.);
#2830 = FACE_BOUND('',#2831,.T.);
#2831 = EDGE_LOOP('',(#2832,#2833,#2834,#2835));
#2832 = ORIENTED_EDGE('',*,*,#2697,.T.);
#2833 = ORIENTED_EDGE('',*,*,#2799,.T.);
#2834 = ORIENTED_EDGE('',*,*,#2768,.T.);
#2835 = ORIENTED_EDGE('',*,*,#2737,.T.);
#2836 = PLANE('',#2837);
#2837 = AXIS2_PLACEMENT_3D('',#2838,#2839,#2840);
#2838 = CARTESIAN_POINT('',(0.,0.,0.));
#2839 = DIRECTION('',(0.,-1.,0.));
#2840 = DIRECTION('',(0.,-0.,-1.));
#2841 = MANIFOLD_SOLID_BREP('',#2842);
#2842 = CLOSED_SHELL('',(#2843,#2883,#2914,#2945,#2967,#2979));
#2843 = ADVANCED_FACE('',(#2844),#2878,.T.);
#2844 = FACE_BOUND('',#2845,.T.);
#2845 = EDGE_LOOP('',(#2846,#2856,#2864,#2872));
#2846 = ORIENTED_EDGE('',*,*,#2847,.F.);
#2847 = EDGE_CURVE('',#2848,#2850,#2852,.T.);
#2848 = VERTEX_POINT('',#2849);
#2849 = CARTESIAN_POINT('',(-1.3081,0.,1.016));
#2850 = VERTEX_POINT('',#2851);
#2851 = CARTESIAN_POINT('',(-1.3081,0.,1.524));
#2852 = LINE('',#2853,#2854);
#2853 = CARTESIAN_POINT('',(-1.3081,0.,1.016));
#2854 = VECTOR('',#2855,1.);
#2855 = DIRECTION('',(0.,0.,1.));
#2856 = ORIENTED_EDGE('',*,*,#2857,.F.);
#2857 = EDGE_CURVE('',#2858,#2848,#2860,.T.);
#2858 = VERTEX_POINT('',#2859);
#2859 = CARTESIAN_POINT('',(-1.3081,-12.7,1.016));
#2860 = LINE('',#2861,#2862);
#2861 = CARTESIAN_POINT('',(-1.3081,-12.7,1.016));
#2862 = VECTOR('',#2863,1.);
#2863 = DIRECTION('',(0.,1.,0.));
#2864 = ORIENTED_EDGE('',*,*,#2865,.T.);
#2865 = EDGE_CURVE('',#2858,#2866,#2868,.T.);
#2866 = VERTEX_POINT('',#2867);
#2867 = CARTESIAN_POINT('',(-1.3081,-12.7,1.524));
#2868 = LINE('',#2869,#2870);
#2869 = CARTESIAN_POINT('',(-1.3081,-12.7,1.016));
#2870 = VECTOR('',#2871,1.);
#2871 = DIRECTION('',(0.,0.,1.));
#2872 = ORIENTED_EDGE('',*,*,#2873,.T.);
#2873 = EDGE_CURVE('',#2866,#2850,#2874,.T.);
#2874 = LINE('',#2875,#2876);
#2875 = CARTESIAN_POINT('',(-1.3081,-12.7,1.524));
#2876 = VECTOR('',#2877,1.);
#2877 = DIRECTION('',(0.,1.,0.));
#2878 = PLANE('',#2879);
#2879 = AXIS2_PLACEMENT_3D('',#2880,#2881,#2882);
#2880 = CARTESIAN_POINT('',(-1.3081,-12.7,1.016));
#2881 = DIRECTION('',(-1.,0.,0.));
#2882 = DIRECTION('',(0.,0.,1.));
#2883 = ADVANCED_FACE('',(#2884),#2909,.T.);
#2884 = FACE_BOUND('',#2885,.T.);
#2885 = EDGE_LOOP('',(#2886,#2894,#2902,#2908));
#2886 = ORIENTED_EDGE('',*,*,#2887,.F.);
#2887 = EDGE_CURVE('',#2888,#2848,#2890,.T.);
#2888 = VERTEX_POINT('',#2889);
#2889 = CARTESIAN_POINT('',(-0.8001,0.,1.016));
#2890 = LINE('',#2891,#2892);
#2891 = CARTESIAN_POINT('',(-1.3081,0.,1.016));
#2892 = VECTOR('',#2893,1.);
#2893 = DIRECTION('',(-1.,-0.,-8.537024980201E-16));
#2894 = ORIENTED_EDGE('',*,*,#2895,.F.);
#2895 = EDGE_CURVE('',#2896,#2888,#2898,.T.);
#2896 = VERTEX_POINT('',#2897);
#2897 = CARTESIAN_POINT('',(-0.8001,-12.7,1.016));
#2898 = LINE('',#2899,#2900);
#2899 = CARTESIAN_POINT('',(-0.8001,-12.7,1.016));
#2900 = VECTOR('',#2901,1.);
#2901 = DIRECTION('',(0.,1.,0.));
#2902 = ORIENTED_EDGE('',*,*,#2903,.T.);
#2903 = EDGE_CURVE('',#2896,#2858,#2904,.T.);
#2904 = LINE('',#2905,#2906);
#2905 = CARTESIAN_POINT('',(-1.3081,-12.7,1.016));
#2906 = VECTOR('',#2907,1.);
#2907 = DIRECTION('',(-1.,-0.,-8.537024980201E-16));
#2908 = ORIENTED_EDGE('',*,*,#2857,.T.);
#2909 = PLANE('',#2910);
#2910 = AXIS2_PLACEMENT_3D('',#2911,#2912,#2913);
#2911 = CARTESIAN_POINT('',(-1.3081,-12.7,1.016));
#2912 = DIRECTION('',(8.537024980201E-16,0.,-1.));
#2913 = DIRECTION('',(-1.,0.,-8.537024980201E-16));
#2914 = ADVANCED_FACE('',(#2915),#2940,.T.);
#2915 = FACE_BOUND('',#2916,.T.);
#2916 = EDGE_LOOP('',(#2917,#2925,#2933,#2939));
#2917 = ORIENTED_EDGE('',*,*,#2918,.F.);
#2918 = EDGE_CURVE('',#2919,#2888,#2921,.T.);
#2919 = VERTEX_POINT('',#2920);
#2920 = CARTESIAN_POINT('',(-0.8001,0.,1.524));
#2921 = LINE('',#2922,#2923);
#2922 = CARTESIAN_POINT('',(-0.8001,0.,1.016));
#2923 = VECTOR('',#2924,1.);
#2924 = DIRECTION('',(-0.,-0.,-1.));
#2925 = ORIENTED_EDGE('',*,*,#2926,.F.);
#2926 = EDGE_CURVE('',#2927,#2919,#2929,.T.);
#2927 = VERTEX_POINT('',#2928);
#2928 = CARTESIAN_POINT('',(-0.8001,-12.7,1.524));
#2929 = LINE('',#2930,#2931);
#2930 = CARTESIAN_POINT('',(-0.8001,-12.7,1.524));
#2931 = VECTOR('',#2932,1.);
#2932 = DIRECTION('',(0.,1.,0.));
#2933 = ORIENTED_EDGE('',*,*,#2934,.T.);
#2934 = EDGE_CURVE('',#2927,#2896,#2935,.T.);
#2935 = LINE('',#2936,#2937);
#2936 = CARTESIAN_POINT('',(-0.8001,-12.7,1.016));
#2937 = VECTOR('',#2938,1.);
#2938 = DIRECTION('',(-0.,-0.,-1.));
#2939 = ORIENTED_EDGE('',*,*,#2895,.T.);
#2940 = PLANE('',#2941);
#2941 = AXIS2_PLACEMENT_3D('',#2942,#2943,#2944);
#2942 = CARTESIAN_POINT('',(-0.8001,-12.7,1.016));
#2943 = DIRECTION('',(1.,0.,0.));
#2944 = DIRECTION('',(0.,0.,-1.));
#2945 = ADVANCED_FACE('',(#2946),#2962,.T.);
#2946 = FACE_BOUND('',#2947,.T.);
#2947 = EDGE_LOOP('',(#2948,#2954,#2955,#2961));
#2948 = ORIENTED_EDGE('',*,*,#2949,.F.);
#2949 = EDGE_CURVE('',#2850,#2919,#2950,.T.);
#2950 = LINE('',#2951,#2952);
#2951 = CARTESIAN_POINT('',(-1.3081,0.,1.524));
#2952 = VECTOR('',#2953,1.);
#2953 = DIRECTION('',(1.,0.,8.537024980201E-16));
#2954 = ORIENTED_EDGE('',*,*,#2873,.F.);
#2955 = ORIENTED_EDGE('',*,*,#2956,.T.);
#2956 = EDGE_CURVE('',#2866,#2927,#2957,.T.);
#2957 = LINE('',#2958,#2959);
#2958 = CARTESIAN_POINT('',(-1.3081,-12.7,1.524));
#2959 = VECTOR('',#2960,1.);
#2960 = DIRECTION('',(1.,0.,8.537024980201E-16));
#2961 = ORIENTED_EDGE('',*,*,#2926,.T.);
#2962 = PLANE('',#2963);
#2963 = AXIS2_PLACEMENT_3D('',#2964,#2965,#2966);
#2964 = CARTESIAN_POINT('',(-1.3081,-12.7,1.524));
#2965 = DIRECTION('',(-8.537024980201E-16,0.,1.));
#2966 = DIRECTION('',(1.,0.,8.537024980201E-16));
#2967 = ADVANCED_FACE('',(#2968),#2974,.F.);
#2968 = FACE_BOUND('',#2969,.T.);
#2969 = EDGE_LOOP('',(#2970,#2971,#2972,#2973));
#2970 = ORIENTED_EDGE('',*,*,#2865,.F.);
#2971 = ORIENTED_EDGE('',*,*,#2903,.F.);
#2972 = ORIENTED_EDGE('',*,*,#2934,.F.);
#2973 = ORIENTED_EDGE('',*,*,#2956,.F.);
#2974 = PLANE('',#2975);
#2975 = AXIS2_PLACEMENT_3D('',#2976,#2977,#2978);
#2976 = CARTESIAN_POINT('',(0.,-12.7,0.));
#2977 = DIRECTION('',(0.,1.,0.));
#2978 = DIRECTION('',(0.,-0.,1.));
#2979 = ADVANCED_FACE('',(#2980),#2986,.T.);
#2980 = FACE_BOUND('',#2981,.T.);
#2981 = EDGE_LOOP('',(#2982,#2983,#2984,#2985));
#2982 = ORIENTED_EDGE('',*,*,#2847,.T.);
#2983 = ORIENTED_EDGE('',*,*,#2949,.T.);
#2984 = ORIENTED_EDGE('',*,*,#2918,.T.);
#2985 = ORIENTED_EDGE('',*,*,#2887,.T.);
#2986 = PLANE('',#2987);
#2987 = AXIS2_PLACEMENT_3D('',#2988,#2989,#2990);
#2988 = CARTESIAN_POINT('',(0.,0.,0.));
#2989 = DIRECTION('',(0.,1.,0.));
#2990 = DIRECTION('',(0.,-0.,1.));
#2991 = ( GEOMETRIC_REPRESENTATION_CONTEXT(3) 
GLOBAL_UNCERTAINTY_ASSIGNED_CONTEXT((#2995)) 
GLOBAL_UNIT_ASSIGNED_CONTEXT((#2992,#2993,#2994)) REPRESENTATION_CONTEXT
('Context #1','3D Context with UNIT and UNCERTAINTY') );
#2992 = ( LENGTH_UNIT() NAMED_UNIT(*) SI_UNIT(.MILLI.,.METRE.) );
#2993 = ( NAMED_UNIT(*) PLANE_ANGLE_UNIT() SI_UNIT($,.RADIAN.) );
#2994 = ( NAMED_UNIT(*) SI_UNIT($,.STERADIAN.) SOLID_ANGLE_UNIT() );
#2995 = UNCERTAINTY_MEASURE_WITH_UNIT(LENGTH_MEASURE(1.E-07),#2992,
  'distance_accuracy_value','confusion accuracy');
#2996 = SHAPE_DEFINITION_REPRESENTATION(#2997,#1364);
#2997 = PRODUCT_DEFINITION_SHAPE('','',#2998);
#2998 = PRODUCT_DEFINITION('design','',#2999,#3002);
#2999 = PRODUCT_DEFINITION_FORMATION('','',#3000);
#3000 = PRODUCT('7666332560','7666332560','',(#3001));
#3001 = PRODUCT_CONTEXT('',#2,'mechanical');
#3002 = PRODUCT_DEFINITION_CONTEXT('part definition',#2,'design');
#3003 = CONTEXT_DEPENDENT_SHAPE_REPRESENTATION(#3004,#3006);
#3004 = ( REPRESENTATION_RELATIONSHIP('','',#1364,#1354) 
REPRESENTATION_RELATIONSHIP_WITH_TRANSFORMATION(#3005) 
SHAPE_REPRESENTATION_RELATIONSHIP() );
#3005 = ITEM_DEFINED_TRANSFORMATION('','',#11,#1355);
#3006 = PRODUCT_DEFINITION_SHAPE('Placement','Placement of an item',
  #3007);
#3007 = NEXT_ASSEMBLY_USAGE_OCCURRENCE('3','','',#1349,#2998,$);
#3008 = PRODUCT_RELATED_PRODUCT_CATEGORY('part',$,(#3000));
#3009 = CONTEXT_DEPENDENT_SHAPE_REPRESENTATION(#3010,#3012);
#3010 = ( REPRESENTATION_RELATIONSHIP('','',#1354,#10) 
REPRESENTATION_RELATIONSHIP_WITH_TRANSFORMATION(#3011) 
SHAPE_REPRESENTATION_RELATIONSHIP() );
#3011 = ITEM_DEFINED_TRANSFORMATION('','',#11,#19);
#3012 = PRODUCT_DEFINITION_SHAPE('Placement','Placement of an item',
  #3013);
#3013 = NEXT_ASSEMBLY_USAGE_OCCURRENCE('4','','',#5,#1349,$);
#3014 = PRODUCT_RELATED_PRODUCT_CATEGORY('part',$,(#1351));
#3015 = SHAPE_DEFINITION_REPRESENTATION(#3016,#3022);
#3016 = PRODUCT_DEFINITION_SHAPE('','',#3017);
#3017 = PRODUCT_DEFINITION('design','',#3018,#3021);
#3018 = PRODUCT_DEFINITION_FORMATION('','',#3019);
#3019 = PRODUCT('J1','J1','',(#3020));
#3020 = PRODUCT_CONTEXT('',#2,'mechanical');
#3021 = PRODUCT_DEFINITION_CONTEXT('part definition',#2,'design');
#3022 = SHAPE_REPRESENTATION('',(#11,#3023),#3027);
#3023 = AXIS2_PLACEMENT_3D('',#3024,#3025,#3026);
#3024 = CARTESIAN_POINT('',(29.718000411987,18.288000106812,0.));
#3025 = DIRECTION('',(1.748455531469E-07,-1.,-4.371140912996E-08));
#3026 = DIRECTION('',(1.,1.748455531469E-07,-1.262072989224E-30));
#3027 = ( GEOMETRIC_REPRESENTATION_CONTEXT(3) 
GLOBAL_UNCERTAINTY_ASSIGNED_CONTEXT((#3031)) 
GLOBAL_UNIT_ASSIGNED_CONTEXT((#3028,#3029,#3030)) REPRESENTATION_CONTEXT
('Context #1','3D Context with UNIT and UNCERTAINTY') );
#3028 = ( LENGTH_UNIT() NAMED_UNIT(*) SI_UNIT(.MILLI.,.METRE.) );
#3029 = ( NAMED_UNIT(*) PLANE_ANGLE_UNIT() SI_UNIT($,.RADIAN.) );
#3030 = ( NAMED_UNIT(*) SI_UNIT($,.STERADIAN.) SOLID_ANGLE_UNIT() );
#3031 = UNCERTAINTY_MEASURE_WITH_UNIT(LENGTH_MEASURE(1.E-07),#3028,
  'distance_accuracy_value','confusion accuracy');
#3032 = SHAPE_DEFINITION_REPRESENTATION(#3033,#3039);
#3033 = PRODUCT_DEFINITION_SHAPE('','',#3034);
#3034 = PRODUCT_DEFINITION('design','',#3035,#3038);
#3035 = PRODUCT_DEFINITION_FORMATION('','',#3036);
#3036 = PRODUCT('7666331520','7666331520','',(#3037));
#3037 = PRODUCT_CONTEXT('',#2,'mechanical');
#3038 = PRODUCT_DEFINITION_CONTEXT('part definition',#2,'design');
#3039 = SHAPE_REPRESENTATION('',(#11,#3040,#3044,#3048,#3052,#3056,#3060
    ,#3064),#3068);
#3040 = AXIS2_PLACEMENT_3D('',#3041,#3042,#3043);
#3041 = CARTESIAN_POINT('',(2.5,-4.237045877652E-30,2.292814286301E-02)
  );
#3042 = DIRECTION('',(0.,0.,1.));
#3043 = DIRECTION('',(1.,0.,0.));
#3044 = AXIS2_PLACEMENT_3D('',#3045,#3046,#3047);
#3045 = CARTESIAN_POINT('',(2.5,-1.376287680151E-15,2.292814286301E-02)
  );
#3046 = DIRECTION('',(0.,0.,1.));
#3047 = DIRECTION('',(1.,0.,0.));
#3048 = AXIS2_PLACEMENT_3D('',#3049,#3050,#3051);
#3049 = CARTESIAN_POINT('',(3.75,-1.376287680151E-15,2.292814286301E-02)
  );
#3050 = DIRECTION('',(0.,0.,1.));
#3051 = DIRECTION('',(1.,0.,0.));
#3052 = AXIS2_PLACEMENT_3D('',#3053,#3054,#3055);
#3053 = CARTESIAN_POINT('',(5.,-1.376287680151E-15,2.292814286301E-02));
#3054 = DIRECTION('',(0.,0.,1.));
#3055 = DIRECTION('',(1.,0.,0.));
#3056 = AXIS2_PLACEMENT_3D('',#3057,#3058,#3059);
#3057 = CARTESIAN_POINT('',(6.25,-1.376287680151E-15,2.292814286301E-02)
  );
#3058 = DIRECTION('',(0.,0.,1.));
#3059 = DIRECTION('',(1.,0.,0.));
#3060 = AXIS2_PLACEMENT_3D('',#3061,#3062,#3063);
#3061 = CARTESIAN_POINT('',(7.5,-1.376287680151E-15,2.292814286301E-02)
  );
#3062 = DIRECTION('',(0.,0.,1.));
#3063 = DIRECTION('',(1.,0.,0.));
#3064 = AXIS2_PLACEMENT_3D('',#3065,#3066,#3067);
#3065 = CARTESIAN_POINT('',(8.75,-1.376287680151E-15,2.292814286301E-02)
  );
#3066 = DIRECTION('',(0.,0.,1.));
#3067 = DIRECTION('',(1.,0.,0.));
#3068 = ( GEOMETRIC_REPRESENTATION_CONTEXT(3) 
GLOBAL_UNCERTAINTY_ASSIGNED_CONTEXT((#3072)) 
GLOBAL_UNIT_ASSIGNED_CONTEXT((#3069,#3070,#3071)) REPRESENTATION_CONTEXT
('Context #1','3D Context with UNIT and UNCERTAINTY') );
#3069 = ( LENGTH_UNIT() NAMED_UNIT(*) SI_UNIT(.MILLI.,.METRE.) );
#3070 = ( NAMED_UNIT(*) PLANE_ANGLE_UNIT() SI_UNIT($,.RADIAN.) );
#3071 = ( NAMED_UNIT(*) SI_UNIT($,.STERADIAN.) SOLID_ANGLE_UNIT() );
#3072 = UNCERTAINTY_MEASURE_WITH_UNIT(LENGTH_MEASURE(1.E-07),#3069,
  'distance_accuracy_value','confusion accuracy');
#3073 = SHAPE_REPRESENTATION('',(#11,#3074,#3566,#4058),#11408);
#3074 = MANIFOLD_SOLID_BREP('',#3075);
#3075 = CLOSED_SHELL('',(#3076,#3118,#3160,#3200,#3297,#3328,#3416,#3438
    ,#3460,#3472,#3484,#3501,#3513,#3530,#3542,#3554));
#3076 = ADVANCED_FACE('',(#3077),#3113,.F.);
#3077 = FACE_BOUND('',#3078,.F.);
#3078 = EDGE_LOOP('',(#3079,#3089,#3098,#3106));
#3079 = ORIENTED_EDGE('',*,*,#3080,.T.);
#3080 = EDGE_CURVE('',#3081,#3083,#3085,.T.);
#3081 = VERTEX_POINT('',#3082);
#3082 = CARTESIAN_POINT('',(-7.375,0.925,1.95));
#3083 = VERTEX_POINT('',#3084);
#3084 = CARTESIAN_POINT('',(-7.605,0.925,1.95));
#3085 = LINE('',#3086,#3087);
#3086 = CARTESIAN_POINT('',(-7.375,0.925,1.95));
#3087 = VECTOR('',#3088,1.);
#3088 = DIRECTION('',(-1.,0.,0.));
#3089 = ORIENTED_EDGE('',*,*,#3090,.T.);
#3090 = EDGE_CURVE('',#3083,#3091,#3093,.T.);
#3091 = VERTEX_POINT('',#3092);
#3092 = CARTESIAN_POINT('',(-7.605,1.01,1.865));
#3093 = CIRCLE('',#3094,8.5E-02);
#3094 = AXIS2_PLACEMENT_3D('',#3095,#3096,#3097);
#3095 = CARTESIAN_POINT('',(-7.605,1.01,1.95));
#3096 = DIRECTION('',(1.,-0.,0.));
#3097 = DIRECTION('',(0.,0.,-1.));
#3098 = ORIENTED_EDGE('',*,*,#3099,.F.);
#3099 = EDGE_CURVE('',#3100,#3091,#3102,.T.);
#3100 = VERTEX_POINT('',#3101);
#3101 = CARTESIAN_POINT('',(-7.375,1.01,1.865));
#3102 = LINE('',#3103,#3104);
#3103 = CARTESIAN_POINT('',(-7.375,1.01,1.865));
#3104 = VECTOR('',#3105,1.);
#3105 = DIRECTION('',(-1.,0.,0.));
#3106 = ORIENTED_EDGE('',*,*,#3107,.F.);
#3107 = EDGE_CURVE('',#3081,#3100,#3108,.T.);
#3108 = CIRCLE('',#3109,8.5E-02);
#3109 = AXIS2_PLACEMENT_3D('',#3110,#3111,#3112);
#3110 = CARTESIAN_POINT('',(-7.375,1.01,1.95));
#3111 = DIRECTION('',(1.,-0.,0.));
#3112 = DIRECTION('',(0.,0.,-1.));
#3113 = CYLINDRICAL_SURFACE('',#3114,8.5E-02);
#3114 = AXIS2_PLACEMENT_3D('',#3115,#3116,#3117);
#3115 = CARTESIAN_POINT('',(-7.375,1.01,1.95));
#3116 = DIRECTION('',(-1.,0.,0.));
#3117 = DIRECTION('',(0.,0.,-1.));
#3118 = ADVANCED_FACE('',(#3119),#3155,.F.);
#3119 = FACE_BOUND('',#3120,.F.);
#3120 = EDGE_LOOP('',(#3121,#3131,#3140,#3148));
#3121 = ORIENTED_EDGE('',*,*,#3122,.T.);
#3122 = EDGE_CURVE('',#3123,#3125,#3127,.T.);
#3123 = VERTEX_POINT('',#3124);
#3124 = CARTESIAN_POINT('',(-7.375,1.475,1.95));
#3125 = VERTEX_POINT('',#3126);
#3126 = CARTESIAN_POINT('',(-7.605,1.475,1.95));
#3127 = LINE('',#3128,#3129);
#3128 = CARTESIAN_POINT('',(-7.375,1.475,1.95));
#3129 = VECTOR('',#3130,1.);
#3130 = DIRECTION('',(-1.,0.,0.));
#3131 = ORIENTED_EDGE('',*,*,#3132,.T.);
#3132 = EDGE_CURVE('',#3125,#3133,#3135,.T.);
#3133 = VERTEX_POINT('',#3134);
#3134 = CARTESIAN_POINT('',(-7.605,1.56,1.865));
#3135 = CIRCLE('',#3136,8.5E-02);
#3136 = AXIS2_PLACEMENT_3D('',#3137,#3138,#3139);
#3137 = CARTESIAN_POINT('',(-7.605,1.56,1.95));
#3138 = DIRECTION('',(1.,-0.,0.));
#3139 = DIRECTION('',(0.,0.,-1.));
#3140 = ORIENTED_EDGE('',*,*,#3141,.F.);
#3141 = EDGE_CURVE('',#3142,#3133,#3144,.T.);
#3142 = VERTEX_POINT('',#3143);
#3143 = CARTESIAN_POINT('',(-7.375,1.56,1.865));
#3144 = LINE('',#3145,#3146);
#3145 = CARTESIAN_POINT('',(-7.375,1.56,1.865));
#3146 = VECTOR('',#3147,1.);
#3147 = DIRECTION('',(-1.,0.,0.));
#3148 = ORIENTED_EDGE('',*,*,#3149,.F.);
#3149 = EDGE_CURVE('',#3123,#3142,#3150,.T.);
#3150 = CIRCLE('',#3151,8.5E-02);
#3151 = AXIS2_PLACEMENT_3D('',#3152,#3153,#3154);
#3152 = CARTESIAN_POINT('',(-7.375,1.56,1.95));
#3153 = DIRECTION('',(1.,-0.,0.));
#3154 = DIRECTION('',(0.,0.,-1.));
#3155 = CYLINDRICAL_SURFACE('',#3156,8.5E-02);
#3156 = AXIS2_PLACEMENT_3D('',#3157,#3158,#3159);
#3157 = CARTESIAN_POINT('',(-7.375,1.56,1.95));
#3158 = DIRECTION('',(-1.,0.,0.));
#3159 = DIRECTION('',(0.,0.,-1.));
#3160 = ADVANCED_FACE('',(#3161),#3195,.T.);
#3161 = FACE_BOUND('',#3162,.T.);
#3162 = EDGE_LOOP('',(#3163,#3173,#3181,#3189));
#3163 = ORIENTED_EDGE('',*,*,#3164,.F.);
#3164 = EDGE_CURVE('',#3165,#3167,#3169,.T.);
#3165 = VERTEX_POINT('',#3166);
#3166 = CARTESIAN_POINT('',(-7.605,2.21,-0.275));
#3167 = VERTEX_POINT('',#3168);
#3168 = CARTESIAN_POINT('',(-7.605,0.15,-0.275));
#3169 = LINE('',#3170,#3171);
#3170 = CARTESIAN_POINT('',(-7.605,0.,-0.275));
#3171 = VECTOR('',#3172,1.);
#3172 = DIRECTION('',(0.,-1.,0.));
#3173 = ORIENTED_EDGE('',*,*,#3174,.T.);
#3174 = EDGE_CURVE('',#3165,#3175,#3177,.T.);
#3175 = VERTEX_POINT('',#3176);
#3176 = CARTESIAN_POINT('',(-7.375,2.21,-0.275));
#3177 = LINE('',#3178,#3179);
#3178 = CARTESIAN_POINT('',(0.,2.21,-0.275));
#3179 = VECTOR('',#3180,1.);
#3180 = DIRECTION('',(1.,0.,0.));
#3181 = ORIENTED_EDGE('',*,*,#3182,.T.);
#3182 = EDGE_CURVE('',#3175,#3183,#3185,.T.);
#3183 = VERTEX_POINT('',#3184);
#3184 = CARTESIAN_POINT('',(-7.375,0.15,-0.275));
#3185 = LINE('',#3186,#3187);
#3186 = CARTESIAN_POINT('',(-7.375,0.,-0.275));
#3187 = VECTOR('',#3188,1.);
#3188 = DIRECTION('',(0.,-1.,0.));
#3189 = ORIENTED_EDGE('',*,*,#3190,.T.);
#3190 = EDGE_CURVE('',#3183,#3167,#3191,.T.);
#3191 = LINE('',#3192,#3193);
#3192 = CARTESIAN_POINT('',(-7.375,0.15,-0.275));
#3193 = VECTOR('',#3194,1.);
#3194 = DIRECTION('',(-1.,0.,0.));
#3195 = PLANE('',#3196);
#3196 = AXIS2_PLACEMENT_3D('',#3197,#3198,#3199);
#3197 = CARTESIAN_POINT('',(7.275,0.,-0.275));
#3198 = DIRECTION('',(0.,0.,-1.));
#3199 = DIRECTION('',(1.,0.,0.));
#3200 = ADVANCED_FACE('',(#3201),#3292,.T.);
#3201 = FACE_BOUND('',#3202,.T.);
#3202 = EDGE_LOOP('',(#3203,#3204,#3212,#3219,#3220,#3229,#3237,#3245,
    #3253,#3259,#3260,#3268,#3276,#3285));
#3203 = ORIENTED_EDGE('',*,*,#3149,.F.);
#3204 = ORIENTED_EDGE('',*,*,#3205,.T.);
#3205 = EDGE_CURVE('',#3123,#3206,#3208,.T.);
#3206 = VERTEX_POINT('',#3207);
#3207 = CARTESIAN_POINT('',(-7.375,1.095,1.95));
#3208 = LINE('',#3209,#3210);
#3209 = CARTESIAN_POINT('',(-7.375,1.112733808604E-15,1.95));
#3210 = VECTOR('',#3211,1.);
#3211 = DIRECTION('',(0.,-1.,5.706327223608E-16));
#3212 = ORIENTED_EDGE('',*,*,#3213,.F.);
#3213 = EDGE_CURVE('',#3100,#3206,#3214,.T.);
#3214 = CIRCLE('',#3215,8.5E-02);
#3215 = AXIS2_PLACEMENT_3D('',#3216,#3217,#3218);
#3216 = CARTESIAN_POINT('',(-7.375,1.01,1.95));
#3217 = DIRECTION('',(1.,-0.,0.));
#3218 = DIRECTION('',(0.,0.,-1.));
#3219 = ORIENTED_EDGE('',*,*,#3107,.F.);
#3220 = ORIENTED_EDGE('',*,*,#3221,.T.);
#3221 = EDGE_CURVE('',#3081,#3222,#3224,.T.);
#3222 = VERTEX_POINT('',#3223);
#3223 = CARTESIAN_POINT('',(-7.375,0.85,2.025));
#3224 = CIRCLE('',#3225,7.5E-02);
#3225 = AXIS2_PLACEMENT_3D('',#3226,#3227,#3228);
#3226 = CARTESIAN_POINT('',(-7.375,0.85,1.95));
#3227 = DIRECTION('',(1.,-0.,0.));
#3228 = DIRECTION('',(0.,0.,-1.));
#3229 = ORIENTED_EDGE('',*,*,#3230,.T.);
#3230 = EDGE_CURVE('',#3222,#3231,#3233,.T.);
#3231 = VERTEX_POINT('',#3232);
#3232 = CARTESIAN_POINT('',(-7.375,0.15,2.025));
#3233 = LINE('',#3234,#3235);
#3234 = CARTESIAN_POINT('',(-7.375,0.,2.025));
#3235 = VECTOR('',#3236,1.);
#3236 = DIRECTION('',(0.,-1.,0.));
#3237 = ORIENTED_EDGE('',*,*,#3238,.T.);
#3238 = EDGE_CURVE('',#3231,#3239,#3241,.T.);
#3239 = VERTEX_POINT('',#3240);
#3240 = CARTESIAN_POINT('',(-7.375,-1.781481197163E-15,1.875));
#3241 = LINE('',#3242,#3243);
#3242 = CARTESIAN_POINT('',(-7.375,-0.9375,0.9375));
#3243 = VECTOR('',#3244,1.);
#3244 = DIRECTION('',(-0.,-0.707106781187,-0.707106781187));
#3245 = ORIENTED_EDGE('',*,*,#3246,.F.);
#3246 = EDGE_CURVE('',#3247,#3239,#3249,.T.);
#3247 = VERTEX_POINT('',#3248);
#3248 = CARTESIAN_POINT('',(-7.375,-1.828238918349E-15,-0.125));
#3249 = LINE('',#3250,#3251);
#3250 = CARTESIAN_POINT('',(-7.375,-1.772945837722E-15,-2.49693609269));
#3251 = VECTOR('',#3252,1.);
#3252 = DIRECTION('',(0.,0.,1.));
#3253 = ORIENTED_EDGE('',*,*,#3254,.T.);
#3254 = EDGE_CURVE('',#3247,#3183,#3255,.T.);
#3255 = LINE('',#3256,#3257);
#3256 = CARTESIAN_POINT('',(-7.375,-6.25E-02,-6.25E-02));
#3257 = VECTOR('',#3258,1.);
#3258 = DIRECTION('',(0.,0.707106781187,-0.707106781187));
#3259 = ORIENTED_EDGE('',*,*,#3182,.F.);
#3260 = ORIENTED_EDGE('',*,*,#3261,.T.);
#3261 = EDGE_CURVE('',#3175,#3262,#3264,.T.);
#3262 = VERTEX_POINT('',#3263);
#3263 = CARTESIAN_POINT('',(-7.375,2.21,2.025));
#3264 = LINE('',#3265,#3266);
#3265 = CARTESIAN_POINT('',(-7.375,2.21,-2.49693609269));
#3266 = VECTOR('',#3267,1.);
#3267 = DIRECTION('',(0.,0.,1.));
#3268 = ORIENTED_EDGE('',*,*,#3269,.T.);
#3269 = EDGE_CURVE('',#3262,#3270,#3272,.T.);
#3270 = VERTEX_POINT('',#3271);
#3271 = CARTESIAN_POINT('',(-7.375,1.72,2.025));
#3272 = LINE('',#3273,#3274);
#3273 = CARTESIAN_POINT('',(-7.375,0.,2.025));
#3274 = VECTOR('',#3275,1.);
#3275 = DIRECTION('',(0.,-1.,0.));
#3276 = ORIENTED_EDGE('',*,*,#3277,.T.);
#3277 = EDGE_CURVE('',#3270,#3278,#3280,.T.);
#3278 = VERTEX_POINT('',#3279);
#3279 = CARTESIAN_POINT('',(-7.375,1.645,1.95));
#3280 = CIRCLE('',#3281,7.5E-02);
#3281 = AXIS2_PLACEMENT_3D('',#3282,#3283,#3284);
#3282 = CARTESIAN_POINT('',(-7.375,1.72,1.95));
#3283 = DIRECTION('',(1.,-0.,0.));
#3284 = DIRECTION('',(0.,0.,-1.));
#3285 = ORIENTED_EDGE('',*,*,#3286,.F.);
#3286 = EDGE_CURVE('',#3142,#3278,#3287,.T.);
#3287 = CIRCLE('',#3288,8.5E-02);
#3288 = AXIS2_PLACEMENT_3D('',#3289,#3290,#3291);
#3289 = CARTESIAN_POINT('',(-7.375,1.56,1.95));
#3290 = DIRECTION('',(1.,-0.,0.));
#3291 = DIRECTION('',(0.,0.,-1.));
#3292 = PLANE('',#3293);
#3293 = AXIS2_PLACEMENT_3D('',#3294,#3295,#3296);
#3294 = CARTESIAN_POINT('',(-7.375,0.,-2.49693609269));
#3295 = DIRECTION('',(1.,0.,-0.));
#3296 = DIRECTION('',(0.,0.,1.));
#3297 = ADVANCED_FACE('',(#3298),#3323,.F.);
#3298 = FACE_BOUND('',#3299,.T.);
#3299 = EDGE_LOOP('',(#3300,#3308,#3316,#3322));
#3300 = ORIENTED_EDGE('',*,*,#3301,.T.);
#3301 = EDGE_CURVE('',#3239,#3302,#3304,.T.);
#3302 = VERTEX_POINT('',#3303);
#3303 = CARTESIAN_POINT('',(-7.605,-1.781481197163E-15,1.875));
#3304 = LINE('',#3305,#3306);
#3305 = CARTESIAN_POINT('',(-7.375,-1.781481197163E-15,1.875));
#3306 = VECTOR('',#3307,1.);
#3307 = DIRECTION('',(-1.,0.,0.));
#3308 = ORIENTED_EDGE('',*,*,#3309,.F.);
#3309 = EDGE_CURVE('',#3310,#3302,#3312,.T.);
#3310 = VERTEX_POINT('',#3311);
#3311 = CARTESIAN_POINT('',(-7.605,-1.828238918349E-15,-0.125));
#3312 = LINE('',#3313,#3314);
#3313 = CARTESIAN_POINT('',(-7.605,-1.828238918349E-15,-2.49693609269));
#3314 = VECTOR('',#3315,1.);
#3315 = DIRECTION('',(0.,0.,1.));
#3316 = ORIENTED_EDGE('',*,*,#3317,.F.);
#3317 = EDGE_CURVE('',#3247,#3310,#3318,.T.);
#3318 = LINE('',#3319,#3320);
#3319 = CARTESIAN_POINT('',(-7.375,-1.828238918349E-15,-0.125));
#3320 = VECTOR('',#3321,1.);
#3321 = DIRECTION('',(-1.,0.,0.));
#3322 = ORIENTED_EDGE('',*,*,#3246,.T.);
#3323 = PLANE('',#3324);
#3324 = AXIS2_PLACEMENT_3D('',#3325,#3326,#3327);
#3325 = CARTESIAN_POINT('',(-1.018584112078E-45,4.237045877652E-30,
    -2.49693609269));
#3326 = DIRECTION('',(-2.403995947861E-16,1.,0.));
#3327 = DIRECTION('',(1.,2.403995947861E-16,0.));
#3328 = ADVANCED_FACE('',(#3329),#3411,.F.);
#3329 = FACE_BOUND('',#3330,.T.);
#3330 = EDGE_LOOP('',(#3331,#3342,#3350,#3356,#3357,#3363,#3364,#3372,
    #3380,#3387,#3388,#3397,#3403,#3404));
#3331 = ORIENTED_EDGE('',*,*,#3332,.F.);
#3332 = EDGE_CURVE('',#3333,#3335,#3337,.T.);
#3333 = VERTEX_POINT('',#3334);
#3334 = CARTESIAN_POINT('',(-7.605,1.72,2.025));
#3335 = VERTEX_POINT('',#3336);
#3336 = CARTESIAN_POINT('',(-7.605,1.645,1.95));
#3337 = CIRCLE('',#3338,7.5E-02);
#3338 = AXIS2_PLACEMENT_3D('',#3339,#3340,#3341);
#3339 = CARTESIAN_POINT('',(-7.605,1.72,1.95));
#3340 = DIRECTION('',(1.,-0.,0.));
#3341 = DIRECTION('',(0.,0.,-1.));
#3342 = ORIENTED_EDGE('',*,*,#3343,.F.);
#3343 = EDGE_CURVE('',#3344,#3333,#3346,.T.);
#3344 = VERTEX_POINT('',#3345);
#3345 = CARTESIAN_POINT('',(-7.605,2.21,2.025));
#3346 = LINE('',#3347,#3348);
#3347 = CARTESIAN_POINT('',(-7.605,0.,2.025));
#3348 = VECTOR('',#3349,1.);
#3349 = DIRECTION('',(0.,-1.,0.));
#3350 = ORIENTED_EDGE('',*,*,#3351,.F.);
#3351 = EDGE_CURVE('',#3165,#3344,#3352,.T.);
#3352 = LINE('',#3353,#3354);
#3353 = CARTESIAN_POINT('',(-7.605,2.21,-2.49693609269));
#3354 = VECTOR('',#3355,1.);
#3355 = DIRECTION('',(0.,0.,1.));
#3356 = ORIENTED_EDGE('',*,*,#3164,.T.);
#3357 = ORIENTED_EDGE('',*,*,#3358,.F.);
#3358 = EDGE_CURVE('',#3310,#3167,#3359,.T.);
#3359 = LINE('',#3360,#3361);
#3360 = CARTESIAN_POINT('',(-7.605,-6.25E-02,-6.25E-02));
#3361 = VECTOR('',#3362,1.);
#3362 = DIRECTION('',(0.,0.707106781187,-0.707106781187));
#3363 = ORIENTED_EDGE('',*,*,#3309,.T.);
#3364 = ORIENTED_EDGE('',*,*,#3365,.F.);
#3365 = EDGE_CURVE('',#3366,#3302,#3368,.T.);
#3366 = VERTEX_POINT('',#3367);
#3367 = CARTESIAN_POINT('',(-7.605,0.15,2.025));
#3368 = LINE('',#3369,#3370);
#3369 = CARTESIAN_POINT('',(-7.605,-0.9375,0.9375));
#3370 = VECTOR('',#3371,1.);
#3371 = DIRECTION('',(-0.,-0.707106781187,-0.707106781187));
#3372 = ORIENTED_EDGE('',*,*,#3373,.F.);
#3373 = EDGE_CURVE('',#3374,#3366,#3376,.T.);
#3374 = VERTEX_POINT('',#3375);
#3375 = CARTESIAN_POINT('',(-7.605,0.85,2.025));
#3376 = LINE('',#3377,#3378);
#3377 = CARTESIAN_POINT('',(-7.605,0.,2.025));
#3378 = VECTOR('',#3379,1.);
#3379 = DIRECTION('',(0.,-1.,0.));
#3380 = ORIENTED_EDGE('',*,*,#3381,.F.);
#3381 = EDGE_CURVE('',#3083,#3374,#3382,.T.);
#3382 = CIRCLE('',#3383,7.5E-02);
#3383 = AXIS2_PLACEMENT_3D('',#3384,#3385,#3386);
#3384 = CARTESIAN_POINT('',(-7.605,0.85,1.95));
#3385 = DIRECTION('',(1.,-0.,0.));
#3386 = DIRECTION('',(0.,0.,-1.));
#3387 = ORIENTED_EDGE('',*,*,#3090,.T.);
#3388 = ORIENTED_EDGE('',*,*,#3389,.T.);
#3389 = EDGE_CURVE('',#3091,#3390,#3392,.T.);
#3390 = VERTEX_POINT('',#3391);
#3391 = CARTESIAN_POINT('',(-7.605,1.095,1.95));
#3392 = CIRCLE('',#3393,8.5E-02);
#3393 = AXIS2_PLACEMENT_3D('',#3394,#3395,#3396);
#3394 = CARTESIAN_POINT('',(-7.605,1.01,1.95));
#3395 = DIRECTION('',(1.,-0.,0.));
#3396 = DIRECTION('',(0.,0.,-1.));
#3397 = ORIENTED_EDGE('',*,*,#3398,.F.);
#3398 = EDGE_CURVE('',#3125,#3390,#3399,.T.);
#3399 = LINE('',#3400,#3401);
#3400 = CARTESIAN_POINT('',(-7.605,1.112733808604E-15,1.95));
#3401 = VECTOR('',#3402,1.);
#3402 = DIRECTION('',(0.,-1.,5.706327223608E-16));
#3403 = ORIENTED_EDGE('',*,*,#3132,.T.);
#3404 = ORIENTED_EDGE('',*,*,#3405,.T.);
#3405 = EDGE_CURVE('',#3133,#3335,#3406,.T.);
#3406 = CIRCLE('',#3407,8.5E-02);
#3407 = AXIS2_PLACEMENT_3D('',#3408,#3409,#3410);
#3408 = CARTESIAN_POINT('',(-7.605,1.56,1.95));
#3409 = DIRECTION('',(1.,-0.,0.));
#3410 = DIRECTION('',(0.,0.,-1.));
#3411 = PLANE('',#3412);
#3412 = AXIS2_PLACEMENT_3D('',#3413,#3414,#3415);
#3413 = CARTESIAN_POINT('',(-7.605,0.,-2.49693609269));
#3414 = DIRECTION('',(1.,0.,-0.));
#3415 = DIRECTION('',(0.,0.,1.));
#3416 = ADVANCED_FACE('',(#3417),#3433,.T.);
#3417 = FACE_BOUND('',#3418,.T.);
#3418 = EDGE_LOOP('',(#3419,#3420,#3426,#3427));
#3419 = ORIENTED_EDGE('',*,*,#3269,.F.);
#3420 = ORIENTED_EDGE('',*,*,#3421,.F.);
#3421 = EDGE_CURVE('',#3344,#3262,#3422,.T.);
#3422 = LINE('',#3423,#3424);
#3423 = CARTESIAN_POINT('',(0.,2.21,2.025));
#3424 = VECTOR('',#3425,1.);
#3425 = DIRECTION('',(1.,0.,0.));
#3426 = ORIENTED_EDGE('',*,*,#3343,.T.);
#3427 = ORIENTED_EDGE('',*,*,#3428,.F.);
#3428 = EDGE_CURVE('',#3270,#3333,#3429,.T.);
#3429 = LINE('',#3430,#3431);
#3430 = CARTESIAN_POINT('',(-7.375,1.72,2.025));
#3431 = VECTOR('',#3432,1.);
#3432 = DIRECTION('',(-1.,0.,0.));
#3433 = PLANE('',#3434);
#3434 = AXIS2_PLACEMENT_3D('',#3435,#3436,#3437);
#3435 = CARTESIAN_POINT('',(-7.875,0.,2.025));
#3436 = DIRECTION('',(0.,0.,1.));
#3437 = DIRECTION('',(-1.,0.,0.));
#3438 = ADVANCED_FACE('',(#3439),#3455,.T.);
#3439 = FACE_BOUND('',#3440,.T.);
#3440 = EDGE_LOOP('',(#3441,#3447,#3448,#3454));
#3441 = ORIENTED_EDGE('',*,*,#3442,.T.);
#3442 = EDGE_CURVE('',#3222,#3374,#3443,.T.);
#3443 = LINE('',#3444,#3445);
#3444 = CARTESIAN_POINT('',(-7.375,0.85,2.025));
#3445 = VECTOR('',#3446,1.);
#3446 = DIRECTION('',(-1.,0.,0.));
#3447 = ORIENTED_EDGE('',*,*,#3373,.T.);
#3448 = ORIENTED_EDGE('',*,*,#3449,.F.);
#3449 = EDGE_CURVE('',#3231,#3366,#3450,.T.);
#3450 = LINE('',#3451,#3452);
#3451 = CARTESIAN_POINT('',(-7.375,0.15,2.025));
#3452 = VECTOR('',#3453,1.);
#3453 = DIRECTION('',(-1.,0.,0.));
#3454 = ORIENTED_EDGE('',*,*,#3230,.F.);
#3455 = PLANE('',#3456);
#3456 = AXIS2_PLACEMENT_3D('',#3457,#3458,#3459);
#3457 = CARTESIAN_POINT('',(-7.875,0.,2.025));
#3458 = DIRECTION('',(0.,0.,1.));
#3459 = DIRECTION('',(-1.,0.,0.));
#3460 = ADVANCED_FACE('',(#3461),#3467,.T.);
#3461 = FACE_BOUND('',#3462,.T.);
#3462 = EDGE_LOOP('',(#3463,#3464,#3465,#3466));
#3463 = ORIENTED_EDGE('',*,*,#3351,.T.);
#3464 = ORIENTED_EDGE('',*,*,#3421,.T.);
#3465 = ORIENTED_EDGE('',*,*,#3261,.F.);
#3466 = ORIENTED_EDGE('',*,*,#3174,.F.);
#3467 = PLANE('',#3468);
#3468 = AXIS2_PLACEMENT_3D('',#3469,#3470,#3471);
#3469 = CARTESIAN_POINT('',(0.,2.21,-2.49693609269));
#3470 = DIRECTION('',(0.,1.,0.));
#3471 = DIRECTION('',(0.,-0.,1.));
#3472 = ADVANCED_FACE('',(#3473),#3479,.T.);
#3473 = FACE_BOUND('',#3474,.T.);
#3474 = EDGE_LOOP('',(#3475,#3476,#3477,#3478));
#3475 = ORIENTED_EDGE('',*,*,#3365,.T.);
#3476 = ORIENTED_EDGE('',*,*,#3301,.F.);
#3477 = ORIENTED_EDGE('',*,*,#3238,.F.);
#3478 = ORIENTED_EDGE('',*,*,#3449,.T.);
#3479 = PLANE('',#3480);
#3480 = AXIS2_PLACEMENT_3D('',#3481,#3482,#3483);
#3481 = CARTESIAN_POINT('',(-7.375,-0.9375,0.9375));
#3482 = DIRECTION('',(0.,-0.707106781187,0.707106781187));
#3483 = DIRECTION('',(-0.,-0.707106781187,-0.707106781187));
#3484 = ADVANCED_FACE('',(#3485),#3496,.T.);
#3485 = FACE_BOUND('',#3486,.T.);
#3486 = EDGE_LOOP('',(#3487,#3488,#3494,#3495));
#3487 = ORIENTED_EDGE('',*,*,#3332,.T.);
#3488 = ORIENTED_EDGE('',*,*,#3489,.F.);
#3489 = EDGE_CURVE('',#3278,#3335,#3490,.T.);
#3490 = LINE('',#3491,#3492);
#3491 = CARTESIAN_POINT('',(-7.375,1.645,1.95));
#3492 = VECTOR('',#3493,1.);
#3493 = DIRECTION('',(-1.,0.,0.));
#3494 = ORIENTED_EDGE('',*,*,#3277,.F.);
#3495 = ORIENTED_EDGE('',*,*,#3428,.T.);
#3496 = CYLINDRICAL_SURFACE('',#3497,7.5E-02);
#3497 = AXIS2_PLACEMENT_3D('',#3498,#3499,#3500);
#3498 = CARTESIAN_POINT('',(-7.375,1.72,1.95));
#3499 = DIRECTION('',(-1.,0.,0.));
#3500 = DIRECTION('',(0.,0.,-1.));
#3501 = ADVANCED_FACE('',(#3502),#3508,.F.);
#3502 = FACE_BOUND('',#3503,.F.);
#3503 = EDGE_LOOP('',(#3504,#3505,#3506,#3507));
#3504 = ORIENTED_EDGE('',*,*,#3405,.T.);
#3505 = ORIENTED_EDGE('',*,*,#3489,.F.);
#3506 = ORIENTED_EDGE('',*,*,#3286,.F.);
#3507 = ORIENTED_EDGE('',*,*,#3141,.T.);
#3508 = CYLINDRICAL_SURFACE('',#3509,8.5E-02);
#3509 = AXIS2_PLACEMENT_3D('',#3510,#3511,#3512);
#3510 = CARTESIAN_POINT('',(-7.375,1.56,1.95));
#3511 = DIRECTION('',(-1.,0.,0.));
#3512 = DIRECTION('',(0.,0.,-1.));
#3513 = ADVANCED_FACE('',(#3514),#3525,.T.);
#3514 = FACE_BOUND('',#3515,.T.);
#3515 = EDGE_LOOP('',(#3516,#3517,#3523,#3524));
#3516 = ORIENTED_EDGE('',*,*,#3398,.T.);
#3517 = ORIENTED_EDGE('',*,*,#3518,.F.);
#3518 = EDGE_CURVE('',#3206,#3390,#3519,.T.);
#3519 = LINE('',#3520,#3521);
#3520 = CARTESIAN_POINT('',(-7.375,1.095,1.95));
#3521 = VECTOR('',#3522,1.);
#3522 = DIRECTION('',(-1.,0.,0.));
#3523 = ORIENTED_EDGE('',*,*,#3205,.F.);
#3524 = ORIENTED_EDGE('',*,*,#3122,.T.);
#3525 = PLANE('',#3526);
#3526 = AXIS2_PLACEMENT_3D('',#3527,#3528,#3529);
#3527 = CARTESIAN_POINT('',(-7.375,1.112733808604E-15,1.95));
#3528 = DIRECTION('',(0.,5.706327223608E-16,1.));
#3529 = DIRECTION('',(0.,-1.,5.706327223608E-16));
#3530 = ADVANCED_FACE('',(#3531),#3537,.F.);
#3531 = FACE_BOUND('',#3532,.F.);
#3532 = EDGE_LOOP('',(#3533,#3534,#3535,#3536));
#3533 = ORIENTED_EDGE('',*,*,#3389,.T.);
#3534 = ORIENTED_EDGE('',*,*,#3518,.F.);
#3535 = ORIENTED_EDGE('',*,*,#3213,.F.);
#3536 = ORIENTED_EDGE('',*,*,#3099,.T.);
#3537 = CYLINDRICAL_SURFACE('',#3538,8.5E-02);
#3538 = AXIS2_PLACEMENT_3D('',#3539,#3540,#3541);
#3539 = CARTESIAN_POINT('',(-7.375,1.01,1.95));
#3540 = DIRECTION('',(-1.,0.,0.));
#3541 = DIRECTION('',(0.,0.,-1.));
#3542 = ADVANCED_FACE('',(#3543),#3549,.T.);
#3543 = FACE_BOUND('',#3544,.T.);
#3544 = EDGE_LOOP('',(#3545,#3546,#3547,#3548));
#3545 = ORIENTED_EDGE('',*,*,#3381,.T.);
#3546 = ORIENTED_EDGE('',*,*,#3442,.F.);
#3547 = ORIENTED_EDGE('',*,*,#3221,.F.);
#3548 = ORIENTED_EDGE('',*,*,#3080,.T.);
#3549 = CYLINDRICAL_SURFACE('',#3550,7.5E-02);
#3550 = AXIS2_PLACEMENT_3D('',#3551,#3552,#3553);
#3551 = CARTESIAN_POINT('',(-7.375,0.85,1.95));
#3552 = DIRECTION('',(-1.,0.,0.));
#3553 = DIRECTION('',(0.,0.,-1.));
#3554 = ADVANCED_FACE('',(#3555),#3561,.T.);
#3555 = FACE_BOUND('',#3556,.T.);
#3556 = EDGE_LOOP('',(#3557,#3558,#3559,#3560));
#3557 = ORIENTED_EDGE('',*,*,#3358,.T.);
#3558 = ORIENTED_EDGE('',*,*,#3190,.F.);
#3559 = ORIENTED_EDGE('',*,*,#3254,.F.);
#3560 = ORIENTED_EDGE('',*,*,#3317,.T.);
#3561 = PLANE('',#3562);
#3562 = AXIS2_PLACEMENT_3D('',#3563,#3564,#3565);
#3563 = CARTESIAN_POINT('',(-7.375,-6.25E-02,-6.25E-02));
#3564 = DIRECTION('',(0.,-0.707106781187,-0.707106781187));
#3565 = DIRECTION('',(0.,0.707106781187,-0.707106781187));
#3566 = MANIFOLD_SOLID_BREP('',#3567);
#3567 = CLOSED_SHELL('',(#3568,#3610,#3652,#3692,#3789,#3820,#3908,#3930
    ,#3952,#3964,#3976,#3988,#4005,#4017,#4034,#4046));
#3568 = ADVANCED_FACE('',(#3569),#3605,.F.);
#3569 = FACE_BOUND('',#3570,.F.);
#3570 = EDGE_LOOP('',(#3571,#3581,#3590,#3598));
#3571 = ORIENTED_EDGE('',*,*,#3572,.T.);
#3572 = EDGE_CURVE('',#3573,#3575,#3577,.T.);
#3573 = VERTEX_POINT('',#3574);
#3574 = CARTESIAN_POINT('',(2.375,1.095,1.95));
#3575 = VERTEX_POINT('',#3576);
#3576 = CARTESIAN_POINT('',(2.605,1.095,1.95));
#3577 = LINE('',#3578,#3579);
#3578 = CARTESIAN_POINT('',(2.375,1.095,1.95));
#3579 = VECTOR('',#3580,1.);
#3580 = DIRECTION('',(1.,0.,0.));
#3581 = ORIENTED_EDGE('',*,*,#3582,.F.);
#3582 = EDGE_CURVE('',#3583,#3575,#3585,.T.);
#3583 = VERTEX_POINT('',#3584);
#3584 = CARTESIAN_POINT('',(2.605,1.01,1.865));
#3585 = CIRCLE('',#3586,8.5E-02);
#3586 = AXIS2_PLACEMENT_3D('',#3587,#3588,#3589);
#3587 = CARTESIAN_POINT('',(2.605,1.01,1.95));
#3588 = DIRECTION('',(1.,-0.,0.));
#3589 = DIRECTION('',(0.,0.,-1.));
#3590 = ORIENTED_EDGE('',*,*,#3591,.F.);
#3591 = EDGE_CURVE('',#3592,#3583,#3594,.T.);
#3592 = VERTEX_POINT('',#3593);
#3593 = CARTESIAN_POINT('',(2.375,1.01,1.865));
#3594 = LINE('',#3595,#3596);
#3595 = CARTESIAN_POINT('',(2.375,1.01,1.865));
#3596 = VECTOR('',#3597,1.);
#3597 = DIRECTION('',(1.,0.,0.));
#3598 = ORIENTED_EDGE('',*,*,#3599,.T.);
#3599 = EDGE_CURVE('',#3592,#3573,#3600,.T.);
#3600 = CIRCLE('',#3601,8.5E-02);
#3601 = AXIS2_PLACEMENT_3D('',#3602,#3603,#3604);
#3602 = CARTESIAN_POINT('',(2.375,1.01,1.95));
#3603 = DIRECTION('',(1.,-0.,0.));
#3604 = DIRECTION('',(0.,0.,-1.));
#3605 = CYLINDRICAL_SURFACE('',#3606,8.5E-02);
#3606 = AXIS2_PLACEMENT_3D('',#3607,#3608,#3609);
#3607 = CARTESIAN_POINT('',(2.375,1.01,1.95));
#3608 = DIRECTION('',(1.,0.,0.));
#3609 = DIRECTION('',(0.,0.,-1.));
#3610 = ADVANCED_FACE('',(#3611),#3647,.F.);
#3611 = FACE_BOUND('',#3612,.F.);
#3612 = EDGE_LOOP('',(#3613,#3623,#3632,#3640));
#3613 = ORIENTED_EDGE('',*,*,#3614,.T.);
#3614 = EDGE_CURVE('',#3615,#3617,#3619,.T.);
#3615 = VERTEX_POINT('',#3616);
#3616 = CARTESIAN_POINT('',(2.375,1.645,1.95));
#3617 = VERTEX_POINT('',#3618);
#3618 = CARTESIAN_POINT('',(2.605,1.645,1.95));
#3619 = LINE('',#3620,#3621);
#3620 = CARTESIAN_POINT('',(2.375,1.645,1.95));
#3621 = VECTOR('',#3622,1.);
#3622 = DIRECTION('',(1.,0.,0.));
#3623 = ORIENTED_EDGE('',*,*,#3624,.F.);
#3624 = EDGE_CURVE('',#3625,#3617,#3627,.T.);
#3625 = VERTEX_POINT('',#3626);
#3626 = CARTESIAN_POINT('',(2.605,1.56,1.865));
#3627 = CIRCLE('',#3628,8.5E-02);
#3628 = AXIS2_PLACEMENT_3D('',#3629,#3630,#3631);
#3629 = CARTESIAN_POINT('',(2.605,1.56,1.95));
#3630 = DIRECTION('',(1.,-0.,0.));
#3631 = DIRECTION('',(0.,0.,-1.));
#3632 = ORIENTED_EDGE('',*,*,#3633,.F.);
#3633 = EDGE_CURVE('',#3634,#3625,#3636,.T.);
#3634 = VERTEX_POINT('',#3635);
#3635 = CARTESIAN_POINT('',(2.375,1.56,1.865));
#3636 = LINE('',#3637,#3638);
#3637 = CARTESIAN_POINT('',(2.375,1.56,1.865));
#3638 = VECTOR('',#3639,1.);
#3639 = DIRECTION('',(1.,0.,0.));
#3640 = ORIENTED_EDGE('',*,*,#3641,.T.);
#3641 = EDGE_CURVE('',#3634,#3615,#3642,.T.);
#3642 = CIRCLE('',#3643,8.5E-02);
#3643 = AXIS2_PLACEMENT_3D('',#3644,#3645,#3646);
#3644 = CARTESIAN_POINT('',(2.375,1.56,1.95));
#3645 = DIRECTION('',(1.,-0.,0.));
#3646 = DIRECTION('',(0.,0.,-1.));
#3647 = CYLINDRICAL_SURFACE('',#3648,8.5E-02);
#3648 = AXIS2_PLACEMENT_3D('',#3649,#3650,#3651);
#3649 = CARTESIAN_POINT('',(2.375,1.56,1.95));
#3650 = DIRECTION('',(1.,0.,0.));
#3651 = DIRECTION('',(0.,0.,-1.));
#3652 = ADVANCED_FACE('',(#3653),#3687,.T.);
#3653 = FACE_BOUND('',#3654,.T.);
#3654 = EDGE_LOOP('',(#3655,#3665,#3673,#3681));
#3655 = ORIENTED_EDGE('',*,*,#3656,.T.);
#3656 = EDGE_CURVE('',#3657,#3659,#3661,.T.);
#3657 = VERTEX_POINT('',#3658);
#3658 = CARTESIAN_POINT('',(2.605,2.21,-0.275));
#3659 = VERTEX_POINT('',#3660);
#3660 = CARTESIAN_POINT('',(2.605,0.15,-0.275));
#3661 = LINE('',#3662,#3663);
#3662 = CARTESIAN_POINT('',(2.605,0.,-0.275));
#3663 = VECTOR('',#3664,1.);
#3664 = DIRECTION('',(0.,-1.,0.));
#3665 = ORIENTED_EDGE('',*,*,#3666,.F.);
#3666 = EDGE_CURVE('',#3667,#3659,#3669,.T.);
#3667 = VERTEX_POINT('',#3668);
#3668 = CARTESIAN_POINT('',(2.375,0.15,-0.275));
#3669 = LINE('',#3670,#3671);
#3670 = CARTESIAN_POINT('',(2.375,0.15,-0.275));
#3671 = VECTOR('',#3672,1.);
#3672 = DIRECTION('',(1.,0.,0.));
#3673 = ORIENTED_EDGE('',*,*,#3674,.F.);
#3674 = EDGE_CURVE('',#3675,#3667,#3677,.T.);
#3675 = VERTEX_POINT('',#3676);
#3676 = CARTESIAN_POINT('',(2.375,2.21,-0.275));
#3677 = LINE('',#3678,#3679);
#3678 = CARTESIAN_POINT('',(2.375,0.,-0.275));
#3679 = VECTOR('',#3680,1.);
#3680 = DIRECTION('',(0.,-1.,0.));
#3681 = ORIENTED_EDGE('',*,*,#3682,.F.);
#3682 = EDGE_CURVE('',#3657,#3675,#3683,.T.);
#3683 = LINE('',#3684,#3685);
#3684 = CARTESIAN_POINT('',(-5.,2.21,-0.275));
#3685 = VECTOR('',#3686,1.);
#3686 = DIRECTION('',(-1.,0.,0.));
#3687 = PLANE('',#3688);
#3688 = AXIS2_PLACEMENT_3D('',#3689,#3690,#3691);
#3689 = CARTESIAN_POINT('',(-12.275,0.,-0.275));
#3690 = DIRECTION('',(0.,0.,-1.));
#3691 = DIRECTION('',(-1.,0.,0.));
#3692 = ADVANCED_FACE('',(#3693),#3784,.T.);
#3693 = FACE_BOUND('',#3694,.T.);
#3694 = EDGE_LOOP('',(#3695,#3704,#3705,#3714,#3722,#3728,#3729,#3737,
    #3745,#3753,#3761,#3770,#3777,#3778));
#3695 = ORIENTED_EDGE('',*,*,#3696,.T.);
#3696 = EDGE_CURVE('',#3697,#3634,#3699,.T.);
#3697 = VERTEX_POINT('',#3698);
#3698 = CARTESIAN_POINT('',(2.375,1.475,1.95));
#3699 = CIRCLE('',#3700,8.5E-02);
#3700 = AXIS2_PLACEMENT_3D('',#3701,#3702,#3703);
#3701 = CARTESIAN_POINT('',(2.375,1.56,1.95));
#3702 = DIRECTION('',(1.,-0.,0.));
#3703 = DIRECTION('',(0.,0.,-1.));
#3704 = ORIENTED_EDGE('',*,*,#3641,.T.);
#3705 = ORIENTED_EDGE('',*,*,#3706,.F.);
#3706 = EDGE_CURVE('',#3707,#3615,#3709,.T.);
#3707 = VERTEX_POINT('',#3708);
#3708 = CARTESIAN_POINT('',(2.375,1.72,2.025));
#3709 = CIRCLE('',#3710,7.5E-02);
#3710 = AXIS2_PLACEMENT_3D('',#3711,#3712,#3713);
#3711 = CARTESIAN_POINT('',(2.375,1.72,1.95));
#3712 = DIRECTION('',(1.,-0.,0.));
#3713 = DIRECTION('',(0.,0.,-1.));
#3714 = ORIENTED_EDGE('',*,*,#3715,.F.);
#3715 = EDGE_CURVE('',#3716,#3707,#3718,.T.);
#3716 = VERTEX_POINT('',#3717);
#3717 = CARTESIAN_POINT('',(2.375,2.21,2.025));
#3718 = LINE('',#3719,#3720);
#3719 = CARTESIAN_POINT('',(2.375,0.,2.025));
#3720 = VECTOR('',#3721,1.);
#3721 = DIRECTION('',(0.,-1.,0.));
#3722 = ORIENTED_EDGE('',*,*,#3723,.F.);
#3723 = EDGE_CURVE('',#3675,#3716,#3724,.T.);
#3724 = LINE('',#3725,#3726);
#3725 = CARTESIAN_POINT('',(2.375,2.21,-2.49693609269));
#3726 = VECTOR('',#3727,1.);
#3727 = DIRECTION('',(0.,0.,1.));
#3728 = ORIENTED_EDGE('',*,*,#3674,.T.);
#3729 = ORIENTED_EDGE('',*,*,#3730,.F.);
#3730 = EDGE_CURVE('',#3731,#3667,#3733,.T.);
#3731 = VERTEX_POINT('',#3732);
#3732 = CARTESIAN_POINT('',(2.375,-1.828238918349E-15,-0.125));
#3733 = LINE('',#3734,#3735);
#3734 = CARTESIAN_POINT('',(2.375,-6.25E-02,-6.25E-02));
#3735 = VECTOR('',#3736,1.);
#3736 = DIRECTION('',(0.,0.707106781187,-0.707106781187));
#3737 = ORIENTED_EDGE('',*,*,#3738,.T.);
#3738 = EDGE_CURVE('',#3731,#3739,#3741,.T.);
#3739 = VERTEX_POINT('',#3740);
#3740 = CARTESIAN_POINT('',(2.375,-1.781481197163E-15,1.875));
#3741 = LINE('',#3742,#3743);
#3742 = CARTESIAN_POINT('',(2.375,-1.772945837722E-15,-2.49693609269));
#3743 = VECTOR('',#3744,1.);
#3744 = DIRECTION('',(0.,0.,1.));
#3745 = ORIENTED_EDGE('',*,*,#3746,.F.);
#3746 = EDGE_CURVE('',#3747,#3739,#3749,.T.);
#3747 = VERTEX_POINT('',#3748);
#3748 = CARTESIAN_POINT('',(2.375,0.15,2.025));
#3749 = LINE('',#3750,#3751);
#3750 = CARTESIAN_POINT('',(2.375,-0.9375,0.9375));
#3751 = VECTOR('',#3752,1.);
#3752 = DIRECTION('',(0.,-0.707106781187,-0.707106781187));
#3753 = ORIENTED_EDGE('',*,*,#3754,.F.);
#3754 = EDGE_CURVE('',#3755,#3747,#3757,.T.);
#3755 = VERTEX_POINT('',#3756);
#3756 = CARTESIAN_POINT('',(2.375,0.85,2.025));
#3757 = LINE('',#3758,#3759);
#3758 = CARTESIAN_POINT('',(2.375,0.,2.025));
#3759 = VECTOR('',#3760,1.);
#3760 = DIRECTION('',(0.,-1.,0.));
#3761 = ORIENTED_EDGE('',*,*,#3762,.F.);
#3762 = EDGE_CURVE('',#3763,#3755,#3765,.T.);
#3763 = VERTEX_POINT('',#3764);
#3764 = CARTESIAN_POINT('',(2.375,0.925,1.95));
#3765 = CIRCLE('',#3766,7.5E-02);
#3766 = AXIS2_PLACEMENT_3D('',#3767,#3768,#3769);
#3767 = CARTESIAN_POINT('',(2.375,0.85,1.95));
#3768 = DIRECTION('',(1.,-0.,0.));
#3769 = DIRECTION('',(0.,0.,-1.));
#3770 = ORIENTED_EDGE('',*,*,#3771,.T.);
#3771 = EDGE_CURVE('',#3763,#3592,#3772,.T.);
#3772 = CIRCLE('',#3773,8.5E-02);
#3773 = AXIS2_PLACEMENT_3D('',#3774,#3775,#3776);
#3774 = CARTESIAN_POINT('',(2.375,1.01,1.95));
#3775 = DIRECTION('',(1.,-0.,0.));
#3776 = DIRECTION('',(0.,0.,-1.));
#3777 = ORIENTED_EDGE('',*,*,#3599,.T.);
#3778 = ORIENTED_EDGE('',*,*,#3779,.F.);
#3779 = EDGE_CURVE('',#3697,#3573,#3780,.T.);
#3780 = LINE('',#3781,#3782);
#3781 = CARTESIAN_POINT('',(2.375,1.112733808604E-15,1.95));
#3782 = VECTOR('',#3783,1.);
#3783 = DIRECTION('',(0.,-1.,5.706327223608E-16));
#3784 = PLANE('',#3785);
#3785 = AXIS2_PLACEMENT_3D('',#3786,#3787,#3788);
#3786 = CARTESIAN_POINT('',(2.375,0.,-2.49693609269));
#3787 = DIRECTION('',(-1.,0.,0.));
#3788 = DIRECTION('',(0.,0.,1.));
#3789 = ADVANCED_FACE('',(#3790),#3815,.F.);
#3790 = FACE_BOUND('',#3791,.T.);
#3791 = EDGE_LOOP('',(#3792,#3800,#3801,#3809));
#3792 = ORIENTED_EDGE('',*,*,#3793,.F.);
#3793 = EDGE_CURVE('',#3739,#3794,#3796,.T.);
#3794 = VERTEX_POINT('',#3795);
#3795 = CARTESIAN_POINT('',(2.605,-1.781481197163E-15,1.875));
#3796 = LINE('',#3797,#3798);
#3797 = CARTESIAN_POINT('',(2.375,-1.781481197163E-15,1.875));
#3798 = VECTOR('',#3799,1.);
#3799 = DIRECTION('',(1.,0.,0.));
#3800 = ORIENTED_EDGE('',*,*,#3738,.F.);
#3801 = ORIENTED_EDGE('',*,*,#3802,.T.);
#3802 = EDGE_CURVE('',#3731,#3803,#3805,.T.);
#3803 = VERTEX_POINT('',#3804);
#3804 = CARTESIAN_POINT('',(2.605,-1.828238918349E-15,-0.125));
#3805 = LINE('',#3806,#3807);
#3806 = CARTESIAN_POINT('',(2.375,-1.828238918349E-15,-0.125));
#3807 = VECTOR('',#3808,1.);
#3808 = DIRECTION('',(1.,0.,0.));
#3809 = ORIENTED_EDGE('',*,*,#3810,.T.);
#3810 = EDGE_CURVE('',#3803,#3794,#3811,.T.);
#3811 = LINE('',#3812,#3813);
#3812 = CARTESIAN_POINT('',(2.605,-1.828238918349E-15,-2.49693609269));
#3813 = VECTOR('',#3814,1.);
#3814 = DIRECTION('',(0.,0.,1.));
#3815 = PLANE('',#3816);
#3816 = AXIS2_PLACEMENT_3D('',#3817,#3818,#3819);
#3817 = CARTESIAN_POINT('',(-5.,4.237045877652E-30,-2.49693609269));
#3818 = DIRECTION('',(2.403995947861E-16,1.,0.));
#3819 = DIRECTION('',(-1.,2.403995947861E-16,0.));
#3820 = ADVANCED_FACE('',(#3821),#3903,.F.);
#3821 = FACE_BOUND('',#3822,.T.);
#3822 = EDGE_LOOP('',(#3823,#3832,#3833,#3842,#3848,#3849,#3858,#3867,
    #3875,#3881,#3882,#3888,#3889,#3897));
#3823 = ORIENTED_EDGE('',*,*,#3824,.T.);
#3824 = EDGE_CURVE('',#3825,#3617,#3827,.T.);
#3825 = VERTEX_POINT('',#3826);
#3826 = CARTESIAN_POINT('',(2.605,1.72,2.025));
#3827 = CIRCLE('',#3828,7.5E-02);
#3828 = AXIS2_PLACEMENT_3D('',#3829,#3830,#3831);
#3829 = CARTESIAN_POINT('',(2.605,1.72,1.95));
#3830 = DIRECTION('',(1.,-0.,0.));
#3831 = DIRECTION('',(0.,0.,-1.));
#3832 = ORIENTED_EDGE('',*,*,#3624,.F.);
#3833 = ORIENTED_EDGE('',*,*,#3834,.F.);
#3834 = EDGE_CURVE('',#3835,#3625,#3837,.T.);
#3835 = VERTEX_POINT('',#3836);
#3836 = CARTESIAN_POINT('',(2.605,1.475,1.95));
#3837 = CIRCLE('',#3838,8.5E-02);
#3838 = AXIS2_PLACEMENT_3D('',#3839,#3840,#3841);
#3839 = CARTESIAN_POINT('',(2.605,1.56,1.95));
#3840 = DIRECTION('',(1.,-0.,0.));
#3841 = DIRECTION('',(0.,0.,-1.));
#3842 = ORIENTED_EDGE('',*,*,#3843,.T.);
#3843 = EDGE_CURVE('',#3835,#3575,#3844,.T.);
#3844 = LINE('',#3845,#3846);
#3845 = CARTESIAN_POINT('',(2.605,1.112733808604E-15,1.95));
#3846 = VECTOR('',#3847,1.);
#3847 = DIRECTION('',(0.,-1.,5.706327223608E-16));
#3848 = ORIENTED_EDGE('',*,*,#3582,.F.);
#3849 = ORIENTED_EDGE('',*,*,#3850,.F.);
#3850 = EDGE_CURVE('',#3851,#3583,#3853,.T.);
#3851 = VERTEX_POINT('',#3852);
#3852 = CARTESIAN_POINT('',(2.605,0.925,1.95));
#3853 = CIRCLE('',#3854,8.5E-02);
#3854 = AXIS2_PLACEMENT_3D('',#3855,#3856,#3857);
#3855 = CARTESIAN_POINT('',(2.605,1.01,1.95));
#3856 = DIRECTION('',(1.,-0.,0.));
#3857 = DIRECTION('',(0.,0.,-1.));
#3858 = ORIENTED_EDGE('',*,*,#3859,.T.);
#3859 = EDGE_CURVE('',#3851,#3860,#3862,.T.);
#3860 = VERTEX_POINT('',#3861);
#3861 = CARTESIAN_POINT('',(2.605,0.85,2.025));
#3862 = CIRCLE('',#3863,7.5E-02);
#3863 = AXIS2_PLACEMENT_3D('',#3864,#3865,#3866);
#3864 = CARTESIAN_POINT('',(2.605,0.85,1.95));
#3865 = DIRECTION('',(1.,-0.,0.));
#3866 = DIRECTION('',(0.,0.,-1.));
#3867 = ORIENTED_EDGE('',*,*,#3868,.T.);
#3868 = EDGE_CURVE('',#3860,#3869,#3871,.T.);
#3869 = VERTEX_POINT('',#3870);
#3870 = CARTESIAN_POINT('',(2.605,0.15,2.025));
#3871 = LINE('',#3872,#3873);
#3872 = CARTESIAN_POINT('',(2.605,0.,2.025));
#3873 = VECTOR('',#3874,1.);
#3874 = DIRECTION('',(0.,-1.,0.));
#3875 = ORIENTED_EDGE('',*,*,#3876,.T.);
#3876 = EDGE_CURVE('',#3869,#3794,#3877,.T.);
#3877 = LINE('',#3878,#3879);
#3878 = CARTESIAN_POINT('',(2.605,-0.9375,0.9375));
#3879 = VECTOR('',#3880,1.);
#3880 = DIRECTION('',(0.,-0.707106781187,-0.707106781187));
#3881 = ORIENTED_EDGE('',*,*,#3810,.F.);
#3882 = ORIENTED_EDGE('',*,*,#3883,.T.);
#3883 = EDGE_CURVE('',#3803,#3659,#3884,.T.);
#3884 = LINE('',#3885,#3886);
#3885 = CARTESIAN_POINT('',(2.605,-6.25E-02,-6.25E-02));
#3886 = VECTOR('',#3887,1.);
#3887 = DIRECTION('',(0.,0.707106781187,-0.707106781187));
#3888 = ORIENTED_EDGE('',*,*,#3656,.F.);
#3889 = ORIENTED_EDGE('',*,*,#3890,.T.);
#3890 = EDGE_CURVE('',#3657,#3891,#3893,.T.);
#3891 = VERTEX_POINT('',#3892);
#3892 = CARTESIAN_POINT('',(2.605,2.21,2.025));
#3893 = LINE('',#3894,#3895);
#3894 = CARTESIAN_POINT('',(2.605,2.21,-2.49693609269));
#3895 = VECTOR('',#3896,1.);
#3896 = DIRECTION('',(0.,0.,1.));
#3897 = ORIENTED_EDGE('',*,*,#3898,.T.);
#3898 = EDGE_CURVE('',#3891,#3825,#3899,.T.);
#3899 = LINE('',#3900,#3901);
#3900 = CARTESIAN_POINT('',(2.605,0.,2.025));
#3901 = VECTOR('',#3902,1.);
#3902 = DIRECTION('',(0.,-1.,0.));
#3903 = PLANE('',#3904);
#3904 = AXIS2_PLACEMENT_3D('',#3905,#3906,#3907);
#3905 = CARTESIAN_POINT('',(2.605,0.,-2.49693609269));
#3906 = DIRECTION('',(-1.,0.,0.));
#3907 = DIRECTION('',(0.,0.,1.));
#3908 = ADVANCED_FACE('',(#3909),#3925,.T.);
#3909 = FACE_BOUND('',#3910,.T.);
#3910 = EDGE_LOOP('',(#3911,#3912,#3918,#3919));
#3911 = ORIENTED_EDGE('',*,*,#3715,.T.);
#3912 = ORIENTED_EDGE('',*,*,#3913,.T.);
#3913 = EDGE_CURVE('',#3707,#3825,#3914,.T.);
#3914 = LINE('',#3915,#3916);
#3915 = CARTESIAN_POINT('',(2.375,1.72,2.025));
#3916 = VECTOR('',#3917,1.);
#3917 = DIRECTION('',(1.,0.,0.));
#3918 = ORIENTED_EDGE('',*,*,#3898,.F.);
#3919 = ORIENTED_EDGE('',*,*,#3920,.T.);
#3920 = EDGE_CURVE('',#3891,#3716,#3921,.T.);
#3921 = LINE('',#3922,#3923);
#3922 = CARTESIAN_POINT('',(-5.,2.21,2.025));
#3923 = VECTOR('',#3924,1.);
#3924 = DIRECTION('',(-1.,0.,0.));
#3925 = PLANE('',#3926);
#3926 = AXIS2_PLACEMENT_3D('',#3927,#3928,#3929);
#3927 = CARTESIAN_POINT('',(2.875,0.,2.025));
#3928 = DIRECTION('',(0.,0.,1.));
#3929 = DIRECTION('',(1.,0.,-0.));
#3930 = ADVANCED_FACE('',(#3931),#3947,.T.);
#3931 = FACE_BOUND('',#3932,.T.);
#3932 = EDGE_LOOP('',(#3933,#3939,#3940,#3946));
#3933 = ORIENTED_EDGE('',*,*,#3934,.F.);
#3934 = EDGE_CURVE('',#3755,#3860,#3935,.T.);
#3935 = LINE('',#3936,#3937);
#3936 = CARTESIAN_POINT('',(2.375,0.85,2.025));
#3937 = VECTOR('',#3938,1.);
#3938 = DIRECTION('',(1.,0.,0.));
#3939 = ORIENTED_EDGE('',*,*,#3754,.T.);
#3940 = ORIENTED_EDGE('',*,*,#3941,.T.);
#3941 = EDGE_CURVE('',#3747,#3869,#3942,.T.);
#3942 = LINE('',#3943,#3944);
#3943 = CARTESIAN_POINT('',(2.375,0.15,2.025));
#3944 = VECTOR('',#3945,1.);
#3945 = DIRECTION('',(1.,0.,0.));
#3946 = ORIENTED_EDGE('',*,*,#3868,.F.);
#3947 = PLANE('',#3948);
#3948 = AXIS2_PLACEMENT_3D('',#3949,#3950,#3951);
#3949 = CARTESIAN_POINT('',(2.875,0.,2.025));
#3950 = DIRECTION('',(0.,0.,1.));
#3951 = DIRECTION('',(1.,0.,-0.));
#3952 = ADVANCED_FACE('',(#3953),#3959,.T.);
#3953 = FACE_BOUND('',#3954,.T.);
#3954 = EDGE_LOOP('',(#3955,#3956,#3957,#3958));
#3955 = ORIENTED_EDGE('',*,*,#3890,.F.);
#3956 = ORIENTED_EDGE('',*,*,#3682,.T.);
#3957 = ORIENTED_EDGE('',*,*,#3723,.T.);
#3958 = ORIENTED_EDGE('',*,*,#3920,.F.);
#3959 = PLANE('',#3960);
#3960 = AXIS2_PLACEMENT_3D('',#3961,#3962,#3963);
#3961 = CARTESIAN_POINT('',(-5.,2.21,-2.49693609269));
#3962 = DIRECTION('',(0.,1.,0.));
#3963 = DIRECTION('',(0.,-0.,1.));
#3964 = ADVANCED_FACE('',(#3965),#3971,.T.);
#3965 = FACE_BOUND('',#3966,.T.);
#3966 = EDGE_LOOP('',(#3967,#3968,#3969,#3970));
#3967 = ORIENTED_EDGE('',*,*,#3876,.F.);
#3968 = ORIENTED_EDGE('',*,*,#3941,.F.);
#3969 = ORIENTED_EDGE('',*,*,#3746,.T.);
#3970 = ORIENTED_EDGE('',*,*,#3793,.T.);
#3971 = PLANE('',#3972);
#3972 = AXIS2_PLACEMENT_3D('',#3973,#3974,#3975);
#3973 = CARTESIAN_POINT('',(2.375,-0.9375,0.9375));
#3974 = DIRECTION('',(0.,-0.707106781187,0.707106781187));
#3975 = DIRECTION('',(0.,-0.707106781187,-0.707106781187));
#3976 = ADVANCED_FACE('',(#3977),#3983,.T.);
#3977 = FACE_BOUND('',#3978,.T.);
#3978 = EDGE_LOOP('',(#3979,#3980,#3981,#3982));
#3979 = ORIENTED_EDGE('',*,*,#3824,.F.);
#3980 = ORIENTED_EDGE('',*,*,#3913,.F.);
#3981 = ORIENTED_EDGE('',*,*,#3706,.T.);
#3982 = ORIENTED_EDGE('',*,*,#3614,.T.);
#3983 = CYLINDRICAL_SURFACE('',#3984,7.5E-02);
#3984 = AXIS2_PLACEMENT_3D('',#3985,#3986,#3987);
#3985 = CARTESIAN_POINT('',(2.375,1.72,1.95));
#3986 = DIRECTION('',(1.,0.,0.));
#3987 = DIRECTION('',(0.,0.,-1.));
#3988 = ADVANCED_FACE('',(#3989),#4000,.F.);
#3989 = FACE_BOUND('',#3990,.F.);
#3990 = EDGE_LOOP('',(#3991,#3992,#3998,#3999));
#3991 = ORIENTED_EDGE('',*,*,#3834,.F.);
#3992 = ORIENTED_EDGE('',*,*,#3993,.F.);
#3993 = EDGE_CURVE('',#3697,#3835,#3994,.T.);
#3994 = LINE('',#3995,#3996);
#3995 = CARTESIAN_POINT('',(2.375,1.475,1.95));
#3996 = VECTOR('',#3997,1.);
#3997 = DIRECTION('',(1.,0.,0.));
#3998 = ORIENTED_EDGE('',*,*,#3696,.T.);
#3999 = ORIENTED_EDGE('',*,*,#3633,.T.);
#4000 = CYLINDRICAL_SURFACE('',#4001,8.5E-02);
#4001 = AXIS2_PLACEMENT_3D('',#4002,#4003,#4004);
#4002 = CARTESIAN_POINT('',(2.375,1.56,1.95));
#4003 = DIRECTION('',(1.,0.,0.));
#4004 = DIRECTION('',(0.,0.,-1.));
#4005 = ADVANCED_FACE('',(#4006),#4012,.T.);
#4006 = FACE_BOUND('',#4007,.T.);
#4007 = EDGE_LOOP('',(#4008,#4009,#4010,#4011));
#4008 = ORIENTED_EDGE('',*,*,#3843,.F.);
#4009 = ORIENTED_EDGE('',*,*,#3993,.F.);
#4010 = ORIENTED_EDGE('',*,*,#3779,.T.);
#4011 = ORIENTED_EDGE('',*,*,#3572,.T.);
#4012 = PLANE('',#4013);
#4013 = AXIS2_PLACEMENT_3D('',#4014,#4015,#4016);
#4014 = CARTESIAN_POINT('',(2.375,1.112733808604E-15,1.95));
#4015 = DIRECTION('',(0.,5.706327223608E-16,1.));
#4016 = DIRECTION('',(0.,-1.,5.706327223608E-16));
#4017 = ADVANCED_FACE('',(#4018),#4029,.F.);
#4018 = FACE_BOUND('',#4019,.F.);
#4019 = EDGE_LOOP('',(#4020,#4021,#4027,#4028));
#4020 = ORIENTED_EDGE('',*,*,#3850,.F.);
#4021 = ORIENTED_EDGE('',*,*,#4022,.F.);
#4022 = EDGE_CURVE('',#3763,#3851,#4023,.T.);
#4023 = LINE('',#4024,#4025);
#4024 = CARTESIAN_POINT('',(2.375,0.925,1.95));
#4025 = VECTOR('',#4026,1.);
#4026 = DIRECTION('',(1.,0.,0.));
#4027 = ORIENTED_EDGE('',*,*,#3771,.T.);
#4028 = ORIENTED_EDGE('',*,*,#3591,.T.);
#4029 = CYLINDRICAL_SURFACE('',#4030,8.5E-02);
#4030 = AXIS2_PLACEMENT_3D('',#4031,#4032,#4033);
#4031 = CARTESIAN_POINT('',(2.375,1.01,1.95));
#4032 = DIRECTION('',(1.,0.,0.));
#4033 = DIRECTION('',(0.,0.,-1.));
#4034 = ADVANCED_FACE('',(#4035),#4041,.T.);
#4035 = FACE_BOUND('',#4036,.T.);
#4036 = EDGE_LOOP('',(#4037,#4038,#4039,#4040));
#4037 = ORIENTED_EDGE('',*,*,#3859,.F.);
#4038 = ORIENTED_EDGE('',*,*,#4022,.F.);
#4039 = ORIENTED_EDGE('',*,*,#3762,.T.);
#4040 = ORIENTED_EDGE('',*,*,#3934,.T.);
#4041 = CYLINDRICAL_SURFACE('',#4042,7.5E-02);
#4042 = AXIS2_PLACEMENT_3D('',#4043,#4044,#4045);
#4043 = CARTESIAN_POINT('',(2.375,0.85,1.95));
#4044 = DIRECTION('',(1.,0.,0.));
#4045 = DIRECTION('',(0.,0.,-1.));
#4046 = ADVANCED_FACE('',(#4047),#4053,.T.);
#4047 = FACE_BOUND('',#4048,.T.);
#4048 = EDGE_LOOP('',(#4049,#4050,#4051,#4052));
#4049 = ORIENTED_EDGE('',*,*,#3883,.F.);
#4050 = ORIENTED_EDGE('',*,*,#3802,.F.);
#4051 = ORIENTED_EDGE('',*,*,#3730,.T.);
#4052 = ORIENTED_EDGE('',*,*,#3666,.T.);
#4053 = PLANE('',#4054);
#4054 = AXIS2_PLACEMENT_3D('',#4055,#4056,#4057);
#4055 = CARTESIAN_POINT('',(2.375,-6.25E-02,-6.25E-02));
#4056 = DIRECTION('',(0.,-0.707106781187,-0.707106781187));
#4057 = DIRECTION('',(0.,0.707106781187,-0.707106781187));
#4058 = MANIFOLD_SOLID_BREP('',#4059);
#4059 = CLOSED_SHELL('',(#4060,#4100,#4140,#4180,#4211,#4251,#4291,#4322
    ,#4362,#4393,#4441,#4472,#4511,#4533,#4605,#4669,#4700,#4724,#4882,
    #4922,#4978,#5047,#5078,#5102,#5126,#5143,#5174,#5221,#5247,#5278,
    #5290,#5314,#5340,#5357,#5388,#5419,#5467,#5498,#5521,#5533,#5557,
    #5574,#5586,#5626,#5666,#5697,#5728,#5750,#5762,#5793,#5817,#5834,
    #5858,#5882,#5899,#5924,#5948,#5965,#5977,#5989,#6013,#6051,#6075,
    #6092,#6132,#6178,#6209,#6246,#6278,#6310,#6332,#6362,#6379,#6427,
    #6458,#6481,#6520,#6551,#6613,#6644,#6715,#6746,#6785,#6802,#6824,
    #6841,#6881,#6921,#6961,#6992,#7016,#7056,#7087,#7127,#7158,#7214,
    #7238,#7269,#7293,#7324,#7348,#7372,#7410,#7450,#7483,#7510,#7541,
    #7567,#7607,#7640,#7680,#7720,#7760,#7800,#7840,#7880,#7920,#7960,
    #8000,#8040,#8071,#8102,#8133,#8173,#8213,#8244,#8269,#8293,#8311,
    #8350,#8381,#8411,#8435,#8467,#8498,#8528,#8552,#8584,#8615,#8654,
    #8693,#8717,#8741,#8772,#8796,#8820,#8852,#8891,#8915,#8946,#8978,
    #9009,#9039,#9063,#9094,#9126,#9157,#9187,#9211,#9242,#9274,#9305,
    #9335,#9359,#9390,#9422,#9452,#9476,#9500,#9524,#9548,#9580,#9611,
    #9641,#9658,#9689,#9713,#9737,#9754,#9787,#9827,#9867,#9907,#9947,
    #9987,#10018,#10042,#10077,#10103,#10141,#10165,#10220,#10251,#10297
    ,#10328,#10374,#10405,#10451,#10482,#10528,#10559,#10605,#10636,
    #10682,#10713,#10759,#10790,#10867,#10965,#10982,#11028,#11045,
    #11062,#11083,#11117,#11139,#11156,#11173,#11236,#11372,#11384,
    #11396));
#4060 = ADVANCED_FACE('',(#4061),#4095,.T.);
#4061 = FACE_BOUND('',#4062,.T.);
#4062 = EDGE_LOOP('',(#4063,#4073,#4081,#4089));
#4063 = ORIENTED_EDGE('',*,*,#4064,.F.);
#4064 = EDGE_CURVE('',#4065,#4067,#4069,.T.);
#4065 = VERTEX_POINT('',#4066);
#4066 = CARTESIAN_POINT('',(-0.3125,2.255,6.5E-02));
#4067 = VERTEX_POINT('',#4068);
#4068 = CARTESIAN_POINT('',(-0.3125,2.255,2.025));
#4069 = LINE('',#4070,#4071);
#4070 = CARTESIAN_POINT('',(-0.3125,2.255,6.5E-02));
#4071 = VECTOR('',#4072,1.);
#4072 = DIRECTION('',(-0.,-0.,1.));
#4073 = ORIENTED_EDGE('',*,*,#4074,.F.);
#4074 = EDGE_CURVE('',#4075,#4065,#4077,.T.);
#4075 = VERTEX_POINT('',#4076);
#4076 = CARTESIAN_POINT('',(0.3125,2.255,6.5E-02));
#4077 = LINE('',#4078,#4079);
#4078 = CARTESIAN_POINT('',(-5.,2.255,6.5E-02));
#4079 = VECTOR('',#4080,1.);
#4080 = DIRECTION('',(-1.,0.,0.));
#4081 = ORIENTED_EDGE('',*,*,#4082,.T.);
#4082 = EDGE_CURVE('',#4075,#4083,#4085,.T.);
#4083 = VERTEX_POINT('',#4084);
#4084 = CARTESIAN_POINT('',(0.3125,2.255,2.025));
#4085 = LINE('',#4086,#4087);
#4086 = CARTESIAN_POINT('',(0.3125,2.255,-10.40208472228));
#4087 = VECTOR('',#4088,1.);
#4088 = DIRECTION('',(0.,0.,1.));
#4089 = ORIENTED_EDGE('',*,*,#4090,.T.);
#4090 = EDGE_CURVE('',#4083,#4067,#4091,.T.);
#4091 = LINE('',#4092,#4093);
#4092 = CARTESIAN_POINT('',(-5.,2.255,2.025));
#4093 = VECTOR('',#4094,1.);
#4094 = DIRECTION('',(-1.,0.,0.));
#4095 = PLANE('',#4096);
#4096 = AXIS2_PLACEMENT_3D('',#4097,#4098,#4099);
#4097 = CARTESIAN_POINT('',(0.,2.255,6.5E-02));
#4098 = DIRECTION('',(0.,-1.,0.));
#4099 = DIRECTION('',(0.,-0.,-1.));
#4100 = ADVANCED_FACE('',(#4101),#4135,.T.);
#4101 = FACE_BOUND('',#4102,.T.);
#4102 = EDGE_LOOP('',(#4103,#4113,#4121,#4129));
#4103 = ORIENTED_EDGE('',*,*,#4104,.T.);
#4104 = EDGE_CURVE('',#4105,#4107,#4109,.T.);
#4105 = VERTEX_POINT('',#4106);
#4106 = CARTESIAN_POINT('',(-0.525,1.03,-2.025));
#4107 = VERTEX_POINT('',#4108);
#4108 = CARTESIAN_POINT('',(0.525,1.03,-2.025));
#4109 = LINE('',#4110,#4111);
#4110 = CARTESIAN_POINT('',(-12.875,1.03,-2.025));
#4111 = VECTOR('',#4112,1.);
#4112 = DIRECTION('',(1.,-0.,-0.));
#4113 = ORIENTED_EDGE('',*,*,#4114,.T.);
#4114 = EDGE_CURVE('',#4107,#4115,#4117,.T.);
#4115 = VERTEX_POINT('',#4116);
#4116 = CARTESIAN_POINT('',(0.525,1.03,-1.465));
#4117 = LINE('',#4118,#4119);
#4118 = CARTESIAN_POINT('',(0.525,1.03,-2.025));
#4119 = VECTOR('',#4120,1.);
#4120 = DIRECTION('',(0.,0.,1.));
#4121 = ORIENTED_EDGE('',*,*,#4122,.F.);
#4122 = EDGE_CURVE('',#4123,#4115,#4125,.T.);
#4123 = VERTEX_POINT('',#4124);
#4124 = CARTESIAN_POINT('',(-0.525,1.03,-1.465));
#4125 = LINE('',#4126,#4127);
#4126 = CARTESIAN_POINT('',(-12.875,1.03,-1.465));
#4127 = VECTOR('',#4128,1.);
#4128 = DIRECTION('',(1.,-0.,-0.));
#4129 = ORIENTED_EDGE('',*,*,#4130,.F.);
#4130 = EDGE_CURVE('',#4105,#4123,#4131,.T.);
#4131 = LINE('',#4132,#4133);
#4132 = CARTESIAN_POINT('',(-0.525,1.03,-2.025));
#4133 = VECTOR('',#4134,1.);
#4134 = DIRECTION('',(0.,0.,1.));
#4135 = PLANE('',#4136);
#4136 = AXIS2_PLACEMENT_3D('',#4137,#4138,#4139);
#4137 = CARTESIAN_POINT('',(-12.875,1.03,0.));
#4138 = DIRECTION('',(0.,-1.,-0.));
#4139 = DIRECTION('',(-0.,0.,-1.));
#4140 = ADVANCED_FACE('',(#4141),#4175,.F.);
#4141 = FACE_BOUND('',#4142,.T.);
#4142 = EDGE_LOOP('',(#4143,#4153,#4161,#4169));
#4143 = ORIENTED_EDGE('',*,*,#4144,.T.);
#4144 = EDGE_CURVE('',#4145,#4147,#4149,.T.);
#4145 = VERTEX_POINT('',#4146);
#4146 = CARTESIAN_POINT('',(0.525,0.78,6.5E-02));
#4147 = VERTEX_POINT('',#4148);
#4148 = CARTESIAN_POINT('',(-0.525,0.78,6.5E-02));
#4149 = LINE('',#4150,#4151);
#4150 = CARTESIAN_POINT('',(-5.,0.78,6.5E-02));
#4151 = VECTOR('',#4152,1.);
#4152 = DIRECTION('',(-1.,1.19757235547E-16,0.));
#4153 = ORIENTED_EDGE('',*,*,#4154,.T.);
#4154 = EDGE_CURVE('',#4147,#4155,#4157,.T.);
#4155 = VERTEX_POINT('',#4156);
#4156 = CARTESIAN_POINT('',(-0.525,0.78,1.825));
#4157 = LINE('',#4158,#4159);
#4158 = CARTESIAN_POINT('',(-0.525,0.78,6.5E-02));
#4159 = VECTOR('',#4160,1.);
#4160 = DIRECTION('',(-0.,0.,1.));
#4161 = ORIENTED_EDGE('',*,*,#4162,.F.);
#4162 = EDGE_CURVE('',#4163,#4155,#4165,.T.);
#4163 = VERTEX_POINT('',#4164);
#4164 = CARTESIAN_POINT('',(0.525,0.78,1.825));
#4165 = LINE('',#4166,#4167);
#4166 = CARTESIAN_POINT('',(-11.79,0.78,1.825));
#4167 = VECTOR('',#4168,1.);
#4168 = DIRECTION('',(-1.,1.19757235547E-16,0.));
#4169 = ORIENTED_EDGE('',*,*,#4170,.F.);
#4170 = EDGE_CURVE('',#4145,#4163,#4171,.T.);
#4171 = LINE('',#4172,#4173);
#4172 = CARTESIAN_POINT('',(0.525,0.78,6.5E-02));
#4173 = VECTOR('',#4174,1.);
#4174 = DIRECTION('',(0.,0.,1.));
#4175 = PLANE('',#4176);
#4176 = AXIS2_PLACEMENT_3D('',#4177,#4178,#4179);
#4177 = CARTESIAN_POINT('',(-5.,0.78,6.5E-02));
#4178 = DIRECTION('',(-1.19757235547E-16,-1.,0.));
#4179 = DIRECTION('',(-1.,1.19757235547E-16,0.));
#4180 = ADVANCED_FACE('',(#4181),#4206,.T.);
#4181 = FACE_BOUND('',#4182,.T.);
#4182 = EDGE_LOOP('',(#4183,#4193,#4199,#4200));
#4183 = ORIENTED_EDGE('',*,*,#4184,.T.);
#4184 = EDGE_CURVE('',#4185,#4187,#4189,.T.);
#4185 = VERTEX_POINT('',#4186);
#4186 = CARTESIAN_POINT('',(-0.525,0.58,2.025));
#4187 = VERTEX_POINT('',#4188);
#4188 = CARTESIAN_POINT('',(0.525,0.58,2.025));
#4189 = LINE('',#4190,#4191);
#4190 = CARTESIAN_POINT('',(1.79,0.58,2.025));
#4191 = VECTOR('',#4192,1.);
#4192 = DIRECTION('',(1.,-1.19757235547E-16,0.));
#4193 = ORIENTED_EDGE('',*,*,#4194,.T.);
#4194 = EDGE_CURVE('',#4187,#4163,#4195,.T.);
#4195 = LINE('',#4196,#4197);
#4196 = CARTESIAN_POINT('',(0.525,0.78,1.825));
#4197 = VECTOR('',#4198,1.);
#4198 = DIRECTION('',(0.,0.707106781187,-0.707106781187));
#4199 = ORIENTED_EDGE('',*,*,#4162,.T.);
#4200 = ORIENTED_EDGE('',*,*,#4201,.F.);
#4201 = EDGE_CURVE('',#4185,#4155,#4202,.T.);
#4202 = LINE('',#4203,#4204);
#4203 = CARTESIAN_POINT('',(-0.525,0.78,1.825));
#4204 = VECTOR('',#4205,1.);
#4205 = DIRECTION('',(0.,0.707106781187,-0.707106781187));
#4206 = PLANE('',#4207);
#4207 = AXIS2_PLACEMENT_3D('',#4208,#4209,#4210);
#4208 = CARTESIAN_POINT('',(-5.,0.78,1.825));
#4209 = DIRECTION('',(8.468115335144E-17,0.707106781187,0.707106781187)
  );
#4210 = DIRECTION('',(1.,-1.19757235547E-16,0.));
#4211 = ADVANCED_FACE('',(#4212),#4246,.T.);
#4212 = FACE_BOUND('',#4213,.T.);
#4213 = EDGE_LOOP('',(#4214,#4224,#4232,#4240));
#4214 = ORIENTED_EDGE('',*,*,#4215,.T.);
#4215 = EDGE_CURVE('',#4216,#4218,#4220,.T.);
#4216 = VERTEX_POINT('',#4217);
#4217 = CARTESIAN_POINT('',(0.725,1.03,-1.465));
#4218 = VERTEX_POINT('',#4219);
#4219 = CARTESIAN_POINT('',(0.725,1.03,-2.025));
#4220 = LINE('',#4221,#4222);
#4221 = CARTESIAN_POINT('',(0.725,1.03,-2.025));
#4222 = VECTOR('',#4223,1.);
#4223 = DIRECTION('',(0.,-0.,-1.));
#4224 = ORIENTED_EDGE('',*,*,#4225,.T.);
#4225 = EDGE_CURVE('',#4218,#4226,#4228,.T.);
#4226 = VERTEX_POINT('',#4227);
#4227 = CARTESIAN_POINT('',(2.875,1.03,-2.025));
#4228 = LINE('',#4229,#4230);
#4229 = CARTESIAN_POINT('',(-12.875,1.03,-2.025));
#4230 = VECTOR('',#4231,1.);
#4231 = DIRECTION('',(1.,-0.,-0.));
#4232 = ORIENTED_EDGE('',*,*,#4233,.T.);
#4233 = EDGE_CURVE('',#4226,#4234,#4236,.T.);
#4234 = VERTEX_POINT('',#4235);
#4235 = CARTESIAN_POINT('',(2.875,1.03,-1.465));
#4236 = LINE('',#4237,#4238);
#4237 = CARTESIAN_POINT('',(2.875,1.03,0.));
#4238 = VECTOR('',#4239,1.);
#4239 = DIRECTION('',(0.,0.,1.));
#4240 = ORIENTED_EDGE('',*,*,#4241,.F.);
#4241 = EDGE_CURVE('',#4216,#4234,#4242,.T.);
#4242 = LINE('',#4243,#4244);
#4243 = CARTESIAN_POINT('',(-12.875,1.03,-1.465));
#4244 = VECTOR('',#4245,1.);
#4245 = DIRECTION('',(1.,-0.,-0.));
#4246 = PLANE('',#4247);
#4247 = AXIS2_PLACEMENT_3D('',#4248,#4249,#4250);
#4248 = CARTESIAN_POINT('',(-12.875,1.03,0.));
#4249 = DIRECTION('',(0.,-1.,-0.));
#4250 = DIRECTION('',(-0.,0.,-1.));
#4251 = ADVANCED_FACE('',(#4252),#4286,.F.);
#4252 = FACE_BOUND('',#4253,.T.);
#4253 = EDGE_LOOP('',(#4254,#4264,#4272,#4280));
#4254 = ORIENTED_EDGE('',*,*,#4255,.T.);
#4255 = EDGE_CURVE('',#4256,#4258,#4260,.T.);
#4256 = VERTEX_POINT('',#4257);
#4257 = CARTESIAN_POINT('',(0.725,0.78,6.5E-02));
#4258 = VERTEX_POINT('',#4259);
#4259 = CARTESIAN_POINT('',(0.725,0.78,1.825));
#4260 = LINE('',#4261,#4262);
#4261 = CARTESIAN_POINT('',(0.725,0.78,6.5E-02));
#4262 = VECTOR('',#4263,1.);
#4263 = DIRECTION('',(0.,0.,1.));
#4264 = ORIENTED_EDGE('',*,*,#4265,.F.);
#4265 = EDGE_CURVE('',#4266,#4258,#4268,.T.);
#4266 = VERTEX_POINT('',#4267);
#4267 = CARTESIAN_POINT('',(1.79,0.78,1.825));
#4268 = LINE('',#4269,#4270);
#4269 = CARTESIAN_POINT('',(-11.79,0.78,1.825));
#4270 = VECTOR('',#4271,1.);
#4271 = DIRECTION('',(-1.,1.19757235547E-16,0.));
#4272 = ORIENTED_EDGE('',*,*,#4273,.F.);
#4273 = EDGE_CURVE('',#4274,#4266,#4276,.T.);
#4274 = VERTEX_POINT('',#4275);
#4275 = CARTESIAN_POINT('',(1.79,0.78,6.5E-02));
#4276 = LINE('',#4277,#4278);
#4277 = CARTESIAN_POINT('',(1.79,0.78,6.5E-02));
#4278 = VECTOR('',#4279,1.);
#4279 = DIRECTION('',(0.,0.,1.));
#4280 = ORIENTED_EDGE('',*,*,#4281,.T.);
#4281 = EDGE_CURVE('',#4274,#4256,#4282,.T.);
#4282 = LINE('',#4283,#4284);
#4283 = CARTESIAN_POINT('',(-5.,0.78,6.5E-02));
#4284 = VECTOR('',#4285,1.);
#4285 = DIRECTION('',(-1.,1.19757235547E-16,0.));
#4286 = PLANE('',#4287);
#4287 = AXIS2_PLACEMENT_3D('',#4288,#4289,#4290);
#4288 = CARTESIAN_POINT('',(-5.,0.78,6.5E-02));
#4289 = DIRECTION('',(-1.19757235547E-16,-1.,0.));
#4290 = DIRECTION('',(-1.,1.19757235547E-16,0.));
#4291 = ADVANCED_FACE('',(#4292),#4317,.T.);
#4292 = FACE_BOUND('',#4293,.T.);
#4293 = EDGE_LOOP('',(#4294,#4304,#4310,#4311));
#4294 = ORIENTED_EDGE('',*,*,#4295,.T.);
#4295 = EDGE_CURVE('',#4296,#4298,#4300,.T.);
#4296 = VERTEX_POINT('',#4297);
#4297 = CARTESIAN_POINT('',(0.725,0.58,2.025));
#4298 = VERTEX_POINT('',#4299);
#4299 = CARTESIAN_POINT('',(1.99,0.58,2.025));
#4300 = LINE('',#4301,#4302);
#4301 = CARTESIAN_POINT('',(1.79,0.58,2.025));
#4302 = VECTOR('',#4303,1.);
#4303 = DIRECTION('',(1.,-1.19757235547E-16,0.));
#4304 = ORIENTED_EDGE('',*,*,#4305,.F.);
#4305 = EDGE_CURVE('',#4266,#4298,#4306,.T.);
#4306 = LINE('',#4307,#4308);
#4307 = CARTESIAN_POINT('',(-0.473333333333,3.043333333333,
    -0.438333333333));
#4308 = VECTOR('',#4309,1.);
#4309 = DIRECTION('',(0.57735026919,-0.57735026919,0.57735026919));
#4310 = ORIENTED_EDGE('',*,*,#4265,.T.);
#4311 = ORIENTED_EDGE('',*,*,#4312,.F.);
#4312 = EDGE_CURVE('',#4296,#4258,#4313,.T.);
#4313 = LINE('',#4314,#4315);
#4314 = CARTESIAN_POINT('',(0.725,0.78,1.825));
#4315 = VECTOR('',#4316,1.);
#4316 = DIRECTION('',(0.,0.707106781187,-0.707106781187));
#4317 = PLANE('',#4318);
#4318 = AXIS2_PLACEMENT_3D('',#4319,#4320,#4321);
#4319 = CARTESIAN_POINT('',(-5.,0.78,1.825));
#4320 = DIRECTION('',(8.468115335144E-17,0.707106781187,0.707106781187)
  );
#4321 = DIRECTION('',(1.,-1.19757235547E-16,0.));
#4322 = ADVANCED_FACE('',(#4323),#4357,.T.);
#4323 = FACE_BOUND('',#4324,.T.);
#4324 = EDGE_LOOP('',(#4325,#4335,#4343,#4351));
#4325 = ORIENTED_EDGE('',*,*,#4326,.F.);
#4326 = EDGE_CURVE('',#4327,#4329,#4331,.T.);
#4327 = VERTEX_POINT('',#4328);
#4328 = CARTESIAN_POINT('',(0.3125,1.855,1.825));
#4329 = VERTEX_POINT('',#4330);
#4330 = CARTESIAN_POINT('',(0.525,1.855,1.825));
#4331 = LINE('',#4332,#4333);
#4332 = CARTESIAN_POINT('',(-5.,1.855,1.825));
#4333 = VECTOR('',#4334,1.);
#4334 = DIRECTION('',(1.,0.,0.));
#4335 = ORIENTED_EDGE('',*,*,#4336,.F.);
#4336 = EDGE_CURVE('',#4337,#4327,#4339,.T.);
#4337 = VERTEX_POINT('',#4338);
#4338 = CARTESIAN_POINT('',(0.3125,1.855,6.5E-02));
#4339 = LINE('',#4340,#4341);
#4340 = CARTESIAN_POINT('',(0.3125,1.855,6.5E-02));
#4341 = VECTOR('',#4342,1.);
#4342 = DIRECTION('',(0.,0.,1.));
#4343 = ORIENTED_EDGE('',*,*,#4344,.F.);
#4344 = EDGE_CURVE('',#4345,#4337,#4347,.T.);
#4345 = VERTEX_POINT('',#4346);
#4346 = CARTESIAN_POINT('',(0.525,1.855,6.5E-02));
#4347 = LINE('',#4348,#4349);
#4348 = CARTESIAN_POINT('',(-5.,1.855,6.5E-02));
#4349 = VECTOR('',#4350,1.);
#4350 = DIRECTION('',(-1.,0.,0.));
#4351 = ORIENTED_EDGE('',*,*,#4352,.F.);
#4352 = EDGE_CURVE('',#4329,#4345,#4353,.T.);
#4353 = LINE('',#4354,#4355);
#4354 = CARTESIAN_POINT('',(0.525,1.855,6.5E-02));
#4355 = VECTOR('',#4356,1.);
#4356 = DIRECTION('',(0.,0.,-1.));
#4357 = PLANE('',#4358);
#4358 = AXIS2_PLACEMENT_3D('',#4359,#4360,#4361);
#4359 = CARTESIAN_POINT('',(-5.,1.855,6.5E-02));
#4360 = DIRECTION('',(0.,-1.,-0.));
#4361 = DIRECTION('',(-0.,0.,-1.));
#4362 = ADVANCED_FACE('',(#4363),#4388,.F.);
#4363 = FACE_BOUND('',#4364,.T.);
#4364 = EDGE_LOOP('',(#4365,#4375,#4381,#4382));
#4365 = ORIENTED_EDGE('',*,*,#4366,.T.);
#4366 = EDGE_CURVE('',#4367,#4369,#4371,.T.);
#4367 = VERTEX_POINT('',#4368);
#4368 = CARTESIAN_POINT('',(0.525,2.055,2.025));
#4369 = VERTEX_POINT('',#4370);
#4370 = CARTESIAN_POINT('',(0.3125,2.055,2.025));
#4371 = LINE('',#4372,#4373);
#4372 = CARTESIAN_POINT('',(-12.875,2.055,2.025));
#4373 = VECTOR('',#4374,1.);
#4374 = DIRECTION('',(-1.,0.,0.));
#4375 = ORIENTED_EDGE('',*,*,#4376,.T.);
#4376 = EDGE_CURVE('',#4369,#4327,#4377,.T.);
#4377 = LINE('',#4378,#4379);
#4378 = CARTESIAN_POINT('',(0.3125,4.75E-02,1.75E-02));
#4379 = VECTOR('',#4380,1.);
#4380 = DIRECTION('',(-0.,-0.707106781187,-0.707106781187));
#4381 = ORIENTED_EDGE('',*,*,#4326,.T.);
#4382 = ORIENTED_EDGE('',*,*,#4383,.F.);
#4383 = EDGE_CURVE('',#4367,#4329,#4384,.T.);
#4384 = LINE('',#4385,#4386);
#4385 = CARTESIAN_POINT('',(0.525,2.055,2.025));
#4386 = VECTOR('',#4387,1.);
#4387 = DIRECTION('',(-0.,-0.707106781187,-0.707106781187));
#4388 = PLANE('',#4389);
#4389 = AXIS2_PLACEMENT_3D('',#4390,#4391,#4392);
#4390 = CARTESIAN_POINT('',(-12.875,2.055,2.025));
#4391 = DIRECTION('',(0.,0.707106781187,-0.707106781187));
#4392 = DIRECTION('',(-1.,0.,0.));
#4393 = ADVANCED_FACE('',(#4394),#4436,.F.);
#4394 = FACE_BOUND('',#4395,.T.);
#4395 = EDGE_LOOP('',(#4396,#4406,#4414,#4422,#4430));
#4396 = ORIENTED_EDGE('',*,*,#4397,.T.);
#4397 = EDGE_CURVE('',#4398,#4400,#4402,.T.);
#4398 = VERTEX_POINT('',#4399);
#4399 = CARTESIAN_POINT('',(2.5,3.325,0.64));
#4400 = VERTEX_POINT('',#4401);
#4401 = CARTESIAN_POINT('',(1.925,3.325,6.5E-02));
#4402 = LINE('',#4403,#4404);
#4403 = CARTESIAN_POINT('',(1.925,3.325,6.5E-02));
#4404 = VECTOR('',#4405,1.);
#4405 = DIRECTION('',(-0.707106781187,0.,-0.707106781187));
#4406 = ORIENTED_EDGE('',*,*,#4407,.T.);
#4407 = EDGE_CURVE('',#4400,#4408,#4410,.T.);
#4408 = VERTEX_POINT('',#4409);
#4409 = CARTESIAN_POINT('',(1.35,3.325,6.5E-02));
#4410 = LINE('',#4411,#4412);
#4411 = CARTESIAN_POINT('',(-5.,3.325,6.5E-02));
#4412 = VECTOR('',#4413,1.);
#4413 = DIRECTION('',(-1.,0.,0.));
#4414 = ORIENTED_EDGE('',*,*,#4415,.T.);
#4415 = EDGE_CURVE('',#4408,#4416,#4418,.T.);
#4416 = VERTEX_POINT('',#4417);
#4417 = CARTESIAN_POINT('',(1.35,3.325,2.025));
#4418 = LINE('',#4419,#4420);
#4419 = CARTESIAN_POINT('',(1.35,3.325,6.5E-02));
#4420 = VECTOR('',#4421,1.);
#4421 = DIRECTION('',(0.,0.,1.));
#4422 = ORIENTED_EDGE('',*,*,#4423,.F.);
#4423 = EDGE_CURVE('',#4424,#4416,#4426,.T.);
#4424 = VERTEX_POINT('',#4425);
#4425 = CARTESIAN_POINT('',(2.5,3.325,2.025));
#4426 = LINE('',#4427,#4428);
#4427 = CARTESIAN_POINT('',(-5.,3.325,2.025));
#4428 = VECTOR('',#4429,1.);
#4429 = DIRECTION('',(-1.,0.,0.));
#4430 = ORIENTED_EDGE('',*,*,#4431,.F.);
#4431 = EDGE_CURVE('',#4398,#4424,#4432,.T.);
#4432 = LINE('',#4433,#4434);
#4433 = CARTESIAN_POINT('',(2.5,3.325,6.5E-02));
#4434 = VECTOR('',#4435,1.);
#4435 = DIRECTION('',(0.,0.,1.));
#4436 = PLANE('',#4437);
#4437 = AXIS2_PLACEMENT_3D('',#4438,#4439,#4440);
#4438 = CARTESIAN_POINT('',(-5.,3.325,6.5E-02));
#4439 = DIRECTION('',(0.,-1.,-0.));
#4440 = DIRECTION('',(-0.,0.,-1.));
#4441 = ADVANCED_FACE('',(#4442),#4467,.F.);
#4442 = FACE_BOUND('',#4443,.T.);
#4443 = EDGE_LOOP('',(#4444,#4452,#4453,#4461));
#4444 = ORIENTED_EDGE('',*,*,#4445,.T.);
#4445 = EDGE_CURVE('',#4446,#4398,#4448,.T.);
#4446 = VERTEX_POINT('',#4447);
#4447 = CARTESIAN_POINT('',(2.5,3.965,0.64));
#4448 = LINE('',#4449,#4450);
#4449 = CARTESIAN_POINT('',(2.5,3.965,0.64));
#4450 = VECTOR('',#4451,1.);
#4451 = DIRECTION('',(0.,-1.,-0.));
#4452 = ORIENTED_EDGE('',*,*,#4431,.T.);
#4453 = ORIENTED_EDGE('',*,*,#4454,.F.);
#4454 = EDGE_CURVE('',#4455,#4424,#4457,.T.);
#4455 = VERTEX_POINT('',#4456);
#4456 = CARTESIAN_POINT('',(2.5,3.965,2.025));
#4457 = LINE('',#4458,#4459);
#4458 = CARTESIAN_POINT('',(2.5,0.,2.025));
#4459 = VECTOR('',#4460,1.);
#4460 = DIRECTION('',(0.,-1.,0.));
#4461 = ORIENTED_EDGE('',*,*,#4462,.F.);
#4462 = EDGE_CURVE('',#4446,#4455,#4463,.T.);
#4463 = LINE('',#4464,#4465);
#4464 = CARTESIAN_POINT('',(2.5,3.965,6.5E-02));
#4465 = VECTOR('',#4466,1.);
#4466 = DIRECTION('',(0.,0.,1.));
#4467 = PLANE('',#4468);
#4468 = AXIS2_PLACEMENT_3D('',#4469,#4470,#4471);
#4469 = CARTESIAN_POINT('',(2.5,0.,6.5E-02));
#4470 = DIRECTION('',(1.,0.,-0.));
#4471 = DIRECTION('',(0.,0.,1.));
#4472 = ADVANCED_FACE('',(#4473),#4506,.T.);
#4473 = FACE_BOUND('',#4474,.T.);
#4474 = EDGE_LOOP('',(#4475,#4476,#4484,#4492,#4500));
#4475 = ORIENTED_EDGE('',*,*,#4462,.T.);
#4476 = ORIENTED_EDGE('',*,*,#4477,.T.);
#4477 = EDGE_CURVE('',#4455,#4478,#4480,.T.);
#4478 = VERTEX_POINT('',#4479);
#4479 = CARTESIAN_POINT('',(1.35,3.965,2.025));
#4480 = LINE('',#4481,#4482);
#4481 = CARTESIAN_POINT('',(-5.,3.965,2.025));
#4482 = VECTOR('',#4483,1.);
#4483 = DIRECTION('',(-1.,0.,0.));
#4484 = ORIENTED_EDGE('',*,*,#4485,.F.);
#4485 = EDGE_CURVE('',#4486,#4478,#4488,.T.);
#4486 = VERTEX_POINT('',#4487);
#4487 = CARTESIAN_POINT('',(1.35,3.965,6.5E-02));
#4488 = LINE('',#4489,#4490);
#4489 = CARTESIAN_POINT('',(1.35,3.965,6.5E-02));
#4490 = VECTOR('',#4491,1.);
#4491 = DIRECTION('',(0.,0.,1.));
#4492 = ORIENTED_EDGE('',*,*,#4493,.F.);
#4493 = EDGE_CURVE('',#4494,#4486,#4496,.T.);
#4494 = VERTEX_POINT('',#4495);
#4495 = CARTESIAN_POINT('',(1.925,3.965,6.5E-02));
#4496 = LINE('',#4497,#4498);
#4497 = CARTESIAN_POINT('',(-5.,3.965,6.5E-02));
#4498 = VECTOR('',#4499,1.);
#4499 = DIRECTION('',(-1.,0.,0.));
#4500 = ORIENTED_EDGE('',*,*,#4501,.F.);
#4501 = EDGE_CURVE('',#4446,#4494,#4502,.T.);
#4502 = LINE('',#4503,#4504);
#4503 = CARTESIAN_POINT('',(1.925,3.965,6.5E-02));
#4504 = VECTOR('',#4505,1.);
#4505 = DIRECTION('',(-0.707106781187,0.,-0.707106781187));
#4506 = PLANE('',#4507);
#4507 = AXIS2_PLACEMENT_3D('',#4508,#4509,#4510);
#4508 = CARTESIAN_POINT('',(-5.,3.965,6.5E-02));
#4509 = DIRECTION('',(0.,-1.,-0.));
#4510 = DIRECTION('',(-0.,0.,-1.));
#4511 = ADVANCED_FACE('',(#4512),#4528,.T.);
#4512 = FACE_BOUND('',#4513,.T.);
#4513 = EDGE_LOOP('',(#4514,#4515,#4521,#4522));
#4514 = ORIENTED_EDGE('',*,*,#4493,.T.);
#4515 = ORIENTED_EDGE('',*,*,#4516,.T.);
#4516 = EDGE_CURVE('',#4486,#4408,#4517,.T.);
#4517 = LINE('',#4518,#4519);
#4518 = CARTESIAN_POINT('',(1.35,0.,6.5E-02));
#4519 = VECTOR('',#4520,1.);
#4520 = DIRECTION('',(0.,-1.,0.));
#4521 = ORIENTED_EDGE('',*,*,#4407,.F.);
#4522 = ORIENTED_EDGE('',*,*,#4523,.F.);
#4523 = EDGE_CURVE('',#4494,#4400,#4524,.T.);
#4524 = LINE('',#4525,#4526);
#4525 = CARTESIAN_POINT('',(1.925,3.965,6.5E-02));
#4526 = VECTOR('',#4527,1.);
#4527 = DIRECTION('',(0.,-1.,-0.));
#4528 = PLANE('',#4529);
#4529 = AXIS2_PLACEMENT_3D('',#4530,#4531,#4532);
#4530 = CARTESIAN_POINT('',(-5.,0.,6.5E-02));
#4531 = DIRECTION('',(0.,0.,1.));
#4532 = DIRECTION('',(-1.,0.,0.));
#4533 = ADVANCED_FACE('',(#4534),#4600,.T.);
#4534 = FACE_BOUND('',#4535,.T.);
#4535 = EDGE_LOOP('',(#4536,#4546,#4554,#4562,#4570,#4578,#4586,#4594));
#4536 = ORIENTED_EDGE('',*,*,#4537,.F.);
#4537 = EDGE_CURVE('',#4538,#4540,#4542,.T.);
#4538 = VERTEX_POINT('',#4539);
#4539 = CARTESIAN_POINT('',(2.375,3.5,6.5E-02));
#4540 = VERTEX_POINT('',#4541);
#4541 = CARTESIAN_POINT('',(2.375,3.965,6.5E-02));
#4542 = LINE('',#4543,#4544);
#4543 = CARTESIAN_POINT('',(2.375,0.,6.5E-02));
#4544 = VECTOR('',#4545,1.);
#4545 = DIRECTION('',(0.,1.,0.));
#4546 = ORIENTED_EDGE('',*,*,#4547,.T.);
#4547 = EDGE_CURVE('',#4538,#4548,#4550,.T.);
#4548 = VERTEX_POINT('',#4549);
#4549 = CARTESIAN_POINT('',(2.375,3.5,-1.335));
#4550 = LINE('',#4551,#4552);
#4551 = CARTESIAN_POINT('',(2.375,3.5,0.));
#4552 = VECTOR('',#4553,1.);
#4553 = DIRECTION('',(0.,0.,-1.));
#4554 = ORIENTED_EDGE('',*,*,#4555,.F.);
#4555 = EDGE_CURVE('',#4556,#4548,#4558,.T.);
#4556 = VERTEX_POINT('',#4557);
#4557 = CARTESIAN_POINT('',(2.375,1.903,-1.335));
#4558 = LINE('',#4559,#4560);
#4559 = CARTESIAN_POINT('',(2.375,0.,-1.335));
#4560 = VECTOR('',#4561,1.);
#4561 = DIRECTION('',(0.,1.,0.));
#4562 = ORIENTED_EDGE('',*,*,#4563,.F.);
#4563 = EDGE_CURVE('',#4564,#4556,#4566,.T.);
#4564 = VERTEX_POINT('',#4565);
#4565 = CARTESIAN_POINT('',(2.375,1.903,-1.725));
#4566 = LINE('',#4567,#4568);
#4567 = CARTESIAN_POINT('',(2.375,1.903,0.));
#4568 = VECTOR('',#4569,1.);
#4569 = DIRECTION('',(0.,0.,1.));
#4570 = ORIENTED_EDGE('',*,*,#4571,.T.);
#4571 = EDGE_CURVE('',#4564,#4572,#4574,.T.);
#4572 = VERTEX_POINT('',#4573);
#4573 = CARTESIAN_POINT('',(2.375,4.12,-1.725));
#4574 = LINE('',#4575,#4576);
#4575 = CARTESIAN_POINT('',(2.375,0.,-1.725));
#4576 = VECTOR('',#4577,1.);
#4577 = DIRECTION('',(0.,1.,0.));
#4578 = ORIENTED_EDGE('',*,*,#4579,.F.);
#4579 = EDGE_CURVE('',#4580,#4572,#4582,.T.);
#4580 = VERTEX_POINT('',#4581);
#4581 = CARTESIAN_POINT('',(2.375,4.12,9.5E-02));
#4582 = LINE('',#4583,#4584);
#4583 = CARTESIAN_POINT('',(2.375,4.12,0.));
#4584 = VECTOR('',#4585,1.);
#4585 = DIRECTION('',(0.,0.,-1.));
#4586 = ORIENTED_EDGE('',*,*,#4587,.T.);
#4587 = EDGE_CURVE('',#4580,#4588,#4590,.T.);
#4588 = VERTEX_POINT('',#4589);
#4589 = CARTESIAN_POINT('',(2.375,3.965,9.5E-02));
#4590 = LINE('',#4591,#4592);
#4591 = CARTESIAN_POINT('',(2.375,8.777094706956E-18,9.5E-02));
#4592 = VECTOR('',#4593,1.);
#4593 = DIRECTION('',(0.,-1.,9.239047059953E-17));
#4594 = ORIENTED_EDGE('',*,*,#4595,.F.);
#4595 = EDGE_CURVE('',#4540,#4588,#4596,.T.);
#4596 = LINE('',#4597,#4598);
#4597 = CARTESIAN_POINT('',(2.375,3.965,0.));
#4598 = VECTOR('',#4599,1.);
#4599 = DIRECTION('',(0.,0.,1.));
#4600 = PLANE('',#4601);
#4601 = AXIS2_PLACEMENT_3D('',#4602,#4603,#4604);
#4602 = CARTESIAN_POINT('',(2.375,0.,0.));
#4603 = DIRECTION('',(1.,0.,-0.));
#4604 = DIRECTION('',(0.,0.,1.));
#4605 = ADVANCED_FACE('',(#4606),#4664,.F.);
#4606 = FACE_BOUND('',#4607,.T.);
#4607 = EDGE_LOOP('',(#4608,#4618,#4626,#4634,#4642,#4650,#4658));
#4608 = ORIENTED_EDGE('',*,*,#4609,.F.);
#4609 = EDGE_CURVE('',#4610,#4612,#4614,.T.);
#4610 = VERTEX_POINT('',#4611);
#4611 = CARTESIAN_POINT('',(2.605,0.78,-0.325));
#4612 = VERTEX_POINT('',#4613);
#4613 = CARTESIAN_POINT('',(2.605,0.78,-0.275));
#4614 = LINE('',#4615,#4616);
#4615 = CARTESIAN_POINT('',(2.605,0.78,-0.325));
#4616 = VECTOR('',#4617,1.);
#4617 = DIRECTION('',(0.,0.,1.));
#4618 = ORIENTED_EDGE('',*,*,#4619,.T.);
#4619 = EDGE_CURVE('',#4610,#4620,#4622,.T.);
#4620 = VERTEX_POINT('',#4621);
#4621 = CARTESIAN_POINT('',(2.725,0.78,-0.325));
#4622 = LINE('',#4623,#4624);
#4623 = CARTESIAN_POINT('',(2.605,0.78,-0.325));
#4624 = VECTOR('',#4625,1.);
#4625 = DIRECTION('',(1.,-9.035018104046E-16,0.));
#4626 = ORIENTED_EDGE('',*,*,#4627,.T.);
#4627 = EDGE_CURVE('',#4620,#4628,#4630,.T.);
#4628 = VERTEX_POINT('',#4629);
#4629 = CARTESIAN_POINT('',(2.725,0.78,-0.275));
#4630 = LINE('',#4631,#4632);
#4631 = CARTESIAN_POINT('',(2.725,0.78,-0.325));
#4632 = VECTOR('',#4633,1.);
#4633 = DIRECTION('',(0.,0.,1.));
#4634 = ORIENTED_EDGE('',*,*,#4635,.T.);
#4635 = EDGE_CURVE('',#4628,#4636,#4638,.T.);
#4636 = VERTEX_POINT('',#4637);
#4637 = CARTESIAN_POINT('',(2.875,0.78,-0.275));
#4638 = LINE('',#4639,#4640);
#4639 = CARTESIAN_POINT('',(2.275,0.78,-0.275));
#4640 = VECTOR('',#4641,1.);
#4641 = DIRECTION('',(1.,-0.,-0.));
#4642 = ORIENTED_EDGE('',*,*,#4643,.F.);
#4643 = EDGE_CURVE('',#4644,#4636,#4646,.T.);
#4644 = VERTEX_POINT('',#4645);
#4645 = CARTESIAN_POINT('',(2.875,0.78,1.325));
#4646 = LINE('',#4647,#4648);
#4647 = CARTESIAN_POINT('',(2.875,0.78,0.));
#4648 = VECTOR('',#4649,1.);
#4649 = DIRECTION('',(0.,0.,-1.));
#4650 = ORIENTED_EDGE('',*,*,#4651,.F.);
#4651 = EDGE_CURVE('',#4652,#4644,#4654,.T.);
#4652 = VERTEX_POINT('',#4653);
#4653 = CARTESIAN_POINT('',(2.605,0.78,1.325));
#4654 = LINE('',#4655,#4656);
#4655 = CARTESIAN_POINT('',(2.275,0.78,1.325));
#4656 = VECTOR('',#4657,1.);
#4657 = DIRECTION('',(1.,-0.,-0.));
#4658 = ORIENTED_EDGE('',*,*,#4659,.F.);
#4659 = EDGE_CURVE('',#4612,#4652,#4660,.T.);
#4660 = LINE('',#4661,#4662);
#4661 = CARTESIAN_POINT('',(2.605,0.78,0.));
#4662 = VECTOR('',#4663,1.);
#4663 = DIRECTION('',(0.,0.,1.));
#4664 = PLANE('',#4665);
#4665 = AXIS2_PLACEMENT_3D('',#4666,#4667,#4668);
#4666 = CARTESIAN_POINT('',(2.275,0.78,0.));
#4667 = DIRECTION('',(0.,1.,0.));
#4668 = DIRECTION('',(0.,-0.,1.));
#4669 = ADVANCED_FACE('',(#4670),#4695,.T.);
#4670 = FACE_BOUND('',#4671,.T.);
#4671 = EDGE_LOOP('',(#4672,#4680,#4688,#4694));
#4672 = ORIENTED_EDGE('',*,*,#4673,.F.);
#4673 = EDGE_CURVE('',#4674,#4572,#4676,.T.);
#4674 = VERTEX_POINT('',#4675);
#4675 = CARTESIAN_POINT('',(2.015,4.12,-1.725));
#4676 = LINE('',#4677,#4678);
#4677 = CARTESIAN_POINT('',(2.015,4.12,-1.725));
#4678 = VECTOR('',#4679,1.);
#4679 = DIRECTION('',(1.,-0.,-0.));
#4680 = ORIENTED_EDGE('',*,*,#4681,.F.);
#4681 = EDGE_CURVE('',#4682,#4674,#4684,.T.);
#4682 = VERTEX_POINT('',#4683);
#4683 = CARTESIAN_POINT('',(2.015,4.12,9.5E-02));
#4684 = LINE('',#4685,#4686);
#4685 = CARTESIAN_POINT('',(2.015,4.12,0.));
#4686 = VECTOR('',#4687,1.);
#4687 = DIRECTION('',(0.,0.,-1.));
#4688 = ORIENTED_EDGE('',*,*,#4689,.T.);
#4689 = EDGE_CURVE('',#4682,#4580,#4690,.T.);
#4690 = LINE('',#4691,#4692);
#4691 = CARTESIAN_POINT('',(2.015,4.12,9.5E-02));
#4692 = VECTOR('',#4693,1.);
#4693 = DIRECTION('',(1.,-0.,-0.));
#4694 = ORIENTED_EDGE('',*,*,#4579,.T.);
#4695 = PLANE('',#4696);
#4696 = AXIS2_PLACEMENT_3D('',#4697,#4698,#4699);
#4697 = CARTESIAN_POINT('',(2.015,4.12,0.));
#4698 = DIRECTION('',(0.,1.,0.));
#4699 = DIRECTION('',(0.,-0.,1.));
#4700 = ADVANCED_FACE('',(#4701),#4719,.F.);
#4701 = FACE_BOUND('',#4702,.T.);
#4702 = EDGE_LOOP('',(#4703,#4704,#4712,#4718));
#4703 = ORIENTED_EDGE('',*,*,#4571,.F.);
#4704 = ORIENTED_EDGE('',*,*,#4705,.F.);
#4705 = EDGE_CURVE('',#4706,#4564,#4708,.T.);
#4706 = VERTEX_POINT('',#4707);
#4707 = CARTESIAN_POINT('',(2.015,1.903,-1.725));
#4708 = LINE('',#4709,#4710);
#4709 = CARTESIAN_POINT('',(2.015,1.903,-1.725));
#4710 = VECTOR('',#4711,1.);
#4711 = DIRECTION('',(1.,-0.,-0.));
#4712 = ORIENTED_EDGE('',*,*,#4713,.T.);
#4713 = EDGE_CURVE('',#4706,#4674,#4714,.T.);
#4714 = LINE('',#4715,#4716);
#4715 = CARTESIAN_POINT('',(2.015,0.,-1.725));
#4716 = VECTOR('',#4717,1.);
#4717 = DIRECTION('',(0.,1.,0.));
#4718 = ORIENTED_EDGE('',*,*,#4673,.T.);
#4719 = PLANE('',#4720);
#4720 = AXIS2_PLACEMENT_3D('',#4721,#4722,#4723);
#4721 = CARTESIAN_POINT('',(2.015,0.,-1.725));
#4722 = DIRECTION('',(0.,0.,1.));
#4723 = DIRECTION('',(-1.,0.,0.));
#4724 = ADVANCED_FACE('',(#4725),#4877,.F.);
#4725 = FACE_BOUND('',#4726,.T.);
#4726 = EDGE_LOOP('',(#4727,#4737,#4743,#4744,#4752,#4760,#4768,#4776,
    #4782,#4783,#4791,#4799,#4807,#4815,#4823,#4831,#4839,#4847,#4855,
    #4863,#4871));
#4727 = ORIENTED_EDGE('',*,*,#4728,.T.);
#4728 = EDGE_CURVE('',#4729,#4731,#4733,.T.);
#4729 = VERTEX_POINT('',#4730);
#4730 = CARTESIAN_POINT('',(2.875,2.21,1.975));
#4731 = VERTEX_POINT('',#4732);
#4732 = CARTESIAN_POINT('',(2.875,2.21,1.325));
#4733 = LINE('',#4734,#4735);
#4734 = CARTESIAN_POINT('',(2.875,2.21,0.));
#4735 = VECTOR('',#4736,1.);
#4736 = DIRECTION('',(0.,0.,-1.));
#4737 = ORIENTED_EDGE('',*,*,#4738,.T.);
#4738 = EDGE_CURVE('',#4731,#4644,#4739,.T.);
#4739 = LINE('',#4740,#4741);
#4740 = CARTESIAN_POINT('',(2.875,0.,1.325));
#4741 = VECTOR('',#4742,1.);
#4742 = DIRECTION('',(0.,-1.,0.));
#4743 = ORIENTED_EDGE('',*,*,#4643,.T.);
#4744 = ORIENTED_EDGE('',*,*,#4745,.T.);
#4745 = EDGE_CURVE('',#4636,#4746,#4748,.T.);
#4746 = VERTEX_POINT('',#4747);
#4747 = CARTESIAN_POINT('',(2.875,0.18,-0.275));
#4748 = LINE('',#4749,#4750);
#4749 = CARTESIAN_POINT('',(2.875,0.,-0.275));
#4750 = VECTOR('',#4751,1.);
#4751 = DIRECTION('',(0.,-1.,0.));
#4752 = ORIENTED_EDGE('',*,*,#4753,.T.);
#4753 = EDGE_CURVE('',#4746,#4754,#4756,.T.);
#4754 = VERTEX_POINT('',#4755);
#4755 = CARTESIAN_POINT('',(2.875,0.18,-1.315));
#4756 = LINE('',#4757,#4758);
#4757 = CARTESIAN_POINT('',(2.875,0.18,0.));
#4758 = VECTOR('',#4759,1.);
#4759 = DIRECTION('',(0.,0.,-1.));
#4760 = ORIENTED_EDGE('',*,*,#4761,.F.);
#4761 = EDGE_CURVE('',#4762,#4754,#4764,.T.);
#4762 = VERTEX_POINT('',#4763);
#4763 = CARTESIAN_POINT('',(2.875,0.34,-1.315));
#4764 = LINE('',#4765,#4766);
#4765 = CARTESIAN_POINT('',(2.875,0.,-1.315));
#4766 = VECTOR('',#4767,1.);
#4767 = DIRECTION('',(0.,-1.,0.));
#4768 = ORIENTED_EDGE('',*,*,#4769,.F.);
#4769 = EDGE_CURVE('',#4770,#4762,#4772,.T.);
#4770 = VERTEX_POINT('',#4771);
#4771 = CARTESIAN_POINT('',(2.875,0.34,-1.465));
#4772 = LINE('',#4773,#4774);
#4773 = CARTESIAN_POINT('',(2.875,0.34,0.));
#4774 = VECTOR('',#4775,1.);
#4775 = DIRECTION('',(0.,0.,1.));
#4776 = ORIENTED_EDGE('',*,*,#4777,.F.);
#4777 = EDGE_CURVE('',#4234,#4770,#4778,.T.);
#4778 = LINE('',#4779,#4780);
#4779 = CARTESIAN_POINT('',(2.875,0.,-1.465));
#4780 = VECTOR('',#4781,1.);
#4781 = DIRECTION('',(0.,-1.,0.));
#4782 = ORIENTED_EDGE('',*,*,#4233,.F.);
#4783 = ORIENTED_EDGE('',*,*,#4784,.T.);
#4784 = EDGE_CURVE('',#4226,#4785,#4787,.T.);
#4785 = VERTEX_POINT('',#4786);
#4786 = CARTESIAN_POINT('',(2.875,1.903,-2.025));
#4787 = LINE('',#4788,#4789);
#4788 = CARTESIAN_POINT('',(2.875,2.727340868675E-16,-2.025));
#4789 = VECTOR('',#4790,1.);
#4790 = DIRECTION('',(0.,1.,1.346834996876E-16));
#4791 = ORIENTED_EDGE('',*,*,#4792,.T.);
#4792 = EDGE_CURVE('',#4785,#4793,#4795,.T.);
#4793 = VERTEX_POINT('',#4794);
#4794 = CARTESIAN_POINT('',(2.875,1.903,-1.335));
#4795 = LINE('',#4796,#4797);
#4796 = CARTESIAN_POINT('',(2.875,1.903,0.));
#4797 = VECTOR('',#4798,1.);
#4798 = DIRECTION('',(0.,0.,1.));
#4799 = ORIENTED_EDGE('',*,*,#4800,.T.);
#4800 = EDGE_CURVE('',#4793,#4801,#4803,.T.);
#4801 = VERTEX_POINT('',#4802);
#4802 = CARTESIAN_POINT('',(2.875,3.5,-1.335));
#4803 = LINE('',#4804,#4805);
#4804 = CARTESIAN_POINT('',(2.875,0.,-1.335));
#4805 = VECTOR('',#4806,1.);
#4806 = DIRECTION('',(0.,1.,0.));
#4807 = ORIENTED_EDGE('',*,*,#4808,.F.);
#4808 = EDGE_CURVE('',#4809,#4801,#4811,.T.);
#4809 = VERTEX_POINT('',#4810);
#4810 = CARTESIAN_POINT('',(2.875,3.5,9.5E-02));
#4811 = LINE('',#4812,#4813);
#4812 = CARTESIAN_POINT('',(2.875,3.5,0.));
#4813 = VECTOR('',#4814,1.);
#4814 = DIRECTION('',(0.,0.,-1.));
#4815 = ORIENTED_EDGE('',*,*,#4816,.F.);
#4816 = EDGE_CURVE('',#4817,#4809,#4819,.T.);
#4817 = VERTEX_POINT('',#4818);
#4818 = CARTESIAN_POINT('',(2.875,4.25,9.5E-02));
#4819 = LINE('',#4820,#4821);
#4820 = CARTESIAN_POINT('',(2.875,8.777094706956E-18,9.5E-02));
#4821 = VECTOR('',#4822,1.);
#4822 = DIRECTION('',(0.,-1.,9.239047059953E-17));
#4823 = ORIENTED_EDGE('',*,*,#4824,.F.);
#4824 = EDGE_CURVE('',#4825,#4817,#4827,.T.);
#4825 = VERTEX_POINT('',#4826);
#4826 = CARTESIAN_POINT('',(2.875,4.25,2.025));
#4827 = LINE('',#4828,#4829);
#4828 = CARTESIAN_POINT('',(2.875,4.25,0.));
#4829 = VECTOR('',#4830,1.);
#4830 = DIRECTION('',(0.,0.,-1.));
#4831 = ORIENTED_EDGE('',*,*,#4832,.F.);
#4832 = EDGE_CURVE('',#4833,#4825,#4835,.T.);
#4833 = VERTEX_POINT('',#4834);
#4834 = CARTESIAN_POINT('',(2.875,3.4,2.025));
#4835 = LINE('',#4836,#4837);
#4836 = CARTESIAN_POINT('',(2.875,0.,2.025));
#4837 = VECTOR('',#4838,1.);
#4838 = DIRECTION('',(0.,1.,0.));
#4839 = ORIENTED_EDGE('',*,*,#4840,.T.);
#4840 = EDGE_CURVE('',#4833,#4841,#4843,.T.);
#4841 = VERTEX_POINT('',#4842);
#4842 = CARTESIAN_POINT('',(2.875,3.4,6.5E-02));
#4843 = LINE('',#4844,#4845);
#4844 = CARTESIAN_POINT('',(2.875,3.4,0.));
#4845 = VECTOR('',#4846,1.);
#4846 = DIRECTION('',(0.,0.,-1.));
#4847 = ORIENTED_EDGE('',*,*,#4848,.T.);
#4848 = EDGE_CURVE('',#4841,#4849,#4851,.T.);
#4849 = VERTEX_POINT('',#4850);
#4850 = CARTESIAN_POINT('',(2.875,2.4,6.5E-02));
#4851 = LINE('',#4852,#4853);
#4852 = CARTESIAN_POINT('',(2.875,0.,6.5E-02));
#4853 = VECTOR('',#4854,1.);
#4854 = DIRECTION('',(0.,-1.,0.));
#4855 = ORIENTED_EDGE('',*,*,#4856,.F.);
#4856 = EDGE_CURVE('',#4857,#4849,#4859,.T.);
#4857 = VERTEX_POINT('',#4858);
#4858 = CARTESIAN_POINT('',(2.875,2.4,2.025));
#4859 = LINE('',#4860,#4861);
#4860 = CARTESIAN_POINT('',(2.875,2.4,0.));
#4861 = VECTOR('',#4862,1.);
#4862 = DIRECTION('',(0.,0.,-1.));
#4863 = ORIENTED_EDGE('',*,*,#4864,.F.);
#4864 = EDGE_CURVE('',#4865,#4857,#4867,.T.);
#4865 = VERTEX_POINT('',#4866);
#4866 = CARTESIAN_POINT('',(2.875,2.26,2.025));
#4867 = LINE('',#4868,#4869);
#4868 = CARTESIAN_POINT('',(2.875,0.,2.025));
#4869 = VECTOR('',#4870,1.);
#4870 = DIRECTION('',(0.,1.,0.));
#4871 = ORIENTED_EDGE('',*,*,#4872,.F.);
#4872 = EDGE_CURVE('',#4729,#4865,#4873,.T.);
#4873 = LINE('',#4874,#4875);
#4874 = CARTESIAN_POINT('',(2.875,2.21,1.975));
#4875 = VECTOR('',#4876,1.);
#4876 = DIRECTION('',(0.,0.707106781187,0.707106781187));
#4877 = PLANE('',#4878);
#4878 = AXIS2_PLACEMENT_3D('',#4879,#4880,#4881);
#4879 = CARTESIAN_POINT('',(2.875,0.,0.));
#4880 = DIRECTION('',(-1.,0.,0.));
#4881 = DIRECTION('',(0.,0.,-1.));
#4882 = ADVANCED_FACE('',(#4883),#4917,.F.);
#4883 = FACE_BOUND('',#4884,.T.);
#4884 = EDGE_LOOP('',(#4885,#4893,#4894,#4895,#4903,#4911));
#4885 = ORIENTED_EDGE('',*,*,#4886,.F.);
#4886 = EDGE_CURVE('',#4652,#4887,#4889,.T.);
#4887 = VERTEX_POINT('',#4888);
#4888 = CARTESIAN_POINT('',(2.605,1.71,1.325));
#4889 = LINE('',#4890,#4891);
#4890 = CARTESIAN_POINT('',(2.605,0.,1.325));
#4891 = VECTOR('',#4892,1.);
#4892 = DIRECTION('',(0.,1.,0.));
#4893 = ORIENTED_EDGE('',*,*,#4651,.T.);
#4894 = ORIENTED_EDGE('',*,*,#4738,.F.);
#4895 = ORIENTED_EDGE('',*,*,#4896,.F.);
#4896 = EDGE_CURVE('',#4897,#4731,#4899,.T.);
#4897 = VERTEX_POINT('',#4898);
#4898 = CARTESIAN_POINT('',(2.725,2.21,1.325));
#4899 = LINE('',#4900,#4901);
#4900 = CARTESIAN_POINT('',(2.275,2.21,1.325));
#4901 = VECTOR('',#4902,1.);
#4902 = DIRECTION('',(1.,-0.,-0.));
#4903 = ORIENTED_EDGE('',*,*,#4904,.T.);
#4904 = EDGE_CURVE('',#4897,#4905,#4907,.T.);
#4905 = VERTEX_POINT('',#4906);
#4906 = CARTESIAN_POINT('',(2.725,1.71,1.325));
#4907 = LINE('',#4908,#4909);
#4908 = CARTESIAN_POINT('',(2.725,2.21,1.325));
#4909 = VECTOR('',#4910,1.);
#4910 = DIRECTION('',(-1.734723475977E-15,-1.,0.));
#4911 = ORIENTED_EDGE('',*,*,#4912,.T.);
#4912 = EDGE_CURVE('',#4905,#4887,#4913,.T.);
#4913 = LINE('',#4914,#4915);
#4914 = CARTESIAN_POINT('',(2.605,1.71,1.325));
#4915 = VECTOR('',#4916,1.);
#4916 = DIRECTION('',(-1.,0.,0.));
#4917 = PLANE('',#4918);
#4918 = AXIS2_PLACEMENT_3D('',#4919,#4920,#4921);
#4919 = CARTESIAN_POINT('',(2.275,0.,1.325));
#4920 = DIRECTION('',(0.,0.,-1.));
#4921 = DIRECTION('',(1.,0.,0.));
#4922 = ADVANCED_FACE('',(#4923),#4973,.F.);
#4923 = FACE_BOUND('',#4924,.T.);
#4924 = EDGE_LOOP('',(#4925,#4935,#4943,#4951,#4959,#4965,#4966,#4967));
#4925 = ORIENTED_EDGE('',*,*,#4926,.F.);
#4926 = EDGE_CURVE('',#4927,#4929,#4931,.T.);
#4927 = VERTEX_POINT('',#4928);
#4928 = CARTESIAN_POINT('',(2.375,2.21,-0.275));
#4929 = VERTEX_POINT('',#4930);
#4930 = CARTESIAN_POINT('',(2.375,2.21,1.975));
#4931 = LINE('',#4932,#4933);
#4932 = CARTESIAN_POINT('',(2.375,2.21,6.5E-02));
#4933 = VECTOR('',#4934,1.);
#4934 = DIRECTION('',(0.,0.,1.));
#4935 = ORIENTED_EDGE('',*,*,#4936,.T.);
#4936 = EDGE_CURVE('',#4927,#4937,#4939,.T.);
#4937 = VERTEX_POINT('',#4938);
#4938 = CARTESIAN_POINT('',(2.605,2.21,-0.275));
#4939 = LINE('',#4940,#4941);
#4940 = CARTESIAN_POINT('',(2.605,2.21,-0.275));
#4941 = VECTOR('',#4942,1.);
#4942 = DIRECTION('',(1.,0.,0.));
#4943 = ORIENTED_EDGE('',*,*,#4944,.T.);
#4944 = EDGE_CURVE('',#4937,#4945,#4947,.T.);
#4945 = VERTEX_POINT('',#4946);
#4946 = CARTESIAN_POINT('',(2.605,2.21,1.275));
#4947 = LINE('',#4948,#4949);
#4948 = CARTESIAN_POINT('',(2.605,2.21,6.5E-02));
#4949 = VECTOR('',#4950,1.);
#4950 = DIRECTION('',(0.,0.,1.));
#4951 = ORIENTED_EDGE('',*,*,#4952,.T.);
#4952 = EDGE_CURVE('',#4945,#4953,#4955,.T.);
#4953 = VERTEX_POINT('',#4954);
#4954 = CARTESIAN_POINT('',(2.725,2.21,1.275));
#4955 = LINE('',#4956,#4957);
#4956 = CARTESIAN_POINT('',(2.605,2.21,1.275));
#4957 = VECTOR('',#4958,1.);
#4958 = DIRECTION('',(1.,0.,0.));
#4959 = ORIENTED_EDGE('',*,*,#4960,.T.);
#4960 = EDGE_CURVE('',#4953,#4897,#4961,.T.);
#4961 = LINE('',#4962,#4963);
#4962 = CARTESIAN_POINT('',(2.725,2.21,1.275));
#4963 = VECTOR('',#4964,1.);
#4964 = DIRECTION('',(0.,0.,1.));
#4965 = ORIENTED_EDGE('',*,*,#4896,.T.);
#4966 = ORIENTED_EDGE('',*,*,#4728,.F.);
#4967 = ORIENTED_EDGE('',*,*,#4968,.F.);
#4968 = EDGE_CURVE('',#4929,#4729,#4969,.T.);
#4969 = LINE('',#4970,#4971);
#4970 = CARTESIAN_POINT('',(2.875,2.21,1.975));
#4971 = VECTOR('',#4972,1.);
#4972 = DIRECTION('',(1.,0.,0.));
#4973 = PLANE('',#4974);
#4974 = AXIS2_PLACEMENT_3D('',#4975,#4976,#4977);
#4975 = CARTESIAN_POINT('',(2.275,2.21,0.));
#4976 = DIRECTION('',(0.,1.,0.));
#4977 = DIRECTION('',(0.,-0.,1.));
#4978 = ADVANCED_FACE('',(#4979),#5042,.F.);
#4979 = FACE_BOUND('',#4980,.T.);
#4980 = EDGE_LOOP('',(#4981,#4991,#4999,#5005,#5006,#5007,#5015,#5023,
    #5029,#5035,#5036));
#4981 = ORIENTED_EDGE('',*,*,#4982,.T.);
#4982 = EDGE_CURVE('',#4983,#4985,#4987,.T.);
#4983 = VERTEX_POINT('',#4984);
#4984 = CARTESIAN_POINT('',(2.375,0.48,-0.275));
#4985 = VERTEX_POINT('',#4986);
#4986 = CARTESIAN_POINT('',(2.275,0.48,-0.275));
#4987 = LINE('',#4988,#4989);
#4988 = CARTESIAN_POINT('',(2.375,0.48,-0.275));
#4989 = VECTOR('',#4990,1.);
#4990 = DIRECTION('',(-1.,0.,0.));
#4991 = ORIENTED_EDGE('',*,*,#4992,.F.);
#4992 = EDGE_CURVE('',#4993,#4985,#4995,.T.);
#4993 = VERTEX_POINT('',#4994);
#4994 = CARTESIAN_POINT('',(1.975,0.18,-0.275));
#4995 = LINE('',#4996,#4997);
#4996 = CARTESIAN_POINT('',(2.035,0.24,-0.275));
#4997 = VECTOR('',#4998,1.);
#4998 = DIRECTION('',(0.707106781187,0.707106781187,0.));
#4999 = ORIENTED_EDGE('',*,*,#5000,.T.);
#5000 = EDGE_CURVE('',#4993,#4746,#5001,.T.);
#5001 = LINE('',#5002,#5003);
#5002 = CARTESIAN_POINT('',(2.275,0.18,-0.275));
#5003 = VECTOR('',#5004,1.);
#5004 = DIRECTION('',(1.,-0.,-0.));
#5005 = ORIENTED_EDGE('',*,*,#4745,.F.);
#5006 = ORIENTED_EDGE('',*,*,#4635,.F.);
#5007 = ORIENTED_EDGE('',*,*,#5008,.T.);
#5008 = EDGE_CURVE('',#4628,#5009,#5011,.T.);
#5009 = VERTEX_POINT('',#5010);
#5010 = CARTESIAN_POINT('',(2.725,0.48,-0.275));
#5011 = LINE('',#5012,#5013);
#5012 = CARTESIAN_POINT('',(2.725,0.78,-0.275));
#5013 = VECTOR('',#5014,1.);
#5014 = DIRECTION('',(0.,-1.,0.));
#5015 = ORIENTED_EDGE('',*,*,#5016,.T.);
#5016 = EDGE_CURVE('',#5009,#5017,#5019,.T.);
#5017 = VERTEX_POINT('',#5018);
#5018 = CARTESIAN_POINT('',(2.605,0.48,-0.275));
#5019 = LINE('',#5020,#5021);
#5020 = CARTESIAN_POINT('',(2.605,0.48,-0.275));
#5021 = VECTOR('',#5022,1.);
#5022 = DIRECTION('',(-1.,0.,0.));
#5023 = ORIENTED_EDGE('',*,*,#5024,.T.);
#5024 = EDGE_CURVE('',#5017,#4612,#5025,.T.);
#5025 = LINE('',#5026,#5027);
#5026 = CARTESIAN_POINT('',(2.605,0.78,-0.275));
#5027 = VECTOR('',#5028,1.);
#5028 = DIRECTION('',(0.,1.,0.));
#5029 = ORIENTED_EDGE('',*,*,#5030,.F.);
#5030 = EDGE_CURVE('',#4937,#4612,#5031,.T.);
#5031 = LINE('',#5032,#5033);
#5032 = CARTESIAN_POINT('',(2.605,2.620487515035,-0.275));
#5033 = VECTOR('',#5034,1.);
#5034 = DIRECTION('',(0.,-1.,-0.));
#5035 = ORIENTED_EDGE('',*,*,#4936,.F.);
#5036 = ORIENTED_EDGE('',*,*,#5037,.T.);
#5037 = EDGE_CURVE('',#4927,#4983,#5038,.T.);
#5038 = LINE('',#5039,#5040);
#5039 = CARTESIAN_POINT('',(2.375,2.28,-0.275));
#5040 = VECTOR('',#5041,1.);
#5041 = DIRECTION('',(0.,-1.,0.));
#5042 = PLANE('',#5043);
#5043 = AXIS2_PLACEMENT_3D('',#5044,#5045,#5046);
#5044 = CARTESIAN_POINT('',(2.275,0.,-0.275));
#5045 = DIRECTION('',(0.,0.,-1.));
#5046 = DIRECTION('',(1.,0.,0.));
#5047 = ADVANCED_FACE('',(#5048),#5073,.T.);
#5048 = FACE_BOUND('',#5049,.T.);
#5049 = EDGE_LOOP('',(#5050,#5051,#5059,#5067));
#5050 = ORIENTED_EDGE('',*,*,#4856,.T.);
#5051 = ORIENTED_EDGE('',*,*,#5052,.F.);
#5052 = EDGE_CURVE('',#5053,#4849,#5055,.T.);
#5053 = VERTEX_POINT('',#5054);
#5054 = CARTESIAN_POINT('',(2.765,2.4,6.5E-02));
#5055 = LINE('',#5056,#5057);
#5056 = CARTESIAN_POINT('',(2.765,2.4,6.5E-02));
#5057 = VECTOR('',#5058,1.);
#5058 = DIRECTION('',(1.,-0.,-0.));
#5059 = ORIENTED_EDGE('',*,*,#5060,.F.);
#5060 = EDGE_CURVE('',#5061,#5053,#5063,.T.);
#5061 = VERTEX_POINT('',#5062);
#5062 = CARTESIAN_POINT('',(2.765,2.4,2.025));
#5063 = LINE('',#5064,#5065);
#5064 = CARTESIAN_POINT('',(2.765,2.4,0.));
#5065 = VECTOR('',#5066,1.);
#5066 = DIRECTION('',(0.,0.,-1.));
#5067 = ORIENTED_EDGE('',*,*,#5068,.T.);
#5068 = EDGE_CURVE('',#5061,#4857,#5069,.T.);
#5069 = LINE('',#5070,#5071);
#5070 = CARTESIAN_POINT('',(2.765,2.4,2.025));
#5071 = VECTOR('',#5072,1.);
#5072 = DIRECTION('',(1.,-0.,-0.));
#5073 = PLANE('',#5074);
#5074 = AXIS2_PLACEMENT_3D('',#5075,#5076,#5077);
#5075 = CARTESIAN_POINT('',(2.765,2.4,0.));
#5076 = DIRECTION('',(0.,1.,0.));
#5077 = DIRECTION('',(0.,-0.,1.));
#5078 = ADVANCED_FACE('',(#5079),#5097,.F.);
#5079 = FACE_BOUND('',#5080,.T.);
#5080 = EDGE_LOOP('',(#5081,#5082,#5090,#5096));
#5081 = ORIENTED_EDGE('',*,*,#4848,.F.);
#5082 = ORIENTED_EDGE('',*,*,#5083,.F.);
#5083 = EDGE_CURVE('',#5084,#4841,#5086,.T.);
#5084 = VERTEX_POINT('',#5085);
#5085 = CARTESIAN_POINT('',(2.765,3.4,6.5E-02));
#5086 = LINE('',#5087,#5088);
#5087 = CARTESIAN_POINT('',(2.765,3.4,6.5E-02));
#5088 = VECTOR('',#5089,1.);
#5089 = DIRECTION('',(1.,-0.,-0.));
#5090 = ORIENTED_EDGE('',*,*,#5091,.T.);
#5091 = EDGE_CURVE('',#5084,#5053,#5092,.T.);
#5092 = LINE('',#5093,#5094);
#5093 = CARTESIAN_POINT('',(2.765,0.,6.5E-02));
#5094 = VECTOR('',#5095,1.);
#5095 = DIRECTION('',(0.,-1.,0.));
#5096 = ORIENTED_EDGE('',*,*,#5052,.T.);
#5097 = PLANE('',#5098);
#5098 = AXIS2_PLACEMENT_3D('',#5099,#5100,#5101);
#5099 = CARTESIAN_POINT('',(2.765,0.,6.5E-02));
#5100 = DIRECTION('',(0.,0.,-1.));
#5101 = DIRECTION('',(1.,0.,0.));
#5102 = ADVANCED_FACE('',(#5103),#5121,.F.);
#5103 = FACE_BOUND('',#5104,.T.);
#5104 = EDGE_LOOP('',(#5105,#5106,#5114,#5120));
#5105 = ORIENTED_EDGE('',*,*,#4840,.F.);
#5106 = ORIENTED_EDGE('',*,*,#5107,.F.);
#5107 = EDGE_CURVE('',#5108,#4833,#5110,.T.);
#5108 = VERTEX_POINT('',#5109);
#5109 = CARTESIAN_POINT('',(2.765,3.4,2.025));
#5110 = LINE('',#5111,#5112);
#5111 = CARTESIAN_POINT('',(2.765,3.4,2.025));
#5112 = VECTOR('',#5113,1.);
#5113 = DIRECTION('',(1.,-0.,-0.));
#5114 = ORIENTED_EDGE('',*,*,#5115,.T.);
#5115 = EDGE_CURVE('',#5108,#5084,#5116,.T.);
#5116 = LINE('',#5117,#5118);
#5117 = CARTESIAN_POINT('',(2.765,3.4,0.));
#5118 = VECTOR('',#5119,1.);
#5119 = DIRECTION('',(0.,0.,-1.));
#5120 = ORIENTED_EDGE('',*,*,#5083,.T.);
#5121 = PLANE('',#5122);
#5122 = AXIS2_PLACEMENT_3D('',#5123,#5124,#5125);
#5123 = CARTESIAN_POINT('',(2.765,3.4,0.));
#5124 = DIRECTION('',(0.,1.,0.));
#5125 = DIRECTION('',(0.,-0.,1.));
#5126 = ADVANCED_FACE('',(#5127),#5138,.T.);
#5127 = FACE_BOUND('',#5128,.T.);
#5128 = EDGE_LOOP('',(#5129,#5130,#5131,#5132));
#5129 = ORIENTED_EDGE('',*,*,#5060,.T.);
#5130 = ORIENTED_EDGE('',*,*,#5091,.F.);
#5131 = ORIENTED_EDGE('',*,*,#5115,.F.);
#5132 = ORIENTED_EDGE('',*,*,#5133,.F.);
#5133 = EDGE_CURVE('',#5061,#5108,#5134,.T.);
#5134 = LINE('',#5135,#5136);
#5135 = CARTESIAN_POINT('',(2.765,0.,2.025));
#5136 = VECTOR('',#5137,1.);
#5137 = DIRECTION('',(0.,1.,0.));
#5138 = PLANE('',#5139);
#5139 = AXIS2_PLACEMENT_3D('',#5140,#5141,#5142);
#5140 = CARTESIAN_POINT('',(2.765,0.,0.));
#5141 = DIRECTION('',(1.,0.,-0.));
#5142 = DIRECTION('',(0.,0.,1.));
#5143 = ADVANCED_FACE('',(#5144),#5169,.F.);
#5144 = FACE_BOUND('',#5145,.T.);
#5145 = EDGE_LOOP('',(#5146,#5147,#5155,#5161,#5162,#5163));
#5146 = ORIENTED_EDGE('',*,*,#4792,.F.);
#5147 = ORIENTED_EDGE('',*,*,#5148,.F.);
#5148 = EDGE_CURVE('',#5149,#4785,#5151,.T.);
#5149 = VERTEX_POINT('',#5150);
#5150 = CARTESIAN_POINT('',(2.015,1.903,-2.025));
#5151 = LINE('',#5152,#5153);
#5152 = CARTESIAN_POINT('',(2.015,1.903,-2.025));
#5153 = VECTOR('',#5154,1.);
#5154 = DIRECTION('',(1.,-0.,-0.));
#5155 = ORIENTED_EDGE('',*,*,#5156,.T.);
#5156 = EDGE_CURVE('',#5149,#4706,#5157,.T.);
#5157 = LINE('',#5158,#5159);
#5158 = CARTESIAN_POINT('',(2.015,1.903,0.));
#5159 = VECTOR('',#5160,1.);
#5160 = DIRECTION('',(0.,0.,1.));
#5161 = ORIENTED_EDGE('',*,*,#4705,.T.);
#5162 = ORIENTED_EDGE('',*,*,#4563,.T.);
#5163 = ORIENTED_EDGE('',*,*,#5164,.T.);
#5164 = EDGE_CURVE('',#4556,#4793,#5165,.T.);
#5165 = LINE('',#5166,#5167);
#5166 = CARTESIAN_POINT('',(2.375,1.903,-1.335));
#5167 = VECTOR('',#5168,1.);
#5168 = DIRECTION('',(1.,-0.,-0.));
#5169 = PLANE('',#5170);
#5170 = AXIS2_PLACEMENT_3D('',#5171,#5172,#5173);
#5171 = CARTESIAN_POINT('',(2.015,1.903,0.));
#5172 = DIRECTION('',(0.,-1.,-0.));
#5173 = DIRECTION('',(-0.,0.,-1.));
#5174 = ADVANCED_FACE('',(#5175),#5216,.T.);
#5175 = FACE_BOUND('',#5176,.T.);
#5176 = EDGE_LOOP('',(#5177,#5187,#5193,#5194,#5195,#5203,#5209,#5210));
#5177 = ORIENTED_EDGE('',*,*,#5178,.T.);
#5178 = EDGE_CURVE('',#5179,#5181,#5183,.T.);
#5179 = VERTEX_POINT('',#5180);
#5180 = CARTESIAN_POINT('',(2.5,3.5,9.5E-02));
#5181 = VERTEX_POINT('',#5182);
#5182 = CARTESIAN_POINT('',(2.5,3.965,9.5E-02));
#5183 = LINE('',#5184,#5185);
#5184 = CARTESIAN_POINT('',(2.5,8.777094706956E-18,9.5E-02));
#5185 = VECTOR('',#5186,1.);
#5186 = DIRECTION('',(0.,1.,-9.239047059953E-17));
#5187 = ORIENTED_EDGE('',*,*,#5188,.F.);
#5188 = EDGE_CURVE('',#4588,#5181,#5189,.T.);
#5189 = LINE('',#5190,#5191);
#5190 = CARTESIAN_POINT('',(2.015,3.965,9.5E-02));
#5191 = VECTOR('',#5192,1.);
#5192 = DIRECTION('',(1.,0.,0.));
#5193 = ORIENTED_EDGE('',*,*,#4587,.F.);
#5194 = ORIENTED_EDGE('',*,*,#4689,.F.);
#5195 = ORIENTED_EDGE('',*,*,#5196,.F.);
#5196 = EDGE_CURVE('',#5197,#4682,#5199,.T.);
#5197 = VERTEX_POINT('',#5198);
#5198 = CARTESIAN_POINT('',(2.015,4.25,9.5E-02));
#5199 = LINE('',#5200,#5201);
#5200 = CARTESIAN_POINT('',(2.015,8.777094706956E-18,9.5E-02));
#5201 = VECTOR('',#5202,1.);
#5202 = DIRECTION('',(0.,-1.,9.239047059953E-17));
#5203 = ORIENTED_EDGE('',*,*,#5204,.T.);
#5204 = EDGE_CURVE('',#5197,#4817,#5205,.T.);
#5205 = LINE('',#5206,#5207);
#5206 = CARTESIAN_POINT('',(2.015,4.25,9.5E-02));
#5207 = VECTOR('',#5208,1.);
#5208 = DIRECTION('',(1.,-0.,-0.));
#5209 = ORIENTED_EDGE('',*,*,#4816,.T.);
#5210 = ORIENTED_EDGE('',*,*,#5211,.F.);
#5211 = EDGE_CURVE('',#5179,#4809,#5212,.T.);
#5212 = LINE('',#5213,#5214);
#5213 = CARTESIAN_POINT('',(2.375,3.5,9.5E-02));
#5214 = VECTOR('',#5215,1.);
#5215 = DIRECTION('',(1.,-0.,-0.));
#5216 = PLANE('',#5217);
#5217 = AXIS2_PLACEMENT_3D('',#5218,#5219,#5220);
#5218 = CARTESIAN_POINT('',(2.015,8.777094706956E-18,9.5E-02));
#5219 = DIRECTION('',(0.,-9.239047059953E-17,-1.));
#5220 = DIRECTION('',(0.,1.,-9.239047059953E-17));
#5221 = ADVANCED_FACE('',(#5222),#5242,.T.);
#5222 = FACE_BOUND('',#5223,.T.);
#5223 = EDGE_LOOP('',(#5224,#5225,#5226,#5227,#5235,#5241));
#5224 = ORIENTED_EDGE('',*,*,#4681,.T.);
#5225 = ORIENTED_EDGE('',*,*,#4713,.F.);
#5226 = ORIENTED_EDGE('',*,*,#5156,.F.);
#5227 = ORIENTED_EDGE('',*,*,#5228,.F.);
#5228 = EDGE_CURVE('',#5229,#5149,#5231,.T.);
#5229 = VERTEX_POINT('',#5230);
#5230 = CARTESIAN_POINT('',(2.015,4.25,-2.025));
#5231 = LINE('',#5232,#5233);
#5232 = CARTESIAN_POINT('',(2.015,2.727340868675E-16,-2.025));
#5233 = VECTOR('',#5234,1.);
#5234 = DIRECTION('',(-0.,-1.,-1.346834996876E-16));
#5235 = ORIENTED_EDGE('',*,*,#5236,.F.);
#5236 = EDGE_CURVE('',#5197,#5229,#5237,.T.);
#5237 = LINE('',#5238,#5239);
#5238 = CARTESIAN_POINT('',(2.015,4.25,0.));
#5239 = VECTOR('',#5240,1.);
#5240 = DIRECTION('',(0.,0.,-1.));
#5241 = ORIENTED_EDGE('',*,*,#5196,.T.);
#5242 = PLANE('',#5243);
#5243 = AXIS2_PLACEMENT_3D('',#5244,#5245,#5246);
#5244 = CARTESIAN_POINT('',(2.015,0.,0.));
#5245 = DIRECTION('',(1.,0.,-0.));
#5246 = DIRECTION('',(0.,0.,1.));
#5247 = ADVANCED_FACE('',(#5248),#5273,.T.);
#5248 = FACE_BOUND('',#5249,.T.);
#5249 = EDGE_LOOP('',(#5250,#5258,#5259,#5260,#5266,#5267));
#5250 = ORIENTED_EDGE('',*,*,#5251,.T.);
#5251 = EDGE_CURVE('',#5252,#5179,#5254,.T.);
#5252 = VERTEX_POINT('',#5253);
#5253 = CARTESIAN_POINT('',(2.5,3.5,6.5E-02));
#5254 = LINE('',#5255,#5256);
#5255 = CARTESIAN_POINT('',(2.5,3.5,0.));
#5256 = VECTOR('',#5257,1.);
#5257 = DIRECTION('',(0.,0.,1.));
#5258 = ORIENTED_EDGE('',*,*,#5211,.T.);
#5259 = ORIENTED_EDGE('',*,*,#4808,.T.);
#5260 = ORIENTED_EDGE('',*,*,#5261,.F.);
#5261 = EDGE_CURVE('',#4548,#4801,#5262,.T.);
#5262 = LINE('',#5263,#5264);
#5263 = CARTESIAN_POINT('',(2.375,3.5,-1.335));
#5264 = VECTOR('',#5265,1.);
#5265 = DIRECTION('',(1.,-0.,-0.));
#5266 = ORIENTED_EDGE('',*,*,#4547,.F.);
#5267 = ORIENTED_EDGE('',*,*,#5268,.F.);
#5268 = EDGE_CURVE('',#5252,#4538,#5269,.T.);
#5269 = LINE('',#5270,#5271);
#5270 = CARTESIAN_POINT('',(2.375,3.5,6.5E-02));
#5271 = VECTOR('',#5272,1.);
#5272 = DIRECTION('',(-1.,0.,0.));
#5273 = PLANE('',#5274);
#5274 = AXIS2_PLACEMENT_3D('',#5275,#5276,#5277);
#5275 = CARTESIAN_POINT('',(2.375,3.5,0.));
#5276 = DIRECTION('',(0.,1.,0.));
#5277 = DIRECTION('',(0.,-0.,1.));
#5278 = ADVANCED_FACE('',(#5279),#5285,.F.);
#5279 = FACE_BOUND('',#5280,.T.);
#5280 = EDGE_LOOP('',(#5281,#5282,#5283,#5284));
#5281 = ORIENTED_EDGE('',*,*,#4800,.F.);
#5282 = ORIENTED_EDGE('',*,*,#5164,.F.);
#5283 = ORIENTED_EDGE('',*,*,#4555,.T.);
#5284 = ORIENTED_EDGE('',*,*,#5261,.T.);
#5285 = PLANE('',#5286);
#5286 = AXIS2_PLACEMENT_3D('',#5287,#5288,#5289);
#5287 = CARTESIAN_POINT('',(2.375,0.,-1.335));
#5288 = DIRECTION('',(0.,0.,1.));
#5289 = DIRECTION('',(-1.,0.,0.));
#5290 = ADVANCED_FACE('',(#5291),#5309,.T.);
#5291 = FACE_BOUND('',#5292,.T.);
#5292 = EDGE_LOOP('',(#5293,#5301,#5302,#5303));
#5293 = ORIENTED_EDGE('',*,*,#5294,.T.);
#5294 = EDGE_CURVE('',#5295,#4983,#5297,.T.);
#5295 = VERTEX_POINT('',#5296);
#5296 = CARTESIAN_POINT('',(2.375,0.48,1.975));
#5297 = LINE('',#5298,#5299);
#5298 = CARTESIAN_POINT('',(2.375,0.48,2.025));
#5299 = VECTOR('',#5300,1.);
#5300 = DIRECTION('',(0.,0.,-1.));
#5301 = ORIENTED_EDGE('',*,*,#5037,.F.);
#5302 = ORIENTED_EDGE('',*,*,#4926,.T.);
#5303 = ORIENTED_EDGE('',*,*,#5304,.F.);
#5304 = EDGE_CURVE('',#5295,#4929,#5305,.T.);
#5305 = LINE('',#5306,#5307);
#5306 = CARTESIAN_POINT('',(2.375,0.,1.975));
#5307 = VECTOR('',#5308,1.);
#5308 = DIRECTION('',(0.,1.,0.));
#5309 = PLANE('',#5310);
#5310 = AXIS2_PLACEMENT_3D('',#5311,#5312,#5313);
#5311 = CARTESIAN_POINT('',(2.375,0.,6.5E-02));
#5312 = DIRECTION('',(1.,0.,-0.));
#5313 = DIRECTION('',(0.,0.,1.));
#5314 = ADVANCED_FACE('',(#5315),#5335,.F.);
#5315 = FACE_BOUND('',#5316,.T.);
#5316 = EDGE_LOOP('',(#5317,#5325,#5326,#5327,#5328,#5329));
#5317 = ORIENTED_EDGE('',*,*,#5318,.T.);
#5318 = EDGE_CURVE('',#5319,#4945,#5321,.T.);
#5319 = VERTEX_POINT('',#5320);
#5320 = CARTESIAN_POINT('',(2.605,1.76,1.275));
#5321 = LINE('',#5322,#5323);
#5322 = CARTESIAN_POINT('',(2.605,2.21,1.275));
#5323 = VECTOR('',#5324,1.);
#5324 = DIRECTION('',(0.,1.,0.));
#5325 = ORIENTED_EDGE('',*,*,#4944,.F.);
#5326 = ORIENTED_EDGE('',*,*,#5030,.T.);
#5327 = ORIENTED_EDGE('',*,*,#4659,.T.);
#5328 = ORIENTED_EDGE('',*,*,#4886,.T.);
#5329 = ORIENTED_EDGE('',*,*,#5330,.F.);
#5330 = EDGE_CURVE('',#5319,#4887,#5331,.T.);
#5331 = LINE('',#5332,#5333);
#5332 = CARTESIAN_POINT('',(2.605,1.485,1.55));
#5333 = VECTOR('',#5334,1.);
#5334 = DIRECTION('',(-0.,-0.707106781187,0.707106781187));
#5335 = PLANE('',#5336);
#5336 = AXIS2_PLACEMENT_3D('',#5337,#5338,#5339);
#5337 = CARTESIAN_POINT('',(2.605,0.,6.5E-02));
#5338 = DIRECTION('',(1.,0.,-0.));
#5339 = DIRECTION('',(0.,0.,1.));
#5340 = ADVANCED_FACE('',(#5341),#5352,.T.);
#5341 = FACE_BOUND('',#5342,.T.);
#5342 = EDGE_LOOP('',(#5343,#5349,#5350,#5351));
#5343 = ORIENTED_EDGE('',*,*,#5344,.T.);
#5344 = EDGE_CURVE('',#4478,#4416,#5345,.T.);
#5345 = LINE('',#5346,#5347);
#5346 = CARTESIAN_POINT('',(1.35,0.,2.025));
#5347 = VECTOR('',#5348,1.);
#5348 = DIRECTION('',(0.,-1.,0.));
#5349 = ORIENTED_EDGE('',*,*,#4415,.F.);
#5350 = ORIENTED_EDGE('',*,*,#4516,.F.);
#5351 = ORIENTED_EDGE('',*,*,#4485,.T.);
#5352 = PLANE('',#5353);
#5353 = AXIS2_PLACEMENT_3D('',#5354,#5355,#5356);
#5354 = CARTESIAN_POINT('',(1.35,0.,6.5E-02));
#5355 = DIRECTION('',(1.,0.,-0.));
#5356 = DIRECTION('',(0.,0.,1.));
#5357 = ADVANCED_FACE('',(#5358),#5383,.F.);
#5358 = FACE_BOUND('',#5359,.T.);
#5359 = EDGE_LOOP('',(#5360,#5370,#5376,#5377));
#5360 = ORIENTED_EDGE('',*,*,#5361,.F.);
#5361 = EDGE_CURVE('',#5362,#5364,#5366,.T.);
#5362 = VERTEX_POINT('',#5363);
#5363 = CARTESIAN_POINT('',(1.79,2.76,6.5E-02));
#5364 = VERTEX_POINT('',#5365);
#5365 = CARTESIAN_POINT('',(1.79,2.76,1.825));
#5366 = LINE('',#5367,#5368);
#5367 = CARTESIAN_POINT('',(1.79,2.76,6.5E-02));
#5368 = VECTOR('',#5369,1.);
#5369 = DIRECTION('',(0.,0.,1.));
#5370 = ORIENTED_EDGE('',*,*,#5371,.T.);
#5371 = EDGE_CURVE('',#5362,#4274,#5372,.T.);
#5372 = LINE('',#5373,#5374);
#5373 = CARTESIAN_POINT('',(1.79,0.,6.5E-02));
#5374 = VECTOR('',#5375,1.);
#5375 = DIRECTION('',(0.,-1.,0.));
#5376 = ORIENTED_EDGE('',*,*,#4273,.T.);
#5377 = ORIENTED_EDGE('',*,*,#5378,.F.);
#5378 = EDGE_CURVE('',#5364,#4266,#5379,.T.);
#5379 = LINE('',#5380,#5381);
#5380 = CARTESIAN_POINT('',(1.79,0.78,1.825));
#5381 = VECTOR('',#5382,1.);
#5382 = DIRECTION('',(0.,-1.,0.));
#5383 = PLANE('',#5384);
#5384 = AXIS2_PLACEMENT_3D('',#5385,#5386,#5387);
#5385 = CARTESIAN_POINT('',(1.79,0.,6.5E-02));
#5386 = DIRECTION('',(1.,0.,-0.));
#5387 = DIRECTION('',(0.,0.,1.));
#5388 = ADVANCED_FACE('',(#5389),#5414,.T.);
#5389 = FACE_BOUND('',#5390,.T.);
#5390 = EDGE_LOOP('',(#5391,#5401,#5407,#5408));
#5391 = ORIENTED_EDGE('',*,*,#5392,.F.);
#5392 = EDGE_CURVE('',#5393,#5395,#5397,.T.);
#5393 = VERTEX_POINT('',#5394);
#5394 = CARTESIAN_POINT('',(1.36375,2.76,6.5E-02));
#5395 = VERTEX_POINT('',#5396);
#5396 = CARTESIAN_POINT('',(1.36375,2.76,1.825));
#5397 = LINE('',#5398,#5399);
#5398 = CARTESIAN_POINT('',(1.36375,2.76,6.5E-02));
#5399 = VECTOR('',#5400,1.);
#5400 = DIRECTION('',(0.,0.,1.));
#5401 = ORIENTED_EDGE('',*,*,#5402,.F.);
#5402 = EDGE_CURVE('',#5362,#5393,#5403,.T.);
#5403 = LINE('',#5404,#5405);
#5404 = CARTESIAN_POINT('',(-5.,2.76,6.5E-02));
#5405 = VECTOR('',#5406,1.);
#5406 = DIRECTION('',(-1.,0.,0.));
#5407 = ORIENTED_EDGE('',*,*,#5361,.T.);
#5408 = ORIENTED_EDGE('',*,*,#5409,.F.);
#5409 = EDGE_CURVE('',#5395,#5364,#5410,.T.);
#5410 = LINE('',#5411,#5412);
#5411 = CARTESIAN_POINT('',(-5.,2.76,1.825));
#5412 = VECTOR('',#5413,1.);
#5413 = DIRECTION('',(1.,0.,0.));
#5414 = PLANE('',#5415);
#5415 = AXIS2_PLACEMENT_3D('',#5416,#5417,#5418);
#5416 = CARTESIAN_POINT('',(-5.,2.76,6.5E-02));
#5417 = DIRECTION('',(0.,-1.,-0.));
#5418 = DIRECTION('',(-0.,0.,-1.));
#5419 = ADVANCED_FACE('',(#5420),#5462,.T.);
#5420 = FACE_BOUND('',#5421,.T.);
#5421 = EDGE_LOOP('',(#5422,#5432,#5440,#5448,#5456));
#5422 = ORIENTED_EDGE('',*,*,#5423,.F.);
#5423 = EDGE_CURVE('',#5424,#5426,#5428,.T.);
#5424 = VERTEX_POINT('',#5425);
#5425 = CARTESIAN_POINT('',(0.9375,1.855,6.5E-02));
#5426 = VERTEX_POINT('',#5427);
#5427 = CARTESIAN_POINT('',(0.9375,1.855,1.825));
#5428 = LINE('',#5429,#5430);
#5429 = CARTESIAN_POINT('',(0.9375,1.855,6.5E-02));
#5430 = VECTOR('',#5431,1.);
#5431 = DIRECTION('',(0.,0.,1.));
#5432 = ORIENTED_EDGE('',*,*,#5433,.F.);
#5433 = EDGE_CURVE('',#5434,#5424,#5436,.T.);
#5434 = VERTEX_POINT('',#5435);
#5435 = CARTESIAN_POINT('',(0.9375,2.255,6.5E-02));
#5436 = LINE('',#5437,#5438);
#5437 = CARTESIAN_POINT('',(0.9375,0.,6.5E-02));
#5438 = VECTOR('',#5439,1.);
#5439 = DIRECTION('',(0.,-1.,0.));
#5440 = ORIENTED_EDGE('',*,*,#5441,.T.);
#5441 = EDGE_CURVE('',#5434,#5442,#5444,.T.);
#5442 = VERTEX_POINT('',#5443);
#5443 = CARTESIAN_POINT('',(0.9375,2.255,2.025));
#5444 = LINE('',#5445,#5446);
#5445 = CARTESIAN_POINT('',(0.9375,2.255,6.5E-02));
#5446 = VECTOR('',#5447,1.);
#5447 = DIRECTION('',(0.,0.,1.));
#5448 = ORIENTED_EDGE('',*,*,#5449,.T.);
#5449 = EDGE_CURVE('',#5442,#5450,#5452,.T.);
#5450 = VERTEX_POINT('',#5451);
#5451 = CARTESIAN_POINT('',(0.9375,2.055,2.025));
#5452 = LINE('',#5453,#5454);
#5453 = CARTESIAN_POINT('',(0.9375,0.,2.025));
#5454 = VECTOR('',#5455,1.);
#5455 = DIRECTION('',(0.,-1.,0.));
#5456 = ORIENTED_EDGE('',*,*,#5457,.F.);
#5457 = EDGE_CURVE('',#5426,#5450,#5458,.T.);
#5458 = LINE('',#5459,#5460);
#5459 = CARTESIAN_POINT('',(0.9375,4.75E-02,1.75E-02));
#5460 = VECTOR('',#5461,1.);
#5461 = DIRECTION('',(0.,0.707106781187,0.707106781187));
#5462 = PLANE('',#5463);
#5463 = AXIS2_PLACEMENT_3D('',#5464,#5465,#5466);
#5464 = CARTESIAN_POINT('',(0.9375,0.,6.5E-02));
#5465 = DIRECTION('',(1.,0.,-0.));
#5466 = DIRECTION('',(0.,0.,1.));
#5467 = ADVANCED_FACE('',(#5468),#5493,.T.);
#5468 = FACE_BOUND('',#5469,.T.);
#5469 = EDGE_LOOP('',(#5470,#5480,#5486,#5487));
#5470 = ORIENTED_EDGE('',*,*,#5471,.T.);
#5471 = EDGE_CURVE('',#5472,#5474,#5476,.T.);
#5472 = VERTEX_POINT('',#5473);
#5473 = CARTESIAN_POINT('',(0.725,1.855,1.825));
#5474 = VERTEX_POINT('',#5475);
#5475 = CARTESIAN_POINT('',(0.725,1.855,6.5E-02));
#5476 = LINE('',#5477,#5478);
#5477 = CARTESIAN_POINT('',(0.725,1.855,6.5E-02));
#5478 = VECTOR('',#5479,1.);
#5479 = DIRECTION('',(0.,0.,-1.));
#5480 = ORIENTED_EDGE('',*,*,#5481,.F.);
#5481 = EDGE_CURVE('',#5424,#5474,#5482,.T.);
#5482 = LINE('',#5483,#5484);
#5483 = CARTESIAN_POINT('',(-5.,1.855,6.5E-02));
#5484 = VECTOR('',#5485,1.);
#5485 = DIRECTION('',(-1.,0.,0.));
#5486 = ORIENTED_EDGE('',*,*,#5423,.T.);
#5487 = ORIENTED_EDGE('',*,*,#5488,.F.);
#5488 = EDGE_CURVE('',#5472,#5426,#5489,.T.);
#5489 = LINE('',#5490,#5491);
#5490 = CARTESIAN_POINT('',(-5.,1.855,1.825));
#5491 = VECTOR('',#5492,1.);
#5492 = DIRECTION('',(1.,0.,0.));
#5493 = PLANE('',#5494);
#5494 = AXIS2_PLACEMENT_3D('',#5495,#5496,#5497);
#5495 = CARTESIAN_POINT('',(-5.,1.855,6.5E-02));
#5496 = DIRECTION('',(0.,-1.,-0.));
#5497 = DIRECTION('',(-0.,0.,-1.));
#5498 = ADVANCED_FACE('',(#5499),#5516,.T.);
#5499 = FACE_BOUND('',#5500,.T.);
#5500 = EDGE_LOOP('',(#5501,#5502,#5508,#5509,#5510));
#5501 = ORIENTED_EDGE('',*,*,#4082,.F.);
#5502 = ORIENTED_EDGE('',*,*,#5503,.F.);
#5503 = EDGE_CURVE('',#4337,#4075,#5504,.T.);
#5504 = LINE('',#5505,#5506);
#5505 = CARTESIAN_POINT('',(0.3125,0.,6.5E-02));
#5506 = VECTOR('',#5507,1.);
#5507 = DIRECTION('',(0.,1.,0.));
#5508 = ORIENTED_EDGE('',*,*,#4336,.T.);
#5509 = ORIENTED_EDGE('',*,*,#4376,.F.);
#5510 = ORIENTED_EDGE('',*,*,#5511,.T.);
#5511 = EDGE_CURVE('',#4369,#4083,#5512,.T.);
#5512 = LINE('',#5513,#5514);
#5513 = CARTESIAN_POINT('',(0.3125,0.,2.025));
#5514 = VECTOR('',#5515,1.);
#5515 = DIRECTION('',(0.,1.,0.));
#5516 = PLANE('',#5517);
#5517 = AXIS2_PLACEMENT_3D('',#5518,#5519,#5520);
#5518 = CARTESIAN_POINT('',(0.3125,0.,6.5E-02));
#5519 = DIRECTION('',(-1.,0.,0.));
#5520 = DIRECTION('',(0.,0.,-1.));
#5521 = ADVANCED_FACE('',(#5522),#5528,.F.);
#5522 = FACE_BOUND('',#5523,.T.);
#5523 = EDGE_LOOP('',(#5524,#5525,#5526,#5527));
#5524 = ORIENTED_EDGE('',*,*,#4397,.F.);
#5525 = ORIENTED_EDGE('',*,*,#4445,.F.);
#5526 = ORIENTED_EDGE('',*,*,#4501,.T.);
#5527 = ORIENTED_EDGE('',*,*,#4523,.T.);
#5528 = PLANE('',#5529);
#5529 = AXIS2_PLACEMENT_3D('',#5530,#5531,#5532);
#5530 = CARTESIAN_POINT('',(1.925,3.965,6.5E-02));
#5531 = DIRECTION('',(0.707106781187,0.,-0.707106781187));
#5532 = DIRECTION('',(0.707106781187,0.,0.707106781187));
#5533 = ADVANCED_FACE('',(#5534),#5552,.F.);
#5534 = FACE_BOUND('',#5535,.T.);
#5535 = EDGE_LOOP('',(#5536,#5537,#5545,#5551));
#5536 = ORIENTED_EDGE('',*,*,#4537,.T.);
#5537 = ORIENTED_EDGE('',*,*,#5538,.T.);
#5538 = EDGE_CURVE('',#4540,#5539,#5541,.T.);
#5539 = VERTEX_POINT('',#5540);
#5540 = CARTESIAN_POINT('',(2.5,3.965,6.5E-02));
#5541 = LINE('',#5542,#5543);
#5542 = CARTESIAN_POINT('',(2.5,3.965,6.5E-02));
#5543 = VECTOR('',#5544,1.);
#5544 = DIRECTION('',(1.,-0.,-0.));
#5545 = ORIENTED_EDGE('',*,*,#5546,.T.);
#5546 = EDGE_CURVE('',#5539,#5252,#5547,.T.);
#5547 = LINE('',#5548,#5549);
#5548 = CARTESIAN_POINT('',(2.5,3.965,6.5E-02));
#5549 = VECTOR('',#5550,1.);
#5550 = DIRECTION('',(0.,-1.,-0.));
#5551 = ORIENTED_EDGE('',*,*,#5268,.T.);
#5552 = PLANE('',#5553);
#5553 = AXIS2_PLACEMENT_3D('',#5554,#5555,#5556);
#5554 = CARTESIAN_POINT('',(2.5,3.965,6.5E-02));
#5555 = DIRECTION('',(0.,0.,1.));
#5556 = DIRECTION('',(-1.,0.,0.));
#5557 = ADVANCED_FACE('',(#5558),#5569,.F.);
#5558 = FACE_BOUND('',#5559,.T.);
#5559 = EDGE_LOOP('',(#5560,#5561,#5562,#5563));
#5560 = ORIENTED_EDGE('',*,*,#5178,.F.);
#5561 = ORIENTED_EDGE('',*,*,#5251,.F.);
#5562 = ORIENTED_EDGE('',*,*,#5546,.F.);
#5563 = ORIENTED_EDGE('',*,*,#5564,.T.);
#5564 = EDGE_CURVE('',#5539,#5181,#5565,.T.);
#5565 = LINE('',#5566,#5567);
#5566 = CARTESIAN_POINT('',(2.5,3.965,0.64));
#5567 = VECTOR('',#5568,1.);
#5568 = DIRECTION('',(0.,0.,1.));
#5569 = PLANE('',#5570);
#5570 = AXIS2_PLACEMENT_3D('',#5571,#5572,#5573);
#5571 = CARTESIAN_POINT('',(2.5,3.965,0.64));
#5572 = DIRECTION('',(-1.,0.,0.));
#5573 = DIRECTION('',(0.,0.,-1.));
#5574 = ADVANCED_FACE('',(#5575),#5581,.T.);
#5575 = FACE_BOUND('',#5576,.T.);
#5576 = EDGE_LOOP('',(#5577,#5578,#5579,#5580));
#5577 = ORIENTED_EDGE('',*,*,#5188,.T.);
#5578 = ORIENTED_EDGE('',*,*,#5564,.F.);
#5579 = ORIENTED_EDGE('',*,*,#5538,.F.);
#5580 = ORIENTED_EDGE('',*,*,#4595,.T.);
#5581 = PLANE('',#5582);
#5582 = AXIS2_PLACEMENT_3D('',#5583,#5584,#5585);
#5583 = CARTESIAN_POINT('',(-5.,3.965,0.));
#5584 = DIRECTION('',(0.,1.,0.));
#5585 = DIRECTION('',(0.,-0.,1.));
#5586 = ADVANCED_FACE('',(#5587),#5621,.F.);
#5587 = FACE_BOUND('',#5588,.T.);
#5588 = EDGE_LOOP('',(#5589,#5599,#5607,#5615));
#5589 = ORIENTED_EDGE('',*,*,#5590,.F.);
#5590 = EDGE_CURVE('',#5591,#5593,#5595,.T.);
#5591 = VERTEX_POINT('',#5592);
#5592 = CARTESIAN_POINT('',(0.8,2.49,-2.025));
#5593 = VERTEX_POINT('',#5594);
#5594 = CARTESIAN_POINT('',(0.8,3.82,-2.025));
#5595 = LINE('',#5596,#5597);
#5596 = CARTESIAN_POINT('',(0.8,3.82,-2.025));
#5597 = VECTOR('',#5598,1.);
#5598 = DIRECTION('',(0.,1.,0.));
#5599 = ORIENTED_EDGE('',*,*,#5600,.F.);
#5600 = EDGE_CURVE('',#5601,#5591,#5603,.T.);
#5601 = VERTEX_POINT('',#5602);
#5602 = CARTESIAN_POINT('',(0.8,2.49,-1.225));
#5603 = LINE('',#5604,#5605);
#5604 = CARTESIAN_POINT('',(0.8,2.49,-1.225));
#5605 = VECTOR('',#5606,1.);
#5606 = DIRECTION('',(0.,-0.,-1.));
#5607 = ORIENTED_EDGE('',*,*,#5608,.T.);
#5608 = EDGE_CURVE('',#5601,#5609,#5611,.T.);
#5609 = VERTEX_POINT('',#5610);
#5610 = CARTESIAN_POINT('',(0.8,3.82,-1.225));
#5611 = LINE('',#5612,#5613);
#5612 = CARTESIAN_POINT('',(0.8,3.82,-1.225));
#5613 = VECTOR('',#5614,1.);
#5614 = DIRECTION('',(0.,1.,0.));
#5615 = ORIENTED_EDGE('',*,*,#5616,.T.);
#5616 = EDGE_CURVE('',#5609,#5593,#5617,.T.);
#5617 = LINE('',#5618,#5619);
#5618 = CARTESIAN_POINT('',(0.8,3.82,-1.225));
#5619 = VECTOR('',#5620,1.);
#5620 = DIRECTION('',(0.,-0.,-1.));
#5621 = PLANE('',#5622);
#5622 = AXIS2_PLACEMENT_3D('',#5623,#5624,#5625);
#5623 = CARTESIAN_POINT('',(0.8,3.82,-1.225));
#5624 = DIRECTION('',(1.,0.,-0.));
#5625 = DIRECTION('',(0.,0.,1.));
#5626 = ADVANCED_FACE('',(#5627),#5661,.F.);
#5627 = FACE_BOUND('',#5628,.T.);
#5628 = EDGE_LOOP('',(#5629,#5639,#5647,#5655));
#5629 = ORIENTED_EDGE('',*,*,#5630,.F.);
#5630 = EDGE_CURVE('',#5631,#5633,#5635,.T.);
#5631 = VERTEX_POINT('',#5632);
#5632 = CARTESIAN_POINT('',(1.44,3.82,-2.025));
#5633 = VERTEX_POINT('',#5634);
#5634 = CARTESIAN_POINT('',(1.44,3.24,-2.025));
#5635 = LINE('',#5636,#5637);
#5636 = CARTESIAN_POINT('',(1.44,3.82,-2.025));
#5637 = VECTOR('',#5638,1.);
#5638 = DIRECTION('',(0.,-1.,0.));
#5639 = ORIENTED_EDGE('',*,*,#5640,.F.);
#5640 = EDGE_CURVE('',#5641,#5631,#5643,.T.);
#5641 = VERTEX_POINT('',#5642);
#5642 = CARTESIAN_POINT('',(1.44,3.82,-1.225));
#5643 = LINE('',#5644,#5645);
#5644 = CARTESIAN_POINT('',(1.44,3.82,-1.225));
#5645 = VECTOR('',#5646,1.);
#5646 = DIRECTION('',(0.,-0.,-1.));
#5647 = ORIENTED_EDGE('',*,*,#5648,.T.);
#5648 = EDGE_CURVE('',#5641,#5649,#5651,.T.);
#5649 = VERTEX_POINT('',#5650);
#5650 = CARTESIAN_POINT('',(1.44,3.24,-1.225));
#5651 = LINE('',#5652,#5653);
#5652 = CARTESIAN_POINT('',(1.44,3.82,-1.225));
#5653 = VECTOR('',#5654,1.);
#5654 = DIRECTION('',(0.,-1.,0.));
#5655 = ORIENTED_EDGE('',*,*,#5656,.T.);
#5656 = EDGE_CURVE('',#5649,#5633,#5657,.T.);
#5657 = LINE('',#5658,#5659);
#5658 = CARTESIAN_POINT('',(1.44,3.24,-1.225));
#5659 = VECTOR('',#5660,1.);
#5660 = DIRECTION('',(0.,-0.,-1.));
#5661 = PLANE('',#5662);
#5662 = AXIS2_PLACEMENT_3D('',#5663,#5664,#5665);
#5663 = CARTESIAN_POINT('',(1.44,3.82,-1.225));
#5664 = DIRECTION('',(-1.,0.,0.));
#5665 = DIRECTION('',(0.,0.,-1.));
#5666 = ADVANCED_FACE('',(#5667),#5692,.F.);
#5667 = FACE_BOUND('',#5668,.T.);
#5668 = EDGE_LOOP('',(#5669,#5677,#5685,#5691));
#5669 = ORIENTED_EDGE('',*,*,#5670,.F.);
#5670 = EDGE_CURVE('',#5671,#5631,#5673,.T.);
#5671 = VERTEX_POINT('',#5672);
#5672 = CARTESIAN_POINT('',(1.8,3.82,-2.025));
#5673 = LINE('',#5674,#5675);
#5674 = CARTESIAN_POINT('',(1.44,3.82,-2.025));
#5675 = VECTOR('',#5676,1.);
#5676 = DIRECTION('',(-1.,0.,0.));
#5677 = ORIENTED_EDGE('',*,*,#5678,.F.);
#5678 = EDGE_CURVE('',#5679,#5671,#5681,.T.);
#5679 = VERTEX_POINT('',#5680);
#5680 = CARTESIAN_POINT('',(1.8,3.82,-1.225));
#5681 = LINE('',#5682,#5683);
#5682 = CARTESIAN_POINT('',(1.8,3.82,-1.225));
#5683 = VECTOR('',#5684,1.);
#5684 = DIRECTION('',(0.,-0.,-1.));
#5685 = ORIENTED_EDGE('',*,*,#5686,.T.);
#5686 = EDGE_CURVE('',#5679,#5641,#5687,.T.);
#5687 = LINE('',#5688,#5689);
#5688 = CARTESIAN_POINT('',(1.44,3.82,-1.225));
#5689 = VECTOR('',#5690,1.);
#5690 = DIRECTION('',(-1.,0.,0.));
#5691 = ORIENTED_EDGE('',*,*,#5640,.T.);
#5692 = PLANE('',#5693);
#5693 = AXIS2_PLACEMENT_3D('',#5694,#5695,#5696);
#5694 = CARTESIAN_POINT('',(1.44,3.82,-1.225));
#5695 = DIRECTION('',(0.,1.,0.));
#5696 = DIRECTION('',(0.,-0.,1.));
#5697 = ADVANCED_FACE('',(#5698),#5723,.F.);
#5698 = FACE_BOUND('',#5699,.T.);
#5699 = EDGE_LOOP('',(#5700,#5708,#5716,#5722));
#5700 = ORIENTED_EDGE('',*,*,#5701,.F.);
#5701 = EDGE_CURVE('',#5702,#5671,#5704,.T.);
#5702 = VERTEX_POINT('',#5703);
#5703 = CARTESIAN_POINT('',(1.8,3.24,-2.025));
#5704 = LINE('',#5705,#5706);
#5705 = CARTESIAN_POINT('',(1.8,3.82,-2.025));
#5706 = VECTOR('',#5707,1.);
#5707 = DIRECTION('',(1.495451272394E-15,1.,0.));
#5708 = ORIENTED_EDGE('',*,*,#5709,.F.);
#5709 = EDGE_CURVE('',#5710,#5702,#5712,.T.);
#5710 = VERTEX_POINT('',#5711);
#5711 = CARTESIAN_POINT('',(1.8,3.24,-1.225));
#5712 = LINE('',#5713,#5714);
#5713 = CARTESIAN_POINT('',(1.8,3.24,-1.225));
#5714 = VECTOR('',#5715,1.);
#5715 = DIRECTION('',(0.,-0.,-1.));
#5716 = ORIENTED_EDGE('',*,*,#5717,.T.);
#5717 = EDGE_CURVE('',#5710,#5679,#5718,.T.);
#5718 = LINE('',#5719,#5720);
#5719 = CARTESIAN_POINT('',(1.8,3.82,-1.225));
#5720 = VECTOR('',#5721,1.);
#5721 = DIRECTION('',(1.495451272394E-15,1.,0.));
#5722 = ORIENTED_EDGE('',*,*,#5678,.T.);
#5723 = PLANE('',#5724);
#5724 = AXIS2_PLACEMENT_3D('',#5725,#5726,#5727);
#5725 = CARTESIAN_POINT('',(1.8,3.82,-1.225));
#5726 = DIRECTION('',(1.,-1.495451272394E-15,0.));
#5727 = DIRECTION('',(-1.495451272394E-15,-1.,0.));
#5728 = ADVANCED_FACE('',(#5729),#5745,.F.);
#5729 = FACE_BOUND('',#5730,.T.);
#5730 = EDGE_LOOP('',(#5731,#5737,#5738,#5744));
#5731 = ORIENTED_EDGE('',*,*,#5732,.F.);
#5732 = EDGE_CURVE('',#5633,#5702,#5733,.T.);
#5733 = LINE('',#5734,#5735);
#5734 = CARTESIAN_POINT('',(1.44,3.24,-2.025));
#5735 = VECTOR('',#5736,1.);
#5736 = DIRECTION('',(1.,-1.204669080539E-15,0.));
#5737 = ORIENTED_EDGE('',*,*,#5656,.F.);
#5738 = ORIENTED_EDGE('',*,*,#5739,.T.);
#5739 = EDGE_CURVE('',#5649,#5710,#5740,.T.);
#5740 = LINE('',#5741,#5742);
#5741 = CARTESIAN_POINT('',(1.44,3.24,-1.225));
#5742 = VECTOR('',#5743,1.);
#5743 = DIRECTION('',(1.,-1.204669080539E-15,0.));
#5744 = ORIENTED_EDGE('',*,*,#5709,.T.);
#5745 = PLANE('',#5746);
#5746 = AXIS2_PLACEMENT_3D('',#5747,#5748,#5749);
#5747 = CARTESIAN_POINT('',(1.44,3.24,-1.225));
#5748 = DIRECTION('',(-1.204669080539E-15,-1.,0.));
#5749 = DIRECTION('',(-1.,1.204669080539E-15,0.));
#5750 = ADVANCED_FACE('',(#5751),#5757,.T.);
#5751 = FACE_BOUND('',#5752,.T.);
#5752 = EDGE_LOOP('',(#5753,#5754,#5755,#5756));
#5753 = ORIENTED_EDGE('',*,*,#5648,.F.);
#5754 = ORIENTED_EDGE('',*,*,#5686,.F.);
#5755 = ORIENTED_EDGE('',*,*,#5717,.F.);
#5756 = ORIENTED_EDGE('',*,*,#5739,.F.);
#5757 = PLANE('',#5758);
#5758 = AXIS2_PLACEMENT_3D('',#5759,#5760,#5761);
#5759 = CARTESIAN_POINT('',(-5.,0.,-1.225));
#5760 = DIRECTION('',(0.,0.,-1.));
#5761 = DIRECTION('',(1.,0.,0.));
#5762 = ADVANCED_FACE('',(#5763),#5788,.T.);
#5763 = FACE_BOUND('',#5764,.T.);
#5764 = EDGE_LOOP('',(#5765,#5766,#5774,#5782));
#5765 = ORIENTED_EDGE('',*,*,#4992,.T.);
#5766 = ORIENTED_EDGE('',*,*,#5767,.T.);
#5767 = EDGE_CURVE('',#4985,#5768,#5770,.T.);
#5768 = VERTEX_POINT('',#5769);
#5769 = CARTESIAN_POINT('',(2.275,0.48,2.025));
#5770 = LINE('',#5771,#5772);
#5771 = CARTESIAN_POINT('',(2.275,0.48,2.025));
#5772 = VECTOR('',#5773,1.);
#5773 = DIRECTION('',(0.,0.,1.));
#5774 = ORIENTED_EDGE('',*,*,#5775,.T.);
#5775 = EDGE_CURVE('',#5768,#5776,#5778,.T.);
#5776 = VERTEX_POINT('',#5777);
#5777 = CARTESIAN_POINT('',(1.975,0.18,2.025));
#5778 = LINE('',#5779,#5780);
#5779 = CARTESIAN_POINT('',(-5.54,-7.335,2.025));
#5780 = VECTOR('',#5781,1.);
#5781 = DIRECTION('',(-0.707106781187,-0.707106781187,0.));
#5782 = ORIENTED_EDGE('',*,*,#5783,.T.);
#5783 = EDGE_CURVE('',#5776,#4993,#5784,.T.);
#5784 = LINE('',#5785,#5786);
#5785 = CARTESIAN_POINT('',(1.975,0.18,-0.275));
#5786 = VECTOR('',#5787,1.);
#5787 = DIRECTION('',(0.,0.,-1.));
#5788 = PLANE('',#5789);
#5789 = AXIS2_PLACEMENT_3D('',#5790,#5791,#5792);
#5790 = CARTESIAN_POINT('',(2.275,0.48,0.));
#5791 = DIRECTION('',(0.707106781187,-0.707106781187,0.));
#5792 = DIRECTION('',(0.,0.,-1.));
#5793 = ADVANCED_FACE('',(#5794),#5812,.F.);
#5794 = FACE_BOUND('',#5795,.T.);
#5795 = EDGE_LOOP('',(#5796,#5797,#5798,#5806));
#5796 = ORIENTED_EDGE('',*,*,#4904,.F.);
#5797 = ORIENTED_EDGE('',*,*,#4960,.F.);
#5798 = ORIENTED_EDGE('',*,*,#5799,.T.);
#5799 = EDGE_CURVE('',#4953,#5800,#5802,.T.);
#5800 = VERTEX_POINT('',#5801);
#5801 = CARTESIAN_POINT('',(2.725,1.76,1.275));
#5802 = LINE('',#5803,#5804);
#5803 = CARTESIAN_POINT('',(2.725,2.21,1.275));
#5804 = VECTOR('',#5805,1.);
#5805 = DIRECTION('',(-1.734723475977E-15,-1.,0.));
#5806 = ORIENTED_EDGE('',*,*,#5807,.F.);
#5807 = EDGE_CURVE('',#4905,#5800,#5808,.T.);
#5808 = LINE('',#5809,#5810);
#5809 = CARTESIAN_POINT('',(2.725,1.76,1.275));
#5810 = VECTOR('',#5811,1.);
#5811 = DIRECTION('',(1.226634733347E-15,0.707106781187,-0.707106781187)
  );
#5812 = PLANE('',#5813);
#5813 = AXIS2_PLACEMENT_3D('',#5814,#5815,#5816);
#5814 = CARTESIAN_POINT('',(2.725,2.21,1.275));
#5815 = DIRECTION('',(1.,-1.734723475977E-15,-0.));
#5816 = DIRECTION('',(-1.734723475977E-15,-1.,0.));
#5817 = ADVANCED_FACE('',(#5818),#5829,.F.);
#5818 = FACE_BOUND('',#5819,.T.);
#5819 = EDGE_LOOP('',(#5820,#5821,#5822,#5823));
#5820 = ORIENTED_EDGE('',*,*,#5799,.F.);
#5821 = ORIENTED_EDGE('',*,*,#4952,.F.);
#5822 = ORIENTED_EDGE('',*,*,#5318,.F.);
#5823 = ORIENTED_EDGE('',*,*,#5824,.F.);
#5824 = EDGE_CURVE('',#5800,#5319,#5825,.T.);
#5825 = LINE('',#5826,#5827);
#5826 = CARTESIAN_POINT('',(2.605,1.76,1.275));
#5827 = VECTOR('',#5828,1.);
#5828 = DIRECTION('',(-1.,0.,0.));
#5829 = PLANE('',#5830);
#5830 = AXIS2_PLACEMENT_3D('',#5831,#5832,#5833);
#5831 = CARTESIAN_POINT('',(-5.,0.,1.275));
#5832 = DIRECTION('',(0.,0.,-1.));
#5833 = DIRECTION('',(1.,0.,0.));
#5834 = ADVANCED_FACE('',(#5835),#5853,.F.);
#5835 = FACE_BOUND('',#5836,.T.);
#5836 = EDGE_LOOP('',(#5837,#5845,#5846,#5847));
#5837 = ORIENTED_EDGE('',*,*,#5838,.T.);
#5838 = EDGE_CURVE('',#5839,#4610,#5841,.T.);
#5839 = VERTEX_POINT('',#5840);
#5840 = CARTESIAN_POINT('',(2.605,0.53,-0.325));
#5841 = LINE('',#5842,#5843);
#5842 = CARTESIAN_POINT('',(2.605,0.78,-0.325));
#5843 = VECTOR('',#5844,1.);
#5844 = DIRECTION('',(0.,1.,0.));
#5845 = ORIENTED_EDGE('',*,*,#4609,.T.);
#5846 = ORIENTED_EDGE('',*,*,#5024,.F.);
#5847 = ORIENTED_EDGE('',*,*,#5848,.F.);
#5848 = EDGE_CURVE('',#5839,#5017,#5849,.T.);
#5849 = LINE('',#5850,#5851);
#5850 = CARTESIAN_POINT('',(2.605,0.53,-0.325));
#5851 = VECTOR('',#5852,1.);
#5852 = DIRECTION('',(-0.,-0.707106781187,0.707106781187));
#5853 = PLANE('',#5854);
#5854 = AXIS2_PLACEMENT_3D('',#5855,#5856,#5857);
#5855 = CARTESIAN_POINT('',(2.605,0.78,-0.325));
#5856 = DIRECTION('',(-1.,0.,0.));
#5857 = DIRECTION('',(0.,0.,-1.));
#5858 = ADVANCED_FACE('',(#5859),#5877,.F.);
#5859 = FACE_BOUND('',#5860,.T.);
#5860 = EDGE_LOOP('',(#5861,#5862,#5863,#5871));
#5861 = ORIENTED_EDGE('',*,*,#5008,.F.);
#5862 = ORIENTED_EDGE('',*,*,#4627,.F.);
#5863 = ORIENTED_EDGE('',*,*,#5864,.T.);
#5864 = EDGE_CURVE('',#4620,#5865,#5867,.T.);
#5865 = VERTEX_POINT('',#5866);
#5866 = CARTESIAN_POINT('',(2.725,0.53,-0.325));
#5867 = LINE('',#5868,#5869);
#5868 = CARTESIAN_POINT('',(2.725,0.78,-0.325));
#5869 = VECTOR('',#5870,1.);
#5870 = DIRECTION('',(0.,-1.,0.));
#5871 = ORIENTED_EDGE('',*,*,#5872,.F.);
#5872 = EDGE_CURVE('',#5009,#5865,#5873,.T.);
#5873 = LINE('',#5874,#5875);
#5874 = CARTESIAN_POINT('',(2.725,0.53,-0.325));
#5875 = VECTOR('',#5876,1.);
#5876 = DIRECTION('',(-0.,0.707106781187,-0.707106781187));
#5877 = PLANE('',#5878);
#5878 = AXIS2_PLACEMENT_3D('',#5879,#5880,#5881);
#5879 = CARTESIAN_POINT('',(2.725,0.78,-0.325));
#5880 = DIRECTION('',(1.,0.,-0.));
#5881 = DIRECTION('',(0.,0.,1.));
#5882 = ADVANCED_FACE('',(#5883),#5894,.F.);
#5883 = FACE_BOUND('',#5884,.T.);
#5884 = EDGE_LOOP('',(#5885,#5886,#5887,#5888));
#5885 = ORIENTED_EDGE('',*,*,#5864,.F.);
#5886 = ORIENTED_EDGE('',*,*,#4619,.F.);
#5887 = ORIENTED_EDGE('',*,*,#5838,.F.);
#5888 = ORIENTED_EDGE('',*,*,#5889,.F.);
#5889 = EDGE_CURVE('',#5865,#5839,#5890,.T.);
#5890 = LINE('',#5891,#5892);
#5891 = CARTESIAN_POINT('',(2.605,0.53,-0.325));
#5892 = VECTOR('',#5893,1.);
#5893 = DIRECTION('',(-1.,0.,0.));
#5894 = PLANE('',#5895);
#5895 = AXIS2_PLACEMENT_3D('',#5896,#5897,#5898);
#5896 = CARTESIAN_POINT('',(-5.,0.,-0.325));
#5897 = DIRECTION('',(0.,0.,-1.));
#5898 = DIRECTION('',(1.,0.,0.));
#5899 = ADVANCED_FACE('',(#5900),#5919,.F.);
#5900 = FACE_BOUND('',#5901,.T.);
#5901 = EDGE_LOOP('',(#5902,#5910,#5911,#5912,#5913));
#5902 = ORIENTED_EDGE('',*,*,#5903,.F.);
#5903 = EDGE_CURVE('',#5768,#5904,#5906,.T.);
#5904 = VERTEX_POINT('',#5905);
#5905 = CARTESIAN_POINT('',(2.325,0.48,2.025));
#5906 = LINE('',#5907,#5908);
#5907 = CARTESIAN_POINT('',(2.375,0.48,2.025));
#5908 = VECTOR('',#5909,1.);
#5909 = DIRECTION('',(1.,-0.,-0.));
#5910 = ORIENTED_EDGE('',*,*,#5767,.F.);
#5911 = ORIENTED_EDGE('',*,*,#4982,.F.);
#5912 = ORIENTED_EDGE('',*,*,#5294,.F.);
#5913 = ORIENTED_EDGE('',*,*,#5914,.F.);
#5914 = EDGE_CURVE('',#5904,#5295,#5915,.T.);
#5915 = LINE('',#5916,#5917);
#5916 = CARTESIAN_POINT('',(2.325,0.48,2.025));
#5917 = VECTOR('',#5918,1.);
#5918 = DIRECTION('',(0.707106781187,-0.,-0.707106781187));
#5919 = PLANE('',#5920);
#5920 = AXIS2_PLACEMENT_3D('',#5921,#5922,#5923);
#5921 = CARTESIAN_POINT('',(-5.,0.48,0.));
#5922 = DIRECTION('',(0.,1.,0.));
#5923 = DIRECTION('',(0.,-0.,1.));
#5924 = ADVANCED_FACE('',(#5925),#5943,.T.);
#5925 = FACE_BOUND('',#5926,.T.);
#5926 = EDGE_LOOP('',(#5927,#5928,#5936,#5942));
#5927 = ORIENTED_EDGE('',*,*,#4872,.T.);
#5928 = ORIENTED_EDGE('',*,*,#5929,.T.);
#5929 = EDGE_CURVE('',#4865,#5930,#5932,.T.);
#5930 = VERTEX_POINT('',#5931);
#5931 = CARTESIAN_POINT('',(2.325,2.26,2.025));
#5932 = LINE('',#5933,#5934);
#5933 = CARTESIAN_POINT('',(2.375,2.26,2.025));
#5934 = VECTOR('',#5935,1.);
#5935 = DIRECTION('',(-1.,0.,0.));
#5936 = ORIENTED_EDGE('',*,*,#5937,.T.);
#5937 = EDGE_CURVE('',#5930,#4929,#5938,.T.);
#5938 = LINE('',#5939,#5940);
#5939 = CARTESIAN_POINT('',(3.078333333333,1.506666666667,1.271666666667
    ));
#5940 = VECTOR('',#5941,1.);
#5941 = DIRECTION('',(0.57735026919,-0.57735026919,-0.57735026919));
#5942 = ORIENTED_EDGE('',*,*,#4968,.T.);
#5943 = PLANE('',#5944);
#5944 = AXIS2_PLACEMENT_3D('',#5945,#5946,#5947);
#5945 = CARTESIAN_POINT('',(2.275,2.21,1.975));
#5946 = DIRECTION('',(0.,-0.707106781187,0.707106781187));
#5947 = DIRECTION('',(-1.,0.,0.));
#5948 = ADVANCED_FACE('',(#5949),#5960,.F.);
#5949 = FACE_BOUND('',#5950,.T.);
#5950 = EDGE_LOOP('',(#5951,#5952,#5958,#5959));
#5951 = ORIENTED_EDGE('',*,*,#5937,.F.);
#5952 = ORIENTED_EDGE('',*,*,#5953,.T.);
#5953 = EDGE_CURVE('',#5930,#5904,#5954,.T.);
#5954 = LINE('',#5955,#5956);
#5955 = CARTESIAN_POINT('',(2.325,0.,2.025));
#5956 = VECTOR('',#5957,1.);
#5957 = DIRECTION('',(0.,-1.,0.));
#5958 = ORIENTED_EDGE('',*,*,#5914,.T.);
#5959 = ORIENTED_EDGE('',*,*,#5304,.T.);
#5960 = PLANE('',#5961);
#5961 = AXIS2_PLACEMENT_3D('',#5962,#5963,#5964);
#5962 = CARTESIAN_POINT('',(2.325,0.,2.025));
#5963 = DIRECTION('',(-0.707106781187,-0.,-0.707106781187));
#5964 = DIRECTION('',(0.,-1.,0.));
#5965 = ADVANCED_FACE('',(#5966),#5972,.T.);
#5966 = FACE_BOUND('',#5967,.T.);
#5967 = EDGE_LOOP('',(#5968,#5969,#5970,#5971));
#5968 = ORIENTED_EDGE('',*,*,#5872,.T.);
#5969 = ORIENTED_EDGE('',*,*,#5889,.T.);
#5970 = ORIENTED_EDGE('',*,*,#5848,.T.);
#5971 = ORIENTED_EDGE('',*,*,#5016,.F.);
#5972 = PLANE('',#5973);
#5973 = AXIS2_PLACEMENT_3D('',#5974,#5975,#5976);
#5974 = CARTESIAN_POINT('',(-5.,0.53,-0.325));
#5975 = DIRECTION('',(-0.,0.707106781187,0.707106781187));
#5976 = DIRECTION('',(1.,0.,0.));
#5977 = ADVANCED_FACE('',(#5978),#5984,.T.);
#5978 = FACE_BOUND('',#5979,.T.);
#5979 = EDGE_LOOP('',(#5980,#5981,#5982,#5983));
#5980 = ORIENTED_EDGE('',*,*,#5807,.T.);
#5981 = ORIENTED_EDGE('',*,*,#5824,.T.);
#5982 = ORIENTED_EDGE('',*,*,#5330,.T.);
#5983 = ORIENTED_EDGE('',*,*,#4912,.F.);
#5984 = PLANE('',#5985);
#5985 = AXIS2_PLACEMENT_3D('',#5986,#5987,#5988);
#5986 = CARTESIAN_POINT('',(-5.,1.76,1.275));
#5987 = DIRECTION('',(-0.,0.707106781187,0.707106781187));
#5988 = DIRECTION('',(1.,0.,0.));
#5989 = ADVANCED_FACE('',(#5990),#6008,.F.);
#5990 = FACE_BOUND('',#5991,.T.);
#5991 = EDGE_LOOP('',(#5992,#6000,#6001,#6002));
#5992 = ORIENTED_EDGE('',*,*,#5993,.T.);
#5993 = EDGE_CURVE('',#5994,#5472,#5996,.T.);
#5994 = VERTEX_POINT('',#5995);
#5995 = CARTESIAN_POINT('',(0.725,2.055,2.025));
#5996 = LINE('',#5997,#5998);
#5997 = CARTESIAN_POINT('',(0.725,2.055,2.025));
#5998 = VECTOR('',#5999,1.);
#5999 = DIRECTION('',(-0.,-0.707106781187,-0.707106781187));
#6000 = ORIENTED_EDGE('',*,*,#5488,.T.);
#6001 = ORIENTED_EDGE('',*,*,#5457,.T.);
#6002 = ORIENTED_EDGE('',*,*,#6003,.T.);
#6003 = EDGE_CURVE('',#5450,#5994,#6004,.T.);
#6004 = LINE('',#6005,#6006);
#6005 = CARTESIAN_POINT('',(-12.875,2.055,2.025));
#6006 = VECTOR('',#6007,1.);
#6007 = DIRECTION('',(-1.,0.,0.));
#6008 = PLANE('',#6009);
#6009 = AXIS2_PLACEMENT_3D('',#6010,#6011,#6012);
#6010 = CARTESIAN_POINT('',(-12.875,2.055,2.025));
#6011 = DIRECTION('',(0.,0.707106781187,-0.707106781187));
#6012 = DIRECTION('',(-1.,0.,0.));
#6013 = ADVANCED_FACE('',(#6014),#6046,.F.);
#6014 = FACE_BOUND('',#6015,.T.);
#6015 = EDGE_LOOP('',(#6016,#6026,#6032,#6040));
#6016 = ORIENTED_EDGE('',*,*,#6017,.T.);
#6017 = EDGE_CURVE('',#6018,#6020,#6022,.T.);
#6018 = VERTEX_POINT('',#6019);
#6019 = CARTESIAN_POINT('',(1.16375,2.255,2.025));
#6020 = VERTEX_POINT('',#6021);
#6021 = CARTESIAN_POINT('',(1.36375,2.255,1.825));
#6022 = LINE('',#6023,#6024);
#6023 = CARTESIAN_POINT('',(-0.938125,2.255,4.126875));
#6024 = VECTOR('',#6025,1.);
#6025 = DIRECTION('',(0.707106781187,-0.,-0.707106781187));
#6026 = ORIENTED_EDGE('',*,*,#6027,.F.);
#6027 = EDGE_CURVE('',#5395,#6020,#6028,.T.);
#6028 = LINE('',#6029,#6030);
#6029 = CARTESIAN_POINT('',(1.36375,2.76,1.825));
#6030 = VECTOR('',#6031,1.);
#6031 = DIRECTION('',(0.,-1.,0.));
#6032 = ORIENTED_EDGE('',*,*,#6033,.T.);
#6033 = EDGE_CURVE('',#5395,#6034,#6036,.T.);
#6034 = VERTEX_POINT('',#6035);
#6035 = CARTESIAN_POINT('',(1.16375,2.96,2.025));
#6036 = LINE('',#6037,#6038);
#6037 = CARTESIAN_POINT('',(2.150416666667,1.973333333333,1.038333333333
    ));
#6038 = VECTOR('',#6039,1.);
#6039 = DIRECTION('',(-0.57735026919,0.57735026919,0.57735026919));
#6040 = ORIENTED_EDGE('',*,*,#6041,.T.);
#6041 = EDGE_CURVE('',#6034,#6018,#6042,.T.);
#6042 = LINE('',#6043,#6044);
#6043 = CARTESIAN_POINT('',(1.16375,0.,2.025));
#6044 = VECTOR('',#6045,1.);
#6045 = DIRECTION('',(0.,-1.,0.));
#6046 = PLANE('',#6047);
#6047 = AXIS2_PLACEMENT_3D('',#6048,#6049,#6050);
#6048 = CARTESIAN_POINT('',(1.16375,0.,2.025));
#6049 = DIRECTION('',(-0.707106781187,-0.,-0.707106781187));
#6050 = DIRECTION('',(0.,-1.,0.));
#6051 = ADVANCED_FACE('',(#6052),#6070,.F.);
#6052 = FACE_BOUND('',#6053,.T.);
#6053 = EDGE_LOOP('',(#6054,#6055,#6056,#6064));
#6054 = ORIENTED_EDGE('',*,*,#6033,.F.);
#6055 = ORIENTED_EDGE('',*,*,#5409,.T.);
#6056 = ORIENTED_EDGE('',*,*,#6057,.T.);
#6057 = EDGE_CURVE('',#5364,#6058,#6060,.T.);
#6058 = VERTEX_POINT('',#6059);
#6059 = CARTESIAN_POINT('',(1.99,2.96,2.025));
#6060 = LINE('',#6061,#6062);
#6061 = CARTESIAN_POINT('',(0.87,1.84,0.905));
#6062 = VECTOR('',#6063,1.);
#6063 = DIRECTION('',(0.57735026919,0.57735026919,0.57735026919));
#6064 = ORIENTED_EDGE('',*,*,#6065,.T.);
#6065 = EDGE_CURVE('',#6058,#6034,#6066,.T.);
#6066 = LINE('',#6067,#6068);
#6067 = CARTESIAN_POINT('',(-12.875,2.96,2.025));
#6068 = VECTOR('',#6069,1.);
#6069 = DIRECTION('',(-1.,0.,0.));
#6070 = PLANE('',#6071);
#6071 = AXIS2_PLACEMENT_3D('',#6072,#6073,#6074);
#6072 = CARTESIAN_POINT('',(-12.875,2.96,2.025));
#6073 = DIRECTION('',(0.,0.707106781187,-0.707106781187));
#6074 = DIRECTION('',(-1.,0.,0.));
#6075 = ADVANCED_FACE('',(#6076),#6087,.T.);
#6076 = FACE_BOUND('',#6077,.T.);
#6077 = EDGE_LOOP('',(#6078,#6079,#6080,#6081));
#6078 = ORIENTED_EDGE('',*,*,#6057,.F.);
#6079 = ORIENTED_EDGE('',*,*,#5378,.T.);
#6080 = ORIENTED_EDGE('',*,*,#4305,.T.);
#6081 = ORIENTED_EDGE('',*,*,#6082,.T.);
#6082 = EDGE_CURVE('',#4298,#6058,#6083,.T.);
#6083 = LINE('',#6084,#6085);
#6084 = CARTESIAN_POINT('',(1.99,2.76,2.025));
#6085 = VECTOR('',#6086,1.);
#6086 = DIRECTION('',(0.,1.,0.));
#6087 = PLANE('',#6088);
#6088 = AXIS2_PLACEMENT_3D('',#6089,#6090,#6091);
#6089 = CARTESIAN_POINT('',(1.79,0.,1.825));
#6090 = DIRECTION('',(-0.707106781187,0.,0.707106781187));
#6091 = DIRECTION('',(0.,1.,0.));
#6092 = ADVANCED_FACE('',(#6093),#6127,.T.);
#6093 = FACE_BOUND('',#6094,.T.);
#6094 = EDGE_LOOP('',(#6095,#6105,#6113,#6121));
#6095 = ORIENTED_EDGE('',*,*,#6096,.T.);
#6096 = EDGE_CURVE('',#6097,#6099,#6101,.T.);
#6097 = VERTEX_POINT('',#6098);
#6098 = CARTESIAN_POINT('',(0.725,1.63,-1.465));
#6099 = VERTEX_POINT('',#6100);
#6100 = CARTESIAN_POINT('',(0.525,1.63,-1.465));
#6101 = LINE('',#6102,#6103);
#6102 = CARTESIAN_POINT('',(-5.,1.63,-1.465));
#6103 = VECTOR('',#6104,1.);
#6104 = DIRECTION('',(-1.,1.136281752823E-16,0.));
#6105 = ORIENTED_EDGE('',*,*,#6106,.T.);
#6106 = EDGE_CURVE('',#6099,#6107,#6109,.T.);
#6107 = VERTEX_POINT('',#6108);
#6108 = CARTESIAN_POINT('',(0.525,1.63,6.5E-02));
#6109 = LINE('',#6110,#6111);
#6110 = CARTESIAN_POINT('',(0.525,1.63,-2.025));
#6111 = VECTOR('',#6112,1.);
#6112 = DIRECTION('',(0.,0.,1.));
#6113 = ORIENTED_EDGE('',*,*,#6114,.T.);
#6114 = EDGE_CURVE('',#6107,#6115,#6117,.T.);
#6115 = VERTEX_POINT('',#6116);
#6116 = CARTESIAN_POINT('',(0.725,1.63,6.5E-02));
#6117 = LINE('',#6118,#6119);
#6118 = CARTESIAN_POINT('',(-5.,1.63,6.5E-02));
#6119 = VECTOR('',#6120,1.);
#6120 = DIRECTION('',(1.,-1.136281752823E-16,0.));
#6121 = ORIENTED_EDGE('',*,*,#6122,.F.);
#6122 = EDGE_CURVE('',#6097,#6115,#6123,.T.);
#6123 = LINE('',#6124,#6125);
#6124 = CARTESIAN_POINT('',(0.725,1.63,-2.025));
#6125 = VECTOR('',#6126,1.);
#6126 = DIRECTION('',(0.,0.,1.));
#6127 = PLANE('',#6128);
#6128 = AXIS2_PLACEMENT_3D('',#6129,#6130,#6131);
#6129 = CARTESIAN_POINT('',(-5.,1.63,-2.025));
#6130 = DIRECTION('',(1.136281752823E-16,1.,0.));
#6131 = DIRECTION('',(1.,-1.136281752823E-16,0.));
#6132 = ADVANCED_FACE('',(#6133),#6173,.F.);
#6133 = FACE_BOUND('',#6134,.T.);
#6134 = EDGE_LOOP('',(#6135,#6136,#6142,#6143,#6144,#6152,#6160,#6166,
    #6167));
#6135 = ORIENTED_EDGE('',*,*,#6122,.T.);
#6136 = ORIENTED_EDGE('',*,*,#6137,.F.);
#6137 = EDGE_CURVE('',#5474,#6115,#6138,.T.);
#6138 = LINE('',#6139,#6140);
#6139 = CARTESIAN_POINT('',(0.725,0.,6.5E-02));
#6140 = VECTOR('',#6141,1.);
#6141 = DIRECTION('',(0.,-1.,0.));
#6142 = ORIENTED_EDGE('',*,*,#5471,.F.);
#6143 = ORIENTED_EDGE('',*,*,#5993,.F.);
#6144 = ORIENTED_EDGE('',*,*,#6145,.F.);
#6145 = EDGE_CURVE('',#6146,#5994,#6148,.T.);
#6146 = VERTEX_POINT('',#6147);
#6147 = CARTESIAN_POINT('',(0.725,2.085,2.025));
#6148 = LINE('',#6149,#6150);
#6149 = CARTESIAN_POINT('',(0.725,0.,2.025));
#6150 = VECTOR('',#6151,1.);
#6151 = DIRECTION('',(0.,-1.,0.));
#6152 = ORIENTED_EDGE('',*,*,#6153,.F.);
#6153 = EDGE_CURVE('',#6154,#6146,#6156,.T.);
#6154 = VERTEX_POINT('',#6155);
#6155 = CARTESIAN_POINT('',(0.725,2.085,-2.025));
#6156 = LINE('',#6157,#6158);
#6157 = CARTESIAN_POINT('',(0.725,2.085,-2.025));
#6158 = VECTOR('',#6159,1.);
#6159 = DIRECTION('',(0.,0.,1.));
#6160 = ORIENTED_EDGE('',*,*,#6161,.T.);
#6161 = EDGE_CURVE('',#6154,#4218,#6162,.T.);
#6162 = LINE('',#6163,#6164);
#6163 = CARTESIAN_POINT('',(0.725,0.,-2.025));
#6164 = VECTOR('',#6165,1.);
#6165 = DIRECTION('',(0.,-1.,0.));
#6166 = ORIENTED_EDGE('',*,*,#4215,.F.);
#6167 = ORIENTED_EDGE('',*,*,#6168,.F.);
#6168 = EDGE_CURVE('',#6097,#4216,#6169,.T.);
#6169 = LINE('',#6170,#6171);
#6170 = CARTESIAN_POINT('',(0.725,2.085,-1.465));
#6171 = VECTOR('',#6172,1.);
#6172 = DIRECTION('',(0.,-1.,-0.));
#6173 = PLANE('',#6174);
#6174 = AXIS2_PLACEMENT_3D('',#6175,#6176,#6177);
#6175 = CARTESIAN_POINT('',(0.725,0.,-2.025));
#6176 = DIRECTION('',(1.,0.,-0.));
#6177 = DIRECTION('',(0.,0.,1.));
#6178 = ADVANCED_FACE('',(#6179),#6204,.T.);
#6179 = FACE_BOUND('',#6180,.T.);
#6180 = EDGE_LOOP('',(#6181,#6189,#6197,#6203));
#6181 = ORIENTED_EDGE('',*,*,#6182,.T.);
#6182 = EDGE_CURVE('',#6146,#6183,#6185,.T.);
#6183 = VERTEX_POINT('',#6184);
#6184 = CARTESIAN_POINT('',(0.525,2.085,2.025));
#6185 = LINE('',#6186,#6187);
#6186 = CARTESIAN_POINT('',(-5.,2.085,2.025));
#6187 = VECTOR('',#6188,1.);
#6188 = DIRECTION('',(-1.,0.,0.));
#6189 = ORIENTED_EDGE('',*,*,#6190,.F.);
#6190 = EDGE_CURVE('',#6191,#6183,#6193,.T.);
#6191 = VERTEX_POINT('',#6192);
#6192 = CARTESIAN_POINT('',(0.525,2.085,-2.025));
#6193 = LINE('',#6194,#6195);
#6194 = CARTESIAN_POINT('',(0.525,2.085,-2.025));
#6195 = VECTOR('',#6196,1.);
#6196 = DIRECTION('',(0.,0.,1.));
#6197 = ORIENTED_EDGE('',*,*,#6198,.F.);
#6198 = EDGE_CURVE('',#6154,#6191,#6199,.T.);
#6199 = LINE('',#6200,#6201);
#6200 = CARTESIAN_POINT('',(-5.,2.085,-2.025));
#6201 = VECTOR('',#6202,1.);
#6202 = DIRECTION('',(-1.,0.,0.));
#6203 = ORIENTED_EDGE('',*,*,#6153,.T.);
#6204 = PLANE('',#6205);
#6205 = AXIS2_PLACEMENT_3D('',#6206,#6207,#6208);
#6206 = CARTESIAN_POINT('',(-5.,2.085,-2.025));
#6207 = DIRECTION('',(0.,-1.,-0.));
#6208 = DIRECTION('',(-0.,0.,-1.));
#6209 = ADVANCED_FACE('',(#6210),#6241,.T.);
#6210 = FACE_BOUND('',#6211,.T.);
#6211 = EDGE_LOOP('',(#6212,#6218,#6219,#6220,#6226,#6227,#6233,#6234,
    #6240));
#6212 = ORIENTED_EDGE('',*,*,#6213,.T.);
#6213 = EDGE_CURVE('',#6183,#4367,#6214,.T.);
#6214 = LINE('',#6215,#6216);
#6215 = CARTESIAN_POINT('',(0.525,0.,2.025));
#6216 = VECTOR('',#6217,1.);
#6217 = DIRECTION('',(0.,-1.,0.));
#6218 = ORIENTED_EDGE('',*,*,#4383,.T.);
#6219 = ORIENTED_EDGE('',*,*,#4352,.T.);
#6220 = ORIENTED_EDGE('',*,*,#6221,.T.);
#6221 = EDGE_CURVE('',#4345,#6107,#6222,.T.);
#6222 = LINE('',#6223,#6224);
#6223 = CARTESIAN_POINT('',(0.525,0.,6.5E-02));
#6224 = VECTOR('',#6225,1.);
#6225 = DIRECTION('',(0.,-1.,0.));
#6226 = ORIENTED_EDGE('',*,*,#6106,.F.);
#6227 = ORIENTED_EDGE('',*,*,#6228,.T.);
#6228 = EDGE_CURVE('',#6099,#4115,#6229,.T.);
#6229 = LINE('',#6230,#6231);
#6230 = CARTESIAN_POINT('',(0.525,2.085,-1.465));
#6231 = VECTOR('',#6232,1.);
#6232 = DIRECTION('',(0.,-1.,-0.));
#6233 = ORIENTED_EDGE('',*,*,#4114,.F.);
#6234 = ORIENTED_EDGE('',*,*,#6235,.F.);
#6235 = EDGE_CURVE('',#6191,#4107,#6236,.T.);
#6236 = LINE('',#6237,#6238);
#6237 = CARTESIAN_POINT('',(0.525,0.,-2.025));
#6238 = VECTOR('',#6239,1.);
#6239 = DIRECTION('',(0.,-1.,0.));
#6240 = ORIENTED_EDGE('',*,*,#6190,.T.);
#6241 = PLANE('',#6242);
#6242 = AXIS2_PLACEMENT_3D('',#6243,#6244,#6245);
#6243 = CARTESIAN_POINT('',(0.525,0.,-2.025));
#6244 = DIRECTION('',(1.,0.,-0.));
#6245 = DIRECTION('',(0.,0.,1.));
#6246 = ADVANCED_FACE('',(#6247),#6273,.F.);
#6247 = FACE_BOUND('',#6248,.T.);
#6248 = EDGE_LOOP('',(#6249,#6257,#6258,#6259,#6267));
#6249 = ORIENTED_EDGE('',*,*,#6250,.F.);
#6250 = EDGE_CURVE('',#4145,#6251,#6253,.T.);
#6251 = VERTEX_POINT('',#6252);
#6252 = CARTESIAN_POINT('',(0.525,0.55,6.5E-02));
#6253 = LINE('',#6254,#6255);
#6254 = CARTESIAN_POINT('',(0.525,2.085,6.5E-02));
#6255 = VECTOR('',#6256,1.);
#6256 = DIRECTION('',(0.,-1.,0.));
#6257 = ORIENTED_EDGE('',*,*,#4170,.T.);
#6258 = ORIENTED_EDGE('',*,*,#4194,.F.);
#6259 = ORIENTED_EDGE('',*,*,#6260,.T.);
#6260 = EDGE_CURVE('',#4187,#6261,#6263,.T.);
#6261 = VERTEX_POINT('',#6262);
#6262 = CARTESIAN_POINT('',(0.525,0.55,2.025));
#6263 = LINE('',#6264,#6265);
#6264 = CARTESIAN_POINT('',(0.525,2.085,2.025));
#6265 = VECTOR('',#6266,1.);
#6266 = DIRECTION('',(0.,-1.,0.));
#6267 = ORIENTED_EDGE('',*,*,#6268,.T.);
#6268 = EDGE_CURVE('',#6261,#6251,#6269,.T.);
#6269 = LINE('',#6270,#6271);
#6270 = CARTESIAN_POINT('',(0.525,0.55,2.025));
#6271 = VECTOR('',#6272,1.);
#6272 = DIRECTION('',(0.,0.,-1.));
#6273 = PLANE('',#6274);
#6274 = AXIS2_PLACEMENT_3D('',#6275,#6276,#6277);
#6275 = CARTESIAN_POINT('',(0.525,0.,2.025));
#6276 = DIRECTION('',(-1.,0.,0.));
#6277 = DIRECTION('',(0.,0.,-1.));
#6278 = ADVANCED_FACE('',(#6279),#6305,.T.);
#6279 = FACE_BOUND('',#6280,.T.);
#6280 = EDGE_LOOP('',(#6281,#6282,#6290,#6298,#6304));
#6281 = ORIENTED_EDGE('',*,*,#4255,.F.);
#6282 = ORIENTED_EDGE('',*,*,#6283,.T.);
#6283 = EDGE_CURVE('',#4256,#6284,#6286,.T.);
#6284 = VERTEX_POINT('',#6285);
#6285 = CARTESIAN_POINT('',(0.725,0.55,6.5E-02));
#6286 = LINE('',#6287,#6288);
#6287 = CARTESIAN_POINT('',(0.725,2.085,6.5E-02));
#6288 = VECTOR('',#6289,1.);
#6289 = DIRECTION('',(0.,-1.,0.));
#6290 = ORIENTED_EDGE('',*,*,#6291,.F.);
#6291 = EDGE_CURVE('',#6292,#6284,#6294,.T.);
#6292 = VERTEX_POINT('',#6293);
#6293 = CARTESIAN_POINT('',(0.725,0.55,2.025));
#6294 = LINE('',#6295,#6296);
#6295 = CARTESIAN_POINT('',(0.725,0.55,2.025));
#6296 = VECTOR('',#6297,1.);
#6297 = DIRECTION('',(0.,0.,-1.));
#6298 = ORIENTED_EDGE('',*,*,#6299,.F.);
#6299 = EDGE_CURVE('',#4296,#6292,#6300,.T.);
#6300 = LINE('',#6301,#6302);
#6301 = CARTESIAN_POINT('',(0.725,2.085,2.025));
#6302 = VECTOR('',#6303,1.);
#6303 = DIRECTION('',(0.,-1.,0.));
#6304 = ORIENTED_EDGE('',*,*,#4312,.T.);
#6305 = PLANE('',#6306);
#6306 = AXIS2_PLACEMENT_3D('',#6307,#6308,#6309);
#6307 = CARTESIAN_POINT('',(0.725,0.,2.025));
#6308 = DIRECTION('',(-1.,0.,0.));
#6309 = DIRECTION('',(0.,0.,-1.));
#6310 = ADVANCED_FACE('',(#6311),#6327,.T.);
#6311 = FACE_BOUND('',#6312,.T.);
#6312 = EDGE_LOOP('',(#6313,#6319,#6320,#6326));
#6313 = ORIENTED_EDGE('',*,*,#6314,.T.);
#6314 = EDGE_CURVE('',#6284,#6251,#6315,.T.);
#6315 = LINE('',#6316,#6317);
#6316 = CARTESIAN_POINT('',(-5.,0.55,6.5E-02));
#6317 = VECTOR('',#6318,1.);
#6318 = DIRECTION('',(-1.,0.,0.));
#6319 = ORIENTED_EDGE('',*,*,#6268,.F.);
#6320 = ORIENTED_EDGE('',*,*,#6321,.F.);
#6321 = EDGE_CURVE('',#6292,#6261,#6322,.T.);
#6322 = LINE('',#6323,#6324);
#6323 = CARTESIAN_POINT('',(-5.,0.55,2.025));
#6324 = VECTOR('',#6325,1.);
#6325 = DIRECTION('',(-1.,0.,0.));
#6326 = ORIENTED_EDGE('',*,*,#6291,.T.);
#6327 = PLANE('',#6328);
#6328 = AXIS2_PLACEMENT_3D('',#6329,#6330,#6331);
#6329 = CARTESIAN_POINT('',(-5.,0.55,2.025));
#6330 = DIRECTION('',(0.,1.,0.));
#6331 = DIRECTION('',(0.,-0.,1.));
#6332 = ADVANCED_FACE('',(#6333),#6357,.T.);
#6333 = FACE_BOUND('',#6334,.T.);
#6334 = EDGE_LOOP('',(#6335,#6336,#6344,#6350,#6351));
#6335 = ORIENTED_EDGE('',*,*,#5441,.F.);
#6336 = ORIENTED_EDGE('',*,*,#6337,.F.);
#6337 = EDGE_CURVE('',#6338,#5434,#6340,.T.);
#6338 = VERTEX_POINT('',#6339);
#6339 = CARTESIAN_POINT('',(1.36375,2.255,6.5E-02));
#6340 = LINE('',#6341,#6342);
#6341 = CARTESIAN_POINT('',(-5.,2.255,6.5E-02));
#6342 = VECTOR('',#6343,1.);
#6343 = DIRECTION('',(-1.,0.,0.));
#6344 = ORIENTED_EDGE('',*,*,#6345,.F.);
#6345 = EDGE_CURVE('',#6020,#6338,#6346,.T.);
#6346 = LINE('',#6347,#6348);
#6347 = CARTESIAN_POINT('',(1.36375,2.255,1.825));
#6348 = VECTOR('',#6349,1.);
#6349 = DIRECTION('',(0.,0.,-1.));
#6350 = ORIENTED_EDGE('',*,*,#6017,.F.);
#6351 = ORIENTED_EDGE('',*,*,#6352,.T.);
#6352 = EDGE_CURVE('',#6018,#5442,#6353,.T.);
#6353 = LINE('',#6354,#6355);
#6354 = CARTESIAN_POINT('',(-5.,2.255,2.025));
#6355 = VECTOR('',#6356,1.);
#6356 = DIRECTION('',(-1.,0.,0.));
#6357 = PLANE('',#6358);
#6358 = AXIS2_PLACEMENT_3D('',#6359,#6360,#6361);
#6359 = CARTESIAN_POINT('',(0.,2.255,6.5E-02));
#6360 = DIRECTION('',(0.,-1.,0.));
#6361 = DIRECTION('',(0.,-0.,-1.));
#6362 = ADVANCED_FACE('',(#6363),#6374,.T.);
#6363 = FACE_BOUND('',#6364,.T.);
#6364 = EDGE_LOOP('',(#6365,#6366,#6367,#6373));
#6365 = ORIENTED_EDGE('',*,*,#6027,.T.);
#6366 = ORIENTED_EDGE('',*,*,#6345,.T.);
#6367 = ORIENTED_EDGE('',*,*,#6368,.T.);
#6368 = EDGE_CURVE('',#6338,#5393,#6369,.T.);
#6369 = LINE('',#6370,#6371);
#6370 = CARTESIAN_POINT('',(1.36375,2.255,6.5E-02));
#6371 = VECTOR('',#6372,1.);
#6372 = DIRECTION('',(0.,1.,0.));
#6373 = ORIENTED_EDGE('',*,*,#5392,.T.);
#6374 = PLANE('',#6375);
#6375 = AXIS2_PLACEMENT_3D('',#6376,#6377,#6378);
#6376 = CARTESIAN_POINT('',(1.36375,0.,0.));
#6377 = DIRECTION('',(1.,0.,0.));
#6378 = DIRECTION('',(0.,0.,-1.));
#6379 = ADVANCED_FACE('',(#6380),#6422,.T.);
#6380 = FACE_BOUND('',#6381,.T.);
#6381 = EDGE_LOOP('',(#6382,#6392,#6400,#6408,#6416));
#6382 = ORIENTED_EDGE('',*,*,#6383,.T.);
#6383 = EDGE_CURVE('',#6384,#6386,#6388,.T.);
#6384 = VERTEX_POINT('',#6385);
#6385 = CARTESIAN_POINT('',(-0.725,0.78,6.5E-02));
#6386 = VERTEX_POINT('',#6387);
#6387 = CARTESIAN_POINT('',(-0.725,0.78,1.825));
#6388 = LINE('',#6389,#6390);
#6389 = CARTESIAN_POINT('',(-0.725,0.78,6.5E-02));
#6390 = VECTOR('',#6391,1.);
#6391 = DIRECTION('',(-0.,0.,1.));
#6392 = ORIENTED_EDGE('',*,*,#6393,.F.);
#6393 = EDGE_CURVE('',#6394,#6386,#6396,.T.);
#6394 = VERTEX_POINT('',#6395);
#6395 = CARTESIAN_POINT('',(-0.725,0.58,2.025));
#6396 = LINE('',#6397,#6398);
#6397 = CARTESIAN_POINT('',(-0.725,0.78,1.825));
#6398 = VECTOR('',#6399,1.);
#6399 = DIRECTION('',(0.,0.707106781187,-0.707106781187));
#6400 = ORIENTED_EDGE('',*,*,#6401,.T.);
#6401 = EDGE_CURVE('',#6394,#6402,#6404,.T.);
#6402 = VERTEX_POINT('',#6403);
#6403 = CARTESIAN_POINT('',(-0.725,0.55,2.025));
#6404 = LINE('',#6405,#6406);
#6405 = CARTESIAN_POINT('',(-0.725,0.,2.025));
#6406 = VECTOR('',#6407,1.);
#6407 = DIRECTION('',(0.,-1.,0.));
#6408 = ORIENTED_EDGE('',*,*,#6409,.T.);
#6409 = EDGE_CURVE('',#6402,#6410,#6412,.T.);
#6410 = VERTEX_POINT('',#6411);
#6411 = CARTESIAN_POINT('',(-0.725,0.55,6.5E-02));
#6412 = LINE('',#6413,#6414);
#6413 = CARTESIAN_POINT('',(-0.725,0.55,2.025));
#6414 = VECTOR('',#6415,1.);
#6415 = DIRECTION('',(0.,0.,-1.));
#6416 = ORIENTED_EDGE('',*,*,#6417,.F.);
#6417 = EDGE_CURVE('',#6384,#6410,#6418,.T.);
#6418 = LINE('',#6419,#6420);
#6419 = CARTESIAN_POINT('',(-0.725,0.,6.5E-02));
#6420 = VECTOR('',#6421,1.);
#6421 = DIRECTION('',(0.,-1.,0.));
#6422 = PLANE('',#6423);
#6423 = AXIS2_PLACEMENT_3D('',#6424,#6425,#6426);
#6424 = CARTESIAN_POINT('',(-0.725,0.,2.025));
#6425 = DIRECTION('',(1.,0.,0.));
#6426 = DIRECTION('',(0.,0.,-1.));
#6427 = ADVANCED_FACE('',(#6428),#6453,.T.);
#6428 = FACE_BOUND('',#6429,.T.);
#6429 = EDGE_LOOP('',(#6430,#6438,#6439,#6447));
#6430 = ORIENTED_EDGE('',*,*,#6431,.F.);
#6431 = EDGE_CURVE('',#6410,#6432,#6434,.T.);
#6432 = VERTEX_POINT('',#6433);
#6433 = CARTESIAN_POINT('',(-0.525,0.55,6.5E-02));
#6434 = LINE('',#6435,#6436);
#6435 = CARTESIAN_POINT('',(3.75,0.55,6.5E-02));
#6436 = VECTOR('',#6437,1.);
#6437 = DIRECTION('',(1.,0.,0.));
#6438 = ORIENTED_EDGE('',*,*,#6409,.F.);
#6439 = ORIENTED_EDGE('',*,*,#6440,.T.);
#6440 = EDGE_CURVE('',#6402,#6441,#6443,.T.);
#6441 = VERTEX_POINT('',#6442);
#6442 = CARTESIAN_POINT('',(-0.525,0.55,2.025));
#6443 = LINE('',#6444,#6445);
#6444 = CARTESIAN_POINT('',(3.75,0.55,2.025));
#6445 = VECTOR('',#6446,1.);
#6446 = DIRECTION('',(1.,0.,0.));
#6447 = ORIENTED_EDGE('',*,*,#6448,.T.);
#6448 = EDGE_CURVE('',#6441,#6432,#6449,.T.);
#6449 = LINE('',#6450,#6451);
#6450 = CARTESIAN_POINT('',(-0.525,0.55,2.025));
#6451 = VECTOR('',#6452,1.);
#6452 = DIRECTION('',(0.,0.,-1.));
#6453 = PLANE('',#6454);
#6454 = AXIS2_PLACEMENT_3D('',#6455,#6456,#6457);
#6455 = CARTESIAN_POINT('',(3.75,0.55,2.025));
#6456 = DIRECTION('',(-0.,1.,0.));
#6457 = DIRECTION('',(0.,0.,1.));
#6458 = ADVANCED_FACE('',(#6459),#6476,.F.);
#6459 = FACE_BOUND('',#6460,.T.);
#6460 = EDGE_LOOP('',(#6461,#6467,#6468,#6474,#6475));
#6461 = ORIENTED_EDGE('',*,*,#6462,.T.);
#6462 = EDGE_CURVE('',#4147,#6432,#6463,.T.);
#6463 = LINE('',#6464,#6465);
#6464 = CARTESIAN_POINT('',(-0.525,0.,6.5E-02));
#6465 = VECTOR('',#6466,1.);
#6466 = DIRECTION('',(0.,-1.,0.));
#6467 = ORIENTED_EDGE('',*,*,#6448,.F.);
#6468 = ORIENTED_EDGE('',*,*,#6469,.F.);
#6469 = EDGE_CURVE('',#4185,#6441,#6470,.T.);
#6470 = LINE('',#6471,#6472);
#6471 = CARTESIAN_POINT('',(-0.525,0.,2.025));
#6472 = VECTOR('',#6473,1.);
#6473 = DIRECTION('',(0.,-1.,0.));
#6474 = ORIENTED_EDGE('',*,*,#4201,.T.);
#6475 = ORIENTED_EDGE('',*,*,#4154,.F.);
#6476 = PLANE('',#6477);
#6477 = AXIS2_PLACEMENT_3D('',#6478,#6479,#6480);
#6478 = CARTESIAN_POINT('',(-0.525,0.,2.025));
#6479 = DIRECTION('',(1.,0.,0.));
#6480 = DIRECTION('',(0.,0.,-1.));
#6481 = ADVANCED_FACE('',(#6482),#6515,.T.);
#6482 = FACE_BOUND('',#6483,.T.);
#6483 = EDGE_LOOP('',(#6484,#6492,#6500,#6508,#6514));
#6484 = ORIENTED_EDGE('',*,*,#6485,.F.);
#6485 = EDGE_CURVE('',#6486,#4067,#6488,.T.);
#6486 = VERTEX_POINT('',#6487);
#6487 = CARTESIAN_POINT('',(-0.3125,2.055,2.025));
#6488 = LINE('',#6489,#6490);
#6489 = CARTESIAN_POINT('',(-0.3125,8.809142651445E-15,2.025));
#6490 = VECTOR('',#6491,1.);
#6491 = DIRECTION('',(2.168404344971E-15,1.,0.));
#6492 = ORIENTED_EDGE('',*,*,#6493,.T.);
#6493 = EDGE_CURVE('',#6486,#6494,#6496,.T.);
#6494 = VERTEX_POINT('',#6495);
#6495 = CARTESIAN_POINT('',(-0.3125,1.855,1.825));
#6496 = LINE('',#6497,#6498);
#6497 = CARTESIAN_POINT('',(-0.3125,4.75E-02,1.75E-02));
#6498 = VECTOR('',#6499,1.);
#6499 = DIRECTION('',(-1.533293416683E-15,-0.707106781187,
    -0.707106781187));
#6500 = ORIENTED_EDGE('',*,*,#6501,.F.);
#6501 = EDGE_CURVE('',#6502,#6494,#6504,.T.);
#6502 = VERTEX_POINT('',#6503);
#6503 = CARTESIAN_POINT('',(-0.3125,1.855,6.5E-02));
#6504 = LINE('',#6505,#6506);
#6505 = CARTESIAN_POINT('',(-0.3125,1.855,6.5E-02));
#6506 = VECTOR('',#6507,1.);
#6507 = DIRECTION('',(-0.,-0.,1.));
#6508 = ORIENTED_EDGE('',*,*,#6509,.T.);
#6509 = EDGE_CURVE('',#6502,#4065,#6510,.T.);
#6510 = LINE('',#6511,#6512);
#6511 = CARTESIAN_POINT('',(-0.3125,8.809142651445E-15,6.5E-02));
#6512 = VECTOR('',#6513,1.);
#6513 = DIRECTION('',(2.168404344971E-15,1.,0.));
#6514 = ORIENTED_EDGE('',*,*,#4064,.T.);
#6515 = PLANE('',#6516);
#6516 = AXIS2_PLACEMENT_3D('',#6517,#6518,#6519);
#6517 = CARTESIAN_POINT('',(-0.3125,8.809142651445E-15,6.5E-02));
#6518 = DIRECTION('',(1.,-2.168404344971E-15,0.));
#6519 = DIRECTION('',(2.168404344971E-15,1.,0.));
#6520 = ADVANCED_FACE('',(#6521),#6546,.T.);
#6521 = FACE_BOUND('',#6522,.T.);
#6522 = EDGE_LOOP('',(#6523,#6531,#6539,#6545));
#6523 = ORIENTED_EDGE('',*,*,#6524,.T.);
#6524 = EDGE_CURVE('',#6494,#6525,#6527,.T.);
#6525 = VERTEX_POINT('',#6526);
#6526 = CARTESIAN_POINT('',(-0.525,1.855,1.825));
#6527 = LINE('',#6528,#6529);
#6528 = CARTESIAN_POINT('',(3.75,1.855,1.825));
#6529 = VECTOR('',#6530,1.);
#6530 = DIRECTION('',(-1.,0.,0.));
#6531 = ORIENTED_EDGE('',*,*,#6532,.T.);
#6532 = EDGE_CURVE('',#6525,#6533,#6535,.T.);
#6533 = VERTEX_POINT('',#6534);
#6534 = CARTESIAN_POINT('',(-0.525,1.855,6.5E-02));
#6535 = LINE('',#6536,#6537);
#6536 = CARTESIAN_POINT('',(-0.525,1.855,6.5E-02));
#6537 = VECTOR('',#6538,1.);
#6538 = DIRECTION('',(0.,0.,-1.));
#6539 = ORIENTED_EDGE('',*,*,#6540,.T.);
#6540 = EDGE_CURVE('',#6533,#6502,#6541,.T.);
#6541 = LINE('',#6542,#6543);
#6542 = CARTESIAN_POINT('',(3.75,1.855,6.5E-02));
#6543 = VECTOR('',#6544,1.);
#6544 = DIRECTION('',(1.,0.,0.));
#6545 = ORIENTED_EDGE('',*,*,#6501,.T.);
#6546 = PLANE('',#6547);
#6547 = AXIS2_PLACEMENT_3D('',#6548,#6549,#6550);
#6548 = CARTESIAN_POINT('',(3.75,1.855,6.5E-02));
#6549 = DIRECTION('',(0.,-1.,0.));
#6550 = DIRECTION('',(0.,-0.,-1.));
#6551 = ADVANCED_FACE('',(#6552),#6608,.T.);
#6552 = FACE_BOUND('',#6553,.T.);
#6553 = EDGE_LOOP('',(#6554,#6564,#6572,#6578,#6579,#6587,#6595,#6601,
    #6602));
#6554 = ORIENTED_EDGE('',*,*,#6555,.F.);
#6555 = EDGE_CURVE('',#6556,#6558,#6560,.T.);
#6556 = VERTEX_POINT('',#6557);
#6557 = CARTESIAN_POINT('',(-0.525,2.085,2.025));
#6558 = VERTEX_POINT('',#6559);
#6559 = CARTESIAN_POINT('',(-0.525,2.055,2.025));
#6560 = LINE('',#6561,#6562);
#6561 = CARTESIAN_POINT('',(-0.525,0.,2.025));
#6562 = VECTOR('',#6563,1.);
#6563 = DIRECTION('',(0.,-1.,0.));
#6564 = ORIENTED_EDGE('',*,*,#6565,.F.);
#6565 = EDGE_CURVE('',#6566,#6556,#6568,.T.);
#6566 = VERTEX_POINT('',#6567);
#6567 = CARTESIAN_POINT('',(-0.525,2.085,-2.025));
#6568 = LINE('',#6569,#6570);
#6569 = CARTESIAN_POINT('',(-0.525,2.085,-2.025));
#6570 = VECTOR('',#6571,1.);
#6571 = DIRECTION('',(-0.,-0.,1.));
#6572 = ORIENTED_EDGE('',*,*,#6573,.T.);
#6573 = EDGE_CURVE('',#6566,#4105,#6574,.T.);
#6574 = LINE('',#6575,#6576);
#6575 = CARTESIAN_POINT('',(-0.525,0.,-2.025));
#6576 = VECTOR('',#6577,1.);
#6577 = DIRECTION('',(0.,-1.,0.));
#6578 = ORIENTED_EDGE('',*,*,#4130,.T.);
#6579 = ORIENTED_EDGE('',*,*,#6580,.F.);
#6580 = EDGE_CURVE('',#6581,#4123,#6583,.T.);
#6581 = VERTEX_POINT('',#6582);
#6582 = CARTESIAN_POINT('',(-0.525,1.63,-1.465));
#6583 = LINE('',#6584,#6585);
#6584 = CARTESIAN_POINT('',(-0.525,2.085,-1.465));
#6585 = VECTOR('',#6586,1.);
#6586 = DIRECTION('',(-0.,-1.,-0.));
#6587 = ORIENTED_EDGE('',*,*,#6588,.T.);
#6588 = EDGE_CURVE('',#6581,#6589,#6591,.T.);
#6589 = VERTEX_POINT('',#6590);
#6590 = CARTESIAN_POINT('',(-0.525,1.63,6.5E-02));
#6591 = LINE('',#6592,#6593);
#6592 = CARTESIAN_POINT('',(-0.525,1.63,-2.025));
#6593 = VECTOR('',#6594,1.);
#6594 = DIRECTION('',(-0.,-0.,1.));
#6595 = ORIENTED_EDGE('',*,*,#6596,.F.);
#6596 = EDGE_CURVE('',#6533,#6589,#6597,.T.);
#6597 = LINE('',#6598,#6599);
#6598 = CARTESIAN_POINT('',(-0.525,0.,6.5E-02));
#6599 = VECTOR('',#6600,1.);
#6600 = DIRECTION('',(0.,-1.,0.));
#6601 = ORIENTED_EDGE('',*,*,#6532,.F.);
#6602 = ORIENTED_EDGE('',*,*,#6603,.F.);
#6603 = EDGE_CURVE('',#6558,#6525,#6604,.T.);
#6604 = LINE('',#6605,#6606);
#6605 = CARTESIAN_POINT('',(-0.525,2.055,2.025));
#6606 = VECTOR('',#6607,1.);
#6607 = DIRECTION('',(-0.,-0.707106781187,-0.707106781187));
#6608 = PLANE('',#6609);
#6609 = AXIS2_PLACEMENT_3D('',#6610,#6611,#6612);
#6610 = CARTESIAN_POINT('',(-0.525,0.,-2.025));
#6611 = DIRECTION('',(-1.,0.,-0.));
#6612 = DIRECTION('',(0.,0.,1.));
#6613 = ADVANCED_FACE('',(#6614),#6639,.T.);
#6614 = FACE_BOUND('',#6615,.T.);
#6615 = EDGE_LOOP('',(#6616,#6624,#6632,#6638));
#6616 = ORIENTED_EDGE('',*,*,#6617,.F.);
#6617 = EDGE_CURVE('',#6618,#6581,#6620,.T.);
#6618 = VERTEX_POINT('',#6619);
#6619 = CARTESIAN_POINT('',(-0.725,1.63,-1.465));
#6620 = LINE('',#6621,#6622);
#6621 = CARTESIAN_POINT('',(3.75,1.63,-1.465));
#6622 = VECTOR('',#6623,1.);
#6623 = DIRECTION('',(1.,1.136281752823E-16,-0.));
#6624 = ORIENTED_EDGE('',*,*,#6625,.T.);
#6625 = EDGE_CURVE('',#6618,#6626,#6628,.T.);
#6626 = VERTEX_POINT('',#6627);
#6627 = CARTESIAN_POINT('',(-0.725,1.63,6.5E-02));
#6628 = LINE('',#6629,#6630);
#6629 = CARTESIAN_POINT('',(-0.725,1.63,-2.025));
#6630 = VECTOR('',#6631,1.);
#6631 = DIRECTION('',(-0.,-0.,1.));
#6632 = ORIENTED_EDGE('',*,*,#6633,.F.);
#6633 = EDGE_CURVE('',#6589,#6626,#6634,.T.);
#6634 = LINE('',#6635,#6636);
#6635 = CARTESIAN_POINT('',(3.75,1.63,6.5E-02));
#6636 = VECTOR('',#6637,1.);
#6637 = DIRECTION('',(-1.,-1.136281752823E-16,0.));
#6638 = ORIENTED_EDGE('',*,*,#6588,.F.);
#6639 = PLANE('',#6640);
#6640 = AXIS2_PLACEMENT_3D('',#6641,#6642,#6643);
#6641 = CARTESIAN_POINT('',(3.75,1.63,-2.025));
#6642 = DIRECTION('',(-1.136281752823E-16,1.,0.));
#6643 = DIRECTION('',(-1.,-1.136281752823E-16,0.));
#6644 = ADVANCED_FACE('',(#6645),#6710,.F.);
#6645 = FACE_BOUND('',#6646,.T.);
#6646 = EDGE_LOOP('',(#6647,#6648,#6656,#6664,#6672,#6680,#6688,#6696,
    #6704));
#6647 = ORIENTED_EDGE('',*,*,#6625,.F.);
#6648 = ORIENTED_EDGE('',*,*,#6649,.T.);
#6649 = EDGE_CURVE('',#6618,#6650,#6652,.T.);
#6650 = VERTEX_POINT('',#6651);
#6651 = CARTESIAN_POINT('',(-0.725,1.03,-1.465));
#6652 = LINE('',#6653,#6654);
#6653 = CARTESIAN_POINT('',(-0.725,2.085,-1.465));
#6654 = VECTOR('',#6655,1.);
#6655 = DIRECTION('',(-0.,-1.,-0.));
#6656 = ORIENTED_EDGE('',*,*,#6657,.T.);
#6657 = EDGE_CURVE('',#6650,#6658,#6660,.T.);
#6658 = VERTEX_POINT('',#6659);
#6659 = CARTESIAN_POINT('',(-0.725,1.03,-2.025));
#6660 = LINE('',#6661,#6662);
#6661 = CARTESIAN_POINT('',(-0.725,1.03,-2.025));
#6662 = VECTOR('',#6663,1.);
#6663 = DIRECTION('',(-0.,-0.,-1.));
#6664 = ORIENTED_EDGE('',*,*,#6665,.F.);
#6665 = EDGE_CURVE('',#6666,#6658,#6668,.T.);
#6666 = VERTEX_POINT('',#6667);
#6667 = CARTESIAN_POINT('',(-0.725,2.085,-2.025));
#6668 = LINE('',#6669,#6670);
#6669 = CARTESIAN_POINT('',(-0.725,0.,-2.025));
#6670 = VECTOR('',#6671,1.);
#6671 = DIRECTION('',(0.,-1.,0.));
#6672 = ORIENTED_EDGE('',*,*,#6673,.T.);
#6673 = EDGE_CURVE('',#6666,#6674,#6676,.T.);
#6674 = VERTEX_POINT('',#6675);
#6675 = CARTESIAN_POINT('',(-0.725,2.085,2.025));
#6676 = LINE('',#6677,#6678);
#6677 = CARTESIAN_POINT('',(-0.725,2.085,-2.025));
#6678 = VECTOR('',#6679,1.);
#6679 = DIRECTION('',(-0.,-0.,1.));
#6680 = ORIENTED_EDGE('',*,*,#6681,.T.);
#6681 = EDGE_CURVE('',#6674,#6682,#6684,.T.);
#6682 = VERTEX_POINT('',#6683);
#6683 = CARTESIAN_POINT('',(-0.725,2.055,2.025));
#6684 = LINE('',#6685,#6686);
#6685 = CARTESIAN_POINT('',(-0.725,0.,2.025));
#6686 = VECTOR('',#6687,1.);
#6687 = DIRECTION('',(0.,-1.,0.));
#6688 = ORIENTED_EDGE('',*,*,#6689,.T.);
#6689 = EDGE_CURVE('',#6682,#6690,#6692,.T.);
#6690 = VERTEX_POINT('',#6691);
#6691 = CARTESIAN_POINT('',(-0.725,1.855,1.825));
#6692 = LINE('',#6693,#6694);
#6693 = CARTESIAN_POINT('',(-0.725,2.055,2.025));
#6694 = VECTOR('',#6695,1.);
#6695 = DIRECTION('',(-0.,-0.707106781187,-0.707106781187));
#6696 = ORIENTED_EDGE('',*,*,#6697,.T.);
#6697 = EDGE_CURVE('',#6690,#6698,#6700,.T.);
#6698 = VERTEX_POINT('',#6699);
#6699 = CARTESIAN_POINT('',(-0.725,1.855,6.5E-02));
#6700 = LINE('',#6701,#6702);
#6701 = CARTESIAN_POINT('',(-0.725,1.855,6.5E-02));
#6702 = VECTOR('',#6703,1.);
#6703 = DIRECTION('',(0.,0.,-1.));
#6704 = ORIENTED_EDGE('',*,*,#6705,.T.);
#6705 = EDGE_CURVE('',#6698,#6626,#6706,.T.);
#6706 = LINE('',#6707,#6708);
#6707 = CARTESIAN_POINT('',(-0.725,0.,6.5E-02));
#6708 = VECTOR('',#6709,1.);
#6709 = DIRECTION('',(0.,-1.,0.));
#6710 = PLANE('',#6711);
#6711 = AXIS2_PLACEMENT_3D('',#6712,#6713,#6714);
#6712 = CARTESIAN_POINT('',(-0.725,0.,-2.025));
#6713 = DIRECTION('',(-1.,0.,-0.));
#6714 = DIRECTION('',(0.,0.,1.));
#6715 = ADVANCED_FACE('',(#6716),#6741,.T.);
#6716 = FACE_BOUND('',#6717,.T.);
#6717 = EDGE_LOOP('',(#6718,#6719,#6727,#6735));
#6718 = ORIENTED_EDGE('',*,*,#6697,.F.);
#6719 = ORIENTED_EDGE('',*,*,#6720,.T.);
#6720 = EDGE_CURVE('',#6690,#6721,#6723,.T.);
#6721 = VERTEX_POINT('',#6722);
#6722 = CARTESIAN_POINT('',(-0.9375,1.855,1.825));
#6723 = LINE('',#6724,#6725);
#6724 = CARTESIAN_POINT('',(3.75,1.855,1.825));
#6725 = VECTOR('',#6726,1.);
#6726 = DIRECTION('',(-1.,0.,0.));
#6727 = ORIENTED_EDGE('',*,*,#6728,.F.);
#6728 = EDGE_CURVE('',#6729,#6721,#6731,.T.);
#6729 = VERTEX_POINT('',#6730);
#6730 = CARTESIAN_POINT('',(-0.9375,1.855,6.5E-02));
#6731 = LINE('',#6732,#6733);
#6732 = CARTESIAN_POINT('',(-0.9375,1.855,6.5E-02));
#6733 = VECTOR('',#6734,1.);
#6734 = DIRECTION('',(-0.,-0.,1.));
#6735 = ORIENTED_EDGE('',*,*,#6736,.T.);
#6736 = EDGE_CURVE('',#6729,#6698,#6737,.T.);
#6737 = LINE('',#6738,#6739);
#6738 = CARTESIAN_POINT('',(3.75,1.855,6.5E-02));
#6739 = VECTOR('',#6740,1.);
#6740 = DIRECTION('',(1.,0.,0.));
#6741 = PLANE('',#6742);
#6742 = AXIS2_PLACEMENT_3D('',#6743,#6744,#6745);
#6743 = CARTESIAN_POINT('',(3.75,1.855,6.5E-02));
#6744 = DIRECTION('',(0.,-1.,0.));
#6745 = DIRECTION('',(0.,-0.,-1.));
#6746 = ADVANCED_FACE('',(#6747),#6780,.T.);
#6747 = FACE_BOUND('',#6748,.T.);
#6748 = EDGE_LOOP('',(#6749,#6750,#6758,#6766,#6774));
#6749 = ORIENTED_EDGE('',*,*,#6728,.T.);
#6750 = ORIENTED_EDGE('',*,*,#6751,.T.);
#6751 = EDGE_CURVE('',#6721,#6752,#6754,.T.);
#6752 = VERTEX_POINT('',#6753);
#6753 = CARTESIAN_POINT('',(-0.9375,2.055,2.025));
#6754 = LINE('',#6755,#6756);
#6755 = CARTESIAN_POINT('',(-0.9375,4.75E-02,1.75E-02));
#6756 = VECTOR('',#6757,1.);
#6757 = DIRECTION('',(-0.,0.707106781187,0.707106781187));
#6758 = ORIENTED_EDGE('',*,*,#6759,.F.);
#6759 = EDGE_CURVE('',#6760,#6752,#6762,.T.);
#6760 = VERTEX_POINT('',#6761);
#6761 = CARTESIAN_POINT('',(-0.9375,2.255,2.025));
#6762 = LINE('',#6763,#6764);
#6763 = CARTESIAN_POINT('',(-0.9375,0.,2.025));
#6764 = VECTOR('',#6765,1.);
#6765 = DIRECTION('',(0.,-1.,0.));
#6766 = ORIENTED_EDGE('',*,*,#6767,.F.);
#6767 = EDGE_CURVE('',#6768,#6760,#6770,.T.);
#6768 = VERTEX_POINT('',#6769);
#6769 = CARTESIAN_POINT('',(-0.9375,2.255,6.5E-02));
#6770 = LINE('',#6771,#6772);
#6771 = CARTESIAN_POINT('',(-0.9375,2.255,6.5E-02));
#6772 = VECTOR('',#6773,1.);
#6773 = DIRECTION('',(-0.,-0.,1.));
#6774 = ORIENTED_EDGE('',*,*,#6775,.T.);
#6775 = EDGE_CURVE('',#6768,#6729,#6776,.T.);
#6776 = LINE('',#6777,#6778);
#6777 = CARTESIAN_POINT('',(-0.9375,0.,6.5E-02));
#6778 = VECTOR('',#6779,1.);
#6779 = DIRECTION('',(0.,-1.,0.));
#6780 = PLANE('',#6781);
#6781 = AXIS2_PLACEMENT_3D('',#6782,#6783,#6784);
#6782 = CARTESIAN_POINT('',(-0.9375,0.,6.5E-02));
#6783 = DIRECTION('',(-1.,0.,-0.));
#6784 = DIRECTION('',(0.,0.,1.));
#6785 = ADVANCED_FACE('',(#6786),#6797,.F.);
#6786 = FACE_BOUND('',#6787,.T.);
#6787 = EDGE_LOOP('',(#6788,#6789,#6795,#6796));
#6788 = ORIENTED_EDGE('',*,*,#6689,.F.);
#6789 = ORIENTED_EDGE('',*,*,#6790,.F.);
#6790 = EDGE_CURVE('',#6752,#6682,#6791,.T.);
#6791 = LINE('',#6792,#6793);
#6792 = CARTESIAN_POINT('',(11.625,2.055,2.025));
#6793 = VECTOR('',#6794,1.);
#6794 = DIRECTION('',(1.,0.,0.));
#6795 = ORIENTED_EDGE('',*,*,#6751,.F.);
#6796 = ORIENTED_EDGE('',*,*,#6720,.F.);
#6797 = PLANE('',#6798);
#6798 = AXIS2_PLACEMENT_3D('',#6799,#6800,#6801);
#6799 = CARTESIAN_POINT('',(11.625,2.055,2.025));
#6800 = DIRECTION('',(-0.,0.707106781187,-0.707106781187));
#6801 = DIRECTION('',(1.,0.,-0.));
#6802 = ADVANCED_FACE('',(#6803),#6819,.T.);
#6803 = FACE_BOUND('',#6804,.T.);
#6804 = EDGE_LOOP('',(#6805,#6811,#6812,#6818));
#6805 = ORIENTED_EDGE('',*,*,#6806,.F.);
#6806 = EDGE_CURVE('',#6674,#6556,#6807,.T.);
#6807 = LINE('',#6808,#6809);
#6808 = CARTESIAN_POINT('',(3.75,2.085,2.025));
#6809 = VECTOR('',#6810,1.);
#6810 = DIRECTION('',(1.,0.,0.));
#6811 = ORIENTED_EDGE('',*,*,#6673,.F.);
#6812 = ORIENTED_EDGE('',*,*,#6813,.T.);
#6813 = EDGE_CURVE('',#6666,#6566,#6814,.T.);
#6814 = LINE('',#6815,#6816);
#6815 = CARTESIAN_POINT('',(3.75,2.085,-2.025));
#6816 = VECTOR('',#6817,1.);
#6817 = DIRECTION('',(1.,0.,0.));
#6818 = ORIENTED_EDGE('',*,*,#6565,.T.);
#6819 = PLANE('',#6820);
#6820 = AXIS2_PLACEMENT_3D('',#6821,#6822,#6823);
#6821 = CARTESIAN_POINT('',(3.75,2.085,-2.025));
#6822 = DIRECTION('',(0.,-1.,0.));
#6823 = DIRECTION('',(0.,-0.,-1.));
#6824 = ADVANCED_FACE('',(#6825),#6836,.F.);
#6825 = FACE_BOUND('',#6826,.T.);
#6826 = EDGE_LOOP('',(#6827,#6833,#6834,#6835));
#6827 = ORIENTED_EDGE('',*,*,#6828,.F.);
#6828 = EDGE_CURVE('',#6558,#6486,#6829,.T.);
#6829 = LINE('',#6830,#6831);
#6830 = CARTESIAN_POINT('',(11.625,2.055,2.025));
#6831 = VECTOR('',#6832,1.);
#6832 = DIRECTION('',(1.,0.,0.));
#6833 = ORIENTED_EDGE('',*,*,#6603,.T.);
#6834 = ORIENTED_EDGE('',*,*,#6524,.F.);
#6835 = ORIENTED_EDGE('',*,*,#6493,.F.);
#6836 = PLANE('',#6837);
#6837 = AXIS2_PLACEMENT_3D('',#6838,#6839,#6840);
#6838 = CARTESIAN_POINT('',(11.625,2.055,2.025));
#6839 = DIRECTION('',(-0.,0.707106781187,-0.707106781187));
#6840 = DIRECTION('',(1.,0.,-0.));
#6841 = ADVANCED_FACE('',(#6842),#6876,.T.);
#6842 = FACE_BOUND('',#6843,.T.);
#6843 = EDGE_LOOP('',(#6844,#6854,#6862,#6870));
#6844 = ORIENTED_EDGE('',*,*,#6845,.F.);
#6845 = EDGE_CURVE('',#6846,#6848,#6850,.T.);
#6846 = VERTEX_POINT('',#6847);
#6847 = CARTESIAN_POINT('',(-7.725,1.71,1.325));
#6848 = VERTEX_POINT('',#6849);
#6849 = CARTESIAN_POINT('',(-7.725,1.76,1.275));
#6850 = LINE('',#6851,#6852);
#6851 = CARTESIAN_POINT('',(-7.725,1.76,1.275));
#6852 = VECTOR('',#6853,1.);
#6853 = DIRECTION('',(-1.226634733347E-15,0.707106781187,-0.707106781187
    ));
#6854 = ORIENTED_EDGE('',*,*,#6855,.T.);
#6855 = EDGE_CURVE('',#6846,#6856,#6858,.T.);
#6856 = VERTEX_POINT('',#6857);
#6857 = CARTESIAN_POINT('',(-7.605,1.71,1.325));
#6858 = LINE('',#6859,#6860);
#6859 = CARTESIAN_POINT('',(-7.605,1.71,1.325));
#6860 = VECTOR('',#6861,1.);
#6861 = DIRECTION('',(1.,-0.,-0.));
#6862 = ORIENTED_EDGE('',*,*,#6863,.F.);
#6863 = EDGE_CURVE('',#6864,#6856,#6866,.T.);
#6864 = VERTEX_POINT('',#6865);
#6865 = CARTESIAN_POINT('',(-7.605,1.76,1.275));
#6866 = LINE('',#6867,#6868);
#6867 = CARTESIAN_POINT('',(-7.605,1.485,1.55));
#6868 = VECTOR('',#6869,1.);
#6869 = DIRECTION('',(-0.,-0.707106781187,0.707106781187));
#6870 = ORIENTED_EDGE('',*,*,#6871,.F.);
#6871 = EDGE_CURVE('',#6848,#6864,#6872,.T.);
#6872 = LINE('',#6873,#6874);
#6873 = CARTESIAN_POINT('',(-7.605,1.76,1.275));
#6874 = VECTOR('',#6875,1.);
#6875 = DIRECTION('',(1.,0.,0.));
#6876 = PLANE('',#6877);
#6877 = AXIS2_PLACEMENT_3D('',#6878,#6879,#6880);
#6878 = CARTESIAN_POINT('',(0.,1.76,1.275));
#6879 = DIRECTION('',(0.,0.707106781187,0.707106781187));
#6880 = DIRECTION('',(-1.,0.,0.));
#6881 = ADVANCED_FACE('',(#6882),#6916,.F.);
#6882 = FACE_BOUND('',#6883,.T.);
#6883 = EDGE_LOOP('',(#6884,#6894,#6902,#6910));
#6884 = ORIENTED_EDGE('',*,*,#6885,.T.);
#6885 = EDGE_CURVE('',#6886,#6888,#6890,.T.);
#6886 = VERTEX_POINT('',#6887);
#6887 = CARTESIAN_POINT('',(-7.725,0.78,-0.325));
#6888 = VERTEX_POINT('',#6889);
#6889 = CARTESIAN_POINT('',(-7.725,0.53,-0.325));
#6890 = LINE('',#6891,#6892);
#6891 = CARTESIAN_POINT('',(-7.725,0.78,-0.325));
#6892 = VECTOR('',#6893,1.);
#6893 = DIRECTION('',(0.,-1.,0.));
#6894 = ORIENTED_EDGE('',*,*,#6895,.T.);
#6895 = EDGE_CURVE('',#6888,#6896,#6898,.T.);
#6896 = VERTEX_POINT('',#6897);
#6897 = CARTESIAN_POINT('',(-7.605,0.53,-0.325));
#6898 = LINE('',#6899,#6900);
#6899 = CARTESIAN_POINT('',(-7.605,0.53,-0.325));
#6900 = VECTOR('',#6901,1.);
#6901 = DIRECTION('',(1.,0.,0.));
#6902 = ORIENTED_EDGE('',*,*,#6903,.T.);
#6903 = EDGE_CURVE('',#6896,#6904,#6906,.T.);
#6904 = VERTEX_POINT('',#6905);
#6905 = CARTESIAN_POINT('',(-7.605,0.78,-0.325));
#6906 = LINE('',#6907,#6908);
#6907 = CARTESIAN_POINT('',(-7.605,0.78,-0.325));
#6908 = VECTOR('',#6909,1.);
#6909 = DIRECTION('',(-0.,1.,-0.));
#6910 = ORIENTED_EDGE('',*,*,#6911,.T.);
#6911 = EDGE_CURVE('',#6904,#6886,#6912,.T.);
#6912 = LINE('',#6913,#6914);
#6913 = CARTESIAN_POINT('',(-7.605,0.78,-0.325));
#6914 = VECTOR('',#6915,1.);
#6915 = DIRECTION('',(-1.,-9.035018104046E-16,0.));
#6916 = PLANE('',#6917);
#6917 = AXIS2_PLACEMENT_3D('',#6918,#6919,#6920);
#6918 = CARTESIAN_POINT('',(0.,0.,-0.325));
#6919 = DIRECTION('',(-0.,0.,-1.));
#6920 = DIRECTION('',(-1.,0.,0.));
#6921 = ADVANCED_FACE('',(#6922),#6956,.F.);
#6922 = FACE_BOUND('',#6923,.T.);
#6923 = EDGE_LOOP('',(#6924,#6934,#6942,#6950));
#6924 = ORIENTED_EDGE('',*,*,#6925,.F.);
#6925 = EDGE_CURVE('',#6926,#6928,#6930,.T.);
#6926 = VERTEX_POINT('',#6927);
#6927 = CARTESIAN_POINT('',(-7.375,3.5,6.5E-02));
#6928 = VERTEX_POINT('',#6929);
#6929 = CARTESIAN_POINT('',(-7.375,3.965,6.5E-02));
#6930 = LINE('',#6931,#6932);
#6931 = CARTESIAN_POINT('',(-7.375,0.,6.5E-02));
#6932 = VECTOR('',#6933,1.);
#6933 = DIRECTION('',(0.,1.,0.));
#6934 = ORIENTED_EDGE('',*,*,#6935,.F.);
#6935 = EDGE_CURVE('',#6936,#6926,#6938,.T.);
#6936 = VERTEX_POINT('',#6937);
#6937 = CARTESIAN_POINT('',(-7.5,3.5,6.5E-02));
#6938 = LINE('',#6939,#6940);
#6939 = CARTESIAN_POINT('',(-7.375,3.5,6.5E-02));
#6940 = VECTOR('',#6941,1.);
#6941 = DIRECTION('',(1.,0.,0.));
#6942 = ORIENTED_EDGE('',*,*,#6943,.F.);
#6943 = EDGE_CURVE('',#6944,#6936,#6946,.T.);
#6944 = VERTEX_POINT('',#6945);
#6945 = CARTESIAN_POINT('',(-7.5,3.965,6.5E-02));
#6946 = LINE('',#6947,#6948);
#6947 = CARTESIAN_POINT('',(-7.5,3.965,6.5E-02));
#6948 = VECTOR('',#6949,1.);
#6949 = DIRECTION('',(-0.,-1.,-0.));
#6950 = ORIENTED_EDGE('',*,*,#6951,.F.);
#6951 = EDGE_CURVE('',#6928,#6944,#6952,.T.);
#6952 = LINE('',#6953,#6954);
#6953 = CARTESIAN_POINT('',(-7.5,3.965,6.5E-02));
#6954 = VECTOR('',#6955,1.);
#6955 = DIRECTION('',(-1.,-0.,-0.));
#6956 = PLANE('',#6957);
#6957 = AXIS2_PLACEMENT_3D('',#6958,#6959,#6960);
#6958 = CARTESIAN_POINT('',(-7.5,3.965,6.5E-02));
#6959 = DIRECTION('',(0.,0.,1.));
#6960 = DIRECTION('',(1.,0.,-0.));
#6961 = ADVANCED_FACE('',(#6962),#6987,.F.);
#6962 = FACE_BOUND('',#6963,.T.);
#6963 = EDGE_LOOP('',(#6964,#6972,#6973,#6981));
#6964 = ORIENTED_EDGE('',*,*,#6965,.T.);
#6965 = EDGE_CURVE('',#6966,#6848,#6968,.T.);
#6966 = VERTEX_POINT('',#6967);
#6967 = CARTESIAN_POINT('',(-7.725,2.21,1.275));
#6968 = LINE('',#6969,#6970);
#6969 = CARTESIAN_POINT('',(-7.725,2.21,1.275));
#6970 = VECTOR('',#6971,1.);
#6971 = DIRECTION('',(1.734723475977E-15,-1.,0.));
#6972 = ORIENTED_EDGE('',*,*,#6871,.T.);
#6973 = ORIENTED_EDGE('',*,*,#6974,.T.);
#6974 = EDGE_CURVE('',#6864,#6975,#6977,.T.);
#6975 = VERTEX_POINT('',#6976);
#6976 = CARTESIAN_POINT('',(-7.605,2.21,1.275));
#6977 = LINE('',#6978,#6979);
#6978 = CARTESIAN_POINT('',(-7.605,2.21,1.275));
#6979 = VECTOR('',#6980,1.);
#6980 = DIRECTION('',(-0.,1.,-0.));
#6981 = ORIENTED_EDGE('',*,*,#6982,.T.);
#6982 = EDGE_CURVE('',#6975,#6966,#6983,.T.);
#6983 = LINE('',#6984,#6985);
#6984 = CARTESIAN_POINT('',(-7.605,2.21,1.275));
#6985 = VECTOR('',#6986,1.);
#6986 = DIRECTION('',(-1.,0.,0.));
#6987 = PLANE('',#6988);
#6988 = AXIS2_PLACEMENT_3D('',#6989,#6990,#6991);
#6989 = CARTESIAN_POINT('',(0.,0.,1.275));
#6990 = DIRECTION('',(-0.,0.,-1.));
#6991 = DIRECTION('',(-1.,0.,0.));
#6992 = ADVANCED_FACE('',(#6993),#7011,.F.);
#6993 = FACE_BOUND('',#6994,.T.);
#6994 = EDGE_LOOP('',(#6995,#7003,#7004,#7005));
#6995 = ORIENTED_EDGE('',*,*,#6996,.T.);
#6996 = EDGE_CURVE('',#6997,#6846,#6999,.T.);
#6997 = VERTEX_POINT('',#6998);
#6998 = CARTESIAN_POINT('',(-7.725,2.21,1.325));
#6999 = LINE('',#7000,#7001);
#7000 = CARTESIAN_POINT('',(-7.725,2.21,1.325));
#7001 = VECTOR('',#7002,1.);
#7002 = DIRECTION('',(1.734723475977E-15,-1.,0.));
#7003 = ORIENTED_EDGE('',*,*,#6845,.T.);
#7004 = ORIENTED_EDGE('',*,*,#6965,.F.);
#7005 = ORIENTED_EDGE('',*,*,#7006,.T.);
#7006 = EDGE_CURVE('',#6966,#6997,#7007,.T.);
#7007 = LINE('',#7008,#7009);
#7008 = CARTESIAN_POINT('',(-7.725,2.21,1.275));
#7009 = VECTOR('',#7010,1.);
#7010 = DIRECTION('',(-0.,-0.,1.));
#7011 = PLANE('',#7012);
#7012 = AXIS2_PLACEMENT_3D('',#7013,#7014,#7015);
#7013 = CARTESIAN_POINT('',(-7.725,2.21,1.275));
#7014 = DIRECTION('',(-1.,-1.734723475977E-15,0.));
#7015 = DIRECTION('',(1.734723475977E-15,-1.,0.));
#7016 = ADVANCED_FACE('',(#7017),#7051,.T.);
#7017 = FACE_BOUND('',#7018,.T.);
#7018 = EDGE_LOOP('',(#7019,#7029,#7037,#7045));
#7019 = ORIENTED_EDGE('',*,*,#7020,.F.);
#7020 = EDGE_CURVE('',#7021,#7023,#7025,.T.);
#7021 = VERTEX_POINT('',#7022);
#7022 = CARTESIAN_POINT('',(-6.925,3.965,6.5E-02));
#7023 = VERTEX_POINT('',#7024);
#7024 = CARTESIAN_POINT('',(-6.35,3.965,6.5E-02));
#7025 = LINE('',#7026,#7027);
#7026 = CARTESIAN_POINT('',(0.,3.965,6.5E-02));
#7027 = VECTOR('',#7028,1.);
#7028 = DIRECTION('',(1.,0.,0.));
#7029 = ORIENTED_EDGE('',*,*,#7030,.T.);
#7030 = EDGE_CURVE('',#7021,#7031,#7033,.T.);
#7031 = VERTEX_POINT('',#7032);
#7032 = CARTESIAN_POINT('',(-6.925,3.325,6.5E-02));
#7033 = LINE('',#7034,#7035);
#7034 = CARTESIAN_POINT('',(-6.925,3.965,6.5E-02));
#7035 = VECTOR('',#7036,1.);
#7036 = DIRECTION('',(-0.,-1.,-0.));
#7037 = ORIENTED_EDGE('',*,*,#7038,.T.);
#7038 = EDGE_CURVE('',#7031,#7039,#7041,.T.);
#7039 = VERTEX_POINT('',#7040);
#7040 = CARTESIAN_POINT('',(-6.35,3.325,6.5E-02));
#7041 = LINE('',#7042,#7043);
#7042 = CARTESIAN_POINT('',(0.,3.325,6.5E-02));
#7043 = VECTOR('',#7044,1.);
#7044 = DIRECTION('',(1.,0.,0.));
#7045 = ORIENTED_EDGE('',*,*,#7046,.F.);
#7046 = EDGE_CURVE('',#7023,#7039,#7047,.T.);
#7047 = LINE('',#7048,#7049);
#7048 = CARTESIAN_POINT('',(-6.35,0.,6.5E-02));
#7049 = VECTOR('',#7050,1.);
#7050 = DIRECTION('',(0.,-1.,0.));
#7051 = PLANE('',#7052);
#7052 = AXIS2_PLACEMENT_3D('',#7053,#7054,#7055);
#7053 = CARTESIAN_POINT('',(0.,0.,6.5E-02));
#7054 = DIRECTION('',(-0.,0.,1.));
#7055 = DIRECTION('',(1.,0.,0.));
#7056 = ADVANCED_FACE('',(#7057),#7082,.F.);
#7057 = FACE_BOUND('',#7058,.T.);
#7058 = EDGE_LOOP('',(#7059,#7067,#7068,#7076));
#7059 = ORIENTED_EDGE('',*,*,#7060,.T.);
#7060 = EDGE_CURVE('',#7061,#7031,#7063,.T.);
#7061 = VERTEX_POINT('',#7062);
#7062 = CARTESIAN_POINT('',(-7.5,3.325,0.64));
#7063 = LINE('',#7064,#7065);
#7064 = CARTESIAN_POINT('',(-6.925,3.325,6.5E-02));
#7065 = VECTOR('',#7066,1.);
#7066 = DIRECTION('',(0.707106781187,-0.,-0.707106781187));
#7067 = ORIENTED_EDGE('',*,*,#7030,.F.);
#7068 = ORIENTED_EDGE('',*,*,#7069,.F.);
#7069 = EDGE_CURVE('',#7070,#7021,#7072,.T.);
#7070 = VERTEX_POINT('',#7071);
#7071 = CARTESIAN_POINT('',(-7.5,3.965,0.64));
#7072 = LINE('',#7073,#7074);
#7073 = CARTESIAN_POINT('',(-6.925,3.965,6.5E-02));
#7074 = VECTOR('',#7075,1.);
#7075 = DIRECTION('',(0.707106781187,-0.,-0.707106781187));
#7076 = ORIENTED_EDGE('',*,*,#7077,.T.);
#7077 = EDGE_CURVE('',#7070,#7061,#7078,.T.);
#7078 = LINE('',#7079,#7080);
#7079 = CARTESIAN_POINT('',(-7.5,3.965,0.64));
#7080 = VECTOR('',#7081,1.);
#7081 = DIRECTION('',(-0.,-1.,-0.));
#7082 = PLANE('',#7083);
#7083 = AXIS2_PLACEMENT_3D('',#7084,#7085,#7086);
#7084 = CARTESIAN_POINT('',(-6.925,3.965,6.5E-02));
#7085 = DIRECTION('',(-0.707106781187,0.,-0.707106781187));
#7086 = DIRECTION('',(-0.707106781187,0.,0.707106781187));
#7087 = ADVANCED_FACE('',(#7088),#7122,.T.);
#7088 = FACE_BOUND('',#7089,.T.);
#7089 = EDGE_LOOP('',(#7090,#7100,#7108,#7116));
#7090 = ORIENTED_EDGE('',*,*,#7091,.T.);
#7091 = EDGE_CURVE('',#7092,#7094,#7096,.T.);
#7092 = VERTEX_POINT('',#7093);
#7093 = CARTESIAN_POINT('',(-6.44,3.82,-1.225));
#7094 = VERTEX_POINT('',#7095);
#7095 = CARTESIAN_POINT('',(-6.44,3.24,-1.225));
#7096 = LINE('',#7097,#7098);
#7097 = CARTESIAN_POINT('',(-6.44,3.82,-1.225));
#7098 = VECTOR('',#7099,1.);
#7099 = DIRECTION('',(0.,-1.,0.));
#7100 = ORIENTED_EDGE('',*,*,#7101,.T.);
#7101 = EDGE_CURVE('',#7094,#7102,#7104,.T.);
#7102 = VERTEX_POINT('',#7103);
#7103 = CARTESIAN_POINT('',(-6.8,3.24,-1.225));
#7104 = LINE('',#7105,#7106);
#7105 = CARTESIAN_POINT('',(-6.44,3.24,-1.225));
#7106 = VECTOR('',#7107,1.);
#7107 = DIRECTION('',(-1.,-1.204669080539E-15,0.));
#7108 = ORIENTED_EDGE('',*,*,#7109,.T.);
#7109 = EDGE_CURVE('',#7102,#7110,#7112,.T.);
#7110 = VERTEX_POINT('',#7111);
#7111 = CARTESIAN_POINT('',(-6.8,3.82,-1.225));
#7112 = LINE('',#7113,#7114);
#7113 = CARTESIAN_POINT('',(-6.8,3.82,-1.225));
#7114 = VECTOR('',#7115,1.);
#7115 = DIRECTION('',(-1.495451272394E-15,1.,-0.));
#7116 = ORIENTED_EDGE('',*,*,#7117,.T.);
#7117 = EDGE_CURVE('',#7110,#7092,#7118,.T.);
#7118 = LINE('',#7119,#7120);
#7119 = CARTESIAN_POINT('',(-6.44,3.82,-1.225));
#7120 = VECTOR('',#7121,1.);
#7121 = DIRECTION('',(1.,-0.,-0.));
#7122 = PLANE('',#7123);
#7123 = AXIS2_PLACEMENT_3D('',#7124,#7125,#7126);
#7124 = CARTESIAN_POINT('',(0.,0.,-1.225));
#7125 = DIRECTION('',(0.,0.,-1.));
#7126 = DIRECTION('',(-1.,0.,-0.));
#7127 = ADVANCED_FACE('',(#7128),#7153,.T.);
#7128 = FACE_BOUND('',#7129,.T.);
#7129 = EDGE_LOOP('',(#7130,#7140,#7146,#7147));
#7130 = ORIENTED_EDGE('',*,*,#7131,.F.);
#7131 = EDGE_CURVE('',#7132,#7134,#7136,.T.);
#7132 = VERTEX_POINT('',#7133);
#7133 = CARTESIAN_POINT('',(-7.375,3.965,9.5E-02));
#7134 = VERTEX_POINT('',#7135);
#7135 = CARTESIAN_POINT('',(-7.5,3.965,9.5E-02));
#7136 = LINE('',#7137,#7138);
#7137 = CARTESIAN_POINT('',(-7.015,3.965,9.5E-02));
#7138 = VECTOR('',#7139,1.);
#7139 = DIRECTION('',(-1.,0.,0.));
#7140 = ORIENTED_EDGE('',*,*,#7141,.F.);
#7141 = EDGE_CURVE('',#6928,#7132,#7142,.T.);
#7142 = LINE('',#7143,#7144);
#7143 = CARTESIAN_POINT('',(-7.375,3.965,0.));
#7144 = VECTOR('',#7145,1.);
#7145 = DIRECTION('',(0.,0.,1.));
#7146 = ORIENTED_EDGE('',*,*,#6951,.T.);
#7147 = ORIENTED_EDGE('',*,*,#7148,.T.);
#7148 = EDGE_CURVE('',#6944,#7134,#7149,.T.);
#7149 = LINE('',#7150,#7151);
#7150 = CARTESIAN_POINT('',(-7.5,3.965,0.64));
#7151 = VECTOR('',#7152,1.);
#7152 = DIRECTION('',(-0.,-0.,1.));
#7153 = PLANE('',#7154);
#7154 = AXIS2_PLACEMENT_3D('',#7155,#7156,#7157);
#7155 = CARTESIAN_POINT('',(0.,3.965,0.));
#7156 = DIRECTION('',(-0.,1.,0.));
#7157 = DIRECTION('',(0.,0.,1.));
#7158 = ADVANCED_FACE('',(#7159),#7209,.T.);
#7159 = FACE_BOUND('',#7160,.T.);
#7160 = EDGE_LOOP('',(#7161,#7162,#7163,#7171,#7179,#7187,#7195,#7203));
#7161 = ORIENTED_EDGE('',*,*,#6925,.T.);
#7162 = ORIENTED_EDGE('',*,*,#7141,.T.);
#7163 = ORIENTED_EDGE('',*,*,#7164,.F.);
#7164 = EDGE_CURVE('',#7165,#7132,#7167,.T.);
#7165 = VERTEX_POINT('',#7166);
#7166 = CARTESIAN_POINT('',(-7.375,4.12,9.5E-02));
#7167 = LINE('',#7168,#7169);
#7168 = CARTESIAN_POINT('',(-7.375,8.777094706956E-18,9.5E-02));
#7169 = VECTOR('',#7170,1.);
#7170 = DIRECTION('',(0.,-1.,9.239047059953E-17));
#7171 = ORIENTED_EDGE('',*,*,#7172,.T.);
#7172 = EDGE_CURVE('',#7165,#7173,#7175,.T.);
#7173 = VERTEX_POINT('',#7174);
#7174 = CARTESIAN_POINT('',(-7.375,4.12,-1.725));
#7175 = LINE('',#7176,#7177);
#7176 = CARTESIAN_POINT('',(-7.375,4.12,0.));
#7177 = VECTOR('',#7178,1.);
#7178 = DIRECTION('',(0.,0.,-1.));
#7179 = ORIENTED_EDGE('',*,*,#7180,.F.);
#7180 = EDGE_CURVE('',#7181,#7173,#7183,.T.);
#7181 = VERTEX_POINT('',#7182);
#7182 = CARTESIAN_POINT('',(-7.375,1.903,-1.725));
#7183 = LINE('',#7184,#7185);
#7184 = CARTESIAN_POINT('',(-7.375,0.,-1.725));
#7185 = VECTOR('',#7186,1.);
#7186 = DIRECTION('',(0.,1.,0.));
#7187 = ORIENTED_EDGE('',*,*,#7188,.T.);
#7188 = EDGE_CURVE('',#7181,#7189,#7191,.T.);
#7189 = VERTEX_POINT('',#7190);
#7190 = CARTESIAN_POINT('',(-7.375,1.903,-1.335));
#7191 = LINE('',#7192,#7193);
#7192 = CARTESIAN_POINT('',(-7.375,1.903,0.));
#7193 = VECTOR('',#7194,1.);
#7194 = DIRECTION('',(0.,0.,1.));
#7195 = ORIENTED_EDGE('',*,*,#7196,.T.);
#7196 = EDGE_CURVE('',#7189,#7197,#7199,.T.);
#7197 = VERTEX_POINT('',#7198);
#7198 = CARTESIAN_POINT('',(-7.375,3.5,-1.335));
#7199 = LINE('',#7200,#7201);
#7200 = CARTESIAN_POINT('',(-7.375,0.,-1.335));
#7201 = VECTOR('',#7202,1.);
#7202 = DIRECTION('',(0.,1.,0.));
#7203 = ORIENTED_EDGE('',*,*,#7204,.F.);
#7204 = EDGE_CURVE('',#6926,#7197,#7205,.T.);
#7205 = LINE('',#7206,#7207);
#7206 = CARTESIAN_POINT('',(-7.375,3.5,0.));
#7207 = VECTOR('',#7208,1.);
#7208 = DIRECTION('',(0.,0.,-1.));
#7209 = PLANE('',#7210);
#7210 = AXIS2_PLACEMENT_3D('',#7211,#7212,#7213);
#7211 = CARTESIAN_POINT('',(-7.375,0.,0.));
#7212 = DIRECTION('',(-1.,0.,0.));
#7213 = DIRECTION('',(0.,0.,1.));
#7214 = ADVANCED_FACE('',(#7215),#7233,.F.);
#7215 = FACE_BOUND('',#7216,.T.);
#7216 = EDGE_LOOP('',(#7217,#7225,#7226,#7227));
#7217 = ORIENTED_EDGE('',*,*,#7218,.T.);
#7218 = EDGE_CURVE('',#7219,#7134,#7221,.T.);
#7219 = VERTEX_POINT('',#7220);
#7220 = CARTESIAN_POINT('',(-7.5,3.5,9.5E-02));
#7221 = LINE('',#7222,#7223);
#7222 = CARTESIAN_POINT('',(-7.5,8.777094706956E-18,9.5E-02));
#7223 = VECTOR('',#7224,1.);
#7224 = DIRECTION('',(0.,1.,-9.239047059953E-17));
#7225 = ORIENTED_EDGE('',*,*,#7148,.F.);
#7226 = ORIENTED_EDGE('',*,*,#6943,.T.);
#7227 = ORIENTED_EDGE('',*,*,#7228,.T.);
#7228 = EDGE_CURVE('',#6936,#7219,#7229,.T.);
#7229 = LINE('',#7230,#7231);
#7230 = CARTESIAN_POINT('',(-7.5,3.5,0.));
#7231 = VECTOR('',#7232,1.);
#7232 = DIRECTION('',(0.,0.,1.));
#7233 = PLANE('',#7234);
#7234 = AXIS2_PLACEMENT_3D('',#7235,#7236,#7237);
#7235 = CARTESIAN_POINT('',(-7.5,3.965,0.64));
#7236 = DIRECTION('',(1.,-0.,0.));
#7237 = DIRECTION('',(0.,0.,-1.));
#7238 = ADVANCED_FACE('',(#7239),#7264,.F.);
#7239 = FACE_BOUND('',#7240,.T.);
#7240 = EDGE_LOOP('',(#7241,#7242,#7250,#7258));
#7241 = ORIENTED_EDGE('',*,*,#7180,.T.);
#7242 = ORIENTED_EDGE('',*,*,#7243,.F.);
#7243 = EDGE_CURVE('',#7244,#7173,#7246,.T.);
#7244 = VERTEX_POINT('',#7245);
#7245 = CARTESIAN_POINT('',(-7.015,4.12,-1.725));
#7246 = LINE('',#7247,#7248);
#7247 = CARTESIAN_POINT('',(-7.015,4.12,-1.725));
#7248 = VECTOR('',#7249,1.);
#7249 = DIRECTION('',(-1.,-0.,-0.));
#7250 = ORIENTED_EDGE('',*,*,#7251,.F.);
#7251 = EDGE_CURVE('',#7252,#7244,#7254,.T.);
#7252 = VERTEX_POINT('',#7253);
#7253 = CARTESIAN_POINT('',(-7.015,1.903,-1.725));
#7254 = LINE('',#7255,#7256);
#7255 = CARTESIAN_POINT('',(-7.015,0.,-1.725));
#7256 = VECTOR('',#7257,1.);
#7257 = DIRECTION('',(0.,1.,0.));
#7258 = ORIENTED_EDGE('',*,*,#7259,.T.);
#7259 = EDGE_CURVE('',#7252,#7181,#7260,.T.);
#7260 = LINE('',#7261,#7262);
#7261 = CARTESIAN_POINT('',(-7.015,1.903,-1.725));
#7262 = VECTOR('',#7263,1.);
#7263 = DIRECTION('',(-1.,-0.,-0.));
#7264 = PLANE('',#7265);
#7265 = AXIS2_PLACEMENT_3D('',#7266,#7267,#7268);
#7266 = CARTESIAN_POINT('',(-7.015,0.,-1.725));
#7267 = DIRECTION('',(0.,0.,1.));
#7268 = DIRECTION('',(1.,0.,-0.));
#7269 = ADVANCED_FACE('',(#7270),#7288,.T.);
#7270 = FACE_BOUND('',#7271,.T.);
#7271 = EDGE_LOOP('',(#7272,#7273,#7274,#7282));
#7272 = ORIENTED_EDGE('',*,*,#7243,.T.);
#7273 = ORIENTED_EDGE('',*,*,#7172,.F.);
#7274 = ORIENTED_EDGE('',*,*,#7275,.F.);
#7275 = EDGE_CURVE('',#7276,#7165,#7278,.T.);
#7276 = VERTEX_POINT('',#7277);
#7277 = CARTESIAN_POINT('',(-7.015,4.12,9.5E-02));
#7278 = LINE('',#7279,#7280);
#7279 = CARTESIAN_POINT('',(-7.015,4.12,9.5E-02));
#7280 = VECTOR('',#7281,1.);
#7281 = DIRECTION('',(-1.,-0.,-0.));
#7282 = ORIENTED_EDGE('',*,*,#7283,.T.);
#7283 = EDGE_CURVE('',#7276,#7244,#7284,.T.);
#7284 = LINE('',#7285,#7286);
#7285 = CARTESIAN_POINT('',(-7.015,4.12,0.));
#7286 = VECTOR('',#7287,1.);
#7287 = DIRECTION('',(0.,0.,-1.));
#7288 = PLANE('',#7289);
#7289 = AXIS2_PLACEMENT_3D('',#7290,#7291,#7292);
#7290 = CARTESIAN_POINT('',(-7.015,4.12,0.));
#7291 = DIRECTION('',(-0.,1.,0.));
#7292 = DIRECTION('',(0.,0.,1.));
#7293 = ADVANCED_FACE('',(#7294),#7319,.F.);
#7294 = FACE_BOUND('',#7295,.T.);
#7295 = EDGE_LOOP('',(#7296,#7306,#7312,#7313));
#7296 = ORIENTED_EDGE('',*,*,#7297,.T.);
#7297 = EDGE_CURVE('',#7298,#7300,#7302,.T.);
#7298 = VERTEX_POINT('',#7299);
#7299 = CARTESIAN_POINT('',(-7.725,0.78,-0.275));
#7300 = VERTEX_POINT('',#7301);
#7301 = CARTESIAN_POINT('',(-7.725,0.48,-0.275));
#7302 = LINE('',#7303,#7304);
#7303 = CARTESIAN_POINT('',(-7.725,0.78,-0.275));
#7304 = VECTOR('',#7305,1.);
#7305 = DIRECTION('',(0.,-1.,0.));
#7306 = ORIENTED_EDGE('',*,*,#7307,.T.);
#7307 = EDGE_CURVE('',#7300,#6888,#7308,.T.);
#7308 = LINE('',#7309,#7310);
#7309 = CARTESIAN_POINT('',(-7.725,0.53,-0.325));
#7310 = VECTOR('',#7311,1.);
#7311 = DIRECTION('',(-0.,0.707106781187,-0.707106781187));
#7312 = ORIENTED_EDGE('',*,*,#6885,.F.);
#7313 = ORIENTED_EDGE('',*,*,#7314,.T.);
#7314 = EDGE_CURVE('',#6886,#7298,#7315,.T.);
#7315 = LINE('',#7316,#7317);
#7316 = CARTESIAN_POINT('',(-7.725,0.78,-0.325));
#7317 = VECTOR('',#7318,1.);
#7318 = DIRECTION('',(-0.,-0.,1.));
#7319 = PLANE('',#7320);
#7320 = AXIS2_PLACEMENT_3D('',#7321,#7322,#7323);
#7321 = CARTESIAN_POINT('',(-7.725,0.78,-0.325));
#7322 = DIRECTION('',(-1.,0.,-0.));
#7323 = DIRECTION('',(0.,0.,1.));
#7324 = ADVANCED_FACE('',(#7325),#7343,.T.);
#7325 = FACE_BOUND('',#7326,.T.);
#7326 = EDGE_LOOP('',(#7327,#7328,#7336,#7342));
#7327 = ORIENTED_EDGE('',*,*,#7307,.F.);
#7328 = ORIENTED_EDGE('',*,*,#7329,.T.);
#7329 = EDGE_CURVE('',#7300,#7330,#7332,.T.);
#7330 = VERTEX_POINT('',#7331);
#7331 = CARTESIAN_POINT('',(-7.605,0.48,-0.275));
#7332 = LINE('',#7333,#7334);
#7333 = CARTESIAN_POINT('',(-7.605,0.48,-0.275));
#7334 = VECTOR('',#7335,1.);
#7335 = DIRECTION('',(1.,-0.,-0.));
#7336 = ORIENTED_EDGE('',*,*,#7337,.F.);
#7337 = EDGE_CURVE('',#6896,#7330,#7338,.T.);
#7338 = LINE('',#7339,#7340);
#7339 = CARTESIAN_POINT('',(-7.605,0.53,-0.325));
#7340 = VECTOR('',#7341,1.);
#7341 = DIRECTION('',(-0.,-0.707106781187,0.707106781187));
#7342 = ORIENTED_EDGE('',*,*,#6895,.F.);
#7343 = PLANE('',#7344);
#7344 = AXIS2_PLACEMENT_3D('',#7345,#7346,#7347);
#7345 = CARTESIAN_POINT('',(0.,0.53,-0.325));
#7346 = DIRECTION('',(0.,0.707106781187,0.707106781187));
#7347 = DIRECTION('',(-1.,0.,0.));
#7348 = ADVANCED_FACE('',(#7349),#7367,.F.);
#7349 = FACE_BOUND('',#7350,.T.);
#7350 = EDGE_LOOP('',(#7351,#7352,#7353,#7361));
#7351 = ORIENTED_EDGE('',*,*,#6903,.F.);
#7352 = ORIENTED_EDGE('',*,*,#7337,.T.);
#7353 = ORIENTED_EDGE('',*,*,#7354,.T.);
#7354 = EDGE_CURVE('',#7330,#7355,#7357,.T.);
#7355 = VERTEX_POINT('',#7356);
#7356 = CARTESIAN_POINT('',(-7.605,0.78,-0.275));
#7357 = LINE('',#7358,#7359);
#7358 = CARTESIAN_POINT('',(-7.605,0.78,-0.275));
#7359 = VECTOR('',#7360,1.);
#7360 = DIRECTION('',(-0.,1.,-0.));
#7361 = ORIENTED_EDGE('',*,*,#7362,.F.);
#7362 = EDGE_CURVE('',#6904,#7355,#7363,.T.);
#7363 = LINE('',#7364,#7365);
#7364 = CARTESIAN_POINT('',(-7.605,0.78,-0.325));
#7365 = VECTOR('',#7366,1.);
#7366 = DIRECTION('',(-0.,-0.,1.));
#7367 = PLANE('',#7368);
#7368 = AXIS2_PLACEMENT_3D('',#7369,#7370,#7371);
#7369 = CARTESIAN_POINT('',(-7.605,0.78,-0.325));
#7370 = DIRECTION('',(1.,0.,0.));
#7371 = DIRECTION('',(0.,0.,-1.));
#7372 = ADVANCED_FACE('',(#7373),#7405,.F.);
#7373 = FACE_BOUND('',#7374,.T.);
#7374 = EDGE_LOOP('',(#7375,#7376,#7377,#7385,#7391,#7399));
#7375 = ORIENTED_EDGE('',*,*,#6974,.F.);
#7376 = ORIENTED_EDGE('',*,*,#6863,.T.);
#7377 = ORIENTED_EDGE('',*,*,#7378,.F.);
#7378 = EDGE_CURVE('',#7379,#6856,#7381,.T.);
#7379 = VERTEX_POINT('',#7380);
#7380 = CARTESIAN_POINT('',(-7.605,0.78,1.325));
#7381 = LINE('',#7382,#7383);
#7382 = CARTESIAN_POINT('',(-7.605,0.,1.325));
#7383 = VECTOR('',#7384,1.);
#7384 = DIRECTION('',(0.,1.,0.));
#7385 = ORIENTED_EDGE('',*,*,#7386,.F.);
#7386 = EDGE_CURVE('',#7355,#7379,#7387,.T.);
#7387 = LINE('',#7388,#7389);
#7388 = CARTESIAN_POINT('',(-7.605,0.78,0.));
#7389 = VECTOR('',#7390,1.);
#7390 = DIRECTION('',(0.,0.,1.));
#7391 = ORIENTED_EDGE('',*,*,#7392,.F.);
#7392 = EDGE_CURVE('',#7393,#7355,#7395,.T.);
#7393 = VERTEX_POINT('',#7394);
#7394 = CARTESIAN_POINT('',(-7.605,2.21,-0.275));
#7395 = LINE('',#7396,#7397);
#7396 = CARTESIAN_POINT('',(-7.605,2.620487515035,-0.275));
#7397 = VECTOR('',#7398,1.);
#7398 = DIRECTION('',(-0.,-1.,-0.));
#7399 = ORIENTED_EDGE('',*,*,#7400,.T.);
#7400 = EDGE_CURVE('',#7393,#6975,#7401,.T.);
#7401 = LINE('',#7402,#7403);
#7402 = CARTESIAN_POINT('',(-7.605,2.21,6.5E-02));
#7403 = VECTOR('',#7404,1.);
#7404 = DIRECTION('',(-0.,-0.,1.));
#7405 = PLANE('',#7406);
#7406 = AXIS2_PLACEMENT_3D('',#7407,#7408,#7409);
#7407 = CARTESIAN_POINT('',(-7.605,0.,6.5E-02));
#7408 = DIRECTION('',(-1.,0.,-0.));
#7409 = DIRECTION('',(0.,0.,1.));
#7410 = ADVANCED_FACE('',(#7411),#7445,.T.);
#7411 = FACE_BOUND('',#7412,.T.);
#7412 = EDGE_LOOP('',(#7413,#7423,#7431,#7439));
#7413 = ORIENTED_EDGE('',*,*,#7414,.F.);
#7414 = EDGE_CURVE('',#7415,#7417,#7419,.T.);
#7415 = VERTEX_POINT('',#7416);
#7416 = CARTESIAN_POINT('',(-7.375,0.48,1.975));
#7417 = VERTEX_POINT('',#7418);
#7418 = CARTESIAN_POINT('',(-7.375,0.48,-0.275));
#7419 = LINE('',#7420,#7421);
#7420 = CARTESIAN_POINT('',(-7.375,0.48,2.025));
#7421 = VECTOR('',#7422,1.);
#7422 = DIRECTION('',(0.,0.,-1.));
#7423 = ORIENTED_EDGE('',*,*,#7424,.T.);
#7424 = EDGE_CURVE('',#7415,#7425,#7427,.T.);
#7425 = VERTEX_POINT('',#7426);
#7426 = CARTESIAN_POINT('',(-7.375,2.21,1.975));
#7427 = LINE('',#7428,#7429);
#7428 = CARTESIAN_POINT('',(-7.375,0.,1.975));
#7429 = VECTOR('',#7430,1.);
#7430 = DIRECTION('',(0.,1.,0.));
#7431 = ORIENTED_EDGE('',*,*,#7432,.F.);
#7432 = EDGE_CURVE('',#7433,#7425,#7435,.T.);
#7433 = VERTEX_POINT('',#7434);
#7434 = CARTESIAN_POINT('',(-7.375,2.21,-0.275));
#7435 = LINE('',#7436,#7437);
#7436 = CARTESIAN_POINT('',(-7.375,2.21,6.5E-02));
#7437 = VECTOR('',#7438,1.);
#7438 = DIRECTION('',(-0.,-0.,1.));
#7439 = ORIENTED_EDGE('',*,*,#7440,.T.);
#7440 = EDGE_CURVE('',#7433,#7417,#7441,.T.);
#7441 = LINE('',#7442,#7443);
#7442 = CARTESIAN_POINT('',(-7.375,2.28,-0.275));
#7443 = VECTOR('',#7444,1.);
#7444 = DIRECTION('',(0.,-1.,0.));
#7445 = PLANE('',#7446);
#7446 = AXIS2_PLACEMENT_3D('',#7447,#7448,#7449);
#7447 = CARTESIAN_POINT('',(-7.375,0.,6.5E-02));
#7448 = DIRECTION('',(-1.,0.,-0.));
#7449 = DIRECTION('',(0.,0.,1.));
#7450 = ADVANCED_FACE('',(#7451),#7478,.F.);
#7451 = FACE_BOUND('',#7452,.T.);
#7452 = EDGE_LOOP('',(#7453,#7454,#7455,#7456,#7464,#7472));
#7453 = ORIENTED_EDGE('',*,*,#7378,.T.);
#7454 = ORIENTED_EDGE('',*,*,#6855,.F.);
#7455 = ORIENTED_EDGE('',*,*,#6996,.F.);
#7456 = ORIENTED_EDGE('',*,*,#7457,.T.);
#7457 = EDGE_CURVE('',#6997,#7458,#7460,.T.);
#7458 = VERTEX_POINT('',#7459);
#7459 = CARTESIAN_POINT('',(-7.875,2.21,1.325));
#7460 = LINE('',#7461,#7462);
#7461 = CARTESIAN_POINT('',(-7.275,2.21,1.325));
#7462 = VECTOR('',#7463,1.);
#7463 = DIRECTION('',(-1.,-0.,-0.));
#7464 = ORIENTED_EDGE('',*,*,#7465,.T.);
#7465 = EDGE_CURVE('',#7458,#7466,#7468,.T.);
#7466 = VERTEX_POINT('',#7467);
#7467 = CARTESIAN_POINT('',(-7.875,0.78,1.325));
#7468 = LINE('',#7469,#7470);
#7469 = CARTESIAN_POINT('',(-7.875,0.,1.325));
#7470 = VECTOR('',#7471,1.);
#7471 = DIRECTION('',(0.,-1.,0.));
#7472 = ORIENTED_EDGE('',*,*,#7473,.F.);
#7473 = EDGE_CURVE('',#7379,#7466,#7474,.T.);
#7474 = LINE('',#7475,#7476);
#7475 = CARTESIAN_POINT('',(-7.275,0.78,1.325));
#7476 = VECTOR('',#7477,1.);
#7477 = DIRECTION('',(-1.,-0.,-0.));
#7478 = PLANE('',#7479);
#7479 = AXIS2_PLACEMENT_3D('',#7480,#7481,#7482);
#7480 = CARTESIAN_POINT('',(-7.275,0.,1.325));
#7481 = DIRECTION('',(0.,0.,-1.));
#7482 = DIRECTION('',(-1.,0.,-0.));
#7483 = ADVANCED_FACE('',(#7484),#7505,.F.);
#7484 = FACE_BOUND('',#7485,.T.);
#7485 = EDGE_LOOP('',(#7486,#7487,#7488,#7489,#7497,#7503,#7504));
#7486 = ORIENTED_EDGE('',*,*,#7362,.T.);
#7487 = ORIENTED_EDGE('',*,*,#7386,.T.);
#7488 = ORIENTED_EDGE('',*,*,#7473,.T.);
#7489 = ORIENTED_EDGE('',*,*,#7490,.T.);
#7490 = EDGE_CURVE('',#7466,#7491,#7493,.T.);
#7491 = VERTEX_POINT('',#7492);
#7492 = CARTESIAN_POINT('',(-7.875,0.78,-0.275));
#7493 = LINE('',#7494,#7495);
#7494 = CARTESIAN_POINT('',(-7.875,0.78,0.));
#7495 = VECTOR('',#7496,1.);
#7496 = DIRECTION('',(0.,0.,-1.));
#7497 = ORIENTED_EDGE('',*,*,#7498,.F.);
#7498 = EDGE_CURVE('',#7298,#7491,#7499,.T.);
#7499 = LINE('',#7500,#7501);
#7500 = CARTESIAN_POINT('',(-7.275,0.78,-0.275));
#7501 = VECTOR('',#7502,1.);
#7502 = DIRECTION('',(-1.,-0.,-0.));
#7503 = ORIENTED_EDGE('',*,*,#7314,.F.);
#7504 = ORIENTED_EDGE('',*,*,#6911,.F.);
#7505 = PLANE('',#7506);
#7506 = AXIS2_PLACEMENT_3D('',#7507,#7508,#7509);
#7507 = CARTESIAN_POINT('',(-7.275,0.78,0.));
#7508 = DIRECTION('',(-0.,1.,0.));
#7509 = DIRECTION('',(0.,0.,1.));
#7510 = ADVANCED_FACE('',(#7511),#7536,.F.);
#7511 = FACE_BOUND('',#7512,.T.);
#7512 = EDGE_LOOP('',(#7513,#7523,#7529,#7530));
#7513 = ORIENTED_EDGE('',*,*,#7514,.T.);
#7514 = EDGE_CURVE('',#7515,#7517,#7519,.T.);
#7515 = VERTEX_POINT('',#7516);
#7516 = CARTESIAN_POINT('',(-7.875,1.903,-1.335));
#7517 = VERTEX_POINT('',#7518);
#7518 = CARTESIAN_POINT('',(-7.875,3.5,-1.335));
#7519 = LINE('',#7520,#7521);
#7520 = CARTESIAN_POINT('',(-7.875,0.,-1.335));
#7521 = VECTOR('',#7522,1.);
#7522 = DIRECTION('',(0.,1.,0.));
#7523 = ORIENTED_EDGE('',*,*,#7524,.F.);
#7524 = EDGE_CURVE('',#7197,#7517,#7525,.T.);
#7525 = LINE('',#7526,#7527);
#7526 = CARTESIAN_POINT('',(-7.375,3.5,-1.335));
#7527 = VECTOR('',#7528,1.);
#7528 = DIRECTION('',(-1.,-0.,-0.));
#7529 = ORIENTED_EDGE('',*,*,#7196,.F.);
#7530 = ORIENTED_EDGE('',*,*,#7531,.T.);
#7531 = EDGE_CURVE('',#7189,#7515,#7532,.T.);
#7532 = LINE('',#7533,#7534);
#7533 = CARTESIAN_POINT('',(-7.375,1.903,-1.335));
#7534 = VECTOR('',#7535,1.);
#7535 = DIRECTION('',(-1.,-0.,-0.));
#7536 = PLANE('',#7537);
#7537 = AXIS2_PLACEMENT_3D('',#7538,#7539,#7540);
#7538 = CARTESIAN_POINT('',(-7.375,0.,-1.335));
#7539 = DIRECTION('',(0.,0.,1.));
#7540 = DIRECTION('',(1.,0.,-0.));
#7541 = ADVANCED_FACE('',(#7542),#7562,.T.);
#7542 = FACE_BOUND('',#7543,.T.);
#7543 = EDGE_LOOP('',(#7544,#7545,#7546,#7547,#7548,#7556));
#7544 = ORIENTED_EDGE('',*,*,#7228,.F.);
#7545 = ORIENTED_EDGE('',*,*,#6935,.T.);
#7546 = ORIENTED_EDGE('',*,*,#7204,.T.);
#7547 = ORIENTED_EDGE('',*,*,#7524,.T.);
#7548 = ORIENTED_EDGE('',*,*,#7549,.F.);
#7549 = EDGE_CURVE('',#7550,#7517,#7552,.T.);
#7550 = VERTEX_POINT('',#7551);
#7551 = CARTESIAN_POINT('',(-7.875,3.5,9.5E-02));
#7552 = LINE('',#7553,#7554);
#7553 = CARTESIAN_POINT('',(-7.875,3.5,0.));
#7554 = VECTOR('',#7555,1.);
#7555 = DIRECTION('',(0.,0.,-1.));
#7556 = ORIENTED_EDGE('',*,*,#7557,.F.);
#7557 = EDGE_CURVE('',#7219,#7550,#7558,.T.);
#7558 = LINE('',#7559,#7560);
#7559 = CARTESIAN_POINT('',(-7.375,3.5,9.5E-02));
#7560 = VECTOR('',#7561,1.);
#7561 = DIRECTION('',(-1.,-0.,-0.));
#7562 = PLANE('',#7563);
#7563 = AXIS2_PLACEMENT_3D('',#7564,#7565,#7566);
#7564 = CARTESIAN_POINT('',(-7.375,3.5,0.));
#7565 = DIRECTION('',(-0.,1.,0.));
#7566 = DIRECTION('',(0.,0.,1.));
#7567 = ADVANCED_FACE('',(#7568),#7602,.F.);
#7568 = FACE_BOUND('',#7569,.T.);
#7569 = EDGE_LOOP('',(#7570,#7580,#7588,#7596));
#7570 = ORIENTED_EDGE('',*,*,#7571,.T.);
#7571 = EDGE_CURVE('',#7572,#7574,#7576,.T.);
#7572 = VERTEX_POINT('',#7573);
#7573 = CARTESIAN_POINT('',(-7.875,3.4,6.5E-02));
#7574 = VERTEX_POINT('',#7575);
#7575 = CARTESIAN_POINT('',(-7.875,2.4,6.5E-02));
#7576 = LINE('',#7577,#7578);
#7577 = CARTESIAN_POINT('',(-7.875,0.,6.5E-02));
#7578 = VECTOR('',#7579,1.);
#7579 = DIRECTION('',(0.,-1.,0.));
#7580 = ORIENTED_EDGE('',*,*,#7581,.F.);
#7581 = EDGE_CURVE('',#7582,#7574,#7584,.T.);
#7582 = VERTEX_POINT('',#7583);
#7583 = CARTESIAN_POINT('',(-7.765,2.4,6.5E-02));
#7584 = LINE('',#7585,#7586);
#7585 = CARTESIAN_POINT('',(-7.765,2.4,6.5E-02));
#7586 = VECTOR('',#7587,1.);
#7587 = DIRECTION('',(-1.,-0.,-0.));
#7588 = ORIENTED_EDGE('',*,*,#7589,.F.);
#7589 = EDGE_CURVE('',#7590,#7582,#7592,.T.);
#7590 = VERTEX_POINT('',#7591);
#7591 = CARTESIAN_POINT('',(-7.765,3.4,6.5E-02));
#7592 = LINE('',#7593,#7594);
#7593 = CARTESIAN_POINT('',(-7.765,0.,6.5E-02));
#7594 = VECTOR('',#7595,1.);
#7595 = DIRECTION('',(0.,-1.,0.));
#7596 = ORIENTED_EDGE('',*,*,#7597,.T.);
#7597 = EDGE_CURVE('',#7590,#7572,#7598,.T.);
#7598 = LINE('',#7599,#7600);
#7599 = CARTESIAN_POINT('',(-7.765,3.4,6.5E-02));
#7600 = VECTOR('',#7601,1.);
#7601 = DIRECTION('',(-1.,-0.,-0.));
#7602 = PLANE('',#7603);
#7603 = AXIS2_PLACEMENT_3D('',#7604,#7605,#7606);
#7604 = CARTESIAN_POINT('',(-7.765,0.,6.5E-02));
#7605 = DIRECTION('',(0.,0.,-1.));
#7606 = DIRECTION('',(-1.,0.,-0.));
#7607 = ADVANCED_FACE('',(#7608),#7635,.F.);
#7608 = FACE_BOUND('',#7609,.T.);
#7609 = EDGE_LOOP('',(#7610,#7611,#7619,#7625,#7626,#7627,#7628,#7629));
#7610 = ORIENTED_EDGE('',*,*,#7432,.T.);
#7611 = ORIENTED_EDGE('',*,*,#7612,.T.);
#7612 = EDGE_CURVE('',#7425,#7613,#7615,.T.);
#7613 = VERTEX_POINT('',#7614);
#7614 = CARTESIAN_POINT('',(-7.875,2.21,1.975));
#7615 = LINE('',#7616,#7617);
#7616 = CARTESIAN_POINT('',(-7.875,2.21,1.975));
#7617 = VECTOR('',#7618,1.);
#7618 = DIRECTION('',(-1.,0.,0.));
#7619 = ORIENTED_EDGE('',*,*,#7620,.T.);
#7620 = EDGE_CURVE('',#7613,#7458,#7621,.T.);
#7621 = LINE('',#7622,#7623);
#7622 = CARTESIAN_POINT('',(-7.875,2.21,0.));
#7623 = VECTOR('',#7624,1.);
#7624 = DIRECTION('',(0.,0.,-1.));
#7625 = ORIENTED_EDGE('',*,*,#7457,.F.);
#7626 = ORIENTED_EDGE('',*,*,#7006,.F.);
#7627 = ORIENTED_EDGE('',*,*,#6982,.F.);
#7628 = ORIENTED_EDGE('',*,*,#7400,.F.);
#7629 = ORIENTED_EDGE('',*,*,#7630,.F.);
#7630 = EDGE_CURVE('',#7433,#7393,#7631,.T.);
#7631 = LINE('',#7632,#7633);
#7632 = CARTESIAN_POINT('',(-7.605,2.21,-0.275));
#7633 = VECTOR('',#7634,1.);
#7634 = DIRECTION('',(-1.,0.,0.));
#7635 = PLANE('',#7636);
#7636 = AXIS2_PLACEMENT_3D('',#7637,#7638,#7639);
#7637 = CARTESIAN_POINT('',(-7.275,2.21,0.));
#7638 = DIRECTION('',(-0.,1.,0.));
#7639 = DIRECTION('',(0.,0.,1.));
#7640 = ADVANCED_FACE('',(#7641),#7675,.T.);
#7641 = FACE_BOUND('',#7642,.T.);
#7642 = EDGE_LOOP('',(#7643,#7653,#7661,#7669));
#7643 = ORIENTED_EDGE('',*,*,#7644,.F.);
#7644 = EDGE_CURVE('',#7645,#7647,#7649,.T.);
#7645 = VERTEX_POINT('',#7646);
#7646 = CARTESIAN_POINT('',(-4.475,1.855,1.825));
#7647 = VERTEX_POINT('',#7648);
#7648 = CARTESIAN_POINT('',(-4.475,1.855,6.5E-02));
#7649 = LINE('',#7650,#7651);
#7650 = CARTESIAN_POINT('',(-4.475,1.855,6.5E-02));
#7651 = VECTOR('',#7652,1.);
#7652 = DIRECTION('',(0.,0.,-1.));
#7653 = ORIENTED_EDGE('',*,*,#7654,.T.);
#7654 = EDGE_CURVE('',#7645,#7655,#7657,.T.);
#7655 = VERTEX_POINT('',#7656);
#7656 = CARTESIAN_POINT('',(-4.6875,1.855,1.825));
#7657 = LINE('',#7658,#7659);
#7658 = CARTESIAN_POINT('',(0.,1.855,1.825));
#7659 = VECTOR('',#7660,1.);
#7660 = DIRECTION('',(-1.,0.,0.));
#7661 = ORIENTED_EDGE('',*,*,#7662,.F.);
#7662 = EDGE_CURVE('',#7663,#7655,#7665,.T.);
#7663 = VERTEX_POINT('',#7664);
#7664 = CARTESIAN_POINT('',(-4.6875,1.855,6.5E-02));
#7665 = LINE('',#7666,#7667);
#7666 = CARTESIAN_POINT('',(-4.6875,1.855,6.5E-02));
#7667 = VECTOR('',#7668,1.);
#7668 = DIRECTION('',(-0.,-0.,1.));
#7669 = ORIENTED_EDGE('',*,*,#7670,.T.);
#7670 = EDGE_CURVE('',#7663,#7647,#7671,.T.);
#7671 = LINE('',#7672,#7673);
#7672 = CARTESIAN_POINT('',(0.,1.855,6.5E-02));
#7673 = VECTOR('',#7674,1.);
#7674 = DIRECTION('',(1.,0.,0.));
#7675 = PLANE('',#7676);
#7676 = AXIS2_PLACEMENT_3D('',#7677,#7678,#7679);
#7677 = CARTESIAN_POINT('',(0.,1.855,6.5E-02));
#7678 = DIRECTION('',(0.,-1.,0.));
#7679 = DIRECTION('',(0.,-0.,-1.));
#7680 = ADVANCED_FACE('',(#7681),#7715,.T.);
#7681 = FACE_BOUND('',#7682,.T.);
#7682 = EDGE_LOOP('',(#7683,#7693,#7701,#7709));
#7683 = ORIENTED_EDGE('',*,*,#7684,.T.);
#7684 = EDGE_CURVE('',#7685,#7687,#7689,.T.);
#7685 = VERTEX_POINT('',#7686);
#7686 = CARTESIAN_POINT('',(-4.0625,1.855,1.825));
#7687 = VERTEX_POINT('',#7688);
#7688 = CARTESIAN_POINT('',(-4.275,1.855,1.825));
#7689 = LINE('',#7690,#7691);
#7690 = CARTESIAN_POINT('',(0.,1.855,1.825));
#7691 = VECTOR('',#7692,1.);
#7692 = DIRECTION('',(-1.,0.,0.));
#7693 = ORIENTED_EDGE('',*,*,#7694,.T.);
#7694 = EDGE_CURVE('',#7687,#7695,#7697,.T.);
#7695 = VERTEX_POINT('',#7696);
#7696 = CARTESIAN_POINT('',(-4.275,1.855,6.5E-02));
#7697 = LINE('',#7698,#7699);
#7698 = CARTESIAN_POINT('',(-4.275,1.855,6.5E-02));
#7699 = VECTOR('',#7700,1.);
#7700 = DIRECTION('',(0.,0.,-1.));
#7701 = ORIENTED_EDGE('',*,*,#7702,.T.);
#7702 = EDGE_CURVE('',#7695,#7703,#7705,.T.);
#7703 = VERTEX_POINT('',#7704);
#7704 = CARTESIAN_POINT('',(-4.0625,1.855,6.5E-02));
#7705 = LINE('',#7706,#7707);
#7706 = CARTESIAN_POINT('',(0.,1.855,6.5E-02));
#7707 = VECTOR('',#7708,1.);
#7708 = DIRECTION('',(1.,0.,0.));
#7709 = ORIENTED_EDGE('',*,*,#7710,.T.);
#7710 = EDGE_CURVE('',#7703,#7685,#7711,.T.);
#7711 = LINE('',#7712,#7713);
#7712 = CARTESIAN_POINT('',(-4.0625,1.855,6.5E-02));
#7713 = VECTOR('',#7714,1.);
#7714 = DIRECTION('',(-0.,-0.,1.));
#7715 = PLANE('',#7716);
#7716 = AXIS2_PLACEMENT_3D('',#7717,#7718,#7719);
#7717 = CARTESIAN_POINT('',(0.,1.855,6.5E-02));
#7718 = DIRECTION('',(0.,-1.,0.));
#7719 = DIRECTION('',(0.,-0.,-1.));
#7720 = ADVANCED_FACE('',(#7721),#7755,.T.);
#7721 = FACE_BOUND('',#7722,.T.);
#7722 = EDGE_LOOP('',(#7723,#7733,#7741,#7749));
#7723 = ORIENTED_EDGE('',*,*,#7724,.F.);
#7724 = EDGE_CURVE('',#7725,#7727,#7729,.T.);
#7725 = VERTEX_POINT('',#7726);
#7726 = CARTESIAN_POINT('',(-3.225,1.855,1.825));
#7727 = VERTEX_POINT('',#7728);
#7728 = CARTESIAN_POINT('',(-3.225,1.855,6.5E-02));
#7729 = LINE('',#7730,#7731);
#7730 = CARTESIAN_POINT('',(-3.225,1.855,6.5E-02));
#7731 = VECTOR('',#7732,1.);
#7732 = DIRECTION('',(0.,0.,-1.));
#7733 = ORIENTED_EDGE('',*,*,#7734,.T.);
#7734 = EDGE_CURVE('',#7725,#7735,#7737,.T.);
#7735 = VERTEX_POINT('',#7736);
#7736 = CARTESIAN_POINT('',(-3.4375,1.855,1.825));
#7737 = LINE('',#7738,#7739);
#7738 = CARTESIAN_POINT('',(1.25,1.855,1.825));
#7739 = VECTOR('',#7740,1.);
#7740 = DIRECTION('',(-1.,0.,0.));
#7741 = ORIENTED_EDGE('',*,*,#7742,.F.);
#7742 = EDGE_CURVE('',#7743,#7735,#7745,.T.);
#7743 = VERTEX_POINT('',#7744);
#7744 = CARTESIAN_POINT('',(-3.4375,1.855,6.5E-02));
#7745 = LINE('',#7746,#7747);
#7746 = CARTESIAN_POINT('',(-3.4375,1.855,6.5E-02));
#7747 = VECTOR('',#7748,1.);
#7748 = DIRECTION('',(-0.,-0.,1.));
#7749 = ORIENTED_EDGE('',*,*,#7750,.T.);
#7750 = EDGE_CURVE('',#7743,#7727,#7751,.T.);
#7751 = LINE('',#7752,#7753);
#7752 = CARTESIAN_POINT('',(1.25,1.855,6.5E-02));
#7753 = VECTOR('',#7754,1.);
#7754 = DIRECTION('',(1.,0.,0.));
#7755 = PLANE('',#7756);
#7756 = AXIS2_PLACEMENT_3D('',#7757,#7758,#7759);
#7757 = CARTESIAN_POINT('',(1.25,1.855,6.5E-02));
#7758 = DIRECTION('',(0.,-1.,0.));
#7759 = DIRECTION('',(0.,-0.,-1.));
#7760 = ADVANCED_FACE('',(#7761),#7795,.T.);
#7761 = FACE_BOUND('',#7762,.T.);
#7762 = EDGE_LOOP('',(#7763,#7773,#7781,#7789));
#7763 = ORIENTED_EDGE('',*,*,#7764,.T.);
#7764 = EDGE_CURVE('',#7765,#7767,#7769,.T.);
#7765 = VERTEX_POINT('',#7766);
#7766 = CARTESIAN_POINT('',(-2.8125,1.855,1.825));
#7767 = VERTEX_POINT('',#7768);
#7768 = CARTESIAN_POINT('',(-3.025,1.855,1.825));
#7769 = LINE('',#7770,#7771);
#7770 = CARTESIAN_POINT('',(1.25,1.855,1.825));
#7771 = VECTOR('',#7772,1.);
#7772 = DIRECTION('',(-1.,0.,0.));
#7773 = ORIENTED_EDGE('',*,*,#7774,.T.);
#7774 = EDGE_CURVE('',#7767,#7775,#7777,.T.);
#7775 = VERTEX_POINT('',#7776);
#7776 = CARTESIAN_POINT('',(-3.025,1.855,6.5E-02));
#7777 = LINE('',#7778,#7779);
#7778 = CARTESIAN_POINT('',(-3.025,1.855,6.5E-02));
#7779 = VECTOR('',#7780,1.);
#7780 = DIRECTION('',(0.,0.,-1.));
#7781 = ORIENTED_EDGE('',*,*,#7782,.T.);
#7782 = EDGE_CURVE('',#7775,#7783,#7785,.T.);
#7783 = VERTEX_POINT('',#7784);
#7784 = CARTESIAN_POINT('',(-2.8125,1.855,6.5E-02));
#7785 = LINE('',#7786,#7787);
#7786 = CARTESIAN_POINT('',(1.25,1.855,6.5E-02));
#7787 = VECTOR('',#7788,1.);
#7788 = DIRECTION('',(1.,0.,0.));
#7789 = ORIENTED_EDGE('',*,*,#7790,.T.);
#7790 = EDGE_CURVE('',#7783,#7765,#7791,.T.);
#7791 = LINE('',#7792,#7793);
#7792 = CARTESIAN_POINT('',(-2.8125,1.855,6.5E-02));
#7793 = VECTOR('',#7794,1.);
#7794 = DIRECTION('',(-0.,-0.,1.));
#7795 = PLANE('',#7796);
#7796 = AXIS2_PLACEMENT_3D('',#7797,#7798,#7799);
#7797 = CARTESIAN_POINT('',(1.25,1.855,6.5E-02));
#7798 = DIRECTION('',(0.,-1.,0.));
#7799 = DIRECTION('',(0.,-0.,-1.));
#7800 = ADVANCED_FACE('',(#7801),#7835,.T.);
#7801 = FACE_BOUND('',#7802,.T.);
#7802 = EDGE_LOOP('',(#7803,#7813,#7821,#7829));
#7803 = ORIENTED_EDGE('',*,*,#7804,.F.);
#7804 = EDGE_CURVE('',#7805,#7807,#7809,.T.);
#7805 = VERTEX_POINT('',#7806);
#7806 = CARTESIAN_POINT('',(-1.975,1.855,1.825));
#7807 = VERTEX_POINT('',#7808);
#7808 = CARTESIAN_POINT('',(-1.975,1.855,6.5E-02));
#7809 = LINE('',#7810,#7811);
#7810 = CARTESIAN_POINT('',(-1.975,1.855,6.5E-02));
#7811 = VECTOR('',#7812,1.);
#7812 = DIRECTION('',(0.,0.,-1.));
#7813 = ORIENTED_EDGE('',*,*,#7814,.T.);
#7814 = EDGE_CURVE('',#7805,#7815,#7817,.T.);
#7815 = VERTEX_POINT('',#7816);
#7816 = CARTESIAN_POINT('',(-2.1875,1.855,1.825));
#7817 = LINE('',#7818,#7819);
#7818 = CARTESIAN_POINT('',(2.5,1.855,1.825));
#7819 = VECTOR('',#7820,1.);
#7820 = DIRECTION('',(-1.,0.,0.));
#7821 = ORIENTED_EDGE('',*,*,#7822,.F.);
#7822 = EDGE_CURVE('',#7823,#7815,#7825,.T.);
#7823 = VERTEX_POINT('',#7824);
#7824 = CARTESIAN_POINT('',(-2.1875,1.855,6.5E-02));
#7825 = LINE('',#7826,#7827);
#7826 = CARTESIAN_POINT('',(-2.1875,1.855,6.5E-02));
#7827 = VECTOR('',#7828,1.);
#7828 = DIRECTION('',(-0.,-0.,1.));
#7829 = ORIENTED_EDGE('',*,*,#7830,.T.);
#7830 = EDGE_CURVE('',#7823,#7807,#7831,.T.);
#7831 = LINE('',#7832,#7833);
#7832 = CARTESIAN_POINT('',(2.5,1.855,6.5E-02));
#7833 = VECTOR('',#7834,1.);
#7834 = DIRECTION('',(1.,0.,0.));
#7835 = PLANE('',#7836);
#7836 = AXIS2_PLACEMENT_3D('',#7837,#7838,#7839);
#7837 = CARTESIAN_POINT('',(2.5,1.855,6.5E-02));
#7838 = DIRECTION('',(0.,-1.,0.));
#7839 = DIRECTION('',(0.,-0.,-1.));
#7840 = ADVANCED_FACE('',(#7841),#7875,.T.);
#7841 = FACE_BOUND('',#7842,.T.);
#7842 = EDGE_LOOP('',(#7843,#7853,#7861,#7869));
#7843 = ORIENTED_EDGE('',*,*,#7844,.T.);
#7844 = EDGE_CURVE('',#7845,#7847,#7849,.T.);
#7845 = VERTEX_POINT('',#7846);
#7846 = CARTESIAN_POINT('',(-1.5625,1.855,1.825));
#7847 = VERTEX_POINT('',#7848);
#7848 = CARTESIAN_POINT('',(-1.775,1.855,1.825));
#7849 = LINE('',#7850,#7851);
#7850 = CARTESIAN_POINT('',(2.5,1.855,1.825));
#7851 = VECTOR('',#7852,1.);
#7852 = DIRECTION('',(-1.,0.,0.));
#7853 = ORIENTED_EDGE('',*,*,#7854,.T.);
#7854 = EDGE_CURVE('',#7847,#7855,#7857,.T.);
#7855 = VERTEX_POINT('',#7856);
#7856 = CARTESIAN_POINT('',(-1.775,1.855,6.5E-02));
#7857 = LINE('',#7858,#7859);
#7858 = CARTESIAN_POINT('',(-1.775,1.855,6.5E-02));
#7859 = VECTOR('',#7860,1.);
#7860 = DIRECTION('',(0.,0.,-1.));
#7861 = ORIENTED_EDGE('',*,*,#7862,.T.);
#7862 = EDGE_CURVE('',#7855,#7863,#7865,.T.);
#7863 = VERTEX_POINT('',#7864);
#7864 = CARTESIAN_POINT('',(-1.5625,1.855,6.5E-02));
#7865 = LINE('',#7866,#7867);
#7866 = CARTESIAN_POINT('',(2.5,1.855,6.5E-02));
#7867 = VECTOR('',#7868,1.);
#7868 = DIRECTION('',(1.,0.,0.));
#7869 = ORIENTED_EDGE('',*,*,#7870,.T.);
#7870 = EDGE_CURVE('',#7863,#7845,#7871,.T.);
#7871 = LINE('',#7872,#7873);
#7872 = CARTESIAN_POINT('',(-1.5625,1.855,6.5E-02));
#7873 = VECTOR('',#7874,1.);
#7874 = DIRECTION('',(-0.,-0.,1.));
#7875 = PLANE('',#7876);
#7876 = AXIS2_PLACEMENT_3D('',#7877,#7878,#7879);
#7877 = CARTESIAN_POINT('',(2.5,1.855,6.5E-02));
#7878 = DIRECTION('',(0.,-1.,0.));
#7879 = DIRECTION('',(0.,-0.,-1.));
#7880 = ADVANCED_FACE('',(#7881),#7915,.F.);
#7881 = FACE_BOUND('',#7882,.T.);
#7882 = EDGE_LOOP('',(#7883,#7893,#7901,#7909));
#7883 = ORIENTED_EDGE('',*,*,#7884,.T.);
#7884 = EDGE_CURVE('',#7885,#7887,#7889,.T.);
#7885 = VERTEX_POINT('',#7886);
#7886 = CARTESIAN_POINT('',(-3.025,0.78,1.825));
#7887 = VERTEX_POINT('',#7888);
#7888 = CARTESIAN_POINT('',(-1.975,0.78,1.825));
#7889 = LINE('',#7890,#7891);
#7890 = CARTESIAN_POINT('',(8.04,0.78,1.825));
#7891 = VECTOR('',#7892,1.);
#7892 = DIRECTION('',(1.,1.19757235547E-16,0.));
#7893 = ORIENTED_EDGE('',*,*,#7894,.F.);
#7894 = EDGE_CURVE('',#7895,#7887,#7897,.T.);
#7895 = VERTEX_POINT('',#7896);
#7896 = CARTESIAN_POINT('',(-1.975,0.78,6.5E-02));
#7897 = LINE('',#7898,#7899);
#7898 = CARTESIAN_POINT('',(-1.975,0.78,6.5E-02));
#7899 = VECTOR('',#7900,1.);
#7900 = DIRECTION('',(-0.,0.,1.));
#7901 = ORIENTED_EDGE('',*,*,#7902,.F.);
#7902 = EDGE_CURVE('',#7903,#7895,#7905,.T.);
#7903 = VERTEX_POINT('',#7904);
#7904 = CARTESIAN_POINT('',(-3.025,0.78,6.5E-02));
#7905 = LINE('',#7906,#7907);
#7906 = CARTESIAN_POINT('',(1.25,0.78,6.5E-02));
#7907 = VECTOR('',#7908,1.);
#7908 = DIRECTION('',(1.,1.19757235547E-16,0.));
#7909 = ORIENTED_EDGE('',*,*,#7910,.T.);
#7910 = EDGE_CURVE('',#7903,#7885,#7911,.T.);
#7911 = LINE('',#7912,#7913);
#7912 = CARTESIAN_POINT('',(-3.025,0.78,6.5E-02));
#7913 = VECTOR('',#7914,1.);
#7914 = DIRECTION('',(-0.,0.,1.));
#7915 = PLANE('',#7916);
#7916 = AXIS2_PLACEMENT_3D('',#7917,#7918,#7919);
#7917 = CARTESIAN_POINT('',(1.25,0.78,6.5E-02));
#7918 = DIRECTION('',(1.19757235547E-16,-1.,0.));
#7919 = DIRECTION('',(1.,1.19757235547E-16,0.));
#7920 = ADVANCED_FACE('',(#7921),#7955,.F.);
#7921 = FACE_BOUND('',#7922,.T.);
#7922 = EDGE_LOOP('',(#7923,#7933,#7941,#7949));
#7923 = ORIENTED_EDGE('',*,*,#7924,.T.);
#7924 = EDGE_CURVE('',#7925,#7927,#7929,.T.);
#7925 = VERTEX_POINT('',#7926);
#7926 = CARTESIAN_POINT('',(-4.275,0.78,1.825));
#7927 = VERTEX_POINT('',#7928);
#7928 = CARTESIAN_POINT('',(-3.225,0.78,1.825));
#7929 = LINE('',#7930,#7931);
#7930 = CARTESIAN_POINT('',(6.79,0.78,1.825));
#7931 = VECTOR('',#7932,1.);
#7932 = DIRECTION('',(1.,1.19757235547E-16,0.));
#7933 = ORIENTED_EDGE('',*,*,#7934,.F.);
#7934 = EDGE_CURVE('',#7935,#7927,#7937,.T.);
#7935 = VERTEX_POINT('',#7936);
#7936 = CARTESIAN_POINT('',(-3.225,0.78,6.5E-02));
#7937 = LINE('',#7938,#7939);
#7938 = CARTESIAN_POINT('',(-3.225,0.78,6.5E-02));
#7939 = VECTOR('',#7940,1.);
#7940 = DIRECTION('',(-0.,0.,1.));
#7941 = ORIENTED_EDGE('',*,*,#7942,.F.);
#7942 = EDGE_CURVE('',#7943,#7935,#7945,.T.);
#7943 = VERTEX_POINT('',#7944);
#7944 = CARTESIAN_POINT('',(-4.275,0.78,6.5E-02));
#7945 = LINE('',#7946,#7947);
#7946 = CARTESIAN_POINT('',(-9.341064372666E-17,0.78,6.5E-02));
#7947 = VECTOR('',#7948,1.);
#7948 = DIRECTION('',(1.,1.19757235547E-16,0.));
#7949 = ORIENTED_EDGE('',*,*,#7950,.T.);
#7950 = EDGE_CURVE('',#7943,#7925,#7951,.T.);
#7951 = LINE('',#7952,#7953);
#7952 = CARTESIAN_POINT('',(-4.275,0.78,6.5E-02));
#7953 = VECTOR('',#7954,1.);
#7954 = DIRECTION('',(-0.,0.,1.));
#7955 = PLANE('',#7956);
#7956 = AXIS2_PLACEMENT_3D('',#7957,#7958,#7959);
#7957 = CARTESIAN_POINT('',(-9.341064372666E-17,0.78,6.5E-02));
#7958 = DIRECTION('',(1.19757235547E-16,-1.,0.));
#7959 = DIRECTION('',(1.,1.19757235547E-16,0.));
#7960 = ADVANCED_FACE('',(#7961),#7995,.F.);
#7961 = FACE_BOUND('',#7962,.T.);
#7962 = EDGE_LOOP('',(#7963,#7973,#7981,#7989));
#7963 = ORIENTED_EDGE('',*,*,#7964,.F.);
#7964 = EDGE_CURVE('',#7965,#7967,#7969,.T.);
#7965 = VERTEX_POINT('',#7966);
#7966 = CARTESIAN_POINT('',(-5.525,0.78,6.5E-02));
#7967 = VERTEX_POINT('',#7968);
#7968 = CARTESIAN_POINT('',(-4.475,0.78,6.5E-02));
#7969 = LINE('',#7970,#7971);
#7970 = CARTESIAN_POINT('',(-9.341064372666E-17,0.78,6.5E-02));
#7971 = VECTOR('',#7972,1.);
#7972 = DIRECTION('',(1.,1.19757235547E-16,0.));
#7973 = ORIENTED_EDGE('',*,*,#7974,.T.);
#7974 = EDGE_CURVE('',#7965,#7975,#7977,.T.);
#7975 = VERTEX_POINT('',#7976);
#7976 = CARTESIAN_POINT('',(-5.525,0.78,1.825));
#7977 = LINE('',#7978,#7979);
#7978 = CARTESIAN_POINT('',(-5.525,0.78,6.5E-02));
#7979 = VECTOR('',#7980,1.);
#7980 = DIRECTION('',(-0.,0.,1.));
#7981 = ORIENTED_EDGE('',*,*,#7982,.T.);
#7982 = EDGE_CURVE('',#7975,#7983,#7985,.T.);
#7983 = VERTEX_POINT('',#7984);
#7984 = CARTESIAN_POINT('',(-4.475,0.78,1.825));
#7985 = LINE('',#7986,#7987);
#7986 = CARTESIAN_POINT('',(6.79,0.78,1.825));
#7987 = VECTOR('',#7988,1.);
#7988 = DIRECTION('',(1.,1.19757235547E-16,0.));
#7989 = ORIENTED_EDGE('',*,*,#7990,.F.);
#7990 = EDGE_CURVE('',#7967,#7983,#7991,.T.);
#7991 = LINE('',#7992,#7993);
#7992 = CARTESIAN_POINT('',(-4.475,0.78,6.5E-02));
#7993 = VECTOR('',#7994,1.);
#7994 = DIRECTION('',(-0.,0.,1.));
#7995 = PLANE('',#7996);
#7996 = AXIS2_PLACEMENT_3D('',#7997,#7998,#7999);
#7997 = CARTESIAN_POINT('',(-9.341064372666E-17,0.78,6.5E-02));
#7998 = DIRECTION('',(1.19757235547E-16,-1.,0.));
#7999 = DIRECTION('',(1.,1.19757235547E-16,0.));
#8000 = ADVANCED_FACE('',(#8001),#8035,.F.);
#8001 = FACE_BOUND('',#8002,.T.);
#8002 = EDGE_LOOP('',(#8003,#8013,#8021,#8029));
#8003 = ORIENTED_EDGE('',*,*,#8004,.F.);
#8004 = EDGE_CURVE('',#8005,#8007,#8009,.T.);
#8005 = VERTEX_POINT('',#8006);
#8006 = CARTESIAN_POINT('',(-5.725,0.78,6.5E-02));
#8007 = VERTEX_POINT('',#8008);
#8008 = CARTESIAN_POINT('',(-5.725,0.78,1.825));
#8009 = LINE('',#8010,#8011);
#8010 = CARTESIAN_POINT('',(-5.725,0.78,6.5E-02));
#8011 = VECTOR('',#8012,1.);
#8012 = DIRECTION('',(-0.,0.,1.));
#8013 = ORIENTED_EDGE('',*,*,#8014,.F.);
#8014 = EDGE_CURVE('',#8015,#8005,#8017,.T.);
#8015 = VERTEX_POINT('',#8016);
#8016 = CARTESIAN_POINT('',(-6.79,0.78,6.5E-02));
#8017 = LINE('',#8018,#8019);
#8018 = CARTESIAN_POINT('',(-9.341064372666E-17,0.78,6.5E-02));
#8019 = VECTOR('',#8020,1.);
#8020 = DIRECTION('',(1.,1.19757235547E-16,0.));
#8021 = ORIENTED_EDGE('',*,*,#8022,.T.);
#8022 = EDGE_CURVE('',#8015,#8023,#8025,.T.);
#8023 = VERTEX_POINT('',#8024);
#8024 = CARTESIAN_POINT('',(-6.79,0.78,1.825));
#8025 = LINE('',#8026,#8027);
#8026 = CARTESIAN_POINT('',(-6.79,0.78,6.5E-02));
#8027 = VECTOR('',#8028,1.);
#8028 = DIRECTION('',(-0.,-0.,1.));
#8029 = ORIENTED_EDGE('',*,*,#8030,.T.);
#8030 = EDGE_CURVE('',#8023,#8007,#8031,.T.);
#8031 = LINE('',#8032,#8033);
#8032 = CARTESIAN_POINT('',(6.79,0.78,1.825));
#8033 = VECTOR('',#8034,1.);
#8034 = DIRECTION('',(1.,1.19757235547E-16,0.));
#8035 = PLANE('',#8036);
#8036 = AXIS2_PLACEMENT_3D('',#8037,#8038,#8039);
#8037 = CARTESIAN_POINT('',(-9.341064372666E-17,0.78,6.5E-02));
#8038 = DIRECTION('',(1.19757235547E-16,-1.,0.));
#8039 = DIRECTION('',(1.,1.19757235547E-16,0.));
#8040 = ADVANCED_FACE('',(#8041),#8066,.F.);
#8041 = FACE_BOUND('',#8042,.T.);
#8042 = EDGE_LOOP('',(#8043,#8053,#8059,#8060));
#8043 = ORIENTED_EDGE('',*,*,#8044,.T.);
#8044 = EDGE_CURVE('',#8045,#8047,#8049,.T.);
#8045 = VERTEX_POINT('',#8046);
#8046 = CARTESIAN_POINT('',(-6.79,2.76,6.5E-02));
#8047 = VERTEX_POINT('',#8048);
#8048 = CARTESIAN_POINT('',(-6.79,2.76,1.825));
#8049 = LINE('',#8050,#8051);
#8050 = CARTESIAN_POINT('',(-6.79,2.76,6.5E-02));
#8051 = VECTOR('',#8052,1.);
#8052 = DIRECTION('',(-0.,-0.,1.));
#8053 = ORIENTED_EDGE('',*,*,#8054,.T.);
#8054 = EDGE_CURVE('',#8047,#8023,#8055,.T.);
#8055 = LINE('',#8056,#8057);
#8056 = CARTESIAN_POINT('',(-6.79,0.78,1.825));
#8057 = VECTOR('',#8058,1.);
#8058 = DIRECTION('',(0.,-1.,0.));
#8059 = ORIENTED_EDGE('',*,*,#8022,.F.);
#8060 = ORIENTED_EDGE('',*,*,#8061,.F.);
#8061 = EDGE_CURVE('',#8045,#8015,#8062,.T.);
#8062 = LINE('',#8063,#8064);
#8063 = CARTESIAN_POINT('',(-6.79,0.,6.5E-02));
#8064 = VECTOR('',#8065,1.);
#8065 = DIRECTION('',(0.,-1.,0.));
#8066 = PLANE('',#8067);
#8067 = AXIS2_PLACEMENT_3D('',#8068,#8069,#8070);
#8068 = CARTESIAN_POINT('',(-6.79,0.,6.5E-02));
#8069 = DIRECTION('',(-1.,0.,-0.));
#8070 = DIRECTION('',(0.,0.,1.));
#8071 = ADVANCED_FACE('',(#8072),#8097,.T.);
#8072 = FACE_BOUND('',#8073,.T.);
#8073 = EDGE_LOOP('',(#8074,#8084,#8090,#8091));
#8074 = ORIENTED_EDGE('',*,*,#8075,.T.);
#8075 = EDGE_CURVE('',#8076,#8078,#8080,.T.);
#8076 = VERTEX_POINT('',#8077);
#8077 = CARTESIAN_POINT('',(-6.36375,2.76,6.5E-02));
#8078 = VERTEX_POINT('',#8079);
#8079 = CARTESIAN_POINT('',(-6.36375,2.76,1.825));
#8080 = LINE('',#8081,#8082);
#8081 = CARTESIAN_POINT('',(-6.36375,2.76,6.5E-02));
#8082 = VECTOR('',#8083,1.);
#8083 = DIRECTION('',(0.,0.,1.));
#8084 = ORIENTED_EDGE('',*,*,#8085,.T.);
#8085 = EDGE_CURVE('',#8078,#8047,#8086,.T.);
#8086 = LINE('',#8087,#8088);
#8087 = CARTESIAN_POINT('',(0.,2.76,1.825));
#8088 = VECTOR('',#8089,1.);
#8089 = DIRECTION('',(-1.,0.,0.));
#8090 = ORIENTED_EDGE('',*,*,#8044,.F.);
#8091 = ORIENTED_EDGE('',*,*,#8092,.T.);
#8092 = EDGE_CURVE('',#8045,#8076,#8093,.T.);
#8093 = LINE('',#8094,#8095);
#8094 = CARTESIAN_POINT('',(0.,2.76,6.5E-02));
#8095 = VECTOR('',#8096,1.);
#8096 = DIRECTION('',(1.,0.,0.));
#8097 = PLANE('',#8098);
#8098 = AXIS2_PLACEMENT_3D('',#8099,#8100,#8101);
#8099 = CARTESIAN_POINT('',(0.,2.76,6.5E-02));
#8100 = DIRECTION('',(0.,-1.,0.));
#8101 = DIRECTION('',(0.,-0.,-1.));
#8102 = ADVANCED_FACE('',(#8103),#8128,.T.);
#8103 = FACE_BOUND('',#8104,.T.);
#8104 = EDGE_LOOP('',(#8105,#8113,#8114,#8122));
#8105 = ORIENTED_EDGE('',*,*,#8106,.F.);
#8106 = EDGE_CURVE('',#8078,#8107,#8109,.T.);
#8107 = VERTEX_POINT('',#8108);
#8108 = CARTESIAN_POINT('',(-6.36375,2.255,1.825));
#8109 = LINE('',#8110,#8111);
#8110 = CARTESIAN_POINT('',(-6.36375,2.76,1.825));
#8111 = VECTOR('',#8112,1.);
#8112 = DIRECTION('',(0.,-1.,0.));
#8113 = ORIENTED_EDGE('',*,*,#8075,.F.);
#8114 = ORIENTED_EDGE('',*,*,#8115,.F.);
#8115 = EDGE_CURVE('',#8116,#8076,#8118,.T.);
#8116 = VERTEX_POINT('',#8117);
#8117 = CARTESIAN_POINT('',(-6.36375,2.255,6.5E-02));
#8118 = LINE('',#8119,#8120);
#8119 = CARTESIAN_POINT('',(-6.36375,2.255,6.5E-02));
#8120 = VECTOR('',#8121,1.);
#8121 = DIRECTION('',(0.,1.,0.));
#8122 = ORIENTED_EDGE('',*,*,#8123,.F.);
#8123 = EDGE_CURVE('',#8107,#8116,#8124,.T.);
#8124 = LINE('',#8125,#8126);
#8125 = CARTESIAN_POINT('',(-6.36375,2.255,1.825));
#8126 = VECTOR('',#8127,1.);
#8127 = DIRECTION('',(0.,0.,-1.));
#8128 = PLANE('',#8129);
#8129 = AXIS2_PLACEMENT_3D('',#8130,#8131,#8132);
#8130 = CARTESIAN_POINT('',(-6.36375,0.,6.5E-02));
#8131 = DIRECTION('',(-1.,0.,-0.));
#8132 = DIRECTION('',(0.,0.,1.));
#8133 = ADVANCED_FACE('',(#8134),#8168,.T.);
#8134 = FACE_BOUND('',#8135,.T.);
#8135 = EDGE_LOOP('',(#8136,#8146,#8154,#8162));
#8136 = ORIENTED_EDGE('',*,*,#8137,.F.);
#8137 = EDGE_CURVE('',#8138,#8140,#8142,.T.);
#8138 = VERTEX_POINT('',#8139);
#8139 = CARTESIAN_POINT('',(-5.725,1.855,1.825));
#8140 = VERTEX_POINT('',#8141);
#8141 = CARTESIAN_POINT('',(-5.725,1.855,6.5E-02));
#8142 = LINE('',#8143,#8144);
#8143 = CARTESIAN_POINT('',(-5.725,1.855,6.5E-02));
#8144 = VECTOR('',#8145,1.);
#8145 = DIRECTION('',(0.,0.,-1.));
#8146 = ORIENTED_EDGE('',*,*,#8147,.T.);
#8147 = EDGE_CURVE('',#8138,#8148,#8150,.T.);
#8148 = VERTEX_POINT('',#8149);
#8149 = CARTESIAN_POINT('',(-5.9375,1.855,1.825));
#8150 = LINE('',#8151,#8152);
#8151 = CARTESIAN_POINT('',(0.,1.855,1.825));
#8152 = VECTOR('',#8153,1.);
#8153 = DIRECTION('',(-1.,0.,0.));
#8154 = ORIENTED_EDGE('',*,*,#8155,.F.);
#8155 = EDGE_CURVE('',#8156,#8148,#8158,.T.);
#8156 = VERTEX_POINT('',#8157);
#8157 = CARTESIAN_POINT('',(-5.9375,1.855,6.5E-02));
#8158 = LINE('',#8159,#8160);
#8159 = CARTESIAN_POINT('',(-5.9375,1.855,6.5E-02));
#8160 = VECTOR('',#8161,1.);
#8161 = DIRECTION('',(-0.,-0.,1.));
#8162 = ORIENTED_EDGE('',*,*,#8163,.T.);
#8163 = EDGE_CURVE('',#8156,#8140,#8164,.T.);
#8164 = LINE('',#8165,#8166);
#8165 = CARTESIAN_POINT('',(0.,1.855,6.5E-02));
#8166 = VECTOR('',#8167,1.);
#8167 = DIRECTION('',(1.,0.,0.));
#8168 = PLANE('',#8169);
#8169 = AXIS2_PLACEMENT_3D('',#8170,#8171,#8172);
#8170 = CARTESIAN_POINT('',(0.,1.855,6.5E-02));
#8171 = DIRECTION('',(0.,-1.,0.));
#8172 = DIRECTION('',(0.,-0.,-1.));
#8173 = ADVANCED_FACE('',(#8174),#8208,.T.);
#8174 = FACE_BOUND('',#8175,.T.);
#8175 = EDGE_LOOP('',(#8176,#8186,#8194,#8202));
#8176 = ORIENTED_EDGE('',*,*,#8177,.T.);
#8177 = EDGE_CURVE('',#8178,#8180,#8182,.T.);
#8178 = VERTEX_POINT('',#8179);
#8179 = CARTESIAN_POINT('',(-5.3125,1.855,1.825));
#8180 = VERTEX_POINT('',#8181);
#8181 = CARTESIAN_POINT('',(-5.525,1.855,1.825));
#8182 = LINE('',#8183,#8184);
#8183 = CARTESIAN_POINT('',(0.,1.855,1.825));
#8184 = VECTOR('',#8185,1.);
#8185 = DIRECTION('',(-1.,0.,0.));
#8186 = ORIENTED_EDGE('',*,*,#8187,.T.);
#8187 = EDGE_CURVE('',#8180,#8188,#8190,.T.);
#8188 = VERTEX_POINT('',#8189);
#8189 = CARTESIAN_POINT('',(-5.525,1.855,6.5E-02));
#8190 = LINE('',#8191,#8192);
#8191 = CARTESIAN_POINT('',(-5.525,1.855,6.5E-02));
#8192 = VECTOR('',#8193,1.);
#8193 = DIRECTION('',(0.,0.,-1.));
#8194 = ORIENTED_EDGE('',*,*,#8195,.T.);
#8195 = EDGE_CURVE('',#8188,#8196,#8198,.T.);
#8196 = VERTEX_POINT('',#8197);
#8197 = CARTESIAN_POINT('',(-5.3125,1.855,6.5E-02));
#8198 = LINE('',#8199,#8200);
#8199 = CARTESIAN_POINT('',(0.,1.855,6.5E-02));
#8200 = VECTOR('',#8201,1.);
#8201 = DIRECTION('',(1.,0.,0.));
#8202 = ORIENTED_EDGE('',*,*,#8203,.T.);
#8203 = EDGE_CURVE('',#8196,#8178,#8204,.T.);
#8204 = LINE('',#8205,#8206);
#8205 = CARTESIAN_POINT('',(-5.3125,1.855,6.5E-02));
#8206 = VECTOR('',#8207,1.);
#8207 = DIRECTION('',(-0.,-0.,1.));
#8208 = PLANE('',#8209);
#8209 = AXIS2_PLACEMENT_3D('',#8210,#8211,#8212);
#8210 = CARTESIAN_POINT('',(0.,1.855,6.5E-02));
#8211 = DIRECTION('',(0.,-1.,0.));
#8212 = DIRECTION('',(0.,-0.,-1.));
#8213 = ADVANCED_FACE('',(#8214),#8239,.F.);
#8214 = FACE_BOUND('',#8215,.T.);
#8215 = EDGE_LOOP('',(#8216,#8217,#8225,#8233));
#8216 = ORIENTED_EDGE('',*,*,#7077,.F.);
#8217 = ORIENTED_EDGE('',*,*,#8218,.T.);
#8218 = EDGE_CURVE('',#7070,#8219,#8221,.T.);
#8219 = VERTEX_POINT('',#8220);
#8220 = CARTESIAN_POINT('',(-7.5,3.965,2.025));
#8221 = LINE('',#8222,#8223);
#8222 = CARTESIAN_POINT('',(-7.5,3.965,6.5E-02));
#8223 = VECTOR('',#8224,1.);
#8224 = DIRECTION('',(-0.,-0.,1.));
#8225 = ORIENTED_EDGE('',*,*,#8226,.T.);
#8226 = EDGE_CURVE('',#8219,#8227,#8229,.T.);
#8227 = VERTEX_POINT('',#8228);
#8228 = CARTESIAN_POINT('',(-7.5,3.325,2.025));
#8229 = LINE('',#8230,#8231);
#8230 = CARTESIAN_POINT('',(-7.5,0.,2.025));
#8231 = VECTOR('',#8232,1.);
#8232 = DIRECTION('',(0.,-1.,0.));
#8233 = ORIENTED_EDGE('',*,*,#8234,.F.);
#8234 = EDGE_CURVE('',#7061,#8227,#8235,.T.);
#8235 = LINE('',#8236,#8237);
#8236 = CARTESIAN_POINT('',(-7.5,3.325,6.5E-02));
#8237 = VECTOR('',#8238,1.);
#8238 = DIRECTION('',(-0.,-0.,1.));
#8239 = PLANE('',#8240);
#8240 = AXIS2_PLACEMENT_3D('',#8241,#8242,#8243);
#8241 = CARTESIAN_POINT('',(-7.5,0.,6.5E-02));
#8242 = DIRECTION('',(-1.,0.,-0.));
#8243 = DIRECTION('',(0.,0.,1.));
#8244 = ADVANCED_FACE('',(#8245),#8264,.F.);
#8245 = FACE_BOUND('',#8246,.T.);
#8246 = EDGE_LOOP('',(#8247,#8248,#8249,#8257,#8263));
#8247 = ORIENTED_EDGE('',*,*,#7060,.F.);
#8248 = ORIENTED_EDGE('',*,*,#8234,.T.);
#8249 = ORIENTED_EDGE('',*,*,#8250,.T.);
#8250 = EDGE_CURVE('',#8227,#8251,#8253,.T.);
#8251 = VERTEX_POINT('',#8252);
#8252 = CARTESIAN_POINT('',(-6.35,3.325,2.025));
#8253 = LINE('',#8254,#8255);
#8254 = CARTESIAN_POINT('',(-0.,3.325,2.025));
#8255 = VECTOR('',#8256,1.);
#8256 = DIRECTION('',(1.,0.,0.));
#8257 = ORIENTED_EDGE('',*,*,#8258,.F.);
#8258 = EDGE_CURVE('',#7039,#8251,#8259,.T.);
#8259 = LINE('',#8260,#8261);
#8260 = CARTESIAN_POINT('',(-6.35,3.325,6.5E-02));
#8261 = VECTOR('',#8262,1.);
#8262 = DIRECTION('',(-0.,-0.,1.));
#8263 = ORIENTED_EDGE('',*,*,#7038,.F.);
#8264 = PLANE('',#8265);
#8265 = AXIS2_PLACEMENT_3D('',#8266,#8267,#8268);
#8266 = CARTESIAN_POINT('',(0.,3.325,6.5E-02));
#8267 = DIRECTION('',(0.,-1.,0.));
#8268 = DIRECTION('',(0.,-0.,-1.));
#8269 = ADVANCED_FACE('',(#8270),#8288,.T.);
#8270 = FACE_BOUND('',#8271,.T.);
#8271 = EDGE_LOOP('',(#8272,#8280,#8286,#8287));
#8272 = ORIENTED_EDGE('',*,*,#8273,.F.);
#8273 = EDGE_CURVE('',#8274,#8251,#8276,.T.);
#8274 = VERTEX_POINT('',#8275);
#8275 = CARTESIAN_POINT('',(-6.35,3.965,2.025));
#8276 = LINE('',#8277,#8278);
#8277 = CARTESIAN_POINT('',(-6.35,0.,2.025));
#8278 = VECTOR('',#8279,1.);
#8279 = DIRECTION('',(0.,-1.,0.));
#8280 = ORIENTED_EDGE('',*,*,#8281,.F.);
#8281 = EDGE_CURVE('',#7023,#8274,#8282,.T.);
#8282 = LINE('',#8283,#8284);
#8283 = CARTESIAN_POINT('',(-6.35,3.965,6.5E-02));
#8284 = VECTOR('',#8285,1.);
#8285 = DIRECTION('',(-0.,-0.,1.));
#8286 = ORIENTED_EDGE('',*,*,#7046,.T.);
#8287 = ORIENTED_EDGE('',*,*,#8258,.T.);
#8288 = PLANE('',#8289);
#8289 = AXIS2_PLACEMENT_3D('',#8290,#8291,#8292);
#8290 = CARTESIAN_POINT('',(-6.35,0.,6.5E-02));
#8291 = DIRECTION('',(-1.,0.,-0.));
#8292 = DIRECTION('',(0.,0.,1.));
#8293 = ADVANCED_FACE('',(#8294),#8306,.T.);
#8294 = FACE_BOUND('',#8295,.T.);
#8295 = EDGE_LOOP('',(#8296,#8297,#8298,#8299,#8300));
#8296 = ORIENTED_EDGE('',*,*,#8218,.F.);
#8297 = ORIENTED_EDGE('',*,*,#7069,.T.);
#8298 = ORIENTED_EDGE('',*,*,#7020,.T.);
#8299 = ORIENTED_EDGE('',*,*,#8281,.T.);
#8300 = ORIENTED_EDGE('',*,*,#8301,.F.);
#8301 = EDGE_CURVE('',#8219,#8274,#8302,.T.);
#8302 = LINE('',#8303,#8304);
#8303 = CARTESIAN_POINT('',(-0.,3.965,2.025));
#8304 = VECTOR('',#8305,1.);
#8305 = DIRECTION('',(1.,0.,0.));
#8306 = PLANE('',#8307);
#8307 = AXIS2_PLACEMENT_3D('',#8308,#8309,#8310);
#8308 = CARTESIAN_POINT('',(0.,3.965,6.5E-02));
#8309 = DIRECTION('',(0.,-1.,0.));
#8310 = DIRECTION('',(0.,-0.,-1.));
#8311 = ADVANCED_FACE('',(#8312),#8345,.T.);
#8312 = FACE_BOUND('',#8313,.T.);
#8313 = EDGE_LOOP('',(#8314,#8315,#8323,#8331,#8339));
#8314 = ORIENTED_EDGE('',*,*,#7990,.T.);
#8315 = ORIENTED_EDGE('',*,*,#8316,.F.);
#8316 = EDGE_CURVE('',#8317,#7983,#8319,.T.);
#8317 = VERTEX_POINT('',#8318);
#8318 = CARTESIAN_POINT('',(-4.475,0.58,2.025));
#8319 = LINE('',#8320,#8321);
#8320 = CARTESIAN_POINT('',(-4.475,0.78,1.825));
#8321 = VECTOR('',#8322,1.);
#8322 = DIRECTION('',(0.,0.707106781187,-0.707106781187));
#8323 = ORIENTED_EDGE('',*,*,#8324,.T.);
#8324 = EDGE_CURVE('',#8317,#8325,#8327,.T.);
#8325 = VERTEX_POINT('',#8326);
#8326 = CARTESIAN_POINT('',(-4.475,0.55,2.025));
#8327 = LINE('',#8328,#8329);
#8328 = CARTESIAN_POINT('',(-4.475,0.,2.025));
#8329 = VECTOR('',#8330,1.);
#8330 = DIRECTION('',(0.,-1.,0.));
#8331 = ORIENTED_EDGE('',*,*,#8332,.T.);
#8332 = EDGE_CURVE('',#8325,#8333,#8335,.T.);
#8333 = VERTEX_POINT('',#8334);
#8334 = CARTESIAN_POINT('',(-4.475,0.55,6.5E-02));
#8335 = LINE('',#8336,#8337);
#8336 = CARTESIAN_POINT('',(-4.475,0.55,2.025));
#8337 = VECTOR('',#8338,1.);
#8338 = DIRECTION('',(0.,0.,-1.));
#8339 = ORIENTED_EDGE('',*,*,#8340,.F.);
#8340 = EDGE_CURVE('',#7967,#8333,#8341,.T.);
#8341 = LINE('',#8342,#8343);
#8342 = CARTESIAN_POINT('',(-4.475,0.,6.5E-02));
#8343 = VECTOR('',#8344,1.);
#8344 = DIRECTION('',(0.,-1.,0.));
#8345 = PLANE('',#8346);
#8346 = AXIS2_PLACEMENT_3D('',#8347,#8348,#8349);
#8347 = CARTESIAN_POINT('',(-4.475,0.,2.025));
#8348 = DIRECTION('',(1.,0.,0.));
#8349 = DIRECTION('',(0.,0.,-1.));
#8350 = ADVANCED_FACE('',(#8351),#8376,.T.);
#8351 = FACE_BOUND('',#8352,.T.);
#8352 = EDGE_LOOP('',(#8353,#8361,#8362,#8370));
#8353 = ORIENTED_EDGE('',*,*,#8354,.F.);
#8354 = EDGE_CURVE('',#8333,#8355,#8357,.T.);
#8355 = VERTEX_POINT('',#8356);
#8356 = CARTESIAN_POINT('',(-4.275,0.55,6.5E-02));
#8357 = LINE('',#8358,#8359);
#8358 = CARTESIAN_POINT('',(-0.,0.55,6.5E-02));
#8359 = VECTOR('',#8360,1.);
#8360 = DIRECTION('',(1.,0.,0.));
#8361 = ORIENTED_EDGE('',*,*,#8332,.F.);
#8362 = ORIENTED_EDGE('',*,*,#8363,.T.);
#8363 = EDGE_CURVE('',#8325,#8364,#8366,.T.);
#8364 = VERTEX_POINT('',#8365);
#8365 = CARTESIAN_POINT('',(-4.275,0.55,2.025));
#8366 = LINE('',#8367,#8368);
#8367 = CARTESIAN_POINT('',(-0.,0.55,2.025));
#8368 = VECTOR('',#8369,1.);
#8369 = DIRECTION('',(1.,0.,0.));
#8370 = ORIENTED_EDGE('',*,*,#8371,.T.);
#8371 = EDGE_CURVE('',#8364,#8355,#8372,.T.);
#8372 = LINE('',#8373,#8374);
#8373 = CARTESIAN_POINT('',(-4.275,0.55,2.025));
#8374 = VECTOR('',#8375,1.);
#8375 = DIRECTION('',(0.,0.,-1.));
#8376 = PLANE('',#8377);
#8377 = AXIS2_PLACEMENT_3D('',#8378,#8379,#8380);
#8378 = CARTESIAN_POINT('',(0.,0.55,2.025));
#8379 = DIRECTION('',(-0.,1.,0.));
#8380 = DIRECTION('',(0.,0.,1.));
#8381 = ADVANCED_FACE('',(#8382),#8406,.F.);
#8382 = FACE_BOUND('',#8383,.T.);
#8383 = EDGE_LOOP('',(#8384,#8390,#8391,#8399,#8405));
#8384 = ORIENTED_EDGE('',*,*,#8385,.T.);
#8385 = EDGE_CURVE('',#7943,#8355,#8386,.T.);
#8386 = LINE('',#8387,#8388);
#8387 = CARTESIAN_POINT('',(-4.275,0.,6.5E-02));
#8388 = VECTOR('',#8389,1.);
#8389 = DIRECTION('',(0.,-1.,0.));
#8390 = ORIENTED_EDGE('',*,*,#8371,.F.);
#8391 = ORIENTED_EDGE('',*,*,#8392,.F.);
#8392 = EDGE_CURVE('',#8393,#8364,#8395,.T.);
#8393 = VERTEX_POINT('',#8394);
#8394 = CARTESIAN_POINT('',(-4.275,0.58,2.025));
#8395 = LINE('',#8396,#8397);
#8396 = CARTESIAN_POINT('',(-4.275,0.,2.025));
#8397 = VECTOR('',#8398,1.);
#8398 = DIRECTION('',(0.,-1.,0.));
#8399 = ORIENTED_EDGE('',*,*,#8400,.T.);
#8400 = EDGE_CURVE('',#8393,#7925,#8401,.T.);
#8401 = LINE('',#8402,#8403);
#8402 = CARTESIAN_POINT('',(-4.275,0.78,1.825));
#8403 = VECTOR('',#8404,1.);
#8404 = DIRECTION('',(0.,0.707106781187,-0.707106781187));
#8405 = ORIENTED_EDGE('',*,*,#7950,.F.);
#8406 = PLANE('',#8407);
#8407 = AXIS2_PLACEMENT_3D('',#8408,#8409,#8410);
#8408 = CARTESIAN_POINT('',(-4.275,0.,2.025));
#8409 = DIRECTION('',(1.,0.,0.));
#8410 = DIRECTION('',(0.,0.,-1.));
#8411 = ADVANCED_FACE('',(#8412),#8430,.T.);
#8412 = FACE_BOUND('',#8413,.T.);
#8413 = EDGE_LOOP('',(#8414,#8422,#8428,#8429));
#8414 = ORIENTED_EDGE('',*,*,#8415,.F.);
#8415 = EDGE_CURVE('',#8416,#8393,#8418,.T.);
#8416 = VERTEX_POINT('',#8417);
#8417 = CARTESIAN_POINT('',(-3.225,0.58,2.025));
#8418 = LINE('',#8419,#8420);
#8419 = CARTESIAN_POINT('',(-6.79,0.58,2.025));
#8420 = VECTOR('',#8421,1.);
#8421 = DIRECTION('',(-1.,-1.19757235547E-16,0.));
#8422 = ORIENTED_EDGE('',*,*,#8423,.T.);
#8423 = EDGE_CURVE('',#8416,#7927,#8424,.T.);
#8424 = LINE('',#8425,#8426);
#8425 = CARTESIAN_POINT('',(-3.225,0.78,1.825));
#8426 = VECTOR('',#8427,1.);
#8427 = DIRECTION('',(0.,0.707106781187,-0.707106781187));
#8428 = ORIENTED_EDGE('',*,*,#7924,.F.);
#8429 = ORIENTED_EDGE('',*,*,#8400,.F.);
#8430 = PLANE('',#8431);
#8431 = AXIS2_PLACEMENT_3D('',#8432,#8433,#8434);
#8432 = CARTESIAN_POINT('',(-9.341064372666E-17,0.78,1.825));
#8433 = DIRECTION('',(-8.468115335144E-17,0.707106781187,0.707106781187)
  );
#8434 = DIRECTION('',(-1.,-1.19757235547E-16,0.));
#8435 = ADVANCED_FACE('',(#8436),#8462,.T.);
#8436 = FACE_BOUND('',#8437,.T.);
#8437 = EDGE_LOOP('',(#8438,#8439,#8440,#8448,#8456));
#8438 = ORIENTED_EDGE('',*,*,#7934,.T.);
#8439 = ORIENTED_EDGE('',*,*,#8423,.F.);
#8440 = ORIENTED_EDGE('',*,*,#8441,.T.);
#8441 = EDGE_CURVE('',#8416,#8442,#8444,.T.);
#8442 = VERTEX_POINT('',#8443);
#8443 = CARTESIAN_POINT('',(-3.225,0.55,2.025));
#8444 = LINE('',#8445,#8446);
#8445 = CARTESIAN_POINT('',(-3.225,0.,2.025));
#8446 = VECTOR('',#8447,1.);
#8447 = DIRECTION('',(0.,-1.,0.));
#8448 = ORIENTED_EDGE('',*,*,#8449,.T.);
#8449 = EDGE_CURVE('',#8442,#8450,#8452,.T.);
#8450 = VERTEX_POINT('',#8451);
#8451 = CARTESIAN_POINT('',(-3.225,0.55,6.5E-02));
#8452 = LINE('',#8453,#8454);
#8453 = CARTESIAN_POINT('',(-3.225,0.55,2.025));
#8454 = VECTOR('',#8455,1.);
#8455 = DIRECTION('',(0.,0.,-1.));
#8456 = ORIENTED_EDGE('',*,*,#8457,.F.);
#8457 = EDGE_CURVE('',#7935,#8450,#8458,.T.);
#8458 = LINE('',#8459,#8460);
#8459 = CARTESIAN_POINT('',(-3.225,0.,6.5E-02));
#8460 = VECTOR('',#8461,1.);
#8461 = DIRECTION('',(0.,-1.,0.));
#8462 = PLANE('',#8463);
#8463 = AXIS2_PLACEMENT_3D('',#8464,#8465,#8466);
#8464 = CARTESIAN_POINT('',(-3.225,0.,2.025));
#8465 = DIRECTION('',(1.,0.,0.));
#8466 = DIRECTION('',(0.,0.,-1.));
#8467 = ADVANCED_FACE('',(#8468),#8493,.T.);
#8468 = FACE_BOUND('',#8469,.T.);
#8469 = EDGE_LOOP('',(#8470,#8478,#8479,#8487));
#8470 = ORIENTED_EDGE('',*,*,#8471,.F.);
#8471 = EDGE_CURVE('',#8450,#8472,#8474,.T.);
#8472 = VERTEX_POINT('',#8473);
#8473 = CARTESIAN_POINT('',(-3.025,0.55,6.5E-02));
#8474 = LINE('',#8475,#8476);
#8475 = CARTESIAN_POINT('',(1.25,0.55,6.5E-02));
#8476 = VECTOR('',#8477,1.);
#8477 = DIRECTION('',(1.,0.,0.));
#8478 = ORIENTED_EDGE('',*,*,#8449,.F.);
#8479 = ORIENTED_EDGE('',*,*,#8480,.T.);
#8480 = EDGE_CURVE('',#8442,#8481,#8483,.T.);
#8481 = VERTEX_POINT('',#8482);
#8482 = CARTESIAN_POINT('',(-3.025,0.55,2.025));
#8483 = LINE('',#8484,#8485);
#8484 = CARTESIAN_POINT('',(1.25,0.55,2.025));
#8485 = VECTOR('',#8486,1.);
#8486 = DIRECTION('',(1.,0.,0.));
#8487 = ORIENTED_EDGE('',*,*,#8488,.T.);
#8488 = EDGE_CURVE('',#8481,#8472,#8489,.T.);
#8489 = LINE('',#8490,#8491);
#8490 = CARTESIAN_POINT('',(-3.025,0.55,2.025));
#8491 = VECTOR('',#8492,1.);
#8492 = DIRECTION('',(0.,0.,-1.));
#8493 = PLANE('',#8494);
#8494 = AXIS2_PLACEMENT_3D('',#8495,#8496,#8497);
#8495 = CARTESIAN_POINT('',(1.25,0.55,2.025));
#8496 = DIRECTION('',(-0.,1.,0.));
#8497 = DIRECTION('',(0.,0.,1.));
#8498 = ADVANCED_FACE('',(#8499),#8523,.F.);
#8499 = FACE_BOUND('',#8500,.T.);
#8500 = EDGE_LOOP('',(#8501,#8507,#8508,#8516,#8522));
#8501 = ORIENTED_EDGE('',*,*,#8502,.T.);
#8502 = EDGE_CURVE('',#7903,#8472,#8503,.T.);
#8503 = LINE('',#8504,#8505);
#8504 = CARTESIAN_POINT('',(-3.025,0.,6.5E-02));
#8505 = VECTOR('',#8506,1.);
#8506 = DIRECTION('',(0.,-1.,0.));
#8507 = ORIENTED_EDGE('',*,*,#8488,.F.);
#8508 = ORIENTED_EDGE('',*,*,#8509,.F.);
#8509 = EDGE_CURVE('',#8510,#8481,#8512,.T.);
#8510 = VERTEX_POINT('',#8511);
#8511 = CARTESIAN_POINT('',(-3.025,0.58,2.025));
#8512 = LINE('',#8513,#8514);
#8513 = CARTESIAN_POINT('',(-3.025,0.,2.025));
#8514 = VECTOR('',#8515,1.);
#8515 = DIRECTION('',(0.,-1.,0.));
#8516 = ORIENTED_EDGE('',*,*,#8517,.T.);
#8517 = EDGE_CURVE('',#8510,#7885,#8518,.T.);
#8518 = LINE('',#8519,#8520);
#8519 = CARTESIAN_POINT('',(-3.025,0.78,1.825));
#8520 = VECTOR('',#8521,1.);
#8521 = DIRECTION('',(0.,0.707106781187,-0.707106781187));
#8522 = ORIENTED_EDGE('',*,*,#7910,.F.);
#8523 = PLANE('',#8524);
#8524 = AXIS2_PLACEMENT_3D('',#8525,#8526,#8527);
#8525 = CARTESIAN_POINT('',(-3.025,0.,2.025));
#8526 = DIRECTION('',(1.,0.,0.));
#8527 = DIRECTION('',(0.,0.,-1.));
#8528 = ADVANCED_FACE('',(#8529),#8547,.T.);
#8529 = FACE_BOUND('',#8530,.T.);
#8530 = EDGE_LOOP('',(#8531,#8539,#8545,#8546));
#8531 = ORIENTED_EDGE('',*,*,#8532,.F.);
#8532 = EDGE_CURVE('',#8533,#8510,#8535,.T.);
#8533 = VERTEX_POINT('',#8534);
#8534 = CARTESIAN_POINT('',(-1.975,0.58,2.025));
#8535 = LINE('',#8536,#8537);
#8536 = CARTESIAN_POINT('',(-5.54,0.58,2.025));
#8537 = VECTOR('',#8538,1.);
#8538 = DIRECTION('',(-1.,-1.19757235547E-16,0.));
#8539 = ORIENTED_EDGE('',*,*,#8540,.T.);
#8540 = EDGE_CURVE('',#8533,#7887,#8541,.T.);
#8541 = LINE('',#8542,#8543);
#8542 = CARTESIAN_POINT('',(-1.975,0.78,1.825));
#8543 = VECTOR('',#8544,1.);
#8544 = DIRECTION('',(0.,0.707106781187,-0.707106781187));
#8545 = ORIENTED_EDGE('',*,*,#7884,.F.);
#8546 = ORIENTED_EDGE('',*,*,#8517,.F.);
#8547 = PLANE('',#8548);
#8548 = AXIS2_PLACEMENT_3D('',#8549,#8550,#8551);
#8549 = CARTESIAN_POINT('',(1.25,0.78,1.825));
#8550 = DIRECTION('',(-8.468115335144E-17,0.707106781187,0.707106781187)
  );
#8551 = DIRECTION('',(-1.,-1.19757235547E-16,0.));
#8552 = ADVANCED_FACE('',(#8553),#8579,.T.);
#8553 = FACE_BOUND('',#8554,.T.);
#8554 = EDGE_LOOP('',(#8555,#8556,#8557,#8565,#8573));
#8555 = ORIENTED_EDGE('',*,*,#7894,.T.);
#8556 = ORIENTED_EDGE('',*,*,#8540,.F.);
#8557 = ORIENTED_EDGE('',*,*,#8558,.T.);
#8558 = EDGE_CURVE('',#8533,#8559,#8561,.T.);
#8559 = VERTEX_POINT('',#8560);
#8560 = CARTESIAN_POINT('',(-1.975,0.55,2.025));
#8561 = LINE('',#8562,#8563);
#8562 = CARTESIAN_POINT('',(-1.975,0.,2.025));
#8563 = VECTOR('',#8564,1.);
#8564 = DIRECTION('',(0.,-1.,0.));
#8565 = ORIENTED_EDGE('',*,*,#8566,.T.);
#8566 = EDGE_CURVE('',#8559,#8567,#8569,.T.);
#8567 = VERTEX_POINT('',#8568);
#8568 = CARTESIAN_POINT('',(-1.975,0.55,6.5E-02));
#8569 = LINE('',#8570,#8571);
#8570 = CARTESIAN_POINT('',(-1.975,0.55,2.025));
#8571 = VECTOR('',#8572,1.);
#8572 = DIRECTION('',(0.,0.,-1.));
#8573 = ORIENTED_EDGE('',*,*,#8574,.F.);
#8574 = EDGE_CURVE('',#7895,#8567,#8575,.T.);
#8575 = LINE('',#8576,#8577);
#8576 = CARTESIAN_POINT('',(-1.975,0.,6.5E-02));
#8577 = VECTOR('',#8578,1.);
#8578 = DIRECTION('',(0.,-1.,0.));
#8579 = PLANE('',#8580);
#8580 = AXIS2_PLACEMENT_3D('',#8581,#8582,#8583);
#8581 = CARTESIAN_POINT('',(-1.975,0.,2.025));
#8582 = DIRECTION('',(1.,0.,0.));
#8583 = DIRECTION('',(0.,0.,-1.));
#8584 = ADVANCED_FACE('',(#8585),#8610,.T.);
#8585 = FACE_BOUND('',#8586,.T.);
#8586 = EDGE_LOOP('',(#8587,#8595,#8596,#8604));
#8587 = ORIENTED_EDGE('',*,*,#8588,.F.);
#8588 = EDGE_CURVE('',#8567,#8589,#8591,.T.);
#8589 = VERTEX_POINT('',#8590);
#8590 = CARTESIAN_POINT('',(-1.775,0.55,6.5E-02));
#8591 = LINE('',#8592,#8593);
#8592 = CARTESIAN_POINT('',(2.5,0.55,6.5E-02));
#8593 = VECTOR('',#8594,1.);
#8594 = DIRECTION('',(1.,0.,0.));
#8595 = ORIENTED_EDGE('',*,*,#8566,.F.);
#8596 = ORIENTED_EDGE('',*,*,#8597,.T.);
#8597 = EDGE_CURVE('',#8559,#8598,#8600,.T.);
#8598 = VERTEX_POINT('',#8599);
#8599 = CARTESIAN_POINT('',(-1.775,0.55,2.025));
#8600 = LINE('',#8601,#8602);
#8601 = CARTESIAN_POINT('',(2.5,0.55,2.025));
#8602 = VECTOR('',#8603,1.);
#8603 = DIRECTION('',(1.,0.,0.));
#8604 = ORIENTED_EDGE('',*,*,#8605,.T.);
#8605 = EDGE_CURVE('',#8598,#8589,#8606,.T.);
#8606 = LINE('',#8607,#8608);
#8607 = CARTESIAN_POINT('',(-1.775,0.55,2.025));
#8608 = VECTOR('',#8609,1.);
#8609 = DIRECTION('',(0.,0.,-1.));
#8610 = PLANE('',#8611);
#8611 = AXIS2_PLACEMENT_3D('',#8612,#8613,#8614);
#8612 = CARTESIAN_POINT('',(2.5,0.55,2.025));
#8613 = DIRECTION('',(-0.,1.,0.));
#8614 = DIRECTION('',(0.,0.,1.));
#8615 = ADVANCED_FACE('',(#8616),#8649,.F.);
#8616 = FACE_BOUND('',#8617,.T.);
#8617 = EDGE_LOOP('',(#8618,#8626,#8627,#8635,#8643));
#8618 = ORIENTED_EDGE('',*,*,#8619,.T.);
#8619 = EDGE_CURVE('',#8620,#8589,#8622,.T.);
#8620 = VERTEX_POINT('',#8621);
#8621 = CARTESIAN_POINT('',(-1.775,0.78,6.5E-02));
#8622 = LINE('',#8623,#8624);
#8623 = CARTESIAN_POINT('',(-1.775,0.,6.5E-02));
#8624 = VECTOR('',#8625,1.);
#8625 = DIRECTION('',(0.,-1.,0.));
#8626 = ORIENTED_EDGE('',*,*,#8605,.F.);
#8627 = ORIENTED_EDGE('',*,*,#8628,.F.);
#8628 = EDGE_CURVE('',#8629,#8598,#8631,.T.);
#8629 = VERTEX_POINT('',#8630);
#8630 = CARTESIAN_POINT('',(-1.775,0.58,2.025));
#8631 = LINE('',#8632,#8633);
#8632 = CARTESIAN_POINT('',(-1.775,0.,2.025));
#8633 = VECTOR('',#8634,1.);
#8634 = DIRECTION('',(0.,-1.,0.));
#8635 = ORIENTED_EDGE('',*,*,#8636,.T.);
#8636 = EDGE_CURVE('',#8629,#8637,#8639,.T.);
#8637 = VERTEX_POINT('',#8638);
#8638 = CARTESIAN_POINT('',(-1.775,0.78,1.825));
#8639 = LINE('',#8640,#8641);
#8640 = CARTESIAN_POINT('',(-1.775,0.78,1.825));
#8641 = VECTOR('',#8642,1.);
#8642 = DIRECTION('',(0.,0.707106781187,-0.707106781187));
#8643 = ORIENTED_EDGE('',*,*,#8644,.F.);
#8644 = EDGE_CURVE('',#8620,#8637,#8645,.T.);
#8645 = LINE('',#8646,#8647);
#8646 = CARTESIAN_POINT('',(-1.775,0.78,6.5E-02));
#8647 = VECTOR('',#8648,1.);
#8648 = DIRECTION('',(-0.,0.,1.));
#8649 = PLANE('',#8650);
#8650 = AXIS2_PLACEMENT_3D('',#8651,#8652,#8653);
#8651 = CARTESIAN_POINT('',(-1.775,0.,2.025));
#8652 = DIRECTION('',(1.,0.,0.));
#8653 = DIRECTION('',(0.,0.,-1.));
#8654 = ADVANCED_FACE('',(#8655),#8688,.F.);
#8655 = FACE_BOUND('',#8656,.T.);
#8656 = EDGE_LOOP('',(#8657,#8667,#8673,#8674,#8682));
#8657 = ORIENTED_EDGE('',*,*,#8658,.T.);
#8658 = EDGE_CURVE('',#8659,#8661,#8663,.T.);
#8659 = VERTEX_POINT('',#8660);
#8660 = CARTESIAN_POINT('',(-7.275,0.48,2.025));
#8661 = VERTEX_POINT('',#8662);
#8662 = CARTESIAN_POINT('',(-7.325,0.48,2.025));
#8663 = LINE('',#8664,#8665);
#8664 = CARTESIAN_POINT('',(-7.375,0.48,2.025));
#8665 = VECTOR('',#8666,1.);
#8666 = DIRECTION('',(-1.,-0.,-0.));
#8667 = ORIENTED_EDGE('',*,*,#8668,.T.);
#8668 = EDGE_CURVE('',#8661,#7415,#8669,.T.);
#8669 = LINE('',#8670,#8671);
#8670 = CARTESIAN_POINT('',(-7.325,0.48,2.025));
#8671 = VECTOR('',#8672,1.);
#8672 = DIRECTION('',(-0.707106781187,-0.,-0.707106781187));
#8673 = ORIENTED_EDGE('',*,*,#7414,.T.);
#8674 = ORIENTED_EDGE('',*,*,#8675,.T.);
#8675 = EDGE_CURVE('',#7417,#8676,#8678,.T.);
#8676 = VERTEX_POINT('',#8677);
#8677 = CARTESIAN_POINT('',(-7.275,0.48,-0.275));
#8678 = LINE('',#8679,#8680);
#8679 = CARTESIAN_POINT('',(-7.375,0.48,-0.275));
#8680 = VECTOR('',#8681,1.);
#8681 = DIRECTION('',(1.,0.,0.));
#8682 = ORIENTED_EDGE('',*,*,#8683,.T.);
#8683 = EDGE_CURVE('',#8676,#8659,#8684,.T.);
#8684 = LINE('',#8685,#8686);
#8685 = CARTESIAN_POINT('',(-7.275,0.48,2.025));
#8686 = VECTOR('',#8687,1.);
#8687 = DIRECTION('',(0.,-0.,1.));
#8688 = PLANE('',#8689);
#8689 = AXIS2_PLACEMENT_3D('',#8690,#8691,#8692);
#8690 = CARTESIAN_POINT('',(0.,0.48,0.));
#8691 = DIRECTION('',(-0.,1.,0.));
#8692 = DIRECTION('',(0.,0.,1.));
#8693 = ADVANCED_FACE('',(#8694),#8712,.F.);
#8694 = FACE_BOUND('',#8695,.T.);
#8695 = EDGE_LOOP('',(#8696,#8704,#8705,#8706));
#8696 = ORIENTED_EDGE('',*,*,#8697,.T.);
#8697 = EDGE_CURVE('',#8698,#7425,#8700,.T.);
#8698 = VERTEX_POINT('',#8699);
#8699 = CARTESIAN_POINT('',(-7.325,2.26,2.025));
#8700 = LINE('',#8701,#8702);
#8701 = CARTESIAN_POINT('',(-8.078333333333,1.506666666667,
    1.271666666667));
#8702 = VECTOR('',#8703,1.);
#8703 = DIRECTION('',(-0.57735026919,-0.57735026919,-0.57735026919));
#8704 = ORIENTED_EDGE('',*,*,#7424,.F.);
#8705 = ORIENTED_EDGE('',*,*,#8668,.F.);
#8706 = ORIENTED_EDGE('',*,*,#8707,.F.);
#8707 = EDGE_CURVE('',#8698,#8661,#8708,.T.);
#8708 = LINE('',#8709,#8710);
#8709 = CARTESIAN_POINT('',(-7.325,0.,2.025));
#8710 = VECTOR('',#8711,1.);
#8711 = DIRECTION('',(0.,-1.,0.));
#8712 = PLANE('',#8713);
#8713 = AXIS2_PLACEMENT_3D('',#8714,#8715,#8716);
#8714 = CARTESIAN_POINT('',(-7.325,0.,2.025));
#8715 = DIRECTION('',(0.707106781187,0.,-0.707106781187));
#8716 = DIRECTION('',(0.,-1.,0.));
#8717 = ADVANCED_FACE('',(#8718),#8736,.T.);
#8718 = FACE_BOUND('',#8719,.T.);
#8719 = EDGE_LOOP('',(#8720,#8728,#8729,#8730));
#8720 = ORIENTED_EDGE('',*,*,#8721,.F.);
#8721 = EDGE_CURVE('',#7613,#8722,#8724,.T.);
#8722 = VERTEX_POINT('',#8723);
#8723 = CARTESIAN_POINT('',(-7.875,2.26,2.025));
#8724 = LINE('',#8725,#8726);
#8725 = CARTESIAN_POINT('',(-7.875,2.21,1.975));
#8726 = VECTOR('',#8727,1.);
#8727 = DIRECTION('',(0.,0.707106781187,0.707106781187));
#8728 = ORIENTED_EDGE('',*,*,#7612,.F.);
#8729 = ORIENTED_EDGE('',*,*,#8697,.F.);
#8730 = ORIENTED_EDGE('',*,*,#8731,.F.);
#8731 = EDGE_CURVE('',#8722,#8698,#8732,.T.);
#8732 = LINE('',#8733,#8734);
#8733 = CARTESIAN_POINT('',(-7.375,2.26,2.025));
#8734 = VECTOR('',#8735,1.);
#8735 = DIRECTION('',(1.,0.,0.));
#8736 = PLANE('',#8737);
#8737 = AXIS2_PLACEMENT_3D('',#8738,#8739,#8740);
#8738 = CARTESIAN_POINT('',(-7.275,2.21,1.975));
#8739 = DIRECTION('',(0.,-0.707106781187,0.707106781187));
#8740 = DIRECTION('',(1.,0.,0.));
#8741 = ADVANCED_FACE('',(#8742),#8767,.T.);
#8742 = FACE_BOUND('',#8743,.T.);
#8743 = EDGE_LOOP('',(#8744,#8752,#8760,#8766));
#8744 = ORIENTED_EDGE('',*,*,#8745,.F.);
#8745 = EDGE_CURVE('',#8746,#7574,#8748,.T.);
#8746 = VERTEX_POINT('',#8747);
#8747 = CARTESIAN_POINT('',(-7.875,2.4,2.025));
#8748 = LINE('',#8749,#8750);
#8749 = CARTESIAN_POINT('',(-7.875,2.4,0.));
#8750 = VECTOR('',#8751,1.);
#8751 = DIRECTION('',(0.,0.,-1.));
#8752 = ORIENTED_EDGE('',*,*,#8753,.F.);
#8753 = EDGE_CURVE('',#8754,#8746,#8756,.T.);
#8754 = VERTEX_POINT('',#8755);
#8755 = CARTESIAN_POINT('',(-7.765,2.4,2.025));
#8756 = LINE('',#8757,#8758);
#8757 = CARTESIAN_POINT('',(-7.765,2.4,2.025));
#8758 = VECTOR('',#8759,1.);
#8759 = DIRECTION('',(-1.,-0.,-0.));
#8760 = ORIENTED_EDGE('',*,*,#8761,.T.);
#8761 = EDGE_CURVE('',#8754,#7582,#8762,.T.);
#8762 = LINE('',#8763,#8764);
#8763 = CARTESIAN_POINT('',(-7.765,2.4,0.));
#8764 = VECTOR('',#8765,1.);
#8765 = DIRECTION('',(0.,0.,-1.));
#8766 = ORIENTED_EDGE('',*,*,#7581,.T.);
#8767 = PLANE('',#8768);
#8768 = AXIS2_PLACEMENT_3D('',#8769,#8770,#8771);
#8769 = CARTESIAN_POINT('',(-7.765,2.4,0.));
#8770 = DIRECTION('',(-0.,1.,0.));
#8771 = DIRECTION('',(0.,0.,1.));
#8772 = ADVANCED_FACE('',(#8773),#8791,.T.);
#8773 = FACE_BOUND('',#8774,.T.);
#8774 = EDGE_LOOP('',(#8775,#8776,#8784,#8790));
#8775 = ORIENTED_EDGE('',*,*,#8761,.F.);
#8776 = ORIENTED_EDGE('',*,*,#8777,.T.);
#8777 = EDGE_CURVE('',#8754,#8778,#8780,.T.);
#8778 = VERTEX_POINT('',#8779);
#8779 = CARTESIAN_POINT('',(-7.765,3.4,2.025));
#8780 = LINE('',#8781,#8782);
#8781 = CARTESIAN_POINT('',(-7.765,0.,2.025));
#8782 = VECTOR('',#8783,1.);
#8783 = DIRECTION('',(0.,1.,0.));
#8784 = ORIENTED_EDGE('',*,*,#8785,.T.);
#8785 = EDGE_CURVE('',#8778,#7590,#8786,.T.);
#8786 = LINE('',#8787,#8788);
#8787 = CARTESIAN_POINT('',(-7.765,3.4,0.));
#8788 = VECTOR('',#8789,1.);
#8789 = DIRECTION('',(0.,0.,-1.));
#8790 = ORIENTED_EDGE('',*,*,#7589,.T.);
#8791 = PLANE('',#8792);
#8792 = AXIS2_PLACEMENT_3D('',#8793,#8794,#8795);
#8793 = CARTESIAN_POINT('',(-7.765,0.,0.));
#8794 = DIRECTION('',(-1.,0.,0.));
#8795 = DIRECTION('',(0.,0.,1.));
#8796 = ADVANCED_FACE('',(#8797),#8815,.F.);
#8797 = FACE_BOUND('',#8798,.T.);
#8798 = EDGE_LOOP('',(#8799,#8807,#8808,#8809));
#8799 = ORIENTED_EDGE('',*,*,#8800,.T.);
#8800 = EDGE_CURVE('',#8801,#7572,#8803,.T.);
#8801 = VERTEX_POINT('',#8802);
#8802 = CARTESIAN_POINT('',(-7.875,3.4,2.025));
#8803 = LINE('',#8804,#8805);
#8804 = CARTESIAN_POINT('',(-7.875,3.4,0.));
#8805 = VECTOR('',#8806,1.);
#8806 = DIRECTION('',(0.,0.,-1.));
#8807 = ORIENTED_EDGE('',*,*,#7597,.F.);
#8808 = ORIENTED_EDGE('',*,*,#8785,.F.);
#8809 = ORIENTED_EDGE('',*,*,#8810,.T.);
#8810 = EDGE_CURVE('',#8778,#8801,#8811,.T.);
#8811 = LINE('',#8812,#8813);
#8812 = CARTESIAN_POINT('',(-7.765,3.4,2.025));
#8813 = VECTOR('',#8814,1.);
#8814 = DIRECTION('',(-1.,-0.,-0.));
#8815 = PLANE('',#8816);
#8816 = AXIS2_PLACEMENT_3D('',#8817,#8818,#8819);
#8817 = CARTESIAN_POINT('',(-7.765,3.4,0.));
#8818 = DIRECTION('',(-0.,1.,0.));
#8819 = DIRECTION('',(0.,0.,1.));
#8820 = ADVANCED_FACE('',(#8821),#8847,.T.);
#8821 = FACE_BOUND('',#8822,.T.);
#8822 = EDGE_LOOP('',(#8823,#8833,#8841));
#8823 = ORIENTED_EDGE('',*,*,#8824,.F.);
#8824 = EDGE_CURVE('',#8825,#8827,#8829,.T.);
#8825 = VERTEX_POINT('',#8826);
#8826 = CARTESIAN_POINT('',(-7.188175319643,4.19,1.355));
#8827 = VERTEX_POINT('',#8828);
#8828 = CARTESIAN_POINT('',(-6.801350639286,4.19,2.025));
#8829 = LINE('',#8830,#8831);
#8830 = CARTESIAN_POINT('',(-5.977863700796,4.19,3.451321216834));
#8831 = VECTOR('',#8832,1.);
#8832 = DIRECTION('',(0.5,0.,0.866025403784));
#8833 = ORIENTED_EDGE('',*,*,#8834,.F.);
#8834 = EDGE_CURVE('',#8835,#8825,#8837,.T.);
#8835 = VERTEX_POINT('',#8836);
#8836 = CARTESIAN_POINT('',(-7.575,4.19,2.025));
#8837 = LINE('',#8838,#8839);
#8838 = CARTESIAN_POINT('',(-4.804399278668,4.19,-2.773821216834));
#8839 = VECTOR('',#8840,1.);
#8840 = DIRECTION('',(0.5,0.,-0.866025403784));
#8841 = ORIENTED_EDGE('',*,*,#8842,.T.);
#8842 = EDGE_CURVE('',#8835,#8827,#8843,.T.);
#8843 = LINE('',#8844,#8845);
#8844 = CARTESIAN_POINT('',(0.,4.19,2.025));
#8845 = VECTOR('',#8846,1.);
#8846 = DIRECTION('',(1.,-0.,0.));
#8847 = PLANE('',#8848);
#8848 = AXIS2_PLACEMENT_3D('',#8849,#8850,#8851);
#8849 = CARTESIAN_POINT('',(0.,4.19,0.));
#8850 = DIRECTION('',(0.,1.,-0.));
#8851 = DIRECTION('',(0.,0.,1.));
#8852 = ADVANCED_FACE('',(#8853),#8886,.T.);
#8853 = FACE_BOUND('',#8854,.T.);
#8854 = EDGE_LOOP('',(#8855,#8865,#8871,#8872,#8880));
#8855 = ORIENTED_EDGE('',*,*,#8856,.F.);
#8856 = EDGE_CURVE('',#8857,#8859,#8861,.T.);
#8857 = VERTEX_POINT('',#8858);
#8858 = CARTESIAN_POINT('',(-1.5625,2.055,2.025));
#8859 = VERTEX_POINT('',#8860);
#8860 = CARTESIAN_POINT('',(-1.5625,2.255,2.025));
#8861 = LINE('',#8862,#8863);
#8862 = CARTESIAN_POINT('',(-1.5625,8.809142651445E-15,2.025));
#8863 = VECTOR('',#8864,1.);
#8864 = DIRECTION('',(2.168404344971E-15,1.,0.));
#8865 = ORIENTED_EDGE('',*,*,#8866,.T.);
#8866 = EDGE_CURVE('',#8857,#7845,#8867,.T.);
#8867 = LINE('',#8868,#8869);
#8868 = CARTESIAN_POINT('',(-1.5625,4.75E-02,1.75E-02));
#8869 = VECTOR('',#8870,1.);
#8870 = DIRECTION('',(-1.533293416683E-15,-0.707106781187,
    -0.707106781187));
#8871 = ORIENTED_EDGE('',*,*,#7870,.F.);
#8872 = ORIENTED_EDGE('',*,*,#8873,.T.);
#8873 = EDGE_CURVE('',#7863,#8874,#8876,.T.);
#8874 = VERTEX_POINT('',#8875);
#8875 = CARTESIAN_POINT('',(-1.5625,2.255,6.5E-02));
#8876 = LINE('',#8877,#8878);
#8877 = CARTESIAN_POINT('',(-1.5625,8.809142651445E-15,6.5E-02));
#8878 = VECTOR('',#8879,1.);
#8879 = DIRECTION('',(2.168404344971E-15,1.,0.));
#8880 = ORIENTED_EDGE('',*,*,#8881,.T.);
#8881 = EDGE_CURVE('',#8874,#8859,#8882,.T.);
#8882 = LINE('',#8883,#8884);
#8883 = CARTESIAN_POINT('',(-1.5625,2.255,6.5E-02));
#8884 = VECTOR('',#8885,1.);
#8885 = DIRECTION('',(-0.,-0.,1.));
#8886 = PLANE('',#8887);
#8887 = AXIS2_PLACEMENT_3D('',#8888,#8889,#8890);
#8888 = CARTESIAN_POINT('',(-1.5625,8.809142651445E-15,6.5E-02));
#8889 = DIRECTION('',(1.,-2.168404344971E-15,0.));
#8890 = DIRECTION('',(2.168404344971E-15,1.,0.));
#8891 = ADVANCED_FACE('',(#8892),#8910,.F.);
#8892 = FACE_BOUND('',#8893,.T.);
#8893 = EDGE_LOOP('',(#8894,#8902,#8908,#8909));
#8894 = ORIENTED_EDGE('',*,*,#8895,.F.);
#8895 = EDGE_CURVE('',#8896,#8857,#8898,.T.);
#8896 = VERTEX_POINT('',#8897);
#8897 = CARTESIAN_POINT('',(-1.775,2.055,2.025));
#8898 = LINE('',#8899,#8900);
#8899 = CARTESIAN_POINT('',(10.375,2.055,2.025));
#8900 = VECTOR('',#8901,1.);
#8901 = DIRECTION('',(1.,0.,0.));
#8902 = ORIENTED_EDGE('',*,*,#8903,.T.);
#8903 = EDGE_CURVE('',#8896,#7847,#8904,.T.);
#8904 = LINE('',#8905,#8906);
#8905 = CARTESIAN_POINT('',(-1.775,2.055,2.025));
#8906 = VECTOR('',#8907,1.);
#8907 = DIRECTION('',(-0.,-0.707106781187,-0.707106781187));
#8908 = ORIENTED_EDGE('',*,*,#7844,.F.);
#8909 = ORIENTED_EDGE('',*,*,#8866,.F.);
#8910 = PLANE('',#8911);
#8911 = AXIS2_PLACEMENT_3D('',#8912,#8913,#8914);
#8912 = CARTESIAN_POINT('',(10.375,2.055,2.025));
#8913 = DIRECTION('',(-0.,0.707106781187,-0.707106781187));
#8914 = DIRECTION('',(1.,0.,-0.));
#8915 = ADVANCED_FACE('',(#8916),#8941,.F.);
#8916 = FACE_BOUND('',#8917,.T.);
#8917 = EDGE_LOOP('',(#8918,#8926,#8934,#8940));
#8918 = ORIENTED_EDGE('',*,*,#8919,.F.);
#8919 = EDGE_CURVE('',#8920,#7805,#8922,.T.);
#8920 = VERTEX_POINT('',#8921);
#8921 = CARTESIAN_POINT('',(-1.975,2.055,2.025));
#8922 = LINE('',#8923,#8924);
#8923 = CARTESIAN_POINT('',(-1.975,2.055,2.025));
#8924 = VECTOR('',#8925,1.);
#8925 = DIRECTION('',(-0.,-0.707106781187,-0.707106781187));
#8926 = ORIENTED_EDGE('',*,*,#8927,.F.);
#8927 = EDGE_CURVE('',#8928,#8920,#8930,.T.);
#8928 = VERTEX_POINT('',#8929);
#8929 = CARTESIAN_POINT('',(-2.1875,2.055,2.025));
#8930 = LINE('',#8931,#8932);
#8931 = CARTESIAN_POINT('',(10.375,2.055,2.025));
#8932 = VECTOR('',#8933,1.);
#8933 = DIRECTION('',(1.,0.,0.));
#8934 = ORIENTED_EDGE('',*,*,#8935,.F.);
#8935 = EDGE_CURVE('',#7815,#8928,#8936,.T.);
#8936 = LINE('',#8937,#8938);
#8937 = CARTESIAN_POINT('',(-2.1875,4.75E-02,1.75E-02));
#8938 = VECTOR('',#8939,1.);
#8939 = DIRECTION('',(-0.,0.707106781187,0.707106781187));
#8940 = ORIENTED_EDGE('',*,*,#7814,.F.);
#8941 = PLANE('',#8942);
#8942 = AXIS2_PLACEMENT_3D('',#8943,#8944,#8945);
#8943 = CARTESIAN_POINT('',(10.375,2.055,2.025));
#8944 = DIRECTION('',(-0.,0.707106781187,-0.707106781187));
#8945 = DIRECTION('',(1.,0.,-0.));
#8946 = ADVANCED_FACE('',(#8947),#8973,.T.);
#8947 = FACE_BOUND('',#8948,.T.);
#8948 = EDGE_LOOP('',(#8949,#8950,#8951,#8959,#8967));
#8949 = ORIENTED_EDGE('',*,*,#7822,.T.);
#8950 = ORIENTED_EDGE('',*,*,#8935,.T.);
#8951 = ORIENTED_EDGE('',*,*,#8952,.F.);
#8952 = EDGE_CURVE('',#8953,#8928,#8955,.T.);
#8953 = VERTEX_POINT('',#8954);
#8954 = CARTESIAN_POINT('',(-2.1875,2.255,2.025));
#8955 = LINE('',#8956,#8957);
#8956 = CARTESIAN_POINT('',(-2.1875,0.,2.025));
#8957 = VECTOR('',#8958,1.);
#8958 = DIRECTION('',(0.,-1.,0.));
#8959 = ORIENTED_EDGE('',*,*,#8960,.F.);
#8960 = EDGE_CURVE('',#8961,#8953,#8963,.T.);
#8961 = VERTEX_POINT('',#8962);
#8962 = CARTESIAN_POINT('',(-2.1875,2.255,6.5E-02));
#8963 = LINE('',#8964,#8965);
#8964 = CARTESIAN_POINT('',(-2.1875,2.255,6.5E-02));
#8965 = VECTOR('',#8966,1.);
#8966 = DIRECTION('',(-0.,-0.,1.));
#8967 = ORIENTED_EDGE('',*,*,#8968,.T.);
#8968 = EDGE_CURVE('',#8961,#7823,#8969,.T.);
#8969 = LINE('',#8970,#8971);
#8970 = CARTESIAN_POINT('',(-2.1875,0.,6.5E-02));
#8971 = VECTOR('',#8972,1.);
#8972 = DIRECTION('',(0.,-1.,0.));
#8973 = PLANE('',#8974);
#8974 = AXIS2_PLACEMENT_3D('',#8975,#8976,#8977);
#8975 = CARTESIAN_POINT('',(-2.1875,0.,6.5E-02));
#8976 = DIRECTION('',(-1.,0.,-0.));
#8977 = DIRECTION('',(0.,0.,1.));
#8978 = ADVANCED_FACE('',(#8979),#9004,.T.);
#8979 = FACE_BOUND('',#8980,.T.);
#8980 = EDGE_LOOP('',(#8981,#8991,#8997,#8998));
#8981 = ORIENTED_EDGE('',*,*,#8982,.F.);
#8982 = EDGE_CURVE('',#8983,#8985,#8987,.T.);
#8983 = VERTEX_POINT('',#8984);
#8984 = CARTESIAN_POINT('',(-2.8125,2.255,6.5E-02));
#8985 = VERTEX_POINT('',#8986);
#8986 = CARTESIAN_POINT('',(-2.8125,2.255,2.025));
#8987 = LINE('',#8988,#8989);
#8988 = CARTESIAN_POINT('',(-2.8125,2.255,6.5E-02));
#8989 = VECTOR('',#8990,1.);
#8990 = DIRECTION('',(-0.,-0.,1.));
#8991 = ORIENTED_EDGE('',*,*,#8992,.T.);
#8992 = EDGE_CURVE('',#8983,#8961,#8993,.T.);
#8993 = LINE('',#8994,#8995);
#8994 = CARTESIAN_POINT('',(-8.194767476705,2.255,6.5E-02));
#8995 = VECTOR('',#8996,1.);
#8996 = DIRECTION('',(1.,0.,0.));
#8997 = ORIENTED_EDGE('',*,*,#8960,.T.);
#8998 = ORIENTED_EDGE('',*,*,#8999,.F.);
#8999 = EDGE_CURVE('',#8985,#8953,#9000,.T.);
#9000 = LINE('',#9001,#9002);
#9001 = CARTESIAN_POINT('',(1.25,2.255,2.025));
#9002 = VECTOR('',#9003,1.);
#9003 = DIRECTION('',(1.,0.,0.));
#9004 = PLANE('',#9005);
#9005 = AXIS2_PLACEMENT_3D('',#9006,#9007,#9008);
#9006 = CARTESIAN_POINT('',(0.,2.255,6.5E-02));
#9007 = DIRECTION('',(0.,-1.,0.));
#9008 = DIRECTION('',(0.,-0.,-1.));
#9009 = ADVANCED_FACE('',(#9010),#9034,.T.);
#9010 = FACE_BOUND('',#9011,.T.);
#9011 = EDGE_LOOP('',(#9012,#9020,#9026,#9027,#9033));
#9012 = ORIENTED_EDGE('',*,*,#9013,.F.);
#9013 = EDGE_CURVE('',#9014,#8985,#9016,.T.);
#9014 = VERTEX_POINT('',#9015);
#9015 = CARTESIAN_POINT('',(-2.8125,2.055,2.025));
#9016 = LINE('',#9017,#9018);
#9017 = CARTESIAN_POINT('',(-2.8125,8.809142651445E-15,2.025));
#9018 = VECTOR('',#9019,1.);
#9019 = DIRECTION('',(2.168404344971E-15,1.,0.));
#9020 = ORIENTED_EDGE('',*,*,#9021,.T.);
#9021 = EDGE_CURVE('',#9014,#7765,#9022,.T.);
#9022 = LINE('',#9023,#9024);
#9023 = CARTESIAN_POINT('',(-2.8125,4.75E-02,1.75E-02));
#9024 = VECTOR('',#9025,1.);
#9025 = DIRECTION('',(-1.533293416683E-15,-0.707106781187,
    -0.707106781187));
#9026 = ORIENTED_EDGE('',*,*,#7790,.F.);
#9027 = ORIENTED_EDGE('',*,*,#9028,.T.);
#9028 = EDGE_CURVE('',#7783,#8983,#9029,.T.);
#9029 = LINE('',#9030,#9031);
#9030 = CARTESIAN_POINT('',(-2.8125,8.809142651445E-15,6.5E-02));
#9031 = VECTOR('',#9032,1.);
#9032 = DIRECTION('',(2.168404344971E-15,1.,0.));
#9033 = ORIENTED_EDGE('',*,*,#8982,.T.);
#9034 = PLANE('',#9035);
#9035 = AXIS2_PLACEMENT_3D('',#9036,#9037,#9038);
#9036 = CARTESIAN_POINT('',(-2.8125,8.809142651445E-15,6.5E-02));
#9037 = DIRECTION('',(1.,-2.168404344971E-15,0.));
#9038 = DIRECTION('',(2.168404344971E-15,1.,0.));
#9039 = ADVANCED_FACE('',(#9040),#9058,.F.);
#9040 = FACE_BOUND('',#9041,.T.);
#9041 = EDGE_LOOP('',(#9042,#9050,#9056,#9057));
#9042 = ORIENTED_EDGE('',*,*,#9043,.F.);
#9043 = EDGE_CURVE('',#9044,#9014,#9046,.T.);
#9044 = VERTEX_POINT('',#9045);
#9045 = CARTESIAN_POINT('',(-3.025,2.055,2.025));
#9046 = LINE('',#9047,#9048);
#9047 = CARTESIAN_POINT('',(9.125,2.055,2.025));
#9048 = VECTOR('',#9049,1.);
#9049 = DIRECTION('',(1.,0.,0.));
#9050 = ORIENTED_EDGE('',*,*,#9051,.T.);
#9051 = EDGE_CURVE('',#9044,#7767,#9052,.T.);
#9052 = LINE('',#9053,#9054);
#9053 = CARTESIAN_POINT('',(-3.025,2.055,2.025));
#9054 = VECTOR('',#9055,1.);
#9055 = DIRECTION('',(-0.,-0.707106781187,-0.707106781187));
#9056 = ORIENTED_EDGE('',*,*,#7764,.F.);
#9057 = ORIENTED_EDGE('',*,*,#9021,.F.);
#9058 = PLANE('',#9059);
#9059 = AXIS2_PLACEMENT_3D('',#9060,#9061,#9062);
#9060 = CARTESIAN_POINT('',(9.125,2.055,2.025));
#9061 = DIRECTION('',(-0.,0.707106781187,-0.707106781187));
#9062 = DIRECTION('',(1.,0.,-0.));
#9063 = ADVANCED_FACE('',(#9064),#9089,.F.);
#9064 = FACE_BOUND('',#9065,.T.);
#9065 = EDGE_LOOP('',(#9066,#9074,#9082,#9088));
#9066 = ORIENTED_EDGE('',*,*,#9067,.F.);
#9067 = EDGE_CURVE('',#9068,#7725,#9070,.T.);
#9068 = VERTEX_POINT('',#9069);
#9069 = CARTESIAN_POINT('',(-3.225,2.055,2.025));
#9070 = LINE('',#9071,#9072);
#9071 = CARTESIAN_POINT('',(-3.225,2.055,2.025));
#9072 = VECTOR('',#9073,1.);
#9073 = DIRECTION('',(-0.,-0.707106781187,-0.707106781187));
#9074 = ORIENTED_EDGE('',*,*,#9075,.F.);
#9075 = EDGE_CURVE('',#9076,#9068,#9078,.T.);
#9076 = VERTEX_POINT('',#9077);
#9077 = CARTESIAN_POINT('',(-3.4375,2.055,2.025));
#9078 = LINE('',#9079,#9080);
#9079 = CARTESIAN_POINT('',(9.125,2.055,2.025));
#9080 = VECTOR('',#9081,1.);
#9081 = DIRECTION('',(1.,0.,0.));
#9082 = ORIENTED_EDGE('',*,*,#9083,.F.);
#9083 = EDGE_CURVE('',#7735,#9076,#9084,.T.);
#9084 = LINE('',#9085,#9086);
#9085 = CARTESIAN_POINT('',(-3.4375,4.75E-02,1.75E-02));
#9086 = VECTOR('',#9087,1.);
#9087 = DIRECTION('',(-0.,0.707106781187,0.707106781187));
#9088 = ORIENTED_EDGE('',*,*,#7734,.F.);
#9089 = PLANE('',#9090);
#9090 = AXIS2_PLACEMENT_3D('',#9091,#9092,#9093);
#9091 = CARTESIAN_POINT('',(9.125,2.055,2.025));
#9092 = DIRECTION('',(-0.,0.707106781187,-0.707106781187));
#9093 = DIRECTION('',(1.,0.,-0.));
#9094 = ADVANCED_FACE('',(#9095),#9121,.T.);
#9095 = FACE_BOUND('',#9096,.T.);
#9096 = EDGE_LOOP('',(#9097,#9098,#9099,#9107,#9115));
#9097 = ORIENTED_EDGE('',*,*,#7742,.T.);
#9098 = ORIENTED_EDGE('',*,*,#9083,.T.);
#9099 = ORIENTED_EDGE('',*,*,#9100,.F.);
#9100 = EDGE_CURVE('',#9101,#9076,#9103,.T.);
#9101 = VERTEX_POINT('',#9102);
#9102 = CARTESIAN_POINT('',(-3.4375,2.255,2.025));
#9103 = LINE('',#9104,#9105);
#9104 = CARTESIAN_POINT('',(-3.4375,0.,2.025));
#9105 = VECTOR('',#9106,1.);
#9106 = DIRECTION('',(0.,-1.,0.));
#9107 = ORIENTED_EDGE('',*,*,#9108,.F.);
#9108 = EDGE_CURVE('',#9109,#9101,#9111,.T.);
#9109 = VERTEX_POINT('',#9110);
#9110 = CARTESIAN_POINT('',(-3.4375,2.255,6.5E-02));
#9111 = LINE('',#9112,#9113);
#9112 = CARTESIAN_POINT('',(-3.4375,2.255,6.5E-02));
#9113 = VECTOR('',#9114,1.);
#9114 = DIRECTION('',(-0.,-0.,1.));
#9115 = ORIENTED_EDGE('',*,*,#9116,.T.);
#9116 = EDGE_CURVE('',#9109,#7743,#9117,.T.);
#9117 = LINE('',#9118,#9119);
#9118 = CARTESIAN_POINT('',(-3.4375,0.,6.5E-02));
#9119 = VECTOR('',#9120,1.);
#9120 = DIRECTION('',(0.,-1.,0.));
#9121 = PLANE('',#9122);
#9122 = AXIS2_PLACEMENT_3D('',#9123,#9124,#9125);
#9123 = CARTESIAN_POINT('',(-3.4375,0.,6.5E-02));
#9124 = DIRECTION('',(-1.,0.,-0.));
#9125 = DIRECTION('',(0.,0.,1.));
#9126 = ADVANCED_FACE('',(#9127),#9152,.T.);
#9127 = FACE_BOUND('',#9128,.T.);
#9128 = EDGE_LOOP('',(#9129,#9137,#9138,#9146));
#9129 = ORIENTED_EDGE('',*,*,#9130,.T.);
#9130 = EDGE_CURVE('',#9131,#9109,#9133,.T.);
#9131 = VERTEX_POINT('',#9132);
#9132 = CARTESIAN_POINT('',(-4.0625,2.255,6.5E-02));
#9133 = LINE('',#9134,#9135);
#9134 = CARTESIAN_POINT('',(0.,2.255,6.5E-02));
#9135 = VECTOR('',#9136,1.);
#9136 = DIRECTION('',(1.,0.,0.));
#9137 = ORIENTED_EDGE('',*,*,#9108,.T.);
#9138 = ORIENTED_EDGE('',*,*,#9139,.F.);
#9139 = EDGE_CURVE('',#9140,#9101,#9142,.T.);
#9140 = VERTEX_POINT('',#9141);
#9141 = CARTESIAN_POINT('',(-4.0625,2.255,2.025));
#9142 = LINE('',#9143,#9144);
#9143 = CARTESIAN_POINT('',(-0.,2.255,2.025));
#9144 = VECTOR('',#9145,1.);
#9145 = DIRECTION('',(1.,0.,0.));
#9146 = ORIENTED_EDGE('',*,*,#9147,.F.);
#9147 = EDGE_CURVE('',#9131,#9140,#9148,.T.);
#9148 = LINE('',#9149,#9150);
#9149 = CARTESIAN_POINT('',(-4.0625,2.255,6.5E-02));
#9150 = VECTOR('',#9151,1.);
#9151 = DIRECTION('',(-0.,-0.,1.));
#9152 = PLANE('',#9153);
#9153 = AXIS2_PLACEMENT_3D('',#9154,#9155,#9156);
#9154 = CARTESIAN_POINT('',(0.,2.255,6.5E-02));
#9155 = DIRECTION('',(0.,-1.,0.));
#9156 = DIRECTION('',(0.,-0.,-1.));
#9157 = ADVANCED_FACE('',(#9158),#9182,.T.);
#9158 = FACE_BOUND('',#9159,.T.);
#9159 = EDGE_LOOP('',(#9160,#9168,#9174,#9175,#9181));
#9160 = ORIENTED_EDGE('',*,*,#9161,.F.);
#9161 = EDGE_CURVE('',#9162,#9140,#9164,.T.);
#9162 = VERTEX_POINT('',#9163);
#9163 = CARTESIAN_POINT('',(-4.0625,2.055,2.025));
#9164 = LINE('',#9165,#9166);
#9165 = CARTESIAN_POINT('',(-4.0625,8.809142651445E-15,2.025));
#9166 = VECTOR('',#9167,1.);
#9167 = DIRECTION('',(2.168404344971E-15,1.,0.));
#9168 = ORIENTED_EDGE('',*,*,#9169,.T.);
#9169 = EDGE_CURVE('',#9162,#7685,#9170,.T.);
#9170 = LINE('',#9171,#9172);
#9171 = CARTESIAN_POINT('',(-4.0625,4.75E-02,1.75E-02));
#9172 = VECTOR('',#9173,1.);
#9173 = DIRECTION('',(-1.533293416683E-15,-0.707106781187,
    -0.707106781187));
#9174 = ORIENTED_EDGE('',*,*,#7710,.F.);
#9175 = ORIENTED_EDGE('',*,*,#9176,.T.);
#9176 = EDGE_CURVE('',#7703,#9131,#9177,.T.);
#9177 = LINE('',#9178,#9179);
#9178 = CARTESIAN_POINT('',(-4.0625,8.809142651445E-15,6.5E-02));
#9179 = VECTOR('',#9180,1.);
#9180 = DIRECTION('',(2.168404344971E-15,1.,0.));
#9181 = ORIENTED_EDGE('',*,*,#9147,.T.);
#9182 = PLANE('',#9183);
#9183 = AXIS2_PLACEMENT_3D('',#9184,#9185,#9186);
#9184 = CARTESIAN_POINT('',(-4.0625,8.809142651445E-15,6.5E-02));
#9185 = DIRECTION('',(1.,-2.168404344971E-15,0.));
#9186 = DIRECTION('',(2.168404344971E-15,1.,0.));
#9187 = ADVANCED_FACE('',(#9188),#9206,.F.);
#9188 = FACE_BOUND('',#9189,.T.);
#9189 = EDGE_LOOP('',(#9190,#9198,#9204,#9205));
#9190 = ORIENTED_EDGE('',*,*,#9191,.F.);
#9191 = EDGE_CURVE('',#9192,#9162,#9194,.T.);
#9192 = VERTEX_POINT('',#9193);
#9193 = CARTESIAN_POINT('',(-4.275,2.055,2.025));
#9194 = LINE('',#9195,#9196);
#9195 = CARTESIAN_POINT('',(7.875,2.055,2.025));
#9196 = VECTOR('',#9197,1.);
#9197 = DIRECTION('',(1.,0.,0.));
#9198 = ORIENTED_EDGE('',*,*,#9199,.T.);
#9199 = EDGE_CURVE('',#9192,#7687,#9200,.T.);
#9200 = LINE('',#9201,#9202);
#9201 = CARTESIAN_POINT('',(-4.275,2.055,2.025));
#9202 = VECTOR('',#9203,1.);
#9203 = DIRECTION('',(-0.,-0.707106781187,-0.707106781187));
#9204 = ORIENTED_EDGE('',*,*,#7684,.F.);
#9205 = ORIENTED_EDGE('',*,*,#9169,.F.);
#9206 = PLANE('',#9207);
#9207 = AXIS2_PLACEMENT_3D('',#9208,#9209,#9210);
#9208 = CARTESIAN_POINT('',(7.875,2.055,2.025));
#9209 = DIRECTION('',(-0.,0.707106781187,-0.707106781187));
#9210 = DIRECTION('',(1.,0.,-0.));
#9211 = ADVANCED_FACE('',(#9212),#9237,.F.);
#9212 = FACE_BOUND('',#9213,.T.);
#9213 = EDGE_LOOP('',(#9214,#9222,#9230,#9236));
#9214 = ORIENTED_EDGE('',*,*,#9215,.F.);
#9215 = EDGE_CURVE('',#9216,#7645,#9218,.T.);
#9216 = VERTEX_POINT('',#9217);
#9217 = CARTESIAN_POINT('',(-4.475,2.055,2.025));
#9218 = LINE('',#9219,#9220);
#9219 = CARTESIAN_POINT('',(-4.475,2.055,2.025));
#9220 = VECTOR('',#9221,1.);
#9221 = DIRECTION('',(-0.,-0.707106781187,-0.707106781187));
#9222 = ORIENTED_EDGE('',*,*,#9223,.F.);
#9223 = EDGE_CURVE('',#9224,#9216,#9226,.T.);
#9224 = VERTEX_POINT('',#9225);
#9225 = CARTESIAN_POINT('',(-4.6875,2.055,2.025));
#9226 = LINE('',#9227,#9228);
#9227 = CARTESIAN_POINT('',(7.875,2.055,2.025));
#9228 = VECTOR('',#9229,1.);
#9229 = DIRECTION('',(1.,0.,0.));
#9230 = ORIENTED_EDGE('',*,*,#9231,.F.);
#9231 = EDGE_CURVE('',#7655,#9224,#9232,.T.);
#9232 = LINE('',#9233,#9234);
#9233 = CARTESIAN_POINT('',(-4.6875,4.75E-02,1.75E-02));
#9234 = VECTOR('',#9235,1.);
#9235 = DIRECTION('',(-0.,0.707106781187,0.707106781187));
#9236 = ORIENTED_EDGE('',*,*,#7654,.F.);
#9237 = PLANE('',#9238);
#9238 = AXIS2_PLACEMENT_3D('',#9239,#9240,#9241);
#9239 = CARTESIAN_POINT('',(7.875,2.055,2.025));
#9240 = DIRECTION('',(-0.,0.707106781187,-0.707106781187));
#9241 = DIRECTION('',(1.,0.,-0.));
#9242 = ADVANCED_FACE('',(#9243),#9269,.T.);
#9243 = FACE_BOUND('',#9244,.T.);
#9244 = EDGE_LOOP('',(#9245,#9246,#9247,#9255,#9263));
#9245 = ORIENTED_EDGE('',*,*,#7662,.T.);
#9246 = ORIENTED_EDGE('',*,*,#9231,.T.);
#9247 = ORIENTED_EDGE('',*,*,#9248,.F.);
#9248 = EDGE_CURVE('',#9249,#9224,#9251,.T.);
#9249 = VERTEX_POINT('',#9250);
#9250 = CARTESIAN_POINT('',(-4.6875,2.255,2.025));
#9251 = LINE('',#9252,#9253);
#9252 = CARTESIAN_POINT('',(-4.6875,0.,2.025));
#9253 = VECTOR('',#9254,1.);
#9254 = DIRECTION('',(0.,-1.,0.));
#9255 = ORIENTED_EDGE('',*,*,#9256,.F.);
#9256 = EDGE_CURVE('',#9257,#9249,#9259,.T.);
#9257 = VERTEX_POINT('',#9258);
#9258 = CARTESIAN_POINT('',(-4.6875,2.255,6.5E-02));
#9259 = LINE('',#9260,#9261);
#9260 = CARTESIAN_POINT('',(-4.6875,2.255,6.5E-02));
#9261 = VECTOR('',#9262,1.);
#9262 = DIRECTION('',(-0.,-0.,1.));
#9263 = ORIENTED_EDGE('',*,*,#9264,.T.);
#9264 = EDGE_CURVE('',#9257,#7663,#9265,.T.);
#9265 = LINE('',#9266,#9267);
#9266 = CARTESIAN_POINT('',(-4.6875,0.,6.5E-02));
#9267 = VECTOR('',#9268,1.);
#9268 = DIRECTION('',(0.,-1.,0.));
#9269 = PLANE('',#9270);
#9270 = AXIS2_PLACEMENT_3D('',#9271,#9272,#9273);
#9271 = CARTESIAN_POINT('',(-4.6875,0.,6.5E-02));
#9272 = DIRECTION('',(-1.,0.,-0.));
#9273 = DIRECTION('',(0.,0.,1.));
#9274 = ADVANCED_FACE('',(#9275),#9300,.T.);
#9275 = FACE_BOUND('',#9276,.T.);
#9276 = EDGE_LOOP('',(#9277,#9287,#9293,#9294));
#9277 = ORIENTED_EDGE('',*,*,#9278,.F.);
#9278 = EDGE_CURVE('',#9279,#9281,#9283,.T.);
#9279 = VERTEX_POINT('',#9280);
#9280 = CARTESIAN_POINT('',(-5.3125,2.255,6.5E-02));
#9281 = VERTEX_POINT('',#9282);
#9282 = CARTESIAN_POINT('',(-5.3125,2.255,2.025));
#9283 = LINE('',#9284,#9285);
#9284 = CARTESIAN_POINT('',(-5.3125,2.255,-10.40208472228));
#9285 = VECTOR('',#9286,1.);
#9286 = DIRECTION('',(0.,0.,1.));
#9287 = ORIENTED_EDGE('',*,*,#9288,.T.);
#9288 = EDGE_CURVE('',#9279,#9257,#9289,.T.);
#9289 = LINE('',#9290,#9291);
#9290 = CARTESIAN_POINT('',(0.,2.255,6.5E-02));
#9291 = VECTOR('',#9292,1.);
#9292 = DIRECTION('',(1.,0.,0.));
#9293 = ORIENTED_EDGE('',*,*,#9256,.T.);
#9294 = ORIENTED_EDGE('',*,*,#9295,.F.);
#9295 = EDGE_CURVE('',#9281,#9249,#9296,.T.);
#9296 = LINE('',#9297,#9298);
#9297 = CARTESIAN_POINT('',(-0.,2.255,2.025));
#9298 = VECTOR('',#9299,1.);
#9299 = DIRECTION('',(1.,0.,0.));
#9300 = PLANE('',#9301);
#9301 = AXIS2_PLACEMENT_3D('',#9302,#9303,#9304);
#9302 = CARTESIAN_POINT('',(0.,2.255,6.5E-02));
#9303 = DIRECTION('',(0.,-1.,0.));
#9304 = DIRECTION('',(0.,-0.,-1.));
#9305 = ADVANCED_FACE('',(#9306),#9330,.T.);
#9306 = FACE_BOUND('',#9307,.T.);
#9307 = EDGE_LOOP('',(#9308,#9309,#9317,#9323,#9324));
#9308 = ORIENTED_EDGE('',*,*,#9278,.T.);
#9309 = ORIENTED_EDGE('',*,*,#9310,.F.);
#9310 = EDGE_CURVE('',#9311,#9281,#9313,.T.);
#9311 = VERTEX_POINT('',#9312);
#9312 = CARTESIAN_POINT('',(-5.3125,2.055,2.025));
#9313 = LINE('',#9314,#9315);
#9314 = CARTESIAN_POINT('',(-5.3125,0.,2.025));
#9315 = VECTOR('',#9316,1.);
#9316 = DIRECTION('',(0.,1.,-0.));
#9317 = ORIENTED_EDGE('',*,*,#9318,.T.);
#9318 = EDGE_CURVE('',#9311,#8178,#9319,.T.);
#9319 = LINE('',#9320,#9321);
#9320 = CARTESIAN_POINT('',(-5.3125,4.75E-02,1.75E-02));
#9321 = VECTOR('',#9322,1.);
#9322 = DIRECTION('',(-0.,-0.707106781187,-0.707106781187));
#9323 = ORIENTED_EDGE('',*,*,#8203,.F.);
#9324 = ORIENTED_EDGE('',*,*,#9325,.T.);
#9325 = EDGE_CURVE('',#8196,#9279,#9326,.T.);
#9326 = LINE('',#9327,#9328);
#9327 = CARTESIAN_POINT('',(-5.3125,0.,6.5E-02));
#9328 = VECTOR('',#9329,1.);
#9329 = DIRECTION('',(0.,1.,-0.));
#9330 = PLANE('',#9331);
#9331 = AXIS2_PLACEMENT_3D('',#9332,#9333,#9334);
#9332 = CARTESIAN_POINT('',(-5.3125,0.,6.5E-02));
#9333 = DIRECTION('',(1.,0.,0.));
#9334 = DIRECTION('',(0.,0.,-1.));
#9335 = ADVANCED_FACE('',(#9336),#9354,.F.);
#9336 = FACE_BOUND('',#9337,.T.);
#9337 = EDGE_LOOP('',(#9338,#9346,#9352,#9353));
#9338 = ORIENTED_EDGE('',*,*,#9339,.F.);
#9339 = EDGE_CURVE('',#9340,#9311,#9342,.T.);
#9340 = VERTEX_POINT('',#9341);
#9341 = CARTESIAN_POINT('',(-5.525,2.055,2.025));
#9342 = LINE('',#9343,#9344);
#9343 = CARTESIAN_POINT('',(7.875,2.055,2.025));
#9344 = VECTOR('',#9345,1.);
#9345 = DIRECTION('',(1.,0.,0.));
#9346 = ORIENTED_EDGE('',*,*,#9347,.T.);
#9347 = EDGE_CURVE('',#9340,#8180,#9348,.T.);
#9348 = LINE('',#9349,#9350);
#9349 = CARTESIAN_POINT('',(-5.525,2.055,2.025));
#9350 = VECTOR('',#9351,1.);
#9351 = DIRECTION('',(-0.,-0.707106781187,-0.707106781187));
#9352 = ORIENTED_EDGE('',*,*,#8177,.F.);
#9353 = ORIENTED_EDGE('',*,*,#9318,.F.);
#9354 = PLANE('',#9355);
#9355 = AXIS2_PLACEMENT_3D('',#9356,#9357,#9358);
#9356 = CARTESIAN_POINT('',(7.875,2.055,2.025));
#9357 = DIRECTION('',(-0.,0.707106781187,-0.707106781187));
#9358 = DIRECTION('',(1.,0.,-0.));
#9359 = ADVANCED_FACE('',(#9360),#9385,.F.);
#9360 = FACE_BOUND('',#9361,.T.);
#9361 = EDGE_LOOP('',(#9362,#9370,#9378,#9384));
#9362 = ORIENTED_EDGE('',*,*,#9363,.F.);
#9363 = EDGE_CURVE('',#9364,#8138,#9366,.T.);
#9364 = VERTEX_POINT('',#9365);
#9365 = CARTESIAN_POINT('',(-5.725,2.055,2.025));
#9366 = LINE('',#9367,#9368);
#9367 = CARTESIAN_POINT('',(-5.725,2.055,2.025));
#9368 = VECTOR('',#9369,1.);
#9369 = DIRECTION('',(-0.,-0.707106781187,-0.707106781187));
#9370 = ORIENTED_EDGE('',*,*,#9371,.F.);
#9371 = EDGE_CURVE('',#9372,#9364,#9374,.T.);
#9372 = VERTEX_POINT('',#9373);
#9373 = CARTESIAN_POINT('',(-5.9375,2.055,2.025));
#9374 = LINE('',#9375,#9376);
#9375 = CARTESIAN_POINT('',(7.875,2.055,2.025));
#9376 = VECTOR('',#9377,1.);
#9377 = DIRECTION('',(1.,0.,0.));
#9378 = ORIENTED_EDGE('',*,*,#9379,.F.);
#9379 = EDGE_CURVE('',#8148,#9372,#9380,.T.);
#9380 = LINE('',#9381,#9382);
#9381 = CARTESIAN_POINT('',(-5.9375,4.75E-02,1.75E-02));
#9382 = VECTOR('',#9383,1.);
#9383 = DIRECTION('',(-0.,0.707106781187,0.707106781187));
#9384 = ORIENTED_EDGE('',*,*,#8147,.F.);
#9385 = PLANE('',#9386);
#9386 = AXIS2_PLACEMENT_3D('',#9387,#9388,#9389);
#9387 = CARTESIAN_POINT('',(7.875,2.055,2.025));
#9388 = DIRECTION('',(-0.,0.707106781187,-0.707106781187));
#9389 = DIRECTION('',(1.,0.,-0.));
#9390 = ADVANCED_FACE('',(#9391),#9417,.T.);
#9391 = FACE_BOUND('',#9392,.T.);
#9392 = EDGE_LOOP('',(#9393,#9394,#9395,#9403,#9411));
#9393 = ORIENTED_EDGE('',*,*,#8155,.T.);
#9394 = ORIENTED_EDGE('',*,*,#9379,.T.);
#9395 = ORIENTED_EDGE('',*,*,#9396,.F.);
#9396 = EDGE_CURVE('',#9397,#9372,#9399,.T.);
#9397 = VERTEX_POINT('',#9398);
#9398 = CARTESIAN_POINT('',(-5.9375,2.255,2.025));
#9399 = LINE('',#9400,#9401);
#9400 = CARTESIAN_POINT('',(-5.9375,0.,2.025));
#9401 = VECTOR('',#9402,1.);
#9402 = DIRECTION('',(0.,-1.,0.));
#9403 = ORIENTED_EDGE('',*,*,#9404,.F.);
#9404 = EDGE_CURVE('',#9405,#9397,#9407,.T.);
#9405 = VERTEX_POINT('',#9406);
#9406 = CARTESIAN_POINT('',(-5.9375,2.255,6.5E-02));
#9407 = LINE('',#9408,#9409);
#9408 = CARTESIAN_POINT('',(-5.9375,2.255,6.5E-02));
#9409 = VECTOR('',#9410,1.);
#9410 = DIRECTION('',(-0.,-0.,1.));
#9411 = ORIENTED_EDGE('',*,*,#9412,.T.);
#9412 = EDGE_CURVE('',#9405,#8156,#9413,.T.);
#9413 = LINE('',#9414,#9415);
#9414 = CARTESIAN_POINT('',(-5.9375,0.,6.5E-02));
#9415 = VECTOR('',#9416,1.);
#9416 = DIRECTION('',(0.,-1.,0.));
#9417 = PLANE('',#9418);
#9418 = AXIS2_PLACEMENT_3D('',#9419,#9420,#9421);
#9419 = CARTESIAN_POINT('',(-5.9375,0.,6.5E-02));
#9420 = DIRECTION('',(-1.,0.,-0.));
#9421 = DIRECTION('',(0.,0.,1.));
#9422 = ADVANCED_FACE('',(#9423),#9447,.T.);
#9423 = FACE_BOUND('',#9424,.T.);
#9424 = EDGE_LOOP('',(#9425,#9426,#9434,#9440,#9441));
#9425 = ORIENTED_EDGE('',*,*,#9404,.T.);
#9426 = ORIENTED_EDGE('',*,*,#9427,.F.);
#9427 = EDGE_CURVE('',#9428,#9397,#9430,.T.);
#9428 = VERTEX_POINT('',#9429);
#9429 = CARTESIAN_POINT('',(-6.16375,2.255,2.025));
#9430 = LINE('',#9431,#9432);
#9431 = CARTESIAN_POINT('',(-0.,2.255,2.025));
#9432 = VECTOR('',#9433,1.);
#9433 = DIRECTION('',(1.,0.,0.));
#9434 = ORIENTED_EDGE('',*,*,#9435,.T.);
#9435 = EDGE_CURVE('',#9428,#8107,#9436,.T.);
#9436 = LINE('',#9437,#9438);
#9437 = CARTESIAN_POINT('',(-4.061875,2.255,4.126875));
#9438 = VECTOR('',#9439,1.);
#9439 = DIRECTION('',(-0.707106781187,-0.,-0.707106781187));
#9440 = ORIENTED_EDGE('',*,*,#8123,.T.);
#9441 = ORIENTED_EDGE('',*,*,#9442,.T.);
#9442 = EDGE_CURVE('',#8116,#9405,#9443,.T.);
#9443 = LINE('',#9444,#9445);
#9444 = CARTESIAN_POINT('',(-8.194767476705,2.255,6.5E-02));
#9445 = VECTOR('',#9446,1.);
#9446 = DIRECTION('',(1.,0.,0.));
#9447 = PLANE('',#9448);
#9448 = AXIS2_PLACEMENT_3D('',#9449,#9450,#9451);
#9449 = CARTESIAN_POINT('',(0.,2.255,6.5E-02));
#9450 = DIRECTION('',(0.,-1.,0.));
#9451 = DIRECTION('',(0.,-0.,-1.));
#9452 = ADVANCED_FACE('',(#9453),#9471,.F.);
#9453 = FACE_BOUND('',#9454,.T.);
#9454 = EDGE_LOOP('',(#9455,#9456,#9464,#9470));
#9455 = ORIENTED_EDGE('',*,*,#9435,.F.);
#9456 = ORIENTED_EDGE('',*,*,#9457,.F.);
#9457 = EDGE_CURVE('',#9458,#9428,#9460,.T.);
#9458 = VERTEX_POINT('',#9459);
#9459 = CARTESIAN_POINT('',(-6.16375,2.96,2.025));
#9460 = LINE('',#9461,#9462);
#9461 = CARTESIAN_POINT('',(-6.16375,0.,2.025));
#9462 = VECTOR('',#9463,1.);
#9463 = DIRECTION('',(0.,-1.,0.));
#9464 = ORIENTED_EDGE('',*,*,#9465,.F.);
#9465 = EDGE_CURVE('',#8078,#9458,#9466,.T.);
#9466 = LINE('',#9467,#9468);
#9467 = CARTESIAN_POINT('',(-7.150416666667,1.973333333333,
    1.038333333333));
#9468 = VECTOR('',#9469,1.);
#9469 = DIRECTION('',(0.57735026919,0.57735026919,0.57735026919));
#9470 = ORIENTED_EDGE('',*,*,#8106,.T.);
#9471 = PLANE('',#9472);
#9472 = AXIS2_PLACEMENT_3D('',#9473,#9474,#9475);
#9473 = CARTESIAN_POINT('',(-6.16375,0.,2.025));
#9474 = DIRECTION('',(0.707106781187,0.,-0.707106781187));
#9475 = DIRECTION('',(0.,-1.,0.));
#9476 = ADVANCED_FACE('',(#9477),#9495,.F.);
#9477 = FACE_BOUND('',#9478,.T.);
#9478 = EDGE_LOOP('',(#9479,#9480,#9488,#9494));
#9479 = ORIENTED_EDGE('',*,*,#9465,.T.);
#9480 = ORIENTED_EDGE('',*,*,#9481,.F.);
#9481 = EDGE_CURVE('',#9482,#9458,#9484,.T.);
#9482 = VERTEX_POINT('',#9483);
#9483 = CARTESIAN_POINT('',(-6.99,2.96,2.025));
#9484 = LINE('',#9485,#9486);
#9485 = CARTESIAN_POINT('',(7.875,2.96,2.025));
#9486 = VECTOR('',#9487,1.);
#9487 = DIRECTION('',(1.,0.,0.));
#9488 = ORIENTED_EDGE('',*,*,#9489,.F.);
#9489 = EDGE_CURVE('',#8047,#9482,#9490,.T.);
#9490 = LINE('',#9491,#9492);
#9491 = CARTESIAN_POINT('',(-5.87,1.84,0.905));
#9492 = VECTOR('',#9493,1.);
#9493 = DIRECTION('',(-0.57735026919,0.57735026919,0.57735026919));
#9494 = ORIENTED_EDGE('',*,*,#8085,.F.);
#9495 = PLANE('',#9496);
#9496 = AXIS2_PLACEMENT_3D('',#9497,#9498,#9499);
#9497 = CARTESIAN_POINT('',(7.875,2.96,2.025));
#9498 = DIRECTION('',(-0.,0.707106781187,-0.707106781187));
#9499 = DIRECTION('',(1.,0.,-0.));
#9500 = ADVANCED_FACE('',(#9501),#9519,.T.);
#9501 = FACE_BOUND('',#9502,.T.);
#9502 = EDGE_LOOP('',(#9503,#9504,#9512,#9518));
#9503 = ORIENTED_EDGE('',*,*,#9489,.T.);
#9504 = ORIENTED_EDGE('',*,*,#9505,.F.);
#9505 = EDGE_CURVE('',#9506,#9482,#9508,.T.);
#9506 = VERTEX_POINT('',#9507);
#9507 = CARTESIAN_POINT('',(-6.99,0.58,2.025));
#9508 = LINE('',#9509,#9510);
#9509 = CARTESIAN_POINT('',(-6.99,2.76,2.025));
#9510 = VECTOR('',#9511,1.);
#9511 = DIRECTION('',(0.,1.,0.));
#9512 = ORIENTED_EDGE('',*,*,#9513,.F.);
#9513 = EDGE_CURVE('',#8023,#9506,#9514,.T.);
#9514 = LINE('',#9515,#9516);
#9515 = CARTESIAN_POINT('',(-4.526666666667,3.043333333333,
    -0.438333333333));
#9516 = VECTOR('',#9517,1.);
#9517 = DIRECTION('',(-0.57735026919,-0.57735026919,0.57735026919));
#9518 = ORIENTED_EDGE('',*,*,#8054,.F.);
#9519 = PLANE('',#9520);
#9520 = AXIS2_PLACEMENT_3D('',#9521,#9522,#9523);
#9521 = CARTESIAN_POINT('',(-6.79,0.,1.825));
#9522 = DIRECTION('',(0.707106781187,-0.,0.707106781187));
#9523 = DIRECTION('',(0.,1.,0.));
#9524 = ADVANCED_FACE('',(#9525),#9543,.T.);
#9525 = FACE_BOUND('',#9526,.T.);
#9526 = EDGE_LOOP('',(#9527,#9535,#9541,#9542));
#9527 = ORIENTED_EDGE('',*,*,#9528,.F.);
#9528 = EDGE_CURVE('',#9529,#9506,#9531,.T.);
#9529 = VERTEX_POINT('',#9530);
#9530 = CARTESIAN_POINT('',(-5.725,0.58,2.025));
#9531 = LINE('',#9532,#9533);
#9532 = CARTESIAN_POINT('',(-6.79,0.58,2.025));
#9533 = VECTOR('',#9534,1.);
#9534 = DIRECTION('',(-1.,-1.19757235547E-16,0.));
#9535 = ORIENTED_EDGE('',*,*,#9536,.T.);
#9536 = EDGE_CURVE('',#9529,#8007,#9537,.T.);
#9537 = LINE('',#9538,#9539);
#9538 = CARTESIAN_POINT('',(-5.725,0.78,1.825));
#9539 = VECTOR('',#9540,1.);
#9540 = DIRECTION('',(0.,0.707106781187,-0.707106781187));
#9541 = ORIENTED_EDGE('',*,*,#8030,.F.);
#9542 = ORIENTED_EDGE('',*,*,#9513,.T.);
#9543 = PLANE('',#9544);
#9544 = AXIS2_PLACEMENT_3D('',#9545,#9546,#9547);
#9545 = CARTESIAN_POINT('',(-9.341064372666E-17,0.78,1.825));
#9546 = DIRECTION('',(-8.468115335144E-17,0.707106781187,0.707106781187)
  );
#9547 = DIRECTION('',(-1.,-1.19757235547E-16,0.));
#9548 = ADVANCED_FACE('',(#9549),#9575,.T.);
#9549 = FACE_BOUND('',#9550,.T.);
#9550 = EDGE_LOOP('',(#9551,#9552,#9553,#9561,#9569));
#9551 = ORIENTED_EDGE('',*,*,#8004,.T.);
#9552 = ORIENTED_EDGE('',*,*,#9536,.F.);
#9553 = ORIENTED_EDGE('',*,*,#9554,.T.);
#9554 = EDGE_CURVE('',#9529,#9555,#9557,.T.);
#9555 = VERTEX_POINT('',#9556);
#9556 = CARTESIAN_POINT('',(-5.725,0.55,2.025));
#9557 = LINE('',#9558,#9559);
#9558 = CARTESIAN_POINT('',(-5.725,2.085,2.025));
#9559 = VECTOR('',#9560,1.);
#9560 = DIRECTION('',(0.,-1.,0.));
#9561 = ORIENTED_EDGE('',*,*,#9562,.T.);
#9562 = EDGE_CURVE('',#9555,#9563,#9565,.T.);
#9563 = VERTEX_POINT('',#9564);
#9564 = CARTESIAN_POINT('',(-5.725,0.55,6.5E-02));
#9565 = LINE('',#9566,#9567);
#9566 = CARTESIAN_POINT('',(-5.725,0.55,2.025));
#9567 = VECTOR('',#9568,1.);
#9568 = DIRECTION('',(0.,0.,-1.));
#9569 = ORIENTED_EDGE('',*,*,#9570,.F.);
#9570 = EDGE_CURVE('',#8005,#9563,#9571,.T.);
#9571 = LINE('',#9572,#9573);
#9572 = CARTESIAN_POINT('',(-5.725,2.085,6.5E-02));
#9573 = VECTOR('',#9574,1.);
#9574 = DIRECTION('',(0.,-1.,0.));
#9575 = PLANE('',#9576);
#9576 = AXIS2_PLACEMENT_3D('',#9577,#9578,#9579);
#9577 = CARTESIAN_POINT('',(-5.725,0.,2.025));
#9578 = DIRECTION('',(1.,0.,0.));
#9579 = DIRECTION('',(0.,0.,-1.));
#9580 = ADVANCED_FACE('',(#9581),#9606,.T.);
#9581 = FACE_BOUND('',#9582,.T.);
#9582 = EDGE_LOOP('',(#9583,#9591,#9592,#9600));
#9583 = ORIENTED_EDGE('',*,*,#9584,.F.);
#9584 = EDGE_CURVE('',#9563,#9585,#9587,.T.);
#9585 = VERTEX_POINT('',#9586);
#9586 = CARTESIAN_POINT('',(-5.525,0.55,6.5E-02));
#9587 = LINE('',#9588,#9589);
#9588 = CARTESIAN_POINT('',(-0.,0.55,6.5E-02));
#9589 = VECTOR('',#9590,1.);
#9590 = DIRECTION('',(1.,0.,0.));
#9591 = ORIENTED_EDGE('',*,*,#9562,.F.);
#9592 = ORIENTED_EDGE('',*,*,#9593,.T.);
#9593 = EDGE_CURVE('',#9555,#9594,#9596,.T.);
#9594 = VERTEX_POINT('',#9595);
#9595 = CARTESIAN_POINT('',(-5.525,0.55,2.025));
#9596 = LINE('',#9597,#9598);
#9597 = CARTESIAN_POINT('',(-0.,0.55,2.025));
#9598 = VECTOR('',#9599,1.);
#9599 = DIRECTION('',(1.,0.,0.));
#9600 = ORIENTED_EDGE('',*,*,#9601,.T.);
#9601 = EDGE_CURVE('',#9594,#9585,#9602,.T.);
#9602 = LINE('',#9603,#9604);
#9603 = CARTESIAN_POINT('',(-5.525,0.55,2.025));
#9604 = VECTOR('',#9605,1.);
#9605 = DIRECTION('',(0.,0.,-1.));
#9606 = PLANE('',#9607);
#9607 = AXIS2_PLACEMENT_3D('',#9608,#9609,#9610);
#9608 = CARTESIAN_POINT('',(0.,0.55,2.025));
#9609 = DIRECTION('',(-0.,1.,0.));
#9610 = DIRECTION('',(0.,0.,1.));
#9611 = ADVANCED_FACE('',(#9612),#9636,.F.);
#9612 = FACE_BOUND('',#9613,.T.);
#9613 = EDGE_LOOP('',(#9614,#9620,#9621,#9629,#9635));
#9614 = ORIENTED_EDGE('',*,*,#9615,.T.);
#9615 = EDGE_CURVE('',#7965,#9585,#9616,.T.);
#9616 = LINE('',#9617,#9618);
#9617 = CARTESIAN_POINT('',(-5.525,2.085,6.5E-02));
#9618 = VECTOR('',#9619,1.);
#9619 = DIRECTION('',(0.,-1.,0.));
#9620 = ORIENTED_EDGE('',*,*,#9601,.F.);
#9621 = ORIENTED_EDGE('',*,*,#9622,.F.);
#9622 = EDGE_CURVE('',#9623,#9594,#9625,.T.);
#9623 = VERTEX_POINT('',#9624);
#9624 = CARTESIAN_POINT('',(-5.525,0.58,2.025));
#9625 = LINE('',#9626,#9627);
#9626 = CARTESIAN_POINT('',(-5.525,2.085,2.025));
#9627 = VECTOR('',#9628,1.);
#9628 = DIRECTION('',(0.,-1.,0.));
#9629 = ORIENTED_EDGE('',*,*,#9630,.T.);
#9630 = EDGE_CURVE('',#9623,#7975,#9631,.T.);
#9631 = LINE('',#9632,#9633);
#9632 = CARTESIAN_POINT('',(-5.525,0.78,1.825));
#9633 = VECTOR('',#9634,1.);
#9634 = DIRECTION('',(0.,0.707106781187,-0.707106781187));
#9635 = ORIENTED_EDGE('',*,*,#7974,.F.);
#9636 = PLANE('',#9637);
#9637 = AXIS2_PLACEMENT_3D('',#9638,#9639,#9640);
#9638 = CARTESIAN_POINT('',(-5.525,0.,2.025));
#9639 = DIRECTION('',(1.,0.,0.));
#9640 = DIRECTION('',(0.,0.,-1.));
#9641 = ADVANCED_FACE('',(#9642),#9653,.T.);
#9642 = FACE_BOUND('',#9643,.T.);
#9643 = EDGE_LOOP('',(#9644,#9645,#9646,#9652));
#9644 = ORIENTED_EDGE('',*,*,#7982,.F.);
#9645 = ORIENTED_EDGE('',*,*,#9630,.F.);
#9646 = ORIENTED_EDGE('',*,*,#9647,.F.);
#9647 = EDGE_CURVE('',#8317,#9623,#9648,.T.);
#9648 = LINE('',#9649,#9650);
#9649 = CARTESIAN_POINT('',(-6.79,0.58,2.025));
#9650 = VECTOR('',#9651,1.);
#9651 = DIRECTION('',(-1.,-1.19757235547E-16,0.));
#9652 = ORIENTED_EDGE('',*,*,#8316,.T.);
#9653 = PLANE('',#9654);
#9654 = AXIS2_PLACEMENT_3D('',#9655,#9656,#9657);
#9655 = CARTESIAN_POINT('',(-9.341064372666E-17,0.78,1.825));
#9656 = DIRECTION('',(-8.468115335144E-17,0.707106781187,0.707106781187)
  );
#9657 = DIRECTION('',(-1.,-1.19757235547E-16,0.));
#9658 = ADVANCED_FACE('',(#9659),#9684,.F.);
#9659 = FACE_BOUND('',#9660,.T.);
#9660 = EDGE_LOOP('',(#9661,#9671,#9677,#9678));
#9661 = ORIENTED_EDGE('',*,*,#9662,.T.);
#9662 = EDGE_CURVE('',#9663,#9665,#9667,.T.);
#9663 = VERTEX_POINT('',#9664);
#9664 = CARTESIAN_POINT('',(-6.8,3.24,-2.025));
#9665 = VERTEX_POINT('',#9666);
#9666 = CARTESIAN_POINT('',(-6.8,3.82,-2.025));
#9667 = LINE('',#9668,#9669);
#9668 = CARTESIAN_POINT('',(-6.8,3.82,-2.025));
#9669 = VECTOR('',#9670,1.);
#9670 = DIRECTION('',(-1.495451272394E-15,1.,-0.));
#9671 = ORIENTED_EDGE('',*,*,#9672,.F.);
#9672 = EDGE_CURVE('',#7110,#9665,#9673,.T.);
#9673 = LINE('',#9674,#9675);
#9674 = CARTESIAN_POINT('',(-6.8,3.82,-1.225));
#9675 = VECTOR('',#9676,1.);
#9676 = DIRECTION('',(-0.,-0.,-1.));
#9677 = ORIENTED_EDGE('',*,*,#7109,.F.);
#9678 = ORIENTED_EDGE('',*,*,#9679,.T.);
#9679 = EDGE_CURVE('',#7102,#9663,#9680,.T.);
#9680 = LINE('',#9681,#9682);
#9681 = CARTESIAN_POINT('',(-6.8,3.24,-1.225));
#9682 = VECTOR('',#9683,1.);
#9683 = DIRECTION('',(-0.,-0.,-1.));
#9684 = PLANE('',#9685);
#9685 = AXIS2_PLACEMENT_3D('',#9686,#9687,#9688);
#9686 = CARTESIAN_POINT('',(-6.8,3.82,-1.225));
#9687 = DIRECTION('',(-1.,-1.495451272394E-15,0.));
#9688 = DIRECTION('',(1.495451272394E-15,-1.,0.));
#9689 = ADVANCED_FACE('',(#9690),#9708,.F.);
#9690 = FACE_BOUND('',#9691,.T.);
#9691 = EDGE_LOOP('',(#9692,#9700,#9706,#9707));
#9692 = ORIENTED_EDGE('',*,*,#9693,.T.);
#9693 = EDGE_CURVE('',#9665,#9694,#9696,.T.);
#9694 = VERTEX_POINT('',#9695);
#9695 = CARTESIAN_POINT('',(-6.44,3.82,-2.025));
#9696 = LINE('',#9697,#9698);
#9697 = CARTESIAN_POINT('',(-6.44,3.82,-2.025));
#9698 = VECTOR('',#9699,1.);
#9699 = DIRECTION('',(1.,-0.,-0.));
#9700 = ORIENTED_EDGE('',*,*,#9701,.F.);
#9701 = EDGE_CURVE('',#7092,#9694,#9702,.T.);
#9702 = LINE('',#9703,#9704);
#9703 = CARTESIAN_POINT('',(-6.44,3.82,-1.225));
#9704 = VECTOR('',#9705,1.);
#9705 = DIRECTION('',(-0.,-0.,-1.));
#9706 = ORIENTED_EDGE('',*,*,#7117,.F.);
#9707 = ORIENTED_EDGE('',*,*,#9672,.T.);
#9708 = PLANE('',#9709);
#9709 = AXIS2_PLACEMENT_3D('',#9710,#9711,#9712);
#9710 = CARTESIAN_POINT('',(-6.44,3.82,-1.225));
#9711 = DIRECTION('',(0.,1.,-0.));
#9712 = DIRECTION('',(0.,0.,1.));
#9713 = ADVANCED_FACE('',(#9714),#9732,.F.);
#9714 = FACE_BOUND('',#9715,.T.);
#9715 = EDGE_LOOP('',(#9716,#9724,#9730,#9731));
#9716 = ORIENTED_EDGE('',*,*,#9717,.T.);
#9717 = EDGE_CURVE('',#9694,#9718,#9720,.T.);
#9718 = VERTEX_POINT('',#9719);
#9719 = CARTESIAN_POINT('',(-6.44,3.24,-2.025));
#9720 = LINE('',#9721,#9722);
#9721 = CARTESIAN_POINT('',(-6.44,3.82,-2.025));
#9722 = VECTOR('',#9723,1.);
#9723 = DIRECTION('',(0.,-1.,0.));
#9724 = ORIENTED_EDGE('',*,*,#9725,.F.);
#9725 = EDGE_CURVE('',#7094,#9718,#9726,.T.);
#9726 = LINE('',#9727,#9728);
#9727 = CARTESIAN_POINT('',(-6.44,3.24,-1.225));
#9728 = VECTOR('',#9729,1.);
#9729 = DIRECTION('',(-0.,-0.,-1.));
#9730 = ORIENTED_EDGE('',*,*,#7091,.F.);
#9731 = ORIENTED_EDGE('',*,*,#9701,.T.);
#9732 = PLANE('',#9733);
#9733 = AXIS2_PLACEMENT_3D('',#9734,#9735,#9736);
#9734 = CARTESIAN_POINT('',(-6.44,3.82,-1.225));
#9735 = DIRECTION('',(1.,0.,-0.));
#9736 = DIRECTION('',(-0.,0.,-1.));
#9737 = ADVANCED_FACE('',(#9738),#9749,.F.);
#9738 = FACE_BOUND('',#9739,.T.);
#9739 = EDGE_LOOP('',(#9740,#9746,#9747,#9748));
#9740 = ORIENTED_EDGE('',*,*,#9741,.T.);
#9741 = EDGE_CURVE('',#9718,#9663,#9742,.T.);
#9742 = LINE('',#9743,#9744);
#9743 = CARTESIAN_POINT('',(-6.44,3.24,-2.025));
#9744 = VECTOR('',#9745,1.);
#9745 = DIRECTION('',(-1.,-1.204669080539E-15,0.));
#9746 = ORIENTED_EDGE('',*,*,#9679,.F.);
#9747 = ORIENTED_EDGE('',*,*,#7101,.F.);
#9748 = ORIENTED_EDGE('',*,*,#9725,.T.);
#9749 = PLANE('',#9750);
#9750 = AXIS2_PLACEMENT_3D('',#9751,#9752,#9753);
#9751 = CARTESIAN_POINT('',(-6.44,3.24,-1.225));
#9752 = DIRECTION('',(1.204669080539E-15,-1.,0.));
#9753 = DIRECTION('',(1.,1.204669080539E-15,0.));
#9754 = ADVANCED_FACE('',(#9755),#9782,.F.);
#9755 = FACE_BOUND('',#9756,.T.);
#9756 = EDGE_LOOP('',(#9757,#9765,#9766,#9767,#9768,#9776));
#9757 = ORIENTED_EDGE('',*,*,#9758,.T.);
#9758 = EDGE_CURVE('',#9759,#7515,#9761,.T.);
#9759 = VERTEX_POINT('',#9760);
#9760 = CARTESIAN_POINT('',(-7.875,1.903,-2.025));
#9761 = LINE('',#9762,#9763);
#9762 = CARTESIAN_POINT('',(-7.875,1.903,0.));
#9763 = VECTOR('',#9764,1.);
#9764 = DIRECTION('',(0.,0.,1.));
#9765 = ORIENTED_EDGE('',*,*,#7531,.F.);
#9766 = ORIENTED_EDGE('',*,*,#7188,.F.);
#9767 = ORIENTED_EDGE('',*,*,#7259,.F.);
#9768 = ORIENTED_EDGE('',*,*,#9769,.F.);
#9769 = EDGE_CURVE('',#9770,#7252,#9772,.T.);
#9770 = VERTEX_POINT('',#9771);
#9771 = CARTESIAN_POINT('',(-7.015,1.903,-2.025));
#9772 = LINE('',#9773,#9774);
#9773 = CARTESIAN_POINT('',(-7.015,1.903,0.));
#9774 = VECTOR('',#9775,1.);
#9775 = DIRECTION('',(0.,0.,1.));
#9776 = ORIENTED_EDGE('',*,*,#9777,.T.);
#9777 = EDGE_CURVE('',#9770,#9759,#9778,.T.);
#9778 = LINE('',#9779,#9780);
#9779 = CARTESIAN_POINT('',(-7.015,1.903,-2.025));
#9780 = VECTOR('',#9781,1.);
#9781 = DIRECTION('',(-1.,-0.,-0.));
#9782 = PLANE('',#9783);
#9783 = AXIS2_PLACEMENT_3D('',#9784,#9785,#9786);
#9784 = CARTESIAN_POINT('',(-7.015,1.903,0.));
#9785 = DIRECTION('',(0.,-1.,0.));
#9786 = DIRECTION('',(0.,-0.,-1.));
#9787 = ADVANCED_FACE('',(#9788),#9822,.T.);
#9788 = FACE_BOUND('',#9789,.T.);
#9789 = EDGE_LOOP('',(#9790,#9800,#9808,#9816));
#9790 = ORIENTED_EDGE('',*,*,#9791,.F.);
#9791 = EDGE_CURVE('',#9792,#9794,#9796,.T.);
#9792 = VERTEX_POINT('',#9793);
#9793 = CARTESIAN_POINT('',(-5.725,2.085,2.025));
#9794 = VERTEX_POINT('',#9795);
#9795 = CARTESIAN_POINT('',(-5.525,2.085,2.025));
#9796 = LINE('',#9797,#9798);
#9797 = CARTESIAN_POINT('',(-0.,2.085,2.025));
#9798 = VECTOR('',#9799,1.);
#9799 = DIRECTION('',(1.,0.,0.));
#9800 = ORIENTED_EDGE('',*,*,#9801,.F.);
#9801 = EDGE_CURVE('',#9802,#9792,#9804,.T.);
#9802 = VERTEX_POINT('',#9803);
#9803 = CARTESIAN_POINT('',(-5.725,2.085,-2.025));
#9804 = LINE('',#9805,#9806);
#9805 = CARTESIAN_POINT('',(-5.725,2.085,-2.025));
#9806 = VECTOR('',#9807,1.);
#9807 = DIRECTION('',(-0.,-0.,1.));
#9808 = ORIENTED_EDGE('',*,*,#9809,.T.);
#9809 = EDGE_CURVE('',#9802,#9810,#9812,.T.);
#9810 = VERTEX_POINT('',#9811);
#9811 = CARTESIAN_POINT('',(-5.525,2.085,-2.025));
#9812 = LINE('',#9813,#9814);
#9813 = CARTESIAN_POINT('',(0.,2.085,-2.025));
#9814 = VECTOR('',#9815,1.);
#9815 = DIRECTION('',(1.,0.,0.));
#9816 = ORIENTED_EDGE('',*,*,#9817,.T.);
#9817 = EDGE_CURVE('',#9810,#9794,#9818,.T.);
#9818 = LINE('',#9819,#9820);
#9819 = CARTESIAN_POINT('',(-5.525,2.085,-2.025));
#9820 = VECTOR('',#9821,1.);
#9821 = DIRECTION('',(-0.,-0.,1.));
#9822 = PLANE('',#9823);
#9823 = AXIS2_PLACEMENT_3D('',#9824,#9825,#9826);
#9824 = CARTESIAN_POINT('',(0.,2.085,-2.025));
#9825 = DIRECTION('',(0.,-1.,0.));
#9826 = DIRECTION('',(0.,-0.,-1.));
#9827 = ADVANCED_FACE('',(#9828),#9862,.T.);
#9828 = FACE_BOUND('',#9829,.T.);
#9829 = EDGE_LOOP('',(#9830,#9840,#9848,#9856));
#9830 = ORIENTED_EDGE('',*,*,#9831,.F.);
#9831 = EDGE_CURVE('',#9832,#9834,#9836,.T.);
#9832 = VERTEX_POINT('',#9833);
#9833 = CARTESIAN_POINT('',(-4.475,2.085,2.025));
#9834 = VERTEX_POINT('',#9835);
#9835 = CARTESIAN_POINT('',(-4.275,2.085,2.025));
#9836 = LINE('',#9837,#9838);
#9837 = CARTESIAN_POINT('',(-0.,2.085,2.025));
#9838 = VECTOR('',#9839,1.);
#9839 = DIRECTION('',(1.,0.,0.));
#9840 = ORIENTED_EDGE('',*,*,#9841,.F.);
#9841 = EDGE_CURVE('',#9842,#9832,#9844,.T.);
#9842 = VERTEX_POINT('',#9843);
#9843 = CARTESIAN_POINT('',(-4.475,2.085,-2.025));
#9844 = LINE('',#9845,#9846);
#9845 = CARTESIAN_POINT('',(-4.475,2.085,-2.025));
#9846 = VECTOR('',#9847,1.);
#9847 = DIRECTION('',(-0.,-0.,1.));
#9848 = ORIENTED_EDGE('',*,*,#9849,.T.);
#9849 = EDGE_CURVE('',#9842,#9850,#9852,.T.);
#9850 = VERTEX_POINT('',#9851);
#9851 = CARTESIAN_POINT('',(-4.275,2.085,-2.025));
#9852 = LINE('',#9853,#9854);
#9853 = CARTESIAN_POINT('',(0.,2.085,-2.025));
#9854 = VECTOR('',#9855,1.);
#9855 = DIRECTION('',(1.,0.,0.));
#9856 = ORIENTED_EDGE('',*,*,#9857,.T.);
#9857 = EDGE_CURVE('',#9850,#9834,#9858,.T.);
#9858 = LINE('',#9859,#9860);
#9859 = CARTESIAN_POINT('',(-4.275,2.085,-2.025));
#9860 = VECTOR('',#9861,1.);
#9861 = DIRECTION('',(-0.,-0.,1.));
#9862 = PLANE('',#9863);
#9863 = AXIS2_PLACEMENT_3D('',#9864,#9865,#9866);
#9864 = CARTESIAN_POINT('',(0.,2.085,-2.025));
#9865 = DIRECTION('',(0.,-1.,0.));
#9866 = DIRECTION('',(0.,-0.,-1.));
#9867 = ADVANCED_FACE('',(#9868),#9902,.T.);
#9868 = FACE_BOUND('',#9869,.T.);
#9869 = EDGE_LOOP('',(#9870,#9880,#9888,#9896));
#9870 = ORIENTED_EDGE('',*,*,#9871,.F.);
#9871 = EDGE_CURVE('',#9872,#9874,#9876,.T.);
#9872 = VERTEX_POINT('',#9873);
#9873 = CARTESIAN_POINT('',(-3.225,2.085,2.025));
#9874 = VERTEX_POINT('',#9875);
#9875 = CARTESIAN_POINT('',(-3.025,2.085,2.025));
#9876 = LINE('',#9877,#9878);
#9877 = CARTESIAN_POINT('',(1.25,2.085,2.025));
#9878 = VECTOR('',#9879,1.);
#9879 = DIRECTION('',(1.,0.,0.));
#9880 = ORIENTED_EDGE('',*,*,#9881,.F.);
#9881 = EDGE_CURVE('',#9882,#9872,#9884,.T.);
#9882 = VERTEX_POINT('',#9883);
#9883 = CARTESIAN_POINT('',(-3.225,2.085,-2.025));
#9884 = LINE('',#9885,#9886);
#9885 = CARTESIAN_POINT('',(-3.225,2.085,-2.025));
#9886 = VECTOR('',#9887,1.);
#9887 = DIRECTION('',(-0.,-0.,1.));
#9888 = ORIENTED_EDGE('',*,*,#9889,.T.);
#9889 = EDGE_CURVE('',#9882,#9890,#9892,.T.);
#9890 = VERTEX_POINT('',#9891);
#9891 = CARTESIAN_POINT('',(-3.025,2.085,-2.025));
#9892 = LINE('',#9893,#9894);
#9893 = CARTESIAN_POINT('',(1.25,2.085,-2.025));
#9894 = VECTOR('',#9895,1.);
#9895 = DIRECTION('',(1.,0.,0.));
#9896 = ORIENTED_EDGE('',*,*,#9897,.T.);
#9897 = EDGE_CURVE('',#9890,#9874,#9898,.T.);
#9898 = LINE('',#9899,#9900);
#9899 = CARTESIAN_POINT('',(-3.025,2.085,-2.025));
#9900 = VECTOR('',#9901,1.);
#9901 = DIRECTION('',(-0.,-0.,1.));
#9902 = PLANE('',#9903);
#9903 = AXIS2_PLACEMENT_3D('',#9904,#9905,#9906);
#9904 = CARTESIAN_POINT('',(1.25,2.085,-2.025));
#9905 = DIRECTION('',(0.,-1.,0.));
#9906 = DIRECTION('',(0.,-0.,-1.));
#9907 = ADVANCED_FACE('',(#9908),#9942,.T.);
#9908 = FACE_BOUND('',#9909,.T.);
#9909 = EDGE_LOOP('',(#9910,#9920,#9928,#9936));
#9910 = ORIENTED_EDGE('',*,*,#9911,.F.);
#9911 = EDGE_CURVE('',#9912,#9914,#9916,.T.);
#9912 = VERTEX_POINT('',#9913);
#9913 = CARTESIAN_POINT('',(-1.975,2.085,2.025));
#9914 = VERTEX_POINT('',#9915);
#9915 = CARTESIAN_POINT('',(-1.775,2.085,2.025));
#9916 = LINE('',#9917,#9918);
#9917 = CARTESIAN_POINT('',(2.5,2.085,2.025));
#9918 = VECTOR('',#9919,1.);
#9919 = DIRECTION('',(1.,0.,0.));
#9920 = ORIENTED_EDGE('',*,*,#9921,.F.);
#9921 = EDGE_CURVE('',#9922,#9912,#9924,.T.);
#9922 = VERTEX_POINT('',#9923);
#9923 = CARTESIAN_POINT('',(-1.975,2.085,-2.025));
#9924 = LINE('',#9925,#9926);
#9925 = CARTESIAN_POINT('',(-1.975,2.085,-2.025));
#9926 = VECTOR('',#9927,1.);
#9927 = DIRECTION('',(-0.,-0.,1.));
#9928 = ORIENTED_EDGE('',*,*,#9929,.T.);
#9929 = EDGE_CURVE('',#9922,#9930,#9932,.T.);
#9930 = VERTEX_POINT('',#9931);
#9931 = CARTESIAN_POINT('',(-1.775,2.085,-2.025));
#9932 = LINE('',#9933,#9934);
#9933 = CARTESIAN_POINT('',(2.5,2.085,-2.025));
#9934 = VECTOR('',#9935,1.);
#9935 = DIRECTION('',(1.,0.,0.));
#9936 = ORIENTED_EDGE('',*,*,#9937,.T.);
#9937 = EDGE_CURVE('',#9930,#9914,#9938,.T.);
#9938 = LINE('',#9939,#9940);
#9939 = CARTESIAN_POINT('',(-1.775,2.085,-2.025));
#9940 = VECTOR('',#9941,1.);
#9941 = DIRECTION('',(-0.,-0.,1.));
#9942 = PLANE('',#9943);
#9943 = AXIS2_PLACEMENT_3D('',#9944,#9945,#9946);
#9944 = CARTESIAN_POINT('',(2.5,2.085,-2.025));
#9945 = DIRECTION('',(0.,-1.,0.));
#9946 = DIRECTION('',(0.,-0.,-1.));
#9947 = ADVANCED_FACE('',(#9948),#9982,.F.);
#9948 = FACE_BOUND('',#9949,.T.);
#9949 = EDGE_LOOP('',(#9950,#9960,#9968,#9976));
#9950 = ORIENTED_EDGE('',*,*,#9951,.T.);
#9951 = EDGE_CURVE('',#9952,#9954,#9956,.T.);
#9952 = VERTEX_POINT('',#9953);
#9953 = CARTESIAN_POINT('',(-5.8,2.49,-2.025));
#9954 = VERTEX_POINT('',#9955);
#9955 = CARTESIAN_POINT('',(-5.8,3.82,-2.025));
#9956 = LINE('',#9957,#9958);
#9957 = CARTESIAN_POINT('',(-5.8,3.82,-2.025));
#9958 = VECTOR('',#9959,1.);
#9959 = DIRECTION('',(-0.,1.,-0.));
#9960 = ORIENTED_EDGE('',*,*,#9961,.F.);
#9961 = EDGE_CURVE('',#9962,#9954,#9964,.T.);
#9962 = VERTEX_POINT('',#9963);
#9963 = CARTESIAN_POINT('',(-5.8,3.82,-1.225));
#9964 = LINE('',#9965,#9966);
#9965 = CARTESIAN_POINT('',(-5.8,3.82,-1.225));
#9966 = VECTOR('',#9967,1.);
#9967 = DIRECTION('',(-0.,-0.,-1.));
#9968 = ORIENTED_EDGE('',*,*,#9969,.F.);
#9969 = EDGE_CURVE('',#9970,#9962,#9972,.T.);
#9970 = VERTEX_POINT('',#9971);
#9971 = CARTESIAN_POINT('',(-5.8,2.49,-1.225));
#9972 = LINE('',#9973,#9974);
#9973 = CARTESIAN_POINT('',(-5.8,3.82,-1.225));
#9974 = VECTOR('',#9975,1.);
#9975 = DIRECTION('',(-0.,1.,-0.));
#9976 = ORIENTED_EDGE('',*,*,#9977,.T.);
#9977 = EDGE_CURVE('',#9970,#9952,#9978,.T.);
#9978 = LINE('',#9979,#9980);
#9979 = CARTESIAN_POINT('',(-5.8,2.49,-1.225));
#9980 = VECTOR('',#9981,1.);
#9981 = DIRECTION('',(-0.,-0.,-1.));
#9982 = PLANE('',#9983);
#9983 = AXIS2_PLACEMENT_3D('',#9984,#9985,#9986);
#9984 = CARTESIAN_POINT('',(-5.8,3.82,-1.225));
#9985 = DIRECTION('',(-1.,0.,0.));
#9986 = DIRECTION('',(0.,0.,1.));
#9987 = ADVANCED_FACE('',(#9988),#10013,.T.);
#9988 = FACE_BOUND('',#9989,.T.);
#9989 = EDGE_LOOP('',(#9990,#10000,#10006,#10007));
#9990 = ORIENTED_EDGE('',*,*,#9991,.F.);
#9991 = EDGE_CURVE('',#9992,#9994,#9996,.T.);
#9992 = VERTEX_POINT('',#9993);
#9993 = CARTESIAN_POINT('',(-7.188175319643,4.25,1.355));
#9994 = VERTEX_POINT('',#9995);
#9995 = CARTESIAN_POINT('',(-6.801350639286,4.25,2.025));
#9996 = LINE('',#9997,#9998);
#9997 = CARTESIAN_POINT('',(-5.977863700796,4.25,3.451321216834));
#9998 = VECTOR('',#9999,1.);
#9999 = DIRECTION('',(0.5,0.,0.866025403784));
#10000 = ORIENTED_EDGE('',*,*,#10001,.F.);
#10001 = EDGE_CURVE('',#8825,#9992,#10002,.T.);
#10002 = LINE('',#10003,#10004);
#10003 = CARTESIAN_POINT('',(-7.188175319643,4.19,1.355));
#10004 = VECTOR('',#10005,1.);
#10005 = DIRECTION('',(-0.,1.,-0.));
#10006 = ORIENTED_EDGE('',*,*,#8824,.T.);
#10007 = ORIENTED_EDGE('',*,*,#10008,.T.);
#10008 = EDGE_CURVE('',#8827,#9994,#10009,.T.);
#10009 = LINE('',#10010,#10011);
#10010 = CARTESIAN_POINT('',(-6.801350639286,4.19,2.025));
#10011 = VECTOR('',#10012,1.);
#10012 = DIRECTION('',(-0.,1.,-0.));
#10013 = PLANE('',#10014);
#10014 = AXIS2_PLACEMENT_3D('',#10015,#10016,#10017);
#10015 = CARTESIAN_POINT('',(-5.977863700796,4.19,3.451321216834));
#10016 = DIRECTION('',(-0.866025403784,0.,0.5));
#10017 = DIRECTION('',(0.5,0.,0.866025403784));
#10018 = ADVANCED_FACE('',(#10019),#10037,.T.);
#10019 = FACE_BOUND('',#10020,.T.);
#10020 = EDGE_LOOP('',(#10021,#10029,#10035,#10036));
#10021 = ORIENTED_EDGE('',*,*,#10022,.F.);
#10022 = EDGE_CURVE('',#10023,#9992,#10025,.T.);
#10023 = VERTEX_POINT('',#10024);
#10024 = CARTESIAN_POINT('',(-7.575,4.25,2.025));
#10025 = LINE('',#10026,#10027);
#10026 = CARTESIAN_POINT('',(-4.804399278668,4.25,-2.773821216834));
#10027 = VECTOR('',#10028,1.);
#10028 = DIRECTION('',(0.5,0.,-0.866025403784));
#10029 = ORIENTED_EDGE('',*,*,#10030,.F.);
#10030 = EDGE_CURVE('',#8835,#10023,#10031,.T.);
#10031 = LINE('',#10032,#10033);
#10032 = CARTESIAN_POINT('',(-7.575,4.19,2.025));
#10033 = VECTOR('',#10034,1.);
#10034 = DIRECTION('',(-0.,1.,-0.));
#10035 = ORIENTED_EDGE('',*,*,#8834,.T.);
#10036 = ORIENTED_EDGE('',*,*,#10001,.T.);
#10037 = PLANE('',#10038);
#10038 = AXIS2_PLACEMENT_3D('',#10039,#10040,#10041);
#10039 = CARTESIAN_POINT('',(-4.804399278668,4.19,-2.773821216834));
#10040 = DIRECTION('',(0.866025403784,0.,0.5));
#10041 = DIRECTION('',(0.5,0.,-0.866025403784));
#10042 = ADVANCED_FACE('',(#10043),#10072,.T.);
#10043 = FACE_BOUND('',#10044,.T.);
#10044 = EDGE_LOOP('',(#10045,#10046,#10047,#10055,#10063,#10069,#10070,
    #10071));
#10045 = ORIENTED_EDGE('',*,*,#7218,.F.);
#10046 = ORIENTED_EDGE('',*,*,#7557,.T.);
#10047 = ORIENTED_EDGE('',*,*,#10048,.F.);
#10048 = EDGE_CURVE('',#10049,#7550,#10051,.T.);
#10049 = VERTEX_POINT('',#10050);
#10050 = CARTESIAN_POINT('',(-7.875,4.25,9.5E-02));
#10051 = LINE('',#10052,#10053);
#10052 = CARTESIAN_POINT('',(-7.875,8.777094706956E-18,9.5E-02));
#10053 = VECTOR('',#10054,1.);
#10054 = DIRECTION('',(0.,-1.,9.239047059953E-17));
#10055 = ORIENTED_EDGE('',*,*,#10056,.F.);
#10056 = EDGE_CURVE('',#10057,#10049,#10059,.T.);
#10057 = VERTEX_POINT('',#10058);
#10058 = CARTESIAN_POINT('',(-7.015,4.25,9.5E-02));
#10059 = LINE('',#10060,#10061);
#10060 = CARTESIAN_POINT('',(-7.015,4.25,9.5E-02));
#10061 = VECTOR('',#10062,1.);
#10062 = DIRECTION('',(-1.,-0.,-0.));
#10063 = ORIENTED_EDGE('',*,*,#10064,.T.);
#10064 = EDGE_CURVE('',#10057,#7276,#10065,.T.);
#10065 = LINE('',#10066,#10067);
#10066 = CARTESIAN_POINT('',(-7.015,8.777094706956E-18,9.5E-02));
#10067 = VECTOR('',#10068,1.);
#10068 = DIRECTION('',(0.,-1.,9.239047059953E-17));
#10069 = ORIENTED_EDGE('',*,*,#7275,.T.);
#10070 = ORIENTED_EDGE('',*,*,#7164,.T.);
#10071 = ORIENTED_EDGE('',*,*,#7131,.T.);
#10072 = PLANE('',#10073);
#10073 = AXIS2_PLACEMENT_3D('',#10074,#10075,#10076);
#10074 = CARTESIAN_POINT('',(-7.015,8.777094706956E-18,9.5E-02));
#10075 = DIRECTION('',(0.,-9.239047059953E-17,-1.));
#10076 = DIRECTION('',(0.,1.,-9.239047059953E-17));
#10077 = ADVANCED_FACE('',(#10078),#10098,.T.);
#10078 = FACE_BOUND('',#10079,.T.);
#10079 = EDGE_LOOP('',(#10080,#10081,#10082,#10090,#10096,#10097));
#10080 = ORIENTED_EDGE('',*,*,#7283,.F.);
#10081 = ORIENTED_EDGE('',*,*,#10064,.F.);
#10082 = ORIENTED_EDGE('',*,*,#10083,.T.);
#10083 = EDGE_CURVE('',#10057,#10084,#10086,.T.);
#10084 = VERTEX_POINT('',#10085);
#10085 = CARTESIAN_POINT('',(-7.015,4.25,-2.025));
#10086 = LINE('',#10087,#10088);
#10087 = CARTESIAN_POINT('',(-7.015,4.25,0.));
#10088 = VECTOR('',#10089,1.);
#10089 = DIRECTION('',(0.,0.,-1.));
#10090 = ORIENTED_EDGE('',*,*,#10091,.T.);
#10091 = EDGE_CURVE('',#10084,#9770,#10092,.T.);
#10092 = LINE('',#10093,#10094);
#10093 = CARTESIAN_POINT('',(-7.015,2.727340868675E-16,-2.025));
#10094 = VECTOR('',#10095,1.);
#10095 = DIRECTION('',(0.,-1.,-1.346834996876E-16));
#10096 = ORIENTED_EDGE('',*,*,#9769,.T.);
#10097 = ORIENTED_EDGE('',*,*,#7251,.T.);
#10098 = PLANE('',#10099);
#10099 = AXIS2_PLACEMENT_3D('',#10100,#10101,#10102);
#10100 = CARTESIAN_POINT('',(-7.015,0.,0.));
#10101 = DIRECTION('',(-1.,0.,0.));
#10102 = DIRECTION('',(0.,0.,1.));
#10103 = ADVANCED_FACE('',(#10104),#10136,.F.);
#10104 = FACE_BOUND('',#10105,.T.);
#10105 = EDGE_LOOP('',(#10106,#10107,#10108,#10109,#10110,#10111,#10112,
    #10113,#10114,#10122,#10130));
#10106 = ORIENTED_EDGE('',*,*,#8675,.F.);
#10107 = ORIENTED_EDGE('',*,*,#7440,.F.);
#10108 = ORIENTED_EDGE('',*,*,#7630,.T.);
#10109 = ORIENTED_EDGE('',*,*,#7392,.T.);
#10110 = ORIENTED_EDGE('',*,*,#7354,.F.);
#10111 = ORIENTED_EDGE('',*,*,#7329,.F.);
#10112 = ORIENTED_EDGE('',*,*,#7297,.F.);
#10113 = ORIENTED_EDGE('',*,*,#7498,.T.);
#10114 = ORIENTED_EDGE('',*,*,#10115,.T.);
#10115 = EDGE_CURVE('',#7491,#10116,#10118,.T.);
#10116 = VERTEX_POINT('',#10117);
#10117 = CARTESIAN_POINT('',(-7.875,0.18,-0.275));
#10118 = LINE('',#10119,#10120);
#10119 = CARTESIAN_POINT('',(-7.875,0.,-0.275));
#10120 = VECTOR('',#10121,1.);
#10121 = DIRECTION('',(0.,-1.,0.));
#10122 = ORIENTED_EDGE('',*,*,#10123,.F.);
#10123 = EDGE_CURVE('',#10124,#10116,#10126,.T.);
#10124 = VERTEX_POINT('',#10125);
#10125 = CARTESIAN_POINT('',(-6.975,0.18,-0.275));
#10126 = LINE('',#10127,#10128);
#10127 = CARTESIAN_POINT('',(-7.275,0.18,-0.275));
#10128 = VECTOR('',#10129,1.);
#10129 = DIRECTION('',(-1.,-0.,-0.));
#10130 = ORIENTED_EDGE('',*,*,#10131,.T.);
#10131 = EDGE_CURVE('',#10124,#8676,#10132,.T.);
#10132 = LINE('',#10133,#10134);
#10133 = CARTESIAN_POINT('',(-7.035,0.24,-0.275));
#10134 = VECTOR('',#10135,1.);
#10135 = DIRECTION('',(-0.707106781187,0.707106781187,0.));
#10136 = PLANE('',#10137);
#10137 = AXIS2_PLACEMENT_3D('',#10138,#10139,#10140);
#10138 = CARTESIAN_POINT('',(-7.275,0.,-0.275));
#10139 = DIRECTION('',(0.,0.,-1.));
#10140 = DIRECTION('',(-1.,0.,-0.));
#10141 = ADVANCED_FACE('',(#10142),#10160,.T.);
#10142 = FACE_BOUND('',#10143,.T.);
#10143 = EDGE_LOOP('',(#10144,#10145,#10153,#10159));
#10144 = ORIENTED_EDGE('',*,*,#10131,.F.);
#10145 = ORIENTED_EDGE('',*,*,#10146,.F.);
#10146 = EDGE_CURVE('',#10147,#10124,#10149,.T.);
#10147 = VERTEX_POINT('',#10148);
#10148 = CARTESIAN_POINT('',(-6.975,0.18,2.025));
#10149 = LINE('',#10150,#10151);
#10150 = CARTESIAN_POINT('',(-6.975,0.18,-0.275));
#10151 = VECTOR('',#10152,1.);
#10152 = DIRECTION('',(0.,0.,-1.));
#10153 = ORIENTED_EDGE('',*,*,#10154,.F.);
#10154 = EDGE_CURVE('',#8659,#10147,#10155,.T.);
#10155 = LINE('',#10156,#10157);
#10156 = CARTESIAN_POINT('',(0.54,-7.335,2.025));
#10157 = VECTOR('',#10158,1.);
#10158 = DIRECTION('',(0.707106781187,-0.707106781187,0.));
#10159 = ORIENTED_EDGE('',*,*,#8683,.F.);
#10160 = PLANE('',#10161);
#10161 = AXIS2_PLACEMENT_3D('',#10162,#10163,#10164);
#10162 = CARTESIAN_POINT('',(-7.275,0.48,0.));
#10163 = DIRECTION('',(-0.707106781187,-0.707106781187,-0.));
#10164 = DIRECTION('',(0.,0.,-1.));
#10165 = ADVANCED_FACE('',(#10166),#10215,.T.);
#10166 = FACE_BOUND('',#10167,.T.);
#10167 = EDGE_LOOP('',(#10168,#10174,#10175,#10183,#10191,#10199,#10207,
    #10213,#10214));
#10168 = ORIENTED_EDGE('',*,*,#10169,.F.);
#10169 = EDGE_CURVE('',#9914,#8896,#10170,.T.);
#10170 = LINE('',#10171,#10172);
#10171 = CARTESIAN_POINT('',(-1.775,0.,2.025));
#10172 = VECTOR('',#10173,1.);
#10173 = DIRECTION('',(0.,-1.,0.));
#10174 = ORIENTED_EDGE('',*,*,#9937,.F.);
#10175 = ORIENTED_EDGE('',*,*,#10176,.T.);
#10176 = EDGE_CURVE('',#9930,#10177,#10179,.T.);
#10177 = VERTEX_POINT('',#10178);
#10178 = CARTESIAN_POINT('',(-1.775,1.03,-2.025));
#10179 = LINE('',#10180,#10181);
#10180 = CARTESIAN_POINT('',(-1.775,0.,-2.025));
#10181 = VECTOR('',#10182,1.);
#10182 = DIRECTION('',(0.,-1.,0.));
#10183 = ORIENTED_EDGE('',*,*,#10184,.T.);
#10184 = EDGE_CURVE('',#10177,#10185,#10187,.T.);
#10185 = VERTEX_POINT('',#10186);
#10186 = CARTESIAN_POINT('',(-1.775,1.03,-1.465));
#10187 = LINE('',#10188,#10189);
#10188 = CARTESIAN_POINT('',(-1.775,1.03,-2.025));
#10189 = VECTOR('',#10190,1.);
#10190 = DIRECTION('',(0.,0.,1.));
#10191 = ORIENTED_EDGE('',*,*,#10192,.F.);
#10192 = EDGE_CURVE('',#10193,#10185,#10195,.T.);
#10193 = VERTEX_POINT('',#10194);
#10194 = CARTESIAN_POINT('',(-1.775,1.63,-1.465));
#10195 = LINE('',#10196,#10197);
#10196 = CARTESIAN_POINT('',(-1.775,2.085,-1.465));
#10197 = VECTOR('',#10198,1.);
#10198 = DIRECTION('',(-0.,-1.,-0.));
#10199 = ORIENTED_EDGE('',*,*,#10200,.T.);
#10200 = EDGE_CURVE('',#10193,#10201,#10203,.T.);
#10201 = VERTEX_POINT('',#10202);
#10202 = CARTESIAN_POINT('',(-1.775,1.63,6.5E-02));
#10203 = LINE('',#10204,#10205);
#10204 = CARTESIAN_POINT('',(-1.775,1.63,-2.025));
#10205 = VECTOR('',#10206,1.);
#10206 = DIRECTION('',(-0.,-0.,1.));
#10207 = ORIENTED_EDGE('',*,*,#10208,.F.);
#10208 = EDGE_CURVE('',#7855,#10201,#10209,.T.);
#10209 = LINE('',#10210,#10211);
#10210 = CARTESIAN_POINT('',(-1.775,0.,6.5E-02));
#10211 = VECTOR('',#10212,1.);
#10212 = DIRECTION('',(0.,-1.,0.));
#10213 = ORIENTED_EDGE('',*,*,#7854,.F.);
#10214 = ORIENTED_EDGE('',*,*,#8903,.F.);
#10215 = PLANE('',#10216);
#10216 = AXIS2_PLACEMENT_3D('',#10217,#10218,#10219);
#10217 = CARTESIAN_POINT('',(-1.775,0.,-2.025));
#10218 = DIRECTION('',(-1.,0.,-0.));
#10219 = DIRECTION('',(0.,0.,1.));
#10220 = ADVANCED_FACE('',(#10221),#10246,.T.);
#10221 = FACE_BOUND('',#10222,.T.);
#10222 = EDGE_LOOP('',(#10223,#10231,#10239,#10245));
#10223 = ORIENTED_EDGE('',*,*,#10224,.F.);
#10224 = EDGE_CURVE('',#10225,#10193,#10227,.T.);
#10225 = VERTEX_POINT('',#10226);
#10226 = CARTESIAN_POINT('',(-1.975,1.63,-1.465));
#10227 = LINE('',#10228,#10229);
#10228 = CARTESIAN_POINT('',(2.5,1.63,-1.465));
#10229 = VECTOR('',#10230,1.);
#10230 = DIRECTION('',(1.,1.136281752823E-16,-0.));
#10231 = ORIENTED_EDGE('',*,*,#10232,.T.);
#10232 = EDGE_CURVE('',#10225,#10233,#10235,.T.);
#10233 = VERTEX_POINT('',#10234);
#10234 = CARTESIAN_POINT('',(-1.975,1.63,6.5E-02));
#10235 = LINE('',#10236,#10237);
#10236 = CARTESIAN_POINT('',(-1.975,1.63,-2.025));
#10237 = VECTOR('',#10238,1.);
#10238 = DIRECTION('',(-0.,-0.,1.));
#10239 = ORIENTED_EDGE('',*,*,#10240,.F.);
#10240 = EDGE_CURVE('',#10201,#10233,#10241,.T.);
#10241 = LINE('',#10242,#10243);
#10242 = CARTESIAN_POINT('',(2.5,1.63,6.5E-02));
#10243 = VECTOR('',#10244,1.);
#10244 = DIRECTION('',(-1.,-1.136281752823E-16,0.));
#10245 = ORIENTED_EDGE('',*,*,#10200,.F.);
#10246 = PLANE('',#10247);
#10247 = AXIS2_PLACEMENT_3D('',#10248,#10249,#10250);
#10248 = CARTESIAN_POINT('',(2.5,1.63,-2.025));
#10249 = DIRECTION('',(-1.136281752823E-16,1.,0.));
#10250 = DIRECTION('',(-1.,-1.136281752823E-16,0.));
#10251 = ADVANCED_FACE('',(#10252),#10292,.F.);
#10252 = FACE_BOUND('',#10253,.T.);
#10253 = EDGE_LOOP('',(#10254,#10255,#10263,#10271,#10277,#10278,#10284,
    #10285,#10286));
#10254 = ORIENTED_EDGE('',*,*,#10232,.F.);
#10255 = ORIENTED_EDGE('',*,*,#10256,.T.);
#10256 = EDGE_CURVE('',#10225,#10257,#10259,.T.);
#10257 = VERTEX_POINT('',#10258);
#10258 = CARTESIAN_POINT('',(-1.975,1.03,-1.465));
#10259 = LINE('',#10260,#10261);
#10260 = CARTESIAN_POINT('',(-1.975,2.085,-1.465));
#10261 = VECTOR('',#10262,1.);
#10262 = DIRECTION('',(-0.,-1.,-0.));
#10263 = ORIENTED_EDGE('',*,*,#10264,.T.);
#10264 = EDGE_CURVE('',#10257,#10265,#10267,.T.);
#10265 = VERTEX_POINT('',#10266);
#10266 = CARTESIAN_POINT('',(-1.975,1.03,-2.025));
#10267 = LINE('',#10268,#10269);
#10268 = CARTESIAN_POINT('',(-1.975,1.03,-2.025));
#10269 = VECTOR('',#10270,1.);
#10270 = DIRECTION('',(-0.,-0.,-1.));
#10271 = ORIENTED_EDGE('',*,*,#10272,.F.);
#10272 = EDGE_CURVE('',#9922,#10265,#10273,.T.);
#10273 = LINE('',#10274,#10275);
#10274 = CARTESIAN_POINT('',(-1.975,0.,-2.025));
#10275 = VECTOR('',#10276,1.);
#10276 = DIRECTION('',(0.,-1.,0.));
#10277 = ORIENTED_EDGE('',*,*,#9921,.T.);
#10278 = ORIENTED_EDGE('',*,*,#10279,.T.);
#10279 = EDGE_CURVE('',#9912,#8920,#10280,.T.);
#10280 = LINE('',#10281,#10282);
#10281 = CARTESIAN_POINT('',(-1.975,0.,2.025));
#10282 = VECTOR('',#10283,1.);
#10283 = DIRECTION('',(0.,-1.,0.));
#10284 = ORIENTED_EDGE('',*,*,#8919,.T.);
#10285 = ORIENTED_EDGE('',*,*,#7804,.T.);
#10286 = ORIENTED_EDGE('',*,*,#10287,.T.);
#10287 = EDGE_CURVE('',#7807,#10233,#10288,.T.);
#10288 = LINE('',#10289,#10290);
#10289 = CARTESIAN_POINT('',(-1.975,0.,6.5E-02));
#10290 = VECTOR('',#10291,1.);
#10291 = DIRECTION('',(0.,-1.,0.));
#10292 = PLANE('',#10293);
#10293 = AXIS2_PLACEMENT_3D('',#10294,#10295,#10296);
#10294 = CARTESIAN_POINT('',(-1.975,0.,-2.025));
#10295 = DIRECTION('',(-1.,0.,-0.));
#10296 = DIRECTION('',(0.,0.,1.));
#10297 = ADVANCED_FACE('',(#10298),#10323,.T.);
#10298 = FACE_BOUND('',#10299,.T.);
#10299 = EDGE_LOOP('',(#10300,#10308,#10309,#10317));
#10300 = ORIENTED_EDGE('',*,*,#10301,.F.);
#10301 = EDGE_CURVE('',#10265,#10302,#10304,.T.);
#10302 = VERTEX_POINT('',#10303);
#10303 = CARTESIAN_POINT('',(-3.025,1.03,-2.025));
#10304 = LINE('',#10305,#10306);
#10305 = CARTESIAN_POINT('',(9.125,1.03,-2.025));
#10306 = VECTOR('',#10307,1.);
#10307 = DIRECTION('',(-1.,-0.,-0.));
#10308 = ORIENTED_EDGE('',*,*,#10264,.F.);
#10309 = ORIENTED_EDGE('',*,*,#10310,.T.);
#10310 = EDGE_CURVE('',#10257,#10311,#10313,.T.);
#10311 = VERTEX_POINT('',#10312);
#10312 = CARTESIAN_POINT('',(-3.025,1.03,-1.465));
#10313 = LINE('',#10314,#10315);
#10314 = CARTESIAN_POINT('',(9.125,1.03,-1.465));
#10315 = VECTOR('',#10316,1.);
#10316 = DIRECTION('',(-1.,-0.,-0.));
#10317 = ORIENTED_EDGE('',*,*,#10318,.F.);
#10318 = EDGE_CURVE('',#10302,#10311,#10319,.T.);
#10319 = LINE('',#10320,#10321);
#10320 = CARTESIAN_POINT('',(-3.025,1.03,-2.025));
#10321 = VECTOR('',#10322,1.);
#10322 = DIRECTION('',(0.,0.,1.));
#10323 = PLANE('',#10324);
#10324 = AXIS2_PLACEMENT_3D('',#10325,#10326,#10327);
#10325 = CARTESIAN_POINT('',(9.125,1.03,0.));
#10326 = DIRECTION('',(0.,-1.,0.));
#10327 = DIRECTION('',(0.,-0.,-1.));
#10328 = ADVANCED_FACE('',(#10329),#10369,.T.);
#10329 = FACE_BOUND('',#10330,.T.);
#10330 = EDGE_LOOP('',(#10331,#10337,#10338,#10344,#10345,#10353,#10361,
    #10367,#10368));
#10331 = ORIENTED_EDGE('',*,*,#10332,.F.);
#10332 = EDGE_CURVE('',#9874,#9044,#10333,.T.);
#10333 = LINE('',#10334,#10335);
#10334 = CARTESIAN_POINT('',(-3.025,0.,2.025));
#10335 = VECTOR('',#10336,1.);
#10336 = DIRECTION('',(0.,-1.,0.));
#10337 = ORIENTED_EDGE('',*,*,#9897,.F.);
#10338 = ORIENTED_EDGE('',*,*,#10339,.T.);
#10339 = EDGE_CURVE('',#9890,#10302,#10340,.T.);
#10340 = LINE('',#10341,#10342);
#10341 = CARTESIAN_POINT('',(-3.025,0.,-2.025));
#10342 = VECTOR('',#10343,1.);
#10343 = DIRECTION('',(0.,-1.,0.));
#10344 = ORIENTED_EDGE('',*,*,#10318,.T.);
#10345 = ORIENTED_EDGE('',*,*,#10346,.F.);
#10346 = EDGE_CURVE('',#10347,#10311,#10349,.T.);
#10347 = VERTEX_POINT('',#10348);
#10348 = CARTESIAN_POINT('',(-3.025,1.63,-1.465));
#10349 = LINE('',#10350,#10351);
#10350 = CARTESIAN_POINT('',(-3.025,2.085,-1.465));
#10351 = VECTOR('',#10352,1.);
#10352 = DIRECTION('',(-0.,-1.,-0.));
#10353 = ORIENTED_EDGE('',*,*,#10354,.T.);
#10354 = EDGE_CURVE('',#10347,#10355,#10357,.T.);
#10355 = VERTEX_POINT('',#10356);
#10356 = CARTESIAN_POINT('',(-3.025,1.63,6.5E-02));
#10357 = LINE('',#10358,#10359);
#10358 = CARTESIAN_POINT('',(-3.025,1.63,-2.025));
#10359 = VECTOR('',#10360,1.);
#10360 = DIRECTION('',(-0.,-0.,1.));
#10361 = ORIENTED_EDGE('',*,*,#10362,.F.);
#10362 = EDGE_CURVE('',#7775,#10355,#10363,.T.);
#10363 = LINE('',#10364,#10365);
#10364 = CARTESIAN_POINT('',(-3.025,0.,6.5E-02));
#10365 = VECTOR('',#10366,1.);
#10366 = DIRECTION('',(0.,-1.,0.));
#10367 = ORIENTED_EDGE('',*,*,#7774,.F.);
#10368 = ORIENTED_EDGE('',*,*,#9051,.F.);
#10369 = PLANE('',#10370);
#10370 = AXIS2_PLACEMENT_3D('',#10371,#10372,#10373);
#10371 = CARTESIAN_POINT('',(-3.025,0.,-2.025));
#10372 = DIRECTION('',(-1.,0.,-0.));
#10373 = DIRECTION('',(0.,0.,1.));
#10374 = ADVANCED_FACE('',(#10375),#10400,.T.);
#10375 = FACE_BOUND('',#10376,.T.);
#10376 = EDGE_LOOP('',(#10377,#10385,#10393,#10399));
#10377 = ORIENTED_EDGE('',*,*,#10378,.F.);
#10378 = EDGE_CURVE('',#10379,#10347,#10381,.T.);
#10379 = VERTEX_POINT('',#10380);
#10380 = CARTESIAN_POINT('',(-3.225,1.63,-1.465));
#10381 = LINE('',#10382,#10383);
#10382 = CARTESIAN_POINT('',(1.25,1.63,-1.465));
#10383 = VECTOR('',#10384,1.);
#10384 = DIRECTION('',(1.,1.136281752823E-16,-0.));
#10385 = ORIENTED_EDGE('',*,*,#10386,.T.);
#10386 = EDGE_CURVE('',#10379,#10387,#10389,.T.);
#10387 = VERTEX_POINT('',#10388);
#10388 = CARTESIAN_POINT('',(-3.225,1.63,6.5E-02));
#10389 = LINE('',#10390,#10391);
#10390 = CARTESIAN_POINT('',(-3.225,1.63,-2.025));
#10391 = VECTOR('',#10392,1.);
#10392 = DIRECTION('',(-0.,-0.,1.));
#10393 = ORIENTED_EDGE('',*,*,#10394,.F.);
#10394 = EDGE_CURVE('',#10355,#10387,#10395,.T.);
#10395 = LINE('',#10396,#10397);
#10396 = CARTESIAN_POINT('',(1.25,1.63,6.5E-02));
#10397 = VECTOR('',#10398,1.);
#10398 = DIRECTION('',(-1.,-1.136281752823E-16,0.));
#10399 = ORIENTED_EDGE('',*,*,#10354,.F.);
#10400 = PLANE('',#10401);
#10401 = AXIS2_PLACEMENT_3D('',#10402,#10403,#10404);
#10402 = CARTESIAN_POINT('',(1.25,1.63,-2.025));
#10403 = DIRECTION('',(-1.136281752823E-16,1.,0.));
#10404 = DIRECTION('',(-1.,-1.136281752823E-16,0.));
#10405 = ADVANCED_FACE('',(#10406),#10446,.F.);
#10406 = FACE_BOUND('',#10407,.T.);
#10407 = EDGE_LOOP('',(#10408,#10409,#10417,#10425,#10431,#10432,#10438,
    #10439,#10440));
#10408 = ORIENTED_EDGE('',*,*,#10386,.F.);
#10409 = ORIENTED_EDGE('',*,*,#10410,.T.);
#10410 = EDGE_CURVE('',#10379,#10411,#10413,.T.);
#10411 = VERTEX_POINT('',#10412);
#10412 = CARTESIAN_POINT('',(-3.225,1.03,-1.465));
#10413 = LINE('',#10414,#10415);
#10414 = CARTESIAN_POINT('',(-3.225,2.085,-1.465));
#10415 = VECTOR('',#10416,1.);
#10416 = DIRECTION('',(-0.,-1.,-0.));
#10417 = ORIENTED_EDGE('',*,*,#10418,.T.);
#10418 = EDGE_CURVE('',#10411,#10419,#10421,.T.);
#10419 = VERTEX_POINT('',#10420);
#10420 = CARTESIAN_POINT('',(-3.225,1.03,-2.025));
#10421 = LINE('',#10422,#10423);
#10422 = CARTESIAN_POINT('',(-3.225,1.03,-2.025));
#10423 = VECTOR('',#10424,1.);
#10424 = DIRECTION('',(-0.,-0.,-1.));
#10425 = ORIENTED_EDGE('',*,*,#10426,.F.);
#10426 = EDGE_CURVE('',#9882,#10419,#10427,.T.);
#10427 = LINE('',#10428,#10429);
#10428 = CARTESIAN_POINT('',(-3.225,0.,-2.025));
#10429 = VECTOR('',#10430,1.);
#10430 = DIRECTION('',(0.,-1.,0.));
#10431 = ORIENTED_EDGE('',*,*,#9881,.T.);
#10432 = ORIENTED_EDGE('',*,*,#10433,.T.);
#10433 = EDGE_CURVE('',#9872,#9068,#10434,.T.);
#10434 = LINE('',#10435,#10436);
#10435 = CARTESIAN_POINT('',(-3.225,0.,2.025));
#10436 = VECTOR('',#10437,1.);
#10437 = DIRECTION('',(0.,-1.,0.));
#10438 = ORIENTED_EDGE('',*,*,#9067,.T.);
#10439 = ORIENTED_EDGE('',*,*,#7724,.T.);
#10440 = ORIENTED_EDGE('',*,*,#10441,.T.);
#10441 = EDGE_CURVE('',#7727,#10387,#10442,.T.);
#10442 = LINE('',#10443,#10444);
#10443 = CARTESIAN_POINT('',(-3.225,0.,6.5E-02));
#10444 = VECTOR('',#10445,1.);
#10445 = DIRECTION('',(0.,-1.,0.));
#10446 = PLANE('',#10447);
#10447 = AXIS2_PLACEMENT_3D('',#10448,#10449,#10450);
#10448 = CARTESIAN_POINT('',(-3.225,0.,-2.025));
#10449 = DIRECTION('',(-1.,0.,-0.));
#10450 = DIRECTION('',(0.,0.,1.));
#10451 = ADVANCED_FACE('',(#10452),#10477,.T.);
#10452 = FACE_BOUND('',#10453,.T.);
#10453 = EDGE_LOOP('',(#10454,#10462,#10463,#10471));
#10454 = ORIENTED_EDGE('',*,*,#10455,.F.);
#10455 = EDGE_CURVE('',#10419,#10456,#10458,.T.);
#10456 = VERTEX_POINT('',#10457);
#10457 = CARTESIAN_POINT('',(-4.275,1.03,-2.025));
#10458 = LINE('',#10459,#10460);
#10459 = CARTESIAN_POINT('',(7.875,1.03,-2.025));
#10460 = VECTOR('',#10461,1.);
#10461 = DIRECTION('',(-1.,-0.,-0.));
#10462 = ORIENTED_EDGE('',*,*,#10418,.F.);
#10463 = ORIENTED_EDGE('',*,*,#10464,.T.);
#10464 = EDGE_CURVE('',#10411,#10465,#10467,.T.);
#10465 = VERTEX_POINT('',#10466);
#10466 = CARTESIAN_POINT('',(-4.275,1.03,-1.465));
#10467 = LINE('',#10468,#10469);
#10468 = CARTESIAN_POINT('',(7.875,1.03,-1.465));
#10469 = VECTOR('',#10470,1.);
#10470 = DIRECTION('',(-1.,-0.,-0.));
#10471 = ORIENTED_EDGE('',*,*,#10472,.F.);
#10472 = EDGE_CURVE('',#10456,#10465,#10473,.T.);
#10473 = LINE('',#10474,#10475);
#10474 = CARTESIAN_POINT('',(-4.275,1.03,-2.025));
#10475 = VECTOR('',#10476,1.);
#10476 = DIRECTION('',(0.,0.,1.));
#10477 = PLANE('',#10478);
#10478 = AXIS2_PLACEMENT_3D('',#10479,#10480,#10481);
#10479 = CARTESIAN_POINT('',(7.875,1.03,0.));
#10480 = DIRECTION('',(0.,-1.,0.));
#10481 = DIRECTION('',(0.,-0.,-1.));
#10482 = ADVANCED_FACE('',(#10483),#10523,.T.);
#10483 = FACE_BOUND('',#10484,.T.);
#10484 = EDGE_LOOP('',(#10485,#10491,#10492,#10498,#10499,#10507,#10515,
    #10521,#10522));
#10485 = ORIENTED_EDGE('',*,*,#10486,.F.);
#10486 = EDGE_CURVE('',#9834,#9192,#10487,.T.);
#10487 = LINE('',#10488,#10489);
#10488 = CARTESIAN_POINT('',(-4.275,0.,2.025));
#10489 = VECTOR('',#10490,1.);
#10490 = DIRECTION('',(0.,-1.,0.));
#10491 = ORIENTED_EDGE('',*,*,#9857,.F.);
#10492 = ORIENTED_EDGE('',*,*,#10493,.T.);
#10493 = EDGE_CURVE('',#9850,#10456,#10494,.T.);
#10494 = LINE('',#10495,#10496);
#10495 = CARTESIAN_POINT('',(-4.275,0.,-2.025));
#10496 = VECTOR('',#10497,1.);
#10497 = DIRECTION('',(0.,-1.,0.));
#10498 = ORIENTED_EDGE('',*,*,#10472,.T.);
#10499 = ORIENTED_EDGE('',*,*,#10500,.F.);
#10500 = EDGE_CURVE('',#10501,#10465,#10503,.T.);
#10501 = VERTEX_POINT('',#10502);
#10502 = CARTESIAN_POINT('',(-4.275,1.63,-1.465));
#10503 = LINE('',#10504,#10505);
#10504 = CARTESIAN_POINT('',(-4.275,2.085,-1.465));
#10505 = VECTOR('',#10506,1.);
#10506 = DIRECTION('',(-0.,-1.,-0.));
#10507 = ORIENTED_EDGE('',*,*,#10508,.T.);
#10508 = EDGE_CURVE('',#10501,#10509,#10511,.T.);
#10509 = VERTEX_POINT('',#10510);
#10510 = CARTESIAN_POINT('',(-4.275,1.63,6.5E-02));
#10511 = LINE('',#10512,#10513);
#10512 = CARTESIAN_POINT('',(-4.275,1.63,-2.025));
#10513 = VECTOR('',#10514,1.);
#10514 = DIRECTION('',(-0.,-0.,1.));
#10515 = ORIENTED_EDGE('',*,*,#10516,.F.);
#10516 = EDGE_CURVE('',#7695,#10509,#10517,.T.);
#10517 = LINE('',#10518,#10519);
#10518 = CARTESIAN_POINT('',(-4.275,0.,6.5E-02));
#10519 = VECTOR('',#10520,1.);
#10520 = DIRECTION('',(0.,-1.,0.));
#10521 = ORIENTED_EDGE('',*,*,#7694,.F.);
#10522 = ORIENTED_EDGE('',*,*,#9199,.F.);
#10523 = PLANE('',#10524);
#10524 = AXIS2_PLACEMENT_3D('',#10525,#10526,#10527);
#10525 = CARTESIAN_POINT('',(-4.275,0.,-2.025));
#10526 = DIRECTION('',(-1.,0.,-0.));
#10527 = DIRECTION('',(0.,0.,1.));
#10528 = ADVANCED_FACE('',(#10529),#10554,.T.);
#10529 = FACE_BOUND('',#10530,.T.);
#10530 = EDGE_LOOP('',(#10531,#10539,#10547,#10553));
#10531 = ORIENTED_EDGE('',*,*,#10532,.F.);
#10532 = EDGE_CURVE('',#10533,#10501,#10535,.T.);
#10533 = VERTEX_POINT('',#10534);
#10534 = CARTESIAN_POINT('',(-4.475,1.63,-1.465));
#10535 = LINE('',#10536,#10537);
#10536 = CARTESIAN_POINT('',(-1.852139257102E-16,1.63,-1.465));
#10537 = VECTOR('',#10538,1.);
#10538 = DIRECTION('',(1.,1.136281752823E-16,-0.));
#10539 = ORIENTED_EDGE('',*,*,#10540,.T.);
#10540 = EDGE_CURVE('',#10533,#10541,#10543,.T.);
#10541 = VERTEX_POINT('',#10542);
#10542 = CARTESIAN_POINT('',(-4.475,1.63,6.5E-02));
#10543 = LINE('',#10544,#10545);
#10544 = CARTESIAN_POINT('',(-4.475,1.63,-2.025));
#10545 = VECTOR('',#10546,1.);
#10546 = DIRECTION('',(-0.,-0.,1.));
#10547 = ORIENTED_EDGE('',*,*,#10548,.F.);
#10548 = EDGE_CURVE('',#10509,#10541,#10549,.T.);
#10549 = LINE('',#10550,#10551);
#10550 = CARTESIAN_POINT('',(-1.852139257102E-16,1.63,6.5E-02));
#10551 = VECTOR('',#10552,1.);
#10552 = DIRECTION('',(-1.,-1.136281752823E-16,0.));
#10553 = ORIENTED_EDGE('',*,*,#10508,.F.);
#10554 = PLANE('',#10555);
#10555 = AXIS2_PLACEMENT_3D('',#10556,#10557,#10558);
#10556 = CARTESIAN_POINT('',(-1.852139257102E-16,1.63,-2.025));
#10557 = DIRECTION('',(-1.136281752823E-16,1.,0.));
#10558 = DIRECTION('',(-1.,-1.136281752823E-16,0.));
#10559 = ADVANCED_FACE('',(#10560),#10600,.F.);
#10560 = FACE_BOUND('',#10561,.T.);
#10561 = EDGE_LOOP('',(#10562,#10563,#10571,#10579,#10585,#10586,#10592,
    #10593,#10594));
#10562 = ORIENTED_EDGE('',*,*,#10540,.F.);
#10563 = ORIENTED_EDGE('',*,*,#10564,.T.);
#10564 = EDGE_CURVE('',#10533,#10565,#10567,.T.);
#10565 = VERTEX_POINT('',#10566);
#10566 = CARTESIAN_POINT('',(-4.475,1.03,-1.465));
#10567 = LINE('',#10568,#10569);
#10568 = CARTESIAN_POINT('',(-4.475,2.085,-1.465));
#10569 = VECTOR('',#10570,1.);
#10570 = DIRECTION('',(-0.,-1.,-0.));
#10571 = ORIENTED_EDGE('',*,*,#10572,.T.);
#10572 = EDGE_CURVE('',#10565,#10573,#10575,.T.);
#10573 = VERTEX_POINT('',#10574);
#10574 = CARTESIAN_POINT('',(-4.475,1.03,-2.025));
#10575 = LINE('',#10576,#10577);
#10576 = CARTESIAN_POINT('',(-4.475,1.03,-2.025));
#10577 = VECTOR('',#10578,1.);
#10578 = DIRECTION('',(-0.,-0.,-1.));
#10579 = ORIENTED_EDGE('',*,*,#10580,.F.);
#10580 = EDGE_CURVE('',#9842,#10573,#10581,.T.);
#10581 = LINE('',#10582,#10583);
#10582 = CARTESIAN_POINT('',(-4.475,0.,-2.025));
#10583 = VECTOR('',#10584,1.);
#10584 = DIRECTION('',(0.,-1.,0.));
#10585 = ORIENTED_EDGE('',*,*,#9841,.T.);
#10586 = ORIENTED_EDGE('',*,*,#10587,.T.);
#10587 = EDGE_CURVE('',#9832,#9216,#10588,.T.);
#10588 = LINE('',#10589,#10590);
#10589 = CARTESIAN_POINT('',(-4.475,0.,2.025));
#10590 = VECTOR('',#10591,1.);
#10591 = DIRECTION('',(0.,-1.,0.));
#10592 = ORIENTED_EDGE('',*,*,#9215,.T.);
#10593 = ORIENTED_EDGE('',*,*,#7644,.T.);
#10594 = ORIENTED_EDGE('',*,*,#10595,.T.);
#10595 = EDGE_CURVE('',#7647,#10541,#10596,.T.);
#10596 = LINE('',#10597,#10598);
#10597 = CARTESIAN_POINT('',(-4.475,0.,6.5E-02));
#10598 = VECTOR('',#10599,1.);
#10599 = DIRECTION('',(0.,-1.,0.));
#10600 = PLANE('',#10601);
#10601 = AXIS2_PLACEMENT_3D('',#10602,#10603,#10604);
#10602 = CARTESIAN_POINT('',(-4.475,0.,-2.025));
#10603 = DIRECTION('',(-1.,0.,-0.));
#10604 = DIRECTION('',(0.,0.,1.));
#10605 = ADVANCED_FACE('',(#10606),#10631,.T.);
#10606 = FACE_BOUND('',#10607,.T.);
#10607 = EDGE_LOOP('',(#10608,#10616,#10624,#10630));
#10608 = ORIENTED_EDGE('',*,*,#10609,.T.);
#10609 = EDGE_CURVE('',#10565,#10610,#10612,.T.);
#10610 = VERTEX_POINT('',#10611);
#10611 = CARTESIAN_POINT('',(-5.525,1.03,-1.465));
#10612 = LINE('',#10613,#10614);
#10613 = CARTESIAN_POINT('',(7.875,1.03,-1.465));
#10614 = VECTOR('',#10615,1.);
#10615 = DIRECTION('',(-1.,-0.,-0.));
#10616 = ORIENTED_EDGE('',*,*,#10617,.F.);
#10617 = EDGE_CURVE('',#10618,#10610,#10620,.T.);
#10618 = VERTEX_POINT('',#10619);
#10619 = CARTESIAN_POINT('',(-5.525,1.03,-2.025));
#10620 = LINE('',#10621,#10622);
#10621 = CARTESIAN_POINT('',(-5.525,1.03,-2.025));
#10622 = VECTOR('',#10623,1.);
#10623 = DIRECTION('',(0.,0.,1.));
#10624 = ORIENTED_EDGE('',*,*,#10625,.F.);
#10625 = EDGE_CURVE('',#10573,#10618,#10626,.T.);
#10626 = LINE('',#10627,#10628);
#10627 = CARTESIAN_POINT('',(7.875,1.03,-2.025));
#10628 = VECTOR('',#10629,1.);
#10629 = DIRECTION('',(-1.,-0.,-0.));
#10630 = ORIENTED_EDGE('',*,*,#10572,.F.);
#10631 = PLANE('',#10632);
#10632 = AXIS2_PLACEMENT_3D('',#10633,#10634,#10635);
#10633 = CARTESIAN_POINT('',(7.875,1.03,0.));
#10634 = DIRECTION('',(0.,-1.,0.));
#10635 = DIRECTION('',(0.,-0.,-1.));
#10636 = ADVANCED_FACE('',(#10637),#10677,.T.);
#10637 = FACE_BOUND('',#10638,.T.);
#10638 = EDGE_LOOP('',(#10639,#10645,#10646,#10652,#10653,#10661,#10669,
    #10675,#10676));
#10639 = ORIENTED_EDGE('',*,*,#10640,.F.);
#10640 = EDGE_CURVE('',#9794,#9340,#10641,.T.);
#10641 = LINE('',#10642,#10643);
#10642 = CARTESIAN_POINT('',(-5.525,0.,2.025));
#10643 = VECTOR('',#10644,1.);
#10644 = DIRECTION('',(0.,-1.,0.));
#10645 = ORIENTED_EDGE('',*,*,#9817,.F.);
#10646 = ORIENTED_EDGE('',*,*,#10647,.T.);
#10647 = EDGE_CURVE('',#9810,#10618,#10648,.T.);
#10648 = LINE('',#10649,#10650);
#10649 = CARTESIAN_POINT('',(-5.525,0.,-2.025));
#10650 = VECTOR('',#10651,1.);
#10651 = DIRECTION('',(0.,-1.,0.));
#10652 = ORIENTED_EDGE('',*,*,#10617,.T.);
#10653 = ORIENTED_EDGE('',*,*,#10654,.F.);
#10654 = EDGE_CURVE('',#10655,#10610,#10657,.T.);
#10655 = VERTEX_POINT('',#10656);
#10656 = CARTESIAN_POINT('',(-5.525,1.63,-1.465));
#10657 = LINE('',#10658,#10659);
#10658 = CARTESIAN_POINT('',(-5.525,2.085,-1.465));
#10659 = VECTOR('',#10660,1.);
#10660 = DIRECTION('',(-0.,-1.,-0.));
#10661 = ORIENTED_EDGE('',*,*,#10662,.T.);
#10662 = EDGE_CURVE('',#10655,#10663,#10665,.T.);
#10663 = VERTEX_POINT('',#10664);
#10664 = CARTESIAN_POINT('',(-5.525,1.63,6.5E-02));
#10665 = LINE('',#10666,#10667);
#10666 = CARTESIAN_POINT('',(-5.525,1.63,-2.025));
#10667 = VECTOR('',#10668,1.);
#10668 = DIRECTION('',(-0.,-0.,1.));
#10669 = ORIENTED_EDGE('',*,*,#10670,.F.);
#10670 = EDGE_CURVE('',#8188,#10663,#10671,.T.);
#10671 = LINE('',#10672,#10673);
#10672 = CARTESIAN_POINT('',(-5.525,0.,6.5E-02));
#10673 = VECTOR('',#10674,1.);
#10674 = DIRECTION('',(0.,-1.,0.));
#10675 = ORIENTED_EDGE('',*,*,#8187,.F.);
#10676 = ORIENTED_EDGE('',*,*,#9347,.F.);
#10677 = PLANE('',#10678);
#10678 = AXIS2_PLACEMENT_3D('',#10679,#10680,#10681);
#10679 = CARTESIAN_POINT('',(-5.525,0.,-2.025));
#10680 = DIRECTION('',(-1.,0.,-0.));
#10681 = DIRECTION('',(0.,0.,1.));
#10682 = ADVANCED_FACE('',(#10683),#10708,.T.);
#10683 = FACE_BOUND('',#10684,.T.);
#10684 = EDGE_LOOP('',(#10685,#10693,#10701,#10707));
#10685 = ORIENTED_EDGE('',*,*,#10686,.F.);
#10686 = EDGE_CURVE('',#10687,#10655,#10689,.T.);
#10687 = VERTEX_POINT('',#10688);
#10688 = CARTESIAN_POINT('',(-5.725,1.63,-1.465));
#10689 = LINE('',#10690,#10691);
#10690 = CARTESIAN_POINT('',(-1.852139257102E-16,1.63,-1.465));
#10691 = VECTOR('',#10692,1.);
#10692 = DIRECTION('',(1.,1.136281752823E-16,-0.));
#10693 = ORIENTED_EDGE('',*,*,#10694,.T.);
#10694 = EDGE_CURVE('',#10687,#10695,#10697,.T.);
#10695 = VERTEX_POINT('',#10696);
#10696 = CARTESIAN_POINT('',(-5.725,1.63,6.5E-02));
#10697 = LINE('',#10698,#10699);
#10698 = CARTESIAN_POINT('',(-5.725,1.63,-2.025));
#10699 = VECTOR('',#10700,1.);
#10700 = DIRECTION('',(-0.,-0.,1.));
#10701 = ORIENTED_EDGE('',*,*,#10702,.F.);
#10702 = EDGE_CURVE('',#10663,#10695,#10703,.T.);
#10703 = LINE('',#10704,#10705);
#10704 = CARTESIAN_POINT('',(-1.852139257102E-16,1.63,6.5E-02));
#10705 = VECTOR('',#10706,1.);
#10706 = DIRECTION('',(-1.,-1.136281752823E-16,0.));
#10707 = ORIENTED_EDGE('',*,*,#10662,.F.);
#10708 = PLANE('',#10709);
#10709 = AXIS2_PLACEMENT_3D('',#10710,#10711,#10712);
#10710 = CARTESIAN_POINT('',(-1.852139257102E-16,1.63,-2.025));
#10711 = DIRECTION('',(-1.136281752823E-16,1.,0.));
#10712 = DIRECTION('',(-1.,-1.136281752823E-16,0.));
#10713 = ADVANCED_FACE('',(#10714),#10754,.F.);
#10714 = FACE_BOUND('',#10715,.T.);
#10715 = EDGE_LOOP('',(#10716,#10717,#10725,#10733,#10739,#10740,#10746,
    #10747,#10748));
#10716 = ORIENTED_EDGE('',*,*,#10694,.F.);
#10717 = ORIENTED_EDGE('',*,*,#10718,.T.);
#10718 = EDGE_CURVE('',#10687,#10719,#10721,.T.);
#10719 = VERTEX_POINT('',#10720);
#10720 = CARTESIAN_POINT('',(-5.725,1.03,-1.465));
#10721 = LINE('',#10722,#10723);
#10722 = CARTESIAN_POINT('',(-5.725,2.085,-1.465));
#10723 = VECTOR('',#10724,1.);
#10724 = DIRECTION('',(-0.,-1.,-0.));
#10725 = ORIENTED_EDGE('',*,*,#10726,.T.);
#10726 = EDGE_CURVE('',#10719,#10727,#10729,.T.);
#10727 = VERTEX_POINT('',#10728);
#10728 = CARTESIAN_POINT('',(-5.725,1.03,-2.025));
#10729 = LINE('',#10730,#10731);
#10730 = CARTESIAN_POINT('',(-5.725,1.03,-2.025));
#10731 = VECTOR('',#10732,1.);
#10732 = DIRECTION('',(-0.,-0.,-1.));
#10733 = ORIENTED_EDGE('',*,*,#10734,.F.);
#10734 = EDGE_CURVE('',#9802,#10727,#10735,.T.);
#10735 = LINE('',#10736,#10737);
#10736 = CARTESIAN_POINT('',(-5.725,0.,-2.025));
#10737 = VECTOR('',#10738,1.);
#10738 = DIRECTION('',(0.,-1.,0.));
#10739 = ORIENTED_EDGE('',*,*,#9801,.T.);
#10740 = ORIENTED_EDGE('',*,*,#10741,.T.);
#10741 = EDGE_CURVE('',#9792,#9364,#10742,.T.);
#10742 = LINE('',#10743,#10744);
#10743 = CARTESIAN_POINT('',(-5.725,0.,2.025));
#10744 = VECTOR('',#10745,1.);
#10745 = DIRECTION('',(0.,-1.,0.));
#10746 = ORIENTED_EDGE('',*,*,#9363,.T.);
#10747 = ORIENTED_EDGE('',*,*,#8137,.T.);
#10748 = ORIENTED_EDGE('',*,*,#10749,.T.);
#10749 = EDGE_CURVE('',#8140,#10695,#10750,.T.);
#10750 = LINE('',#10751,#10752);
#10751 = CARTESIAN_POINT('',(-5.725,0.,6.5E-02));
#10752 = VECTOR('',#10753,1.);
#10753 = DIRECTION('',(0.,-1.,0.));
#10754 = PLANE('',#10755);
#10755 = AXIS2_PLACEMENT_3D('',#10756,#10757,#10758);
#10756 = CARTESIAN_POINT('',(-5.725,0.,-2.025));
#10757 = DIRECTION('',(-1.,0.,-0.));
#10758 = DIRECTION('',(0.,0.,1.));
#10759 = ADVANCED_FACE('',(#10760),#10785,.T.);
#10760 = FACE_BOUND('',#10761,.T.);
#10761 = EDGE_LOOP('',(#10762,#10763,#10771,#10779));
#10762 = ORIENTED_EDGE('',*,*,#10726,.F.);
#10763 = ORIENTED_EDGE('',*,*,#10764,.T.);
#10764 = EDGE_CURVE('',#10719,#10765,#10767,.T.);
#10765 = VERTEX_POINT('',#10766);
#10766 = CARTESIAN_POINT('',(-7.875,1.03,-1.465));
#10767 = LINE('',#10768,#10769);
#10768 = CARTESIAN_POINT('',(7.875,1.03,-1.465));
#10769 = VECTOR('',#10770,1.);
#10770 = DIRECTION('',(-1.,-0.,-0.));
#10771 = ORIENTED_EDGE('',*,*,#10772,.F.);
#10772 = EDGE_CURVE('',#10773,#10765,#10775,.T.);
#10773 = VERTEX_POINT('',#10774);
#10774 = CARTESIAN_POINT('',(-7.875,1.03,-2.025));
#10775 = LINE('',#10776,#10777);
#10776 = CARTESIAN_POINT('',(-7.875,1.03,0.));
#10777 = VECTOR('',#10778,1.);
#10778 = DIRECTION('',(-0.,0.,1.));
#10779 = ORIENTED_EDGE('',*,*,#10780,.F.);
#10780 = EDGE_CURVE('',#10727,#10773,#10781,.T.);
#10781 = LINE('',#10782,#10783);
#10782 = CARTESIAN_POINT('',(7.875,1.03,-2.025));
#10783 = VECTOR('',#10784,1.);
#10784 = DIRECTION('',(-1.,-0.,-0.));
#10785 = PLANE('',#10786);
#10786 = AXIS2_PLACEMENT_3D('',#10787,#10788,#10789);
#10787 = CARTESIAN_POINT('',(7.875,1.03,0.));
#10788 = DIRECTION('',(0.,-1.,0.));
#10789 = DIRECTION('',(0.,-0.,-1.));
#10790 = ADVANCED_FACE('',(#10791),#10862,.F.);
#10791 = FACE_BOUND('',#10792,.T.);
#10792 = EDGE_LOOP('',(#10793,#10794,#10795,#10801,#10802,#10803,#10804,
    #10812,#10818,#10819,#10820,#10821,#10822,#10828,#10829,#10837,
    #10845,#10853,#10859,#10860,#10861));
#10793 = ORIENTED_EDGE('',*,*,#7620,.F.);
#10794 = ORIENTED_EDGE('',*,*,#8721,.T.);
#10795 = ORIENTED_EDGE('',*,*,#10796,.T.);
#10796 = EDGE_CURVE('',#8722,#8746,#10797,.T.);
#10797 = LINE('',#10798,#10799);
#10798 = CARTESIAN_POINT('',(-7.875,-0.,2.025));
#10799 = VECTOR('',#10800,1.);
#10800 = DIRECTION('',(0.,1.,0.));
#10801 = ORIENTED_EDGE('',*,*,#8745,.T.);
#10802 = ORIENTED_EDGE('',*,*,#7571,.F.);
#10803 = ORIENTED_EDGE('',*,*,#8800,.F.);
#10804 = ORIENTED_EDGE('',*,*,#10805,.T.);
#10805 = EDGE_CURVE('',#8801,#10806,#10808,.T.);
#10806 = VERTEX_POINT('',#10807);
#10807 = CARTESIAN_POINT('',(-7.875,4.25,2.025));
#10808 = LINE('',#10809,#10810);
#10809 = CARTESIAN_POINT('',(-7.875,-0.,2.025));
#10810 = VECTOR('',#10811,1.);
#10811 = DIRECTION('',(0.,1.,0.));
#10812 = ORIENTED_EDGE('',*,*,#10813,.T.);
#10813 = EDGE_CURVE('',#10806,#10049,#10814,.T.);
#10814 = LINE('',#10815,#10816);
#10815 = CARTESIAN_POINT('',(-7.875,4.25,0.));
#10816 = VECTOR('',#10817,1.);
#10817 = DIRECTION('',(0.,0.,-1.));
#10818 = ORIENTED_EDGE('',*,*,#10048,.T.);
#10819 = ORIENTED_EDGE('',*,*,#7549,.T.);
#10820 = ORIENTED_EDGE('',*,*,#7514,.F.);
#10821 = ORIENTED_EDGE('',*,*,#9758,.F.);
#10822 = ORIENTED_EDGE('',*,*,#10823,.F.);
#10823 = EDGE_CURVE('',#10773,#9759,#10824,.T.);
#10824 = LINE('',#10825,#10826);
#10825 = CARTESIAN_POINT('',(-7.875,2.727340868675E-16,-2.025));
#10826 = VECTOR('',#10827,1.);
#10827 = DIRECTION('',(0.,1.,1.346834996876E-16));
#10828 = ORIENTED_EDGE('',*,*,#10772,.T.);
#10829 = ORIENTED_EDGE('',*,*,#10830,.T.);
#10830 = EDGE_CURVE('',#10765,#10831,#10833,.T.);
#10831 = VERTEX_POINT('',#10832);
#10832 = CARTESIAN_POINT('',(-7.875,0.34,-1.465));
#10833 = LINE('',#10834,#10835);
#10834 = CARTESIAN_POINT('',(-7.875,-0.,-1.465));
#10835 = VECTOR('',#10836,1.);
#10836 = DIRECTION('',(0.,-1.,0.));
#10837 = ORIENTED_EDGE('',*,*,#10838,.T.);
#10838 = EDGE_CURVE('',#10831,#10839,#10841,.T.);
#10839 = VERTEX_POINT('',#10840);
#10840 = CARTESIAN_POINT('',(-7.875,0.34,-1.315));
#10841 = LINE('',#10842,#10843);
#10842 = CARTESIAN_POINT('',(-7.875,0.34,0.));
#10843 = VECTOR('',#10844,1.);
#10844 = DIRECTION('',(-0.,0.,1.));
#10845 = ORIENTED_EDGE('',*,*,#10846,.T.);
#10846 = EDGE_CURVE('',#10839,#10847,#10849,.T.);
#10847 = VERTEX_POINT('',#10848);
#10848 = CARTESIAN_POINT('',(-7.875,0.18,-1.315));
#10849 = LINE('',#10850,#10851);
#10850 = CARTESIAN_POINT('',(-7.875,-0.,-1.315));
#10851 = VECTOR('',#10852,1.);
#10852 = DIRECTION('',(0.,-1.,0.));
#10853 = ORIENTED_EDGE('',*,*,#10854,.F.);
#10854 = EDGE_CURVE('',#10116,#10847,#10855,.T.);
#10855 = LINE('',#10856,#10857);
#10856 = CARTESIAN_POINT('',(-7.875,0.18,0.));
#10857 = VECTOR('',#10858,1.);
#10858 = DIRECTION('',(0.,0.,-1.));
#10859 = ORIENTED_EDGE('',*,*,#10115,.F.);
#10860 = ORIENTED_EDGE('',*,*,#7490,.F.);
#10861 = ORIENTED_EDGE('',*,*,#7465,.F.);
#10862 = PLANE('',#10863);
#10863 = AXIS2_PLACEMENT_3D('',#10864,#10865,#10866);
#10864 = CARTESIAN_POINT('',(-7.875,0.,0.));
#10865 = DIRECTION('',(1.,-0.,0.));
#10866 = DIRECTION('',(0.,0.,-1.));
#10867 = ADVANCED_FACE('',(#10868),#10960,.T.);
#10868 = FACE_BOUND('',#10869,.T.);
#10869 = EDGE_LOOP('',(#10870,#10871,#10872,#10873,#10874,#10875,#10876,
    #10877,#10878,#10879,#10880,#10881,#10882,#10883,#10884,#10885,
    #10886,#10887,#10888,#10889,#10890,#10891,#10892,#10893,#10894,
    #10895,#10896,#10897,#10898,#10904,#10905,#10906,#10907,#10908,
    #10909,#10910,#10911,#10912,#10913,#10914,#10915,#10916,#10917,
    #10918,#10919,#10920,#10921,#10922,#10923,#10924,#10925,#10926,
    #10927,#10928,#10929,#10930,#10931,#10937,#10938,#10939,#10940,
    #10941,#10942,#10943,#10944,#10945,#10946,#10947,#10948,#10949,
    #10950,#10951,#10952,#10953,#10954,#10955,#10956,#10957,#10958,
    #10959));
#10870 = ORIENTED_EDGE('',*,*,#9288,.F.);
#10871 = ORIENTED_EDGE('',*,*,#9325,.F.);
#10872 = ORIENTED_EDGE('',*,*,#8195,.F.);
#10873 = ORIENTED_EDGE('',*,*,#10670,.T.);
#10874 = ORIENTED_EDGE('',*,*,#10702,.T.);
#10875 = ORIENTED_EDGE('',*,*,#10749,.F.);
#10876 = ORIENTED_EDGE('',*,*,#8163,.F.);
#10877 = ORIENTED_EDGE('',*,*,#9412,.F.);
#10878 = ORIENTED_EDGE('',*,*,#9442,.F.);
#10879 = ORIENTED_EDGE('',*,*,#8115,.T.);
#10880 = ORIENTED_EDGE('',*,*,#8092,.F.);
#10881 = ORIENTED_EDGE('',*,*,#8061,.T.);
#10882 = ORIENTED_EDGE('',*,*,#8014,.T.);
#10883 = ORIENTED_EDGE('',*,*,#9570,.T.);
#10884 = ORIENTED_EDGE('',*,*,#9584,.T.);
#10885 = ORIENTED_EDGE('',*,*,#9615,.F.);
#10886 = ORIENTED_EDGE('',*,*,#7964,.T.);
#10887 = ORIENTED_EDGE('',*,*,#8340,.T.);
#10888 = ORIENTED_EDGE('',*,*,#8354,.T.);
#10889 = ORIENTED_EDGE('',*,*,#8385,.F.);
#10890 = ORIENTED_EDGE('',*,*,#7942,.T.);
#10891 = ORIENTED_EDGE('',*,*,#8457,.T.);
#10892 = ORIENTED_EDGE('',*,*,#8471,.T.);
#10893 = ORIENTED_EDGE('',*,*,#8502,.F.);
#10894 = ORIENTED_EDGE('',*,*,#7902,.T.);
#10895 = ORIENTED_EDGE('',*,*,#8574,.T.);
#10896 = ORIENTED_EDGE('',*,*,#8588,.T.);
#10897 = ORIENTED_EDGE('',*,*,#8619,.F.);
#10898 = ORIENTED_EDGE('',*,*,#10899,.T.);
#10899 = EDGE_CURVE('',#8620,#6384,#10900,.T.);
#10900 = LINE('',#10901,#10902);
#10901 = CARTESIAN_POINT('',(2.5,0.78,6.5E-02));
#10902 = VECTOR('',#10903,1.);
#10903 = DIRECTION('',(1.,1.19757235547E-16,0.));
#10904 = ORIENTED_EDGE('',*,*,#6417,.T.);
#10905 = ORIENTED_EDGE('',*,*,#6431,.T.);
#10906 = ORIENTED_EDGE('',*,*,#6462,.F.);
#10907 = ORIENTED_EDGE('',*,*,#4144,.F.);
#10908 = ORIENTED_EDGE('',*,*,#6250,.T.);
#10909 = ORIENTED_EDGE('',*,*,#6314,.F.);
#10910 = ORIENTED_EDGE('',*,*,#6283,.F.);
#10911 = ORIENTED_EDGE('',*,*,#4281,.F.);
#10912 = ORIENTED_EDGE('',*,*,#5371,.F.);
#10913 = ORIENTED_EDGE('',*,*,#5402,.T.);
#10914 = ORIENTED_EDGE('',*,*,#6368,.F.);
#10915 = ORIENTED_EDGE('',*,*,#6337,.T.);
#10916 = ORIENTED_EDGE('',*,*,#5433,.T.);
#10917 = ORIENTED_EDGE('',*,*,#5481,.T.);
#10918 = ORIENTED_EDGE('',*,*,#6137,.T.);
#10919 = ORIENTED_EDGE('',*,*,#6114,.F.);
#10920 = ORIENTED_EDGE('',*,*,#6221,.F.);
#10921 = ORIENTED_EDGE('',*,*,#4344,.T.);
#10922 = ORIENTED_EDGE('',*,*,#5503,.T.);
#10923 = ORIENTED_EDGE('',*,*,#4074,.T.);
#10924 = ORIENTED_EDGE('',*,*,#6509,.F.);
#10925 = ORIENTED_EDGE('',*,*,#6540,.F.);
#10926 = ORIENTED_EDGE('',*,*,#6596,.T.);
#10927 = ORIENTED_EDGE('',*,*,#6633,.T.);
#10928 = ORIENTED_EDGE('',*,*,#6705,.F.);
#10929 = ORIENTED_EDGE('',*,*,#6736,.F.);
#10930 = ORIENTED_EDGE('',*,*,#6775,.F.);
#10931 = ORIENTED_EDGE('',*,*,#10932,.F.);
#10932 = EDGE_CURVE('',#8874,#6768,#10933,.T.);
#10933 = LINE('',#10934,#10935);
#10934 = CARTESIAN_POINT('',(-8.194767476705,2.255,6.5E-02));
#10935 = VECTOR('',#10936,1.);
#10936 = DIRECTION('',(1.,0.,0.));
#10937 = ORIENTED_EDGE('',*,*,#8873,.F.);
#10938 = ORIENTED_EDGE('',*,*,#7862,.F.);
#10939 = ORIENTED_EDGE('',*,*,#10208,.T.);
#10940 = ORIENTED_EDGE('',*,*,#10240,.T.);
#10941 = ORIENTED_EDGE('',*,*,#10287,.F.);
#10942 = ORIENTED_EDGE('',*,*,#7830,.F.);
#10943 = ORIENTED_EDGE('',*,*,#8968,.F.);
#10944 = ORIENTED_EDGE('',*,*,#8992,.F.);
#10945 = ORIENTED_EDGE('',*,*,#9028,.F.);
#10946 = ORIENTED_EDGE('',*,*,#7782,.F.);
#10947 = ORIENTED_EDGE('',*,*,#10362,.T.);
#10948 = ORIENTED_EDGE('',*,*,#10394,.T.);
#10949 = ORIENTED_EDGE('',*,*,#10441,.F.);
#10950 = ORIENTED_EDGE('',*,*,#7750,.F.);
#10951 = ORIENTED_EDGE('',*,*,#9116,.F.);
#10952 = ORIENTED_EDGE('',*,*,#9130,.F.);
#10953 = ORIENTED_EDGE('',*,*,#9176,.F.);
#10954 = ORIENTED_EDGE('',*,*,#7702,.F.);
#10955 = ORIENTED_EDGE('',*,*,#10516,.T.);
#10956 = ORIENTED_EDGE('',*,*,#10548,.T.);
#10957 = ORIENTED_EDGE('',*,*,#10595,.F.);
#10958 = ORIENTED_EDGE('',*,*,#7670,.F.);
#10959 = ORIENTED_EDGE('',*,*,#9264,.F.);
#10960 = PLANE('',#10961);
#10961 = AXIS2_PLACEMENT_3D('',#10962,#10963,#10964);
#10962 = CARTESIAN_POINT('',(0.,0.,6.5E-02));
#10963 = DIRECTION('',(-0.,0.,1.));
#10964 = DIRECTION('',(1.,0.,0.));
#10965 = ADVANCED_FACE('',(#10966),#10977,.F.);
#10966 = FACE_BOUND('',#10967,.T.);
#10967 = EDGE_LOOP('',(#10968,#10974,#10975,#10976));
#10968 = ORIENTED_EDGE('',*,*,#10969,.T.);
#10969 = EDGE_CURVE('',#8637,#6386,#10970,.T.);
#10970 = LINE('',#10971,#10972);
#10971 = CARTESIAN_POINT('',(9.29,0.78,1.825));
#10972 = VECTOR('',#10973,1.);
#10973 = DIRECTION('',(1.,1.19757235547E-16,0.));
#10974 = ORIENTED_EDGE('',*,*,#6383,.F.);
#10975 = ORIENTED_EDGE('',*,*,#10899,.F.);
#10976 = ORIENTED_EDGE('',*,*,#8644,.T.);
#10977 = PLANE('',#10978);
#10978 = AXIS2_PLACEMENT_3D('',#10979,#10980,#10981);
#10979 = CARTESIAN_POINT('',(2.5,0.78,6.5E-02));
#10980 = DIRECTION('',(1.19757235547E-16,-1.,0.));
#10981 = DIRECTION('',(1.,1.19757235547E-16,0.));
#10982 = ADVANCED_FACE('',(#10983),#11023,.T.);
#10983 = FACE_BOUND('',#10984,.T.);
#10984 = EDGE_LOOP('',(#10985,#10991,#10992,#10993,#10994,#10995,#10996,
    #10997,#10998,#10999,#11000,#11001,#11002,#11003,#11004,#11005,
    #11006,#11007,#11008,#11014,#11015,#11016,#11017,#11018,#11019,
    #11020,#11021,#11022));
#10985 = ORIENTED_EDGE('',*,*,#10986,.T.);
#10986 = EDGE_CURVE('',#4770,#10831,#10987,.T.);
#10987 = LINE('',#10988,#10989);
#10988 = CARTESIAN_POINT('',(7.875,0.34,-1.465));
#10989 = VECTOR('',#10990,1.);
#10990 = DIRECTION('',(-1.,-0.,-0.));
#10991 = ORIENTED_EDGE('',*,*,#10830,.F.);
#10992 = ORIENTED_EDGE('',*,*,#10764,.F.);
#10993 = ORIENTED_EDGE('',*,*,#10718,.F.);
#10994 = ORIENTED_EDGE('',*,*,#10686,.T.);
#10995 = ORIENTED_EDGE('',*,*,#10654,.T.);
#10996 = ORIENTED_EDGE('',*,*,#10609,.F.);
#10997 = ORIENTED_EDGE('',*,*,#10564,.F.);
#10998 = ORIENTED_EDGE('',*,*,#10532,.T.);
#10999 = ORIENTED_EDGE('',*,*,#10500,.T.);
#11000 = ORIENTED_EDGE('',*,*,#10464,.F.);
#11001 = ORIENTED_EDGE('',*,*,#10410,.F.);
#11002 = ORIENTED_EDGE('',*,*,#10378,.T.);
#11003 = ORIENTED_EDGE('',*,*,#10346,.T.);
#11004 = ORIENTED_EDGE('',*,*,#10310,.F.);
#11005 = ORIENTED_EDGE('',*,*,#10256,.F.);
#11006 = ORIENTED_EDGE('',*,*,#10224,.T.);
#11007 = ORIENTED_EDGE('',*,*,#10192,.T.);
#11008 = ORIENTED_EDGE('',*,*,#11009,.F.);
#11009 = EDGE_CURVE('',#6650,#10185,#11010,.T.);
#11010 = LINE('',#11011,#11012);
#11011 = CARTESIAN_POINT('',(10.375,1.03,-1.465));
#11012 = VECTOR('',#11013,1.);
#11013 = DIRECTION('',(-1.,-0.,-0.));
#11014 = ORIENTED_EDGE('',*,*,#6649,.F.);
#11015 = ORIENTED_EDGE('',*,*,#6617,.T.);
#11016 = ORIENTED_EDGE('',*,*,#6580,.T.);
#11017 = ORIENTED_EDGE('',*,*,#4122,.T.);
#11018 = ORIENTED_EDGE('',*,*,#6228,.F.);
#11019 = ORIENTED_EDGE('',*,*,#6096,.F.);
#11020 = ORIENTED_EDGE('',*,*,#6168,.T.);
#11021 = ORIENTED_EDGE('',*,*,#4241,.T.);
#11022 = ORIENTED_EDGE('',*,*,#4777,.T.);
#11023 = PLANE('',#11024);
#11024 = AXIS2_PLACEMENT_3D('',#11025,#11026,#11027);
#11025 = CARTESIAN_POINT('',(7.875,0.,-1.465));
#11026 = DIRECTION('',(0.,0.,-1.));
#11027 = DIRECTION('',(-1.,0.,-0.));
#11028 = ADVANCED_FACE('',(#11029),#11040,.T.);
#11029 = FACE_BOUND('',#11030,.T.);
#11030 = EDGE_LOOP('',(#11031,#11037,#11038,#11039));
#11031 = ORIENTED_EDGE('',*,*,#11032,.T.);
#11032 = EDGE_CURVE('',#4762,#10839,#11033,.T.);
#11033 = LINE('',#11034,#11035);
#11034 = CARTESIAN_POINT('',(7.875,0.34,-1.315));
#11035 = VECTOR('',#11036,1.);
#11036 = DIRECTION('',(-1.,-0.,-0.));
#11037 = ORIENTED_EDGE('',*,*,#10838,.F.);
#11038 = ORIENTED_EDGE('',*,*,#10986,.F.);
#11039 = ORIENTED_EDGE('',*,*,#4769,.T.);
#11040 = PLANE('',#11041);
#11041 = AXIS2_PLACEMENT_3D('',#11042,#11043,#11044);
#11042 = CARTESIAN_POINT('',(7.875,0.34,0.));
#11043 = DIRECTION('',(0.,-1.,0.));
#11044 = DIRECTION('',(0.,-0.,-1.));
#11045 = ADVANCED_FACE('',(#11046),#11057,.T.);
#11046 = FACE_BOUND('',#11047,.T.);
#11047 = EDGE_LOOP('',(#11048,#11054,#11055,#11056));
#11048 = ORIENTED_EDGE('',*,*,#11049,.T.);
#11049 = EDGE_CURVE('',#4754,#10847,#11050,.T.);
#11050 = LINE('',#11051,#11052);
#11051 = CARTESIAN_POINT('',(7.875,0.18,-1.315));
#11052 = VECTOR('',#11053,1.);
#11053 = DIRECTION('',(-1.,-0.,-0.));
#11054 = ORIENTED_EDGE('',*,*,#10846,.F.);
#11055 = ORIENTED_EDGE('',*,*,#11032,.F.);
#11056 = ORIENTED_EDGE('',*,*,#4761,.T.);
#11057 = PLANE('',#11058);
#11058 = AXIS2_PLACEMENT_3D('',#11059,#11060,#11061);
#11059 = CARTESIAN_POINT('',(7.875,0.,-1.315));
#11060 = DIRECTION('',(0.,0.,-1.));
#11061 = DIRECTION('',(-1.,0.,-0.));
#11062 = ADVANCED_FACE('',(#11063),#11078,.F.);
#11063 = FACE_BOUND('',#11064,.T.);
#11064 = EDGE_LOOP('',(#11065,#11071,#11072,#11073,#11074,#11075,#11076,
    #11077));
#11065 = ORIENTED_EDGE('',*,*,#11066,.T.);
#11066 = EDGE_CURVE('',#5776,#10147,#11067,.T.);
#11067 = LINE('',#11068,#11069);
#11068 = CARTESIAN_POINT('',(7.875,0.18,2.025));
#11069 = VECTOR('',#11070,1.);
#11070 = DIRECTION('',(-1.,-0.,-0.));
#11071 = ORIENTED_EDGE('',*,*,#10146,.T.);
#11072 = ORIENTED_EDGE('',*,*,#10123,.T.);
#11073 = ORIENTED_EDGE('',*,*,#10854,.T.);
#11074 = ORIENTED_EDGE('',*,*,#11049,.F.);
#11075 = ORIENTED_EDGE('',*,*,#4753,.F.);
#11076 = ORIENTED_EDGE('',*,*,#5000,.F.);
#11077 = ORIENTED_EDGE('',*,*,#5783,.F.);
#11078 = PLANE('',#11079);
#11079 = AXIS2_PLACEMENT_3D('',#11080,#11081,#11082);
#11080 = CARTESIAN_POINT('',(7.875,0.18,0.));
#11081 = DIRECTION('',(-0.,1.,0.));
#11082 = DIRECTION('',(0.,0.,1.));
#11083 = ADVANCED_FACE('',(#11084),#11112,.T.);
#11084 = FACE_BOUND('',#11085,.T.);
#11085 = EDGE_LOOP('',(#11086,#11092,#11093,#11094,#11095,#11101,#11102,
    #11103,#11104,#11110,#11111));
#11086 = ORIENTED_EDGE('',*,*,#11087,.F.);
#11087 = EDGE_CURVE('',#4825,#9994,#11088,.T.);
#11088 = LINE('',#11089,#11090);
#11089 = CARTESIAN_POINT('',(7.875,4.25,2.025));
#11090 = VECTOR('',#11091,1.);
#11091 = DIRECTION('',(-1.,-0.,-0.));
#11092 = ORIENTED_EDGE('',*,*,#4824,.T.);
#11093 = ORIENTED_EDGE('',*,*,#5204,.F.);
#11094 = ORIENTED_EDGE('',*,*,#5236,.T.);
#11095 = ORIENTED_EDGE('',*,*,#11096,.T.);
#11096 = EDGE_CURVE('',#5229,#10084,#11097,.T.);
#11097 = LINE('',#11098,#11099);
#11098 = CARTESIAN_POINT('',(7.875,4.25,-2.025));
#11099 = VECTOR('',#11100,1.);
#11100 = DIRECTION('',(-1.,-0.,-0.));
#11101 = ORIENTED_EDGE('',*,*,#10083,.F.);
#11102 = ORIENTED_EDGE('',*,*,#10056,.T.);
#11103 = ORIENTED_EDGE('',*,*,#10813,.F.);
#11104 = ORIENTED_EDGE('',*,*,#11105,.F.);
#11105 = EDGE_CURVE('',#10023,#10806,#11106,.T.);
#11106 = LINE('',#11107,#11108);
#11107 = CARTESIAN_POINT('',(7.875,4.25,2.025));
#11108 = VECTOR('',#11109,1.);
#11109 = DIRECTION('',(-1.,-0.,-0.));
#11110 = ORIENTED_EDGE('',*,*,#10022,.T.);
#11111 = ORIENTED_EDGE('',*,*,#9991,.T.);
#11112 = PLANE('',#11113);
#11113 = AXIS2_PLACEMENT_3D('',#11114,#11115,#11116);
#11114 = CARTESIAN_POINT('',(7.875,4.25,0.));
#11115 = DIRECTION('',(-0.,1.,0.));
#11116 = DIRECTION('',(0.,0.,1.));
#11117 = ADVANCED_FACE('',(#11118),#11134,.T.);
#11118 = FACE_BOUND('',#11119,.T.);
#11119 = EDGE_LOOP('',(#11120,#11126,#11127,#11133));
#11120 = ORIENTED_EDGE('',*,*,#11121,.T.);
#11121 = EDGE_CURVE('',#5601,#9970,#11122,.T.);
#11122 = LINE('',#11123,#11124);
#11123 = CARTESIAN_POINT('',(-1.408343819019E-16,2.49,-1.225));
#11124 = VECTOR('',#11125,1.);
#11125 = DIRECTION('',(-1.,-7.477256361969E-17,0.));
#11126 = ORIENTED_EDGE('',*,*,#9969,.T.);
#11127 = ORIENTED_EDGE('',*,*,#11128,.T.);
#11128 = EDGE_CURVE('',#9962,#5609,#11129,.T.);
#11129 = LINE('',#11130,#11131);
#11130 = CARTESIAN_POINT('',(2.204364238465E-17,3.82,-1.225));
#11131 = VECTOR('',#11132,1.);
#11132 = DIRECTION('',(1.,-0.,-0.));
#11133 = ORIENTED_EDGE('',*,*,#5608,.F.);
#11134 = PLANE('',#11135);
#11135 = AXIS2_PLACEMENT_3D('',#11136,#11137,#11138);
#11136 = CARTESIAN_POINT('',(0.,0.,-1.225));
#11137 = DIRECTION('',(0.,0.,-1.));
#11138 = DIRECTION('',(-1.,0.,-0.));
#11139 = ADVANCED_FACE('',(#11140),#11151,.F.);
#11140 = FACE_BOUND('',#11141,.T.);
#11141 = EDGE_LOOP('',(#11142,#11143,#11144,#11150));
#11142 = ORIENTED_EDGE('',*,*,#11128,.F.);
#11143 = ORIENTED_EDGE('',*,*,#9961,.T.);
#11144 = ORIENTED_EDGE('',*,*,#11145,.T.);
#11145 = EDGE_CURVE('',#9954,#5593,#11146,.T.);
#11146 = LINE('',#11147,#11148);
#11147 = CARTESIAN_POINT('',(2.204364238465E-17,3.82,-2.025));
#11148 = VECTOR('',#11149,1.);
#11149 = DIRECTION('',(1.,-0.,-0.));
#11150 = ORIENTED_EDGE('',*,*,#5616,.F.);
#11151 = PLANE('',#11152);
#11152 = AXIS2_PLACEMENT_3D('',#11153,#11154,#11155);
#11153 = CARTESIAN_POINT('',(2.204364238465E-17,3.82,-1.225));
#11154 = DIRECTION('',(0.,1.,-0.));
#11155 = DIRECTION('',(0.,0.,1.));
#11156 = ADVANCED_FACE('',(#11157),#11168,.F.);
#11157 = FACE_BOUND('',#11158,.T.);
#11158 = EDGE_LOOP('',(#11159,#11165,#11166,#11167));
#11159 = ORIENTED_EDGE('',*,*,#11160,.T.);
#11160 = EDGE_CURVE('',#5591,#9952,#11161,.T.);
#11161 = LINE('',#11162,#11163);
#11162 = CARTESIAN_POINT('',(-1.408343819019E-16,2.49,-2.025));
#11163 = VECTOR('',#11164,1.);
#11164 = DIRECTION('',(-1.,-7.477256361969E-17,0.));
#11165 = ORIENTED_EDGE('',*,*,#9977,.F.);
#11166 = ORIENTED_EDGE('',*,*,#11121,.F.);
#11167 = ORIENTED_EDGE('',*,*,#5600,.T.);
#11168 = PLANE('',#11169);
#11169 = AXIS2_PLACEMENT_3D('',#11170,#11171,#11172);
#11170 = CARTESIAN_POINT('',(-1.408343819019E-16,2.49,-1.225));
#11171 = DIRECTION('',(7.477256361969E-17,-1.,0.));
#11172 = DIRECTION('',(1.,7.477256361969E-17,0.));
#11173 = ADVANCED_FACE('',(#11174,#11180,#11219,#11225),#11231,.F.);
#11174 = FACE_BOUND('',#11175,.T.);
#11175 = EDGE_LOOP('',(#11176,#11177,#11178,#11179));
#11176 = ORIENTED_EDGE('',*,*,#11160,.F.);
#11177 = ORIENTED_EDGE('',*,*,#5590,.T.);
#11178 = ORIENTED_EDGE('',*,*,#11145,.F.);
#11179 = ORIENTED_EDGE('',*,*,#9951,.F.);
#11180 = FACE_BOUND('',#11181,.T.);
#11181 = EDGE_LOOP('',(#11182,#11183,#11184,#11185,#11186,#11192,#11193,
    #11194,#11195,#11196,#11197,#11198,#11199,#11200,#11201,#11202,
    #11203,#11204,#11205,#11206,#11207,#11208,#11209,#11210,#11211,
    #11212,#11213,#11214,#11215,#11216,#11217,#11218));
#11182 = ORIENTED_EDGE('',*,*,#4104,.F.);
#11183 = ORIENTED_EDGE('',*,*,#6573,.F.);
#11184 = ORIENTED_EDGE('',*,*,#6813,.F.);
#11185 = ORIENTED_EDGE('',*,*,#6665,.T.);
#11186 = ORIENTED_EDGE('',*,*,#11187,.T.);
#11187 = EDGE_CURVE('',#6658,#10177,#11188,.T.);
#11188 = LINE('',#11189,#11190);
#11189 = CARTESIAN_POINT('',(10.375,1.03,-2.025));
#11190 = VECTOR('',#11191,1.);
#11191 = DIRECTION('',(-1.,-0.,-0.));
#11192 = ORIENTED_EDGE('',*,*,#10176,.F.);
#11193 = ORIENTED_EDGE('',*,*,#9929,.F.);
#11194 = ORIENTED_EDGE('',*,*,#10272,.T.);
#11195 = ORIENTED_EDGE('',*,*,#10301,.T.);
#11196 = ORIENTED_EDGE('',*,*,#10339,.F.);
#11197 = ORIENTED_EDGE('',*,*,#9889,.F.);
#11198 = ORIENTED_EDGE('',*,*,#10426,.T.);
#11199 = ORIENTED_EDGE('',*,*,#10455,.T.);
#11200 = ORIENTED_EDGE('',*,*,#10493,.F.);
#11201 = ORIENTED_EDGE('',*,*,#9849,.F.);
#11202 = ORIENTED_EDGE('',*,*,#10580,.T.);
#11203 = ORIENTED_EDGE('',*,*,#10625,.T.);
#11204 = ORIENTED_EDGE('',*,*,#10647,.F.);
#11205 = ORIENTED_EDGE('',*,*,#9809,.F.);
#11206 = ORIENTED_EDGE('',*,*,#10734,.T.);
#11207 = ORIENTED_EDGE('',*,*,#10780,.T.);
#11208 = ORIENTED_EDGE('',*,*,#10823,.T.);
#11209 = ORIENTED_EDGE('',*,*,#9777,.F.);
#11210 = ORIENTED_EDGE('',*,*,#10091,.F.);
#11211 = ORIENTED_EDGE('',*,*,#11096,.F.);
#11212 = ORIENTED_EDGE('',*,*,#5228,.T.);
#11213 = ORIENTED_EDGE('',*,*,#5148,.T.);
#11214 = ORIENTED_EDGE('',*,*,#4784,.F.);
#11215 = ORIENTED_EDGE('',*,*,#4225,.F.);
#11216 = ORIENTED_EDGE('',*,*,#6161,.F.);
#11217 = ORIENTED_EDGE('',*,*,#6198,.T.);
#11218 = ORIENTED_EDGE('',*,*,#6235,.T.);
#11219 = FACE_BOUND('',#11220,.T.);
#11220 = EDGE_LOOP('',(#11221,#11222,#11223,#11224));
#11221 = ORIENTED_EDGE('',*,*,#9741,.F.);
#11222 = ORIENTED_EDGE('',*,*,#9717,.F.);
#11223 = ORIENTED_EDGE('',*,*,#9693,.F.);
#11224 = ORIENTED_EDGE('',*,*,#9662,.F.);
#11225 = FACE_BOUND('',#11226,.T.);
#11226 = EDGE_LOOP('',(#11227,#11228,#11229,#11230));
#11227 = ORIENTED_EDGE('',*,*,#5732,.T.);
#11228 = ORIENTED_EDGE('',*,*,#5701,.T.);
#11229 = ORIENTED_EDGE('',*,*,#5670,.T.);
#11230 = ORIENTED_EDGE('',*,*,#5630,.T.);
#11231 = PLANE('',#11232);
#11232 = AXIS2_PLACEMENT_3D('',#11233,#11234,#11235);
#11233 = CARTESIAN_POINT('',(7.875,2.727340868675E-16,-2.025));
#11234 = DIRECTION('',(0.,-1.346834996876E-16,1.));
#11235 = DIRECTION('',(0.,-1.,-1.346834996876E-16));
#11236 = ADVANCED_FACE('',(#11237,#11263,#11355,#11361),#11367,.T.);
#11237 = FACE_BOUND('',#11238,.T.);
#11238 = EDGE_LOOP('',(#11239,#11240,#11241,#11242,#11243,#11244,#11245,
    #11246,#11247,#11248,#11249,#11250,#11251,#11252,#11253,#11254,
    #11255,#11256,#11257,#11258,#11259,#11260,#11261,#11262));
#11239 = ORIENTED_EDGE('',*,*,#4832,.T.);
#11240 = ORIENTED_EDGE('',*,*,#11087,.T.);
#11241 = ORIENTED_EDGE('',*,*,#10008,.F.);
#11242 = ORIENTED_EDGE('',*,*,#8842,.F.);
#11243 = ORIENTED_EDGE('',*,*,#10030,.T.);
#11244 = ORIENTED_EDGE('',*,*,#11105,.T.);
#11245 = ORIENTED_EDGE('',*,*,#10805,.F.);
#11246 = ORIENTED_EDGE('',*,*,#8810,.F.);
#11247 = ORIENTED_EDGE('',*,*,#8777,.F.);
#11248 = ORIENTED_EDGE('',*,*,#8753,.T.);
#11249 = ORIENTED_EDGE('',*,*,#10796,.F.);
#11250 = ORIENTED_EDGE('',*,*,#8731,.T.);
#11251 = ORIENTED_EDGE('',*,*,#8707,.T.);
#11252 = ORIENTED_EDGE('',*,*,#8658,.F.);
#11253 = ORIENTED_EDGE('',*,*,#10154,.T.);
#11254 = ORIENTED_EDGE('',*,*,#11066,.F.);
#11255 = ORIENTED_EDGE('',*,*,#5775,.F.);
#11256 = ORIENTED_EDGE('',*,*,#5903,.T.);
#11257 = ORIENTED_EDGE('',*,*,#5953,.F.);
#11258 = ORIENTED_EDGE('',*,*,#5929,.F.);
#11259 = ORIENTED_EDGE('',*,*,#4864,.T.);
#11260 = ORIENTED_EDGE('',*,*,#5068,.F.);
#11261 = ORIENTED_EDGE('',*,*,#5133,.T.);
#11262 = ORIENTED_EDGE('',*,*,#5107,.T.);
#11263 = FACE_BOUND('',#11264,.T.);
#11264 = EDGE_LOOP('',(#11265,#11266,#11267,#11268,#11269,#11275,#11276,
    #11277,#11278,#11279,#11280,#11281,#11282,#11283,#11284,#11285,
    #11286,#11287,#11288,#11289,#11290,#11291,#11292,#11293,#11294,
    #11295,#11296,#11297,#11298,#11299,#11300,#11301,#11302,#11303,
    #11304,#11305,#11306,#11307,#11308,#11309,#11310,#11311,#11312,
    #11313,#11314,#11315,#11316,#11317,#11318,#11319,#11320,#11321,
    #11322,#11323,#11324,#11325,#11326,#11332,#11333,#11334,#11335,
    #11336,#11337,#11338,#11339,#11340,#11341,#11342,#11343,#11344,
    #11345,#11346,#11347,#11348,#11349,#11350,#11351,#11352,#11353,
    #11354));
#11265 = ORIENTED_EDGE('',*,*,#4184,.F.);
#11266 = ORIENTED_EDGE('',*,*,#6469,.T.);
#11267 = ORIENTED_EDGE('',*,*,#6440,.F.);
#11268 = ORIENTED_EDGE('',*,*,#6401,.F.);
#11269 = ORIENTED_EDGE('',*,*,#11270,.T.);
#11270 = EDGE_CURVE('',#6394,#8629,#11271,.T.);
#11271 = LINE('',#11272,#11273);
#11272 = CARTESIAN_POINT('',(-4.29,0.58,2.025));
#11273 = VECTOR('',#11274,1.);
#11274 = DIRECTION('',(-1.,-1.19757235547E-16,0.));
#11275 = ORIENTED_EDGE('',*,*,#8628,.T.);
#11276 = ORIENTED_EDGE('',*,*,#8597,.F.);
#11277 = ORIENTED_EDGE('',*,*,#8558,.F.);
#11278 = ORIENTED_EDGE('',*,*,#8532,.T.);
#11279 = ORIENTED_EDGE('',*,*,#8509,.T.);
#11280 = ORIENTED_EDGE('',*,*,#8480,.F.);
#11281 = ORIENTED_EDGE('',*,*,#8441,.F.);
#11282 = ORIENTED_EDGE('',*,*,#8415,.T.);
#11283 = ORIENTED_EDGE('',*,*,#8392,.T.);
#11284 = ORIENTED_EDGE('',*,*,#8363,.F.);
#11285 = ORIENTED_EDGE('',*,*,#8324,.F.);
#11286 = ORIENTED_EDGE('',*,*,#9647,.T.);
#11287 = ORIENTED_EDGE('',*,*,#9622,.T.);
#11288 = ORIENTED_EDGE('',*,*,#9593,.F.);
#11289 = ORIENTED_EDGE('',*,*,#9554,.F.);
#11290 = ORIENTED_EDGE('',*,*,#9528,.T.);
#11291 = ORIENTED_EDGE('',*,*,#9505,.T.);
#11292 = ORIENTED_EDGE('',*,*,#9481,.T.);
#11293 = ORIENTED_EDGE('',*,*,#9457,.T.);
#11294 = ORIENTED_EDGE('',*,*,#9427,.T.);
#11295 = ORIENTED_EDGE('',*,*,#9396,.T.);
#11296 = ORIENTED_EDGE('',*,*,#9371,.T.);
#11297 = ORIENTED_EDGE('',*,*,#10741,.F.);
#11298 = ORIENTED_EDGE('',*,*,#9791,.T.);
#11299 = ORIENTED_EDGE('',*,*,#10640,.T.);
#11300 = ORIENTED_EDGE('',*,*,#9339,.T.);
#11301 = ORIENTED_EDGE('',*,*,#9310,.T.);
#11302 = ORIENTED_EDGE('',*,*,#9295,.T.);
#11303 = ORIENTED_EDGE('',*,*,#9248,.T.);
#11304 = ORIENTED_EDGE('',*,*,#9223,.T.);
#11305 = ORIENTED_EDGE('',*,*,#10587,.F.);
#11306 = ORIENTED_EDGE('',*,*,#9831,.T.);
#11307 = ORIENTED_EDGE('',*,*,#10486,.T.);
#11308 = ORIENTED_EDGE('',*,*,#9191,.T.);
#11309 = ORIENTED_EDGE('',*,*,#9161,.T.);
#11310 = ORIENTED_EDGE('',*,*,#9139,.T.);
#11311 = ORIENTED_EDGE('',*,*,#9100,.T.);
#11312 = ORIENTED_EDGE('',*,*,#9075,.T.);
#11313 = ORIENTED_EDGE('',*,*,#10433,.F.);
#11314 = ORIENTED_EDGE('',*,*,#9871,.T.);
#11315 = ORIENTED_EDGE('',*,*,#10332,.T.);
#11316 = ORIENTED_EDGE('',*,*,#9043,.T.);
#11317 = ORIENTED_EDGE('',*,*,#9013,.T.);
#11318 = ORIENTED_EDGE('',*,*,#8999,.T.);
#11319 = ORIENTED_EDGE('',*,*,#8952,.T.);
#11320 = ORIENTED_EDGE('',*,*,#8927,.T.);
#11321 = ORIENTED_EDGE('',*,*,#10279,.F.);
#11322 = ORIENTED_EDGE('',*,*,#9911,.T.);
#11323 = ORIENTED_EDGE('',*,*,#10169,.T.);
#11324 = ORIENTED_EDGE('',*,*,#8895,.T.);
#11325 = ORIENTED_EDGE('',*,*,#8856,.T.);
#11326 = ORIENTED_EDGE('',*,*,#11327,.T.);
#11327 = EDGE_CURVE('',#8859,#6760,#11328,.T.);
#11328 = LINE('',#11329,#11330);
#11329 = CARTESIAN_POINT('',(2.5,2.255,2.025));
#11330 = VECTOR('',#11331,1.);
#11331 = DIRECTION('',(1.,0.,0.));
#11332 = ORIENTED_EDGE('',*,*,#6759,.T.);
#11333 = ORIENTED_EDGE('',*,*,#6790,.T.);
#11334 = ORIENTED_EDGE('',*,*,#6681,.F.);
#11335 = ORIENTED_EDGE('',*,*,#6806,.T.);
#11336 = ORIENTED_EDGE('',*,*,#6555,.T.);
#11337 = ORIENTED_EDGE('',*,*,#6828,.T.);
#11338 = ORIENTED_EDGE('',*,*,#6485,.T.);
#11339 = ORIENTED_EDGE('',*,*,#4090,.F.);
#11340 = ORIENTED_EDGE('',*,*,#5511,.F.);
#11341 = ORIENTED_EDGE('',*,*,#4366,.F.);
#11342 = ORIENTED_EDGE('',*,*,#6213,.F.);
#11343 = ORIENTED_EDGE('',*,*,#6182,.F.);
#11344 = ORIENTED_EDGE('',*,*,#6145,.T.);
#11345 = ORIENTED_EDGE('',*,*,#6003,.F.);
#11346 = ORIENTED_EDGE('',*,*,#5449,.F.);
#11347 = ORIENTED_EDGE('',*,*,#6352,.F.);
#11348 = ORIENTED_EDGE('',*,*,#6041,.F.);
#11349 = ORIENTED_EDGE('',*,*,#6065,.F.);
#11350 = ORIENTED_EDGE('',*,*,#6082,.F.);
#11351 = ORIENTED_EDGE('',*,*,#4295,.F.);
#11352 = ORIENTED_EDGE('',*,*,#6299,.T.);
#11353 = ORIENTED_EDGE('',*,*,#6321,.T.);
#11354 = ORIENTED_EDGE('',*,*,#6260,.F.);
#11355 = FACE_BOUND('',#11356,.T.);
#11356 = EDGE_LOOP('',(#11357,#11358,#11359,#11360));
#11357 = ORIENTED_EDGE('',*,*,#8301,.T.);
#11358 = ORIENTED_EDGE('',*,*,#8273,.T.);
#11359 = ORIENTED_EDGE('',*,*,#8250,.F.);
#11360 = ORIENTED_EDGE('',*,*,#8226,.F.);
#11361 = FACE_BOUND('',#11362,.T.);
#11362 = EDGE_LOOP('',(#11363,#11364,#11365,#11366));
#11363 = ORIENTED_EDGE('',*,*,#4477,.F.);
#11364 = ORIENTED_EDGE('',*,*,#4454,.T.);
#11365 = ORIENTED_EDGE('',*,*,#4423,.T.);
#11366 = ORIENTED_EDGE('',*,*,#5344,.F.);
#11367 = PLANE('',#11368);
#11368 = AXIS2_PLACEMENT_3D('',#11369,#11370,#11371);
#11369 = CARTESIAN_POINT('',(7.875,0.,2.025));
#11370 = DIRECTION('',(0.,0.,1.));
#11371 = DIRECTION('',(1.,0.,-0.));
#11372 = ADVANCED_FACE('',(#11373),#11379,.T.);
#11373 = FACE_BOUND('',#11374,.T.);
#11374 = EDGE_LOOP('',(#11375,#11376,#11377,#11378));
#11375 = ORIENTED_EDGE('',*,*,#11187,.F.);
#11376 = ORIENTED_EDGE('',*,*,#6657,.F.);
#11377 = ORIENTED_EDGE('',*,*,#11009,.T.);
#11378 = ORIENTED_EDGE('',*,*,#10184,.F.);
#11379 = PLANE('',#11380);
#11380 = AXIS2_PLACEMENT_3D('',#11381,#11382,#11383);
#11381 = CARTESIAN_POINT('',(10.375,1.03,0.));
#11382 = DIRECTION('',(0.,-1.,0.));
#11383 = DIRECTION('',(0.,-0.,-1.));
#11384 = ADVANCED_FACE('',(#11385),#11391,.T.);
#11385 = FACE_BOUND('',#11386,.T.);
#11386 = EDGE_LOOP('',(#11387,#11388,#11389,#11390));
#11387 = ORIENTED_EDGE('',*,*,#11270,.F.);
#11388 = ORIENTED_EDGE('',*,*,#6393,.T.);
#11389 = ORIENTED_EDGE('',*,*,#10969,.F.);
#11390 = ORIENTED_EDGE('',*,*,#8636,.F.);
#11391 = PLANE('',#11392);
#11392 = AXIS2_PLACEMENT_3D('',#11393,#11394,#11395);
#11393 = CARTESIAN_POINT('',(2.5,0.78,1.825));
#11394 = DIRECTION('',(-8.468115335144E-17,0.707106781187,0.707106781187
    ));
#11395 = DIRECTION('',(-1.,-1.19757235547E-16,0.));
#11396 = ADVANCED_FACE('',(#11397),#11403,.T.);
#11397 = FACE_BOUND('',#11398,.T.);
#11398 = EDGE_LOOP('',(#11399,#11400,#11401,#11402));
#11399 = ORIENTED_EDGE('',*,*,#8881,.F.);
#11400 = ORIENTED_EDGE('',*,*,#10932,.T.);
#11401 = ORIENTED_EDGE('',*,*,#6767,.T.);
#11402 = ORIENTED_EDGE('',*,*,#11327,.F.);
#11403 = PLANE('',#11404);
#11404 = AXIS2_PLACEMENT_3D('',#11405,#11406,#11407);
#11405 = CARTESIAN_POINT('',(0.,2.255,6.5E-02));
#11406 = DIRECTION('',(0.,-1.,0.));
#11407 = DIRECTION('',(0.,-0.,-1.));
#11408 = ( GEOMETRIC_REPRESENTATION_CONTEXT(3) 
GLOBAL_UNCERTAINTY_ASSIGNED_CONTEXT((#11412)) 
GLOBAL_UNIT_ASSIGNED_CONTEXT((#11409,#11410,#11411)) 
REPRESENTATION_CONTEXT('Context #1',
  '3D Context with UNIT and UNCERTAINTY') );
#11409 = ( LENGTH_UNIT() NAMED_UNIT(*) SI_UNIT(.MILLI.,.METRE.) );
#11410 = ( NAMED_UNIT(*) PLANE_ANGLE_UNIT() SI_UNIT($,.RADIAN.) );
#11411 = ( NAMED_UNIT(*) SI_UNIT($,.STERADIAN.) SOLID_ANGLE_UNIT() );
#11412 = UNCERTAINTY_MEASURE_WITH_UNIT(LENGTH_MEASURE(1.E-07),#11409,
  'distance_accuracy_value','confusion accuracy');
#11413 = SHAPE_DEFINITION_REPRESENTATION(#11414,#3073);
#11414 = PRODUCT_DEFINITION_SHAPE('','',#11415);
#11415 = PRODUCT_DEFINITION('design','',#11416,#11419);
#11416 = PRODUCT_DEFINITION_FORMATION('','',#11417);
#11417 = PRODUCT('SMxB-GHS-TB_06','SMxB-GHS-TB_06','',(#11418));
#11418 = PRODUCT_CONTEXT('',#2,'mechanical');
#11419 = PRODUCT_DEFINITION_CONTEXT('part definition',#2,'design');
#11420 = CONTEXT_DEPENDENT_SHAPE_REPRESENTATION(#11421,#11423);
#11421 = ( REPRESENTATION_RELATIONSHIP('','',#3073,#3039) 
REPRESENTATION_RELATIONSHIP_WITH_TRANSFORMATION(#11422) 
SHAPE_REPRESENTATION_RELATIONSHIP() );
#11422 = ITEM_DEFINED_TRANSFORMATION('','',#11,#3040);
#11423 = PRODUCT_DEFINITION_SHAPE('Placement','Placement of an item',
  #11424);
#11424 = NEXT_ASSEMBLY_USAGE_OCCURRENCE('5','NAUO1','',#3034,#11415,$);
#11425 = PRODUCT_RELATED_PRODUCT_CATEGORY('part',$,(#11417));
#11426 = SHAPE_REPRESENTATION('',(#11,#11427,#11680),#12335);
#11427 = MANIFOLD_SOLID_BREP('',#11428);
#11428 = CLOSED_SHELL('',(#11429,#11471,#11513,#11535,#11566,#11600,
    #11634,#11651,#11668));
#11429 = ADVANCED_FACE('',(#11430),#11466,.T.);
#11430 = FACE_BOUND('',#11431,.T.);
#11431 = EDGE_LOOP('',(#11432,#11443,#11451,#11460));
#11432 = ORIENTED_EDGE('',*,*,#11433,.F.);
#11433 = EDGE_CURVE('',#11434,#11436,#11438,.T.);
#11434 = VERTEX_POINT('',#11435);
#11435 = CARTESIAN_POINT('',(-5.725,0.68059817975,1.825));
#11436 = VERTEX_POINT('',#11437);
#11437 = CARTESIAN_POINT('',(-5.725,0.84002140624,1.745765205484));
#11438 = CIRCLE('',#11439,0.2);
#11439 = AXIS2_PLACEMENT_3D('',#11440,#11441,#11442);
#11440 = CARTESIAN_POINT('',(-5.725,0.68059817975,1.625));
#11441 = DIRECTION('',(-1.,0.,0.));
#11442 = DIRECTION('',(-0.,-1.626303258728E-15,-1.));
#11443 = ORIENTED_EDGE('',*,*,#11444,.F.);
#11444 = EDGE_CURVE('',#11445,#11434,#11447,.T.);
#11445 = VERTEX_POINT('',#11446);
#11446 = CARTESIAN_POINT('',(-5.525,0.68059817975,1.825));
#11447 = LINE('',#11448,#11449);
#11448 = CARTESIAN_POINT('',(-5.725,0.68059817975,1.825));
#11449 = VECTOR('',#11450,1.);
#11450 = DIRECTION('',(-1.,0.,0.));
#11451 = ORIENTED_EDGE('',*,*,#11452,.F.);
#11452 = EDGE_CURVE('',#11453,#11445,#11455,.T.);
#11453 = VERTEX_POINT('',#11454);
#11454 = CARTESIAN_POINT('',(-5.525,0.84002140624,1.745765205484));
#11455 = CIRCLE('',#11456,0.2);
#11456 = AXIS2_PLACEMENT_3D('',#11457,#11458,#11459);
#11457 = CARTESIAN_POINT('',(-5.525,0.68059817975,1.625));
#11458 = DIRECTION('',(1.,0.,0.));
#11459 = DIRECTION('',(0.,0.,-1.));
#11460 = ORIENTED_EDGE('',*,*,#11461,.F.);
#11461 = EDGE_CURVE('',#11436,#11453,#11462,.T.);
#11462 = LINE('',#11463,#11464);
#11463 = CARTESIAN_POINT('',(-5.525,0.84002140624,1.745765205484));
#11464 = VECTOR('',#11465,1.);
#11465 = DIRECTION('',(1.,0.,0.));
#11466 = CYLINDRICAL_SURFACE('',#11467,0.2);
#11467 = AXIS2_PLACEMENT_3D('',#11468,#11469,#11470);
#11468 = CARTESIAN_POINT('',(-5.725,0.68059817975,1.625));
#11469 = DIRECTION('',(-1.,0.,0.));
#11470 = DIRECTION('',(0.,0.,1.));
#11471 = ADVANCED_FACE('',(#11472),#11508,.T.);
#11472 = FACE_BOUND('',#11473,.T.);
#11473 = EDGE_LOOP('',(#11474,#11485,#11493,#11502));
#11474 = ORIENTED_EDGE('',*,*,#11475,.T.);
#11475 = EDGE_CURVE('',#11476,#11478,#11480,.T.);
#11476 = VERTEX_POINT('',#11477);
#11477 = CARTESIAN_POINT('',(-5.525,1.049567419867,1.469141641133));
#11478 = VERTEX_POINT('',#11479);
#11479 = CARTESIAN_POINT('',(-5.525,1.08,1.37856773702));
#11480 = CIRCLE('',#11481,0.15);
#11481 = AXIS2_PLACEMENT_3D('',#11482,#11483,#11484);
#11482 = CARTESIAN_POINT('',(-5.525,0.93,1.37856773702));
#11483 = DIRECTION('',(-1.,0.,0.));
#11484 = DIRECTION('',(-0.,-7.95081593156E-15,-1.));
#11485 = ORIENTED_EDGE('',*,*,#11486,.F.);
#11486 = EDGE_CURVE('',#11487,#11478,#11489,.T.);
#11487 = VERTEX_POINT('',#11488);
#11488 = CARTESIAN_POINT('',(-5.725,1.08,1.37856773702));
#11489 = LINE('',#11490,#11491);
#11490 = CARTESIAN_POINT('',(-5.725,1.08,1.37856773702));
#11491 = VECTOR('',#11492,1.);
#11492 = DIRECTION('',(1.,0.,0.));
#11493 = ORIENTED_EDGE('',*,*,#11494,.F.);
#11494 = EDGE_CURVE('',#11495,#11487,#11497,.T.);
#11495 = VERTEX_POINT('',#11496);
#11496 = CARTESIAN_POINT('',(-5.725,1.049567419867,1.469141641133));
#11497 = CIRCLE('',#11498,0.15);
#11498 = AXIS2_PLACEMENT_3D('',#11499,#11500,#11501);
#11499 = CARTESIAN_POINT('',(-5.725,0.93,1.37856773702));
#11500 = DIRECTION('',(-1.,0.,0.));
#11501 = DIRECTION('',(-0.,-7.95081593156E-15,-1.));
#11502 = ORIENTED_EDGE('',*,*,#11503,.T.);
#11503 = EDGE_CURVE('',#11495,#11476,#11504,.T.);
#11504 = LINE('',#11505,#11506);
#11505 = CARTESIAN_POINT('',(-5.725,1.049567419867,1.469141641133));
#11506 = VECTOR('',#11507,1.);
#11507 = DIRECTION('',(1.,0.,0.));
#11508 = CYLINDRICAL_SURFACE('',#11509,0.15);
#11509 = AXIS2_PLACEMENT_3D('',#11510,#11511,#11512);
#11510 = CARTESIAN_POINT('',(-5.725,0.93,1.37856773702));
#11511 = DIRECTION('',(1.,0.,0.));
#11512 = DIRECTION('',(0.,0.,-1.));
#11513 = ADVANCED_FACE('',(#11514),#11530,.F.);
#11514 = FACE_BOUND('',#11515,.T.);
#11515 = EDGE_LOOP('',(#11516,#11522,#11523,#11529));
#11516 = ORIENTED_EDGE('',*,*,#11517,.F.);
#11517 = EDGE_CURVE('',#11436,#11495,#11518,.T.);
#11518 = LINE('',#11519,#11520);
#11519 = CARTESIAN_POINT('',(-5.725,1.374015448775,1.040834900053));
#11520 = VECTOR('',#11521,1.);
#11521 = DIRECTION('',(0.,0.60382602742,-0.797116132449));
#11522 = ORIENTED_EDGE('',*,*,#11461,.T.);
#11523 = ORIENTED_EDGE('',*,*,#11524,.T.);
#11524 = EDGE_CURVE('',#11453,#11476,#11525,.T.);
#11525 = LINE('',#11526,#11527);
#11526 = CARTESIAN_POINT('',(-5.525,1.374015448775,1.040834900053));
#11527 = VECTOR('',#11528,1.);
#11528 = DIRECTION('',(0.,0.60382602742,-0.797116132449));
#11529 = ORIENTED_EDGE('',*,*,#11503,.F.);
#11530 = PLANE('',#11531);
#11531 = AXIS2_PLACEMENT_3D('',#11532,#11533,#11534);
#11532 = CARTESIAN_POINT('',(-5.725,1.374015448775,1.040834900053));
#11533 = DIRECTION('',(0.,-0.797116132449,-0.60382602742));
#11534 = DIRECTION('',(0.,0.60382602742,-0.797116132449));
#11535 = ADVANCED_FACE('',(#11536),#11561,.F.);
#11536 = FACE_BOUND('',#11537,.T.);
#11537 = EDGE_LOOP('',(#11538,#11546,#11554,#11560));
#11538 = ORIENTED_EDGE('',*,*,#11539,.T.);
#11539 = EDGE_CURVE('',#11478,#11540,#11542,.T.);
#11540 = VERTEX_POINT('',#11541);
#11541 = CARTESIAN_POINT('',(-5.525,1.08,6.5E-02));
#11542 = LINE('',#11543,#11544);
#11543 = CARTESIAN_POINT('',(-5.525,1.08,0.));
#11544 = VECTOR('',#11545,1.);
#11545 = DIRECTION('',(0.,0.,-1.));
#11546 = ORIENTED_EDGE('',*,*,#11547,.F.);
#11547 = EDGE_CURVE('',#11548,#11540,#11550,.T.);
#11548 = VERTEX_POINT('',#11549);
#11549 = CARTESIAN_POINT('',(-5.725,1.08,6.5E-02));
#11550 = LINE('',#11551,#11552);
#11551 = CARTESIAN_POINT('',(-5.725,1.08,6.5E-02));
#11552 = VECTOR('',#11553,1.);
#11553 = DIRECTION('',(1.,0.,0.));
#11554 = ORIENTED_EDGE('',*,*,#11555,.F.);
#11555 = EDGE_CURVE('',#11487,#11548,#11556,.T.);
#11556 = LINE('',#11557,#11558);
#11557 = CARTESIAN_POINT('',(-5.725,1.08,0.));
#11558 = VECTOR('',#11559,1.);
#11559 = DIRECTION('',(0.,0.,-1.));
#11560 = ORIENTED_EDGE('',*,*,#11486,.T.);
#11561 = PLANE('',#11562);
#11562 = AXIS2_PLACEMENT_3D('',#11563,#11564,#11565);
#11563 = CARTESIAN_POINT('',(-5.725,1.08,0.));
#11564 = DIRECTION('',(0.,-1.,0.));
#11565 = DIRECTION('',(0.,0.,-1.));
#11566 = ADVANCED_FACE('',(#11567),#11595,.T.);
#11567 = FACE_BOUND('',#11568,.T.);
#11568 = EDGE_LOOP('',(#11569,#11570,#11571,#11579,#11587,#11593,#11594)
  );
#11569 = ORIENTED_EDGE('',*,*,#11524,.F.);
#11570 = ORIENTED_EDGE('',*,*,#11452,.T.);
#11571 = ORIENTED_EDGE('',*,*,#11572,.T.);
#11572 = EDGE_CURVE('',#11445,#11573,#11575,.T.);
#11573 = VERTEX_POINT('',#11574);
#11574 = CARTESIAN_POINT('',(-5.525,0.55,1.825));
#11575 = LINE('',#11576,#11577);
#11576 = CARTESIAN_POINT('',(-5.525,0.,1.825));
#11577 = VECTOR('',#11578,1.);
#11578 = DIRECTION('',(0.,-1.,0.));
#11579 = ORIENTED_EDGE('',*,*,#11580,.T.);
#11580 = EDGE_CURVE('',#11573,#11581,#11583,.T.);
#11581 = VERTEX_POINT('',#11582);
#11582 = CARTESIAN_POINT('',(-5.525,0.55,6.5E-02));
#11583 = LINE('',#11584,#11585);
#11584 = CARTESIAN_POINT('',(-5.525,0.55,1.825));
#11585 = VECTOR('',#11586,1.);
#11586 = DIRECTION('',(0.,0.,-1.));
#11587 = ORIENTED_EDGE('',*,*,#11588,.F.);
#11588 = EDGE_CURVE('',#11540,#11581,#11589,.T.);
#11589 = LINE('',#11590,#11591);
#11590 = CARTESIAN_POINT('',(-5.525,0.,6.5E-02));
#11591 = VECTOR('',#11592,1.);
#11592 = DIRECTION('',(0.,-1.,0.));
#11593 = ORIENTED_EDGE('',*,*,#11539,.F.);
#11594 = ORIENTED_EDGE('',*,*,#11475,.F.);
#11595 = PLANE('',#11596);
#11596 = AXIS2_PLACEMENT_3D('',#11597,#11598,#11599);
#11597 = CARTESIAN_POINT('',(-5.525,0.,1.825));
#11598 = DIRECTION('',(1.,0.,0.));
#11599 = DIRECTION('',(-0.,1.,0.));
#11600 = ADVANCED_FACE('',(#11601),#11629,.F.);
#11601 = FACE_BOUND('',#11602,.T.);
#11602 = EDGE_LOOP('',(#11603,#11611,#11612,#11613,#11614,#11615,#11623)
  );
#11603 = ORIENTED_EDGE('',*,*,#11604,.F.);
#11604 = EDGE_CURVE('',#11434,#11605,#11607,.T.);
#11605 = VERTEX_POINT('',#11606);
#11606 = CARTESIAN_POINT('',(-5.725,0.55,1.825));
#11607 = LINE('',#11608,#11609);
#11608 = CARTESIAN_POINT('',(-5.725,0.,1.825));
#11609 = VECTOR('',#11610,1.);
#11610 = DIRECTION('',(0.,-1.,0.));
#11611 = ORIENTED_EDGE('',*,*,#11433,.T.);
#11612 = ORIENTED_EDGE('',*,*,#11517,.T.);
#11613 = ORIENTED_EDGE('',*,*,#11494,.T.);
#11614 = ORIENTED_EDGE('',*,*,#11555,.T.);
#11615 = ORIENTED_EDGE('',*,*,#11616,.T.);
#11616 = EDGE_CURVE('',#11548,#11617,#11619,.T.);
#11617 = VERTEX_POINT('',#11618);
#11618 = CARTESIAN_POINT('',(-5.725,0.55,6.5E-02));
#11619 = LINE('',#11620,#11621);
#11620 = CARTESIAN_POINT('',(-5.725,0.,6.5E-02));
#11621 = VECTOR('',#11622,1.);
#11622 = DIRECTION('',(0.,-1.,0.));
#11623 = ORIENTED_EDGE('',*,*,#11624,.F.);
#11624 = EDGE_CURVE('',#11605,#11617,#11625,.T.);
#11625 = LINE('',#11626,#11627);
#11626 = CARTESIAN_POINT('',(-5.725,0.55,1.825));
#11627 = VECTOR('',#11628,1.);
#11628 = DIRECTION('',(0.,0.,-1.));
#11629 = PLANE('',#11630);
#11630 = AXIS2_PLACEMENT_3D('',#11631,#11632,#11633);
#11631 = CARTESIAN_POINT('',(-5.725,0.,1.825));
#11632 = DIRECTION('',(1.,0.,0.));
#11633 = DIRECTION('',(-0.,1.,0.));
#11634 = ADVANCED_FACE('',(#11635),#11646,.F.);
#11635 = FACE_BOUND('',#11636,.T.);
#11636 = EDGE_LOOP('',(#11637,#11638,#11639,#11640));
#11637 = ORIENTED_EDGE('',*,*,#11616,.F.);
#11638 = ORIENTED_EDGE('',*,*,#11547,.T.);
#11639 = ORIENTED_EDGE('',*,*,#11588,.T.);
#11640 = ORIENTED_EDGE('',*,*,#11641,.F.);
#11641 = EDGE_CURVE('',#11617,#11581,#11642,.T.);
#11642 = LINE('',#11643,#11644);
#11643 = CARTESIAN_POINT('',(0.,0.55,6.5E-02));
#11644 = VECTOR('',#11645,1.);
#11645 = DIRECTION('',(1.,0.,0.));
#11646 = PLANE('',#11647);
#11647 = AXIS2_PLACEMENT_3D('',#11648,#11649,#11650);
#11648 = CARTESIAN_POINT('',(0.,0.,6.5E-02));
#11649 = DIRECTION('',(0.,0.,1.));
#11650 = DIRECTION('',(1.,0.,-0.));
#11651 = ADVANCED_FACE('',(#11652),#11663,.T.);
#11652 = FACE_BOUND('',#11653,.T.);
#11653 = EDGE_LOOP('',(#11654,#11655,#11656,#11657));
#11654 = ORIENTED_EDGE('',*,*,#11572,.F.);
#11655 = ORIENTED_EDGE('',*,*,#11444,.T.);
#11656 = ORIENTED_EDGE('',*,*,#11604,.T.);
#11657 = ORIENTED_EDGE('',*,*,#11658,.T.);
#11658 = EDGE_CURVE('',#11605,#11573,#11659,.T.);
#11659 = LINE('',#11660,#11661);
#11660 = CARTESIAN_POINT('',(0.,0.55,1.825));
#11661 = VECTOR('',#11662,1.);
#11662 = DIRECTION('',(1.,0.,0.));
#11663 = PLANE('',#11664);
#11664 = AXIS2_PLACEMENT_3D('',#11665,#11666,#11667);
#11665 = CARTESIAN_POINT('',(0.,0.,1.825));
#11666 = DIRECTION('',(0.,0.,1.));
#11667 = DIRECTION('',(1.,0.,-0.));
#11668 = ADVANCED_FACE('',(#11669),#11675,.F.);
#11669 = FACE_BOUND('',#11670,.T.);
#11670 = EDGE_LOOP('',(#11671,#11672,#11673,#11674));
#11671 = ORIENTED_EDGE('',*,*,#11641,.T.);
#11672 = ORIENTED_EDGE('',*,*,#11580,.F.);
#11673 = ORIENTED_EDGE('',*,*,#11658,.F.);
#11674 = ORIENTED_EDGE('',*,*,#11624,.T.);
#11675 = PLANE('',#11676);
#11676 = AXIS2_PLACEMENT_3D('',#11677,#11678,#11679);
#11677 = CARTESIAN_POINT('',(0.,0.55,1.825));
#11678 = DIRECTION('',(-0.,1.,0.));
#11679 = DIRECTION('',(1.,0.,0.));
#11680 = MANIFOLD_SOLID_BREP('',#11681);
#11681 = CLOSED_SHELL('',(#11682,#11724,#11764,#11804,#11835,#11866,
    #11897,#11928,#11959,#11990,#12014,#12045,#12076,#12109,#12140,
    #12173,#12204,#12228,#12259,#12281,#12308));
#11682 = ADVANCED_FACE('',(#11683),#11719,.T.);
#11683 = FACE_BOUND('',#11684,.T.);
#11684 = EDGE_LOOP('',(#11685,#11696,#11704,#11713));
#11685 = ORIENTED_EDGE('',*,*,#11686,.F.);
#11686 = EDGE_CURVE('',#11687,#11689,#11691,.T.);
#11687 = VERTEX_POINT('',#11688);
#11688 = CARTESIAN_POINT('',(-5.725,1.796421356237,1.766421356237));
#11689 = VERTEX_POINT('',#11690);
#11690 = CARTESIAN_POINT('',(-5.725,1.937842712475,1.825));
#11691 = CIRCLE('',#11692,0.2);
#11692 = AXIS2_PLACEMENT_3D('',#11693,#11694,#11695);
#11693 = CARTESIAN_POINT('',(-5.725,1.937842712475,1.625));
#11694 = DIRECTION('',(-1.,0.,0.));
#11695 = DIRECTION('',(0.,0.,-1.));
#11696 = ORIENTED_EDGE('',*,*,#11697,.F.);
#11697 = EDGE_CURVE('',#11698,#11687,#11700,.T.);
#11698 = VERTEX_POINT('',#11699);
#11699 = CARTESIAN_POINT('',(-5.525,1.796421356237,1.766421356237));
#11700 = LINE('',#11701,#11702);
#11701 = CARTESIAN_POINT('',(-5.725,1.796421356237,1.766421356237));
#11702 = VECTOR('',#11703,1.);
#11703 = DIRECTION('',(-1.,0.,0.));
#11704 = ORIENTED_EDGE('',*,*,#11705,.F.);
#11705 = EDGE_CURVE('',#11706,#11698,#11708,.T.);
#11706 = VERTEX_POINT('',#11707);
#11707 = CARTESIAN_POINT('',(-5.525,1.937842712475,1.825));
#11708 = CIRCLE('',#11709,0.2);
#11709 = AXIS2_PLACEMENT_3D('',#11710,#11711,#11712);
#11710 = CARTESIAN_POINT('',(-5.525,1.937842712475,1.625));
#11711 = DIRECTION('',(1.,0.,0.));
#11712 = DIRECTION('',(0.,0.,-1.));
#11713 = ORIENTED_EDGE('',*,*,#11714,.F.);
#11714 = EDGE_CURVE('',#11689,#11706,#11715,.T.);
#11715 = LINE('',#11716,#11717);
#11716 = CARTESIAN_POINT('',(0.,1.937842712475,1.825));
#11717 = VECTOR('',#11718,1.);
#11718 = DIRECTION('',(1.,0.,0.));
#11719 = CYLINDRICAL_SURFACE('',#11720,0.2);
#11720 = AXIS2_PLACEMENT_3D('',#11721,#11722,#11723);
#11721 = CARTESIAN_POINT('',(0.,1.937842712475,1.625));
#11722 = DIRECTION('',(1.,0.,0.));
#11723 = DIRECTION('',(0.,0.,-1.));
#11724 = ADVANCED_FACE('',(#11725),#11759,.T.);
#11725 = FACE_BOUND('',#11726,.T.);
#11726 = EDGE_LOOP('',(#11727,#11737,#11745,#11753));
#11727 = ORIENTED_EDGE('',*,*,#11728,.F.);
#11728 = EDGE_CURVE('',#11729,#11731,#11733,.T.);
#11729 = VERTEX_POINT('',#11730);
#11730 = CARTESIAN_POINT('',(-5.525,0.6,-2.025));
#11731 = VERTEX_POINT('',#11732);
#11732 = CARTESIAN_POINT('',(-5.525,2.085,-2.025));
#11733 = LINE('',#11734,#11735);
#11734 = CARTESIAN_POINT('',(-5.525,-5.913830031739E-16,-2.025));
#11735 = VECTOR('',#11736,1.);
#11736 = DIRECTION('',(0.,1.,-2.920409892217E-16));
#11737 = ORIENTED_EDGE('',*,*,#11738,.F.);
#11738 = EDGE_CURVE('',#11739,#11729,#11741,.T.);
#11739 = VERTEX_POINT('',#11740);
#11740 = CARTESIAN_POINT('',(-5.725,0.6,-2.025));
#11741 = LINE('',#11742,#11743);
#11742 = CARTESIAN_POINT('',(-5.725,0.6,-2.025));
#11743 = VECTOR('',#11744,1.);
#11744 = DIRECTION('',(1.,0.,0.));
#11745 = ORIENTED_EDGE('',*,*,#11746,.T.);
#11746 = EDGE_CURVE('',#11739,#11747,#11749,.T.);
#11747 = VERTEX_POINT('',#11748);
#11748 = CARTESIAN_POINT('',(-5.725,2.085,-2.025));
#11749 = LINE('',#11750,#11751);
#11750 = CARTESIAN_POINT('',(-5.725,-5.913830031739E-16,-2.025));
#11751 = VECTOR('',#11752,1.);
#11752 = DIRECTION('',(0.,1.,-2.920409892217E-16));
#11753 = ORIENTED_EDGE('',*,*,#11754,.T.);
#11754 = EDGE_CURVE('',#11747,#11731,#11755,.T.);
#11755 = LINE('',#11756,#11757);
#11756 = CARTESIAN_POINT('',(-5.725,2.085,-2.025));
#11757 = VECTOR('',#11758,1.);
#11758 = DIRECTION('',(1.,0.,0.));
#11759 = PLANE('',#11760);
#11760 = AXIS2_PLACEMENT_3D('',#11761,#11762,#11763);
#11761 = CARTESIAN_POINT('',(-5.725,-5.913830031739E-16,-2.025));
#11762 = DIRECTION('',(0.,-2.920409892217E-16,-1.));
#11763 = DIRECTION('',(0.,-1.,2.920409892217E-16));
#11764 = ADVANCED_FACE('',(#11765),#11799,.T.);
#11765 = FACE_BOUND('',#11766,.T.);
#11766 = EDGE_LOOP('',(#11767,#11777,#11785,#11793));
#11767 = ORIENTED_EDGE('',*,*,#11768,.F.);
#11768 = EDGE_CURVE('',#11769,#11771,#11773,.T.);
#11769 = VERTEX_POINT('',#11770);
#11770 = CARTESIAN_POINT('',(-5.525,1.63,-1.465));
#11771 = VERTEX_POINT('',#11772);
#11772 = CARTESIAN_POINT('',(-5.525,0.625,-1.465));
#11773 = LINE('',#11774,#11775);
#11774 = CARTESIAN_POINT('',(-5.525,0.,-1.465));
#11775 = VECTOR('',#11776,1.);
#11776 = DIRECTION('',(0.,-1.,0.));
#11777 = ORIENTED_EDGE('',*,*,#11778,.F.);
#11778 = EDGE_CURVE('',#11779,#11769,#11781,.T.);
#11779 = VERTEX_POINT('',#11780);
#11780 = CARTESIAN_POINT('',(-5.725,1.63,-1.465));
#11781 = LINE('',#11782,#11783);
#11782 = CARTESIAN_POINT('',(-5.725,1.63,-1.465));
#11783 = VECTOR('',#11784,1.);
#11784 = DIRECTION('',(1.,0.,0.));
#11785 = ORIENTED_EDGE('',*,*,#11786,.T.);
#11786 = EDGE_CURVE('',#11779,#11787,#11789,.T.);
#11787 = VERTEX_POINT('',#11788);
#11788 = CARTESIAN_POINT('',(-5.725,0.625,-1.465));
#11789 = LINE('',#11790,#11791);
#11790 = CARTESIAN_POINT('',(-5.725,0.,-1.465));
#11791 = VECTOR('',#11792,1.);
#11792 = DIRECTION('',(0.,-1.,0.));
#11793 = ORIENTED_EDGE('',*,*,#11794,.T.);
#11794 = EDGE_CURVE('',#11787,#11771,#11795,.T.);
#11795 = LINE('',#11796,#11797);
#11796 = CARTESIAN_POINT('',(-5.725,0.625,-1.465));
#11797 = VECTOR('',#11798,1.);
#11798 = DIRECTION('',(1.,0.,0.));
#11799 = PLANE('',#11800);
#11800 = AXIS2_PLACEMENT_3D('',#11801,#11802,#11803);
#11801 = CARTESIAN_POINT('',(-5.725,0.,-1.465));
#11802 = DIRECTION('',(0.,0.,1.));
#11803 = DIRECTION('',(1.,0.,-0.));
#11804 = ADVANCED_FACE('',(#11805),#11830,.T.);
#11805 = FACE_BOUND('',#11806,.T.);
#11806 = EDGE_LOOP('',(#11807,#11815,#11816,#11824));
#11807 = ORIENTED_EDGE('',*,*,#11808,.F.);
#11808 = EDGE_CURVE('',#11771,#11809,#11811,.T.);
#11809 = VERTEX_POINT('',#11810);
#11810 = CARTESIAN_POINT('',(-5.525,0.505,-1.585));
#11811 = LINE('',#11812,#11813);
#11812 = CARTESIAN_POINT('',(-5.525,1.045,-1.045));
#11813 = VECTOR('',#11814,1.);
#11814 = DIRECTION('',(0.,-0.707106781187,-0.707106781187));
#11815 = ORIENTED_EDGE('',*,*,#11794,.F.);
#11816 = ORIENTED_EDGE('',*,*,#11817,.T.);
#11817 = EDGE_CURVE('',#11787,#11818,#11820,.T.);
#11818 = VERTEX_POINT('',#11819);
#11819 = CARTESIAN_POINT('',(-5.725,0.505,-1.585));
#11820 = LINE('',#11821,#11822);
#11821 = CARTESIAN_POINT('',(-5.725,1.045,-1.045));
#11822 = VECTOR('',#11823,1.);
#11823 = DIRECTION('',(0.,-0.707106781187,-0.707106781187));
#11824 = ORIENTED_EDGE('',*,*,#11825,.T.);
#11825 = EDGE_CURVE('',#11818,#11809,#11826,.T.);
#11826 = LINE('',#11827,#11828);
#11827 = CARTESIAN_POINT('',(-5.725,0.505,-1.585));
#11828 = VECTOR('',#11829,1.);
#11829 = DIRECTION('',(1.,0.,0.));
#11830 = PLANE('',#11831);
#11831 = AXIS2_PLACEMENT_3D('',#11832,#11833,#11834);
#11832 = CARTESIAN_POINT('',(-5.725,1.045,-1.045));
#11833 = DIRECTION('',(0.,-0.707106781187,0.707106781187));
#11834 = DIRECTION('',(-1.,0.,0.));
#11835 = ADVANCED_FACE('',(#11836),#11861,.T.);
#11836 = FACE_BOUND('',#11837,.T.);
#11837 = EDGE_LOOP('',(#11838,#11846,#11847,#11855));
#11838 = ORIENTED_EDGE('',*,*,#11839,.F.);
#11839 = EDGE_CURVE('',#11809,#11840,#11842,.T.);
#11840 = VERTEX_POINT('',#11841);
#11841 = CARTESIAN_POINT('',(-5.525,0.225,-1.585));
#11842 = LINE('',#11843,#11844);
#11843 = CARTESIAN_POINT('',(-5.525,0.,-1.585));
#11844 = VECTOR('',#11845,1.);
#11845 = DIRECTION('',(0.,-1.,0.));
#11846 = ORIENTED_EDGE('',*,*,#11825,.F.);
#11847 = ORIENTED_EDGE('',*,*,#11848,.T.);
#11848 = EDGE_CURVE('',#11818,#11849,#11851,.T.);
#11849 = VERTEX_POINT('',#11850);
#11850 = CARTESIAN_POINT('',(-5.725,0.225,-1.585));
#11851 = LINE('',#11852,#11853);
#11852 = CARTESIAN_POINT('',(-5.725,0.,-1.585));
#11853 = VECTOR('',#11854,1.);
#11854 = DIRECTION('',(0.,-1.,0.));
#11855 = ORIENTED_EDGE('',*,*,#11856,.T.);
#11856 = EDGE_CURVE('',#11849,#11840,#11857,.T.);
#11857 = LINE('',#11858,#11859);
#11858 = CARTESIAN_POINT('',(-5.725,0.225,-1.585));
#11859 = VECTOR('',#11860,1.);
#11860 = DIRECTION('',(1.,0.,0.));
#11861 = PLANE('',#11862);
#11862 = AXIS2_PLACEMENT_3D('',#11863,#11864,#11865);
#11863 = CARTESIAN_POINT('',(-5.725,0.,-1.585));
#11864 = DIRECTION('',(0.,0.,1.));
#11865 = DIRECTION('',(1.,0.,-0.));
#11866 = ADVANCED_FACE('',(#11867),#11892,.T.);
#11867 = FACE_BOUND('',#11868,.T.);
#11868 = EDGE_LOOP('',(#11869,#11877,#11878,#11886));
#11869 = ORIENTED_EDGE('',*,*,#11870,.F.);
#11870 = EDGE_CURVE('',#11840,#11871,#11873,.T.);
#11871 = VERTEX_POINT('',#11872);
#11872 = CARTESIAN_POINT('',(-5.525,-1.084202172486E-16,-1.81));
#11873 = LINE('',#11874,#11875);
#11874 = CARTESIAN_POINT('',(-5.525,0.905,-0.905));
#11875 = VECTOR('',#11876,1.);
#11876 = DIRECTION('',(0.,-0.707106781187,-0.707106781187));
#11877 = ORIENTED_EDGE('',*,*,#11856,.F.);
#11878 = ORIENTED_EDGE('',*,*,#11879,.T.);
#11879 = EDGE_CURVE('',#11849,#11880,#11882,.T.);
#11880 = VERTEX_POINT('',#11881);
#11881 = CARTESIAN_POINT('',(-5.725,-1.084202172486E-16,-1.81));
#11882 = LINE('',#11883,#11884);
#11883 = CARTESIAN_POINT('',(-5.725,0.905,-0.905));
#11884 = VECTOR('',#11885,1.);
#11885 = DIRECTION('',(0.,-0.707106781187,-0.707106781187));
#11886 = ORIENTED_EDGE('',*,*,#11887,.T.);
#11887 = EDGE_CURVE('',#11880,#11871,#11888,.T.);
#11888 = LINE('',#11889,#11890);
#11889 = CARTESIAN_POINT('',(-5.725,-1.084202172486E-16,-1.81));
#11890 = VECTOR('',#11891,1.);
#11891 = DIRECTION('',(1.,0.,0.));
#11892 = PLANE('',#11893);
#11893 = AXIS2_PLACEMENT_3D('',#11894,#11895,#11896);
#11894 = CARTESIAN_POINT('',(-5.725,0.905,-0.905));
#11895 = DIRECTION('',(0.,-0.707106781187,0.707106781187));
#11896 = DIRECTION('',(-1.,0.,0.));
#11897 = ADVANCED_FACE('',(#11898),#11923,.T.);
#11898 = FACE_BOUND('',#11899,.T.);
#11899 = EDGE_LOOP('',(#11900,#11908,#11909,#11917));
#11900 = ORIENTED_EDGE('',*,*,#11901,.F.);
#11901 = EDGE_CURVE('',#11871,#11902,#11904,.T.);
#11902 = VERTEX_POINT('',#11903);
#11903 = CARTESIAN_POINT('',(-5.525,0.,-2.825));
#11904 = LINE('',#11905,#11906);
#11905 = CARTESIAN_POINT('',(-5.525,0.,0.));
#11906 = VECTOR('',#11907,1.);
#11907 = DIRECTION('',(0.,0.,-1.));
#11908 = ORIENTED_EDGE('',*,*,#11887,.F.);
#11909 = ORIENTED_EDGE('',*,*,#11910,.T.);
#11910 = EDGE_CURVE('',#11880,#11911,#11913,.T.);
#11911 = VERTEX_POINT('',#11912);
#11912 = CARTESIAN_POINT('',(-5.725,0.,-2.825));
#11913 = LINE('',#11914,#11915);
#11914 = CARTESIAN_POINT('',(-5.725,0.,0.));
#11915 = VECTOR('',#11916,1.);
#11916 = DIRECTION('',(0.,0.,-1.));
#11917 = ORIENTED_EDGE('',*,*,#11918,.T.);
#11918 = EDGE_CURVE('',#11911,#11902,#11919,.T.);
#11919 = LINE('',#11920,#11921);
#11920 = CARTESIAN_POINT('',(-5.725,0.,-2.825));
#11921 = VECTOR('',#11922,1.);
#11922 = DIRECTION('',(1.,0.,0.));
#11923 = PLANE('',#11924);
#11924 = AXIS2_PLACEMENT_3D('',#11925,#11926,#11927);
#11925 = CARTESIAN_POINT('',(-5.725,0.,0.));
#11926 = DIRECTION('',(0.,-1.,0.));
#11927 = DIRECTION('',(0.,0.,-1.));
#11928 = ADVANCED_FACE('',(#11929),#11954,.T.);
#11929 = FACE_BOUND('',#11930,.T.);
#11930 = EDGE_LOOP('',(#11931,#11939,#11940,#11948));
#11931 = ORIENTED_EDGE('',*,*,#11932,.F.);
#11932 = EDGE_CURVE('',#11902,#11933,#11935,.T.);
#11933 = VERTEX_POINT('',#11934);
#11934 = CARTESIAN_POINT('',(-5.525,0.3,-2.825));
#11935 = LINE('',#11936,#11937);
#11936 = CARTESIAN_POINT('',(-5.525,0.,-2.825));
#11937 = VECTOR('',#11938,1.);
#11938 = DIRECTION('',(0.,1.,0.));
#11939 = ORIENTED_EDGE('',*,*,#11918,.F.);
#11940 = ORIENTED_EDGE('',*,*,#11941,.T.);
#11941 = EDGE_CURVE('',#11911,#11942,#11944,.T.);
#11942 = VERTEX_POINT('',#11943);
#11943 = CARTESIAN_POINT('',(-5.725,0.3,-2.825));
#11944 = LINE('',#11945,#11946);
#11945 = CARTESIAN_POINT('',(-5.725,0.,-2.825));
#11946 = VECTOR('',#11947,1.);
#11947 = DIRECTION('',(0.,1.,0.));
#11948 = ORIENTED_EDGE('',*,*,#11949,.T.);
#11949 = EDGE_CURVE('',#11942,#11933,#11950,.T.);
#11950 = LINE('',#11951,#11952);
#11951 = CARTESIAN_POINT('',(-5.725,0.3,-2.825));
#11952 = VECTOR('',#11953,1.);
#11953 = DIRECTION('',(1.,0.,0.));
#11954 = PLANE('',#11955);
#11955 = AXIS2_PLACEMENT_3D('',#11956,#11957,#11958);
#11956 = CARTESIAN_POINT('',(-5.725,0.,-2.825));
#11957 = DIRECTION('',(0.,0.,-1.));
#11958 = DIRECTION('',(0.,-1.,0.));
#11959 = ADVANCED_FACE('',(#11960),#11985,.T.);
#11960 = FACE_BOUND('',#11961,.T.);
#11961 = EDGE_LOOP('',(#11962,#11970,#11971,#11979));
#11962 = ORIENTED_EDGE('',*,*,#11963,.F.);
#11963 = EDGE_CURVE('',#11933,#11964,#11966,.T.);
#11964 = VERTEX_POINT('',#11965);
#11965 = CARTESIAN_POINT('',(-5.525,0.3,-2.325));
#11966 = LINE('',#11967,#11968);
#11967 = CARTESIAN_POINT('',(-5.525,0.3,0.));
#11968 = VECTOR('',#11969,1.);
#11969 = DIRECTION('',(0.,0.,1.));
#11970 = ORIENTED_EDGE('',*,*,#11949,.F.);
#11971 = ORIENTED_EDGE('',*,*,#11972,.T.);
#11972 = EDGE_CURVE('',#11942,#11973,#11975,.T.);
#11973 = VERTEX_POINT('',#11974);
#11974 = CARTESIAN_POINT('',(-5.725,0.3,-2.325));
#11975 = LINE('',#11976,#11977);
#11976 = CARTESIAN_POINT('',(-5.725,0.3,0.));
#11977 = VECTOR('',#11978,1.);
#11978 = DIRECTION('',(0.,0.,1.));
#11979 = ORIENTED_EDGE('',*,*,#11980,.T.);
#11980 = EDGE_CURVE('',#11973,#11964,#11981,.T.);
#11981 = LINE('',#11982,#11983);
#11982 = CARTESIAN_POINT('',(-5.725,0.3,-2.325));
#11983 = VECTOR('',#11984,1.);
#11984 = DIRECTION('',(1.,0.,0.));
#11985 = PLANE('',#11986);
#11986 = AXIS2_PLACEMENT_3D('',#11987,#11988,#11989);
#11987 = CARTESIAN_POINT('',(-5.725,0.3,0.));
#11988 = DIRECTION('',(-0.,1.,0.));
#11989 = DIRECTION('',(1.,0.,0.));
#11990 = ADVANCED_FACE('',(#11991),#12009,.F.);
#11991 = FACE_BOUND('',#11992,.F.);
#11992 = EDGE_LOOP('',(#11993,#11994,#12001,#12002));
#11993 = ORIENTED_EDGE('',*,*,#11738,.F.);
#11994 = ORIENTED_EDGE('',*,*,#11995,.T.);
#11995 = EDGE_CURVE('',#11739,#11973,#11996,.T.);
#11996 = CIRCLE('',#11997,0.3);
#11997 = AXIS2_PLACEMENT_3D('',#11998,#11999,#12000);
#11998 = CARTESIAN_POINT('',(-5.725,0.6,-2.325));
#11999 = DIRECTION('',(1.,0.,0.));
#12000 = DIRECTION('',(0.,0.,-1.));
#12001 = ORIENTED_EDGE('',*,*,#11980,.T.);
#12002 = ORIENTED_EDGE('',*,*,#12003,.F.);
#12003 = EDGE_CURVE('',#11729,#11964,#12004,.T.);
#12004 = CIRCLE('',#12005,0.3);
#12005 = AXIS2_PLACEMENT_3D('',#12006,#12007,#12008);
#12006 = CARTESIAN_POINT('',(-5.525,0.6,-2.325));
#12007 = DIRECTION('',(1.,0.,0.));
#12008 = DIRECTION('',(0.,0.,-1.));
#12009 = CYLINDRICAL_SURFACE('',#12010,0.3);
#12010 = AXIS2_PLACEMENT_3D('',#12011,#12012,#12013);
#12011 = CARTESIAN_POINT('',(-5.725,0.6,-2.325));
#12012 = DIRECTION('',(1.,0.,0.));
#12013 = DIRECTION('',(0.,0.,-1.));
#12014 = ADVANCED_FACE('',(#12015),#12040,.T.);
#12015 = FACE_BOUND('',#12016,.T.);
#12016 = EDGE_LOOP('',(#12017,#12025,#12026,#12034));
#12017 = ORIENTED_EDGE('',*,*,#12018,.F.);
#12018 = EDGE_CURVE('',#11698,#12019,#12021,.T.);
#12019 = VERTEX_POINT('',#12020);
#12020 = CARTESIAN_POINT('',(-5.525,1.498933982822,1.468933982822));
#12021 = LINE('',#12022,#12023);
#12022 = CARTESIAN_POINT('',(-5.525,1.5E-02,-1.5E-02));
#12023 = VECTOR('',#12024,1.);
#12024 = DIRECTION('',(0.,-0.707106781187,-0.707106781187));
#12025 = ORIENTED_EDGE('',*,*,#11697,.T.);
#12026 = ORIENTED_EDGE('',*,*,#12027,.T.);
#12027 = EDGE_CURVE('',#11687,#12028,#12030,.T.);
#12028 = VERTEX_POINT('',#12029);
#12029 = CARTESIAN_POINT('',(-5.725,1.498933982822,1.468933982822));
#12030 = LINE('',#12031,#12032);
#12031 = CARTESIAN_POINT('',(-5.725,1.5E-02,-1.5E-02));
#12032 = VECTOR('',#12033,1.);
#12033 = DIRECTION('',(0.,-0.707106781187,-0.707106781187));
#12034 = ORIENTED_EDGE('',*,*,#12035,.T.);
#12035 = EDGE_CURVE('',#12028,#12019,#12036,.T.);
#12036 = LINE('',#12037,#12038);
#12037 = CARTESIAN_POINT('',(-5.725,1.498933982822,1.468933982822));
#12038 = VECTOR('',#12039,1.);
#12039 = DIRECTION('',(1.,0.,0.));
#12040 = PLANE('',#12041);
#12041 = AXIS2_PLACEMENT_3D('',#12042,#12043,#12044);
#12042 = CARTESIAN_POINT('',(-5.725,1.5E-02,-1.5E-02));
#12043 = DIRECTION('',(0.,-0.707106781187,0.707106781187));
#12044 = DIRECTION('',(-1.,0.,0.));
#12045 = ADVANCED_FACE('',(#12046),#12071,.T.);
#12046 = FACE_BOUND('',#12047,.T.);
#12047 = EDGE_LOOP('',(#12048,#12056,#12064,#12070));
#12048 = ORIENTED_EDGE('',*,*,#12049,.F.);
#12049 = EDGE_CURVE('',#12050,#11769,#12052,.T.);
#12050 = VERTEX_POINT('',#12051);
#12051 = CARTESIAN_POINT('',(-5.525,1.63,0.913603896932));
#12052 = LINE('',#12053,#12054);
#12053 = CARTESIAN_POINT('',(-5.525,1.63,4.165075243091E-16));
#12054 = VECTOR('',#12055,1.);
#12055 = DIRECTION('',(0.,2.555260885332E-16,-1.));
#12056 = ORIENTED_EDGE('',*,*,#12057,.F.);
#12057 = EDGE_CURVE('',#12058,#12050,#12060,.T.);
#12058 = VERTEX_POINT('',#12059);
#12059 = CARTESIAN_POINT('',(-5.725,1.63,0.913603896932));
#12060 = LINE('',#12061,#12062);
#12061 = CARTESIAN_POINT('',(-5.725,1.63,0.913603896932));
#12062 = VECTOR('',#12063,1.);
#12063 = DIRECTION('',(1.,0.,0.));
#12064 = ORIENTED_EDGE('',*,*,#12065,.T.);
#12065 = EDGE_CURVE('',#12058,#11779,#12066,.T.);
#12066 = LINE('',#12067,#12068);
#12067 = CARTESIAN_POINT('',(-5.725,1.63,4.165075243091E-16));
#12068 = VECTOR('',#12069,1.);
#12069 = DIRECTION('',(0.,2.555260885332E-16,-1.));
#12070 = ORIENTED_EDGE('',*,*,#11778,.T.);
#12071 = PLANE('',#12072);
#12072 = AXIS2_PLACEMENT_3D('',#12073,#12074,#12075);
#12073 = CARTESIAN_POINT('',(-5.725,1.63,4.165075243091E-16));
#12074 = DIRECTION('',(0.,-1.,-2.555260885332E-16));
#12075 = DIRECTION('',(0.,2.555260885332E-16,-1.));
#12076 = ADVANCED_FACE('',(#12077),#12104,.F.);
#12077 = FACE_BOUND('',#12078,.F.);
#12078 = EDGE_LOOP('',(#12079,#12080,#12089,#12097));
#12079 = ORIENTED_EDGE('',*,*,#12057,.F.);
#12080 = ORIENTED_EDGE('',*,*,#12081,.F.);
#12081 = EDGE_CURVE('',#12082,#12058,#12084,.T.);
#12082 = VERTEX_POINT('',#12083);
#12083 = CARTESIAN_POINT('',(-5.725,1.586066017178,1.01966991411));
#12084 = CIRCLE('',#12085,0.15);
#12085 = AXIS2_PLACEMENT_3D('',#12086,#12087,#12088);
#12086 = CARTESIAN_POINT('',(-5.725,1.48,0.913603896932));
#12087 = DIRECTION('',(-1.,0.,0.));
#12088 = DIRECTION('',(-0.,-1.445602896647E-15,-1.));
#12089 = ORIENTED_EDGE('',*,*,#12090,.T.);
#12090 = EDGE_CURVE('',#12082,#12091,#12093,.T.);
#12091 = VERTEX_POINT('',#12092);
#12092 = CARTESIAN_POINT('',(-5.525,1.586066017178,1.01966991411));
#12093 = LINE('',#12094,#12095);
#12094 = CARTESIAN_POINT('',(-5.725,1.586066017178,1.01966991411));
#12095 = VECTOR('',#12096,1.);
#12096 = DIRECTION('',(1.,0.,0.));
#12097 = ORIENTED_EDGE('',*,*,#12098,.T.);
#12098 = EDGE_CURVE('',#12091,#12050,#12099,.T.);
#12099 = CIRCLE('',#12100,0.15);
#12100 = AXIS2_PLACEMENT_3D('',#12101,#12102,#12103);
#12101 = CARTESIAN_POINT('',(-5.525,1.48,0.913603896932));
#12102 = DIRECTION('',(-1.,0.,0.));
#12103 = DIRECTION('',(-0.,-1.445602896647E-15,-1.));
#12104 = CYLINDRICAL_SURFACE('',#12105,0.15);
#12105 = AXIS2_PLACEMENT_3D('',#12106,#12107,#12108);
#12106 = CARTESIAN_POINT('',(-5.725,1.48,0.913603896932));
#12107 = DIRECTION('',(1.,0.,0.));
#12108 = DIRECTION('',(0.,0.,-1.));
#12109 = ADVANCED_FACE('',(#12110),#12135,.T.);
#12110 = FACE_BOUND('',#12111,.T.);
#12111 = EDGE_LOOP('',(#12112,#12120,#12128,#12134));
#12112 = ORIENTED_EDGE('',*,*,#12113,.F.);
#12113 = EDGE_CURVE('',#12114,#12091,#12116,.T.);
#12114 = VERTEX_POINT('',#12115);
#12115 = CARTESIAN_POINT('',(-5.525,1.498933982822,1.106801948466));
#12116 = LINE('',#12117,#12118);
#12117 = CARTESIAN_POINT('',(-5.525,1.302867965644,1.302867965644));
#12118 = VECTOR('',#12119,1.);
#12119 = DIRECTION('',(0.,0.707106781187,-0.707106781187));
#12120 = ORIENTED_EDGE('',*,*,#12121,.F.);
#12121 = EDGE_CURVE('',#12122,#12114,#12124,.T.);
#12122 = VERTEX_POINT('',#12123);
#12123 = CARTESIAN_POINT('',(-5.725,1.498933982822,1.106801948466));
#12124 = LINE('',#12125,#12126);
#12125 = CARTESIAN_POINT('',(-5.725,1.498933982822,1.106801948466));
#12126 = VECTOR('',#12127,1.);
#12127 = DIRECTION('',(1.,0.,0.));
#12128 = ORIENTED_EDGE('',*,*,#12129,.T.);
#12129 = EDGE_CURVE('',#12122,#12082,#12130,.T.);
#12130 = LINE('',#12131,#12132);
#12131 = CARTESIAN_POINT('',(-5.725,1.302867965644,1.302867965644));
#12132 = VECTOR('',#12133,1.);
#12133 = DIRECTION('',(0.,0.707106781187,-0.707106781187));
#12134 = ORIENTED_EDGE('',*,*,#12090,.T.);
#12135 = PLANE('',#12136);
#12136 = AXIS2_PLACEMENT_3D('',#12137,#12138,#12139);
#12137 = CARTESIAN_POINT('',(-5.725,1.302867965644,1.302867965644));
#12138 = DIRECTION('',(0.,-0.707106781187,-0.707106781187));
#12139 = DIRECTION('',(0.,-0.707106781187,0.707106781187));
#12140 = ADVANCED_FACE('',(#12141),#12168,.T.);
#12141 = FACE_BOUND('',#12142,.T.);
#12142 = EDGE_LOOP('',(#12143,#12152,#12160,#12167));
#12143 = ORIENTED_EDGE('',*,*,#12144,.F.);
#12144 = EDGE_CURVE('',#12145,#12114,#12147,.T.);
#12145 = VERTEX_POINT('',#12146);
#12146 = CARTESIAN_POINT('',(-5.525,1.455,1.212867965644));
#12147 = CIRCLE('',#12148,0.15);
#12148 = AXIS2_PLACEMENT_3D('',#12149,#12150,#12151);
#12149 = CARTESIAN_POINT('',(-5.525,1.605,1.212867965644));
#12150 = DIRECTION('',(1.,0.,0.));
#12151 = DIRECTION('',(0.,0.,-1.));
#12152 = ORIENTED_EDGE('',*,*,#12153,.F.);
#12153 = EDGE_CURVE('',#12154,#12145,#12156,.T.);
#12154 = VERTEX_POINT('',#12155);
#12155 = CARTESIAN_POINT('',(-5.725,1.455,1.212867965644));
#12156 = LINE('',#12157,#12158);
#12157 = CARTESIAN_POINT('',(-5.725,1.455,1.212867965644));
#12158 = VECTOR('',#12159,1.);
#12159 = DIRECTION('',(1.,0.,0.));
#12160 = ORIENTED_EDGE('',*,*,#12161,.T.);
#12161 = EDGE_CURVE('',#12154,#12122,#12162,.T.);
#12162 = CIRCLE('',#12163,0.15);
#12163 = AXIS2_PLACEMENT_3D('',#12164,#12165,#12166);
#12164 = CARTESIAN_POINT('',(-5.725,1.605,1.212867965644));
#12165 = DIRECTION('',(1.,0.,0.));
#12166 = DIRECTION('',(0.,0.,-1.));
#12167 = ORIENTED_EDGE('',*,*,#12121,.T.);
#12168 = CYLINDRICAL_SURFACE('',#12169,0.15);
#12169 = AXIS2_PLACEMENT_3D('',#12170,#12171,#12172);
#12170 = CARTESIAN_POINT('',(-5.725,1.605,1.212867965644));
#12171 = DIRECTION('',(1.,0.,0.));
#12172 = DIRECTION('',(0.,0.,-1.));
#12173 = ADVANCED_FACE('',(#12174),#12199,.T.);
#12174 = FACE_BOUND('',#12175,.T.);
#12175 = EDGE_LOOP('',(#12176,#12184,#12192,#12198));
#12176 = ORIENTED_EDGE('',*,*,#12177,.F.);
#12177 = EDGE_CURVE('',#12178,#12145,#12180,.T.);
#12178 = VERTEX_POINT('',#12179);
#12179 = CARTESIAN_POINT('',(-5.525,1.455,1.362867965644));
#12180 = LINE('',#12181,#12182);
#12181 = CARTESIAN_POINT('',(-5.525,1.455,0.));
#12182 = VECTOR('',#12183,1.);
#12183 = DIRECTION('',(0.,0.,-1.));
#12184 = ORIENTED_EDGE('',*,*,#12185,.F.);
#12185 = EDGE_CURVE('',#12186,#12178,#12188,.T.);
#12186 = VERTEX_POINT('',#12187);
#12187 = CARTESIAN_POINT('',(-5.725,1.455,1.362867965644));
#12188 = LINE('',#12189,#12190);
#12189 = CARTESIAN_POINT('',(-5.725,1.455,1.362867965644));
#12190 = VECTOR('',#12191,1.);
#12191 = DIRECTION('',(1.,0.,0.));
#12192 = ORIENTED_EDGE('',*,*,#12193,.T.);
#12193 = EDGE_CURVE('',#12186,#12154,#12194,.T.);
#12194 = LINE('',#12195,#12196);
#12195 = CARTESIAN_POINT('',(-5.725,1.455,0.));
#12196 = VECTOR('',#12197,1.);
#12197 = DIRECTION('',(0.,0.,-1.));
#12198 = ORIENTED_EDGE('',*,*,#12153,.T.);
#12199 = PLANE('',#12200);
#12200 = AXIS2_PLACEMENT_3D('',#12201,#12202,#12203);
#12201 = CARTESIAN_POINT('',(-5.725,1.455,0.));
#12202 = DIRECTION('',(0.,-1.,0.));
#12203 = DIRECTION('',(0.,0.,-1.));
#12204 = ADVANCED_FACE('',(#12205),#12223,.T.);
#12205 = FACE_BOUND('',#12206,.T.);
#12206 = EDGE_LOOP('',(#12207,#12214,#12215,#12222));
#12207 = ORIENTED_EDGE('',*,*,#12208,.F.);
#12208 = EDGE_CURVE('',#12019,#12178,#12209,.T.);
#12209 = CIRCLE('',#12210,0.15);
#12210 = AXIS2_PLACEMENT_3D('',#12211,#12212,#12213);
#12211 = CARTESIAN_POINT('',(-5.525,1.605,1.362867965644));
#12212 = DIRECTION('',(1.,0.,0.));
#12213 = DIRECTION('',(0.,0.,-1.));
#12214 = ORIENTED_EDGE('',*,*,#12035,.F.);
#12215 = ORIENTED_EDGE('',*,*,#12216,.T.);
#12216 = EDGE_CURVE('',#12028,#12186,#12217,.T.);
#12217 = CIRCLE('',#12218,0.15);
#12218 = AXIS2_PLACEMENT_3D('',#12219,#12220,#12221);
#12219 = CARTESIAN_POINT('',(-5.725,1.605,1.362867965644));
#12220 = DIRECTION('',(1.,0.,0.));
#12221 = DIRECTION('',(0.,0.,-1.));
#12222 = ORIENTED_EDGE('',*,*,#12185,.T.);
#12223 = CYLINDRICAL_SURFACE('',#12224,0.15);
#12224 = AXIS2_PLACEMENT_3D('',#12225,#12226,#12227);
#12225 = CARTESIAN_POINT('',(-5.725,1.605,1.362867965644));
#12226 = DIRECTION('',(1.,0.,0.));
#12227 = DIRECTION('',(0.,0.,-1.));
#12228 = ADVANCED_FACE('',(#12229),#12254,.T.);
#12229 = FACE_BOUND('',#12230,.T.);
#12230 = EDGE_LOOP('',(#12231,#12239,#12240,#12248));
#12231 = ORIENTED_EDGE('',*,*,#12232,.T.);
#12232 = EDGE_CURVE('',#12233,#11731,#12235,.T.);
#12233 = VERTEX_POINT('',#12234);
#12234 = CARTESIAN_POINT('',(-5.525,2.085,1.825));
#12235 = LINE('',#12236,#12237);
#12236 = CARTESIAN_POINT('',(-5.525,2.085,1.825));
#12237 = VECTOR('',#12238,1.);
#12238 = DIRECTION('',(0.,0.,-1.));
#12239 = ORIENTED_EDGE('',*,*,#11754,.F.);
#12240 = ORIENTED_EDGE('',*,*,#12241,.F.);
#12241 = EDGE_CURVE('',#12242,#11747,#12244,.T.);
#12242 = VERTEX_POINT('',#12243);
#12243 = CARTESIAN_POINT('',(-5.725,2.085,1.825));
#12244 = LINE('',#12245,#12246);
#12245 = CARTESIAN_POINT('',(-5.725,2.085,1.825));
#12246 = VECTOR('',#12247,1.);
#12247 = DIRECTION('',(0.,0.,-1.));
#12248 = ORIENTED_EDGE('',*,*,#12249,.T.);
#12249 = EDGE_CURVE('',#12242,#12233,#12250,.T.);
#12250 = LINE('',#12251,#12252);
#12251 = CARTESIAN_POINT('',(0.,2.085,1.825));
#12252 = VECTOR('',#12253,1.);
#12253 = DIRECTION('',(1.,0.,0.));
#12254 = PLANE('',#12255);
#12255 = AXIS2_PLACEMENT_3D('',#12256,#12257,#12258);
#12256 = CARTESIAN_POINT('',(0.,2.085,1.825));
#12257 = DIRECTION('',(-0.,1.,0.));
#12258 = DIRECTION('',(1.,0.,0.));
#12259 = ADVANCED_FACE('',(#12260),#12276,.T.);
#12260 = FACE_BOUND('',#12261,.T.);
#12261 = EDGE_LOOP('',(#12262,#12268,#12269,#12275));
#12262 = ORIENTED_EDGE('',*,*,#12263,.T.);
#12263 = EDGE_CURVE('',#12242,#11689,#12264,.T.);
#12264 = LINE('',#12265,#12266);
#12265 = CARTESIAN_POINT('',(-5.725,0.,1.825));
#12266 = VECTOR('',#12267,1.);
#12267 = DIRECTION('',(0.,-1.,0.));
#12268 = ORIENTED_EDGE('',*,*,#11714,.T.);
#12269 = ORIENTED_EDGE('',*,*,#12270,.F.);
#12270 = EDGE_CURVE('',#12233,#11706,#12271,.T.);
#12271 = LINE('',#12272,#12273);
#12272 = CARTESIAN_POINT('',(-5.525,0.,1.825));
#12273 = VECTOR('',#12274,1.);
#12274 = DIRECTION('',(0.,-1.,0.));
#12275 = ORIENTED_EDGE('',*,*,#12249,.F.);
#12276 = PLANE('',#12277);
#12277 = AXIS2_PLACEMENT_3D('',#12278,#12279,#12280);
#12278 = CARTESIAN_POINT('',(0.,0.,1.825));
#12279 = DIRECTION('',(0.,0.,1.));
#12280 = DIRECTION('',(1.,0.,-0.));
#12281 = ADVANCED_FACE('',(#12282),#12303,.F.);
#12282 = FACE_BOUND('',#12283,.T.);
#12283 = EDGE_LOOP('',(#12284,#12285,#12286,#12287,#12288,#12289,#12290,
    #12291,#12292,#12293,#12294,#12295,#12296,#12297,#12298,#12299,
    #12300,#12301,#12302));
#12284 = ORIENTED_EDGE('',*,*,#12027,.F.);
#12285 = ORIENTED_EDGE('',*,*,#11686,.T.);
#12286 = ORIENTED_EDGE('',*,*,#12263,.F.);
#12287 = ORIENTED_EDGE('',*,*,#12241,.T.);
#12288 = ORIENTED_EDGE('',*,*,#11746,.F.);
#12289 = ORIENTED_EDGE('',*,*,#11995,.T.);
#12290 = ORIENTED_EDGE('',*,*,#11972,.F.);
#12291 = ORIENTED_EDGE('',*,*,#11941,.F.);
#12292 = ORIENTED_EDGE('',*,*,#11910,.F.);
#12293 = ORIENTED_EDGE('',*,*,#11879,.F.);
#12294 = ORIENTED_EDGE('',*,*,#11848,.F.);
#12295 = ORIENTED_EDGE('',*,*,#11817,.F.);
#12296 = ORIENTED_EDGE('',*,*,#11786,.F.);
#12297 = ORIENTED_EDGE('',*,*,#12065,.F.);
#12298 = ORIENTED_EDGE('',*,*,#12081,.F.);
#12299 = ORIENTED_EDGE('',*,*,#12129,.F.);
#12300 = ORIENTED_EDGE('',*,*,#12161,.F.);
#12301 = ORIENTED_EDGE('',*,*,#12193,.F.);
#12302 = ORIENTED_EDGE('',*,*,#12216,.F.);
#12303 = PLANE('',#12304);
#12304 = AXIS2_PLACEMENT_3D('',#12305,#12306,#12307);
#12305 = CARTESIAN_POINT('',(-5.725,0.,1.825));
#12306 = DIRECTION('',(1.,0.,0.));
#12307 = DIRECTION('',(-0.,1.,0.));
#12308 = ADVANCED_FACE('',(#12309),#12330,.T.);
#12309 = FACE_BOUND('',#12310,.T.);
#12310 = EDGE_LOOP('',(#12311,#12312,#12313,#12314,#12315,#12316,#12317,
    #12318,#12319,#12320,#12321,#12322,#12323,#12324,#12325,#12326,
    #12327,#12328,#12329));
#12311 = ORIENTED_EDGE('',*,*,#12270,.T.);
#12312 = ORIENTED_EDGE('',*,*,#11705,.T.);
#12313 = ORIENTED_EDGE('',*,*,#12018,.T.);
#12314 = ORIENTED_EDGE('',*,*,#12208,.T.);
#12315 = ORIENTED_EDGE('',*,*,#12177,.T.);
#12316 = ORIENTED_EDGE('',*,*,#12144,.T.);
#12317 = ORIENTED_EDGE('',*,*,#12113,.T.);
#12318 = ORIENTED_EDGE('',*,*,#12098,.T.);
#12319 = ORIENTED_EDGE('',*,*,#12049,.T.);
#12320 = ORIENTED_EDGE('',*,*,#11768,.T.);
#12321 = ORIENTED_EDGE('',*,*,#11808,.T.);
#12322 = ORIENTED_EDGE('',*,*,#11839,.T.);
#12323 = ORIENTED_EDGE('',*,*,#11870,.T.);
#12324 = ORIENTED_EDGE('',*,*,#11901,.T.);
#12325 = ORIENTED_EDGE('',*,*,#11932,.T.);
#12326 = ORIENTED_EDGE('',*,*,#11963,.T.);
#12327 = ORIENTED_EDGE('',*,*,#12003,.F.);
#12328 = ORIENTED_EDGE('',*,*,#11728,.T.);
#12329 = ORIENTED_EDGE('',*,*,#12232,.F.);
#12330 = PLANE('',#12331);
#12331 = AXIS2_PLACEMENT_3D('',#12332,#12333,#12334);
#12332 = CARTESIAN_POINT('',(-5.525,0.,1.825));
#12333 = DIRECTION('',(1.,0.,0.));
#12334 = DIRECTION('',(-0.,1.,0.));
#12335 = ( GEOMETRIC_REPRESENTATION_CONTEXT(3) 
GLOBAL_UNCERTAINTY_ASSIGNED_CONTEXT((#12339)) 
GLOBAL_UNIT_ASSIGNED_CONTEXT((#12336,#12337,#12338)) 
REPRESENTATION_CONTEXT('Context #1',
  '3D Context with UNIT and UNCERTAINTY') );
#12336 = ( LENGTH_UNIT() NAMED_UNIT(*) SI_UNIT(.MILLI.,.METRE.) );
#12337 = ( NAMED_UNIT(*) PLANE_ANGLE_UNIT() SI_UNIT($,.RADIAN.) );
#12338 = ( NAMED_UNIT(*) SI_UNIT($,.STERADIAN.) SOLID_ANGLE_UNIT() );
#12339 = UNCERTAINTY_MEASURE_WITH_UNIT(LENGTH_MEASURE(1.E-07),#12336,
  'distance_accuracy_value','confusion accuracy');
#12340 = SHAPE_DEFINITION_REPRESENTATION(#12341,#11426);
#12341 = PRODUCT_DEFINITION_SHAPE('','',#12342);
#12342 = PRODUCT_DEFINITION('design','',#12343,#12346);
#12343 = PRODUCT_DEFINITION_FORMATION('','',#12344);
#12344 = PRODUCT('pin','pin','',(#12345));
#12345 = PRODUCT_CONTEXT('',#2,'mechanical');
#12346 = PRODUCT_DEFINITION_CONTEXT('part definition',#2,'design');
#12347 = CONTEXT_DEPENDENT_SHAPE_REPRESENTATION(#12348,#12350);
#12348 = ( REPRESENTATION_RELATIONSHIP('','',#11426,#3039) 
REPRESENTATION_RELATIONSHIP_WITH_TRANSFORMATION(#12349) 
SHAPE_REPRESENTATION_RELATIONSHIP() );
#12349 = ITEM_DEFINED_TRANSFORMATION('','',#11,#3044);
#12350 = PRODUCT_DEFINITION_SHAPE('Placement','Placement of an item',
  #12351);
#12351 = NEXT_ASSEMBLY_USAGE_OCCURRENCE('6','NAUO2','',#3034,#12342,$);
#12352 = PRODUCT_RELATED_PRODUCT_CATEGORY('part',$,(#12344));
#12353 = CONTEXT_DEPENDENT_SHAPE_REPRESENTATION(#12354,#12356);
#12354 = ( REPRESENTATION_RELATIONSHIP('','',#11426,#3039) 
REPRESENTATION_RELATIONSHIP_WITH_TRANSFORMATION(#12355) 
SHAPE_REPRESENTATION_RELATIONSHIP() );
#12355 = ITEM_DEFINED_TRANSFORMATION('','',#11,#3048);
#12356 = PRODUCT_DEFINITION_SHAPE('Placement','Placement of an item',
  #12357);
#12357 = NEXT_ASSEMBLY_USAGE_OCCURRENCE('7','NAUO3','',#3034,#12342,$);
#12358 = CONTEXT_DEPENDENT_SHAPE_REPRESENTATION(#12359,#12361);
#12359 = ( REPRESENTATION_RELATIONSHIP('','',#11426,#3039) 
REPRESENTATION_RELATIONSHIP_WITH_TRANSFORMATION(#12360) 
SHAPE_REPRESENTATION_RELATIONSHIP() );
#12360 = ITEM_DEFINED_TRANSFORMATION('','',#11,#3052);
#12361 = PRODUCT_DEFINITION_SHAPE('Placement','Placement of an item',
  #12362);
#12362 = NEXT_ASSEMBLY_USAGE_OCCURRENCE('8','NAUO4','',#3034,#12342,$);
#12363 = CONTEXT_DEPENDENT_SHAPE_REPRESENTATION(#12364,#12366);
#12364 = ( REPRESENTATION_RELATIONSHIP('','',#11426,#3039) 
REPRESENTATION_RELATIONSHIP_WITH_TRANSFORMATION(#12365) 
SHAPE_REPRESENTATION_RELATIONSHIP() );
#12365 = ITEM_DEFINED_TRANSFORMATION('','',#11,#3056);
#12366 = PRODUCT_DEFINITION_SHAPE('Placement','Placement of an item',
  #12367);
#12367 = NEXT_ASSEMBLY_USAGE_OCCURRENCE('9','NAUO5','',#3034,#12342,$);
#12368 = CONTEXT_DEPENDENT_SHAPE_REPRESENTATION(#12369,#12371);
#12369 = ( REPRESENTATION_RELATIONSHIP('','',#11426,#3039) 
REPRESENTATION_RELATIONSHIP_WITH_TRANSFORMATION(#12370) 
SHAPE_REPRESENTATION_RELATIONSHIP() );
#12370 = ITEM_DEFINED_TRANSFORMATION('','',#11,#3060);
#12371 = PRODUCT_DEFINITION_SHAPE('Placement','Placement of an item',
  #12372);
#12372 = NEXT_ASSEMBLY_USAGE_OCCURRENCE('10','NAUO6','',#3034,#12342,$);
#12373 = CONTEXT_DEPENDENT_SHAPE_REPRESENTATION(#12374,#12376);
#12374 = ( REPRESENTATION_RELATIONSHIP('','',#11426,#3039) 
REPRESENTATION_RELATIONSHIP_WITH_TRANSFORMATION(#12375) 
SHAPE_REPRESENTATION_RELATIONSHIP() );
#12375 = ITEM_DEFINED_TRANSFORMATION('','',#11,#3064);
#12376 = PRODUCT_DEFINITION_SHAPE('Placement','Placement of an item',
  #12377);
#12377 = NEXT_ASSEMBLY_USAGE_OCCURRENCE('11','NAUO7','',#3034,#12342,$);
#12378 = CONTEXT_DEPENDENT_SHAPE_REPRESENTATION(#12379,#12381);
#12379 = ( REPRESENTATION_RELATIONSHIP('','',#3039,#3022) 
REPRESENTATION_RELATIONSHIP_WITH_TRANSFORMATION(#12380) 
SHAPE_REPRESENTATION_RELATIONSHIP() );
#12380 = ITEM_DEFINED_TRANSFORMATION('','',#11,#3023);
#12381 = PRODUCT_DEFINITION_SHAPE('Placement','Placement of an item',
  #12382);
#12382 = NEXT_ASSEMBLY_USAGE_OCCURRENCE('12','','',#3017,#3034,$);
#12383 = PRODUCT_RELATED_PRODUCT_CATEGORY('part',$,(#3036));
#12384 = CONTEXT_DEPENDENT_SHAPE_REPRESENTATION(#12385,#12387);
#12385 = ( REPRESENTATION_RELATIONSHIP('','',#3022,#10) 
REPRESENTATION_RELATIONSHIP_WITH_TRANSFORMATION(#12386) 
SHAPE_REPRESENTATION_RELATIONSHIP() );
#12386 = ITEM_DEFINED_TRANSFORMATION('','',#11,#23);
#12387 = PRODUCT_DEFINITION_SHAPE('Placement','Placement of an item',
  #12388);
#12388 = NEXT_ASSEMBLY_USAGE_OCCURRENCE('13','','',#5,#3017,$);
#12389 = PRODUCT_RELATED_PRODUCT_CATEGORY('part',$,(#3019));
#12390 = SHAPE_DEFINITION_REPRESENTATION(#12391,#12397);
#12391 = PRODUCT_DEFINITION_SHAPE('','',#12392);
#12392 = PRODUCT_DEFINITION('design','',#12393,#12396);
#12393 = PRODUCT_DEFINITION_FORMATION('','',#12394);
#12394 = PRODUCT('U1','U1','',(#12395));
#12395 = PRODUCT_CONTEXT('',#2,'mechanical');
#12396 = PRODUCT_DEFINITION_CONTEXT('part definition',#2,'design');
#12397 = SHAPE_REPRESENTATION('',(#11,#12398),#12402);
#12398 = AXIS2_PLACEMENT_3D('',#12399,#12400,#12401);
#12399 = CARTESIAN_POINT('',(49.618999481201,25.367000579834,0.));
#12400 = DIRECTION('',(0.,-1.,-4.371140912996E-08));
#12401 = DIRECTION('',(1.,0.,0.));
#12402 = ( GEOMETRIC_REPRESENTATION_CONTEXT(3) 
GLOBAL_UNCERTAINTY_ASSIGNED_CONTEXT((#12406)) 
GLOBAL_UNIT_ASSIGNED_CONTEXT((#12403,#12404,#12405)) 
REPRESENTATION_CONTEXT('Context #1',
  '3D Context with UNIT and UNCERTAINTY') );
#12403 = ( LENGTH_UNIT() NAMED_UNIT(*) SI_UNIT(.MILLI.,.METRE.) );
#12404 = ( NAMED_UNIT(*) PLANE_ANGLE_UNIT() SI_UNIT($,.RADIAN.) );
#12405 = ( NAMED_UNIT(*) SI_UNIT($,.STERADIAN.) SOLID_ANGLE_UNIT() );
#12406 = UNCERTAINTY_MEASURE_WITH_UNIT(LENGTH_MEASURE(1.E-07),#12403,
  'distance_accuracy_value','confusion accuracy');
#12407 = CONTEXT_DEPENDENT_SHAPE_REPRESENTATION(#12408,#12410);
#12408 = ( REPRESENTATION_RELATIONSHIP('','',#1364,#12397) 
REPRESENTATION_RELATIONSHIP_WITH_TRANSFORMATION(#12409) 
SHAPE_REPRESENTATION_RELATIONSHIP() );
#12409 = ITEM_DEFINED_TRANSFORMATION('','',#11,#12398);
#12410 = PRODUCT_DEFINITION_SHAPE('Placement','Placement of an item',
  #12411);
#12411 = NEXT_ASSEMBLY_USAGE_OCCURRENCE('14','','',#12392,#2998,$);
#12412 = CONTEXT_DEPENDENT_SHAPE_REPRESENTATION(#12413,#12415);
#12413 = ( REPRESENTATION_RELATIONSHIP('','',#12397,#10) 
REPRESENTATION_RELATIONSHIP_WITH_TRANSFORMATION(#12414) 
SHAPE_REPRESENTATION_RELATIONSHIP() );
#12414 = ITEM_DEFINED_TRANSFORMATION('','',#11,#27);
#12415 = PRODUCT_DEFINITION_SHAPE('Placement','Placement of an item',
  #12416);
#12416 = NEXT_ASSEMBLY_USAGE_OCCURRENCE('15','','',#5,#12392,$);
#12417 = PRODUCT_RELATED_PRODUCT_CATEGORY('part',$,(#12394));
#12418 = SHAPE_DEFINITION_REPRESENTATION(#12419,#12425);
#12419 = PRODUCT_DEFINITION_SHAPE('','',#12420);
#12420 = PRODUCT_DEFINITION('design','',#12421,#12424);
#12421 = PRODUCT_DEFINITION_FORMATION('','',#12422);
#12422 = PRODUCT('U2','U2','',(#12423));
#12423 = PRODUCT_CONTEXT('',#2,'mechanical');
#12424 = PRODUCT_DEFINITION_CONTEXT('part definition',#2,'design');
#12425 = SHAPE_REPRESENTATION('',(#11,#12426),#12430);
#12426 = AXIS2_PLACEMENT_3D('',#12427,#12428,#12429);
#12427 = CARTESIAN_POINT('',(29.61900138855,25.367000579834,0.));
#12428 = DIRECTION('',(0.,-1.,-4.371140912996E-08));
#12429 = DIRECTION('',(1.,0.,0.));
#12430 = ( GEOMETRIC_REPRESENTATION_CONTEXT(3) 
GLOBAL_UNCERTAINTY_ASSIGNED_CONTEXT((#12434)) 
GLOBAL_UNIT_ASSIGNED_CONTEXT((#12431,#12432,#12433)) 
REPRESENTATION_CONTEXT('Context #1',
  '3D Context with UNIT and UNCERTAINTY') );
#12431 = ( LENGTH_UNIT() NAMED_UNIT(*) SI_UNIT(.MILLI.,.METRE.) );
#12432 = ( NAMED_UNIT(*) PLANE_ANGLE_UNIT() SI_UNIT($,.RADIAN.) );
#12433 = ( NAMED_UNIT(*) SI_UNIT($,.STERADIAN.) SOLID_ANGLE_UNIT() );
#12434 = UNCERTAINTY_MEASURE_WITH_UNIT(LENGTH_MEASURE(1.E-07),#12431,
  'distance_accuracy_value','confusion accuracy');
#12435 = CONTEXT_DEPENDENT_SHAPE_REPRESENTATION(#12436,#12438);
#12436 = ( REPRESENTATION_RELATIONSHIP('','',#1364,#12425) 
REPRESENTATION_RELATIONSHIP_WITH_TRANSFORMATION(#12437) 
SHAPE_REPRESENTATION_RELATIONSHIP() );
#12437 = ITEM_DEFINED_TRANSFORMATION('','',#11,#12426);
#12438 = PRODUCT_DEFINITION_SHAPE('Placement','Placement of an item',
  #12439);
#12439 = NEXT_ASSEMBLY_USAGE_OCCURRENCE('16','','',#12420,#2998,$);
#12440 = CONTEXT_DEPENDENT_SHAPE_REPRESENTATION(#12441,#12443);
#12441 = ( REPRESENTATION_RELATIONSHIP('','',#12425,#10) 
REPRESENTATION_RELATIONSHIP_WITH_TRANSFORMATION(#12442) 
SHAPE_REPRESENTATION_RELATIONSHIP() );
#12442 = ITEM_DEFINED_TRANSFORMATION('','',#11,#31);
#12443 = PRODUCT_DEFINITION_SHAPE('Placement','Placement of an item',
  #12444);
#12444 = NEXT_ASSEMBLY_USAGE_OCCURRENCE('17','','',#5,#12420,$);
#12445 = PRODUCT_RELATED_PRODUCT_CATEGORY('part',$,(#12422));
#12446 = SHAPE_DEFINITION_REPRESENTATION(#12447,#12453);
#12447 = PRODUCT_DEFINITION_SHAPE('','',#12448);
#12448 = PRODUCT_DEFINITION('design','',#12449,#12452);
#12449 = PRODUCT_DEFINITION_FORMATION('','',#12450);
#12450 = PRODUCT('R1','R1','',(#12451));
#12451 = PRODUCT_CONTEXT('',#2,'mechanical');
#12452 = PRODUCT_DEFINITION_CONTEXT('part definition',#2,'design');
#12453 = SHAPE_REPRESENTATION('',(#11,#12454),#12458);
#12454 = AXIS2_PLACEMENT_3D('',#12455,#12456,#12457);
#12455 = CARTESIAN_POINT('',(22.529718399048,25.272918701172,
    -0.411479830742));
#12456 = DIRECTION('',(-8.742277657348E-08,-1.,-4.371140912996E-08));
#12457 = DIRECTION('',(-1.,8.742277657348E-08,7.642738472527E-15));
#12458 = ( GEOMETRIC_REPRESENTATION_CONTEXT(3) 
GLOBAL_UNCERTAINTY_ASSIGNED_CONTEXT((#12462)) 
GLOBAL_UNIT_ASSIGNED_CONTEXT((#12459,#12460,#12461)) 
REPRESENTATION_CONTEXT('Context #1',
  '3D Context with UNIT and UNCERTAINTY') );
#12459 = ( LENGTH_UNIT() NAMED_UNIT(*) SI_UNIT(.MILLI.,.METRE.) );
#12460 = ( NAMED_UNIT(*) PLANE_ANGLE_UNIT() SI_UNIT($,.RADIAN.) );
#12461 = ( NAMED_UNIT(*) SI_UNIT($,.STERADIAN.) SOLID_ANGLE_UNIT() );
#12462 = UNCERTAINTY_MEASURE_WITH_UNIT(LENGTH_MEASURE(1.E-07),#12459,
  'distance_accuracy_value','confusion accuracy');
#12463 = ADVANCED_BREP_SHAPE_REPRESENTATION('',(#11,#12464),#12898);
#12464 = MANIFOLD_SOLID_BREP('',#12465);
#12465 = CLOSED_SHELL('',(#12466,#12506,#12537,#12561,#12619,#12636,
    #12648,#12679,#12710,#12727,#12744,#12790,#12821,#12852,#12869,
    #12886));
#12466 = ADVANCED_FACE('',(#12467),#12501,.T.);
#12467 = FACE_BOUND('',#12468,.T.);
#12468 = EDGE_LOOP('',(#12469,#12479,#12487,#12495));
#12469 = ORIENTED_EDGE('',*,*,#12470,.T.);
#12470 = EDGE_CURVE('',#12471,#12473,#12475,.T.);
#12471 = VERTEX_POINT('',#12472);
#12472 = CARTESIAN_POINT('',(-0.635,-1.E-02,0.6));
#12473 = VERTEX_POINT('',#12474);
#12474 = CARTESIAN_POINT('',(-0.635,-1.E-02,1.01));
#12475 = LINE('',#12476,#12477);
#12476 = CARTESIAN_POINT('',(-0.635,-1.E-02,0.6));
#12477 = VECTOR('',#12478,1.);
#12478 = DIRECTION('',(0.,0.,1.));
#12479 = ORIENTED_EDGE('',*,*,#12480,.F.);
#12480 = EDGE_CURVE('',#12481,#12473,#12483,.T.);
#12481 = VERTEX_POINT('',#12482);
#12482 = CARTESIAN_POINT('',(-0.635,0.61,1.01));
#12483 = LINE('',#12484,#12485);
#12484 = CARTESIAN_POINT('',(-0.635,0.61,1.01));
#12485 = VECTOR('',#12486,1.);
#12486 = DIRECTION('',(0.,-1.,0.));
#12487 = ORIENTED_EDGE('',*,*,#12488,.F.);
#12488 = EDGE_CURVE('',#12489,#12481,#12491,.T.);
#12489 = VERTEX_POINT('',#12490);
#12490 = CARTESIAN_POINT('',(-0.635,0.61,0.6));
#12491 = LINE('',#12492,#12493);
#12492 = CARTESIAN_POINT('',(-0.635,0.61,0.6));
#12493 = VECTOR('',#12494,1.);
#12494 = DIRECTION('',(0.,0.,1.));
#12495 = ORIENTED_EDGE('',*,*,#12496,.T.);
#12496 = EDGE_CURVE('',#12489,#12471,#12497,.T.);
#12497 = LINE('',#12498,#12499);
#12498 = CARTESIAN_POINT('',(-0.635,0.61,0.6));
#12499 = VECTOR('',#12500,1.);
#12500 = DIRECTION('',(0.,-1.,0.));
#12501 = PLANE('',#12502);
#12502 = AXIS2_PLACEMENT_3D('',#12503,#12504,#12505);
#12503 = CARTESIAN_POINT('',(-0.635,0.61,0.6));
#12504 = DIRECTION('',(-1.,0.,0.));
#12505 = DIRECTION('',(0.,0.,1.));
#12506 = ADVANCED_FACE('',(#12507),#12532,.T.);
#12507 = FACE_BOUND('',#12508,.T.);
#12508 = EDGE_LOOP('',(#12509,#12510,#12518,#12526));
#12509 = ORIENTED_EDGE('',*,*,#12480,.T.);
#12510 = ORIENTED_EDGE('',*,*,#12511,.T.);
#12511 = EDGE_CURVE('',#12473,#12512,#12514,.T.);
#12512 = VERTEX_POINT('',#12513);
#12513 = CARTESIAN_POINT('',(0.635,-1.E-02,1.01));
#12514 = LINE('',#12515,#12516);
#12515 = CARTESIAN_POINT('',(-0.635,-1.E-02,1.01));
#12516 = VECTOR('',#12517,1.);
#12517 = DIRECTION('',(1.,0.,0.));
#12518 = ORIENTED_EDGE('',*,*,#12519,.T.);
#12519 = EDGE_CURVE('',#12512,#12520,#12522,.T.);
#12520 = VERTEX_POINT('',#12521);
#12521 = CARTESIAN_POINT('',(0.635,0.61,1.01));
#12522 = LINE('',#12523,#12524);
#12523 = CARTESIAN_POINT('',(0.635,-1.E-02,1.01));
#12524 = VECTOR('',#12525,1.);
#12525 = DIRECTION('',(0.,1.,0.));
#12526 = ORIENTED_EDGE('',*,*,#12527,.T.);
#12527 = EDGE_CURVE('',#12520,#12481,#12528,.T.);
#12528 = LINE('',#12529,#12530);
#12529 = CARTESIAN_POINT('',(0.635,0.61,1.01));
#12530 = VECTOR('',#12531,1.);
#12531 = DIRECTION('',(-1.,0.,0.));
#12532 = PLANE('',#12533);
#12533 = AXIS2_PLACEMENT_3D('',#12534,#12535,#12536);
#12534 = CARTESIAN_POINT('',(-0.635,-1.E-02,1.01));
#12535 = DIRECTION('',(0.,0.,1.));
#12536 = DIRECTION('',(1.,0.,-0.));
#12537 = ADVANCED_FACE('',(#12538),#12556,.T.);
#12538 = FACE_BOUND('',#12539,.T.);
#12539 = EDGE_LOOP('',(#12540,#12548,#12549,#12550));
#12540 = ORIENTED_EDGE('',*,*,#12541,.T.);
#12541 = EDGE_CURVE('',#12542,#12512,#12544,.T.);
#12542 = VERTEX_POINT('',#12543);
#12543 = CARTESIAN_POINT('',(0.635,-1.E-02,0.6));
#12544 = LINE('',#12545,#12546);
#12545 = CARTESIAN_POINT('',(0.635,-1.E-02,0.6));
#12546 = VECTOR('',#12547,1.);
#12547 = DIRECTION('',(0.,0.,1.));
#12548 = ORIENTED_EDGE('',*,*,#12511,.F.);
#12549 = ORIENTED_EDGE('',*,*,#12470,.F.);
#12550 = ORIENTED_EDGE('',*,*,#12551,.T.);
#12551 = EDGE_CURVE('',#12471,#12542,#12552,.T.);
#12552 = LINE('',#12553,#12554);
#12553 = CARTESIAN_POINT('',(-0.635,-1.E-02,0.6));
#12554 = VECTOR('',#12555,1.);
#12555 = DIRECTION('',(1.,0.,0.));
#12556 = PLANE('',#12557);
#12557 = AXIS2_PLACEMENT_3D('',#12558,#12559,#12560);
#12558 = CARTESIAN_POINT('',(-0.635,-1.E-02,0.6));
#12559 = DIRECTION('',(0.,-1.,0.));
#12560 = DIRECTION('',(0.,0.,-1.));
#12561 = ADVANCED_FACE('',(#12562,#12596),#12614,.F.);
#12562 = FACE_BOUND('',#12563,.T.);
#12563 = EDGE_LOOP('',(#12564,#12574,#12582,#12590));
#12564 = ORIENTED_EDGE('',*,*,#12565,.F.);
#12565 = EDGE_CURVE('',#12566,#12568,#12570,.T.);
#12566 = VERTEX_POINT('',#12567);
#12567 = CARTESIAN_POINT('',(-0.625,0.6,0.6));
#12568 = VERTEX_POINT('',#12569);
#12569 = CARTESIAN_POINT('',(0.625,0.6,0.6));
#12570 = LINE('',#12571,#12572);
#12571 = CARTESIAN_POINT('',(-0.625,0.6,0.6));
#12572 = VECTOR('',#12573,1.);
#12573 = DIRECTION('',(1.,0.,0.));
#12574 = ORIENTED_EDGE('',*,*,#12575,.T.);
#12575 = EDGE_CURVE('',#12566,#12576,#12578,.T.);
#12576 = VERTEX_POINT('',#12577);
#12577 = CARTESIAN_POINT('',(-0.625,0.,0.6));
#12578 = LINE('',#12579,#12580);
#12579 = CARTESIAN_POINT('',(-0.625,0.6,0.6));
#12580 = VECTOR('',#12581,1.);
#12581 = DIRECTION('',(0.,-1.,0.));
#12582 = ORIENTED_EDGE('',*,*,#12583,.T.);
#12583 = EDGE_CURVE('',#12576,#12584,#12586,.T.);
#12584 = VERTEX_POINT('',#12585);
#12585 = CARTESIAN_POINT('',(0.625,0.,0.6));
#12586 = LINE('',#12587,#12588);
#12587 = CARTESIAN_POINT('',(-0.625,0.,0.6));
#12588 = VECTOR('',#12589,1.);
#12589 = DIRECTION('',(1.,0.,0.));
#12590 = ORIENTED_EDGE('',*,*,#12591,.T.);
#12591 = EDGE_CURVE('',#12584,#12568,#12592,.T.);
#12592 = LINE('',#12593,#12594);
#12593 = CARTESIAN_POINT('',(0.625,0.6,0.6));
#12594 = VECTOR('',#12595,1.);
#12595 = DIRECTION('',(0.,1.,0.));
#12596 = FACE_BOUND('',#12597,.T.);
#12597 = EDGE_LOOP('',(#12598,#12599,#12607,#12613));
#12598 = ORIENTED_EDGE('',*,*,#12496,.F.);
#12599 = ORIENTED_EDGE('',*,*,#12600,.F.);
#12600 = EDGE_CURVE('',#12601,#12489,#12603,.T.);
#12601 = VERTEX_POINT('',#12602);
#12602 = CARTESIAN_POINT('',(0.635,0.61,0.6));
#12603 = LINE('',#12604,#12605);
#12604 = CARTESIAN_POINT('',(0.635,0.61,0.6));
#12605 = VECTOR('',#12606,1.);
#12606 = DIRECTION('',(-1.,0.,0.));
#12607 = ORIENTED_EDGE('',*,*,#12608,.F.);
#12608 = EDGE_CURVE('',#12542,#12601,#12609,.T.);
#12609 = LINE('',#12610,#12611);
#12610 = CARTESIAN_POINT('',(0.635,-1.E-02,0.6));
#12611 = VECTOR('',#12612,1.);
#12612 = DIRECTION('',(0.,1.,0.));
#12613 = ORIENTED_EDGE('',*,*,#12551,.F.);
#12614 = PLANE('',#12615);
#12615 = AXIS2_PLACEMENT_3D('',#12616,#12617,#12618);
#12616 = CARTESIAN_POINT('',(-0.635,-1.E-02,0.6));
#12617 = DIRECTION('',(0.,0.,1.));
#12618 = DIRECTION('',(1.,0.,-0.));
#12619 = ADVANCED_FACE('',(#12620),#12631,.T.);
#12620 = FACE_BOUND('',#12621,.T.);
#12621 = EDGE_LOOP('',(#12622,#12623,#12624,#12630));
#12622 = ORIENTED_EDGE('',*,*,#12488,.T.);
#12623 = ORIENTED_EDGE('',*,*,#12527,.F.);
#12624 = ORIENTED_EDGE('',*,*,#12625,.F.);
#12625 = EDGE_CURVE('',#12601,#12520,#12626,.T.);
#12626 = LINE('',#12627,#12628);
#12627 = CARTESIAN_POINT('',(0.635,0.61,0.6));
#12628 = VECTOR('',#12629,1.);
#12629 = DIRECTION('',(0.,0.,1.));
#12630 = ORIENTED_EDGE('',*,*,#12600,.T.);
#12631 = PLANE('',#12632);
#12632 = AXIS2_PLACEMENT_3D('',#12633,#12634,#12635);
#12633 = CARTESIAN_POINT('',(0.635,0.61,0.6));
#12634 = DIRECTION('',(0.,1.,0.));
#12635 = DIRECTION('',(0.,-0.,1.));
#12636 = ADVANCED_FACE('',(#12637),#12643,.T.);
#12637 = FACE_BOUND('',#12638,.T.);
#12638 = EDGE_LOOP('',(#12639,#12640,#12641,#12642));
#12639 = ORIENTED_EDGE('',*,*,#12625,.T.);
#12640 = ORIENTED_EDGE('',*,*,#12519,.F.);
#12641 = ORIENTED_EDGE('',*,*,#12541,.F.);
#12642 = ORIENTED_EDGE('',*,*,#12608,.T.);
#12643 = PLANE('',#12644);
#12644 = AXIS2_PLACEMENT_3D('',#12645,#12646,#12647);
#12645 = CARTESIAN_POINT('',(0.635,-1.E-02,0.6));
#12646 = DIRECTION('',(1.,0.,0.));
#12647 = DIRECTION('',(0.,0.,-1.));
#12648 = ADVANCED_FACE('',(#12649),#12674,.T.);
#12649 = FACE_BOUND('',#12650,.T.);
#12650 = EDGE_LOOP('',(#12651,#12659,#12667,#12673));
#12651 = ORIENTED_EDGE('',*,*,#12652,.T.);
#12652 = EDGE_CURVE('',#12568,#12653,#12655,.T.);
#12653 = VERTEX_POINT('',#12654);
#12654 = CARTESIAN_POINT('',(0.625,0.6,-0.6));
#12655 = LINE('',#12656,#12657);
#12656 = CARTESIAN_POINT('',(0.625,0.6,-1.));
#12657 = VECTOR('',#12658,1.);
#12658 = DIRECTION('',(0.,0.,-1.));
#12659 = ORIENTED_EDGE('',*,*,#12660,.T.);
#12660 = EDGE_CURVE('',#12653,#12661,#12663,.T.);
#12661 = VERTEX_POINT('',#12662);
#12662 = CARTESIAN_POINT('',(-0.625,0.6,-0.6));
#12663 = LINE('',#12664,#12665);
#12664 = CARTESIAN_POINT('',(-0.625,0.6,-0.6));
#12665 = VECTOR('',#12666,1.);
#12666 = DIRECTION('',(-1.,0.,0.));
#12667 = ORIENTED_EDGE('',*,*,#12668,.T.);
#12668 = EDGE_CURVE('',#12661,#12566,#12669,.T.);
#12669 = LINE('',#12670,#12671);
#12670 = CARTESIAN_POINT('',(-0.625,0.6,-1.));
#12671 = VECTOR('',#12672,1.);
#12672 = DIRECTION('',(0.,0.,1.));
#12673 = ORIENTED_EDGE('',*,*,#12565,.T.);
#12674 = PLANE('',#12675);
#12675 = AXIS2_PLACEMENT_3D('',#12676,#12677,#12678);
#12676 = CARTESIAN_POINT('',(-0.625,0.6,1.));
#12677 = DIRECTION('',(0.,1.,0.));
#12678 = DIRECTION('',(0.,-0.,1.));
#12679 = ADVANCED_FACE('',(#12680),#12705,.F.);
#12680 = FACE_BOUND('',#12681,.T.);
#12681 = EDGE_LOOP('',(#12682,#12692,#12698,#12699));
#12682 = ORIENTED_EDGE('',*,*,#12683,.F.);
#12683 = EDGE_CURVE('',#12684,#12686,#12688,.T.);
#12684 = VERTEX_POINT('',#12685);
#12685 = CARTESIAN_POINT('',(0.625,0.,-0.6));
#12686 = VERTEX_POINT('',#12687);
#12687 = CARTESIAN_POINT('',(-0.625,0.,-0.6));
#12688 = LINE('',#12689,#12690);
#12689 = CARTESIAN_POINT('',(-0.625,0.,-0.6));
#12690 = VECTOR('',#12691,1.);
#12691 = DIRECTION('',(-1.,0.,0.));
#12692 = ORIENTED_EDGE('',*,*,#12693,.F.);
#12693 = EDGE_CURVE('',#12584,#12684,#12694,.T.);
#12694 = LINE('',#12695,#12696);
#12695 = CARTESIAN_POINT('',(0.625,0.,-1.));
#12696 = VECTOR('',#12697,1.);
#12697 = DIRECTION('',(0.,0.,-1.));
#12698 = ORIENTED_EDGE('',*,*,#12583,.F.);
#12699 = ORIENTED_EDGE('',*,*,#12700,.F.);
#12700 = EDGE_CURVE('',#12686,#12576,#12701,.T.);
#12701 = LINE('',#12702,#12703);
#12702 = CARTESIAN_POINT('',(-0.625,0.,-1.));
#12703 = VECTOR('',#12704,1.);
#12704 = DIRECTION('',(0.,0.,1.));
#12705 = PLANE('',#12706);
#12706 = AXIS2_PLACEMENT_3D('',#12707,#12708,#12709);
#12707 = CARTESIAN_POINT('',(-0.625,0.,1.));
#12708 = DIRECTION('',(0.,1.,0.));
#12709 = DIRECTION('',(0.,-0.,1.));
#12710 = ADVANCED_FACE('',(#12711),#12722,.F.);
#12711 = FACE_BOUND('',#12712,.T.);
#12712 = EDGE_LOOP('',(#12713,#12719,#12720,#12721));
#12713 = ORIENTED_EDGE('',*,*,#12714,.F.);
#12714 = EDGE_CURVE('',#12686,#12661,#12715,.T.);
#12715 = LINE('',#12716,#12717);
#12716 = CARTESIAN_POINT('',(-0.625,0.6,-0.6));
#12717 = VECTOR('',#12718,1.);
#12718 = DIRECTION('',(0.,1.,0.));
#12719 = ORIENTED_EDGE('',*,*,#12700,.T.);
#12720 = ORIENTED_EDGE('',*,*,#12575,.F.);
#12721 = ORIENTED_EDGE('',*,*,#12668,.F.);
#12722 = PLANE('',#12723);
#12723 = AXIS2_PLACEMENT_3D('',#12724,#12725,#12726);
#12724 = CARTESIAN_POINT('',(-0.625,0.6,-1.));
#12725 = DIRECTION('',(1.,0.,0.));
#12726 = DIRECTION('',(0.,0.,-1.));
#12727 = ADVANCED_FACE('',(#12728),#12739,.F.);
#12728 = FACE_BOUND('',#12729,.T.);
#12729 = EDGE_LOOP('',(#12730,#12736,#12737,#12738));
#12730 = ORIENTED_EDGE('',*,*,#12731,.F.);
#12731 = EDGE_CURVE('',#12653,#12684,#12732,.T.);
#12732 = LINE('',#12733,#12734);
#12733 = CARTESIAN_POINT('',(0.625,0.6,-0.6));
#12734 = VECTOR('',#12735,1.);
#12735 = DIRECTION('',(0.,-1.,0.));
#12736 = ORIENTED_EDGE('',*,*,#12652,.F.);
#12737 = ORIENTED_EDGE('',*,*,#12591,.F.);
#12738 = ORIENTED_EDGE('',*,*,#12693,.T.);
#12739 = PLANE('',#12740);
#12740 = AXIS2_PLACEMENT_3D('',#12741,#12742,#12743);
#12741 = CARTESIAN_POINT('',(0.625,0.6,-1.));
#12742 = DIRECTION('',(-1.,0.,0.));
#12743 = DIRECTION('',(0.,0.,1.));
#12744 = ADVANCED_FACE('',(#12745,#12751),#12785,.F.);
#12745 = FACE_BOUND('',#12746,.T.);
#12746 = EDGE_LOOP('',(#12747,#12748,#12749,#12750));
#12747 = ORIENTED_EDGE('',*,*,#12660,.F.);
#12748 = ORIENTED_EDGE('',*,*,#12731,.T.);
#12749 = ORIENTED_EDGE('',*,*,#12683,.T.);
#12750 = ORIENTED_EDGE('',*,*,#12714,.T.);
#12751 = FACE_BOUND('',#12752,.T.);
#12752 = EDGE_LOOP('',(#12753,#12763,#12771,#12779));
#12753 = ORIENTED_EDGE('',*,*,#12754,.T.);
#12754 = EDGE_CURVE('',#12755,#12757,#12759,.T.);
#12755 = VERTEX_POINT('',#12756);
#12756 = CARTESIAN_POINT('',(-0.635,0.61,-0.6));
#12757 = VERTEX_POINT('',#12758);
#12758 = CARTESIAN_POINT('',(-0.635,-1.E-02,-0.6));
#12759 = LINE('',#12760,#12761);
#12760 = CARTESIAN_POINT('',(-0.635,0.61,-0.6));
#12761 = VECTOR('',#12762,1.);
#12762 = DIRECTION('',(0.,-1.,0.));
#12763 = ORIENTED_EDGE('',*,*,#12764,.T.);
#12764 = EDGE_CURVE('',#12757,#12765,#12767,.T.);
#12765 = VERTEX_POINT('',#12766);
#12766 = CARTESIAN_POINT('',(0.635,-1.E-02,-0.6));
#12767 = LINE('',#12768,#12769);
#12768 = CARTESIAN_POINT('',(-0.635,-1.E-02,-0.6));
#12769 = VECTOR('',#12770,1.);
#12770 = DIRECTION('',(1.,0.,0.));
#12771 = ORIENTED_EDGE('',*,*,#12772,.T.);
#12772 = EDGE_CURVE('',#12765,#12773,#12775,.T.);
#12773 = VERTEX_POINT('',#12774);
#12774 = CARTESIAN_POINT('',(0.635,0.61,-0.6));
#12775 = LINE('',#12776,#12777);
#12776 = CARTESIAN_POINT('',(0.635,-1.E-02,-0.6));
#12777 = VECTOR('',#12778,1.);
#12778 = DIRECTION('',(0.,1.,0.));
#12779 = ORIENTED_EDGE('',*,*,#12780,.T.);
#12780 = EDGE_CURVE('',#12773,#12755,#12781,.T.);
#12781 = LINE('',#12782,#12783);
#12782 = CARTESIAN_POINT('',(0.635,0.61,-0.6));
#12783 = VECTOR('',#12784,1.);
#12784 = DIRECTION('',(-1.,0.,0.));
#12785 = PLANE('',#12786);
#12786 = AXIS2_PLACEMENT_3D('',#12787,#12788,#12789);
#12787 = CARTESIAN_POINT('',(-0.635,-1.E-02,-0.6));
#12788 = DIRECTION('',(0.,0.,-1.));
#12789 = DIRECTION('',(1.,0.,0.));
#12790 = ADVANCED_FACE('',(#12791),#12816,.F.);
#12791 = FACE_BOUND('',#12792,.T.);
#12792 = EDGE_LOOP('',(#12793,#12801,#12809,#12815));
#12793 = ORIENTED_EDGE('',*,*,#12794,.T.);
#12794 = EDGE_CURVE('',#12757,#12795,#12797,.T.);
#12795 = VERTEX_POINT('',#12796);
#12796 = CARTESIAN_POINT('',(-0.635,-1.E-02,-1.01));
#12797 = LINE('',#12798,#12799);
#12798 = CARTESIAN_POINT('',(-0.635,-1.E-02,-0.6));
#12799 = VECTOR('',#12800,1.);
#12800 = DIRECTION('',(0.,0.,-1.));
#12801 = ORIENTED_EDGE('',*,*,#12802,.T.);
#12802 = EDGE_CURVE('',#12795,#12803,#12805,.T.);
#12803 = VERTEX_POINT('',#12804);
#12804 = CARTESIAN_POINT('',(0.635,-1.E-02,-1.01));
#12805 = LINE('',#12806,#12807);
#12806 = CARTESIAN_POINT('',(-0.635,-1.E-02,-1.01));
#12807 = VECTOR('',#12808,1.);
#12808 = DIRECTION('',(1.,0.,0.));
#12809 = ORIENTED_EDGE('',*,*,#12810,.F.);
#12810 = EDGE_CURVE('',#12765,#12803,#12811,.T.);
#12811 = LINE('',#12812,#12813);
#12812 = CARTESIAN_POINT('',(0.635,-1.E-02,-0.6));
#12813 = VECTOR('',#12814,1.);
#12814 = DIRECTION('',(0.,0.,-1.));
#12815 = ORIENTED_EDGE('',*,*,#12764,.F.);
#12816 = PLANE('',#12817);
#12817 = AXIS2_PLACEMENT_3D('',#12818,#12819,#12820);
#12818 = CARTESIAN_POINT('',(-0.635,-1.E-02,-0.6));
#12819 = DIRECTION('',(0.,1.,0.));
#12820 = DIRECTION('',(0.,-0.,1.));
#12821 = ADVANCED_FACE('',(#12822),#12847,.F.);
#12822 = FACE_BOUND('',#12823,.T.);
#12823 = EDGE_LOOP('',(#12824,#12832,#12840,#12846));
#12824 = ORIENTED_EDGE('',*,*,#12825,.T.);
#12825 = EDGE_CURVE('',#12773,#12826,#12828,.T.);
#12826 = VERTEX_POINT('',#12827);
#12827 = CARTESIAN_POINT('',(0.635,0.61,-1.01));
#12828 = LINE('',#12829,#12830);
#12829 = CARTESIAN_POINT('',(0.635,0.61,-0.6));
#12830 = VECTOR('',#12831,1.);
#12831 = DIRECTION('',(0.,0.,-1.));
#12832 = ORIENTED_EDGE('',*,*,#12833,.T.);
#12833 = EDGE_CURVE('',#12826,#12834,#12836,.T.);
#12834 = VERTEX_POINT('',#12835);
#12835 = CARTESIAN_POINT('',(-0.635,0.61,-1.01));
#12836 = LINE('',#12837,#12838);
#12837 = CARTESIAN_POINT('',(0.635,0.61,-1.01));
#12838 = VECTOR('',#12839,1.);
#12839 = DIRECTION('',(-1.,0.,0.));
#12840 = ORIENTED_EDGE('',*,*,#12841,.F.);
#12841 = EDGE_CURVE('',#12755,#12834,#12842,.T.);
#12842 = LINE('',#12843,#12844);
#12843 = CARTESIAN_POINT('',(-0.635,0.61,-0.6));
#12844 = VECTOR('',#12845,1.);
#12845 = DIRECTION('',(0.,0.,-1.));
#12846 = ORIENTED_EDGE('',*,*,#12780,.F.);
#12847 = PLANE('',#12848);
#12848 = AXIS2_PLACEMENT_3D('',#12849,#12850,#12851);
#12849 = CARTESIAN_POINT('',(0.635,0.61,-0.6));
#12850 = DIRECTION('',(0.,-1.,0.));
#12851 = DIRECTION('',(0.,0.,-1.));
#12852 = ADVANCED_FACE('',(#12853),#12864,.F.);
#12853 = FACE_BOUND('',#12854,.T.);
#12854 = EDGE_LOOP('',(#12855,#12856,#12862,#12863));
#12855 = ORIENTED_EDGE('',*,*,#12841,.T.);
#12856 = ORIENTED_EDGE('',*,*,#12857,.T.);
#12857 = EDGE_CURVE('',#12834,#12795,#12858,.T.);
#12858 = LINE('',#12859,#12860);
#12859 = CARTESIAN_POINT('',(-0.635,0.61,-1.01));
#12860 = VECTOR('',#12861,1.);
#12861 = DIRECTION('',(0.,-1.,0.));
#12862 = ORIENTED_EDGE('',*,*,#12794,.F.);
#12863 = ORIENTED_EDGE('',*,*,#12754,.F.);
#12864 = PLANE('',#12865);
#12865 = AXIS2_PLACEMENT_3D('',#12866,#12867,#12868);
#12866 = CARTESIAN_POINT('',(-0.635,0.61,-0.6));
#12867 = DIRECTION('',(1.,0.,0.));
#12868 = DIRECTION('',(0.,0.,-1.));
#12869 = ADVANCED_FACE('',(#12870),#12881,.F.);
#12870 = FACE_BOUND('',#12871,.T.);
#12871 = EDGE_LOOP('',(#12872,#12873,#12879,#12880));
#12872 = ORIENTED_EDGE('',*,*,#12810,.T.);
#12873 = ORIENTED_EDGE('',*,*,#12874,.T.);
#12874 = EDGE_CURVE('',#12803,#12826,#12875,.T.);
#12875 = LINE('',#12876,#12877);
#12876 = CARTESIAN_POINT('',(0.635,-1.E-02,-1.01));
#12877 = VECTOR('',#12878,1.);
#12878 = DIRECTION('',(0.,1.,0.));
#12879 = ORIENTED_EDGE('',*,*,#12825,.F.);
#12880 = ORIENTED_EDGE('',*,*,#12772,.F.);
#12881 = PLANE('',#12882);
#12882 = AXIS2_PLACEMENT_3D('',#12883,#12884,#12885);
#12883 = CARTESIAN_POINT('',(0.635,-1.E-02,-0.6));
#12884 = DIRECTION('',(-1.,0.,0.));
#12885 = DIRECTION('',(0.,0.,1.));
#12886 = ADVANCED_FACE('',(#12887),#12893,.T.);
#12887 = FACE_BOUND('',#12888,.T.);
#12888 = EDGE_LOOP('',(#12889,#12890,#12891,#12892));
#12889 = ORIENTED_EDGE('',*,*,#12857,.F.);
#12890 = ORIENTED_EDGE('',*,*,#12833,.F.);
#12891 = ORIENTED_EDGE('',*,*,#12874,.F.);
#12892 = ORIENTED_EDGE('',*,*,#12802,.F.);
#12893 = PLANE('',#12894);
#12894 = AXIS2_PLACEMENT_3D('',#12895,#12896,#12897);
#12895 = CARTESIAN_POINT('',(-0.635,-1.E-02,-1.01));
#12896 = DIRECTION('',(0.,0.,-1.));
#12897 = DIRECTION('',(1.,0.,0.));
#12898 = ( GEOMETRIC_REPRESENTATION_CONTEXT(3) 
GLOBAL_UNCERTAINTY_ASSIGNED_CONTEXT((#12902)) 
GLOBAL_UNIT_ASSIGNED_CONTEXT((#12899,#12900,#12901)) 
REPRESENTATION_CONTEXT('Context #1',
  '3D Context with UNIT and UNCERTAINTY') );
#12899 = ( LENGTH_UNIT() NAMED_UNIT(*) SI_UNIT(.MILLI.,.METRE.) );
#12900 = ( NAMED_UNIT(*) PLANE_ANGLE_UNIT() SI_UNIT($,.RADIAN.) );
#12901 = ( NAMED_UNIT(*) SI_UNIT($,.STERADIAN.) SOLID_ANGLE_UNIT() );
#12902 = UNCERTAINTY_MEASURE_WITH_UNIT(LENGTH_MEASURE(1.E-07),#12899,
  'distance_accuracy_value','confusion accuracy');
#12903 = SHAPE_DEFINITION_REPRESENTATION(#12904,#12463);
#12904 = PRODUCT_DEFINITION_SHAPE('','',#12905);
#12905 = PRODUCT_DEFINITION('design','',#12906,#12909);
#12906 = PRODUCT_DEFINITION_FORMATION('','',#12907);
#12907 = PRODUCT('SW3dPS-smt_resistor_packages',
  'SW3dPS-smt_resistor_packages','',(#12908));
#12908 = PRODUCT_CONTEXT('',#2,'mechanical');
#12909 = PRODUCT_DEFINITION_CONTEXT('part definition',#2,'design');
#12910 = CONTEXT_DEPENDENT_SHAPE_REPRESENTATION(#12911,#12913);
#12911 = ( REPRESENTATION_RELATIONSHIP('','',#12463,#12453) 
REPRESENTATION_RELATIONSHIP_WITH_TRANSFORMATION(#12912) 
SHAPE_REPRESENTATION_RELATIONSHIP() );
#12912 = ITEM_DEFINED_TRANSFORMATION('','',#11,#12454);
#12913 = PRODUCT_DEFINITION_SHAPE('Placement','Placement of an item',
  #12914);
#12914 = NEXT_ASSEMBLY_USAGE_OCCURRENCE('18','','',#12448,#12905,$);
#12915 = PRODUCT_RELATED_PRODUCT_CATEGORY('part',$,(#12907));
#12916 = CONTEXT_DEPENDENT_SHAPE_REPRESENTATION(#12917,#12919);
#12917 = ( REPRESENTATION_RELATIONSHIP('','',#12453,#10) 
REPRESENTATION_RELATIONSHIP_WITH_TRANSFORMATION(#12918) 
SHAPE_REPRESENTATION_RELATIONSHIP() );
#12918 = ITEM_DEFINED_TRANSFORMATION('','',#11,#35);
#12919 = PRODUCT_DEFINITION_SHAPE('Placement','Placement of an item',
  #12920);
#12920 = NEXT_ASSEMBLY_USAGE_OCCURRENCE('19','','',#5,#12448,$);
#12921 = PRODUCT_RELATED_PRODUCT_CATEGORY('part',$,(#12450));
#12922 = SHAPE_DEFINITION_REPRESENTATION(#12923,#12929);
#12923 = PRODUCT_DEFINITION_SHAPE('','',#12924);
#12924 = PRODUCT_DEFINITION('design','',#12925,#12928);
#12925 = PRODUCT_DEFINITION_FORMATION('','',#12926);
#12926 = PRODUCT('R5','R5','',(#12927));
#12927 = PRODUCT_CONTEXT('',#2,'mechanical');
#12928 = PRODUCT_DEFINITION_CONTEXT('part definition',#2,'design');
#12929 = SHAPE_REPRESENTATION('',(#11,#12930),#12934);
#12930 = AXIS2_PLACEMENT_3D('',#12931,#12932,#12933);
#12931 = CARTESIAN_POINT('',(33.451717376709,25.145917892456,
    -0.411479830742));
#12932 = DIRECTION('',(-8.742277657348E-08,-1.,-4.371140912996E-08));
#12933 = DIRECTION('',(-1.,8.742277657348E-08,7.642738472527E-15));
#12934 = ( GEOMETRIC_REPRESENTATION_CONTEXT(3) 
GLOBAL_UNCERTAINTY_ASSIGNED_CONTEXT((#12938)) 
GLOBAL_UNIT_ASSIGNED_CONTEXT((#12935,#12936,#12937)) 
REPRESENTATION_CONTEXT('Context #1',
  '3D Context with UNIT and UNCERTAINTY') );
#12935 = ( LENGTH_UNIT() NAMED_UNIT(*) SI_UNIT(.MILLI.,.METRE.) );
#12936 = ( NAMED_UNIT(*) PLANE_ANGLE_UNIT() SI_UNIT($,.RADIAN.) );
#12937 = ( NAMED_UNIT(*) SI_UNIT($,.STERADIAN.) SOLID_ANGLE_UNIT() );
#12938 = UNCERTAINTY_MEASURE_WITH_UNIT(LENGTH_MEASURE(1.E-07),#12935,
  'distance_accuracy_value','confusion accuracy');
#12939 = CONTEXT_DEPENDENT_SHAPE_REPRESENTATION(#12940,#12942);
#12940 = ( REPRESENTATION_RELATIONSHIP('','',#12463,#12929) 
REPRESENTATION_RELATIONSHIP_WITH_TRANSFORMATION(#12941) 
SHAPE_REPRESENTATION_RELATIONSHIP() );
#12941 = ITEM_DEFINED_TRANSFORMATION('','',#11,#12930);
#12942 = PRODUCT_DEFINITION_SHAPE('Placement','Placement of an item',
  #12943);
#12943 = NEXT_ASSEMBLY_USAGE_OCCURRENCE('20','','',#12924,#12905,$);
#12944 = CONTEXT_DEPENDENT_SHAPE_REPRESENTATION(#12945,#12947);
#12945 = ( REPRESENTATION_RELATIONSHIP('','',#12929,#10) 
REPRESENTATION_RELATIONSHIP_WITH_TRANSFORMATION(#12946) 
SHAPE_REPRESENTATION_RELATIONSHIP() );
#12946 = ITEM_DEFINED_TRANSFORMATION('','',#11,#39);
#12947 = PRODUCT_DEFINITION_SHAPE('Placement','Placement of an item',
  #12948);
#12948 = NEXT_ASSEMBLY_USAGE_OCCURRENCE('21','','',#5,#12924,$);
#12949 = PRODUCT_RELATED_PRODUCT_CATEGORY('part',$,(#12926));
#12950 = SHAPE_DEFINITION_REPRESENTATION(#12951,#12957);
#12951 = PRODUCT_DEFINITION_SHAPE('','',#12952);
#12952 = PRODUCT_DEFINITION('design','',#12953,#12956);
#12953 = PRODUCT_DEFINITION_FORMATION('','',#12954);
#12954 = PRODUCT('R7','R7','',(#12955));
#12955 = PRODUCT_CONTEXT('',#2,'mechanical');
#12956 = PRODUCT_DEFINITION_CONTEXT('part definition',#2,'design');
#12957 = SHAPE_REPRESENTATION('',(#11,#12958),#12962);
#12958 = AXIS2_PLACEMENT_3D('',#12959,#12960,#12961);
#12959 = CARTESIAN_POINT('',(14.147718429565,25.272918701172,
    -0.411479830742));
#12960 = DIRECTION('',(-8.742277657348E-08,-1.,-4.371140912996E-08));
#12961 = DIRECTION('',(-1.,8.742277657348E-08,7.642738472527E-15));
#12962 = ( GEOMETRIC_REPRESENTATION_CONTEXT(3) 
GLOBAL_UNCERTAINTY_ASSIGNED_CONTEXT((#12966)) 
GLOBAL_UNIT_ASSIGNED_CONTEXT((#12963,#12964,#12965)) 
REPRESENTATION_CONTEXT('Context #1',
  '3D Context with UNIT and UNCERTAINTY') );
#12963 = ( LENGTH_UNIT() NAMED_UNIT(*) SI_UNIT(.MILLI.,.METRE.) );
#12964 = ( NAMED_UNIT(*) PLANE_ANGLE_UNIT() SI_UNIT($,.RADIAN.) );
#12965 = ( NAMED_UNIT(*) SI_UNIT($,.STERADIAN.) SOLID_ANGLE_UNIT() );
#12966 = UNCERTAINTY_MEASURE_WITH_UNIT(LENGTH_MEASURE(1.E-07),#12963,
  'distance_accuracy_value','confusion accuracy');
#12967 = CONTEXT_DEPENDENT_SHAPE_REPRESENTATION(#12968,#12970);
#12968 = ( REPRESENTATION_RELATIONSHIP('','',#12463,#12957) 
REPRESENTATION_RELATIONSHIP_WITH_TRANSFORMATION(#12969) 
SHAPE_REPRESENTATION_RELATIONSHIP() );
#12969 = ITEM_DEFINED_TRANSFORMATION('','',#11,#12958);
#12970 = PRODUCT_DEFINITION_SHAPE('Placement','Placement of an item',
  #12971);
#12971 = NEXT_ASSEMBLY_USAGE_OCCURRENCE('22','','',#12952,#12905,$);
#12972 = CONTEXT_DEPENDENT_SHAPE_REPRESENTATION(#12973,#12975);
#12973 = ( REPRESENTATION_RELATIONSHIP('','',#12957,#10) 
REPRESENTATION_RELATIONSHIP_WITH_TRANSFORMATION(#12974) 
SHAPE_REPRESENTATION_RELATIONSHIP() );
#12974 = ITEM_DEFINED_TRANSFORMATION('','',#11,#43);
#12975 = PRODUCT_DEFINITION_SHAPE('Placement','Placement of an item',
  #12976);
#12976 = NEXT_ASSEMBLY_USAGE_OCCURRENCE('23','','',#5,#12952,$);
#12977 = PRODUCT_RELATED_PRODUCT_CATEGORY('part',$,(#12954));
#12978 = SHAPE_DEFINITION_REPRESENTATION(#12979,#12985);
#12979 = PRODUCT_DEFINITION_SHAPE('','',#12980);
#12980 = PRODUCT_DEFINITION('design','',#12981,#12984);
#12981 = PRODUCT_DEFINITION_FORMATION('','',#12982);
#12982 = PRODUCT('R3','R3','',(#12983));
#12983 = PRODUCT_CONTEXT('',#2,'mechanical');
#12984 = PRODUCT_DEFINITION_CONTEXT('part definition',#2,'design');
#12985 = SHAPE_REPRESENTATION('',(#11,#12986),#12990);
#12986 = AXIS2_PLACEMENT_3D('',#12987,#12988,#12989);
#12987 = CARTESIAN_POINT('',(45.542282104492,25.146081924438,
    -0.411479830742));
#12988 = DIRECTION('',(-0.,1.,1.311342202845E-07));
#12989 = DIRECTION('',(1.,0.,0.));
#12990 = ( GEOMETRIC_REPRESENTATION_CONTEXT(3) 
GLOBAL_UNCERTAINTY_ASSIGNED_CONTEXT((#12994)) 
GLOBAL_UNIT_ASSIGNED_CONTEXT((#12991,#12992,#12993)) 
REPRESENTATION_CONTEXT('Context #1',
  '3D Context with UNIT and UNCERTAINTY') );
#12991 = ( LENGTH_UNIT() NAMED_UNIT(*) SI_UNIT(.MILLI.,.METRE.) );
#12992 = ( NAMED_UNIT(*) PLANE_ANGLE_UNIT() SI_UNIT($,.RADIAN.) );
#12993 = ( NAMED_UNIT(*) SI_UNIT($,.STERADIAN.) SOLID_ANGLE_UNIT() );
#12994 = UNCERTAINTY_MEASURE_WITH_UNIT(LENGTH_MEASURE(1.E-07),#12991,
  'distance_accuracy_value','confusion accuracy');
#12995 = CONTEXT_DEPENDENT_SHAPE_REPRESENTATION(#12996,#12998);
#12996 = ( REPRESENTATION_RELATIONSHIP('','',#12463,#12985) 
REPRESENTATION_RELATIONSHIP_WITH_TRANSFORMATION(#12997) 
SHAPE_REPRESENTATION_RELATIONSHIP() );
#12997 = ITEM_DEFINED_TRANSFORMATION('','',#11,#12986);
#12998 = PRODUCT_DEFINITION_SHAPE('Placement','Placement of an item',
  #12999);
#12999 = NEXT_ASSEMBLY_USAGE_OCCURRENCE('24','','',#12980,#12905,$);
#13000 = CONTEXT_DEPENDENT_SHAPE_REPRESENTATION(#13001,#13003);
#13001 = ( REPRESENTATION_RELATIONSHIP('','',#12985,#10) 
REPRESENTATION_RELATIONSHIP_WITH_TRANSFORMATION(#13002) 
SHAPE_REPRESENTATION_RELATIONSHIP() );
#13002 = ITEM_DEFINED_TRANSFORMATION('','',#11,#47);
#13003 = PRODUCT_DEFINITION_SHAPE('Placement','Placement of an item',
  #13004);
#13004 = NEXT_ASSEMBLY_USAGE_OCCURRENCE('25','','',#5,#12980,$);
#13005 = PRODUCT_RELATED_PRODUCT_CATEGORY('part',$,(#12982));
#13006 = SHAPE_DEFINITION_REPRESENTATION(#13007,#13013);
#13007 = PRODUCT_DEFINITION_SHAPE('','',#13008);
#13008 = PRODUCT_DEFINITION('design','',#13009,#13012);
#13009 = PRODUCT_DEFINITION_FORMATION('','',#13010);
#13010 = PRODUCT('R2','R2','',(#13011));
#13011 = PRODUCT_CONTEXT('',#2,'mechanical');
#13012 = PRODUCT_DEFINITION_CONTEXT('part definition',#2,'design');
#13013 = SHAPE_REPRESENTATION('',(#11,#13014),#13018);
#13014 = AXIS2_PLACEMENT_3D('',#13015,#13016,#13017);
#13015 = CARTESIAN_POINT('',(41.706718444824,25.145917892456,
    -0.411479830742));
#13016 = DIRECTION('',(-8.742277657348E-08,-1.,-4.371140912996E-08));
#13017 = DIRECTION('',(-1.,8.742277657348E-08,7.642738472527E-15));
#13018 = ( GEOMETRIC_REPRESENTATION_CONTEXT(3) 
GLOBAL_UNCERTAINTY_ASSIGNED_CONTEXT((#13022)) 
GLOBAL_UNIT_ASSIGNED_CONTEXT((#13019,#13020,#13021)) 
REPRESENTATION_CONTEXT('Context #1',
  '3D Context with UNIT and UNCERTAINTY') );
#13019 = ( LENGTH_UNIT() NAMED_UNIT(*) SI_UNIT(.MILLI.,.METRE.) );
#13020 = ( NAMED_UNIT(*) PLANE_ANGLE_UNIT() SI_UNIT($,.RADIAN.) );
#13021 = ( NAMED_UNIT(*) SI_UNIT($,.STERADIAN.) SOLID_ANGLE_UNIT() );
#13022 = UNCERTAINTY_MEASURE_WITH_UNIT(LENGTH_MEASURE(1.E-07),#13019,
  'distance_accuracy_value','confusion accuracy');
#13023 = CONTEXT_DEPENDENT_SHAPE_REPRESENTATION(#13024,#13026);
#13024 = ( REPRESENTATION_RELATIONSHIP('','',#12463,#13013) 
REPRESENTATION_RELATIONSHIP_WITH_TRANSFORMATION(#13025) 
SHAPE_REPRESENTATION_RELATIONSHIP() );
#13025 = ITEM_DEFINED_TRANSFORMATION('','',#11,#13014);
#13026 = PRODUCT_DEFINITION_SHAPE('Placement','Placement of an item',
  #13027);
#13027 = NEXT_ASSEMBLY_USAGE_OCCURRENCE('26','','',#13008,#12905,$);
#13028 = CONTEXT_DEPENDENT_SHAPE_REPRESENTATION(#13029,#13031);
#13029 = ( REPRESENTATION_RELATIONSHIP('','',#13013,#10) 
REPRESENTATION_RELATIONSHIP_WITH_TRANSFORMATION(#13030) 
SHAPE_REPRESENTATION_RELATIONSHIP() );
#13030 = ITEM_DEFINED_TRANSFORMATION('','',#11,#51);
#13031 = PRODUCT_DEFINITION_SHAPE('Placement','Placement of an item',
  #13032);
#13032 = NEXT_ASSEMBLY_USAGE_OCCURRENCE('27','','',#5,#13008,$);
#13033 = PRODUCT_RELATED_PRODUCT_CATEGORY('part',$,(#13010));
#13034 = SHAPE_DEFINITION_REPRESENTATION(#13035,#13041);
#13035 = PRODUCT_DEFINITION_SHAPE('','',#13036);
#13036 = PRODUCT_DEFINITION('design','',#13037,#13040);
#13037 = PRODUCT_DEFINITION_FORMATION('','',#13038);
#13038 = PRODUCT('R6','R6','',(#13039));
#13039 = PRODUCT_CONTEXT('',#2,'mechanical');
#13040 = PRODUCT_DEFINITION_CONTEXT('part definition',#2,'design');
#13041 = SHAPE_REPRESENTATION('',(#11,#13042),#13046);
#13042 = AXIS2_PLACEMENT_3D('',#13043,#13044,#13045);
#13043 = CARTESIAN_POINT('',(16.560718536377,25.272918701172,
    -0.411479830742));
#13044 = DIRECTION('',(-8.742277657348E-08,-1.,-4.371140912996E-08));
#13045 = DIRECTION('',(-1.,8.742277657348E-08,7.642738472527E-15));
#13046 = ( GEOMETRIC_REPRESENTATION_CONTEXT(3) 
GLOBAL_UNCERTAINTY_ASSIGNED_CONTEXT((#13050)) 
GLOBAL_UNIT_ASSIGNED_CONTEXT((#13047,#13048,#13049)) 
REPRESENTATION_CONTEXT('Context #1',
  '3D Context with UNIT and UNCERTAINTY') );
#13047 = ( LENGTH_UNIT() NAMED_UNIT(*) SI_UNIT(.MILLI.,.METRE.) );
#13048 = ( NAMED_UNIT(*) PLANE_ANGLE_UNIT() SI_UNIT($,.RADIAN.) );
#13049 = ( NAMED_UNIT(*) SI_UNIT($,.STERADIAN.) SOLID_ANGLE_UNIT() );
#13050 = UNCERTAINTY_MEASURE_WITH_UNIT(LENGTH_MEASURE(1.E-07),#13047,
  'distance_accuracy_value','confusion accuracy');
#13051 = CONTEXT_DEPENDENT_SHAPE_REPRESENTATION(#13052,#13054);
#13052 = ( REPRESENTATION_RELATIONSHIP('','',#12463,#13041) 
REPRESENTATION_RELATIONSHIP_WITH_TRANSFORMATION(#13053) 
SHAPE_REPRESENTATION_RELATIONSHIP() );
#13053 = ITEM_DEFINED_TRANSFORMATION('','',#11,#13042);
#13054 = PRODUCT_DEFINITION_SHAPE('Placement','Placement of an item',
  #13055);
#13055 = NEXT_ASSEMBLY_USAGE_OCCURRENCE('28','','',#13036,#12905,$);
#13056 = CONTEXT_DEPENDENT_SHAPE_REPRESENTATION(#13057,#13059);
#13057 = ( REPRESENTATION_RELATIONSHIP('','',#13041,#10) 
REPRESENTATION_RELATIONSHIP_WITH_TRANSFORMATION(#13058) 
SHAPE_REPRESENTATION_RELATIONSHIP() );
#13058 = ITEM_DEFINED_TRANSFORMATION('','',#11,#55);
#13059 = PRODUCT_DEFINITION_SHAPE('Placement','Placement of an item',
  #13060);
#13060 = NEXT_ASSEMBLY_USAGE_OCCURRENCE('29','','',#5,#13036,$);
#13061 = PRODUCT_RELATED_PRODUCT_CATEGORY('part',$,(#13038));
#13062 = SHAPE_DEFINITION_REPRESENTATION(#13063,#13069);
#13063 = PRODUCT_DEFINITION_SHAPE('','',#13064);
#13064 = PRODUCT_DEFINITION('design','',#13065,#13068);
#13065 = PRODUCT_DEFINITION_FORMATION('','',#13066);
#13066 = PRODUCT('R4','R4','',(#13067));
#13067 = PRODUCT_CONTEXT('',#2,'mechanical');
#13068 = PRODUCT_DEFINITION_CONTEXT('part definition',#2,'design');
#13069 = SHAPE_REPRESENTATION('',(#11,#13070),#13074);
#13070 = AXIS2_PLACEMENT_3D('',#13071,#13072,#13073);
#13071 = CARTESIAN_POINT('',(36.753719329834,25.145917892456,
    -0.411479830742));
#13072 = DIRECTION('',(-8.742277657348E-08,-1.,-4.371140912996E-08));
#13073 = DIRECTION('',(-1.,8.742277657348E-08,7.642738472527E-15));
#13074 = ( GEOMETRIC_REPRESENTATION_CONTEXT(3) 
GLOBAL_UNCERTAINTY_ASSIGNED_CONTEXT((#13078)) 
GLOBAL_UNIT_ASSIGNED_CONTEXT((#13075,#13076,#13077)) 
REPRESENTATION_CONTEXT('Context #1',
  '3D Context with UNIT and UNCERTAINTY') );
#13075 = ( LENGTH_UNIT() NAMED_UNIT(*) SI_UNIT(.MILLI.,.METRE.) );
#13076 = ( NAMED_UNIT(*) PLANE_ANGLE_UNIT() SI_UNIT($,.RADIAN.) );
#13077 = ( NAMED_UNIT(*) SI_UNIT($,.STERADIAN.) SOLID_ANGLE_UNIT() );
#13078 = UNCERTAINTY_MEASURE_WITH_UNIT(LENGTH_MEASURE(1.E-07),#13075,
  'distance_accuracy_value','confusion accuracy');
#13079 = CONTEXT_DEPENDENT_SHAPE_REPRESENTATION(#13080,#13082);
#13080 = ( REPRESENTATION_RELATIONSHIP('','',#12463,#13069) 
REPRESENTATION_RELATIONSHIP_WITH_TRANSFORMATION(#13081) 
SHAPE_REPRESENTATION_RELATIONSHIP() );
#13081 = ITEM_DEFINED_TRANSFORMATION('','',#11,#13070);
#13082 = PRODUCT_DEFINITION_SHAPE('Placement','Placement of an item',
  #13083);
#13083 = NEXT_ASSEMBLY_USAGE_OCCURRENCE('30','','',#13064,#12905,$);
#13084 = CONTEXT_DEPENDENT_SHAPE_REPRESENTATION(#13085,#13087);
#13085 = ( REPRESENTATION_RELATIONSHIP('','',#13069,#10) 
REPRESENTATION_RELATIONSHIP_WITH_TRANSFORMATION(#13086) 
SHAPE_REPRESENTATION_RELATIONSHIP() );
#13086 = ITEM_DEFINED_TRANSFORMATION('','',#11,#59);
#13087 = PRODUCT_DEFINITION_SHAPE('Placement','Placement of an item',
  #13088);
#13088 = NEXT_ASSEMBLY_USAGE_OCCURRENCE('31','','',#5,#13064,$);
#13089 = PRODUCT_RELATED_PRODUCT_CATEGORY('part',$,(#13066));
#13090 = SHAPE_DEFINITION_REPRESENTATION(#13091,#13097);
#13091 = PRODUCT_DEFINITION_SHAPE('','',#13092);
#13092 = PRODUCT_DEFINITION('design','',#13093,#13096);
#13093 = PRODUCT_DEFINITION_FORMATION('','',#13094);
#13094 = PRODUCT('L1','L1','',(#13095));
#13095 = PRODUCT_CONTEXT('',#2,'mechanical');
#13096 = PRODUCT_DEFINITION_CONTEXT('part definition',#2,'design');
#13097 = SHAPE_REPRESENTATION('',(#11,#13098),#13102);
#13098 = AXIS2_PLACEMENT_3D('',#13099,#13100,#13101);
#13099 = CARTESIAN_POINT('',(25.019203186035,25.273162841797,
    -0.411479830742));
#13100 = DIRECTION('',(-3.777050848347E-23,8.742273394091E-08,-1.));
#13101 = DIRECTION('',(1.19248806385E-08,1.,8.742273394091E-08));
#13102 = ( GEOMETRIC_REPRESENTATION_CONTEXT(3) 
GLOBAL_UNCERTAINTY_ASSIGNED_CONTEXT((#13106)) 
GLOBAL_UNIT_ASSIGNED_CONTEXT((#13103,#13104,#13105)) 
REPRESENTATION_CONTEXT('Context #1',
  '3D Context with UNIT and UNCERTAINTY') );
#13103 = ( LENGTH_UNIT() NAMED_UNIT(*) SI_UNIT(.MILLI.,.METRE.) );
#13104 = ( NAMED_UNIT(*) PLANE_ANGLE_UNIT() SI_UNIT($,.RADIAN.) );
#13105 = ( NAMED_UNIT(*) SI_UNIT($,.STERADIAN.) SOLID_ANGLE_UNIT() );
#13106 = UNCERTAINTY_MEASURE_WITH_UNIT(LENGTH_MEASURE(1.E-07),#13103,
  'distance_accuracy_value','confusion accuracy');
#13107 = ADVANCED_BREP_SHAPE_REPRESENTATION('',(#11,#13108),#14681);
#13108 = MANIFOLD_SOLID_BREP('',#13109);
#13109 = CLOSED_SHELL('',(#13110,#13152,#13226,#13250,#13281,#13321,
    #13396,#13427,#13458,#13497,#13605,#13713,#13753,#13793,#13833,
    #13873,#13941,#13958,#13975,#13992,#14009,#14021,#14033,#14045,
    #14057,#14088,#14119,#14150,#14181,#14221,#14241,#14264,#14284,
    #14302,#14320,#14340,#14357,#14374,#14392,#14410,#14427,#14441,
    #14472,#14496,#14520,#14537,#14549,#14580,#14604,#14628,#14645,
    #14657,#14669));
#13110 = ADVANCED_FACE('',(#13111),#13147,.F.);
#13111 = FACE_BOUND('',#13112,.F.);
#13112 = EDGE_LOOP('',(#13113,#13123,#13132,#13140));
#13113 = ORIENTED_EDGE('',*,*,#13114,.F.);
#13114 = EDGE_CURVE('',#13115,#13117,#13119,.T.);
#13115 = VERTEX_POINT('',#13116);
#13116 = CARTESIAN_POINT('',(1.01,0.199749843554,0.));
#13117 = VERTEX_POINT('',#13118);
#13118 = CARTESIAN_POINT('',(1.01,0.199749843554,0.51));
#13119 = LINE('',#13120,#13121);
#13120 = CARTESIAN_POINT('',(1.01,0.199749843554,0.52));
#13121 = VECTOR('',#13122,1.);
#13122 = DIRECTION('',(-0.,-0.,1.));
#13123 = ORIENTED_EDGE('',*,*,#13124,.T.);
#13124 = EDGE_CURVE('',#13115,#13125,#13127,.T.);
#13125 = VERTEX_POINT('',#13126);
#13126 = CARTESIAN_POINT('',(0.8,0.,0.));
#13127 = CIRCLE('',#13128,0.2);
#13128 = AXIS2_PLACEMENT_3D('',#13129,#13130,#13131);
#13129 = CARTESIAN_POINT('',(1.,0.,0.));
#13130 = DIRECTION('',(0.,0.,1.));
#13131 = DIRECTION('',(1.,0.,-0.));
#13132 = ORIENTED_EDGE('',*,*,#13133,.F.);
#13133 = EDGE_CURVE('',#13134,#13125,#13136,.T.);
#13134 = VERTEX_POINT('',#13135);
#13135 = CARTESIAN_POINT('',(0.8,0.,0.51));
#13136 = LINE('',#13137,#13138);
#13137 = CARTESIAN_POINT('',(0.8,0.,0.52));
#13138 = VECTOR('',#13139,1.);
#13139 = DIRECTION('',(0.,0.,-1.));
#13140 = ORIENTED_EDGE('',*,*,#13141,.T.);
#13141 = EDGE_CURVE('',#13134,#13117,#13142,.T.);
#13142 = CIRCLE('',#13143,0.2);
#13143 = AXIS2_PLACEMENT_3D('',#13144,#13145,#13146);
#13144 = CARTESIAN_POINT('',(1.,0.,0.51));
#13145 = DIRECTION('',(0.,0.,-1.));
#13146 = DIRECTION('',(1.,0.,0.));
#13147 = CYLINDRICAL_SURFACE('',#13148,0.2);
#13148 = AXIS2_PLACEMENT_3D('',#13149,#13150,#13151);
#13149 = CARTESIAN_POINT('',(1.,0.,0.52));
#13150 = DIRECTION('',(0.,0.,-1.));
#13151 = DIRECTION('',(-1.,0.,0.));
#13152 = ADVANCED_FACE('',(#13153),#13221,.T.);
#13153 = FACE_BOUND('',#13154,.T.);
#13154 = EDGE_LOOP('',(#13155,#13165,#13172,#13173,#13181,#13189,#13198,
    #13206,#13215));
#13155 = ORIENTED_EDGE('',*,*,#13156,.T.);
#13156 = EDGE_CURVE('',#13157,#13159,#13161,.T.);
#13157 = VERTEX_POINT('',#13158);
#13158 = CARTESIAN_POINT('',(1.01,-0.5,0.51));
#13159 = VERTEX_POINT('',#13160);
#13160 = CARTESIAN_POINT('',(1.01,-0.199749843554,0.51));
#13161 = LINE('',#13162,#13163);
#13162 = CARTESIAN_POINT('',(1.01,0.5,0.51));
#13163 = VECTOR('',#13164,1.);
#13164 = DIRECTION('',(-0.,1.,-0.));
#13165 = ORIENTED_EDGE('',*,*,#13166,.T.);
#13166 = EDGE_CURVE('',#13159,#13134,#13167,.T.);
#13167 = CIRCLE('',#13168,0.2);
#13168 = AXIS2_PLACEMENT_3D('',#13169,#13170,#13171);
#13169 = CARTESIAN_POINT('',(1.,0.,0.51));
#13170 = DIRECTION('',(0.,0.,-1.));
#13171 = DIRECTION('',(1.,0.,0.));
#13172 = ORIENTED_EDGE('',*,*,#13141,.T.);
#13173 = ORIENTED_EDGE('',*,*,#13174,.T.);
#13174 = EDGE_CURVE('',#13117,#13175,#13177,.T.);
#13175 = VERTEX_POINT('',#13176);
#13176 = CARTESIAN_POINT('',(1.01,0.5,0.51));
#13177 = LINE('',#13178,#13179);
#13178 = CARTESIAN_POINT('',(1.01,0.5,0.51));
#13179 = VECTOR('',#13180,1.);
#13180 = DIRECTION('',(-0.,1.,-0.));
#13181 = ORIENTED_EDGE('',*,*,#13182,.T.);
#13182 = EDGE_CURVE('',#13175,#13183,#13185,.T.);
#13183 = VERTEX_POINT('',#13184);
#13184 = CARTESIAN_POINT('',(0.636602540378,0.5,0.51));
#13185 = LINE('',#13186,#13187);
#13186 = CARTESIAN_POINT('',(0.6,0.5,0.51));
#13187 = VECTOR('',#13188,1.);
#13188 = DIRECTION('',(-1.,-0.,-0.));
#13189 = ORIENTED_EDGE('',*,*,#13190,.T.);
#13190 = EDGE_CURVE('',#13183,#13191,#13193,.T.);
#13191 = VERTEX_POINT('',#13192);
#13192 = CARTESIAN_POINT('',(0.65,0.45,0.51));
#13193 = CIRCLE('',#13194,0.1);
#13194 = AXIS2_PLACEMENT_3D('',#13195,#13196,#13197);
#13195 = CARTESIAN_POINT('',(0.55,0.45,0.51));
#13196 = DIRECTION('',(0.,0.,-1.));
#13197 = DIRECTION('',(1.,5.96311194867E-15,0.));
#13198 = ORIENTED_EDGE('',*,*,#13199,.T.);
#13199 = EDGE_CURVE('',#13191,#13200,#13202,.T.);
#13200 = VERTEX_POINT('',#13201);
#13201 = CARTESIAN_POINT('',(0.65,-0.45,0.51));
#13202 = LINE('',#13203,#13204);
#13203 = CARTESIAN_POINT('',(0.65,-0.5,0.51));
#13204 = VECTOR('',#13205,1.);
#13205 = DIRECTION('',(2.95691501587E-16,-1.,0.));
#13206 = ORIENTED_EDGE('',*,*,#13207,.T.);
#13207 = EDGE_CURVE('',#13200,#13208,#13210,.T.);
#13208 = VERTEX_POINT('',#13209);
#13209 = CARTESIAN_POINT('',(0.636602540378,-0.5,0.51));
#13210 = CIRCLE('',#13211,0.1);
#13211 = AXIS2_PLACEMENT_3D('',#13212,#13213,#13214);
#13212 = CARTESIAN_POINT('',(0.55,-0.45,0.51));
#13213 = DIRECTION('',(0.,0.,-1.));
#13214 = DIRECTION('',(1.,0.,0.));
#13215 = ORIENTED_EDGE('',*,*,#13216,.T.);
#13216 = EDGE_CURVE('',#13208,#13157,#13217,.T.);
#13217 = LINE('',#13218,#13219);
#13218 = CARTESIAN_POINT('',(0.6,-0.5,0.51));
#13219 = VECTOR('',#13220,1.);
#13220 = DIRECTION('',(1.,0.,0.));
#13221 = PLANE('',#13222);
#13222 = AXIS2_PLACEMENT_3D('',#13223,#13224,#13225);
#13223 = CARTESIAN_POINT('',(0.6,-0.5,0.51));
#13224 = DIRECTION('',(-0.,0.,1.));
#13225 = DIRECTION('',(1.,0.,0.));
#13226 = ADVANCED_FACE('',(#13227),#13245,.F.);
#13227 = FACE_BOUND('',#13228,.T.);
#13228 = EDGE_LOOP('',(#13229,#13230,#13238,#13244));
#13229 = ORIENTED_EDGE('',*,*,#13114,.F.);
#13230 = ORIENTED_EDGE('',*,*,#13231,.T.);
#13231 = EDGE_CURVE('',#13115,#13232,#13234,.T.);
#13232 = VERTEX_POINT('',#13233);
#13233 = CARTESIAN_POINT('',(1.01,0.5,0.));
#13234 = LINE('',#13235,#13236);
#13235 = CARTESIAN_POINT('',(1.01,0.5,0.));
#13236 = VECTOR('',#13237,1.);
#13237 = DIRECTION('',(-0.,1.,-0.));
#13238 = ORIENTED_EDGE('',*,*,#13239,.F.);
#13239 = EDGE_CURVE('',#13175,#13232,#13240,.T.);
#13240 = LINE('',#13241,#13242);
#13241 = CARTESIAN_POINT('',(1.01,0.5,0.51));
#13242 = VECTOR('',#13243,1.);
#13243 = DIRECTION('',(-0.,-0.,-1.));
#13244 = ORIENTED_EDGE('',*,*,#13174,.F.);
#13245 = PLANE('',#13246);
#13246 = AXIS2_PLACEMENT_3D('',#13247,#13248,#13249);
#13247 = CARTESIAN_POINT('',(1.01,0.5,0.51));
#13248 = DIRECTION('',(-1.,0.,0.));
#13249 = DIRECTION('',(0.,0.,1.));
#13250 = ADVANCED_FACE('',(#13251),#13276,.F.);
#13251 = FACE_BOUND('',#13252,.T.);
#13252 = EDGE_LOOP('',(#13253,#13261,#13262,#13270));
#13253 = ORIENTED_EDGE('',*,*,#13254,.F.);
#13254 = EDGE_CURVE('',#13159,#13255,#13257,.T.);
#13255 = VERTEX_POINT('',#13256);
#13256 = CARTESIAN_POINT('',(1.01,-0.199749843554,0.));
#13257 = LINE('',#13258,#13259);
#13258 = CARTESIAN_POINT('',(1.01,-0.199749843554,0.52));
#13259 = VECTOR('',#13260,1.);
#13260 = DIRECTION('',(0.,0.,-1.));
#13261 = ORIENTED_EDGE('',*,*,#13156,.F.);
#13262 = ORIENTED_EDGE('',*,*,#13263,.T.);
#13263 = EDGE_CURVE('',#13157,#13264,#13266,.T.);
#13264 = VERTEX_POINT('',#13265);
#13265 = CARTESIAN_POINT('',(1.01,-0.5,0.));
#13266 = LINE('',#13267,#13268);
#13267 = CARTESIAN_POINT('',(1.01,-0.5,0.51));
#13268 = VECTOR('',#13269,1.);
#13269 = DIRECTION('',(-0.,-0.,-1.));
#13270 = ORIENTED_EDGE('',*,*,#13271,.T.);
#13271 = EDGE_CURVE('',#13264,#13255,#13272,.T.);
#13272 = LINE('',#13273,#13274);
#13273 = CARTESIAN_POINT('',(1.01,0.5,0.));
#13274 = VECTOR('',#13275,1.);
#13275 = DIRECTION('',(-0.,1.,-0.));
#13276 = PLANE('',#13277);
#13277 = AXIS2_PLACEMENT_3D('',#13278,#13279,#13280);
#13278 = CARTESIAN_POINT('',(1.01,0.5,0.51));
#13279 = DIRECTION('',(-1.,0.,0.));
#13280 = DIRECTION('',(0.,0.,1.));
#13281 = ADVANCED_FACE('',(#13282),#13316,.F.);
#13282 = FACE_BOUND('',#13283,.T.);
#13283 = EDGE_LOOP('',(#13284,#13285,#13292,#13293,#13301,#13309,#13315)
  );
#13284 = ORIENTED_EDGE('',*,*,#13124,.T.);
#13285 = ORIENTED_EDGE('',*,*,#13286,.T.);
#13286 = EDGE_CURVE('',#13125,#13255,#13287,.T.);
#13287 = CIRCLE('',#13288,0.2);
#13288 = AXIS2_PLACEMENT_3D('',#13289,#13290,#13291);
#13289 = CARTESIAN_POINT('',(1.,0.,0.));
#13290 = DIRECTION('',(0.,0.,1.));
#13291 = DIRECTION('',(1.,0.,-0.));
#13292 = ORIENTED_EDGE('',*,*,#13271,.F.);
#13293 = ORIENTED_EDGE('',*,*,#13294,.F.);
#13294 = EDGE_CURVE('',#13295,#13264,#13297,.T.);
#13295 = VERTEX_POINT('',#13296);
#13296 = CARTESIAN_POINT('',(0.6,-0.5,0.));
#13297 = LINE('',#13298,#13299);
#13298 = CARTESIAN_POINT('',(0.6,-0.5,0.));
#13299 = VECTOR('',#13300,1.);
#13300 = DIRECTION('',(1.,0.,0.));
#13301 = ORIENTED_EDGE('',*,*,#13302,.F.);
#13302 = EDGE_CURVE('',#13303,#13295,#13305,.T.);
#13303 = VERTEX_POINT('',#13304);
#13304 = CARTESIAN_POINT('',(0.6,0.5,0.));
#13305 = LINE('',#13306,#13307);
#13306 = CARTESIAN_POINT('',(0.6,0.5,0.));
#13307 = VECTOR('',#13308,1.);
#13308 = DIRECTION('',(1.084202172486E-16,-1.,0.));
#13309 = ORIENTED_EDGE('',*,*,#13310,.F.);
#13310 = EDGE_CURVE('',#13232,#13303,#13311,.T.);
#13311 = LINE('',#13312,#13313);
#13312 = CARTESIAN_POINT('',(0.6,0.5,0.));
#13313 = VECTOR('',#13314,1.);
#13314 = DIRECTION('',(-1.,-0.,-0.));
#13315 = ORIENTED_EDGE('',*,*,#13231,.F.);
#13316 = PLANE('',#13317);
#13317 = AXIS2_PLACEMENT_3D('',#13318,#13319,#13320);
#13318 = CARTESIAN_POINT('',(0.6,-0.5,0.));
#13319 = DIRECTION('',(-0.,0.,1.));
#13320 = DIRECTION('',(1.,0.,0.));
#13321 = ADVANCED_FACE('',(#13322),#13391,.T.);
#13322 = FACE_BOUND('',#13323,.T.);
#13323 = EDGE_LOOP('',(#13324,#13334,#13343,#13351,#13359,#13368,#13376,
    #13385));
#13324 = ORIENTED_EDGE('',*,*,#13325,.T.);
#13325 = EDGE_CURVE('',#13326,#13328,#13330,.T.);
#13326 = VERTEX_POINT('',#13327);
#13327 = CARTESIAN_POINT('',(-1.01,0.5,0.51));
#13328 = VERTEX_POINT('',#13329);
#13329 = CARTESIAN_POINT('',(-1.01,0.199749843554,0.51));
#13330 = LINE('',#13331,#13332);
#13331 = CARTESIAN_POINT('',(-1.01,0.5,0.51));
#13332 = VECTOR('',#13333,1.);
#13333 = DIRECTION('',(2.168404344971E-16,-1.,0.));
#13334 = ORIENTED_EDGE('',*,*,#13335,.T.);
#13335 = EDGE_CURVE('',#13328,#13336,#13338,.T.);
#13336 = VERTEX_POINT('',#13337);
#13337 = CARTESIAN_POINT('',(-1.01,-0.199749843554,0.51));
#13338 = CIRCLE('',#13339,0.2);
#13339 = AXIS2_PLACEMENT_3D('',#13340,#13341,#13342);
#13340 = CARTESIAN_POINT('',(-1.,0.,0.51));
#13341 = DIRECTION('',(0.,0.,-1.));
#13342 = DIRECTION('',(1.,0.,0.));
#13343 = ORIENTED_EDGE('',*,*,#13344,.T.);
#13344 = EDGE_CURVE('',#13336,#13345,#13347,.T.);
#13345 = VERTEX_POINT('',#13346);
#13346 = CARTESIAN_POINT('',(-1.01,-0.5,0.51));
#13347 = LINE('',#13348,#13349);
#13348 = CARTESIAN_POINT('',(-1.01,0.5,0.51));
#13349 = VECTOR('',#13350,1.);
#13350 = DIRECTION('',(2.168404344971E-16,-1.,0.));
#13351 = ORIENTED_EDGE('',*,*,#13352,.T.);
#13352 = EDGE_CURVE('',#13345,#13353,#13355,.T.);
#13353 = VERTEX_POINT('',#13354);
#13354 = CARTESIAN_POINT('',(-0.636602540378,-0.5,0.51));
#13355 = LINE('',#13356,#13357);
#13356 = CARTESIAN_POINT('',(-1.01,-0.5,0.51));
#13357 = VECTOR('',#13358,1.);
#13358 = DIRECTION('',(1.,0.,0.));
#13359 = ORIENTED_EDGE('',*,*,#13360,.T.);
#13360 = EDGE_CURVE('',#13353,#13361,#13363,.T.);
#13361 = VERTEX_POINT('',#13362);
#13362 = CARTESIAN_POINT('',(-0.65,-0.45,0.51));
#13363 = CIRCLE('',#13364,1.E-01);
#13364 = AXIS2_PLACEMENT_3D('',#13365,#13366,#13367);
#13365 = CARTESIAN_POINT('',(-0.55,-0.45,0.51));
#13366 = DIRECTION('',(0.,0.,-1.));
#13367 = DIRECTION('',(1.,0.,0.));
#13368 = ORIENTED_EDGE('',*,*,#13369,.T.);
#13369 = EDGE_CURVE('',#13361,#13370,#13372,.T.);
#13370 = VERTEX_POINT('',#13371);
#13371 = CARTESIAN_POINT('',(-0.65,0.45,0.51));
#13372 = LINE('',#13373,#13374);
#13373 = CARTESIAN_POINT('',(-0.65,-0.5,0.51));
#13374 = VECTOR('',#13375,1.);
#13375 = DIRECTION('',(-1.971276677246E-16,1.,0.));
#13376 = ORIENTED_EDGE('',*,*,#13377,.T.);
#13377 = EDGE_CURVE('',#13370,#13378,#13380,.T.);
#13378 = VERTEX_POINT('',#13379);
#13379 = CARTESIAN_POINT('',(-0.636602540378,0.5,0.51));
#13380 = CIRCLE('',#13381,1.E-01);
#13381 = AXIS2_PLACEMENT_3D('',#13382,#13383,#13384);
#13382 = CARTESIAN_POINT('',(-0.55,0.45,0.51));
#13383 = DIRECTION('',(0.,0.,-1.));
#13384 = DIRECTION('',(1.,0.,0.));
#13385 = ORIENTED_EDGE('',*,*,#13386,.T.);
#13386 = EDGE_CURVE('',#13378,#13326,#13387,.T.);
#13387 = LINE('',#13388,#13389);
#13388 = CARTESIAN_POINT('',(-1.01,0.5,0.51));
#13389 = VECTOR('',#13390,1.);
#13390 = DIRECTION('',(-1.,-0.,-0.));
#13391 = PLANE('',#13392);
#13392 = AXIS2_PLACEMENT_3D('',#13393,#13394,#13395);
#13393 = CARTESIAN_POINT('',(-1.01,-0.5,0.51));
#13394 = DIRECTION('',(-0.,0.,1.));
#13395 = DIRECTION('',(1.,0.,0.));
#13396 = ADVANCED_FACE('',(#13397),#13422,.F.);
#13397 = FACE_BOUND('',#13398,.T.);
#13398 = EDGE_LOOP('',(#13399,#13407,#13415,#13421));
#13399 = ORIENTED_EDGE('',*,*,#13400,.F.);
#13400 = EDGE_CURVE('',#13401,#13336,#13403,.T.);
#13401 = VERTEX_POINT('',#13402);
#13402 = CARTESIAN_POINT('',(-1.01,-0.199749843554,0.));
#13403 = LINE('',#13404,#13405);
#13404 = CARTESIAN_POINT('',(-1.01,-0.199749843554,0.52));
#13405 = VECTOR('',#13406,1.);
#13406 = DIRECTION('',(-0.,-0.,1.));
#13407 = ORIENTED_EDGE('',*,*,#13408,.T.);
#13408 = EDGE_CURVE('',#13401,#13409,#13411,.T.);
#13409 = VERTEX_POINT('',#13410);
#13410 = CARTESIAN_POINT('',(-1.01,-0.5,0.));
#13411 = LINE('',#13412,#13413);
#13412 = CARTESIAN_POINT('',(-1.01,0.5,0.));
#13413 = VECTOR('',#13414,1.);
#13414 = DIRECTION('',(2.168404344971E-16,-1.,0.));
#13415 = ORIENTED_EDGE('',*,*,#13416,.F.);
#13416 = EDGE_CURVE('',#13345,#13409,#13417,.T.);
#13417 = LINE('',#13418,#13419);
#13418 = CARTESIAN_POINT('',(-1.01,-0.5,0.51));
#13419 = VECTOR('',#13420,1.);
#13420 = DIRECTION('',(-0.,-0.,-1.));
#13421 = ORIENTED_EDGE('',*,*,#13344,.F.);
#13422 = PLANE('',#13423);
#13423 = AXIS2_PLACEMENT_3D('',#13424,#13425,#13426);
#13424 = CARTESIAN_POINT('',(-1.01,0.5,0.51));
#13425 = DIRECTION('',(1.,2.168404344971E-16,-0.));
#13426 = DIRECTION('',(-2.168404344971E-16,1.,0.));
#13427 = ADVANCED_FACE('',(#13428),#13453,.F.);
#13428 = FACE_BOUND('',#13429,.T.);
#13429 = EDGE_LOOP('',(#13430,#13438,#13439,#13447));
#13430 = ORIENTED_EDGE('',*,*,#13431,.F.);
#13431 = EDGE_CURVE('',#13328,#13432,#13434,.T.);
#13432 = VERTEX_POINT('',#13433);
#13433 = CARTESIAN_POINT('',(-1.01,0.199749843554,0.));
#13434 = LINE('',#13435,#13436);
#13435 = CARTESIAN_POINT('',(-1.01,0.199749843554,0.52));
#13436 = VECTOR('',#13437,1.);
#13437 = DIRECTION('',(0.,0.,-1.));
#13438 = ORIENTED_EDGE('',*,*,#13325,.F.);
#13439 = ORIENTED_EDGE('',*,*,#13440,.T.);
#13440 = EDGE_CURVE('',#13326,#13441,#13443,.T.);
#13441 = VERTEX_POINT('',#13442);
#13442 = CARTESIAN_POINT('',(-1.01,0.5,0.));
#13443 = LINE('',#13444,#13445);
#13444 = CARTESIAN_POINT('',(-1.01,0.5,0.51));
#13445 = VECTOR('',#13446,1.);
#13446 = DIRECTION('',(-0.,-0.,-1.));
#13447 = ORIENTED_EDGE('',*,*,#13448,.T.);
#13448 = EDGE_CURVE('',#13441,#13432,#13449,.T.);
#13449 = LINE('',#13450,#13451);
#13450 = CARTESIAN_POINT('',(-1.01,0.5,0.));
#13451 = VECTOR('',#13452,1.);
#13452 = DIRECTION('',(2.168404344971E-16,-1.,0.));
#13453 = PLANE('',#13454);
#13454 = AXIS2_PLACEMENT_3D('',#13455,#13456,#13457);
#13455 = CARTESIAN_POINT('',(-1.01,0.5,0.51));
#13456 = DIRECTION('',(1.,2.168404344971E-16,-0.));
#13457 = DIRECTION('',(-2.168404344971E-16,1.,0.));
#13458 = ADVANCED_FACE('',(#13459),#13492,.F.);
#13459 = FACE_BOUND('',#13460,.T.);
#13460 = EDGE_LOOP('',(#13461,#13468,#13469,#13477,#13485,#13491));
#13461 = ORIENTED_EDGE('',*,*,#13462,.F.);
#13462 = EDGE_CURVE('',#13432,#13401,#13463,.T.);
#13463 = CIRCLE('',#13464,0.2);
#13464 = AXIS2_PLACEMENT_3D('',#13465,#13466,#13467);
#13465 = CARTESIAN_POINT('',(-1.,0.,0.));
#13466 = DIRECTION('',(0.,0.,-1.));
#13467 = DIRECTION('',(1.,0.,0.));
#13468 = ORIENTED_EDGE('',*,*,#13448,.F.);
#13469 = ORIENTED_EDGE('',*,*,#13470,.F.);
#13470 = EDGE_CURVE('',#13471,#13441,#13473,.T.);
#13471 = VERTEX_POINT('',#13472);
#13472 = CARTESIAN_POINT('',(-0.6,0.5,0.));
#13473 = LINE('',#13474,#13475);
#13474 = CARTESIAN_POINT('',(-1.01,0.5,0.));
#13475 = VECTOR('',#13476,1.);
#13476 = DIRECTION('',(-1.,-0.,-0.));
#13477 = ORIENTED_EDGE('',*,*,#13478,.F.);
#13478 = EDGE_CURVE('',#13479,#13471,#13481,.T.);
#13479 = VERTEX_POINT('',#13480);
#13480 = CARTESIAN_POINT('',(-0.6,-0.5,0.));
#13481 = LINE('',#13482,#13483);
#13482 = CARTESIAN_POINT('',(-0.6,0.5,0.));
#13483 = VECTOR('',#13484,1.);
#13484 = DIRECTION('',(-1.084202172486E-16,1.,-0.));
#13485 = ORIENTED_EDGE('',*,*,#13486,.F.);
#13486 = EDGE_CURVE('',#13409,#13479,#13487,.T.);
#13487 = LINE('',#13488,#13489);
#13488 = CARTESIAN_POINT('',(-1.01,-0.5,0.));
#13489 = VECTOR('',#13490,1.);
#13490 = DIRECTION('',(1.,0.,0.));
#13491 = ORIENTED_EDGE('',*,*,#13408,.F.);
#13492 = PLANE('',#13493);
#13493 = AXIS2_PLACEMENT_3D('',#13494,#13495,#13496);
#13494 = CARTESIAN_POINT('',(-1.01,-0.5,0.));
#13495 = DIRECTION('',(-0.,0.,1.));
#13496 = DIRECTION('',(1.,0.,0.));
#13497 = ADVANCED_FACE('',(#13498,#13566),#13600,.T.);
#13498 = FACE_BOUND('',#13499,.T.);
#13499 = EDGE_LOOP('',(#13500,#13510,#13519,#13527,#13535,#13543,#13551,
    #13559));
#13500 = ORIENTED_EDGE('',*,*,#13501,.F.);
#13501 = EDGE_CURVE('',#13502,#13504,#13506,.T.);
#13502 = VERTEX_POINT('',#13503);
#13503 = CARTESIAN_POINT('',(-0.55,-0.55,0.5));
#13504 = VERTEX_POINT('',#13505);
#13505 = CARTESIAN_POINT('',(0.55,-0.55,0.5));
#13506 = LINE('',#13507,#13508);
#13507 = CARTESIAN_POINT('',(-0.65,-0.55,0.5));
#13508 = VECTOR('',#13509,1.);
#13509 = DIRECTION('',(1.,0.,0.));
#13510 = ORIENTED_EDGE('',*,*,#13511,.T.);
#13511 = EDGE_CURVE('',#13502,#13512,#13514,.T.);
#13512 = VERTEX_POINT('',#13513);
#13513 = CARTESIAN_POINT('',(-0.636602540378,-0.5,0.5));
#13514 = CIRCLE('',#13515,1.E-01);
#13515 = AXIS2_PLACEMENT_3D('',#13516,#13517,#13518);
#13516 = CARTESIAN_POINT('',(-0.55,-0.45,0.5));
#13517 = DIRECTION('',(0.,0.,-1.));
#13518 = DIRECTION('',(1.,0.,0.));
#13519 = ORIENTED_EDGE('',*,*,#13520,.T.);
#13520 = EDGE_CURVE('',#13512,#13521,#13523,.T.);
#13521 = VERTEX_POINT('',#13522);
#13522 = CARTESIAN_POINT('',(-1.,-0.5,0.5));
#13523 = LINE('',#13524,#13525);
#13524 = CARTESIAN_POINT('',(1.,-0.5,0.5));
#13525 = VECTOR('',#13526,1.);
#13526 = DIRECTION('',(-1.,0.,-0.));
#13527 = ORIENTED_EDGE('',*,*,#13528,.T.);
#13528 = EDGE_CURVE('',#13521,#13529,#13531,.T.);
#13529 = VERTEX_POINT('',#13530);
#13530 = CARTESIAN_POINT('',(-1.,-0.625,0.5));
#13531 = LINE('',#13532,#13533);
#13532 = CARTESIAN_POINT('',(-1.,0.625,0.5));
#13533 = VECTOR('',#13534,1.);
#13534 = DIRECTION('',(1.734723475977E-16,-1.,0.));
#13535 = ORIENTED_EDGE('',*,*,#13536,.T.);
#13536 = EDGE_CURVE('',#13529,#13537,#13539,.T.);
#13537 = VERTEX_POINT('',#13538);
#13538 = CARTESIAN_POINT('',(1.,-0.625,0.5));
#13539 = LINE('',#13540,#13541);
#13540 = CARTESIAN_POINT('',(-1.,-0.625,0.5));
#13541 = VECTOR('',#13542,1.);
#13542 = DIRECTION('',(1.,0.,0.));
#13543 = ORIENTED_EDGE('',*,*,#13544,.T.);
#13544 = EDGE_CURVE('',#13537,#13545,#13547,.T.);
#13545 = VERTEX_POINT('',#13546);
#13546 = CARTESIAN_POINT('',(1.,-0.5,0.5));
#13547 = LINE('',#13548,#13549);
#13548 = CARTESIAN_POINT('',(1.,0.625,0.5));
#13549 = VECTOR('',#13550,1.);
#13550 = DIRECTION('',(-1.734723475977E-16,1.,-0.));
#13551 = ORIENTED_EDGE('',*,*,#13552,.T.);
#13552 = EDGE_CURVE('',#13545,#13553,#13555,.T.);
#13553 = VERTEX_POINT('',#13554);
#13554 = CARTESIAN_POINT('',(0.636602540378,-0.5,0.5));
#13555 = LINE('',#13556,#13557);
#13556 = CARTESIAN_POINT('',(1.,-0.5,0.5));
#13557 = VECTOR('',#13558,1.);
#13558 = DIRECTION('',(-1.,0.,-0.));
#13559 = ORIENTED_EDGE('',*,*,#13560,.T.);
#13560 = EDGE_CURVE('',#13553,#13504,#13561,.T.);
#13561 = CIRCLE('',#13562,0.1);
#13562 = AXIS2_PLACEMENT_3D('',#13563,#13564,#13565);
#13563 = CARTESIAN_POINT('',(0.55,-0.45,0.5));
#13564 = DIRECTION('',(0.,0.,-1.));
#13565 = DIRECTION('',(1.,0.,0.));
#13566 = FACE_BOUND('',#13567,.T.);
#13567 = EDGE_LOOP('',(#13568,#13578,#13586,#13594));
#13568 = ORIENTED_EDGE('',*,*,#13569,.F.);
#13569 = EDGE_CURVE('',#13570,#13572,#13574,.T.);
#13570 = VERTEX_POINT('',#13571);
#13571 = CARTESIAN_POINT('',(-0.99,-0.615,0.5));
#13572 = VERTEX_POINT('',#13573);
#13573 = CARTESIAN_POINT('',(-0.71,-0.615,0.5));
#13574 = LINE('',#13575,#13576);
#13575 = CARTESIAN_POINT('',(-0.99,-0.615,0.5));
#13576 = VECTOR('',#13577,1.);
#13577 = DIRECTION('',(1.,0.,0.));
#13578 = ORIENTED_EDGE('',*,*,#13579,.F.);
#13579 = EDGE_CURVE('',#13580,#13570,#13582,.T.);
#13580 = VERTEX_POINT('',#13581);
#13581 = CARTESIAN_POINT('',(-0.99,-0.51,0.5));
#13582 = LINE('',#13583,#13584);
#13583 = CARTESIAN_POINT('',(-0.99,-0.51,0.5));
#13584 = VECTOR('',#13585,1.);
#13585 = DIRECTION('',(0.,-1.,0.));
#13586 = ORIENTED_EDGE('',*,*,#13587,.F.);
#13587 = EDGE_CURVE('',#13588,#13580,#13590,.T.);
#13588 = VERTEX_POINT('',#13589);
#13589 = CARTESIAN_POINT('',(-0.71,-0.51,0.5));
#13590 = LINE('',#13591,#13592);
#13591 = CARTESIAN_POINT('',(-0.99,-0.51,0.5));
#13592 = VECTOR('',#13593,1.);
#13593 = DIRECTION('',(-1.,-0.,-0.));
#13594 = ORIENTED_EDGE('',*,*,#13595,.F.);
#13595 = EDGE_CURVE('',#13572,#13588,#13596,.T.);
#13596 = LINE('',#13597,#13598);
#13597 = CARTESIAN_POINT('',(-0.71,-0.51,0.5));
#13598 = VECTOR('',#13599,1.);
#13599 = DIRECTION('',(-0.,1.,-0.));
#13600 = PLANE('',#13601);
#13601 = AXIS2_PLACEMENT_3D('',#13602,#13603,#13604);
#13602 = CARTESIAN_POINT('',(1.,-0.625,0.5));
#13603 = DIRECTION('',(-0.,0.,1.));
#13604 = DIRECTION('',(1.,0.,0.));
#13605 = ADVANCED_FACE('',(#13606,#13674),#13708,.T.);
#13606 = FACE_BOUND('',#13607,.T.);
#13607 = EDGE_LOOP('',(#13608,#13618,#13627,#13635,#13644,#13652,#13660,
    #13668));
#13608 = ORIENTED_EDGE('',*,*,#13609,.T.);
#13609 = EDGE_CURVE('',#13610,#13612,#13614,.T.);
#13610 = VERTEX_POINT('',#13611);
#13611 = CARTESIAN_POINT('',(-1.,0.5,0.5));
#13612 = VERTEX_POINT('',#13613);
#13613 = CARTESIAN_POINT('',(-0.636602540378,0.5,0.5));
#13614 = LINE('',#13615,#13616);
#13615 = CARTESIAN_POINT('',(1.,0.5,0.5));
#13616 = VECTOR('',#13617,1.);
#13617 = DIRECTION('',(1.,0.,0.));
#13618 = ORIENTED_EDGE('',*,*,#13619,.T.);
#13619 = EDGE_CURVE('',#13612,#13620,#13622,.T.);
#13620 = VERTEX_POINT('',#13621);
#13621 = CARTESIAN_POINT('',(-0.55,0.55,0.5));
#13622 = CIRCLE('',#13623,1.E-01);
#13623 = AXIS2_PLACEMENT_3D('',#13624,#13625,#13626);
#13624 = CARTESIAN_POINT('',(-0.55,0.45,0.5));
#13625 = DIRECTION('',(0.,0.,-1.));
#13626 = DIRECTION('',(1.,0.,0.));
#13627 = ORIENTED_EDGE('',*,*,#13628,.F.);
#13628 = EDGE_CURVE('',#13629,#13620,#13631,.T.);
#13629 = VERTEX_POINT('',#13630);
#13630 = CARTESIAN_POINT('',(0.55,0.55,0.5));
#13631 = LINE('',#13632,#13633);
#13632 = CARTESIAN_POINT('',(-0.65,0.55,0.5));
#13633 = VECTOR('',#13634,1.);
#13634 = DIRECTION('',(-1.,-0.,-0.));
#13635 = ORIENTED_EDGE('',*,*,#13636,.T.);
#13636 = EDGE_CURVE('',#13629,#13637,#13639,.T.);
#13637 = VERTEX_POINT('',#13638);
#13638 = CARTESIAN_POINT('',(0.636602540378,0.5,0.5));
#13639 = CIRCLE('',#13640,0.1);
#13640 = AXIS2_PLACEMENT_3D('',#13641,#13642,#13643);
#13641 = CARTESIAN_POINT('',(0.55,0.45,0.5));
#13642 = DIRECTION('',(0.,-0.,-1.));
#13643 = DIRECTION('',(1.,-5.421010862428E-15,0.));
#13644 = ORIENTED_EDGE('',*,*,#13645,.T.);
#13645 = EDGE_CURVE('',#13637,#13646,#13648,.T.);
#13646 = VERTEX_POINT('',#13647);
#13647 = CARTESIAN_POINT('',(1.,0.5,0.5));
#13648 = LINE('',#13649,#13650);
#13649 = CARTESIAN_POINT('',(1.,0.5,0.5));
#13650 = VECTOR('',#13651,1.);
#13651 = DIRECTION('',(1.,0.,0.));
#13652 = ORIENTED_EDGE('',*,*,#13653,.T.);
#13653 = EDGE_CURVE('',#13646,#13654,#13656,.T.);
#13654 = VERTEX_POINT('',#13655);
#13655 = CARTESIAN_POINT('',(1.,0.625,0.5));
#13656 = LINE('',#13657,#13658);
#13657 = CARTESIAN_POINT('',(1.,0.625,0.5));
#13658 = VECTOR('',#13659,1.);
#13659 = DIRECTION('',(-1.734723475977E-16,1.,-0.));
#13660 = ORIENTED_EDGE('',*,*,#13661,.T.);
#13661 = EDGE_CURVE('',#13654,#13662,#13664,.T.);
#13662 = VERTEX_POINT('',#13663);
#13663 = CARTESIAN_POINT('',(-1.,0.625,0.5));
#13664 = LINE('',#13665,#13666);
#13665 = CARTESIAN_POINT('',(-1.,0.625,0.5));
#13666 = VECTOR('',#13667,1.);
#13667 = DIRECTION('',(-1.,-0.,-0.));
#13668 = ORIENTED_EDGE('',*,*,#13669,.T.);
#13669 = EDGE_CURVE('',#13662,#13610,#13670,.T.);
#13670 = LINE('',#13671,#13672);
#13671 = CARTESIAN_POINT('',(-1.,0.625,0.5));
#13672 = VECTOR('',#13673,1.);
#13673 = DIRECTION('',(1.734723475977E-16,-1.,0.));
#13674 = FACE_BOUND('',#13675,.T.);
#13675 = EDGE_LOOP('',(#13676,#13686,#13694,#13702));
#13676 = ORIENTED_EDGE('',*,*,#13677,.F.);
#13677 = EDGE_CURVE('',#13678,#13680,#13682,.T.);
#13678 = VERTEX_POINT('',#13679);
#13679 = CARTESIAN_POINT('',(-0.99,0.51,0.5));
#13680 = VERTEX_POINT('',#13681);
#13681 = CARTESIAN_POINT('',(-0.71,0.51,0.5));
#13682 = LINE('',#13683,#13684);
#13683 = CARTESIAN_POINT('',(-0.99,0.51,0.5));
#13684 = VECTOR('',#13685,1.);
#13685 = DIRECTION('',(1.,0.,0.));
#13686 = ORIENTED_EDGE('',*,*,#13687,.F.);
#13687 = EDGE_CURVE('',#13688,#13678,#13690,.T.);
#13688 = VERTEX_POINT('',#13689);
#13689 = CARTESIAN_POINT('',(-0.99,0.615,0.5));
#13690 = LINE('',#13691,#13692);
#13691 = CARTESIAN_POINT('',(-0.99,0.615,0.5));
#13692 = VECTOR('',#13693,1.);
#13693 = DIRECTION('',(0.,-1.,0.));
#13694 = ORIENTED_EDGE('',*,*,#13695,.F.);
#13695 = EDGE_CURVE('',#13696,#13688,#13698,.T.);
#13696 = VERTEX_POINT('',#13697);
#13697 = CARTESIAN_POINT('',(-0.71,0.615,0.5));
#13698 = LINE('',#13699,#13700);
#13699 = CARTESIAN_POINT('',(-0.99,0.615,0.5));
#13700 = VECTOR('',#13701,1.);
#13701 = DIRECTION('',(-1.,-0.,-0.));
#13702 = ORIENTED_EDGE('',*,*,#13703,.F.);
#13703 = EDGE_CURVE('',#13680,#13696,#13704,.T.);
#13704 = LINE('',#13705,#13706);
#13705 = CARTESIAN_POINT('',(-0.71,0.615,0.5));
#13706 = VECTOR('',#13707,1.);
#13707 = DIRECTION('',(-0.,1.,-0.));
#13708 = PLANE('',#13709);
#13709 = AXIS2_PLACEMENT_3D('',#13710,#13711,#13712);
#13710 = CARTESIAN_POINT('',(1.,-0.625,0.5));
#13711 = DIRECTION('',(-0.,0.,1.));
#13712 = DIRECTION('',(1.,0.,0.));
#13713 = ADVANCED_FACE('',(#13714),#13748,.F.);
#13714 = FACE_BOUND('',#13715,.T.);
#13715 = EDGE_LOOP('',(#13716,#13717,#13723,#13724,#13725,#13726,#13734,
    #13742));
#13716 = ORIENTED_EDGE('',*,*,#13520,.F.);
#13717 = ORIENTED_EDGE('',*,*,#13718,.T.);
#13718 = EDGE_CURVE('',#13512,#13353,#13719,.T.);
#13719 = LINE('',#13720,#13721);
#13720 = CARTESIAN_POINT('',(-0.636602540378,-0.5,0.5));
#13721 = VECTOR('',#13722,1.);
#13722 = DIRECTION('',(0.,-0.,1.));
#13723 = ORIENTED_EDGE('',*,*,#13352,.F.);
#13724 = ORIENTED_EDGE('',*,*,#13416,.T.);
#13725 = ORIENTED_EDGE('',*,*,#13486,.T.);
#13726 = ORIENTED_EDGE('',*,*,#13727,.F.);
#13727 = EDGE_CURVE('',#13728,#13479,#13730,.T.);
#13728 = VERTEX_POINT('',#13729);
#13729 = CARTESIAN_POINT('',(-0.6,-0.5,1.E-02));
#13730 = LINE('',#13731,#13732);
#13731 = CARTESIAN_POINT('',(-0.6,-0.5,0.51));
#13732 = VECTOR('',#13733,1.);
#13733 = DIRECTION('',(-0.,-0.,-1.));
#13734 = ORIENTED_EDGE('',*,*,#13735,.T.);
#13735 = EDGE_CURVE('',#13728,#13736,#13738,.T.);
#13736 = VERTEX_POINT('',#13737);
#13737 = CARTESIAN_POINT('',(-1.,-0.5,1.E-02));
#13738 = LINE('',#13739,#13740);
#13739 = CARTESIAN_POINT('',(1.,-0.5,1.E-02));
#13740 = VECTOR('',#13741,1.);
#13741 = DIRECTION('',(-1.,0.,-0.));
#13742 = ORIENTED_EDGE('',*,*,#13743,.T.);
#13743 = EDGE_CURVE('',#13736,#13521,#13744,.T.);
#13744 = LINE('',#13745,#13746);
#13745 = CARTESIAN_POINT('',(-1.,-0.5,0.5));
#13746 = VECTOR('',#13747,1.);
#13747 = DIRECTION('',(0.,-0.,1.));
#13748 = PLANE('',#13749);
#13749 = AXIS2_PLACEMENT_3D('',#13750,#13751,#13752);
#13750 = CARTESIAN_POINT('',(-1.01,-0.5,0.51));
#13751 = DIRECTION('',(0.,1.,0.));
#13752 = DIRECTION('',(0.,-0.,1.));
#13753 = ADVANCED_FACE('',(#13754),#13788,.F.);
#13754 = FACE_BOUND('',#13755,.T.);
#13755 = EDGE_LOOP('',(#13756,#13757,#13763,#13764,#13772,#13780,#13786,
    #13787));
#13756 = ORIENTED_EDGE('',*,*,#13386,.F.);
#13757 = ORIENTED_EDGE('',*,*,#13758,.T.);
#13758 = EDGE_CURVE('',#13378,#13612,#13759,.T.);
#13759 = LINE('',#13760,#13761);
#13760 = CARTESIAN_POINT('',(-0.636602540378,0.5,0.51));
#13761 = VECTOR('',#13762,1.);
#13762 = DIRECTION('',(0.,0.,-1.));
#13763 = ORIENTED_EDGE('',*,*,#13609,.F.);
#13764 = ORIENTED_EDGE('',*,*,#13765,.T.);
#13765 = EDGE_CURVE('',#13610,#13766,#13768,.T.);
#13766 = VERTEX_POINT('',#13767);
#13767 = CARTESIAN_POINT('',(-1.,0.5,1.E-02));
#13768 = LINE('',#13769,#13770);
#13769 = CARTESIAN_POINT('',(-1.,0.5,0.5));
#13770 = VECTOR('',#13771,1.);
#13771 = DIRECTION('',(0.,0.,-1.));
#13772 = ORIENTED_EDGE('',*,*,#13773,.T.);
#13773 = EDGE_CURVE('',#13766,#13774,#13776,.T.);
#13774 = VERTEX_POINT('',#13775);
#13775 = CARTESIAN_POINT('',(-0.6,0.5,1.E-02));
#13776 = LINE('',#13777,#13778);
#13777 = CARTESIAN_POINT('',(1.,0.5,1.E-02));
#13778 = VECTOR('',#13779,1.);
#13779 = DIRECTION('',(1.,0.,0.));
#13780 = ORIENTED_EDGE('',*,*,#13781,.T.);
#13781 = EDGE_CURVE('',#13774,#13471,#13782,.T.);
#13782 = LINE('',#13783,#13784);
#13783 = CARTESIAN_POINT('',(-0.6,0.5,0.51));
#13784 = VECTOR('',#13785,1.);
#13785 = DIRECTION('',(-0.,-0.,-1.));
#13786 = ORIENTED_EDGE('',*,*,#13470,.T.);
#13787 = ORIENTED_EDGE('',*,*,#13440,.F.);
#13788 = PLANE('',#13789);
#13789 = AXIS2_PLACEMENT_3D('',#13790,#13791,#13792);
#13790 = CARTESIAN_POINT('',(-1.01,0.5,0.51));
#13791 = DIRECTION('',(0.,-1.,0.));
#13792 = DIRECTION('',(0.,-0.,-1.));
#13793 = ADVANCED_FACE('',(#13794),#13828,.F.);
#13794 = FACE_BOUND('',#13795,.T.);
#13795 = EDGE_LOOP('',(#13796,#13797,#13803,#13804,#13812,#13820,#13826,
    #13827));
#13796 = ORIENTED_EDGE('',*,*,#13216,.F.);
#13797 = ORIENTED_EDGE('',*,*,#13798,.T.);
#13798 = EDGE_CURVE('',#13208,#13553,#13799,.T.);
#13799 = LINE('',#13800,#13801);
#13800 = CARTESIAN_POINT('',(0.636602540378,-0.5,0.51));
#13801 = VECTOR('',#13802,1.);
#13802 = DIRECTION('',(0.,0.,-1.));
#13803 = ORIENTED_EDGE('',*,*,#13552,.F.);
#13804 = ORIENTED_EDGE('',*,*,#13805,.T.);
#13805 = EDGE_CURVE('',#13545,#13806,#13808,.T.);
#13806 = VERTEX_POINT('',#13807);
#13807 = CARTESIAN_POINT('',(1.,-0.5,1.E-02));
#13808 = LINE('',#13809,#13810);
#13809 = CARTESIAN_POINT('',(1.,-0.5,0.5));
#13810 = VECTOR('',#13811,1.);
#13811 = DIRECTION('',(0.,0.,-1.));
#13812 = ORIENTED_EDGE('',*,*,#13813,.T.);
#13813 = EDGE_CURVE('',#13806,#13814,#13816,.T.);
#13814 = VERTEX_POINT('',#13815);
#13815 = CARTESIAN_POINT('',(0.6,-0.5,1.E-02));
#13816 = LINE('',#13817,#13818);
#13817 = CARTESIAN_POINT('',(1.,-0.5,1.E-02));
#13818 = VECTOR('',#13819,1.);
#13819 = DIRECTION('',(-1.,0.,-0.));
#13820 = ORIENTED_EDGE('',*,*,#13821,.T.);
#13821 = EDGE_CURVE('',#13814,#13295,#13822,.T.);
#13822 = LINE('',#13823,#13824);
#13823 = CARTESIAN_POINT('',(0.6,-0.5,0.51));
#13824 = VECTOR('',#13825,1.);
#13825 = DIRECTION('',(-0.,-0.,-1.));
#13826 = ORIENTED_EDGE('',*,*,#13294,.T.);
#13827 = ORIENTED_EDGE('',*,*,#13263,.F.);
#13828 = PLANE('',#13829);
#13829 = AXIS2_PLACEMENT_3D('',#13830,#13831,#13832);
#13830 = CARTESIAN_POINT('',(0.6,-0.5,0.51));
#13831 = DIRECTION('',(0.,1.,0.));
#13832 = DIRECTION('',(0.,-0.,1.));
#13833 = ADVANCED_FACE('',(#13834),#13868,.F.);
#13834 = FACE_BOUND('',#13835,.T.);
#13835 = EDGE_LOOP('',(#13836,#13837,#13843,#13844,#13845,#13846,#13854,
    #13862));
#13836 = ORIENTED_EDGE('',*,*,#13645,.F.);
#13837 = ORIENTED_EDGE('',*,*,#13838,.T.);
#13838 = EDGE_CURVE('',#13637,#13183,#13839,.T.);
#13839 = LINE('',#13840,#13841);
#13840 = CARTESIAN_POINT('',(0.636602540378,0.5,0.5));
#13841 = VECTOR('',#13842,1.);
#13842 = DIRECTION('',(-0.,-0.,1.));
#13843 = ORIENTED_EDGE('',*,*,#13182,.F.);
#13844 = ORIENTED_EDGE('',*,*,#13239,.T.);
#13845 = ORIENTED_EDGE('',*,*,#13310,.T.);
#13846 = ORIENTED_EDGE('',*,*,#13847,.F.);
#13847 = EDGE_CURVE('',#13848,#13303,#13850,.T.);
#13848 = VERTEX_POINT('',#13849);
#13849 = CARTESIAN_POINT('',(0.6,0.5,1.E-02));
#13850 = LINE('',#13851,#13852);
#13851 = CARTESIAN_POINT('',(0.6,0.5,0.51));
#13852 = VECTOR('',#13853,1.);
#13853 = DIRECTION('',(-0.,-0.,-1.));
#13854 = ORIENTED_EDGE('',*,*,#13855,.T.);
#13855 = EDGE_CURVE('',#13848,#13856,#13858,.T.);
#13856 = VERTEX_POINT('',#13857);
#13857 = CARTESIAN_POINT('',(1.,0.5,1.E-02));
#13858 = LINE('',#13859,#13860);
#13859 = CARTESIAN_POINT('',(1.,0.5,1.E-02));
#13860 = VECTOR('',#13861,1.);
#13861 = DIRECTION('',(1.,0.,0.));
#13862 = ORIENTED_EDGE('',*,*,#13863,.T.);
#13863 = EDGE_CURVE('',#13856,#13646,#13864,.T.);
#13864 = LINE('',#13865,#13866);
#13865 = CARTESIAN_POINT('',(1.,0.5,0.5));
#13866 = VECTOR('',#13867,1.);
#13867 = DIRECTION('',(0.,0.,1.));
#13868 = PLANE('',#13869);
#13869 = AXIS2_PLACEMENT_3D('',#13870,#13871,#13872);
#13870 = CARTESIAN_POINT('',(0.6,0.5,0.51));
#13871 = DIRECTION('',(0.,-1.,0.));
#13872 = DIRECTION('',(0.,-0.,-1.));
#13873 = ADVANCED_FACE('',(#13874),#13936,.F.);
#13874 = FACE_BOUND('',#13875,.T.);
#13875 = EDGE_LOOP('',(#13876,#13877,#13885,#13893,#13899,#13900,#13906,
    #13907,#13915,#13923,#13929,#13930));
#13876 = ORIENTED_EDGE('',*,*,#13813,.F.);
#13877 = ORIENTED_EDGE('',*,*,#13878,.F.);
#13878 = EDGE_CURVE('',#13879,#13806,#13881,.T.);
#13879 = VERTEX_POINT('',#13880);
#13880 = CARTESIAN_POINT('',(1.,-0.625,1.E-02));
#13881 = LINE('',#13882,#13883);
#13882 = CARTESIAN_POINT('',(1.,0.625,1.E-02));
#13883 = VECTOR('',#13884,1.);
#13884 = DIRECTION('',(-1.734723475977E-16,1.,-0.));
#13885 = ORIENTED_EDGE('',*,*,#13886,.F.);
#13886 = EDGE_CURVE('',#13887,#13879,#13889,.T.);
#13887 = VERTEX_POINT('',#13888);
#13888 = CARTESIAN_POINT('',(-1.,-0.625,1.E-02));
#13889 = LINE('',#13890,#13891);
#13890 = CARTESIAN_POINT('',(-1.,-0.625,1.E-02));
#13891 = VECTOR('',#13892,1.);
#13892 = DIRECTION('',(1.,0.,0.));
#13893 = ORIENTED_EDGE('',*,*,#13894,.F.);
#13894 = EDGE_CURVE('',#13736,#13887,#13895,.T.);
#13895 = LINE('',#13896,#13897);
#13896 = CARTESIAN_POINT('',(-1.,0.625,1.E-02));
#13897 = VECTOR('',#13898,1.);
#13898 = DIRECTION('',(1.734723475977E-16,-1.,0.));
#13899 = ORIENTED_EDGE('',*,*,#13735,.F.);
#13900 = ORIENTED_EDGE('',*,*,#13901,.F.);
#13901 = EDGE_CURVE('',#13774,#13728,#13902,.T.);
#13902 = LINE('',#13903,#13904);
#13903 = CARTESIAN_POINT('',(-0.6,-0.625,1.E-02));
#13904 = VECTOR('',#13905,1.);
#13905 = DIRECTION('',(1.084202172486E-16,-1.,0.));
#13906 = ORIENTED_EDGE('',*,*,#13773,.F.);
#13907 = ORIENTED_EDGE('',*,*,#13908,.F.);
#13908 = EDGE_CURVE('',#13909,#13766,#13911,.T.);
#13909 = VERTEX_POINT('',#13910);
#13910 = CARTESIAN_POINT('',(-1.,0.625,1.E-02));
#13911 = LINE('',#13912,#13913);
#13912 = CARTESIAN_POINT('',(-1.,0.625,1.E-02));
#13913 = VECTOR('',#13914,1.);
#13914 = DIRECTION('',(1.734723475977E-16,-1.,0.));
#13915 = ORIENTED_EDGE('',*,*,#13916,.F.);
#13916 = EDGE_CURVE('',#13917,#13909,#13919,.T.);
#13917 = VERTEX_POINT('',#13918);
#13918 = CARTESIAN_POINT('',(1.,0.625,1.E-02));
#13919 = LINE('',#13920,#13921);
#13920 = CARTESIAN_POINT('',(-1.,0.625,1.E-02));
#13921 = VECTOR('',#13922,1.);
#13922 = DIRECTION('',(-1.,-0.,-0.));
#13923 = ORIENTED_EDGE('',*,*,#13924,.F.);
#13924 = EDGE_CURVE('',#13856,#13917,#13925,.T.);
#13925 = LINE('',#13926,#13927);
#13926 = CARTESIAN_POINT('',(1.,0.625,1.E-02));
#13927 = VECTOR('',#13928,1.);
#13928 = DIRECTION('',(-1.734723475977E-16,1.,-0.));
#13929 = ORIENTED_EDGE('',*,*,#13855,.F.);
#13930 = ORIENTED_EDGE('',*,*,#13931,.F.);
#13931 = EDGE_CURVE('',#13814,#13848,#13932,.T.);
#13932 = LINE('',#13933,#13934);
#13933 = CARTESIAN_POINT('',(0.6,-0.625,1.E-02));
#13934 = VECTOR('',#13935,1.);
#13935 = DIRECTION('',(-1.084202172486E-16,1.,0.));
#13936 = PLANE('',#13937);
#13937 = AXIS2_PLACEMENT_3D('',#13938,#13939,#13940);
#13938 = CARTESIAN_POINT('',(1.,-0.625,1.E-02));
#13939 = DIRECTION('',(-0.,0.,1.));
#13940 = DIRECTION('',(1.,0.,0.));
#13941 = ADVANCED_FACE('',(#13942),#13953,.F.);
#13942 = FACE_BOUND('',#13943,.T.);
#13943 = EDGE_LOOP('',(#13944,#13945,#13946,#13952));
#13944 = ORIENTED_EDGE('',*,*,#13805,.F.);
#13945 = ORIENTED_EDGE('',*,*,#13544,.F.);
#13946 = ORIENTED_EDGE('',*,*,#13947,.T.);
#13947 = EDGE_CURVE('',#13537,#13879,#13948,.T.);
#13948 = LINE('',#13949,#13950);
#13949 = CARTESIAN_POINT('',(1.,-0.625,0.5));
#13950 = VECTOR('',#13951,1.);
#13951 = DIRECTION('',(-0.,-0.,-1.));
#13952 = ORIENTED_EDGE('',*,*,#13878,.T.);
#13953 = PLANE('',#13954);
#13954 = AXIS2_PLACEMENT_3D('',#13955,#13956,#13957);
#13955 = CARTESIAN_POINT('',(1.,0.625,0.5));
#13956 = DIRECTION('',(-1.,-1.734723475977E-16,0.));
#13957 = DIRECTION('',(1.734723475977E-16,-1.,0.));
#13958 = ADVANCED_FACE('',(#13959),#13970,.F.);
#13959 = FACE_BOUND('',#13960,.T.);
#13960 = EDGE_LOOP('',(#13961,#13962,#13963,#13969));
#13961 = ORIENTED_EDGE('',*,*,#13863,.F.);
#13962 = ORIENTED_EDGE('',*,*,#13924,.T.);
#13963 = ORIENTED_EDGE('',*,*,#13964,.F.);
#13964 = EDGE_CURVE('',#13654,#13917,#13965,.T.);
#13965 = LINE('',#13966,#13967);
#13966 = CARTESIAN_POINT('',(1.,0.625,0.5));
#13967 = VECTOR('',#13968,1.);
#13968 = DIRECTION('',(-0.,-0.,-1.));
#13969 = ORIENTED_EDGE('',*,*,#13653,.F.);
#13970 = PLANE('',#13971);
#13971 = AXIS2_PLACEMENT_3D('',#13972,#13973,#13974);
#13972 = CARTESIAN_POINT('',(1.,0.625,0.5));
#13973 = DIRECTION('',(-1.,-1.734723475977E-16,0.));
#13974 = DIRECTION('',(1.734723475977E-16,-1.,0.));
#13975 = ADVANCED_FACE('',(#13976),#13987,.F.);
#13976 = FACE_BOUND('',#13977,.T.);
#13977 = EDGE_LOOP('',(#13978,#13979,#13980,#13986));
#13978 = ORIENTED_EDGE('',*,*,#13743,.F.);
#13979 = ORIENTED_EDGE('',*,*,#13894,.T.);
#13980 = ORIENTED_EDGE('',*,*,#13981,.F.);
#13981 = EDGE_CURVE('',#13529,#13887,#13982,.T.);
#13982 = LINE('',#13983,#13984);
#13983 = CARTESIAN_POINT('',(-1.,-0.625,0.5));
#13984 = VECTOR('',#13985,1.);
#13985 = DIRECTION('',(-0.,-0.,-1.));
#13986 = ORIENTED_EDGE('',*,*,#13528,.F.);
#13987 = PLANE('',#13988);
#13988 = AXIS2_PLACEMENT_3D('',#13989,#13990,#13991);
#13989 = CARTESIAN_POINT('',(-1.,0.625,0.5));
#13990 = DIRECTION('',(1.,1.734723475977E-16,-0.));
#13991 = DIRECTION('',(-1.734723475977E-16,1.,0.));
#13992 = ADVANCED_FACE('',(#13993),#14004,.F.);
#13993 = FACE_BOUND('',#13994,.T.);
#13994 = EDGE_LOOP('',(#13995,#13996,#13997,#14003));
#13995 = ORIENTED_EDGE('',*,*,#13765,.F.);
#13996 = ORIENTED_EDGE('',*,*,#13669,.F.);
#13997 = ORIENTED_EDGE('',*,*,#13998,.T.);
#13998 = EDGE_CURVE('',#13662,#13909,#13999,.T.);
#13999 = LINE('',#14000,#14001);
#14000 = CARTESIAN_POINT('',(-1.,0.625,0.5));
#14001 = VECTOR('',#14002,1.);
#14002 = DIRECTION('',(-0.,-0.,-1.));
#14003 = ORIENTED_EDGE('',*,*,#13908,.T.);
#14004 = PLANE('',#14005);
#14005 = AXIS2_PLACEMENT_3D('',#14006,#14007,#14008);
#14006 = CARTESIAN_POINT('',(-1.,0.625,0.5));
#14007 = DIRECTION('',(1.,1.734723475977E-16,-0.));
#14008 = DIRECTION('',(-1.734723475977E-16,1.,0.));
#14009 = ADVANCED_FACE('',(#14010),#14016,.F.);
#14010 = FACE_BOUND('',#14011,.T.);
#14011 = EDGE_LOOP('',(#14012,#14013,#14014,#14015));
#14012 = ORIENTED_EDGE('',*,*,#13916,.T.);
#14013 = ORIENTED_EDGE('',*,*,#13998,.F.);
#14014 = ORIENTED_EDGE('',*,*,#13661,.F.);
#14015 = ORIENTED_EDGE('',*,*,#13964,.T.);
#14016 = PLANE('',#14017);
#14017 = AXIS2_PLACEMENT_3D('',#14018,#14019,#14020);
#14018 = CARTESIAN_POINT('',(-1.,0.625,0.5));
#14019 = DIRECTION('',(0.,-1.,0.));
#14020 = DIRECTION('',(0.,-0.,-1.));
#14021 = ADVANCED_FACE('',(#14022),#14028,.F.);
#14022 = FACE_BOUND('',#14023,.T.);
#14023 = EDGE_LOOP('',(#14024,#14025,#14026,#14027));
#14024 = ORIENTED_EDGE('',*,*,#13886,.T.);
#14025 = ORIENTED_EDGE('',*,*,#13947,.F.);
#14026 = ORIENTED_EDGE('',*,*,#13536,.F.);
#14027 = ORIENTED_EDGE('',*,*,#13981,.T.);
#14028 = PLANE('',#14029);
#14029 = AXIS2_PLACEMENT_3D('',#14030,#14031,#14032);
#14030 = CARTESIAN_POINT('',(-1.,-0.625,0.5));
#14031 = DIRECTION('',(0.,1.,0.));
#14032 = DIRECTION('',(0.,-0.,1.));
#14033 = ADVANCED_FACE('',(#14034),#14040,.F.);
#14034 = FACE_BOUND('',#14035,.T.);
#14035 = EDGE_LOOP('',(#14036,#14037,#14038,#14039));
#14036 = ORIENTED_EDGE('',*,*,#13781,.F.);
#14037 = ORIENTED_EDGE('',*,*,#13901,.T.);
#14038 = ORIENTED_EDGE('',*,*,#13727,.T.);
#14039 = ORIENTED_EDGE('',*,*,#13478,.T.);
#14040 = PLANE('',#14041);
#14041 = AXIS2_PLACEMENT_3D('',#14042,#14043,#14044);
#14042 = CARTESIAN_POINT('',(-0.6,0.5,0.51));
#14043 = DIRECTION('',(-1.,-1.084202172486E-16,0.));
#14044 = DIRECTION('',(1.084202172486E-16,-1.,0.));
#14045 = ADVANCED_FACE('',(#14046),#14052,.F.);
#14046 = FACE_BOUND('',#14047,.T.);
#14047 = EDGE_LOOP('',(#14048,#14049,#14050,#14051));
#14048 = ORIENTED_EDGE('',*,*,#13821,.F.);
#14049 = ORIENTED_EDGE('',*,*,#13931,.T.);
#14050 = ORIENTED_EDGE('',*,*,#13847,.T.);
#14051 = ORIENTED_EDGE('',*,*,#13302,.T.);
#14052 = PLANE('',#14053);
#14053 = AXIS2_PLACEMENT_3D('',#14054,#14055,#14056);
#14054 = CARTESIAN_POINT('',(0.6,0.5,0.51));
#14055 = DIRECTION('',(1.,1.084202172486E-16,-0.));
#14056 = DIRECTION('',(-1.084202172486E-16,1.,0.));
#14057 = ADVANCED_FACE('',(#14058),#14083,.F.);
#14058 = FACE_BOUND('',#14059,.T.);
#14059 = EDGE_LOOP('',(#14060,#14070,#14076,#14077));
#14060 = ORIENTED_EDGE('',*,*,#14061,.T.);
#14061 = EDGE_CURVE('',#14062,#14064,#14066,.T.);
#14062 = VERTEX_POINT('',#14063);
#14063 = CARTESIAN_POINT('',(-0.65,-0.45,1.));
#14064 = VERTEX_POINT('',#14065);
#14065 = CARTESIAN_POINT('',(-0.65,0.45,1.));
#14066 = LINE('',#14067,#14068);
#14067 = CARTESIAN_POINT('',(-0.65,0.55,1.));
#14068 = VECTOR('',#14069,1.);
#14069 = DIRECTION('',(-1.971276677246E-16,1.,-0.));
#14070 = ORIENTED_EDGE('',*,*,#14071,.T.);
#14071 = EDGE_CURVE('',#14064,#13370,#14072,.T.);
#14072 = LINE('',#14073,#14074);
#14073 = CARTESIAN_POINT('',(-0.65,0.45,1.1));
#14074 = VECTOR('',#14075,1.);
#14075 = DIRECTION('',(0.,0.,-1.));
#14076 = ORIENTED_EDGE('',*,*,#13369,.F.);
#14077 = ORIENTED_EDGE('',*,*,#14078,.T.);
#14078 = EDGE_CURVE('',#13361,#14062,#14079,.T.);
#14079 = LINE('',#14080,#14081);
#14080 = CARTESIAN_POINT('',(-0.65,-0.45,1.1));
#14081 = VECTOR('',#14082,1.);
#14082 = DIRECTION('',(0.,-0.,1.));
#14083 = PLANE('',#14084);
#14084 = AXIS2_PLACEMENT_3D('',#14085,#14086,#14087);
#14085 = CARTESIAN_POINT('',(-0.65,0.55,1.1));
#14086 = DIRECTION('',(1.,1.971276677246E-16,-0.));
#14087 = DIRECTION('',(-1.971276677246E-16,1.,0.));
#14088 = ADVANCED_FACE('',(#14089),#14114,.F.);
#14089 = FACE_BOUND('',#14090,.T.);
#14090 = EDGE_LOOP('',(#14091,#14092,#14100,#14108));
#14091 = ORIENTED_EDGE('',*,*,#13199,.F.);
#14092 = ORIENTED_EDGE('',*,*,#14093,.T.);
#14093 = EDGE_CURVE('',#13191,#14094,#14096,.T.);
#14094 = VERTEX_POINT('',#14095);
#14095 = CARTESIAN_POINT('',(0.65,0.45,1.));
#14096 = LINE('',#14097,#14098);
#14097 = CARTESIAN_POINT('',(0.65,0.45,1.1));
#14098 = VECTOR('',#14099,1.);
#14099 = DIRECTION('',(-0.,-0.,1.));
#14100 = ORIENTED_EDGE('',*,*,#14101,.T.);
#14101 = EDGE_CURVE('',#14094,#14102,#14104,.T.);
#14102 = VERTEX_POINT('',#14103);
#14103 = CARTESIAN_POINT('',(0.65,-0.45,1.));
#14104 = LINE('',#14105,#14106);
#14105 = CARTESIAN_POINT('',(0.65,-0.55,1.));
#14106 = VECTOR('',#14107,1.);
#14107 = DIRECTION('',(2.95691501587E-16,-1.,-0.));
#14108 = ORIENTED_EDGE('',*,*,#14109,.T.);
#14109 = EDGE_CURVE('',#14102,#13200,#14110,.T.);
#14110 = LINE('',#14111,#14112);
#14111 = CARTESIAN_POINT('',(0.65,-0.45,1.1));
#14112 = VECTOR('',#14113,1.);
#14113 = DIRECTION('',(0.,0.,-1.));
#14114 = PLANE('',#14115);
#14115 = AXIS2_PLACEMENT_3D('',#14116,#14117,#14118);
#14116 = CARTESIAN_POINT('',(0.65,0.55,1.1));
#14117 = DIRECTION('',(-1.,-2.95691501587E-16,0.));
#14118 = DIRECTION('',(2.95691501587E-16,-1.,0.));
#14119 = ADVANCED_FACE('',(#14120),#14145,.F.);
#14120 = FACE_BOUND('',#14121,.T.);
#14121 = EDGE_LOOP('',(#14122,#14123,#14131,#14139));
#14122 = ORIENTED_EDGE('',*,*,#13501,.T.);
#14123 = ORIENTED_EDGE('',*,*,#14124,.T.);
#14124 = EDGE_CURVE('',#13504,#14125,#14127,.T.);
#14125 = VERTEX_POINT('',#14126);
#14126 = CARTESIAN_POINT('',(0.55,-0.55,1.));
#14127 = LINE('',#14128,#14129);
#14128 = CARTESIAN_POINT('',(0.55,-0.55,1.1));
#14129 = VECTOR('',#14130,1.);
#14130 = DIRECTION('',(-0.,-0.,1.));
#14131 = ORIENTED_EDGE('',*,*,#14132,.T.);
#14132 = EDGE_CURVE('',#14125,#14133,#14135,.T.);
#14133 = VERTEX_POINT('',#14134);
#14134 = CARTESIAN_POINT('',(-0.55,-0.55,1.));
#14135 = LINE('',#14136,#14137);
#14136 = CARTESIAN_POINT('',(-0.65,-0.55,1.));
#14137 = VECTOR('',#14138,1.);
#14138 = DIRECTION('',(-1.,0.,-0.));
#14139 = ORIENTED_EDGE('',*,*,#14140,.T.);
#14140 = EDGE_CURVE('',#14133,#13502,#14141,.T.);
#14141 = LINE('',#14142,#14143);
#14142 = CARTESIAN_POINT('',(-0.55,-0.55,1.1));
#14143 = VECTOR('',#14144,1.);
#14144 = DIRECTION('',(-0.,0.,-1.));
#14145 = PLANE('',#14146);
#14146 = AXIS2_PLACEMENT_3D('',#14147,#14148,#14149);
#14147 = CARTESIAN_POINT('',(-0.65,-0.55,1.1));
#14148 = DIRECTION('',(0.,1.,0.));
#14149 = DIRECTION('',(0.,-0.,1.));
#14150 = ADVANCED_FACE('',(#14151),#14176,.F.);
#14151 = FACE_BOUND('',#14152,.T.);
#14152 = EDGE_LOOP('',(#14153,#14163,#14169,#14170));
#14153 = ORIENTED_EDGE('',*,*,#14154,.T.);
#14154 = EDGE_CURVE('',#14155,#14157,#14159,.T.);
#14155 = VERTEX_POINT('',#14156);
#14156 = CARTESIAN_POINT('',(-0.55,0.55,1.));
#14157 = VERTEX_POINT('',#14158);
#14158 = CARTESIAN_POINT('',(0.55,0.55,1.));
#14159 = LINE('',#14160,#14161);
#14160 = CARTESIAN_POINT('',(0.65,0.55,1.));
#14161 = VECTOR('',#14162,1.);
#14162 = DIRECTION('',(1.,-0.,-0.));
#14163 = ORIENTED_EDGE('',*,*,#14164,.T.);
#14164 = EDGE_CURVE('',#14157,#13629,#14165,.T.);
#14165 = LINE('',#14166,#14167);
#14166 = CARTESIAN_POINT('',(0.55,0.55,1.1));
#14167 = VECTOR('',#14168,1.);
#14168 = DIRECTION('',(0.,0.,-1.));
#14169 = ORIENTED_EDGE('',*,*,#13628,.T.);
#14170 = ORIENTED_EDGE('',*,*,#14171,.T.);
#14171 = EDGE_CURVE('',#13620,#14155,#14172,.T.);
#14172 = LINE('',#14173,#14174);
#14173 = CARTESIAN_POINT('',(-0.55,0.55,1.1));
#14174 = VECTOR('',#14175,1.);
#14175 = DIRECTION('',(-0.,-0.,1.));
#14176 = PLANE('',#14177);
#14177 = AXIS2_PLACEMENT_3D('',#14178,#14179,#14180);
#14178 = CARTESIAN_POINT('',(-0.65,0.55,1.1));
#14179 = DIRECTION('',(0.,-1.,0.));
#14180 = DIRECTION('',(0.,-0.,-1.));
#14181 = ADVANCED_FACE('',(#14182),#14216,.T.);
#14182 = FACE_BOUND('',#14183,.T.);
#14183 = EDGE_LOOP('',(#14184,#14194,#14202,#14210));
#14184 = ORIENTED_EDGE('',*,*,#14185,.T.);
#14185 = EDGE_CURVE('',#14186,#14188,#14190,.T.);
#14186 = VERTEX_POINT('',#14187);
#14187 = CARTESIAN_POINT('',(0.55,-0.45,1.1));
#14188 = VERTEX_POINT('',#14189);
#14189 = CARTESIAN_POINT('',(0.55,0.45,1.1));
#14190 = LINE('',#14191,#14192);
#14191 = CARTESIAN_POINT('',(0.55,0.55,1.1));
#14192 = VECTOR('',#14193,1.);
#14193 = DIRECTION('',(-2.95691501587E-16,1.,-0.));
#14194 = ORIENTED_EDGE('',*,*,#14195,.T.);
#14195 = EDGE_CURVE('',#14188,#14196,#14198,.T.);
#14196 = VERTEX_POINT('',#14197);
#14197 = CARTESIAN_POINT('',(-0.55,0.45,1.1));
#14198 = LINE('',#14199,#14200);
#14199 = CARTESIAN_POINT('',(-0.65,0.45,1.1));
#14200 = VECTOR('',#14201,1.);
#14201 = DIRECTION('',(-1.,0.,0.));
#14202 = ORIENTED_EDGE('',*,*,#14203,.T.);
#14203 = EDGE_CURVE('',#14196,#14204,#14206,.T.);
#14204 = VERTEX_POINT('',#14205);
#14205 = CARTESIAN_POINT('',(-0.55,-0.45,1.1));
#14206 = LINE('',#14207,#14208);
#14207 = CARTESIAN_POINT('',(-0.55,-0.55,1.1));
#14208 = VECTOR('',#14209,1.);
#14209 = DIRECTION('',(1.971276677246E-16,-1.,0.));
#14210 = ORIENTED_EDGE('',*,*,#14211,.T.);
#14211 = EDGE_CURVE('',#14204,#14186,#14212,.T.);
#14212 = LINE('',#14213,#14214);
#14213 = CARTESIAN_POINT('',(0.65,-0.45,1.1));
#14214 = VECTOR('',#14215,1.);
#14215 = DIRECTION('',(1.,-0.,0.));
#14216 = PLANE('',#14217);
#14217 = AXIS2_PLACEMENT_3D('',#14218,#14219,#14220);
#14218 = CARTESIAN_POINT('',(-0.65,-0.55,1.1));
#14219 = DIRECTION('',(-0.,0.,1.));
#14220 = DIRECTION('',(1.,0.,0.));
#14221 = ADVANCED_FACE('',(#14222),#14236,.T.);
#14222 = FACE_BOUND('',#14223,.T.);
#14223 = EDGE_LOOP('',(#14224,#14231,#14232,#14233,#14234,#14235));
#14224 = ORIENTED_EDGE('',*,*,#14225,.F.);
#14225 = EDGE_CURVE('',#14062,#14133,#14226,.T.);
#14226 = CIRCLE('',#14227,1.E-01);
#14227 = AXIS2_PLACEMENT_3D('',#14228,#14229,#14230);
#14228 = CARTESIAN_POINT('',(-0.55,-0.45,1.));
#14229 = DIRECTION('',(0.,0.,1.));
#14230 = DIRECTION('',(1.,0.,-0.));
#14231 = ORIENTED_EDGE('',*,*,#14078,.F.);
#14232 = ORIENTED_EDGE('',*,*,#13360,.F.);
#14233 = ORIENTED_EDGE('',*,*,#13718,.F.);
#14234 = ORIENTED_EDGE('',*,*,#13511,.F.);
#14235 = ORIENTED_EDGE('',*,*,#14140,.F.);
#14236 = CYLINDRICAL_SURFACE('',#14237,0.1);
#14237 = AXIS2_PLACEMENT_3D('',#14238,#14239,#14240);
#14238 = CARTESIAN_POINT('',(-0.55,-0.45,1.1));
#14239 = DIRECTION('',(-0.,0.,-1.));
#14240 = DIRECTION('',(-1.,0.,0.));
#14241 = ADVANCED_FACE('',(#14242),#14259,.T.);
#14242 = FACE_BOUND('',#14243,.T.);
#14243 = EDGE_LOOP('',(#14244,#14251,#14252));
#14244 = ORIENTED_EDGE('',*,*,#14245,.F.);
#14245 = EDGE_CURVE('',#14062,#14204,#14246,.T.);
#14246 = CIRCLE('',#14247,0.1);
#14247 = AXIS2_PLACEMENT_3D('',#14248,#14249,#14250);
#14248 = CARTESIAN_POINT('',(-0.55,-0.45,1.));
#14249 = DIRECTION('',(-0.,1.,0.));
#14250 = DIRECTION('',(0.,0.,-1.));
#14251 = ORIENTED_EDGE('',*,*,#14225,.T.);
#14252 = ORIENTED_EDGE('',*,*,#14253,.F.);
#14253 = EDGE_CURVE('',#14204,#14133,#14254,.T.);
#14254 = CIRCLE('',#14255,0.1);
#14255 = AXIS2_PLACEMENT_3D('',#14256,#14257,#14258);
#14256 = CARTESIAN_POINT('',(-0.55,-0.45,1.));
#14257 = DIRECTION('',(1.,0.,-0.));
#14258 = DIRECTION('',(0.,0.,1.));
#14259 = SPHERICAL_SURFACE('',#14260,0.1);
#14260 = AXIS2_PLACEMENT_3D('',#14261,#14262,#14263);
#14261 = CARTESIAN_POINT('',(-0.55,-0.45,1.));
#14262 = DIRECTION('',(0.,1.,0.));
#14263 = DIRECTION('',(1.,0.,0.));
#14264 = ADVANCED_FACE('',(#14265),#14279,.T.);
#14265 = FACE_BOUND('',#14266,.T.);
#14266 = EDGE_LOOP('',(#14267,#14268,#14269,#14276,#14277,#14278));
#14267 = ORIENTED_EDGE('',*,*,#13207,.F.);
#14268 = ORIENTED_EDGE('',*,*,#14109,.F.);
#14269 = ORIENTED_EDGE('',*,*,#14270,.F.);
#14270 = EDGE_CURVE('',#14125,#14102,#14271,.T.);
#14271 = CIRCLE('',#14272,0.1);
#14272 = AXIS2_PLACEMENT_3D('',#14273,#14274,#14275);
#14273 = CARTESIAN_POINT('',(0.55,-0.45,1.));
#14274 = DIRECTION('',(-0.,0.,1.));
#14275 = DIRECTION('',(1.,0.,0.));
#14276 = ORIENTED_EDGE('',*,*,#14124,.F.);
#14277 = ORIENTED_EDGE('',*,*,#13560,.F.);
#14278 = ORIENTED_EDGE('',*,*,#13798,.F.);
#14279 = CYLINDRICAL_SURFACE('',#14280,1.E-01);
#14280 = AXIS2_PLACEMENT_3D('',#14281,#14282,#14283);
#14281 = CARTESIAN_POINT('',(0.55,-0.45,1.1));
#14282 = DIRECTION('',(0.,0.,-1.));
#14283 = DIRECTION('',(-1.,0.,0.));
#14284 = ADVANCED_FACE('',(#14285),#14297,.T.);
#14285 = FACE_BOUND('',#14286,.T.);
#14286 = EDGE_LOOP('',(#14287,#14288,#14289,#14296));
#14287 = ORIENTED_EDGE('',*,*,#14253,.T.);
#14288 = ORIENTED_EDGE('',*,*,#14132,.F.);
#14289 = ORIENTED_EDGE('',*,*,#14290,.F.);
#14290 = EDGE_CURVE('',#14186,#14125,#14291,.T.);
#14291 = CIRCLE('',#14292,1.E-01);
#14292 = AXIS2_PLACEMENT_3D('',#14293,#14294,#14295);
#14293 = CARTESIAN_POINT('',(0.55,-0.45,1.));
#14294 = DIRECTION('',(1.,-2.168404344971E-15,0.));
#14295 = DIRECTION('',(2.168404344971E-15,1.,0.));
#14296 = ORIENTED_EDGE('',*,*,#14211,.F.);
#14297 = CYLINDRICAL_SURFACE('',#14298,0.1);
#14298 = AXIS2_PLACEMENT_3D('',#14299,#14300,#14301);
#14299 = CARTESIAN_POINT('',(-0.65,-0.45,1.));
#14300 = DIRECTION('',(-1.,0.,-0.));
#14301 = DIRECTION('',(0.,0.,1.));
#14302 = ADVANCED_FACE('',(#14303),#14315,.T.);
#14303 = FACE_BOUND('',#14304,.T.);
#14304 = EDGE_LOOP('',(#14305,#14306,#14307,#14314));
#14305 = ORIENTED_EDGE('',*,*,#14245,.T.);
#14306 = ORIENTED_EDGE('',*,*,#14203,.F.);
#14307 = ORIENTED_EDGE('',*,*,#14308,.F.);
#14308 = EDGE_CURVE('',#14064,#14196,#14309,.T.);
#14309 = CIRCLE('',#14310,0.1);
#14310 = AXIS2_PLACEMENT_3D('',#14311,#14312,#14313);
#14311 = CARTESIAN_POINT('',(-0.55,0.45,1.));
#14312 = DIRECTION('',(0.,1.,5.421010862428E-16));
#14313 = DIRECTION('',(0.,-5.421010862428E-16,1.));
#14314 = ORIENTED_EDGE('',*,*,#14061,.F.);
#14315 = CYLINDRICAL_SURFACE('',#14316,0.1);
#14316 = AXIS2_PLACEMENT_3D('',#14317,#14318,#14319);
#14317 = CARTESIAN_POINT('',(-0.55,-0.55,1.));
#14318 = DIRECTION('',(-1.971276677246E-16,1.,0.));
#14319 = DIRECTION('',(-1.,-1.971276677246E-16,-0.));
#14320 = ADVANCED_FACE('',(#14321),#14335,.T.);
#14321 = FACE_BOUND('',#14322,.T.);
#14322 = EDGE_LOOP('',(#14323,#14324,#14325,#14332,#14333,#14334));
#14323 = ORIENTED_EDGE('',*,*,#13377,.F.);
#14324 = ORIENTED_EDGE('',*,*,#14071,.F.);
#14325 = ORIENTED_EDGE('',*,*,#14326,.F.);
#14326 = EDGE_CURVE('',#14155,#14064,#14327,.T.);
#14327 = CIRCLE('',#14328,1.E-01);
#14328 = AXIS2_PLACEMENT_3D('',#14329,#14330,#14331);
#14329 = CARTESIAN_POINT('',(-0.55,0.45,1.));
#14330 = DIRECTION('',(0.,-0.,1.));
#14331 = DIRECTION('',(1.,0.,0.));
#14332 = ORIENTED_EDGE('',*,*,#14171,.F.);
#14333 = ORIENTED_EDGE('',*,*,#13619,.F.);
#14334 = ORIENTED_EDGE('',*,*,#13758,.F.);
#14335 = CYLINDRICAL_SURFACE('',#14336,0.1);
#14336 = AXIS2_PLACEMENT_3D('',#14337,#14338,#14339);
#14337 = CARTESIAN_POINT('',(-0.55,0.45,1.1));
#14338 = DIRECTION('',(0.,0.,-1.));
#14339 = DIRECTION('',(-1.,0.,0.));
#14340 = ADVANCED_FACE('',(#14341),#14352,.T.);
#14341 = FACE_BOUND('',#14342,.T.);
#14342 = EDGE_LOOP('',(#14343,#14344,#14345));
#14343 = ORIENTED_EDGE('',*,*,#14290,.T.);
#14344 = ORIENTED_EDGE('',*,*,#14270,.T.);
#14345 = ORIENTED_EDGE('',*,*,#14346,.F.);
#14346 = EDGE_CURVE('',#14186,#14102,#14347,.T.);
#14347 = CIRCLE('',#14348,0.1);
#14348 = AXIS2_PLACEMENT_3D('',#14349,#14350,#14351);
#14349 = CARTESIAN_POINT('',(0.55,-0.45,1.));
#14350 = DIRECTION('',(-5.421010862428E-16,1.,5.421010862428E-16));
#14351 = DIRECTION('',(-7.006492321624E-46,5.421010862428E-16,-1.));
#14352 = SPHERICAL_SURFACE('',#14353,0.1);
#14353 = AXIS2_PLACEMENT_3D('',#14354,#14355,#14356);
#14354 = CARTESIAN_POINT('',(0.55,-0.45,1.));
#14355 = DIRECTION('',(0.,1.,0.));
#14356 = DIRECTION('',(1.,0.,0.));
#14357 = ADVANCED_FACE('',(#14358),#14369,.T.);
#14358 = FACE_BOUND('',#14359,.T.);
#14359 = EDGE_LOOP('',(#14360,#14361,#14362));
#14360 = ORIENTED_EDGE('',*,*,#14326,.T.);
#14361 = ORIENTED_EDGE('',*,*,#14308,.T.);
#14362 = ORIENTED_EDGE('',*,*,#14363,.F.);
#14363 = EDGE_CURVE('',#14155,#14196,#14364,.T.);
#14364 = CIRCLE('',#14365,0.1);
#14365 = AXIS2_PLACEMENT_3D('',#14366,#14367,#14368);
#14366 = CARTESIAN_POINT('',(-0.55,0.45,1.));
#14367 = DIRECTION('',(1.,0.,-0.));
#14368 = DIRECTION('',(0.,0.,1.));
#14369 = SPHERICAL_SURFACE('',#14370,0.1);
#14370 = AXIS2_PLACEMENT_3D('',#14371,#14372,#14373);
#14371 = CARTESIAN_POINT('',(-0.55,0.45,1.));
#14372 = DIRECTION('',(0.,1.,0.));
#14373 = DIRECTION('',(1.,0.,0.));
#14374 = ADVANCED_FACE('',(#14375),#14387,.T.);
#14375 = FACE_BOUND('',#14376,.T.);
#14376 = EDGE_LOOP('',(#14377,#14378,#14379,#14386));
#14377 = ORIENTED_EDGE('',*,*,#14346,.T.);
#14378 = ORIENTED_EDGE('',*,*,#14101,.F.);
#14379 = ORIENTED_EDGE('',*,*,#14380,.F.);
#14380 = EDGE_CURVE('',#14188,#14094,#14381,.T.);
#14381 = CIRCLE('',#14382,1.E-01);
#14382 = AXIS2_PLACEMENT_3D('',#14383,#14384,#14385);
#14383 = CARTESIAN_POINT('',(0.55,0.45,1.));
#14384 = DIRECTION('',(-1.084202172486E-15,1.,0.));
#14385 = DIRECTION('',(-1.,-1.084202172486E-15,0.));
#14386 = ORIENTED_EDGE('',*,*,#14185,.F.);
#14387 = CYLINDRICAL_SURFACE('',#14388,0.1);
#14388 = AXIS2_PLACEMENT_3D('',#14389,#14390,#14391);
#14389 = CARTESIAN_POINT('',(0.55,-0.55,1.));
#14390 = DIRECTION('',(2.95691501587E-16,-1.,0.));
#14391 = DIRECTION('',(1.,2.95691501587E-16,0.));
#14392 = ADVANCED_FACE('',(#14393),#14405,.T.);
#14393 = FACE_BOUND('',#14394,.T.);
#14394 = EDGE_LOOP('',(#14395,#14396,#14397,#14404));
#14395 = ORIENTED_EDGE('',*,*,#14363,.T.);
#14396 = ORIENTED_EDGE('',*,*,#14195,.F.);
#14397 = ORIENTED_EDGE('',*,*,#14398,.F.);
#14398 = EDGE_CURVE('',#14157,#14188,#14399,.T.);
#14399 = CIRCLE('',#14400,0.1);
#14400 = AXIS2_PLACEMENT_3D('',#14401,#14402,#14403);
#14401 = CARTESIAN_POINT('',(0.55,0.45,1.));
#14402 = DIRECTION('',(1.,0.,-3.252606517457E-15));
#14403 = DIRECTION('',(-3.252606517457E-15,0.,-1.));
#14404 = ORIENTED_EDGE('',*,*,#14154,.F.);
#14405 = CYLINDRICAL_SURFACE('',#14406,0.1);
#14406 = AXIS2_PLACEMENT_3D('',#14407,#14408,#14409);
#14407 = CARTESIAN_POINT('',(-0.65,0.45,1.));
#14408 = DIRECTION('',(1.,0.,0.));
#14409 = DIRECTION('',(0.,0.,-1.));
#14410 = ADVANCED_FACE('',(#14411),#14422,.T.);
#14411 = FACE_BOUND('',#14412,.T.);
#14412 = EDGE_LOOP('',(#14413,#14414,#14415));
#14413 = ORIENTED_EDGE('',*,*,#14398,.T.);
#14414 = ORIENTED_EDGE('',*,*,#14380,.T.);
#14415 = ORIENTED_EDGE('',*,*,#14416,.F.);
#14416 = EDGE_CURVE('',#14157,#14094,#14417,.T.);
#14417 = CIRCLE('',#14418,0.1);
#14418 = AXIS2_PLACEMENT_3D('',#14419,#14420,#14421);
#14419 = CARTESIAN_POINT('',(0.55,0.45,1.));
#14420 = DIRECTION('',(0.,0.,-1.));
#14421 = DIRECTION('',(1.,1.626303258728E-15,0.));
#14422 = SPHERICAL_SURFACE('',#14423,0.1);
#14423 = AXIS2_PLACEMENT_3D('',#14424,#14425,#14426);
#14424 = CARTESIAN_POINT('',(0.55,0.45,1.));
#14425 = DIRECTION('',(0.,1.,0.));
#14426 = DIRECTION('',(1.,0.,0.));
#14427 = ADVANCED_FACE('',(#14428),#14436,.T.);
#14428 = FACE_BOUND('',#14429,.T.);
#14429 = EDGE_LOOP('',(#14430,#14431,#14432,#14433,#14434,#14435));
#14430 = ORIENTED_EDGE('',*,*,#14416,.T.);
#14431 = ORIENTED_EDGE('',*,*,#14093,.F.);
#14432 = ORIENTED_EDGE('',*,*,#13190,.F.);
#14433 = ORIENTED_EDGE('',*,*,#13838,.F.);
#14434 = ORIENTED_EDGE('',*,*,#13636,.F.);
#14435 = ORIENTED_EDGE('',*,*,#14164,.F.);
#14436 = CYLINDRICAL_SURFACE('',#14437,1.E-01);
#14437 = AXIS2_PLACEMENT_3D('',#14438,#14439,#14440);
#14438 = CARTESIAN_POINT('',(0.55,0.45,1.1));
#14439 = DIRECTION('',(0.,0.,-1.));
#14440 = DIRECTION('',(-1.,0.,0.));
#14441 = ADVANCED_FACE('',(#14442),#14467,.F.);
#14442 = FACE_BOUND('',#14443,.T.);
#14443 = EDGE_LOOP('',(#14444,#14445,#14453,#14461));
#14444 = ORIENTED_EDGE('',*,*,#13687,.T.);
#14445 = ORIENTED_EDGE('',*,*,#14446,.F.);
#14446 = EDGE_CURVE('',#14447,#13678,#14449,.T.);
#14447 = VERTEX_POINT('',#14448);
#14448 = CARTESIAN_POINT('',(-0.99,0.51,0.501));
#14449 = LINE('',#14450,#14451);
#14450 = CARTESIAN_POINT('',(-0.99,0.51,0.501));
#14451 = VECTOR('',#14452,1.);
#14452 = DIRECTION('',(-0.,-0.,-1.));
#14453 = ORIENTED_EDGE('',*,*,#14454,.F.);
#14454 = EDGE_CURVE('',#14455,#14447,#14457,.T.);
#14455 = VERTEX_POINT('',#14456);
#14456 = CARTESIAN_POINT('',(-0.99,0.615,0.501));
#14457 = LINE('',#14458,#14459);
#14458 = CARTESIAN_POINT('',(-0.99,0.615,0.501));
#14459 = VECTOR('',#14460,1.);
#14460 = DIRECTION('',(0.,-1.,0.));
#14461 = ORIENTED_EDGE('',*,*,#14462,.T.);
#14462 = EDGE_CURVE('',#14455,#13688,#14463,.T.);
#14463 = LINE('',#14464,#14465);
#14464 = CARTESIAN_POINT('',(-0.99,0.615,0.501));
#14465 = VECTOR('',#14466,1.);
#14466 = DIRECTION('',(-0.,-0.,-1.));
#14467 = PLANE('',#14468);
#14468 = AXIS2_PLACEMENT_3D('',#14469,#14470,#14471);
#14469 = CARTESIAN_POINT('',(-0.99,0.615,0.501));
#14470 = DIRECTION('',(1.,0.,-0.));
#14471 = DIRECTION('',(-0.,0.,-1.));
#14472 = ADVANCED_FACE('',(#14473),#14491,.F.);
#14473 = FACE_BOUND('',#14474,.T.);
#14474 = EDGE_LOOP('',(#14475,#14476,#14484,#14490));
#14475 = ORIENTED_EDGE('',*,*,#13677,.T.);
#14476 = ORIENTED_EDGE('',*,*,#14477,.F.);
#14477 = EDGE_CURVE('',#14478,#13680,#14480,.T.);
#14478 = VERTEX_POINT('',#14479);
#14479 = CARTESIAN_POINT('',(-0.71,0.51,0.501));
#14480 = LINE('',#14481,#14482);
#14481 = CARTESIAN_POINT('',(-0.71,0.51,0.501));
#14482 = VECTOR('',#14483,1.);
#14483 = DIRECTION('',(-0.,-0.,-1.));
#14484 = ORIENTED_EDGE('',*,*,#14485,.F.);
#14485 = EDGE_CURVE('',#14447,#14478,#14486,.T.);
#14486 = LINE('',#14487,#14488);
#14487 = CARTESIAN_POINT('',(-0.99,0.51,0.501));
#14488 = VECTOR('',#14489,1.);
#14489 = DIRECTION('',(1.,0.,0.));
#14490 = ORIENTED_EDGE('',*,*,#14446,.T.);
#14491 = PLANE('',#14492);
#14492 = AXIS2_PLACEMENT_3D('',#14493,#14494,#14495);
#14493 = CARTESIAN_POINT('',(-0.99,0.51,0.501));
#14494 = DIRECTION('',(0.,1.,0.));
#14495 = DIRECTION('',(0.,-0.,1.));
#14496 = ADVANCED_FACE('',(#14497),#14515,.F.);
#14497 = FACE_BOUND('',#14498,.T.);
#14498 = EDGE_LOOP('',(#14499,#14500,#14508,#14514));
#14499 = ORIENTED_EDGE('',*,*,#13703,.T.);
#14500 = ORIENTED_EDGE('',*,*,#14501,.F.);
#14501 = EDGE_CURVE('',#14502,#13696,#14504,.T.);
#14502 = VERTEX_POINT('',#14503);
#14503 = CARTESIAN_POINT('',(-0.71,0.615,0.501));
#14504 = LINE('',#14505,#14506);
#14505 = CARTESIAN_POINT('',(-0.71,0.615,0.501));
#14506 = VECTOR('',#14507,1.);
#14507 = DIRECTION('',(-0.,-0.,-1.));
#14508 = ORIENTED_EDGE('',*,*,#14509,.F.);
#14509 = EDGE_CURVE('',#14478,#14502,#14510,.T.);
#14510 = LINE('',#14511,#14512);
#14511 = CARTESIAN_POINT('',(-0.71,0.615,0.501));
#14512 = VECTOR('',#14513,1.);
#14513 = DIRECTION('',(-0.,1.,-0.));
#14514 = ORIENTED_EDGE('',*,*,#14477,.T.);
#14515 = PLANE('',#14516);
#14516 = AXIS2_PLACEMENT_3D('',#14517,#14518,#14519);
#14517 = CARTESIAN_POINT('',(-0.71,0.615,0.501));
#14518 = DIRECTION('',(-1.,0.,0.));
#14519 = DIRECTION('',(0.,0.,1.));
#14520 = ADVANCED_FACE('',(#14521),#14532,.F.);
#14521 = FACE_BOUND('',#14522,.T.);
#14522 = EDGE_LOOP('',(#14523,#14524,#14525,#14531));
#14523 = ORIENTED_EDGE('',*,*,#13695,.T.);
#14524 = ORIENTED_EDGE('',*,*,#14462,.F.);
#14525 = ORIENTED_EDGE('',*,*,#14526,.F.);
#14526 = EDGE_CURVE('',#14502,#14455,#14527,.T.);
#14527 = LINE('',#14528,#14529);
#14528 = CARTESIAN_POINT('',(-0.99,0.615,0.501));
#14529 = VECTOR('',#14530,1.);
#14530 = DIRECTION('',(-1.,-0.,-0.));
#14531 = ORIENTED_EDGE('',*,*,#14501,.T.);
#14532 = PLANE('',#14533);
#14533 = AXIS2_PLACEMENT_3D('',#14534,#14535,#14536);
#14534 = CARTESIAN_POINT('',(-0.99,0.615,0.501));
#14535 = DIRECTION('',(0.,-1.,0.));
#14536 = DIRECTION('',(0.,-0.,-1.));
#14537 = ADVANCED_FACE('',(#14538),#14544,.T.);
#14538 = FACE_BOUND('',#14539,.T.);
#14539 = EDGE_LOOP('',(#14540,#14541,#14542,#14543));
#14540 = ORIENTED_EDGE('',*,*,#14454,.T.);
#14541 = ORIENTED_EDGE('',*,*,#14485,.T.);
#14542 = ORIENTED_EDGE('',*,*,#14509,.T.);
#14543 = ORIENTED_EDGE('',*,*,#14526,.T.);
#14544 = PLANE('',#14545);
#14545 = AXIS2_PLACEMENT_3D('',#14546,#14547,#14548);
#14546 = CARTESIAN_POINT('',(-0.99,0.51,0.501));
#14547 = DIRECTION('',(-0.,0.,1.));
#14548 = DIRECTION('',(1.,0.,0.));
#14549 = ADVANCED_FACE('',(#14550),#14575,.F.);
#14550 = FACE_BOUND('',#14551,.T.);
#14551 = EDGE_LOOP('',(#14552,#14553,#14561,#14569));
#14552 = ORIENTED_EDGE('',*,*,#13579,.T.);
#14553 = ORIENTED_EDGE('',*,*,#14554,.F.);
#14554 = EDGE_CURVE('',#14555,#13570,#14557,.T.);
#14555 = VERTEX_POINT('',#14556);
#14556 = CARTESIAN_POINT('',(-0.99,-0.615,0.501));
#14557 = LINE('',#14558,#14559);
#14558 = CARTESIAN_POINT('',(-0.99,-0.615,0.501));
#14559 = VECTOR('',#14560,1.);
#14560 = DIRECTION('',(-0.,-0.,-1.));
#14561 = ORIENTED_EDGE('',*,*,#14562,.F.);
#14562 = EDGE_CURVE('',#14563,#14555,#14565,.T.);
#14563 = VERTEX_POINT('',#14564);
#14564 = CARTESIAN_POINT('',(-0.99,-0.51,0.501));
#14565 = LINE('',#14566,#14567);
#14566 = CARTESIAN_POINT('',(-0.99,-0.51,0.501));
#14567 = VECTOR('',#14568,1.);
#14568 = DIRECTION('',(0.,-1.,0.));
#14569 = ORIENTED_EDGE('',*,*,#14570,.T.);
#14570 = EDGE_CURVE('',#14563,#13580,#14571,.T.);
#14571 = LINE('',#14572,#14573);
#14572 = CARTESIAN_POINT('',(-0.99,-0.51,0.501));
#14573 = VECTOR('',#14574,1.);
#14574 = DIRECTION('',(-0.,-0.,-1.));
#14575 = PLANE('',#14576);
#14576 = AXIS2_PLACEMENT_3D('',#14577,#14578,#14579);
#14577 = CARTESIAN_POINT('',(-0.99,-0.51,0.501));
#14578 = DIRECTION('',(1.,0.,-0.));
#14579 = DIRECTION('',(-0.,0.,-1.));
#14580 = ADVANCED_FACE('',(#14581),#14599,.F.);
#14581 = FACE_BOUND('',#14582,.T.);
#14582 = EDGE_LOOP('',(#14583,#14584,#14592,#14598));
#14583 = ORIENTED_EDGE('',*,*,#13569,.T.);
#14584 = ORIENTED_EDGE('',*,*,#14585,.F.);
#14585 = EDGE_CURVE('',#14586,#13572,#14588,.T.);
#14586 = VERTEX_POINT('',#14587);
#14587 = CARTESIAN_POINT('',(-0.71,-0.615,0.501));
#14588 = LINE('',#14589,#14590);
#14589 = CARTESIAN_POINT('',(-0.71,-0.615,0.501));
#14590 = VECTOR('',#14591,1.);
#14591 = DIRECTION('',(-0.,-0.,-1.));
#14592 = ORIENTED_EDGE('',*,*,#14593,.F.);
#14593 = EDGE_CURVE('',#14555,#14586,#14594,.T.);
#14594 = LINE('',#14595,#14596);
#14595 = CARTESIAN_POINT('',(-0.99,-0.615,0.501));
#14596 = VECTOR('',#14597,1.);
#14597 = DIRECTION('',(1.,0.,0.));
#14598 = ORIENTED_EDGE('',*,*,#14554,.T.);
#14599 = PLANE('',#14600);
#14600 = AXIS2_PLACEMENT_3D('',#14601,#14602,#14603);
#14601 = CARTESIAN_POINT('',(-0.99,-0.615,0.501));
#14602 = DIRECTION('',(0.,1.,0.));
#14603 = DIRECTION('',(0.,-0.,1.));
#14604 = ADVANCED_FACE('',(#14605),#14623,.F.);
#14605 = FACE_BOUND('',#14606,.T.);
#14606 = EDGE_LOOP('',(#14607,#14608,#14616,#14622));
#14607 = ORIENTED_EDGE('',*,*,#13595,.T.);
#14608 = ORIENTED_EDGE('',*,*,#14609,.F.);
#14609 = EDGE_CURVE('',#14610,#13588,#14612,.T.);
#14610 = VERTEX_POINT('',#14611);
#14611 = CARTESIAN_POINT('',(-0.71,-0.51,0.501));
#14612 = LINE('',#14613,#14614);
#14613 = CARTESIAN_POINT('',(-0.71,-0.51,0.501));
#14614 = VECTOR('',#14615,1.);
#14615 = DIRECTION('',(-0.,-0.,-1.));
#14616 = ORIENTED_EDGE('',*,*,#14617,.F.);
#14617 = EDGE_CURVE('',#14586,#14610,#14618,.T.);
#14618 = LINE('',#14619,#14620);
#14619 = CARTESIAN_POINT('',(-0.71,-0.51,0.501));
#14620 = VECTOR('',#14621,1.);
#14621 = DIRECTION('',(-0.,1.,-0.));
#14622 = ORIENTED_EDGE('',*,*,#14585,.T.);
#14623 = PLANE('',#14624);
#14624 = AXIS2_PLACEMENT_3D('',#14625,#14626,#14627);
#14625 = CARTESIAN_POINT('',(-0.71,-0.51,0.501));
#14626 = DIRECTION('',(-1.,0.,0.));
#14627 = DIRECTION('',(0.,0.,1.));
#14628 = ADVANCED_FACE('',(#14629),#14640,.F.);
#14629 = FACE_BOUND('',#14630,.T.);
#14630 = EDGE_LOOP('',(#14631,#14632,#14633,#14639));
#14631 = ORIENTED_EDGE('',*,*,#13587,.T.);
#14632 = ORIENTED_EDGE('',*,*,#14570,.F.);
#14633 = ORIENTED_EDGE('',*,*,#14634,.F.);
#14634 = EDGE_CURVE('',#14610,#14563,#14635,.T.);
#14635 = LINE('',#14636,#14637);
#14636 = CARTESIAN_POINT('',(-0.99,-0.51,0.501));
#14637 = VECTOR('',#14638,1.);
#14638 = DIRECTION('',(-1.,-0.,-0.));
#14639 = ORIENTED_EDGE('',*,*,#14609,.T.);
#14640 = PLANE('',#14641);
#14641 = AXIS2_PLACEMENT_3D('',#14642,#14643,#14644);
#14642 = CARTESIAN_POINT('',(-0.99,-0.51,0.501));
#14643 = DIRECTION('',(0.,-1.,0.));
#14644 = DIRECTION('',(0.,-0.,-1.));
#14645 = ADVANCED_FACE('',(#14646),#14652,.T.);
#14646 = FACE_BOUND('',#14647,.T.);
#14647 = EDGE_LOOP('',(#14648,#14649,#14650,#14651));
#14648 = ORIENTED_EDGE('',*,*,#14562,.T.);
#14649 = ORIENTED_EDGE('',*,*,#14593,.T.);
#14650 = ORIENTED_EDGE('',*,*,#14617,.T.);
#14651 = ORIENTED_EDGE('',*,*,#14634,.T.);
#14652 = PLANE('',#14653);
#14653 = AXIS2_PLACEMENT_3D('',#14654,#14655,#14656);
#14654 = CARTESIAN_POINT('',(-0.99,-0.615,0.501));
#14655 = DIRECTION('',(-0.,0.,1.));
#14656 = DIRECTION('',(1.,0.,0.));
#14657 = ADVANCED_FACE('',(#14658),#14664,.F.);
#14658 = FACE_BOUND('',#14659,.F.);
#14659 = EDGE_LOOP('',(#14660,#14661,#14662,#14663));
#14660 = ORIENTED_EDGE('',*,*,#13462,.F.);
#14661 = ORIENTED_EDGE('',*,*,#13431,.F.);
#14662 = ORIENTED_EDGE('',*,*,#13335,.T.);
#14663 = ORIENTED_EDGE('',*,*,#13400,.F.);
#14664 = CYLINDRICAL_SURFACE('',#14665,0.2);
#14665 = AXIS2_PLACEMENT_3D('',#14666,#14667,#14668);
#14666 = CARTESIAN_POINT('',(-1.,0.,0.52));
#14667 = DIRECTION('',(0.,0.,-1.));
#14668 = DIRECTION('',(-1.,0.,0.));
#14669 = ADVANCED_FACE('',(#14670),#14676,.F.);
#14670 = FACE_BOUND('',#14671,.F.);
#14671 = EDGE_LOOP('',(#14672,#14673,#14674,#14675));
#14672 = ORIENTED_EDGE('',*,*,#13286,.T.);
#14673 = ORIENTED_EDGE('',*,*,#13254,.F.);
#14674 = ORIENTED_EDGE('',*,*,#13166,.T.);
#14675 = ORIENTED_EDGE('',*,*,#13133,.T.);
#14676 = CYLINDRICAL_SURFACE('',#14677,0.2);
#14677 = AXIS2_PLACEMENT_3D('',#14678,#14679,#14680);
#14678 = CARTESIAN_POINT('',(1.,0.,0.52));
#14679 = DIRECTION('',(0.,0.,-1.));
#14680 = DIRECTION('',(-1.,0.,0.));
#14681 = ( GEOMETRIC_REPRESENTATION_CONTEXT(3) 
GLOBAL_UNCERTAINTY_ASSIGNED_CONTEXT((#14685)) 
GLOBAL_UNIT_ASSIGNED_CONTEXT((#14682,#14683,#14684)) 
REPRESENTATION_CONTEXT('Context #1',
  '3D Context with UNIT and UNCERTAINTY') );
#14682 = ( LENGTH_UNIT() NAMED_UNIT(*) SI_UNIT(.MILLI.,.METRE.) );
#14683 = ( NAMED_UNIT(*) PLANE_ANGLE_UNIT() SI_UNIT($,.RADIAN.) );
#14684 = ( NAMED_UNIT(*) SI_UNIT($,.STERADIAN.) SOLID_ANGLE_UNIT() );
#14685 = UNCERTAINTY_MEASURE_WITH_UNIT(LENGTH_MEASURE(1.E-07),#14682,
  'distance_accuracy_value','confusion accuracy');
#14686 = SHAPE_DEFINITION_REPRESENTATION(#14687,#13107);
#14687 = PRODUCT_DEFINITION_SHAPE('','',#14688);
#14688 = PRODUCT_DEFINITION('design','',#14689,#14692);
#14689 = PRODUCT_DEFINITION_FORMATION('','',#14690);
#14690 = PRODUCT('User Library-led_0805-orange',
  'User Library-led_0805-orange','',(#14691));
#14691 = PRODUCT_CONTEXT('',#2,'mechanical');
#14692 = PRODUCT_DEFINITION_CONTEXT('part definition',#2,'design');
#14693 = CONTEXT_DEPENDENT_SHAPE_REPRESENTATION(#14694,#14696);
#14694 = ( REPRESENTATION_RELATIONSHIP('','',#13107,#13097) 
REPRESENTATION_RELATIONSHIP_WITH_TRANSFORMATION(#14695) 
SHAPE_REPRESENTATION_RELATIONSHIP() );
#14695 = ITEM_DEFINED_TRANSFORMATION('','',#11,#13098);
#14696 = PRODUCT_DEFINITION_SHAPE('Placement','Placement of an item',
  #14697);
#14697 = NEXT_ASSEMBLY_USAGE_OCCURRENCE('32','','',#13092,#14688,$);
#14698 = PRODUCT_RELATED_PRODUCT_CATEGORY('part',$,(#14690));
#14699 = CONTEXT_DEPENDENT_SHAPE_REPRESENTATION(#14700,#14702);
#14700 = ( REPRESENTATION_RELATIONSHIP('','',#13097,#10) 
REPRESENTATION_RELATIONSHIP_WITH_TRANSFORMATION(#14701) 
SHAPE_REPRESENTATION_RELATIONSHIP() );
#14701 = ITEM_DEFINED_TRANSFORMATION('','',#11,#63);
#14702 = PRODUCT_DEFINITION_SHAPE('Placement','Placement of an item',
  #14703);
#14703 = NEXT_ASSEMBLY_USAGE_OCCURRENCE('33','','',#5,#13092,$);
#14704 = PRODUCT_RELATED_PRODUCT_CATEGORY('part',$,(#13094));
#14705 = MECHANICAL_DESIGN_GEOMETRIC_PRESENTATION_REPRESENTATION('',(
    #14706,#14714,#14722,#14729,#14736,#14743,#14750,#14757,#14764,
    #14771,#14778,#14786,#14793,#14800,#14807,#14814,#14821,#14828,
    #14835,#14842,#14849,#14856,#14863,#14870,#14877,#14884,#14892,
    #14899,#14906,#14913,#14920,#14927,#14934,#14941,#14948,#14955,
    #14962,#14969,#14976,#14983,#14990,#14997,#15004,#15012,#15019,
    #15026,#15033,#15040,#15047,#15054,#15061,#15068,#15075,#15082),
  #14681);
#14706 = STYLED_ITEM('color',(#14707),#13108);
#14707 = PRESENTATION_STYLE_ASSIGNMENT((#14708));
#14708 = SURFACE_STYLE_USAGE(.BOTH.,#14709);
#14709 = SURFACE_SIDE_STYLE('',(#14710));
#14710 = SURFACE_STYLE_FILL_AREA(#14711);
#14711 = FILL_AREA_STYLE('',(#14712));
#14712 = FILL_AREA_STYLE_COLOUR('',#14713);
#14713 = COLOUR_RGB('',0.796078417252,0.823529417451,0.937254901616);
#14714 = OVER_RIDING_STYLED_ITEM('overriding color',(#14715),#13110,
  #14706);
#14715 = PRESENTATION_STYLE_ASSIGNMENT((#14716));
#14716 = SURFACE_STYLE_USAGE(.BOTH.,#14717);
#14717 = SURFACE_SIDE_STYLE('',(#14718));
#14718 = SURFACE_STYLE_FILL_AREA(#14719);
#14719 = FILL_AREA_STYLE('',(#14720));
#14720 = FILL_AREA_STYLE_COLOUR('',#14721);
#14721 = COLOUR_RGB('',0.980392145089,0.980392145089,0.501960785193);
#14722 = OVER_RIDING_STYLED_ITEM('overriding color',(#14723),#13152,
  #14706);
#14723 = PRESENTATION_STYLE_ASSIGNMENT((#14724));
#14724 = SURFACE_STYLE_USAGE(.BOTH.,#14725);
#14725 = SURFACE_SIDE_STYLE('',(#14726));
#14726 = SURFACE_STYLE_FILL_AREA(#14727);
#14727 = FILL_AREA_STYLE('',(#14728));
#14728 = FILL_AREA_STYLE_COLOUR('',#14721);
#14729 = OVER_RIDING_STYLED_ITEM('overriding color',(#14730),#13226,
  #14706);
#14730 = PRESENTATION_STYLE_ASSIGNMENT((#14731));
#14731 = SURFACE_STYLE_USAGE(.BOTH.,#14732);
#14732 = SURFACE_SIDE_STYLE('',(#14733));
#14733 = SURFACE_STYLE_FILL_AREA(#14734);
#14734 = FILL_AREA_STYLE('',(#14735));
#14735 = FILL_AREA_STYLE_COLOUR('',#14721);
#14736 = OVER_RIDING_STYLED_ITEM('overriding color',(#14737),#13250,
  #14706);
#14737 = PRESENTATION_STYLE_ASSIGNMENT((#14738));
#14738 = SURFACE_STYLE_USAGE(.BOTH.,#14739);
#14739 = SURFACE_SIDE_STYLE('',(#14740));
#14740 = SURFACE_STYLE_FILL_AREA(#14741);
#14741 = FILL_AREA_STYLE('',(#14742));
#14742 = FILL_AREA_STYLE_COLOUR('',#14721);
#14743 = OVER_RIDING_STYLED_ITEM('overriding color',(#14744),#13281,
  #14706);
#14744 = PRESENTATION_STYLE_ASSIGNMENT((#14745));
#14745 = SURFACE_STYLE_USAGE(.BOTH.,#14746);
#14746 = SURFACE_SIDE_STYLE('',(#14747));
#14747 = SURFACE_STYLE_FILL_AREA(#14748);
#14748 = FILL_AREA_STYLE('',(#14749));
#14749 = FILL_AREA_STYLE_COLOUR('',#14721);
#14750 = OVER_RIDING_STYLED_ITEM('overriding color',(#14751),#13321,
  #14706);
#14751 = PRESENTATION_STYLE_ASSIGNMENT((#14752));
#14752 = SURFACE_STYLE_USAGE(.BOTH.,#14753);
#14753 = SURFACE_SIDE_STYLE('',(#14754));
#14754 = SURFACE_STYLE_FILL_AREA(#14755);
#14755 = FILL_AREA_STYLE('',(#14756));
#14756 = FILL_AREA_STYLE_COLOUR('',#14721);
#14757 = OVER_RIDING_STYLED_ITEM('overriding color',(#14758),#13396,
  #14706);
#14758 = PRESENTATION_STYLE_ASSIGNMENT((#14759));
#14759 = SURFACE_STYLE_USAGE(.BOTH.,#14760);
#14760 = SURFACE_SIDE_STYLE('',(#14761));
#14761 = SURFACE_STYLE_FILL_AREA(#14762);
#14762 = FILL_AREA_STYLE('',(#14763));
#14763 = FILL_AREA_STYLE_COLOUR('',#14721);
#14764 = OVER_RIDING_STYLED_ITEM('overriding color',(#14765),#13427,
  #14706);
#14765 = PRESENTATION_STYLE_ASSIGNMENT((#14766));
#14766 = SURFACE_STYLE_USAGE(.BOTH.,#14767);
#14767 = SURFACE_SIDE_STYLE('',(#14768));
#14768 = SURFACE_STYLE_FILL_AREA(#14769);
#14769 = FILL_AREA_STYLE('',(#14770));
#14770 = FILL_AREA_STYLE_COLOUR('',#14721);
#14771 = OVER_RIDING_STYLED_ITEM('overriding color',(#14772),#13458,
  #14706);
#14772 = PRESENTATION_STYLE_ASSIGNMENT((#14773));
#14773 = SURFACE_STYLE_USAGE(.BOTH.,#14774);
#14774 = SURFACE_SIDE_STYLE('',(#14775));
#14775 = SURFACE_STYLE_FILL_AREA(#14776);
#14776 = FILL_AREA_STYLE('',(#14777));
#14777 = FILL_AREA_STYLE_COLOUR('',#14721);
#14778 = OVER_RIDING_STYLED_ITEM('overriding color',(#14779),#13497,
  #14706);
#14779 = PRESENTATION_STYLE_ASSIGNMENT((#14780));
#14780 = SURFACE_STYLE_USAGE(.BOTH.,#14781);
#14781 = SURFACE_SIDE_STYLE('',(#14782));
#14782 = SURFACE_STYLE_FILL_AREA(#14783);
#14783 = FILL_AREA_STYLE('',(#14784));
#14784 = FILL_AREA_STYLE_COLOUR('',#14785);
#14785 = COLOUR_RGB('',0.352941174961,0.352941174961,0.352941174961);
#14786 = OVER_RIDING_STYLED_ITEM('overriding color',(#14787),#13605,
  #14706);
#14787 = PRESENTATION_STYLE_ASSIGNMENT((#14788));
#14788 = SURFACE_STYLE_USAGE(.BOTH.,#14789);
#14789 = SURFACE_SIDE_STYLE('',(#14790));
#14790 = SURFACE_STYLE_FILL_AREA(#14791);
#14791 = FILL_AREA_STYLE('',(#14792));
#14792 = FILL_AREA_STYLE_COLOUR('',#14785);
#14793 = OVER_RIDING_STYLED_ITEM('overriding color',(#14794),#13713,
  #14706);
#14794 = PRESENTATION_STYLE_ASSIGNMENT((#14795));
#14795 = SURFACE_STYLE_USAGE(.BOTH.,#14796);
#14796 = SURFACE_SIDE_STYLE('',(#14797));
#14797 = SURFACE_STYLE_FILL_AREA(#14798);
#14798 = FILL_AREA_STYLE('',(#14799));
#14799 = FILL_AREA_STYLE_COLOUR('',#14721);
#14800 = OVER_RIDING_STYLED_ITEM('overriding color',(#14801),#13753,
  #14706);
#14801 = PRESENTATION_STYLE_ASSIGNMENT((#14802));
#14802 = SURFACE_STYLE_USAGE(.BOTH.,#14803);
#14803 = SURFACE_SIDE_STYLE('',(#14804));
#14804 = SURFACE_STYLE_FILL_AREA(#14805);
#14805 = FILL_AREA_STYLE('',(#14806));
#14806 = FILL_AREA_STYLE_COLOUR('',#14721);
#14807 = OVER_RIDING_STYLED_ITEM('overriding color',(#14808),#13793,
  #14706);
#14808 = PRESENTATION_STYLE_ASSIGNMENT((#14809));
#14809 = SURFACE_STYLE_USAGE(.BOTH.,#14810);
#14810 = SURFACE_SIDE_STYLE('',(#14811));
#14811 = SURFACE_STYLE_FILL_AREA(#14812);
#14812 = FILL_AREA_STYLE('',(#14813));
#14813 = FILL_AREA_STYLE_COLOUR('',#14721);
#14814 = OVER_RIDING_STYLED_ITEM('overriding color',(#14815),#13833,
  #14706);
#14815 = PRESENTATION_STYLE_ASSIGNMENT((#14816));
#14816 = SURFACE_STYLE_USAGE(.BOTH.,#14817);
#14817 = SURFACE_SIDE_STYLE('',(#14818));
#14818 = SURFACE_STYLE_FILL_AREA(#14819);
#14819 = FILL_AREA_STYLE('',(#14820));
#14820 = FILL_AREA_STYLE_COLOUR('',#14721);
#14821 = OVER_RIDING_STYLED_ITEM('overriding color',(#14822),#13873,
  #14706);
#14822 = PRESENTATION_STYLE_ASSIGNMENT((#14823));
#14823 = SURFACE_STYLE_USAGE(.BOTH.,#14824);
#14824 = SURFACE_SIDE_STYLE('',(#14825));
#14825 = SURFACE_STYLE_FILL_AREA(#14826);
#14826 = FILL_AREA_STYLE('',(#14827));
#14827 = FILL_AREA_STYLE_COLOUR('',#14785);
#14828 = OVER_RIDING_STYLED_ITEM('overriding color',(#14829),#13941,
  #14706);
#14829 = PRESENTATION_STYLE_ASSIGNMENT((#14830));
#14830 = SURFACE_STYLE_USAGE(.BOTH.,#14831);
#14831 = SURFACE_SIDE_STYLE('',(#14832));
#14832 = SURFACE_STYLE_FILL_AREA(#14833);
#14833 = FILL_AREA_STYLE('',(#14834));
#14834 = FILL_AREA_STYLE_COLOUR('',#14785);
#14835 = OVER_RIDING_STYLED_ITEM('overriding color',(#14836),#13958,
  #14706);
#14836 = PRESENTATION_STYLE_ASSIGNMENT((#14837));
#14837 = SURFACE_STYLE_USAGE(.BOTH.,#14838);
#14838 = SURFACE_SIDE_STYLE('',(#14839));
#14839 = SURFACE_STYLE_FILL_AREA(#14840);
#14840 = FILL_AREA_STYLE('',(#14841));
#14841 = FILL_AREA_STYLE_COLOUR('',#14785);
#14842 = OVER_RIDING_STYLED_ITEM('overriding color',(#14843),#13975,
  #14706);
#14843 = PRESENTATION_STYLE_ASSIGNMENT((#14844));
#14844 = SURFACE_STYLE_USAGE(.BOTH.,#14845);
#14845 = SURFACE_SIDE_STYLE('',(#14846));
#14846 = SURFACE_STYLE_FILL_AREA(#14847);
#14847 = FILL_AREA_STYLE('',(#14848));
#14848 = FILL_AREA_STYLE_COLOUR('',#14785);
#14849 = OVER_RIDING_STYLED_ITEM('overriding color',(#14850),#13992,
  #14706);
#14850 = PRESENTATION_STYLE_ASSIGNMENT((#14851));
#14851 = SURFACE_STYLE_USAGE(.BOTH.,#14852);
#14852 = SURFACE_SIDE_STYLE('',(#14853));
#14853 = SURFACE_STYLE_FILL_AREA(#14854);
#14854 = FILL_AREA_STYLE('',(#14855));
#14855 = FILL_AREA_STYLE_COLOUR('',#14785);
#14856 = OVER_RIDING_STYLED_ITEM('overriding color',(#14857),#14009,
  #14706);
#14857 = PRESENTATION_STYLE_ASSIGNMENT((#14858));
#14858 = SURFACE_STYLE_USAGE(.BOTH.,#14859);
#14859 = SURFACE_SIDE_STYLE('',(#14860));
#14860 = SURFACE_STYLE_FILL_AREA(#14861);
#14861 = FILL_AREA_STYLE('',(#14862));
#14862 = FILL_AREA_STYLE_COLOUR('',#14785);
#14863 = OVER_RIDING_STYLED_ITEM('overriding color',(#14864),#14021,
  #14706);
#14864 = PRESENTATION_STYLE_ASSIGNMENT((#14865));
#14865 = SURFACE_STYLE_USAGE(.BOTH.,#14866);
#14866 = SURFACE_SIDE_STYLE('',(#14867));
#14867 = SURFACE_STYLE_FILL_AREA(#14868);
#14868 = FILL_AREA_STYLE('',(#14869));
#14869 = FILL_AREA_STYLE_COLOUR('',#14785);
#14870 = OVER_RIDING_STYLED_ITEM('overriding color',(#14871),#14033,
  #14706);
#14871 = PRESENTATION_STYLE_ASSIGNMENT((#14872));
#14872 = SURFACE_STYLE_USAGE(.BOTH.,#14873);
#14873 = SURFACE_SIDE_STYLE('',(#14874));
#14874 = SURFACE_STYLE_FILL_AREA(#14875);
#14875 = FILL_AREA_STYLE('',(#14876));
#14876 = FILL_AREA_STYLE_COLOUR('',#14721);
#14877 = OVER_RIDING_STYLED_ITEM('overriding color',(#14878),#14045,
  #14706);
#14878 = PRESENTATION_STYLE_ASSIGNMENT((#14879));
#14879 = SURFACE_STYLE_USAGE(.BOTH.,#14880);
#14880 = SURFACE_SIDE_STYLE('',(#14881));
#14881 = SURFACE_STYLE_FILL_AREA(#14882);
#14882 = FILL_AREA_STYLE('',(#14883));
#14883 = FILL_AREA_STYLE_COLOUR('',#14721);
#14884 = OVER_RIDING_STYLED_ITEM('overriding color',(#14885),#14057,
  #14706);
#14885 = PRESENTATION_STYLE_ASSIGNMENT((#14886));
#14886 = SURFACE_STYLE_USAGE(.BOTH.,#14887);
#14887 = SURFACE_SIDE_STYLE('',(#14888));
#14888 = SURFACE_STYLE_FILL_AREA(#14889);
#14889 = FILL_AREA_STYLE('',(#14890));
#14890 = FILL_AREA_STYLE_COLOUR('',#14891);
#14891 = COLOUR_RGB('',0.882352934796,0.517647065977,0.1411764689);
#14892 = OVER_RIDING_STYLED_ITEM('overriding color',(#14893),#14088,
  #14706);
#14893 = PRESENTATION_STYLE_ASSIGNMENT((#14894));
#14894 = SURFACE_STYLE_USAGE(.BOTH.,#14895);
#14895 = SURFACE_SIDE_STYLE('',(#14896));
#14896 = SURFACE_STYLE_FILL_AREA(#14897);
#14897 = FILL_AREA_STYLE('',(#14898));
#14898 = FILL_AREA_STYLE_COLOUR('',#14891);
#14899 = OVER_RIDING_STYLED_ITEM('overriding color',(#14900),#14119,
  #14706);
#14900 = PRESENTATION_STYLE_ASSIGNMENT((#14901));
#14901 = SURFACE_STYLE_USAGE(.BOTH.,#14902);
#14902 = SURFACE_SIDE_STYLE('',(#14903));
#14903 = SURFACE_STYLE_FILL_AREA(#14904);
#14904 = FILL_AREA_STYLE('',(#14905));
#14905 = FILL_AREA_STYLE_COLOUR('',#14891);
#14906 = OVER_RIDING_STYLED_ITEM('overriding color',(#14907),#14150,
  #14706);
#14907 = PRESENTATION_STYLE_ASSIGNMENT((#14908));
#14908 = SURFACE_STYLE_USAGE(.BOTH.,#14909);
#14909 = SURFACE_SIDE_STYLE('',(#14910));
#14910 = SURFACE_STYLE_FILL_AREA(#14911);
#14911 = FILL_AREA_STYLE('',(#14912));
#14912 = FILL_AREA_STYLE_COLOUR('',#14891);
#14913 = OVER_RIDING_STYLED_ITEM('overriding color',(#14914),#14181,
  #14706);
#14914 = PRESENTATION_STYLE_ASSIGNMENT((#14915));
#14915 = SURFACE_STYLE_USAGE(.BOTH.,#14916);
#14916 = SURFACE_SIDE_STYLE('',(#14917));
#14917 = SURFACE_STYLE_FILL_AREA(#14918);
#14918 = FILL_AREA_STYLE('',(#14919));
#14919 = FILL_AREA_STYLE_COLOUR('',#14891);
#14920 = OVER_RIDING_STYLED_ITEM('overriding color',(#14921),#14221,
  #14706);
#14921 = PRESENTATION_STYLE_ASSIGNMENT((#14922));
#14922 = SURFACE_STYLE_USAGE(.BOTH.,#14923);
#14923 = SURFACE_SIDE_STYLE('',(#14924));
#14924 = SURFACE_STYLE_FILL_AREA(#14925);
#14925 = FILL_AREA_STYLE('',(#14926));
#14926 = FILL_AREA_STYLE_COLOUR('',#14891);
#14927 = OVER_RIDING_STYLED_ITEM('overriding color',(#14928),#14241,
  #14706);
#14928 = PRESENTATION_STYLE_ASSIGNMENT((#14929));
#14929 = SURFACE_STYLE_USAGE(.BOTH.,#14930);
#14930 = SURFACE_SIDE_STYLE('',(#14931));
#14931 = SURFACE_STYLE_FILL_AREA(#14932);
#14932 = FILL_AREA_STYLE('',(#14933));
#14933 = FILL_AREA_STYLE_COLOUR('',#14891);
#14934 = OVER_RIDING_STYLED_ITEM('overriding color',(#14935),#14264,
  #14706);
#14935 = PRESENTATION_STYLE_ASSIGNMENT((#14936));
#14936 = SURFACE_STYLE_USAGE(.BOTH.,#14937);
#14937 = SURFACE_SIDE_STYLE('',(#14938));
#14938 = SURFACE_STYLE_FILL_AREA(#14939);
#14939 = FILL_AREA_STYLE('',(#14940));
#14940 = FILL_AREA_STYLE_COLOUR('',#14891);
#14941 = OVER_RIDING_STYLED_ITEM('overriding color',(#14942),#14284,
  #14706);
#14942 = PRESENTATION_STYLE_ASSIGNMENT((#14943));
#14943 = SURFACE_STYLE_USAGE(.BOTH.,#14944);
#14944 = SURFACE_SIDE_STYLE('',(#14945));
#14945 = SURFACE_STYLE_FILL_AREA(#14946);
#14946 = FILL_AREA_STYLE('',(#14947));
#14947 = FILL_AREA_STYLE_COLOUR('',#14891);
#14948 = OVER_RIDING_STYLED_ITEM('overriding color',(#14949),#14302,
  #14706);
#14949 = PRESENTATION_STYLE_ASSIGNMENT((#14950));
#14950 = SURFACE_STYLE_USAGE(.BOTH.,#14951);
#14951 = SURFACE_SIDE_STYLE('',(#14952));
#14952 = SURFACE_STYLE_FILL_AREA(#14953);
#14953 = FILL_AREA_STYLE('',(#14954));
#14954 = FILL_AREA_STYLE_COLOUR('',#14891);
#14955 = OVER_RIDING_STYLED_ITEM('overriding color',(#14956),#14320,
  #14706);
#14956 = PRESENTATION_STYLE_ASSIGNMENT((#14957));
#14957 = SURFACE_STYLE_USAGE(.BOTH.,#14958);
#14958 = SURFACE_SIDE_STYLE('',(#14959));
#14959 = SURFACE_STYLE_FILL_AREA(#14960);
#14960 = FILL_AREA_STYLE('',(#14961));
#14961 = FILL_AREA_STYLE_COLOUR('',#14891);
#14962 = OVER_RIDING_STYLED_ITEM('overriding color',(#14963),#14340,
  #14706);
#14963 = PRESENTATION_STYLE_ASSIGNMENT((#14964));
#14964 = SURFACE_STYLE_USAGE(.BOTH.,#14965);
#14965 = SURFACE_SIDE_STYLE('',(#14966));
#14966 = SURFACE_STYLE_FILL_AREA(#14967);
#14967 = FILL_AREA_STYLE('',(#14968));
#14968 = FILL_AREA_STYLE_COLOUR('',#14891);
#14969 = OVER_RIDING_STYLED_ITEM('overriding color',(#14970),#14357,
  #14706);
#14970 = PRESENTATION_STYLE_ASSIGNMENT((#14971));
#14971 = SURFACE_STYLE_USAGE(.BOTH.,#14972);
#14972 = SURFACE_SIDE_STYLE('',(#14973));
#14973 = SURFACE_STYLE_FILL_AREA(#14974);
#14974 = FILL_AREA_STYLE('',(#14975));
#14975 = FILL_AREA_STYLE_COLOUR('',#14891);
#14976 = OVER_RIDING_STYLED_ITEM('overriding color',(#14977),#14374,
  #14706);
#14977 = PRESENTATION_STYLE_ASSIGNMENT((#14978));
#14978 = SURFACE_STYLE_USAGE(.BOTH.,#14979);
#14979 = SURFACE_SIDE_STYLE('',(#14980));
#14980 = SURFACE_STYLE_FILL_AREA(#14981);
#14981 = FILL_AREA_STYLE('',(#14982));
#14982 = FILL_AREA_STYLE_COLOUR('',#14891);
#14983 = OVER_RIDING_STYLED_ITEM('overriding color',(#14984),#14392,
  #14706);
#14984 = PRESENTATION_STYLE_ASSIGNMENT((#14985));
#14985 = SURFACE_STYLE_USAGE(.BOTH.,#14986);
#14986 = SURFACE_SIDE_STYLE('',(#14987));
#14987 = SURFACE_STYLE_FILL_AREA(#14988);
#14988 = FILL_AREA_STYLE('',(#14989));
#14989 = FILL_AREA_STYLE_COLOUR('',#14891);
#14990 = OVER_RIDING_STYLED_ITEM('overriding color',(#14991),#14410,
  #14706);
#14991 = PRESENTATION_STYLE_ASSIGNMENT((#14992));
#14992 = SURFACE_STYLE_USAGE(.BOTH.,#14993);
#14993 = SURFACE_SIDE_STYLE('',(#14994));
#14994 = SURFACE_STYLE_FILL_AREA(#14995);
#14995 = FILL_AREA_STYLE('',(#14996));
#14996 = FILL_AREA_STYLE_COLOUR('',#14891);
#14997 = OVER_RIDING_STYLED_ITEM('overriding color',(#14998),#14427,
  #14706);
#14998 = PRESENTATION_STYLE_ASSIGNMENT((#14999));
#14999 = SURFACE_STYLE_USAGE(.BOTH.,#15000);
#15000 = SURFACE_SIDE_STYLE('',(#15001));
#15001 = SURFACE_STYLE_FILL_AREA(#15002);
#15002 = FILL_AREA_STYLE('',(#15003));
#15003 = FILL_AREA_STYLE_COLOUR('',#14891);
#15004 = OVER_RIDING_STYLED_ITEM('overriding color',(#15005),#14441,
  #14706);
#15005 = PRESENTATION_STYLE_ASSIGNMENT((#15006));
#15006 = SURFACE_STYLE_USAGE(.BOTH.,#15007);
#15007 = SURFACE_SIDE_STYLE('',(#15008));
#15008 = SURFACE_STYLE_FILL_AREA(#15009);
#15009 = FILL_AREA_STYLE('',(#15010));
#15010 = FILL_AREA_STYLE_COLOUR('',#15011);
#15011 = COLOUR_RGB('',0.,0.501960785193,0.);
#15012 = OVER_RIDING_STYLED_ITEM('overriding color',(#15013),#14472,
  #14706);
#15013 = PRESENTATION_STYLE_ASSIGNMENT((#15014));
#15014 = SURFACE_STYLE_USAGE(.BOTH.,#15015);
#15015 = SURFACE_SIDE_STYLE('',(#15016));
#15016 = SURFACE_STYLE_FILL_AREA(#15017);
#15017 = FILL_AREA_STYLE('',(#15018));
#15018 = FILL_AREA_STYLE_COLOUR('',#15011);
#15019 = OVER_RIDING_STYLED_ITEM('overriding color',(#15020),#14496,
  #14706);
#15020 = PRESENTATION_STYLE_ASSIGNMENT((#15021));
#15021 = SURFACE_STYLE_USAGE(.BOTH.,#15022);
#15022 = SURFACE_SIDE_STYLE('',(#15023));
#15023 = SURFACE_STYLE_FILL_AREA(#15024);
#15024 = FILL_AREA_STYLE('',(#15025));
#15025 = FILL_AREA_STYLE_COLOUR('',#15011);
#15026 = OVER_RIDING_STYLED_ITEM('overriding color',(#15027),#14520,
  #14706);
#15027 = PRESENTATION_STYLE_ASSIGNMENT((#15028));
#15028 = SURFACE_STYLE_USAGE(.BOTH.,#15029);
#15029 = SURFACE_SIDE_STYLE('',(#15030));
#15030 = SURFACE_STYLE_FILL_AREA(#15031);
#15031 = FILL_AREA_STYLE('',(#15032));
#15032 = FILL_AREA_STYLE_COLOUR('',#15011);
#15033 = OVER_RIDING_STYLED_ITEM('overriding color',(#15034),#14537,
  #14706);
#15034 = PRESENTATION_STYLE_ASSIGNMENT((#15035));
#15035 = SURFACE_STYLE_USAGE(.BOTH.,#15036);
#15036 = SURFACE_SIDE_STYLE('',(#15037));
#15037 = SURFACE_STYLE_FILL_AREA(#15038);
#15038 = FILL_AREA_STYLE('',(#15039));
#15039 = FILL_AREA_STYLE_COLOUR('',#15011);
#15040 = OVER_RIDING_STYLED_ITEM('overriding color',(#15041),#14549,
  #14706);
#15041 = PRESENTATION_STYLE_ASSIGNMENT((#15042));
#15042 = SURFACE_STYLE_USAGE(.BOTH.,#15043);
#15043 = SURFACE_SIDE_STYLE('',(#15044));
#15044 = SURFACE_STYLE_FILL_AREA(#15045);
#15045 = FILL_AREA_STYLE('',(#15046));
#15046 = FILL_AREA_STYLE_COLOUR('',#15011);
#15047 = OVER_RIDING_STYLED_ITEM('overriding color',(#15048),#14580,
  #14706);
#15048 = PRESENTATION_STYLE_ASSIGNMENT((#15049));
#15049 = SURFACE_STYLE_USAGE(.BOTH.,#15050);
#15050 = SURFACE_SIDE_STYLE('',(#15051));
#15051 = SURFACE_STYLE_FILL_AREA(#15052);
#15052 = FILL_AREA_STYLE('',(#15053));
#15053 = FILL_AREA_STYLE_COLOUR('',#15011);
#15054 = OVER_RIDING_STYLED_ITEM('overriding color',(#15055),#14604,
  #14706);
#15055 = PRESENTATION_STYLE_ASSIGNMENT((#15056));
#15056 = SURFACE_STYLE_USAGE(.BOTH.,#15057);
#15057 = SURFACE_SIDE_STYLE('',(#15058));
#15058 = SURFACE_STYLE_FILL_AREA(#15059);
#15059 = FILL_AREA_STYLE('',(#15060));
#15060 = FILL_AREA_STYLE_COLOUR('',#15011);
#15061 = OVER_RIDING_STYLED_ITEM('overriding color',(#15062),#14628,
  #14706);
#15062 = PRESENTATION_STYLE_ASSIGNMENT((#15063));
#15063 = SURFACE_STYLE_USAGE(.BOTH.,#15064);
#15064 = SURFACE_SIDE_STYLE('',(#15065));
#15065 = SURFACE_STYLE_FILL_AREA(#15066);
#15066 = FILL_AREA_STYLE('',(#15067));
#15067 = FILL_AREA_STYLE_COLOUR('',#15011);
#15068 = OVER_RIDING_STYLED_ITEM('overriding color',(#15069),#14645,
  #14706);
#15069 = PRESENTATION_STYLE_ASSIGNMENT((#15070));
#15070 = SURFACE_STYLE_USAGE(.BOTH.,#15071);
#15071 = SURFACE_SIDE_STYLE('',(#15072));
#15072 = SURFACE_STYLE_FILL_AREA(#15073);
#15073 = FILL_AREA_STYLE('',(#15074));
#15074 = FILL_AREA_STYLE_COLOUR('',#15011);
#15075 = OVER_RIDING_STYLED_ITEM('overriding color',(#15076),#14657,
  #14706);
#15076 = PRESENTATION_STYLE_ASSIGNMENT((#15077));
#15077 = SURFACE_STYLE_USAGE(.BOTH.,#15078);
#15078 = SURFACE_SIDE_STYLE('',(#15079));
#15079 = SURFACE_STYLE_FILL_AREA(#15080);
#15080 = FILL_AREA_STYLE('',(#15081));
#15081 = FILL_AREA_STYLE_COLOUR('',#14721);
#15082 = OVER_RIDING_STYLED_ITEM('overriding color',(#15083),#14669,
  #14706);
#15083 = PRESENTATION_STYLE_ASSIGNMENT((#15084));
#15084 = SURFACE_STYLE_USAGE(.BOTH.,#15085);
#15085 = SURFACE_SIDE_STYLE('',(#15086));
#15086 = SURFACE_STYLE_FILL_AREA(#15087);
#15087 = FILL_AREA_STYLE('',(#15088));
#15088 = FILL_AREA_STYLE_COLOUR('',#14721);
#15089 = MECHANICAL_DESIGN_GEOMETRIC_PRESENTATION_REPRESENTATION('',(
    #15090,#15097),#12335);
#15090 = STYLED_ITEM('color',(#15091),#11427);
#15091 = PRESENTATION_STYLE_ASSIGNMENT((#15092));
#15092 = SURFACE_STYLE_USAGE(.BOTH.,#15093);
#15093 = SURFACE_SIDE_STYLE('',(#15094));
#15094 = SURFACE_STYLE_FILL_AREA(#15095);
#15095 = FILL_AREA_STYLE('',(#15096));
#15096 = FILL_AREA_STYLE_COLOUR('',#14713);
#15097 = STYLED_ITEM('color',(#15098),#11680);
#15098 = PRESENTATION_STYLE_ASSIGNMENT((#15099));
#15099 = SURFACE_STYLE_USAGE(.BOTH.,#15100);
#15100 = SURFACE_SIDE_STYLE('',(#15101));
#15101 = SURFACE_STYLE_FILL_AREA(#15102);
#15102 = FILL_AREA_STYLE('',(#15103));
#15103 = FILL_AREA_STYLE_COLOUR('',#14713);
#15104 = MECHANICAL_DESIGN_GEOMETRIC_PRESENTATION_REPRESENTATION('',(
    #15105),#1323);
#15105 = STYLED_ITEM('color',(#15106),#91);
#15106 = PRESENTATION_STYLE_ASSIGNMENT((#15107,#15112));
#15107 = SURFACE_STYLE_USAGE(.BOTH.,#15108);
#15108 = SURFACE_SIDE_STYLE('',(#15109));
#15109 = SURFACE_STYLE_FILL_AREA(#15110);
#15110 = FILL_AREA_STYLE('',(#15111));
#15111 = FILL_AREA_STYLE_COLOUR('',#15011);
#15112 = CURVE_STYLE('',#15113,POSITIVE_LENGTH_MEASURE(0.1),#15011);
#15113 = DRAUGHTING_PRE_DEFINED_CURVE_FONT('continuous');
#15114 = MECHANICAL_DESIGN_GEOMETRIC_PRESENTATION_REPRESENTATION('',(
    #15115,#15123,#15131,#15138,#15146,#15154,#15161,#15168),#2991);
#15115 = STYLED_ITEM('color',(#15116),#1365);
#15116 = PRESENTATION_STYLE_ASSIGNMENT((#15117));
#15117 = SURFACE_STYLE_USAGE(.BOTH.,#15118);
#15118 = SURFACE_SIDE_STYLE('',(#15119));
#15119 = SURFACE_STYLE_FILL_AREA(#15120);
#15120 = FILL_AREA_STYLE('',(#15121));
#15121 = FILL_AREA_STYLE_COLOUR('',#15122);
#15122 = COLOUR_RGB('',0.250980388104,0.250980388104,0.250980388104);
#15123 = STYLED_ITEM('color',(#15124),#1941);
#15124 = PRESENTATION_STYLE_ASSIGNMENT((#15125));
#15125 = SURFACE_STYLE_USAGE(.BOTH.,#15126);
#15126 = SURFACE_SIDE_STYLE('',(#15127));
#15127 = SURFACE_STYLE_FILL_AREA(#15128);
#15128 = FILL_AREA_STYLE('',(#15129));
#15129 = FILL_AREA_STYLE_COLOUR('',#15130);
#15130 = COLOUR_RGB('',0.501960785193,0.501960785193,0.501960785193);
#15131 = STYLED_ITEM('color',(#15132),#2091);
#15132 = PRESENTATION_STYLE_ASSIGNMENT((#15133));
#15133 = SURFACE_STYLE_USAGE(.BOTH.,#15134);
#15134 = SURFACE_SIDE_STYLE('',(#15135));
#15135 = SURFACE_STYLE_FILL_AREA(#15136);
#15136 = FILL_AREA_STYLE('',(#15137));
#15137 = FILL_AREA_STYLE_COLOUR('',#15130);
#15138 = STYLED_ITEM('color',(#15139),#2241);
#15139 = PRESENTATION_STYLE_ASSIGNMENT((#15140));
#15140 = SURFACE_STYLE_USAGE(.BOTH.,#15141);
#15141 = SURFACE_SIDE_STYLE('',(#15142));
#15142 = SURFACE_STYLE_FILL_AREA(#15143);
#15143 = FILL_AREA_STYLE('',(#15144));
#15144 = FILL_AREA_STYLE_COLOUR('',#15145);
#15145 = DRAUGHTING_PRE_DEFINED_COLOUR('white');
#15146 = STYLED_ITEM('color',(#15147),#2391);
#15147 = PRESENTATION_STYLE_ASSIGNMENT((#15148));
#15148 = SURFACE_STYLE_USAGE(.BOTH.,#15149);
#15149 = SURFACE_SIDE_STYLE('',(#15150));
#15150 = SURFACE_STYLE_FILL_AREA(#15151);
#15151 = FILL_AREA_STYLE('',(#15152));
#15152 = FILL_AREA_STYLE_COLOUR('',#15153);
#15153 = COLOUR_RGB('',0.792156867455,0.819607826924,0.933333342953);
#15154 = STYLED_ITEM('color',(#15155),#2541);
#15155 = PRESENTATION_STYLE_ASSIGNMENT((#15156));
#15156 = SURFACE_STYLE_USAGE(.BOTH.,#15157);
#15157 = SURFACE_SIDE_STYLE('',(#15158));
#15158 = SURFACE_STYLE_FILL_AREA(#15159);
#15159 = FILL_AREA_STYLE('',(#15160));
#15160 = FILL_AREA_STYLE_COLOUR('',#15153);
#15161 = STYLED_ITEM('color',(#15162),#2691);
#15162 = PRESENTATION_STYLE_ASSIGNMENT((#15163));
#15163 = SURFACE_STYLE_USAGE(.BOTH.,#15164);
#15164 = SURFACE_SIDE_STYLE('',(#15165));
#15165 = SURFACE_STYLE_FILL_AREA(#15166);
#15166 = FILL_AREA_STYLE('',(#15167));
#15167 = FILL_AREA_STYLE_COLOUR('',#15153);
#15168 = STYLED_ITEM('color',(#15169),#2841);
#15169 = PRESENTATION_STYLE_ASSIGNMENT((#15170));
#15170 = SURFACE_STYLE_USAGE(.BOTH.,#15171);
#15171 = SURFACE_SIDE_STYLE('',(#15172));
#15172 = SURFACE_STYLE_FILL_AREA(#15173);
#15173 = FILL_AREA_STYLE('',(#15174));
#15174 = FILL_AREA_STYLE_COLOUR('',#15153);
#15175 = MECHANICAL_DESIGN_GEOMETRIC_PRESENTATION_REPRESENTATION('',(
    #15176,#15183,#15190),#11408);
#15176 = STYLED_ITEM('color',(#15177),#3074);
#15177 = PRESENTATION_STYLE_ASSIGNMENT((#15178));
#15178 = SURFACE_STYLE_USAGE(.BOTH.,#15179);
#15179 = SURFACE_SIDE_STYLE('',(#15180));
#15180 = SURFACE_STYLE_FILL_AREA(#15181);
#15181 = FILL_AREA_STYLE('',(#15182));
#15182 = FILL_AREA_STYLE_COLOUR('',#14713);
#15183 = STYLED_ITEM('color',(#15184),#3566);
#15184 = PRESENTATION_STYLE_ASSIGNMENT((#15185));
#15185 = SURFACE_STYLE_USAGE(.BOTH.,#15186);
#15186 = SURFACE_SIDE_STYLE('',(#15187));
#15187 = SURFACE_STYLE_FILL_AREA(#15188);
#15188 = FILL_AREA_STYLE('',(#15189));
#15189 = FILL_AREA_STYLE_COLOUR('',#14713);
#15190 = STYLED_ITEM('color',(#15191),#4058);
#15191 = PRESENTATION_STYLE_ASSIGNMENT((#15192));
#15192 = SURFACE_STYLE_USAGE(.BOTH.,#15193);
#15193 = SURFACE_SIDE_STYLE('',(#15194));
#15194 = SURFACE_STYLE_FILL_AREA(#15195);
#15195 = FILL_AREA_STYLE('',(#15196));
#15196 = FILL_AREA_STYLE_COLOUR('',#15145);
#15197 = MECHANICAL_DESIGN_GEOMETRIC_PRESENTATION_REPRESENTATION('',(
    #15198,#15206,#15214,#15221,#15228),#12898);
#15198 = STYLED_ITEM('color',(#15199),#12464);
#15199 = PRESENTATION_STYLE_ASSIGNMENT((#15200));
#15200 = SURFACE_STYLE_USAGE(.BOTH.,#15201);
#15201 = SURFACE_SIDE_STYLE('',(#15202));
#15202 = SURFACE_STYLE_FILL_AREA(#15203);
#15203 = FILL_AREA_STYLE('',(#15204));
#15204 = FILL_AREA_STYLE_COLOUR('',#15205);
#15205 = COLOUR_RGB('',0.752941164258,0.752941164258,0.752941164258);
#15206 = OVER_RIDING_STYLED_ITEM('overriding color',(#15207),#12648,
  #15198);
#15207 = PRESENTATION_STYLE_ASSIGNMENT((#15208));
#15208 = SURFACE_STYLE_USAGE(.BOTH.,#15209);
#15209 = SURFACE_SIDE_STYLE('',(#15210));
#15210 = SURFACE_STYLE_FILL_AREA(#15211);
#15211 = FILL_AREA_STYLE('',(#15212));
#15212 = FILL_AREA_STYLE_COLOUR('',#15213);
#15213 = COLOUR_RGB('',0.501960785193,0.501960785193,0.);
#15214 = OVER_RIDING_STYLED_ITEM('overriding color',(#15215),#12679,
  #15198);
#15215 = PRESENTATION_STYLE_ASSIGNMENT((#15216));
#15216 = SURFACE_STYLE_USAGE(.BOTH.,#15217);
#15217 = SURFACE_SIDE_STYLE('',(#15218));
#15218 = SURFACE_STYLE_FILL_AREA(#15219);
#15219 = FILL_AREA_STYLE('',(#15220));
#15220 = FILL_AREA_STYLE_COLOUR('',#15213);
#15221 = OVER_RIDING_STYLED_ITEM('overriding color',(#15222),#12710,
  #15198);
#15222 = PRESENTATION_STYLE_ASSIGNMENT((#15223));
#15223 = SURFACE_STYLE_USAGE(.BOTH.,#15224);
#15224 = SURFACE_SIDE_STYLE('',(#15225));
#15225 = SURFACE_STYLE_FILL_AREA(#15226);
#15226 = FILL_AREA_STYLE('',(#15227));
#15227 = FILL_AREA_STYLE_COLOUR('',#15213);
#15228 = OVER_RIDING_STYLED_ITEM('overriding color',(#15229),#12727,
  #15198);
#15229 = PRESENTATION_STYLE_ASSIGNMENT((#15230));
#15230 = SURFACE_STYLE_USAGE(.BOTH.,#15231);
#15231 = SURFACE_SIDE_STYLE('',(#15232));
#15232 = SURFACE_STYLE_FILL_AREA(#15233);
#15233 = FILL_AREA_STYLE('',(#15234));
#15234 = FILL_AREA_STYLE_COLOUR('',#15213);
ENDSEC;
END-ISO-10303-21;
