Added Component: Designator=C?(FP-RAD-TH-D_10_0_5-L_12_5-MFG)
Add component (AddParameter): Name = "Capacitance"; Value = "150uF"; VariantName = "[No Variations]"
Add component (AddParameter): Name = "Case/Package"; Value = "Radial"; VariantName = "[No Variations]"
Add component (AddParameter): Name = "Contact Plating"; Value = "Tin"; VariantName = "[No Variations]"
Add component (AddParameter): Name = "Diameter"; Value = "10mm"; VariantName = "[No Variations]"
Add component (AddParameter): Name = "Dissipation Factor"; Value = "0.1%"; VariantName = "[No Variations]"
Add component (AddParameter): Name = "ESR (Equivalent Series Resistance)"; Value = "42mR"; VariantName = "[No Variations]"
Add component (AddParameter): Name = "Height"; Value = "12.5mm"; VariantName = "[No Variations]"
Add component (AddParameter): Name = "Height - Seated (Max)"; Value = "0.551inch"; VariantName = "[No Variations]"
Add component (AddParameter): Name = "Impedance"; Value = "42mR"; VariantName = "[No Variations]"
Add component (AddParameter): Name = "Lead Diameter"; Value = "0.6mm"; VariantName = "[No Variations]"
Add component (AddParameter): Name = "Lead Free"; Value = "Lead Free"; VariantName = "[No Variations]"
Add component (AddParameter): Name = "Lead Pitch"; Value = "5mm"; VariantName = "[No Variations]"
Add component (AddParameter): Name = "Length"; Value = "12.5mm"; VariantName = "[No Variations]"
Add component (AddParameter): Name = "Life (Hours)"; Value = "4000Hour"; VariantName = "[No Variations]"
Add component (AddParameter): Name = "Max Operating Temperature"; Value = "105°C"; VariantName = "[No Variations]"
Add component (AddParameter): Name = "Min Operating Temperature"; Value = "-40°C"; VariantName = "[No Variations]"
Add component (AddParameter): Name = "Mount"; Value = "Through Hole"; VariantName = "[No Variations]"
Add component (AddParameter): Name = "Package Quantity"; Value = "500"; VariantName = "[No Variations]"
Add component (AddParameter): Name = "Packaging"; Value = "Ammo Pack"; VariantName = "[No Variations]"
Add component (AddParameter): Name = "Polarity"; Value = "Polar"; VariantName = "[No Variations]"
Add component (AddParameter): Name = "Radiation Hardening"; Value = "No"; VariantName = "[No Variations]"
Add component (AddParameter): Name = "Ripple Current"; Value = "1.17A"; VariantName = "[No Variations]"
Add component (AddParameter): Name = "RoHS Compliant"; Value = "Yes"; VariantName = "[No Variations]"
Add component (AddParameter): Name = "Series"; Value = "FM"; VariantName = "[No Variations]"
Add component (AddParameter): Name = "Termination"; Value = "Radial"; VariantName = "[No Variations]"
Add component (AddParameter): Name = "Tolerance"; Value = "20%"; VariantName = "[No Variations]"
Add component (AddParameter): Name = "Voltage Rating"; Value = "50V"; VariantName = "[No Variations]"
Add component (AddParameter): Name = "Voltage Rating (DC)"; Value = "50V"; VariantName = "[No Variations]"
Added Component: Designator=C?(CAPC2013X145X50NL20T20)
Add component (AddParameter): Name = "Manufacturer"; Value = "Vitramon"; VariantName = "[No Variations]"
Add component (AddParameter): Name = "Part Number"; Value = "VJ0805A101GXACW1BC"; VariantName = "[No Variations]"
Added Component: Designator=C?(CAPC2013X145X50NL20T20)
Add component (AddParameter): Name = "Manufacturer"; Value = "Vitramon"; VariantName = "[No Variations]"
Add component (AddParameter): Name = "Part Number"; Value = "VJ0805A101GXACW1BC"; VariantName = "[No Variations]"
Added Component: Designator=C?(FP-RAD-TH-D_10_0_5-L_12_5-MFG)
Add component (AddParameter): Name = "Capacitance"; Value = "150uF"; VariantName = "[No Variations]"
Add component (AddParameter): Name = "Case/Package"; Value = "Radial"; VariantName = "[No Variations]"
Add component (AddParameter): Name = "Contact Plating"; Value = "Tin"; VariantName = "[No Variations]"
Add component (AddParameter): Name = "Diameter"; Value = "10mm"; VariantName = "[No Variations]"
Add component (AddParameter): Name = "Dissipation Factor"; Value = "0.1%"; VariantName = "[No Variations]"
Add component (AddParameter): Name = "ESR (Equivalent Series Resistance)"; Value = "42mR"; VariantName = "[No Variations]"
Add component (AddParameter): Name = "Height"; Value = "12.5mm"; VariantName = "[No Variations]"
Add component (AddParameter): Name = "Height - Seated (Max)"; Value = "0.551inch"; VariantName = "[No Variations]"
Add component (AddParameter): Name = "Impedance"; Value = "42mR"; VariantName = "[No Variations]"
Add component (AddParameter): Name = "Lead Diameter"; Value = "0.6mm"; VariantName = "[No Variations]"
Add component (AddParameter): Name = "Lead Free"; Value = "Lead Free"; VariantName = "[No Variations]"
Add component (AddParameter): Name = "Lead Pitch"; Value = "5mm"; VariantName = "[No Variations]"
Add component (AddParameter): Name = "Length"; Value = "12.5mm"; VariantName = "[No Variations]"
Add component (AddParameter): Name = "Life (Hours)"; Value = "4000Hour"; VariantName = "[No Variations]"
Add component (AddParameter): Name = "Max Operating Temperature"; Value = "105°C"; VariantName = "[No Variations]"
Add component (AddParameter): Name = "Min Operating Temperature"; Value = "-40°C"; VariantName = "[No Variations]"
Add component (AddParameter): Name = "Mount"; Value = "Through Hole"; VariantName = "[No Variations]"
Add component (AddParameter): Name = "Package Quantity"; Value = "500"; VariantName = "[No Variations]"
Add component (AddParameter): Name = "Packaging"; Value = "Ammo Pack"; VariantName = "[No Variations]"
Add component (AddParameter): Name = "Polarity"; Value = "Polar"; VariantName = "[No Variations]"
Add component (AddParameter): Name = "Radiation Hardening"; Value = "No"; VariantName = "[No Variations]"
Add component (AddParameter): Name = "Ripple Current"; Value = "1.17A"; VariantName = "[No Variations]"
Add component (AddParameter): Name = "RoHS Compliant"; Value = "Yes"; VariantName = "[No Variations]"
Add component (AddParameter): Name = "Series"; Value = "FM"; VariantName = "[No Variations]"
Add component (AddParameter): Name = "Termination"; Value = "Radial"; VariantName = "[No Variations]"
Add component (AddParameter): Name = "Tolerance"; Value = "20%"; VariantName = "[No Variations]"
Add component (AddParameter): Name = "Voltage Rating"; Value = "50V"; VariantName = "[No Variations]"
Add component (AddParameter): Name = "Voltage Rating (DC)"; Value = "50V"; VariantName = "[No Variations]"
Added Component: Designator=C?(CAPC2013X145X50NL20T20)
Add component (AddParameter): Name = "Manufacturer"; Value = "Vitramon"; VariantName = "[No Variations]"
Add component (AddParameter): Name = "Part Number"; Value = "VJ0805A101GXACW1BC"; VariantName = "[No Variations]"
Added Component: Designator=C?(CAPC2013X145X50NL20T20)
Add component (AddParameter): Name = "Manufacturer"; Value = "Vitramon"; VariantName = "[No Variations]"
Add component (AddParameter): Name = "Part Number"; Value = "VJ0805A101GXACW1BC"; VariantName = "[No Variations]"
Added Component: Designator=C?(FP-RAD-TH-D_10_0_5-L_12_5-MFG)
Add component (AddParameter): Name = "Capacitance"; Value = "150uF"; VariantName = "[No Variations]"
Add component (AddParameter): Name = "Case/Package"; Value = "Radial"; VariantName = "[No Variations]"
Add component (AddParameter): Name = "Contact Plating"; Value = "Tin"; VariantName = "[No Variations]"
Add component (AddParameter): Name = "Diameter"; Value = "10mm"; VariantName = "[No Variations]"
Add component (AddParameter): Name = "Dissipation Factor"; Value = "0.1%"; VariantName = "[No Variations]"
Add component (AddParameter): Name = "ESR (Equivalent Series Resistance)"; Value = "42mR"; VariantName = "[No Variations]"
Add component (AddParameter): Name = "Height"; Value = "12.5mm"; VariantName = "[No Variations]"
Add component (AddParameter): Name = "Height - Seated (Max)"; Value = "0.551inch"; VariantName = "[No Variations]"
Add component (AddParameter): Name = "Impedance"; Value = "42mR"; VariantName = "[No Variations]"
Add component (AddParameter): Name = "Lead Diameter"; Value = "0.6mm"; VariantName = "[No Variations]"
Add component (AddParameter): Name = "Lead Free"; Value = "Lead Free"; VariantName = "[No Variations]"
Add component (AddParameter): Name = "Lead Pitch"; Value = "5mm"; VariantName = "[No Variations]"
Add component (AddParameter): Name = "Length"; Value = "12.5mm"; VariantName = "[No Variations]"
Add component (AddParameter): Name = "Life (Hours)"; Value = "4000Hour"; VariantName = "[No Variations]"
Add component (AddParameter): Name = "Max Operating Temperature"; Value = "105°C"; VariantName = "[No Variations]"
Add component (AddParameter): Name = "Min Operating Temperature"; Value = "-40°C"; VariantName = "[No Variations]"
Add component (AddParameter): Name = "Mount"; Value = "Through Hole"; VariantName = "[No Variations]"
Add component (AddParameter): Name = "Package Quantity"; Value = "500"; VariantName = "[No Variations]"
Add component (AddParameter): Name = "Packaging"; Value = "Ammo Pack"; VariantName = "[No Variations]"
Add component (AddParameter): Name = "Polarity"; Value = "Polar"; VariantName = "[No Variations]"
Add component (AddParameter): Name = "Radiation Hardening"; Value = "No"; VariantName = "[No Variations]"
Add component (AddParameter): Name = "Ripple Current"; Value = "1.17A"; VariantName = "[No Variations]"
Add component (AddParameter): Name = "RoHS Compliant"; Value = "Yes"; VariantName = "[No Variations]"
Add component (AddParameter): Name = "Series"; Value = "FM"; VariantName = "[No Variations]"
Add component (AddParameter): Name = "Termination"; Value = "Radial"; VariantName = "[No Variations]"
Add component (AddParameter): Name = "Tolerance"; Value = "20%"; VariantName = "[No Variations]"
Add component (AddParameter): Name = "Voltage Rating"; Value = "50V"; VariantName = "[No Variations]"
Add component (AddParameter): Name = "Voltage Rating (DC)"; Value = "50V"; VariantName = "[No Variations]"
Added Component: Designator=C?(FP-RAD-TH-D_10_0_5-L_12_5-MFG)
Add component (AddParameter): Name = "Capacitance"; Value = "150uF"; VariantName = "[No Variations]"
Add component (AddParameter): Name = "Case/Package"; Value = "Radial"; VariantName = "[No Variations]"
Add component (AddParameter): Name = "Contact Plating"; Value = "Tin"; VariantName = "[No Variations]"
Add component (AddParameter): Name = "Diameter"; Value = "10mm"; VariantName = "[No Variations]"
Add component (AddParameter): Name = "Dissipation Factor"; Value = "0.1%"; VariantName = "[No Variations]"
Add component (AddParameter): Name = "ESR (Equivalent Series Resistance)"; Value = "42mR"; VariantName = "[No Variations]"
Add component (AddParameter): Name = "Height"; Value = "12.5mm"; VariantName = "[No Variations]"
Add component (AddParameter): Name = "Height - Seated (Max)"; Value = "0.551inch"; VariantName = "[No Variations]"
Add component (AddParameter): Name = "Impedance"; Value = "42mR"; VariantName = "[No Variations]"
Add component (AddParameter): Name = "Lead Diameter"; Value = "0.6mm"; VariantName = "[No Variations]"
Add component (AddParameter): Name = "Lead Free"; Value = "Lead Free"; VariantName = "[No Variations]"
Add component (AddParameter): Name = "Lead Pitch"; Value = "5mm"; VariantName = "[No Variations]"
Add component (AddParameter): Name = "Length"; Value = "12.5mm"; VariantName = "[No Variations]"
Add component (AddParameter): Name = "Life (Hours)"; Value = "4000Hour"; VariantName = "[No Variations]"
Add component (AddParameter): Name = "Max Operating Temperature"; Value = "105°C"; VariantName = "[No Variations]"
Add component (AddParameter): Name = "Min Operating Temperature"; Value = "-40°C"; VariantName = "[No Variations]"
Add component (AddParameter): Name = "Mount"; Value = "Through Hole"; VariantName = "[No Variations]"
Add component (AddParameter): Name = "Package Quantity"; Value = "500"; VariantName = "[No Variations]"
Add component (AddParameter): Name = "Packaging"; Value = "Ammo Pack"; VariantName = "[No Variations]"
Add component (AddParameter): Name = "Polarity"; Value = "Polar"; VariantName = "[No Variations]"
Add component (AddParameter): Name = "Radiation Hardening"; Value = "No"; VariantName = "[No Variations]"
Add component (AddParameter): Name = "Ripple Current"; Value = "1.17A"; VariantName = "[No Variations]"
Add component (AddParameter): Name = "RoHS Compliant"; Value = "Yes"; VariantName = "[No Variations]"
Add component (AddParameter): Name = "Series"; Value = "FM"; VariantName = "[No Variations]"
Add component (AddParameter): Name = "Termination"; Value = "Radial"; VariantName = "[No Variations]"
Add component (AddParameter): Name = "Tolerance"; Value = "20%"; VariantName = "[No Variations]"
Add component (AddParameter): Name = "Voltage Rating"; Value = "50V"; VariantName = "[No Variations]"
Add component (AddParameter): Name = "Voltage Rating (DC)"; Value = "50V"; VariantName = "[No Variations]"
Added Component: Designator=C?(FP-RAD-TH-D_10_0_5-L_12_5-MFG)
Add component (AddParameter): Name = "Capacitance"; Value = "150uF"; VariantName = "[No Variations]"
Add component (AddParameter): Name = "Case/Package"; Value = "Radial"; VariantName = "[No Variations]"
Add component (AddParameter): Name = "Contact Plating"; Value = "Tin"; VariantName = "[No Variations]"
Add component (AddParameter): Name = "Diameter"; Value = "10mm"; VariantName = "[No Variations]"
Add component (AddParameter): Name = "Dissipation Factor"; Value = "0.1%"; VariantName = "[No Variations]"
Add component (AddParameter): Name = "ESR (Equivalent Series Resistance)"; Value = "42mR"; VariantName = "[No Variations]"
Add component (AddParameter): Name = "Height"; Value = "12.5mm"; VariantName = "[No Variations]"
Add component (AddParameter): Name = "Height - Seated (Max)"; Value = "0.551inch"; VariantName = "[No Variations]"
Add component (AddParameter): Name = "Impedance"; Value = "42mR"; VariantName = "[No Variations]"
Add component (AddParameter): Name = "Lead Diameter"; Value = "0.6mm"; VariantName = "[No Variations]"
Add component (AddParameter): Name = "Lead Free"; Value = "Lead Free"; VariantName = "[No Variations]"
Add component (AddParameter): Name = "Lead Pitch"; Value = "5mm"; VariantName = "[No Variations]"
Add component (AddParameter): Name = "Length"; Value = "12.5mm"; VariantName = "[No Variations]"
Add component (AddParameter): Name = "Life (Hours)"; Value = "4000Hour"; VariantName = "[No Variations]"
Add component (AddParameter): Name = "Max Operating Temperature"; Value = "105°C"; VariantName = "[No Variations]"
Add component (AddParameter): Name = "Min Operating Temperature"; Value = "-40°C"; VariantName = "[No Variations]"
Add component (AddParameter): Name = "Mount"; Value = "Through Hole"; VariantName = "[No Variations]"
Add component (AddParameter): Name = "Package Quantity"; Value = "500"; VariantName = "[No Variations]"
Add component (AddParameter): Name = "Packaging"; Value = "Ammo Pack"; VariantName = "[No Variations]"
Add component (AddParameter): Name = "Polarity"; Value = "Polar"; VariantName = "[No Variations]"
Add component (AddParameter): Name = "Radiation Hardening"; Value = "No"; VariantName = "[No Variations]"
Add component (AddParameter): Name = "Ripple Current"; Value = "1.17A"; VariantName = "[No Variations]"
Add component (AddParameter): Name = "RoHS Compliant"; Value = "Yes"; VariantName = "[No Variations]"
Add component (AddParameter): Name = "Series"; Value = "FM"; VariantName = "[No Variations]"
Add component (AddParameter): Name = "Termination"; Value = "Radial"; VariantName = "[No Variations]"
Add component (AddParameter): Name = "Tolerance"; Value = "20%"; VariantName = "[No Variations]"
Add component (AddParameter): Name = "Voltage Rating"; Value = "50V"; VariantName = "[No Variations]"
Add component (AddParameter): Name = "Voltage Rating (DC)"; Value = "50V"; VariantName = "[No Variations]"
Added Component: Designator=C?(CAPC2013X145X50NL20T20)
Add component (AddParameter): Name = "Manufacturer"; Value = "Vitramon"; VariantName = "[No Variations]"
Add component (AddParameter): Name = "Part Number"; Value = "VJ0805A101GXACW1BC"; VariantName = "[No Variations]"
Added Component: Designator=P?(691312510002)
Add component (AddParameter): Name = "Color"; Value = "Green"; VariantName = "[No Variations]"
Add component (AddParameter): Name = "Contact Material"; Value = "Brass"; VariantName = "[No Variations]"
Add component (AddParameter): Name = "Contact Plating"; Value = "Tin"; VariantName = "[No Variations]"
Add component (AddParameter): Name = "Current"; Value = "20A"; VariantName = "[No Variations]"
Add component (AddParameter): Name = "Gender"; Value = "Male"; VariantName = "[No Variations]"
Add component (AddParameter): Name = "Height"; Value = "12mm"; VariantName = "[No Variations]"
Add component (AddParameter): Name = "Lead Pitch"; Value = "5.08mm"; VariantName = "[No Variations]"
Add component (AddParameter): Name = "Length"; Value = "11.5mm"; VariantName = "[No Variations]"
Add component (AddParameter): Name = "Mount"; Value = "Through Hole"; VariantName = "[No Variations]"
Add component (AddParameter): Name = "Number of Contacts"; Value = "2"; VariantName = "[No Variations]"
Add component (AddParameter): Name = "Number of Levels"; Value = "1"; VariantName = "[No Variations]"
Add component (AddParameter): Name = "Number of Pins"; Value = "2"; VariantName = "[No Variations]"
Add component (AddParameter): Name = "Number of Positions Per Level"; Value = "2"; VariantName = "[No Variations]"
Add component (AddParameter): Name = "Number of Rows"; Value = "1"; VariantName = "[No Variations]"
Add component (AddParameter): Name = "Packaging"; Value = "Box"; VariantName = "[No Variations]"
Add component (AddParameter): Name = "Pitch"; Value = "5.08mm"; VariantName = "[No Variations]"
Add component (AddParameter): Name = "RoHS"; Value = "Compliant"; VariantName = "[No Variations]"
Add component (AddParameter): Name = "Termination"; Value = "Solder"; VariantName = "[No Variations]"
Add component (AddParameter): Name = "Voltage"; Value = "300V"; VariantName = "[No Variations]"
Add component (AddParameter): Name = "Width"; Value = "10.16mm"; VariantName = "[No Variations]"
Added Component: Designator=P?(691312510002)
Add component (AddParameter): Name = "Color"; Value = "Green"; VariantName = "[No Variations]"
Add component (AddParameter): Name = "Contact Material"; Value = "Brass"; VariantName = "[No Variations]"
Add component (AddParameter): Name = "Contact Plating"; Value = "Tin"; VariantName = "[No Variations]"
Add component (AddParameter): Name = "Current"; Value = "20A"; VariantName = "[No Variations]"
Add component (AddParameter): Name = "Gender"; Value = "Male"; VariantName = "[No Variations]"
Add component (AddParameter): Name = "Height"; Value = "12mm"; VariantName = "[No Variations]"
Add component (AddParameter): Name = "Lead Pitch"; Value = "5.08mm"; VariantName = "[No Variations]"
Add component (AddParameter): Name = "Length"; Value = "11.5mm"; VariantName = "[No Variations]"
Add component (AddParameter): Name = "Mount"; Value = "Through Hole"; VariantName = "[No Variations]"
Add component (AddParameter): Name = "Number of Contacts"; Value = "2"; VariantName = "[No Variations]"
Add component (AddParameter): Name = "Number of Levels"; Value = "1"; VariantName = "[No Variations]"
Add component (AddParameter): Name = "Number of Pins"; Value = "2"; VariantName = "[No Variations]"
Add component (AddParameter): Name = "Number of Positions Per Level"; Value = "2"; VariantName = "[No Variations]"
Add component (AddParameter): Name = "Number of Rows"; Value = "1"; VariantName = "[No Variations]"
Add component (AddParameter): Name = "Packaging"; Value = "Box"; VariantName = "[No Variations]"
Add component (AddParameter): Name = "Pitch"; Value = "5.08mm"; VariantName = "[No Variations]"
Add component (AddParameter): Name = "RoHS"; Value = "Compliant"; VariantName = "[No Variations]"
Add component (AddParameter): Name = "Termination"; Value = "Solder"; VariantName = "[No Variations]"
Add component (AddParameter): Name = "Voltage"; Value = "300V"; VariantName = "[No Variations]"
Add component (AddParameter): Name = "Width"; Value = "10.16mm"; VariantName = "[No Variations]"
Added Component: Designator=P?(691312510002)
Add component (AddParameter): Name = "Color"; Value = "Green"; VariantName = "[No Variations]"
Add component (AddParameter): Name = "Contact Material"; Value = "Brass"; VariantName = "[No Variations]"
Add component (AddParameter): Name = "Contact Plating"; Value = "Tin"; VariantName = "[No Variations]"
Add component (AddParameter): Name = "Current"; Value = "20A"; VariantName = "[No Variations]"
Add component (AddParameter): Name = "Gender"; Value = "Male"; VariantName = "[No Variations]"
Add component (AddParameter): Name = "Height"; Value = "12mm"; VariantName = "[No Variations]"
Add component (AddParameter): Name = "Lead Pitch"; Value = "5.08mm"; VariantName = "[No Variations]"
Add component (AddParameter): Name = "Length"; Value = "11.5mm"; VariantName = "[No Variations]"
Add component (AddParameter): Name = "Mount"; Value = "Through Hole"; VariantName = "[No Variations]"
Add component (AddParameter): Name = "Number of Contacts"; Value = "2"; VariantName = "[No Variations]"
Add component (AddParameter): Name = "Number of Levels"; Value = "1"; VariantName = "[No Variations]"
Add component (AddParameter): Name = "Number of Pins"; Value = "2"; VariantName = "[No Variations]"
Add component (AddParameter): Name = "Number of Positions Per Level"; Value = "2"; VariantName = "[No Variations]"
Add component (AddParameter): Name = "Number of Rows"; Value = "1"; VariantName = "[No Variations]"
Add component (AddParameter): Name = "Packaging"; Value = "Box"; VariantName = "[No Variations]"
Add component (AddParameter): Name = "Pitch"; Value = "5.08mm"; VariantName = "[No Variations]"
Add component (AddParameter): Name = "RoHS"; Value = "Compliant"; VariantName = "[No Variations]"
Add component (AddParameter): Name = "Termination"; Value = "Solder"; VariantName = "[No Variations]"
Add component (AddParameter): Name = "Voltage"; Value = "300V"; VariantName = "[No Variations]"
Add component (AddParameter): Name = "Width"; Value = "10.16mm"; VariantName = "[No Variations]"
Added Component: Designator=P?(691312510002)
Add component (AddParameter): Name = "Color"; Value = "Green"; VariantName = "[No Variations]"
Add component (AddParameter): Name = "Contact Material"; Value = "Brass"; VariantName = "[No Variations]"
Add component (AddParameter): Name = "Contact Plating"; Value = "Tin"; VariantName = "[No Variations]"
Add component (AddParameter): Name = "Current"; Value = "20A"; VariantName = "[No Variations]"
Add component (AddParameter): Name = "Gender"; Value = "Male"; VariantName = "[No Variations]"
Add component (AddParameter): Name = "Height"; Value = "12mm"; VariantName = "[No Variations]"
Add component (AddParameter): Name = "Lead Pitch"; Value = "5.08mm"; VariantName = "[No Variations]"
Add component (AddParameter): Name = "Length"; Value = "11.5mm"; VariantName = "[No Variations]"
Add component (AddParameter): Name = "Mount"; Value = "Through Hole"; VariantName = "[No Variations]"
Add component (AddParameter): Name = "Number of Contacts"; Value = "2"; VariantName = "[No Variations]"
Add component (AddParameter): Name = "Number of Levels"; Value = "1"; VariantName = "[No Variations]"
Add component (AddParameter): Name = "Number of Pins"; Value = "2"; VariantName = "[No Variations]"
Add component (AddParameter): Name = "Number of Positions Per Level"; Value = "2"; VariantName = "[No Variations]"
Add component (AddParameter): Name = "Number of Rows"; Value = "1"; VariantName = "[No Variations]"
Add component (AddParameter): Name = "Packaging"; Value = "Box"; VariantName = "[No Variations]"
Add component (AddParameter): Name = "Pitch"; Value = "5.08mm"; VariantName = "[No Variations]"
Add component (AddParameter): Name = "RoHS"; Value = "Compliant"; VariantName = "[No Variations]"
Add component (AddParameter): Name = "Termination"; Value = "Solder"; VariantName = "[No Variations]"
Add component (AddParameter): Name = "Voltage"; Value = "300V"; VariantName = "[No Variations]"
Add component (AddParameter): Name = "Width"; Value = "10.16mm"; VariantName = "[No Variations]"
Added Component: Designator=P?(691312510002)
Add component (AddParameter): Name = "Color"; Value = "Green"; VariantName = "[No Variations]"
Add component (AddParameter): Name = "Contact Material"; Value = "Brass"; VariantName = "[No Variations]"
Add component (AddParameter): Name = "Contact Plating"; Value = "Tin"; VariantName = "[No Variations]"
Add component (AddParameter): Name = "Current"; Value = "20A"; VariantName = "[No Variations]"
Add component (AddParameter): Name = "Gender"; Value = "Male"; VariantName = "[No Variations]"
Add component (AddParameter): Name = "Height"; Value = "12mm"; VariantName = "[No Variations]"
Add component (AddParameter): Name = "Lead Pitch"; Value = "5.08mm"; VariantName = "[No Variations]"
Add component (AddParameter): Name = "Length"; Value = "11.5mm"; VariantName = "[No Variations]"
Add component (AddParameter): Name = "Mount"; Value = "Through Hole"; VariantName = "[No Variations]"
Add component (AddParameter): Name = "Number of Contacts"; Value = "2"; VariantName = "[No Variations]"
Add component (AddParameter): Name = "Number of Levels"; Value = "1"; VariantName = "[No Variations]"
Add component (AddParameter): Name = "Number of Pins"; Value = "2"; VariantName = "[No Variations]"
Add component (AddParameter): Name = "Number of Positions Per Level"; Value = "2"; VariantName = "[No Variations]"
Add component (AddParameter): Name = "Number of Rows"; Value = "1"; VariantName = "[No Variations]"
Add component (AddParameter): Name = "Packaging"; Value = "Box"; VariantName = "[No Variations]"
Add component (AddParameter): Name = "Pitch"; Value = "5.08mm"; VariantName = "[No Variations]"
Add component (AddParameter): Name = "RoHS"; Value = "Compliant"; VariantName = "[No Variations]"
Add component (AddParameter): Name = "Termination"; Value = "Solder"; VariantName = "[No Variations]"
Add component (AddParameter): Name = "Voltage"; Value = "300V"; VariantName = "[No Variations]"
Add component (AddParameter): Name = "Width"; Value = "10.16mm"; VariantName = "[No Variations]"
Added Component: Designator=R?(RESC2013X50X30ML20T20)
Add component (AddParameter): Name = "Manufacturer"; Value = "Vishay Dale"; VariantName = "[No Variations]"
Add component (AddParameter): Name = "Part Number"; Value = "CRCW08051K00FKTC"; VariantName = "[No Variations]"
Added Component: Designator=R?(RESC2013X50X30ML20T20)
Add component (AddParameter): Name = "Manufacturer"; Value = "Vishay Dale"; VariantName = "[No Variations]"
Add component (AddParameter): Name = "Part Number"; Value = "CRCW08051K00FKTC"; VariantName = "[No Variations]"
Added Component: Designator=R?(RESC2013X50X30ML20T20)
Add component (AddParameter): Name = "Manufacturer"; Value = "Vishay Dale"; VariantName = "[No Variations]"
Add component (AddParameter): Name = "Part Number"; Value = "CRCW08051K00FKTC"; VariantName = "[No Variations]"
Added Component: Designator=R?(RESC2013X50X30ML20T20)
Add component (AddParameter): Name = "Manufacturer"; Value = "Vishay Dale"; VariantName = "[No Variations]"
Add component (AddParameter): Name = "Part Number"; Value = "CRCW08051K00FKTC"; VariantName = "[No Variations]"
Added Component: Designator=R?(RESC2013X50X30ML20T20)
Add component (AddParameter): Name = "Manufacturer"; Value = "Vishay Dale"; VariantName = "[No Variations]"
Add component (AddParameter): Name = "Part Number"; Value = "CRCW08051K00FKTC"; VariantName = "[No Variations]"
Added Component: Designator=R?(RESC2013X50X30ML20T20)
Add component (AddParameter): Name = "Manufacturer"; Value = "Vishay Dale"; VariantName = "[No Variations]"
Add component (AddParameter): Name = "Part Number"; Value = "CRCW08051K00FKTC"; VariantName = "[No Variations]"
Added Component: Designator=R?(RESC2013X50X30ML20T20)
Add component (AddParameter): Name = "Manufacturer"; Value = "Vishay Dale"; VariantName = "[No Variations]"
Add component (AddParameter): Name = "Part Number"; Value = "CRCW08051K00FKTC"; VariantName = "[No Variations]"
Added Component: Designator=R?(RESC2013X50X30ML20T20)
Add component (AddParameter): Name = "Manufacturer"; Value = "Vishay Dale"; VariantName = "[No Variations]"
Add component (AddParameter): Name = "Part Number"; Value = "CRCW08051K00FKTC"; VariantName = "[No Variations]"
Added Component: Designator=R?(RESC2013X50X30ML20T20)
Add component (AddParameter): Name = "Manufacturer"; Value = "Vishay Dale"; VariantName = "[No Variations]"
Add component (AddParameter): Name = "Part Number"; Value = "CRCW08051K00FKTC"; VariantName = "[No Variations]"
Added Component: Designator=R?(RESC2013X50X30ML20T20)
Add component (AddParameter): Name = "Manufacturer"; Value = "Vishay Dale"; VariantName = "[No Variations]"
Add component (AddParameter): Name = "Part Number"; Value = "CRCW08051K00FKTC"; VariantName = "[No Variations]"
Added Component: Designator=R?(RESC2013X50X30ML20T20)
Add component (AddParameter): Name = "Manufacturer"; Value = "Vishay Dale"; VariantName = "[No Variations]"
Add component (AddParameter): Name = "Part Number"; Value = "CRCW08051K00FKTC"; VariantName = "[No Variations]"
Added Component: Designator=R?(RESC2013X50X30ML20T20)
Add component (AddParameter): Name = "Manufacturer"; Value = "Vishay Dale"; VariantName = "[No Variations]"
Add component (AddParameter): Name = "Part Number"; Value = "CRCW08051K00FKTC"; VariantName = "[No Variations]"
Added Component: Designator=R?(RESC2013X50X30ML20T20)
Add component (AddParameter): Name = "Manufacturer"; Value = "Vishay Dale"; VariantName = "[No Variations]"
Add component (AddParameter): Name = "Part Number"; Value = "CRCW08051K00FKTC"; VariantName = "[No Variations]"
Added Component: Designator=R?(RESC2013X50X30ML20T20)
Add component (AddParameter): Name = "Manufacturer"; Value = "Vishay Dale"; VariantName = "[No Variations]"
Add component (AddParameter): Name = "Part Number"; Value = "CRCW08051K00FKTC"; VariantName = "[No Variations]"
Added Component: Designator=R?(RESC2013X50X30ML20T20)
Add component (AddParameter): Name = "Manufacturer"; Value = "Vishay Dale"; VariantName = "[No Variations]"
Add component (AddParameter): Name = "Part Number"; Value = "CRCW08051K00FKTC"; VariantName = "[No Variations]"
Added Component: Designator=R?(RESC2013X50X30ML20T20)
Add component (AddParameter): Name = "Manufacturer"; Value = "Vishay Dale"; VariantName = "[No Variations]"
Add component (AddParameter): Name = "Part Number"; Value = "CRCW08051K00FKTC"; VariantName = "[No Variations]"
Added Component: Designator=R?(RESC2013X50X30ML20T20)
Add component (AddParameter): Name = "Manufacturer"; Value = "Vishay Dale"; VariantName = "[No Variations]"
Add component (AddParameter): Name = "Part Number"; Value = "CRCW08051K00FKTC"; VariantName = "[No Variations]"
Added Component: Designator=R?(RESC2013X50X30ML20T20)
Add component (AddParameter): Name = "Manufacturer"; Value = "Vishay Dale"; VariantName = "[No Variations]"
Add component (AddParameter): Name = "Part Number"; Value = "CRCW08051K00FKTC"; VariantName = "[No Variations]"
Added Component: Designator=R?(RESC2013X50X30ML20T20)
Add component (AddParameter): Name = "Manufacturer"; Value = "Vishay Dale"; VariantName = "[No Variations]"
Add component (AddParameter): Name = "Part Number"; Value = "CRCW08051K00FKTC"; VariantName = "[No Variations]"
Added Component: Designator=R?(RESC2013X50X30ML20T20)
Add component (AddParameter): Name = "Manufacturer"; Value = "Vishay Dale"; VariantName = "[No Variations]"
Add component (AddParameter): Name = "Part Number"; Value = "CRCW08051K00FKTC"; VariantName = "[No Variations]"
Added Component: Designator=R?(RESC2013X50X30ML20T20)
Add component (AddParameter): Name = "Manufacturer"; Value = "Vishay Dale"; VariantName = "[No Variations]"
Add component (AddParameter): Name = "Part Number"; Value = "CRCW08051K00FKTC"; VariantName = "[No Variations]"
Added Component: Designator=R?(RESC2013X50X30ML20T20)
Add component (AddParameter): Name = "Manufacturer"; Value = "Vishay Dale"; VariantName = "[No Variations]"
Add component (AddParameter): Name = "Part Number"; Value = "CRCW08051K00FKTC"; VariantName = "[No Variations]"
Added Component: Designator=R?(RESC2013X50X30ML20T20)
Add component (AddParameter): Name = "Manufacturer"; Value = "Vishay Dale"; VariantName = "[No Variations]"
Add component (AddParameter): Name = "Part Number"; Value = "CRCW08051K00FKTC"; VariantName = "[No Variations]"
Added Component: Designator=R?(RESC2013X50X30ML20T20)
Add component (AddParameter): Name = "Manufacturer"; Value = "Vishay Dale"; VariantName = "[No Variations]"
Add component (AddParameter): Name = "Part Number"; Value = "CRCW08051K00FKTC"; VariantName = "[No Variations]"
Added Component: Designator=R?(RESC2013X50X30ML20T20)
Add component (AddParameter): Name = "Manufacturer"; Value = "Vishay Dale"; VariantName = "[No Variations]"
Add component (AddParameter): Name = "Part Number"; Value = "CRCW08051K00FKTC"; VariantName = "[No Variations]"
Added Component: Designator=R?(RESC2013X50X30ML20T20)
Add component (AddParameter): Name = "Manufacturer"; Value = "Vishay Dale"; VariantName = "[No Variations]"
Add component (AddParameter): Name = "Part Number"; Value = "CRCW08051K00FKTC"; VariantName = "[No Variations]"
Added Component: Designator=R?(RESC2013X50X30ML20T20)
Add component (AddParameter): Name = "Manufacturer"; Value = "Vishay Dale"; VariantName = "[No Variations]"
Add component (AddParameter): Name = "Part Number"; Value = "CRCW08051K00FKTC"; VariantName = "[No Variations]"
Added Component: Designator=R?(RESC2013X50X30ML20T20)
Add component (AddParameter): Name = "Manufacturer"; Value = "Vishay Dale"; VariantName = "[No Variations]"
Add component (AddParameter): Name = "Part Number"; Value = "CRCW08051K00FKTC"; VariantName = "[No Variations]"
Added Component: Designator=R?(RESC2013X50X30ML20T20)
Add component (AddParameter): Name = "Manufacturer"; Value = "Vishay Dale"; VariantName = "[No Variations]"
Add component (AddParameter): Name = "Part Number"; Value = "CRCW08051K00FKTC"; VariantName = "[No Variations]"
Added Component: Designator=R?(RESC2013X50X30ML20T20)
Add component (AddParameter): Name = "Manufacturer"; Value = "Vishay Dale"; VariantName = "[No Variations]"
Add component (AddParameter): Name = "Part Number"; Value = "CRCW08051K00FKTC"; VariantName = "[No Variations]"
Added Component: Designator=R?(RESC2013X50X30ML20T20)
Add component (AddParameter): Name = "Manufacturer"; Value = "Vishay Dale"; VariantName = "[No Variations]"
Add component (AddParameter): Name = "Part Number"; Value = "CRCW08051K00FKTC"; VariantName = "[No Variations]"
Added Component: Designator=R?(RESC2013X50X30ML20T20)
Add component (AddParameter): Name = "Manufacturer"; Value = "Vishay Dale"; VariantName = "[No Variations]"
Add component (AddParameter): Name = "Part Number"; Value = "CRCW08051K00FKTC"; VariantName = "[No Variations]"
Added Component: Designator=R?(RESC2013X50X30ML20T20)
Add component (AddParameter): Name = "Manufacturer"; Value = "Vishay Dale"; VariantName = "[No Variations]"
Add component (AddParameter): Name = "Part Number"; Value = "CRCW08051K00FKTC"; VariantName = "[No Variations]"
Added Component: Designator=R?(RESC2013X50X30ML20T20)
Add component (AddParameter): Name = "Manufacturer"; Value = "Vishay Dale"; VariantName = "[No Variations]"
Add component (AddParameter): Name = "Part Number"; Value = "CRCW08051K00FKTC"; VariantName = "[No Variations]"
Added Component: Designator=R?(RESC2013X50X30ML20T20)
Add component (AddParameter): Name = "Manufacturer"; Value = "Vishay Dale"; VariantName = "[No Variations]"
Add component (AddParameter): Name = "Part Number"; Value = "CRCW08051K00FKTC"; VariantName = "[No Variations]"
Added Component: Designator=R?(RESC2013X50X30ML20T20)
Add component (AddParameter): Name = "Manufacturer"; Value = "Vishay Dale"; VariantName = "[No Variations]"
Add component (AddParameter): Name = "Part Number"; Value = "CRCW08051K00FKTC"; VariantName = "[No Variations]"
Added Component: Designator=R?(RESC2013X50X30ML20T20)
Add component (AddParameter): Name = "Manufacturer"; Value = "Vishay Dale"; VariantName = "[No Variations]"
Add component (AddParameter): Name = "Part Number"; Value = "CRCW08051K00FKTC"; VariantName = "[No Variations]"
Added Component: Designator=R?(RESC2013X50X30ML20T20)
Add component (AddParameter): Name = "Manufacturer"; Value = "Vishay Dale"; VariantName = "[No Variations]"
Add component (AddParameter): Name = "Part Number"; Value = "CRCW08051K00FKTC"; VariantName = "[No Variations]"
Added Component: Designator=R?(RESC2013X50X30ML20T20)
Add component (AddParameter): Name = "Manufacturer"; Value = "Vishay Dale"; VariantName = "[No Variations]"
Add component (AddParameter): Name = "Part Number"; Value = "CRCW08051K00FKTC"; VariantName = "[No Variations]"
Added Component: Designator=R?(RESC2013X50X30ML20T20)
Add component (AddParameter): Name = "Manufacturer"; Value = "Vishay Dale"; VariantName = "[No Variations]"
Add component (AddParameter): Name = "Part Number"; Value = "CRCW08051K00FKTC"; VariantName = "[No Variations]"
Added Component: Designator=U?(INF-P-TO-263-7-6_M)
Add component (AddParameter): Name = "ComponentLink1Description"; Value = "Manufacturer URL"; VariantName = "[No Variations]"
Add component (AddParameter): Name = "ComponentLink1URL"; Value = "http://www.infineon.com/"; VariantName = "[No Variations]"
Add component (AddParameter): Name = "ComponentLink2Description"; Value = "Datasheet"; VariantName = "[No Variations]"
Add component (AddParameter): Name = "ComponentLink2URL"; Value = "http://www.infineon.com/dgdl/BTS7960_Datasheet.pdf?folderId=db3a304412b407950112b408e8c90004&fileId=db3a304412b407950112b43945006d5d&location=en.Products.Automotive_ICs.Motor_Drivers__Automotive_.Integrated_High_Current_Motor_Drivers__NovalithIC____Trilith"; VariantName = "[No Variations]"
Add component (AddParameter): Name = "ComponentLink3Description"; Value = "Package Specification"; VariantName = "[No Variations]"
Add component (AddParameter): Name = "ComponentLink3URL"; Value = "http://www.infineon.com/dgdl/BTS7970B_Datasheet.pdf?folderId=db3a304412b407950112b408e8c90004&fileId=db3a304412b407950112b43949b36d61&sId=db3a30433d68e984013d7db637dc5e6a"; VariantName = "[No Variations]"
Add component (AddParameter): Name = "DatasheetVersion"; Value = "Rev. 1.1"; VariantName = "[No Variations]"
Add component (AddParameter): Name = "Green"; Value = "FALSE"; VariantName = "[No Variations]"
Add component (AddParameter): Name = "Halogen-free"; Value = "FALSE"; VariantName = "[No Variations]"
Add component (AddParameter): Name = "Iq (typ)"; Value = "7 uA"; VariantName = "[No Variations]"
Add component (AddParameter): Name = "Manufacturer"; Value = "Infineon"; VariantName = "[No Variations]"
Add component (AddParameter): Name = "Mounting Technology"; Value = "Surface Mount"; VariantName = "[No Variations]"
Add component (AddParameter): Name = "PackageDescription"; Value = "7-Pin Plastic Transistor Single Outline Package, 9.9 x 9.2 mm Body, 1.27 mm Pitch"; VariantName = "[No Variations]"
Add component (AddParameter): Name = "PackageReference"; Value = "P-TO-263-7-6"; VariantName = "[No Variations]"
Add component (AddParameter): Name = "PackageVersion"; Value = "May-06"; VariantName = "[No Variations]"
Add component (AddParameter): Name = "PartNumber"; Value = "BTS7960B"; VariantName = "[No Variations]"
Add component (AddParameter): Name = "RevisionNote"; Value = "Re-Activated Devices"; VariantName = "[No Variations]"
Added Component: Designator=U?(DW0020A_M)
Add component (AddParameter): Name = "Bits(#)"; Value = "8"; VariantName = "[No Variations]"
Add component (AddParameter): Name = "Code_JEDEC"; Value = "MS-013"; VariantName = "[No Variations]"
Add component (AddParameter): Name = "DatasheetVersion"; Value = "SCLS226K"; VariantName = "[No Variations]"
Add component (AddParameter): Name = "F @ Nom Voltage(Max)(Mhz)"; Value = "110"; VariantName = "[No Variations]"
Add component (AddParameter): Name = "Generic Part Number"; Value = "SN74AHC244"; VariantName = "[No Variations]"
Add component (AddParameter): Name = "ICC @ Nom Voltage(Max)(mA)"; Value = "0.04"; VariantName = "[No Variations]"
Add component (AddParameter): Name = "Input Type"; Value = "CMOS"; VariantName = "[No Variations]"
Add component (AddParameter): Name = "Manufacturer"; Value = "Texas Instruments"; VariantName = "[No Variations]"
Add component (AddParameter): Name = "Operating Temperature Range(C)"; Value = "-40 to 85"; VariantName = "[No Variations]"
Add component (AddParameter): Name = "Output Type"; Value = "CMOS"; VariantName = "[No Variations]"
Add component (AddParameter): Name = "PackageReference"; Value = "DW0020A"; VariantName = "[No Variations]"
Add component (AddParameter): Name = "PackageVersion"; Value = "http://www.ti.com/lit/ml/mpds173a/mpds173a.pdf"; VariantName = "[No Variations]"
Add component (AddParameter): Name = "Rating"; Value = "Catalog"; VariantName = "[No Variations]"
Add component (AddParameter): Name = "tpd @ Nom Voltage(Max)(ns)"; Value = "11,8.5"; VariantName = "[No Variations]"
Add component (AddParameter): Name = "VCC(Max)(V)"; Value = "5.5"; VariantName = "[No Variations]"
Add component (AddParameter): Name = "VCC(Min)(V)"; Value = "2"; VariantName = "[No Variations]"
Add component (AddParameter): Name = "Voltage(Nom)(V)"; Value = "3.3,5"; VariantName = "[No Variations]"
Added Component: Designator=U?(DW0020A_M)
Add component (AddParameter): Name = "Bits(#)"; Value = "8"; VariantName = "[No Variations]"
Add component (AddParameter): Name = "Code_JEDEC"; Value = "MS-013"; VariantName = "[No Variations]"
Add component (AddParameter): Name = "DatasheetVersion"; Value = "SCLS226K"; VariantName = "[No Variations]"
Add component (AddParameter): Name = "F @ Nom Voltage(Max)(Mhz)"; Value = "110"; VariantName = "[No Variations]"
Add component (AddParameter): Name = "Generic Part Number"; Value = "SN74AHC244"; VariantName = "[No Variations]"
Add component (AddParameter): Name = "ICC @ Nom Voltage(Max)(mA)"; Value = "0.04"; VariantName = "[No Variations]"
Add component (AddParameter): Name = "Input Type"; Value = "CMOS"; VariantName = "[No Variations]"
Add component (AddParameter): Name = "Manufacturer"; Value = "Texas Instruments"; VariantName = "[No Variations]"
Add component (AddParameter): Name = "Operating Temperature Range(C)"; Value = "-40 to 85"; VariantName = "[No Variations]"
Add component (AddParameter): Name = "Output Type"; Value = "CMOS"; VariantName = "[No Variations]"
Add component (AddParameter): Name = "PackageReference"; Value = "DW0020A"; VariantName = "[No Variations]"
Add component (AddParameter): Name = "PackageVersion"; Value = "http://www.ti.com/lit/ml/mpds173a/mpds173a.pdf"; VariantName = "[No Variations]"
Add component (AddParameter): Name = "Rating"; Value = "Catalog"; VariantName = "[No Variations]"
Add component (AddParameter): Name = "tpd @ Nom Voltage(Max)(ns)"; Value = "11,8.5"; VariantName = "[No Variations]"
Add component (AddParameter): Name = "VCC(Max)(V)"; Value = "5.5"; VariantName = "[No Variations]"
Add component (AddParameter): Name = "VCC(Min)(V)"; Value = "2"; VariantName = "[No Variations]"
Add component (AddParameter): Name = "Voltage(Nom)(V)"; Value = "3.3,5"; VariantName = "[No Variations]"
Added Component: Designator=U?(INF-P-TO-263-7-6_M)
Add component (AddParameter): Name = "ComponentLink1Description"; Value = "Manufacturer URL"; VariantName = "[No Variations]"
Add component (AddParameter): Name = "ComponentLink1URL"; Value = "http://www.infineon.com/"; VariantName = "[No Variations]"
Add component (AddParameter): Name = "ComponentLink2Description"; Value = "Datasheet"; VariantName = "[No Variations]"
Add component (AddParameter): Name = "ComponentLink2URL"; Value = "http://www.infineon.com/dgdl/BTS7960_Datasheet.pdf?folderId=db3a304412b407950112b408e8c90004&fileId=db3a304412b407950112b43945006d5d&location=en.Products.Automotive_ICs.Motor_Drivers__Automotive_.Integrated_High_Current_Motor_Drivers__NovalithIC____Trilith"; VariantName = "[No Variations]"
Add component (AddParameter): Name = "ComponentLink3Description"; Value = "Package Specification"; VariantName = "[No Variations]"
Add component (AddParameter): Name = "ComponentLink3URL"; Value = "http://www.infineon.com/dgdl/BTS7970B_Datasheet.pdf?folderId=db3a304412b407950112b408e8c90004&fileId=db3a304412b407950112b43949b36d61&sId=db3a30433d68e984013d7db637dc5e6a"; VariantName = "[No Variations]"
Add component (AddParameter): Name = "DatasheetVersion"; Value = "Rev. 1.1"; VariantName = "[No Variations]"
Add component (AddParameter): Name = "Green"; Value = "FALSE"; VariantName = "[No Variations]"
Add component (AddParameter): Name = "Halogen-free"; Value = "FALSE"; VariantName = "[No Variations]"
Add component (AddParameter): Name = "Iq (typ)"; Value = "7 uA"; VariantName = "[No Variations]"
Add component (AddParameter): Name = "Manufacturer"; Value = "Infineon"; VariantName = "[No Variations]"
Add component (AddParameter): Name = "Mounting Technology"; Value = "Surface Mount"; VariantName = "[No Variations]"
Add component (AddParameter): Name = "PackageDescription"; Value = "7-Pin Plastic Transistor Single Outline Package, 9.9 x 9.2 mm Body, 1.27 mm Pitch"; VariantName = "[No Variations]"
Add component (AddParameter): Name = "PackageReference"; Value = "P-TO-263-7-6"; VariantName = "[No Variations]"
Add component (AddParameter): Name = "PackageVersion"; Value = "May-06"; VariantName = "[No Variations]"
Add component (AddParameter): Name = "PartNumber"; Value = "BTS7960B"; VariantName = "[No Variations]"
Add component (AddParameter): Name = "RevisionNote"; Value = "Re-Activated Devices"; VariantName = "[No Variations]"
Added Component: Designator=U?(INF-P-TO-263-7-6_M)
Add component (AddParameter): Name = "ComponentLink1Description"; Value = "Manufacturer URL"; VariantName = "[No Variations]"
Add component (AddParameter): Name = "ComponentLink1URL"; Value = "http://www.infineon.com/"; VariantName = "[No Variations]"
Add component (AddParameter): Name = "ComponentLink2Description"; Value = "Datasheet"; VariantName = "[No Variations]"
Add component (AddParameter): Name = "ComponentLink2URL"; Value = "http://www.infineon.com/dgdl/BTS7960_Datasheet.pdf?folderId=db3a304412b407950112b408e8c90004&fileId=db3a304412b407950112b43945006d5d&location=en.Products.Automotive_ICs.Motor_Drivers__Automotive_.Integrated_High_Current_Motor_Drivers__NovalithIC____Trilith"; VariantName = "[No Variations]"
Add component (AddParameter): Name = "ComponentLink3Description"; Value = "Package Specification"; VariantName = "[No Variations]"
Add component (AddParameter): Name = "ComponentLink3URL"; Value = "http://www.infineon.com/dgdl/BTS7970B_Datasheet.pdf?folderId=db3a304412b407950112b408e8c90004&fileId=db3a304412b407950112b43949b36d61&sId=db3a30433d68e984013d7db637dc5e6a"; VariantName = "[No Variations]"
Add component (AddParameter): Name = "DatasheetVersion"; Value = "Rev. 1.1"; VariantName = "[No Variations]"
Add component (AddParameter): Name = "Green"; Value = "FALSE"; VariantName = "[No Variations]"
Add component (AddParameter): Name = "Halogen-free"; Value = "FALSE"; VariantName = "[No Variations]"
Add component (AddParameter): Name = "Iq (typ)"; Value = "7 uA"; VariantName = "[No Variations]"
Add component (AddParameter): Name = "Manufacturer"; Value = "Infineon"; VariantName = "[No Variations]"
Add component (AddParameter): Name = "Mounting Technology"; Value = "Surface Mount"; VariantName = "[No Variations]"
Add component (AddParameter): Name = "PackageDescription"; Value = "7-Pin Plastic Transistor Single Outline Package, 9.9 x 9.2 mm Body, 1.27 mm Pitch"; VariantName = "[No Variations]"
Add component (AddParameter): Name = "PackageReference"; Value = "P-TO-263-7-6"; VariantName = "[No Variations]"
Add component (AddParameter): Name = "PackageVersion"; Value = "May-06"; VariantName = "[No Variations]"
Add component (AddParameter): Name = "PartNumber"; Value = "BTS7960B"; VariantName = "[No Variations]"
Add component (AddParameter): Name = "RevisionNote"; Value = "Re-Activated Devices"; VariantName = "[No Variations]"
Added Component: Designator=U?(INF-P-TO-263-7-6_M)
Add component (AddParameter): Name = "ComponentLink1Description"; Value = "Manufacturer URL"; VariantName = "[No Variations]"
Add component (AddParameter): Name = "ComponentLink1URL"; Value = "http://www.infineon.com/"; VariantName = "[No Variations]"
Add component (AddParameter): Name = "ComponentLink2Description"; Value = "Datasheet"; VariantName = "[No Variations]"
Add component (AddParameter): Name = "ComponentLink2URL"; Value = "http://www.infineon.com/dgdl/BTS7960_Datasheet.pdf?folderId=db3a304412b407950112b408e8c90004&fileId=db3a304412b407950112b43945006d5d&location=en.Products.Automotive_ICs.Motor_Drivers__Automotive_.Integrated_High_Current_Motor_Drivers__NovalithIC____Trilith"; VariantName = "[No Variations]"
Add component (AddParameter): Name = "ComponentLink3Description"; Value = "Package Specification"; VariantName = "[No Variations]"
Add component (AddParameter): Name = "ComponentLink3URL"; Value = "http://www.infineon.com/dgdl/BTS7970B_Datasheet.pdf?folderId=db3a304412b407950112b408e8c90004&fileId=db3a304412b407950112b43949b36d61&sId=db3a30433d68e984013d7db637dc5e6a"; VariantName = "[No Variations]"
Add component (AddParameter): Name = "DatasheetVersion"; Value = "Rev. 1.1"; VariantName = "[No Variations]"
Add component (AddParameter): Name = "Green"; Value = "FALSE"; VariantName = "[No Variations]"
Add component (AddParameter): Name = "Halogen-free"; Value = "FALSE"; VariantName = "[No Variations]"
Add component (AddParameter): Name = "Iq (typ)"; Value = "7 uA"; VariantName = "[No Variations]"
Add component (AddParameter): Name = "Manufacturer"; Value = "Infineon"; VariantName = "[No Variations]"
Add component (AddParameter): Name = "Mounting Technology"; Value = "Surface Mount"; VariantName = "[No Variations]"
Add component (AddParameter): Name = "PackageDescription"; Value = "7-Pin Plastic Transistor Single Outline Package, 9.9 x 9.2 mm Body, 1.27 mm Pitch"; VariantName = "[No Variations]"
Add component (AddParameter): Name = "PackageReference"; Value = "P-TO-263-7-6"; VariantName = "[No Variations]"
Add component (AddParameter): Name = "PackageVersion"; Value = "May-06"; VariantName = "[No Variations]"
Add component (AddParameter): Name = "PartNumber"; Value = "BTS7960B"; VariantName = "[No Variations]"
Add component (AddParameter): Name = "RevisionNote"; Value = "Re-Activated Devices"; VariantName = "[No Variations]"
Added Component: Designator=U?(INF-P-TO-263-7-6_M)
Add component (AddParameter): Name = "ComponentLink1Description"; Value = "Manufacturer URL"; VariantName = "[No Variations]"
Add component (AddParameter): Name = "ComponentLink1URL"; Value = "http://www.infineon.com/"; VariantName = "[No Variations]"
Add component (AddParameter): Name = "ComponentLink2Description"; Value = "Datasheet"; VariantName = "[No Variations]"
Add component (AddParameter): Name = "ComponentLink2URL"; Value = "http://www.infineon.com/dgdl/BTS7960_Datasheet.pdf?folderId=db3a304412b407950112b408e8c90004&fileId=db3a304412b407950112b43945006d5d&location=en.Products.Automotive_ICs.Motor_Drivers__Automotive_.Integrated_High_Current_Motor_Drivers__NovalithIC____Trilith"; VariantName = "[No Variations]"
Add component (AddParameter): Name = "ComponentLink3Description"; Value = "Package Specification"; VariantName = "[No Variations]"
Add component (AddParameter): Name = "ComponentLink3URL"; Value = "http://www.infineon.com/dgdl/BTS7970B_Datasheet.pdf?folderId=db3a304412b407950112b408e8c90004&fileId=db3a304412b407950112b43949b36d61&sId=db3a30433d68e984013d7db637dc5e6a"; VariantName = "[No Variations]"
Add component (AddParameter): Name = "DatasheetVersion"; Value = "Rev. 1.1"; VariantName = "[No Variations]"
Add component (AddParameter): Name = "Green"; Value = "FALSE"; VariantName = "[No Variations]"
Add component (AddParameter): Name = "Halogen-free"; Value = "FALSE"; VariantName = "[No Variations]"
Add component (AddParameter): Name = "Iq (typ)"; Value = "7 uA"; VariantName = "[No Variations]"
Add component (AddParameter): Name = "Manufacturer"; Value = "Infineon"; VariantName = "[No Variations]"
Add component (AddParameter): Name = "Mounting Technology"; Value = "Surface Mount"; VariantName = "[No Variations]"
Add component (AddParameter): Name = "PackageDescription"; Value = "7-Pin Plastic Transistor Single Outline Package, 9.9 x 9.2 mm Body, 1.27 mm Pitch"; VariantName = "[No Variations]"
Add component (AddParameter): Name = "PackageReference"; Value = "P-TO-263-7-6"; VariantName = "[No Variations]"
Add component (AddParameter): Name = "PackageVersion"; Value = "May-06"; VariantName = "[No Variations]"
Add component (AddParameter): Name = "PartNumber"; Value = "BTS7960B"; VariantName = "[No Variations]"
Add component (AddParameter): Name = "RevisionNote"; Value = "Re-Activated Devices"; VariantName = "[No Variations]"
Added Component: Designator=U?(DW0020A_M)
Add component (AddParameter): Name = "Bits(#)"; Value = "8"; VariantName = "[No Variations]"
Add component (AddParameter): Name = "Code_JEDEC"; Value = "MS-013"; VariantName = "[No Variations]"
Add component (AddParameter): Name = "DatasheetVersion"; Value = "SCLS226K"; VariantName = "[No Variations]"
Add component (AddParameter): Name = "F @ Nom Voltage(Max)(Mhz)"; Value = "110"; VariantName = "[No Variations]"
Add component (AddParameter): Name = "Generic Part Number"; Value = "SN74AHC244"; VariantName = "[No Variations]"
Add component (AddParameter): Name = "ICC @ Nom Voltage(Max)(mA)"; Value = "0.04"; VariantName = "[No Variations]"
Add component (AddParameter): Name = "Input Type"; Value = "CMOS"; VariantName = "[No Variations]"
Add component (AddParameter): Name = "Manufacturer"; Value = "Texas Instruments"; VariantName = "[No Variations]"
Add component (AddParameter): Name = "Operating Temperature Range(C)"; Value = "-40 to 85"; VariantName = "[No Variations]"
Add component (AddParameter): Name = "Output Type"; Value = "CMOS"; VariantName = "[No Variations]"
Add component (AddParameter): Name = "PackageReference"; Value = "DW0020A"; VariantName = "[No Variations]"
Add component (AddParameter): Name = "PackageVersion"; Value = "http://www.ti.com/lit/ml/mpds173a/mpds173a.pdf"; VariantName = "[No Variations]"
Add component (AddParameter): Name = "Rating"; Value = "Catalog"; VariantName = "[No Variations]"
Add component (AddParameter): Name = "tpd @ Nom Voltage(Max)(ns)"; Value = "11,8.5"; VariantName = "[No Variations]"
Add component (AddParameter): Name = "VCC(Max)(V)"; Value = "5.5"; VariantName = "[No Variations]"
Add component (AddParameter): Name = "VCC(Min)(V)"; Value = "2"; VariantName = "[No Variations]"
Add component (AddParameter): Name = "Voltage(Nom)(V)"; Value = "3.3,5"; VariantName = "[No Variations]"
Added Component: Designator=U?(DW0020A_M)
Add component (AddParameter): Name = "Bits(#)"; Value = "8"; VariantName = "[No Variations]"
Add component (AddParameter): Name = "Code_JEDEC"; Value = "MS-013"; VariantName = "[No Variations]"
Add component (AddParameter): Name = "DatasheetVersion"; Value = "SCLS226K"; VariantName = "[No Variations]"
Add component (AddParameter): Name = "F @ Nom Voltage(Max)(Mhz)"; Value = "110"; VariantName = "[No Variations]"
Add component (AddParameter): Name = "Generic Part Number"; Value = "SN74AHC244"; VariantName = "[No Variations]"
Add component (AddParameter): Name = "ICC @ Nom Voltage(Max)(mA)"; Value = "0.04"; VariantName = "[No Variations]"
Add component (AddParameter): Name = "Input Type"; Value = "CMOS"; VariantName = "[No Variations]"
Add component (AddParameter): Name = "Manufacturer"; Value = "Texas Instruments"; VariantName = "[No Variations]"
Add component (AddParameter): Name = "Operating Temperature Range(C)"; Value = "-40 to 85"; VariantName = "[No Variations]"
Add component (AddParameter): Name = "Output Type"; Value = "CMOS"; VariantName = "[No Variations]"
Add component (AddParameter): Name = "PackageReference"; Value = "DW0020A"; VariantName = "[No Variations]"
Add component (AddParameter): Name = "PackageVersion"; Value = "http://www.ti.com/lit/ml/mpds173a/mpds173a.pdf"; VariantName = "[No Variations]"
Add component (AddParameter): Name = "Rating"; Value = "Catalog"; VariantName = "[No Variations]"
Add component (AddParameter): Name = "tpd @ Nom Voltage(Max)(ns)"; Value = "11,8.5"; VariantName = "[No Variations]"
Add component (AddParameter): Name = "VCC(Max)(V)"; Value = "5.5"; VariantName = "[No Variations]"
Add component (AddParameter): Name = "VCC(Min)(V)"; Value = "2"; VariantName = "[No Variations]"
Add component (AddParameter): Name = "Voltage(Nom)(V)"; Value = "3.3,5"; VariantName = "[No Variations]"
Added Component: Designator=U?(INF-P-TO-263-7-6_M)
Add component (AddParameter): Name = "ComponentLink1Description"; Value = "Manufacturer URL"; VariantName = "[No Variations]"
Add component (AddParameter): Name = "ComponentLink1URL"; Value = "http://www.infineon.com/"; VariantName = "[No Variations]"
Add component (AddParameter): Name = "ComponentLink2Description"; Value = "Datasheet"; VariantName = "[No Variations]"
Add component (AddParameter): Name = "ComponentLink2URL"; Value = "http://www.infineon.com/dgdl/BTS7960_Datasheet.pdf?folderId=db3a304412b407950112b408e8c90004&fileId=db3a304412b407950112b43945006d5d&location=en.Products.Automotive_ICs.Motor_Drivers__Automotive_.Integrated_High_Current_Motor_Drivers__NovalithIC____Trilith"; VariantName = "[No Variations]"
Add component (AddParameter): Name = "ComponentLink3Description"; Value = "Package Specification"; VariantName = "[No Variations]"
Add component (AddParameter): Name = "ComponentLink3URL"; Value = "http://www.infineon.com/dgdl/BTS7970B_Datasheet.pdf?folderId=db3a304412b407950112b408e8c90004&fileId=db3a304412b407950112b43949b36d61&sId=db3a30433d68e984013d7db637dc5e6a"; VariantName = "[No Variations]"
Add component (AddParameter): Name = "DatasheetVersion"; Value = "Rev. 1.1"; VariantName = "[No Variations]"
Add component (AddParameter): Name = "Green"; Value = "FALSE"; VariantName = "[No Variations]"
Add component (AddParameter): Name = "Halogen-free"; Value = "FALSE"; VariantName = "[No Variations]"
Add component (AddParameter): Name = "Iq (typ)"; Value = "7 uA"; VariantName = "[No Variations]"
Add component (AddParameter): Name = "Manufacturer"; Value = "Infineon"; VariantName = "[No Variations]"
Add component (AddParameter): Name = "Mounting Technology"; Value = "Surface Mount"; VariantName = "[No Variations]"
Add component (AddParameter): Name = "PackageDescription"; Value = "7-Pin Plastic Transistor Single Outline Package, 9.9 x 9.2 mm Body, 1.27 mm Pitch"; VariantName = "[No Variations]"
Add component (AddParameter): Name = "PackageReference"; Value = "P-TO-263-7-6"; VariantName = "[No Variations]"
Add component (AddParameter): Name = "PackageVersion"; Value = "May-06"; VariantName = "[No Variations]"
Add component (AddParameter): Name = "PartNumber"; Value = "BTS7960B"; VariantName = "[No Variations]"
Add component (AddParameter): Name = "RevisionNote"; Value = "Re-Activated Devices"; VariantName = "[No Variations]"
Added Component: Designator=U?(DW0020A_M)
Add component (AddParameter): Name = "Bits(#)"; Value = "8"; VariantName = "[No Variations]"
Add component (AddParameter): Name = "Code_JEDEC"; Value = "MS-013"; VariantName = "[No Variations]"
Add component (AddParameter): Name = "DatasheetVersion"; Value = "SCLS226K"; VariantName = "[No Variations]"
Add component (AddParameter): Name = "F @ Nom Voltage(Max)(Mhz)"; Value = "110"; VariantName = "[No Variations]"
Add component (AddParameter): Name = "Generic Part Number"; Value = "SN74AHC244"; VariantName = "[No Variations]"
Add component (AddParameter): Name = "ICC @ Nom Voltage(Max)(mA)"; Value = "0.04"; VariantName = "[No Variations]"
Add component (AddParameter): Name = "Input Type"; Value = "CMOS"; VariantName = "[No Variations]"
Add component (AddParameter): Name = "Manufacturer"; Value = "Texas Instruments"; VariantName = "[No Variations]"
Add component (AddParameter): Name = "Operating Temperature Range(C)"; Value = "-40 to 85"; VariantName = "[No Variations]"
Add component (AddParameter): Name = "Output Type"; Value = "CMOS"; VariantName = "[No Variations]"
Add component (AddParameter): Name = "PackageReference"; Value = "DW0020A"; VariantName = "[No Variations]"
Add component (AddParameter): Name = "PackageVersion"; Value = "http://www.ti.com/lit/ml/mpds173a/mpds173a.pdf"; VariantName = "[No Variations]"
Add component (AddParameter): Name = "Rating"; Value = "Catalog"; VariantName = "[No Variations]"
Add component (AddParameter): Name = "tpd @ Nom Voltage(Max)(ns)"; Value = "11,8.5"; VariantName = "[No Variations]"
Add component (AddParameter): Name = "VCC(Max)(V)"; Value = "5.5"; VariantName = "[No Variations]"
Add component (AddParameter): Name = "VCC(Min)(V)"; Value = "2"; VariantName = "[No Variations]"
Add component (AddParameter): Name = "Voltage(Nom)(V)"; Value = "3.3,5"; VariantName = "[No Variations]"
Added Component: Designator=U?(INF-P-TO-263-7-6_M)
Add component (AddParameter): Name = "ComponentLink1Description"; Value = "Manufacturer URL"; VariantName = "[No Variations]"
Add component (AddParameter): Name = "ComponentLink1URL"; Value = "http://www.infineon.com/"; VariantName = "[No Variations]"
Add component (AddParameter): Name = "ComponentLink2Description"; Value = "Datasheet"; VariantName = "[No Variations]"
Add component (AddParameter): Name = "ComponentLink2URL"; Value = "http://www.infineon.com/dgdl/BTS7960_Datasheet.pdf?folderId=db3a304412b407950112b408e8c90004&fileId=db3a304412b407950112b43945006d5d&location=en.Products.Automotive_ICs.Motor_Drivers__Automotive_.Integrated_High_Current_Motor_Drivers__NovalithIC____Trilith"; VariantName = "[No Variations]"
Add component (AddParameter): Name = "ComponentLink3Description"; Value = "Package Specification"; VariantName = "[No Variations]"
Add component (AddParameter): Name = "ComponentLink3URL"; Value = "http://www.infineon.com/dgdl/BTS7970B_Datasheet.pdf?folderId=db3a304412b407950112b408e8c90004&fileId=db3a304412b407950112b43949b36d61&sId=db3a30433d68e984013d7db637dc5e6a"; VariantName = "[No Variations]"
Add component (AddParameter): Name = "DatasheetVersion"; Value = "Rev. 1.1"; VariantName = "[No Variations]"
Add component (AddParameter): Name = "Green"; Value = "FALSE"; VariantName = "[No Variations]"
Add component (AddParameter): Name = "Halogen-free"; Value = "FALSE"; VariantName = "[No Variations]"
Add component (AddParameter): Name = "Iq (typ)"; Value = "7 uA"; VariantName = "[No Variations]"
Add component (AddParameter): Name = "Manufacturer"; Value = "Infineon"; VariantName = "[No Variations]"
Add component (AddParameter): Name = "Mounting Technology"; Value = "Surface Mount"; VariantName = "[No Variations]"
Add component (AddParameter): Name = "PackageDescription"; Value = "7-Pin Plastic Transistor Single Outline Package, 9.9 x 9.2 mm Body, 1.27 mm Pitch"; VariantName = "[No Variations]"
Add component (AddParameter): Name = "PackageReference"; Value = "P-TO-263-7-6"; VariantName = "[No Variations]"
Add component (AddParameter): Name = "PackageVersion"; Value = "May-06"; VariantName = "[No Variations]"
Add component (AddParameter): Name = "PartNumber"; Value = "BTS7960B"; VariantName = "[No Variations]"
Add component (AddParameter): Name = "RevisionNote"; Value = "Re-Activated Devices"; VariantName = "[No Variations]"
Added Component: Designator=U?(DW0020A_M)
Add component (AddParameter): Name = "Bits(#)"; Value = "8"; VariantName = "[No Variations]"
Add component (AddParameter): Name = "Code_JEDEC"; Value = "MS-013"; VariantName = "[No Variations]"
Add component (AddParameter): Name = "DatasheetVersion"; Value = "SCLS226K"; VariantName = "[No Variations]"
Add component (AddParameter): Name = "F @ Nom Voltage(Max)(Mhz)"; Value = "110"; VariantName = "[No Variations]"
Add component (AddParameter): Name = "Generic Part Number"; Value = "SN74AHC244"; VariantName = "[No Variations]"
Add component (AddParameter): Name = "ICC @ Nom Voltage(Max)(mA)"; Value = "0.04"; VariantName = "[No Variations]"
Add component (AddParameter): Name = "Input Type"; Value = "CMOS"; VariantName = "[No Variations]"
Add component (AddParameter): Name = "Manufacturer"; Value = "Texas Instruments"; VariantName = "[No Variations]"
Add component (AddParameter): Name = "Operating Temperature Range(C)"; Value = "-40 to 85"; VariantName = "[No Variations]"
Add component (AddParameter): Name = "Output Type"; Value = "CMOS"; VariantName = "[No Variations]"
Add component (AddParameter): Name = "PackageReference"; Value = "DW0020A"; VariantName = "[No Variations]"
Add component (AddParameter): Name = "PackageVersion"; Value = "http://www.ti.com/lit/ml/mpds173a/mpds173a.pdf"; VariantName = "[No Variations]"
Add component (AddParameter): Name = "Rating"; Value = "Catalog"; VariantName = "[No Variations]"
Add component (AddParameter): Name = "tpd @ Nom Voltage(Max)(ns)"; Value = "11,8.5"; VariantName = "[No Variations]"
Add component (AddParameter): Name = "VCC(Max)(V)"; Value = "5.5"; VariantName = "[No Variations]"
Add component (AddParameter): Name = "VCC(Min)(V)"; Value = "2"; VariantName = "[No Variations]"
Add component (AddParameter): Name = "Voltage(Nom)(V)"; Value = "3.3,5"; VariantName = "[No Variations]"
Added Component: Designator=U?(DW0020A_M)
Add component (AddParameter): Name = "Bits(#)"; Value = "8"; VariantName = "[No Variations]"
Add component (AddParameter): Name = "Code_JEDEC"; Value = "MS-013"; VariantName = "[No Variations]"
Add component (AddParameter): Name = "DatasheetVersion"; Value = "SCLS226K"; VariantName = "[No Variations]"
Add component (AddParameter): Name = "F @ Nom Voltage(Max)(Mhz)"; Value = "110"; VariantName = "[No Variations]"
Add component (AddParameter): Name = "Generic Part Number"; Value = "SN74AHC244"; VariantName = "[No Variations]"
Add component (AddParameter): Name = "ICC @ Nom Voltage(Max)(mA)"; Value = "0.04"; VariantName = "[No Variations]"
Add component (AddParameter): Name = "Input Type"; Value = "CMOS"; VariantName = "[No Variations]"
Add component (AddParameter): Name = "Manufacturer"; Value = "Texas Instruments"; VariantName = "[No Variations]"
Add component (AddParameter): Name = "Operating Temperature Range(C)"; Value = "-40 to 85"; VariantName = "[No Variations]"
Add component (AddParameter): Name = "Output Type"; Value = "CMOS"; VariantName = "[No Variations]"
Add component (AddParameter): Name = "PackageReference"; Value = "DW0020A"; VariantName = "[No Variations]"
Add component (AddParameter): Name = "PackageVersion"; Value = "http://www.ti.com/lit/ml/mpds173a/mpds173a.pdf"; VariantName = "[No Variations]"
Add component (AddParameter): Name = "Rating"; Value = "Catalog"; VariantName = "[No Variations]"
Add component (AddParameter): Name = "tpd @ Nom Voltage(Max)(ns)"; Value = "11,8.5"; VariantName = "[No Variations]"
Add component (AddParameter): Name = "VCC(Max)(V)"; Value = "5.5"; VariantName = "[No Variations]"
Add component (AddParameter): Name = "VCC(Min)(V)"; Value = "2"; VariantName = "[No Variations]"
Add component (AddParameter): Name = "Voltage(Nom)(V)"; Value = "3.3,5"; VariantName = "[No Variations]"
Added Component: Designator=U?(INF-P-TO-263-7-6_M)
Add component (AddParameter): Name = "ComponentLink1Description"; Value = "Manufacturer URL"; VariantName = "[No Variations]"
Add component (AddParameter): Name = "ComponentLink1URL"; Value = "http://www.infineon.com/"; VariantName = "[No Variations]"
Add component (AddParameter): Name = "ComponentLink2Description"; Value = "Datasheet"; VariantName = "[No Variations]"
Add component (AddParameter): Name = "ComponentLink2URL"; Value = "http://www.infineon.com/dgdl/BTS7960_Datasheet.pdf?folderId=db3a304412b407950112b408e8c90004&fileId=db3a304412b407950112b43945006d5d&location=en.Products.Automotive_ICs.Motor_Drivers__Automotive_.Integrated_High_Current_Motor_Drivers__NovalithIC____Trilith"; VariantName = "[No Variations]"
Add component (AddParameter): Name = "ComponentLink3Description"; Value = "Package Specification"; VariantName = "[No Variations]"
Add component (AddParameter): Name = "ComponentLink3URL"; Value = "http://www.infineon.com/dgdl/BTS7970B_Datasheet.pdf?folderId=db3a304412b407950112b408e8c90004&fileId=db3a304412b407950112b43949b36d61&sId=db3a30433d68e984013d7db637dc5e6a"; VariantName = "[No Variations]"
Add component (AddParameter): Name = "DatasheetVersion"; Value = "Rev. 1.1"; VariantName = "[No Variations]"
Add component (AddParameter): Name = "Green"; Value = "FALSE"; VariantName = "[No Variations]"
Add component (AddParameter): Name = "Halogen-free"; Value = "FALSE"; VariantName = "[No Variations]"
Add component (AddParameter): Name = "Iq (typ)"; Value = "7 uA"; VariantName = "[No Variations]"
Add component (AddParameter): Name = "Manufacturer"; Value = "Infineon"; VariantName = "[No Variations]"
Add component (AddParameter): Name = "Mounting Technology"; Value = "Surface Mount"; VariantName = "[No Variations]"
Add component (AddParameter): Name = "PackageDescription"; Value = "7-Pin Plastic Transistor Single Outline Package, 9.9 x 9.2 mm Body, 1.27 mm Pitch"; VariantName = "[No Variations]"
Add component (AddParameter): Name = "PackageReference"; Value = "P-TO-263-7-6"; VariantName = "[No Variations]"
Add component (AddParameter): Name = "PackageVersion"; Value = "May-06"; VariantName = "[No Variations]"
Add component (AddParameter): Name = "PartNumber"; Value = "BTS7960B"; VariantName = "[No Variations]"
Add component (AddParameter): Name = "RevisionNote"; Value = "Re-Activated Devices"; VariantName = "[No Variations]"
Added Component: Designator=U?(DW0020A_M)
Add component (AddParameter): Name = "Bits(#)"; Value = "8"; VariantName = "[No Variations]"
Add component (AddParameter): Name = "Code_JEDEC"; Value = "MS-013"; VariantName = "[No Variations]"
Add component (AddParameter): Name = "DatasheetVersion"; Value = "SCLS226K"; VariantName = "[No Variations]"
Add component (AddParameter): Name = "F @ Nom Voltage(Max)(Mhz)"; Value = "110"; VariantName = "[No Variations]"
Add component (AddParameter): Name = "Generic Part Number"; Value = "SN74AHC244"; VariantName = "[No Variations]"
Add component (AddParameter): Name = "ICC @ Nom Voltage(Max)(mA)"; Value = "0.04"; VariantName = "[No Variations]"
Add component (AddParameter): Name = "Input Type"; Value = "CMOS"; VariantName = "[No Variations]"
Add component (AddParameter): Name = "Manufacturer"; Value = "Texas Instruments"; VariantName = "[No Variations]"
Add component (AddParameter): Name = "Operating Temperature Range(C)"; Value = "-40 to 85"; VariantName = "[No Variations]"
Add component (AddParameter): Name = "Output Type"; Value = "CMOS"; VariantName = "[No Variations]"
Add component (AddParameter): Name = "PackageReference"; Value = "DW0020A"; VariantName = "[No Variations]"
Add component (AddParameter): Name = "PackageVersion"; Value = "http://www.ti.com/lit/ml/mpds173a/mpds173a.pdf"; VariantName = "[No Variations]"
Add component (AddParameter): Name = "Rating"; Value = "Catalog"; VariantName = "[No Variations]"
Add component (AddParameter): Name = "tpd @ Nom Voltage(Max)(ns)"; Value = "11,8.5"; VariantName = "[No Variations]"
Add component (AddParameter): Name = "VCC(Max)(V)"; Value = "5.5"; VariantName = "[No Variations]"
Add component (AddParameter): Name = "VCC(Min)(V)"; Value = "2"; VariantName = "[No Variations]"
Add component (AddParameter): Name = "Voltage(Nom)(V)"; Value = "3.3,5"; VariantName = "[No Variations]"
Added Component: Designator=U?(DW0020A_M)
Add component (AddParameter): Name = "Bits(#)"; Value = "8"; VariantName = "[No Variations]"
Add component (AddParameter): Name = "Code_JEDEC"; Value = "MS-013"; VariantName = "[No Variations]"
Add component (AddParameter): Name = "DatasheetVersion"; Value = "SCLS226K"; VariantName = "[No Variations]"
Add component (AddParameter): Name = "F @ Nom Voltage(Max)(Mhz)"; Value = "110"; VariantName = "[No Variations]"
Add component (AddParameter): Name = "Generic Part Number"; Value = "SN74AHC244"; VariantName = "[No Variations]"
Add component (AddParameter): Name = "ICC @ Nom Voltage(Max)(mA)"; Value = "0.04"; VariantName = "[No Variations]"
Add component (AddParameter): Name = "Input Type"; Value = "CMOS"; VariantName = "[No Variations]"
Add component (AddParameter): Name = "Manufacturer"; Value = "Texas Instruments"; VariantName = "[No Variations]"
Add component (AddParameter): Name = "Operating Temperature Range(C)"; Value = "-40 to 85"; VariantName = "[No Variations]"
Add component (AddParameter): Name = "Output Type"; Value = "CMOS"; VariantName = "[No Variations]"
Add component (AddParameter): Name = "PackageReference"; Value = "DW0020A"; VariantName = "[No Variations]"
Add component (AddParameter): Name = "PackageVersion"; Value = "http://www.ti.com/lit/ml/mpds173a/mpds173a.pdf"; VariantName = "[No Variations]"
Add component (AddParameter): Name = "Rating"; Value = "Catalog"; VariantName = "[No Variations]"
Add component (AddParameter): Name = "tpd @ Nom Voltage(Max)(ns)"; Value = "11,8.5"; VariantName = "[No Variations]"
Add component (AddParameter): Name = "VCC(Max)(V)"; Value = "5.5"; VariantName = "[No Variations]"
Add component (AddParameter): Name = "VCC(Min)(V)"; Value = "2"; VariantName = "[No Variations]"
Add component (AddParameter): Name = "Voltage(Nom)(V)"; Value = "3.3,5"; VariantName = "[No Variations]"
Added Component: Designator=U?(DW0020A_M)
Add component (AddParameter): Name = "Bits(#)"; Value = "8"; VariantName = "[No Variations]"
Add component (AddParameter): Name = "Code_JEDEC"; Value = "MS-013"; VariantName = "[No Variations]"
Add component (AddParameter): Name = "DatasheetVersion"; Value = "SCLS226K"; VariantName = "[No Variations]"
Add component (AddParameter): Name = "F @ Nom Voltage(Max)(Mhz)"; Value = "110"; VariantName = "[No Variations]"
Add component (AddParameter): Name = "Generic Part Number"; Value = "SN74AHC244"; VariantName = "[No Variations]"
Add component (AddParameter): Name = "ICC @ Nom Voltage(Max)(mA)"; Value = "0.04"; VariantName = "[No Variations]"
Add component (AddParameter): Name = "Input Type"; Value = "CMOS"; VariantName = "[No Variations]"
Add component (AddParameter): Name = "Manufacturer"; Value = "Texas Instruments"; VariantName = "[No Variations]"
Add component (AddParameter): Name = "Operating Temperature Range(C)"; Value = "-40 to 85"; VariantName = "[No Variations]"
Add component (AddParameter): Name = "Output Type"; Value = "CMOS"; VariantName = "[No Variations]"
Add component (AddParameter): Name = "PackageReference"; Value = "DW0020A"; VariantName = "[No Variations]"
Add component (AddParameter): Name = "PackageVersion"; Value = "http://www.ti.com/lit/ml/mpds173a/mpds173a.pdf"; VariantName = "[No Variations]"
Add component (AddParameter): Name = "Rating"; Value = "Catalog"; VariantName = "[No Variations]"
Add component (AddParameter): Name = "tpd @ Nom Voltage(Max)(ns)"; Value = "11,8.5"; VariantName = "[No Variations]"
Add component (AddParameter): Name = "VCC(Max)(V)"; Value = "5.5"; VariantName = "[No Variations]"
Add component (AddParameter): Name = "VCC(Min)(V)"; Value = "2"; VariantName = "[No Variations]"
Add component (AddParameter): Name = "Voltage(Nom)(V)"; Value = "3.3,5"; VariantName = "[No Variations]"
Added Component: Designator=U?(DW0020A_M)
Add component (AddParameter): Name = "Bits(#)"; Value = "8"; VariantName = "[No Variations]"
Add component (AddParameter): Name = "Code_JEDEC"; Value = "MS-013"; VariantName = "[No Variations]"
Add component (AddParameter): Name = "DatasheetVersion"; Value = "SCLS226K"; VariantName = "[No Variations]"
Add component (AddParameter): Name = "F @ Nom Voltage(Max)(Mhz)"; Value = "110"; VariantName = "[No Variations]"
Add component (AddParameter): Name = "Generic Part Number"; Value = "SN74AHC244"; VariantName = "[No Variations]"
Add component (AddParameter): Name = "ICC @ Nom Voltage(Max)(mA)"; Value = "0.04"; VariantName = "[No Variations]"
Add component (AddParameter): Name = "Input Type"; Value = "CMOS"; VariantName = "[No Variations]"
Add component (AddParameter): Name = "Manufacturer"; Value = "Texas Instruments"; VariantName = "[No Variations]"
Add component (AddParameter): Name = "Operating Temperature Range(C)"; Value = "-40 to 85"; VariantName = "[No Variations]"
Add component (AddParameter): Name = "Output Type"; Value = "CMOS"; VariantName = "[No Variations]"
Add component (AddParameter): Name = "PackageReference"; Value = "DW0020A"; VariantName = "[No Variations]"
Add component (AddParameter): Name = "PackageVersion"; Value = "http://www.ti.com/lit/ml/mpds173a/mpds173a.pdf"; VariantName = "[No Variations]"
Add component (AddParameter): Name = "Rating"; Value = "Catalog"; VariantName = "[No Variations]"
Add component (AddParameter): Name = "tpd @ Nom Voltage(Max)(ns)"; Value = "11,8.5"; VariantName = "[No Variations]"
Add component (AddParameter): Name = "VCC(Max)(V)"; Value = "5.5"; VariantName = "[No Variations]"
Add component (AddParameter): Name = "VCC(Min)(V)"; Value = "2"; VariantName = "[No Variations]"
Add component (AddParameter): Name = "Voltage(Nom)(V)"; Value = "3.3,5"; VariantName = "[No Variations]"
Added Component: Designator=U?(DW0020A_M)
Add component (AddParameter): Name = "Bits(#)"; Value = "8"; VariantName = "[No Variations]"
Add component (AddParameter): Name = "Code_JEDEC"; Value = "MS-013"; VariantName = "[No Variations]"
Add component (AddParameter): Name = "DatasheetVersion"; Value = "SCLS226K"; VariantName = "[No Variations]"
Add component (AddParameter): Name = "F @ Nom Voltage(Max)(Mhz)"; Value = "110"; VariantName = "[No Variations]"
Add component (AddParameter): Name = "Generic Part Number"; Value = "SN74AHC244"; VariantName = "[No Variations]"
Add component (AddParameter): Name = "ICC @ Nom Voltage(Max)(mA)"; Value = "0.04"; VariantName = "[No Variations]"
Add component (AddParameter): Name = "Input Type"; Value = "CMOS"; VariantName = "[No Variations]"
Add component (AddParameter): Name = "Manufacturer"; Value = "Texas Instruments"; VariantName = "[No Variations]"
Add component (AddParameter): Name = "Operating Temperature Range(C)"; Value = "-40 to 85"; VariantName = "[No Variations]"
Add component (AddParameter): Name = "Output Type"; Value = "CMOS"; VariantName = "[No Variations]"
Add component (AddParameter): Name = "PackageReference"; Value = "DW0020A"; VariantName = "[No Variations]"
Add component (AddParameter): Name = "PackageVersion"; Value = "http://www.ti.com/lit/ml/mpds173a/mpds173a.pdf"; VariantName = "[No Variations]"
Add component (AddParameter): Name = "Rating"; Value = "Catalog"; VariantName = "[No Variations]"
Add component (AddParameter): Name = "tpd @ Nom Voltage(Max)(ns)"; Value = "11,8.5"; VariantName = "[No Variations]"
Add component (AddParameter): Name = "VCC(Max)(V)"; Value = "5.5"; VariantName = "[No Variations]"
Add component (AddParameter): Name = "VCC(Min)(V)"; Value = "2"; VariantName = "[No Variations]"
Add component (AddParameter): Name = "Voltage(Nom)(V)"; Value = "3.3,5"; VariantName = "[No Variations]"
Added Component: Designator=U?(DW0020A_M)
Add component (AddParameter): Name = "Bits(#)"; Value = "8"; VariantName = "[No Variations]"
Add component (AddParameter): Name = "Code_JEDEC"; Value = "MS-013"; VariantName = "[No Variations]"
Add component (AddParameter): Name = "DatasheetVersion"; Value = "SCLS226K"; VariantName = "[No Variations]"
Add component (AddParameter): Name = "F @ Nom Voltage(Max)(Mhz)"; Value = "110"; VariantName = "[No Variations]"
Add component (AddParameter): Name = "Generic Part Number"; Value = "SN74AHC244"; VariantName = "[No Variations]"
Add component (AddParameter): Name = "ICC @ Nom Voltage(Max)(mA)"; Value = "0.04"; VariantName = "[No Variations]"
Add component (AddParameter): Name = "Input Type"; Value = "CMOS"; VariantName = "[No Variations]"
Add component (AddParameter): Name = "Manufacturer"; Value = "Texas Instruments"; VariantName = "[No Variations]"
Add component (AddParameter): Name = "Operating Temperature Range(C)"; Value = "-40 to 85"; VariantName = "[No Variations]"
Add component (AddParameter): Name = "Output Type"; Value = "CMOS"; VariantName = "[No Variations]"
Add component (AddParameter): Name = "PackageReference"; Value = "DW0020A"; VariantName = "[No Variations]"
Add component (AddParameter): Name = "PackageVersion"; Value = "http://www.ti.com/lit/ml/mpds173a/mpds173a.pdf"; VariantName = "[No Variations]"
Add component (AddParameter): Name = "Rating"; Value = "Catalog"; VariantName = "[No Variations]"
Add component (AddParameter): Name = "tpd @ Nom Voltage(Max)(ns)"; Value = "11,8.5"; VariantName = "[No Variations]"
Add component (AddParameter): Name = "VCC(Max)(V)"; Value = "5.5"; VariantName = "[No Variations]"
Add component (AddParameter): Name = "VCC(Min)(V)"; Value = "2"; VariantName = "[No Variations]"
Add component (AddParameter): Name = "Voltage(Nom)(V)"; Value = "3.3,5"; VariantName = "[No Variations]"
Added Component: Designator=U?(DW0020A_M)
Add component (AddParameter): Name = "Bits(#)"; Value = "8"; VariantName = "[No Variations]"
Add component (AddParameter): Name = "Code_JEDEC"; Value = "MS-013"; VariantName = "[No Variations]"
Add component (AddParameter): Name = "DatasheetVersion"; Value = "SCLS226K"; VariantName = "[No Variations]"
Add component (AddParameter): Name = "F @ Nom Voltage(Max)(Mhz)"; Value = "110"; VariantName = "[No Variations]"
Add component (AddParameter): Name = "Generic Part Number"; Value = "SN74AHC244"; VariantName = "[No Variations]"
Add component (AddParameter): Name = "ICC @ Nom Voltage(Max)(mA)"; Value = "0.04"; VariantName = "[No Variations]"
Add component (AddParameter): Name = "Input Type"; Value = "CMOS"; VariantName = "[No Variations]"
Add component (AddParameter): Name = "Manufacturer"; Value = "Texas Instruments"; VariantName = "[No Variations]"
Add component (AddParameter): Name = "Operating Temperature Range(C)"; Value = "-40 to 85"; VariantName = "[No Variations]"
Add component (AddParameter): Name = "Output Type"; Value = "CMOS"; VariantName = "[No Variations]"
Add component (AddParameter): Name = "PackageReference"; Value = "DW0020A"; VariantName = "[No Variations]"
Add component (AddParameter): Name = "PackageVersion"; Value = "http://www.ti.com/lit/ml/mpds173a/mpds173a.pdf"; VariantName = "[No Variations]"
Add component (AddParameter): Name = "Rating"; Value = "Catalog"; VariantName = "[No Variations]"
Add component (AddParameter): Name = "tpd @ Nom Voltage(Max)(ns)"; Value = "11,8.5"; VariantName = "[No Variations]"
Add component (AddParameter): Name = "VCC(Max)(V)"; Value = "5.5"; VariantName = "[No Variations]"
Add component (AddParameter): Name = "VCC(Min)(V)"; Value = "2"; VariantName = "[No Variations]"
Add component (AddParameter): Name = "Voltage(Nom)(V)"; Value = "3.3,5"; VariantName = "[No Variations]"
Added Component: Designator=U?(DW0020A_M)
Add component (AddParameter): Name = "Bits(#)"; Value = "8"; VariantName = "[No Variations]"
Add component (AddParameter): Name = "Code_JEDEC"; Value = "MS-013"; VariantName = "[No Variations]"
Add component (AddParameter): Name = "DatasheetVersion"; Value = "SCLS226K"; VariantName = "[No Variations]"
Add component (AddParameter): Name = "F @ Nom Voltage(Max)(Mhz)"; Value = "110"; VariantName = "[No Variations]"
Add component (AddParameter): Name = "Generic Part Number"; Value = "SN74AHC244"; VariantName = "[No Variations]"
Add component (AddParameter): Name = "ICC @ Nom Voltage(Max)(mA)"; Value = "0.04"; VariantName = "[No Variations]"
Add component (AddParameter): Name = "Input Type"; Value = "CMOS"; VariantName = "[No Variations]"
Add component (AddParameter): Name = "Manufacturer"; Value = "Texas Instruments"; VariantName = "[No Variations]"
Add component (AddParameter): Name = "Operating Temperature Range(C)"; Value = "-40 to 85"; VariantName = "[No Variations]"
Add component (AddParameter): Name = "Output Type"; Value = "CMOS"; VariantName = "[No Variations]"
Add component (AddParameter): Name = "PackageReference"; Value = "DW0020A"; VariantName = "[No Variations]"
Add component (AddParameter): Name = "PackageVersion"; Value = "http://www.ti.com/lit/ml/mpds173a/mpds173a.pdf"; VariantName = "[No Variations]"
Add component (AddParameter): Name = "Rating"; Value = "Catalog"; VariantName = "[No Variations]"
Add component (AddParameter): Name = "tpd @ Nom Voltage(Max)(ns)"; Value = "11,8.5"; VariantName = "[No Variations]"
Add component (AddParameter): Name = "VCC(Max)(V)"; Value = "5.5"; VariantName = "[No Variations]"
Add component (AddParameter): Name = "VCC(Min)(V)"; Value = "2"; VariantName = "[No Variations]"
Add component (AddParameter): Name = "Voltage(Nom)(V)"; Value = "3.3,5"; VariantName = "[No Variations]"
Added Component: Designator=U?(INF-P-TO-263-7-6_M)
Add component (AddParameter): Name = "ComponentLink1Description"; Value = "Manufacturer URL"; VariantName = "[No Variations]"
Add component (AddParameter): Name = "ComponentLink1URL"; Value = "http://www.infineon.com/"; VariantName = "[No Variations]"
Add component (AddParameter): Name = "ComponentLink2Description"; Value = "Datasheet"; VariantName = "[No Variations]"
Add component (AddParameter): Name = "ComponentLink2URL"; Value = "http://www.infineon.com/dgdl/BTS7960_Datasheet.pdf?folderId=db3a304412b407950112b408e8c90004&fileId=db3a304412b407950112b43945006d5d&location=en.Products.Automotive_ICs.Motor_Drivers__Automotive_.Integrated_High_Current_Motor_Drivers__NovalithIC____Trilith"; VariantName = "[No Variations]"
Add component (AddParameter): Name = "ComponentLink3Description"; Value = "Package Specification"; VariantName = "[No Variations]"
Add component (AddParameter): Name = "ComponentLink3URL"; Value = "http://www.infineon.com/dgdl/BTS7970B_Datasheet.pdf?folderId=db3a304412b407950112b408e8c90004&fileId=db3a304412b407950112b43949b36d61&sId=db3a30433d68e984013d7db637dc5e6a"; VariantName = "[No Variations]"
Add component (AddParameter): Name = "DatasheetVersion"; Value = "Rev. 1.1"; VariantName = "[No Variations]"
Add component (AddParameter): Name = "Green"; Value = "FALSE"; VariantName = "[No Variations]"
Add component (AddParameter): Name = "Halogen-free"; Value = "FALSE"; VariantName = "[No Variations]"
Add component (AddParameter): Name = "Iq (typ)"; Value = "7 uA"; VariantName = "[No Variations]"
Add component (AddParameter): Name = "Manufacturer"; Value = "Infineon"; VariantName = "[No Variations]"
Add component (AddParameter): Name = "Mounting Technology"; Value = "Surface Mount"; VariantName = "[No Variations]"
Add component (AddParameter): Name = "PackageDescription"; Value = "7-Pin Plastic Transistor Single Outline Package, 9.9 x 9.2 mm Body, 1.27 mm Pitch"; VariantName = "[No Variations]"
Add component (AddParameter): Name = "PackageReference"; Value = "P-TO-263-7-6"; VariantName = "[No Variations]"
Add component (AddParameter): Name = "PackageVersion"; Value = "May-06"; VariantName = "[No Variations]"
Add component (AddParameter): Name = "PartNumber"; Value = "BTS7960B"; VariantName = "[No Variations]"
Add component (AddParameter): Name = "RevisionNote"; Value = "Re-Activated Devices"; VariantName = "[No Variations]"
Added Component: Designator=U?(INF-P-TO-263-7-6_M)
Add component (AddParameter): Name = "ComponentLink1Description"; Value = "Manufacturer URL"; VariantName = "[No Variations]"
Add component (AddParameter): Name = "ComponentLink1URL"; Value = "http://www.infineon.com/"; VariantName = "[No Variations]"
Add component (AddParameter): Name = "ComponentLink2Description"; Value = "Datasheet"; VariantName = "[No Variations]"
Add component (AddParameter): Name = "ComponentLink2URL"; Value = "http://www.infineon.com/dgdl/BTS7960_Datasheet.pdf?folderId=db3a304412b407950112b408e8c90004&fileId=db3a304412b407950112b43945006d5d&location=en.Products.Automotive_ICs.Motor_Drivers__Automotive_.Integrated_High_Current_Motor_Drivers__NovalithIC____Trilith"; VariantName = "[No Variations]"
Add component (AddParameter): Name = "ComponentLink3Description"; Value = "Package Specification"; VariantName = "[No Variations]"
Add component (AddParameter): Name = "ComponentLink3URL"; Value = "http://www.infineon.com/dgdl/BTS7970B_Datasheet.pdf?folderId=db3a304412b407950112b408e8c90004&fileId=db3a304412b407950112b43949b36d61&sId=db3a30433d68e984013d7db637dc5e6a"; VariantName = "[No Variations]"
Add component (AddParameter): Name = "DatasheetVersion"; Value = "Rev. 1.1"; VariantName = "[No Variations]"
Add component (AddParameter): Name = "Green"; Value = "FALSE"; VariantName = "[No Variations]"
Add component (AddParameter): Name = "Halogen-free"; Value = "FALSE"; VariantName = "[No Variations]"
Add component (AddParameter): Name = "Iq (typ)"; Value = "7 uA"; VariantName = "[No Variations]"
Add component (AddParameter): Name = "Manufacturer"; Value = "Infineon"; VariantName = "[No Variations]"
Add component (AddParameter): Name = "Mounting Technology"; Value = "Surface Mount"; VariantName = "[No Variations]"
Add component (AddParameter): Name = "PackageDescription"; Value = "7-Pin Plastic Transistor Single Outline Package, 9.9 x 9.2 mm Body, 1.27 mm Pitch"; VariantName = "[No Variations]"
Add component (AddParameter): Name = "PackageReference"; Value = "P-TO-263-7-6"; VariantName = "[No Variations]"
Add component (AddParameter): Name = "PackageVersion"; Value = "May-06"; VariantName = "[No Variations]"
Add component (AddParameter): Name = "PartNumber"; Value = "BTS7960B"; VariantName = "[No Variations]"
Add component (AddParameter): Name = "RevisionNote"; Value = "Re-Activated Devices"; VariantName = "[No Variations]"
Added Pin To Net: NetName=+5 Pin=C?-1
Added Pin To Net: NetName=+5 Pin=C?-1
Added Pin To Net: NetName=+5 Pin=C?-1
Added Pin To Net: NetName=+5 Pin=C?-1
Added Pin To Net: NetName=+5 Pin=C?-1
Added Pin To Net: NetName=GND Pin=C?-1
Added Pin To Net: NetName=GND Pin=C?-1
Added Pin To Net: NetName=GND Pin=C?-1
Added Pin To Net: NetName=GND Pin=C?-1
Added Pin To Net: NetName=GND Pin=C?-1
Added Pin To Net: NetName=+12 Pin=C?-2
Added Pin To Net: NetName=+12 Pin=C?-2
Added Pin To Net: NetName=+12 Pin=C?-2
Added Pin To Net: NetName=+12 Pin=C?-2
Added Pin To Net: NetName=+12 Pin=C?-2
Added Pin To Net: NetName=GND Pin=C?-2
Added Pin To Net: NetName=GND Pin=C?-2
Added Pin To Net: NetName=GND Pin=C?-2
Added Pin To Net: NetName=GND Pin=C?-2
Added Pin To Net: NetName=GND Pin=C?-2
Added Pin To Net: NetName=GND Pin=R?-1
Added Pin To Net: NetName=GND Pin=R?-1
Added Pin To Net: NetName=GND Pin=R?-1
Added Pin To Net: NetName=GND Pin=R?-1
Added Pin To Net: NetName=GND Pin=R?-1
Added Pin To Net: NetName=GND Pin=R?-1
Added Pin To Net: NetName=GND Pin=R?-1
Added Pin To Net: NetName=GND Pin=R?-1
Added Pin To Net: NetName=GND Pin=R?-1
Added Pin To Net: NetName=GND Pin=R?-1
Added Pin To Net: NetName=GND Pin=R?-1
Added Pin To Net: NetName=GND Pin=R?-1
Added Pin To Net: NetName=GND Pin=R?-1
Added Pin To Net: NetName=GND Pin=R?-1
Added Pin To Net: NetName=GND Pin=R?-1
Added Pin To Net: NetName=GND Pin=R?-1
Added Pin To Net: NetName=GND Pin=R?-1
Added Pin To Net: NetName=GND Pin=R?-1
Added Pin To Net: NetName=GND Pin=R?-1
Added Pin To Net: NetName=GND Pin=R?-1
Added Pin To Net: NetName=GND Pin=R?-1
Added Pin To Net: NetName=GND Pin=R?-1
Added Pin To Net: NetName=GND Pin=R?-1
Added Pin To Net: NetName=GND Pin=R?-1
Added Pin To Net: NetName=GND Pin=R?-1
Added Pin To Net: NetName=GND Pin=R?-1
Added Pin To Net: NetName=GND Pin=R?-1
Added Pin To Net: NetName=GND Pin=R?-1
Added Pin To Net: NetName=GND Pin=R?-1
Added Pin To Net: NetName=GND Pin=R?-1
Added Pin To Net: NetName=DIR_A1 Pin=R?-2
Added Pin To Net: NetName=DIR_A1 Pin=R?-2
Added Pin To Net: NetName=DIR_A1 Pin=R?-2
Added Pin To Net: NetName=DIR_A1 Pin=R?-2
Added Pin To Net: NetName=DIR_A1 Pin=R?-2
Added Pin To Net: NetName=DIR_A2 Pin=R?-2
Added Pin To Net: NetName=DIR_A2 Pin=R?-2
Added Pin To Net: NetName=DIR_A2 Pin=R?-2
Added Pin To Net: NetName=DIR_A2 Pin=R?-2
Added Pin To Net: NetName=DIR_A2 Pin=R?-2
Added Pin To Net: NetName=GND Pin=R?-2
Added Pin To Net: NetName=GND Pin=R?-2
Added Pin To Net: NetName=GND Pin=R?-2
Added Pin To Net: NetName=GND Pin=R?-2
Added Pin To Net: NetName=GND Pin=R?-2
Added Pin To Net: NetName=GND Pin=R?-2
Added Pin To Net: NetName=GND Pin=R?-2
Added Pin To Net: NetName=GND Pin=R?-2
Added Pin To Net: NetName=GND Pin=R?-2
Added Pin To Net: NetName=GND Pin=R?-2
Added Pin To Net: NetName=PMW_AR Pin=R?-2
Added Pin To Net: NetName=PMW_AR Pin=R?-2
Added Pin To Net: NetName=PMW_AR Pin=R?-2
Added Pin To Net: NetName=PMW_AR Pin=R?-2
Added Pin To Net: NetName=PMW_AR Pin=R?-2
Added Pin To Net: NetName=PMW_AR Pin=R?-2
Added Pin To Net: NetName=PMW_AR Pin=R?-2
Added Pin To Net: NetName=PMW_AR Pin=R?-2
Added Pin To Net: NetName=PMW_AR Pin=R?-2
Added Pin To Net: NetName=PMW_AR Pin=R?-2
Added Pin To Net: NetName=GND Pin=U?-1
Added Pin To Net: NetName=GND Pin=U?-1
Added Pin To Net: NetName=GND Pin=U?-1
Added Pin To Net: NetName=GND Pin=U?-1
Added Pin To Net: NetName=GND Pin=U?-1
Added Pin To Net: NetName=GND Pin=U?-1
Added Pin To Net: NetName=GND Pin=U?-1
Added Pin To Net: NetName=GND Pin=U?-1
Added Pin To Net: NetName=GND Pin=U?-1
Added Pin To Net: NetName=GND Pin=U?-1
Added Pin To Net: NetName=GND Pin=U?-1
Added Pin To Net: NetName=GND Pin=U?-1
Added Pin To Net: NetName=GND Pin=U?-1
Added Pin To Net: NetName=GND Pin=U?-1
Added Pin To Net: NetName=GND Pin=U?-1
Added Pin To Net: NetName=DIR_A1 Pin=U?-2
Added Pin To Net: NetName=DIR_A1 Pin=U?-2
Added Pin To Net: NetName=DIR_A1 Pin=U?-2
Added Pin To Net: NetName=DIR_A1 Pin=U?-2
Added Pin To Net: NetName=DIR_A1 Pin=U?-2
Added Pin To Net: NetName=OUT_A1 Pin=U?-2
Added Pin To Net: NetName=OUT_A1 Pin=U?-2
Added Pin To Net: NetName=OUT_A1 Pin=U?-2
Added Pin To Net: NetName=OUT_A1 Pin=U?-2
Added Pin To Net: NetName=OUT_A1 Pin=U?-2
Added Pin To Net: NetName=OUT_A3 Pin=U?-2
Added Pin To Net: NetName=OUT_A3 Pin=U?-2
Added Pin To Net: NetName=OUT_A3 Pin=U?-2
Added Pin To Net: NetName=OUT_A3 Pin=U?-2
Added Pin To Net: NetName=OUT_A3 Pin=U?-2
Added Pin To Net: NetName=GND Pin=U?-3
Added Pin To Net: NetName=GND Pin=U?-3
Added Pin To Net: NetName=GND Pin=U?-3
Added Pin To Net: NetName=GND Pin=U?-3
Added Pin To Net: NetName=GND Pin=U?-3
Added Pin To Net: NetName=OUT_A2 Pin=U?-3
Added Pin To Net: NetName=OUT_A2 Pin=U?-3
Added Pin To Net: NetName=OUT_A2 Pin=U?-3
Added Pin To Net: NetName=OUT_A2 Pin=U?-3
Added Pin To Net: NetName=OUT_A2 Pin=U?-3
Added Pin To Net: NetName=OUT_A4 Pin=U?-3
Added Pin To Net: NetName=OUT_A4 Pin=U?-3
Added Pin To Net: NetName=OUT_A4 Pin=U?-3
Added Pin To Net: NetName=OUT_A4 Pin=U?-3
Added Pin To Net: NetName=OUT_A4 Pin=U?-3
Added Pin To Net: NetName=PMW_AR Pin=U?-4
Added Pin To Net: NetName=PMW_AR Pin=U?-4
Added Pin To Net: NetName=PMW_AR Pin=U?-4
Added Pin To Net: NetName=PMW_AR Pin=U?-4
Added Pin To Net: NetName=PMW_AR Pin=U?-4
Added Pin To Net: NetName=GND Pin=U?-5
Added Pin To Net: NetName=GND Pin=U?-5
Added Pin To Net: NetName=GND Pin=U?-5
Added Pin To Net: NetName=GND Pin=U?-5
Added Pin To Net: NetName=GND Pin=U?-5
Added Pin To Net: NetName=DIR_A2 Pin=U?-6
Added Pin To Net: NetName=DIR_A2 Pin=U?-6
Added Pin To Net: NetName=DIR_A2 Pin=U?-6
Added Pin To Net: NetName=DIR_A2 Pin=U?-6
Added Pin To Net: NetName=DIR_A2 Pin=U?-6
Added Pin To Net: NetName=+12 Pin=U?-7
Added Pin To Net: NetName=+12 Pin=U?-7
Added Pin To Net: NetName=+12 Pin=U?-7
Added Pin To Net: NetName=+12 Pin=U?-7
Added Pin To Net: NetName=+12 Pin=U?-7
Added Pin To Net: NetName=+12 Pin=U?-7
Added Pin To Net: NetName=+12 Pin=U?-7
Added Pin To Net: NetName=+12 Pin=U?-7
Added Pin To Net: NetName=+12 Pin=U?-7
Added Pin To Net: NetName=+12 Pin=U?-7
Added Pin To Net: NetName=GND Pin=U?-7
Added Pin To Net: NetName=GND Pin=U?-7
Added Pin To Net: NetName=GND Pin=U?-7
Added Pin To Net: NetName=GND Pin=U?-7
Added Pin To Net: NetName=GND Pin=U?-7
Added Pin To Net: NetName=PMW_AR Pin=U?-8
Added Pin To Net: NetName=PMW_AR Pin=U?-8
Added Pin To Net: NetName=PMW_AR Pin=U?-8
Added Pin To Net: NetName=PMW_AR Pin=U?-8
Added Pin To Net: NetName=PMW_AR Pin=U?-8
Added Pin To Net: NetName=GND Pin=U?-9
Added Pin To Net: NetName=GND Pin=U?-9
Added Pin To Net: NetName=GND Pin=U?-9
Added Pin To Net: NetName=GND Pin=U?-9
Added Pin To Net: NetName=GND Pin=U?-9
Added Pin To Net: NetName=GND Pin=U?-10
Added Pin To Net: NetName=GND Pin=U?-10
Added Pin To Net: NetName=GND Pin=U?-10
Added Pin To Net: NetName=GND Pin=U?-10
Added Pin To Net: NetName=GND Pin=U?-10
Added Pin To Net: NetName=GND Pin=U?-11
Added Pin To Net: NetName=GND Pin=U?-11
Added Pin To Net: NetName=GND Pin=U?-11
Added Pin To Net: NetName=GND Pin=U?-11
Added Pin To Net: NetName=GND Pin=U?-11
Added Pin To Net: NetName=OUT_A4 Pin=U?-12
Added Pin To Net: NetName=OUT_A4 Pin=U?-12
Added Pin To Net: NetName=OUT_A4 Pin=U?-12
Added Pin To Net: NetName=OUT_A4 Pin=U?-12
Added Pin To Net: NetName=OUT_A4 Pin=U?-12
Added Pin To Net: NetName=GND Pin=U?-13
Added Pin To Net: NetName=GND Pin=U?-13
Added Pin To Net: NetName=GND Pin=U?-13
Added Pin To Net: NetName=GND Pin=U?-13
Added Pin To Net: NetName=GND Pin=U?-13
Added Pin To Net: NetName=OUT_A3 Pin=U?-14
Added Pin To Net: NetName=OUT_A3 Pin=U?-14
Added Pin To Net: NetName=OUT_A3 Pin=U?-14
Added Pin To Net: NetName=OUT_A3 Pin=U?-14
Added Pin To Net: NetName=OUT_A3 Pin=U?-14
Added Pin To Net: NetName=GND Pin=U?-15
Added Pin To Net: NetName=GND Pin=U?-15
Added Pin To Net: NetName=GND Pin=U?-15
Added Pin To Net: NetName=GND Pin=U?-15
Added Pin To Net: NetName=GND Pin=U?-15
Added Pin To Net: NetName=OUT_A2 Pin=U?-16
Added Pin To Net: NetName=OUT_A2 Pin=U?-16
Added Pin To Net: NetName=OUT_A2 Pin=U?-16
Added Pin To Net: NetName=OUT_A2 Pin=U?-16
Added Pin To Net: NetName=OUT_A2 Pin=U?-16
Added Pin To Net: NetName=GND Pin=U?-17
Added Pin To Net: NetName=GND Pin=U?-17
Added Pin To Net: NetName=GND Pin=U?-17
Added Pin To Net: NetName=GND Pin=U?-17
Added Pin To Net: NetName=GND Pin=U?-17
Added Pin To Net: NetName=OUT_A1 Pin=U?-18
Added Pin To Net: NetName=OUT_A1 Pin=U?-18
Added Pin To Net: NetName=OUT_A1 Pin=U?-18
Added Pin To Net: NetName=OUT_A1 Pin=U?-18
Added Pin To Net: NetName=OUT_A1 Pin=U?-18
Added Pin To Net: NetName=GND Pin=U?-19
Added Pin To Net: NetName=GND Pin=U?-19
Added Pin To Net: NetName=GND Pin=U?-19
Added Pin To Net: NetName=GND Pin=U?-19
Added Pin To Net: NetName=GND Pin=U?-19
Added Pin To Net: NetName=+5 Pin=U?-20
Added Pin To Net: NetName=+5 Pin=U?-20
Added Pin To Net: NetName=+5 Pin=U?-20
Added Pin To Net: NetName=+5 Pin=U?-20
Added Pin To Net: NetName=+5 Pin=U?-20
Add Net: Net with name "NetP?_1" already exists
Add Net: Net with name "NetP?_1" already exists
Add Net: Net with name "NetP?_1" already exists
Add Net: Net with name "NetP?_1" already exists
Add Net: Net with name "NetP?_1" already exists
Add Net: Net with name "NetP?_2" already exists
Add Net: Net with name "NetP?_2" already exists
Add Net: Net with name "NetP?_2" already exists
Add Net: Net with name "NetP?_2" already exists
Add Net: Net with name "NetP?_2" already exists
Add Net: Net with name "NetR?_1" already exists
Add Net: Net with name "NetR?_1" already exists
Add Net: Net with name "NetR?_1" already exists
Add Net: Net with name "NetR?_1" already exists
Add Net: Net with name "NetR?_1" already exists
Add Net: Net with name "NetR?_1" already exists
Add Net: Net with name "NetR?_1" already exists
Add Net: Net with name "NetR?_1" already exists
Add Net: Net with name "NetR?_1" already exists
Add Net: Net with name "NetR?_1" already exists
Add Net: Net with name "NetR?_1" already exists
Add Net: Net with name "NetR?_2" already exists
Add Net: Net with name "NetR?_2" already exists
Add Net: Net with name "NetR?_2" already exists
Add Net: Net with name "NetR?_2" already exists
Add Net: Net with name "NetR?_2" already exists
Add Net: Net with name "NetR?_2" already exists
Add Net: Net with name "NetR?_2" already exists
Add Net: Net with name "NetR?_2" already exists
Add Net: Net with name "NetR?_2" already exists
Add Net: Net with name "NetR?_2" already exists
Add Net: Net with name "NetR?_2" already exists
Added Member To Class: ClassName=Sheet1 Member=Component C? VJ0805A101GXACW1BC
Added Member To Class: ClassName=Sheet1 Member=Component C? EEUFM1H151B
Added Member To Class: ClassName=Sheet1 Member=Component C? EEUFM1H151B
Added Member To Class: ClassName=Sheet1 Member=Component C? EEUFM1H151B
Added Member To Class: ClassName=Sheet1 Member=Component C? VJ0805A101GXACW1BC
Added Member To Class: ClassName=Sheet1 Member=Component C? VJ0805A101GXACW1BC
Added Member To Class: ClassName=Sheet1 Member=Component C? VJ0805A101GXACW1BC
Added Member To Class: ClassName=Sheet1 Member=Component C? EEUFM1H151B
Added Member To Class: ClassName=Sheet1 Member=Component C? VJ0805A101GXACW1BC
Added Member To Class: ClassName=Sheet1 Member=Component C? EEUFM1H151B
Added Member To Class: ClassName=Sheet1 Member=Component C? EEUFM1H151B
Added Member To Class: ClassName=Sheet1 Member=Component P? KF -2 5.08
Added Member To Class: ClassName=Sheet1 Member=Component P? KF -2 5.08
Added Member To Class: ClassName=Sheet1 Member=Component P? KF -2 5.08
Added Member To Class: ClassName=Sheet1 Member=Component P? KF -2 5.08
Added Member To Class: ClassName=Sheet1 Member=Component P? KF -2 5.08
Added Member To Class: ClassName=Sheet1 Member=Component R? CRCW08051K00FKTC
Added Member To Class: ClassName=Sheet1 Member=Component R? CRCW08051K00FKTC
Added Member To Class: ClassName=Sheet1 Member=Component R? CRCW08051K00FKTC
Added Member To Class: ClassName=Sheet1 Member=Component R? CRCW08051K00FKTC
Added Member To Class: ClassName=Sheet1 Member=Component R? CRCW08051K00FKTC
Added Member To Class: ClassName=Sheet1 Member=Component R? CRCW08051K00FKTC
Added Member To Class: ClassName=Sheet1 Member=Component R? CRCW08051K00FKTC
Added Member To Class: ClassName=Sheet1 Member=Component R? CRCW08051K00FKTC
Added Member To Class: ClassName=Sheet1 Member=Component R? CRCW08051K00FKTC
Added Member To Class: ClassName=Sheet1 Member=Component R? CRCW08051K00FKTC
Added Member To Class: ClassName=Sheet1 Member=Component R? CRCW08051K00FKTC
Added Member To Class: ClassName=Sheet1 Member=Component R? CRCW08051K00FKTC
Added Member To Class: ClassName=Sheet1 Member=Component R? CRCW08051K00FKTC
Added Member To Class: ClassName=Sheet1 Member=Component R? CRCW08051K00FKTC
Added Member To Class: ClassName=Sheet1 Member=Component R? CRCW08051K00FKTC
Added Member To Class: ClassName=Sheet1 Member=Component R? CRCW08051K00FKTC
Added Member To Class: ClassName=Sheet1 Member=Component R? CRCW08051K00FKTC
Added Member To Class: ClassName=Sheet1 Member=Component R? CRCW08051K00FKTC
Added Member To Class: ClassName=Sheet1 Member=Component R? CRCW08051K00FKTC
Added Member To Class: ClassName=Sheet1 Member=Component R? CRCW08051K00FKTC
Added Member To Class: ClassName=Sheet1 Member=Component R? CRCW08051K00FKTC
Added Member To Class: ClassName=Sheet1 Member=Component R? CRCW08051K00FKTC
Added Member To Class: ClassName=Sheet1 Member=Component R? CRCW08051K00FKTC
Added Member To Class: ClassName=Sheet1 Member=Component R? CRCW08051K00FKTC
Added Member To Class: ClassName=Sheet1 Member=Component R? CRCW08051K00FKTC
Added Member To Class: ClassName=Sheet1 Member=Component R? CRCW08051K00FKTC
Added Member To Class: ClassName=Sheet1 Member=Component R? CRCW08051K00FKTC
Added Member To Class: ClassName=Sheet1 Member=Component R? CRCW08051K00FKTC
Added Member To Class: ClassName=Sheet1 Member=Component R? CRCW08051K00FKTC
Added Member To Class: ClassName=Sheet1 Member=Component R? CRCW08051K00FKTC
Added Member To Class: ClassName=Sheet1 Member=Component R? CRCW08051K00FKTC
Added Member To Class: ClassName=Sheet1 Member=Component R? CRCW08051K00FKTC
Added Member To Class: ClassName=Sheet1 Member=Component R? CRCW08051K00FKTC
Added Member To Class: ClassName=Sheet1 Member=Component R? CRCW08051K00FKTC
Added Member To Class: ClassName=Sheet1 Member=Component R? CRCW08051K00FKTC
Added Member To Class: ClassName=Sheet1 Member=Component R? CRCW08051K00FKTC
Added Member To Class: ClassName=Sheet1 Member=Component R? CRCW08051K00FKTC
Added Member To Class: ClassName=Sheet1 Member=Component R? CRCW08051K00FKTC
Added Member To Class: ClassName=Sheet1 Member=Component R? CRCW08051K00FKTC
Added Member To Class: ClassName=Sheet1 Member=Component R? CRCW08051K00FKTC
Added Member To Class: ClassName=Sheet1 Member=Component R? CRCW08051K00FKTC
Added Member To Class: ClassName=Sheet1 Member=Component R? CRCW08051K00FKTC
Added Member To Class: ClassName=Sheet1 Member=Component R? CRCW08051K00FKTC
Added Member To Class: ClassName=Sheet1 Member=Component R? CRCW08051K00FKTC
Added Member To Class: ClassName=Sheet1 Member=Component R? CRCW08051K00FKTC
Added Member To Class: ClassName=Sheet1 Member=Component R? CRCW08051K00FKTC
Added Member To Class: ClassName=Sheet1 Member=Component R? CRCW08051K00FKTC
Added Member To Class: ClassName=Sheet1 Member=Component U? BTS7960B
Added Member To Class: ClassName=Sheet1 Member=Component U? BTS7960B
Added Member To Class: ClassName=Sheet1 Member=Component U? SN74AHC244DWR
Added Member To Class: ClassName=Sheet1 Member=Component U? SN74AHC244DWR
Added Member To Class: ClassName=Sheet1 Member=Component U? BTS7960B
Added Member To Class: ClassName=Sheet1 Member=Component U? BTS7960B
Added Member To Class: ClassName=Sheet1 Member=Component U? SN74AHC244DWR
Added Member To Class: ClassName=Sheet1 Member=Component U? BTS7960B
Added Member To Class: ClassName=Sheet1 Member=Component U? SN74AHC244DWR
Added Member To Class: ClassName=Sheet1 Member=Component U? SN74AHC244DWR
Added Member To Class: ClassName=Sheet1 Member=Component U? BTS7960B
Added Member To Class: ClassName=Sheet1 Member=Component U? SN74AHC244DWR
Added Member To Class: ClassName=Sheet1 Member=Component U? BTS7960B
Added Member To Class: ClassName=Sheet1 Member=Component U? SN74AHC244DWR
Added Member To Class: ClassName=Sheet1 Member=Component U? BTS7960B
Added Member To Class: ClassName=Sheet1 Member=Component U? SN74AHC244DWR
Added Member To Class: ClassName=Sheet1 Member=Component U? SN74AHC244DWR
Added Member To Class: ClassName=Sheet1 Member=Component U? SN74AHC244DWR
Added Member To Class: ClassName=Sheet1 Member=Component U? SN74AHC244DWR
Added Member To Class: ClassName=Sheet1 Member=Component U? SN74AHC244DWR
Added Member To Class: ClassName=Sheet1 Member=Component U? SN74AHC244DWR
Added Member To Class: ClassName=Sheet1 Member=Component U? SN74AHC244DWR
Added Member To Class: ClassName=Sheet1 Member=Component U? SN74AHC244DWR
Added Member To Class: ClassName=Sheet1 Member=Component U? BTS7960B
Added Member To Class: ClassName=Sheet1 Member=Component U? BTS7960B
Added Member To Class: ClassName=Sheet1 Member=Component U? BTS7960B
