ISO-10303-21;
HEADER;
FILE_DESCRIPTION(('FreeCAD Model'),'2;1');
FILE_NAME('D:/Vitek/Work/freecad/SMD/EVM-3E_simple.step',
  '2017-02-10T15:43:34',('Author'),(''),
  'Open CASCADE STEP processor 6.8','FreeCAD','Unknown');
FILE_SCHEMA(('AUTOMOTIVE_DESIGN_CC2 { 1 2 10303 214 -1 1 5 4 }'));
ENDSEC;
DATA;
#1 = APPLICATION_PROTOCOL_DEFINITION('committee draft',
  'automotive_design',1997,#2);
#2 = APPLICATION_CONTEXT(
  'core data for automotive mechanical design processes');
#3 = SHAPE_DEFINITION_REPRESENTATION(#4,#10);
#4 = PRODUCT_DEFINITION_SHAPE('','',#5);
#5 = PRODUCT_DEFINITION('design','',#6,#9);
#6 = PRODUCT_DEFINITION_FORMATION('','',#7);
#7 = PRODUCT('ASSEMBLY','ASSEMBLY','',(#8));
#8 = MECHANICAL_CONTEXT('',#2,'mechanical');
#9 = PRODUCT_DEFINITION_CONTEXT('part definition',#2,'design');
#10 = SHAPE_REPRESENTATION('',(#11,#15),#19);
#11 = AXIS2_PLACEMENT_3D('',#12,#13,#14);
#12 = CARTESIAN_POINT('',(0.E+000,0.E+000,0.E+000));
#13 = DIRECTION('',(0.E+000,0.E+000,1.));
#14 = DIRECTION('',(1.,0.E+000,-0.E+000));
#15 = AXIS2_PLACEMENT_3D('',#16,#17,#18);
#16 = CARTESIAN_POINT('',(0.E+000,0.E+000,0.E+000));
#17 = DIRECTION('',(0.E+000,0.E+000,1.));
#18 = DIRECTION('',(1.,0.E+000,0.E+000));
#19 = ( GEOMETRIC_REPRESENTATION_CONTEXT(3) 
GLOBAL_UNCERTAINTY_ASSIGNED_CONTEXT((#23)) GLOBAL_UNIT_ASSIGNED_CONTEXT(
(#20,#21,#22)) REPRESENTATION_CONTEXT('Context #1',
  '3D Context with UNIT and UNCERTAINTY') );
#20 = ( LENGTH_UNIT() NAMED_UNIT(*) SI_UNIT(.MILLI.,.METRE.) );
#21 = ( NAMED_UNIT(*) PLANE_ANGLE_UNIT() SI_UNIT($,.RADIAN.) );
#22 = ( NAMED_UNIT(*) SI_UNIT($,.STERADIAN.) SOLID_ANGLE_UNIT() );
#23 = UNCERTAINTY_MEASURE_WITH_UNIT(LENGTH_MEASURE(1.E-007),#20,
  'distance_accuracy_value','confusion accuracy');
#24 = PRODUCT_TYPE('part',$,(#7));
#25 = ADVANCED_BREP_SHAPE_REPRESENTATION('',(#11,#26),#3170);
#26 = MANIFOLD_SOLID_BREP('',#27);
#27 = CLOSED_SHELL('',(#28,#403,#673,#749,#798,#847,#896,#945,#994,#1043
    ,#1092,#1141,#1190,#1239,#1266,#1503,#1552,#1629,#1784,#1831,#1983,
    #2055,#2082,#2097,#2166,#2261,#2376,#2425,#2474,#2574,#2601,#2628,
    #2673,#2809,#2816,#2823,#2850,#2877,#2884,#2960,#3037,#3086,#3136,
    #3163));
#28 = ADVANCED_FACE('',(#29,#65),#42,.T.);
#29 = FACE_BOUND('',#30,.T.);
#30 = EDGE_LOOP('',(#31));
#31 = ORIENTED_EDGE('',*,*,#32,.T.);
#32 = EDGE_CURVE('',#33,#33,#35,.T.);
#33 = VERTEX_POINT('',#34);
#34 = CARTESIAN_POINT('',(1.5,-3.673940397442E-016,1.6));
#35 = SURFACE_CURVE('',#36,(#41,#53),.PCURVE_S1.);
#36 = CIRCLE('',#37,1.5);
#37 = AXIS2_PLACEMENT_3D('',#38,#39,#40);
#38 = CARTESIAN_POINT('',(0.E+000,0.E+000,1.6));
#39 = DIRECTION('',(0.E+000,0.E+000,1.));
#40 = DIRECTION('',(1.,0.E+000,0.E+000));
#41 = PCURVE('',#42,#47);
#42 = PLANE('',#43);
#43 = AXIS2_PLACEMENT_3D('',#44,#45,#46);
#44 = CARTESIAN_POINT('',(0.E+000,0.E+000,1.6));
#45 = DIRECTION('',(0.E+000,0.E+000,1.));
#46 = DIRECTION('',(1.,0.E+000,0.E+000));
#47 = DEFINITIONAL_REPRESENTATION('',(#48),#52);
#48 = CIRCLE('',#49,1.5);
#49 = AXIS2_PLACEMENT_2D('',#50,#51);
#50 = CARTESIAN_POINT('',(0.E+000,0.E+000));
#51 = DIRECTION('',(1.,0.E+000));
#52 = ( GEOMETRIC_REPRESENTATION_CONTEXT(2) 
PARAMETRIC_REPRESENTATION_CONTEXT() REPRESENTATION_CONTEXT('2D SPACE',''
  ) );
#53 = PCURVE('',#54,#59);
#54 = CYLINDRICAL_SURFACE('',#55,1.5);
#55 = AXIS2_PLACEMENT_3D('',#56,#57,#58);
#56 = CARTESIAN_POINT('',(0.E+000,0.E+000,0.85));
#57 = DIRECTION('',(0.E+000,0.E+000,1.));
#58 = DIRECTION('',(1.,0.E+000,0.E+000));
#59 = DEFINITIONAL_REPRESENTATION('',(#60),#64);
#60 = LINE('',#61,#62);
#61 = CARTESIAN_POINT('',(0.E+000,0.75));
#62 = VECTOR('',#63,1.);
#63 = DIRECTION('',(1.,0.E+000));
#64 = ( GEOMETRIC_REPRESENTATION_CONTEXT(2) 
PARAMETRIC_REPRESENTATION_CONTEXT() REPRESENTATION_CONTEXT('2D SPACE',''
  ) );
#65 = FACE_BOUND('',#66,.T.);
#66 = EDGE_LOOP('',(#67,#97,#125,#153,#181,#209,#237,#265,#293,#321,#349
    ,#377));
#67 = ORIENTED_EDGE('',*,*,#68,.T.);
#68 = EDGE_CURVE('',#69,#71,#73,.T.);
#69 = VERTEX_POINT('',#70);
#70 = CARTESIAN_POINT('',(0.3,1.05,1.6));
#71 = VERTEX_POINT('',#72);
#72 = CARTESIAN_POINT('',(0.3,0.3,1.6));
#73 = SURFACE_CURVE('',#74,(#78,#85),.PCURVE_S1.);
#74 = LINE('',#75,#76);
#75 = CARTESIAN_POINT('',(0.3,1.05,1.6));
#76 = VECTOR('',#77,1.);
#77 = DIRECTION('',(0.E+000,-1.,0.E+000));
#78 = PCURVE('',#42,#79);
#79 = DEFINITIONAL_REPRESENTATION('',(#80),#84);
#80 = LINE('',#81,#82);
#81 = CARTESIAN_POINT('',(0.3,1.05));
#82 = VECTOR('',#83,1.);
#83 = DIRECTION('',(0.E+000,-1.));
#84 = ( GEOMETRIC_REPRESENTATION_CONTEXT(2) 
PARAMETRIC_REPRESENTATION_CONTEXT() REPRESENTATION_CONTEXT('2D SPACE',''
  ) );
#85 = PCURVE('',#86,#91);
#86 = PLANE('',#87);
#87 = AXIS2_PLACEMENT_3D('',#88,#89,#90);
#88 = CARTESIAN_POINT('',(0.3,1.05,1.6));
#89 = DIRECTION('',(-1.,0.E+000,0.E+000));
#90 = DIRECTION('',(0.E+000,-1.,0.E+000));
#91 = DEFINITIONAL_REPRESENTATION('',(#92),#96);
#92 = LINE('',#93,#94);
#93 = CARTESIAN_POINT('',(0.E+000,0.E+000));
#94 = VECTOR('',#95,1.);
#95 = DIRECTION('',(1.,0.E+000));
#96 = ( GEOMETRIC_REPRESENTATION_CONTEXT(2) 
PARAMETRIC_REPRESENTATION_CONTEXT() REPRESENTATION_CONTEXT('2D SPACE',''
  ) );
#97 = ORIENTED_EDGE('',*,*,#98,.T.);
#98 = EDGE_CURVE('',#71,#99,#101,.T.);
#99 = VERTEX_POINT('',#100);
#100 = CARTESIAN_POINT('',(1.05,0.3,1.6));
#101 = SURFACE_CURVE('',#102,(#106,#113),.PCURVE_S1.);
#102 = LINE('',#103,#104);
#103 = CARTESIAN_POINT('',(0.3,0.3,1.6));
#104 = VECTOR('',#105,1.);
#105 = DIRECTION('',(1.,0.E+000,0.E+000));
#106 = PCURVE('',#42,#107);
#107 = DEFINITIONAL_REPRESENTATION('',(#108),#112);
#108 = LINE('',#109,#110);
#109 = CARTESIAN_POINT('',(0.3,0.3));
#110 = VECTOR('',#111,1.);
#111 = DIRECTION('',(1.,0.E+000));
#112 = ( GEOMETRIC_REPRESENTATION_CONTEXT(2) 
PARAMETRIC_REPRESENTATION_CONTEXT() REPRESENTATION_CONTEXT('2D SPACE',''
  ) );
#113 = PCURVE('',#114,#119);
#114 = PLANE('',#115);
#115 = AXIS2_PLACEMENT_3D('',#116,#117,#118);
#116 = CARTESIAN_POINT('',(0.3,0.3,1.6));
#117 = DIRECTION('',(0.E+000,-1.,0.E+000));
#118 = DIRECTION('',(1.,0.E+000,0.E+000));
#119 = DEFINITIONAL_REPRESENTATION('',(#120),#124);
#120 = LINE('',#121,#122);
#121 = CARTESIAN_POINT('',(0.E+000,0.E+000));
#122 = VECTOR('',#123,1.);
#123 = DIRECTION('',(1.,0.E+000));
#124 = ( GEOMETRIC_REPRESENTATION_CONTEXT(2) 
PARAMETRIC_REPRESENTATION_CONTEXT() REPRESENTATION_CONTEXT('2D SPACE',''
  ) );
#125 = ORIENTED_EDGE('',*,*,#126,.T.);
#126 = EDGE_CURVE('',#99,#127,#129,.T.);
#127 = VERTEX_POINT('',#128);
#128 = CARTESIAN_POINT('',(1.05,-0.3,1.6));
#129 = SURFACE_CURVE('',#130,(#134,#141),.PCURVE_S1.);
#130 = LINE('',#131,#132);
#131 = CARTESIAN_POINT('',(1.05,0.3,1.6));
#132 = VECTOR('',#133,1.);
#133 = DIRECTION('',(0.E+000,-1.,0.E+000));
#134 = PCURVE('',#42,#135);
#135 = DEFINITIONAL_REPRESENTATION('',(#136),#140);
#136 = LINE('',#137,#138);
#137 = CARTESIAN_POINT('',(1.05,0.3));
#138 = VECTOR('',#139,1.);
#139 = DIRECTION('',(0.E+000,-1.));
#140 = ( GEOMETRIC_REPRESENTATION_CONTEXT(2) 
PARAMETRIC_REPRESENTATION_CONTEXT() REPRESENTATION_CONTEXT('2D SPACE',''
  ) );
#141 = PCURVE('',#142,#147);
#142 = PLANE('',#143);
#143 = AXIS2_PLACEMENT_3D('',#144,#145,#146);
#144 = CARTESIAN_POINT('',(1.05,0.3,1.6));
#145 = DIRECTION('',(-1.,0.E+000,0.E+000));
#146 = DIRECTION('',(0.E+000,-1.,0.E+000));
#147 = DEFINITIONAL_REPRESENTATION('',(#148),#152);
#148 = LINE('',#149,#150);
#149 = CARTESIAN_POINT('',(0.E+000,0.E+000));
#150 = VECTOR('',#151,1.);
#151 = DIRECTION('',(1.,0.E+000));
#152 = ( GEOMETRIC_REPRESENTATION_CONTEXT(2) 
PARAMETRIC_REPRESENTATION_CONTEXT() REPRESENTATION_CONTEXT('2D SPACE',''
  ) );
#153 = ORIENTED_EDGE('',*,*,#154,.T.);
#154 = EDGE_CURVE('',#127,#155,#157,.T.);
#155 = VERTEX_POINT('',#156);
#156 = CARTESIAN_POINT('',(0.3,-0.3,1.6));
#157 = SURFACE_CURVE('',#158,(#162,#169),.PCURVE_S1.);
#158 = LINE('',#159,#160);
#159 = CARTESIAN_POINT('',(1.05,-0.3,1.6));
#160 = VECTOR('',#161,1.);
#161 = DIRECTION('',(-1.,0.E+000,0.E+000));
#162 = PCURVE('',#42,#163);
#163 = DEFINITIONAL_REPRESENTATION('',(#164),#168);
#164 = LINE('',#165,#166);
#165 = CARTESIAN_POINT('',(1.05,-0.3));
#166 = VECTOR('',#167,1.);
#167 = DIRECTION('',(-1.,0.E+000));
#168 = ( GEOMETRIC_REPRESENTATION_CONTEXT(2) 
PARAMETRIC_REPRESENTATION_CONTEXT() REPRESENTATION_CONTEXT('2D SPACE',''
  ) );
#169 = PCURVE('',#170,#175);
#170 = PLANE('',#171);
#171 = AXIS2_PLACEMENT_3D('',#172,#173,#174);
#172 = CARTESIAN_POINT('',(1.05,-0.3,1.6));
#173 = DIRECTION('',(0.E+000,1.,0.E+000));
#174 = DIRECTION('',(-1.,0.E+000,0.E+000));
#175 = DEFINITIONAL_REPRESENTATION('',(#176),#180);
#176 = LINE('',#177,#178);
#177 = CARTESIAN_POINT('',(0.E+000,0.E+000));
#178 = VECTOR('',#179,1.);
#179 = DIRECTION('',(1.,0.E+000));
#180 = ( GEOMETRIC_REPRESENTATION_CONTEXT(2) 
PARAMETRIC_REPRESENTATION_CONTEXT() REPRESENTATION_CONTEXT('2D SPACE',''
  ) );
#181 = ORIENTED_EDGE('',*,*,#182,.T.);
#182 = EDGE_CURVE('',#155,#183,#185,.T.);
#183 = VERTEX_POINT('',#184);
#184 = CARTESIAN_POINT('',(0.3,-1.05,1.6));
#185 = SURFACE_CURVE('',#186,(#190,#197),.PCURVE_S1.);
#186 = LINE('',#187,#188);
#187 = CARTESIAN_POINT('',(0.3,-0.3,1.6));
#188 = VECTOR('',#189,1.);
#189 = DIRECTION('',(0.E+000,-1.,0.E+000));
#190 = PCURVE('',#42,#191);
#191 = DEFINITIONAL_REPRESENTATION('',(#192),#196);
#192 = LINE('',#193,#194);
#193 = CARTESIAN_POINT('',(0.3,-0.3));
#194 = VECTOR('',#195,1.);
#195 = DIRECTION('',(0.E+000,-1.));
#196 = ( GEOMETRIC_REPRESENTATION_CONTEXT(2) 
PARAMETRIC_REPRESENTATION_CONTEXT() REPRESENTATION_CONTEXT('2D SPACE',''
  ) );
#197 = PCURVE('',#198,#203);
#198 = PLANE('',#199);
#199 = AXIS2_PLACEMENT_3D('',#200,#201,#202);
#200 = CARTESIAN_POINT('',(0.3,-0.3,1.6));
#201 = DIRECTION('',(-1.,0.E+000,0.E+000));
#202 = DIRECTION('',(0.E+000,-1.,0.E+000));
#203 = DEFINITIONAL_REPRESENTATION('',(#204),#208);
#204 = LINE('',#205,#206);
#205 = CARTESIAN_POINT('',(0.E+000,0.E+000));
#206 = VECTOR('',#207,1.);
#207 = DIRECTION('',(1.,0.E+000));
#208 = ( GEOMETRIC_REPRESENTATION_CONTEXT(2) 
PARAMETRIC_REPRESENTATION_CONTEXT() REPRESENTATION_CONTEXT('2D SPACE',''
  ) );
#209 = ORIENTED_EDGE('',*,*,#210,.T.);
#210 = EDGE_CURVE('',#183,#211,#213,.T.);
#211 = VERTEX_POINT('',#212);
#212 = CARTESIAN_POINT('',(-0.3,-1.05,1.6));
#213 = SURFACE_CURVE('',#214,(#218,#225),.PCURVE_S1.);
#214 = LINE('',#215,#216);
#215 = CARTESIAN_POINT('',(0.3,-1.05,1.6));
#216 = VECTOR('',#217,1.);
#217 = DIRECTION('',(-1.,0.E+000,0.E+000));
#218 = PCURVE('',#42,#219);
#219 = DEFINITIONAL_REPRESENTATION('',(#220),#224);
#220 = LINE('',#221,#222);
#221 = CARTESIAN_POINT('',(0.3,-1.05));
#222 = VECTOR('',#223,1.);
#223 = DIRECTION('',(-1.,0.E+000));
#224 = ( GEOMETRIC_REPRESENTATION_CONTEXT(2) 
PARAMETRIC_REPRESENTATION_CONTEXT() REPRESENTATION_CONTEXT('2D SPACE',''
  ) );
#225 = PCURVE('',#226,#231);
#226 = PLANE('',#227);
#227 = AXIS2_PLACEMENT_3D('',#228,#229,#230);
#228 = CARTESIAN_POINT('',(0.3,-1.05,1.6));
#229 = DIRECTION('',(0.E+000,1.,0.E+000));
#230 = DIRECTION('',(-1.,0.E+000,0.E+000));
#231 = DEFINITIONAL_REPRESENTATION('',(#232),#236);
#232 = LINE('',#233,#234);
#233 = CARTESIAN_POINT('',(0.E+000,0.E+000));
#234 = VECTOR('',#235,1.);
#235 = DIRECTION('',(1.,0.E+000));
#236 = ( GEOMETRIC_REPRESENTATION_CONTEXT(2) 
PARAMETRIC_REPRESENTATION_CONTEXT() REPRESENTATION_CONTEXT('2D SPACE',''
  ) );
#237 = ORIENTED_EDGE('',*,*,#238,.T.);
#238 = EDGE_CURVE('',#211,#239,#241,.T.);
#239 = VERTEX_POINT('',#240);
#240 = CARTESIAN_POINT('',(-0.3,-0.3,1.6));
#241 = SURFACE_CURVE('',#242,(#246,#253),.PCURVE_S1.);
#242 = LINE('',#243,#244);
#243 = CARTESIAN_POINT('',(-0.3,-1.05,1.6));
#244 = VECTOR('',#245,1.);
#245 = DIRECTION('',(0.E+000,1.,0.E+000));
#246 = PCURVE('',#42,#247);
#247 = DEFINITIONAL_REPRESENTATION('',(#248),#252);
#248 = LINE('',#249,#250);
#249 = CARTESIAN_POINT('',(-0.3,-1.05));
#250 = VECTOR('',#251,1.);
#251 = DIRECTION('',(0.E+000,1.));
#252 = ( GEOMETRIC_REPRESENTATION_CONTEXT(2) 
PARAMETRIC_REPRESENTATION_CONTEXT() REPRESENTATION_CONTEXT('2D SPACE',''
  ) );
#253 = PCURVE('',#254,#259);
#254 = PLANE('',#255);
#255 = AXIS2_PLACEMENT_3D('',#256,#257,#258);
#256 = CARTESIAN_POINT('',(-0.3,-1.05,1.6));
#257 = DIRECTION('',(1.,0.E+000,0.E+000));
#258 = DIRECTION('',(0.E+000,1.,0.E+000));
#259 = DEFINITIONAL_REPRESENTATION('',(#260),#264);
#260 = LINE('',#261,#262);
#261 = CARTESIAN_POINT('',(0.E+000,0.E+000));
#262 = VECTOR('',#263,1.);
#263 = DIRECTION('',(1.,0.E+000));
#264 = ( GEOMETRIC_REPRESENTATION_CONTEXT(2) 
PARAMETRIC_REPRESENTATION_CONTEXT() REPRESENTATION_CONTEXT('2D SPACE',''
  ) );
#265 = ORIENTED_EDGE('',*,*,#266,.T.);
#266 = EDGE_CURVE('',#239,#267,#269,.T.);
#267 = VERTEX_POINT('',#268);
#268 = CARTESIAN_POINT('',(-1.05,-0.3,1.6));
#269 = SURFACE_CURVE('',#270,(#274,#281),.PCURVE_S1.);
#270 = LINE('',#271,#272);
#271 = CARTESIAN_POINT('',(-0.3,-0.3,1.6));
#272 = VECTOR('',#273,1.);
#273 = DIRECTION('',(-1.,0.E+000,0.E+000));
#274 = PCURVE('',#42,#275);
#275 = DEFINITIONAL_REPRESENTATION('',(#276),#280);
#276 = LINE('',#277,#278);
#277 = CARTESIAN_POINT('',(-0.3,-0.3));
#278 = VECTOR('',#279,1.);
#279 = DIRECTION('',(-1.,0.E+000));
#280 = ( GEOMETRIC_REPRESENTATION_CONTEXT(2) 
PARAMETRIC_REPRESENTATION_CONTEXT() REPRESENTATION_CONTEXT('2D SPACE',''
  ) );
#281 = PCURVE('',#282,#287);
#282 = PLANE('',#283);
#283 = AXIS2_PLACEMENT_3D('',#284,#285,#286);
#284 = CARTESIAN_POINT('',(-0.3,-0.3,1.6));
#285 = DIRECTION('',(0.E+000,1.,0.E+000));
#286 = DIRECTION('',(-1.,0.E+000,0.E+000));
#287 = DEFINITIONAL_REPRESENTATION('',(#288),#292);
#288 = LINE('',#289,#290);
#289 = CARTESIAN_POINT('',(0.E+000,0.E+000));
#290 = VECTOR('',#291,1.);
#291 = DIRECTION('',(1.,0.E+000));
#292 = ( GEOMETRIC_REPRESENTATION_CONTEXT(2) 
PARAMETRIC_REPRESENTATION_CONTEXT() REPRESENTATION_CONTEXT('2D SPACE',''
  ) );
#293 = ORIENTED_EDGE('',*,*,#294,.T.);
#294 = EDGE_CURVE('',#267,#295,#297,.T.);
#295 = VERTEX_POINT('',#296);
#296 = CARTESIAN_POINT('',(-1.05,0.3,1.6));
#297 = SURFACE_CURVE('',#298,(#302,#309),.PCURVE_S1.);
#298 = LINE('',#299,#300);
#299 = CARTESIAN_POINT('',(-1.05,-0.3,1.6));
#300 = VECTOR('',#301,1.);
#301 = DIRECTION('',(0.E+000,1.,0.E+000));
#302 = PCURVE('',#42,#303);
#303 = DEFINITIONAL_REPRESENTATION('',(#304),#308);
#304 = LINE('',#305,#306);
#305 = CARTESIAN_POINT('',(-1.05,-0.3));
#306 = VECTOR('',#307,1.);
#307 = DIRECTION('',(0.E+000,1.));
#308 = ( GEOMETRIC_REPRESENTATION_CONTEXT(2) 
PARAMETRIC_REPRESENTATION_CONTEXT() REPRESENTATION_CONTEXT('2D SPACE',''
  ) );
#309 = PCURVE('',#310,#315);
#310 = PLANE('',#311);
#311 = AXIS2_PLACEMENT_3D('',#312,#313,#314);
#312 = CARTESIAN_POINT('',(-1.05,-0.3,1.6));
#313 = DIRECTION('',(1.,0.E+000,0.E+000));
#314 = DIRECTION('',(0.E+000,1.,0.E+000));
#315 = DEFINITIONAL_REPRESENTATION('',(#316),#320);
#316 = LINE('',#317,#318);
#317 = CARTESIAN_POINT('',(0.E+000,0.E+000));
#318 = VECTOR('',#319,1.);
#319 = DIRECTION('',(1.,0.E+000));
#320 = ( GEOMETRIC_REPRESENTATION_CONTEXT(2) 
PARAMETRIC_REPRESENTATION_CONTEXT() REPRESENTATION_CONTEXT('2D SPACE',''
  ) );
#321 = ORIENTED_EDGE('',*,*,#322,.T.);
#322 = EDGE_CURVE('',#295,#323,#325,.T.);
#323 = VERTEX_POINT('',#324);
#324 = CARTESIAN_POINT('',(-0.3,0.3,1.6));
#325 = SURFACE_CURVE('',#326,(#330,#337),.PCURVE_S1.);
#326 = LINE('',#327,#328);
#327 = CARTESIAN_POINT('',(-1.05,0.3,1.6));
#328 = VECTOR('',#329,1.);
#329 = DIRECTION('',(1.,0.E+000,0.E+000));
#330 = PCURVE('',#42,#331);
#331 = DEFINITIONAL_REPRESENTATION('',(#332),#336);
#332 = LINE('',#333,#334);
#333 = CARTESIAN_POINT('',(-1.05,0.3));
#334 = VECTOR('',#335,1.);
#335 = DIRECTION('',(1.,0.E+000));
#336 = ( GEOMETRIC_REPRESENTATION_CONTEXT(2) 
PARAMETRIC_REPRESENTATION_CONTEXT() REPRESENTATION_CONTEXT('2D SPACE',''
  ) );
#337 = PCURVE('',#338,#343);
#338 = PLANE('',#339);
#339 = AXIS2_PLACEMENT_3D('',#340,#341,#342);
#340 = CARTESIAN_POINT('',(-1.05,0.3,1.6));
#341 = DIRECTION('',(0.E+000,-1.,0.E+000));
#342 = DIRECTION('',(1.,0.E+000,0.E+000));
#343 = DEFINITIONAL_REPRESENTATION('',(#344),#348);
#344 = LINE('',#345,#346);
#345 = CARTESIAN_POINT('',(0.E+000,0.E+000));
#346 = VECTOR('',#347,1.);
#347 = DIRECTION('',(1.,0.E+000));
#348 = ( GEOMETRIC_REPRESENTATION_CONTEXT(2) 
PARAMETRIC_REPRESENTATION_CONTEXT() REPRESENTATION_CONTEXT('2D SPACE',''
  ) );
#349 = ORIENTED_EDGE('',*,*,#350,.T.);
#350 = EDGE_CURVE('',#323,#351,#353,.T.);
#351 = VERTEX_POINT('',#352);
#352 = CARTESIAN_POINT('',(-0.3,1.05,1.6));
#353 = SURFACE_CURVE('',#354,(#358,#365),.PCURVE_S1.);
#354 = LINE('',#355,#356);
#355 = CARTESIAN_POINT('',(-0.3,0.3,1.6));
#356 = VECTOR('',#357,1.);
#357 = DIRECTION('',(0.E+000,1.,0.E+000));
#358 = PCURVE('',#42,#359);
#359 = DEFINITIONAL_REPRESENTATION('',(#360),#364);
#360 = LINE('',#361,#362);
#361 = CARTESIAN_POINT('',(-0.3,0.3));
#362 = VECTOR('',#363,1.);
#363 = DIRECTION('',(0.E+000,1.));
#364 = ( GEOMETRIC_REPRESENTATION_CONTEXT(2) 
PARAMETRIC_REPRESENTATION_CONTEXT() REPRESENTATION_CONTEXT('2D SPACE',''
  ) );
#365 = PCURVE('',#366,#371);
#366 = PLANE('',#367);
#367 = AXIS2_PLACEMENT_3D('',#368,#369,#370);
#368 = CARTESIAN_POINT('',(-0.3,0.3,1.6));
#369 = DIRECTION('',(1.,0.E+000,0.E+000));
#370 = DIRECTION('',(0.E+000,1.,0.E+000));
#371 = DEFINITIONAL_REPRESENTATION('',(#372),#376);
#372 = LINE('',#373,#374);
#373 = CARTESIAN_POINT('',(0.E+000,0.E+000));
#374 = VECTOR('',#375,1.);
#375 = DIRECTION('',(1.,0.E+000));
#376 = ( GEOMETRIC_REPRESENTATION_CONTEXT(2) 
PARAMETRIC_REPRESENTATION_CONTEXT() REPRESENTATION_CONTEXT('2D SPACE',''
  ) );
#377 = ORIENTED_EDGE('',*,*,#378,.T.);
#378 = EDGE_CURVE('',#351,#69,#379,.T.);
#379 = SURFACE_CURVE('',#380,(#384,#391),.PCURVE_S1.);
#380 = LINE('',#381,#382);
#381 = CARTESIAN_POINT('',(-0.3,1.05,1.6));
#382 = VECTOR('',#383,1.);
#383 = DIRECTION('',(1.,0.E+000,0.E+000));
#384 = PCURVE('',#42,#385);
#385 = DEFINITIONAL_REPRESENTATION('',(#386),#390);
#386 = LINE('',#387,#388);
#387 = CARTESIAN_POINT('',(-0.3,1.05));
#388 = VECTOR('',#389,1.);
#389 = DIRECTION('',(1.,0.E+000));
#390 = ( GEOMETRIC_REPRESENTATION_CONTEXT(2) 
PARAMETRIC_REPRESENTATION_CONTEXT() REPRESENTATION_CONTEXT('2D SPACE',''
  ) );
#391 = PCURVE('',#392,#397);
#392 = PLANE('',#393);
#393 = AXIS2_PLACEMENT_3D('',#394,#395,#396);
#394 = CARTESIAN_POINT('',(-0.3,1.05,1.6));
#395 = DIRECTION('',(0.E+000,-1.,0.E+000));
#396 = DIRECTION('',(1.,0.E+000,0.E+000));
#397 = DEFINITIONAL_REPRESENTATION('',(#398),#402);
#398 = LINE('',#399,#400);
#399 = CARTESIAN_POINT('',(0.E+000,0.E+000));
#400 = VECTOR('',#401,1.);
#401 = DIRECTION('',(1.,0.E+000));
#402 = ( GEOMETRIC_REPRESENTATION_CONTEXT(2) 
PARAMETRIC_REPRESENTATION_CONTEXT() REPRESENTATION_CONTEXT('2D SPACE',''
  ) );
#403 = ADVANCED_FACE('',(#404),#54,.T.);
#404 = FACE_BOUND('',#405,.T.);
#405 = EDGE_LOOP('',(#406,#429,#430,#431,#460,#486,#515,#541,#570,#596,
    #625,#651));
#406 = ORIENTED_EDGE('',*,*,#407,.T.);
#407 = EDGE_CURVE('',#408,#33,#410,.T.);
#408 = VERTEX_POINT('',#409);
#409 = CARTESIAN_POINT('',(1.5,-3.673940397442E-016,0.85));
#410 = SEAM_CURVE('',#411,(#415,#422),.PCURVE_S1.);
#411 = LINE('',#412,#413);
#412 = CARTESIAN_POINT('',(1.5,-3.673940397442E-016,0.85));
#413 = VECTOR('',#414,1.);
#414 = DIRECTION('',(0.E+000,0.E+000,1.));
#415 = PCURVE('',#54,#416);
#416 = DEFINITIONAL_REPRESENTATION('',(#417),#421);
#417 = LINE('',#418,#419);
#418 = CARTESIAN_POINT('',(6.28318530718,-0.E+000));
#419 = VECTOR('',#420,1.);
#420 = DIRECTION('',(0.E+000,1.));
#421 = ( GEOMETRIC_REPRESENTATION_CONTEXT(2) 
PARAMETRIC_REPRESENTATION_CONTEXT() REPRESENTATION_CONTEXT('2D SPACE',''
  ) );
#422 = PCURVE('',#54,#423);
#423 = DEFINITIONAL_REPRESENTATION('',(#424),#428);
#424 = LINE('',#425,#426);
#425 = CARTESIAN_POINT('',(0.E+000,-0.E+000));
#426 = VECTOR('',#427,1.);
#427 = DIRECTION('',(0.E+000,1.));
#428 = ( GEOMETRIC_REPRESENTATION_CONTEXT(2) 
PARAMETRIC_REPRESENTATION_CONTEXT() REPRESENTATION_CONTEXT('2D SPACE',''
  ) );
#429 = ORIENTED_EDGE('',*,*,#32,.F.);
#430 = ORIENTED_EDGE('',*,*,#407,.F.);
#431 = ORIENTED_EDGE('',*,*,#432,.T.);
#432 = EDGE_CURVE('',#408,#433,#435,.T.);
#433 = VERTEX_POINT('',#434);
#434 = CARTESIAN_POINT('',(-1.3,0.748331477355,0.85));
#435 = SURFACE_CURVE('',#436,(#441,#448),.PCURVE_S1.);
#436 = CIRCLE('',#437,1.5);
#437 = AXIS2_PLACEMENT_3D('',#438,#439,#440);
#438 = CARTESIAN_POINT('',(0.E+000,0.E+000,0.85));
#439 = DIRECTION('',(0.E+000,0.E+000,1.));
#440 = DIRECTION('',(1.,0.E+000,0.E+000));
#441 = PCURVE('',#54,#442);
#442 = DEFINITIONAL_REPRESENTATION('',(#443),#447);
#443 = LINE('',#444,#445);
#444 = CARTESIAN_POINT('',(0.E+000,0.E+000));
#445 = VECTOR('',#446,1.);
#446 = DIRECTION('',(1.,0.E+000));
#447 = ( GEOMETRIC_REPRESENTATION_CONTEXT(2) 
PARAMETRIC_REPRESENTATION_CONTEXT() REPRESENTATION_CONTEXT('2D SPACE',''
  ) );
#448 = PCURVE('',#449,#454);
#449 = PLANE('',#450);
#450 = AXIS2_PLACEMENT_3D('',#451,#452,#453);
#451 = CARTESIAN_POINT('',(-1.7,-1.55,0.85));
#452 = DIRECTION('',(0.E+000,0.E+000,1.));
#453 = DIRECTION('',(1.,0.E+000,0.E+000));
#454 = DEFINITIONAL_REPRESENTATION('',(#455),#459);
#455 = CIRCLE('',#456,1.5);
#456 = AXIS2_PLACEMENT_2D('',#457,#458);
#457 = CARTESIAN_POINT('',(1.7,1.55));
#458 = DIRECTION('',(1.,0.E+000));
#459 = ( GEOMETRIC_REPRESENTATION_CONTEXT(2) 
PARAMETRIC_REPRESENTATION_CONTEXT() REPRESENTATION_CONTEXT('2D SPACE',''
  ) );
#460 = ORIENTED_EDGE('',*,*,#461,.T.);
#461 = EDGE_CURVE('',#433,#462,#464,.T.);
#462 = VERTEX_POINT('',#463);
#463 = CARTESIAN_POINT('',(-1.3,0.748331477355,0.95));
#464 = SURFACE_CURVE('',#465,(#469,#475),.PCURVE_S1.);
#465 = LINE('',#466,#467);
#466 = CARTESIAN_POINT('',(-1.3,0.748331477355,0.85));
#467 = VECTOR('',#468,1.);
#468 = DIRECTION('',(0.E+000,0.E+000,1.));
#469 = PCURVE('',#54,#470);
#470 = DEFINITIONAL_REPRESENTATION('',(#471),#474);
#471 = B_SPLINE_CURVE_WITH_KNOTS('',1,(#472,#473),.UNSPECIFIED.,.F.,.F.,
  (2,2),(-4.000000000115E-007,0.11),.PIECEWISE_BEZIER_KNOTS.);
#472 = CARTESIAN_POINT('',(2.619277831784,-4.000000000115E-007));
#473 = CARTESIAN_POINT('',(2.619277831784,0.11));
#474 = ( GEOMETRIC_REPRESENTATION_CONTEXT(2) 
PARAMETRIC_REPRESENTATION_CONTEXT() REPRESENTATION_CONTEXT('2D SPACE',''
  ) );
#475 = PCURVE('',#476,#481);
#476 = PLANE('',#477);
#477 = AXIS2_PLACEMENT_3D('',#478,#479,#480);
#478 = CARTESIAN_POINT('',(-1.3,0.45,0.E+000));
#479 = DIRECTION('',(1.,0.E+000,0.E+000));
#480 = DIRECTION('',(0.E+000,0.E+000,1.));
#481 = DEFINITIONAL_REPRESENTATION('',(#482),#485);
#482 = B_SPLINE_CURVE_WITH_KNOTS('',1,(#483,#484),.UNSPECIFIED.,.F.,.F.,
  (2,2),(-4.000000000115E-007,0.11),.PIECEWISE_BEZIER_KNOTS.);
#483 = CARTESIAN_POINT('',(0.8499996,-0.298331477355));
#484 = CARTESIAN_POINT('',(0.96,-0.298331477355));
#485 = ( GEOMETRIC_REPRESENTATION_CONTEXT(2) 
PARAMETRIC_REPRESENTATION_CONTEXT() REPRESENTATION_CONTEXT('2D SPACE',''
  ) );
#486 = ORIENTED_EDGE('',*,*,#487,.T.);
#487 = EDGE_CURVE('',#462,#488,#490,.T.);
#488 = VERTEX_POINT('',#489);
#489 = CARTESIAN_POINT('',(-1.430908802125,0.45,0.95));
#490 = SURFACE_CURVE('',#491,(#496,#503),.PCURVE_S1.);
#491 = CIRCLE('',#492,1.5);
#492 = AXIS2_PLACEMENT_3D('',#493,#494,#495);
#493 = CARTESIAN_POINT('',(0.E+000,0.E+000,0.95));
#494 = DIRECTION('',(0.E+000,0.E+000,1.));
#495 = DIRECTION('',(1.,0.E+000,-0.E+000));
#496 = PCURVE('',#54,#497);
#497 = DEFINITIONAL_REPRESENTATION('',(#498),#502);
#498 = LINE('',#499,#500);
#499 = CARTESIAN_POINT('',(0.E+000,1.E-001));
#500 = VECTOR('',#501,1.);
#501 = DIRECTION('',(1.,0.E+000));
#502 = ( GEOMETRIC_REPRESENTATION_CONTEXT(2) 
PARAMETRIC_REPRESENTATION_CONTEXT() REPRESENTATION_CONTEXT('2D SPACE',''
  ) );
#503 = PCURVE('',#504,#509);
#504 = PLANE('',#505);
#505 = AXIS2_PLACEMENT_3D('',#506,#507,#508);
#506 = CARTESIAN_POINT('',(-1.9,0.45,0.95));
#507 = DIRECTION('',(0.E+000,0.E+000,1.));
#508 = DIRECTION('',(1.,0.E+000,0.E+000));
#509 = DEFINITIONAL_REPRESENTATION('',(#510),#514);
#510 = CIRCLE('',#511,1.5);
#511 = AXIS2_PLACEMENT_2D('',#512,#513);
#512 = CARTESIAN_POINT('',(1.9,-0.45));
#513 = DIRECTION('',(1.,0.E+000));
#514 = ( GEOMETRIC_REPRESENTATION_CONTEXT(2) 
PARAMETRIC_REPRESENTATION_CONTEXT() REPRESENTATION_CONTEXT('2D SPACE',''
  ) );
#515 = ORIENTED_EDGE('',*,*,#516,.F.);
#516 = EDGE_CURVE('',#517,#488,#519,.T.);
#517 = VERTEX_POINT('',#518);
#518 = CARTESIAN_POINT('',(-1.430908802125,0.45,0.85));
#519 = SURFACE_CURVE('',#520,(#524,#530),.PCURVE_S1.);
#520 = LINE('',#521,#522);
#521 = CARTESIAN_POINT('',(-1.430908802125,0.45,0.85));
#522 = VECTOR('',#523,1.);
#523 = DIRECTION('',(0.E+000,0.E+000,1.));
#524 = PCURVE('',#54,#525);
#525 = DEFINITIONAL_REPRESENTATION('',(#526),#529);
#526 = B_SPLINE_CURVE_WITH_KNOTS('',1,(#527,#528),.UNSPECIFIED.,.F.,.F.,
  (2,2),(-4.000000000115E-007,0.195),.PIECEWISE_BEZIER_KNOTS.);
#527 = CARTESIAN_POINT('',(2.836899999574,-4.000000000115E-007));
#528 = CARTESIAN_POINT('',(2.836899999574,0.195));
#529 = ( GEOMETRIC_REPRESENTATION_CONTEXT(2) 
PARAMETRIC_REPRESENTATION_CONTEXT() REPRESENTATION_CONTEXT('2D SPACE',''
  ) );
#530 = PCURVE('',#531,#536);
#531 = PLANE('',#532);
#532 = AXIS2_PLACEMENT_3D('',#533,#534,#535);
#533 = CARTESIAN_POINT('',(-1.9,0.45,0.E+000));
#534 = DIRECTION('',(0.E+000,1.,0.E+000));
#535 = DIRECTION('',(0.E+000,0.E+000,1.));
#536 = DEFINITIONAL_REPRESENTATION('',(#537),#540);
#537 = B_SPLINE_CURVE_WITH_KNOTS('',1,(#538,#539),.UNSPECIFIED.,.F.,.F.,
  (2,2),(-4.000000000115E-007,0.195),.PIECEWISE_BEZIER_KNOTS.);
#538 = CARTESIAN_POINT('',(0.8499996,0.469091197875));
#539 = CARTESIAN_POINT('',(1.045,0.469091197875));
#540 = ( GEOMETRIC_REPRESENTATION_CONTEXT(2) 
PARAMETRIC_REPRESENTATION_CONTEXT() REPRESENTATION_CONTEXT('2D SPACE',''
  ) );
#541 = ORIENTED_EDGE('',*,*,#542,.T.);
#542 = EDGE_CURVE('',#517,#543,#545,.T.);
#543 = VERTEX_POINT('',#544);
#544 = CARTESIAN_POINT('',(-1.430908802125,-0.45,0.85));
#545 = SURFACE_CURVE('',#546,(#551,#558),.PCURVE_S1.);
#546 = CIRCLE('',#547,1.5);
#547 = AXIS2_PLACEMENT_3D('',#548,#549,#550);
#548 = CARTESIAN_POINT('',(0.E+000,0.E+000,0.85));
#549 = DIRECTION('',(0.E+000,0.E+000,1.));
#550 = DIRECTION('',(1.,0.E+000,0.E+000));
#551 = PCURVE('',#54,#552);
#552 = DEFINITIONAL_REPRESENTATION('',(#553),#557);
#553 = LINE('',#554,#555);
#554 = CARTESIAN_POINT('',(0.E+000,0.E+000));
#555 = VECTOR('',#556,1.);
#556 = DIRECTION('',(1.,0.E+000));
#557 = ( GEOMETRIC_REPRESENTATION_CONTEXT(2) 
PARAMETRIC_REPRESENTATION_CONTEXT() REPRESENTATION_CONTEXT('2D SPACE',''
  ) );
#558 = PCURVE('',#559,#564);
#559 = PLANE('',#560);
#560 = AXIS2_PLACEMENT_3D('',#561,#562,#563);
#561 = CARTESIAN_POINT('',(-1.7,-1.55,0.85));
#562 = DIRECTION('',(0.E+000,0.E+000,1.));
#563 = DIRECTION('',(1.,0.E+000,0.E+000));
#564 = DEFINITIONAL_REPRESENTATION('',(#565),#569);
#565 = CIRCLE('',#566,1.5);
#566 = AXIS2_PLACEMENT_2D('',#567,#568);
#567 = CARTESIAN_POINT('',(1.7,1.55));
#568 = DIRECTION('',(1.,0.E+000));
#569 = ( GEOMETRIC_REPRESENTATION_CONTEXT(2) 
PARAMETRIC_REPRESENTATION_CONTEXT() REPRESENTATION_CONTEXT('2D SPACE',''
  ) );
#570 = ORIENTED_EDGE('',*,*,#571,.T.);
#571 = EDGE_CURVE('',#543,#572,#574,.T.);
#572 = VERTEX_POINT('',#573);
#573 = CARTESIAN_POINT('',(-1.430908802125,-0.45,0.95));
#574 = SURFACE_CURVE('',#575,(#579,#585),.PCURVE_S1.);
#575 = LINE('',#576,#577);
#576 = CARTESIAN_POINT('',(-1.430908802125,-0.45,0.85));
#577 = VECTOR('',#578,1.);
#578 = DIRECTION('',(0.E+000,0.E+000,1.));
#579 = PCURVE('',#54,#580);
#580 = DEFINITIONAL_REPRESENTATION('',(#581),#584);
#581 = B_SPLINE_CURVE_WITH_KNOTS('',1,(#582,#583),.UNSPECIFIED.,.F.,.F.,
  (2,2),(-4.000000000115E-007,0.195),.PIECEWISE_BEZIER_KNOTS.);
#582 = CARTESIAN_POINT('',(3.446285307605,-4.000000000115E-007));
#583 = CARTESIAN_POINT('',(3.446285307605,0.195));
#584 = ( GEOMETRIC_REPRESENTATION_CONTEXT(2) 
PARAMETRIC_REPRESENTATION_CONTEXT() REPRESENTATION_CONTEXT('2D SPACE',''
  ) );
#585 = PCURVE('',#586,#591);
#586 = PLANE('',#587);
#587 = AXIS2_PLACEMENT_3D('',#588,#589,#590);
#588 = CARTESIAN_POINT('',(-1.9,-0.45,0.E+000));
#589 = DIRECTION('',(0.E+000,1.,0.E+000));
#590 = DIRECTION('',(0.E+000,0.E+000,1.));
#591 = DEFINITIONAL_REPRESENTATION('',(#592),#595);
#592 = B_SPLINE_CURVE_WITH_KNOTS('',1,(#593,#594),.UNSPECIFIED.,.F.,.F.,
  (2,2),(-4.000000000115E-007,0.195),.PIECEWISE_BEZIER_KNOTS.);
#593 = CARTESIAN_POINT('',(0.8499996,0.469091197875));
#594 = CARTESIAN_POINT('',(1.045,0.469091197875));
#595 = ( GEOMETRIC_REPRESENTATION_CONTEXT(2) 
PARAMETRIC_REPRESENTATION_CONTEXT() REPRESENTATION_CONTEXT('2D SPACE',''
  ) );
#596 = ORIENTED_EDGE('',*,*,#597,.T.);
#597 = EDGE_CURVE('',#572,#598,#600,.T.);
#598 = VERTEX_POINT('',#599);
#599 = CARTESIAN_POINT('',(-1.3,-0.748331477355,0.95));
#600 = SURFACE_CURVE('',#601,(#606,#613),.PCURVE_S1.);
#601 = CIRCLE('',#602,1.5);
#602 = AXIS2_PLACEMENT_3D('',#603,#604,#605);
#603 = CARTESIAN_POINT('',(0.E+000,0.E+000,0.95));
#604 = DIRECTION('',(0.E+000,0.E+000,1.));
#605 = DIRECTION('',(1.,0.E+000,-0.E+000));
#606 = PCURVE('',#54,#607);
#607 = DEFINITIONAL_REPRESENTATION('',(#608),#612);
#608 = LINE('',#609,#610);
#609 = CARTESIAN_POINT('',(0.E+000,1.E-001));
#610 = VECTOR('',#611,1.);
#611 = DIRECTION('',(1.,0.E+000));
#612 = ( GEOMETRIC_REPRESENTATION_CONTEXT(2) 
PARAMETRIC_REPRESENTATION_CONTEXT() REPRESENTATION_CONTEXT('2D SPACE',''
  ) );
#613 = PCURVE('',#614,#619);
#614 = PLANE('',#615);
#615 = AXIS2_PLACEMENT_3D('',#616,#617,#618);
#616 = CARTESIAN_POINT('',(-1.9,-1.4,0.95));
#617 = DIRECTION('',(0.E+000,0.E+000,1.));
#618 = DIRECTION('',(1.,0.E+000,0.E+000));
#619 = DEFINITIONAL_REPRESENTATION('',(#620),#624);
#620 = CIRCLE('',#621,1.5);
#621 = AXIS2_PLACEMENT_2D('',#622,#623);
#622 = CARTESIAN_POINT('',(1.9,1.4));
#623 = DIRECTION('',(1.,0.E+000));
#624 = ( GEOMETRIC_REPRESENTATION_CONTEXT(2) 
PARAMETRIC_REPRESENTATION_CONTEXT() REPRESENTATION_CONTEXT('2D SPACE',''
  ) );
#625 = ORIENTED_EDGE('',*,*,#626,.F.);
#626 = EDGE_CURVE('',#627,#598,#629,.T.);
#627 = VERTEX_POINT('',#628);
#628 = CARTESIAN_POINT('',(-1.3,-0.748331477355,0.85));
#629 = SURFACE_CURVE('',#630,(#634,#640),.PCURVE_S1.);
#630 = LINE('',#631,#632);
#631 = CARTESIAN_POINT('',(-1.3,-0.748331477355,0.85));
#632 = VECTOR('',#633,1.);
#633 = DIRECTION('',(0.E+000,0.E+000,1.));
#634 = PCURVE('',#54,#635);
#635 = DEFINITIONAL_REPRESENTATION('',(#636),#639);
#636 = B_SPLINE_CURVE_WITH_KNOTS('',1,(#637,#638),.UNSPECIFIED.,.F.,.F.,
  (2,2),(-4.000000000115E-007,0.11),.PIECEWISE_BEZIER_KNOTS.);
#637 = CARTESIAN_POINT('',(3.663907475396,-4.000000000115E-007));
#638 = CARTESIAN_POINT('',(3.663907475396,0.11));
#639 = ( GEOMETRIC_REPRESENTATION_CONTEXT(2) 
PARAMETRIC_REPRESENTATION_CONTEXT() REPRESENTATION_CONTEXT('2D SPACE',''
  ) );
#640 = PCURVE('',#641,#646);
#641 = PLANE('',#642);
#642 = AXIS2_PLACEMENT_3D('',#643,#644,#645);
#643 = CARTESIAN_POINT('',(-1.3,-1.4,0.E+000));
#644 = DIRECTION('',(1.,0.E+000,0.E+000));
#645 = DIRECTION('',(0.E+000,0.E+000,1.));
#646 = DEFINITIONAL_REPRESENTATION('',(#647),#650);
#647 = B_SPLINE_CURVE_WITH_KNOTS('',1,(#648,#649),.UNSPECIFIED.,.F.,.F.,
  (2,2),(-4.000000000115E-007,0.11),.PIECEWISE_BEZIER_KNOTS.);
#648 = CARTESIAN_POINT('',(0.8499996,-0.651668522645));
#649 = CARTESIAN_POINT('',(0.96,-0.651668522645));
#650 = ( GEOMETRIC_REPRESENTATION_CONTEXT(2) 
PARAMETRIC_REPRESENTATION_CONTEXT() REPRESENTATION_CONTEXT('2D SPACE',''
  ) );
#651 = ORIENTED_EDGE('',*,*,#652,.T.);
#652 = EDGE_CURVE('',#627,#408,#653,.T.);
#653 = SURFACE_CURVE('',#654,(#659,#666),.PCURVE_S1.);
#654 = CIRCLE('',#655,1.5);
#655 = AXIS2_PLACEMENT_3D('',#656,#657,#658);
#656 = CARTESIAN_POINT('',(0.E+000,0.E+000,0.85));
#657 = DIRECTION('',(0.E+000,0.E+000,1.));
#658 = DIRECTION('',(1.,0.E+000,0.E+000));
#659 = PCURVE('',#54,#660);
#660 = DEFINITIONAL_REPRESENTATION('',(#661),#665);
#661 = LINE('',#662,#663);
#662 = CARTESIAN_POINT('',(0.E+000,0.E+000));
#663 = VECTOR('',#664,1.);
#664 = DIRECTION('',(1.,0.E+000));
#665 = ( GEOMETRIC_REPRESENTATION_CONTEXT(2) 
PARAMETRIC_REPRESENTATION_CONTEXT() REPRESENTATION_CONTEXT('2D SPACE',''
  ) );
#666 = PCURVE('',#449,#667);
#667 = DEFINITIONAL_REPRESENTATION('',(#668),#672);
#668 = CIRCLE('',#669,1.5);
#669 = AXIS2_PLACEMENT_2D('',#670,#671);
#670 = CARTESIAN_POINT('',(1.7,1.55));
#671 = DIRECTION('',(1.,0.E+000));
#672 = ( GEOMETRIC_REPRESENTATION_CONTEXT(2) 
PARAMETRIC_REPRESENTATION_CONTEXT() REPRESENTATION_CONTEXT('2D SPACE',''
  ) );
#673 = ADVANCED_FACE('',(#674),#86,.T.);
#674 = FACE_BOUND('',#675,.T.);
#675 = EDGE_LOOP('',(#676,#699,#727,#748));
#676 = ORIENTED_EDGE('',*,*,#677,.T.);
#677 = EDGE_CURVE('',#69,#678,#680,.T.);
#678 = VERTEX_POINT('',#679);
#679 = CARTESIAN_POINT('',(0.3,1.05,1.1));
#680 = SURFACE_CURVE('',#681,(#685,#692),.PCURVE_S1.);
#681 = LINE('',#682,#683);
#682 = CARTESIAN_POINT('',(0.3,1.05,1.6));
#683 = VECTOR('',#684,1.);
#684 = DIRECTION('',(-0.E+000,-0.E+000,-1.));
#685 = PCURVE('',#86,#686);
#686 = DEFINITIONAL_REPRESENTATION('',(#687),#691);
#687 = LINE('',#688,#689);
#688 = CARTESIAN_POINT('',(0.E+000,0.E+000));
#689 = VECTOR('',#690,1.);
#690 = DIRECTION('',(0.E+000,-1.));
#691 = ( GEOMETRIC_REPRESENTATION_CONTEXT(2) 
PARAMETRIC_REPRESENTATION_CONTEXT() REPRESENTATION_CONTEXT('2D SPACE',''
  ) );
#692 = PCURVE('',#392,#693);
#693 = DEFINITIONAL_REPRESENTATION('',(#694),#698);
#694 = LINE('',#695,#696);
#695 = CARTESIAN_POINT('',(0.6,0.E+000));
#696 = VECTOR('',#697,1.);
#697 = DIRECTION('',(0.E+000,-1.));
#698 = ( GEOMETRIC_REPRESENTATION_CONTEXT(2) 
PARAMETRIC_REPRESENTATION_CONTEXT() REPRESENTATION_CONTEXT('2D SPACE',''
  ) );
#699 = ORIENTED_EDGE('',*,*,#700,.T.);
#700 = EDGE_CURVE('',#678,#701,#703,.T.);
#701 = VERTEX_POINT('',#702);
#702 = CARTESIAN_POINT('',(0.3,0.3,1.1));
#703 = SURFACE_CURVE('',#704,(#708,#715),.PCURVE_S1.);
#704 = LINE('',#705,#706);
#705 = CARTESIAN_POINT('',(0.3,1.05,1.1));
#706 = VECTOR('',#707,1.);
#707 = DIRECTION('',(0.E+000,-1.,0.E+000));
#708 = PCURVE('',#86,#709);
#709 = DEFINITIONAL_REPRESENTATION('',(#710),#714);
#710 = LINE('',#711,#712);
#711 = CARTESIAN_POINT('',(0.E+000,-0.5));
#712 = VECTOR('',#713,1.);
#713 = DIRECTION('',(1.,0.E+000));
#714 = ( GEOMETRIC_REPRESENTATION_CONTEXT(2) 
PARAMETRIC_REPRESENTATION_CONTEXT() REPRESENTATION_CONTEXT('2D SPACE',''
  ) );
#715 = PCURVE('',#716,#721);
#716 = PLANE('',#717);
#717 = AXIS2_PLACEMENT_3D('',#718,#719,#720);
#718 = CARTESIAN_POINT('',(-1.05,0.3,1.1));
#719 = DIRECTION('',(0.E+000,0.E+000,-1.));
#720 = DIRECTION('',(-1.,0.E+000,0.E+000));
#721 = DEFINITIONAL_REPRESENTATION('',(#722),#726);
#722 = LINE('',#723,#724);
#723 = CARTESIAN_POINT('',(-1.35,0.75));
#724 = VECTOR('',#725,1.);
#725 = DIRECTION('',(0.E+000,-1.));
#726 = ( GEOMETRIC_REPRESENTATION_CONTEXT(2) 
PARAMETRIC_REPRESENTATION_CONTEXT() REPRESENTATION_CONTEXT('2D SPACE',''
  ) );
#727 = ORIENTED_EDGE('',*,*,#728,.F.);
#728 = EDGE_CURVE('',#71,#701,#729,.T.);
#729 = SURFACE_CURVE('',#730,(#734,#741),.PCURVE_S1.);
#730 = LINE('',#731,#732);
#731 = CARTESIAN_POINT('',(0.3,0.3,1.6));
#732 = VECTOR('',#733,1.);
#733 = DIRECTION('',(-0.E+000,-0.E+000,-1.));
#734 = PCURVE('',#86,#735);
#735 = DEFINITIONAL_REPRESENTATION('',(#736),#740);
#736 = LINE('',#737,#738);
#737 = CARTESIAN_POINT('',(0.75,0.E+000));
#738 = VECTOR('',#739,1.);
#739 = DIRECTION('',(0.E+000,-1.));
#740 = ( GEOMETRIC_REPRESENTATION_CONTEXT(2) 
PARAMETRIC_REPRESENTATION_CONTEXT() REPRESENTATION_CONTEXT('2D SPACE',''
  ) );
#741 = PCURVE('',#114,#742);
#742 = DEFINITIONAL_REPRESENTATION('',(#743),#747);
#743 = LINE('',#744,#745);
#744 = CARTESIAN_POINT('',(0.E+000,0.E+000));
#745 = VECTOR('',#746,1.);
#746 = DIRECTION('',(0.E+000,-1.));
#747 = ( GEOMETRIC_REPRESENTATION_CONTEXT(2) 
PARAMETRIC_REPRESENTATION_CONTEXT() REPRESENTATION_CONTEXT('2D SPACE',''
  ) );
#748 = ORIENTED_EDGE('',*,*,#68,.F.);
#749 = ADVANCED_FACE('',(#750),#392,.T.);
#750 = FACE_BOUND('',#751,.T.);
#751 = EDGE_LOOP('',(#752,#775,#796,#797));
#752 = ORIENTED_EDGE('',*,*,#753,.T.);
#753 = EDGE_CURVE('',#351,#754,#756,.T.);
#754 = VERTEX_POINT('',#755);
#755 = CARTESIAN_POINT('',(-0.3,1.05,1.1));
#756 = SURFACE_CURVE('',#757,(#761,#768),.PCURVE_S1.);
#757 = LINE('',#758,#759);
#758 = CARTESIAN_POINT('',(-0.3,1.05,1.6));
#759 = VECTOR('',#760,1.);
#760 = DIRECTION('',(-0.E+000,-0.E+000,-1.));
#761 = PCURVE('',#392,#762);
#762 = DEFINITIONAL_REPRESENTATION('',(#763),#767);
#763 = LINE('',#764,#765);
#764 = CARTESIAN_POINT('',(0.E+000,0.E+000));
#765 = VECTOR('',#766,1.);
#766 = DIRECTION('',(0.E+000,-1.));
#767 = ( GEOMETRIC_REPRESENTATION_CONTEXT(2) 
PARAMETRIC_REPRESENTATION_CONTEXT() REPRESENTATION_CONTEXT('2D SPACE',''
  ) );
#768 = PCURVE('',#366,#769);
#769 = DEFINITIONAL_REPRESENTATION('',(#770),#774);
#770 = LINE('',#771,#772);
#771 = CARTESIAN_POINT('',(0.75,0.E+000));
#772 = VECTOR('',#773,1.);
#773 = DIRECTION('',(0.E+000,-1.));
#774 = ( GEOMETRIC_REPRESENTATION_CONTEXT(2) 
PARAMETRIC_REPRESENTATION_CONTEXT() REPRESENTATION_CONTEXT('2D SPACE',''
  ) );
#775 = ORIENTED_EDGE('',*,*,#776,.T.);
#776 = EDGE_CURVE('',#754,#678,#777,.T.);
#777 = SURFACE_CURVE('',#778,(#782,#789),.PCURVE_S1.);
#778 = LINE('',#779,#780);
#779 = CARTESIAN_POINT('',(-0.3,1.05,1.1));
#780 = VECTOR('',#781,1.);
#781 = DIRECTION('',(1.,0.E+000,0.E+000));
#782 = PCURVE('',#392,#783);
#783 = DEFINITIONAL_REPRESENTATION('',(#784),#788);
#784 = LINE('',#785,#786);
#785 = CARTESIAN_POINT('',(0.E+000,-0.5));
#786 = VECTOR('',#787,1.);
#787 = DIRECTION('',(1.,0.E+000));
#788 = ( GEOMETRIC_REPRESENTATION_CONTEXT(2) 
PARAMETRIC_REPRESENTATION_CONTEXT() REPRESENTATION_CONTEXT('2D SPACE',''
  ) );
#789 = PCURVE('',#716,#790);
#790 = DEFINITIONAL_REPRESENTATION('',(#791),#795);
#791 = LINE('',#792,#793);
#792 = CARTESIAN_POINT('',(-0.75,0.75));
#793 = VECTOR('',#794,1.);
#794 = DIRECTION('',(-1.,0.E+000));
#795 = ( GEOMETRIC_REPRESENTATION_CONTEXT(2) 
PARAMETRIC_REPRESENTATION_CONTEXT() REPRESENTATION_CONTEXT('2D SPACE',''
  ) );
#796 = ORIENTED_EDGE('',*,*,#677,.F.);
#797 = ORIENTED_EDGE('',*,*,#378,.F.);
#798 = ADVANCED_FACE('',(#799),#366,.T.);
#799 = FACE_BOUND('',#800,.T.);
#800 = EDGE_LOOP('',(#801,#824,#845,#846));
#801 = ORIENTED_EDGE('',*,*,#802,.T.);
#802 = EDGE_CURVE('',#323,#803,#805,.T.);
#803 = VERTEX_POINT('',#804);
#804 = CARTESIAN_POINT('',(-0.3,0.3,1.1));
#805 = SURFACE_CURVE('',#806,(#810,#817),.PCURVE_S1.);
#806 = LINE('',#807,#808);
#807 = CARTESIAN_POINT('',(-0.3,0.3,1.6));
#808 = VECTOR('',#809,1.);
#809 = DIRECTION('',(-0.E+000,-0.E+000,-1.));
#810 = PCURVE('',#366,#811);
#811 = DEFINITIONAL_REPRESENTATION('',(#812),#816);
#812 = LINE('',#813,#814);
#813 = CARTESIAN_POINT('',(0.E+000,0.E+000));
#814 = VECTOR('',#815,1.);
#815 = DIRECTION('',(0.E+000,-1.));
#816 = ( GEOMETRIC_REPRESENTATION_CONTEXT(2) 
PARAMETRIC_REPRESENTATION_CONTEXT() REPRESENTATION_CONTEXT('2D SPACE',''
  ) );
#817 = PCURVE('',#338,#818);
#818 = DEFINITIONAL_REPRESENTATION('',(#819),#823);
#819 = LINE('',#820,#821);
#820 = CARTESIAN_POINT('',(0.75,0.E+000));
#821 = VECTOR('',#822,1.);
#822 = DIRECTION('',(0.E+000,-1.));
#823 = ( GEOMETRIC_REPRESENTATION_CONTEXT(2) 
PARAMETRIC_REPRESENTATION_CONTEXT() REPRESENTATION_CONTEXT('2D SPACE',''
  ) );
#824 = ORIENTED_EDGE('',*,*,#825,.T.);
#825 = EDGE_CURVE('',#803,#754,#826,.T.);
#826 = SURFACE_CURVE('',#827,(#831,#838),.PCURVE_S1.);
#827 = LINE('',#828,#829);
#828 = CARTESIAN_POINT('',(-0.3,0.3,1.1));
#829 = VECTOR('',#830,1.);
#830 = DIRECTION('',(0.E+000,1.,0.E+000));
#831 = PCURVE('',#366,#832);
#832 = DEFINITIONAL_REPRESENTATION('',(#833),#837);
#833 = LINE('',#834,#835);
#834 = CARTESIAN_POINT('',(0.E+000,-0.5));
#835 = VECTOR('',#836,1.);
#836 = DIRECTION('',(1.,0.E+000));
#837 = ( GEOMETRIC_REPRESENTATION_CONTEXT(2) 
PARAMETRIC_REPRESENTATION_CONTEXT() REPRESENTATION_CONTEXT('2D SPACE',''
  ) );
#838 = PCURVE('',#716,#839);
#839 = DEFINITIONAL_REPRESENTATION('',(#840),#844);
#840 = LINE('',#841,#842);
#841 = CARTESIAN_POINT('',(-0.75,0.E+000));
#842 = VECTOR('',#843,1.);
#843 = DIRECTION('',(0.E+000,1.));
#844 = ( GEOMETRIC_REPRESENTATION_CONTEXT(2) 
PARAMETRIC_REPRESENTATION_CONTEXT() REPRESENTATION_CONTEXT('2D SPACE',''
  ) );
#845 = ORIENTED_EDGE('',*,*,#753,.F.);
#846 = ORIENTED_EDGE('',*,*,#350,.F.);
#847 = ADVANCED_FACE('',(#848),#338,.T.);
#848 = FACE_BOUND('',#849,.T.);
#849 = EDGE_LOOP('',(#850,#873,#894,#895));
#850 = ORIENTED_EDGE('',*,*,#851,.T.);
#851 = EDGE_CURVE('',#295,#852,#854,.T.);
#852 = VERTEX_POINT('',#853);
#853 = CARTESIAN_POINT('',(-1.05,0.3,1.1));
#854 = SURFACE_CURVE('',#855,(#859,#866),.PCURVE_S1.);
#855 = LINE('',#856,#857);
#856 = CARTESIAN_POINT('',(-1.05,0.3,1.6));
#857 = VECTOR('',#858,1.);
#858 = DIRECTION('',(-0.E+000,-0.E+000,-1.));
#859 = PCURVE('',#338,#860);
#860 = DEFINITIONAL_REPRESENTATION('',(#861),#865);
#861 = LINE('',#862,#863);
#862 = CARTESIAN_POINT('',(0.E+000,0.E+000));
#863 = VECTOR('',#864,1.);
#864 = DIRECTION('',(0.E+000,-1.));
#865 = ( GEOMETRIC_REPRESENTATION_CONTEXT(2) 
PARAMETRIC_REPRESENTATION_CONTEXT() REPRESENTATION_CONTEXT('2D SPACE',''
  ) );
#866 = PCURVE('',#310,#867);
#867 = DEFINITIONAL_REPRESENTATION('',(#868),#872);
#868 = LINE('',#869,#870);
#869 = CARTESIAN_POINT('',(0.6,0.E+000));
#870 = VECTOR('',#871,1.);
#871 = DIRECTION('',(0.E+000,-1.));
#872 = ( GEOMETRIC_REPRESENTATION_CONTEXT(2) 
PARAMETRIC_REPRESENTATION_CONTEXT() REPRESENTATION_CONTEXT('2D SPACE',''
  ) );
#873 = ORIENTED_EDGE('',*,*,#874,.T.);
#874 = EDGE_CURVE('',#852,#803,#875,.T.);
#875 = SURFACE_CURVE('',#876,(#880,#887),.PCURVE_S1.);
#876 = LINE('',#877,#878);
#877 = CARTESIAN_POINT('',(-1.05,0.3,1.1));
#878 = VECTOR('',#879,1.);
#879 = DIRECTION('',(1.,0.E+000,0.E+000));
#880 = PCURVE('',#338,#881);
#881 = DEFINITIONAL_REPRESENTATION('',(#882),#886);
#882 = LINE('',#883,#884);
#883 = CARTESIAN_POINT('',(0.E+000,-0.5));
#884 = VECTOR('',#885,1.);
#885 = DIRECTION('',(1.,0.E+000));
#886 = ( GEOMETRIC_REPRESENTATION_CONTEXT(2) 
PARAMETRIC_REPRESENTATION_CONTEXT() REPRESENTATION_CONTEXT('2D SPACE',''
  ) );
#887 = PCURVE('',#716,#888);
#888 = DEFINITIONAL_REPRESENTATION('',(#889),#893);
#889 = LINE('',#890,#891);
#890 = CARTESIAN_POINT('',(0.E+000,0.E+000));
#891 = VECTOR('',#892,1.);
#892 = DIRECTION('',(-1.,0.E+000));
#893 = ( GEOMETRIC_REPRESENTATION_CONTEXT(2) 
PARAMETRIC_REPRESENTATION_CONTEXT() REPRESENTATION_CONTEXT('2D SPACE',''
  ) );
#894 = ORIENTED_EDGE('',*,*,#802,.F.);
#895 = ORIENTED_EDGE('',*,*,#322,.F.);
#896 = ADVANCED_FACE('',(#897),#310,.T.);
#897 = FACE_BOUND('',#898,.T.);
#898 = EDGE_LOOP('',(#899,#922,#943,#944));
#899 = ORIENTED_EDGE('',*,*,#900,.T.);
#900 = EDGE_CURVE('',#267,#901,#903,.T.);
#901 = VERTEX_POINT('',#902);
#902 = CARTESIAN_POINT('',(-1.05,-0.3,1.1));
#903 = SURFACE_CURVE('',#904,(#908,#915),.PCURVE_S1.);
#904 = LINE('',#905,#906);
#905 = CARTESIAN_POINT('',(-1.05,-0.3,1.6));
#906 = VECTOR('',#907,1.);
#907 = DIRECTION('',(-0.E+000,-0.E+000,-1.));
#908 = PCURVE('',#310,#909);
#909 = DEFINITIONAL_REPRESENTATION('',(#910),#914);
#910 = LINE('',#911,#912);
#911 = CARTESIAN_POINT('',(0.E+000,0.E+000));
#912 = VECTOR('',#913,1.);
#913 = DIRECTION('',(0.E+000,-1.));
#914 = ( GEOMETRIC_REPRESENTATION_CONTEXT(2) 
PARAMETRIC_REPRESENTATION_CONTEXT() REPRESENTATION_CONTEXT('2D SPACE',''
  ) );
#915 = PCURVE('',#282,#916);
#916 = DEFINITIONAL_REPRESENTATION('',(#917),#921);
#917 = LINE('',#918,#919);
#918 = CARTESIAN_POINT('',(0.75,0.E+000));
#919 = VECTOR('',#920,1.);
#920 = DIRECTION('',(0.E+000,-1.));
#921 = ( GEOMETRIC_REPRESENTATION_CONTEXT(2) 
PARAMETRIC_REPRESENTATION_CONTEXT() REPRESENTATION_CONTEXT('2D SPACE',''
  ) );
#922 = ORIENTED_EDGE('',*,*,#923,.T.);
#923 = EDGE_CURVE('',#901,#852,#924,.T.);
#924 = SURFACE_CURVE('',#925,(#929,#936),.PCURVE_S1.);
#925 = LINE('',#926,#927);
#926 = CARTESIAN_POINT('',(-1.05,-0.3,1.1));
#927 = VECTOR('',#928,1.);
#928 = DIRECTION('',(0.E+000,1.,0.E+000));
#929 = PCURVE('',#310,#930);
#930 = DEFINITIONAL_REPRESENTATION('',(#931),#935);
#931 = LINE('',#932,#933);
#932 = CARTESIAN_POINT('',(0.E+000,-0.5));
#933 = VECTOR('',#934,1.);
#934 = DIRECTION('',(1.,0.E+000));
#935 = ( GEOMETRIC_REPRESENTATION_CONTEXT(2) 
PARAMETRIC_REPRESENTATION_CONTEXT() REPRESENTATION_CONTEXT('2D SPACE',''
  ) );
#936 = PCURVE('',#716,#937);
#937 = DEFINITIONAL_REPRESENTATION('',(#938),#942);
#938 = LINE('',#939,#940);
#939 = CARTESIAN_POINT('',(0.E+000,-0.6));
#940 = VECTOR('',#941,1.);
#941 = DIRECTION('',(0.E+000,1.));
#942 = ( GEOMETRIC_REPRESENTATION_CONTEXT(2) 
PARAMETRIC_REPRESENTATION_CONTEXT() REPRESENTATION_CONTEXT('2D SPACE',''
  ) );
#943 = ORIENTED_EDGE('',*,*,#851,.F.);
#944 = ORIENTED_EDGE('',*,*,#294,.F.);
#945 = ADVANCED_FACE('',(#946),#282,.T.);
#946 = FACE_BOUND('',#947,.T.);
#947 = EDGE_LOOP('',(#948,#971,#992,#993));
#948 = ORIENTED_EDGE('',*,*,#949,.T.);
#949 = EDGE_CURVE('',#239,#950,#952,.T.);
#950 = VERTEX_POINT('',#951);
#951 = CARTESIAN_POINT('',(-0.3,-0.3,1.1));
#952 = SURFACE_CURVE('',#953,(#957,#964),.PCURVE_S1.);
#953 = LINE('',#954,#955);
#954 = CARTESIAN_POINT('',(-0.3,-0.3,1.6));
#955 = VECTOR('',#956,1.);
#956 = DIRECTION('',(-0.E+000,-0.E+000,-1.));
#957 = PCURVE('',#282,#958);
#958 = DEFINITIONAL_REPRESENTATION('',(#959),#963);
#959 = LINE('',#960,#961);
#960 = CARTESIAN_POINT('',(0.E+000,0.E+000));
#961 = VECTOR('',#962,1.);
#962 = DIRECTION('',(0.E+000,-1.));
#963 = ( GEOMETRIC_REPRESENTATION_CONTEXT(2) 
PARAMETRIC_REPRESENTATION_CONTEXT() REPRESENTATION_CONTEXT('2D SPACE',''
  ) );
#964 = PCURVE('',#254,#965);
#965 = DEFINITIONAL_REPRESENTATION('',(#966),#970);
#966 = LINE('',#967,#968);
#967 = CARTESIAN_POINT('',(0.75,0.E+000));
#968 = VECTOR('',#969,1.);
#969 = DIRECTION('',(0.E+000,-1.));
#970 = ( GEOMETRIC_REPRESENTATION_CONTEXT(2) 
PARAMETRIC_REPRESENTATION_CONTEXT() REPRESENTATION_CONTEXT('2D SPACE',''
  ) );
#971 = ORIENTED_EDGE('',*,*,#972,.T.);
#972 = EDGE_CURVE('',#950,#901,#973,.T.);
#973 = SURFACE_CURVE('',#974,(#978,#985),.PCURVE_S1.);
#974 = LINE('',#975,#976);
#975 = CARTESIAN_POINT('',(-0.3,-0.3,1.1));
#976 = VECTOR('',#977,1.);
#977 = DIRECTION('',(-1.,0.E+000,0.E+000));
#978 = PCURVE('',#282,#979);
#979 = DEFINITIONAL_REPRESENTATION('',(#980),#984);
#980 = LINE('',#981,#982);
#981 = CARTESIAN_POINT('',(0.E+000,-0.5));
#982 = VECTOR('',#983,1.);
#983 = DIRECTION('',(1.,0.E+000));
#984 = ( GEOMETRIC_REPRESENTATION_CONTEXT(2) 
PARAMETRIC_REPRESENTATION_CONTEXT() REPRESENTATION_CONTEXT('2D SPACE',''
  ) );
#985 = PCURVE('',#716,#986);
#986 = DEFINITIONAL_REPRESENTATION('',(#987),#991);
#987 = LINE('',#988,#989);
#988 = CARTESIAN_POINT('',(-0.75,-0.6));
#989 = VECTOR('',#990,1.);
#990 = DIRECTION('',(1.,0.E+000));
#991 = ( GEOMETRIC_REPRESENTATION_CONTEXT(2) 
PARAMETRIC_REPRESENTATION_CONTEXT() REPRESENTATION_CONTEXT('2D SPACE',''
  ) );
#992 = ORIENTED_EDGE('',*,*,#900,.F.);
#993 = ORIENTED_EDGE('',*,*,#266,.F.);
#994 = ADVANCED_FACE('',(#995),#254,.T.);
#995 = FACE_BOUND('',#996,.T.);
#996 = EDGE_LOOP('',(#997,#1020,#1041,#1042));
#997 = ORIENTED_EDGE('',*,*,#998,.T.);
#998 = EDGE_CURVE('',#211,#999,#1001,.T.);
#999 = VERTEX_POINT('',#1000);
#1000 = CARTESIAN_POINT('',(-0.3,-1.05,1.1));
#1001 = SURFACE_CURVE('',#1002,(#1006,#1013),.PCURVE_S1.);
#1002 = LINE('',#1003,#1004);
#1003 = CARTESIAN_POINT('',(-0.3,-1.05,1.6));
#1004 = VECTOR('',#1005,1.);
#1005 = DIRECTION('',(-0.E+000,-0.E+000,-1.));
#1006 = PCURVE('',#254,#1007);
#1007 = DEFINITIONAL_REPRESENTATION('',(#1008),#1012);
#1008 = LINE('',#1009,#1010);
#1009 = CARTESIAN_POINT('',(0.E+000,0.E+000));
#1010 = VECTOR('',#1011,1.);
#1011 = DIRECTION('',(0.E+000,-1.));
#1012 = ( GEOMETRIC_REPRESENTATION_CONTEXT(2) 
PARAMETRIC_REPRESENTATION_CONTEXT() REPRESENTATION_CONTEXT('2D SPACE',''
  ) );
#1013 = PCURVE('',#226,#1014);
#1014 = DEFINITIONAL_REPRESENTATION('',(#1015),#1019);
#1015 = LINE('',#1016,#1017);
#1016 = CARTESIAN_POINT('',(0.6,0.E+000));
#1017 = VECTOR('',#1018,1.);
#1018 = DIRECTION('',(0.E+000,-1.));
#1019 = ( GEOMETRIC_REPRESENTATION_CONTEXT(2) 
PARAMETRIC_REPRESENTATION_CONTEXT() REPRESENTATION_CONTEXT('2D SPACE',''
  ) );
#1020 = ORIENTED_EDGE('',*,*,#1021,.T.);
#1021 = EDGE_CURVE('',#999,#950,#1022,.T.);
#1022 = SURFACE_CURVE('',#1023,(#1027,#1034),.PCURVE_S1.);
#1023 = LINE('',#1024,#1025);
#1024 = CARTESIAN_POINT('',(-0.3,-1.05,1.1));
#1025 = VECTOR('',#1026,1.);
#1026 = DIRECTION('',(0.E+000,1.,0.E+000));
#1027 = PCURVE('',#254,#1028);
#1028 = DEFINITIONAL_REPRESENTATION('',(#1029),#1033);
#1029 = LINE('',#1030,#1031);
#1030 = CARTESIAN_POINT('',(0.E+000,-0.5));
#1031 = VECTOR('',#1032,1.);
#1032 = DIRECTION('',(1.,0.E+000));
#1033 = ( GEOMETRIC_REPRESENTATION_CONTEXT(2) 
PARAMETRIC_REPRESENTATION_CONTEXT() REPRESENTATION_CONTEXT('2D SPACE',''
  ) );
#1034 = PCURVE('',#716,#1035);
#1035 = DEFINITIONAL_REPRESENTATION('',(#1036),#1040);
#1036 = LINE('',#1037,#1038);
#1037 = CARTESIAN_POINT('',(-0.75,-1.35));
#1038 = VECTOR('',#1039,1.);
#1039 = DIRECTION('',(0.E+000,1.));
#1040 = ( GEOMETRIC_REPRESENTATION_CONTEXT(2) 
PARAMETRIC_REPRESENTATION_CONTEXT() REPRESENTATION_CONTEXT('2D SPACE',''
  ) );
#1041 = ORIENTED_EDGE('',*,*,#949,.F.);
#1042 = ORIENTED_EDGE('',*,*,#238,.F.);
#1043 = ADVANCED_FACE('',(#1044),#226,.T.);
#1044 = FACE_BOUND('',#1045,.T.);
#1045 = EDGE_LOOP('',(#1046,#1069,#1090,#1091));
#1046 = ORIENTED_EDGE('',*,*,#1047,.T.);
#1047 = EDGE_CURVE('',#183,#1048,#1050,.T.);
#1048 = VERTEX_POINT('',#1049);
#1049 = CARTESIAN_POINT('',(0.3,-1.05,1.1));
#1050 = SURFACE_CURVE('',#1051,(#1055,#1062),.PCURVE_S1.);
#1051 = LINE('',#1052,#1053);
#1052 = CARTESIAN_POINT('',(0.3,-1.05,1.6));
#1053 = VECTOR('',#1054,1.);
#1054 = DIRECTION('',(-0.E+000,-0.E+000,-1.));
#1055 = PCURVE('',#226,#1056);
#1056 = DEFINITIONAL_REPRESENTATION('',(#1057),#1061);
#1057 = LINE('',#1058,#1059);
#1058 = CARTESIAN_POINT('',(0.E+000,0.E+000));
#1059 = VECTOR('',#1060,1.);
#1060 = DIRECTION('',(0.E+000,-1.));
#1061 = ( GEOMETRIC_REPRESENTATION_CONTEXT(2) 
PARAMETRIC_REPRESENTATION_CONTEXT() REPRESENTATION_CONTEXT('2D SPACE',''
  ) );
#1062 = PCURVE('',#198,#1063);
#1063 = DEFINITIONAL_REPRESENTATION('',(#1064),#1068);
#1064 = LINE('',#1065,#1066);
#1065 = CARTESIAN_POINT('',(0.75,0.E+000));
#1066 = VECTOR('',#1067,1.);
#1067 = DIRECTION('',(0.E+000,-1.));
#1068 = ( GEOMETRIC_REPRESENTATION_CONTEXT(2) 
PARAMETRIC_REPRESENTATION_CONTEXT() REPRESENTATION_CONTEXT('2D SPACE',''
  ) );
#1069 = ORIENTED_EDGE('',*,*,#1070,.T.);
#1070 = EDGE_CURVE('',#1048,#999,#1071,.T.);
#1071 = SURFACE_CURVE('',#1072,(#1076,#1083),.PCURVE_S1.);
#1072 = LINE('',#1073,#1074);
#1073 = CARTESIAN_POINT('',(0.3,-1.05,1.1));
#1074 = VECTOR('',#1075,1.);
#1075 = DIRECTION('',(-1.,0.E+000,0.E+000));
#1076 = PCURVE('',#226,#1077);
#1077 = DEFINITIONAL_REPRESENTATION('',(#1078),#1082);
#1078 = LINE('',#1079,#1080);
#1079 = CARTESIAN_POINT('',(0.E+000,-0.5));
#1080 = VECTOR('',#1081,1.);
#1081 = DIRECTION('',(1.,0.E+000));
#1082 = ( GEOMETRIC_REPRESENTATION_CONTEXT(2) 
PARAMETRIC_REPRESENTATION_CONTEXT() REPRESENTATION_CONTEXT('2D SPACE',''
  ) );
#1083 = PCURVE('',#716,#1084);
#1084 = DEFINITIONAL_REPRESENTATION('',(#1085),#1089);
#1085 = LINE('',#1086,#1087);
#1086 = CARTESIAN_POINT('',(-1.35,-1.35));
#1087 = VECTOR('',#1088,1.);
#1088 = DIRECTION('',(1.,0.E+000));
#1089 = ( GEOMETRIC_REPRESENTATION_CONTEXT(2) 
PARAMETRIC_REPRESENTATION_CONTEXT() REPRESENTATION_CONTEXT('2D SPACE',''
  ) );
#1090 = ORIENTED_EDGE('',*,*,#998,.F.);
#1091 = ORIENTED_EDGE('',*,*,#210,.F.);
#1092 = ADVANCED_FACE('',(#1093),#198,.T.);
#1093 = FACE_BOUND('',#1094,.T.);
#1094 = EDGE_LOOP('',(#1095,#1118,#1139,#1140));
#1095 = ORIENTED_EDGE('',*,*,#1096,.T.);
#1096 = EDGE_CURVE('',#155,#1097,#1099,.T.);
#1097 = VERTEX_POINT('',#1098);
#1098 = CARTESIAN_POINT('',(0.3,-0.3,1.1));
#1099 = SURFACE_CURVE('',#1100,(#1104,#1111),.PCURVE_S1.);
#1100 = LINE('',#1101,#1102);
#1101 = CARTESIAN_POINT('',(0.3,-0.3,1.6));
#1102 = VECTOR('',#1103,1.);
#1103 = DIRECTION('',(-0.E+000,-0.E+000,-1.));
#1104 = PCURVE('',#198,#1105);
#1105 = DEFINITIONAL_REPRESENTATION('',(#1106),#1110);
#1106 = LINE('',#1107,#1108);
#1107 = CARTESIAN_POINT('',(0.E+000,0.E+000));
#1108 = VECTOR('',#1109,1.);
#1109 = DIRECTION('',(0.E+000,-1.));
#1110 = ( GEOMETRIC_REPRESENTATION_CONTEXT(2) 
PARAMETRIC_REPRESENTATION_CONTEXT() REPRESENTATION_CONTEXT('2D SPACE',''
  ) );
#1111 = PCURVE('',#170,#1112);
#1112 = DEFINITIONAL_REPRESENTATION('',(#1113),#1117);
#1113 = LINE('',#1114,#1115);
#1114 = CARTESIAN_POINT('',(0.75,0.E+000));
#1115 = VECTOR('',#1116,1.);
#1116 = DIRECTION('',(0.E+000,-1.));
#1117 = ( GEOMETRIC_REPRESENTATION_CONTEXT(2) 
PARAMETRIC_REPRESENTATION_CONTEXT() REPRESENTATION_CONTEXT('2D SPACE',''
  ) );
#1118 = ORIENTED_EDGE('',*,*,#1119,.T.);
#1119 = EDGE_CURVE('',#1097,#1048,#1120,.T.);
#1120 = SURFACE_CURVE('',#1121,(#1125,#1132),.PCURVE_S1.);
#1121 = LINE('',#1122,#1123);
#1122 = CARTESIAN_POINT('',(0.3,-0.3,1.1));
#1123 = VECTOR('',#1124,1.);
#1124 = DIRECTION('',(0.E+000,-1.,0.E+000));
#1125 = PCURVE('',#198,#1126);
#1126 = DEFINITIONAL_REPRESENTATION('',(#1127),#1131);
#1127 = LINE('',#1128,#1129);
#1128 = CARTESIAN_POINT('',(0.E+000,-0.5));
#1129 = VECTOR('',#1130,1.);
#1130 = DIRECTION('',(1.,0.E+000));
#1131 = ( GEOMETRIC_REPRESENTATION_CONTEXT(2) 
PARAMETRIC_REPRESENTATION_CONTEXT() REPRESENTATION_CONTEXT('2D SPACE',''
  ) );
#1132 = PCURVE('',#716,#1133);
#1133 = DEFINITIONAL_REPRESENTATION('',(#1134),#1138);
#1134 = LINE('',#1135,#1136);
#1135 = CARTESIAN_POINT('',(-1.35,-0.6));
#1136 = VECTOR('',#1137,1.);
#1137 = DIRECTION('',(0.E+000,-1.));
#1138 = ( GEOMETRIC_REPRESENTATION_CONTEXT(2) 
PARAMETRIC_REPRESENTATION_CONTEXT() REPRESENTATION_CONTEXT('2D SPACE',''
  ) );
#1139 = ORIENTED_EDGE('',*,*,#1047,.F.);
#1140 = ORIENTED_EDGE('',*,*,#182,.F.);
#1141 = ADVANCED_FACE('',(#1142),#170,.T.);
#1142 = FACE_BOUND('',#1143,.T.);
#1143 = EDGE_LOOP('',(#1144,#1167,#1188,#1189));
#1144 = ORIENTED_EDGE('',*,*,#1145,.T.);
#1145 = EDGE_CURVE('',#127,#1146,#1148,.T.);
#1146 = VERTEX_POINT('',#1147);
#1147 = CARTESIAN_POINT('',(1.05,-0.3,1.1));
#1148 = SURFACE_CURVE('',#1149,(#1153,#1160),.PCURVE_S1.);
#1149 = LINE('',#1150,#1151);
#1150 = CARTESIAN_POINT('',(1.05,-0.3,1.6));
#1151 = VECTOR('',#1152,1.);
#1152 = DIRECTION('',(-0.E+000,-0.E+000,-1.));
#1153 = PCURVE('',#170,#1154);
#1154 = DEFINITIONAL_REPRESENTATION('',(#1155),#1159);
#1155 = LINE('',#1156,#1157);
#1156 = CARTESIAN_POINT('',(0.E+000,0.E+000));
#1157 = VECTOR('',#1158,1.);
#1158 = DIRECTION('',(0.E+000,-1.));
#1159 = ( GEOMETRIC_REPRESENTATION_CONTEXT(2) 
PARAMETRIC_REPRESENTATION_CONTEXT() REPRESENTATION_CONTEXT('2D SPACE',''
  ) );
#1160 = PCURVE('',#142,#1161);
#1161 = DEFINITIONAL_REPRESENTATION('',(#1162),#1166);
#1162 = LINE('',#1163,#1164);
#1163 = CARTESIAN_POINT('',(0.6,0.E+000));
#1164 = VECTOR('',#1165,1.);
#1165 = DIRECTION('',(0.E+000,-1.));
#1166 = ( GEOMETRIC_REPRESENTATION_CONTEXT(2) 
PARAMETRIC_REPRESENTATION_CONTEXT() REPRESENTATION_CONTEXT('2D SPACE',''
  ) );
#1167 = ORIENTED_EDGE('',*,*,#1168,.T.);
#1168 = EDGE_CURVE('',#1146,#1097,#1169,.T.);
#1169 = SURFACE_CURVE('',#1170,(#1174,#1181),.PCURVE_S1.);
#1170 = LINE('',#1171,#1172);
#1171 = CARTESIAN_POINT('',(1.05,-0.3,1.1));
#1172 = VECTOR('',#1173,1.);
#1173 = DIRECTION('',(-1.,0.E+000,0.E+000));
#1174 = PCURVE('',#170,#1175);
#1175 = DEFINITIONAL_REPRESENTATION('',(#1176),#1180);
#1176 = LINE('',#1177,#1178);
#1177 = CARTESIAN_POINT('',(0.E+000,-0.5));
#1178 = VECTOR('',#1179,1.);
#1179 = DIRECTION('',(1.,0.E+000));
#1180 = ( GEOMETRIC_REPRESENTATION_CONTEXT(2) 
PARAMETRIC_REPRESENTATION_CONTEXT() REPRESENTATION_CONTEXT('2D SPACE',''
  ) );
#1181 = PCURVE('',#716,#1182);
#1182 = DEFINITIONAL_REPRESENTATION('',(#1183),#1187);
#1183 = LINE('',#1184,#1185);
#1184 = CARTESIAN_POINT('',(-2.1,-0.6));
#1185 = VECTOR('',#1186,1.);
#1186 = DIRECTION('',(1.,0.E+000));
#1187 = ( GEOMETRIC_REPRESENTATION_CONTEXT(2) 
PARAMETRIC_REPRESENTATION_CONTEXT() REPRESENTATION_CONTEXT('2D SPACE',''
  ) );
#1188 = ORIENTED_EDGE('',*,*,#1096,.F.);
#1189 = ORIENTED_EDGE('',*,*,#154,.F.);
#1190 = ADVANCED_FACE('',(#1191),#142,.T.);
#1191 = FACE_BOUND('',#1192,.T.);
#1192 = EDGE_LOOP('',(#1193,#1216,#1237,#1238));
#1193 = ORIENTED_EDGE('',*,*,#1194,.T.);
#1194 = EDGE_CURVE('',#99,#1195,#1197,.T.);
#1195 = VERTEX_POINT('',#1196);
#1196 = CARTESIAN_POINT('',(1.05,0.3,1.1));
#1197 = SURFACE_CURVE('',#1198,(#1202,#1209),.PCURVE_S1.);
#1198 = LINE('',#1199,#1200);
#1199 = CARTESIAN_POINT('',(1.05,0.3,1.6));
#1200 = VECTOR('',#1201,1.);
#1201 = DIRECTION('',(-0.E+000,-0.E+000,-1.));
#1202 = PCURVE('',#142,#1203);
#1203 = DEFINITIONAL_REPRESENTATION('',(#1204),#1208);
#1204 = LINE('',#1205,#1206);
#1205 = CARTESIAN_POINT('',(0.E+000,0.E+000));
#1206 = VECTOR('',#1207,1.);
#1207 = DIRECTION('',(0.E+000,-1.));
#1208 = ( GEOMETRIC_REPRESENTATION_CONTEXT(2) 
PARAMETRIC_REPRESENTATION_CONTEXT() REPRESENTATION_CONTEXT('2D SPACE',''
  ) );
#1209 = PCURVE('',#114,#1210);
#1210 = DEFINITIONAL_REPRESENTATION('',(#1211),#1215);
#1211 = LINE('',#1212,#1213);
#1212 = CARTESIAN_POINT('',(0.75,0.E+000));
#1213 = VECTOR('',#1214,1.);
#1214 = DIRECTION('',(0.E+000,-1.));
#1215 = ( GEOMETRIC_REPRESENTATION_CONTEXT(2) 
PARAMETRIC_REPRESENTATION_CONTEXT() REPRESENTATION_CONTEXT('2D SPACE',''
  ) );
#1216 = ORIENTED_EDGE('',*,*,#1217,.T.);
#1217 = EDGE_CURVE('',#1195,#1146,#1218,.T.);
#1218 = SURFACE_CURVE('',#1219,(#1223,#1230),.PCURVE_S1.);
#1219 = LINE('',#1220,#1221);
#1220 = CARTESIAN_POINT('',(1.05,0.3,1.1));
#1221 = VECTOR('',#1222,1.);
#1222 = DIRECTION('',(0.E+000,-1.,0.E+000));
#1223 = PCURVE('',#142,#1224);
#1224 = DEFINITIONAL_REPRESENTATION('',(#1225),#1229);
#1225 = LINE('',#1226,#1227);
#1226 = CARTESIAN_POINT('',(0.E+000,-0.5));
#1227 = VECTOR('',#1228,1.);
#1228 = DIRECTION('',(1.,0.E+000));
#1229 = ( GEOMETRIC_REPRESENTATION_CONTEXT(2) 
PARAMETRIC_REPRESENTATION_CONTEXT() REPRESENTATION_CONTEXT('2D SPACE',''
  ) );
#1230 = PCURVE('',#716,#1231);
#1231 = DEFINITIONAL_REPRESENTATION('',(#1232),#1236);
#1232 = LINE('',#1233,#1234);
#1233 = CARTESIAN_POINT('',(-2.1,0.E+000));
#1234 = VECTOR('',#1235,1.);
#1235 = DIRECTION('',(0.E+000,-1.));
#1236 = ( GEOMETRIC_REPRESENTATION_CONTEXT(2) 
PARAMETRIC_REPRESENTATION_CONTEXT() REPRESENTATION_CONTEXT('2D SPACE',''
  ) );
#1237 = ORIENTED_EDGE('',*,*,#1145,.F.);
#1238 = ORIENTED_EDGE('',*,*,#126,.F.);
#1239 = ADVANCED_FACE('',(#1240),#114,.T.);
#1240 = FACE_BOUND('',#1241,.T.);
#1241 = EDGE_LOOP('',(#1242,#1243,#1264,#1265));
#1242 = ORIENTED_EDGE('',*,*,#728,.T.);
#1243 = ORIENTED_EDGE('',*,*,#1244,.T.);
#1244 = EDGE_CURVE('',#701,#1195,#1245,.T.);
#1245 = SURFACE_CURVE('',#1246,(#1250,#1257),.PCURVE_S1.);
#1246 = LINE('',#1247,#1248);
#1247 = CARTESIAN_POINT('',(0.3,0.3,1.1));
#1248 = VECTOR('',#1249,1.);
#1249 = DIRECTION('',(1.,0.E+000,0.E+000));
#1250 = PCURVE('',#114,#1251);
#1251 = DEFINITIONAL_REPRESENTATION('',(#1252),#1256);
#1252 = LINE('',#1253,#1254);
#1253 = CARTESIAN_POINT('',(0.E+000,-0.5));
#1254 = VECTOR('',#1255,1.);
#1255 = DIRECTION('',(1.,0.E+000));
#1256 = ( GEOMETRIC_REPRESENTATION_CONTEXT(2) 
PARAMETRIC_REPRESENTATION_CONTEXT() REPRESENTATION_CONTEXT('2D SPACE',''
  ) );
#1257 = PCURVE('',#716,#1258);
#1258 = DEFINITIONAL_REPRESENTATION('',(#1259),#1263);
#1259 = LINE('',#1260,#1261);
#1260 = CARTESIAN_POINT('',(-1.35,0.E+000));
#1261 = VECTOR('',#1262,1.);
#1262 = DIRECTION('',(-1.,0.E+000));
#1263 = ( GEOMETRIC_REPRESENTATION_CONTEXT(2) 
PARAMETRIC_REPRESENTATION_CONTEXT() REPRESENTATION_CONTEXT('2D SPACE',''
  ) );
#1264 = ORIENTED_EDGE('',*,*,#1194,.F.);
#1265 = ORIENTED_EDGE('',*,*,#98,.F.);
#1266 = ADVANCED_FACE('',(#1267),#449,.T.);
#1267 = FACE_BOUND('',#1268,.T.);
#1268 = EDGE_LOOP('',(#1269,#1299,#1327,#1355,#1383,#1411,#1437,#1456,
    #1457,#1458,#1479));
#1269 = ORIENTED_EDGE('',*,*,#1270,.F.);
#1270 = EDGE_CURVE('',#1271,#1273,#1275,.T.);
#1271 = VERTEX_POINT('',#1272);
#1272 = CARTESIAN_POINT('',(-1.7,-1.55,0.85));
#1273 = VERTEX_POINT('',#1274);
#1274 = CARTESIAN_POINT('',(-1.7,-1.4,0.85));
#1275 = SURFACE_CURVE('',#1276,(#1280,#1287),.PCURVE_S1.);
#1276 = LINE('',#1277,#1278);
#1277 = CARTESIAN_POINT('',(-1.7,-1.55,0.85));
#1278 = VECTOR('',#1279,1.);
#1279 = DIRECTION('',(0.E+000,1.,0.E+000));
#1280 = PCURVE('',#449,#1281);
#1281 = DEFINITIONAL_REPRESENTATION('',(#1282),#1286);
#1282 = LINE('',#1283,#1284);
#1283 = CARTESIAN_POINT('',(0.E+000,0.E+000));
#1284 = VECTOR('',#1285,1.);
#1285 = DIRECTION('',(0.E+000,1.));
#1286 = ( GEOMETRIC_REPRESENTATION_CONTEXT(2) 
PARAMETRIC_REPRESENTATION_CONTEXT() REPRESENTATION_CONTEXT('2D SPACE',''
  ) );
#1287 = PCURVE('',#1288,#1293);
#1288 = PLANE('',#1289);
#1289 = AXIS2_PLACEMENT_3D('',#1290,#1291,#1292);
#1290 = CARTESIAN_POINT('',(-1.7,-1.55,0.2));
#1291 = DIRECTION('',(1.,0.E+000,0.E+000));
#1292 = DIRECTION('',(0.E+000,0.E+000,1.));
#1293 = DEFINITIONAL_REPRESENTATION('',(#1294),#1298);
#1294 = LINE('',#1295,#1296);
#1295 = CARTESIAN_POINT('',(0.65,0.E+000));
#1296 = VECTOR('',#1297,1.);
#1297 = DIRECTION('',(0.E+000,-1.));
#1298 = ( GEOMETRIC_REPRESENTATION_CONTEXT(2) 
PARAMETRIC_REPRESENTATION_CONTEXT() REPRESENTATION_CONTEXT('2D SPACE',''
  ) );
#1299 = ORIENTED_EDGE('',*,*,#1300,.T.);
#1300 = EDGE_CURVE('',#1271,#1301,#1303,.T.);
#1301 = VERTEX_POINT('',#1302);
#1302 = CARTESIAN_POINT('',(1.55,-1.55,0.85));
#1303 = SURFACE_CURVE('',#1304,(#1308,#1315),.PCURVE_S1.);
#1304 = LINE('',#1305,#1306);
#1305 = CARTESIAN_POINT('',(-1.7,-1.55,0.85));
#1306 = VECTOR('',#1307,1.);
#1307 = DIRECTION('',(1.,0.E+000,0.E+000));
#1308 = PCURVE('',#449,#1309);
#1309 = DEFINITIONAL_REPRESENTATION('',(#1310),#1314);
#1310 = LINE('',#1311,#1312);
#1311 = CARTESIAN_POINT('',(0.E+000,0.E+000));
#1312 = VECTOR('',#1313,1.);
#1313 = DIRECTION('',(1.,0.E+000));
#1314 = ( GEOMETRIC_REPRESENTATION_CONTEXT(2) 
PARAMETRIC_REPRESENTATION_CONTEXT() REPRESENTATION_CONTEXT('2D SPACE',''
  ) );
#1315 = PCURVE('',#1316,#1321);
#1316 = PLANE('',#1317);
#1317 = AXIS2_PLACEMENT_3D('',#1318,#1319,#1320);
#1318 = CARTESIAN_POINT('',(-1.7,-1.55,0.2));
#1319 = DIRECTION('',(0.E+000,1.,0.E+000));
#1320 = DIRECTION('',(0.E+000,0.E+000,1.));
#1321 = DEFINITIONAL_REPRESENTATION('',(#1322),#1326);
#1322 = LINE('',#1323,#1324);
#1323 = CARTESIAN_POINT('',(0.65,0.E+000));
#1324 = VECTOR('',#1325,1.);
#1325 = DIRECTION('',(0.E+000,1.));
#1326 = ( GEOMETRIC_REPRESENTATION_CONTEXT(2) 
PARAMETRIC_REPRESENTATION_CONTEXT() REPRESENTATION_CONTEXT('2D SPACE',''
  ) );
#1327 = ORIENTED_EDGE('',*,*,#1328,.T.);
#1328 = EDGE_CURVE('',#1301,#1329,#1331,.T.);
#1329 = VERTEX_POINT('',#1330);
#1330 = CARTESIAN_POINT('',(1.55,1.55,0.85));
#1331 = SURFACE_CURVE('',#1332,(#1336,#1343),.PCURVE_S1.);
#1332 = LINE('',#1333,#1334);
#1333 = CARTESIAN_POINT('',(1.55,-1.55,0.85));
#1334 = VECTOR('',#1335,1.);
#1335 = DIRECTION('',(0.E+000,1.,0.E+000));
#1336 = PCURVE('',#449,#1337);
#1337 = DEFINITIONAL_REPRESENTATION('',(#1338),#1342);
#1338 = LINE('',#1339,#1340);
#1339 = CARTESIAN_POINT('',(3.25,0.E+000));
#1340 = VECTOR('',#1341,1.);
#1341 = DIRECTION('',(0.E+000,1.));
#1342 = ( GEOMETRIC_REPRESENTATION_CONTEXT(2) 
PARAMETRIC_REPRESENTATION_CONTEXT() REPRESENTATION_CONTEXT('2D SPACE',''
  ) );
#1343 = PCURVE('',#1344,#1349);
#1344 = PLANE('',#1345);
#1345 = AXIS2_PLACEMENT_3D('',#1346,#1347,#1348);
#1346 = CARTESIAN_POINT('',(1.55,-1.55,0.2));
#1347 = DIRECTION('',(1.,0.E+000,0.E+000));
#1348 = DIRECTION('',(0.E+000,0.E+000,1.));
#1349 = DEFINITIONAL_REPRESENTATION('',(#1350),#1354);
#1350 = LINE('',#1351,#1352);
#1351 = CARTESIAN_POINT('',(0.65,0.E+000));
#1352 = VECTOR('',#1353,1.);
#1353 = DIRECTION('',(0.E+000,-1.));
#1354 = ( GEOMETRIC_REPRESENTATION_CONTEXT(2) 
PARAMETRIC_REPRESENTATION_CONTEXT() REPRESENTATION_CONTEXT('2D SPACE',''
  ) );
#1355 = ORIENTED_EDGE('',*,*,#1356,.F.);
#1356 = EDGE_CURVE('',#1357,#1329,#1359,.T.);
#1357 = VERTEX_POINT('',#1358);
#1358 = CARTESIAN_POINT('',(-1.7,1.55,0.85));
#1359 = SURFACE_CURVE('',#1360,(#1364,#1371),.PCURVE_S1.);
#1360 = LINE('',#1361,#1362);
#1361 = CARTESIAN_POINT('',(-1.7,1.55,0.85));
#1362 = VECTOR('',#1363,1.);
#1363 = DIRECTION('',(1.,0.E+000,0.E+000));
#1364 = PCURVE('',#449,#1365);
#1365 = DEFINITIONAL_REPRESENTATION('',(#1366),#1370);
#1366 = LINE('',#1367,#1368);
#1367 = CARTESIAN_POINT('',(0.E+000,3.1));
#1368 = VECTOR('',#1369,1.);
#1369 = DIRECTION('',(1.,0.E+000));
#1370 = ( GEOMETRIC_REPRESENTATION_CONTEXT(2) 
PARAMETRIC_REPRESENTATION_CONTEXT() REPRESENTATION_CONTEXT('2D SPACE',''
  ) );
#1371 = PCURVE('',#1372,#1377);
#1372 = PLANE('',#1373);
#1373 = AXIS2_PLACEMENT_3D('',#1374,#1375,#1376);
#1374 = CARTESIAN_POINT('',(-1.7,1.55,0.2));
#1375 = DIRECTION('',(0.E+000,1.,0.E+000));
#1376 = DIRECTION('',(0.E+000,0.E+000,1.));
#1377 = DEFINITIONAL_REPRESENTATION('',(#1378),#1382);
#1378 = LINE('',#1379,#1380);
#1379 = CARTESIAN_POINT('',(0.65,0.E+000));
#1380 = VECTOR('',#1381,1.);
#1381 = DIRECTION('',(0.E+000,1.));
#1382 = ( GEOMETRIC_REPRESENTATION_CONTEXT(2) 
PARAMETRIC_REPRESENTATION_CONTEXT() REPRESENTATION_CONTEXT('2D SPACE',''
  ) );
#1383 = ORIENTED_EDGE('',*,*,#1384,.F.);
#1384 = EDGE_CURVE('',#1385,#1357,#1387,.T.);
#1385 = VERTEX_POINT('',#1386);
#1386 = CARTESIAN_POINT('',(-1.7,1.4,0.85));
#1387 = SURFACE_CURVE('',#1388,(#1392,#1399),.PCURVE_S1.);
#1388 = LINE('',#1389,#1390);
#1389 = CARTESIAN_POINT('',(-1.7,-1.55,0.85));
#1390 = VECTOR('',#1391,1.);
#1391 = DIRECTION('',(0.E+000,1.,0.E+000));
#1392 = PCURVE('',#449,#1393);
#1393 = DEFINITIONAL_REPRESENTATION('',(#1394),#1398);
#1394 = LINE('',#1395,#1396);
#1395 = CARTESIAN_POINT('',(0.E+000,0.E+000));
#1396 = VECTOR('',#1397,1.);
#1397 = DIRECTION('',(0.E+000,1.));
#1398 = ( GEOMETRIC_REPRESENTATION_CONTEXT(2) 
PARAMETRIC_REPRESENTATION_CONTEXT() REPRESENTATION_CONTEXT('2D SPACE',''
  ) );
#1399 = PCURVE('',#1400,#1405);
#1400 = PLANE('',#1401);
#1401 = AXIS2_PLACEMENT_3D('',#1402,#1403,#1404);
#1402 = CARTESIAN_POINT('',(-1.7,-1.55,0.2));
#1403 = DIRECTION('',(1.,0.E+000,0.E+000));
#1404 = DIRECTION('',(0.E+000,0.E+000,1.));
#1405 = DEFINITIONAL_REPRESENTATION('',(#1406),#1410);
#1406 = LINE('',#1407,#1408);
#1407 = CARTESIAN_POINT('',(0.65,0.E+000));
#1408 = VECTOR('',#1409,1.);
#1409 = DIRECTION('',(0.E+000,-1.));
#1410 = ( GEOMETRIC_REPRESENTATION_CONTEXT(2) 
PARAMETRIC_REPRESENTATION_CONTEXT() REPRESENTATION_CONTEXT('2D SPACE',''
  ) );
#1411 = ORIENTED_EDGE('',*,*,#1412,.F.);
#1412 = EDGE_CURVE('',#1413,#1385,#1415,.T.);
#1413 = VERTEX_POINT('',#1414);
#1414 = CARTESIAN_POINT('',(-1.3,1.4,0.85));
#1415 = SURFACE_CURVE('',#1416,(#1420,#1426),.PCURVE_S1.);
#1416 = LINE('',#1417,#1418);
#1417 = CARTESIAN_POINT('',(-1.8,1.4,0.85));
#1418 = VECTOR('',#1419,1.);
#1419 = DIRECTION('',(-1.,0.E+000,0.E+000));
#1420 = PCURVE('',#449,#1421);
#1421 = DEFINITIONAL_REPRESENTATION('',(#1422),#1425);
#1422 = B_SPLINE_CURVE_WITH_KNOTS('',1,(#1423,#1424),.UNSPECIFIED.,.F.,
  .F.,(2,2),(-0.56,0.16),.PIECEWISE_BEZIER_KNOTS.);
#1423 = CARTESIAN_POINT('',(0.46,2.95));
#1424 = CARTESIAN_POINT('',(-0.26,2.95));
#1425 = ( GEOMETRIC_REPRESENTATION_CONTEXT(2) 
PARAMETRIC_REPRESENTATION_CONTEXT() REPRESENTATION_CONTEXT('2D SPACE',''
  ) );
#1426 = PCURVE('',#1427,#1432);
#1427 = PLANE('',#1428);
#1428 = AXIS2_PLACEMENT_3D('',#1429,#1430,#1431);
#1429 = CARTESIAN_POINT('',(-1.9,1.4,0.E+000));
#1430 = DIRECTION('',(0.E+000,1.,0.E+000));
#1431 = DIRECTION('',(0.E+000,0.E+000,1.));
#1432 = DEFINITIONAL_REPRESENTATION('',(#1433),#1436);
#1433 = B_SPLINE_CURVE_WITH_KNOTS('',1,(#1434,#1435),.UNSPECIFIED.,.F.,
  .F.,(2,2),(-0.56,0.16),.PIECEWISE_BEZIER_KNOTS.);
#1434 = CARTESIAN_POINT('',(0.85,0.66));
#1435 = CARTESIAN_POINT('',(0.85,-6.E-002));
#1436 = ( GEOMETRIC_REPRESENTATION_CONTEXT(2) 
PARAMETRIC_REPRESENTATION_CONTEXT() REPRESENTATION_CONTEXT('2D SPACE',''
  ) );
#1437 = ORIENTED_EDGE('',*,*,#1438,.F.);
#1438 = EDGE_CURVE('',#433,#1413,#1439,.T.);
#1439 = SURFACE_CURVE('',#1440,(#1444,#1450),.PCURVE_S1.);
#1440 = LINE('',#1441,#1442);
#1441 = CARTESIAN_POINT('',(-1.3,-0.55,0.85));
#1442 = VECTOR('',#1443,1.);
#1443 = DIRECTION('',(0.E+000,1.,0.E+000));
#1444 = PCURVE('',#449,#1445);
#1445 = DEFINITIONAL_REPRESENTATION('',(#1446),#1449);
#1446 = B_SPLINE_CURVE_WITH_KNOTS('',1,(#1447,#1448),.UNSPECIFIED.,.F.,
  .F.,(2,2),(0.905,2.045),.PIECEWISE_BEZIER_KNOTS.);
#1447 = CARTESIAN_POINT('',(0.4,1.905));
#1448 = CARTESIAN_POINT('',(0.4,3.045));
#1449 = ( GEOMETRIC_REPRESENTATION_CONTEXT(2) 
PARAMETRIC_REPRESENTATION_CONTEXT() REPRESENTATION_CONTEXT('2D SPACE',''
  ) );
#1450 = PCURVE('',#476,#1451);
#1451 = DEFINITIONAL_REPRESENTATION('',(#1452),#1455);
#1452 = B_SPLINE_CURVE_WITH_KNOTS('',1,(#1453,#1454),.UNSPECIFIED.,.F.,
  .F.,(2,2),(0.905,2.045),.PIECEWISE_BEZIER_KNOTS.);
#1453 = CARTESIAN_POINT('',(0.85,9.5E-002));
#1454 = CARTESIAN_POINT('',(0.85,-1.045));
#1455 = ( GEOMETRIC_REPRESENTATION_CONTEXT(2) 
PARAMETRIC_REPRESENTATION_CONTEXT() REPRESENTATION_CONTEXT('2D SPACE',''
  ) );
#1456 = ORIENTED_EDGE('',*,*,#432,.F.);
#1457 = ORIENTED_EDGE('',*,*,#652,.F.);
#1458 = ORIENTED_EDGE('',*,*,#1459,.F.);
#1459 = EDGE_CURVE('',#1460,#627,#1462,.T.);
#1460 = VERTEX_POINT('',#1461);
#1461 = CARTESIAN_POINT('',(-1.3,-1.4,0.85));
#1462 = SURFACE_CURVE('',#1463,(#1467,#1473),.PCURVE_S1.);
#1463 = LINE('',#1464,#1465);
#1464 = CARTESIAN_POINT('',(-1.3,-1.475,0.85));
#1465 = VECTOR('',#1466,1.);
#1466 = DIRECTION('',(0.E+000,1.,0.E+000));
#1467 = PCURVE('',#449,#1468);
#1468 = DEFINITIONAL_REPRESENTATION('',(#1469),#1472);
#1469 = B_SPLINE_CURVE_WITH_KNOTS('',1,(#1470,#1471),.UNSPECIFIED.,.F.,
  .F.,(2,2),(-2.E-002,1.12),.PIECEWISE_BEZIER_KNOTS.);
#1470 = CARTESIAN_POINT('',(0.4,5.5E-002));
#1471 = CARTESIAN_POINT('',(0.4,1.195));
#1472 = ( GEOMETRIC_REPRESENTATION_CONTEXT(2) 
PARAMETRIC_REPRESENTATION_CONTEXT() REPRESENTATION_CONTEXT('2D SPACE',''
  ) );
#1473 = PCURVE('',#641,#1474);
#1474 = DEFINITIONAL_REPRESENTATION('',(#1475),#1478);
#1475 = B_SPLINE_CURVE_WITH_KNOTS('',1,(#1476,#1477),.UNSPECIFIED.,.F.,
  .F.,(2,2),(-2.E-002,1.12),.PIECEWISE_BEZIER_KNOTS.);
#1476 = CARTESIAN_POINT('',(0.85,9.5E-002));
#1477 = CARTESIAN_POINT('',(0.85,-1.045));
#1478 = ( GEOMETRIC_REPRESENTATION_CONTEXT(2) 
PARAMETRIC_REPRESENTATION_CONTEXT() REPRESENTATION_CONTEXT('2D SPACE',''
  ) );
#1479 = ORIENTED_EDGE('',*,*,#1480,.T.);
#1480 = EDGE_CURVE('',#1460,#1273,#1481,.T.);
#1481 = SURFACE_CURVE('',#1482,(#1486,#1492),.PCURVE_S1.);
#1482 = LINE('',#1483,#1484);
#1483 = CARTESIAN_POINT('',(-1.8,-1.4,0.85));
#1484 = VECTOR('',#1485,1.);
#1485 = DIRECTION('',(-1.,0.E+000,0.E+000));
#1486 = PCURVE('',#449,#1487);
#1487 = DEFINITIONAL_REPRESENTATION('',(#1488),#1491);
#1488 = B_SPLINE_CURVE_WITH_KNOTS('',1,(#1489,#1490),.UNSPECIFIED.,.F.,
  .F.,(2,2),(-0.56,0.16),.PIECEWISE_BEZIER_KNOTS.);
#1489 = CARTESIAN_POINT('',(0.46,0.15));
#1490 = CARTESIAN_POINT('',(-0.26,0.15));
#1491 = ( GEOMETRIC_REPRESENTATION_CONTEXT(2) 
PARAMETRIC_REPRESENTATION_CONTEXT() REPRESENTATION_CONTEXT('2D SPACE',''
  ) );
#1492 = PCURVE('',#1493,#1498);
#1493 = PLANE('',#1494);
#1494 = AXIS2_PLACEMENT_3D('',#1495,#1496,#1497);
#1495 = CARTESIAN_POINT('',(-1.9,-1.4,0.E+000));
#1496 = DIRECTION('',(0.E+000,1.,0.E+000));
#1497 = DIRECTION('',(0.E+000,0.E+000,1.));
#1498 = DEFINITIONAL_REPRESENTATION('',(#1499),#1502);
#1499 = B_SPLINE_CURVE_WITH_KNOTS('',1,(#1500,#1501),.UNSPECIFIED.,.F.,
  .F.,(2,2),(-0.56,0.16),.PIECEWISE_BEZIER_KNOTS.);
#1500 = CARTESIAN_POINT('',(0.85,0.66));
#1501 = CARTESIAN_POINT('',(0.85,-6.E-002));
#1502 = ( GEOMETRIC_REPRESENTATION_CONTEXT(2) 
PARAMETRIC_REPRESENTATION_CONTEXT() REPRESENTATION_CONTEXT('2D SPACE',''
  ) );
#1503 = ADVANCED_FACE('',(#1504),#641,.T.);
#1504 = FACE_BOUND('',#1505,.T.);
#1505 = EDGE_LOOP('',(#1506,#1529,#1530,#1531));
#1506 = ORIENTED_EDGE('',*,*,#1507,.F.);
#1507 = EDGE_CURVE('',#1460,#1508,#1510,.T.);
#1508 = VERTEX_POINT('',#1509);
#1509 = CARTESIAN_POINT('',(-1.3,-1.4,0.95));
#1510 = SURFACE_CURVE('',#1511,(#1515,#1522),.PCURVE_S1.);
#1511 = LINE('',#1512,#1513);
#1512 = CARTESIAN_POINT('',(-1.3,-1.4,0.E+000));
#1513 = VECTOR('',#1514,1.);
#1514 = DIRECTION('',(0.E+000,0.E+000,1.));
#1515 = PCURVE('',#641,#1516);
#1516 = DEFINITIONAL_REPRESENTATION('',(#1517),#1521);
#1517 = LINE('',#1518,#1519);
#1518 = CARTESIAN_POINT('',(0.E+000,0.E+000));
#1519 = VECTOR('',#1520,1.);
#1520 = DIRECTION('',(1.,0.E+000));
#1521 = ( GEOMETRIC_REPRESENTATION_CONTEXT(2) 
PARAMETRIC_REPRESENTATION_CONTEXT() REPRESENTATION_CONTEXT('2D SPACE',''
  ) );
#1522 = PCURVE('',#1493,#1523);
#1523 = DEFINITIONAL_REPRESENTATION('',(#1524),#1528);
#1524 = LINE('',#1525,#1526);
#1525 = CARTESIAN_POINT('',(0.E+000,0.6));
#1526 = VECTOR('',#1527,1.);
#1527 = DIRECTION('',(1.,0.E+000));
#1528 = ( GEOMETRIC_REPRESENTATION_CONTEXT(2) 
PARAMETRIC_REPRESENTATION_CONTEXT() REPRESENTATION_CONTEXT('2D SPACE',''
  ) );
#1529 = ORIENTED_EDGE('',*,*,#1459,.T.);
#1530 = ORIENTED_EDGE('',*,*,#626,.T.);
#1531 = ORIENTED_EDGE('',*,*,#1532,.F.);
#1532 = EDGE_CURVE('',#1508,#598,#1533,.T.);
#1533 = SURFACE_CURVE('',#1534,(#1538,#1545),.PCURVE_S1.);
#1534 = LINE('',#1535,#1536);
#1535 = CARTESIAN_POINT('',(-1.3,-1.4,0.95));
#1536 = VECTOR('',#1537,1.);
#1537 = DIRECTION('',(0.E+000,1.,0.E+000));
#1538 = PCURVE('',#641,#1539);
#1539 = DEFINITIONAL_REPRESENTATION('',(#1540),#1544);
#1540 = LINE('',#1541,#1542);
#1541 = CARTESIAN_POINT('',(0.95,0.E+000));
#1542 = VECTOR('',#1543,1.);
#1543 = DIRECTION('',(0.E+000,-1.));
#1544 = ( GEOMETRIC_REPRESENTATION_CONTEXT(2) 
PARAMETRIC_REPRESENTATION_CONTEXT() REPRESENTATION_CONTEXT('2D SPACE',''
  ) );
#1545 = PCURVE('',#614,#1546);
#1546 = DEFINITIONAL_REPRESENTATION('',(#1547),#1551);
#1547 = LINE('',#1548,#1549);
#1548 = CARTESIAN_POINT('',(0.6,0.E+000));
#1549 = VECTOR('',#1550,1.);
#1550 = DIRECTION('',(0.E+000,1.));
#1551 = ( GEOMETRIC_REPRESENTATION_CONTEXT(2) 
PARAMETRIC_REPRESENTATION_CONTEXT() REPRESENTATION_CONTEXT('2D SPACE',''
  ) );
#1552 = ADVANCED_FACE('',(#1553),#614,.T.);
#1553 = FACE_BOUND('',#1554,.T.);
#1554 = EDGE_LOOP('',(#1555,#1578,#1606,#1627,#1628));
#1555 = ORIENTED_EDGE('',*,*,#1556,.F.);
#1556 = EDGE_CURVE('',#1557,#572,#1559,.T.);
#1557 = VERTEX_POINT('',#1558);
#1558 = CARTESIAN_POINT('',(-1.9,-0.45,0.95));
#1559 = SURFACE_CURVE('',#1560,(#1564,#1571),.PCURVE_S1.);
#1560 = LINE('',#1561,#1562);
#1561 = CARTESIAN_POINT('',(-1.9,-0.45,0.95));
#1562 = VECTOR('',#1563,1.);
#1563 = DIRECTION('',(1.,0.E+000,0.E+000));
#1564 = PCURVE('',#614,#1565);
#1565 = DEFINITIONAL_REPRESENTATION('',(#1566),#1570);
#1566 = LINE('',#1567,#1568);
#1567 = CARTESIAN_POINT('',(0.E+000,0.95));
#1568 = VECTOR('',#1569,1.);
#1569 = DIRECTION('',(1.,0.E+000));
#1570 = ( GEOMETRIC_REPRESENTATION_CONTEXT(2) 
PARAMETRIC_REPRESENTATION_CONTEXT() REPRESENTATION_CONTEXT('2D SPACE',''
  ) );
#1571 = PCURVE('',#586,#1572);
#1572 = DEFINITIONAL_REPRESENTATION('',(#1573),#1577);
#1573 = LINE('',#1574,#1575);
#1574 = CARTESIAN_POINT('',(0.95,0.E+000));
#1575 = VECTOR('',#1576,1.);
#1576 = DIRECTION('',(0.E+000,1.));
#1577 = ( GEOMETRIC_REPRESENTATION_CONTEXT(2) 
PARAMETRIC_REPRESENTATION_CONTEXT() REPRESENTATION_CONTEXT('2D SPACE',''
  ) );
#1578 = ORIENTED_EDGE('',*,*,#1579,.F.);
#1579 = EDGE_CURVE('',#1580,#1557,#1582,.T.);
#1580 = VERTEX_POINT('',#1581);
#1581 = CARTESIAN_POINT('',(-1.9,-1.4,0.95));
#1582 = SURFACE_CURVE('',#1583,(#1587,#1594),.PCURVE_S1.);
#1583 = LINE('',#1584,#1585);
#1584 = CARTESIAN_POINT('',(-1.9,-1.4,0.95));
#1585 = VECTOR('',#1586,1.);
#1586 = DIRECTION('',(0.E+000,1.,0.E+000));
#1587 = PCURVE('',#614,#1588);
#1588 = DEFINITIONAL_REPRESENTATION('',(#1589),#1593);
#1589 = LINE('',#1590,#1591);
#1590 = CARTESIAN_POINT('',(0.E+000,0.E+000));
#1591 = VECTOR('',#1592,1.);
#1592 = DIRECTION('',(0.E+000,1.));
#1593 = ( GEOMETRIC_REPRESENTATION_CONTEXT(2) 
PARAMETRIC_REPRESENTATION_CONTEXT() REPRESENTATION_CONTEXT('2D SPACE',''
  ) );
#1594 = PCURVE('',#1595,#1600);
#1595 = PLANE('',#1596);
#1596 = AXIS2_PLACEMENT_3D('',#1597,#1598,#1599);
#1597 = CARTESIAN_POINT('',(-1.9,-1.4,0.E+000));
#1598 = DIRECTION('',(1.,0.E+000,0.E+000));
#1599 = DIRECTION('',(0.E+000,0.E+000,1.));
#1600 = DEFINITIONAL_REPRESENTATION('',(#1601),#1605);
#1601 = LINE('',#1602,#1603);
#1602 = CARTESIAN_POINT('',(0.95,0.E+000));
#1603 = VECTOR('',#1604,1.);
#1604 = DIRECTION('',(0.E+000,-1.));
#1605 = ( GEOMETRIC_REPRESENTATION_CONTEXT(2) 
PARAMETRIC_REPRESENTATION_CONTEXT() REPRESENTATION_CONTEXT('2D SPACE',''
  ) );
#1606 = ORIENTED_EDGE('',*,*,#1607,.T.);
#1607 = EDGE_CURVE('',#1580,#1508,#1608,.T.);
#1608 = SURFACE_CURVE('',#1609,(#1613,#1620),.PCURVE_S1.);
#1609 = LINE('',#1610,#1611);
#1610 = CARTESIAN_POINT('',(-1.9,-1.4,0.95));
#1611 = VECTOR('',#1612,1.);
#1612 = DIRECTION('',(1.,0.E+000,0.E+000));
#1613 = PCURVE('',#614,#1614);
#1614 = DEFINITIONAL_REPRESENTATION('',(#1615),#1619);
#1615 = LINE('',#1616,#1617);
#1616 = CARTESIAN_POINT('',(0.E+000,0.E+000));
#1617 = VECTOR('',#1618,1.);
#1618 = DIRECTION('',(1.,0.E+000));
#1619 = ( GEOMETRIC_REPRESENTATION_CONTEXT(2) 
PARAMETRIC_REPRESENTATION_CONTEXT() REPRESENTATION_CONTEXT('2D SPACE',''
  ) );
#1620 = PCURVE('',#1493,#1621);
#1621 = DEFINITIONAL_REPRESENTATION('',(#1622),#1626);
#1622 = LINE('',#1623,#1624);
#1623 = CARTESIAN_POINT('',(0.95,0.E+000));
#1624 = VECTOR('',#1625,1.);
#1625 = DIRECTION('',(0.E+000,1.));
#1626 = ( GEOMETRIC_REPRESENTATION_CONTEXT(2) 
PARAMETRIC_REPRESENTATION_CONTEXT() REPRESENTATION_CONTEXT('2D SPACE',''
  ) );
#1627 = ORIENTED_EDGE('',*,*,#1532,.T.);
#1628 = ORIENTED_EDGE('',*,*,#597,.F.);
#1629 = ADVANCED_FACE('',(#1630),#586,.T.);
#1630 = FACE_BOUND('',#1631,.T.);
#1631 = EDGE_LOOP('',(#1632,#1662,#1690,#1711,#1712,#1713,#1734,#1760));
#1632 = ORIENTED_EDGE('',*,*,#1633,.F.);
#1633 = EDGE_CURVE('',#1634,#1636,#1638,.T.);
#1634 = VERTEX_POINT('',#1635);
#1635 = CARTESIAN_POINT('',(-1.3,-0.45,0.E+000));
#1636 = VERTEX_POINT('',#1637);
#1637 = CARTESIAN_POINT('',(-1.3,-0.45,0.2));
#1638 = SURFACE_CURVE('',#1639,(#1643,#1650),.PCURVE_S1.);
#1639 = LINE('',#1640,#1641);
#1640 = CARTESIAN_POINT('',(-1.3,-0.45,0.E+000));
#1641 = VECTOR('',#1642,1.);
#1642 = DIRECTION('',(0.E+000,0.E+000,1.));
#1643 = PCURVE('',#586,#1644);
#1644 = DEFINITIONAL_REPRESENTATION('',(#1645),#1649);
#1645 = LINE('',#1646,#1647);
#1646 = CARTESIAN_POINT('',(0.E+000,0.6));
#1647 = VECTOR('',#1648,1.);
#1648 = DIRECTION('',(1.,0.E+000));
#1649 = ( GEOMETRIC_REPRESENTATION_CONTEXT(2) 
PARAMETRIC_REPRESENTATION_CONTEXT() REPRESENTATION_CONTEXT('2D SPACE',''
  ) );
#1650 = PCURVE('',#1651,#1656);
#1651 = PLANE('',#1652);
#1652 = AXIS2_PLACEMENT_3D('',#1653,#1654,#1655);
#1653 = CARTESIAN_POINT('',(-1.3,-1.4,0.E+000));
#1654 = DIRECTION('',(1.,0.E+000,0.E+000));
#1655 = DIRECTION('',(0.E+000,0.E+000,1.));
#1656 = DEFINITIONAL_REPRESENTATION('',(#1657),#1661);
#1657 = LINE('',#1658,#1659);
#1658 = CARTESIAN_POINT('',(0.E+000,-0.95));
#1659 = VECTOR('',#1660,1.);
#1660 = DIRECTION('',(1.,0.E+000));
#1661 = ( GEOMETRIC_REPRESENTATION_CONTEXT(2) 
PARAMETRIC_REPRESENTATION_CONTEXT() REPRESENTATION_CONTEXT('2D SPACE',''
  ) );
#1662 = ORIENTED_EDGE('',*,*,#1663,.F.);
#1663 = EDGE_CURVE('',#1664,#1634,#1666,.T.);
#1664 = VERTEX_POINT('',#1665);
#1665 = CARTESIAN_POINT('',(-1.9,-0.45,0.E+000));
#1666 = SURFACE_CURVE('',#1667,(#1671,#1678),.PCURVE_S1.);
#1667 = LINE('',#1668,#1669);
#1668 = CARTESIAN_POINT('',(-1.9,-0.45,0.E+000));
#1669 = VECTOR('',#1670,1.);
#1670 = DIRECTION('',(1.,0.E+000,0.E+000));
#1671 = PCURVE('',#586,#1672);
#1672 = DEFINITIONAL_REPRESENTATION('',(#1673),#1677);
#1673 = LINE('',#1674,#1675);
#1674 = CARTESIAN_POINT('',(0.E+000,0.E+000));
#1675 = VECTOR('',#1676,1.);
#1676 = DIRECTION('',(0.E+000,1.));
#1677 = ( GEOMETRIC_REPRESENTATION_CONTEXT(2) 
PARAMETRIC_REPRESENTATION_CONTEXT() REPRESENTATION_CONTEXT('2D SPACE',''
  ) );
#1678 = PCURVE('',#1679,#1684);
#1679 = PLANE('',#1680);
#1680 = AXIS2_PLACEMENT_3D('',#1681,#1682,#1683);
#1681 = CARTESIAN_POINT('',(-1.9,-1.4,0.E+000));
#1682 = DIRECTION('',(0.E+000,0.E+000,1.));
#1683 = DIRECTION('',(1.,0.E+000,0.E+000));
#1684 = DEFINITIONAL_REPRESENTATION('',(#1685),#1689);
#1685 = LINE('',#1686,#1687);
#1686 = CARTESIAN_POINT('',(0.E+000,0.95));
#1687 = VECTOR('',#1688,1.);
#1688 = DIRECTION('',(1.,0.E+000));
#1689 = ( GEOMETRIC_REPRESENTATION_CONTEXT(2) 
PARAMETRIC_REPRESENTATION_CONTEXT() REPRESENTATION_CONTEXT('2D SPACE',''
  ) );
#1690 = ORIENTED_EDGE('',*,*,#1691,.T.);
#1691 = EDGE_CURVE('',#1664,#1557,#1692,.T.);
#1692 = SURFACE_CURVE('',#1693,(#1697,#1704),.PCURVE_S1.);
#1693 = LINE('',#1694,#1695);
#1694 = CARTESIAN_POINT('',(-1.9,-0.45,0.E+000));
#1695 = VECTOR('',#1696,1.);
#1696 = DIRECTION('',(0.E+000,0.E+000,1.));
#1697 = PCURVE('',#586,#1698);
#1698 = DEFINITIONAL_REPRESENTATION('',(#1699),#1703);
#1699 = LINE('',#1700,#1701);
#1700 = CARTESIAN_POINT('',(0.E+000,0.E+000));
#1701 = VECTOR('',#1702,1.);
#1702 = DIRECTION('',(1.,0.E+000));
#1703 = ( GEOMETRIC_REPRESENTATION_CONTEXT(2) 
PARAMETRIC_REPRESENTATION_CONTEXT() REPRESENTATION_CONTEXT('2D SPACE',''
  ) );
#1704 = PCURVE('',#1595,#1705);
#1705 = DEFINITIONAL_REPRESENTATION('',(#1706),#1710);
#1706 = LINE('',#1707,#1708);
#1707 = CARTESIAN_POINT('',(0.E+000,-0.95));
#1708 = VECTOR('',#1709,1.);
#1709 = DIRECTION('',(1.,0.E+000));
#1710 = ( GEOMETRIC_REPRESENTATION_CONTEXT(2) 
PARAMETRIC_REPRESENTATION_CONTEXT() REPRESENTATION_CONTEXT('2D SPACE',''
  ) );
#1711 = ORIENTED_EDGE('',*,*,#1556,.T.);
#1712 = ORIENTED_EDGE('',*,*,#571,.F.);
#1713 = ORIENTED_EDGE('',*,*,#1714,.T.);
#1714 = EDGE_CURVE('',#543,#1715,#1717,.T.);
#1715 = VERTEX_POINT('',#1716);
#1716 = CARTESIAN_POINT('',(-1.7,-0.45,0.85));
#1717 = SURFACE_CURVE('',#1718,(#1722,#1728),.PCURVE_S1.);
#1718 = LINE('',#1719,#1720);
#1719 = CARTESIAN_POINT('',(-1.8,-0.45,0.85));
#1720 = VECTOR('',#1721,1.);
#1721 = DIRECTION('',(-1.,0.E+000,0.E+000));
#1722 = PCURVE('',#586,#1723);
#1723 = DEFINITIONAL_REPRESENTATION('',(#1724),#1727);
#1724 = B_SPLINE_CURVE_WITH_KNOTS('',1,(#1725,#1726),.UNSPECIFIED.,.F.,
  .F.,(2,2),(-0.56,0.16),.PIECEWISE_BEZIER_KNOTS.);
#1725 = CARTESIAN_POINT('',(0.85,0.66));
#1726 = CARTESIAN_POINT('',(0.85,-6.E-002));
#1727 = ( GEOMETRIC_REPRESENTATION_CONTEXT(2) 
PARAMETRIC_REPRESENTATION_CONTEXT() REPRESENTATION_CONTEXT('2D SPACE',''
  ) );
#1728 = PCURVE('',#559,#1729);
#1729 = DEFINITIONAL_REPRESENTATION('',(#1730),#1733);
#1730 = B_SPLINE_CURVE_WITH_KNOTS('',1,(#1731,#1732),.UNSPECIFIED.,.F.,
  .F.,(2,2),(-0.56,0.16),.PIECEWISE_BEZIER_KNOTS.);
#1731 = CARTESIAN_POINT('',(0.46,1.1));
#1732 = CARTESIAN_POINT('',(-0.26,1.1));
#1733 = ( GEOMETRIC_REPRESENTATION_CONTEXT(2) 
PARAMETRIC_REPRESENTATION_CONTEXT() REPRESENTATION_CONTEXT('2D SPACE',''
  ) );
#1734 = ORIENTED_EDGE('',*,*,#1735,.F.);
#1735 = EDGE_CURVE('',#1736,#1715,#1738,.T.);
#1736 = VERTEX_POINT('',#1737);
#1737 = CARTESIAN_POINT('',(-1.7,-0.45,0.2));
#1738 = SURFACE_CURVE('',#1739,(#1743,#1749),.PCURVE_S1.);
#1739 = LINE('',#1740,#1741);
#1740 = CARTESIAN_POINT('',(-1.7,-0.45,0.1));
#1741 = VECTOR('',#1742,1.);
#1742 = DIRECTION('',(0.E+000,0.E+000,1.));
#1743 = PCURVE('',#586,#1744);
#1744 = DEFINITIONAL_REPRESENTATION('',(#1745),#1748);
#1745 = B_SPLINE_CURVE_WITH_KNOTS('',1,(#1746,#1747),.UNSPECIFIED.,.F.,
  .F.,(2,2),(3.5E-002,0.815),.PIECEWISE_BEZIER_KNOTS.);
#1746 = CARTESIAN_POINT('',(0.135,0.2));
#1747 = CARTESIAN_POINT('',(0.915,0.2));
#1748 = ( GEOMETRIC_REPRESENTATION_CONTEXT(2) 
PARAMETRIC_REPRESENTATION_CONTEXT() REPRESENTATION_CONTEXT('2D SPACE',''
  ) );
#1749 = PCURVE('',#1750,#1755);
#1750 = PLANE('',#1751);
#1751 = AXIS2_PLACEMENT_3D('',#1752,#1753,#1754);
#1752 = CARTESIAN_POINT('',(-1.7,-1.55,0.2));
#1753 = DIRECTION('',(1.,0.E+000,0.E+000));
#1754 = DIRECTION('',(0.E+000,0.E+000,1.));
#1755 = DEFINITIONAL_REPRESENTATION('',(#1756),#1759);
#1756 = B_SPLINE_CURVE_WITH_KNOTS('',1,(#1757,#1758),.UNSPECIFIED.,.F.,
  .F.,(2,2),(3.5E-002,0.815),.PIECEWISE_BEZIER_KNOTS.);
#1757 = CARTESIAN_POINT('',(-6.5E-002,-1.1));
#1758 = CARTESIAN_POINT('',(0.715,-1.1));
#1759 = ( GEOMETRIC_REPRESENTATION_CONTEXT(2) 
PARAMETRIC_REPRESENTATION_CONTEXT() REPRESENTATION_CONTEXT('2D SPACE',''
  ) );
#1760 = ORIENTED_EDGE('',*,*,#1761,.F.);
#1761 = EDGE_CURVE('',#1636,#1736,#1762,.T.);
#1762 = SURFACE_CURVE('',#1763,(#1767,#1773),.PCURVE_S1.);
#1763 = LINE('',#1764,#1765);
#1764 = CARTESIAN_POINT('',(-1.8,-0.45,0.2));
#1765 = VECTOR('',#1766,1.);
#1766 = DIRECTION('',(-1.,0.E+000,0.E+000));
#1767 = PCURVE('',#586,#1768);
#1768 = DEFINITIONAL_REPRESENTATION('',(#1769),#1772);
#1769 = B_SPLINE_CURVE_WITH_KNOTS('',1,(#1770,#1771),.UNSPECIFIED.,.F.,
  .F.,(2,2),(-0.56,0.16),.PIECEWISE_BEZIER_KNOTS.);
#1770 = CARTESIAN_POINT('',(0.2,0.66));
#1771 = CARTESIAN_POINT('',(0.2,-6.E-002));
#1772 = ( GEOMETRIC_REPRESENTATION_CONTEXT(2) 
PARAMETRIC_REPRESENTATION_CONTEXT() REPRESENTATION_CONTEXT('2D SPACE',''
  ) );
#1773 = PCURVE('',#1774,#1779);
#1774 = PLANE('',#1775);
#1775 = AXIS2_PLACEMENT_3D('',#1776,#1777,#1778);
#1776 = CARTESIAN_POINT('',(-1.7,-1.55,0.2));
#1777 = DIRECTION('',(0.E+000,0.E+000,1.));
#1778 = DIRECTION('',(1.,0.E+000,0.E+000));
#1779 = DEFINITIONAL_REPRESENTATION('',(#1780),#1783);
#1780 = B_SPLINE_CURVE_WITH_KNOTS('',1,(#1781,#1782),.UNSPECIFIED.,.F.,
  .F.,(2,2),(-0.56,0.16),.PIECEWISE_BEZIER_KNOTS.);
#1781 = CARTESIAN_POINT('',(0.46,1.1));
#1782 = CARTESIAN_POINT('',(-0.26,1.1));
#1783 = ( GEOMETRIC_REPRESENTATION_CONTEXT(2) 
PARAMETRIC_REPRESENTATION_CONTEXT() REPRESENTATION_CONTEXT('2D SPACE',''
  ) );
#1784 = ADVANCED_FACE('',(#1785),#559,.T.);
#1785 = FACE_BOUND('',#1786,.T.);
#1786 = EDGE_LOOP('',(#1787,#1788,#1789,#1810));
#1787 = ORIENTED_EDGE('',*,*,#1714,.F.);
#1788 = ORIENTED_EDGE('',*,*,#542,.F.);
#1789 = ORIENTED_EDGE('',*,*,#1790,.T.);
#1790 = EDGE_CURVE('',#517,#1791,#1793,.T.);
#1791 = VERTEX_POINT('',#1792);
#1792 = CARTESIAN_POINT('',(-1.7,0.45,0.85));
#1793 = SURFACE_CURVE('',#1794,(#1798,#1804),.PCURVE_S1.);
#1794 = LINE('',#1795,#1796);
#1795 = CARTESIAN_POINT('',(-1.8,0.45,0.85));
#1796 = VECTOR('',#1797,1.);
#1797 = DIRECTION('',(-1.,0.E+000,0.E+000));
#1798 = PCURVE('',#559,#1799);
#1799 = DEFINITIONAL_REPRESENTATION('',(#1800),#1803);
#1800 = B_SPLINE_CURVE_WITH_KNOTS('',1,(#1801,#1802),.UNSPECIFIED.,.F.,
  .F.,(2,2),(-0.56,0.16),.PIECEWISE_BEZIER_KNOTS.);
#1801 = CARTESIAN_POINT('',(0.46,2.));
#1802 = CARTESIAN_POINT('',(-0.26,2.));
#1803 = ( GEOMETRIC_REPRESENTATION_CONTEXT(2) 
PARAMETRIC_REPRESENTATION_CONTEXT() REPRESENTATION_CONTEXT('2D SPACE',''
  ) );
#1804 = PCURVE('',#531,#1805);
#1805 = DEFINITIONAL_REPRESENTATION('',(#1806),#1809);
#1806 = B_SPLINE_CURVE_WITH_KNOTS('',1,(#1807,#1808),.UNSPECIFIED.,.F.,
  .F.,(2,2),(-0.56,0.16),.PIECEWISE_BEZIER_KNOTS.);
#1807 = CARTESIAN_POINT('',(0.85,0.66));
#1808 = CARTESIAN_POINT('',(0.85,-6.E-002));
#1809 = ( GEOMETRIC_REPRESENTATION_CONTEXT(2) 
PARAMETRIC_REPRESENTATION_CONTEXT() REPRESENTATION_CONTEXT('2D SPACE',''
  ) );
#1810 = ORIENTED_EDGE('',*,*,#1811,.F.);
#1811 = EDGE_CURVE('',#1715,#1791,#1812,.T.);
#1812 = SURFACE_CURVE('',#1813,(#1817,#1824),.PCURVE_S1.);
#1813 = LINE('',#1814,#1815);
#1814 = CARTESIAN_POINT('',(-1.7,-1.55,0.85));
#1815 = VECTOR('',#1816,1.);
#1816 = DIRECTION('',(0.E+000,1.,0.E+000));
#1817 = PCURVE('',#559,#1818);
#1818 = DEFINITIONAL_REPRESENTATION('',(#1819),#1823);
#1819 = LINE('',#1820,#1821);
#1820 = CARTESIAN_POINT('',(0.E+000,0.E+000));
#1821 = VECTOR('',#1822,1.);
#1822 = DIRECTION('',(0.E+000,1.));
#1823 = ( GEOMETRIC_REPRESENTATION_CONTEXT(2) 
PARAMETRIC_REPRESENTATION_CONTEXT() REPRESENTATION_CONTEXT('2D SPACE',''
  ) );
#1824 = PCURVE('',#1750,#1825);
#1825 = DEFINITIONAL_REPRESENTATION('',(#1826),#1830);
#1826 = LINE('',#1827,#1828);
#1827 = CARTESIAN_POINT('',(0.65,0.E+000));
#1828 = VECTOR('',#1829,1.);
#1829 = DIRECTION('',(0.E+000,-1.));
#1830 = ( GEOMETRIC_REPRESENTATION_CONTEXT(2) 
PARAMETRIC_REPRESENTATION_CONTEXT() REPRESENTATION_CONTEXT('2D SPACE',''
  ) );
#1831 = ADVANCED_FACE('',(#1832),#531,.F.);
#1832 = FACE_BOUND('',#1833,.F.);
#1833 = EDGE_LOOP('',(#1834,#1864,#1892,#1920,#1941,#1942,#1943,#1964));
#1834 = ORIENTED_EDGE('',*,*,#1835,.F.);
#1835 = EDGE_CURVE('',#1836,#1838,#1840,.T.);
#1836 = VERTEX_POINT('',#1837);
#1837 = CARTESIAN_POINT('',(-1.3,0.45,0.E+000));
#1838 = VERTEX_POINT('',#1839);
#1839 = CARTESIAN_POINT('',(-1.3,0.45,0.2));
#1840 = SURFACE_CURVE('',#1841,(#1845,#1852),.PCURVE_S1.);
#1841 = LINE('',#1842,#1843);
#1842 = CARTESIAN_POINT('',(-1.3,0.45,0.E+000));
#1843 = VECTOR('',#1844,1.);
#1844 = DIRECTION('',(0.E+000,0.E+000,1.));
#1845 = PCURVE('',#531,#1846);
#1846 = DEFINITIONAL_REPRESENTATION('',(#1847),#1851);
#1847 = LINE('',#1848,#1849);
#1848 = CARTESIAN_POINT('',(0.E+000,0.6));
#1849 = VECTOR('',#1850,1.);
#1850 = DIRECTION('',(1.,0.E+000));
#1851 = ( GEOMETRIC_REPRESENTATION_CONTEXT(2) 
PARAMETRIC_REPRESENTATION_CONTEXT() REPRESENTATION_CONTEXT('2D SPACE',''
  ) );
#1852 = PCURVE('',#1853,#1858);
#1853 = PLANE('',#1854);
#1854 = AXIS2_PLACEMENT_3D('',#1855,#1856,#1857);
#1855 = CARTESIAN_POINT('',(-1.3,0.45,0.E+000));
#1856 = DIRECTION('',(1.,0.E+000,0.E+000));
#1857 = DIRECTION('',(0.E+000,0.E+000,1.));
#1858 = DEFINITIONAL_REPRESENTATION('',(#1859),#1863);
#1859 = LINE('',#1860,#1861);
#1860 = CARTESIAN_POINT('',(0.E+000,0.E+000));
#1861 = VECTOR('',#1862,1.);
#1862 = DIRECTION('',(1.,0.E+000));
#1863 = ( GEOMETRIC_REPRESENTATION_CONTEXT(2) 
PARAMETRIC_REPRESENTATION_CONTEXT() REPRESENTATION_CONTEXT('2D SPACE',''
  ) );
#1864 = ORIENTED_EDGE('',*,*,#1865,.F.);
#1865 = EDGE_CURVE('',#1866,#1836,#1868,.T.);
#1866 = VERTEX_POINT('',#1867);
#1867 = CARTESIAN_POINT('',(-1.9,0.45,0.E+000));
#1868 = SURFACE_CURVE('',#1869,(#1873,#1880),.PCURVE_S1.);
#1869 = LINE('',#1870,#1871);
#1870 = CARTESIAN_POINT('',(-1.9,0.45,0.E+000));
#1871 = VECTOR('',#1872,1.);
#1872 = DIRECTION('',(1.,0.E+000,0.E+000));
#1873 = PCURVE('',#531,#1874);
#1874 = DEFINITIONAL_REPRESENTATION('',(#1875),#1879);
#1875 = LINE('',#1876,#1877);
#1876 = CARTESIAN_POINT('',(0.E+000,0.E+000));
#1877 = VECTOR('',#1878,1.);
#1878 = DIRECTION('',(0.E+000,1.));
#1879 = ( GEOMETRIC_REPRESENTATION_CONTEXT(2) 
PARAMETRIC_REPRESENTATION_CONTEXT() REPRESENTATION_CONTEXT('2D SPACE',''
  ) );
#1880 = PCURVE('',#1881,#1886);
#1881 = PLANE('',#1882);
#1882 = AXIS2_PLACEMENT_3D('',#1883,#1884,#1885);
#1883 = CARTESIAN_POINT('',(-1.9,0.45,0.E+000));
#1884 = DIRECTION('',(0.E+000,0.E+000,1.));
#1885 = DIRECTION('',(1.,0.E+000,0.E+000));
#1886 = DEFINITIONAL_REPRESENTATION('',(#1887),#1891);
#1887 = LINE('',#1888,#1889);
#1888 = CARTESIAN_POINT('',(0.E+000,0.E+000));
#1889 = VECTOR('',#1890,1.);
#1890 = DIRECTION('',(1.,0.E+000));
#1891 = ( GEOMETRIC_REPRESENTATION_CONTEXT(2) 
PARAMETRIC_REPRESENTATION_CONTEXT() REPRESENTATION_CONTEXT('2D SPACE',''
  ) );
#1892 = ORIENTED_EDGE('',*,*,#1893,.T.);
#1893 = EDGE_CURVE('',#1866,#1894,#1896,.T.);
#1894 = VERTEX_POINT('',#1895);
#1895 = CARTESIAN_POINT('',(-1.9,0.45,0.95));
#1896 = SURFACE_CURVE('',#1897,(#1901,#1908),.PCURVE_S1.);
#1897 = LINE('',#1898,#1899);
#1898 = CARTESIAN_POINT('',(-1.9,0.45,0.E+000));
#1899 = VECTOR('',#1900,1.);
#1900 = DIRECTION('',(0.E+000,0.E+000,1.));
#1901 = PCURVE('',#531,#1902);
#1902 = DEFINITIONAL_REPRESENTATION('',(#1903),#1907);
#1903 = LINE('',#1904,#1905);
#1904 = CARTESIAN_POINT('',(0.E+000,0.E+000));
#1905 = VECTOR('',#1906,1.);
#1906 = DIRECTION('',(1.,0.E+000));
#1907 = ( GEOMETRIC_REPRESENTATION_CONTEXT(2) 
PARAMETRIC_REPRESENTATION_CONTEXT() REPRESENTATION_CONTEXT('2D SPACE',''
  ) );
#1908 = PCURVE('',#1909,#1914);
#1909 = PLANE('',#1910);
#1910 = AXIS2_PLACEMENT_3D('',#1911,#1912,#1913);
#1911 = CARTESIAN_POINT('',(-1.9,0.45,0.E+000));
#1912 = DIRECTION('',(1.,0.E+000,0.E+000));
#1913 = DIRECTION('',(0.E+000,0.E+000,1.));
#1914 = DEFINITIONAL_REPRESENTATION('',(#1915),#1919);
#1915 = LINE('',#1916,#1917);
#1916 = CARTESIAN_POINT('',(0.E+000,0.E+000));
#1917 = VECTOR('',#1918,1.);
#1918 = DIRECTION('',(1.,0.E+000));
#1919 = ( GEOMETRIC_REPRESENTATION_CONTEXT(2) 
PARAMETRIC_REPRESENTATION_CONTEXT() REPRESENTATION_CONTEXT('2D SPACE',''
  ) );
#1920 = ORIENTED_EDGE('',*,*,#1921,.T.);
#1921 = EDGE_CURVE('',#1894,#488,#1922,.T.);
#1922 = SURFACE_CURVE('',#1923,(#1927,#1934),.PCURVE_S1.);
#1923 = LINE('',#1924,#1925);
#1924 = CARTESIAN_POINT('',(-1.9,0.45,0.95));
#1925 = VECTOR('',#1926,1.);
#1926 = DIRECTION('',(1.,0.E+000,0.E+000));
#1927 = PCURVE('',#531,#1928);
#1928 = DEFINITIONAL_REPRESENTATION('',(#1929),#1933);
#1929 = LINE('',#1930,#1931);
#1930 = CARTESIAN_POINT('',(0.95,0.E+000));
#1931 = VECTOR('',#1932,1.);
#1932 = DIRECTION('',(0.E+000,1.));
#1933 = ( GEOMETRIC_REPRESENTATION_CONTEXT(2) 
PARAMETRIC_REPRESENTATION_CONTEXT() REPRESENTATION_CONTEXT('2D SPACE',''
  ) );
#1934 = PCURVE('',#504,#1935);
#1935 = DEFINITIONAL_REPRESENTATION('',(#1936),#1940);
#1936 = LINE('',#1937,#1938);
#1937 = CARTESIAN_POINT('',(0.E+000,0.E+000));
#1938 = VECTOR('',#1939,1.);
#1939 = DIRECTION('',(1.,0.E+000));
#1940 = ( GEOMETRIC_REPRESENTATION_CONTEXT(2) 
PARAMETRIC_REPRESENTATION_CONTEXT() REPRESENTATION_CONTEXT('2D SPACE',''
  ) );
#1941 = ORIENTED_EDGE('',*,*,#516,.F.);
#1942 = ORIENTED_EDGE('',*,*,#1790,.T.);
#1943 = ORIENTED_EDGE('',*,*,#1944,.F.);
#1944 = EDGE_CURVE('',#1945,#1791,#1947,.T.);
#1945 = VERTEX_POINT('',#1946);
#1946 = CARTESIAN_POINT('',(-1.7,0.45,0.2));
#1947 = SURFACE_CURVE('',#1948,(#1952,#1958),.PCURVE_S1.);
#1948 = LINE('',#1949,#1950);
#1949 = CARTESIAN_POINT('',(-1.7,0.45,0.1));
#1950 = VECTOR('',#1951,1.);
#1951 = DIRECTION('',(0.E+000,0.E+000,1.));
#1952 = PCURVE('',#531,#1953);
#1953 = DEFINITIONAL_REPRESENTATION('',(#1954),#1957);
#1954 = B_SPLINE_CURVE_WITH_KNOTS('',1,(#1955,#1956),.UNSPECIFIED.,.F.,
  .F.,(2,2),(3.5E-002,0.815),.PIECEWISE_BEZIER_KNOTS.);
#1955 = CARTESIAN_POINT('',(0.135,0.2));
#1956 = CARTESIAN_POINT('',(0.915,0.2));
#1957 = ( GEOMETRIC_REPRESENTATION_CONTEXT(2) 
PARAMETRIC_REPRESENTATION_CONTEXT() REPRESENTATION_CONTEXT('2D SPACE',''
  ) );
#1958 = PCURVE('',#1750,#1959);
#1959 = DEFINITIONAL_REPRESENTATION('',(#1960),#1963);
#1960 = B_SPLINE_CURVE_WITH_KNOTS('',1,(#1961,#1962),.UNSPECIFIED.,.F.,
  .F.,(2,2),(3.5E-002,0.815),.PIECEWISE_BEZIER_KNOTS.);
#1961 = CARTESIAN_POINT('',(-6.5E-002,-2.));
#1962 = CARTESIAN_POINT('',(0.715,-2.));
#1963 = ( GEOMETRIC_REPRESENTATION_CONTEXT(2) 
PARAMETRIC_REPRESENTATION_CONTEXT() REPRESENTATION_CONTEXT('2D SPACE',''
  ) );
#1964 = ORIENTED_EDGE('',*,*,#1965,.F.);
#1965 = EDGE_CURVE('',#1838,#1945,#1966,.T.);
#1966 = SURFACE_CURVE('',#1967,(#1971,#1977),.PCURVE_S1.);
#1967 = LINE('',#1968,#1969);
#1968 = CARTESIAN_POINT('',(-1.8,0.45,0.2));
#1969 = VECTOR('',#1970,1.);
#1970 = DIRECTION('',(-1.,0.E+000,0.E+000));
#1971 = PCURVE('',#531,#1972);
#1972 = DEFINITIONAL_REPRESENTATION('',(#1973),#1976);
#1973 = B_SPLINE_CURVE_WITH_KNOTS('',1,(#1974,#1975),.UNSPECIFIED.,.F.,
  .F.,(2,2),(-0.56,0.16),.PIECEWISE_BEZIER_KNOTS.);
#1974 = CARTESIAN_POINT('',(0.2,0.66));
#1975 = CARTESIAN_POINT('',(0.2,-6.E-002));
#1976 = ( GEOMETRIC_REPRESENTATION_CONTEXT(2) 
PARAMETRIC_REPRESENTATION_CONTEXT() REPRESENTATION_CONTEXT('2D SPACE',''
  ) );
#1977 = PCURVE('',#1774,#1978);
#1978 = DEFINITIONAL_REPRESENTATION('',(#1979),#1982);
#1979 = B_SPLINE_CURVE_WITH_KNOTS('',1,(#1980,#1981),.UNSPECIFIED.,.F.,
  .F.,(2,2),(-0.56,0.16),.PIECEWISE_BEZIER_KNOTS.);
#1980 = CARTESIAN_POINT('',(0.46,2.));
#1981 = CARTESIAN_POINT('',(-0.26,2.));
#1982 = ( GEOMETRIC_REPRESENTATION_CONTEXT(2) 
PARAMETRIC_REPRESENTATION_CONTEXT() REPRESENTATION_CONTEXT('2D SPACE',''
  ) );
#1983 = ADVANCED_FACE('',(#1984),#504,.T.);
#1984 = FACE_BOUND('',#1985,.T.);
#1985 = EDGE_LOOP('',(#1986,#2011,#2032,#2033,#2034));
#1986 = ORIENTED_EDGE('',*,*,#1987,.F.);
#1987 = EDGE_CURVE('',#1988,#1990,#1992,.T.);
#1988 = VERTEX_POINT('',#1989);
#1989 = CARTESIAN_POINT('',(-1.9,1.4,0.95));
#1990 = VERTEX_POINT('',#1991);
#1991 = CARTESIAN_POINT('',(-1.3,1.4,0.95));
#1992 = SURFACE_CURVE('',#1993,(#1997,#2004),.PCURVE_S1.);
#1993 = LINE('',#1994,#1995);
#1994 = CARTESIAN_POINT('',(-1.9,1.4,0.95));
#1995 = VECTOR('',#1996,1.);
#1996 = DIRECTION('',(1.,0.E+000,0.E+000));
#1997 = PCURVE('',#504,#1998);
#1998 = DEFINITIONAL_REPRESENTATION('',(#1999),#2003);
#1999 = LINE('',#2000,#2001);
#2000 = CARTESIAN_POINT('',(0.E+000,0.95));
#2001 = VECTOR('',#2002,1.);
#2002 = DIRECTION('',(1.,0.E+000));
#2003 = ( GEOMETRIC_REPRESENTATION_CONTEXT(2) 
PARAMETRIC_REPRESENTATION_CONTEXT() REPRESENTATION_CONTEXT('2D SPACE',''
  ) );
#2004 = PCURVE('',#1427,#2005);
#2005 = DEFINITIONAL_REPRESENTATION('',(#2006),#2010);
#2006 = LINE('',#2007,#2008);
#2007 = CARTESIAN_POINT('',(0.95,0.E+000));
#2008 = VECTOR('',#2009,1.);
#2009 = DIRECTION('',(0.E+000,1.));
#2010 = ( GEOMETRIC_REPRESENTATION_CONTEXT(2) 
PARAMETRIC_REPRESENTATION_CONTEXT() REPRESENTATION_CONTEXT('2D SPACE',''
  ) );
#2011 = ORIENTED_EDGE('',*,*,#2012,.F.);
#2012 = EDGE_CURVE('',#1894,#1988,#2013,.T.);
#2013 = SURFACE_CURVE('',#2014,(#2018,#2025),.PCURVE_S1.);
#2014 = LINE('',#2015,#2016);
#2015 = CARTESIAN_POINT('',(-1.9,0.45,0.95));
#2016 = VECTOR('',#2017,1.);
#2017 = DIRECTION('',(0.E+000,1.,0.E+000));
#2018 = PCURVE('',#504,#2019);
#2019 = DEFINITIONAL_REPRESENTATION('',(#2020),#2024);
#2020 = LINE('',#2021,#2022);
#2021 = CARTESIAN_POINT('',(0.E+000,0.E+000));
#2022 = VECTOR('',#2023,1.);
#2023 = DIRECTION('',(0.E+000,1.));
#2024 = ( GEOMETRIC_REPRESENTATION_CONTEXT(2) 
PARAMETRIC_REPRESENTATION_CONTEXT() REPRESENTATION_CONTEXT('2D SPACE',''
  ) );
#2025 = PCURVE('',#1909,#2026);
#2026 = DEFINITIONAL_REPRESENTATION('',(#2027),#2031);
#2027 = LINE('',#2028,#2029);
#2028 = CARTESIAN_POINT('',(0.95,0.E+000));
#2029 = VECTOR('',#2030,1.);
#2030 = DIRECTION('',(0.E+000,-1.));
#2031 = ( GEOMETRIC_REPRESENTATION_CONTEXT(2) 
PARAMETRIC_REPRESENTATION_CONTEXT() REPRESENTATION_CONTEXT('2D SPACE',''
  ) );
#2032 = ORIENTED_EDGE('',*,*,#1921,.T.);
#2033 = ORIENTED_EDGE('',*,*,#487,.F.);
#2034 = ORIENTED_EDGE('',*,*,#2035,.T.);
#2035 = EDGE_CURVE('',#462,#1990,#2036,.T.);
#2036 = SURFACE_CURVE('',#2037,(#2041,#2048),.PCURVE_S1.);
#2037 = LINE('',#2038,#2039);
#2038 = CARTESIAN_POINT('',(-1.3,0.45,0.95));
#2039 = VECTOR('',#2040,1.);
#2040 = DIRECTION('',(0.E+000,1.,0.E+000));
#2041 = PCURVE('',#504,#2042);
#2042 = DEFINITIONAL_REPRESENTATION('',(#2043),#2047);
#2043 = LINE('',#2044,#2045);
#2044 = CARTESIAN_POINT('',(0.6,0.E+000));
#2045 = VECTOR('',#2046,1.);
#2046 = DIRECTION('',(0.E+000,1.));
#2047 = ( GEOMETRIC_REPRESENTATION_CONTEXT(2) 
PARAMETRIC_REPRESENTATION_CONTEXT() REPRESENTATION_CONTEXT('2D SPACE',''
  ) );
#2048 = PCURVE('',#476,#2049);
#2049 = DEFINITIONAL_REPRESENTATION('',(#2050),#2054);
#2050 = LINE('',#2051,#2052);
#2051 = CARTESIAN_POINT('',(0.95,0.E+000));
#2052 = VECTOR('',#2053,1.);
#2053 = DIRECTION('',(0.E+000,-1.));
#2054 = ( GEOMETRIC_REPRESENTATION_CONTEXT(2) 
PARAMETRIC_REPRESENTATION_CONTEXT() REPRESENTATION_CONTEXT('2D SPACE',''
  ) );
#2055 = ADVANCED_FACE('',(#2056),#476,.T.);
#2056 = FACE_BOUND('',#2057,.T.);
#2057 = EDGE_LOOP('',(#2058,#2059,#2060,#2081));
#2058 = ORIENTED_EDGE('',*,*,#461,.F.);
#2059 = ORIENTED_EDGE('',*,*,#1438,.T.);
#2060 = ORIENTED_EDGE('',*,*,#2061,.T.);
#2061 = EDGE_CURVE('',#1413,#1990,#2062,.T.);
#2062 = SURFACE_CURVE('',#2063,(#2067,#2074),.PCURVE_S1.);
#2063 = LINE('',#2064,#2065);
#2064 = CARTESIAN_POINT('',(-1.3,1.4,0.E+000));
#2065 = VECTOR('',#2066,1.);
#2066 = DIRECTION('',(0.E+000,0.E+000,1.));
#2067 = PCURVE('',#476,#2068);
#2068 = DEFINITIONAL_REPRESENTATION('',(#2069),#2073);
#2069 = LINE('',#2070,#2071);
#2070 = CARTESIAN_POINT('',(0.E+000,-0.95));
#2071 = VECTOR('',#2072,1.);
#2072 = DIRECTION('',(1.,0.E+000));
#2073 = ( GEOMETRIC_REPRESENTATION_CONTEXT(2) 
PARAMETRIC_REPRESENTATION_CONTEXT() REPRESENTATION_CONTEXT('2D SPACE',''
  ) );
#2074 = PCURVE('',#1427,#2075);
#2075 = DEFINITIONAL_REPRESENTATION('',(#2076),#2080);
#2076 = LINE('',#2077,#2078);
#2077 = CARTESIAN_POINT('',(0.E+000,0.6));
#2078 = VECTOR('',#2079,1.);
#2079 = DIRECTION('',(1.,0.E+000));
#2080 = ( GEOMETRIC_REPRESENTATION_CONTEXT(2) 
PARAMETRIC_REPRESENTATION_CONTEXT() REPRESENTATION_CONTEXT('2D SPACE',''
  ) );
#2081 = ORIENTED_EDGE('',*,*,#2035,.F.);
#2082 = ADVANCED_FACE('',(#2083),#716,.F.);
#2083 = FACE_BOUND('',#2084,.F.);
#2084 = EDGE_LOOP('',(#2085,#2086,#2087,#2088,#2089,#2090,#2091,#2092,
    #2093,#2094,#2095,#2096));
#2085 = ORIENTED_EDGE('',*,*,#874,.T.);
#2086 = ORIENTED_EDGE('',*,*,#825,.T.);
#2087 = ORIENTED_EDGE('',*,*,#776,.T.);
#2088 = ORIENTED_EDGE('',*,*,#700,.T.);
#2089 = ORIENTED_EDGE('',*,*,#1244,.T.);
#2090 = ORIENTED_EDGE('',*,*,#1217,.T.);
#2091 = ORIENTED_EDGE('',*,*,#1168,.T.);
#2092 = ORIENTED_EDGE('',*,*,#1119,.T.);
#2093 = ORIENTED_EDGE('',*,*,#1070,.T.);
#2094 = ORIENTED_EDGE('',*,*,#1021,.T.);
#2095 = ORIENTED_EDGE('',*,*,#972,.T.);
#2096 = ORIENTED_EDGE('',*,*,#923,.T.);
#2097 = ADVANCED_FACE('',(#2098),#1288,.F.);
#2098 = FACE_BOUND('',#2099,.F.);
#2099 = EDGE_LOOP('',(#2100,#2101,#2124,#2147));
#2100 = ORIENTED_EDGE('',*,*,#1270,.F.);
#2101 = ORIENTED_EDGE('',*,*,#2102,.F.);
#2102 = EDGE_CURVE('',#2103,#1271,#2105,.T.);
#2103 = VERTEX_POINT('',#2104);
#2104 = CARTESIAN_POINT('',(-1.7,-1.55,0.2));
#2105 = SURFACE_CURVE('',#2106,(#2110,#2117),.PCURVE_S1.);
#2106 = LINE('',#2107,#2108);
#2107 = CARTESIAN_POINT('',(-1.7,-1.55,0.2));
#2108 = VECTOR('',#2109,1.);
#2109 = DIRECTION('',(0.E+000,0.E+000,1.));
#2110 = PCURVE('',#1288,#2111);
#2111 = DEFINITIONAL_REPRESENTATION('',(#2112),#2116);
#2112 = LINE('',#2113,#2114);
#2113 = CARTESIAN_POINT('',(0.E+000,0.E+000));
#2114 = VECTOR('',#2115,1.);
#2115 = DIRECTION('',(1.,0.E+000));
#2116 = ( GEOMETRIC_REPRESENTATION_CONTEXT(2) 
PARAMETRIC_REPRESENTATION_CONTEXT() REPRESENTATION_CONTEXT('2D SPACE',''
  ) );
#2117 = PCURVE('',#1316,#2118);
#2118 = DEFINITIONAL_REPRESENTATION('',(#2119),#2123);
#2119 = LINE('',#2120,#2121);
#2120 = CARTESIAN_POINT('',(0.E+000,0.E+000));
#2121 = VECTOR('',#2122,1.);
#2122 = DIRECTION('',(1.,0.E+000));
#2123 = ( GEOMETRIC_REPRESENTATION_CONTEXT(2) 
PARAMETRIC_REPRESENTATION_CONTEXT() REPRESENTATION_CONTEXT('2D SPACE',''
  ) );
#2124 = ORIENTED_EDGE('',*,*,#2125,.T.);
#2125 = EDGE_CURVE('',#2103,#2126,#2128,.T.);
#2126 = VERTEX_POINT('',#2127);
#2127 = CARTESIAN_POINT('',(-1.7,-1.4,0.2));
#2128 = SURFACE_CURVE('',#2129,(#2133,#2140),.PCURVE_S1.);
#2129 = LINE('',#2130,#2131);
#2130 = CARTESIAN_POINT('',(-1.7,-1.55,0.2));
#2131 = VECTOR('',#2132,1.);
#2132 = DIRECTION('',(0.E+000,1.,0.E+000));
#2133 = PCURVE('',#1288,#2134);
#2134 = DEFINITIONAL_REPRESENTATION('',(#2135),#2139);
#2135 = LINE('',#2136,#2137);
#2136 = CARTESIAN_POINT('',(0.E+000,0.E+000));
#2137 = VECTOR('',#2138,1.);
#2138 = DIRECTION('',(0.E+000,-1.));
#2139 = ( GEOMETRIC_REPRESENTATION_CONTEXT(2) 
PARAMETRIC_REPRESENTATION_CONTEXT() REPRESENTATION_CONTEXT('2D SPACE',''
  ) );
#2140 = PCURVE('',#1774,#2141);
#2141 = DEFINITIONAL_REPRESENTATION('',(#2142),#2146);
#2142 = LINE('',#2143,#2144);
#2143 = CARTESIAN_POINT('',(0.E+000,0.E+000));
#2144 = VECTOR('',#2145,1.);
#2145 = DIRECTION('',(0.E+000,1.));
#2146 = ( GEOMETRIC_REPRESENTATION_CONTEXT(2) 
PARAMETRIC_REPRESENTATION_CONTEXT() REPRESENTATION_CONTEXT('2D SPACE',''
  ) );
#2147 = ORIENTED_EDGE('',*,*,#2148,.T.);
#2148 = EDGE_CURVE('',#2126,#1273,#2149,.T.);
#2149 = SURFACE_CURVE('',#2150,(#2154,#2160),.PCURVE_S1.);
#2150 = LINE('',#2151,#2152);
#2151 = CARTESIAN_POINT('',(-1.7,-1.4,0.1));
#2152 = VECTOR('',#2153,1.);
#2153 = DIRECTION('',(0.E+000,0.E+000,1.));
#2154 = PCURVE('',#1288,#2155);
#2155 = DEFINITIONAL_REPRESENTATION('',(#2156),#2159);
#2156 = B_SPLINE_CURVE_WITH_KNOTS('',1,(#2157,#2158),.UNSPECIFIED.,.F.,
  .F.,(2,2),(3.5E-002,0.815),.PIECEWISE_BEZIER_KNOTS.);
#2157 = CARTESIAN_POINT('',(-6.5E-002,-0.15));
#2158 = CARTESIAN_POINT('',(0.715,-0.15));
#2159 = ( GEOMETRIC_REPRESENTATION_CONTEXT(2) 
PARAMETRIC_REPRESENTATION_CONTEXT() REPRESENTATION_CONTEXT('2D SPACE',''
  ) );
#2160 = PCURVE('',#1493,#2161);
#2161 = DEFINITIONAL_REPRESENTATION('',(#2162),#2165);
#2162 = B_SPLINE_CURVE_WITH_KNOTS('',1,(#2163,#2164),.UNSPECIFIED.,.F.,
  .F.,(2,2),(3.5E-002,0.815),.PIECEWISE_BEZIER_KNOTS.);
#2163 = CARTESIAN_POINT('',(0.135,0.2));
#2164 = CARTESIAN_POINT('',(0.915,0.2));
#2165 = ( GEOMETRIC_REPRESENTATION_CONTEXT(2) 
PARAMETRIC_REPRESENTATION_CONTEXT() REPRESENTATION_CONTEXT('2D SPACE',''
  ) );
#2166 = ADVANCED_FACE('',(#2167),#1493,.F.);
#2167 = FACE_BOUND('',#2168,.F.);
#2168 = EDGE_LOOP('',(#2169,#2194,#2217,#2238,#2239,#2240,#2241,#2242));
#2169 = ORIENTED_EDGE('',*,*,#2170,.F.);
#2170 = EDGE_CURVE('',#2171,#2173,#2175,.T.);
#2171 = VERTEX_POINT('',#2172);
#2172 = CARTESIAN_POINT('',(-1.3,-1.4,0.E+000));
#2173 = VERTEX_POINT('',#2174);
#2174 = CARTESIAN_POINT('',(-1.3,-1.4,0.2));
#2175 = SURFACE_CURVE('',#2176,(#2180,#2187),.PCURVE_S1.);
#2176 = LINE('',#2177,#2178);
#2177 = CARTESIAN_POINT('',(-1.3,-1.4,0.E+000));
#2178 = VECTOR('',#2179,1.);
#2179 = DIRECTION('',(0.E+000,0.E+000,1.));
#2180 = PCURVE('',#1493,#2181);
#2181 = DEFINITIONAL_REPRESENTATION('',(#2182),#2186);
#2182 = LINE('',#2183,#2184);
#2183 = CARTESIAN_POINT('',(0.E+000,0.6));
#2184 = VECTOR('',#2185,1.);
#2185 = DIRECTION('',(1.,0.E+000));
#2186 = ( GEOMETRIC_REPRESENTATION_CONTEXT(2) 
PARAMETRIC_REPRESENTATION_CONTEXT() REPRESENTATION_CONTEXT('2D SPACE',''
  ) );
#2187 = PCURVE('',#1651,#2188);
#2188 = DEFINITIONAL_REPRESENTATION('',(#2189),#2193);
#2189 = LINE('',#2190,#2191);
#2190 = CARTESIAN_POINT('',(0.E+000,0.E+000));
#2191 = VECTOR('',#2192,1.);
#2192 = DIRECTION('',(1.,0.E+000));
#2193 = ( GEOMETRIC_REPRESENTATION_CONTEXT(2) 
PARAMETRIC_REPRESENTATION_CONTEXT() REPRESENTATION_CONTEXT('2D SPACE',''
  ) );
#2194 = ORIENTED_EDGE('',*,*,#2195,.F.);
#2195 = EDGE_CURVE('',#2196,#2171,#2198,.T.);
#2196 = VERTEX_POINT('',#2197);
#2197 = CARTESIAN_POINT('',(-1.9,-1.4,0.E+000));
#2198 = SURFACE_CURVE('',#2199,(#2203,#2210),.PCURVE_S1.);
#2199 = LINE('',#2200,#2201);
#2200 = CARTESIAN_POINT('',(-1.9,-1.4,0.E+000));
#2201 = VECTOR('',#2202,1.);
#2202 = DIRECTION('',(1.,0.E+000,0.E+000));
#2203 = PCURVE('',#1493,#2204);
#2204 = DEFINITIONAL_REPRESENTATION('',(#2205),#2209);
#2205 = LINE('',#2206,#2207);
#2206 = CARTESIAN_POINT('',(0.E+000,0.E+000));
#2207 = VECTOR('',#2208,1.);
#2208 = DIRECTION('',(0.E+000,1.));
#2209 = ( GEOMETRIC_REPRESENTATION_CONTEXT(2) 
PARAMETRIC_REPRESENTATION_CONTEXT() REPRESENTATION_CONTEXT('2D SPACE',''
  ) );
#2210 = PCURVE('',#1679,#2211);
#2211 = DEFINITIONAL_REPRESENTATION('',(#2212),#2216);
#2212 = LINE('',#2213,#2214);
#2213 = CARTESIAN_POINT('',(0.E+000,0.E+000));
#2214 = VECTOR('',#2215,1.);
#2215 = DIRECTION('',(1.,0.E+000));
#2216 = ( GEOMETRIC_REPRESENTATION_CONTEXT(2) 
PARAMETRIC_REPRESENTATION_CONTEXT() REPRESENTATION_CONTEXT('2D SPACE',''
  ) );
#2217 = ORIENTED_EDGE('',*,*,#2218,.T.);
#2218 = EDGE_CURVE('',#2196,#1580,#2219,.T.);
#2219 = SURFACE_CURVE('',#2220,(#2224,#2231),.PCURVE_S1.);
#2220 = LINE('',#2221,#2222);
#2221 = CARTESIAN_POINT('',(-1.9,-1.4,0.E+000));
#2222 = VECTOR('',#2223,1.);
#2223 = DIRECTION('',(0.E+000,0.E+000,1.));
#2224 = PCURVE('',#1493,#2225);
#2225 = DEFINITIONAL_REPRESENTATION('',(#2226),#2230);
#2226 = LINE('',#2227,#2228);
#2227 = CARTESIAN_POINT('',(0.E+000,0.E+000));
#2228 = VECTOR('',#2229,1.);
#2229 = DIRECTION('',(1.,0.E+000));
#2230 = ( GEOMETRIC_REPRESENTATION_CONTEXT(2) 
PARAMETRIC_REPRESENTATION_CONTEXT() REPRESENTATION_CONTEXT('2D SPACE',''
  ) );
#2231 = PCURVE('',#1595,#2232);
#2232 = DEFINITIONAL_REPRESENTATION('',(#2233),#2237);
#2233 = LINE('',#2234,#2235);
#2234 = CARTESIAN_POINT('',(0.E+000,0.E+000));
#2235 = VECTOR('',#2236,1.);
#2236 = DIRECTION('',(1.,0.E+000));
#2237 = ( GEOMETRIC_REPRESENTATION_CONTEXT(2) 
PARAMETRIC_REPRESENTATION_CONTEXT() REPRESENTATION_CONTEXT('2D SPACE',''
  ) );
#2238 = ORIENTED_EDGE('',*,*,#1607,.T.);
#2239 = ORIENTED_EDGE('',*,*,#1507,.F.);
#2240 = ORIENTED_EDGE('',*,*,#1480,.T.);
#2241 = ORIENTED_EDGE('',*,*,#2148,.F.);
#2242 = ORIENTED_EDGE('',*,*,#2243,.F.);
#2243 = EDGE_CURVE('',#2173,#2126,#2244,.T.);
#2244 = SURFACE_CURVE('',#2245,(#2249,#2255),.PCURVE_S1.);
#2245 = LINE('',#2246,#2247);
#2246 = CARTESIAN_POINT('',(-1.8,-1.4,0.2));
#2247 = VECTOR('',#2248,1.);
#2248 = DIRECTION('',(-1.,0.E+000,0.E+000));
#2249 = PCURVE('',#1493,#2250);
#2250 = DEFINITIONAL_REPRESENTATION('',(#2251),#2254);
#2251 = B_SPLINE_CURVE_WITH_KNOTS('',1,(#2252,#2253),.UNSPECIFIED.,.F.,
  .F.,(2,2),(-0.56,0.16),.PIECEWISE_BEZIER_KNOTS.);
#2252 = CARTESIAN_POINT('',(0.2,0.66));
#2253 = CARTESIAN_POINT('',(0.2,-6.E-002));
#2254 = ( GEOMETRIC_REPRESENTATION_CONTEXT(2) 
PARAMETRIC_REPRESENTATION_CONTEXT() REPRESENTATION_CONTEXT('2D SPACE',''
  ) );
#2255 = PCURVE('',#1774,#2256);
#2256 = DEFINITIONAL_REPRESENTATION('',(#2257),#2260);
#2257 = B_SPLINE_CURVE_WITH_KNOTS('',1,(#2258,#2259),.UNSPECIFIED.,.F.,
  .F.,(2,2),(-0.56,0.16),.PIECEWISE_BEZIER_KNOTS.);
#2258 = CARTESIAN_POINT('',(0.46,0.15));
#2259 = CARTESIAN_POINT('',(-0.26,0.15));
#2260 = ( GEOMETRIC_REPRESENTATION_CONTEXT(2) 
PARAMETRIC_REPRESENTATION_CONTEXT() REPRESENTATION_CONTEXT('2D SPACE',''
  ) );
#2261 = ADVANCED_FACE('',(#2262),#1427,.T.);
#2262 = FACE_BOUND('',#2263,.T.);
#2263 = EDGE_LOOP('',(#2264,#2289,#2312,#2333,#2334,#2335,#2336,#2357));
#2264 = ORIENTED_EDGE('',*,*,#2265,.F.);
#2265 = EDGE_CURVE('',#2266,#2268,#2270,.T.);
#2266 = VERTEX_POINT('',#2267);
#2267 = CARTESIAN_POINT('',(-1.3,1.4,0.E+000));
#2268 = VERTEX_POINT('',#2269);
#2269 = CARTESIAN_POINT('',(-1.3,1.4,0.2));
#2270 = SURFACE_CURVE('',#2271,(#2275,#2282),.PCURVE_S1.);
#2271 = LINE('',#2272,#2273);
#2272 = CARTESIAN_POINT('',(-1.3,1.4,0.E+000));
#2273 = VECTOR('',#2274,1.);
#2274 = DIRECTION('',(0.E+000,0.E+000,1.));
#2275 = PCURVE('',#1427,#2276);
#2276 = DEFINITIONAL_REPRESENTATION('',(#2277),#2281);
#2277 = LINE('',#2278,#2279);
#2278 = CARTESIAN_POINT('',(0.E+000,0.6));
#2279 = VECTOR('',#2280,1.);
#2280 = DIRECTION('',(1.,0.E+000));
#2281 = ( GEOMETRIC_REPRESENTATION_CONTEXT(2) 
PARAMETRIC_REPRESENTATION_CONTEXT() REPRESENTATION_CONTEXT('2D SPACE',''
  ) );
#2282 = PCURVE('',#1853,#2283);
#2283 = DEFINITIONAL_REPRESENTATION('',(#2284),#2288);
#2284 = LINE('',#2285,#2286);
#2285 = CARTESIAN_POINT('',(0.E+000,-0.95));
#2286 = VECTOR('',#2287,1.);
#2287 = DIRECTION('',(1.,0.E+000));
#2288 = ( GEOMETRIC_REPRESENTATION_CONTEXT(2) 
PARAMETRIC_REPRESENTATION_CONTEXT() REPRESENTATION_CONTEXT('2D SPACE',''
  ) );
#2289 = ORIENTED_EDGE('',*,*,#2290,.F.);
#2290 = EDGE_CURVE('',#2291,#2266,#2293,.T.);
#2291 = VERTEX_POINT('',#2292);
#2292 = CARTESIAN_POINT('',(-1.9,1.4,0.E+000));
#2293 = SURFACE_CURVE('',#2294,(#2298,#2305),.PCURVE_S1.);
#2294 = LINE('',#2295,#2296);
#2295 = CARTESIAN_POINT('',(-1.9,1.4,0.E+000));
#2296 = VECTOR('',#2297,1.);
#2297 = DIRECTION('',(1.,0.E+000,0.E+000));
#2298 = PCURVE('',#1427,#2299);
#2299 = DEFINITIONAL_REPRESENTATION('',(#2300),#2304);
#2300 = LINE('',#2301,#2302);
#2301 = CARTESIAN_POINT('',(0.E+000,0.E+000));
#2302 = VECTOR('',#2303,1.);
#2303 = DIRECTION('',(0.E+000,1.));
#2304 = ( GEOMETRIC_REPRESENTATION_CONTEXT(2) 
PARAMETRIC_REPRESENTATION_CONTEXT() REPRESENTATION_CONTEXT('2D SPACE',''
  ) );
#2305 = PCURVE('',#1881,#2306);
#2306 = DEFINITIONAL_REPRESENTATION('',(#2307),#2311);
#2307 = LINE('',#2308,#2309);
#2308 = CARTESIAN_POINT('',(0.E+000,0.95));
#2309 = VECTOR('',#2310,1.);
#2310 = DIRECTION('',(1.,0.E+000));
#2311 = ( GEOMETRIC_REPRESENTATION_CONTEXT(2) 
PARAMETRIC_REPRESENTATION_CONTEXT() REPRESENTATION_CONTEXT('2D SPACE',''
  ) );
#2312 = ORIENTED_EDGE('',*,*,#2313,.T.);
#2313 = EDGE_CURVE('',#2291,#1988,#2314,.T.);
#2314 = SURFACE_CURVE('',#2315,(#2319,#2326),.PCURVE_S1.);
#2315 = LINE('',#2316,#2317);
#2316 = CARTESIAN_POINT('',(-1.9,1.4,0.E+000));
#2317 = VECTOR('',#2318,1.);
#2318 = DIRECTION('',(0.E+000,0.E+000,1.));
#2319 = PCURVE('',#1427,#2320);
#2320 = DEFINITIONAL_REPRESENTATION('',(#2321),#2325);
#2321 = LINE('',#2322,#2323);
#2322 = CARTESIAN_POINT('',(0.E+000,0.E+000));
#2323 = VECTOR('',#2324,1.);
#2324 = DIRECTION('',(1.,0.E+000));
#2325 = ( GEOMETRIC_REPRESENTATION_CONTEXT(2) 
PARAMETRIC_REPRESENTATION_CONTEXT() REPRESENTATION_CONTEXT('2D SPACE',''
  ) );
#2326 = PCURVE('',#1909,#2327);
#2327 = DEFINITIONAL_REPRESENTATION('',(#2328),#2332);
#2328 = LINE('',#2329,#2330);
#2329 = CARTESIAN_POINT('',(0.E+000,-0.95));
#2330 = VECTOR('',#2331,1.);
#2331 = DIRECTION('',(1.,0.E+000));
#2332 = ( GEOMETRIC_REPRESENTATION_CONTEXT(2) 
PARAMETRIC_REPRESENTATION_CONTEXT() REPRESENTATION_CONTEXT('2D SPACE',''
  ) );
#2333 = ORIENTED_EDGE('',*,*,#1987,.T.);
#2334 = ORIENTED_EDGE('',*,*,#2061,.F.);
#2335 = ORIENTED_EDGE('',*,*,#1412,.T.);
#2336 = ORIENTED_EDGE('',*,*,#2337,.F.);
#2337 = EDGE_CURVE('',#2338,#1385,#2340,.T.);
#2338 = VERTEX_POINT('',#2339);
#2339 = CARTESIAN_POINT('',(-1.7,1.4,0.2));
#2340 = SURFACE_CURVE('',#2341,(#2345,#2351),.PCURVE_S1.);
#2341 = LINE('',#2342,#2343);
#2342 = CARTESIAN_POINT('',(-1.7,1.4,0.1));
#2343 = VECTOR('',#2344,1.);
#2344 = DIRECTION('',(0.E+000,0.E+000,1.));
#2345 = PCURVE('',#1427,#2346);
#2346 = DEFINITIONAL_REPRESENTATION('',(#2347),#2350);
#2347 = B_SPLINE_CURVE_WITH_KNOTS('',1,(#2348,#2349),.UNSPECIFIED.,.F.,
  .F.,(2,2),(3.5E-002,0.815),.PIECEWISE_BEZIER_KNOTS.);
#2348 = CARTESIAN_POINT('',(0.135,0.2));
#2349 = CARTESIAN_POINT('',(0.915,0.2));
#2350 = ( GEOMETRIC_REPRESENTATION_CONTEXT(2) 
PARAMETRIC_REPRESENTATION_CONTEXT() REPRESENTATION_CONTEXT('2D SPACE',''
  ) );
#2351 = PCURVE('',#1400,#2352);
#2352 = DEFINITIONAL_REPRESENTATION('',(#2353),#2356);
#2353 = B_SPLINE_CURVE_WITH_KNOTS('',1,(#2354,#2355),.UNSPECIFIED.,.F.,
  .F.,(2,2),(3.5E-002,0.815),.PIECEWISE_BEZIER_KNOTS.);
#2354 = CARTESIAN_POINT('',(-6.5E-002,-2.95));
#2355 = CARTESIAN_POINT('',(0.715,-2.95));
#2356 = ( GEOMETRIC_REPRESENTATION_CONTEXT(2) 
PARAMETRIC_REPRESENTATION_CONTEXT() REPRESENTATION_CONTEXT('2D SPACE',''
  ) );
#2357 = ORIENTED_EDGE('',*,*,#2358,.F.);
#2358 = EDGE_CURVE('',#2268,#2338,#2359,.T.);
#2359 = SURFACE_CURVE('',#2360,(#2364,#2370),.PCURVE_S1.);
#2360 = LINE('',#2361,#2362);
#2361 = CARTESIAN_POINT('',(-1.8,1.4,0.2));
#2362 = VECTOR('',#2363,1.);
#2363 = DIRECTION('',(-1.,0.E+000,0.E+000));
#2364 = PCURVE('',#1427,#2365);
#2365 = DEFINITIONAL_REPRESENTATION('',(#2366),#2369);
#2366 = B_SPLINE_CURVE_WITH_KNOTS('',1,(#2367,#2368),.UNSPECIFIED.,.F.,
  .F.,(2,2),(-0.56,0.16),.PIECEWISE_BEZIER_KNOTS.);
#2367 = CARTESIAN_POINT('',(0.2,0.66));
#2368 = CARTESIAN_POINT('',(0.2,-6.E-002));
#2369 = ( GEOMETRIC_REPRESENTATION_CONTEXT(2) 
PARAMETRIC_REPRESENTATION_CONTEXT() REPRESENTATION_CONTEXT('2D SPACE',''
  ) );
#2370 = PCURVE('',#1774,#2371);
#2371 = DEFINITIONAL_REPRESENTATION('',(#2372),#2375);
#2372 = B_SPLINE_CURVE_WITH_KNOTS('',1,(#2373,#2374),.UNSPECIFIED.,.F.,
  .F.,(2,2),(-0.56,0.16),.PIECEWISE_BEZIER_KNOTS.);
#2373 = CARTESIAN_POINT('',(0.46,2.95));
#2374 = CARTESIAN_POINT('',(-0.26,2.95));
#2375 = ( GEOMETRIC_REPRESENTATION_CONTEXT(2) 
PARAMETRIC_REPRESENTATION_CONTEXT() REPRESENTATION_CONTEXT('2D SPACE',''
  ) );
#2376 = ADVANCED_FACE('',(#2377),#1400,.F.);
#2377 = FACE_BOUND('',#2378,.F.);
#2378 = EDGE_LOOP('',(#2379,#2380,#2381,#2404));
#2379 = ORIENTED_EDGE('',*,*,#1384,.F.);
#2380 = ORIENTED_EDGE('',*,*,#2337,.F.);
#2381 = ORIENTED_EDGE('',*,*,#2382,.T.);
#2382 = EDGE_CURVE('',#2338,#2383,#2385,.T.);
#2383 = VERTEX_POINT('',#2384);
#2384 = CARTESIAN_POINT('',(-1.7,1.55,0.2));
#2385 = SURFACE_CURVE('',#2386,(#2390,#2397),.PCURVE_S1.);
#2386 = LINE('',#2387,#2388);
#2387 = CARTESIAN_POINT('',(-1.7,-1.55,0.2));
#2388 = VECTOR('',#2389,1.);
#2389 = DIRECTION('',(0.E+000,1.,0.E+000));
#2390 = PCURVE('',#1400,#2391);
#2391 = DEFINITIONAL_REPRESENTATION('',(#2392),#2396);
#2392 = LINE('',#2393,#2394);
#2393 = CARTESIAN_POINT('',(0.E+000,0.E+000));
#2394 = VECTOR('',#2395,1.);
#2395 = DIRECTION('',(0.E+000,-1.));
#2396 = ( GEOMETRIC_REPRESENTATION_CONTEXT(2) 
PARAMETRIC_REPRESENTATION_CONTEXT() REPRESENTATION_CONTEXT('2D SPACE',''
  ) );
#2397 = PCURVE('',#1774,#2398);
#2398 = DEFINITIONAL_REPRESENTATION('',(#2399),#2403);
#2399 = LINE('',#2400,#2401);
#2400 = CARTESIAN_POINT('',(0.E+000,0.E+000));
#2401 = VECTOR('',#2402,1.);
#2402 = DIRECTION('',(0.E+000,1.));
#2403 = ( GEOMETRIC_REPRESENTATION_CONTEXT(2) 
PARAMETRIC_REPRESENTATION_CONTEXT() REPRESENTATION_CONTEXT('2D SPACE',''
  ) );
#2404 = ORIENTED_EDGE('',*,*,#2405,.T.);
#2405 = EDGE_CURVE('',#2383,#1357,#2406,.T.);
#2406 = SURFACE_CURVE('',#2407,(#2411,#2418),.PCURVE_S1.);
#2407 = LINE('',#2408,#2409);
#2408 = CARTESIAN_POINT('',(-1.7,1.55,0.2));
#2409 = VECTOR('',#2410,1.);
#2410 = DIRECTION('',(0.E+000,0.E+000,1.));
#2411 = PCURVE('',#1400,#2412);
#2412 = DEFINITIONAL_REPRESENTATION('',(#2413),#2417);
#2413 = LINE('',#2414,#2415);
#2414 = CARTESIAN_POINT('',(0.E+000,-3.1));
#2415 = VECTOR('',#2416,1.);
#2416 = DIRECTION('',(1.,0.E+000));
#2417 = ( GEOMETRIC_REPRESENTATION_CONTEXT(2) 
PARAMETRIC_REPRESENTATION_CONTEXT() REPRESENTATION_CONTEXT('2D SPACE',''
  ) );
#2418 = PCURVE('',#1372,#2419);
#2419 = DEFINITIONAL_REPRESENTATION('',(#2420),#2424);
#2420 = LINE('',#2421,#2422);
#2421 = CARTESIAN_POINT('',(0.E+000,0.E+000));
#2422 = VECTOR('',#2423,1.);
#2423 = DIRECTION('',(1.,0.E+000));
#2424 = ( GEOMETRIC_REPRESENTATION_CONTEXT(2) 
PARAMETRIC_REPRESENTATION_CONTEXT() REPRESENTATION_CONTEXT('2D SPACE',''
  ) );
#2425 = ADVANCED_FACE('',(#2426),#1372,.T.);
#2426 = FACE_BOUND('',#2427,.T.);
#2427 = EDGE_LOOP('',(#2428,#2451,#2452,#2453));
#2428 = ORIENTED_EDGE('',*,*,#2429,.F.);
#2429 = EDGE_CURVE('',#2383,#2430,#2432,.T.);
#2430 = VERTEX_POINT('',#2431);
#2431 = CARTESIAN_POINT('',(1.55,1.55,0.2));
#2432 = SURFACE_CURVE('',#2433,(#2437,#2444),.PCURVE_S1.);
#2433 = LINE('',#2434,#2435);
#2434 = CARTESIAN_POINT('',(-1.7,1.55,0.2));
#2435 = VECTOR('',#2436,1.);
#2436 = DIRECTION('',(1.,0.E+000,0.E+000));
#2437 = PCURVE('',#1372,#2438);
#2438 = DEFINITIONAL_REPRESENTATION('',(#2439),#2443);
#2439 = LINE('',#2440,#2441);
#2440 = CARTESIAN_POINT('',(0.E+000,0.E+000));
#2441 = VECTOR('',#2442,1.);
#2442 = DIRECTION('',(0.E+000,1.));
#2443 = ( GEOMETRIC_REPRESENTATION_CONTEXT(2) 
PARAMETRIC_REPRESENTATION_CONTEXT() REPRESENTATION_CONTEXT('2D SPACE',''
  ) );
#2444 = PCURVE('',#1774,#2445);
#2445 = DEFINITIONAL_REPRESENTATION('',(#2446),#2450);
#2446 = LINE('',#2447,#2448);
#2447 = CARTESIAN_POINT('',(0.E+000,3.1));
#2448 = VECTOR('',#2449,1.);
#2449 = DIRECTION('',(1.,0.E+000));
#2450 = ( GEOMETRIC_REPRESENTATION_CONTEXT(2) 
PARAMETRIC_REPRESENTATION_CONTEXT() REPRESENTATION_CONTEXT('2D SPACE',''
  ) );
#2451 = ORIENTED_EDGE('',*,*,#2405,.T.);
#2452 = ORIENTED_EDGE('',*,*,#1356,.T.);
#2453 = ORIENTED_EDGE('',*,*,#2454,.F.);
#2454 = EDGE_CURVE('',#2430,#1329,#2455,.T.);
#2455 = SURFACE_CURVE('',#2456,(#2460,#2467),.PCURVE_S1.);
#2456 = LINE('',#2457,#2458);
#2457 = CARTESIAN_POINT('',(1.55,1.55,0.2));
#2458 = VECTOR('',#2459,1.);
#2459 = DIRECTION('',(0.E+000,0.E+000,1.));
#2460 = PCURVE('',#1372,#2461);
#2461 = DEFINITIONAL_REPRESENTATION('',(#2462),#2466);
#2462 = LINE('',#2463,#2464);
#2463 = CARTESIAN_POINT('',(0.E+000,3.25));
#2464 = VECTOR('',#2465,1.);
#2465 = DIRECTION('',(1.,0.E+000));
#2466 = ( GEOMETRIC_REPRESENTATION_CONTEXT(2) 
PARAMETRIC_REPRESENTATION_CONTEXT() REPRESENTATION_CONTEXT('2D SPACE',''
  ) );
#2467 = PCURVE('',#1344,#2468);
#2468 = DEFINITIONAL_REPRESENTATION('',(#2469),#2473);
#2469 = LINE('',#2470,#2471);
#2470 = CARTESIAN_POINT('',(0.E+000,-3.1));
#2471 = VECTOR('',#2472,1.);
#2472 = DIRECTION('',(1.,0.E+000));
#2473 = ( GEOMETRIC_REPRESENTATION_CONTEXT(2) 
PARAMETRIC_REPRESENTATION_CONTEXT() REPRESENTATION_CONTEXT('2D SPACE',''
  ) );
#2474 = ADVANCED_FACE('',(#2475),#1344,.T.);
#2475 = FACE_BOUND('',#2476,.T.);
#2476 = EDGE_LOOP('',(#2477,#2500,#2523,#2551,#2572,#2573));
#2477 = ORIENTED_EDGE('',*,*,#2478,.F.);
#2478 = EDGE_CURVE('',#2479,#1301,#2481,.T.);
#2479 = VERTEX_POINT('',#2480);
#2480 = CARTESIAN_POINT('',(1.55,-1.55,0.2));
#2481 = SURFACE_CURVE('',#2482,(#2486,#2493),.PCURVE_S1.);
#2482 = LINE('',#2483,#2484);
#2483 = CARTESIAN_POINT('',(1.55,-1.55,0.2));
#2484 = VECTOR('',#2485,1.);
#2485 = DIRECTION('',(0.E+000,0.E+000,1.));
#2486 = PCURVE('',#1344,#2487);
#2487 = DEFINITIONAL_REPRESENTATION('',(#2488),#2492);
#2488 = LINE('',#2489,#2490);
#2489 = CARTESIAN_POINT('',(0.E+000,0.E+000));
#2490 = VECTOR('',#2491,1.);
#2491 = DIRECTION('',(1.,0.E+000));
#2492 = ( GEOMETRIC_REPRESENTATION_CONTEXT(2) 
PARAMETRIC_REPRESENTATION_CONTEXT() REPRESENTATION_CONTEXT('2D SPACE',''
  ) );
#2493 = PCURVE('',#1316,#2494);
#2494 = DEFINITIONAL_REPRESENTATION('',(#2495),#2499);
#2495 = LINE('',#2496,#2497);
#2496 = CARTESIAN_POINT('',(0.E+000,3.25));
#2497 = VECTOR('',#2498,1.);
#2498 = DIRECTION('',(1.,0.E+000));
#2499 = ( GEOMETRIC_REPRESENTATION_CONTEXT(2) 
PARAMETRIC_REPRESENTATION_CONTEXT() REPRESENTATION_CONTEXT('2D SPACE',''
  ) );
#2500 = ORIENTED_EDGE('',*,*,#2501,.T.);
#2501 = EDGE_CURVE('',#2479,#2502,#2504,.T.);
#2502 = VERTEX_POINT('',#2503);
#2503 = CARTESIAN_POINT('',(1.55,-0.6,0.2));
#2504 = SURFACE_CURVE('',#2505,(#2509,#2516),.PCURVE_S1.);
#2505 = LINE('',#2506,#2507);
#2506 = CARTESIAN_POINT('',(1.55,-1.55,0.2));
#2507 = VECTOR('',#2508,1.);
#2508 = DIRECTION('',(0.E+000,1.,0.E+000));
#2509 = PCURVE('',#1344,#2510);
#2510 = DEFINITIONAL_REPRESENTATION('',(#2511),#2515);
#2511 = LINE('',#2512,#2513);
#2512 = CARTESIAN_POINT('',(0.E+000,0.E+000));
#2513 = VECTOR('',#2514,1.);
#2514 = DIRECTION('',(0.E+000,-1.));
#2515 = ( GEOMETRIC_REPRESENTATION_CONTEXT(2) 
PARAMETRIC_REPRESENTATION_CONTEXT() REPRESENTATION_CONTEXT('2D SPACE',''
  ) );
#2516 = PCURVE('',#1774,#2517);
#2517 = DEFINITIONAL_REPRESENTATION('',(#2518),#2522);
#2518 = LINE('',#2519,#2520);
#2519 = CARTESIAN_POINT('',(3.25,0.E+000));
#2520 = VECTOR('',#2521,1.);
#2521 = DIRECTION('',(0.E+000,1.));
#2522 = ( GEOMETRIC_REPRESENTATION_CONTEXT(2) 
PARAMETRIC_REPRESENTATION_CONTEXT() REPRESENTATION_CONTEXT('2D SPACE',''
  ) );
#2523 = ORIENTED_EDGE('',*,*,#2524,.T.);
#2524 = EDGE_CURVE('',#2502,#2525,#2527,.T.);
#2525 = VERTEX_POINT('',#2526);
#2526 = CARTESIAN_POINT('',(1.55,0.6,0.2));
#2527 = SURFACE_CURVE('',#2528,(#2532,#2539),.PCURVE_S1.);
#2528 = LINE('',#2529,#2530);
#2529 = CARTESIAN_POINT('',(1.55,-1.55,0.2));
#2530 = VECTOR('',#2531,1.);
#2531 = DIRECTION('',(0.E+000,1.,0.E+000));
#2532 = PCURVE('',#1344,#2533);
#2533 = DEFINITIONAL_REPRESENTATION('',(#2534),#2538);
#2534 = LINE('',#2535,#2536);
#2535 = CARTESIAN_POINT('',(0.E+000,0.E+000));
#2536 = VECTOR('',#2537,1.);
#2537 = DIRECTION('',(0.E+000,-1.));
#2538 = ( GEOMETRIC_REPRESENTATION_CONTEXT(2) 
PARAMETRIC_REPRESENTATION_CONTEXT() REPRESENTATION_CONTEXT('2D SPACE',''
  ) );
#2539 = PCURVE('',#2540,#2545);
#2540 = PLANE('',#2541);
#2541 = AXIS2_PLACEMENT_3D('',#2542,#2543,#2544);
#2542 = CARTESIAN_POINT('',(-0.6,-0.6,0.2));
#2543 = DIRECTION('',(0.E+000,0.E+000,1.));
#2544 = DIRECTION('',(1.,0.E+000,0.E+000));
#2545 = DEFINITIONAL_REPRESENTATION('',(#2546),#2550);
#2546 = LINE('',#2547,#2548);
#2547 = CARTESIAN_POINT('',(2.15,-0.95));
#2548 = VECTOR('',#2549,1.);
#2549 = DIRECTION('',(0.E+000,1.));
#2550 = ( GEOMETRIC_REPRESENTATION_CONTEXT(2) 
PARAMETRIC_REPRESENTATION_CONTEXT() REPRESENTATION_CONTEXT('2D SPACE',''
  ) );
#2551 = ORIENTED_EDGE('',*,*,#2552,.T.);
#2552 = EDGE_CURVE('',#2525,#2430,#2553,.T.);
#2553 = SURFACE_CURVE('',#2554,(#2558,#2565),.PCURVE_S1.);
#2554 = LINE('',#2555,#2556);
#2555 = CARTESIAN_POINT('',(1.55,-1.55,0.2));
#2556 = VECTOR('',#2557,1.);
#2557 = DIRECTION('',(0.E+000,1.,0.E+000));
#2558 = PCURVE('',#1344,#2559);
#2559 = DEFINITIONAL_REPRESENTATION('',(#2560),#2564);
#2560 = LINE('',#2561,#2562);
#2561 = CARTESIAN_POINT('',(0.E+000,0.E+000));
#2562 = VECTOR('',#2563,1.);
#2563 = DIRECTION('',(0.E+000,-1.));
#2564 = ( GEOMETRIC_REPRESENTATION_CONTEXT(2) 
PARAMETRIC_REPRESENTATION_CONTEXT() REPRESENTATION_CONTEXT('2D SPACE',''
  ) );
#2565 = PCURVE('',#1774,#2566);
#2566 = DEFINITIONAL_REPRESENTATION('',(#2567),#2571);
#2567 = LINE('',#2568,#2569);
#2568 = CARTESIAN_POINT('',(3.25,0.E+000));
#2569 = VECTOR('',#2570,1.);
#2570 = DIRECTION('',(0.E+000,1.));
#2571 = ( GEOMETRIC_REPRESENTATION_CONTEXT(2) 
PARAMETRIC_REPRESENTATION_CONTEXT() REPRESENTATION_CONTEXT('2D SPACE',''
  ) );
#2572 = ORIENTED_EDGE('',*,*,#2454,.T.);
#2573 = ORIENTED_EDGE('',*,*,#1328,.F.);
#2574 = ADVANCED_FACE('',(#2575),#1316,.F.);
#2575 = FACE_BOUND('',#2576,.F.);
#2576 = EDGE_LOOP('',(#2577,#2598,#2599,#2600));
#2577 = ORIENTED_EDGE('',*,*,#2578,.F.);
#2578 = EDGE_CURVE('',#2103,#2479,#2579,.T.);
#2579 = SURFACE_CURVE('',#2580,(#2584,#2591),.PCURVE_S1.);
#2580 = LINE('',#2581,#2582);
#2581 = CARTESIAN_POINT('',(-1.7,-1.55,0.2));
#2582 = VECTOR('',#2583,1.);
#2583 = DIRECTION('',(1.,0.E+000,0.E+000));
#2584 = PCURVE('',#1316,#2585);
#2585 = DEFINITIONAL_REPRESENTATION('',(#2586),#2590);
#2586 = LINE('',#2587,#2588);
#2587 = CARTESIAN_POINT('',(0.E+000,0.E+000));
#2588 = VECTOR('',#2589,1.);
#2589 = DIRECTION('',(0.E+000,1.));
#2590 = ( GEOMETRIC_REPRESENTATION_CONTEXT(2) 
PARAMETRIC_REPRESENTATION_CONTEXT() REPRESENTATION_CONTEXT('2D SPACE',''
  ) );
#2591 = PCURVE('',#1774,#2592);
#2592 = DEFINITIONAL_REPRESENTATION('',(#2593),#2597);
#2593 = LINE('',#2594,#2595);
#2594 = CARTESIAN_POINT('',(0.E+000,0.E+000));
#2595 = VECTOR('',#2596,1.);
#2596 = DIRECTION('',(1.,0.E+000));
#2597 = ( GEOMETRIC_REPRESENTATION_CONTEXT(2) 
PARAMETRIC_REPRESENTATION_CONTEXT() REPRESENTATION_CONTEXT('2D SPACE',''
  ) );
#2598 = ORIENTED_EDGE('',*,*,#2102,.T.);
#2599 = ORIENTED_EDGE('',*,*,#1300,.T.);
#2600 = ORIENTED_EDGE('',*,*,#2478,.F.);
#2601 = ADVANCED_FACE('',(#2602),#1595,.F.);
#2602 = FACE_BOUND('',#2603,.F.);
#2603 = EDGE_LOOP('',(#2604,#2605,#2626,#2627));
#2604 = ORIENTED_EDGE('',*,*,#2218,.F.);
#2605 = ORIENTED_EDGE('',*,*,#2606,.T.);
#2606 = EDGE_CURVE('',#2196,#1664,#2607,.T.);
#2607 = SURFACE_CURVE('',#2608,(#2612,#2619),.PCURVE_S1.);
#2608 = LINE('',#2609,#2610);
#2609 = CARTESIAN_POINT('',(-1.9,-1.4,0.E+000));
#2610 = VECTOR('',#2611,1.);
#2611 = DIRECTION('',(0.E+000,1.,0.E+000));
#2612 = PCURVE('',#1595,#2613);
#2613 = DEFINITIONAL_REPRESENTATION('',(#2614),#2618);
#2614 = LINE('',#2615,#2616);
#2615 = CARTESIAN_POINT('',(0.E+000,0.E+000));
#2616 = VECTOR('',#2617,1.);
#2617 = DIRECTION('',(0.E+000,-1.));
#2618 = ( GEOMETRIC_REPRESENTATION_CONTEXT(2) 
PARAMETRIC_REPRESENTATION_CONTEXT() REPRESENTATION_CONTEXT('2D SPACE',''
  ) );
#2619 = PCURVE('',#1679,#2620);
#2620 = DEFINITIONAL_REPRESENTATION('',(#2621),#2625);
#2621 = LINE('',#2622,#2623);
#2622 = CARTESIAN_POINT('',(0.E+000,0.E+000));
#2623 = VECTOR('',#2624,1.);
#2624 = DIRECTION('',(0.E+000,1.));
#2625 = ( GEOMETRIC_REPRESENTATION_CONTEXT(2) 
PARAMETRIC_REPRESENTATION_CONTEXT() REPRESENTATION_CONTEXT('2D SPACE',''
  ) );
#2626 = ORIENTED_EDGE('',*,*,#1691,.T.);
#2627 = ORIENTED_EDGE('',*,*,#1579,.F.);
#2628 = ADVANCED_FACE('',(#2629),#1651,.T.);
#2629 = FACE_BOUND('',#2630,.T.);
#2630 = EDGE_LOOP('',(#2631,#2632,#2653,#2654));
#2631 = ORIENTED_EDGE('',*,*,#2170,.F.);
#2632 = ORIENTED_EDGE('',*,*,#2633,.T.);
#2633 = EDGE_CURVE('',#2171,#1634,#2634,.T.);
#2634 = SURFACE_CURVE('',#2635,(#2639,#2646),.PCURVE_S1.);
#2635 = LINE('',#2636,#2637);
#2636 = CARTESIAN_POINT('',(-1.3,-1.4,0.E+000));
#2637 = VECTOR('',#2638,1.);
#2638 = DIRECTION('',(0.E+000,1.,0.E+000));
#2639 = PCURVE('',#1651,#2640);
#2640 = DEFINITIONAL_REPRESENTATION('',(#2641),#2645);
#2641 = LINE('',#2642,#2643);
#2642 = CARTESIAN_POINT('',(0.E+000,0.E+000));
#2643 = VECTOR('',#2644,1.);
#2644 = DIRECTION('',(0.E+000,-1.));
#2645 = ( GEOMETRIC_REPRESENTATION_CONTEXT(2) 
PARAMETRIC_REPRESENTATION_CONTEXT() REPRESENTATION_CONTEXT('2D SPACE',''
  ) );
#2646 = PCURVE('',#1679,#2647);
#2647 = DEFINITIONAL_REPRESENTATION('',(#2648),#2652);
#2648 = LINE('',#2649,#2650);
#2649 = CARTESIAN_POINT('',(0.6,0.E+000));
#2650 = VECTOR('',#2651,1.);
#2651 = DIRECTION('',(0.E+000,1.));
#2652 = ( GEOMETRIC_REPRESENTATION_CONTEXT(2) 
PARAMETRIC_REPRESENTATION_CONTEXT() REPRESENTATION_CONTEXT('2D SPACE',''
  ) );
#2653 = ORIENTED_EDGE('',*,*,#1633,.T.);
#2654 = ORIENTED_EDGE('',*,*,#2655,.F.);
#2655 = EDGE_CURVE('',#2173,#1636,#2656,.T.);
#2656 = SURFACE_CURVE('',#2657,(#2661,#2667),.PCURVE_S1.);
#2657 = LINE('',#2658,#2659);
#2658 = CARTESIAN_POINT('',(-1.3,-1.475,0.2));
#2659 = VECTOR('',#2660,1.);
#2660 = DIRECTION('',(0.E+000,1.,0.E+000));
#2661 = PCURVE('',#1651,#2662);
#2662 = DEFINITIONAL_REPRESENTATION('',(#2663),#2666);
#2663 = B_SPLINE_CURVE_WITH_KNOTS('',1,(#2664,#2665),.UNSPECIFIED.,.F.,
  .F.,(2,2),(-2.E-002,1.12),.PIECEWISE_BEZIER_KNOTS.);
#2664 = CARTESIAN_POINT('',(0.2,9.5E-002));
#2665 = CARTESIAN_POINT('',(0.2,-1.045));
#2666 = ( GEOMETRIC_REPRESENTATION_CONTEXT(2) 
PARAMETRIC_REPRESENTATION_CONTEXT() REPRESENTATION_CONTEXT('2D SPACE',''
  ) );
#2667 = PCURVE('',#1774,#2668);
#2668 = DEFINITIONAL_REPRESENTATION('',(#2669),#2672);
#2669 = B_SPLINE_CURVE_WITH_KNOTS('',1,(#2670,#2671),.UNSPECIFIED.,.F.,
  .F.,(2,2),(-2.E-002,1.12),.PIECEWISE_BEZIER_KNOTS.);
#2670 = CARTESIAN_POINT('',(0.4,5.5E-002));
#2671 = CARTESIAN_POINT('',(0.4,1.195));
#2672 = ( GEOMETRIC_REPRESENTATION_CONTEXT(2) 
PARAMETRIC_REPRESENTATION_CONTEXT() REPRESENTATION_CONTEXT('2D SPACE',''
  ) );
#2673 = ADVANCED_FACE('',(#2674),#1774,.F.);
#2674 = FACE_BOUND('',#2675,.F.);
#2675 = EDGE_LOOP('',(#2676,#2677,#2678,#2679,#2707,#2735,#2761,#2762,
    #2763,#2764,#2765,#2784,#2785,#2806,#2807,#2808));
#2676 = ORIENTED_EDGE('',*,*,#2125,.F.);
#2677 = ORIENTED_EDGE('',*,*,#2578,.T.);
#2678 = ORIENTED_EDGE('',*,*,#2501,.T.);
#2679 = ORIENTED_EDGE('',*,*,#2680,.F.);
#2680 = EDGE_CURVE('',#2681,#2502,#2683,.T.);
#2681 = VERTEX_POINT('',#2682);
#2682 = CARTESIAN_POINT('',(-0.6,-0.6,0.2));
#2683 = SURFACE_CURVE('',#2684,(#2688,#2695),.PCURVE_S1.);
#2684 = LINE('',#2685,#2686);
#2685 = CARTESIAN_POINT('',(-0.6,-0.6,0.2));
#2686 = VECTOR('',#2687,1.);
#2687 = DIRECTION('',(1.,0.E+000,0.E+000));
#2688 = PCURVE('',#1774,#2689);
#2689 = DEFINITIONAL_REPRESENTATION('',(#2690),#2694);
#2690 = LINE('',#2691,#2692);
#2691 = CARTESIAN_POINT('',(1.1,0.95));
#2692 = VECTOR('',#2693,1.);
#2693 = DIRECTION('',(1.,0.E+000));
#2694 = ( GEOMETRIC_REPRESENTATION_CONTEXT(2) 
PARAMETRIC_REPRESENTATION_CONTEXT() REPRESENTATION_CONTEXT('2D SPACE',''
  ) );
#2695 = PCURVE('',#2696,#2701);
#2696 = PLANE('',#2697);
#2697 = AXIS2_PLACEMENT_3D('',#2698,#2699,#2700);
#2698 = CARTESIAN_POINT('',(-0.6,-0.6,0.E+000));
#2699 = DIRECTION('',(0.E+000,1.,0.E+000));
#2700 = DIRECTION('',(0.E+000,0.E+000,1.));
#2701 = DEFINITIONAL_REPRESENTATION('',(#2702),#2706);
#2702 = LINE('',#2703,#2704);
#2703 = CARTESIAN_POINT('',(0.2,0.E+000));
#2704 = VECTOR('',#2705,1.);
#2705 = DIRECTION('',(0.E+000,1.));
#2706 = ( GEOMETRIC_REPRESENTATION_CONTEXT(2) 
PARAMETRIC_REPRESENTATION_CONTEXT() REPRESENTATION_CONTEXT('2D SPACE',''
  ) );
#2707 = ORIENTED_EDGE('',*,*,#2708,.T.);
#2708 = EDGE_CURVE('',#2681,#2709,#2711,.T.);
#2709 = VERTEX_POINT('',#2710);
#2710 = CARTESIAN_POINT('',(-0.6,0.6,0.2));
#2711 = SURFACE_CURVE('',#2712,(#2716,#2723),.PCURVE_S1.);
#2712 = LINE('',#2713,#2714);
#2713 = CARTESIAN_POINT('',(-0.6,-0.6,0.2));
#2714 = VECTOR('',#2715,1.);
#2715 = DIRECTION('',(0.E+000,1.,0.E+000));
#2716 = PCURVE('',#1774,#2717);
#2717 = DEFINITIONAL_REPRESENTATION('',(#2718),#2722);
#2718 = LINE('',#2719,#2720);
#2719 = CARTESIAN_POINT('',(1.1,0.95));
#2720 = VECTOR('',#2721,1.);
#2721 = DIRECTION('',(0.E+000,1.));
#2722 = ( GEOMETRIC_REPRESENTATION_CONTEXT(2) 
PARAMETRIC_REPRESENTATION_CONTEXT() REPRESENTATION_CONTEXT('2D SPACE',''
  ) );
#2723 = PCURVE('',#2724,#2729);
#2724 = PLANE('',#2725);
#2725 = AXIS2_PLACEMENT_3D('',#2726,#2727,#2728);
#2726 = CARTESIAN_POINT('',(-0.6,-0.6,0.E+000));
#2727 = DIRECTION('',(1.,0.E+000,0.E+000));
#2728 = DIRECTION('',(0.E+000,0.E+000,1.));
#2729 = DEFINITIONAL_REPRESENTATION('',(#2730),#2734);
#2730 = LINE('',#2731,#2732);
#2731 = CARTESIAN_POINT('',(0.2,0.E+000));
#2732 = VECTOR('',#2733,1.);
#2733 = DIRECTION('',(0.E+000,-1.));
#2734 = ( GEOMETRIC_REPRESENTATION_CONTEXT(2) 
PARAMETRIC_REPRESENTATION_CONTEXT() REPRESENTATION_CONTEXT('2D SPACE',''
  ) );
#2735 = ORIENTED_EDGE('',*,*,#2736,.T.);
#2736 = EDGE_CURVE('',#2709,#2525,#2737,.T.);
#2737 = SURFACE_CURVE('',#2738,(#2742,#2749),.PCURVE_S1.);
#2738 = LINE('',#2739,#2740);
#2739 = CARTESIAN_POINT('',(-0.6,0.6,0.2));
#2740 = VECTOR('',#2741,1.);
#2741 = DIRECTION('',(1.,0.E+000,0.E+000));
#2742 = PCURVE('',#1774,#2743);
#2743 = DEFINITIONAL_REPRESENTATION('',(#2744),#2748);
#2744 = LINE('',#2745,#2746);
#2745 = CARTESIAN_POINT('',(1.1,2.15));
#2746 = VECTOR('',#2747,1.);
#2747 = DIRECTION('',(1.,0.E+000));
#2748 = ( GEOMETRIC_REPRESENTATION_CONTEXT(2) 
PARAMETRIC_REPRESENTATION_CONTEXT() REPRESENTATION_CONTEXT('2D SPACE',''
  ) );
#2749 = PCURVE('',#2750,#2755);
#2750 = PLANE('',#2751);
#2751 = AXIS2_PLACEMENT_3D('',#2752,#2753,#2754);
#2752 = CARTESIAN_POINT('',(-0.6,0.6,0.E+000));
#2753 = DIRECTION('',(0.E+000,1.,0.E+000));
#2754 = DIRECTION('',(0.E+000,0.E+000,1.));
#2755 = DEFINITIONAL_REPRESENTATION('',(#2756),#2760);
#2756 = LINE('',#2757,#2758);
#2757 = CARTESIAN_POINT('',(0.2,0.E+000));
#2758 = VECTOR('',#2759,1.);
#2759 = DIRECTION('',(0.E+000,1.));
#2760 = ( GEOMETRIC_REPRESENTATION_CONTEXT(2) 
PARAMETRIC_REPRESENTATION_CONTEXT() REPRESENTATION_CONTEXT('2D SPACE',''
  ) );
#2761 = ORIENTED_EDGE('',*,*,#2552,.T.);
#2762 = ORIENTED_EDGE('',*,*,#2429,.F.);
#2763 = ORIENTED_EDGE('',*,*,#2382,.F.);
#2764 = ORIENTED_EDGE('',*,*,#2358,.F.);
#2765 = ORIENTED_EDGE('',*,*,#2766,.F.);
#2766 = EDGE_CURVE('',#1838,#2268,#2767,.T.);
#2767 = SURFACE_CURVE('',#2768,(#2772,#2778),.PCURVE_S1.);
#2768 = LINE('',#2769,#2770);
#2769 = CARTESIAN_POINT('',(-1.3,-0.55,0.2));
#2770 = VECTOR('',#2771,1.);
#2771 = DIRECTION('',(0.E+000,1.,0.E+000));
#2772 = PCURVE('',#1774,#2773);
#2773 = DEFINITIONAL_REPRESENTATION('',(#2774),#2777);
#2774 = B_SPLINE_CURVE_WITH_KNOTS('',1,(#2775,#2776),.UNSPECIFIED.,.F.,
  .F.,(2,2),(0.905,2.045),.PIECEWISE_BEZIER_KNOTS.);
#2775 = CARTESIAN_POINT('',(0.4,1.905));
#2776 = CARTESIAN_POINT('',(0.4,3.045));
#2777 = ( GEOMETRIC_REPRESENTATION_CONTEXT(2) 
PARAMETRIC_REPRESENTATION_CONTEXT() REPRESENTATION_CONTEXT('2D SPACE',''
  ) );
#2778 = PCURVE('',#1853,#2779);
#2779 = DEFINITIONAL_REPRESENTATION('',(#2780),#2783);
#2780 = B_SPLINE_CURVE_WITH_KNOTS('',1,(#2781,#2782),.UNSPECIFIED.,.F.,
  .F.,(2,2),(0.905,2.045),.PIECEWISE_BEZIER_KNOTS.);
#2781 = CARTESIAN_POINT('',(0.2,9.5E-002));
#2782 = CARTESIAN_POINT('',(0.2,-1.045));
#2783 = ( GEOMETRIC_REPRESENTATION_CONTEXT(2) 
PARAMETRIC_REPRESENTATION_CONTEXT() REPRESENTATION_CONTEXT('2D SPACE',''
  ) );
#2784 = ORIENTED_EDGE('',*,*,#1965,.T.);
#2785 = ORIENTED_EDGE('',*,*,#2786,.F.);
#2786 = EDGE_CURVE('',#1736,#1945,#2787,.T.);
#2787 = SURFACE_CURVE('',#2788,(#2792,#2799),.PCURVE_S1.);
#2788 = LINE('',#2789,#2790);
#2789 = CARTESIAN_POINT('',(-1.7,-1.55,0.2));
#2790 = VECTOR('',#2791,1.);
#2791 = DIRECTION('',(0.E+000,1.,0.E+000));
#2792 = PCURVE('',#1774,#2793);
#2793 = DEFINITIONAL_REPRESENTATION('',(#2794),#2798);
#2794 = LINE('',#2795,#2796);
#2795 = CARTESIAN_POINT('',(0.E+000,0.E+000));
#2796 = VECTOR('',#2797,1.);
#2797 = DIRECTION('',(0.E+000,1.));
#2798 = ( GEOMETRIC_REPRESENTATION_CONTEXT(2) 
PARAMETRIC_REPRESENTATION_CONTEXT() REPRESENTATION_CONTEXT('2D SPACE',''
  ) );
#2799 = PCURVE('',#1750,#2800);
#2800 = DEFINITIONAL_REPRESENTATION('',(#2801),#2805);
#2801 = LINE('',#2802,#2803);
#2802 = CARTESIAN_POINT('',(0.E+000,0.E+000));
#2803 = VECTOR('',#2804,1.);
#2804 = DIRECTION('',(0.E+000,-1.));
#2805 = ( GEOMETRIC_REPRESENTATION_CONTEXT(2) 
PARAMETRIC_REPRESENTATION_CONTEXT() REPRESENTATION_CONTEXT('2D SPACE',''
  ) );
#2806 = ORIENTED_EDGE('',*,*,#1761,.F.);
#2807 = ORIENTED_EDGE('',*,*,#2655,.F.);
#2808 = ORIENTED_EDGE('',*,*,#2243,.T.);
#2809 = ADVANCED_FACE('',(#2810),#1750,.F.);
#2810 = FACE_BOUND('',#2811,.F.);
#2811 = EDGE_LOOP('',(#2812,#2813,#2814,#2815));
#2812 = ORIENTED_EDGE('',*,*,#1811,.F.);
#2813 = ORIENTED_EDGE('',*,*,#1735,.F.);
#2814 = ORIENTED_EDGE('',*,*,#2786,.T.);
#2815 = ORIENTED_EDGE('',*,*,#1944,.T.);
#2816 = ADVANCED_FACE('',(#2817),#1679,.F.);
#2817 = FACE_BOUND('',#2818,.F.);
#2818 = EDGE_LOOP('',(#2819,#2820,#2821,#2822));
#2819 = ORIENTED_EDGE('',*,*,#2606,.F.);
#2820 = ORIENTED_EDGE('',*,*,#2195,.T.);
#2821 = ORIENTED_EDGE('',*,*,#2633,.T.);
#2822 = ORIENTED_EDGE('',*,*,#1663,.F.);
#2823 = ADVANCED_FACE('',(#2824),#1853,.T.);
#2824 = FACE_BOUND('',#2825,.T.);
#2825 = EDGE_LOOP('',(#2826,#2827,#2848,#2849));
#2826 = ORIENTED_EDGE('',*,*,#1835,.F.);
#2827 = ORIENTED_EDGE('',*,*,#2828,.T.);
#2828 = EDGE_CURVE('',#1836,#2266,#2829,.T.);
#2829 = SURFACE_CURVE('',#2830,(#2834,#2841),.PCURVE_S1.);
#2830 = LINE('',#2831,#2832);
#2831 = CARTESIAN_POINT('',(-1.3,0.45,0.E+000));
#2832 = VECTOR('',#2833,1.);
#2833 = DIRECTION('',(0.E+000,1.,0.E+000));
#2834 = PCURVE('',#1853,#2835);
#2835 = DEFINITIONAL_REPRESENTATION('',(#2836),#2840);
#2836 = LINE('',#2837,#2838);
#2837 = CARTESIAN_POINT('',(0.E+000,0.E+000));
#2838 = VECTOR('',#2839,1.);
#2839 = DIRECTION('',(0.E+000,-1.));
#2840 = ( GEOMETRIC_REPRESENTATION_CONTEXT(2) 
PARAMETRIC_REPRESENTATION_CONTEXT() REPRESENTATION_CONTEXT('2D SPACE',''
  ) );
#2841 = PCURVE('',#1881,#2842);
#2842 = DEFINITIONAL_REPRESENTATION('',(#2843),#2847);
#2843 = LINE('',#2844,#2845);
#2844 = CARTESIAN_POINT('',(0.6,0.E+000));
#2845 = VECTOR('',#2846,1.);
#2846 = DIRECTION('',(0.E+000,1.));
#2847 = ( GEOMETRIC_REPRESENTATION_CONTEXT(2) 
PARAMETRIC_REPRESENTATION_CONTEXT() REPRESENTATION_CONTEXT('2D SPACE',''
  ) );
#2848 = ORIENTED_EDGE('',*,*,#2265,.T.);
#2849 = ORIENTED_EDGE('',*,*,#2766,.F.);
#2850 = ADVANCED_FACE('',(#2851),#1909,.F.);
#2851 = FACE_BOUND('',#2852,.F.);
#2852 = EDGE_LOOP('',(#2853,#2854,#2875,#2876));
#2853 = ORIENTED_EDGE('',*,*,#1893,.F.);
#2854 = ORIENTED_EDGE('',*,*,#2855,.T.);
#2855 = EDGE_CURVE('',#1866,#2291,#2856,.T.);
#2856 = SURFACE_CURVE('',#2857,(#2861,#2868),.PCURVE_S1.);
#2857 = LINE('',#2858,#2859);
#2858 = CARTESIAN_POINT('',(-1.9,0.45,0.E+000));
#2859 = VECTOR('',#2860,1.);
#2860 = DIRECTION('',(0.E+000,1.,0.E+000));
#2861 = PCURVE('',#1909,#2862);
#2862 = DEFINITIONAL_REPRESENTATION('',(#2863),#2867);
#2863 = LINE('',#2864,#2865);
#2864 = CARTESIAN_POINT('',(0.E+000,0.E+000));
#2865 = VECTOR('',#2866,1.);
#2866 = DIRECTION('',(0.E+000,-1.));
#2867 = ( GEOMETRIC_REPRESENTATION_CONTEXT(2) 
PARAMETRIC_REPRESENTATION_CONTEXT() REPRESENTATION_CONTEXT('2D SPACE',''
  ) );
#2868 = PCURVE('',#1881,#2869);
#2869 = DEFINITIONAL_REPRESENTATION('',(#2870),#2874);
#2870 = LINE('',#2871,#2872);
#2871 = CARTESIAN_POINT('',(0.E+000,0.E+000));
#2872 = VECTOR('',#2873,1.);
#2873 = DIRECTION('',(0.E+000,1.));
#2874 = ( GEOMETRIC_REPRESENTATION_CONTEXT(2) 
PARAMETRIC_REPRESENTATION_CONTEXT() REPRESENTATION_CONTEXT('2D SPACE',''
  ) );
#2875 = ORIENTED_EDGE('',*,*,#2313,.T.);
#2876 = ORIENTED_EDGE('',*,*,#2012,.F.);
#2877 = ADVANCED_FACE('',(#2878),#1881,.F.);
#2878 = FACE_BOUND('',#2879,.F.);
#2879 = EDGE_LOOP('',(#2880,#2881,#2882,#2883));
#2880 = ORIENTED_EDGE('',*,*,#2855,.F.);
#2881 = ORIENTED_EDGE('',*,*,#1865,.T.);
#2882 = ORIENTED_EDGE('',*,*,#2828,.T.);
#2883 = ORIENTED_EDGE('',*,*,#2290,.F.);
#2884 = ADVANCED_FACE('',(#2885),#2540,.T.);
#2885 = FACE_BOUND('',#2886,.T.);
#2886 = EDGE_LOOP('',(#2887,#2910,#2911,#2934));
#2887 = ORIENTED_EDGE('',*,*,#2888,.F.);
#2888 = EDGE_CURVE('',#2525,#2889,#2891,.T.);
#2889 = VERTEX_POINT('',#2890);
#2890 = CARTESIAN_POINT('',(1.8,0.6,0.2));
#2891 = SURFACE_CURVE('',#2892,(#2896,#2903),.PCURVE_S1.);
#2892 = LINE('',#2893,#2894);
#2893 = CARTESIAN_POINT('',(-0.6,0.6,0.2));
#2894 = VECTOR('',#2895,1.);
#2895 = DIRECTION('',(1.,0.E+000,0.E+000));
#2896 = PCURVE('',#2540,#2897);
#2897 = DEFINITIONAL_REPRESENTATION('',(#2898),#2902);
#2898 = LINE('',#2899,#2900);
#2899 = CARTESIAN_POINT('',(0.E+000,1.2));
#2900 = VECTOR('',#2901,1.);
#2901 = DIRECTION('',(1.,0.E+000));
#2902 = ( GEOMETRIC_REPRESENTATION_CONTEXT(2) 
PARAMETRIC_REPRESENTATION_CONTEXT() REPRESENTATION_CONTEXT('2D SPACE',''
  ) );
#2903 = PCURVE('',#2750,#2904);
#2904 = DEFINITIONAL_REPRESENTATION('',(#2905),#2909);
#2905 = LINE('',#2906,#2907);
#2906 = CARTESIAN_POINT('',(0.2,0.E+000));
#2907 = VECTOR('',#2908,1.);
#2908 = DIRECTION('',(0.E+000,1.));
#2909 = ( GEOMETRIC_REPRESENTATION_CONTEXT(2) 
PARAMETRIC_REPRESENTATION_CONTEXT() REPRESENTATION_CONTEXT('2D SPACE',''
  ) );
#2910 = ORIENTED_EDGE('',*,*,#2524,.F.);
#2911 = ORIENTED_EDGE('',*,*,#2912,.T.);
#2912 = EDGE_CURVE('',#2502,#2913,#2915,.T.);
#2913 = VERTEX_POINT('',#2914);
#2914 = CARTESIAN_POINT('',(1.8,-0.6,0.2));
#2915 = SURFACE_CURVE('',#2916,(#2920,#2927),.PCURVE_S1.);
#2916 = LINE('',#2917,#2918);
#2917 = CARTESIAN_POINT('',(-0.6,-0.6,0.2));
#2918 = VECTOR('',#2919,1.);
#2919 = DIRECTION('',(1.,0.E+000,0.E+000));
#2920 = PCURVE('',#2540,#2921);
#2921 = DEFINITIONAL_REPRESENTATION('',(#2922),#2926);
#2922 = LINE('',#2923,#2924);
#2923 = CARTESIAN_POINT('',(0.E+000,0.E+000));
#2924 = VECTOR('',#2925,1.);
#2925 = DIRECTION('',(1.,0.E+000));
#2926 = ( GEOMETRIC_REPRESENTATION_CONTEXT(2) 
PARAMETRIC_REPRESENTATION_CONTEXT() REPRESENTATION_CONTEXT('2D SPACE',''
  ) );
#2927 = PCURVE('',#2696,#2928);
#2928 = DEFINITIONAL_REPRESENTATION('',(#2929),#2933);
#2929 = LINE('',#2930,#2931);
#2930 = CARTESIAN_POINT('',(0.2,0.E+000));
#2931 = VECTOR('',#2932,1.);
#2932 = DIRECTION('',(0.E+000,1.));
#2933 = ( GEOMETRIC_REPRESENTATION_CONTEXT(2) 
PARAMETRIC_REPRESENTATION_CONTEXT() REPRESENTATION_CONTEXT('2D SPACE',''
  ) );
#2934 = ORIENTED_EDGE('',*,*,#2935,.T.);
#2935 = EDGE_CURVE('',#2913,#2889,#2936,.T.);
#2936 = SURFACE_CURVE('',#2937,(#2941,#2948),.PCURVE_S1.);
#2937 = LINE('',#2938,#2939);
#2938 = CARTESIAN_POINT('',(1.8,-0.6,0.2));
#2939 = VECTOR('',#2940,1.);
#2940 = DIRECTION('',(0.E+000,1.,0.E+000));
#2941 = PCURVE('',#2540,#2942);
#2942 = DEFINITIONAL_REPRESENTATION('',(#2943),#2947);
#2943 = LINE('',#2944,#2945);
#2944 = CARTESIAN_POINT('',(2.4,0.E+000));
#2945 = VECTOR('',#2946,1.);
#2946 = DIRECTION('',(0.E+000,1.));
#2947 = ( GEOMETRIC_REPRESENTATION_CONTEXT(2) 
PARAMETRIC_REPRESENTATION_CONTEXT() REPRESENTATION_CONTEXT('2D SPACE',''
  ) );
#2948 = PCURVE('',#2949,#2954);
#2949 = PLANE('',#2950);
#2950 = AXIS2_PLACEMENT_3D('',#2951,#2952,#2953);
#2951 = CARTESIAN_POINT('',(1.8,-0.6,0.E+000));
#2952 = DIRECTION('',(1.,0.E+000,0.E+000));
#2953 = DIRECTION('',(0.E+000,0.E+000,1.));
#2954 = DEFINITIONAL_REPRESENTATION('',(#2955),#2959);
#2955 = LINE('',#2956,#2957);
#2956 = CARTESIAN_POINT('',(0.2,0.E+000));
#2957 = VECTOR('',#2958,1.);
#2958 = DIRECTION('',(0.E+000,-1.));
#2959 = ( GEOMETRIC_REPRESENTATION_CONTEXT(2) 
PARAMETRIC_REPRESENTATION_CONTEXT() REPRESENTATION_CONTEXT('2D SPACE',''
  ) );
#2960 = ADVANCED_FACE('',(#2961),#2750,.T.);
#2961 = FACE_BOUND('',#2962,.T.);
#2962 = EDGE_LOOP('',(#2963,#2993,#3014,#3015,#3016));
#2963 = ORIENTED_EDGE('',*,*,#2964,.F.);
#2964 = EDGE_CURVE('',#2965,#2967,#2969,.T.);
#2965 = VERTEX_POINT('',#2966);
#2966 = CARTESIAN_POINT('',(-0.6,0.6,0.E+000));
#2967 = VERTEX_POINT('',#2968);
#2968 = CARTESIAN_POINT('',(1.8,0.6,0.E+000));
#2969 = SURFACE_CURVE('',#2970,(#2974,#2981),.PCURVE_S1.);
#2970 = LINE('',#2971,#2972);
#2971 = CARTESIAN_POINT('',(-0.6,0.6,0.E+000));
#2972 = VECTOR('',#2973,1.);
#2973 = DIRECTION('',(1.,0.E+000,0.E+000));
#2974 = PCURVE('',#2750,#2975);
#2975 = DEFINITIONAL_REPRESENTATION('',(#2976),#2980);
#2976 = LINE('',#2977,#2978);
#2977 = CARTESIAN_POINT('',(0.E+000,0.E+000));
#2978 = VECTOR('',#2979,1.);
#2979 = DIRECTION('',(0.E+000,1.));
#2980 = ( GEOMETRIC_REPRESENTATION_CONTEXT(2) 
PARAMETRIC_REPRESENTATION_CONTEXT() REPRESENTATION_CONTEXT('2D SPACE',''
  ) );
#2981 = PCURVE('',#2982,#2987);
#2982 = PLANE('',#2983);
#2983 = AXIS2_PLACEMENT_3D('',#2984,#2985,#2986);
#2984 = CARTESIAN_POINT('',(-0.6,-0.6,0.E+000));
#2985 = DIRECTION('',(0.E+000,0.E+000,1.));
#2986 = DIRECTION('',(1.,0.E+000,0.E+000));
#2987 = DEFINITIONAL_REPRESENTATION('',(#2988),#2992);
#2988 = LINE('',#2989,#2990);
#2989 = CARTESIAN_POINT('',(0.E+000,1.2));
#2990 = VECTOR('',#2991,1.);
#2991 = DIRECTION('',(1.,0.E+000));
#2992 = ( GEOMETRIC_REPRESENTATION_CONTEXT(2) 
PARAMETRIC_REPRESENTATION_CONTEXT() REPRESENTATION_CONTEXT('2D SPACE',''
  ) );
#2993 = ORIENTED_EDGE('',*,*,#2994,.T.);
#2994 = EDGE_CURVE('',#2965,#2709,#2995,.T.);
#2995 = SURFACE_CURVE('',#2996,(#3000,#3007),.PCURVE_S1.);
#2996 = LINE('',#2997,#2998);
#2997 = CARTESIAN_POINT('',(-0.6,0.6,0.E+000));
#2998 = VECTOR('',#2999,1.);
#2999 = DIRECTION('',(0.E+000,0.E+000,1.));
#3000 = PCURVE('',#2750,#3001);
#3001 = DEFINITIONAL_REPRESENTATION('',(#3002),#3006);
#3002 = LINE('',#3003,#3004);
#3003 = CARTESIAN_POINT('',(0.E+000,0.E+000));
#3004 = VECTOR('',#3005,1.);
#3005 = DIRECTION('',(1.,0.E+000));
#3006 = ( GEOMETRIC_REPRESENTATION_CONTEXT(2) 
PARAMETRIC_REPRESENTATION_CONTEXT() REPRESENTATION_CONTEXT('2D SPACE',''
  ) );
#3007 = PCURVE('',#2724,#3008);
#3008 = DEFINITIONAL_REPRESENTATION('',(#3009),#3013);
#3009 = LINE('',#3010,#3011);
#3010 = CARTESIAN_POINT('',(0.E+000,-1.2));
#3011 = VECTOR('',#3012,1.);
#3012 = DIRECTION('',(1.,0.E+000));
#3013 = ( GEOMETRIC_REPRESENTATION_CONTEXT(2) 
PARAMETRIC_REPRESENTATION_CONTEXT() REPRESENTATION_CONTEXT('2D SPACE',''
  ) );
#3014 = ORIENTED_EDGE('',*,*,#2736,.T.);
#3015 = ORIENTED_EDGE('',*,*,#2888,.T.);
#3016 = ORIENTED_EDGE('',*,*,#3017,.F.);
#3017 = EDGE_CURVE('',#2967,#2889,#3018,.T.);
#3018 = SURFACE_CURVE('',#3019,(#3023,#3030),.PCURVE_S1.);
#3019 = LINE('',#3020,#3021);
#3020 = CARTESIAN_POINT('',(1.8,0.6,0.E+000));
#3021 = VECTOR('',#3022,1.);
#3022 = DIRECTION('',(0.E+000,0.E+000,1.));
#3023 = PCURVE('',#2750,#3024);
#3024 = DEFINITIONAL_REPRESENTATION('',(#3025),#3029);
#3025 = LINE('',#3026,#3027);
#3026 = CARTESIAN_POINT('',(0.E+000,2.4));
#3027 = VECTOR('',#3028,1.);
#3028 = DIRECTION('',(1.,0.E+000));
#3029 = ( GEOMETRIC_REPRESENTATION_CONTEXT(2) 
PARAMETRIC_REPRESENTATION_CONTEXT() REPRESENTATION_CONTEXT('2D SPACE',''
  ) );
#3030 = PCURVE('',#2949,#3031);
#3031 = DEFINITIONAL_REPRESENTATION('',(#3032),#3036);
#3032 = LINE('',#3033,#3034);
#3033 = CARTESIAN_POINT('',(0.E+000,-1.2));
#3034 = VECTOR('',#3035,1.);
#3035 = DIRECTION('',(1.,0.E+000));
#3036 = ( GEOMETRIC_REPRESENTATION_CONTEXT(2) 
PARAMETRIC_REPRESENTATION_CONTEXT() REPRESENTATION_CONTEXT('2D SPACE',''
  ) );
#3037 = ADVANCED_FACE('',(#3038),#2724,.F.);
#3038 = FACE_BOUND('',#3039,.F.);
#3039 = EDGE_LOOP('',(#3040,#3063,#3084,#3085));
#3040 = ORIENTED_EDGE('',*,*,#3041,.F.);
#3041 = EDGE_CURVE('',#3042,#2681,#3044,.T.);
#3042 = VERTEX_POINT('',#3043);
#3043 = CARTESIAN_POINT('',(-0.6,-0.6,0.E+000));
#3044 = SURFACE_CURVE('',#3045,(#3049,#3056),.PCURVE_S1.);
#3045 = LINE('',#3046,#3047);
#3046 = CARTESIAN_POINT('',(-0.6,-0.6,0.E+000));
#3047 = VECTOR('',#3048,1.);
#3048 = DIRECTION('',(0.E+000,0.E+000,1.));
#3049 = PCURVE('',#2724,#3050);
#3050 = DEFINITIONAL_REPRESENTATION('',(#3051),#3055);
#3051 = LINE('',#3052,#3053);
#3052 = CARTESIAN_POINT('',(0.E+000,0.E+000));
#3053 = VECTOR('',#3054,1.);
#3054 = DIRECTION('',(1.,0.E+000));
#3055 = ( GEOMETRIC_REPRESENTATION_CONTEXT(2) 
PARAMETRIC_REPRESENTATION_CONTEXT() REPRESENTATION_CONTEXT('2D SPACE',''
  ) );
#3056 = PCURVE('',#2696,#3057);
#3057 = DEFINITIONAL_REPRESENTATION('',(#3058),#3062);
#3058 = LINE('',#3059,#3060);
#3059 = CARTESIAN_POINT('',(0.E+000,0.E+000));
#3060 = VECTOR('',#3061,1.);
#3061 = DIRECTION('',(1.,0.E+000));
#3062 = ( GEOMETRIC_REPRESENTATION_CONTEXT(2) 
PARAMETRIC_REPRESENTATION_CONTEXT() REPRESENTATION_CONTEXT('2D SPACE',''
  ) );
#3063 = ORIENTED_EDGE('',*,*,#3064,.T.);
#3064 = EDGE_CURVE('',#3042,#2965,#3065,.T.);
#3065 = SURFACE_CURVE('',#3066,(#3070,#3077),.PCURVE_S1.);
#3066 = LINE('',#3067,#3068);
#3067 = CARTESIAN_POINT('',(-0.6,-0.6,0.E+000));
#3068 = VECTOR('',#3069,1.);
#3069 = DIRECTION('',(0.E+000,1.,0.E+000));
#3070 = PCURVE('',#2724,#3071);
#3071 = DEFINITIONAL_REPRESENTATION('',(#3072),#3076);
#3072 = LINE('',#3073,#3074);
#3073 = CARTESIAN_POINT('',(0.E+000,0.E+000));
#3074 = VECTOR('',#3075,1.);
#3075 = DIRECTION('',(0.E+000,-1.));
#3076 = ( GEOMETRIC_REPRESENTATION_CONTEXT(2) 
PARAMETRIC_REPRESENTATION_CONTEXT() REPRESENTATION_CONTEXT('2D SPACE',''
  ) );
#3077 = PCURVE('',#2982,#3078);
#3078 = DEFINITIONAL_REPRESENTATION('',(#3079),#3083);
#3079 = LINE('',#3080,#3081);
#3080 = CARTESIAN_POINT('',(0.E+000,0.E+000));
#3081 = VECTOR('',#3082,1.);
#3082 = DIRECTION('',(0.E+000,1.));
#3083 = ( GEOMETRIC_REPRESENTATION_CONTEXT(2) 
PARAMETRIC_REPRESENTATION_CONTEXT() REPRESENTATION_CONTEXT('2D SPACE',''
  ) );
#3084 = ORIENTED_EDGE('',*,*,#2994,.T.);
#3085 = ORIENTED_EDGE('',*,*,#2708,.F.);
#3086 = ADVANCED_FACE('',(#3087),#2696,.F.);
#3087 = FACE_BOUND('',#3088,.F.);
#3088 = EDGE_LOOP('',(#3089,#3112,#3113,#3114,#3115));
#3089 = ORIENTED_EDGE('',*,*,#3090,.F.);
#3090 = EDGE_CURVE('',#3042,#3091,#3093,.T.);
#3091 = VERTEX_POINT('',#3092);
#3092 = CARTESIAN_POINT('',(1.8,-0.6,0.E+000));
#3093 = SURFACE_CURVE('',#3094,(#3098,#3105),.PCURVE_S1.);
#3094 = LINE('',#3095,#3096);
#3095 = CARTESIAN_POINT('',(-0.6,-0.6,0.E+000));
#3096 = VECTOR('',#3097,1.);
#3097 = DIRECTION('',(1.,0.E+000,0.E+000));
#3098 = PCURVE('',#2696,#3099);
#3099 = DEFINITIONAL_REPRESENTATION('',(#3100),#3104);
#3100 = LINE('',#3101,#3102);
#3101 = CARTESIAN_POINT('',(0.E+000,0.E+000));
#3102 = VECTOR('',#3103,1.);
#3103 = DIRECTION('',(0.E+000,1.));
#3104 = ( GEOMETRIC_REPRESENTATION_CONTEXT(2) 
PARAMETRIC_REPRESENTATION_CONTEXT() REPRESENTATION_CONTEXT('2D SPACE',''
  ) );
#3105 = PCURVE('',#2982,#3106);
#3106 = DEFINITIONAL_REPRESENTATION('',(#3107),#3111);
#3107 = LINE('',#3108,#3109);
#3108 = CARTESIAN_POINT('',(0.E+000,0.E+000));
#3109 = VECTOR('',#3110,1.);
#3110 = DIRECTION('',(1.,0.E+000));
#3111 = ( GEOMETRIC_REPRESENTATION_CONTEXT(2) 
PARAMETRIC_REPRESENTATION_CONTEXT() REPRESENTATION_CONTEXT('2D SPACE',''
  ) );
#3112 = ORIENTED_EDGE('',*,*,#3041,.T.);
#3113 = ORIENTED_EDGE('',*,*,#2680,.T.);
#3114 = ORIENTED_EDGE('',*,*,#2912,.T.);
#3115 = ORIENTED_EDGE('',*,*,#3116,.F.);
#3116 = EDGE_CURVE('',#3091,#2913,#3117,.T.);
#3117 = SURFACE_CURVE('',#3118,(#3122,#3129),.PCURVE_S1.);
#3118 = LINE('',#3119,#3120);
#3119 = CARTESIAN_POINT('',(1.8,-0.6,0.E+000));
#3120 = VECTOR('',#3121,1.);
#3121 = DIRECTION('',(0.E+000,0.E+000,1.));
#3122 = PCURVE('',#2696,#3123);
#3123 = DEFINITIONAL_REPRESENTATION('',(#3124),#3128);
#3124 = LINE('',#3125,#3126);
#3125 = CARTESIAN_POINT('',(0.E+000,2.4));
#3126 = VECTOR('',#3127,1.);
#3127 = DIRECTION('',(1.,0.E+000));
#3128 = ( GEOMETRIC_REPRESENTATION_CONTEXT(2) 
PARAMETRIC_REPRESENTATION_CONTEXT() REPRESENTATION_CONTEXT('2D SPACE',''
  ) );
#3129 = PCURVE('',#2949,#3130);
#3130 = DEFINITIONAL_REPRESENTATION('',(#3131),#3135);
#3131 = LINE('',#3132,#3133);
#3132 = CARTESIAN_POINT('',(0.E+000,0.E+000));
#3133 = VECTOR('',#3134,1.);
#3134 = DIRECTION('',(1.,0.E+000));
#3135 = ( GEOMETRIC_REPRESENTATION_CONTEXT(2) 
PARAMETRIC_REPRESENTATION_CONTEXT() REPRESENTATION_CONTEXT('2D SPACE',''
  ) );
#3136 = ADVANCED_FACE('',(#3137),#2949,.T.);
#3137 = FACE_BOUND('',#3138,.T.);
#3138 = EDGE_LOOP('',(#3139,#3140,#3161,#3162));
#3139 = ORIENTED_EDGE('',*,*,#3116,.F.);
#3140 = ORIENTED_EDGE('',*,*,#3141,.T.);
#3141 = EDGE_CURVE('',#3091,#2967,#3142,.T.);
#3142 = SURFACE_CURVE('',#3143,(#3147,#3154),.PCURVE_S1.);
#3143 = LINE('',#3144,#3145);
#3144 = CARTESIAN_POINT('',(1.8,-0.6,0.E+000));
#3145 = VECTOR('',#3146,1.);
#3146 = DIRECTION('',(0.E+000,1.,0.E+000));
#3147 = PCURVE('',#2949,#3148);
#3148 = DEFINITIONAL_REPRESENTATION('',(#3149),#3153);
#3149 = LINE('',#3150,#3151);
#3150 = CARTESIAN_POINT('',(0.E+000,0.E+000));
#3151 = VECTOR('',#3152,1.);
#3152 = DIRECTION('',(0.E+000,-1.));
#3153 = ( GEOMETRIC_REPRESENTATION_CONTEXT(2) 
PARAMETRIC_REPRESENTATION_CONTEXT() REPRESENTATION_CONTEXT('2D SPACE',''
  ) );
#3154 = PCURVE('',#2982,#3155);
#3155 = DEFINITIONAL_REPRESENTATION('',(#3156),#3160);
#3156 = LINE('',#3157,#3158);
#3157 = CARTESIAN_POINT('',(2.4,0.E+000));
#3158 = VECTOR('',#3159,1.);
#3159 = DIRECTION('',(0.E+000,1.));
#3160 = ( GEOMETRIC_REPRESENTATION_CONTEXT(2) 
PARAMETRIC_REPRESENTATION_CONTEXT() REPRESENTATION_CONTEXT('2D SPACE',''
  ) );
#3161 = ORIENTED_EDGE('',*,*,#3017,.T.);
#3162 = ORIENTED_EDGE('',*,*,#2935,.F.);
#3163 = ADVANCED_FACE('',(#3164),#2982,.F.);
#3164 = FACE_BOUND('',#3165,.F.);
#3165 = EDGE_LOOP('',(#3166,#3167,#3168,#3169));
#3166 = ORIENTED_EDGE('',*,*,#3064,.F.);
#3167 = ORIENTED_EDGE('',*,*,#3090,.T.);
#3168 = ORIENTED_EDGE('',*,*,#3141,.T.);
#3169 = ORIENTED_EDGE('',*,*,#2964,.F.);
#3170 = ( GEOMETRIC_REPRESENTATION_CONTEXT(3) 
GLOBAL_UNCERTAINTY_ASSIGNED_CONTEXT((#3174)) 
GLOBAL_UNIT_ASSIGNED_CONTEXT((#3171,#3172,#3173)) REPRESENTATION_CONTEXT
('Context #1','3D Context with UNIT and UNCERTAINTY') );
#3171 = ( LENGTH_UNIT() NAMED_UNIT(*) SI_UNIT(.MILLI.,.METRE.) );
#3172 = ( NAMED_UNIT(*) PLANE_ANGLE_UNIT() SI_UNIT($,.RADIAN.) );
#3173 = ( NAMED_UNIT(*) SI_UNIT($,.STERADIAN.) SOLID_ANGLE_UNIT() );
#3174 = UNCERTAINTY_MEASURE_WITH_UNIT(LENGTH_MEASURE(1.E-007),#3171,
  'distance_accuracy_value','confusion accuracy');
#3175 = SHAPE_DEFINITION_REPRESENTATION(#3176,#25);
#3176 = PRODUCT_DEFINITION_SHAPE('','',#3177);
#3177 = PRODUCT_DEFINITION('design','',#3178,#3181);
#3178 = PRODUCT_DEFINITION_FORMATION('','',#3179);
#3179 = PRODUCT('EVM-3E','EVM-3E','',(#3180));
#3180 = MECHANICAL_CONTEXT('',#2,'mechanical');
#3181 = PRODUCT_DEFINITION_CONTEXT('part definition',#2,'design');
#3182 = CONTEXT_DEPENDENT_SHAPE_REPRESENTATION(#3183,#3185);
#3183 = ( REPRESENTATION_RELATIONSHIP('','',#25,#10) 
REPRESENTATION_RELATIONSHIP_WITH_TRANSFORMATION(#3184) 
SHAPE_REPRESENTATION_RELATIONSHIP() );
#3184 = ITEM_DEFINED_TRANSFORMATION('','',#11,#15);
#3185 = PRODUCT_DEFINITION_SHAPE('Placement','Placement of an item',
  #3186);
#3186 = NEXT_ASSEMBLY_USAGE_OCCURRENCE('7','=>[0:1:1:2]','',#5,#3177,$);
#3187 = PRODUCT_TYPE('part',$,(#3179));
#3188 = MECHANICAL_DESIGN_GEOMETRIC_PRESENTATION_REPRESENTATION('',(
    #3189,#3197,#3204,#3211,#3218,#3225,#3232,#3239,#3246,#3253,#3260,
    #3267,#3274,#3281,#3288,#3296,#3303,#3310,#3317,#3324,#3331,#3338,
    #3345,#3352,#3359,#3366,#3373,#3380,#3387,#3394,#3401,#3408,#3415,
    #3422,#3429,#3436,#3443,#3450,#3457,#3464,#3471,#3478,#3485,#3492),
  #3170);
#3189 = STYLED_ITEM('color',(#3190),#28);
#3190 = PRESENTATION_STYLE_ASSIGNMENT((#3191));
#3191 = SURFACE_STYLE_USAGE(.BOTH.,#3192);
#3192 = SURFACE_SIDE_STYLE('',(#3193));
#3193 = SURFACE_STYLE_FILL_AREA(#3194);
#3194 = FILL_AREA_STYLE('',(#3195));
#3195 = FILL_AREA_STYLE_COLOUR('',#3196);
#3196 = COLOUR_RGB('',0.800000011921,0.800000011921,0.800000011921);
#3197 = STYLED_ITEM('color',(#3198),#403);
#3198 = PRESENTATION_STYLE_ASSIGNMENT((#3199));
#3199 = SURFACE_STYLE_USAGE(.BOTH.,#3200);
#3200 = SURFACE_SIDE_STYLE('',(#3201));
#3201 = SURFACE_STYLE_FILL_AREA(#3202);
#3202 = FILL_AREA_STYLE('',(#3203));
#3203 = FILL_AREA_STYLE_COLOUR('',#3196);
#3204 = STYLED_ITEM('color',(#3205),#673);
#3205 = PRESENTATION_STYLE_ASSIGNMENT((#3206));
#3206 = SURFACE_STYLE_USAGE(.BOTH.,#3207);
#3207 = SURFACE_SIDE_STYLE('',(#3208));
#3208 = SURFACE_STYLE_FILL_AREA(#3209);
#3209 = FILL_AREA_STYLE('',(#3210));
#3210 = FILL_AREA_STYLE_COLOUR('',#3196);
#3211 = STYLED_ITEM('color',(#3212),#749);
#3212 = PRESENTATION_STYLE_ASSIGNMENT((#3213));
#3213 = SURFACE_STYLE_USAGE(.BOTH.,#3214);
#3214 = SURFACE_SIDE_STYLE('',(#3215));
#3215 = SURFACE_STYLE_FILL_AREA(#3216);
#3216 = FILL_AREA_STYLE('',(#3217));
#3217 = FILL_AREA_STYLE_COLOUR('',#3196);
#3218 = STYLED_ITEM('color',(#3219),#798);
#3219 = PRESENTATION_STYLE_ASSIGNMENT((#3220));
#3220 = SURFACE_STYLE_USAGE(.BOTH.,#3221);
#3221 = SURFACE_SIDE_STYLE('',(#3222));
#3222 = SURFACE_STYLE_FILL_AREA(#3223);
#3223 = FILL_AREA_STYLE('',(#3224));
#3224 = FILL_AREA_STYLE_COLOUR('',#3196);
#3225 = STYLED_ITEM('color',(#3226),#847);
#3226 = PRESENTATION_STYLE_ASSIGNMENT((#3227));
#3227 = SURFACE_STYLE_USAGE(.BOTH.,#3228);
#3228 = SURFACE_SIDE_STYLE('',(#3229));
#3229 = SURFACE_STYLE_FILL_AREA(#3230);
#3230 = FILL_AREA_STYLE('',(#3231));
#3231 = FILL_AREA_STYLE_COLOUR('',#3196);
#3232 = STYLED_ITEM('color',(#3233),#896);
#3233 = PRESENTATION_STYLE_ASSIGNMENT((#3234));
#3234 = SURFACE_STYLE_USAGE(.BOTH.,#3235);
#3235 = SURFACE_SIDE_STYLE('',(#3236));
#3236 = SURFACE_STYLE_FILL_AREA(#3237);
#3237 = FILL_AREA_STYLE('',(#3238));
#3238 = FILL_AREA_STYLE_COLOUR('',#3196);
#3239 = STYLED_ITEM('color',(#3240),#945);
#3240 = PRESENTATION_STYLE_ASSIGNMENT((#3241));
#3241 = SURFACE_STYLE_USAGE(.BOTH.,#3242);
#3242 = SURFACE_SIDE_STYLE('',(#3243));
#3243 = SURFACE_STYLE_FILL_AREA(#3244);
#3244 = FILL_AREA_STYLE('',(#3245));
#3245 = FILL_AREA_STYLE_COLOUR('',#3196);
#3246 = STYLED_ITEM('color',(#3247),#994);
#3247 = PRESENTATION_STYLE_ASSIGNMENT((#3248));
#3248 = SURFACE_STYLE_USAGE(.BOTH.,#3249);
#3249 = SURFACE_SIDE_STYLE('',(#3250));
#3250 = SURFACE_STYLE_FILL_AREA(#3251);
#3251 = FILL_AREA_STYLE('',(#3252));
#3252 = FILL_AREA_STYLE_COLOUR('',#3196);
#3253 = STYLED_ITEM('color',(#3254),#1043);
#3254 = PRESENTATION_STYLE_ASSIGNMENT((#3255));
#3255 = SURFACE_STYLE_USAGE(.BOTH.,#3256);
#3256 = SURFACE_SIDE_STYLE('',(#3257));
#3257 = SURFACE_STYLE_FILL_AREA(#3258);
#3258 = FILL_AREA_STYLE('',(#3259));
#3259 = FILL_AREA_STYLE_COLOUR('',#3196);
#3260 = STYLED_ITEM('color',(#3261),#1092);
#3261 = PRESENTATION_STYLE_ASSIGNMENT((#3262));
#3262 = SURFACE_STYLE_USAGE(.BOTH.,#3263);
#3263 = SURFACE_SIDE_STYLE('',(#3264));
#3264 = SURFACE_STYLE_FILL_AREA(#3265);
#3265 = FILL_AREA_STYLE('',(#3266));
#3266 = FILL_AREA_STYLE_COLOUR('',#3196);
#3267 = STYLED_ITEM('color',(#3268),#1141);
#3268 = PRESENTATION_STYLE_ASSIGNMENT((#3269));
#3269 = SURFACE_STYLE_USAGE(.BOTH.,#3270);
#3270 = SURFACE_SIDE_STYLE('',(#3271));
#3271 = SURFACE_STYLE_FILL_AREA(#3272);
#3272 = FILL_AREA_STYLE('',(#3273));
#3273 = FILL_AREA_STYLE_COLOUR('',#3196);
#3274 = STYLED_ITEM('color',(#3275),#1190);
#3275 = PRESENTATION_STYLE_ASSIGNMENT((#3276));
#3276 = SURFACE_STYLE_USAGE(.BOTH.,#3277);
#3277 = SURFACE_SIDE_STYLE('',(#3278));
#3278 = SURFACE_STYLE_FILL_AREA(#3279);
#3279 = FILL_AREA_STYLE('',(#3280));
#3280 = FILL_AREA_STYLE_COLOUR('',#3196);
#3281 = STYLED_ITEM('color',(#3282),#1239);
#3282 = PRESENTATION_STYLE_ASSIGNMENT((#3283));
#3283 = SURFACE_STYLE_USAGE(.BOTH.,#3284);
#3284 = SURFACE_SIDE_STYLE('',(#3285));
#3285 = SURFACE_STYLE_FILL_AREA(#3286);
#3286 = FILL_AREA_STYLE('',(#3287));
#3287 = FILL_AREA_STYLE_COLOUR('',#3196);
#3288 = STYLED_ITEM('color',(#3289),#1266);
#3289 = PRESENTATION_STYLE_ASSIGNMENT((#3290));
#3290 = SURFACE_STYLE_USAGE(.BOTH.,#3291);
#3291 = SURFACE_SIDE_STYLE('',(#3292));
#3292 = SURFACE_STYLE_FILL_AREA(#3293);
#3293 = FILL_AREA_STYLE('',(#3294));
#3294 = FILL_AREA_STYLE_COLOUR('',#3295);
#3295 = DRAUGHTING_PRE_DEFINED_COLOUR('white');
#3296 = STYLED_ITEM('color',(#3297),#1503);
#3297 = PRESENTATION_STYLE_ASSIGNMENT((#3298));
#3298 = SURFACE_STYLE_USAGE(.BOTH.,#3299);
#3299 = SURFACE_SIDE_STYLE('',(#3300));
#3300 = SURFACE_STYLE_FILL_AREA(#3301);
#3301 = FILL_AREA_STYLE('',(#3302));
#3302 = FILL_AREA_STYLE_COLOUR('',#3196);
#3303 = STYLED_ITEM('color',(#3304),#1552);
#3304 = PRESENTATION_STYLE_ASSIGNMENT((#3305));
#3305 = SURFACE_STYLE_USAGE(.BOTH.,#3306);
#3306 = SURFACE_SIDE_STYLE('',(#3307));
#3307 = SURFACE_STYLE_FILL_AREA(#3308);
#3308 = FILL_AREA_STYLE('',(#3309));
#3309 = FILL_AREA_STYLE_COLOUR('',#3196);
#3310 = STYLED_ITEM('color',(#3311),#1629);
#3311 = PRESENTATION_STYLE_ASSIGNMENT((#3312));
#3312 = SURFACE_STYLE_USAGE(.BOTH.,#3313);
#3313 = SURFACE_SIDE_STYLE('',(#3314));
#3314 = SURFACE_STYLE_FILL_AREA(#3315);
#3315 = FILL_AREA_STYLE('',(#3316));
#3316 = FILL_AREA_STYLE_COLOUR('',#3196);
#3317 = STYLED_ITEM('color',(#3318),#1784);
#3318 = PRESENTATION_STYLE_ASSIGNMENT((#3319));
#3319 = SURFACE_STYLE_USAGE(.BOTH.,#3320);
#3320 = SURFACE_SIDE_STYLE('',(#3321));
#3321 = SURFACE_STYLE_FILL_AREA(#3322);
#3322 = FILL_AREA_STYLE('',(#3323));
#3323 = FILL_AREA_STYLE_COLOUR('',#3295);
#3324 = STYLED_ITEM('color',(#3325),#1831);
#3325 = PRESENTATION_STYLE_ASSIGNMENT((#3326));
#3326 = SURFACE_STYLE_USAGE(.BOTH.,#3327);
#3327 = SURFACE_SIDE_STYLE('',(#3328));
#3328 = SURFACE_STYLE_FILL_AREA(#3329);
#3329 = FILL_AREA_STYLE('',(#3330));
#3330 = FILL_AREA_STYLE_COLOUR('',#3196);
#3331 = STYLED_ITEM('color',(#3332),#1983);
#3332 = PRESENTATION_STYLE_ASSIGNMENT((#3333));
#3333 = SURFACE_STYLE_USAGE(.BOTH.,#3334);
#3334 = SURFACE_SIDE_STYLE('',(#3335));
#3335 = SURFACE_STYLE_FILL_AREA(#3336);
#3336 = FILL_AREA_STYLE('',(#3337));
#3337 = FILL_AREA_STYLE_COLOUR('',#3196);
#3338 = STYLED_ITEM('color',(#3339),#2055);
#3339 = PRESENTATION_STYLE_ASSIGNMENT((#3340));
#3340 = SURFACE_STYLE_USAGE(.BOTH.,#3341);
#3341 = SURFACE_SIDE_STYLE('',(#3342));
#3342 = SURFACE_STYLE_FILL_AREA(#3343);
#3343 = FILL_AREA_STYLE('',(#3344));
#3344 = FILL_AREA_STYLE_COLOUR('',#3196);
#3345 = STYLED_ITEM('color',(#3346),#2082);
#3346 = PRESENTATION_STYLE_ASSIGNMENT((#3347));
#3347 = SURFACE_STYLE_USAGE(.BOTH.,#3348);
#3348 = SURFACE_SIDE_STYLE('',(#3349));
#3349 = SURFACE_STYLE_FILL_AREA(#3350);
#3350 = FILL_AREA_STYLE('',(#3351));
#3351 = FILL_AREA_STYLE_COLOUR('',#3196);
#3352 = STYLED_ITEM('color',(#3353),#2097);
#3353 = PRESENTATION_STYLE_ASSIGNMENT((#3354));
#3354 = SURFACE_STYLE_USAGE(.BOTH.,#3355);
#3355 = SURFACE_SIDE_STYLE('',(#3356));
#3356 = SURFACE_STYLE_FILL_AREA(#3357);
#3357 = FILL_AREA_STYLE('',(#3358));
#3358 = FILL_AREA_STYLE_COLOUR('',#3295);
#3359 = STYLED_ITEM('color',(#3360),#2166);
#3360 = PRESENTATION_STYLE_ASSIGNMENT((#3361));
#3361 = SURFACE_STYLE_USAGE(.BOTH.,#3362);
#3362 = SURFACE_SIDE_STYLE('',(#3363));
#3363 = SURFACE_STYLE_FILL_AREA(#3364);
#3364 = FILL_AREA_STYLE('',(#3365));
#3365 = FILL_AREA_STYLE_COLOUR('',#3196);
#3366 = STYLED_ITEM('color',(#3367),#2261);
#3367 = PRESENTATION_STYLE_ASSIGNMENT((#3368));
#3368 = SURFACE_STYLE_USAGE(.BOTH.,#3369);
#3369 = SURFACE_SIDE_STYLE('',(#3370));
#3370 = SURFACE_STYLE_FILL_AREA(#3371);
#3371 = FILL_AREA_STYLE('',(#3372));
#3372 = FILL_AREA_STYLE_COLOUR('',#3196);
#3373 = STYLED_ITEM('color',(#3374),#2376);
#3374 = PRESENTATION_STYLE_ASSIGNMENT((#3375));
#3375 = SURFACE_STYLE_USAGE(.BOTH.,#3376);
#3376 = SURFACE_SIDE_STYLE('',(#3377));
#3377 = SURFACE_STYLE_FILL_AREA(#3378);
#3378 = FILL_AREA_STYLE('',(#3379));
#3379 = FILL_AREA_STYLE_COLOUR('',#3295);
#3380 = STYLED_ITEM('color',(#3381),#2425);
#3381 = PRESENTATION_STYLE_ASSIGNMENT((#3382));
#3382 = SURFACE_STYLE_USAGE(.BOTH.,#3383);
#3383 = SURFACE_SIDE_STYLE('',(#3384));
#3384 = SURFACE_STYLE_FILL_AREA(#3385);
#3385 = FILL_AREA_STYLE('',(#3386));
#3386 = FILL_AREA_STYLE_COLOUR('',#3295);
#3387 = STYLED_ITEM('color',(#3388),#2474);
#3388 = PRESENTATION_STYLE_ASSIGNMENT((#3389));
#3389 = SURFACE_STYLE_USAGE(.BOTH.,#3390);
#3390 = SURFACE_SIDE_STYLE('',(#3391));
#3391 = SURFACE_STYLE_FILL_AREA(#3392);
#3392 = FILL_AREA_STYLE('',(#3393));
#3393 = FILL_AREA_STYLE_COLOUR('',#3295);
#3394 = STYLED_ITEM('color',(#3395),#2574);
#3395 = PRESENTATION_STYLE_ASSIGNMENT((#3396));
#3396 = SURFACE_STYLE_USAGE(.BOTH.,#3397);
#3397 = SURFACE_SIDE_STYLE('',(#3398));
#3398 = SURFACE_STYLE_FILL_AREA(#3399);
#3399 = FILL_AREA_STYLE('',(#3400));
#3400 = FILL_AREA_STYLE_COLOUR('',#3295);
#3401 = STYLED_ITEM('color',(#3402),#2601);
#3402 = PRESENTATION_STYLE_ASSIGNMENT((#3403));
#3403 = SURFACE_STYLE_USAGE(.BOTH.,#3404);
#3404 = SURFACE_SIDE_STYLE('',(#3405));
#3405 = SURFACE_STYLE_FILL_AREA(#3406);
#3406 = FILL_AREA_STYLE('',(#3407));
#3407 = FILL_AREA_STYLE_COLOUR('',#3196);
#3408 = STYLED_ITEM('color',(#3409),#2628);
#3409 = PRESENTATION_STYLE_ASSIGNMENT((#3410));
#3410 = SURFACE_STYLE_USAGE(.BOTH.,#3411);
#3411 = SURFACE_SIDE_STYLE('',(#3412));
#3412 = SURFACE_STYLE_FILL_AREA(#3413);
#3413 = FILL_AREA_STYLE('',(#3414));
#3414 = FILL_AREA_STYLE_COLOUR('',#3196);
#3415 = STYLED_ITEM('color',(#3416),#2673);
#3416 = PRESENTATION_STYLE_ASSIGNMENT((#3417));
#3417 = SURFACE_STYLE_USAGE(.BOTH.,#3418);
#3418 = SURFACE_SIDE_STYLE('',(#3419));
#3419 = SURFACE_STYLE_FILL_AREA(#3420);
#3420 = FILL_AREA_STYLE('',(#3421));
#3421 = FILL_AREA_STYLE_COLOUR('',#3295);
#3422 = STYLED_ITEM('color',(#3423),#2809);
#3423 = PRESENTATION_STYLE_ASSIGNMENT((#3424));
#3424 = SURFACE_STYLE_USAGE(.BOTH.,#3425);
#3425 = SURFACE_SIDE_STYLE('',(#3426));
#3426 = SURFACE_STYLE_FILL_AREA(#3427);
#3427 = FILL_AREA_STYLE('',(#3428));
#3428 = FILL_AREA_STYLE_COLOUR('',#3295);
#3429 = STYLED_ITEM('color',(#3430),#2816);
#3430 = PRESENTATION_STYLE_ASSIGNMENT((#3431));
#3431 = SURFACE_STYLE_USAGE(.BOTH.,#3432);
#3432 = SURFACE_SIDE_STYLE('',(#3433));
#3433 = SURFACE_STYLE_FILL_AREA(#3434);
#3434 = FILL_AREA_STYLE('',(#3435));
#3435 = FILL_AREA_STYLE_COLOUR('',#3196);
#3436 = STYLED_ITEM('color',(#3437),#2823);
#3437 = PRESENTATION_STYLE_ASSIGNMENT((#3438));
#3438 = SURFACE_STYLE_USAGE(.BOTH.,#3439);
#3439 = SURFACE_SIDE_STYLE('',(#3440));
#3440 = SURFACE_STYLE_FILL_AREA(#3441);
#3441 = FILL_AREA_STYLE('',(#3442));
#3442 = FILL_AREA_STYLE_COLOUR('',#3196);
#3443 = STYLED_ITEM('color',(#3444),#2850);
#3444 = PRESENTATION_STYLE_ASSIGNMENT((#3445));
#3445 = SURFACE_STYLE_USAGE(.BOTH.,#3446);
#3446 = SURFACE_SIDE_STYLE('',(#3447));
#3447 = SURFACE_STYLE_FILL_AREA(#3448);
#3448 = FILL_AREA_STYLE('',(#3449));
#3449 = FILL_AREA_STYLE_COLOUR('',#3196);
#3450 = STYLED_ITEM('color',(#3451),#2877);
#3451 = PRESENTATION_STYLE_ASSIGNMENT((#3452));
#3452 = SURFACE_STYLE_USAGE(.BOTH.,#3453);
#3453 = SURFACE_SIDE_STYLE('',(#3454));
#3454 = SURFACE_STYLE_FILL_AREA(#3455);
#3455 = FILL_AREA_STYLE('',(#3456));
#3456 = FILL_AREA_STYLE_COLOUR('',#3196);
#3457 = STYLED_ITEM('color',(#3458),#2884);
#3458 = PRESENTATION_STYLE_ASSIGNMENT((#3459));
#3459 = SURFACE_STYLE_USAGE(.BOTH.,#3460);
#3460 = SURFACE_SIDE_STYLE('',(#3461));
#3461 = SURFACE_STYLE_FILL_AREA(#3462);
#3462 = FILL_AREA_STYLE('',(#3463));
#3463 = FILL_AREA_STYLE_COLOUR('',#3196);
#3464 = STYLED_ITEM('color',(#3465),#2960);
#3465 = PRESENTATION_STYLE_ASSIGNMENT((#3466));
#3466 = SURFACE_STYLE_USAGE(.BOTH.,#3467);
#3467 = SURFACE_SIDE_STYLE('',(#3468));
#3468 = SURFACE_STYLE_FILL_AREA(#3469);
#3469 = FILL_AREA_STYLE('',(#3470));
#3470 = FILL_AREA_STYLE_COLOUR('',#3196);
#3471 = STYLED_ITEM('color',(#3472),#3037);
#3472 = PRESENTATION_STYLE_ASSIGNMENT((#3473));
#3473 = SURFACE_STYLE_USAGE(.BOTH.,#3474);
#3474 = SURFACE_SIDE_STYLE('',(#3475));
#3475 = SURFACE_STYLE_FILL_AREA(#3476);
#3476 = FILL_AREA_STYLE('',(#3477));
#3477 = FILL_AREA_STYLE_COLOUR('',#3196);
#3478 = STYLED_ITEM('color',(#3479),#3086);
#3479 = PRESENTATION_STYLE_ASSIGNMENT((#3480));
#3480 = SURFACE_STYLE_USAGE(.BOTH.,#3481);
#3481 = SURFACE_SIDE_STYLE('',(#3482));
#3482 = SURFACE_STYLE_FILL_AREA(#3483);
#3483 = FILL_AREA_STYLE('',(#3484));
#3484 = FILL_AREA_STYLE_COLOUR('',#3196);
#3485 = STYLED_ITEM('color',(#3486),#3136);
#3486 = PRESENTATION_STYLE_ASSIGNMENT((#3487));
#3487 = SURFACE_STYLE_USAGE(.BOTH.,#3488);
#3488 = SURFACE_SIDE_STYLE('',(#3489));
#3489 = SURFACE_STYLE_FILL_AREA(#3490);
#3490 = FILL_AREA_STYLE('',(#3491));
#3491 = FILL_AREA_STYLE_COLOUR('',#3196);
#3492 = STYLED_ITEM('color',(#3493),#3163);
#3493 = PRESENTATION_STYLE_ASSIGNMENT((#3494));
#3494 = SURFACE_STYLE_USAGE(.BOTH.,#3495);
#3495 = SURFACE_SIDE_STYLE('',(#3496));
#3496 = SURFACE_STYLE_FILL_AREA(#3497);
#3497 = FILL_AREA_STYLE('',(#3498));
#3498 = FILL_AREA_STYLE_COLOUR('',#3196);
ENDSEC;
END-ISO-10303-21;
