ISO-10303-21;
HEADER;

/* File generated by Shapr3D Version 26.150.11562.0 */

FILE_DESCRIPTION(('HOOPS Exchange Step'),'2;1');

FILE_NAME('C:\\Users\\TranHuyBao\\AppData\\Local\\Packages\\Shapr3D.Shapr3D_dvv5p1vgwv6mp\\TempState\\export\\temp_export',
'2026-08-19T20:30:45+07:00',
('TR\X2\1EA6\X0\N HUY B\X2\1EA2\X0\O'),
('Shapr3D Limited'),
'HOOPS Exchange 2026.3',
'Shapr3D',
'Authorized');

FILE_SCHEMA( ('AP242_MANAGED_MODEL_BASED_3D_ENGINEERING_MIM_LF {1 0 10303 442 1 1 4}') );

ENDSEC;

DATA;
#3=(NAMED_UNIT(*)PLANE_ANGLE_UNIT()SI_UNIT($,.RADIAN.));
#4=PLANE_ANGLE_MEASURE_WITH_UNIT(PLANE_ANGLE_MEASURE(0.0174532925),#3);
#5=(CONVERSION_BASED_UNIT('DEGREE',#4)NAMED_UNIT(#6)PLANE_ANGLE_UNIT());
#6=DIMENSIONAL_EXPONENTS(0.,0.,0.,0.,0.,0.,0.);
#7=(NAMED_UNIT(*)SI_UNIT($,.STERADIAN.)SOLID_ANGLE_UNIT());
#8=(LENGTH_UNIT()NAMED_UNIT(*)SI_UNIT(.MILLI.,.METRE.));
#9=UNCERTAINTY_MEASURE_WITH_UNIT(LENGTH_MEASURE(1.000000E-03),#8,'DISTANCE_ACCURACY_VALUE','Maximum Tolerance applied to model');
#10=(GEOMETRIC_REPRESENTATION_CONTEXT(3)GLOBAL_UNCERTAINTY_ASSIGNED_CONTEXT((#9))GLOBAL_UNIT_ASSIGNED_CONTEXT((#8,#5,#7))REPRESENTATION_CONTEXT('','root'));
#12=CARTESIAN_POINT('',(0.,0.,0.));
#13=DIRECTION('',(0.,0.,1.));
#14=DIRECTION('',(1.,0.,0.));
#15=AXIS2_PLACEMENT_3D('',#12,#13,#14);
#26=(NAMED_UNIT(*)PLANE_ANGLE_UNIT()SI_UNIT($,.RADIAN.));
#27=PLANE_ANGLE_MEASURE_WITH_UNIT(PLANE_ANGLE_MEASURE(0.0174532925),#26);
#28=(CONVERSION_BASED_UNIT('DEGREE',#27)NAMED_UNIT(#29)PLANE_ANGLE_UNIT());
#29=DIMENSIONAL_EXPONENTS(0.,0.,0.,0.,0.,0.,0.);
#30=(NAMED_UNIT(*)SI_UNIT($,.STERADIAN.)SOLID_ANGLE_UNIT());
#31=(LENGTH_UNIT()NAMED_UNIT(*)SI_UNIT(.MILLI.,.METRE.));
#32=UNCERTAINTY_MEASURE_WITH_UNIT(LENGTH_MEASURE(1.000000E-03),#31,'DISTANCE_ACCURACY_VALUE','Maximum Tolerance applied to model');
#33=(GEOMETRIC_REPRESENTATION_CONTEXT(3)GLOBAL_UNCERTAINTY_ASSIGNED_CONTEXT((#32))GLOBAL_UNIT_ASSIGNED_CONTEXT((#31,#28,#30))REPRESENTATION_CONTEXT('','DEMO_T9_6.7.STEP (Imported)'));
#45=CARTESIAN_POINT('',(0.,0.,0.));
#46=DIRECTION('',(0.,0.,1.));
#47=DIRECTION('',(1.,0.,-0.));
#48=AXIS2_PLACEMENT_3D('',#45,#46,#47);
#49=ITEM_DEFINED_TRANSFORMATION('','',#48,#15);
#50=(REPRESENTATION_RELATIONSHIP('','',#35,#16)REPRESENTATION_RELATIONSHIP_WITH_TRANSFORMATION(#49)SHAPE_REPRESENTATION_RELATIONSHIP());
#51=NEXT_ASSEMBLY_USAGE_OCCURRENCE('DEMO_T9_6.7.STEP (Imported)_1','DEMO_T9_6.7.STEP (Imported)','DEMO_T9_6.7.STEP (Imported)',#25,#44,$);
#52=PRODUCT_DEFINITION_SHAPE('','',#51);
#53=CONTEXT_DEPENDENT_SHAPE_REPRESENTATION(#50,#52);
#54=(NAMED_UNIT(*)PLANE_ANGLE_UNIT()SI_UNIT($,.RADIAN.));
#55=PLANE_ANGLE_MEASURE_WITH_UNIT(PLANE_ANGLE_MEASURE(0.0174532925),#54);
#56=(CONVERSION_BASED_UNIT('DEGREE',#55)NAMED_UNIT(#57)PLANE_ANGLE_UNIT());
#57=DIMENSIONAL_EXPONENTS(0.,0.,0.,0.,0.,0.,0.);
#58=(NAMED_UNIT(*)SI_UNIT($,.STERADIAN.)SOLID_ANGLE_UNIT());
#59=(LENGTH_UNIT()NAMED_UNIT(*)SI_UNIT(.MILLI.,.METRE.));
#60=UNCERTAINTY_MEASURE_WITH_UNIT(LENGTH_MEASURE(1.000000E-03),#59,'DISTANCE_ACCURACY_VALUE','Maximum Tolerance applied to model');
#61=(GEOMETRIC_REPRESENTATION_CONTEXT(3)GLOBAL_UNCERTAINTY_ASSIGNED_CONTEXT((#60))GLOBAL_UNIT_ASSIGNED_CONTEXT((#59,#56,#58))REPRESENTATION_CONTEXT('','DEMO_T9_6.7.STEP'));
#73=CARTESIAN_POINT('',(0.,0.,0.));
#74=DIRECTION('',(0.,0.,1.));
#75=DIRECTION('',(1.,0.,-0.));
#76=AXIS2_PLACEMENT_3D('',#73,#74,#75);
#77=ITEM_DEFINED_TRANSFORMATION('','',#76,#15);
#78=(REPRESENTATION_RELATIONSHIP('','',#63,#35)REPRESENTATION_RELATIONSHIP_WITH_TRANSFORMATION(#77)SHAPE_REPRESENTATION_RELATIONSHIP());
#79=NEXT_ASSEMBLY_USAGE_OCCURRENCE('DEMO_T9_6.7.STEP_2','DEMO_T9_6.7.STEP','DEMO_T9_6.7.STEP',#44,#72,$);
#80=PRODUCT_DEFINITION_SHAPE('','',#79);
#81=CONTEXT_DEPENDENT_SHAPE_REPRESENTATION(#78,#80);
#82=(NAMED_UNIT(*)PLANE_ANGLE_UNIT()SI_UNIT($,.RADIAN.));
#83=PLANE_ANGLE_MEASURE_WITH_UNIT(PLANE_ANGLE_MEASURE(0.0174532925),#82);
#84=(CONVERSION_BASED_UNIT('DEGREE',#83)NAMED_UNIT(#85)PLANE_ANGLE_UNIT());
#85=DIMENSIONAL_EXPONENTS(0.,0.,0.,0.,0.,0.,0.);
#86=(NAMED_UNIT(*)SI_UNIT($,.STERADIAN.)SOLID_ANGLE_UNIT());
#87=(LENGTH_UNIT()NAMED_UNIT(*)SI_UNIT(.MILLI.,.METRE.));
#88=UNCERTAINTY_MEASURE_WITH_UNIT(LENGTH_MEASURE(1.000000E-05),#87,'DISTANCE_ACCURACY_VALUE','Maximum Tolerance applied to model');
#89=(GEOMETRIC_REPRESENTATION_CONTEXT(3)GLOBAL_UNCERTAINTY_ASSIGNED_CONTEXT((#88))GLOBAL_UNIT_ASSIGNED_CONTEXT((#87,#84,#86))REPRESENTATION_CONTEXT('','t\X2\1EA5\X0\m sau'));
#101=CARTESIAN_POINT('',(0.,0.,0.));
#102=DIRECTION('',(0.,0.,1.));
#103=DIRECTION('',(1.,0.,-0.));
#104=AXIS2_PLACEMENT_3D('',#101,#102,#103);
#105=ITEM_DEFINED_TRANSFORMATION('','',#104,#15);
#106=(REPRESENTATION_RELATIONSHIP('','',#91,#63)REPRESENTATION_RELATIONSHIP_WITH_TRANSFORMATION(#105)SHAPE_REPRESENTATION_RELATIONSHIP());
#107=NEXT_ASSEMBLY_USAGE_OCCURRENCE('t\X2\1EA5\X0\m sau_3','t\X2\1EA5\X0\m sau','t\X2\1EA5\X0\m sau',#72,#100,$);
#108=PRODUCT_DEFINITION_SHAPE('','',#107);
#109=CONTEXT_DEPENDENT_SHAPE_REPRESENTATION(#106,#108);
#111=CARTESIAN_POINT('',(26.87863907,274.135438664,416.457613508));
#112=DIRECTION('',(-0.,-1.,0.));
#113=DIRECTION('',(1.,-0.,0.));
#114=AXIS2_PLACEMENT_3D('',#111,#112,#113);
#115=PLANE('',#114);
#116=CARTESIAN_POINT('',(60.22178482,274.135438664,410.457613508));
#117=VERTEX_POINT('',#116);
#118=CARTESIAN_POINT('',(46.993170521,274.135438664,410.457613508));
#119=VERTEX_POINT('',#118);
#120=CARTESIAN_POINT('',(60.22178482,274.135438664,410.457613508));
#121=DIRECTION('',(-1.,0.,-0.));
#122=VECTOR('',#121,13.228614299);
#123=LINE('',#120,#122);
#124=EDGE_CURVE('',#117,#119,#123,.T.);
#125=ORIENTED_EDGE('',*,*,#124,.T.);
#126=CARTESIAN_POINT('',(46.993170521,274.135438664,415.457613508));
#127=VERTEX_POINT('',#126);
#128=CARTESIAN_POINT('',(46.993170521,274.135438664,410.457613508));
#129=DIRECTION('',(0.,0.,1.));
#130=VECTOR('',#129,5.);
#131=LINE('',#128,#130);
#132=EDGE_CURVE('',#119,#127,#131,.T.);
#133=ORIENTED_EDGE('',*,*,#132,.T.);
#134=CARTESIAN_POINT('',(60.22178482,274.135438664,415.457613508));
#135=VERTEX_POINT('',#134);
#136=CARTESIAN_POINT('',(60.22178482,274.135438664,415.457613508));
#137=DIRECTION('',(-1.,0.,-0.));
#138=VECTOR('',#137,13.228614299);
#139=LINE('',#136,#138);
#140=EDGE_CURVE('',#135,#127,#139,.T.);
#141=ORIENTED_EDGE('',*,*,#140,.F.);
#142=CARTESIAN_POINT('',(60.22178482,274.135438664,415.457613508));
#143=DIRECTION('',(-0.,-0.,-1.));
#144=VECTOR('',#143,5.);
#145=LINE('',#142,#144);
#146=EDGE_CURVE('',#135,#117,#145,.T.);
#147=ORIENTED_EDGE('',*,*,#146,.T.);
#148=EDGE_LOOP('',(#125,#133,#141,#147));
#149=FACE_BOUND('',#148,.T.);
#150=ADVANCED_FACE('',(#149),#115,.F.);
#151=CARTESIAN_POINT('',(-12.7,162.34611913,410.457613508));
#152=DIRECTION('',(1.,0.,0.));
#153=DIRECTION('',(0.,0.,-1.));
#154=AXIS2_PLACEMENT_3D('',#151,#152,#153);
#155=PLANE('',#154);
#156=CARTESIAN_POINT('',(-12.70001093,139.337613508,415.457613508));
#157=VERTEX_POINT('',#156);
#158=CARTESIAN_POINT('',(-12.7,194.506390038,415.457613508));
#159=VERTEX_POINT('',#158);
#160=CARTESIAN_POINT('',(-12.7,139.337613508,415.457613508));
#161=DIRECTION('',(0.,1.,-0.));
#162=VECTOR('',#161,55.16877653);
#163=LINE('',#160,#162);
#164=EDGE_CURVE('',#157,#159,#163,.T.);
#165=ORIENTED_EDGE('',*,*,#164,.T.);
#166=CARTESIAN_POINT('',(-12.7,194.506390038,410.457613508));
#167=VERTEX_POINT('',#166);
#168=CARTESIAN_POINT('',(-12.7,194.506390038,415.457613508));
#169=DIRECTION('',(-0.,-0.,-1.));
#170=VECTOR('',#169,5.);
#171=LINE('',#168,#170);
#172=EDGE_CURVE('',#159,#167,#171,.T.);
#173=ORIENTED_EDGE('',*,*,#172,.T.);
#174=CARTESIAN_POINT('',(-12.70001093,139.337613508,410.457613508));
#175=VERTEX_POINT('',#174);
#176=CARTESIAN_POINT('',(-12.7,139.337613508,410.457613508));
#177=DIRECTION('',(0.,1.,-0.));
#178=VECTOR('',#177,55.16877653);
#179=LINE('',#176,#178);
#180=EDGE_CURVE('',#175,#167,#179,.T.);
#181=ORIENTED_EDGE('',*,*,#180,.F.);
#182=CARTESIAN_POINT('',(-12.7,139.337613508,410.457613508));
#183=DIRECTION('',(-0.,-0.,1.));
#184=VECTOR('',#183,5.);
#185=LINE('',#182,#184);
#186=EDGE_CURVE('',#175,#157,#185,.T.);
#187=ORIENTED_EDGE('',*,*,#186,.T.);
#188=EDGE_LOOP('',(#165,#173,#181,#187));
#189=FACE_BOUND('',#188,.T.);
#190=ADVANCED_FACE('',(#189),#155,.F.);
#191=CARTESIAN_POINT('',(306.457278139,138.787613508,380.457613508));
#192=DIRECTION('',(1.,0.,0.));
#193=DIRECTION('',(0.,1.,-0.));
#194=AXIS2_PLACEMENT_3D('',#191,#192,#193);
#195=PLANE('',#194);
#196=CARTESIAN_POINT('',(306.457278139,194.135438664,410.457613508));
#197=VERTEX_POINT('',#196);
#198=CARTESIAN_POINT('',(306.457278139,90.135438664,410.457613508));
#199=VERTEX_POINT('',#198);
#200=CARTESIAN_POINT('',(306.457278139,194.135438664,410.457613508));
#201=DIRECTION('',(0.,-1.,0.));
#202=VECTOR('',#201,104.);
#203=LINE('',#200,#202);
#204=EDGE_CURVE('',#197,#199,#203,.T.);
#205=ORIENTED_EDGE('',*,*,#204,.F.);
#206=CARTESIAN_POINT('',(306.457278139,194.135438664,415.457613508));
#207=VERTEX_POINT('',#206);
#208=CARTESIAN_POINT('',(306.457278139,194.135438664,410.457613508));
#209=DIRECTION('',(0.,0.,1.));
#210=VECTOR('',#209,5.);
#211=LINE('',#208,#210);
#212=EDGE_CURVE('',#197,#207,#211,.T.);
#213=ORIENTED_EDGE('',*,*,#212,.T.);
#214=CARTESIAN_POINT('',(306.457278139,90.135438664,415.457613508));
#215=VERTEX_POINT('',#214);
#216=CARTESIAN_POINT('',(306.457278139,90.135438664,415.457613508));
#217=DIRECTION('',(0.,1.,-0.));
#218=VECTOR('',#217,104.);
#219=LINE('',#216,#218);
#220=EDGE_CURVE('',#215,#207,#219,.T.);
#221=ORIENTED_EDGE('',*,*,#220,.F.);
#222=CARTESIAN_POINT('',(306.457278139,90.135438664,410.457613508));
#223=DIRECTION('',(0.,0.,1.));
#224=VECTOR('',#223,5.);
#225=LINE('',#222,#224);
#226=EDGE_CURVE('',#199,#215,#225,.T.);
#227=ORIENTED_EDGE('',*,*,#226,.F.);
#228=EDGE_LOOP('',(#205,#213,#221,#227));
#229=FACE_BOUND('',#228,.T.);
#230=ADVANCED_FACE('',(#229),#195,.T.);
#231=CARTESIAN_POINT('',(262.736503446,-75.864561336,415.457613508));
#232=DIRECTION('',(0.,-0.,-1.));
#233=DIRECTION('',(0.,1.,-0.));
#234=AXIS2_PLACEMENT_3D('',#231,#232,#233);
#235=PLANE('',#234);
#236=CARTESIAN_POINT('',(186.87863907,159.135438664,415.457613508));
#237=VERTEX_POINT('',#236);
#238=CARTESIAN_POINT('',(186.87863907,154.135438664,415.457613508));
#239=DIRECTION('',(0.,-0.,-1.));
#240=DIRECTION('',(0.,1.,-0.));
#241=AXIS2_PLACEMENT_3D('',#238,#239,#240);
#242=CIRCLE('',#241,5.);
#243=EDGE_CURVE('',#237,#237,#242,.T.);
#244=ORIENTED_EDGE('',*,*,#243,.T.);
#245=EDGE_LOOP('',(#244));
#246=FACE_BOUND('',#245,.T.);
#247=CARTESIAN_POINT('',(106.87863907,159.135438664,415.457613508));
#248=VERTEX_POINT('',#247);
#249=CARTESIAN_POINT('',(106.87863907,154.135438664,415.457613508));
#250=DIRECTION('',(0.,-0.,-1.));
#251=DIRECTION('',(0.,1.,-0.));
#252=AXIS2_PLACEMENT_3D('',#249,#250,#251);
#253=CIRCLE('',#252,5.);
#254=EDGE_CURVE('',#248,#248,#253,.T.);
#255=ORIENTED_EDGE('',*,*,#254,.T.);
#256=EDGE_LOOP('',(#255));
#257=FACE_BOUND('',#256,.T.);
#258=CARTESIAN_POINT('',(1.835917209,166.635438664,415.457613508));
#259=VERTEX_POINT('',#258);
#260=CARTESIAN_POINT('',(1.835917209,161.635438664,415.457613508));
#261=VERTEX_POINT('',#260);
#262=CARTESIAN_POINT('',(1.835917209,164.135438664,415.457613508));
#263=DIRECTION('',(0.,-0.,-1.));
#264=DIRECTION('',(0.,1.,-0.));
#265=AXIS2_PLACEMENT_3D('',#262,#263,#264);
#266=CIRCLE('',#265,2.5);
#267=EDGE_CURVE('',#259,#261,#266,.T.);
#268=ORIENTED_EDGE('',*,*,#267,.T.);
#269=CARTESIAN_POINT('',(1.835917209,164.135438664,415.457613508));
#270=DIRECTION('',(0.,-0.,-1.));
#271=DIRECTION('',(0.,1.,-0.));
#272=AXIS2_PLACEMENT_3D('',#269,#270,#271);
#273=CIRCLE('',#272,2.5);
#274=EDGE_CURVE('',#261,#259,#273,.T.);
#275=ORIENTED_EDGE('',*,*,#274,.T.);
#276=EDGE_LOOP('',(#268,#275));
#277=FACE_BOUND('',#276,.T.);
#278=CARTESIAN_POINT('',(291.92136093,166.635438664,415.457613508));
#279=VERTEX_POINT('',#278);
#280=CARTESIAN_POINT('',(291.92136093,161.635438664,415.457613508));
#281=VERTEX_POINT('',#280);
#282=CARTESIAN_POINT('',(291.92136093,164.135438664,415.457613508));
#283=DIRECTION('',(0.,-0.,-1.));
#284=DIRECTION('',(0.,1.,-0.));
#285=AXIS2_PLACEMENT_3D('',#282,#283,#284);
#286=CIRCLE('',#285,2.5);
#287=EDGE_CURVE('',#279,#281,#286,.T.);
#288=ORIENTED_EDGE('',*,*,#287,.T.);
#289=CARTESIAN_POINT('',(291.92136093,164.135438664,415.457613508));
#290=DIRECTION('',(0.,-0.,-1.));
#291=DIRECTION('',(0.,1.,-0.));
#292=AXIS2_PLACEMENT_3D('',#289,#290,#291);
#293=CIRCLE('',#292,2.5);
#294=EDGE_CURVE('',#281,#279,#293,.T.);
#295=ORIENTED_EDGE('',*,*,#294,.T.);
#296=EDGE_LOOP('',(#288,#295));
#297=FACE_BOUND('',#296,.T.);
#298=CARTESIAN_POINT('',(269.42136093,140.135438664,415.457613508));
#299=VERTEX_POINT('',#298);
#300=CARTESIAN_POINT('',(266.82136093,137.535438664,415.457613508));
#301=VERTEX_POINT('',#300);
#302=CARTESIAN_POINT('',(266.82136093,140.135438664,415.457613508));
#303=DIRECTION('',(0.,-0.,-1.));
#304=DIRECTION('',(0.,1.,-0.));
#305=AXIS2_PLACEMENT_3D('',#302,#303,#304);
#306=CIRCLE('',#305,2.6);
#307=EDGE_CURVE('',#299,#301,#306,.T.);
#308=ORIENTED_EDGE('',*,*,#307,.T.);
#309=CARTESIAN_POINT('',(264.22136093,140.135438664,415.457613508));
#310=VERTEX_POINT('',#309);
#311=CARTESIAN_POINT('',(266.82136093,140.135438664,415.457613508));
#312=DIRECTION('',(0.,-0.,-1.));
#313=DIRECTION('',(0.,1.,-0.));
#314=AXIS2_PLACEMENT_3D('',#311,#312,#313);
#315=CIRCLE('',#314,2.6);
#316=EDGE_CURVE('',#301,#310,#315,.T.);
#317=ORIENTED_EDGE('',*,*,#316,.T.);
#318=CARTESIAN_POINT('',(266.82136093,140.135438664,415.457613508));
#319=DIRECTION('',(0.,-0.,-1.));
#320=DIRECTION('',(0.,1.,-0.));
#321=AXIS2_PLACEMENT_3D('',#318,#319,#320);
#322=CIRCLE('',#321,2.6);
#323=EDGE_CURVE('',#310,#299,#322,.T.);
#324=ORIENTED_EDGE('',*,*,#323,.T.);
#325=EDGE_LOOP('',(#308,#317,#324));
#326=FACE_BOUND('',#325,.T.);
#327=CARTESIAN_POINT('',(269.02136093,164.135438664,415.457613508));
#328=VERTEX_POINT('',#327);
#329=CARTESIAN_POINT('',(266.92136093,162.035438664,415.457613508));
#330=VERTEX_POINT('',#329);
#331=CARTESIAN_POINT('',(266.92136093,164.135438664,415.457613508));
#332=DIRECTION('',(0.,-0.,-1.));
#333=DIRECTION('',(0.,1.,-0.));
#334=AXIS2_PLACEMENT_3D('',#331,#332,#333);
#335=CIRCLE('',#334,2.1);
#336=EDGE_CURVE('',#328,#330,#335,.T.);
#337=ORIENTED_EDGE('',*,*,#336,.T.);
#338=CARTESIAN_POINT('',(264.82136093,164.135438664,415.457613508));
#339=VERTEX_POINT('',#338);
#340=CARTESIAN_POINT('',(266.92136093,164.135438664,415.457613508));
#341=DIRECTION('',(0.,-0.,-1.));
#342=DIRECTION('',(0.,1.,-0.));
#343=AXIS2_PLACEMENT_3D('',#340,#341,#342);
#344=CIRCLE('',#343,2.1);
#345=EDGE_CURVE('',#330,#339,#344,.T.);
#346=ORIENTED_EDGE('',*,*,#345,.T.);
#347=CARTESIAN_POINT('',(266.92136093,164.135438664,415.457613508));
#348=DIRECTION('',(0.,-0.,-1.));
#349=DIRECTION('',(0.,1.,-0.));
#350=AXIS2_PLACEMENT_3D('',#347,#348,#349);
#351=CIRCLE('',#350,2.1);
#352=EDGE_CURVE('',#339,#328,#351,.T.);
#353=ORIENTED_EDGE('',*,*,#352,.T.);
#354=EDGE_LOOP('',(#337,#346,#353));
#355=FACE_BOUND('',#354,.T.);
#356=CARTESIAN_POINT('',(244.52136093,194.135438664,415.457613508));
#357=VERTEX_POINT('',#356);
#358=CARTESIAN_POINT('',(241.92136093,191.535438664,415.457613508));
#359=VERTEX_POINT('',#358);
#360=CARTESIAN_POINT('',(241.92136093,194.135438664,415.457613508));
#361=DIRECTION('',(0.,-0.,-1.));
#362=DIRECTION('',(0.,1.,-0.));
#363=AXIS2_PLACEMENT_3D('',#360,#361,#362);
#364=CIRCLE('',#363,2.6);
#365=EDGE_CURVE('',#357,#359,#364,.T.);
#366=ORIENTED_EDGE('',*,*,#365,.T.);
#367=CARTESIAN_POINT('',(239.32136093,194.135438664,415.457613508));
#368=VERTEX_POINT('',#367);
#369=CARTESIAN_POINT('',(241.92136093,194.135438664,415.457613508));
#370=DIRECTION('',(0.,-0.,-1.));
#371=DIRECTION('',(0.,1.,-0.));
#372=AXIS2_PLACEMENT_3D('',#369,#370,#371);
#373=CIRCLE('',#372,2.6);
#374=EDGE_CURVE('',#359,#368,#373,.T.);
#375=ORIENTED_EDGE('',*,*,#374,.T.);
#376=CARTESIAN_POINT('',(241.92136093,194.135438664,415.457613508));
#377=DIRECTION('',(0.,-0.,-1.));
#378=DIRECTION('',(0.,1.,-0.));
#379=AXIS2_PLACEMENT_3D('',#376,#377,#378);
#380=CIRCLE('',#379,2.6);
#381=EDGE_CURVE('',#368,#357,#380,.T.);
#382=ORIENTED_EDGE('',*,*,#381,.T.);
#383=EDGE_LOOP('',(#366,#375,#382));
#384=FACE_BOUND('',#383,.T.);
#385=CARTESIAN_POINT('',(294.52136093,194.135438664,415.457613508));
#386=VERTEX_POINT('',#385);
#387=CARTESIAN_POINT('',(291.92136093,191.535438664,415.457613508));
#388=VERTEX_POINT('',#387);
#389=CARTESIAN_POINT('',(291.92136093,194.135438664,415.457613508));
#390=DIRECTION('',(0.,-0.,-1.));
#391=DIRECTION('',(0.,1.,-0.));
#392=AXIS2_PLACEMENT_3D('',#389,#390,#391);
#393=CIRCLE('',#392,2.6);
#394=EDGE_CURVE('',#386,#388,#393,.T.);
#395=ORIENTED_EDGE('',*,*,#394,.T.);
#396=CARTESIAN_POINT('',(289.32136093,194.135438664,415.457613508));
#397=VERTEX_POINT('',#396);
#398=CARTESIAN_POINT('',(291.92136093,194.135438664,415.457613508));
#399=DIRECTION('',(0.,-0.,-1.));
#400=DIRECTION('',(0.,1.,-0.));
#401=AXIS2_PLACEMENT_3D('',#398,#399,#400);
#402=CIRCLE('',#401,2.6);
#403=EDGE_CURVE('',#388,#397,#402,.T.);
#404=ORIENTED_EDGE('',*,*,#403,.T.);
#405=CARTESIAN_POINT('',(291.92136093,194.135438664,415.457613508));
#406=DIRECTION('',(0.,-0.,-1.));
#407=DIRECTION('',(0.,1.,-0.));
#408=AXIS2_PLACEMENT_3D('',#405,#406,#407);
#409=CIRCLE('',#408,2.6);
#410=EDGE_CURVE('',#397,#386,#409,.T.);
#411=ORIENTED_EDGE('',*,*,#410,.T.);
#412=EDGE_LOOP('',(#395,#404,#411));
#413=FACE_BOUND('',#412,.T.);
#414=CARTESIAN_POINT('',(244.52136093,134.135438664,415.457613508));
#415=VERTEX_POINT('',#414);
#416=CARTESIAN_POINT('',(241.92136093,131.535438664,415.457613508));
#417=VERTEX_POINT('',#416);
#418=CARTESIAN_POINT('',(241.92136093,134.135438664,415.457613508));
#419=DIRECTION('',(0.,-0.,-1.));
#420=DIRECTION('',(0.,1.,-0.));
#421=AXIS2_PLACEMENT_3D('',#418,#419,#420);
#422=CIRCLE('',#421,2.6);
#423=EDGE_CURVE('',#415,#417,#422,.T.);
#424=ORIENTED_EDGE('',*,*,#423,.T.);
#425=CARTESIAN_POINT('',(239.32136093,134.135438664,415.457613508));
#426=VERTEX_POINT('',#425);
#427=CARTESIAN_POINT('',(241.92136093,134.135438664,415.457613508));
#428=DIRECTION('',(0.,-0.,-1.));
#429=DIRECTION('',(0.,1.,-0.));
#430=AXIS2_PLACEMENT_3D('',#427,#428,#429);
#431=CIRCLE('',#430,2.6);
#432=EDGE_CURVE('',#417,#426,#431,.T.);
#433=ORIENTED_EDGE('',*,*,#432,.T.);
#434=CARTESIAN_POINT('',(241.92136093,134.135438664,415.457613508));
#435=DIRECTION('',(0.,-0.,-1.));
#436=DIRECTION('',(0.,1.,-0.));
#437=AXIS2_PLACEMENT_3D('',#434,#435,#436);
#438=CIRCLE('',#437,2.6);
#439=EDGE_CURVE('',#426,#415,#438,.T.);
#440=ORIENTED_EDGE('',*,*,#439,.T.);
#441=EDGE_LOOP('',(#424,#433,#440));
#442=FACE_BOUND('',#441,.T.);
#443=CARTESIAN_POINT('',(294.52136093,134.135438664,415.457613508));
#444=VERTEX_POINT('',#443);
#445=CARTESIAN_POINT('',(291.92136093,131.535438664,415.457613508));
#446=VERTEX_POINT('',#445);
#447=CARTESIAN_POINT('',(291.92136093,134.135438664,415.457613508));
#448=DIRECTION('',(0.,-0.,-1.));
#449=DIRECTION('',(0.,1.,-0.));
#450=AXIS2_PLACEMENT_3D('',#447,#448,#449);
#451=CIRCLE('',#450,2.6);
#452=EDGE_CURVE('',#444,#446,#451,.T.);
#453=ORIENTED_EDGE('',*,*,#452,.T.);
#454=CARTESIAN_POINT('',(289.32136093,134.135438664,415.457613508));
#455=VERTEX_POINT('',#454);
#456=CARTESIAN_POINT('',(291.92136093,134.135438664,415.457613508));
#457=DIRECTION('',(0.,-0.,-1.));
#458=DIRECTION('',(0.,1.,-0.));
#459=AXIS2_PLACEMENT_3D('',#456,#457,#458);
#460=CIRCLE('',#459,2.6);
#461=EDGE_CURVE('',#446,#455,#460,.T.);
#462=ORIENTED_EDGE('',*,*,#461,.T.);
#463=CARTESIAN_POINT('',(291.92136093,134.135438664,415.457613508));
#464=DIRECTION('',(0.,-0.,-1.));
#465=DIRECTION('',(0.,1.,-0.));
#466=AXIS2_PLACEMENT_3D('',#463,#464,#465);
#467=CIRCLE('',#466,2.6);
#468=EDGE_CURVE('',#455,#444,#467,.T.);
#469=ORIENTED_EDGE('',*,*,#468,.T.);
#470=EDGE_LOOP('',(#453,#462,#469));
#471=FACE_BOUND('',#470,.T.);
#472=CARTESIAN_POINT('',(269.62136093,188.135438664,415.457613508));
#473=VERTEX_POINT('',#472);
#474=CARTESIAN_POINT('',(267.02136093,185.535438664,415.457613508));
#475=VERTEX_POINT('',#474);
#476=CARTESIAN_POINT('',(267.02136093,188.135438664,415.457613508));
#477=DIRECTION('',(0.,-0.,-1.));
#478=DIRECTION('',(0.,1.,-0.));
#479=AXIS2_PLACEMENT_3D('',#476,#477,#478);
#480=CIRCLE('',#479,2.6);
#481=EDGE_CURVE('',#473,#475,#480,.T.);
#482=ORIENTED_EDGE('',*,*,#481,.T.);
#483=CARTESIAN_POINT('',(264.42136093,188.135438664,415.457613508));
#484=VERTEX_POINT('',#483);
#485=CARTESIAN_POINT('',(267.02136093,188.135438664,415.457613508));
#486=DIRECTION('',(0.,-0.,-1.));
#487=DIRECTION('',(0.,1.,-0.));
#488=AXIS2_PLACEMENT_3D('',#485,#486,#487);
#489=CIRCLE('',#488,2.6);
#490=EDGE_CURVE('',#475,#484,#489,.T.);
#491=ORIENTED_EDGE('',*,*,#490,.T.);
#492=CARTESIAN_POINT('',(267.02136093,188.135438664,415.457613508));
#493=DIRECTION('',(0.,-0.,-1.));
#494=DIRECTION('',(0.,1.,-0.));
#495=AXIS2_PLACEMENT_3D('',#492,#493,#494);
#496=CIRCLE('',#495,2.6);
#497=EDGE_CURVE('',#484,#473,#496,.T.);
#498=ORIENTED_EDGE('',*,*,#497,.T.);
#499=EDGE_LOOP('',(#482,#491,#498));
#500=FACE_BOUND('',#499,.T.);
#501=CARTESIAN_POINT('',(132.95,128.807613508,415.457613508));
#502=VERTEX_POINT('',#501);
#503=CARTESIAN_POINT('',(129.55,128.807613508,415.457613508));
#504=VERTEX_POINT('',#503);
#505=CARTESIAN_POINT('',(131.25,128.807613508,415.457613508));
#506=DIRECTION('',(0.,-0.,-1.));
#507=DIRECTION('',(0.,1.,-0.));
#508=AXIS2_PLACEMENT_3D('',#505,#506,#507);
#509=CIRCLE('',#508,1.7);
#510=EDGE_CURVE('',#502,#504,#509,.T.);
#511=ORIENTED_EDGE('',*,*,#510,.T.);
#512=CARTESIAN_POINT('',(131.25,128.807613508,415.457613508));
#513=DIRECTION('',(0.,-0.,-1.));
#514=DIRECTION('',(0.,1.,-0.));
#515=AXIS2_PLACEMENT_3D('',#512,#513,#514);
#516=CIRCLE('',#515,1.7);
#517=EDGE_CURVE('',#504,#502,#516,.T.);
#518=ORIENTED_EDGE('',*,*,#517,.T.);
#519=EDGE_LOOP('',(#511,#518));
#520=FACE_BOUND('',#519,.T.);
#521=CARTESIAN_POINT('',(163.95,128.807613508,415.457613508));
#522=VERTEX_POINT('',#521);
#523=CARTESIAN_POINT('',(160.55,128.807613508,415.457613508));
#524=VERTEX_POINT('',#523);
#525=CARTESIAN_POINT('',(162.25,128.807613508,415.457613508));
#526=DIRECTION('',(0.,-0.,-1.));
#527=DIRECTION('',(0.,1.,-0.));
#528=AXIS2_PLACEMENT_3D('',#525,#526,#527);
#529=CIRCLE('',#528,1.7);
#530=EDGE_CURVE('',#522,#524,#529,.T.);
#531=ORIENTED_EDGE('',*,*,#530,.T.);
#532=CARTESIAN_POINT('',(162.25,128.807613508,415.457613508));
#533=DIRECTION('',(0.,-0.,-1.));
#534=DIRECTION('',(0.,1.,-0.));
#535=AXIS2_PLACEMENT_3D('',#532,#533,#534);
#536=CIRCLE('',#535,1.7);
#537=EDGE_CURVE('',#524,#522,#536,.T.);
#538=ORIENTED_EDGE('',*,*,#537,.T.);
#539=EDGE_LOOP('',(#531,#538));
#540=FACE_BOUND('',#539,.T.);
#541=CARTESIAN_POINT('',(132.95,159.807613508,415.457613508));
#542=VERTEX_POINT('',#541);
#543=CARTESIAN_POINT('',(129.55,159.807613508,415.457613508));
#544=VERTEX_POINT('',#543);
#545=CARTESIAN_POINT('',(131.25,159.807613508,415.457613508));
#546=DIRECTION('',(0.,-0.,-1.));
#547=DIRECTION('',(0.,1.,-0.));
#548=AXIS2_PLACEMENT_3D('',#545,#546,#547);
#549=CIRCLE('',#548,1.7);
#550=EDGE_CURVE('',#542,#544,#549,.T.);
#551=ORIENTED_EDGE('',*,*,#550,.T.);
#552=CARTESIAN_POINT('',(131.25,159.807613508,415.457613508));
#553=DIRECTION('',(0.,-0.,-1.));
#554=DIRECTION('',(0.,1.,-0.));
#555=AXIS2_PLACEMENT_3D('',#552,#553,#554);
#556=CIRCLE('',#555,1.7);
#557=EDGE_CURVE('',#544,#542,#556,.T.);
#558=ORIENTED_EDGE('',*,*,#557,.T.);
#559=EDGE_LOOP('',(#551,#558));
#560=FACE_BOUND('',#559,.T.);
#561=CARTESIAN_POINT('',(163.95,159.807613508,415.457613508));
#562=VERTEX_POINT('',#561);
#563=CARTESIAN_POINT('',(160.55,159.807613508,415.457613508));
#564=VERTEX_POINT('',#563);
#565=CARTESIAN_POINT('',(162.25,159.807613508,415.457613508));
#566=DIRECTION('',(0.,-0.,-1.));
#567=DIRECTION('',(0.,1.,-0.));
#568=AXIS2_PLACEMENT_3D('',#565,#566,#567);
#569=CIRCLE('',#568,1.7);
#570=EDGE_CURVE('',#562,#564,#569,.T.);
#571=ORIENTED_EDGE('',*,*,#570,.T.);
#572=CARTESIAN_POINT('',(162.25,159.807613508,415.457613508));
#573=DIRECTION('',(0.,-0.,-1.));
#574=DIRECTION('',(0.,1.,-0.));
#575=AXIS2_PLACEMENT_3D('',#572,#573,#574);
#576=CIRCLE('',#575,1.7);
#577=EDGE_CURVE('',#564,#562,#576,.T.);
#578=ORIENTED_EDGE('',*,*,#577,.T.);
#579=EDGE_LOOP('',(#571,#578));
#580=FACE_BOUND('',#579,.T.);
#581=CARTESIAN_POINT('',(157.27863907,107.135438664,415.457613508));
#582=VERTEX_POINT('',#581);
#583=CARTESIAN_POINT('',(160.47863907,107.135438664,415.457613508));
#584=VERTEX_POINT('',#583);
#585=CARTESIAN_POINT('',(158.87863907,107.135438664,415.457613508));
#586=DIRECTION('',(-0.,0.,1.));
#587=DIRECTION('',(0.,1.,-0.));
#588=AXIS2_PLACEMENT_3D('',#585,#586,#587);
#589=CIRCLE('',#588,1.6);
#590=EDGE_CURVE('NONE',#582,#584,#589,.T.);
#591=ORIENTED_EDGE('',*,*,#590,.F.);
#592=CARTESIAN_POINT('',(158.87863907,107.135438664,415.457613508));
#593=DIRECTION('',(-0.,0.,1.));
#594=DIRECTION('',(0.,1.,-0.));
#595=AXIS2_PLACEMENT_3D('',#592,#593,#594);
#596=CIRCLE('',#595,1.6);
#597=EDGE_CURVE('',#584,#582,#596,.T.);
#598=ORIENTED_EDGE('',*,*,#597,.F.);
#599=EDGE_LOOP('',(#591,#598));
#600=FACE_BOUND('',#599,.T.);
#601=CARTESIAN_POINT('',(133.27863907,107.135438664,415.457613508));
#602=VERTEX_POINT('',#601);
#603=CARTESIAN_POINT('',(136.47863907,107.135438664,415.457613508));
#604=VERTEX_POINT('',#603);
#605=CARTESIAN_POINT('',(134.87863907,107.135438664,415.457613508));
#606=DIRECTION('',(-0.,0.,1.));
#607=DIRECTION('',(0.,1.,-0.));
#608=AXIS2_PLACEMENT_3D('',#605,#606,#607);
#609=CIRCLE('',#608,1.6);
#610=EDGE_CURVE('NONE',#602,#604,#609,.T.);
#611=ORIENTED_EDGE('',*,*,#610,.F.);
#612=CARTESIAN_POINT('',(134.87863907,107.135438664,415.457613508));
#613=DIRECTION('',(-0.,0.,1.));
#614=DIRECTION('',(0.,1.,-0.));
#615=AXIS2_PLACEMENT_3D('',#612,#613,#614);
#616=CIRCLE('',#615,1.6);
#617=EDGE_CURVE('',#604,#602,#616,.T.);
#618=ORIENTED_EDGE('',*,*,#617,.F.);
#619=EDGE_LOOP('',(#611,#618));
#620=FACE_BOUND('',#619,.T.);
#621=CARTESIAN_POINT('',(80.80971406,118.725510707,415.457613508));
#622=VERTEX_POINT('',#621);
#623=CARTESIAN_POINT('',(104.80971406,118.725510707,415.457613508));
#624=VERTEX_POINT('',#623);
#625=CARTESIAN_POINT('',(80.80971406,118.725510707,415.457613508));
#626=DIRECTION('',(1.,0.,-0.));
#627=VECTOR('',#626,24.);
#628=LINE('',#625,#627);
#629=EDGE_CURVE('',#622,#624,#628,.T.);
#630=ORIENTED_EDGE('',*,*,#629,.T.);
#631=CARTESIAN_POINT('',(107.80971406,115.725510707,415.457613508));
#632=VERTEX_POINT('',#631);
#633=CARTESIAN_POINT('',(104.80971406,115.725510707,415.457613508));
#634=DIRECTION('',(0.,-0.,-1.));
#635=DIRECTION('',(0.,1.,-0.));
#636=AXIS2_PLACEMENT_3D('',#633,#634,#635);
#637=CIRCLE('',#636,3.);
#638=EDGE_CURVE('',#624,#632,#637,.T.);
#639=ORIENTED_EDGE('',*,*,#638,.T.);
#640=CARTESIAN_POINT('',(107.80971406,111.725510707,415.457613508));
#641=VERTEX_POINT('',#640);
#642=CARTESIAN_POINT('',(107.80971406,115.725510707,415.457613508));
#643=DIRECTION('',(0.,-1.,0.));
#644=VECTOR('',#643,4.);
#645=LINE('',#642,#644);
#646=EDGE_CURVE('',#632,#641,#645,.T.);
#647=ORIENTED_EDGE('',*,*,#646,.T.);
#648=CARTESIAN_POINT('',(104.80971406,108.725510707,415.457613508));
#649=VERTEX_POINT('',#648);
#650=CARTESIAN_POINT('',(104.80971406,111.725510707,415.457613508));
#651=DIRECTION('',(0.,-0.,-1.));
#652=DIRECTION('',(0.,1.,-0.));
#653=AXIS2_PLACEMENT_3D('',#650,#651,#652);
#654=CIRCLE('',#653,3.);
#655=EDGE_CURVE('',#641,#649,#654,.T.);
#656=ORIENTED_EDGE('',*,*,#655,.T.);
#657=CARTESIAN_POINT('',(80.80971406,108.725510707,415.457613508));
#658=VERTEX_POINT('',#657);
#659=CARTESIAN_POINT('',(104.80971406,108.725510707,415.457613508));
#660=DIRECTION('',(-1.,0.,0.));
#661=VECTOR('',#660,24.);
#662=LINE('',#659,#661);
#663=EDGE_CURVE('',#649,#658,#662,.T.);
#664=ORIENTED_EDGE('',*,*,#663,.T.);
#665=CARTESIAN_POINT('',(77.80971406,111.725510707,415.457613508));
#666=VERTEX_POINT('',#665);
#667=CARTESIAN_POINT('',(80.80971406,111.725510707,415.457613508));
#668=DIRECTION('',(0.,-0.,-1.));
#669=DIRECTION('',(0.,1.,-0.));
#670=AXIS2_PLACEMENT_3D('',#667,#668,#669);
#671=CIRCLE('',#670,3.);
#672=EDGE_CURVE('',#658,#666,#671,.T.);
#673=ORIENTED_EDGE('',*,*,#672,.T.);
#674=CARTESIAN_POINT('',(77.80971406,115.725510707,415.457613508));
#675=VERTEX_POINT('',#674);
#676=CARTESIAN_POINT('',(77.80971406,111.725510707,415.457613508));
#677=DIRECTION('',(0.,1.,-0.));
#678=VECTOR('',#677,4.);
#679=LINE('',#676,#678);
#680=EDGE_CURVE('',#666,#675,#679,.T.);
#681=ORIENTED_EDGE('',*,*,#680,.T.);
#682=CARTESIAN_POINT('',(80.80971406,115.725510707,415.457613508));
#683=DIRECTION('',(0.,-0.,-1.));
#684=DIRECTION('',(0.,1.,-0.));
#685=AXIS2_PLACEMENT_3D('',#682,#683,#684);
#686=CIRCLE('',#685,3.);
#687=EDGE_CURVE('',#675,#622,#686,.T.);
#688=ORIENTED_EDGE('',*,*,#687,.T.);
#689=EDGE_LOOP('',(#630,#639,#647,#656,#664,#673,#681,#688));
#690=FACE_BOUND('',#689,.T.);
#691=CARTESIAN_POINT('',(146.87863907,120.735438664,415.457613508));
#692=VERTEX_POINT('',#691);
#693=CARTESIAN_POINT('',(145.27863907,119.135438664,415.457613508));
#694=VERTEX_POINT('',#693);
#695=CARTESIAN_POINT('',(146.87863907,119.135438664,415.457613508));
#696=DIRECTION('',(-0.,0.,1.));
#697=DIRECTION('',(0.,1.,-0.));
#698=AXIS2_PLACEMENT_3D('',#695,#696,#697);
#699=CIRCLE('',#698,1.6);
#700=EDGE_CURVE('NONE',#692,#694,#699,.T.);
#701=ORIENTED_EDGE('',*,*,#700,.F.);
#702=CARTESIAN_POINT('',(148.47863907,119.135438664,415.457613508));
#703=VERTEX_POINT('',#702);
#704=CARTESIAN_POINT('',(146.87863907,119.135438664,415.457613508));
#705=DIRECTION('',(-0.,0.,1.));
#706=DIRECTION('',(0.,1.,-0.));
#707=AXIS2_PLACEMENT_3D('',#704,#705,#706);
#708=CIRCLE('',#707,1.6);
#709=EDGE_CURVE('',#703,#692,#708,.T.);
#710=ORIENTED_EDGE('',*,*,#709,.F.);
#711=CARTESIAN_POINT('',(146.87863907,119.135438664,415.457613508));
#712=DIRECTION('',(-0.,0.,1.));
#713=DIRECTION('',(0.,1.,-0.));
#714=AXIS2_PLACEMENT_3D('',#711,#712,#713);
#715=CIRCLE('',#714,1.6);
#716=EDGE_CURVE('',#694,#703,#715,.T.);
#717=ORIENTED_EDGE('',*,*,#716,.F.);
#718=EDGE_LOOP('',(#701,#710,#717));
#719=FACE_BOUND('',#718,.T.);
#720=CARTESIAN_POINT('',(146.87863907,112.135438664,415.457613508));
#721=VERTEX_POINT('',#720);
#722=CARTESIAN_POINT('',(141.87863907,107.135438664,415.457613508));
#723=VERTEX_POINT('',#722);
#724=CARTESIAN_POINT('',(146.87863907,107.135438664,415.457613508));
#725=DIRECTION('',(-0.,0.,1.));
#726=DIRECTION('',(0.,1.,-0.));
#727=AXIS2_PLACEMENT_3D('',#724,#725,#726);
#728=CIRCLE('',#727,5.);
#729=EDGE_CURVE('NONE',#721,#723,#728,.T.);
#730=ORIENTED_EDGE('',*,*,#729,.F.);
#731=CARTESIAN_POINT('',(151.87863907,107.135438664,415.457613508));
#732=VERTEX_POINT('',#731);
#733=CARTESIAN_POINT('',(146.87863907,107.135438664,415.457613508));
#734=DIRECTION('',(-0.,0.,1.));
#735=DIRECTION('',(0.,1.,-0.));
#736=AXIS2_PLACEMENT_3D('',#733,#734,#735);
#737=CIRCLE('',#736,5.);
#738=EDGE_CURVE('',#732,#721,#737,.T.);
#739=ORIENTED_EDGE('',*,*,#738,.F.);
#740=CARTESIAN_POINT('',(146.87863907,107.135438664,415.457613508));
#741=DIRECTION('',(-0.,0.,1.));
#742=DIRECTION('',(0.,1.,-0.));
#743=AXIS2_PLACEMENT_3D('',#740,#741,#742);
#744=CIRCLE('',#743,5.);
#745=EDGE_CURVE('',#723,#732,#744,.T.);
#746=ORIENTED_EDGE('',*,*,#745,.F.);
#747=EDGE_LOOP('',(#730,#739,#746));
#748=FACE_BOUND('',#747,.T.);
#749=CARTESIAN_POINT('',(106.87863907,137.735438664,415.457613508));
#750=VERTEX_POINT('',#749);
#751=CARTESIAN_POINT('',(104.77863907,135.635438664,415.457613508));
#752=VERTEX_POINT('',#751);
#753=CARTESIAN_POINT('',(106.87863907,135.635438664,415.457613508));
#754=DIRECTION('',(-0.,0.,1.));
#755=DIRECTION('',(0.,1.,-0.));
#756=AXIS2_PLACEMENT_3D('',#753,#754,#755);
#757=CIRCLE('',#756,2.1);
#758=EDGE_CURVE('NONE',#750,#752,#757,.T.);
#759=ORIENTED_EDGE('',*,*,#758,.F.);
#760=CARTESIAN_POINT('',(108.97863907,135.635438664,415.457613508));
#761=VERTEX_POINT('',#760);
#762=CARTESIAN_POINT('',(106.87863907,135.635438664,415.457613508));
#763=DIRECTION('',(-0.,0.,1.));
#764=DIRECTION('',(0.,1.,-0.));
#765=AXIS2_PLACEMENT_3D('',#762,#763,#764);
#766=CIRCLE('',#765,2.1);
#767=EDGE_CURVE('',#761,#750,#766,.T.);
#768=ORIENTED_EDGE('',*,*,#767,.F.);
#769=CARTESIAN_POINT('',(106.87863907,135.635438664,415.457613508));
#770=DIRECTION('',(-0.,0.,1.));
#771=DIRECTION('',(0.,1.,-0.));
#772=AXIS2_PLACEMENT_3D('',#769,#770,#771);
#773=CIRCLE('',#772,2.1);
#774=EDGE_CURVE('',#752,#761,#773,.T.);
#775=ORIENTED_EDGE('',*,*,#774,.F.);
#776=EDGE_LOOP('',(#759,#768,#775));
#777=FACE_BOUND('',#776,.T.);
#778=CARTESIAN_POINT('',(106.87863907,174.735438664,415.457613508));
#779=VERTEX_POINT('',#778);
#780=CARTESIAN_POINT('',(104.77863907,172.635438664,415.457613508));
#781=VERTEX_POINT('',#780);
#782=CARTESIAN_POINT('',(106.87863907,172.635438664,415.457613508));
#783=DIRECTION('',(-0.,0.,1.));
#784=DIRECTION('',(0.,1.,-0.));
#785=AXIS2_PLACEMENT_3D('',#782,#783,#784);
#786=CIRCLE('',#785,2.1);
#787=EDGE_CURVE('NONE',#779,#781,#786,.T.);
#788=ORIENTED_EDGE('',*,*,#787,.F.);
#789=CARTESIAN_POINT('',(108.97863907,172.635438664,415.457613508));
#790=VERTEX_POINT('',#789);
#791=CARTESIAN_POINT('',(106.87863907,172.635438664,415.457613508));
#792=DIRECTION('',(-0.,0.,1.));
#793=DIRECTION('',(0.,1.,-0.));
#794=AXIS2_PLACEMENT_3D('',#791,#792,#793);
#795=CIRCLE('',#794,2.1);
#796=EDGE_CURVE('',#790,#779,#795,.T.);
#797=ORIENTED_EDGE('',*,*,#796,.F.);
#798=CARTESIAN_POINT('',(106.87863907,172.635438664,415.457613508));
#799=DIRECTION('',(-0.,0.,1.));
#800=DIRECTION('',(0.,1.,-0.));
#801=AXIS2_PLACEMENT_3D('',#798,#799,#800);
#802=CIRCLE('',#801,2.1);
#803=EDGE_CURVE('',#781,#790,#802,.T.);
#804=ORIENTED_EDGE('',*,*,#803,.F.);
#805=EDGE_LOOP('',(#788,#797,#804));
#806=FACE_BOUND('',#805,.T.);
#807=CARTESIAN_POINT('',(186.87863907,137.735438664,415.457613508));
#808=VERTEX_POINT('',#807);
#809=CARTESIAN_POINT('',(184.77863907,135.635438664,415.457613508));
#810=VERTEX_POINT('',#809);
#811=CARTESIAN_POINT('',(186.87863907,135.635438664,415.457613508));
#812=DIRECTION('',(-0.,0.,1.));
#813=DIRECTION('',(0.,1.,-0.));
#814=AXIS2_PLACEMENT_3D('',#811,#812,#813);
#815=CIRCLE('',#814,2.1);
#816=EDGE_CURVE('NONE',#808,#810,#815,.T.);
#817=ORIENTED_EDGE('',*,*,#816,.F.);
#818=CARTESIAN_POINT('',(188.97863907,135.635438664,415.457613508));
#819=VERTEX_POINT('',#818);
#820=CARTESIAN_POINT('',(186.87863907,135.635438664,415.457613508));
#821=DIRECTION('',(-0.,0.,1.));
#822=DIRECTION('',(0.,1.,-0.));
#823=AXIS2_PLACEMENT_3D('',#820,#821,#822);
#824=CIRCLE('',#823,2.1);
#825=EDGE_CURVE('',#819,#808,#824,.T.);
#826=ORIENTED_EDGE('',*,*,#825,.F.);
#827=CARTESIAN_POINT('',(186.87863907,135.635438664,415.457613508));
#828=DIRECTION('',(-0.,0.,1.));
#829=DIRECTION('',(0.,1.,-0.));
#830=AXIS2_PLACEMENT_3D('',#827,#828,#829);
#831=CIRCLE('',#830,2.1);
#832=EDGE_CURVE('',#810,#819,#831,.T.);
#833=ORIENTED_EDGE('',*,*,#832,.F.);
#834=EDGE_LOOP('',(#817,#826,#833));
#835=FACE_BOUND('',#834,.T.);
#836=CARTESIAN_POINT('',(186.87863907,174.735438664,415.457613508));
#837=VERTEX_POINT('',#836);
#838=CARTESIAN_POINT('',(184.77863907,172.635438664,415.457613508));
#839=VERTEX_POINT('',#838);
#840=CARTESIAN_POINT('',(186.87863907,172.635438664,415.457613508));
#841=DIRECTION('',(-0.,0.,1.));
#842=DIRECTION('',(0.,1.,-0.));
#843=AXIS2_PLACEMENT_3D('',#840,#841,#842);
#844=CIRCLE('',#843,2.1);
#845=EDGE_CURVE('NONE',#837,#839,#844,.T.);
#846=ORIENTED_EDGE('',*,*,#845,.F.);
#847=CARTESIAN_POINT('',(188.97863907,172.635438664,415.457613508));
#848=VERTEX_POINT('',#847);
#849=CARTESIAN_POINT('',(186.87863907,172.635438664,415.457613508));
#850=DIRECTION('',(-0.,0.,1.));
#851=DIRECTION('',(0.,1.,-0.));
#852=AXIS2_PLACEMENT_3D('',#849,#850,#851);
#853=CIRCLE('',#852,2.1);
#854=EDGE_CURVE('',#848,#837,#853,.T.);
#855=ORIENTED_EDGE('',*,*,#854,.F.);
#856=CARTESIAN_POINT('',(186.87863907,172.635438664,415.457613508));
#857=DIRECTION('',(-0.,0.,1.));
#858=DIRECTION('',(0.,1.,-0.));
#859=AXIS2_PLACEMENT_3D('',#856,#857,#858);
#860=CIRCLE('',#859,2.1);
#861=EDGE_CURVE('',#839,#848,#860,.T.);
#862=ORIENTED_EDGE('',*,*,#861,.F.);
#863=EDGE_LOOP('',(#846,#855,#862));
#864=FACE_BOUND('',#863,.T.);
#865=CARTESIAN_POINT('',(66.87863907,238.735438664,415.457613508));
#866=VERTEX_POINT('',#865);
#867=CARTESIAN_POINT('',(64.27863907,236.135438664,415.457613508));
#868=VERTEX_POINT('',#867);
#869=CARTESIAN_POINT('',(66.87863907,236.135438664,415.457613508));
#870=DIRECTION('',(-0.,0.,1.));
#871=DIRECTION('',(0.,1.,-0.));
#872=AXIS2_PLACEMENT_3D('',#869,#870,#871);
#873=CIRCLE('',#872,2.6);
#874=EDGE_CURVE('NONE',#866,#868,#873,.T.);
#875=ORIENTED_EDGE('',*,*,#874,.F.);
#876=CARTESIAN_POINT('',(69.47863907,236.135438664,415.457613508));
#877=VERTEX_POINT('',#876);
#878=CARTESIAN_POINT('',(66.87863907,236.135438664,415.457613508));
#879=DIRECTION('',(-0.,0.,1.));
#880=DIRECTION('',(0.,1.,-0.));
#881=AXIS2_PLACEMENT_3D('',#878,#879,#880);
#882=CIRCLE('',#881,2.6);
#883=EDGE_CURVE('',#877,#866,#882,.T.);
#884=ORIENTED_EDGE('',*,*,#883,.F.);
#885=CARTESIAN_POINT('',(66.87863907,236.135438664,415.457613508));
#886=DIRECTION('',(-0.,0.,1.));
#887=DIRECTION('',(0.,1.,-0.));
#888=AXIS2_PLACEMENT_3D('',#885,#886,#887);
#889=CIRCLE('',#888,2.6);
#890=EDGE_CURVE('',#868,#877,#889,.T.);
#891=ORIENTED_EDGE('',*,*,#890,.F.);
#892=EDGE_LOOP('',(#875,#884,#891));
#893=FACE_BOUND('',#892,.T.);
#894=CARTESIAN_POINT('',(125.87863907,176.735438664,415.457613508));
#895=VERTEX_POINT('',#894);
#896=CARTESIAN_POINT('',(123.27863907,174.135438664,415.457613508));
#897=VERTEX_POINT('',#896);
#898=CARTESIAN_POINT('',(125.87863907,174.135438664,415.457613508));
#899=DIRECTION('',(-0.,0.,1.));
#900=DIRECTION('',(0.,1.,-0.));
#901=AXIS2_PLACEMENT_3D('',#898,#899,#900);
#902=CIRCLE('',#901,2.6);
#903=EDGE_CURVE('NONE',#895,#897,#902,.T.);
#904=ORIENTED_EDGE('',*,*,#903,.F.);
#905=CARTESIAN_POINT('',(128.47863907,174.135438664,415.457613508));
#906=VERTEX_POINT('',#905);
#907=CARTESIAN_POINT('',(125.87863907,174.135438664,415.457613508));
#908=DIRECTION('',(-0.,0.,1.));
#909=DIRECTION('',(0.,1.,-0.));
#910=AXIS2_PLACEMENT_3D('',#907,#908,#909);
#911=CIRCLE('',#910,2.6);
#912=EDGE_CURVE('',#906,#895,#911,.T.);
#913=ORIENTED_EDGE('',*,*,#912,.F.);
#914=CARTESIAN_POINT('',(125.87863907,174.135438664,415.457613508));
#915=DIRECTION('',(-0.,0.,1.));
#916=DIRECTION('',(0.,1.,-0.));
#917=AXIS2_PLACEMENT_3D('',#914,#915,#916);
#918=CIRCLE('',#917,2.6);
#919=EDGE_CURVE('',#897,#906,#918,.T.);
#920=ORIENTED_EDGE('',*,*,#919,.F.);
#921=EDGE_LOOP('',(#904,#913,#920));
#922=FACE_BOUND('',#921,.T.);
#923=CARTESIAN_POINT('',(125.87863907,121.735438664,415.457613508));
#924=VERTEX_POINT('',#923);
#925=CARTESIAN_POINT('',(123.27863907,119.135438664,415.457613508));
#926=VERTEX_POINT('',#925);
#927=CARTESIAN_POINT('',(125.87863907,119.135438664,415.457613508));
#928=DIRECTION('',(-0.,0.,1.));
#929=DIRECTION('',(0.,1.,-0.));
#930=AXIS2_PLACEMENT_3D('',#927,#928,#929);
#931=CIRCLE('',#930,2.6);
#932=EDGE_CURVE('NONE',#924,#926,#931,.T.);
#933=ORIENTED_EDGE('',*,*,#932,.F.);
#934=CARTESIAN_POINT('',(128.47863907,119.135438664,415.457613508));
#935=VERTEX_POINT('',#934);
#936=CARTESIAN_POINT('',(125.87863907,119.135438664,415.457613508));
#937=DIRECTION('',(-0.,0.,1.));
#938=DIRECTION('',(0.,1.,-0.));
#939=AXIS2_PLACEMENT_3D('',#936,#937,#938);
#940=CIRCLE('',#939,2.6);
#941=EDGE_CURVE('',#935,#924,#940,.T.);
#942=ORIENTED_EDGE('',*,*,#941,.F.);
#943=CARTESIAN_POINT('',(125.87863907,119.135438664,415.457613508));
#944=DIRECTION('',(-0.,0.,1.));
#945=DIRECTION('',(0.,1.,-0.));
#946=AXIS2_PLACEMENT_3D('',#943,#944,#945);
#947=CIRCLE('',#946,2.6);
#948=EDGE_CURVE('',#926,#935,#947,.T.);
#949=ORIENTED_EDGE('',*,*,#948,.F.);
#950=EDGE_LOOP('',(#933,#942,#949));
#951=FACE_BOUND('',#950,.T.);
#952=CARTESIAN_POINT('',(167.87863907,176.735438664,415.457613508));
#953=VERTEX_POINT('',#952);
#954=CARTESIAN_POINT('',(165.27863907,174.135438664,415.457613508));
#955=VERTEX_POINT('',#954);
#956=CARTESIAN_POINT('',(167.87863907,174.135438664,415.457613508));
#957=DIRECTION('',(-0.,0.,1.));
#958=DIRECTION('',(0.,1.,-0.));
#959=AXIS2_PLACEMENT_3D('',#956,#957,#958);
#960=CIRCLE('',#959,2.6);
#961=EDGE_CURVE('NONE',#953,#955,#960,.T.);
#962=ORIENTED_EDGE('',*,*,#961,.F.);
#963=CARTESIAN_POINT('',(170.47863907,174.135438664,415.457613508));
#964=VERTEX_POINT('',#963);
#965=CARTESIAN_POINT('',(167.87863907,174.135438664,415.457613508));
#966=DIRECTION('',(-0.,0.,1.));
#967=DIRECTION('',(0.,1.,-0.));
#968=AXIS2_PLACEMENT_3D('',#965,#966,#967);
#969=CIRCLE('',#968,2.6);
#970=EDGE_CURVE('',#964,#953,#969,.T.);
#971=ORIENTED_EDGE('',*,*,#970,.F.);
#972=CARTESIAN_POINT('',(167.87863907,174.135438664,415.457613508));
#973=DIRECTION('',(-0.,0.,1.));
#974=DIRECTION('',(0.,1.,-0.));
#975=AXIS2_PLACEMENT_3D('',#972,#973,#974);
#976=CIRCLE('',#975,2.6);
#977=EDGE_CURVE('',#955,#964,#976,.T.);
#978=ORIENTED_EDGE('',*,*,#977,.F.);
#979=EDGE_LOOP('',(#962,#971,#978));
#980=FACE_BOUND('',#979,.T.);
#981=CARTESIAN_POINT('',(167.87863907,121.735438664,415.457613508));
#982=VERTEX_POINT('',#981);
#983=CARTESIAN_POINT('',(165.27863907,119.135438664,415.457613508));
#984=VERTEX_POINT('',#983);
#985=CARTESIAN_POINT('',(167.87863907,119.135438664,415.457613508));
#986=DIRECTION('',(-0.,0.,1.));
#987=DIRECTION('',(0.,1.,-0.));
#988=AXIS2_PLACEMENT_3D('',#985,#986,#987);
#989=CIRCLE('',#988,2.6);
#990=EDGE_CURVE('NONE',#982,#984,#989,.T.);
#991=ORIENTED_EDGE('',*,*,#990,.F.);
#992=CARTESIAN_POINT('',(170.47863907,119.135438664,415.457613508));
#993=VERTEX_POINT('',#992);
#994=CARTESIAN_POINT('',(167.87863907,119.135438664,415.457613508));
#995=DIRECTION('',(-0.,0.,1.));
#996=DIRECTION('',(0.,1.,-0.));
#997=AXIS2_PLACEMENT_3D('',#994,#995,#996);
#998=CIRCLE('',#997,2.6);
#999=EDGE_CURVE('',#993,#982,#998,.T.);
#1000=ORIENTED_EDGE('',*,*,#999,.F.);
#1001=CARTESIAN_POINT('',(167.87863907,119.135438664,415.457613508));
#1002=DIRECTION('',(-0.,0.,1.));
#1003=DIRECTION('',(0.,1.,-0.));
#1004=AXIS2_PLACEMENT_3D('',#1001,#1002,#1003);
#1005=CIRCLE('',#1004,2.6);
#1006=EDGE_CURVE('',#984,#993,#1005,.T.);
#1007=ORIENTED_EDGE('',*,*,#1006,.F.);
#1008=EDGE_LOOP('',(#991,#1000,#1007));
#1009=FACE_BOUND('',#1008,.T.);
#1010=CARTESIAN_POINT('',(66.87863907,196.735438664,415.457613508));
#1011=VERTEX_POINT('',#1010);
#1012=CARTESIAN_POINT('',(64.27863907,194.135438664,415.457613508));
#1013=VERTEX_POINT('',#1012);
#1014=CARTESIAN_POINT('',(66.87863907,194.135438664,415.457613508));
#1015=DIRECTION('',(-0.,0.,1.));
#1016=DIRECTION('',(0.,1.,-0.));
#1017=AXIS2_PLACEMENT_3D('',#1014,#1015,#1016);
#1018=CIRCLE('',#1017,2.6);
#1019=EDGE_CURVE('NONE',#1011,#1013,#1018,.T.);
#1020=ORIENTED_EDGE('',*,*,#1019,.F.);
#1021=CARTESIAN_POINT('',(69.47863907,194.135438664,415.457613508));
#1022=VERTEX_POINT('',#1021);
#1023=CARTESIAN_POINT('',(66.87863907,194.135438664,415.457613508));
#1024=DIRECTION('',(-0.,0.,1.));
#1025=DIRECTION('',(0.,1.,-0.));
#1026=AXIS2_PLACEMENT_3D('',#1023,#1024,#1025);
#1027=CIRCLE('',#1026,2.6);
#1028=EDGE_CURVE('',#1022,#1011,#1027,.T.);
#1029=ORIENTED_EDGE('',*,*,#1028,.F.);
#1030=CARTESIAN_POINT('',(66.87863907,194.135438664,415.457613508));
#1031=DIRECTION('',(-0.,0.,1.));
#1032=DIRECTION('',(0.,1.,-0.));
#1033=AXIS2_PLACEMENT_3D('',#1030,#1031,#1032);
#1034=CIRCLE('',#1033,2.6);
#1035=EDGE_CURVE('',#1013,#1022,#1034,.T.);
#1036=ORIENTED_EDGE('',*,*,#1035,.F.);
#1037=EDGE_LOOP('',(#1020,#1029,#1036));
#1038=FACE_BOUND('',#1037,.T.);
#1039=CARTESIAN_POINT('',(226.87863907,196.735438664,415.457613508));
#1040=VERTEX_POINT('',#1039);
#1041=CARTESIAN_POINT('',(224.27863907,194.135438664,415.457613508));
#1042=VERTEX_POINT('',#1041);
#1043=CARTESIAN_POINT('',(226.87863907,194.135438664,415.457613508));
#1044=DIRECTION('',(-0.,0.,1.));
#1045=DIRECTION('',(0.,1.,-0.));
#1046=AXIS2_PLACEMENT_3D('',#1043,#1044,#1045);
#1047=CIRCLE('',#1046,2.6);
#1048=EDGE_CURVE('NONE',#1040,#1042,#1047,.T.);
#1049=ORIENTED_EDGE('',*,*,#1048,.F.);
#1050=CARTESIAN_POINT('',(229.47863907,194.135438664,415.457613508));
#1051=VERTEX_POINT('',#1050);
#1052=CARTESIAN_POINT('',(226.87863907,194.135438664,415.457613508));
#1053=DIRECTION('',(-0.,0.,1.));
#1054=DIRECTION('',(0.,1.,-0.));
#1055=AXIS2_PLACEMENT_3D('',#1052,#1053,#1054);
#1056=CIRCLE('',#1055,2.6);
#1057=EDGE_CURVE('',#1051,#1040,#1056,.T.);
#1058=ORIENTED_EDGE('',*,*,#1057,.F.);
#1059=CARTESIAN_POINT('',(226.87863907,194.135438664,415.457613508));
#1060=DIRECTION('',(-0.,0.,1.));
#1061=DIRECTION('',(0.,1.,-0.));
#1062=AXIS2_PLACEMENT_3D('',#1059,#1060,#1061);
#1063=CIRCLE('',#1062,2.6);
#1064=EDGE_CURVE('',#1042,#1051,#1063,.T.);
#1065=ORIENTED_EDGE('',*,*,#1064,.F.);
#1066=EDGE_LOOP('',(#1049,#1058,#1065));
#1067=FACE_BOUND('',#1066,.T.);
#1068=CARTESIAN_POINT('',(226.87863907,238.735438664,415.457613508));
#1069=VERTEX_POINT('',#1068);
#1070=CARTESIAN_POINT('',(224.27863907,236.135438664,415.457613508));
#1071=VERTEX_POINT('',#1070);
#1072=CARTESIAN_POINT('',(226.87863907,236.135438664,415.457613508));
#1073=DIRECTION('',(-0.,0.,1.));
#1074=DIRECTION('',(0.,1.,-0.));
#1075=AXIS2_PLACEMENT_3D('',#1072,#1073,#1074);
#1076=CIRCLE('',#1075,2.6);
#1077=EDGE_CURVE('NONE',#1069,#1071,#1076,.T.);
#1078=ORIENTED_EDGE('',*,*,#1077,.F.);
#1079=CARTESIAN_POINT('',(229.47863907,236.135438664,415.457613508));
#1080=VERTEX_POINT('',#1079);
#1081=CARTESIAN_POINT('',(226.87863907,236.135438664,415.457613508));
#1082=DIRECTION('',(-0.,0.,1.));
#1083=DIRECTION('',(0.,1.,-0.));
#1084=AXIS2_PLACEMENT_3D('',#1081,#1082,#1083);
#1085=CIRCLE('',#1084,2.6);
#1086=EDGE_CURVE('',#1080,#1069,#1085,.T.);
#1087=ORIENTED_EDGE('',*,*,#1086,.F.);
#1088=CARTESIAN_POINT('',(226.87863907,236.135438664,415.457613508));
#1089=DIRECTION('',(-0.,0.,1.));
#1090=DIRECTION('',(0.,1.,-0.));
#1091=AXIS2_PLACEMENT_3D('',#1088,#1089,#1090);
#1092=CIRCLE('',#1091,2.6);
#1093=EDGE_CURVE('',#1071,#1080,#1092,.T.);
#1094=ORIENTED_EDGE('',*,*,#1093,.F.);
#1095=EDGE_LOOP('',(#1078,#1087,#1094));
#1096=FACE_BOUND('',#1095,.T.);
#1097=CARTESIAN_POINT('',(97.415978631,250.956944835,415.457613508));
#1098=VERTEX_POINT('',#1097);
#1099=CARTESIAN_POINT('',(97.415978631,187.851167417,415.457613508));
#1100=VERTEX_POINT('',#1099);
#1101=CARTESIAN_POINT('',(97.415978631,250.956944835,415.457613508));
#1102=DIRECTION('',(0.,-1.,0.));
#1103=VECTOR('',#1102,63.105777418);
#1104=LINE('',#1101,#1103);
#1105=EDGE_CURVE('',#1098,#1100,#1104,.T.);
#1106=ORIENTED_EDGE('',*,*,#1105,.F.);
#1107=CARTESIAN_POINT('',(99.415978631,252.956944835,415.457613508));
#1108=VERTEX_POINT('',#1107);
#1109=CARTESIAN_POINT('',(99.415978631,250.956944835,415.457613508));
#1110=DIRECTION('',(0.,-0.,-1.));
#1111=DIRECTION('',(0.,1.,-0.));
#1112=AXIS2_PLACEMENT_3D('',#1109,#1110,#1111);
#1113=CIRCLE('',#1112,2.);
#1114=EDGE_CURVE('',#1098,#1108,#1113,.T.);
#1115=ORIENTED_EDGE('',*,*,#1114,.T.);
#1116=CARTESIAN_POINT('',(104.341299508,252.956944835,415.457613508));
#1117=VERTEX_POINT('',#1116);
#1118=CARTESIAN_POINT('',(104.341299508,252.956944835,415.457613508));
#1119=DIRECTION('',(-1.,0.,0.));
#1120=VECTOR('',#1119,4.925320877);
#1121=LINE('',#1118,#1120);
#1122=EDGE_CURVE('',#1117,#1108,#1121,.T.);
#1123=ORIENTED_EDGE('',*,*,#1122,.F.);
#1124=CARTESIAN_POINT('',(106.341299508,250.956944835,415.457613508));
#1125=VERTEX_POINT('',#1124);
#1126=CARTESIAN_POINT('',(104.341299508,250.956944835,415.457613508));
#1127=DIRECTION('',(0.,-0.,-1.));
#1128=DIRECTION('',(0.,1.,-0.));
#1129=AXIS2_PLACEMENT_3D('',#1126,#1127,#1128);
#1130=CIRCLE('',#1129,2.);
#1131=EDGE_CURVE('',#1117,#1125,#1130,.T.);
#1132=ORIENTED_EDGE('',*,*,#1131,.T.);
#1133=CARTESIAN_POINT('',(106.341299508,187.851167417,415.457613508));
#1134=VERTEX_POINT('',#1133);
#1135=CARTESIAN_POINT('',(106.341299508,187.851167417,415.457613508));
#1136=DIRECTION('',(-0.,1.,-0.));
#1137=VECTOR('',#1136,63.105777418);
#1138=LINE('',#1135,#1137);
#1139=EDGE_CURVE('',#1134,#1125,#1138,.T.);
#1140=ORIENTED_EDGE('',*,*,#1139,.F.);
#1141=CARTESIAN_POINT('',(104.341299508,185.851167417,415.457613508));
#1142=VERTEX_POINT('',#1141);
#1143=CARTESIAN_POINT('',(104.341299508,187.851167417,415.457613508));
#1144=DIRECTION('',(0.,-0.,-1.));
#1145=DIRECTION('',(0.,1.,-0.));
#1146=AXIS2_PLACEMENT_3D('',#1143,#1144,#1145);
#1147=CIRCLE('',#1146,2.);
#1148=EDGE_CURVE('',#1134,#1142,#1147,.T.);
#1149=ORIENTED_EDGE('',*,*,#1148,.T.);
#1150=CARTESIAN_POINT('',(99.415978631,185.851167417,415.457613508));
#1151=VERTEX_POINT('',#1150);
#1152=CARTESIAN_POINT('',(99.415978631,185.851167417,415.457613508));
#1153=DIRECTION('',(1.,0.,-0.));
#1154=VECTOR('',#1153,4.925320877);
#1155=LINE('',#1152,#1154);
#1156=EDGE_CURVE('',#1151,#1142,#1155,.T.);
#1157=ORIENTED_EDGE('',*,*,#1156,.F.);
#1158=CARTESIAN_POINT('',(99.415978631,187.851167417,415.457613508));
#1159=DIRECTION('',(0.,-0.,-1.));
#1160=DIRECTION('',(0.,1.,-0.));
#1161=AXIS2_PLACEMENT_3D('',#1158,#1159,#1160);
#1162=CIRCLE('',#1161,2.);
#1163=EDGE_CURVE('',#1151,#1100,#1162,.T.);
#1164=ORIENTED_EDGE('',*,*,#1163,.T.);
#1165=EDGE_LOOP('',(#1106,#1115,#1123,#1132,#1140,#1149,#1157,#1164));
#1166=FACE_BOUND('',#1165,.T.);
#1167=CARTESIAN_POINT('',(185.947564079,115.725510707,415.457613508));
#1168=VERTEX_POINT('',#1167);
#1169=CARTESIAN_POINT('',(185.947564079,111.725510707,415.457613508));
#1170=VERTEX_POINT('',#1169);
#1171=CARTESIAN_POINT('',(185.947564079,115.725510707,415.457613508));
#1172=DIRECTION('',(0.,-1.,0.));
#1173=VECTOR('',#1172,4.);
#1174=LINE('',#1171,#1173);
#1175=EDGE_CURVE('',#1168,#1170,#1174,.T.);
#1176=ORIENTED_EDGE('',*,*,#1175,.F.);
#1177=CARTESIAN_POINT('',(188.947564079,118.725510707,415.457613508));
#1178=VERTEX_POINT('',#1177);
#1179=CARTESIAN_POINT('',(188.947564079,115.725510707,415.457613508));
#1180=DIRECTION('',(0.,-0.,-1.));
#1181=DIRECTION('',(0.,1.,-0.));
#1182=AXIS2_PLACEMENT_3D('',#1179,#1180,#1181);
#1183=CIRCLE('',#1182,3.);
#1184=EDGE_CURVE('',#1168,#1178,#1183,.T.);
#1185=ORIENTED_EDGE('',*,*,#1184,.T.);
#1186=CARTESIAN_POINT('',(212.947564079,118.725510707,415.457613508));
#1187=VERTEX_POINT('',#1186);
#1188=CARTESIAN_POINT('',(212.947564079,118.725510707,415.457613508));
#1189=DIRECTION('',(-1.,0.,0.));
#1190=VECTOR('',#1189,24.);
#1191=LINE('',#1188,#1190);
#1192=EDGE_CURVE('',#1187,#1178,#1191,.T.);
#1193=ORIENTED_EDGE('',*,*,#1192,.F.);
#1194=CARTESIAN_POINT('',(215.947564079,115.725510707,415.457613508));
#1195=VERTEX_POINT('',#1194);
#1196=CARTESIAN_POINT('',(212.947564079,115.725510707,415.457613508));
#1197=DIRECTION('',(0.,-0.,-1.));
#1198=DIRECTION('',(0.,1.,-0.));
#1199=AXIS2_PLACEMENT_3D('',#1196,#1197,#1198);
#1200=CIRCLE('',#1199,3.);
#1201=EDGE_CURVE('',#1187,#1195,#1200,.T.);
#1202=ORIENTED_EDGE('',*,*,#1201,.T.);
#1203=CARTESIAN_POINT('',(215.947564079,111.725510707,415.457613508));
#1204=VERTEX_POINT('',#1203);
#1205=CARTESIAN_POINT('',(215.947564079,111.725510707,415.457613508));
#1206=DIRECTION('',(0.,1.,-0.));
#1207=VECTOR('',#1206,4.);
#1208=LINE('',#1205,#1207);
#1209=EDGE_CURVE('',#1204,#1195,#1208,.T.);
#1210=ORIENTED_EDGE('',*,*,#1209,.F.);
#1211=CARTESIAN_POINT('',(212.947564079,108.725510707,415.457613508));
#1212=VERTEX_POINT('',#1211);
#1213=CARTESIAN_POINT('',(212.947564079,111.725510707,415.457613508));
#1214=DIRECTION('',(0.,-0.,-1.));
#1215=DIRECTION('',(0.,1.,-0.));
#1216=AXIS2_PLACEMENT_3D('',#1213,#1214,#1215);
#1217=CIRCLE('',#1216,3.);
#1218=EDGE_CURVE('',#1204,#1212,#1217,.T.);
#1219=ORIENTED_EDGE('',*,*,#1218,.T.);
#1220=CARTESIAN_POINT('',(188.947564079,108.725510707,415.457613508));
#1221=VERTEX_POINT('',#1220);
#1222=CARTESIAN_POINT('',(188.947564079,108.725510707,415.457613508));
#1223=DIRECTION('',(1.,0.,-0.));
#1224=VECTOR('',#1223,24.);
#1225=LINE('',#1222,#1224);
#1226=EDGE_CURVE('',#1221,#1212,#1225,.T.);
#1227=ORIENTED_EDGE('',*,*,#1226,.F.);
#1228=CARTESIAN_POINT('',(188.947564079,111.725510707,415.457613508));
#1229=DIRECTION('',(0.,-0.,-1.));
#1230=DIRECTION('',(0.,1.,-0.));
#1231=AXIS2_PLACEMENT_3D('',#1228,#1229,#1230);
#1232=CIRCLE('',#1231,3.);
#1233=EDGE_CURVE('',#1221,#1170,#1232,.T.);
#1234=ORIENTED_EDGE('',*,*,#1233,.T.);
#1235=EDGE_LOOP('',(#1176,#1185,#1193,#1202,#1210,#1219,#1227,#1234));
#1236=FACE_BOUND('',#1235,.T.);
#1237=CARTESIAN_POINT('',(145.27863907,95.135438664,415.457613508));
#1238=VERTEX_POINT('',#1237);
#1239=CARTESIAN_POINT('',(146.87863907,93.535438664,415.457613508));
#1240=VERTEX_POINT('',#1239);
#1241=CARTESIAN_POINT('',(146.87863907,95.135438664,415.457613508));
#1242=DIRECTION('',(-0.,0.,1.));
#1243=DIRECTION('',(0.,1.,-0.));
#1244=AXIS2_PLACEMENT_3D('',#1241,#1242,#1243);
#1245=CIRCLE('',#1244,1.6);
#1246=EDGE_CURVE('NONE',#1238,#1240,#1245,.T.);
#1247=ORIENTED_EDGE('',*,*,#1246,.F.);
#1248=CARTESIAN_POINT('',(148.47863907,95.135438664,415.457613508));
#1249=VERTEX_POINT('',#1248);
#1250=CARTESIAN_POINT('',(146.87863907,95.135438664,415.457613508));
#1251=DIRECTION('',(-0.,0.,1.));
#1252=DIRECTION('',(0.,1.,-0.));
#1253=AXIS2_PLACEMENT_3D('',#1250,#1251,#1252);
#1254=CIRCLE('',#1253,1.6);
#1255=EDGE_CURVE('',#1249,#1238,#1254,.T.);
#1256=ORIENTED_EDGE('',*,*,#1255,.F.);
#1257=CARTESIAN_POINT('',(146.87863907,95.135438664,415.457613508));
#1258=DIRECTION('',(-0.,0.,1.));
#1259=DIRECTION('',(0.,1.,-0.));
#1260=AXIS2_PLACEMENT_3D('',#1257,#1258,#1259);
#1261=CIRCLE('',#1260,1.6);
#1262=EDGE_CURVE('',#1240,#1249,#1261,.T.);
#1263=ORIENTED_EDGE('',*,*,#1262,.F.);
#1264=EDGE_LOOP('',(#1247,#1256,#1263));
#1265=FACE_BOUND('',#1264,.T.);
#1266=CARTESIAN_POINT('',(245.52136093,164.235438664,415.457613508));
#1267=VERTEX_POINT('',#1266);
#1268=CARTESIAN_POINT('',(242.92136093,161.635438664,415.457613508));
#1269=VERTEX_POINT('',#1268);
#1270=CARTESIAN_POINT('',(242.92136093,164.235438664,415.457613508));
#1271=DIRECTION('',(0.,-0.,-1.));
#1272=DIRECTION('',(0.,1.,-0.));
#1273=AXIS2_PLACEMENT_3D('',#1270,#1271,#1272);
#1274=CIRCLE('',#1273,2.6);
#1275=EDGE_CURVE('',#1267,#1269,#1274,.T.);
#1276=ORIENTED_EDGE('',*,*,#1275,.T.);
#1277=CARTESIAN_POINT('',(240.32136093,164.235438664,415.457613508));
#1278=VERTEX_POINT('',#1277);
#1279=CARTESIAN_POINT('',(242.92136093,164.235438664,415.457613508));
#1280=DIRECTION('',(0.,-0.,-1.));
#1281=DIRECTION('',(0.,1.,-0.));
#1282=AXIS2_PLACEMENT_3D('',#1279,#1280,#1281);
#1283=CIRCLE('',#1282,2.6);
#1284=EDGE_CURVE('',#1269,#1278,#1283,.T.);
#1285=ORIENTED_EDGE('',*,*,#1284,.T.);
#1286=CARTESIAN_POINT('',(242.92136093,164.235438664,415.457613508));
#1287=DIRECTION('',(0.,-0.,-1.));
#1288=DIRECTION('',(0.,1.,-0.));
#1289=AXIS2_PLACEMENT_3D('',#1286,#1287,#1288);
#1290=CIRCLE('',#1289,2.6);
#1291=EDGE_CURVE('',#1278,#1267,#1290,.T.);
#1292=ORIENTED_EDGE('',*,*,#1291,.T.);
#1293=EDGE_LOOP('',(#1276,#1285,#1292));
#1294=FACE_BOUND('',#1293,.T.);
#1295=CARTESIAN_POINT('',(24.335917209,140.135438664,415.457613508));
#1296=VERTEX_POINT('',#1295);
#1297=CARTESIAN_POINT('',(26.935917209,137.535438664,415.457613508));
#1298=VERTEX_POINT('',#1297);
#1299=CARTESIAN_POINT('',(26.935917209,140.135438664,415.457613508));
#1300=DIRECTION('',(-0.,0.,1.));
#1301=DIRECTION('',(0.,1.,-0.));
#1302=AXIS2_PLACEMENT_3D('',#1299,#1300,#1301);
#1303=CIRCLE('',#1302,2.6);
#1304=EDGE_CURVE('',#1296,#1298,#1303,.T.);
#1305=ORIENTED_EDGE('',*,*,#1304,.F.);
#1306=CARTESIAN_POINT('',(29.535917209,140.135438664,415.457613508));
#1307=VERTEX_POINT('',#1306);
#1308=CARTESIAN_POINT('',(26.935917209,140.135438664,415.457613508));
#1309=DIRECTION('',(-0.,0.,1.));
#1310=DIRECTION('',(0.,1.,-0.));
#1311=AXIS2_PLACEMENT_3D('',#1308,#1309,#1310);
#1312=CIRCLE('',#1311,2.6);
#1313=EDGE_CURVE('',#1307,#1296,#1312,.T.);
#1314=ORIENTED_EDGE('',*,*,#1313,.F.);
#1315=CARTESIAN_POINT('',(26.935917209,140.135438664,415.457613508));
#1316=DIRECTION('',(-0.,0.,1.));
#1317=DIRECTION('',(0.,1.,-0.));
#1318=AXIS2_PLACEMENT_3D('',#1315,#1316,#1317);
#1319=CIRCLE('',#1318,2.6);
#1320=EDGE_CURVE('',#1298,#1307,#1319,.T.);
#1321=ORIENTED_EDGE('',*,*,#1320,.F.);
#1322=EDGE_LOOP('',(#1305,#1314,#1321));
#1323=FACE_BOUND('',#1322,.T.);
#1324=CARTESIAN_POINT('',(24.135917209,188.135438664,415.457613508));
#1325=VERTEX_POINT('',#1324);
#1326=CARTESIAN_POINT('',(26.735917209,185.535438664,415.457613508));
#1327=VERTEX_POINT('',#1326);
#1328=CARTESIAN_POINT('',(26.735917209,188.135438664,415.457613508));
#1329=DIRECTION('',(-0.,0.,1.));
#1330=DIRECTION('',(0.,1.,-0.));
#1331=AXIS2_PLACEMENT_3D('',#1328,#1329,#1330);
#1332=CIRCLE('',#1331,2.6);
#1333=EDGE_CURVE('',#1325,#1327,#1332,.T.);
#1334=ORIENTED_EDGE('',*,*,#1333,.F.);
#1335=CARTESIAN_POINT('',(29.335917209,188.135438664,415.457613508));
#1336=VERTEX_POINT('',#1335);
#1337=CARTESIAN_POINT('',(26.735917209,188.135438664,415.457613508));
#1338=DIRECTION('',(-0.,0.,1.));
#1339=DIRECTION('',(0.,1.,-0.));
#1340=AXIS2_PLACEMENT_3D('',#1337,#1338,#1339);
#1341=CIRCLE('',#1340,2.6);
#1342=EDGE_CURVE('',#1336,#1325,#1341,.T.);
#1343=ORIENTED_EDGE('',*,*,#1342,.F.);
#1344=CARTESIAN_POINT('',(26.735917209,188.135438664,415.457613508));
#1345=DIRECTION('',(-0.,0.,1.));
#1346=DIRECTION('',(0.,1.,-0.));
#1347=AXIS2_PLACEMENT_3D('',#1344,#1345,#1346);
#1348=CIRCLE('',#1347,2.6);
#1349=EDGE_CURVE('',#1327,#1336,#1348,.T.);
#1350=ORIENTED_EDGE('',*,*,#1349,.F.);
#1351=EDGE_LOOP('',(#1334,#1343,#1350));
#1352=FACE_BOUND('',#1351,.T.);
#1353=CARTESIAN_POINT('',(48.235917209,164.235438664,415.457613508));
#1354=VERTEX_POINT('',#1353);
#1355=CARTESIAN_POINT('',(50.835917209,161.635438664,415.457613508));
#1356=VERTEX_POINT('',#1355);
#1357=CARTESIAN_POINT('',(50.835917209,164.235438664,415.457613508));
#1358=DIRECTION('',(-0.,0.,1.));
#1359=DIRECTION('',(0.,1.,-0.));
#1360=AXIS2_PLACEMENT_3D('',#1357,#1358,#1359);
#1361=CIRCLE('',#1360,2.6);
#1362=EDGE_CURVE('',#1354,#1356,#1361,.T.);
#1363=ORIENTED_EDGE('',*,*,#1362,.F.);
#1364=CARTESIAN_POINT('',(53.435917209,164.235438664,415.457613508));
#1365=VERTEX_POINT('',#1364);
#1366=CARTESIAN_POINT('',(50.835917209,164.235438664,415.457613508));
#1367=DIRECTION('',(-0.,0.,1.));
#1368=DIRECTION('',(0.,1.,-0.));
#1369=AXIS2_PLACEMENT_3D('',#1366,#1367,#1368);
#1370=CIRCLE('',#1369,2.6);
#1371=EDGE_CURVE('',#1365,#1354,#1370,.T.);
#1372=ORIENTED_EDGE('',*,*,#1371,.F.);
#1373=CARTESIAN_POINT('',(50.835917209,164.235438664,415.457613508));
#1374=DIRECTION('',(-0.,0.,1.));
#1375=DIRECTION('',(0.,1.,-0.));
#1376=AXIS2_PLACEMENT_3D('',#1373,#1374,#1375);
#1377=CIRCLE('',#1376,2.6);
#1378=EDGE_CURVE('',#1356,#1365,#1377,.T.);
#1379=ORIENTED_EDGE('',*,*,#1378,.F.);
#1380=EDGE_LOOP('',(#1363,#1372,#1379));
#1381=FACE_BOUND('',#1380,.T.);
#1382=CARTESIAN_POINT('',(-0.764082791,134.135438664,415.457613508));
#1383=VERTEX_POINT('',#1382);
#1384=CARTESIAN_POINT('',(1.835917209,131.535438664,415.457613508));
#1385=VERTEX_POINT('',#1384);
#1386=CARTESIAN_POINT('',(1.835917209,134.135438664,415.457613508));
#1387=DIRECTION('',(-0.,0.,1.));
#1388=DIRECTION('',(0.,1.,-0.));
#1389=AXIS2_PLACEMENT_3D('',#1386,#1387,#1388);
#1390=CIRCLE('',#1389,2.6);
#1391=EDGE_CURVE('',#1383,#1385,#1390,.T.);
#1392=ORIENTED_EDGE('',*,*,#1391,.F.);
#1393=CARTESIAN_POINT('',(4.435917209,134.135438664,415.457613508));
#1394=VERTEX_POINT('',#1393);
#1395=CARTESIAN_POINT('',(1.835917209,134.135438664,415.457613508));
#1396=DIRECTION('',(-0.,0.,1.));
#1397=DIRECTION('',(0.,1.,-0.));
#1398=AXIS2_PLACEMENT_3D('',#1395,#1396,#1397);
#1399=CIRCLE('',#1398,2.6);
#1400=EDGE_CURVE('',#1394,#1383,#1399,.T.);
#1401=ORIENTED_EDGE('',*,*,#1400,.F.);
#1402=CARTESIAN_POINT('',(1.835917209,134.135438664,415.457613508));
#1403=DIRECTION('',(-0.,0.,1.));
#1404=DIRECTION('',(0.,1.,-0.));
#1405=AXIS2_PLACEMENT_3D('',#1402,#1403,#1404);
#1406=CIRCLE('',#1405,2.6);
#1407=EDGE_CURVE('',#1385,#1394,#1406,.T.);
#1408=ORIENTED_EDGE('',*,*,#1407,.F.);
#1409=EDGE_LOOP('',(#1392,#1401,#1408));
#1410=FACE_BOUND('',#1409,.T.);
#1411=CARTESIAN_POINT('',(24.735917209,164.135438664,415.457613508));
#1412=VERTEX_POINT('',#1411);
#1413=CARTESIAN_POINT('',(26.835917209,162.035438664,415.457613508));
#1414=VERTEX_POINT('',#1413);
#1415=CARTESIAN_POINT('',(26.835917209,164.135438664,415.457613508));
#1416=DIRECTION('',(-0.,0.,1.));
#1417=DIRECTION('',(0.,1.,-0.));
#1418=AXIS2_PLACEMENT_3D('',#1415,#1416,#1417);
#1419=CIRCLE('',#1418,2.1);
#1420=EDGE_CURVE('',#1412,#1414,#1419,.T.);
#1421=ORIENTED_EDGE('',*,*,#1420,.F.);
#1422=CARTESIAN_POINT('',(28.935917209,164.135438664,415.457613508));
#1423=VERTEX_POINT('',#1422);
#1424=CARTESIAN_POINT('',(26.835917209,164.135438664,415.457613508));
#1425=DIRECTION('',(-0.,0.,1.));
#1426=DIRECTION('',(0.,1.,-0.));
#1427=AXIS2_PLACEMENT_3D('',#1424,#1425,#1426);
#1428=CIRCLE('',#1427,2.1);
#1429=EDGE_CURVE('',#1423,#1412,#1428,.T.);
#1430=ORIENTED_EDGE('',*,*,#1429,.F.);
#1431=CARTESIAN_POINT('',(26.835917209,164.135438664,415.457613508));
#1432=DIRECTION('',(-0.,0.,1.));
#1433=DIRECTION('',(0.,1.,-0.));
#1434=AXIS2_PLACEMENT_3D('',#1431,#1432,#1433);
#1435=CIRCLE('',#1434,2.1);
#1436=EDGE_CURVE('',#1414,#1423,#1435,.T.);
#1437=ORIENTED_EDGE('',*,*,#1436,.F.);
#1438=EDGE_LOOP('',(#1421,#1430,#1437));
#1439=FACE_BOUND('',#1438,.T.);
#1440=CARTESIAN_POINT('',(49.235917209,134.135438664,415.457613508));
#1441=VERTEX_POINT('',#1440);
#1442=CARTESIAN_POINT('',(51.835917209,131.535438664,415.457613508));
#1443=VERTEX_POINT('',#1442);
#1444=CARTESIAN_POINT('',(51.835917209,134.135438664,415.457613508));
#1445=DIRECTION('',(-0.,0.,1.));
#1446=DIRECTION('',(0.,1.,-0.));
#1447=AXIS2_PLACEMENT_3D('',#1444,#1445,#1446);
#1448=CIRCLE('',#1447,2.6);
#1449=EDGE_CURVE('',#1441,#1443,#1448,.T.);
#1450=ORIENTED_EDGE('',*,*,#1449,.F.);
#1451=CARTESIAN_POINT('',(54.435917209,134.135438664,415.457613508));
#1452=VERTEX_POINT('',#1451);
#1453=CARTESIAN_POINT('',(51.835917209,134.135438664,415.457613508));
#1454=DIRECTION('',(-0.,0.,1.));
#1455=DIRECTION('',(0.,1.,-0.));
#1456=AXIS2_PLACEMENT_3D('',#1453,#1454,#1455);
#1457=CIRCLE('',#1456,2.6);
#1458=EDGE_CURVE('',#1452,#1441,#1457,.T.);
#1459=ORIENTED_EDGE('',*,*,#1458,.F.);
#1460=CARTESIAN_POINT('',(51.835917209,134.135438664,415.457613508));
#1461=DIRECTION('',(-0.,0.,1.));
#1462=DIRECTION('',(0.,1.,-0.));
#1463=AXIS2_PLACEMENT_3D('',#1460,#1461,#1462);
#1464=CIRCLE('',#1463,2.6);
#1465=EDGE_CURVE('',#1443,#1452,#1464,.T.);
#1466=ORIENTED_EDGE('',*,*,#1465,.F.);
#1467=EDGE_LOOP('',(#1450,#1459,#1466));
#1468=FACE_BOUND('',#1467,.T.);
#1469=CARTESIAN_POINT('',(-0.764082791,194.135438664,415.457613508));
#1470=VERTEX_POINT('',#1469);
#1471=CARTESIAN_POINT('',(1.835917209,191.535438664,415.457613508));
#1472=VERTEX_POINT('',#1471);
#1473=CARTESIAN_POINT('',(1.835917209,194.135438664,415.457613508));
#1474=DIRECTION('',(-0.,0.,1.));
#1475=DIRECTION('',(0.,1.,-0.));
#1476=AXIS2_PLACEMENT_3D('',#1473,#1474,#1475);
#1477=CIRCLE('',#1476,2.6);
#1478=EDGE_CURVE('',#1470,#1472,#1477,.T.);
#1479=ORIENTED_EDGE('',*,*,#1478,.F.);
#1480=CARTESIAN_POINT('',(4.435917209,194.135438664,415.457613508));
#1481=VERTEX_POINT('',#1480);
#1482=CARTESIAN_POINT('',(1.835917209,194.135438664,415.457613508));
#1483=DIRECTION('',(-0.,0.,1.));
#1484=DIRECTION('',(0.,1.,-0.));
#1485=AXIS2_PLACEMENT_3D('',#1482,#1483,#1484);
#1486=CIRCLE('',#1485,2.6);
#1487=EDGE_CURVE('',#1481,#1470,#1486,.T.);
#1488=ORIENTED_EDGE('',*,*,#1487,.F.);
#1489=CARTESIAN_POINT('',(1.835917209,194.135438664,415.457613508));
#1490=DIRECTION('',(-0.,0.,1.));
#1491=DIRECTION('',(0.,1.,-0.));
#1492=AXIS2_PLACEMENT_3D('',#1489,#1490,#1491);
#1493=CIRCLE('',#1492,2.6);
#1494=EDGE_CURVE('',#1472,#1481,#1493,.T.);
#1495=ORIENTED_EDGE('',*,*,#1494,.F.);
#1496=EDGE_LOOP('',(#1479,#1488,#1495));
#1497=FACE_BOUND('',#1496,.T.);
#1498=CARTESIAN_POINT('',(51.835917209,196.635438664,415.457613508));
#1499=VERTEX_POINT('',#1498);
#1500=CARTESIAN_POINT('',(51.835917209,191.635438664,415.457613508));
#1501=VERTEX_POINT('',#1500);
#1502=CARTESIAN_POINT('',(51.835917209,194.135438664,415.457613508));
#1503=DIRECTION('',(0.,-0.,-1.));
#1504=DIRECTION('',(0.,1.,-0.));
#1505=AXIS2_PLACEMENT_3D('',#1502,#1503,#1504);
#1506=CIRCLE('',#1505,2.5);
#1507=EDGE_CURVE('',#1499,#1501,#1506,.T.);
#1508=ORIENTED_EDGE('',*,*,#1507,.T.);
#1509=CARTESIAN_POINT('',(51.835917209,194.135438664,415.457613508));
#1510=DIRECTION('',(0.,-0.,-1.));
#1511=DIRECTION('',(0.,1.,-0.));
#1512=AXIS2_PLACEMENT_3D('',#1509,#1510,#1511);
#1513=CIRCLE('',#1512,2.5);
#1514=EDGE_CURVE('',#1501,#1499,#1513,.T.);
#1515=ORIENTED_EDGE('',*,*,#1514,.T.);
#1516=EDGE_LOOP('',(#1508,#1515));
#1517=FACE_BOUND('',#1516,.T.);
#1518=CARTESIAN_POINT('',(146.87863907,149.135438664,415.457613508));
#1519=VERTEX_POINT('',#1518);
#1520=CARTESIAN_POINT('',(146.87863907,144.135438664,415.457613508));
#1521=DIRECTION('',(0.,-0.,-1.));
#1522=DIRECTION('',(0.,1.,-0.));
#1523=AXIS2_PLACEMENT_3D('',#1520,#1521,#1522);
#1524=CIRCLE('',#1523,5.);
#1525=EDGE_CURVE('',#1519,#1519,#1524,.T.);
#1526=ORIENTED_EDGE('',*,*,#1525,.T.);
#1527=EDGE_LOOP('',(#1526));
#1528=FACE_BOUND('',#1527,.T.);
#1529=CARTESIAN_POINT('',(194.341299508,252.956944835,415.457613508));
#1530=VERTEX_POINT('',#1529);
#1531=CARTESIAN_POINT('',(196.341299508,250.956944835,415.457613508));
#1532=VERTEX_POINT('',#1531);
#1533=CARTESIAN_POINT('',(194.341299508,250.956944835,415.457613508));
#1534=DIRECTION('',(0.,-0.,-1.));
#1535=DIRECTION('',(0.,1.,-0.));
#1536=AXIS2_PLACEMENT_3D('',#1533,#1534,#1535);
#1537=CIRCLE('',#1536,2.);
#1538=EDGE_CURVE('',#1530,#1532,#1537,.T.);
#1539=ORIENTED_EDGE('',*,*,#1538,.T.);
#1540=CARTESIAN_POINT('',(196.341299508,187.851167417,415.457613508));
#1541=VERTEX_POINT('',#1540);
#1542=CARTESIAN_POINT('',(196.341299508,187.851167417,415.457613508));
#1543=DIRECTION('',(0.,1.,-0.));
#1544=VECTOR('',#1543,63.105777418);
#1545=LINE('',#1542,#1544);
#1546=EDGE_CURVE('',#1541,#1532,#1545,.T.);
#1547=ORIENTED_EDGE('',*,*,#1546,.F.);
#1548=CARTESIAN_POINT('',(194.341299508,185.851167417,415.457613508));
#1549=VERTEX_POINT('',#1548);
#1550=CARTESIAN_POINT('',(194.341299508,187.851167417,415.457613508));
#1551=DIRECTION('',(0.,-0.,-1.));
#1552=DIRECTION('',(0.,1.,-0.));
#1553=AXIS2_PLACEMENT_3D('',#1550,#1551,#1552);
#1554=CIRCLE('',#1553,2.);
#1555=EDGE_CURVE('',#1541,#1549,#1554,.T.);
#1556=ORIENTED_EDGE('',*,*,#1555,.T.);
#1557=CARTESIAN_POINT('',(189.415978631,185.851167417,415.457613508));
#1558=VERTEX_POINT('',#1557);
#1559=CARTESIAN_POINT('',(189.415978631,185.851167417,415.457613508));
#1560=DIRECTION('',(1.,0.,-0.));
#1561=VECTOR('',#1560,4.925320877);
#1562=LINE('',#1559,#1561);
#1563=EDGE_CURVE('',#1558,#1549,#1562,.T.);
#1564=ORIENTED_EDGE('',*,*,#1563,.F.);
#1565=CARTESIAN_POINT('',(187.415978631,187.851167417,415.457613508));
#1566=VERTEX_POINT('',#1565);
#1567=CARTESIAN_POINT('',(189.415978631,187.851167417,415.457613508));
#1568=DIRECTION('',(0.,-0.,-1.));
#1569=DIRECTION('',(0.,1.,-0.));
#1570=AXIS2_PLACEMENT_3D('',#1567,#1568,#1569);
#1571=CIRCLE('',#1570,2.);
#1572=EDGE_CURVE('',#1558,#1566,#1571,.T.);
#1573=ORIENTED_EDGE('',*,*,#1572,.T.);
#1574=CARTESIAN_POINT('',(187.415978631,250.956944835,415.457613508));
#1575=VERTEX_POINT('',#1574);
#1576=CARTESIAN_POINT('',(187.415978631,250.956944835,415.457613508));
#1577=DIRECTION('',(0.,-1.,0.));
#1578=VECTOR('',#1577,63.105777418);
#1579=LINE('',#1576,#1578);
#1580=EDGE_CURVE('',#1575,#1566,#1579,.T.);
#1581=ORIENTED_EDGE('',*,*,#1580,.F.);
#1582=CARTESIAN_POINT('',(189.415978631,252.956944835,415.457613508));
#1583=VERTEX_POINT('',#1582);
#1584=CARTESIAN_POINT('',(189.415978631,250.956944835,415.457613508));
#1585=DIRECTION('',(0.,-0.,-1.));
#1586=DIRECTION('',(0.,1.,-0.));
#1587=AXIS2_PLACEMENT_3D('',#1584,#1585,#1586);
#1588=CIRCLE('',#1587,2.);
#1589=EDGE_CURVE('',#1575,#1583,#1588,.T.);
#1590=ORIENTED_EDGE('',*,*,#1589,.T.);
#1591=CARTESIAN_POINT('',(194.341299508,252.956944835,415.457613508));
#1592=DIRECTION('',(-1.,0.,0.));
#1593=VECTOR('',#1592,4.925320877);
#1594=LINE('',#1591,#1593);
#1595=EDGE_CURVE('',#1530,#1583,#1594,.T.);
#1596=ORIENTED_EDGE('',*,*,#1595,.F.);
#1597=EDGE_LOOP('',(#1539,#1547,#1556,#1564,#1573,#1581,#1590,#1596));
#1598=FACE_BOUND('',#1597,.T.);
#1599=CARTESIAN_POINT('',(26.801277007,221.332759806,415.457613508));
#1600=VERTEX_POINT('',#1599);
#1601=CARTESIAN_POINT('',(13.970565697,208.565570184,415.457613508));
#1602=VERTEX_POINT('',#1601);
#1603=CARTESIAN_POINT('',(26.801277007,221.332759806,415.457613508));
#1604=DIRECTION('',(-0.708859298,-0.70534991,0.));
#1605=VECTOR('',#1604,18.100505063);
#1606=LINE('',#1603,#1605);
#1607=EDGE_CURVE('',#1600,#1602,#1606,.T.);
#1608=ORIENTED_EDGE('',*,*,#1607,.T.);
#1609=CARTESIAN_POINT('',(4.095666954,204.489600354,415.457613508));
#1610=VERTEX_POINT('',#1609);
#1611=CARTESIAN_POINT('',(4.095666954,218.489600354,415.457613508));
#1612=DIRECTION('',(0.,-0.,-1.));
#1613=DIRECTION('',(0.,1.,-0.));
#1614=AXIS2_PLACEMENT_3D('',#1611,#1612,#1613);
#1615=CIRCLE('',#1614,14.);
#1616=EDGE_CURVE('',#1602,#1610,#1615,.T.);
#1617=ORIENTED_EDGE('',*,*,#1616,.T.);
#1618=CARTESIAN_POINT('',(4.060925789,204.489643459,415.457613508));
#1619=VERTEX_POINT('',#1618);
#1620=CARTESIAN_POINT('',(4.095666954,218.489600354,415.457613508));
#1621=DIRECTION('',(0.,-0.,-1.));
#1622=DIRECTION('',(0.,1.,-0.));
#1623=AXIS2_PLACEMENT_3D('',#1620,#1621,#1622);
#1624=CIRCLE('',#1623,14.);
#1625=EDGE_CURVE('',#1610,#1619,#1624,.T.);
#1626=ORIENTED_EDGE('',*,*,#1625,.T.);
#1627=CARTESIAN_POINT('',(-2.675184882,204.506359248,415.457613508));
#1628=VERTEX_POINT('',#1627);
#1629=CARTESIAN_POINT('',(4.060925789,204.489643459,415.457613508));
#1630=DIRECTION('',(-0.999996921,0.002481512,-0.));
#1631=VECTOR('',#1630,6.736131412);
#1632=LINE('',#1629,#1631);
#1633=EDGE_CURVE('',#1619,#1628,#1632,.T.);
#1634=ORIENTED_EDGE('',*,*,#1633,.T.);
#1635=CARTESIAN_POINT('',(-2.7,204.506390038,415.457613508));
#1636=VERTEX_POINT('',#1635);
#1637=CARTESIAN_POINT('',(-2.7,194.506390038,415.457613508));
#1638=DIRECTION('',(-0.,0.,1.));
#1639=DIRECTION('',(0.,1.,-0.));
#1640=AXIS2_PLACEMENT_3D('',#1637,#1638,#1639);
#1641=CIRCLE('',#1640,10.);
#1642=EDGE_CURVE('',#1628,#1636,#1641,.T.);
#1643=ORIENTED_EDGE('',*,*,#1642,.T.);
#1644=CARTESIAN_POINT('',(-2.7,194.506390038,415.457613508));
#1645=DIRECTION('',(-0.,0.,1.));
#1646=DIRECTION('',(0.,1.,-0.));
#1647=AXIS2_PLACEMENT_3D('',#1644,#1645,#1646);
#1648=CIRCLE('',#1647,10.);
#1649=EDGE_CURVE('',#1636,#159,#1648,.T.);
#1650=ORIENTED_EDGE('',*,*,#1649,.T.);
#1651=ORIENTED_EDGE('',*,*,#164,.F.);
#1652=CARTESIAN_POINT('',(-12.700021861,90.135438664,415.457613508));
#1653=VERTEX_POINT('',#1652);
#1654=CARTESIAN_POINT('',(-12.700021861,139.337613508,415.457613508));
#1655=DIRECTION('',(0.,-1.,0.));
#1656=VECTOR('',#1655,49.202174843);
#1657=LINE('',#1654,#1656);
#1658=EDGE_CURVE('',#157,#1653,#1657,.T.);
#1659=ORIENTED_EDGE('',*,*,#1658,.T.);
#1660=CARTESIAN_POINT('',(306.457278139,90.135438664,415.457613508));
#1661=DIRECTION('',(-1.,0.,0.));
#1662=VECTOR('',#1661,319.1573);
#1663=LINE('',#1660,#1662);
#1664=EDGE_CURVE('',#215,#1653,#1663,.T.);
#1665=ORIENTED_EDGE('',*,*,#1664,.F.);
#1666=ORIENTED_EDGE('',*,*,#220,.T.);
#1667=CARTESIAN_POINT('',(296.457278139,204.135438664,415.457613508));
#1668=VERTEX_POINT('',#1667);
#1669=CARTESIAN_POINT('',(296.457278139,194.135438664,415.457613508));
#1670=DIRECTION('',(-0.,0.,1.));
#1671=DIRECTION('',(0.,1.,-0.));
#1672=AXIS2_PLACEMENT_3D('',#1669,#1670,#1671);
#1673=CIRCLE('',#1672,10.);
#1674=EDGE_CURVE('',#207,#1668,#1673,.T.);
#1675=ORIENTED_EDGE('',*,*,#1674,.T.);
#1676=CARTESIAN_POINT('',(289.535493319,204.135438664,415.457613508));
#1677=VERTEX_POINT('',#1676);
#1678=CARTESIAN_POINT('',(296.457278139,204.135438664,415.457613508));
#1679=DIRECTION('',(-1.,0.,0.));
#1680=VECTOR('',#1679,6.92178482);
#1681=LINE('',#1678,#1680);
#1682=EDGE_CURVE('',#1668,#1677,#1681,.T.);
#1683=ORIENTED_EDGE('',*,*,#1682,.T.);
#1684=CARTESIAN_POINT('',(279.635998382,208.235943728,415.457613508));
#1685=VERTEX_POINT('',#1684);
#1686=CARTESIAN_POINT('',(289.535493319,218.135438664,415.457613508));
#1687=DIRECTION('',(0.,-0.,-1.));
#1688=DIRECTION('',(0.,1.,-0.));
#1689=AXIS2_PLACEMENT_3D('',#1686,#1687,#1688);
#1690=CIRCLE('',#1689,14.);
#1691=EDGE_CURVE('',#1677,#1685,#1690,.T.);
#1692=ORIENTED_EDGE('',*,*,#1691,.T.);
#1693=CARTESIAN_POINT('',(266.837008509,221.034933601,415.457613508));
#1694=VERTEX_POINT('',#1693);
#1695=CARTESIAN_POINT('',(279.635998382,208.235943728,415.457613508));
#1696=DIRECTION('',(-0.707106781,0.707106781,-0.));
#1697=VECTOR('',#1696,18.100505063);
#1698=LINE('',#1695,#1697);
#1699=EDGE_CURVE('',#1685,#1694,#1698,.T.);
#1700=ORIENTED_EDGE('',*,*,#1699,.T.);
#1701=CARTESIAN_POINT('',(262.736503446,230.934428538,415.457613508));
#1702=VERTEX_POINT('',#1701);
#1703=CARTESIAN_POINT('',(276.736503446,230.934428538,415.457613508));
#1704=DIRECTION('',(0.,-0.,-1.));
#1705=DIRECTION('',(0.,1.,-0.));
#1706=AXIS2_PLACEMENT_3D('',#1703,#1704,#1705);
#1707=CIRCLE('',#1706,14.);
#1708=EDGE_CURVE('',#1694,#1702,#1707,.T.);
#1709=ORIENTED_EDGE('',*,*,#1708,.T.);
#1710=CARTESIAN_POINT('',(262.736503446,258.135438664,415.457613508));
#1711=VERTEX_POINT('',#1710);
#1712=CARTESIAN_POINT('',(262.736503446,230.934428538,415.457613508));
#1713=DIRECTION('',(0.,1.,-0.));
#1714=VECTOR('',#1713,27.201010127);
#1715=LINE('',#1712,#1714);
#1716=EDGE_CURVE('',#1702,#1711,#1715,.T.);
#1717=ORIENTED_EDGE('',*,*,#1716,.T.);
#1718=CARTESIAN_POINT('',(246.736503446,274.135438664,415.457613508));
#1719=VERTEX_POINT('',#1718);
#1720=CARTESIAN_POINT('',(246.736503446,258.135438664,415.457613508));
#1721=DIRECTION('',(-0.,0.,1.));
#1722=DIRECTION('',(0.,1.,-0.));
#1723=AXIS2_PLACEMENT_3D('',#1720,#1721,#1722);
#1724=CIRCLE('',#1723,16.);
#1725=EDGE_CURVE('',#1711,#1719,#1724,.T.);
#1726=ORIENTED_EDGE('',*,*,#1725,.T.);
#1727=CARTESIAN_POINT('',(233.535493319,274.135438664,415.457613508));
#1728=VERTEX_POINT('',#1727);
#1729=CARTESIAN_POINT('',(246.736503446,274.135438664,415.457613508));
#1730=DIRECTION('',(-1.,0.,-0.));
#1731=VECTOR('',#1730,13.201010127);
#1732=LINE('',#1729,#1731);
#1733=EDGE_CURVE('',#1719,#1728,#1732,.T.);
#1734=ORIENTED_EDGE('',*,*,#1733,.T.);
#1735=CARTESIAN_POINT('',(230.707066194,272.963865789,415.457613508));
#1736=VERTEX_POINT('',#1735);
#1737=CARTESIAN_POINT('',(233.535493319,270.135438664,415.457613508));
#1738=DIRECTION('',(-0.,0.,1.));
#1739=DIRECTION('',(0.,1.,-0.));
#1740=AXIS2_PLACEMENT_3D('',#1737,#1738,#1739);
#1741=CIRCLE('',#1740,4.);
#1742=EDGE_CURVE('',#1728,#1736,#1741,.T.);
#1743=ORIENTED_EDGE('',*,*,#1742,.T.);
#1744=CARTESIAN_POINT('',(228.050211945,270.30701154,415.457613508));
#1745=VERTEX_POINT('',#1744);
#1746=CARTESIAN_POINT('',(230.707066194,272.963865789,415.457613508));
#1747=DIRECTION('',(-0.707106781,-0.707106781,0.));
#1748=VECTOR('',#1747,3.757359313);
#1749=LINE('',#1746,#1748);
#1750=EDGE_CURVE('',#1736,#1745,#1749,.T.);
#1751=ORIENTED_EDGE('',*,*,#1750,.T.);
#1752=CARTESIAN_POINT('',(225.22178482,269.135438664,415.457613508));
#1753=VERTEX_POINT('',#1752);
#1754=CARTESIAN_POINT('',(225.22178482,273.135438664,415.457613508));
#1755=DIRECTION('',(0.,-0.,-1.));
#1756=DIRECTION('',(0.,1.,-0.));
#1757=AXIS2_PLACEMENT_3D('',#1754,#1755,#1756);
#1758=CIRCLE('',#1757,4.);
#1759=EDGE_CURVE('',#1745,#1753,#1758,.T.);
#1760=ORIENTED_EDGE('',*,*,#1759,.T.);
#1761=CARTESIAN_POINT('',(68.535493319,269.135438664,415.457613508));
#1762=VERTEX_POINT('',#1761);
#1763=CARTESIAN_POINT('',(225.22178482,269.135438664,415.457613508));
#1764=DIRECTION('',(-1.,0.,0.));
#1765=VECTOR('',#1764,156.686291501);
#1766=LINE('',#1763,#1765);
#1767=EDGE_CURVE('',#1753,#1762,#1766,.T.);
#1768=ORIENTED_EDGE('',*,*,#1767,.T.);
#1769=CARTESIAN_POINT('',(65.707066194,270.30701154,415.457613508));
#1770=VERTEX_POINT('',#1769);
#1771=CARTESIAN_POINT('',(68.535493319,273.135438664,415.457613508));
#1772=DIRECTION('',(0.,-0.,-1.));
#1773=DIRECTION('',(0.,1.,-0.));
#1774=AXIS2_PLACEMENT_3D('',#1771,#1772,#1773);
#1775=CIRCLE('',#1774,4.);
#1776=EDGE_CURVE('',#1762,#1770,#1775,.T.);
#1777=ORIENTED_EDGE('',*,*,#1776,.T.);
#1778=CARTESIAN_POINT('',(63.050211945,272.963865789,415.457613508));
#1779=VERTEX_POINT('',#1778);
#1780=CARTESIAN_POINT('',(63.050211945,272.963865789,415.457613508));
#1781=DIRECTION('',(0.707106781,-0.707106781,0.));
#1782=VECTOR('',#1781,3.757359313);
#1783=LINE('',#1780,#1782);
#1784=EDGE_CURVE('',#1779,#1770,#1783,.T.);
#1785=ORIENTED_EDGE('',*,*,#1784,.F.);
#1786=CARTESIAN_POINT('',(60.22178482,270.135438664,415.457613508));
#1787=DIRECTION('',(-0.,0.,1.));
#1788=DIRECTION('',(0.,1.,-0.));
#1789=AXIS2_PLACEMENT_3D('',#1786,#1787,#1788);
#1790=CIRCLE('',#1789,4.);
#1791=EDGE_CURVE('',#1779,#135,#1790,.T.);
#1792=ORIENTED_EDGE('',*,*,#1791,.T.);
#1793=ORIENTED_EDGE('',*,*,#140,.T.);
#1794=CARTESIAN_POINT('',(30.993219784,258.175142853,415.457613508));
#1795=VERTEX_POINT('',#1794);
#1796=CARTESIAN_POINT('',(46.993170521,258.135438664,415.457613508));
#1797=DIRECTION('',(-0.,0.,1.));
#1798=DIRECTION('',(0.,1.,-0.));
#1799=AXIS2_PLACEMENT_3D('',#1796,#1797,#1798);
#1800=CIRCLE('',#1799,16.);
#1801=EDGE_CURVE('',#127,#1795,#1800,.T.);
#1802=ORIENTED_EDGE('',*,*,#1801,.T.);
#1803=CARTESIAN_POINT('',(30.926335158,231.222048811,415.457613508));
#1804=VERTEX_POINT('',#1803);
#1805=CARTESIAN_POINT('',(30.993219784,258.175142853,415.457613508));
#1806=DIRECTION('',(-0.002481512,-0.999996921,0.));
#1807=VECTOR('',#1806,26.95317703);
#1808=LINE('',#1805,#1807);
#1809=EDGE_CURVE('',#1795,#1804,#1808,.T.);
#1810=ORIENTED_EDGE('',*,*,#1809,.T.);
#1811=CARTESIAN_POINT('',(16.926378264,231.256789975,415.457613508));
#1812=DIRECTION('',(0.,-0.,-1.));
#1813=DIRECTION('',(0.,1.,-0.));
#1814=AXIS2_PLACEMENT_3D('',#1811,#1812,#1813);
#1815=CIRCLE('',#1814,14.);
#1816=EDGE_CURVE('',#1804,#1600,#1815,.T.);
#1817=ORIENTED_EDGE('',*,*,#1816,.T.);
#1818=EDGE_LOOP('',(#1608,#1617,#1626,#1634,#1643,#1650,#1651,#1659,#1665,#1666,#1675,#1683,#1692,#1700,#1709,#1717,#1726,#1734,#1743,#1751,#1760,#1768,#1777,#1785,#1792,#1793,
#1802,#1810,#1817));
#1819=FACE_BOUND('',#1818,.T.);
#1820=ADVANCED_FACE('',(#246,#257,#277,#297,#326,#355,#384,#413,#442,#471,#500,#520,#540,#560,#580,#600,#620,#690,#719,#748,#777,#806,#835,#864,#893,#922,
#951,#980,#1009,#1038,#1067,#1096,#1166,#1236,#1265,#1294,#1323,#1352,#1381,#1410,#1439,#1468,#1497,#1517,#1528,#1598,#1819),#235,.F.);
#1821=CARTESIAN_POINT('',(262.736503446,-75.864561336,410.457613508));
#1822=DIRECTION('',(0.,-0.,-1.));
#1823=DIRECTION('',(0.,1.,-0.));
#1824=AXIS2_PLACEMENT_3D('',#1821,#1822,#1823);
#1825=PLANE('',#1824);
#1826=ORIENTED_EDGE('',*,*,#180,.T.);
#1827=CARTESIAN_POINT('',(-2.7,204.506390038,410.457613508));
#1828=VERTEX_POINT('',#1827);
#1829=CARTESIAN_POINT('',(-2.7,194.506390038,410.457613508));
#1830=DIRECTION('',(0.,-0.,-1.));
#1831=DIRECTION('',(0.,1.,-0.));
#1832=AXIS2_PLACEMENT_3D('',#1829,#1830,#1831);
#1833=CIRCLE('',#1832,10.);
#1834=EDGE_CURVE('',#167,#1828,#1833,.T.);
#1835=ORIENTED_EDGE('',*,*,#1834,.T.);
#1836=CARTESIAN_POINT('',(-2.675184882,204.506359248,410.457613508));
#1837=VERTEX_POINT('',#1836);
#1838=CARTESIAN_POINT('',(-2.7,194.506390038,410.457613508));
#1839=DIRECTION('',(0.,-0.,-1.));
#1840=DIRECTION('',(0.,1.,-0.));
#1841=AXIS2_PLACEMENT_3D('',#1838,#1839,#1840);
#1842=CIRCLE('',#1841,10.);
#1843=EDGE_CURVE('',#1828,#1837,#1842,.T.);
#1844=ORIENTED_EDGE('',*,*,#1843,.T.);
#1845=CARTESIAN_POINT('',(4.060925789,204.489643459,410.457613508));
#1846=VERTEX_POINT('',#1845);
#1847=CARTESIAN_POINT('',(4.060925789,204.489643459,410.457613508));
#1848=DIRECTION('',(-0.999996921,0.002481512,-0.));
#1849=VECTOR('',#1848,6.736131412);
#1850=LINE('',#1847,#1849);
#1851=EDGE_CURVE('',#1846,#1837,#1850,.T.);
#1852=ORIENTED_EDGE('',*,*,#1851,.F.);
#1853=CARTESIAN_POINT('',(4.095666954,204.489600354,410.457613508));
#1854=VERTEX_POINT('',#1853);
#1855=CARTESIAN_POINT('',(4.095666954,218.489600354,410.457613508));
#1856=DIRECTION('',(-0.,0.,1.));
#1857=DIRECTION('',(0.,1.,-0.));
#1858=AXIS2_PLACEMENT_3D('',#1855,#1856,#1857);
#1859=CIRCLE('',#1858,14.);
#1860=EDGE_CURVE('',#1846,#1854,#1859,.T.);
#1861=ORIENTED_EDGE('',*,*,#1860,.T.);
#1862=CARTESIAN_POINT('',(13.970565697,208.565570184,410.457613508));
#1863=VERTEX_POINT('',#1862);
#1864=CARTESIAN_POINT('',(4.095666954,218.489600354,410.457613508));
#1865=DIRECTION('',(-0.,0.,1.));
#1866=DIRECTION('',(0.,1.,-0.));
#1867=AXIS2_PLACEMENT_3D('',#1864,#1865,#1866);
#1868=CIRCLE('',#1867,14.);
#1869=EDGE_CURVE('',#1854,#1863,#1868,.T.);
#1870=ORIENTED_EDGE('',*,*,#1869,.T.);
#1871=CARTESIAN_POINT('',(26.801277007,221.332759806,410.457613508));
#1872=VERTEX_POINT('',#1871);
#1873=CARTESIAN_POINT('',(13.970565697,208.565570184,410.457613508));
#1874=DIRECTION('',(0.708859298,0.70534991,-0.));
#1875=VECTOR('',#1874,18.100505063);
#1876=LINE('',#1873,#1875);
#1877=EDGE_CURVE('',#1863,#1872,#1876,.T.);
#1878=ORIENTED_EDGE('',*,*,#1877,.T.);
#1879=CARTESIAN_POINT('',(30.926335158,231.222048811,410.457613508));
#1880=VERTEX_POINT('',#1879);
#1881=CARTESIAN_POINT('',(16.926378264,231.256789975,410.457613508));
#1882=DIRECTION('',(-0.,0.,1.));
#1883=DIRECTION('',(0.,1.,-0.));
#1884=AXIS2_PLACEMENT_3D('',#1881,#1882,#1883);
#1885=CIRCLE('',#1884,14.);
#1886=EDGE_CURVE('',#1872,#1880,#1885,.T.);
#1887=ORIENTED_EDGE('',*,*,#1886,.T.);
#1888=CARTESIAN_POINT('',(30.993219784,258.175142853,410.457613508));
#1889=VERTEX_POINT('',#1888);
#1890=CARTESIAN_POINT('',(30.993219784,258.175142853,410.457613508));
#1891=DIRECTION('',(-0.002481512,-0.999996921,0.));
#1892=VECTOR('',#1891,26.95317703);
#1893=LINE('',#1890,#1892);
#1894=EDGE_CURVE('',#1889,#1880,#1893,.T.);
#1895=ORIENTED_EDGE('',*,*,#1894,.F.);
#1896=CARTESIAN_POINT('',(46.993170521,258.135438664,410.457613508));
#1897=DIRECTION('',(0.,-0.,-1.));
#1898=DIRECTION('',(0.,1.,-0.));
#1899=AXIS2_PLACEMENT_3D('',#1896,#1897,#1898);
#1900=CIRCLE('',#1899,16.);
#1901=EDGE_CURVE('',#1889,#119,#1900,.T.);
#1902=ORIENTED_EDGE('',*,*,#1901,.T.);
#1903=ORIENTED_EDGE('',*,*,#124,.F.);
#1904=CARTESIAN_POINT('',(63.050211945,272.963865789,410.457613508));
#1905=VERTEX_POINT('',#1904);
#1906=CARTESIAN_POINT('',(60.22178482,270.135438664,410.457613508));
#1907=DIRECTION('',(0.,-0.,-1.));
#1908=DIRECTION('',(0.,1.,-0.));
#1909=AXIS2_PLACEMENT_3D('',#1906,#1907,#1908);
#1910=CIRCLE('',#1909,4.);
#1911=EDGE_CURVE('',#117,#1905,#1910,.T.);
#1912=ORIENTED_EDGE('',*,*,#1911,.T.);
#1913=CARTESIAN_POINT('',(65.707066194,270.30701154,410.457613508));
#1914=VERTEX_POINT('',#1913);
#1915=CARTESIAN_POINT('',(65.707066194,270.30701154,410.457613508));
#1916=DIRECTION('',(-0.707106781,0.707106781,-0.));
#1917=VECTOR('',#1916,3.757359313);
#1918=LINE('',#1915,#1917);
#1919=EDGE_CURVE('',#1914,#1905,#1918,.T.);
#1920=ORIENTED_EDGE('',*,*,#1919,.F.);
#1921=CARTESIAN_POINT('',(68.535493319,269.135438664,410.457613508));
#1922=VERTEX_POINT('',#1921);
#1923=CARTESIAN_POINT('',(68.535493319,273.135438664,410.457613508));
#1924=DIRECTION('',(-0.,0.,1.));
#1925=DIRECTION('',(0.,1.,-0.));
#1926=AXIS2_PLACEMENT_3D('',#1923,#1924,#1925);
#1927=CIRCLE('',#1926,4.);
#1928=EDGE_CURVE('',#1914,#1922,#1927,.T.);
#1929=ORIENTED_EDGE('',*,*,#1928,.T.);
#1930=CARTESIAN_POINT('',(225.22178482,269.135438664,410.457613508));
#1931=VERTEX_POINT('',#1930);
#1932=CARTESIAN_POINT('',(68.535493319,269.135438664,410.457613508));
#1933=DIRECTION('',(1.,0.,-0.));
#1934=VECTOR('',#1933,156.686291501);
#1935=LINE('',#1932,#1934);
#1936=EDGE_CURVE('',#1922,#1931,#1935,.T.);
#1937=ORIENTED_EDGE('',*,*,#1936,.T.);
#1938=CARTESIAN_POINT('',(228.050211945,270.30701154,410.457613508));
#1939=VERTEX_POINT('',#1938);
#1940=CARTESIAN_POINT('',(225.22178482,273.135438664,410.457613508));
#1941=DIRECTION('',(-0.,0.,1.));
#1942=DIRECTION('',(0.,1.,-0.));
#1943=AXIS2_PLACEMENT_3D('',#1940,#1941,#1942);
#1944=CIRCLE('',#1943,4.);
#1945=EDGE_CURVE('',#1931,#1939,#1944,.T.);
#1946=ORIENTED_EDGE('',*,*,#1945,.T.);
#1947=CARTESIAN_POINT('',(230.707066194,272.963865789,410.457613508));
#1948=VERTEX_POINT('',#1947);
#1949=CARTESIAN_POINT('',(228.050211945,270.30701154,410.457613508));
#1950=DIRECTION('',(0.707106781,0.707106781,-0.));
#1951=VECTOR('',#1950,3.757359313);
#1952=LINE('',#1949,#1951);
#1953=EDGE_CURVE('',#1939,#1948,#1952,.T.);
#1954=ORIENTED_EDGE('',*,*,#1953,.T.);
#1955=CARTESIAN_POINT('',(233.535493319,274.135438664,410.457613508));
#1956=VERTEX_POINT('',#1955);
#1957=CARTESIAN_POINT('',(233.535493319,270.135438664,410.457613508));
#1958=DIRECTION('',(0.,-0.,-1.));
#1959=DIRECTION('',(0.,1.,-0.));
#1960=AXIS2_PLACEMENT_3D('',#1957,#1958,#1959);
#1961=CIRCLE('',#1960,4.);
#1962=EDGE_CURVE('',#1948,#1956,#1961,.T.);
#1963=ORIENTED_EDGE('',*,*,#1962,.T.);
#1964=CARTESIAN_POINT('',(246.736503446,274.135438664,410.457613508));
#1965=VERTEX_POINT('',#1964);
#1966=CARTESIAN_POINT('',(246.736503446,274.135438664,410.457613508));
#1967=DIRECTION('',(-1.,0.,-0.));
#1968=VECTOR('',#1967,13.201010127);
#1969=LINE('',#1966,#1968);
#1970=EDGE_CURVE('',#1965,#1956,#1969,.T.);
#1971=ORIENTED_EDGE('',*,*,#1970,.F.);
#1972=CARTESIAN_POINT('',(262.736503446,258.135438664,410.457613508));
#1973=VERTEX_POINT('',#1972);
#1974=CARTESIAN_POINT('',(246.736503446,258.135438664,410.457613508));
#1975=DIRECTION('',(0.,-0.,-1.));
#1976=DIRECTION('',(0.,1.,-0.));
#1977=AXIS2_PLACEMENT_3D('',#1974,#1975,#1976);
#1978=CIRCLE('',#1977,16.);
#1979=EDGE_CURVE('',#1965,#1973,#1978,.T.);
#1980=ORIENTED_EDGE('',*,*,#1979,.T.);
#1981=CARTESIAN_POINT('',(262.736503446,230.934428538,410.457613508));
#1982=VERTEX_POINT('',#1981);
#1983=CARTESIAN_POINT('',(262.736503446,230.934428538,410.457613508));
#1984=DIRECTION('',(0.,1.,-0.));
#1985=VECTOR('',#1984,27.201010127);
#1986=LINE('',#1983,#1985);
#1987=EDGE_CURVE('',#1982,#1973,#1986,.T.);
#1988=ORIENTED_EDGE('',*,*,#1987,.F.);
#1989=CARTESIAN_POINT('',(266.837008509,221.034933601,410.457613508));
#1990=VERTEX_POINT('',#1989);
#1991=CARTESIAN_POINT('',(276.736503446,230.934428538,410.457613508));
#1992=DIRECTION('',(-0.,0.,1.));
#1993=DIRECTION('',(0.,1.,-0.));
#1994=AXIS2_PLACEMENT_3D('',#1991,#1992,#1993);
#1995=CIRCLE('',#1994,14.);
#1996=EDGE_CURVE('',#1982,#1990,#1995,.T.);
#1997=ORIENTED_EDGE('',*,*,#1996,.T.);
#1998=CARTESIAN_POINT('',(279.635998382,208.235943728,410.457613508));
#1999=VERTEX_POINT('',#1998);
#2000=CARTESIAN_POINT('',(266.837008509,221.034933601,410.457613508));
#2001=DIRECTION('',(0.707106781,-0.707106781,0.));
#2002=VECTOR('',#2001,18.100505063);
#2003=LINE('',#2000,#2002);
#2004=EDGE_CURVE('',#1990,#1999,#2003,.T.);
#2005=ORIENTED_EDGE('',*,*,#2004,.T.);
#2006=CARTESIAN_POINT('',(289.535493319,204.135438664,410.457613508));
#2007=VERTEX_POINT('',#2006);
#2008=CARTESIAN_POINT('',(289.535493319,218.135438664,410.457613508));
#2009=DIRECTION('',(-0.,0.,1.));
#2010=DIRECTION('',(0.,1.,-0.));
#2011=AXIS2_PLACEMENT_3D('',#2008,#2009,#2010);
#2012=CIRCLE('',#2011,14.);
#2013=EDGE_CURVE('',#1999,#2007,#2012,.T.);
#2014=ORIENTED_EDGE('',*,*,#2013,.T.);
#2015=CARTESIAN_POINT('',(296.457278139,204.135438664,410.457613508));
#2016=VERTEX_POINT('',#2015);
#2017=CARTESIAN_POINT('',(296.457278139,204.135438664,410.457613508));
#2018=DIRECTION('',(-1.,0.,0.));
#2019=VECTOR('',#2018,6.92178482);
#2020=LINE('',#2017,#2019);
#2021=EDGE_CURVE('',#2016,#2007,#2020,.T.);
#2022=ORIENTED_EDGE('',*,*,#2021,.F.);
#2023=CARTESIAN_POINT('',(296.457278139,194.135438664,410.457613508));
#2024=DIRECTION('',(0.,-0.,-1.));
#2025=DIRECTION('',(0.,1.,-0.));
#2026=AXIS2_PLACEMENT_3D('',#2023,#2024,#2025);
#2027=CIRCLE('',#2026,10.);
#2028=EDGE_CURVE('',#2016,#197,#2027,.T.);
#2029=ORIENTED_EDGE('',*,*,#2028,.T.);
#2030=ORIENTED_EDGE('',*,*,#204,.T.);
#2031=CARTESIAN_POINT('',(-12.700021861,90.135438664,410.457613508));
#2032=VERTEX_POINT('',#2031);
#2033=CARTESIAN_POINT('',(306.457278139,90.135438664,410.457613508));
#2034=DIRECTION('',(-1.,0.,0.));
#2035=VECTOR('',#2034,319.1573);
#2036=LINE('',#2033,#2035);
#2037=EDGE_CURVE('',#199,#2032,#2036,.T.);
#2038=ORIENTED_EDGE('',*,*,#2037,.T.);
#2039=CARTESIAN_POINT('',(-12.700021861,90.135438664,410.457613508));
#2040=DIRECTION('',(0.,1.,-0.));
#2041=VECTOR('',#2040,49.202174843);
#2042=LINE('',#2039,#2041);
#2043=EDGE_CURVE('',#2032,#175,#2042,.T.);
#2044=ORIENTED_EDGE('',*,*,#2043,.T.);
#2045=EDGE_LOOP('',(#1826,#1835,#1844,#1852,#1861,#1870,#1878,#1887,#1895,#1902,#1903,#1912,#1920,#1929,#1937,#1946,#1954,#1963,#1971,#1980,#1988,#1997,#2005,#2014,#2022,#2029,
#2030,#2038,#2044));
#2046=FACE_BOUND('',#2045,.T.);
#2047=CARTESIAN_POINT('',(269.42136093,140.135438664,410.457613508));
#2048=VERTEX_POINT('',#2047);
#2049=CARTESIAN_POINT('',(266.82136093,137.535438664,410.457613508));
#2050=VERTEX_POINT('',#2049);
#2051=CARTESIAN_POINT('',(266.82136093,140.135438664,410.457613508));
#2052=DIRECTION('',(0.,-0.,-1.));
#2053=DIRECTION('',(0.,1.,-0.));
#2054=AXIS2_PLACEMENT_3D('',#2051,#2052,#2053);
#2055=CIRCLE('',#2054,2.6);
#2056=EDGE_CURVE('',#2048,#2050,#2055,.T.);
#2057=ORIENTED_EDGE('',*,*,#2056,.F.);
#2058=CARTESIAN_POINT('',(264.22136093,140.135438664,410.457613508));
#2059=VERTEX_POINT('',#2058);
#2060=CARTESIAN_POINT('',(266.82136093,140.135438664,410.457613508));
#2061=DIRECTION('',(0.,-0.,-1.));
#2062=DIRECTION('',(0.,1.,-0.));
#2063=AXIS2_PLACEMENT_3D('',#2060,#2061,#2062);
#2064=CIRCLE('',#2063,2.6);
#2065=EDGE_CURVE('',#2059,#2048,#2064,.T.);
#2066=ORIENTED_EDGE('',*,*,#2065,.F.);
#2067=CARTESIAN_POINT('',(266.82136093,140.135438664,410.457613508));
#2068=DIRECTION('',(0.,-0.,-1.));
#2069=DIRECTION('',(0.,1.,-0.));
#2070=AXIS2_PLACEMENT_3D('',#2067,#2068,#2069);
#2071=CIRCLE('',#2070,2.6);
#2072=EDGE_CURVE('',#2050,#2059,#2071,.T.);
#2073=ORIENTED_EDGE('',*,*,#2072,.F.);
#2074=EDGE_LOOP('',(#2057,#2066,#2073));
#2075=FACE_BOUND('',#2074,.T.);
#2076=CARTESIAN_POINT('',(269.02136093,164.135438664,410.457613508));
#2077=VERTEX_POINT('',#2076);
#2078=CARTESIAN_POINT('',(266.92136093,162.035438664,410.457613508));
#2079=VERTEX_POINT('',#2078);
#2080=CARTESIAN_POINT('',(266.92136093,164.135438664,410.457613508));
#2081=DIRECTION('',(0.,-0.,-1.));
#2082=DIRECTION('',(0.,1.,-0.));
#2083=AXIS2_PLACEMENT_3D('',#2080,#2081,#2082);
#2084=CIRCLE('',#2083,2.1);
#2085=EDGE_CURVE('',#2077,#2079,#2084,.T.);
#2086=ORIENTED_EDGE('',*,*,#2085,.F.);
#2087=CARTESIAN_POINT('',(264.82136093,164.135438664,410.457613508));
#2088=VERTEX_POINT('',#2087);
#2089=CARTESIAN_POINT('',(266.92136093,164.135438664,410.457613508));
#2090=DIRECTION('',(0.,-0.,-1.));
#2091=DIRECTION('',(0.,1.,-0.));
#2092=AXIS2_PLACEMENT_3D('',#2089,#2090,#2091);
#2093=CIRCLE('',#2092,2.1);
#2094=EDGE_CURVE('',#2088,#2077,#2093,.T.);
#2095=ORIENTED_EDGE('',*,*,#2094,.F.);
#2096=CARTESIAN_POINT('',(266.92136093,164.135438664,410.457613508));
#2097=DIRECTION('',(0.,-0.,-1.));
#2098=DIRECTION('',(0.,1.,-0.));
#2099=AXIS2_PLACEMENT_3D('',#2096,#2097,#2098);
#2100=CIRCLE('',#2099,2.1);
#2101=EDGE_CURVE('',#2079,#2088,#2100,.T.);
#2102=ORIENTED_EDGE('',*,*,#2101,.F.);
#2103=EDGE_LOOP('',(#2086,#2095,#2102));
#2104=FACE_BOUND('',#2103,.T.);
#2105=CARTESIAN_POINT('',(244.52136093,194.135438664,410.457613508));
#2106=VERTEX_POINT('',#2105);
#2107=CARTESIAN_POINT('',(241.92136093,191.535438664,410.457613508));
#2108=VERTEX_POINT('',#2107);
#2109=CARTESIAN_POINT('',(241.92136093,194.135438664,410.457613508));
#2110=DIRECTION('',(0.,-0.,-1.));
#2111=DIRECTION('',(0.,1.,-0.));
#2112=AXIS2_PLACEMENT_3D('',#2109,#2110,#2111);
#2113=CIRCLE('',#2112,2.6);
#2114=EDGE_CURVE('',#2106,#2108,#2113,.T.);
#2115=ORIENTED_EDGE('',*,*,#2114,.F.);
#2116=CARTESIAN_POINT('',(239.32136093,194.135438664,410.457613508));
#2117=VERTEX_POINT('',#2116);
#2118=CARTESIAN_POINT('',(241.92136093,194.135438664,410.457613508));
#2119=DIRECTION('',(0.,-0.,-1.));
#2120=DIRECTION('',(0.,1.,-0.));
#2121=AXIS2_PLACEMENT_3D('',#2118,#2119,#2120);
#2122=CIRCLE('',#2121,2.6);
#2123=EDGE_CURVE('',#2117,#2106,#2122,.T.);
#2124=ORIENTED_EDGE('',*,*,#2123,.F.);
#2125=CARTESIAN_POINT('',(241.92136093,194.135438664,410.457613508));
#2126=DIRECTION('',(0.,-0.,-1.));
#2127=DIRECTION('',(0.,1.,-0.));
#2128=AXIS2_PLACEMENT_3D('',#2125,#2126,#2127);
#2129=CIRCLE('',#2128,2.6);
#2130=EDGE_CURVE('',#2108,#2117,#2129,.T.);
#2131=ORIENTED_EDGE('',*,*,#2130,.F.);
#2132=EDGE_LOOP('',(#2115,#2124,#2131));
#2133=FACE_BOUND('',#2132,.T.);
#2134=CARTESIAN_POINT('',(294.52136093,194.135438664,410.457613508));
#2135=VERTEX_POINT('',#2134);
#2136=CARTESIAN_POINT('',(291.92136093,191.535438664,410.457613508));
#2137=VERTEX_POINT('',#2136);
#2138=CARTESIAN_POINT('',(291.92136093,194.135438664,410.457613508));
#2139=DIRECTION('',(0.,-0.,-1.));
#2140=DIRECTION('',(0.,1.,-0.));
#2141=AXIS2_PLACEMENT_3D('',#2138,#2139,#2140);
#2142=CIRCLE('',#2141,2.6);
#2143=EDGE_CURVE('',#2135,#2137,#2142,.T.);
#2144=ORIENTED_EDGE('',*,*,#2143,.F.);
#2145=CARTESIAN_POINT('',(289.32136093,194.135438664,410.457613508));
#2146=VERTEX_POINT('',#2145);
#2147=CARTESIAN_POINT('',(291.92136093,194.135438664,410.457613508));
#2148=DIRECTION('',(0.,-0.,-1.));
#2149=DIRECTION('',(0.,1.,-0.));
#2150=AXIS2_PLACEMENT_3D('',#2147,#2148,#2149);
#2151=CIRCLE('',#2150,2.6);
#2152=EDGE_CURVE('',#2146,#2135,#2151,.T.);
#2153=ORIENTED_EDGE('',*,*,#2152,.F.);
#2154=CARTESIAN_POINT('',(291.92136093,194.135438664,410.457613508));
#2155=DIRECTION('',(0.,-0.,-1.));
#2156=DIRECTION('',(0.,1.,-0.));
#2157=AXIS2_PLACEMENT_3D('',#2154,#2155,#2156);
#2158=CIRCLE('',#2157,2.6);
#2159=EDGE_CURVE('',#2137,#2146,#2158,.T.);
#2160=ORIENTED_EDGE('',*,*,#2159,.F.);
#2161=EDGE_LOOP('',(#2144,#2153,#2160));
#2162=FACE_BOUND('',#2161,.T.);
#2163=CARTESIAN_POINT('',(244.52136093,134.135438664,410.457613508));
#2164=VERTEX_POINT('',#2163);
#2165=CARTESIAN_POINT('',(241.92136093,131.535438664,410.457613508));
#2166=VERTEX_POINT('',#2165);
#2167=CARTESIAN_POINT('',(241.92136093,134.135438664,410.457613508));
#2168=DIRECTION('',(0.,-0.,-1.));
#2169=DIRECTION('',(0.,1.,-0.));
#2170=AXIS2_PLACEMENT_3D('',#2167,#2168,#2169);
#2171=CIRCLE('',#2170,2.6);
#2172=EDGE_CURVE('',#2164,#2166,#2171,.T.);
#2173=ORIENTED_EDGE('',*,*,#2172,.F.);
#2174=CARTESIAN_POINT('',(239.32136093,134.135438664,410.457613508));
#2175=VERTEX_POINT('',#2174);
#2176=CARTESIAN_POINT('',(241.92136093,134.135438664,410.457613508));
#2177=DIRECTION('',(0.,-0.,-1.));
#2178=DIRECTION('',(0.,1.,-0.));
#2179=AXIS2_PLACEMENT_3D('',#2176,#2177,#2178);
#2180=CIRCLE('',#2179,2.6);
#2181=EDGE_CURVE('',#2175,#2164,#2180,.T.);
#2182=ORIENTED_EDGE('',*,*,#2181,.F.);
#2183=CARTESIAN_POINT('',(241.92136093,134.135438664,410.457613508));
#2184=DIRECTION('',(0.,-0.,-1.));
#2185=DIRECTION('',(0.,1.,-0.));
#2186=AXIS2_PLACEMENT_3D('',#2183,#2184,#2185);
#2187=CIRCLE('',#2186,2.6);
#2188=EDGE_CURVE('',#2166,#2175,#2187,.T.);
#2189=ORIENTED_EDGE('',*,*,#2188,.F.);
#2190=EDGE_LOOP('',(#2173,#2182,#2189));
#2191=FACE_BOUND('',#2190,.T.);
#2192=CARTESIAN_POINT('',(294.52136093,134.135438664,410.457613508));
#2193=VERTEX_POINT('',#2192);
#2194=CARTESIAN_POINT('',(291.92136093,131.535438664,410.457613508));
#2195=VERTEX_POINT('',#2194);
#2196=CARTESIAN_POINT('',(291.92136093,134.135438664,410.457613508));
#2197=DIRECTION('',(0.,-0.,-1.));
#2198=DIRECTION('',(0.,1.,-0.));
#2199=AXIS2_PLACEMENT_3D('',#2196,#2197,#2198);
#2200=CIRCLE('',#2199,2.6);
#2201=EDGE_CURVE('',#2193,#2195,#2200,.T.);
#2202=ORIENTED_EDGE('',*,*,#2201,.F.);
#2203=CARTESIAN_POINT('',(289.32136093,134.135438664,410.457613508));
#2204=VERTEX_POINT('',#2203);
#2205=CARTESIAN_POINT('',(291.92136093,134.135438664,410.457613508));
#2206=DIRECTION('',(0.,-0.,-1.));
#2207=DIRECTION('',(0.,1.,-0.));
#2208=AXIS2_PLACEMENT_3D('',#2205,#2206,#2207);
#2209=CIRCLE('',#2208,2.6);
#2210=EDGE_CURVE('',#2204,#2193,#2209,.T.);
#2211=ORIENTED_EDGE('',*,*,#2210,.F.);
#2212=CARTESIAN_POINT('',(291.92136093,134.135438664,410.457613508));
#2213=DIRECTION('',(0.,-0.,-1.));
#2214=DIRECTION('',(0.,1.,-0.));
#2215=AXIS2_PLACEMENT_3D('',#2212,#2213,#2214);
#2216=CIRCLE('',#2215,2.6);
#2217=EDGE_CURVE('',#2195,#2204,#2216,.T.);
#2218=ORIENTED_EDGE('',*,*,#2217,.F.);
#2219=EDGE_LOOP('',(#2202,#2211,#2218));
#2220=FACE_BOUND('',#2219,.T.);
#2221=CARTESIAN_POINT('',(269.62136093,188.135438664,410.457613508));
#2222=VERTEX_POINT('',#2221);
#2223=CARTESIAN_POINT('',(267.02136093,185.535438664,410.457613508));
#2224=VERTEX_POINT('',#2223);
#2225=CARTESIAN_POINT('',(267.02136093,188.135438664,410.457613508));
#2226=DIRECTION('',(0.,-0.,-1.));
#2227=DIRECTION('',(0.,1.,-0.));
#2228=AXIS2_PLACEMENT_3D('',#2225,#2226,#2227);
#2229=CIRCLE('',#2228,2.6);
#2230=EDGE_CURVE('',#2222,#2224,#2229,.T.);
#2231=ORIENTED_EDGE('',*,*,#2230,.F.);
#2232=CARTESIAN_POINT('',(264.42136093,188.135438664,410.457613508));
#2233=VERTEX_POINT('',#2232);
#2234=CARTESIAN_POINT('',(267.02136093,188.135438664,410.457613508));
#2235=DIRECTION('',(0.,-0.,-1.));
#2236=DIRECTION('',(0.,1.,-0.));
#2237=AXIS2_PLACEMENT_3D('',#2234,#2235,#2236);
#2238=CIRCLE('',#2237,2.6);
#2239=EDGE_CURVE('',#2233,#2222,#2238,.T.);
#2240=ORIENTED_EDGE('',*,*,#2239,.F.);
#2241=CARTESIAN_POINT('',(267.02136093,188.135438664,410.457613508));
#2242=DIRECTION('',(0.,-0.,-1.));
#2243=DIRECTION('',(0.,1.,-0.));
#2244=AXIS2_PLACEMENT_3D('',#2241,#2242,#2243);
#2245=CIRCLE('',#2244,2.6);
#2246=EDGE_CURVE('',#2224,#2233,#2245,.T.);
#2247=ORIENTED_EDGE('',*,*,#2246,.F.);
#2248=EDGE_LOOP('',(#2231,#2240,#2247));
#2249=FACE_BOUND('',#2248,.T.);
#2250=CARTESIAN_POINT('',(129.55,128.807613508,410.457613508));
#2251=VERTEX_POINT('',#2250);
#2252=CARTESIAN_POINT('',(132.95,128.807613508,410.457613508));
#2253=VERTEX_POINT('',#2252);
#2254=CARTESIAN_POINT('',(131.25,128.807613508,410.457613508));
#2255=DIRECTION('',(-0.,0.,1.));
#2256=DIRECTION('',(0.,1.,-0.));
#2257=AXIS2_PLACEMENT_3D('',#2254,#2255,#2256);
#2258=CIRCLE('',#2257,1.7);
#2259=EDGE_CURVE('',#2251,#2253,#2258,.T.);
#2260=ORIENTED_EDGE('',*,*,#2259,.T.);
#2261=CARTESIAN_POINT('',(131.25,128.807613508,410.457613508));
#2262=DIRECTION('',(-0.,0.,1.));
#2263=DIRECTION('',(0.,1.,-0.));
#2264=AXIS2_PLACEMENT_3D('',#2261,#2262,#2263);
#2265=CIRCLE('',#2264,1.7);
#2266=EDGE_CURVE('',#2253,#2251,#2265,.T.);
#2267=ORIENTED_EDGE('',*,*,#2266,.T.);
#2268=EDGE_LOOP('',(#2260,#2267));
#2269=FACE_BOUND('',#2268,.T.);
#2270=CARTESIAN_POINT('',(160.55,128.807613508,410.457613508));
#2271=VERTEX_POINT('',#2270);
#2272=CARTESIAN_POINT('',(163.95,128.807613508,410.457613508));
#2273=VERTEX_POINT('',#2272);
#2274=CARTESIAN_POINT('',(162.25,128.807613508,410.457613508));
#2275=DIRECTION('',(-0.,0.,1.));
#2276=DIRECTION('',(0.,1.,-0.));
#2277=AXIS2_PLACEMENT_3D('',#2274,#2275,#2276);
#2278=CIRCLE('',#2277,1.7);
#2279=EDGE_CURVE('',#2271,#2273,#2278,.T.);
#2280=ORIENTED_EDGE('',*,*,#2279,.T.);
#2281=CARTESIAN_POINT('',(162.25,128.807613508,410.457613508));
#2282=DIRECTION('',(-0.,0.,1.));
#2283=DIRECTION('',(0.,1.,-0.));
#2284=AXIS2_PLACEMENT_3D('',#2281,#2282,#2283);
#2285=CIRCLE('',#2284,1.7);
#2286=EDGE_CURVE('',#2273,#2271,#2285,.T.);
#2287=ORIENTED_EDGE('',*,*,#2286,.T.);
#2288=EDGE_LOOP('',(#2280,#2287));
#2289=FACE_BOUND('',#2288,.T.);
#2290=CARTESIAN_POINT('',(129.55,159.807613508,410.457613508));
#2291=VERTEX_POINT('',#2290);
#2292=CARTESIAN_POINT('',(132.95,159.807613508,410.457613508));
#2293=VERTEX_POINT('',#2292);
#2294=CARTESIAN_POINT('',(131.25,159.807613508,410.457613508));
#2295=DIRECTION('',(-0.,0.,1.));
#2296=DIRECTION('',(0.,1.,-0.));
#2297=AXIS2_PLACEMENT_3D('',#2294,#2295,#2296);
#2298=CIRCLE('',#2297,1.7);
#2299=EDGE_CURVE('',#2291,#2293,#2298,.T.);
#2300=ORIENTED_EDGE('',*,*,#2299,.T.);
#2301=CARTESIAN_POINT('',(131.25,159.807613508,410.457613508));
#2302=DIRECTION('',(-0.,0.,1.));
#2303=DIRECTION('',(0.,1.,-0.));
#2304=AXIS2_PLACEMENT_3D('',#2301,#2302,#2303);
#2305=CIRCLE('',#2304,1.7);
#2306=EDGE_CURVE('',#2293,#2291,#2305,.T.);
#2307=ORIENTED_EDGE('',*,*,#2306,.T.);
#2308=EDGE_LOOP('',(#2300,#2307));
#2309=FACE_BOUND('',#2308,.T.);
#2310=CARTESIAN_POINT('',(160.55,159.807613508,410.457613508));
#2311=VERTEX_POINT('',#2310);
#2312=CARTESIAN_POINT('',(163.95,159.807613508,410.457613508));
#2313=VERTEX_POINT('',#2312);
#2314=CARTESIAN_POINT('',(162.25,159.807613508,410.457613508));
#2315=DIRECTION('',(-0.,0.,1.));
#2316=DIRECTION('',(0.,1.,-0.));
#2317=AXIS2_PLACEMENT_3D('',#2314,#2315,#2316);
#2318=CIRCLE('',#2317,1.7);
#2319=EDGE_CURVE('',#2311,#2313,#2318,.T.);
#2320=ORIENTED_EDGE('',*,*,#2319,.T.);
#2321=CARTESIAN_POINT('',(162.25,159.807613508,410.457613508));
#2322=DIRECTION('',(-0.,0.,1.));
#2323=DIRECTION('',(0.,1.,-0.));
#2324=AXIS2_PLACEMENT_3D('',#2321,#2322,#2323);
#2325=CIRCLE('',#2324,1.7);
#2326=EDGE_CURVE('',#2313,#2311,#2325,.T.);
#2327=ORIENTED_EDGE('',*,*,#2326,.T.);
#2328=EDGE_LOOP('',(#2320,#2327));
#2329=FACE_BOUND('',#2328,.T.);
#2330=CARTESIAN_POINT('',(157.27863907,107.135438664,410.457613508));
#2331=VERTEX_POINT('',#2330);
#2332=CARTESIAN_POINT('',(160.47863907,107.135438664,410.457613508));
#2333=VERTEX_POINT('',#2332);
#2334=CARTESIAN_POINT('',(158.87863907,107.135438664,410.457613508));
#2335=DIRECTION('',(-0.,0.,1.));
#2336=DIRECTION('',(0.,1.,-0.));
#2337=AXIS2_PLACEMENT_3D('',#2334,#2335,#2336);
#2338=CIRCLE('',#2337,1.6);
#2339=EDGE_CURVE('NONE',#2331,#2333,#2338,.T.);
#2340=ORIENTED_EDGE('',*,*,#2339,.T.);
#2341=CARTESIAN_POINT('',(158.87863907,107.135438664,410.457613508));
#2342=DIRECTION('',(-0.,0.,1.));
#2343=DIRECTION('',(0.,1.,-0.));
#2344=AXIS2_PLACEMENT_3D('',#2341,#2342,#2343);
#2345=CIRCLE('',#2344,1.6);
#2346=EDGE_CURVE('',#2333,#2331,#2345,.T.);
#2347=ORIENTED_EDGE('',*,*,#2346,.T.);
#2348=EDGE_LOOP('',(#2340,#2347));
#2349=FACE_BOUND('',#2348,.T.);
#2350=CARTESIAN_POINT('',(145.27863907,95.135438664,410.457613508));
#2351=VERTEX_POINT('',#2350);
#2352=CARTESIAN_POINT('',(146.87863907,93.535438664,410.457613508));
#2353=VERTEX_POINT('',#2352);
#2354=CARTESIAN_POINT('',(146.87863907,95.135438664,410.457613508));
#2355=DIRECTION('',(-0.,0.,1.));
#2356=DIRECTION('',(0.,1.,-0.));
#2357=AXIS2_PLACEMENT_3D('',#2354,#2355,#2356);
#2358=CIRCLE('',#2357,1.6);
#2359=EDGE_CURVE('NONE',#2351,#2353,#2358,.T.);
#2360=ORIENTED_EDGE('',*,*,#2359,.T.);
#2361=CARTESIAN_POINT('',(148.47863907,95.135438664,410.457613508));
#2362=VERTEX_POINT('',#2361);
#2363=CARTESIAN_POINT('',(146.87863907,95.135438664,410.457613508));
#2364=DIRECTION('',(-0.,0.,1.));
#2365=DIRECTION('',(0.,1.,-0.));
#2366=AXIS2_PLACEMENT_3D('',#2363,#2364,#2365);
#2367=CIRCLE('',#2366,1.6);
#2368=EDGE_CURVE('',#2353,#2362,#2367,.T.);
#2369=ORIENTED_EDGE('',*,*,#2368,.T.);
#2370=CARTESIAN_POINT('',(146.87863907,95.135438664,410.457613508));
#2371=DIRECTION('',(-0.,0.,1.));
#2372=DIRECTION('',(0.,1.,-0.));
#2373=AXIS2_PLACEMENT_3D('',#2370,#2371,#2372);
#2374=CIRCLE('',#2373,1.6);
#2375=EDGE_CURVE('',#2362,#2351,#2374,.T.);
#2376=ORIENTED_EDGE('',*,*,#2375,.T.);
#2377=EDGE_LOOP('',(#2360,#2369,#2376));
#2378=FACE_BOUND('',#2377,.T.);
#2379=CARTESIAN_POINT('',(133.27863907,107.135438664,410.457613508));
#2380=VERTEX_POINT('',#2379);
#2381=CARTESIAN_POINT('',(136.47863907,107.135438664,410.457613508));
#2382=VERTEX_POINT('',#2381);
#2383=CARTESIAN_POINT('',(134.87863907,107.135438664,410.457613508));
#2384=DIRECTION('',(-0.,0.,1.));
#2385=DIRECTION('',(0.,1.,-0.));
#2386=AXIS2_PLACEMENT_3D('',#2383,#2384,#2385);
#2387=CIRCLE('',#2386,1.6);
#2388=EDGE_CURVE('NONE',#2380,#2382,#2387,.T.);
#2389=ORIENTED_EDGE('',*,*,#2388,.T.);
#2390=CARTESIAN_POINT('',(134.87863907,107.135438664,410.457613508));
#2391=DIRECTION('',(-0.,0.,1.));
#2392=DIRECTION('',(0.,1.,-0.));
#2393=AXIS2_PLACEMENT_3D('',#2390,#2391,#2392);
#2394=CIRCLE('',#2393,1.6);
#2395=EDGE_CURVE('',#2382,#2380,#2394,.T.);
#2396=ORIENTED_EDGE('',*,*,#2395,.T.);
#2397=EDGE_LOOP('',(#2389,#2396));
#2398=FACE_BOUND('',#2397,.T.);
#2399=CARTESIAN_POINT('',(104.80971406,108.725510707,410.457613508));
#2400=VERTEX_POINT('',#2399);
#2401=CARTESIAN_POINT('',(80.80971406,108.725510707,410.457613508));
#2402=VERTEX_POINT('',#2401);
#2403=CARTESIAN_POINT('',(104.80971406,108.725510707,410.457613508));
#2404=DIRECTION('',(-1.,0.,0.));
#2405=VECTOR('',#2404,24.);
#2406=LINE('',#2403,#2405);
#2407=EDGE_CURVE('',#2400,#2402,#2406,.T.);
#2408=ORIENTED_EDGE('',*,*,#2407,.F.);
#2409=CARTESIAN_POINT('',(107.80971406,111.725510707,410.457613508));
#2410=VERTEX_POINT('',#2409);
#2411=CARTESIAN_POINT('',(104.80971406,111.725510707,410.457613508));
#2412=DIRECTION('',(-0.,0.,1.));
#2413=DIRECTION('',(0.,1.,-0.));
#2414=AXIS2_PLACEMENT_3D('',#2411,#2412,#2413);
#2415=CIRCLE('',#2414,3.);
#2416=EDGE_CURVE('',#2400,#2410,#2415,.T.);
#2417=ORIENTED_EDGE('',*,*,#2416,.T.);
#2418=CARTESIAN_POINT('',(107.80971406,115.725510707,410.457613508));
#2419=VERTEX_POINT('',#2418);
#2420=CARTESIAN_POINT('',(107.80971406,115.725510707,410.457613508));
#2421=DIRECTION('',(0.,-1.,0.));
#2422=VECTOR('',#2421,4.);
#2423=LINE('',#2420,#2422);
#2424=EDGE_CURVE('',#2419,#2410,#2423,.T.);
#2425=ORIENTED_EDGE('',*,*,#2424,.F.);
#2426=CARTESIAN_POINT('',(104.80971406,118.725510707,410.457613508));
#2427=VERTEX_POINT('',#2426);
#2428=CARTESIAN_POINT('',(104.80971406,115.725510707,410.457613508));
#2429=DIRECTION('',(-0.,0.,1.));
#2430=DIRECTION('',(0.,1.,-0.));
#2431=AXIS2_PLACEMENT_3D('',#2428,#2429,#2430);
#2432=CIRCLE('',#2431,3.);
#2433=EDGE_CURVE('',#2419,#2427,#2432,.T.);
#2434=ORIENTED_EDGE('',*,*,#2433,.T.);
#2435=CARTESIAN_POINT('',(80.80971406,118.725510707,410.457613508));
#2436=VERTEX_POINT('',#2435);
#2437=CARTESIAN_POINT('',(80.80971406,118.725510707,410.457613508));
#2438=DIRECTION('',(1.,0.,-0.));
#2439=VECTOR('',#2438,24.);
#2440=LINE('',#2437,#2439);
#2441=EDGE_CURVE('',#2436,#2427,#2440,.T.);
#2442=ORIENTED_EDGE('',*,*,#2441,.F.);
#2443=CARTESIAN_POINT('',(77.80971406,115.725510707,410.457613508));
#2444=VERTEX_POINT('',#2443);
#2445=CARTESIAN_POINT('',(80.80971406,115.725510707,410.457613508));
#2446=DIRECTION('',(-0.,0.,1.));
#2447=DIRECTION('',(0.,1.,-0.));
#2448=AXIS2_PLACEMENT_3D('',#2445,#2446,#2447);
#2449=CIRCLE('',#2448,3.);
#2450=EDGE_CURVE('',#2436,#2444,#2449,.T.);
#2451=ORIENTED_EDGE('',*,*,#2450,.T.);
#2452=CARTESIAN_POINT('',(77.80971406,111.725510707,410.457613508));
#2453=VERTEX_POINT('',#2452);
#2454=CARTESIAN_POINT('',(77.80971406,111.725510707,410.457613508));
#2455=DIRECTION('',(0.,1.,-0.));
#2456=VECTOR('',#2455,4.);
#2457=LINE('',#2454,#2456);
#2458=EDGE_CURVE('',#2453,#2444,#2457,.T.);
#2459=ORIENTED_EDGE('',*,*,#2458,.F.);
#2460=CARTESIAN_POINT('',(80.80971406,111.725510707,410.457613508));
#2461=DIRECTION('',(-0.,0.,1.));
#2462=DIRECTION('',(0.,1.,-0.));
#2463=AXIS2_PLACEMENT_3D('',#2460,#2461,#2462);
#2464=CIRCLE('',#2463,3.);
#2465=EDGE_CURVE('',#2453,#2402,#2464,.T.);
#2466=ORIENTED_EDGE('',*,*,#2465,.T.);
#2467=EDGE_LOOP('',(#2408,#2417,#2425,#2434,#2442,#2451,#2459,#2466));
#2468=FACE_BOUND('',#2467,.T.);
#2469=CARTESIAN_POINT('',(146.87863907,120.735438664,410.457613508));
#2470=VERTEX_POINT('',#2469);
#2471=CARTESIAN_POINT('',(145.27863907,119.135438664,410.457613508));
#2472=VERTEX_POINT('',#2471);
#2473=CARTESIAN_POINT('',(146.87863907,119.135438664,410.457613508));
#2474=DIRECTION('',(-0.,0.,1.));
#2475=DIRECTION('',(0.,1.,-0.));
#2476=AXIS2_PLACEMENT_3D('',#2473,#2474,#2475);
#2477=CIRCLE('',#2476,1.6);
#2478=EDGE_CURVE('NONE',#2470,#2472,#2477,.T.);
#2479=ORIENTED_EDGE('',*,*,#2478,.T.);
#2480=CARTESIAN_POINT('',(148.47863907,119.135438664,410.457613508));
#2481=VERTEX_POINT('',#2480);
#2482=CARTESIAN_POINT('',(146.87863907,119.135438664,410.457613508));
#2483=DIRECTION('',(-0.,0.,1.));
#2484=DIRECTION('',(0.,1.,-0.));
#2485=AXIS2_PLACEMENT_3D('',#2482,#2483,#2484);
#2486=CIRCLE('',#2485,1.6);
#2487=EDGE_CURVE('',#2472,#2481,#2486,.T.);
#2488=ORIENTED_EDGE('',*,*,#2487,.T.);
#2489=CARTESIAN_POINT('',(146.87863907,119.135438664,410.457613508));
#2490=DIRECTION('',(-0.,0.,1.));
#2491=DIRECTION('',(0.,1.,-0.));
#2492=AXIS2_PLACEMENT_3D('',#2489,#2490,#2491);
#2493=CIRCLE('',#2492,1.6);
#2494=EDGE_CURVE('',#2481,#2470,#2493,.T.);
#2495=ORIENTED_EDGE('',*,*,#2494,.T.);
#2496=EDGE_LOOP('',(#2479,#2488,#2495));
#2497=FACE_BOUND('',#2496,.T.);
#2498=CARTESIAN_POINT('',(106.87863907,137.735438664,410.457613508));
#2499=VERTEX_POINT('',#2498);
#2500=CARTESIAN_POINT('',(104.77863907,135.635438664,410.457613508));
#2501=VERTEX_POINT('',#2500);
#2502=CARTESIAN_POINT('',(106.87863907,135.635438664,410.457613508));
#2503=DIRECTION('',(-0.,0.,1.));
#2504=DIRECTION('',(0.,1.,-0.));
#2505=AXIS2_PLACEMENT_3D('',#2502,#2503,#2504);
#2506=CIRCLE('',#2505,2.1);
#2507=EDGE_CURVE('NONE',#2499,#2501,#2506,.T.);
#2508=ORIENTED_EDGE('',*,*,#2507,.T.);
#2509=CARTESIAN_POINT('',(108.97863907,135.635438664,410.457613508));
#2510=VERTEX_POINT('',#2509);
#2511=CARTESIAN_POINT('',(106.87863907,135.635438664,410.457613508));
#2512=DIRECTION('',(-0.,0.,1.));
#2513=DIRECTION('',(0.,1.,-0.));
#2514=AXIS2_PLACEMENT_3D('',#2511,#2512,#2513);
#2515=CIRCLE('',#2514,2.1);
#2516=EDGE_CURVE('',#2501,#2510,#2515,.T.);
#2517=ORIENTED_EDGE('',*,*,#2516,.T.);
#2518=CARTESIAN_POINT('',(106.87863907,135.635438664,410.457613508));
#2519=DIRECTION('',(-0.,0.,1.));
#2520=DIRECTION('',(0.,1.,-0.));
#2521=AXIS2_PLACEMENT_3D('',#2518,#2519,#2520);
#2522=CIRCLE('',#2521,2.1);
#2523=EDGE_CURVE('',#2510,#2499,#2522,.T.);
#2524=ORIENTED_EDGE('',*,*,#2523,.T.);
#2525=EDGE_LOOP('',(#2508,#2517,#2524));
#2526=FACE_BOUND('',#2525,.T.);
#2527=CARTESIAN_POINT('',(186.87863907,137.735438664,410.457613508));
#2528=VERTEX_POINT('',#2527);
#2529=CARTESIAN_POINT('',(184.77863907,135.635438664,410.457613508));
#2530=VERTEX_POINT('',#2529);
#2531=CARTESIAN_POINT('',(186.87863907,135.635438664,410.457613508));
#2532=DIRECTION('',(-0.,0.,1.));
#2533=DIRECTION('',(0.,1.,-0.));
#2534=AXIS2_PLACEMENT_3D('',#2531,#2532,#2533);
#2535=CIRCLE('',#2534,2.1);
#2536=EDGE_CURVE('NONE',#2528,#2530,#2535,.T.);
#2537=ORIENTED_EDGE('',*,*,#2536,.T.);
#2538=CARTESIAN_POINT('',(188.97863907,135.635438664,410.457613508));
#2539=VERTEX_POINT('',#2538);
#2540=CARTESIAN_POINT('',(186.87863907,135.635438664,410.457613508));
#2541=DIRECTION('',(-0.,0.,1.));
#2542=DIRECTION('',(0.,1.,-0.));
#2543=AXIS2_PLACEMENT_3D('',#2540,#2541,#2542);
#2544=CIRCLE('',#2543,2.1);
#2545=EDGE_CURVE('',#2530,#2539,#2544,.T.);
#2546=ORIENTED_EDGE('',*,*,#2545,.T.);
#2547=CARTESIAN_POINT('',(186.87863907,135.635438664,410.457613508));
#2548=DIRECTION('',(-0.,0.,1.));
#2549=DIRECTION('',(0.,1.,-0.));
#2550=AXIS2_PLACEMENT_3D('',#2547,#2548,#2549);
#2551=CIRCLE('',#2550,2.1);
#2552=EDGE_CURVE('',#2539,#2528,#2551,.T.);
#2553=ORIENTED_EDGE('',*,*,#2552,.T.);
#2554=EDGE_LOOP('',(#2537,#2546,#2553));
#2555=FACE_BOUND('',#2554,.T.);
#2556=CARTESIAN_POINT('',(125.87863907,176.735438664,410.457613508));
#2557=VERTEX_POINT('',#2556);
#2558=CARTESIAN_POINT('',(123.27863907,174.135438664,410.457613508));
#2559=VERTEX_POINT('',#2558);
#2560=CARTESIAN_POINT('',(125.87863907,174.135438664,410.457613508));
#2561=DIRECTION('',(-0.,0.,1.));
#2562=DIRECTION('',(0.,1.,-0.));
#2563=AXIS2_PLACEMENT_3D('',#2560,#2561,#2562);
#2564=CIRCLE('',#2563,2.6);
#2565=EDGE_CURVE('NONE',#2557,#2559,#2564,.T.);
#2566=ORIENTED_EDGE('',*,*,#2565,.T.);
#2567=CARTESIAN_POINT('',(128.47863907,174.135438664,410.457613508));
#2568=VERTEX_POINT('',#2567);
#2569=CARTESIAN_POINT('',(125.87863907,174.135438664,410.457613508));
#2570=DIRECTION('',(-0.,0.,1.));
#2571=DIRECTION('',(0.,1.,-0.));
#2572=AXIS2_PLACEMENT_3D('',#2569,#2570,#2571);
#2573=CIRCLE('',#2572,2.6);
#2574=EDGE_CURVE('',#2559,#2568,#2573,.T.);
#2575=ORIENTED_EDGE('',*,*,#2574,.T.);
#2576=CARTESIAN_POINT('',(125.87863907,174.135438664,410.457613508));
#2577=DIRECTION('',(-0.,0.,1.));
#2578=DIRECTION('',(0.,1.,-0.));
#2579=AXIS2_PLACEMENT_3D('',#2576,#2577,#2578);
#2580=CIRCLE('',#2579,2.6);
#2581=EDGE_CURVE('',#2568,#2557,#2580,.T.);
#2582=ORIENTED_EDGE('',*,*,#2581,.T.);
#2583=EDGE_LOOP('',(#2566,#2575,#2582));
#2584=FACE_BOUND('',#2583,.T.);
#2585=CARTESIAN_POINT('',(167.87863907,176.735438664,410.457613508));
#2586=VERTEX_POINT('',#2585);
#2587=CARTESIAN_POINT('',(165.27863907,174.135438664,410.457613508));
#2588=VERTEX_POINT('',#2587);
#2589=CARTESIAN_POINT('',(167.87863907,174.135438664,410.457613508));
#2590=DIRECTION('',(-0.,0.,1.));
#2591=DIRECTION('',(0.,1.,-0.));
#2592=AXIS2_PLACEMENT_3D('',#2589,#2590,#2591);
#2593=CIRCLE('',#2592,2.6);
#2594=EDGE_CURVE('NONE',#2586,#2588,#2593,.T.);
#2595=ORIENTED_EDGE('',*,*,#2594,.T.);
#2596=CARTESIAN_POINT('',(170.47863907,174.135438664,410.457613508));
#2597=VERTEX_POINT('',#2596);
#2598=CARTESIAN_POINT('',(167.87863907,174.135438664,410.457613508));
#2599=DIRECTION('',(-0.,0.,1.));
#2600=DIRECTION('',(0.,1.,-0.));
#2601=AXIS2_PLACEMENT_3D('',#2598,#2599,#2600);
#2602=CIRCLE('',#2601,2.6);
#2603=EDGE_CURVE('',#2588,#2597,#2602,.T.);
#2604=ORIENTED_EDGE('',*,*,#2603,.T.);
#2605=CARTESIAN_POINT('',(167.87863907,174.135438664,410.457613508));
#2606=DIRECTION('',(-0.,0.,1.));
#2607=DIRECTION('',(0.,1.,-0.));
#2608=AXIS2_PLACEMENT_3D('',#2605,#2606,#2607);
#2609=CIRCLE('',#2608,2.6);
#2610=EDGE_CURVE('',#2597,#2586,#2609,.T.);
#2611=ORIENTED_EDGE('',*,*,#2610,.T.);
#2612=EDGE_LOOP('',(#2595,#2604,#2611));
#2613=FACE_BOUND('',#2612,.T.);
#2614=CARTESIAN_POINT('',(66.87863907,196.735438664,410.457613508));
#2615=VERTEX_POINT('',#2614);
#2616=CARTESIAN_POINT('',(64.27863907,194.135438664,410.457613508));
#2617=VERTEX_POINT('',#2616);
#2618=CARTESIAN_POINT('',(66.87863907,194.135438664,410.457613508));
#2619=DIRECTION('',(-0.,0.,1.));
#2620=DIRECTION('',(0.,1.,-0.));
#2621=AXIS2_PLACEMENT_3D('',#2618,#2619,#2620);
#2622=CIRCLE('',#2621,2.6);
#2623=EDGE_CURVE('NONE',#2615,#2617,#2622,.T.);
#2624=ORIENTED_EDGE('',*,*,#2623,.T.);
#2625=CARTESIAN_POINT('',(69.47863907,194.135438664,410.457613508));
#2626=VERTEX_POINT('',#2625);
#2627=CARTESIAN_POINT('',(66.87863907,194.135438664,410.457613508));
#2628=DIRECTION('',(-0.,0.,1.));
#2629=DIRECTION('',(0.,1.,-0.));
#2630=AXIS2_PLACEMENT_3D('',#2627,#2628,#2629);
#2631=CIRCLE('',#2630,2.6);
#2632=EDGE_CURVE('',#2617,#2626,#2631,.T.);
#2633=ORIENTED_EDGE('',*,*,#2632,.T.);
#2634=CARTESIAN_POINT('',(66.87863907,194.135438664,410.457613508));
#2635=DIRECTION('',(-0.,0.,1.));
#2636=DIRECTION('',(0.,1.,-0.));
#2637=AXIS2_PLACEMENT_3D('',#2634,#2635,#2636);
#2638=CIRCLE('',#2637,2.6);
#2639=EDGE_CURVE('',#2626,#2615,#2638,.T.);
#2640=ORIENTED_EDGE('',*,*,#2639,.T.);
#2641=EDGE_LOOP('',(#2624,#2633,#2640));
#2642=FACE_BOUND('',#2641,.T.);
#2643=CARTESIAN_POINT('',(226.87863907,238.735438664,410.457613508));
#2644=VERTEX_POINT('',#2643);
#2645=CARTESIAN_POINT('',(224.27863907,236.135438664,410.457613508));
#2646=VERTEX_POINT('',#2645);
#2647=CARTESIAN_POINT('',(226.87863907,236.135438664,410.457613508));
#2648=DIRECTION('',(-0.,0.,1.));
#2649=DIRECTION('',(0.,1.,-0.));
#2650=AXIS2_PLACEMENT_3D('',#2647,#2648,#2649);
#2651=CIRCLE('',#2650,2.6);
#2652=EDGE_CURVE('NONE',#2644,#2646,#2651,.T.);
#2653=ORIENTED_EDGE('',*,*,#2652,.T.);
#2654=CARTESIAN_POINT('',(229.47863907,236.135438664,410.457613508));
#2655=VERTEX_POINT('',#2654);
#2656=CARTESIAN_POINT('',(226.87863907,236.135438664,410.457613508));
#2657=DIRECTION('',(-0.,0.,1.));
#2658=DIRECTION('',(0.,1.,-0.));
#2659=AXIS2_PLACEMENT_3D('',#2656,#2657,#2658);
#2660=CIRCLE('',#2659,2.6);
#2661=EDGE_CURVE('',#2646,#2655,#2660,.T.);
#2662=ORIENTED_EDGE('',*,*,#2661,.T.);
#2663=CARTESIAN_POINT('',(226.87863907,236.135438664,410.457613508));
#2664=DIRECTION('',(-0.,0.,1.));
#2665=DIRECTION('',(0.,1.,-0.));
#2666=AXIS2_PLACEMENT_3D('',#2663,#2664,#2665);
#2667=CIRCLE('',#2666,2.6);
#2668=EDGE_CURVE('',#2655,#2644,#2667,.T.);
#2669=ORIENTED_EDGE('',*,*,#2668,.T.);
#2670=EDGE_LOOP('',(#2653,#2662,#2669));
#2671=FACE_BOUND('',#2670,.T.);
#2672=CARTESIAN_POINT('',(226.87863907,196.735438664,410.457613508));
#2673=VERTEX_POINT('',#2672);
#2674=CARTESIAN_POINT('',(224.27863907,194.135438664,410.457613508));
#2675=VERTEX_POINT('',#2674);
#2676=CARTESIAN_POINT('',(226.87863907,194.135438664,410.457613508));
#2677=DIRECTION('',(-0.,0.,1.));
#2678=DIRECTION('',(0.,1.,-0.));
#2679=AXIS2_PLACEMENT_3D('',#2676,#2677,#2678);
#2680=CIRCLE('',#2679,2.6);
#2681=EDGE_CURVE('NONE',#2673,#2675,#2680,.T.);
#2682=ORIENTED_EDGE('',*,*,#2681,.T.);
#2683=CARTESIAN_POINT('',(229.47863907,194.135438664,410.457613508));
#2684=VERTEX_POINT('',#2683);
#2685=CARTESIAN_POINT('',(226.87863907,194.135438664,410.457613508));
#2686=DIRECTION('',(-0.,0.,1.));
#2687=DIRECTION('',(0.,1.,-0.));
#2688=AXIS2_PLACEMENT_3D('',#2685,#2686,#2687);
#2689=CIRCLE('',#2688,2.6);
#2690=EDGE_CURVE('',#2675,#2684,#2689,.T.);
#2691=ORIENTED_EDGE('',*,*,#2690,.T.);
#2692=CARTESIAN_POINT('',(226.87863907,194.135438664,410.457613508));
#2693=DIRECTION('',(-0.,0.,1.));
#2694=DIRECTION('',(0.,1.,-0.));
#2695=AXIS2_PLACEMENT_3D('',#2692,#2693,#2694);
#2696=CIRCLE('',#2695,2.6);
#2697=EDGE_CURVE('',#2684,#2673,#2696,.T.);
#2698=ORIENTED_EDGE('',*,*,#2697,.T.);
#2699=EDGE_LOOP('',(#2682,#2691,#2698));
#2700=FACE_BOUND('',#2699,.T.);
#2701=CARTESIAN_POINT('',(167.87863907,121.735438664,410.457613508));
#2702=VERTEX_POINT('',#2701);
#2703=CARTESIAN_POINT('',(165.27863907,119.135438664,410.457613508));
#2704=VERTEX_POINT('',#2703);
#2705=CARTESIAN_POINT('',(167.87863907,119.135438664,410.457613508));
#2706=DIRECTION('',(-0.,0.,1.));
#2707=DIRECTION('',(0.,1.,-0.));
#2708=AXIS2_PLACEMENT_3D('',#2705,#2706,#2707);
#2709=CIRCLE('',#2708,2.6);
#2710=EDGE_CURVE('NONE',#2702,#2704,#2709,.T.);
#2711=ORIENTED_EDGE('',*,*,#2710,.T.);
#2712=CARTESIAN_POINT('',(170.47863907,119.135438664,410.457613508));
#2713=VERTEX_POINT('',#2712);
#2714=CARTESIAN_POINT('',(167.87863907,119.135438664,410.457613508));
#2715=DIRECTION('',(-0.,0.,1.));
#2716=DIRECTION('',(0.,1.,-0.));
#2717=AXIS2_PLACEMENT_3D('',#2714,#2715,#2716);
#2718=CIRCLE('',#2717,2.6);
#2719=EDGE_CURVE('',#2704,#2713,#2718,.T.);
#2720=ORIENTED_EDGE('',*,*,#2719,.T.);
#2721=CARTESIAN_POINT('',(167.87863907,119.135438664,410.457613508));
#2722=DIRECTION('',(-0.,0.,1.));
#2723=DIRECTION('',(0.,1.,-0.));
#2724=AXIS2_PLACEMENT_3D('',#2721,#2722,#2723);
#2725=CIRCLE('',#2724,2.6);
#2726=EDGE_CURVE('',#2713,#2702,#2725,.T.);
#2727=ORIENTED_EDGE('',*,*,#2726,.T.);
#2728=EDGE_LOOP('',(#2711,#2720,#2727));
#2729=FACE_BOUND('',#2728,.T.);
#2730=CARTESIAN_POINT('',(125.87863907,121.735438664,410.457613508));
#2731=VERTEX_POINT('',#2730);
#2732=CARTESIAN_POINT('',(123.27863907,119.135438664,410.457613508));
#2733=VERTEX_POINT('',#2732);
#2734=CARTESIAN_POINT('',(125.87863907,119.135438664,410.457613508));
#2735=DIRECTION('',(-0.,0.,1.));
#2736=DIRECTION('',(0.,1.,-0.));
#2737=AXIS2_PLACEMENT_3D('',#2734,#2735,#2736);
#2738=CIRCLE('',#2737,2.6);
#2739=EDGE_CURVE('NONE',#2731,#2733,#2738,.T.);
#2740=ORIENTED_EDGE('',*,*,#2739,.T.);
#2741=CARTESIAN_POINT('',(128.47863907,119.135438664,410.457613508));
#2742=VERTEX_POINT('',#2741);
#2743=CARTESIAN_POINT('',(125.87863907,119.135438664,410.457613508));
#2744=DIRECTION('',(-0.,0.,1.));
#2745=DIRECTION('',(0.,1.,-0.));
#2746=AXIS2_PLACEMENT_3D('',#2743,#2744,#2745);
#2747=CIRCLE('',#2746,2.6);
#2748=EDGE_CURVE('',#2733,#2742,#2747,.T.);
#2749=ORIENTED_EDGE('',*,*,#2748,.T.);
#2750=CARTESIAN_POINT('',(125.87863907,119.135438664,410.457613508));
#2751=DIRECTION('',(-0.,0.,1.));
#2752=DIRECTION('',(0.,1.,-0.));
#2753=AXIS2_PLACEMENT_3D('',#2750,#2751,#2752);
#2754=CIRCLE('',#2753,2.6);
#2755=EDGE_CURVE('',#2742,#2731,#2754,.T.);
#2756=ORIENTED_EDGE('',*,*,#2755,.T.);
#2757=EDGE_LOOP('',(#2740,#2749,#2756));
#2758=FACE_BOUND('',#2757,.T.);
#2759=CARTESIAN_POINT('',(66.87863907,238.735438664,410.457613508));
#2760=VERTEX_POINT('',#2759);
#2761=CARTESIAN_POINT('',(64.27863907,236.135438664,410.457613508));
#2762=VERTEX_POINT('',#2761);
#2763=CARTESIAN_POINT('',(66.87863907,236.135438664,410.457613508));
#2764=DIRECTION('',(-0.,0.,1.));
#2765=DIRECTION('',(0.,1.,-0.));
#2766=AXIS2_PLACEMENT_3D('',#2763,#2764,#2765);
#2767=CIRCLE('',#2766,2.6);
#2768=EDGE_CURVE('NONE',#2760,#2762,#2767,.T.);
#2769=ORIENTED_EDGE('',*,*,#2768,.T.);
#2770=CARTESIAN_POINT('',(69.47863907,236.135438664,410.457613508));
#2771=VERTEX_POINT('',#2770);
#2772=CARTESIAN_POINT('',(66.87863907,236.135438664,410.457613508));
#2773=DIRECTION('',(-0.,0.,1.));
#2774=DIRECTION('',(0.,1.,-0.));
#2775=AXIS2_PLACEMENT_3D('',#2772,#2773,#2774);
#2776=CIRCLE('',#2775,2.6);
#2777=EDGE_CURVE('',#2762,#2771,#2776,.T.);
#2778=ORIENTED_EDGE('',*,*,#2777,.T.);
#2779=CARTESIAN_POINT('',(66.87863907,236.135438664,410.457613508));
#2780=DIRECTION('',(-0.,0.,1.));
#2781=DIRECTION('',(0.,1.,-0.));
#2782=AXIS2_PLACEMENT_3D('',#2779,#2780,#2781);
#2783=CIRCLE('',#2782,2.6);
#2784=EDGE_CURVE('',#2771,#2760,#2783,.T.);
#2785=ORIENTED_EDGE('',*,*,#2784,.T.);
#2786=EDGE_LOOP('',(#2769,#2778,#2785));
#2787=FACE_BOUND('',#2786,.T.);
#2788=CARTESIAN_POINT('',(186.87863907,174.735438664,410.457613508));
#2789=VERTEX_POINT('',#2788);
#2790=CARTESIAN_POINT('',(184.77863907,172.635438664,410.457613508));
#2791=VERTEX_POINT('',#2790);
#2792=CARTESIAN_POINT('',(186.87863907,172.635438664,410.457613508));
#2793=DIRECTION('',(-0.,0.,1.));
#2794=DIRECTION('',(0.,1.,-0.));
#2795=AXIS2_PLACEMENT_3D('',#2792,#2793,#2794);
#2796=CIRCLE('',#2795,2.1);
#2797=EDGE_CURVE('NONE',#2789,#2791,#2796,.T.);
#2798=ORIENTED_EDGE('',*,*,#2797,.T.);
#2799=CARTESIAN_POINT('',(188.97863907,172.635438664,410.457613508));
#2800=VERTEX_POINT('',#2799);
#2801=CARTESIAN_POINT('',(186.87863907,172.635438664,410.457613508));
#2802=DIRECTION('',(-0.,0.,1.));
#2803=DIRECTION('',(0.,1.,-0.));
#2804=AXIS2_PLACEMENT_3D('',#2801,#2802,#2803);
#2805=CIRCLE('',#2804,2.1);
#2806=EDGE_CURVE('',#2791,#2800,#2805,.T.);
#2807=ORIENTED_EDGE('',*,*,#2806,.T.);
#2808=CARTESIAN_POINT('',(186.87863907,172.635438664,410.457613508));
#2809=DIRECTION('',(-0.,0.,1.));
#2810=DIRECTION('',(0.,1.,-0.));
#2811=AXIS2_PLACEMENT_3D('',#2808,#2809,#2810);
#2812=CIRCLE('',#2811,2.1);
#2813=EDGE_CURVE('',#2800,#2789,#2812,.T.);
#2814=ORIENTED_EDGE('',*,*,#2813,.T.);
#2815=EDGE_LOOP('',(#2798,#2807,#2814));
#2816=FACE_BOUND('',#2815,.T.);
#2817=CARTESIAN_POINT('',(106.87863907,174.735438664,410.457613508));
#2818=VERTEX_POINT('',#2817);
#2819=CARTESIAN_POINT('',(104.77863907,172.635438664,410.457613508));
#2820=VERTEX_POINT('',#2819);
#2821=CARTESIAN_POINT('',(106.87863907,172.635438664,410.457613508));
#2822=DIRECTION('',(-0.,0.,1.));
#2823=DIRECTION('',(0.,1.,-0.));
#2824=AXIS2_PLACEMENT_3D('',#2821,#2822,#2823);
#2825=CIRCLE('',#2824,2.1);
#2826=EDGE_CURVE('NONE',#2818,#2820,#2825,.T.);
#2827=ORIENTED_EDGE('',*,*,#2826,.T.);
#2828=CARTESIAN_POINT('',(108.97863907,172.635438664,410.457613508));
#2829=VERTEX_POINT('',#2828);
#2830=CARTESIAN_POINT('',(106.87863907,172.635438664,410.457613508));
#2831=DIRECTION('',(-0.,0.,1.));
#2832=DIRECTION('',(0.,1.,-0.));
#2833=AXIS2_PLACEMENT_3D('',#2830,#2831,#2832);
#2834=CIRCLE('',#2833,2.1);
#2835=EDGE_CURVE('',#2820,#2829,#2834,.T.);
#2836=ORIENTED_EDGE('',*,*,#2835,.T.);
#2837=CARTESIAN_POINT('',(106.87863907,172.635438664,410.457613508));
#2838=DIRECTION('',(-0.,0.,1.));
#2839=DIRECTION('',(0.,1.,-0.));
#2840=AXIS2_PLACEMENT_3D('',#2837,#2838,#2839);
#2841=CIRCLE('',#2840,2.1);
#2842=EDGE_CURVE('',#2829,#2818,#2841,.T.);
#2843=ORIENTED_EDGE('',*,*,#2842,.T.);
#2844=EDGE_LOOP('',(#2827,#2836,#2843));
#2845=FACE_BOUND('',#2844,.T.);
#2846=CARTESIAN_POINT('',(146.87863907,112.135438664,410.457613508));
#2847=VERTEX_POINT('',#2846);
#2848=CARTESIAN_POINT('',(141.87863907,107.135438664,410.457613508));
#2849=VERTEX_POINT('',#2848);
#2850=CARTESIAN_POINT('',(146.87863907,107.135438664,410.457613508));
#2851=DIRECTION('',(-0.,0.,1.));
#2852=DIRECTION('',(0.,1.,-0.));
#2853=AXIS2_PLACEMENT_3D('',#2850,#2851,#2852);
#2854=CIRCLE('',#2853,5.);
#2855=EDGE_CURVE('NONE',#2847,#2849,#2854,.T.);
#2856=ORIENTED_EDGE('',*,*,#2855,.T.);
#2857=CARTESIAN_POINT('',(151.87863907,107.135438664,410.457613508));
#2858=VERTEX_POINT('',#2857);
#2859=CARTESIAN_POINT('',(146.87863907,107.135438664,410.457613508));
#2860=DIRECTION('',(-0.,0.,1.));
#2861=DIRECTION('',(0.,1.,-0.));
#2862=AXIS2_PLACEMENT_3D('',#2859,#2860,#2861);
#2863=CIRCLE('',#2862,5.);
#2864=EDGE_CURVE('',#2849,#2858,#2863,.T.);
#2865=ORIENTED_EDGE('',*,*,#2864,.T.);
#2866=CARTESIAN_POINT('',(146.87863907,107.135438664,410.457613508));
#2867=DIRECTION('',(-0.,0.,1.));
#2868=DIRECTION('',(0.,1.,-0.));
#2869=AXIS2_PLACEMENT_3D('',#2866,#2867,#2868);
#2870=CIRCLE('',#2869,5.);
#2871=EDGE_CURVE('',#2858,#2847,#2870,.T.);
#2872=ORIENTED_EDGE('',*,*,#2871,.T.);
#2873=EDGE_LOOP('',(#2856,#2865,#2872));
#2874=FACE_BOUND('',#2873,.T.);
#2875=CARTESIAN_POINT('',(106.341299508,187.851167417,410.457613508));
#2876=VERTEX_POINT('',#2875);
#2877=CARTESIAN_POINT('',(106.341299508,250.956944835,410.457613508));
#2878=VERTEX_POINT('',#2877);
#2879=CARTESIAN_POINT('',(106.341299508,187.851167417,410.457613508));
#2880=DIRECTION('',(0.,1.,-0.));
#2881=VECTOR('',#2880,63.105777418);
#2882=LINE('',#2879,#2881);
#2883=EDGE_CURVE('',#2876,#2878,#2882,.T.);
#2884=ORIENTED_EDGE('',*,*,#2883,.T.);
#2885=CARTESIAN_POINT('',(104.341299508,252.956944835,410.457613508));
#2886=VERTEX_POINT('',#2885);
#2887=CARTESIAN_POINT('',(104.341299508,250.956944835,410.457613508));
#2888=DIRECTION('',(-0.,0.,1.));
#2889=DIRECTION('',(0.,1.,-0.));
#2890=AXIS2_PLACEMENT_3D('',#2887,#2888,#2889);
#2891=CIRCLE('',#2890,2.);
#2892=EDGE_CURVE('',#2878,#2886,#2891,.T.);
#2893=ORIENTED_EDGE('',*,*,#2892,.T.);
#2894=CARTESIAN_POINT('',(99.415978631,252.956944835,410.457613508));
#2895=VERTEX_POINT('',#2894);
#2896=CARTESIAN_POINT('',(104.341299508,252.956944835,410.457613508));
#2897=DIRECTION('',(-1.,-0.,0.));
#2898=VECTOR('',#2897,4.925320877);
#2899=LINE('',#2896,#2898);
#2900=EDGE_CURVE('',#2886,#2895,#2899,.T.);
#2901=ORIENTED_EDGE('',*,*,#2900,.T.);
#2902=CARTESIAN_POINT('',(97.415978631,250.956944835,410.457613508));
#2903=VERTEX_POINT('',#2902);
#2904=CARTESIAN_POINT('',(99.415978631,250.956944835,410.457613508));
#2905=DIRECTION('',(-0.,0.,1.));
#2906=DIRECTION('',(0.,1.,-0.));
#2907=AXIS2_PLACEMENT_3D('',#2904,#2905,#2906);
#2908=CIRCLE('',#2907,2.);
#2909=EDGE_CURVE('',#2895,#2903,#2908,.T.);
#2910=ORIENTED_EDGE('',*,*,#2909,.T.);
#2911=CARTESIAN_POINT('',(97.415978631,187.851167417,410.457613508));
#2912=VERTEX_POINT('',#2911);
#2913=CARTESIAN_POINT('',(97.415978631,250.956944835,410.457613508));
#2914=DIRECTION('',(-0.,-1.,0.));
#2915=VECTOR('',#2914,63.105777418);
#2916=LINE('',#2913,#2915);
#2917=EDGE_CURVE('',#2903,#2912,#2916,.T.);
#2918=ORIENTED_EDGE('',*,*,#2917,.T.);
#2919=CARTESIAN_POINT('',(99.415978631,185.851167417,410.457613508));
#2920=VERTEX_POINT('',#2919);
#2921=CARTESIAN_POINT('',(99.415978631,187.851167417,410.457613508));
#2922=DIRECTION('',(-0.,0.,1.));
#2923=DIRECTION('',(0.,1.,-0.));
#2924=AXIS2_PLACEMENT_3D('',#2921,#2922,#2923);
#2925=CIRCLE('',#2924,2.);
#2926=EDGE_CURVE('',#2912,#2920,#2925,.T.);
#2927=ORIENTED_EDGE('',*,*,#2926,.T.);
#2928=CARTESIAN_POINT('',(104.341299508,185.851167417,410.457613508));
#2929=VERTEX_POINT('',#2928);
#2930=CARTESIAN_POINT('',(99.415978631,185.851167417,410.457613508));
#2931=DIRECTION('',(1.,0.,-0.));
#2932=VECTOR('',#2931,4.925320877);
#2933=LINE('',#2930,#2932);
#2934=EDGE_CURVE('',#2920,#2929,#2933,.T.);
#2935=ORIENTED_EDGE('',*,*,#2934,.T.);
#2936=CARTESIAN_POINT('',(104.341299508,187.851167417,410.457613508));
#2937=DIRECTION('',(-0.,0.,1.));
#2938=DIRECTION('',(0.,1.,-0.));
#2939=AXIS2_PLACEMENT_3D('',#2936,#2937,#2938);
#2940=CIRCLE('',#2939,2.);
#2941=EDGE_CURVE('',#2929,#2876,#2940,.T.);
#2942=ORIENTED_EDGE('',*,*,#2941,.T.);
#2943=EDGE_LOOP('',(#2884,#2893,#2901,#2910,#2918,#2927,#2935,#2942));
#2944=FACE_BOUND('',#2943,.T.);
#2945=CARTESIAN_POINT('',(215.947564079,111.725510707,410.457613508));
#2946=VERTEX_POINT('',#2945);
#2947=CARTESIAN_POINT('',(215.947564079,115.725510707,410.457613508));
#2948=VERTEX_POINT('',#2947);
#2949=CARTESIAN_POINT('',(215.947564079,111.725510707,410.457613508));
#2950=DIRECTION('',(0.,1.,-0.));
#2951=VECTOR('',#2950,4.);
#2952=LINE('',#2949,#2951);
#2953=EDGE_CURVE('',#2946,#2948,#2952,.T.);
#2954=ORIENTED_EDGE('',*,*,#2953,.T.);
#2955=CARTESIAN_POINT('',(212.947564079,118.725510707,410.457613508));
#2956=VERTEX_POINT('',#2955);
#2957=CARTESIAN_POINT('',(212.947564079,115.725510707,410.457613508));
#2958=DIRECTION('',(-0.,0.,1.));
#2959=DIRECTION('',(0.,1.,-0.));
#2960=AXIS2_PLACEMENT_3D('',#2957,#2958,#2959);
#2961=CIRCLE('',#2960,3.);
#2962=EDGE_CURVE('',#2948,#2956,#2961,.T.);
#2963=ORIENTED_EDGE('',*,*,#2962,.T.);
#2964=CARTESIAN_POINT('',(188.947564079,118.725510707,410.457613508));
#2965=VERTEX_POINT('',#2964);
#2966=CARTESIAN_POINT('',(212.947564079,118.725510707,410.457613508));
#2967=DIRECTION('',(-1.,0.,0.));
#2968=VECTOR('',#2967,24.);
#2969=LINE('',#2966,#2968);
#2970=EDGE_CURVE('',#2956,#2965,#2969,.T.);
#2971=ORIENTED_EDGE('',*,*,#2970,.T.);
#2972=CARTESIAN_POINT('',(185.947564079,115.725510707,410.457613508));
#2973=VERTEX_POINT('',#2972);
#2974=CARTESIAN_POINT('',(188.947564079,115.725510707,410.457613508));
#2975=DIRECTION('',(-0.,0.,1.));
#2976=DIRECTION('',(0.,1.,-0.));
#2977=AXIS2_PLACEMENT_3D('',#2974,#2975,#2976);
#2978=CIRCLE('',#2977,3.);
#2979=EDGE_CURVE('',#2965,#2973,#2978,.T.);
#2980=ORIENTED_EDGE('',*,*,#2979,.T.);
#2981=CARTESIAN_POINT('',(185.947564079,111.725510707,410.457613508));
#2982=VERTEX_POINT('',#2981);
#2983=CARTESIAN_POINT('',(185.947564079,115.725510707,410.457613508));
#2984=DIRECTION('',(0.,-1.,0.));
#2985=VECTOR('',#2984,4.);
#2986=LINE('',#2983,#2985);
#2987=EDGE_CURVE('',#2973,#2982,#2986,.T.);
#2988=ORIENTED_EDGE('',*,*,#2987,.T.);
#2989=CARTESIAN_POINT('',(188.947564079,108.725510707,410.457613508));
#2990=VERTEX_POINT('',#2989);
#2991=CARTESIAN_POINT('',(188.947564079,111.725510707,410.457613508));
#2992=DIRECTION('',(-0.,0.,1.));
#2993=DIRECTION('',(0.,1.,-0.));
#2994=AXIS2_PLACEMENT_3D('',#2991,#2992,#2993);
#2995=CIRCLE('',#2994,3.);
#2996=EDGE_CURVE('',#2982,#2990,#2995,.T.);
#2997=ORIENTED_EDGE('',*,*,#2996,.T.);
#2998=CARTESIAN_POINT('',(212.947564079,108.725510707,410.457613508));
#2999=VERTEX_POINT('',#2998);
#3000=CARTESIAN_POINT('',(188.947564079,108.725510707,410.457613508));
#3001=DIRECTION('',(1.,0.,-0.));
#3002=VECTOR('',#3001,24.);
#3003=LINE('',#3000,#3002);
#3004=EDGE_CURVE('',#2990,#2999,#3003,.T.);
#3005=ORIENTED_EDGE('',*,*,#3004,.T.);
#3006=CARTESIAN_POINT('',(212.947564079,111.725510707,410.457613508));
#3007=DIRECTION('',(-0.,0.,1.));
#3008=DIRECTION('',(0.,1.,-0.));
#3009=AXIS2_PLACEMENT_3D('',#3006,#3007,#3008);
#3010=CIRCLE('',#3009,3.);
#3011=EDGE_CURVE('',#2999,#2946,#3010,.T.);
#3012=ORIENTED_EDGE('',*,*,#3011,.T.);
#3013=EDGE_LOOP('',(#2954,#2963,#2971,#2980,#2988,#2997,#3005,#3012));
#3014=FACE_BOUND('',#3013,.T.);
#3015=CARTESIAN_POINT('',(245.52136093,164.235438664,410.457613508));
#3016=VERTEX_POINT('',#3015);
#3017=CARTESIAN_POINT('',(242.92136093,161.635438664,410.457613508));
#3018=VERTEX_POINT('',#3017);
#3019=CARTESIAN_POINT('',(242.92136093,164.235438664,410.457613508));
#3020=DIRECTION('',(0.,-0.,-1.));
#3021=DIRECTION('',(0.,1.,-0.));
#3022=AXIS2_PLACEMENT_3D('',#3019,#3020,#3021);
#3023=CIRCLE('',#3022,2.6);
#3024=EDGE_CURVE('',#3016,#3018,#3023,.T.);
#3025=ORIENTED_EDGE('',*,*,#3024,.F.);
#3026=CARTESIAN_POINT('',(240.32136093,164.235438664,410.457613508));
#3027=VERTEX_POINT('',#3026);
#3028=CARTESIAN_POINT('',(242.92136093,164.235438664,410.457613508));
#3029=DIRECTION('',(0.,-0.,-1.));
#3030=DIRECTION('',(0.,1.,-0.));
#3031=AXIS2_PLACEMENT_3D('',#3028,#3029,#3030);
#3032=CIRCLE('',#3031,2.6);
#3033=EDGE_CURVE('',#3027,#3016,#3032,.T.);
#3034=ORIENTED_EDGE('',*,*,#3033,.F.);
#3035=CARTESIAN_POINT('',(242.92136093,164.235438664,410.457613508));
#3036=DIRECTION('',(0.,-0.,-1.));
#3037=DIRECTION('',(0.,1.,-0.));
#3038=AXIS2_PLACEMENT_3D('',#3035,#3036,#3037);
#3039=CIRCLE('',#3038,2.6);
#3040=EDGE_CURVE('',#3018,#3027,#3039,.T.);
#3041=ORIENTED_EDGE('',*,*,#3040,.F.);
#3042=EDGE_LOOP('',(#3025,#3034,#3041));
#3043=FACE_BOUND('',#3042,.T.);
#3044=CARTESIAN_POINT('',(24.335917209,140.135438664,410.457613508));
#3045=VERTEX_POINT('',#3044);
#3046=CARTESIAN_POINT('',(26.935917209,137.535438664,410.457613508));
#3047=VERTEX_POINT('',#3046);
#3048=CARTESIAN_POINT('',(26.935917209,140.135438664,410.457613508));
#3049=DIRECTION('',(-0.,0.,1.));
#3050=DIRECTION('',(0.,1.,-0.));
#3051=AXIS2_PLACEMENT_3D('',#3048,#3049,#3050);
#3052=CIRCLE('',#3051,2.6);
#3053=EDGE_CURVE('',#3045,#3047,#3052,.T.);
#3054=ORIENTED_EDGE('',*,*,#3053,.T.);
#3055=CARTESIAN_POINT('',(29.535917209,140.135438664,410.457613508));
#3056=VERTEX_POINT('',#3055);
#3057=CARTESIAN_POINT('',(26.935917209,140.135438664,410.457613508));
#3058=DIRECTION('',(-0.,0.,1.));
#3059=DIRECTION('',(0.,1.,-0.));
#3060=AXIS2_PLACEMENT_3D('',#3057,#3058,#3059);
#3061=CIRCLE('',#3060,2.6);
#3062=EDGE_CURVE('',#3047,#3056,#3061,.T.);
#3063=ORIENTED_EDGE('',*,*,#3062,.T.);
#3064=CARTESIAN_POINT('',(26.935917209,140.135438664,410.457613508));
#3065=DIRECTION('',(-0.,0.,1.));
#3066=DIRECTION('',(0.,1.,-0.));
#3067=AXIS2_PLACEMENT_3D('',#3064,#3065,#3066);
#3068=CIRCLE('',#3067,2.6);
#3069=EDGE_CURVE('',#3056,#3045,#3068,.T.);
#3070=ORIENTED_EDGE('',*,*,#3069,.T.);
#3071=EDGE_LOOP('',(#3054,#3063,#3070));
#3072=FACE_BOUND('',#3071,.T.);
#3073=CARTESIAN_POINT('',(24.135917209,188.135438664,410.457613508));
#3074=VERTEX_POINT('',#3073);
#3075=CARTESIAN_POINT('',(26.735917209,185.535438664,410.457613508));
#3076=VERTEX_POINT('',#3075);
#3077=CARTESIAN_POINT('',(26.735917209,188.135438664,410.457613508));
#3078=DIRECTION('',(-0.,0.,1.));
#3079=DIRECTION('',(0.,1.,-0.));
#3080=AXIS2_PLACEMENT_3D('',#3077,#3078,#3079);
#3081=CIRCLE('',#3080,2.6);
#3082=EDGE_CURVE('',#3074,#3076,#3081,.T.);
#3083=ORIENTED_EDGE('',*,*,#3082,.T.);
#3084=CARTESIAN_POINT('',(29.335917209,188.135438664,410.457613508));
#3085=VERTEX_POINT('',#3084);
#3086=CARTESIAN_POINT('',(26.735917209,188.135438664,410.457613508));
#3087=DIRECTION('',(-0.,0.,1.));
#3088=DIRECTION('',(0.,1.,-0.));
#3089=AXIS2_PLACEMENT_3D('',#3086,#3087,#3088);
#3090=CIRCLE('',#3089,2.6);
#3091=EDGE_CURVE('',#3076,#3085,#3090,.T.);
#3092=ORIENTED_EDGE('',*,*,#3091,.T.);
#3093=CARTESIAN_POINT('',(26.735917209,188.135438664,410.457613508));
#3094=DIRECTION('',(-0.,0.,1.));
#3095=DIRECTION('',(0.,1.,-0.));
#3096=AXIS2_PLACEMENT_3D('',#3093,#3094,#3095);
#3097=CIRCLE('',#3096,2.6);
#3098=EDGE_CURVE('',#3085,#3074,#3097,.T.);
#3099=ORIENTED_EDGE('',*,*,#3098,.T.);
#3100=EDGE_LOOP('',(#3083,#3092,#3099));
#3101=FACE_BOUND('',#3100,.T.);
#3102=CARTESIAN_POINT('',(48.235917209,164.235438664,410.457613508));
#3103=VERTEX_POINT('',#3102);
#3104=CARTESIAN_POINT('',(50.835917209,161.635438664,410.457613508));
#3105=VERTEX_POINT('',#3104);
#3106=CARTESIAN_POINT('',(50.835917209,164.235438664,410.457613508));
#3107=DIRECTION('',(-0.,0.,1.));
#3108=DIRECTION('',(0.,1.,-0.));
#3109=AXIS2_PLACEMENT_3D('',#3106,#3107,#3108);
#3110=CIRCLE('',#3109,2.6);
#3111=EDGE_CURVE('',#3103,#3105,#3110,.T.);
#3112=ORIENTED_EDGE('',*,*,#3111,.T.);
#3113=CARTESIAN_POINT('',(53.435917209,164.235438664,410.457613508));
#3114=VERTEX_POINT('',#3113);
#3115=CARTESIAN_POINT('',(50.835917209,164.235438664,410.457613508));
#3116=DIRECTION('',(-0.,0.,1.));
#3117=DIRECTION('',(0.,1.,-0.));
#3118=AXIS2_PLACEMENT_3D('',#3115,#3116,#3117);
#3119=CIRCLE('',#3118,2.6);
#3120=EDGE_CURVE('',#3105,#3114,#3119,.T.);
#3121=ORIENTED_EDGE('',*,*,#3120,.T.);
#3122=CARTESIAN_POINT('',(50.835917209,164.235438664,410.457613508));
#3123=DIRECTION('',(-0.,0.,1.));
#3124=DIRECTION('',(0.,1.,-0.));
#3125=AXIS2_PLACEMENT_3D('',#3122,#3123,#3124);
#3126=CIRCLE('',#3125,2.6);
#3127=EDGE_CURVE('',#3114,#3103,#3126,.T.);
#3128=ORIENTED_EDGE('',*,*,#3127,.T.);
#3129=EDGE_LOOP('',(#3112,#3121,#3128));
#3130=FACE_BOUND('',#3129,.T.);
#3131=CARTESIAN_POINT('',(-0.764082791,134.135438664,410.457613508));
#3132=VERTEX_POINT('',#3131);
#3133=CARTESIAN_POINT('',(1.835917209,131.535438664,410.457613508));
#3134=VERTEX_POINT('',#3133);
#3135=CARTESIAN_POINT('',(1.835917209,134.135438664,410.457613508));
#3136=DIRECTION('',(-0.,0.,1.));
#3137=DIRECTION('',(0.,1.,-0.));
#3138=AXIS2_PLACEMENT_3D('',#3135,#3136,#3137);
#3139=CIRCLE('',#3138,2.6);
#3140=EDGE_CURVE('',#3132,#3134,#3139,.T.);
#3141=ORIENTED_EDGE('',*,*,#3140,.T.);
#3142=CARTESIAN_POINT('',(4.435917209,134.135438664,410.457613508));
#3143=VERTEX_POINT('',#3142);
#3144=CARTESIAN_POINT('',(1.835917209,134.135438664,410.457613508));
#3145=DIRECTION('',(-0.,0.,1.));
#3146=DIRECTION('',(0.,1.,-0.));
#3147=AXIS2_PLACEMENT_3D('',#3144,#3145,#3146);
#3148=CIRCLE('',#3147,2.6);
#3149=EDGE_CURVE('',#3134,#3143,#3148,.T.);
#3150=ORIENTED_EDGE('',*,*,#3149,.T.);
#3151=CARTESIAN_POINT('',(1.835917209,134.135438664,410.457613508));
#3152=DIRECTION('',(-0.,0.,1.));
#3153=DIRECTION('',(0.,1.,-0.));
#3154=AXIS2_PLACEMENT_3D('',#3151,#3152,#3153);
#3155=CIRCLE('',#3154,2.6);
#3156=EDGE_CURVE('',#3143,#3132,#3155,.T.);
#3157=ORIENTED_EDGE('',*,*,#3156,.T.);
#3158=EDGE_LOOP('',(#3141,#3150,#3157));
#3159=FACE_BOUND('',#3158,.T.);
#3160=CARTESIAN_POINT('',(24.735917209,164.135438664,410.457613508));
#3161=VERTEX_POINT('',#3160);
#3162=CARTESIAN_POINT('',(26.835917209,162.035438664,410.457613508));
#3163=VERTEX_POINT('',#3162);
#3164=CARTESIAN_POINT('',(26.835917209,164.135438664,410.457613508));
#3165=DIRECTION('',(0.,0.,1.));
#3166=DIRECTION('',(0.,1.,-0.));
#3167=AXIS2_PLACEMENT_3D('',#3164,#3165,#3166);
#3168=CIRCLE('',#3167,2.1);
#3169=EDGE_CURVE('',#3161,#3163,#3168,.T.);
#3170=ORIENTED_EDGE('',*,*,#3169,.T.);
#3171=CARTESIAN_POINT('',(28.935917209,164.135438664,410.457613508));
#3172=VERTEX_POINT('',#3171);
#3173=CARTESIAN_POINT('',(26.835917209,164.135438664,410.457613508));
#3174=DIRECTION('',(0.,0.,1.));
#3175=DIRECTION('',(0.,1.,-0.));
#3176=AXIS2_PLACEMENT_3D('',#3173,#3174,#3175);
#3177=CIRCLE('',#3176,2.1);
#3178=EDGE_CURVE('',#3163,#3172,#3177,.T.);
#3179=ORIENTED_EDGE('',*,*,#3178,.T.);
#3180=CARTESIAN_POINT('',(26.835917209,164.135438664,410.457613508));
#3181=DIRECTION('',(0.,0.,1.));
#3182=DIRECTION('',(0.,1.,-0.));
#3183=AXIS2_PLACEMENT_3D('',#3180,#3181,#3182);
#3184=CIRCLE('',#3183,2.1);
#3185=EDGE_CURVE('',#3172,#3161,#3184,.T.);
#3186=ORIENTED_EDGE('',*,*,#3185,.T.);
#3187=EDGE_LOOP('',(#3170,#3179,#3186));
#3188=FACE_BOUND('',#3187,.T.);
#3189=CARTESIAN_POINT('',(49.235917209,134.135438664,410.457613508));
#3190=VERTEX_POINT('',#3189);
#3191=CARTESIAN_POINT('',(51.835917209,131.535438664,410.457613508));
#3192=VERTEX_POINT('',#3191);
#3193=CARTESIAN_POINT('',(51.835917209,134.135438664,410.457613508));
#3194=DIRECTION('',(-0.,0.,1.));
#3195=DIRECTION('',(0.,1.,-0.));
#3196=AXIS2_PLACEMENT_3D('',#3193,#3194,#3195);
#3197=CIRCLE('',#3196,2.6);
#3198=EDGE_CURVE('',#3190,#3192,#3197,.T.);
#3199=ORIENTED_EDGE('',*,*,#3198,.T.);
#3200=CARTESIAN_POINT('',(54.435917209,134.135438664,410.457613508));
#3201=VERTEX_POINT('',#3200);
#3202=CARTESIAN_POINT('',(51.835917209,134.135438664,410.457613508));
#3203=DIRECTION('',(-0.,0.,1.));
#3204=DIRECTION('',(0.,1.,-0.));
#3205=AXIS2_PLACEMENT_3D('',#3202,#3203,#3204);
#3206=CIRCLE('',#3205,2.6);
#3207=EDGE_CURVE('',#3192,#3201,#3206,.T.);
#3208=ORIENTED_EDGE('',*,*,#3207,.T.);
#3209=CARTESIAN_POINT('',(51.835917209,134.135438664,410.457613508));
#3210=DIRECTION('',(-0.,0.,1.));
#3211=DIRECTION('',(0.,1.,-0.));
#3212=AXIS2_PLACEMENT_3D('',#3209,#3210,#3211);
#3213=CIRCLE('',#3212,2.6);
#3214=EDGE_CURVE('',#3201,#3190,#3213,.T.);
#3215=ORIENTED_EDGE('',*,*,#3214,.T.);
#3216=EDGE_LOOP('',(#3199,#3208,#3215));
#3217=FACE_BOUND('',#3216,.T.);
#3218=CARTESIAN_POINT('',(-0.764082791,194.135438664,410.457613508));
#3219=VERTEX_POINT('',#3218);
#3220=CARTESIAN_POINT('',(1.835917209,191.535438664,410.457613508));
#3221=VERTEX_POINT('',#3220);
#3222=CARTESIAN_POINT('',(1.835917209,194.135438664,410.457613508));
#3223=DIRECTION('',(-0.,0.,1.));
#3224=DIRECTION('',(0.,1.,-0.));
#3225=AXIS2_PLACEMENT_3D('',#3222,#3223,#3224);
#3226=CIRCLE('',#3225,2.6);
#3227=EDGE_CURVE('',#3219,#3221,#3226,.T.);
#3228=ORIENTED_EDGE('',*,*,#3227,.T.);
#3229=CARTESIAN_POINT('',(4.435917209,194.135438664,410.457613508));
#3230=VERTEX_POINT('',#3229);
#3231=CARTESIAN_POINT('',(1.835917209,194.135438664,410.457613508));
#3232=DIRECTION('',(-0.,0.,1.));
#3233=DIRECTION('',(0.,1.,-0.));
#3234=AXIS2_PLACEMENT_3D('',#3231,#3232,#3233);
#3235=CIRCLE('',#3234,2.6);
#3236=EDGE_CURVE('',#3221,#3230,#3235,.T.);
#3237=ORIENTED_EDGE('',*,*,#3236,.T.);
#3238=CARTESIAN_POINT('',(1.835917209,194.135438664,410.457613508));
#3239=DIRECTION('',(-0.,0.,1.));
#3240=DIRECTION('',(0.,1.,-0.));
#3241=AXIS2_PLACEMENT_3D('',#3238,#3239,#3240);
#3242=CIRCLE('',#3241,2.6);
#3243=EDGE_CURVE('',#3230,#3219,#3242,.T.);
#3244=ORIENTED_EDGE('',*,*,#3243,.T.);
#3245=EDGE_LOOP('',(#3228,#3237,#3244));
#3246=FACE_BOUND('',#3245,.T.);
#3247=CARTESIAN_POINT('',(106.87863907,146.135438664,410.457613508));
#3248=VERTEX_POINT('',#3247);
#3249=CARTESIAN_POINT('',(98.87863907,154.135438664,410.457613508));
#3250=VERTEX_POINT('',#3249);
#3251=CARTESIAN_POINT('',(106.87863907,146.135438664,410.457613508));
#3252=CARTESIAN_POINT('',(106.485900128,146.135438664,410.457613508));
#3253=CARTESIAN_POINT('',(106.094501947,146.173960851,410.457613508));
#3254=CARTESIAN_POINT('',(105.703924331,146.212402276,410.457613508));
#3255=CARTESIAN_POINT('',(105.317916493,146.289156421,410.457613508));
#3256=CARTESIAN_POINT('',(104.932987534,146.365696041,410.457613508));
#3257=CARTESIAN_POINT('',(104.556361652,146.479915979,410.457613508));
#3258=CARTESIAN_POINT('',(104.180788425,146.593816675,410.457613508));
#3259=CARTESIAN_POINT('',(103.817171611,146.744402404,410.457613508));
#3260=CARTESIAN_POINT('',(103.454571092,146.894567252,410.457613508));
#3261=CARTESIAN_POINT('',(103.107465175,147.08006855,410.457613508));
#3262=CARTESIAN_POINT('',(102.761329406,147.265051378,410.457613508));
#3263=CARTESIAN_POINT('',(102.434077205,147.483681766,410.457613508));
#3264=CARTESIAN_POINT('',(102.107739663,147.70170109,410.457613508));
#3265=CARTESIAN_POINT('',(101.803492796,147.951355038,410.457613508));
#3266=CARTESIAN_POINT('',(101.500096289,148.200311211,410.457613508));
#3267=CARTESIAN_POINT('',(101.22178482,148.478584415,410.457613508));
#3268=CARTESIAN_POINT('',(100.944251222,148.756079855,410.457613508));
#3269=CARTESIAN_POINT('',(100.694555443,149.060292391,410.457613508));
#3270=CARTESIAN_POINT('',(100.445557554,149.363654664,410.457613508));
#3271=CARTESIAN_POINT('',(100.226882171,149.6908768,410.457613508));
#3272=CARTESIAN_POINT('',(100.008817978,150.017184362,410.457613508));
#3273=CARTESIAN_POINT('',(99.823268955,150.36426477,410.457613508));
#3274=CARTESIAN_POINT('',(99.638238535,150.7103751,410.457613508));
#3275=CARTESIAN_POINT('',(99.487602809,151.073971205,410.457613508));
#3276=CARTESIAN_POINT('',(99.337388106,151.436551072,410.457613508));
#3277=CARTESIAN_POINT('',(99.223116384,151.813161246,410.457613508));
#3278=CARTESIAN_POINT('',(99.109164047,152.188718808,410.457613508));
#3279=CARTESIAN_POINT('',(99.032356826,152.574716088,410.457613508));
#3280=CARTESIAN_POINT('',(98.955764279,152.95963452,410.457613508));
#3281=CARTESIAN_POINT('',(98.917161256,153.351301542,410.457613508));
#3282=CARTESIAN_POINT('',(98.878666127,153.741873868,410.457613508));
#3283=CARTESIAN_POINT('',(98.87863907,154.135438664,410.457613508));
#3284=B_SPLINE_CURVE_WITH_KNOTS('',2,(#3251,#3252,#3253,#3254,#3255,#3256,#3257,#3258,#3259,#3260,#3261,#3262,#3263,#3264,#3265,#3266,#3267,#3268,#3269,#3270,#3271,#3272,#3273,#3274,#3275,#3276,
#3277,#3278,#3279,#3280,#3281,#3282,#3283),.UNSPECIFIED.,.F.,.F.,(3,2,2,2,2,2,2,2,2,2,2,2,2,2,2,2,3),(0.,0.015625,0.03125,0.046875,0.0625,0.078125,0.09375,0.109375,0.125,0.140625,0.15625,0.171875,0.1875,0.203125,0.21875,0.234375,0.25),.UNSPECIFIED.);
#3285=EDGE_CURVE('',#3248,#3250,#3284,.T.);
#3286=ORIENTED_EDGE('',*,*,#3285,.F.);
#3287=CARTESIAN_POINT('',(114.87863907,154.135438664,410.457613508));
#3288=VERTEX_POINT('',#3287);
#3289=CARTESIAN_POINT('',(114.87863907,154.135438664,410.457613508));
#3290=CARTESIAN_POINT('',(114.878666052,153.742973868,410.457613508));
#3291=CARTESIAN_POINT('',(114.840116883,153.351301542,410.457613508));
#3292=CARTESIAN_POINT('',(114.801675458,152.960723926,410.457613508));
#3293=CARTESIAN_POINT('',(114.724921313,152.574716088,410.457613508));
#3294=CARTESIAN_POINT('',(114.648381693,152.189787129,410.457613508));
#3295=CARTESIAN_POINT('',(114.534161755,151.813161246,410.457613508));
#3296=CARTESIAN_POINT('',(114.420261059,151.43758802,410.457613508));
#3297=CARTESIAN_POINT('',(114.26967533,151.073971205,410.457613508));
#3298=CARTESIAN_POINT('',(114.119510483,150.711370688,410.457613508));
#3299=CARTESIAN_POINT('',(113.934009184,150.36426477,410.457613508));
#3300=CARTESIAN_POINT('',(113.749026356,150.018129001,410.457613508));
#3301=CARTESIAN_POINT('',(113.530395968,149.6908768,410.457613508));
#3302=CARTESIAN_POINT('',(113.312376644,149.364539258,410.457613508));
#3303=CARTESIAN_POINT('',(113.062722696,149.060292391,410.457613508));
#3304=CARTESIAN_POINT('',(112.813766523,148.756895884,410.457613508));
#3305=CARTESIAN_POINT('',(112.535493319,148.478584415,410.457613508));
#3306=CARTESIAN_POINT('',(112.257997879,148.201050817,410.457613508));
#3307=CARTESIAN_POINT('',(111.953785343,147.951355038,410.457613508));
#3308=CARTESIAN_POINT('',(111.65042307,147.702357149,410.457613508));
#3309=CARTESIAN_POINT('',(111.323200934,147.483681766,410.457613508));
#3310=CARTESIAN_POINT('',(110.996893372,147.265617573,410.457613508));
#3311=CARTESIAN_POINT('',(110.649812964,147.08006855,410.457613508));
#3312=CARTESIAN_POINT('',(110.303702634,146.895038129,410.457613508));
#3313=CARTESIAN_POINT('',(109.940106529,146.744402404,410.457613508));
#3314=CARTESIAN_POINT('',(109.577526661,146.594187701,410.457613508));
#3315=CARTESIAN_POINT('',(109.200916488,146.479915979,410.457613508));
#3316=CARTESIAN_POINT('',(108.825358926,146.365963642,410.457613508));
#3317=CARTESIAN_POINT('',(108.439361646,146.289156421,410.457613508));
#3318=CARTESIAN_POINT('',(108.054443214,146.212563874,410.457613508));
#3319=CARTESIAN_POINT('',(107.662776192,146.173960851,410.457613508));
#3320=CARTESIAN_POINT('',(107.271929339,146.135438664,410.457613508));
#3321=CARTESIAN_POINT('',(106.87863907,146.135438664,410.457613508));
#3322=B_SPLINE_CURVE_WITH_KNOTS('',2,(#3289,#3290,#3291,#3292,#3293,#3294,#3295,#3296,#3297,#3298,#3299,#3300,#3301,#3302,#3303,#3304,#3305,#3306,#3307,#3308,#3309,#3310,#3311,#3312,#3313,#3314,
#3315,#3316,#3317,#3318,#3319,#3320,#3321),.UNSPECIFIED.,.F.,.F.,(3,2,2,2,2,2,2,2,2,2,2,2,2,2,2,2,3),(0.75,0.765625,0.78125,0.796875,0.8125,0.828125,0.84375,0.859375,0.875,0.890625,0.90625,0.921875,0.9375,0.953125,0.96875,0.984375,1.),.UNSPECIFIED.);
#3323=EDGE_CURVE('',#3288,#3248,#3322,.T.);
#3324=ORIENTED_EDGE('',*,*,#3323,.F.);
#3325=CARTESIAN_POINT('',(98.87863907,154.135438664,410.457613508));
#3326=CARTESIAN_POINT('',(98.878612088,154.527903461,410.457613508));
#3327=CARTESIAN_POINT('',(98.917161256,154.919575787,410.457613508));
#3328=CARTESIAN_POINT('',(98.955602681,155.310153403,410.457613508));
#3329=CARTESIAN_POINT('',(99.032356826,155.696161241,410.457613508));
#3330=CARTESIAN_POINT('',(99.108896446,156.0810902,410.457613508));
#3331=CARTESIAN_POINT('',(99.223116384,156.457716082,410.457613508));
#3332=CARTESIAN_POINT('',(99.33701708,156.833289309,410.457613508));
#3333=CARTESIAN_POINT('',(99.487602809,157.196906123,410.457613508));
#3334=CARTESIAN_POINT('',(99.637767657,157.559506641,410.457613508));
#3335=CARTESIAN_POINT('',(99.823268955,157.906612559,410.457613508));
#3336=CARTESIAN_POINT('',(100.008251783,158.252748327,410.457613508));
#3337=CARTESIAN_POINT('',(100.226882171,158.580000529,410.457613508));
#3338=CARTESIAN_POINT('',(100.444901495,158.906338071,410.457613508));
#3339=CARTESIAN_POINT('',(100.694555443,159.210584938,410.457613508));
#3340=CARTESIAN_POINT('',(100.943511616,159.513981445,410.457613508));
#3341=CARTESIAN_POINT('',(101.22178482,159.792292914,410.457613508));
#3342=CARTESIAN_POINT('',(101.49928026,160.069826512,410.457613508));
#3343=CARTESIAN_POINT('',(101.803492796,160.319522291,410.457613508));
#3344=CARTESIAN_POINT('',(102.106855069,160.56852018,410.457613508));
#3345=CARTESIAN_POINT('',(102.434077205,160.787195563,410.457613508));
#3346=CARTESIAN_POINT('',(102.760384767,161.005259756,410.457613508));
#3347=CARTESIAN_POINT('',(103.107465175,161.190808779,410.457613508));
#3348=CARTESIAN_POINT('',(103.453575505,161.3758392,410.457613508));
#3349=CARTESIAN_POINT('',(103.817171611,161.526474925,410.457613508));
#3350=CARTESIAN_POINT('',(104.179751478,161.676689628,410.457613508));
#3351=CARTESIAN_POINT('',(104.556361652,161.79096135,410.457613508));
#3352=CARTESIAN_POINT('',(104.931919213,161.904913687,410.457613508));
#3353=CARTESIAN_POINT('',(105.317916493,161.981720908,410.457613508));
#3354=CARTESIAN_POINT('',(105.702834925,162.058313455,410.457613508));
#3355=CARTESIAN_POINT('',(106.094501947,162.096916478,410.457613508));
#3356=CARTESIAN_POINT('',(106.485074273,162.135411607,410.457613508));
#3357=CARTESIAN_POINT('',(106.87863907,162.135438664,410.457613508));
#3358=CARTESIAN_POINT('',(107.271103866,162.135465646,410.457613508));
#3359=CARTESIAN_POINT('',(107.662776192,162.096916478,410.457613508));
#3360=CARTESIAN_POINT('',(108.053353808,162.058475053,410.457613508));
#3361=CARTESIAN_POINT('',(108.439361646,161.981720908,410.457613508));
#3362=CARTESIAN_POINT('',(108.824290605,161.905181288,410.457613508));
#3363=CARTESIAN_POINT('',(109.200916488,161.79096135,410.457613508));
#3364=CARTESIAN_POINT('',(109.576489714,161.677060654,410.457613508));
#3365=CARTESIAN_POINT('',(109.940106529,161.526474925,410.457613508));
#3366=CARTESIAN_POINT('',(110.302707047,161.376310077,410.457613508));
#3367=CARTESIAN_POINT('',(110.649812964,161.190808779,410.457613508));
#3368=CARTESIAN_POINT('',(110.995948733,161.005825951,410.457613508));
#3369=CARTESIAN_POINT('',(111.323200934,160.787195563,410.457613508));
#3370=CARTESIAN_POINT('',(111.649538476,160.569176239,410.457613508));
#3371=CARTESIAN_POINT('',(111.953785343,160.319522291,410.457613508));
#3372=CARTESIAN_POINT('',(112.25718185,160.070566118,410.457613508));
#3373=CARTESIAN_POINT('',(112.535493319,159.792292914,410.457613508));
#3374=CARTESIAN_POINT('',(112.813026917,159.514797474,410.457613508));
#3375=CARTESIAN_POINT('',(113.062722696,159.210584938,410.457613508));
#3376=CARTESIAN_POINT('',(113.311720585,158.907222665,410.457613508));
#3377=CARTESIAN_POINT('',(113.530395968,158.580000529,410.457613508));
#3378=CARTESIAN_POINT('',(113.748460161,158.253692967,410.457613508));
#3379=CARTESIAN_POINT('',(113.934009184,157.906612559,410.457613508));
#3380=CARTESIAN_POINT('',(114.119039605,157.560502229,410.457613508));
#3381=CARTESIAN_POINT('',(114.26967533,157.196906123,410.457613508));
#3382=CARTESIAN_POINT('',(114.419890033,156.834326257,410.457613508));
#3383=CARTESIAN_POINT('',(114.534161755,156.457716082,410.457613508));
#3384=CARTESIAN_POINT('',(114.648114092,156.082158521,410.457613508));
#3385=CARTESIAN_POINT('',(114.724921313,155.696161241,410.457613508));
#3386=CARTESIAN_POINT('',(114.80151386,155.311242809,410.457613508));
#3387=CARTESIAN_POINT('',(114.840116883,154.919575787,410.457613508));
#3388=CARTESIAN_POINT('',(114.878612012,154.529003461,410.457613508));
#3389=CARTESIAN_POINT('',(114.87863907,154.135438664,410.457613508));
#3390=B_SPLINE_CURVE_WITH_KNOTS('',2,(#3325,#3326,#3327,#3328,#3329,#3330,#3331,#3332,#3333,#3334,#3335,#3336,#3337,#3338,#3339,#3340,#3341,#3342,#3343,#3344,#3345,#3346,#3347,#3348,#3349,#3350,
#3351,#3352,#3353,#3354,#3355,#3356,#3357,#3358,#3359,#3360,#3361,#3362,#3363,#3364,#3365,#3366,#3367,#3368,#3369,#3370,#3371,#3372,#3373,#3374,#3375,
#3376,#3377,#3378,#3379,#3380,#3381,#3382,#3383,#3384,#3385,#3386,#3387,#3388,#3389),.UNSPECIFIED.,.F.,.F.,(3,2,2,2,2,2,2,2,2,2,2,2,2,2,2,2,2,2,2,2,2,2,2,2,2,2,
2,2,2,2,2,2,3),(0.25,0.265625,0.28125,0.296875,0.3125,0.328125,0.34375,0.359375,0.375,0.390625,0.40625,0.421875,0.4375,0.453125,0.46875,0.484375,0.5,0.515625,0.53125,0.546875,0.5625,0.578125,0.59375,0.609375,0.625,0.640625,
0.65625,0.671875,0.6875,0.703125,0.71875,0.734375,0.75),.UNSPECIFIED.);
#3391=EDGE_CURVE('',#3250,#3288,#3390,.T.);
#3392=ORIENTED_EDGE('',*,*,#3391,.F.);
#3393=EDGE_LOOP('',(#3286,#3324,#3392));
#3394=FACE_BOUND('',#3393,.T.);
#3395=CARTESIAN_POINT('',(146.87863907,136.135438664,410.457613508));
#3396=VERTEX_POINT('',#3395);
#3397=CARTESIAN_POINT('',(138.87863907,144.135438664,410.457613508));
#3398=VERTEX_POINT('',#3397);
#3399=CARTESIAN_POINT('',(146.87863907,136.135438664,410.457613508));
#3400=CARTESIAN_POINT('',(146.485900128,136.135438664,410.457613508));
#3401=CARTESIAN_POINT('',(146.094501947,136.173960851,410.457613508));
#3402=CARTESIAN_POINT('',(145.703924331,136.212402276,410.457613508));
#3403=CARTESIAN_POINT('',(145.317916493,136.289156421,410.457613508));
#3404=CARTESIAN_POINT('',(144.932987534,136.365696041,410.457613508));
#3405=CARTESIAN_POINT('',(144.556361652,136.479915979,410.457613508));
#3406=CARTESIAN_POINT('',(144.180788425,136.593816675,410.457613508));
#3407=CARTESIAN_POINT('',(143.817171611,136.744402404,410.457613508));
#3408=CARTESIAN_POINT('',(143.454571092,136.894567252,410.457613508));
#3409=CARTESIAN_POINT('',(143.107465175,137.08006855,410.457613508));
#3410=CARTESIAN_POINT('',(142.761329406,137.265051378,410.457613508));
#3411=CARTESIAN_POINT('',(142.434077205,137.483681766,410.457613508));
#3412=CARTESIAN_POINT('',(142.107739663,137.70170109,410.457613508));
#3413=CARTESIAN_POINT('',(141.803492796,137.951355038,410.457613508));
#3414=CARTESIAN_POINT('',(141.500096289,138.200311211,410.457613508));
#3415=CARTESIAN_POINT('',(141.22178482,138.478584415,410.457613508));
#3416=CARTESIAN_POINT('',(140.944251222,138.756079855,410.457613508));
#3417=CARTESIAN_POINT('',(140.694555443,139.060292391,410.457613508));
#3418=CARTESIAN_POINT('',(140.445557554,139.363654664,410.457613508));
#3419=CARTESIAN_POINT('',(140.226882171,139.6908768,410.457613508));
#3420=CARTESIAN_POINT('',(140.008817978,140.017184362,410.457613508));
#3421=CARTESIAN_POINT('',(139.823268955,140.36426477,410.457613508));
#3422=CARTESIAN_POINT('',(139.638238535,140.7103751,410.457613508));
#3423=CARTESIAN_POINT('',(139.487602809,141.073971205,410.457613508));
#3424=CARTESIAN_POINT('',(139.337388106,141.436551072,410.457613508));
#3425=CARTESIAN_POINT('',(139.223116384,141.813161246,410.457613508));
#3426=CARTESIAN_POINT('',(139.109164047,142.188718808,410.457613508));
#3427=CARTESIAN_POINT('',(139.032356826,142.574716088,410.457613508));
#3428=CARTESIAN_POINT('',(138.955764279,142.95963452,410.457613508));
#3429=CARTESIAN_POINT('',(138.917161256,143.351301542,410.457613508));
#3430=CARTESIAN_POINT('',(138.878666127,143.741873868,410.457613508));
#3431=CARTESIAN_POINT('',(138.87863907,144.135438664,410.457613508));
#3432=B_SPLINE_CURVE_WITH_KNOTS('',2,(#3399,#3400,#3401,#3402,#3403,#3404,#3405,#3406,#3407,#3408,#3409,#3410,#3411,#3412,#3413,#3414,#3415,#3416,#3417,#3418,#3419,#3420,#3421,#3422,#3423,#3424,
#3425,#3426,#3427,#3428,#3429,#3430,#3431),.UNSPECIFIED.,.F.,.F.,(3,2,2,2,2,2,2,2,2,2,2,2,2,2,2,2,3),(0.,0.015625,0.03125,0.046875,0.0625,0.078125,0.09375,0.109375,0.125,0.140625,0.15625,0.171875,0.1875,0.203125,0.21875,0.234375,0.25),.UNSPECIFIED.);
#3433=EDGE_CURVE('',#3396,#3398,#3432,.T.);
#3434=ORIENTED_EDGE('',*,*,#3433,.F.);
#3435=CARTESIAN_POINT('',(154.87863907,144.135438664,410.457613508));
#3436=VERTEX_POINT('',#3435);
#3437=CARTESIAN_POINT('',(154.87863907,144.135438664,410.457613508));
#3438=CARTESIAN_POINT('',(154.878666052,143.742973868,410.457613508));
#3439=CARTESIAN_POINT('',(154.840116883,143.351301542,410.457613508));
#3440=CARTESIAN_POINT('',(154.801675458,142.960723926,410.457613508));
#3441=CARTESIAN_POINT('',(154.724921313,142.574716088,410.457613508));
#3442=CARTESIAN_POINT('',(154.648381693,142.189787129,410.457613508));
#3443=CARTESIAN_POINT('',(154.534161755,141.813161246,410.457613508));
#3444=CARTESIAN_POINT('',(154.420261059,141.43758802,410.457613508));
#3445=CARTESIAN_POINT('',(154.26967533,141.073971205,410.457613508));
#3446=CARTESIAN_POINT('',(154.119510483,140.711370688,410.457613508));
#3447=CARTESIAN_POINT('',(153.934009184,140.36426477,410.457613508));
#3448=CARTESIAN_POINT('',(153.749026356,140.018129001,410.457613508));
#3449=CARTESIAN_POINT('',(153.530395968,139.6908768,410.457613508));
#3450=CARTESIAN_POINT('',(153.312376644,139.364539258,410.457613508));
#3451=CARTESIAN_POINT('',(153.062722696,139.060292391,410.457613508));
#3452=CARTESIAN_POINT('',(152.813766523,138.756895884,410.457613508));
#3453=CARTESIAN_POINT('',(152.535493319,138.478584415,410.457613508));
#3454=CARTESIAN_POINT('',(152.257997879,138.201050817,410.457613508));
#3455=CARTESIAN_POINT('',(151.953785343,137.951355038,410.457613508));
#3456=CARTESIAN_POINT('',(151.65042307,137.702357149,410.457613508));
#3457=CARTESIAN_POINT('',(151.323200934,137.483681766,410.457613508));
#3458=CARTESIAN_POINT('',(150.996893372,137.265617573,410.457613508));
#3459=CARTESIAN_POINT('',(150.649812964,137.08006855,410.457613508));
#3460=CARTESIAN_POINT('',(150.303702634,136.895038129,410.457613508));
#3461=CARTESIAN_POINT('',(149.940106529,136.744402404,410.457613508));
#3462=CARTESIAN_POINT('',(149.577526661,136.594187701,410.457613508));
#3463=CARTESIAN_POINT('',(149.200916488,136.479915979,410.457613508));
#3464=CARTESIAN_POINT('',(148.825358926,136.365963642,410.457613508));
#3465=CARTESIAN_POINT('',(148.439361646,136.289156421,410.457613508));
#3466=CARTESIAN_POINT('',(148.054443214,136.212563874,410.457613508));
#3467=CARTESIAN_POINT('',(147.662776192,136.173960851,410.457613508));
#3468=CARTESIAN_POINT('',(147.271929339,136.135438664,410.457613508));
#3469=CARTESIAN_POINT('',(146.87863907,136.135438664,410.457613508));
#3470=B_SPLINE_CURVE_WITH_KNOTS('',2,(#3437,#3438,#3439,#3440,#3441,#3442,#3443,#3444,#3445,#3446,#3447,#3448,#3449,#3450,#3451,#3452,#3453,#3454,#3455,#3456,#3457,#3458,#3459,#3460,#3461,#3462,
#3463,#3464,#3465,#3466,#3467,#3468,#3469),.UNSPECIFIED.,.F.,.F.,(3,2,2,2,2,2,2,2,2,2,2,2,2,2,2,2,3),(0.75,0.765625,0.78125,0.796875,0.8125,0.828125,0.84375,0.859375,0.875,0.890625,0.90625,0.921875,0.9375,0.953125,0.96875,0.984375,1.),.UNSPECIFIED.);
#3471=EDGE_CURVE('',#3436,#3396,#3470,.T.);
#3472=ORIENTED_EDGE('',*,*,#3471,.F.);
#3473=CARTESIAN_POINT('',(138.87863907,144.135438664,410.457613508));
#3474=CARTESIAN_POINT('',(138.878612088,144.52790346,410.457613508));
#3475=CARTESIAN_POINT('',(138.917161256,144.919575787,410.457613508));
#3476=CARTESIAN_POINT('',(138.955602681,145.310153403,410.457613508));
#3477=CARTESIAN_POINT('',(139.032356826,145.696161241,410.457613508));
#3478=CARTESIAN_POINT('',(139.108896446,146.0810902,410.457613508));
#3479=CARTESIAN_POINT('',(139.223116384,146.457716082,410.457613508));
#3480=CARTESIAN_POINT('',(139.33701708,146.833289309,410.457613508));
#3481=CARTESIAN_POINT('',(139.487602809,147.196906123,410.457613508));
#3482=CARTESIAN_POINT('',(139.637767657,147.559506641,410.457613508));
#3483=CARTESIAN_POINT('',(139.823268955,147.906612559,410.457613508));
#3484=CARTESIAN_POINT('',(140.008251783,148.252748327,410.457613508));
#3485=CARTESIAN_POINT('',(140.226882171,148.580000529,410.457613508));
#3486=CARTESIAN_POINT('',(140.444901495,148.906338071,410.457613508));
#3487=CARTESIAN_POINT('',(140.694555443,149.210584938,410.457613508));
#3488=CARTESIAN_POINT('',(140.943511617,149.513981445,410.457613508));
#3489=CARTESIAN_POINT('',(141.22178482,149.792292914,410.457613508));
#3490=CARTESIAN_POINT('',(141.49928026,150.069826512,410.457613508));
#3491=CARTESIAN_POINT('',(141.803492796,150.319522291,410.457613508));
#3492=CARTESIAN_POINT('',(142.106855069,150.56852018,410.457613508));
#3493=CARTESIAN_POINT('',(142.434077205,150.787195563,410.457613508));
#3494=CARTESIAN_POINT('',(142.760384767,151.005259756,410.457613508));
#3495=CARTESIAN_POINT('',(143.107465175,151.190808779,410.457613508));
#3496=CARTESIAN_POINT('',(143.453575505,151.375839199,410.457613508));
#3497=CARTESIAN_POINT('',(143.817171611,151.526474925,410.457613508));
#3498=CARTESIAN_POINT('',(144.179751478,151.676689628,410.457613508));
#3499=CARTESIAN_POINT('',(144.556361652,151.79096135,410.457613508));
#3500=CARTESIAN_POINT('',(144.931919213,151.904913687,410.457613508));
#3501=CARTESIAN_POINT('',(145.317916493,151.981720908,410.457613508));
#3502=CARTESIAN_POINT('',(145.702834925,152.058313455,410.457613508));
#3503=CARTESIAN_POINT('',(146.094501947,152.096916478,410.457613508));
#3504=CARTESIAN_POINT('',(146.485074273,152.135411607,410.457613508));
#3505=CARTESIAN_POINT('',(146.87863907,152.135438664,410.457613508));
#3506=CARTESIAN_POINT('',(147.271103866,152.135465646,410.457613508));
#3507=CARTESIAN_POINT('',(147.662776192,152.096916478,410.457613508));
#3508=CARTESIAN_POINT('',(148.053353808,152.058475053,410.457613508));
#3509=CARTESIAN_POINT('',(148.439361646,151.981720908,410.457613508));
#3510=CARTESIAN_POINT('',(148.824290605,151.905181288,410.457613508));
#3511=CARTESIAN_POINT('',(149.200916488,151.79096135,410.457613508));
#3512=CARTESIAN_POINT('',(149.576489714,151.677060654,410.457613508));
#3513=CARTESIAN_POINT('',(149.940106529,151.526474925,410.457613508));
#3514=CARTESIAN_POINT('',(150.302707047,151.376310077,410.457613508));
#3515=CARTESIAN_POINT('',(150.649812964,151.190808779,410.457613508));
#3516=CARTESIAN_POINT('',(150.995948733,151.005825951,410.457613508));
#3517=CARTESIAN_POINT('',(151.323200934,150.787195563,410.457613508));
#3518=CARTESIAN_POINT('',(151.649538476,150.569176239,410.457613508));
#3519=CARTESIAN_POINT('',(151.953785343,150.319522291,410.457613508));
#3520=CARTESIAN_POINT('',(152.25718185,150.070566118,410.457613508));
#3521=CARTESIAN_POINT('',(152.535493319,149.792292914,410.457613508));
#3522=CARTESIAN_POINT('',(152.813026917,149.514797474,410.457613508));
#3523=CARTESIAN_POINT('',(153.062722696,149.210584938,410.457613508));
#3524=CARTESIAN_POINT('',(153.311720585,148.907222665,410.457613508));
#3525=CARTESIAN_POINT('',(153.530395968,148.580000529,410.457613508));
#3526=CARTESIAN_POINT('',(153.748460161,148.253692967,410.457613508));
#3527=CARTESIAN_POINT('',(153.934009184,147.906612559,410.457613508));
#3528=CARTESIAN_POINT('',(154.119039604,147.560502229,410.457613508));
#3529=CARTESIAN_POINT('',(154.26967533,147.196906123,410.457613508));
#3530=CARTESIAN_POINT('',(154.419890033,146.834326257,410.457613508));
#3531=CARTESIAN_POINT('',(154.534161755,146.457716082,410.457613508));
#3532=CARTESIAN_POINT('',(154.648114092,146.082158521,410.457613508));
#3533=CARTESIAN_POINT('',(154.724921313,145.696161241,410.457613508));
#3534=CARTESIAN_POINT('',(154.80151386,145.311242809,410.457613508));
#3535=CARTESIAN_POINT('',(154.840116883,144.919575787,410.457613508));
#3536=CARTESIAN_POINT('',(154.878612012,144.529003461,410.457613508));
#3537=CARTESIAN_POINT('',(154.87863907,144.135438664,410.457613508));
#3538=B_SPLINE_CURVE_WITH_KNOTS('',2,(#3473,#3474,#3475,#3476,#3477,#3478,#3479,#3480,#3481,#3482,#3483,#3484,#3485,#3486,#3487,#3488,#3489,#3490,#3491,#3492,#3493,#3494,#3495,#3496,#3497,#3498,
#3499,#3500,#3501,#3502,#3503,#3504,#3505,#3506,#3507,#3508,#3509,#3510,#3511,#3512,#3513,#3514,#3515,#3516,#3517,#3518,#3519,#3520,#3521,#3522,#3523,
#3524,#3525,#3526,#3527,#3528,#3529,#3530,#3531,#3532,#3533,#3534,#3535,#3536,#3537),.UNSPECIFIED.,.F.,.F.,(3,2,2,2,2,2,2,2,2,2,2,2,2,2,2,2,2,2,2,2,2,2,2,2,2,2,
2,2,2,2,2,2,3),(0.25,0.265625,0.28125,0.296875,0.3125,0.328125,0.34375,0.359375,0.375,0.390625,0.40625,0.421875,0.4375,0.453125,0.46875,0.484375,0.5,0.515625,0.53125,0.546875,0.5625,0.578125,0.59375,0.609375,0.625,0.640625,
0.65625,0.671875,0.6875,0.703125,0.71875,0.734375,0.75),.UNSPECIFIED.);
#3539=EDGE_CURVE('',#3398,#3436,#3538,.T.);
#3540=ORIENTED_EDGE('',*,*,#3539,.F.);
#3541=EDGE_LOOP('',(#3434,#3472,#3540));
#3542=FACE_BOUND('',#3541,.T.);
#3543=CARTESIAN_POINT('',(186.87863907,146.135438664,410.457613508));
#3544=VERTEX_POINT('',#3543);
#3545=CARTESIAN_POINT('',(178.87863907,154.135438664,410.457613508));
#3546=VERTEX_POINT('',#3545);
#3547=CARTESIAN_POINT('',(186.87863907,146.135438664,410.457613508));
#3548=CARTESIAN_POINT('',(186.485900128,146.135438664,410.457613508));
#3549=CARTESIAN_POINT('',(186.094501947,146.173960851,410.457613508));
#3550=CARTESIAN_POINT('',(185.703924331,146.212402276,410.457613508));
#3551=CARTESIAN_POINT('',(185.317916493,146.289156421,410.457613508));
#3552=CARTESIAN_POINT('',(184.932987534,146.365696041,410.457613508));
#3553=CARTESIAN_POINT('',(184.556361652,146.479915979,410.457613508));
#3554=CARTESIAN_POINT('',(184.180788425,146.593816675,410.457613508));
#3555=CARTESIAN_POINT('',(183.817171611,146.744402404,410.457613508));
#3556=CARTESIAN_POINT('',(183.454571093,146.894567252,410.457613508));
#3557=CARTESIAN_POINT('',(183.107465175,147.08006855,410.457613508));
#3558=CARTESIAN_POINT('',(182.761329406,147.265051378,410.457613508));
#3559=CARTESIAN_POINT('',(182.434077205,147.483681766,410.457613508));
#3560=CARTESIAN_POINT('',(182.107739663,147.70170109,410.457613508));
#3561=CARTESIAN_POINT('',(181.803492796,147.951355038,410.457613508));
#3562=CARTESIAN_POINT('',(181.500096289,148.200311211,410.457613508));
#3563=CARTESIAN_POINT('',(181.22178482,148.478584415,410.457613508));
#3564=CARTESIAN_POINT('',(180.944251222,148.756079855,410.457613508));
#3565=CARTESIAN_POINT('',(180.694555443,149.060292391,410.457613508));
#3566=CARTESIAN_POINT('',(180.445557554,149.363654664,410.457613508));
#3567=CARTESIAN_POINT('',(180.226882171,149.6908768,410.457613508));
#3568=CARTESIAN_POINT('',(180.008817978,150.017184362,410.457613508));
#3569=CARTESIAN_POINT('',(179.823268955,150.36426477,410.457613508));
#3570=CARTESIAN_POINT('',(179.638238535,150.7103751,410.457613508));
#3571=CARTESIAN_POINT('',(179.487602809,151.073971205,410.457613508));
#3572=CARTESIAN_POINT('',(179.337388106,151.436551073,410.457613508));
#3573=CARTESIAN_POINT('',(179.223116384,151.813161246,410.457613508));
#3574=CARTESIAN_POINT('',(179.109164047,152.188718808,410.457613508));
#3575=CARTESIAN_POINT('',(179.032356826,152.574716088,410.457613508));
#3576=CARTESIAN_POINT('',(178.955764279,152.95963452,410.457613508));
#3577=CARTESIAN_POINT('',(178.917161256,153.351301542,410.457613508));
#3578=CARTESIAN_POINT('',(178.878666127,153.741873868,410.457613508));
#3579=CARTESIAN_POINT('',(178.87863907,154.135438664,410.457613508));
#3580=B_SPLINE_CURVE_WITH_KNOTS('',2,(#3547,#3548,#3549,#3550,#3551,#3552,#3553,#3554,#3555,#3556,#3557,#3558,#3559,#3560,#3561,#3562,#3563,#3564,#3565,#3566,#3567,#3568,#3569,#3570,#3571,#3572,
#3573,#3574,#3575,#3576,#3577,#3578,#3579),.UNSPECIFIED.,.F.,.F.,(3,2,2,2,2,2,2,2,2,2,2,2,2,2,2,2,3),(0.,0.015625,0.03125,0.046875,0.0625,0.078125,0.09375,0.109375,0.125,0.140625,0.15625,0.171875,0.1875,0.203125,0.21875,0.234375,0.25),.UNSPECIFIED.);
#3581=EDGE_CURVE('',#3544,#3546,#3580,.T.);
#3582=ORIENTED_EDGE('',*,*,#3581,.F.);
#3583=CARTESIAN_POINT('',(194.87863907,154.135438664,410.457613508));
#3584=VERTEX_POINT('',#3583);
#3585=CARTESIAN_POINT('',(194.87863907,154.135438664,410.457613508));
#3586=CARTESIAN_POINT('',(194.878666052,153.742973868,410.457613508));
#3587=CARTESIAN_POINT('',(194.840116883,153.351301542,410.457613508));
#3588=CARTESIAN_POINT('',(194.801675458,152.960723926,410.457613508));
#3589=CARTESIAN_POINT('',(194.724921313,152.574716088,410.457613508));
#3590=CARTESIAN_POINT('',(194.648381693,152.189787129,410.457613508));
#3591=CARTESIAN_POINT('',(194.534161755,151.813161246,410.457613508));
#3592=CARTESIAN_POINT('',(194.420261059,151.43758802,410.457613508));
#3593=CARTESIAN_POINT('',(194.26967533,151.073971205,410.457613508));
#3594=CARTESIAN_POINT('',(194.119510482,150.711370687,410.457613508));
#3595=CARTESIAN_POINT('',(193.934009184,150.36426477,410.457613508));
#3596=CARTESIAN_POINT('',(193.749026356,150.018129001,410.457613508));
#3597=CARTESIAN_POINT('',(193.530395968,149.6908768,410.457613508));
#3598=CARTESIAN_POINT('',(193.312376644,149.364539258,410.457613508));
#3599=CARTESIAN_POINT('',(193.062722696,149.060292391,410.457613508));
#3600=CARTESIAN_POINT('',(192.813766523,148.756895884,410.457613508));
#3601=CARTESIAN_POINT('',(192.535493319,148.478584415,410.457613508));
#3602=CARTESIAN_POINT('',(192.257997879,148.201050817,410.457613508));
#3603=CARTESIAN_POINT('',(191.953785343,147.951355038,410.457613508));
#3604=CARTESIAN_POINT('',(191.65042307,147.702357149,410.457613508));
#3605=CARTESIAN_POINT('',(191.323200934,147.483681766,410.457613508));
#3606=CARTESIAN_POINT('',(190.996893372,147.265617573,410.457613508));
#3607=CARTESIAN_POINT('',(190.649812964,147.08006855,410.457613508));
#3608=CARTESIAN_POINT('',(190.303702634,146.895038129,410.457613508));
#3609=CARTESIAN_POINT('',(189.940106529,146.744402404,410.457613508));
#3610=CARTESIAN_POINT('',(189.577526662,146.594187701,410.457613508));
#3611=CARTESIAN_POINT('',(189.200916488,146.479915979,410.457613508));
#3612=CARTESIAN_POINT('',(188.825358926,146.365963642,410.457613508));
#3613=CARTESIAN_POINT('',(188.439361646,146.289156421,410.457613508));
#3614=CARTESIAN_POINT('',(188.054443214,146.212563874,410.457613508));
#3615=CARTESIAN_POINT('',(187.662776192,146.173960851,410.457613508));
#3616=CARTESIAN_POINT('',(187.271929339,146.135438664,410.457613508));
#3617=CARTESIAN_POINT('',(186.87863907,146.135438664,410.457613508));
#3618=B_SPLINE_CURVE_WITH_KNOTS('',2,(#3585,#3586,#3587,#3588,#3589,#3590,#3591,#3592,#3593,#3594,#3595,#3596,#3597,#3598,#3599,#3600,#3601,#3602,#3603,#3604,#3605,#3606,#3607,#3608,#3609,#3610,
#3611,#3612,#3613,#3614,#3615,#3616,#3617),.UNSPECIFIED.,.F.,.F.,(3,2,2,2,2,2,2,2,2,2,2,2,2,2,2,2,3),(0.75,0.765625,0.78125,0.796875,0.8125,0.828125,0.84375,0.859375,0.875,0.890625,0.90625,0.921875,0.9375,0.953125,0.96875,0.984375,1.),.UNSPECIFIED.);
#3619=EDGE_CURVE('',#3584,#3544,#3618,.T.);
#3620=ORIENTED_EDGE('',*,*,#3619,.F.);
#3621=CARTESIAN_POINT('',(178.87863907,154.135438664,410.457613508));
#3622=CARTESIAN_POINT('',(178.878612088,154.52790346,410.457613508));
#3623=CARTESIAN_POINT('',(178.917161256,154.919575787,410.457613508));
#3624=CARTESIAN_POINT('',(178.955602681,155.310153403,410.457613508));
#3625=CARTESIAN_POINT('',(179.032356826,155.696161241,410.457613508));
#3626=CARTESIAN_POINT('',(179.108896446,156.0810902,410.457613508));
#3627=CARTESIAN_POINT('',(179.223116384,156.457716082,410.457613508));
#3628=CARTESIAN_POINT('',(179.33701708,156.833289309,410.457613508));
#3629=CARTESIAN_POINT('',(179.487602809,157.196906123,410.457613508));
#3630=CARTESIAN_POINT('',(179.637767657,157.559506641,410.457613508));
#3631=CARTESIAN_POINT('',(179.823268955,157.906612559,410.457613508));
#3632=CARTESIAN_POINT('',(180.008251783,158.252748328,410.457613508));
#3633=CARTESIAN_POINT('',(180.226882171,158.580000529,410.457613508));
#3634=CARTESIAN_POINT('',(180.444901495,158.906338071,410.457613508));
#3635=CARTESIAN_POINT('',(180.694555443,159.210584938,410.457613508));
#3636=CARTESIAN_POINT('',(180.943511616,159.513981445,410.457613508));
#3637=CARTESIAN_POINT('',(181.22178482,159.792292914,410.457613508));
#3638=CARTESIAN_POINT('',(181.49928026,160.069826512,410.457613508));
#3639=CARTESIAN_POINT('',(181.803492796,160.319522291,410.457613508));
#3640=CARTESIAN_POINT('',(182.106855069,160.56852018,410.457613508));
#3641=CARTESIAN_POINT('',(182.434077205,160.787195563,410.457613508));
#3642=CARTESIAN_POINT('',(182.760384767,161.005259756,410.457613508));
#3643=CARTESIAN_POINT('',(183.107465175,161.190808779,410.457613508));
#3644=CARTESIAN_POINT('',(183.453575505,161.375839199,410.457613508));
#3645=CARTESIAN_POINT('',(183.817171611,161.526474925,410.457613508));
#3646=CARTESIAN_POINT('',(184.179751478,161.676689628,410.457613508));
#3647=CARTESIAN_POINT('',(184.556361652,161.79096135,410.457613508));
#3648=CARTESIAN_POINT('',(184.931919213,161.904913687,410.457613508));
#3649=CARTESIAN_POINT('',(185.317916493,161.981720908,410.457613508));
#3650=CARTESIAN_POINT('',(185.702834925,162.058313455,410.457613508));
#3651=CARTESIAN_POINT('',(186.094501947,162.096916478,410.457613508));
#3652=CARTESIAN_POINT('',(186.485074273,162.135411607,410.457613508));
#3653=CARTESIAN_POINT('',(186.87863907,162.135438664,410.457613508));
#3654=CARTESIAN_POINT('',(187.271103866,162.135465646,410.457613508));
#3655=CARTESIAN_POINT('',(187.662776192,162.096916478,410.457613508));
#3656=CARTESIAN_POINT('',(188.053353808,162.058475053,410.457613508));
#3657=CARTESIAN_POINT('',(188.439361646,161.981720908,410.457613508));
#3658=CARTESIAN_POINT('',(188.824290605,161.905181288,410.457613508));
#3659=CARTESIAN_POINT('',(189.200916488,161.79096135,410.457613508));
#3660=CARTESIAN_POINT('',(189.576489714,161.677060654,410.457613508));
#3661=CARTESIAN_POINT('',(189.940106529,161.526474925,410.457613508));
#3662=CARTESIAN_POINT('',(190.302707047,161.376310077,410.457613508));
#3663=CARTESIAN_POINT('',(190.649812964,161.190808779,410.457613508));
#3664=CARTESIAN_POINT('',(190.995948733,161.005825951,410.457613508));
#3665=CARTESIAN_POINT('',(191.323200934,160.787195563,410.457613508));
#3666=CARTESIAN_POINT('',(191.649538476,160.569176239,410.457613508));
#3667=CARTESIAN_POINT('',(191.953785343,160.319522291,410.457613508));
#3668=CARTESIAN_POINT('',(192.25718185,160.070566118,410.457613508));
#3669=CARTESIAN_POINT('',(192.535493319,159.792292914,410.457613508));
#3670=CARTESIAN_POINT('',(192.813026917,159.514797474,410.457613508));
#3671=CARTESIAN_POINT('',(193.062722696,159.210584938,410.457613508));
#3672=CARTESIAN_POINT('',(193.311720585,158.907222665,410.457613508));
#3673=CARTESIAN_POINT('',(193.530395968,158.580000529,410.457613508));
#3674=CARTESIAN_POINT('',(193.748460161,158.253692967,410.457613508));
#3675=CARTESIAN_POINT('',(193.934009184,157.906612559,410.457613508));
#3676=CARTESIAN_POINT('',(194.119039605,157.560502229,410.457613508));
#3677=CARTESIAN_POINT('',(194.26967533,157.196906123,410.457613508));
#3678=CARTESIAN_POINT('',(194.419890033,156.834326256,410.457613508));
#3679=CARTESIAN_POINT('',(194.534161755,156.457716082,410.457613508));
#3680=CARTESIAN_POINT('',(194.648114092,156.082158521,410.457613508));
#3681=CARTESIAN_POINT('',(194.724921313,155.696161241,410.457613508));
#3682=CARTESIAN_POINT('',(194.80151386,155.311242809,410.457613508));
#3683=CARTESIAN_POINT('',(194.840116883,154.919575787,410.457613508));
#3684=CARTESIAN_POINT('',(194.878612012,154.529003461,410.457613508));
#3685=CARTESIAN_POINT('',(194.87863907,154.135438664,410.457613508));
#3686=B_SPLINE_CURVE_WITH_KNOTS('',2,(#3621,#3622,#3623,#3624,#3625,#3626,#3627,#3628,#3629,#3630,#3631,#3632,#3633,#3634,#3635,#3636,#3637,#3638,#3639,#3640,#3641,#3642,#3643,#3644,#3645,#3646,
#3647,#3648,#3649,#3650,#3651,#3652,#3653,#3654,#3655,#3656,#3657,#3658,#3659,#3660,#3661,#3662,#3663,#3664,#3665,#3666,#3667,#3668,#3669,#3670,#3671,
#3672,#3673,#3674,#3675,#3676,#3677,#3678,#3679,#3680,#3681,#3682,#3683,#3684,#3685),.UNSPECIFIED.,.F.,.F.,(3,2,2,2,2,2,2,2,2,2,2,2,2,2,2,2,2,2,2,2,2,2,2,2,2,2,
2,2,2,2,2,2,3),(0.25,0.265625,0.28125,0.296875,0.3125,0.328125,0.34375,0.359375,0.375,0.390625,0.40625,0.421875,0.4375,0.453125,0.46875,0.484375,0.5,0.515625,0.53125,0.546875,0.5625,0.578125,0.59375,0.609375,0.625,0.640625,
0.65625,0.671875,0.6875,0.703125,0.71875,0.734375,0.75),.UNSPECIFIED.);
#3687=EDGE_CURVE('',#3546,#3584,#3686,.T.);
#3688=ORIENTED_EDGE('',*,*,#3687,.F.);
#3689=EDGE_LOOP('',(#3582,#3620,#3688));
#3690=FACE_BOUND('',#3689,.T.);
#3691=CARTESIAN_POINT('',(51.835917209,191.635438664,410.457613508));
#3692=VERTEX_POINT('',#3691);
#3693=CARTESIAN_POINT('',(51.835917209,196.635438664,410.457613508));
#3694=VERTEX_POINT('',#3693);
#3695=CARTESIAN_POINT('',(51.835917209,194.135438664,410.457613508));
#3696=DIRECTION('',(0.,-0.,-1.));
#3697=DIRECTION('',(0.,1.,-0.));
#3698=AXIS2_PLACEMENT_3D('',#3695,#3696,#3697);
#3699=CIRCLE('',#3698,2.5);
#3700=EDGE_CURVE('',#3692,#3694,#3699,.T.);
#3701=ORIENTED_EDGE('',*,*,#3700,.F.);
#3702=CARTESIAN_POINT('',(51.835917209,194.135438664,410.457613508));
#3703=DIRECTION('',(0.,-0.,-1.));
#3704=DIRECTION('',(0.,1.,-0.));
#3705=AXIS2_PLACEMENT_3D('',#3702,#3703,#3704);
#3706=CIRCLE('',#3705,2.5);
#3707=EDGE_CURVE('',#3694,#3692,#3706,.T.);
#3708=ORIENTED_EDGE('',*,*,#3707,.F.);
#3709=EDGE_LOOP('',(#3701,#3708));
#3710=FACE_BOUND('',#3709,.T.);
#3711=CARTESIAN_POINT('',(291.92136093,161.635438664,410.457613508));
#3712=VERTEX_POINT('',#3711);
#3713=CARTESIAN_POINT('',(291.92136093,166.635438664,410.457613508));
#3714=VERTEX_POINT('',#3713);
#3715=CARTESIAN_POINT('',(291.92136093,164.135438664,410.457613508));
#3716=DIRECTION('',(0.,-0.,-1.));
#3717=DIRECTION('',(0.,1.,-0.));
#3718=AXIS2_PLACEMENT_3D('',#3715,#3716,#3717);
#3719=CIRCLE('',#3718,2.5);
#3720=EDGE_CURVE('',#3712,#3714,#3719,.T.);
#3721=ORIENTED_EDGE('',*,*,#3720,.F.);
#3722=CARTESIAN_POINT('',(291.92136093,164.135438664,410.457613508));
#3723=DIRECTION('',(0.,-0.,-1.));
#3724=DIRECTION('',(0.,1.,-0.));
#3725=AXIS2_PLACEMENT_3D('',#3722,#3723,#3724);
#3726=CIRCLE('',#3725,2.5);
#3727=EDGE_CURVE('',#3714,#3712,#3726,.T.);
#3728=ORIENTED_EDGE('',*,*,#3727,.F.);
#3729=EDGE_LOOP('',(#3721,#3728));
#3730=FACE_BOUND('',#3729,.T.);
#3731=CARTESIAN_POINT('',(1.835917209,161.635438664,410.457613508));
#3732=VERTEX_POINT('',#3731);
#3733=CARTESIAN_POINT('',(1.835917209,166.635438664,410.457613508));
#3734=VERTEX_POINT('',#3733);
#3735=CARTESIAN_POINT('',(1.835917209,164.135438664,410.457613508));
#3736=DIRECTION('',(0.,-0.,-1.));
#3737=DIRECTION('',(0.,1.,-0.));
#3738=AXIS2_PLACEMENT_3D('',#3735,#3736,#3737);
#3739=CIRCLE('',#3738,2.5);
#3740=EDGE_CURVE('',#3732,#3734,#3739,.T.);
#3741=ORIENTED_EDGE('',*,*,#3740,.F.);
#3742=CARTESIAN_POINT('',(1.835917209,164.135438664,410.457613508));
#3743=DIRECTION('',(0.,-0.,-1.));
#3744=DIRECTION('',(0.,1.,-0.));
#3745=AXIS2_PLACEMENT_3D('',#3742,#3743,#3744);
#3746=CIRCLE('',#3745,2.5);
#3747=EDGE_CURVE('',#3734,#3732,#3746,.T.);
#3748=ORIENTED_EDGE('',*,*,#3747,.F.);
#3749=EDGE_LOOP('',(#3741,#3748));
#3750=FACE_BOUND('',#3749,.T.);
#3751=CARTESIAN_POINT('',(196.341299508,187.851167417,410.457613508));
#3752=VERTEX_POINT('',#3751);
#3753=CARTESIAN_POINT('',(196.341299508,250.956944835,410.457613508));
#3754=VERTEX_POINT('',#3753);
#3755=CARTESIAN_POINT('',(196.341299508,187.851167417,410.457613508));
#3756=DIRECTION('',(0.,1.,-0.));
#3757=VECTOR('',#3756,63.105777418);
#3758=LINE('',#3755,#3757);
#3759=EDGE_CURVE('',#3752,#3754,#3758,.T.);
#3760=ORIENTED_EDGE('',*,*,#3759,.T.);
#3761=CARTESIAN_POINT('',(194.341299508,252.956944835,410.457613508));
#3762=VERTEX_POINT('',#3761);
#3763=CARTESIAN_POINT('',(194.341299508,250.956944835,410.457613508));
#3764=DIRECTION('',(-0.,0.,1.));
#3765=DIRECTION('',(0.,1.,-0.));
#3766=AXIS2_PLACEMENT_3D('',#3763,#3764,#3765);
#3767=CIRCLE('',#3766,2.);
#3768=EDGE_CURVE('',#3754,#3762,#3767,.T.);
#3769=ORIENTED_EDGE('',*,*,#3768,.T.);
#3770=CARTESIAN_POINT('',(189.415978631,252.956944835,410.457613508));
#3771=VERTEX_POINT('',#3770);
#3772=CARTESIAN_POINT('',(194.341299508,252.956944835,410.457613508));
#3773=DIRECTION('',(-1.,0.,0.));
#3774=VECTOR('',#3773,4.925320877);
#3775=LINE('',#3772,#3774);
#3776=EDGE_CURVE('',#3762,#3771,#3775,.T.);
#3777=ORIENTED_EDGE('',*,*,#3776,.T.);
#3778=CARTESIAN_POINT('',(187.415978631,250.956944835,410.457613508));
#3779=VERTEX_POINT('',#3778);
#3780=CARTESIAN_POINT('',(189.415978631,250.956944835,410.457613508));
#3781=DIRECTION('',(-0.,0.,1.));
#3782=DIRECTION('',(0.,1.,-0.));
#3783=AXIS2_PLACEMENT_3D('',#3780,#3781,#3782);
#3784=CIRCLE('',#3783,2.);
#3785=EDGE_CURVE('',#3771,#3779,#3784,.T.);
#3786=ORIENTED_EDGE('',*,*,#3785,.T.);
#3787=CARTESIAN_POINT('',(187.415978631,187.851167417,410.457613508));
#3788=VERTEX_POINT('',#3787);
#3789=CARTESIAN_POINT('',(187.415978631,250.956944835,410.457613508));
#3790=DIRECTION('',(0.,-1.,0.));
#3791=VECTOR('',#3790,63.105777418);
#3792=LINE('',#3789,#3791);
#3793=EDGE_CURVE('',#3779,#3788,#3792,.T.);
#3794=ORIENTED_EDGE('',*,*,#3793,.T.);
#3795=CARTESIAN_POINT('',(189.415978631,185.851167417,410.457613508));
#3796=VERTEX_POINT('',#3795);
#3797=CARTESIAN_POINT('',(189.415978631,187.851167417,410.457613508));
#3798=DIRECTION('',(-0.,0.,1.));
#3799=DIRECTION('',(0.,1.,-0.));
#3800=AXIS2_PLACEMENT_3D('',#3797,#3798,#3799);
#3801=CIRCLE('',#3800,2.);
#3802=EDGE_CURVE('',#3788,#3796,#3801,.T.);
#3803=ORIENTED_EDGE('',*,*,#3802,.T.);
#3804=CARTESIAN_POINT('',(194.341299508,185.851167417,410.457613508));
#3805=VERTEX_POINT('',#3804);
#3806=CARTESIAN_POINT('',(189.415978631,185.851167417,410.457613508));
#3807=DIRECTION('',(1.,0.,-0.));
#3808=VECTOR('',#3807,4.925320877);
#3809=LINE('',#3806,#3808);
#3810=EDGE_CURVE('',#3796,#3805,#3809,.T.);
#3811=ORIENTED_EDGE('',*,*,#3810,.T.);
#3812=CARTESIAN_POINT('',(194.341299508,187.851167417,410.457613508));
#3813=DIRECTION('',(-0.,0.,1.));
#3814=DIRECTION('',(0.,1.,-0.));
#3815=AXIS2_PLACEMENT_3D('',#3812,#3813,#3814);
#3816=CIRCLE('',#3815,2.);
#3817=EDGE_CURVE('',#3805,#3752,#3816,.T.);
#3818=ORIENTED_EDGE('',*,*,#3817,.T.);
#3819=EDGE_LOOP('',(#3760,#3769,#3777,#3786,#3794,#3803,#3811,#3818));
#3820=FACE_BOUND('',#3819,.T.);
#3821=ADVANCED_FACE('',(#2046,#2075,#2104,#2133,#2162,#2191,#2220,#2249,#2269,#2289,#2309,#2329,#2349,#2378,#2398,#2468,#2497,#2526,#2555,#2584,#2613,#2642,#2671,#2700,#2729,#2758,
#2787,#2816,#2845,#2874,#2944,#3014,#3043,#3072,#3101,#3130,#3159,#3188,#3217,#3246,#3394,#3542,#3690,#3710,#3730,#3750,#3820),#1825,.T.);
#3822=CARTESIAN_POINT('',(196.341299508,219.404056126,554.457613508));
#3823=DIRECTION('',(-1.,0.,-0.));
#3824=DIRECTION('',(-0.,-1.,0.));
#3825=AXIS2_PLACEMENT_3D('',#3822,#3823,#3824);
#3826=PLANE('',#3825);
#3827=CARTESIAN_POINT('',(196.341299508,187.851167417,410.457613508));
#3828=DIRECTION('',(-0.,0.,1.));
#3829=VECTOR('',#3828,5.);
#3830=LINE('',#3827,#3829);
#3831=EDGE_CURVE('',#3752,#1541,#3830,.T.);
#3832=ORIENTED_EDGE('',*,*,#3831,.T.);
#3833=ORIENTED_EDGE('',*,*,#1546,.T.);
#3834=CARTESIAN_POINT('',(196.341299508,250.956944835,415.457613508));
#3835=DIRECTION('',(0.,-0.,-1.));
#3836=VECTOR('',#3835,5.);
#3837=LINE('',#3834,#3836);
#3838=EDGE_CURVE('',#1532,#3754,#3837,.T.);
#3839=ORIENTED_EDGE('',*,*,#3838,.T.);
#3840=ORIENTED_EDGE('',*,*,#3759,.F.);
#3841=EDGE_LOOP('',(#3832,#3833,#3839,#3840));
#3842=FACE_BOUND('',#3841,.T.);
#3843=ADVANCED_FACE('',(#3842),#3826,.T.);
#3844=CARTESIAN_POINT('',(262.736503446,-75.864561336,410.457613508));
#3845=DIRECTION('',(0.,-0.,-1.));
#3846=DIRECTION('',(0.,1.,-0.));
#3847=AXIS2_PLACEMENT_3D('',#3844,#3845,#3846);
#3848=PLANE('',#3847);
#3849=CARTESIAN_POINT('',(186.87863907,159.135438664,410.457613508));
#3850=VERTEX_POINT('',#3849);
#3851=CARTESIAN_POINT('',(181.87863907,154.135438664,410.457613508));
#3852=VERTEX_POINT('',#3851);
#3853=CARTESIAN_POINT('',(186.87863907,154.135438664,410.457613508));
#3854=DIRECTION('',(-0.,0.,1.));
#3855=DIRECTION('',(0.,1.,-0.));
#3856=AXIS2_PLACEMENT_3D('',#3853,#3854,#3855);
#3857=CIRCLE('',#3856,5.);
#3858=EDGE_CURVE('NONE',#3850,#3852,#3857,.T.);
#3859=ORIENTED_EDGE('',*,*,#3858,.T.);
#3860=CARTESIAN_POINT('',(191.87863907,154.135438664,410.457613508));
#3861=VERTEX_POINT('',#3860);
#3862=CARTESIAN_POINT('',(186.87863907,154.135438664,410.457613508));
#3863=DIRECTION('',(-0.,0.,1.));
#3864=DIRECTION('',(0.,1.,-0.));
#3865=AXIS2_PLACEMENT_3D('',#3862,#3863,#3864);
#3866=CIRCLE('',#3865,5.);
#3867=EDGE_CURVE('',#3852,#3861,#3866,.T.);
#3868=ORIENTED_EDGE('',*,*,#3867,.T.);
#3869=CARTESIAN_POINT('',(186.87863907,154.135438664,410.457613508));
#3870=DIRECTION('',(-0.,0.,1.));
#3871=DIRECTION('',(0.,1.,-0.));
#3872=AXIS2_PLACEMENT_3D('',#3869,#3870,#3871);
#3873=CIRCLE('',#3872,5.);
#3874=EDGE_CURVE('',#3861,#3850,#3873,.T.);
#3875=ORIENTED_EDGE('',*,*,#3874,.T.);
#3876=EDGE_LOOP('',(#3859,#3868,#3875));
#3877=FACE_BOUND('',#3876,.T.);
#3878=ORIENTED_EDGE('',*,*,#3581,.T.);
#3879=ORIENTED_EDGE('',*,*,#3687,.T.);
#3880=ORIENTED_EDGE('',*,*,#3619,.T.);
#3881=EDGE_LOOP('',(#3878,#3879,#3880));
#3882=FACE_BOUND('',#3881,.T.);
#3883=ADVANCED_FACE('',(#3877,#3882),#3848,.T.);
#3884=CARTESIAN_POINT('',(262.736503446,-75.864561336,410.457613508));
#3885=DIRECTION('',(0.,-0.,-1.));
#3886=DIRECTION('',(0.,1.,-0.));
#3887=AXIS2_PLACEMENT_3D('',#3884,#3885,#3886);
#3888=PLANE('',#3887);
#3889=CARTESIAN_POINT('',(146.87863907,149.135438664,410.457613508));
#3890=VERTEX_POINT('',#3889);
#3891=CARTESIAN_POINT('',(141.87863907,144.135438664,410.457613508));
#3892=VERTEX_POINT('',#3891);
#3893=CARTESIAN_POINT('',(146.87863907,144.135438664,410.457613508));
#3894=DIRECTION('',(-0.,0.,1.));
#3895=DIRECTION('',(0.,1.,-0.));
#3896=AXIS2_PLACEMENT_3D('',#3893,#3894,#3895);
#3897=CIRCLE('',#3896,5.);
#3898=EDGE_CURVE('NONE',#3890,#3892,#3897,.T.);
#3899=ORIENTED_EDGE('',*,*,#3898,.T.);
#3900=CARTESIAN_POINT('',(151.87863907,144.135438664,410.457613508));
#3901=VERTEX_POINT('',#3900);
#3902=CARTESIAN_POINT('',(146.87863907,144.135438664,410.457613508));
#3903=DIRECTION('',(-0.,0.,1.));
#3904=DIRECTION('',(0.,1.,-0.));
#3905=AXIS2_PLACEMENT_3D('',#3902,#3903,#3904);
#3906=CIRCLE('',#3905,5.);
#3907=EDGE_CURVE('',#3892,#3901,#3906,.T.);
#3908=ORIENTED_EDGE('',*,*,#3907,.T.);
#3909=CARTESIAN_POINT('',(146.87863907,144.135438664,410.457613508));
#3910=DIRECTION('',(-0.,0.,1.));
#3911=DIRECTION('',(0.,1.,-0.));
#3912=AXIS2_PLACEMENT_3D('',#3909,#3910,#3911);
#3913=CIRCLE('',#3912,5.);
#3914=EDGE_CURVE('',#3901,#3890,#3913,.T.);
#3915=ORIENTED_EDGE('',*,*,#3914,.T.);
#3916=EDGE_LOOP('',(#3899,#3908,#3915));
#3917=FACE_BOUND('',#3916,.T.);
#3918=ORIENTED_EDGE('',*,*,#3433,.T.);
#3919=ORIENTED_EDGE('',*,*,#3539,.T.);
#3920=ORIENTED_EDGE('',*,*,#3471,.T.);
#3921=EDGE_LOOP('',(#3918,#3919,#3920));
#3922=FACE_BOUND('',#3921,.T.);
#3923=ADVANCED_FACE('',(#3917,#3922),#3888,.T.);
#3924=CARTESIAN_POINT('',(262.736503446,-75.864561336,410.457613508));
#3925=DIRECTION('',(0.,-0.,-1.));
#3926=DIRECTION('',(0.,1.,-0.));
#3927=AXIS2_PLACEMENT_3D('',#3924,#3925,#3926);
#3928=PLANE('',#3927);
#3929=CARTESIAN_POINT('',(106.87863907,159.135438664,410.457613508));
#3930=VERTEX_POINT('',#3929);
#3931=CARTESIAN_POINT('',(101.87863907,154.135438664,410.457613508));
#3932=VERTEX_POINT('',#3931);
#3933=CARTESIAN_POINT('',(106.87863907,154.135438664,410.457613508));
#3934=DIRECTION('',(-0.,0.,1.));
#3935=DIRECTION('',(0.,1.,-0.));
#3936=AXIS2_PLACEMENT_3D('',#3933,#3934,#3935);
#3937=CIRCLE('',#3936,5.);
#3938=EDGE_CURVE('NONE',#3930,#3932,#3937,.T.);
#3939=ORIENTED_EDGE('',*,*,#3938,.T.);
#3940=CARTESIAN_POINT('',(111.87863907,154.135438664,410.457613508));
#3941=VERTEX_POINT('',#3940);
#3942=CARTESIAN_POINT('',(106.87863907,154.135438664,410.457613508));
#3943=DIRECTION('',(-0.,0.,1.));
#3944=DIRECTION('',(0.,1.,-0.));
#3945=AXIS2_PLACEMENT_3D('',#3942,#3943,#3944);
#3946=CIRCLE('',#3945,5.);
#3947=EDGE_CURVE('',#3932,#3941,#3946,.T.);
#3948=ORIENTED_EDGE('',*,*,#3947,.T.);
#3949=CARTESIAN_POINT('',(106.87863907,154.135438664,410.457613508));
#3950=DIRECTION('',(-0.,0.,1.));
#3951=DIRECTION('',(0.,1.,-0.));
#3952=AXIS2_PLACEMENT_3D('',#3949,#3950,#3951);
#3953=CIRCLE('',#3952,5.);
#3954=EDGE_CURVE('',#3941,#3930,#3953,.T.);
#3955=ORIENTED_EDGE('',*,*,#3954,.T.);
#3956=EDGE_LOOP('',(#3939,#3948,#3955));
#3957=FACE_BOUND('',#3956,.T.);
#3958=ORIENTED_EDGE('',*,*,#3285,.T.);
#3959=ORIENTED_EDGE('',*,*,#3391,.T.);
#3960=ORIENTED_EDGE('',*,*,#3323,.T.);
#3961=EDGE_LOOP('',(#3958,#3959,#3960));
#3962=FACE_BOUND('',#3961,.T.);
#3963=ADVANCED_FACE('',(#3957,#3962),#3928,.T.);
#3964=CARTESIAN_POINT('',(1.835917209,194.135438664,408.457613508));
#3965=DIRECTION('',(0.,0.,1.));
#3966=DIRECTION('',(0.,-1.,0.));
#3967=AXIS2_PLACEMENT_3D('',#3964,#3965,#3966);
#3968=CYLINDRICAL_SURFACE('',#3967,2.6);
#3969=CARTESIAN_POINT('',(1.835917209,191.535438664,415.457613508));
#3970=DIRECTION('',(-0.,-0.,-1.));
#3971=VECTOR('',#3970,5.);
#3972=LINE('',#3969,#3971);
#3973=EDGE_CURVE('',#1472,#3221,#3972,.T.);
#3974=ORIENTED_EDGE('',*,*,#3973,.F.);
#3975=ORIENTED_EDGE('',*,*,#1494,.T.);
#3976=ORIENTED_EDGE('',*,*,#1487,.T.);
#3977=ORIENTED_EDGE('',*,*,#1478,.T.);
#3978=ORIENTED_EDGE('',*,*,#3973,.T.);
#3979=ORIENTED_EDGE('',*,*,#3227,.F.);
#3980=ORIENTED_EDGE('',*,*,#3243,.F.);
#3981=ORIENTED_EDGE('',*,*,#3236,.F.);
#3982=EDGE_LOOP('',(#3974,#3975,#3976,#3977,#3978,#3979,#3980,#3981));
#3983=FACE_BOUND('',#3982,.T.);
#3984=ADVANCED_FACE('',(#3983),#3968,.F.);
#3985=CARTESIAN_POINT('',(51.835917209,134.135438664,408.457613508));
#3986=DIRECTION('',(0.,0.,1.));
#3987=DIRECTION('',(0.,-1.,0.));
#3988=AXIS2_PLACEMENT_3D('',#3985,#3986,#3987);
#3989=CYLINDRICAL_SURFACE('',#3988,2.6);
#3990=CARTESIAN_POINT('',(51.835917209,131.535438664,415.457613508));
#3991=DIRECTION('',(-0.,-0.,-1.));
#3992=VECTOR('',#3991,5.);
#3993=LINE('',#3990,#3992);
#3994=EDGE_CURVE('',#1443,#3192,#3993,.T.);
#3995=ORIENTED_EDGE('',*,*,#3994,.F.);
#3996=ORIENTED_EDGE('',*,*,#1465,.T.);
#3997=ORIENTED_EDGE('',*,*,#1458,.T.);
#3998=ORIENTED_EDGE('',*,*,#1449,.T.);
#3999=ORIENTED_EDGE('',*,*,#3994,.T.);
#4000=ORIENTED_EDGE('',*,*,#3198,.F.);
#4001=ORIENTED_EDGE('',*,*,#3214,.F.);
#4002=ORIENTED_EDGE('',*,*,#3207,.F.);
#4003=EDGE_LOOP('',(#3995,#3996,#3997,#3998,#3999,#4000,#4001,#4002));
#4004=FACE_BOUND('',#4003,.T.);
#4005=ADVANCED_FACE('',(#4004),#3989,.F.);
#4006=CARTESIAN_POINT('',(26.835917209,164.135438664,408.457613508));
#4007=DIRECTION('',(0.,0.,1.));
#4008=DIRECTION('',(0.,-1.,0.));
#4009=AXIS2_PLACEMENT_3D('',#4006,#4007,#4008);
#4010=CYLINDRICAL_SURFACE('',#4009,2.1);
#4011=CARTESIAN_POINT('',(26.835917209,162.035438664,415.457613508));
#4012=DIRECTION('',(-0.,-0.,-1.));
#4013=VECTOR('',#4012,5.);
#4014=LINE('',#4011,#4013);
#4015=EDGE_CURVE('',#1414,#3163,#4014,.T.);
#4016=ORIENTED_EDGE('',*,*,#4015,.F.);
#4017=ORIENTED_EDGE('',*,*,#1436,.T.);
#4018=ORIENTED_EDGE('',*,*,#1429,.T.);
#4019=ORIENTED_EDGE('',*,*,#1420,.T.);
#4020=ORIENTED_EDGE('',*,*,#4015,.T.);
#4021=ORIENTED_EDGE('',*,*,#3169,.F.);
#4022=ORIENTED_EDGE('',*,*,#3185,.F.);
#4023=ORIENTED_EDGE('',*,*,#3178,.F.);
#4024=EDGE_LOOP('',(#4016,#4017,#4018,#4019,#4020,#4021,#4022,#4023));
#4025=FACE_BOUND('',#4024,.T.);
#4026=ADVANCED_FACE('',(#4025),#4010,.F.);
#4027=CARTESIAN_POINT('',(1.835917209,134.135438664,408.457613508));
#4028=DIRECTION('',(0.,0.,1.));
#4029=DIRECTION('',(0.,-1.,0.));
#4030=AXIS2_PLACEMENT_3D('',#4027,#4028,#4029);
#4031=CYLINDRICAL_SURFACE('',#4030,2.6);
#4032=CARTESIAN_POINT('',(1.835917209,131.535438664,415.457613508));
#4033=DIRECTION('',(-0.,-0.,-1.));
#4034=VECTOR('',#4033,5.);
#4035=LINE('',#4032,#4034);
#4036=EDGE_CURVE('',#1385,#3134,#4035,.T.);
#4037=ORIENTED_EDGE('',*,*,#4036,.F.);
#4038=ORIENTED_EDGE('',*,*,#1407,.T.);
#4039=ORIENTED_EDGE('',*,*,#1400,.T.);
#4040=ORIENTED_EDGE('',*,*,#1391,.T.);
#4041=ORIENTED_EDGE('',*,*,#4036,.T.);
#4042=ORIENTED_EDGE('',*,*,#3140,.F.);
#4043=ORIENTED_EDGE('',*,*,#3156,.F.);
#4044=ORIENTED_EDGE('',*,*,#3149,.F.);
#4045=EDGE_LOOP('',(#4037,#4038,#4039,#4040,#4041,#4042,#4043,#4044));
#4046=FACE_BOUND('',#4045,.T.);
#4047=ADVANCED_FACE('',(#4046),#4031,.F.);
#4048=CARTESIAN_POINT('',(50.835917209,164.235438664,408.457613508));
#4049=DIRECTION('',(0.,0.,1.));
#4050=DIRECTION('',(0.,-1.,0.));
#4051=AXIS2_PLACEMENT_3D('',#4048,#4049,#4050);
#4052=CYLINDRICAL_SURFACE('',#4051,2.6);
#4053=CARTESIAN_POINT('',(50.835917209,161.635438664,415.457613508));
#4054=DIRECTION('',(-0.,-0.,-1.));
#4055=VECTOR('',#4054,5.);
#4056=LINE('',#4053,#4055);
#4057=EDGE_CURVE('',#1356,#3105,#4056,.T.);
#4058=ORIENTED_EDGE('',*,*,#4057,.F.);
#4059=ORIENTED_EDGE('',*,*,#1378,.T.);
#4060=ORIENTED_EDGE('',*,*,#1371,.T.);
#4061=ORIENTED_EDGE('',*,*,#1362,.T.);
#4062=ORIENTED_EDGE('',*,*,#4057,.T.);
#4063=ORIENTED_EDGE('',*,*,#3111,.F.);
#4064=ORIENTED_EDGE('',*,*,#3127,.F.);
#4065=ORIENTED_EDGE('',*,*,#3120,.F.);
#4066=EDGE_LOOP('',(#4058,#4059,#4060,#4061,#4062,#4063,#4064,#4065));
#4067=FACE_BOUND('',#4066,.T.);
#4068=ADVANCED_FACE('',(#4067),#4052,.F.);
#4069=CARTESIAN_POINT('',(26.735917209,188.135438664,408.457613508));
#4070=DIRECTION('',(0.,0.,1.));
#4071=DIRECTION('',(0.,-1.,0.));
#4072=AXIS2_PLACEMENT_3D('',#4069,#4070,#4071);
#4073=CYLINDRICAL_SURFACE('',#4072,2.6);
#4074=CARTESIAN_POINT('',(26.735917209,185.535438664,415.457613508));
#4075=DIRECTION('',(-0.,-0.,-1.));
#4076=VECTOR('',#4075,5.);
#4077=LINE('',#4074,#4076);
#4078=EDGE_CURVE('',#1327,#3076,#4077,.T.);
#4079=ORIENTED_EDGE('',*,*,#4078,.F.);
#4080=ORIENTED_EDGE('',*,*,#1349,.T.);
#4081=ORIENTED_EDGE('',*,*,#1342,.T.);
#4082=ORIENTED_EDGE('',*,*,#1333,.T.);
#4083=ORIENTED_EDGE('',*,*,#4078,.T.);
#4084=ORIENTED_EDGE('',*,*,#3082,.F.);
#4085=ORIENTED_EDGE('',*,*,#3098,.F.);
#4086=ORIENTED_EDGE('',*,*,#3091,.F.);
#4087=EDGE_LOOP('',(#4079,#4080,#4081,#4082,#4083,#4084,#4085,#4086));
#4088=FACE_BOUND('',#4087,.T.);
#4089=ADVANCED_FACE('',(#4088),#4073,.F.);
#4090=CARTESIAN_POINT('',(26.935917209,140.135438664,408.457613508));
#4091=DIRECTION('',(0.,0.,1.));
#4092=DIRECTION('',(0.,-1.,0.));
#4093=AXIS2_PLACEMENT_3D('',#4090,#4091,#4092);
#4094=CYLINDRICAL_SURFACE('',#4093,2.6);
#4095=CARTESIAN_POINT('',(26.935917209,137.535438664,415.457613508));
#4096=DIRECTION('',(-0.,-0.,-1.));
#4097=VECTOR('',#4096,5.);
#4098=LINE('',#4095,#4097);
#4099=EDGE_CURVE('',#1298,#3047,#4098,.T.);
#4100=ORIENTED_EDGE('',*,*,#4099,.F.);
#4101=ORIENTED_EDGE('',*,*,#1320,.T.);
#4102=ORIENTED_EDGE('',*,*,#1313,.T.);
#4103=ORIENTED_EDGE('',*,*,#1304,.T.);
#4104=ORIENTED_EDGE('',*,*,#4099,.T.);
#4105=ORIENTED_EDGE('',*,*,#3053,.F.);
#4106=ORIENTED_EDGE('',*,*,#3069,.F.);
#4107=ORIENTED_EDGE('',*,*,#3062,.F.);
#4108=EDGE_LOOP('',(#4100,#4101,#4102,#4103,#4104,#4105,#4106,#4107));
#4109=FACE_BOUND('',#4108,.T.);
#4110=ADVANCED_FACE('',(#4109),#4094,.F.);
#4111=CARTESIAN_POINT('',(158.87863907,107.135438664,416.457613508));
#4112=DIRECTION('',(0.,-0.,-1.));
#4113=DIRECTION('',(1.,-0.,0.));
#4114=AXIS2_PLACEMENT_3D('',#4111,#4112,#4113);
#4115=CYLINDRICAL_SURFACE('',#4114,1.6);
#4116=CARTESIAN_POINT('',(160.47863907,107.135438664,410.457613508));
#4117=DIRECTION('',(-0.,0.,1.));
#4118=VECTOR('',#4117,5.);
#4119=LINE('',#4116,#4118);
#4120=EDGE_CURVE('',#2333,#584,#4119,.T.);
#4121=ORIENTED_EDGE('',*,*,#4120,.F.);
#4122=ORIENTED_EDGE('',*,*,#2339,.F.);
#4123=ORIENTED_EDGE('',*,*,#2346,.F.);
#4124=ORIENTED_EDGE('',*,*,#4120,.T.);
#4125=ORIENTED_EDGE('',*,*,#597,.T.);
#4126=ORIENTED_EDGE('',*,*,#590,.T.);
#4127=EDGE_LOOP('',(#4121,#4122,#4123,#4124,#4125,#4126));
#4128=FACE_BOUND('',#4127,.T.);
#4129=ADVANCED_FACE('NONE',(#4128),#4115,.F.);
#4130=CARTESIAN_POINT('',(146.87863907,95.135438664,416.457613508));
#4131=DIRECTION('',(0.,-0.,-1.));
#4132=DIRECTION('',(-0.,-1.,0.));
#4133=AXIS2_PLACEMENT_3D('',#4130,#4131,#4132);
#4134=CYLINDRICAL_SURFACE('',#4133,1.6);
#4135=CARTESIAN_POINT('',(146.87863907,93.535438664,410.457613508));
#4136=DIRECTION('',(-0.,0.,1.));
#4137=VECTOR('',#4136,5.);
#4138=LINE('',#4135,#4137);
#4139=EDGE_CURVE('',#2353,#1240,#4138,.T.);
#4140=ORIENTED_EDGE('',*,*,#4139,.F.);
#4141=ORIENTED_EDGE('',*,*,#2359,.F.);
#4142=ORIENTED_EDGE('',*,*,#2375,.F.);
#4143=ORIENTED_EDGE('',*,*,#2368,.F.);
#4144=ORIENTED_EDGE('',*,*,#4139,.T.);
#4145=ORIENTED_EDGE('',*,*,#1262,.T.);
#4146=ORIENTED_EDGE('',*,*,#1255,.T.);
#4147=ORIENTED_EDGE('',*,*,#1246,.T.);
#4148=EDGE_LOOP('',(#4140,#4141,#4142,#4143,#4144,#4145,#4146,#4147));
#4149=FACE_BOUND('',#4148,.T.);
#4150=ADVANCED_FACE('NONE',(#4149),#4134,.F.);
#4151=CARTESIAN_POINT('',(134.87863907,107.135438664,416.457613508));
#4152=DIRECTION('',(0.,-0.,-1.));
#4153=DIRECTION('',(-1.,0.,-0.));
#4154=AXIS2_PLACEMENT_3D('',#4151,#4152,#4153);
#4155=CYLINDRICAL_SURFACE('',#4154,1.6);
#4156=CARTESIAN_POINT('',(133.27863907,107.135438664,410.457613508));
#4157=DIRECTION('',(-0.,0.,1.));
#4158=VECTOR('',#4157,5.);
#4159=LINE('',#4156,#4158);
#4160=EDGE_CURVE('',#2380,#602,#4159,.T.);
#4161=ORIENTED_EDGE('',*,*,#4160,.F.);
#4162=ORIENTED_EDGE('',*,*,#2395,.F.);
#4163=ORIENTED_EDGE('',*,*,#2388,.F.);
#4164=ORIENTED_EDGE('',*,*,#4160,.T.);
#4165=ORIENTED_EDGE('',*,*,#610,.T.);
#4166=ORIENTED_EDGE('',*,*,#617,.T.);
#4167=EDGE_LOOP('',(#4161,#4162,#4163,#4164,#4165,#4166));
#4168=FACE_BOUND('',#4167,.T.);
#4169=ADVANCED_FACE('NONE',(#4168),#4155,.F.);
#4170=CARTESIAN_POINT('',(-33.118583163,90.135438664,415.457613508));
#4171=DIRECTION('',(0.,1.,-0.));
#4172=DIRECTION('',(-1.,0.,0.));
#4173=AXIS2_PLACEMENT_3D('',#4170,#4171,#4172);
#4174=PLANE('',#4173);
#4175=ORIENTED_EDGE('',*,*,#1664,.T.);
#4176=CARTESIAN_POINT('',(-12.700021861,90.135438664,410.457613508));
#4177=DIRECTION('',(0.,0.,1.));
#4178=VECTOR('',#4177,5.);
#4179=LINE('',#4176,#4178);
#4180=EDGE_CURVE('',#2032,#1653,#4179,.T.);
#4181=ORIENTED_EDGE('',*,*,#4180,.F.);
#4182=ORIENTED_EDGE('',*,*,#2037,.F.);
#4183=ORIENTED_EDGE('',*,*,#226,.T.);
#4184=EDGE_LOOP('',(#4175,#4181,#4182,#4183));
#4185=FACE_BOUND('',#4184,.T.);
#4186=ADVANCED_FACE('NONE',(#4185),#4174,.F.);
#4187=CARTESIAN_POINT('',(97.415978631,252.956944835,416.457613508));
#4188=DIRECTION('',(0.,-1.,0.));
#4189=DIRECTION('',(1.,0.,0.));
#4190=AXIS2_PLACEMENT_3D('',#4187,#4188,#4189);
#4191=PLANE('',#4190);
#4192=ORIENTED_EDGE('',*,*,#2900,.F.);
#4193=CARTESIAN_POINT('',(104.341299508,252.956944835,410.457613508));
#4194=DIRECTION('',(-0.,0.,1.));
#4195=VECTOR('',#4194,5.);
#4196=LINE('',#4193,#4195);
#4197=EDGE_CURVE('',#2886,#1117,#4196,.T.);
#4198=ORIENTED_EDGE('',*,*,#4197,.T.);
#4199=ORIENTED_EDGE('',*,*,#1122,.T.);
#4200=CARTESIAN_POINT('',(99.415978631,252.956944835,415.457613508));
#4201=DIRECTION('',(0.,-0.,-1.));
#4202=VECTOR('',#4201,5.);
#4203=LINE('',#4200,#4202);
#4204=EDGE_CURVE('',#1108,#2895,#4203,.T.);
#4205=ORIENTED_EDGE('',*,*,#4204,.T.);
#4206=EDGE_LOOP('',(#4192,#4198,#4199,#4205));
#4207=FACE_BOUND('',#4206,.T.);
#4208=ADVANCED_FACE('NONE',(#4207),#4191,.T.);
#4209=CARTESIAN_POINT('',(106.341299508,252.956944835,416.457613508));
#4210=DIRECTION('',(-1.,-0.,0.));
#4211=DIRECTION('',(0.,-1.,0.));
#4212=AXIS2_PLACEMENT_3D('',#4209,#4210,#4211);
#4213=PLANE('',#4212);
#4214=ORIENTED_EDGE('',*,*,#2883,.F.);
#4215=CARTESIAN_POINT('',(106.341299508,187.851167417,410.457613508));
#4216=DIRECTION('',(-0.,0.,1.));
#4217=VECTOR('',#4216,5.);
#4218=LINE('',#4215,#4217);
#4219=EDGE_CURVE('',#2876,#1134,#4218,.T.);
#4220=ORIENTED_EDGE('',*,*,#4219,.T.);
#4221=ORIENTED_EDGE('',*,*,#1139,.T.);
#4222=CARTESIAN_POINT('',(106.341299508,250.956944835,415.457613508));
#4223=DIRECTION('',(0.,-0.,-1.));
#4224=VECTOR('',#4223,5.);
#4225=LINE('',#4222,#4224);
#4226=EDGE_CURVE('',#1125,#2878,#4225,.T.);
#4227=ORIENTED_EDGE('',*,*,#4226,.T.);
#4228=EDGE_LOOP('',(#4214,#4220,#4221,#4227));
#4229=FACE_BOUND('',#4228,.T.);
#4230=ADVANCED_FACE('NONE',(#4229),#4213,.T.);
#4231=CARTESIAN_POINT('',(97.415978631,185.851167417,416.457613508));
#4232=DIRECTION('',(0.,1.,-0.));
#4233=DIRECTION('',(-1.,0.,0.));
#4234=AXIS2_PLACEMENT_3D('',#4231,#4232,#4233);
#4235=PLANE('',#4234);
#4236=ORIENTED_EDGE('',*,*,#1156,.T.);
#4237=CARTESIAN_POINT('',(104.341299508,185.851167417,415.457613508));
#4238=DIRECTION('',(0.,-0.,-1.));
#4239=VECTOR('',#4238,5.);
#4240=LINE('',#4237,#4239);
#4241=EDGE_CURVE('',#1142,#2929,#4240,.T.);
#4242=ORIENTED_EDGE('',*,*,#4241,.T.);
#4243=ORIENTED_EDGE('',*,*,#2934,.F.);
#4244=CARTESIAN_POINT('',(99.415978631,185.851167417,410.457613508));
#4245=DIRECTION('',(-0.,0.,1.));
#4246=VECTOR('',#4245,5.);
#4247=LINE('',#4244,#4246);
#4248=EDGE_CURVE('',#2920,#1151,#4247,.T.);
#4249=ORIENTED_EDGE('',*,*,#4248,.T.);
#4250=EDGE_LOOP('',(#4236,#4242,#4243,#4249));
#4251=FACE_BOUND('',#4250,.T.);
#4252=ADVANCED_FACE('NONE',(#4251),#4235,.T.);
#4253=CARTESIAN_POINT('',(97.415978631,252.956944835,416.457613508));
#4254=DIRECTION('',(1.,0.,0.));
#4255=DIRECTION('',(0.,1.,-0.));
#4256=AXIS2_PLACEMENT_3D('',#4253,#4254,#4255);
#4257=PLANE('',#4256);
#4258=ORIENTED_EDGE('',*,*,#2917,.F.);
#4259=CARTESIAN_POINT('',(97.415978631,250.956944835,410.457613508));
#4260=DIRECTION('',(-0.,0.,1.));
#4261=VECTOR('',#4260,5.);
#4262=LINE('',#4259,#4261);
#4263=EDGE_CURVE('',#2903,#1098,#4262,.T.);
#4264=ORIENTED_EDGE('',*,*,#4263,.T.);
#4265=ORIENTED_EDGE('',*,*,#1105,.T.);
#4266=CARTESIAN_POINT('',(97.415978631,187.851167417,415.457613508));
#4267=DIRECTION('',(0.,-0.,-1.));
#4268=VECTOR('',#4267,5.);
#4269=LINE('',#4266,#4268);
#4270=EDGE_CURVE('',#1100,#2912,#4269,.T.);
#4271=ORIENTED_EDGE('',*,*,#4270,.T.);
#4272=EDGE_LOOP('',(#4258,#4264,#4265,#4271));
#4273=FACE_BOUND('',#4272,.T.);
#4274=ADVANCED_FACE('NONE',(#4273),#4257,.T.);
#4275=CARTESIAN_POINT('',(146.87863907,119.135438664,416.457613508));
#4276=DIRECTION('',(0.,-0.,-1.));
#4277=DIRECTION('',(0.,1.,-0.));
#4278=AXIS2_PLACEMENT_3D('',#4275,#4276,#4277);
#4279=CYLINDRICAL_SURFACE('',#4278,1.6);
#4280=CARTESIAN_POINT('',(146.87863907,120.735438664,410.457613508));
#4281=DIRECTION('',(-0.,0.,1.));
#4282=VECTOR('',#4281,5.);
#4283=LINE('',#4280,#4282);
#4284=EDGE_CURVE('',#2470,#692,#4283,.T.);
#4285=ORIENTED_EDGE('',*,*,#4284,.F.);
#4286=ORIENTED_EDGE('',*,*,#2494,.F.);
#4287=ORIENTED_EDGE('',*,*,#2487,.F.);
#4288=ORIENTED_EDGE('',*,*,#2478,.F.);
#4289=ORIENTED_EDGE('',*,*,#4284,.T.);
#4290=ORIENTED_EDGE('',*,*,#700,.T.);
#4291=ORIENTED_EDGE('',*,*,#716,.T.);
#4292=ORIENTED_EDGE('',*,*,#709,.T.);
#4293=EDGE_LOOP('',(#4285,#4286,#4287,#4288,#4289,#4290,#4291,#4292));
#4294=FACE_BOUND('',#4293,.T.);
#4295=ADVANCED_FACE('NONE',(#4294),#4279,.F.);
#4296=CARTESIAN_POINT('',(146.87863907,107.135438664,416.457613508));
#4297=DIRECTION('',(0.,-0.,-1.));
#4298=DIRECTION('',(0.,1.,-0.));
#4299=AXIS2_PLACEMENT_3D('',#4296,#4297,#4298);
#4300=CYLINDRICAL_SURFACE('',#4299,5.);
#4301=CARTESIAN_POINT('',(146.87863907,112.135438664,410.457613508));
#4302=DIRECTION('',(-0.,0.,1.));
#4303=VECTOR('',#4302,5.);
#4304=LINE('',#4301,#4303);
#4305=EDGE_CURVE('',#2847,#721,#4304,.T.);
#4306=ORIENTED_EDGE('',*,*,#4305,.F.);
#4307=ORIENTED_EDGE('',*,*,#2871,.F.);
#4308=ORIENTED_EDGE('',*,*,#2864,.F.);
#4309=ORIENTED_EDGE('',*,*,#2855,.F.);
#4310=ORIENTED_EDGE('',*,*,#4305,.T.);
#4311=ORIENTED_EDGE('',*,*,#729,.T.);
#4312=ORIENTED_EDGE('',*,*,#745,.T.);
#4313=ORIENTED_EDGE('',*,*,#738,.T.);
#4314=EDGE_LOOP('',(#4306,#4307,#4308,#4309,#4310,#4311,#4312,#4313));
#4315=FACE_BOUND('',#4314,.T.);
#4316=ADVANCED_FACE('NONE',(#4315),#4300,.F.);
#4317=CARTESIAN_POINT('',(106.87863907,135.635438664,416.457613508));
#4318=DIRECTION('',(0.,-0.,-1.));
#4319=DIRECTION('',(0.,1.,-0.));
#4320=AXIS2_PLACEMENT_3D('',#4317,#4318,#4319);
#4321=CYLINDRICAL_SURFACE('',#4320,2.1);
#4322=CARTESIAN_POINT('',(106.87863907,137.735438664,410.457613508));
#4323=DIRECTION('',(-0.,0.,1.));
#4324=VECTOR('',#4323,5.);
#4325=LINE('',#4322,#4324);
#4326=EDGE_CURVE('',#2499,#750,#4325,.T.);
#4327=ORIENTED_EDGE('',*,*,#4326,.F.);
#4328=ORIENTED_EDGE('',*,*,#2523,.F.);
#4329=ORIENTED_EDGE('',*,*,#2516,.F.);
#4330=ORIENTED_EDGE('',*,*,#2507,.F.);
#4331=ORIENTED_EDGE('',*,*,#4326,.T.);
#4332=ORIENTED_EDGE('',*,*,#758,.T.);
#4333=ORIENTED_EDGE('',*,*,#774,.T.);
#4334=ORIENTED_EDGE('',*,*,#767,.T.);
#4335=EDGE_LOOP('',(#4327,#4328,#4329,#4330,#4331,#4332,#4333,#4334));
#4336=FACE_BOUND('',#4335,.T.);
#4337=ADVANCED_FACE('NONE',(#4336),#4321,.F.);
#4338=CARTESIAN_POINT('',(106.87863907,172.635438664,416.457613508));
#4339=DIRECTION('',(0.,-0.,-1.));
#4340=DIRECTION('',(0.,1.,-0.));
#4341=AXIS2_PLACEMENT_3D('',#4338,#4339,#4340);
#4342=CYLINDRICAL_SURFACE('',#4341,2.1);
#4343=CARTESIAN_POINT('',(106.87863907,174.735438664,410.457613508));
#4344=DIRECTION('',(-0.,0.,1.));
#4345=VECTOR('',#4344,5.);
#4346=LINE('',#4343,#4345);
#4347=EDGE_CURVE('',#2818,#779,#4346,.T.);
#4348=ORIENTED_EDGE('',*,*,#4347,.F.);
#4349=ORIENTED_EDGE('',*,*,#2842,.F.);
#4350=ORIENTED_EDGE('',*,*,#2835,.F.);
#4351=ORIENTED_EDGE('',*,*,#2826,.F.);
#4352=ORIENTED_EDGE('',*,*,#4347,.T.);
#4353=ORIENTED_EDGE('',*,*,#787,.T.);
#4354=ORIENTED_EDGE('',*,*,#803,.T.);
#4355=ORIENTED_EDGE('',*,*,#796,.T.);
#4356=EDGE_LOOP('',(#4348,#4349,#4350,#4351,#4352,#4353,#4354,#4355));
#4357=FACE_BOUND('',#4356,.T.);
#4358=ADVANCED_FACE('NONE',(#4357),#4342,.F.);
#4359=CARTESIAN_POINT('',(186.87863907,135.635438664,416.457613508));
#4360=DIRECTION('',(0.,-0.,-1.));
#4361=DIRECTION('',(0.,1.,-0.));
#4362=AXIS2_PLACEMENT_3D('',#4359,#4360,#4361);
#4363=CYLINDRICAL_SURFACE('',#4362,2.1);
#4364=CARTESIAN_POINT('',(186.87863907,137.735438664,410.457613508));
#4365=DIRECTION('',(-0.,0.,1.));
#4366=VECTOR('',#4365,5.);
#4367=LINE('',#4364,#4366);
#4368=EDGE_CURVE('',#2528,#808,#4367,.T.);
#4369=ORIENTED_EDGE('',*,*,#4368,.F.);
#4370=ORIENTED_EDGE('',*,*,#2552,.F.);
#4371=ORIENTED_EDGE('',*,*,#2545,.F.);
#4372=ORIENTED_EDGE('',*,*,#2536,.F.);
#4373=ORIENTED_EDGE('',*,*,#4368,.T.);
#4374=ORIENTED_EDGE('',*,*,#816,.T.);
#4375=ORIENTED_EDGE('',*,*,#832,.T.);
#4376=ORIENTED_EDGE('',*,*,#825,.T.);
#4377=EDGE_LOOP('',(#4369,#4370,#4371,#4372,#4373,#4374,#4375,#4376));
#4378=FACE_BOUND('',#4377,.T.);
#4379=ADVANCED_FACE('NONE',(#4378),#4363,.F.);
#4380=CARTESIAN_POINT('',(186.87863907,172.635438664,416.457613508));
#4381=DIRECTION('',(0.,-0.,-1.));
#4382=DIRECTION('',(0.,1.,-0.));
#4383=AXIS2_PLACEMENT_3D('',#4380,#4381,#4382);
#4384=CYLINDRICAL_SURFACE('',#4383,2.1);
#4385=CARTESIAN_POINT('',(186.87863907,174.735438664,410.457613508));
#4386=DIRECTION('',(-0.,0.,1.));
#4387=VECTOR('',#4386,5.);
#4388=LINE('',#4385,#4387);
#4389=EDGE_CURVE('',#2789,#837,#4388,.T.);
#4390=ORIENTED_EDGE('',*,*,#4389,.F.);
#4391=ORIENTED_EDGE('',*,*,#2813,.F.);
#4392=ORIENTED_EDGE('',*,*,#2806,.F.);
#4393=ORIENTED_EDGE('',*,*,#2797,.F.);
#4394=ORIENTED_EDGE('',*,*,#4389,.T.);
#4395=ORIENTED_EDGE('',*,*,#845,.T.);
#4396=ORIENTED_EDGE('',*,*,#861,.T.);
#4397=ORIENTED_EDGE('',*,*,#854,.T.);
#4398=EDGE_LOOP('',(#4390,#4391,#4392,#4393,#4394,#4395,#4396,#4397));
#4399=FACE_BOUND('',#4398,.T.);
#4400=ADVANCED_FACE('NONE',(#4399),#4384,.F.);
#4401=CARTESIAN_POINT('',(146.87863907,144.135438664,416.457613508));
#4402=DIRECTION('',(0.,-0.,-1.));
#4403=DIRECTION('',(0.,1.,-0.));
#4404=AXIS2_PLACEMENT_3D('',#4401,#4402,#4403);
#4405=CYLINDRICAL_SURFACE('',#4404,5.);
#4406=CARTESIAN_POINT('',(146.87863907,149.135438664,410.457613508));
#4407=DIRECTION('',(-0.,0.,1.));
#4408=VECTOR('',#4407,5.);
#4409=LINE('',#4406,#4408);
#4410=EDGE_CURVE('',#3890,#1519,#4409,.T.);
#4411=ORIENTED_EDGE('',*,*,#4410,.F.);
#4412=ORIENTED_EDGE('',*,*,#3914,.F.);
#4413=ORIENTED_EDGE('',*,*,#3907,.F.);
#4414=ORIENTED_EDGE('',*,*,#3898,.F.);
#4415=ORIENTED_EDGE('',*,*,#4410,.T.);
#4416=ORIENTED_EDGE('',*,*,#1525,.F.);
#4417=EDGE_LOOP('',(#4411,#4412,#4413,#4414,#4415,#4416));
#4418=FACE_BOUND('',#4417,.T.);
#4419=ADVANCED_FACE('NONE',(#4418),#4405,.F.);
#4420=CARTESIAN_POINT('',(186.87863907,154.135438664,416.457613508));
#4421=DIRECTION('',(0.,-0.,-1.));
#4422=DIRECTION('',(0.,1.,-0.));
#4423=AXIS2_PLACEMENT_3D('',#4420,#4421,#4422);
#4424=CYLINDRICAL_SURFACE('',#4423,5.);
#4425=CARTESIAN_POINT('',(186.87863907,159.135438664,410.457613508));
#4426=DIRECTION('',(-0.,0.,1.));
#4427=VECTOR('',#4426,5.);
#4428=LINE('',#4425,#4427);
#4429=EDGE_CURVE('',#3850,#237,#4428,.T.);
#4430=ORIENTED_EDGE('',*,*,#4429,.F.);
#4431=ORIENTED_EDGE('',*,*,#3874,.F.);
#4432=ORIENTED_EDGE('',*,*,#3867,.F.);
#4433=ORIENTED_EDGE('',*,*,#3858,.F.);
#4434=ORIENTED_EDGE('',*,*,#4429,.T.);
#4435=ORIENTED_EDGE('',*,*,#243,.F.);
#4436=EDGE_LOOP('',(#4430,#4431,#4432,#4433,#4434,#4435));
#4437=FACE_BOUND('',#4436,.T.);
#4438=ADVANCED_FACE('NONE',(#4437),#4424,.F.);
#4439=CARTESIAN_POINT('',(106.87863907,154.135438664,416.457613508));
#4440=DIRECTION('',(0.,-0.,-1.));
#4441=DIRECTION('',(0.,1.,-0.));
#4442=AXIS2_PLACEMENT_3D('',#4439,#4440,#4441);
#4443=CYLINDRICAL_SURFACE('',#4442,5.);
#4444=CARTESIAN_POINT('',(106.87863907,159.135438664,410.457613508));
#4445=DIRECTION('',(-0.,0.,1.));
#4446=VECTOR('',#4445,5.);
#4447=LINE('',#4444,#4446);
#4448=EDGE_CURVE('',#3930,#248,#4447,.T.);
#4449=ORIENTED_EDGE('',*,*,#4448,.F.);
#4450=ORIENTED_EDGE('',*,*,#3954,.F.);
#4451=ORIENTED_EDGE('',*,*,#3947,.F.);
#4452=ORIENTED_EDGE('',*,*,#3938,.F.);
#4453=ORIENTED_EDGE('',*,*,#4448,.T.);
#4454=ORIENTED_EDGE('',*,*,#254,.F.);
#4455=EDGE_LOOP('',(#4449,#4450,#4451,#4452,#4453,#4454));
#4456=FACE_BOUND('',#4455,.T.);
#4457=ADVANCED_FACE('NONE',(#4456),#4443,.F.);
#4458=CARTESIAN_POINT('',(66.87863907,236.135438664,416.457613508));
#4459=DIRECTION('',(0.,-0.,-1.));
#4460=DIRECTION('',(0.,1.,-0.));
#4461=AXIS2_PLACEMENT_3D('',#4458,#4459,#4460);
#4462=CYLINDRICAL_SURFACE('',#4461,2.6);
#4463=CARTESIAN_POINT('',(66.87863907,238.735438664,410.457613508));
#4464=DIRECTION('',(-0.,0.,1.));
#4465=VECTOR('',#4464,5.);
#4466=LINE('',#4463,#4465);
#4467=EDGE_CURVE('',#2760,#866,#4466,.T.);
#4468=ORIENTED_EDGE('',*,*,#4467,.F.);
#4469=ORIENTED_EDGE('',*,*,#2784,.F.);
#4470=ORIENTED_EDGE('',*,*,#2777,.F.);
#4471=ORIENTED_EDGE('',*,*,#2768,.F.);
#4472=ORIENTED_EDGE('',*,*,#4467,.T.);
#4473=ORIENTED_EDGE('',*,*,#874,.T.);
#4474=ORIENTED_EDGE('',*,*,#890,.T.);
#4475=ORIENTED_EDGE('',*,*,#883,.T.);
#4476=EDGE_LOOP('',(#4468,#4469,#4470,#4471,#4472,#4473,#4474,#4475));
#4477=FACE_BOUND('',#4476,.T.);
#4478=ADVANCED_FACE('NONE',(#4477),#4462,.F.);
#4479=CARTESIAN_POINT('',(125.87863907,174.135438664,416.457613508));
#4480=DIRECTION('',(0.,-0.,-1.));
#4481=DIRECTION('',(0.,1.,-0.));
#4482=AXIS2_PLACEMENT_3D('',#4479,#4480,#4481);
#4483=CYLINDRICAL_SURFACE('',#4482,2.6);
#4484=CARTESIAN_POINT('',(125.87863907,176.735438664,410.457613508));
#4485=DIRECTION('',(-0.,0.,1.));
#4486=VECTOR('',#4485,5.);
#4487=LINE('',#4484,#4486);
#4488=EDGE_CURVE('',#2557,#895,#4487,.T.);
#4489=ORIENTED_EDGE('',*,*,#4488,.F.);
#4490=ORIENTED_EDGE('',*,*,#2581,.F.);
#4491=ORIENTED_EDGE('',*,*,#2574,.F.);
#4492=ORIENTED_EDGE('',*,*,#2565,.F.);
#4493=ORIENTED_EDGE('',*,*,#4488,.T.);
#4494=ORIENTED_EDGE('',*,*,#903,.T.);
#4495=ORIENTED_EDGE('',*,*,#919,.T.);
#4496=ORIENTED_EDGE('',*,*,#912,.T.);
#4497=EDGE_LOOP('',(#4489,#4490,#4491,#4492,#4493,#4494,#4495,#4496));
#4498=FACE_BOUND('',#4497,.T.);
#4499=ADVANCED_FACE('NONE',(#4498),#4483,.F.);
#4500=CARTESIAN_POINT('',(125.87863907,119.135438664,416.457613508));
#4501=DIRECTION('',(0.,-0.,-1.));
#4502=DIRECTION('',(0.,1.,-0.));
#4503=AXIS2_PLACEMENT_3D('',#4500,#4501,#4502);
#4504=CYLINDRICAL_SURFACE('',#4503,2.6);
#4505=CARTESIAN_POINT('',(125.87863907,121.735438664,410.457613508));
#4506=DIRECTION('',(-0.,0.,1.));
#4507=VECTOR('',#4506,5.);
#4508=LINE('',#4505,#4507);
#4509=EDGE_CURVE('',#2731,#924,#4508,.T.);
#4510=ORIENTED_EDGE('',*,*,#4509,.F.);
#4511=ORIENTED_EDGE('',*,*,#2755,.F.);
#4512=ORIENTED_EDGE('',*,*,#2748,.F.);
#4513=ORIENTED_EDGE('',*,*,#2739,.F.);
#4514=ORIENTED_EDGE('',*,*,#4509,.T.);
#4515=ORIENTED_EDGE('',*,*,#932,.T.);
#4516=ORIENTED_EDGE('',*,*,#948,.T.);
#4517=ORIENTED_EDGE('',*,*,#941,.T.);
#4518=EDGE_LOOP('',(#4510,#4511,#4512,#4513,#4514,#4515,#4516,#4517));
#4519=FACE_BOUND('',#4518,.T.);
#4520=ADVANCED_FACE('NONE',(#4519),#4504,.F.);
#4521=CARTESIAN_POINT('',(167.87863907,174.135438664,416.457613508));
#4522=DIRECTION('',(0.,-0.,-1.));
#4523=DIRECTION('',(0.,1.,-0.));
#4524=AXIS2_PLACEMENT_3D('',#4521,#4522,#4523);
#4525=CYLINDRICAL_SURFACE('',#4524,2.6);
#4526=CARTESIAN_POINT('',(167.87863907,176.735438664,410.457613508));
#4527=DIRECTION('',(-0.,0.,1.));
#4528=VECTOR('',#4527,5.);
#4529=LINE('',#4526,#4528);
#4530=EDGE_CURVE('',#2586,#953,#4529,.T.);
#4531=ORIENTED_EDGE('',*,*,#4530,.F.);
#4532=ORIENTED_EDGE('',*,*,#2610,.F.);
#4533=ORIENTED_EDGE('',*,*,#2603,.F.);
#4534=ORIENTED_EDGE('',*,*,#2594,.F.);
#4535=ORIENTED_EDGE('',*,*,#4530,.T.);
#4536=ORIENTED_EDGE('',*,*,#961,.T.);
#4537=ORIENTED_EDGE('',*,*,#977,.T.);
#4538=ORIENTED_EDGE('',*,*,#970,.T.);
#4539=EDGE_LOOP('',(#4531,#4532,#4533,#4534,#4535,#4536,#4537,#4538));
#4540=FACE_BOUND('',#4539,.T.);
#4541=ADVANCED_FACE('NONE',(#4540),#4525,.F.);
#4542=CARTESIAN_POINT('',(167.87863907,119.135438664,416.457613508));
#4543=DIRECTION('',(0.,-0.,-1.));
#4544=DIRECTION('',(0.,1.,-0.));
#4545=AXIS2_PLACEMENT_3D('',#4542,#4543,#4544);
#4546=CYLINDRICAL_SURFACE('',#4545,2.6);
#4547=CARTESIAN_POINT('',(167.87863907,121.735438664,410.457613508));
#4548=DIRECTION('',(-0.,0.,1.));
#4549=VECTOR('',#4548,5.);
#4550=LINE('',#4547,#4549);
#4551=EDGE_CURVE('',#2702,#982,#4550,.T.);
#4552=ORIENTED_EDGE('',*,*,#4551,.F.);
#4553=ORIENTED_EDGE('',*,*,#2726,.F.);
#4554=ORIENTED_EDGE('',*,*,#2719,.F.);
#4555=ORIENTED_EDGE('',*,*,#2710,.F.);
#4556=ORIENTED_EDGE('',*,*,#4551,.T.);
#4557=ORIENTED_EDGE('',*,*,#990,.T.);
#4558=ORIENTED_EDGE('',*,*,#1006,.T.);
#4559=ORIENTED_EDGE('',*,*,#999,.T.);
#4560=EDGE_LOOP('',(#4552,#4553,#4554,#4555,#4556,#4557,#4558,#4559));
#4561=FACE_BOUND('',#4560,.T.);
#4562=ADVANCED_FACE('NONE',(#4561),#4546,.F.);
#4563=CARTESIAN_POINT('',(66.87863907,194.135438664,416.457613508));
#4564=DIRECTION('',(0.,-0.,-1.));
#4565=DIRECTION('',(0.,1.,-0.));
#4566=AXIS2_PLACEMENT_3D('',#4563,#4564,#4565);
#4567=CYLINDRICAL_SURFACE('',#4566,2.6);
#4568=CARTESIAN_POINT('',(66.87863907,196.735438664,410.457613508));
#4569=DIRECTION('',(-0.,0.,1.));
#4570=VECTOR('',#4569,5.);
#4571=LINE('',#4568,#4570);
#4572=EDGE_CURVE('',#2615,#1011,#4571,.T.);
#4573=ORIENTED_EDGE('',*,*,#4572,.F.);
#4574=ORIENTED_EDGE('',*,*,#2639,.F.);
#4575=ORIENTED_EDGE('',*,*,#2632,.F.);
#4576=ORIENTED_EDGE('',*,*,#2623,.F.);
#4577=ORIENTED_EDGE('',*,*,#4572,.T.);
#4578=ORIENTED_EDGE('',*,*,#1019,.T.);
#4579=ORIENTED_EDGE('',*,*,#1035,.T.);
#4580=ORIENTED_EDGE('',*,*,#1028,.T.);
#4581=EDGE_LOOP('',(#4573,#4574,#4575,#4576,#4577,#4578,#4579,#4580));
#4582=FACE_BOUND('',#4581,.T.);
#4583=ADVANCED_FACE('NONE',(#4582),#4567,.F.);
#4584=CARTESIAN_POINT('',(226.87863907,194.135438664,416.457613508));
#4585=DIRECTION('',(0.,-0.,-1.));
#4586=DIRECTION('',(0.,1.,-0.));
#4587=AXIS2_PLACEMENT_3D('',#4584,#4585,#4586);
#4588=CYLINDRICAL_SURFACE('',#4587,2.6);
#4589=CARTESIAN_POINT('',(226.87863907,196.735438664,410.457613508));
#4590=DIRECTION('',(-0.,0.,1.));
#4591=VECTOR('',#4590,5.);
#4592=LINE('',#4589,#4591);
#4593=EDGE_CURVE('',#2673,#1040,#4592,.T.);
#4594=ORIENTED_EDGE('',*,*,#4593,.F.);
#4595=ORIENTED_EDGE('',*,*,#2697,.F.);
#4596=ORIENTED_EDGE('',*,*,#2690,.F.);
#4597=ORIENTED_EDGE('',*,*,#2681,.F.);
#4598=ORIENTED_EDGE('',*,*,#4593,.T.);
#4599=ORIENTED_EDGE('',*,*,#1048,.T.);
#4600=ORIENTED_EDGE('',*,*,#1064,.T.);
#4601=ORIENTED_EDGE('',*,*,#1057,.T.);
#4602=EDGE_LOOP('',(#4594,#4595,#4596,#4597,#4598,#4599,#4600,#4601));
#4603=FACE_BOUND('',#4602,.T.);
#4604=ADVANCED_FACE('NONE',(#4603),#4588,.F.);
#4605=CARTESIAN_POINT('',(226.87863907,236.135438664,416.457613508));
#4606=DIRECTION('',(0.,-0.,-1.));
#4607=DIRECTION('',(0.,1.,-0.));
#4608=AXIS2_PLACEMENT_3D('',#4605,#4606,#4607);
#4609=CYLINDRICAL_SURFACE('',#4608,2.6);
#4610=CARTESIAN_POINT('',(226.87863907,238.735438664,410.457613508));
#4611=DIRECTION('',(-0.,0.,1.));
#4612=VECTOR('',#4611,5.);
#4613=LINE('',#4610,#4612);
#4614=EDGE_CURVE('',#2644,#1069,#4613,.T.);
#4615=ORIENTED_EDGE('',*,*,#4614,.F.);
#4616=ORIENTED_EDGE('',*,*,#2668,.F.);
#4617=ORIENTED_EDGE('',*,*,#2661,.F.);
#4618=ORIENTED_EDGE('',*,*,#2652,.F.);
#4619=ORIENTED_EDGE('',*,*,#4614,.T.);
#4620=ORIENTED_EDGE('',*,*,#1077,.T.);
#4621=ORIENTED_EDGE('',*,*,#1093,.T.);
#4622=ORIENTED_EDGE('',*,*,#1086,.T.);
#4623=EDGE_LOOP('',(#4615,#4616,#4617,#4618,#4619,#4620,#4621,#4622));
#4624=FACE_BOUND('',#4623,.T.);
#4625=ADVANCED_FACE('NONE',(#4624),#4609,.F.);
#4626=CARTESIAN_POINT('',(26.87863907,274.135438664,416.457613508));
#4627=DIRECTION('',(-0.,-1.,0.));
#4628=DIRECTION('',(1.,-0.,0.));
#4629=AXIS2_PLACEMENT_3D('',#4626,#4627,#4628);
#4630=PLANE('',#4629);
#4631=ORIENTED_EDGE('',*,*,#1733,.F.);
#4632=CARTESIAN_POINT('',(246.736503446,274.135438664,415.457613508));
#4633=DIRECTION('',(-0.,-0.,-1.));
#4634=VECTOR('',#4633,5.);
#4635=LINE('',#4632,#4634);
#4636=EDGE_CURVE('',#1719,#1965,#4635,.T.);
#4637=ORIENTED_EDGE('',*,*,#4636,.T.);
#4638=ORIENTED_EDGE('',*,*,#1970,.T.);
#4639=CARTESIAN_POINT('',(233.535493319,274.135438664,410.457613508));
#4640=DIRECTION('',(0.,0.,1.));
#4641=VECTOR('',#4640,5.);
#4642=LINE('',#4639,#4641);
#4643=EDGE_CURVE('',#1956,#1728,#4642,.T.);
#4644=ORIENTED_EDGE('',*,*,#4643,.T.);
#4645=EDGE_LOOP('',(#4631,#4637,#4638,#4644));
#4646=FACE_BOUND('',#4645,.T.);
#4647=ADVANCED_FACE('NONE',(#4646),#4630,.F.);
#4648=CARTESIAN_POINT('',(191.87863907,185.851167417,554.457613508));
#4649=DIRECTION('',(0.,1.,-0.));
#4650=DIRECTION('',(-1.,0.,0.));
#4651=AXIS2_PLACEMENT_3D('',#4648,#4649,#4650);
#4652=PLANE('',#4651);
#4653=ORIENTED_EDGE('',*,*,#1563,.T.);
#4654=CARTESIAN_POINT('',(194.341299508,185.851167417,415.457613508));
#4655=DIRECTION('',(0.,-0.,-1.));
#4656=VECTOR('',#4655,5.);
#4657=LINE('',#4654,#4656);
#4658=EDGE_CURVE('',#1549,#3805,#4657,.T.);
#4659=ORIENTED_EDGE('',*,*,#4658,.T.);
#4660=ORIENTED_EDGE('',*,*,#3810,.F.);
#4661=CARTESIAN_POINT('',(189.415978631,185.851167417,410.457613508));
#4662=DIRECTION('',(-0.,0.,1.));
#4663=VECTOR('',#4662,5.);
#4664=LINE('',#4661,#4663);
#4665=EDGE_CURVE('',#3796,#1558,#4664,.T.);
#4666=ORIENTED_EDGE('',*,*,#4665,.T.);
#4667=EDGE_LOOP('',(#4653,#4659,#4660,#4666));
#4668=FACE_BOUND('',#4667,.T.);
#4669=ADVANCED_FACE('',(#4668),#4652,.T.);
#4670=CARTESIAN_POINT('',(187.415978631,219.404056126,554.457613508));
#4671=DIRECTION('',(1.,0.,0.));
#4672=DIRECTION('',(0.,1.,-0.));
#4673=AXIS2_PLACEMENT_3D('',#4670,#4671,#4672);
#4674=PLANE('',#4673);
#4675=ORIENTED_EDGE('',*,*,#3793,.F.);
#4676=CARTESIAN_POINT('',(187.415978631,250.956944835,410.457613508));
#4677=DIRECTION('',(-0.,0.,1.));
#4678=VECTOR('',#4677,5.);
#4679=LINE('',#4676,#4678);
#4680=EDGE_CURVE('',#3779,#1575,#4679,.T.);
#4681=ORIENTED_EDGE('',*,*,#4680,.T.);
#4682=ORIENTED_EDGE('',*,*,#1580,.T.);
#4683=CARTESIAN_POINT('',(187.415978631,187.851167417,415.457613508));
#4684=DIRECTION('',(0.,-0.,-1.));
#4685=VECTOR('',#4684,5.);
#4686=LINE('',#4683,#4685);
#4687=EDGE_CURVE('',#1566,#3788,#4686,.T.);
#4688=ORIENTED_EDGE('',*,*,#4687,.T.);
#4689=EDGE_LOOP('',(#4675,#4681,#4682,#4688));
#4690=FACE_BOUND('',#4689,.T.);
#4691=ADVANCED_FACE('',(#4690),#4674,.T.);
#4692=CARTESIAN_POINT('',(191.87863907,252.956944835,554.457613508));
#4693=DIRECTION('',(0.,-1.,0.));
#4694=DIRECTION('',(1.,0.,0.));
#4695=AXIS2_PLACEMENT_3D('',#4692,#4693,#4694);
#4696=PLANE('',#4695);
#4697=ORIENTED_EDGE('',*,*,#3776,.F.);
#4698=CARTESIAN_POINT('',(194.341299508,252.956944835,410.457613508));
#4699=DIRECTION('',(-0.,0.,1.));
#4700=VECTOR('',#4699,5.);
#4701=LINE('',#4698,#4700);
#4702=EDGE_CURVE('',#3762,#1530,#4701,.T.);
#4703=ORIENTED_EDGE('',*,*,#4702,.T.);
#4704=ORIENTED_EDGE('',*,*,#1595,.T.);
#4705=CARTESIAN_POINT('',(189.415978631,252.956944835,415.457613508));
#4706=DIRECTION('',(0.,-0.,-1.));
#4707=VECTOR('',#4706,5.);
#4708=LINE('',#4705,#4707);
#4709=EDGE_CURVE('',#1583,#3771,#4708,.T.);
#4710=ORIENTED_EDGE('',*,*,#4709,.T.);
#4711=EDGE_LOOP('',(#4697,#4703,#4704,#4710));
#4712=FACE_BOUND('',#4711,.T.);
#4713=ADVANCED_FACE('',(#4712),#4696,.T.);
#4714=CARTESIAN_POINT('',(185.947564079,113.725510707,421.457613508));
#4715=DIRECTION('',(1.,0.,0.));
#4716=DIRECTION('',(0.,1.,-0.));
#4717=AXIS2_PLACEMENT_3D('',#4714,#4715,#4716);
#4718=PLANE('',#4717);
#4719=ORIENTED_EDGE('',*,*,#1175,.T.);
#4720=CARTESIAN_POINT('',(185.947564079,111.725510707,415.457613508));
#4721=DIRECTION('',(0.,-0.,-1.));
#4722=VECTOR('',#4721,5.);
#4723=LINE('',#4720,#4722);
#4724=EDGE_CURVE('',#1170,#2982,#4723,.T.);
#4725=ORIENTED_EDGE('',*,*,#4724,.T.);
#4726=ORIENTED_EDGE('',*,*,#2987,.F.);
#4727=CARTESIAN_POINT('',(185.947564079,115.725510707,410.457613508));
#4728=DIRECTION('',(-0.,0.,1.));
#4729=VECTOR('',#4728,5.);
#4730=LINE('',#4727,#4729);
#4731=EDGE_CURVE('',#2973,#1168,#4730,.T.);
#4732=ORIENTED_EDGE('',*,*,#4731,.T.);
#4733=EDGE_LOOP('',(#4719,#4725,#4726,#4732));
#4734=FACE_BOUND('',#4733,.T.);
#4735=ADVANCED_FACE('',(#4734),#4718,.T.);
#4736=CARTESIAN_POINT('',(200.947564079,118.725510707,421.457613508));
#4737=DIRECTION('',(0.,-1.,0.));
#4738=DIRECTION('',(1.,0.,0.));
#4739=AXIS2_PLACEMENT_3D('',#4736,#4737,#4738);
#4740=PLANE('',#4739);
#4741=ORIENTED_EDGE('',*,*,#2970,.F.);
#4742=CARTESIAN_POINT('',(212.947564079,118.725510707,410.457613508));
#4743=DIRECTION('',(-0.,0.,1.));
#4744=VECTOR('',#4743,5.);
#4745=LINE('',#4742,#4744);
#4746=EDGE_CURVE('',#2956,#1187,#4745,.T.);
#4747=ORIENTED_EDGE('',*,*,#4746,.T.);
#4748=ORIENTED_EDGE('',*,*,#1192,.T.);
#4749=CARTESIAN_POINT('',(188.947564079,118.725510707,415.457613508));
#4750=DIRECTION('',(0.,-0.,-1.));
#4751=VECTOR('',#4750,5.);
#4752=LINE('',#4749,#4751);
#4753=EDGE_CURVE('',#1178,#2965,#4752,.T.);
#4754=ORIENTED_EDGE('',*,*,#4753,.T.);
#4755=EDGE_LOOP('',(#4741,#4747,#4748,#4754));
#4756=FACE_BOUND('',#4755,.T.);
#4757=ADVANCED_FACE('',(#4756),#4740,.T.);
#4758=CARTESIAN_POINT('',(215.947564079,113.725510707,421.457613508));
#4759=DIRECTION('',(-1.,0.,0.));
#4760=DIRECTION('',(0.,-1.,0.));
#4761=AXIS2_PLACEMENT_3D('',#4758,#4759,#4760);
#4762=PLANE('',#4761);
#4763=ORIENTED_EDGE('',*,*,#2953,.F.);
#4764=CARTESIAN_POINT('',(215.947564079,111.725510707,410.457613508));
#4765=DIRECTION('',(-0.,0.,1.));
#4766=VECTOR('',#4765,5.);
#4767=LINE('',#4764,#4766);
#4768=EDGE_CURVE('',#2946,#1204,#4767,.T.);
#4769=ORIENTED_EDGE('',*,*,#4768,.T.);
#4770=ORIENTED_EDGE('',*,*,#1209,.T.);
#4771=CARTESIAN_POINT('',(215.947564079,115.725510707,415.457613508));
#4772=DIRECTION('',(0.,-0.,-1.));
#4773=VECTOR('',#4772,5.);
#4774=LINE('',#4771,#4773);
#4775=EDGE_CURVE('',#1195,#2948,#4774,.T.);
#4776=ORIENTED_EDGE('',*,*,#4775,.T.);
#4777=EDGE_LOOP('',(#4763,#4769,#4770,#4776));
#4778=FACE_BOUND('',#4777,.T.);
#4779=ADVANCED_FACE('',(#4778),#4762,.T.);
#4780=CARTESIAN_POINT('',(200.947564079,108.725510707,421.457613508));
#4781=DIRECTION('',(0.,1.,-0.));
#4782=DIRECTION('',(-1.,0.,0.));
#4783=AXIS2_PLACEMENT_3D('',#4780,#4781,#4782);
#4784=PLANE('',#4783);
#4785=ORIENTED_EDGE('',*,*,#1226,.T.);
#4786=CARTESIAN_POINT('',(212.947564079,108.725510707,415.457613508));
#4787=DIRECTION('',(0.,-0.,-1.));
#4788=VECTOR('',#4787,5.);
#4789=LINE('',#4786,#4788);
#4790=EDGE_CURVE('',#1212,#2999,#4789,.T.);
#4791=ORIENTED_EDGE('',*,*,#4790,.T.);
#4792=ORIENTED_EDGE('',*,*,#3004,.F.);
#4793=CARTESIAN_POINT('',(188.947564079,108.725510707,410.457613508));
#4794=DIRECTION('',(-0.,0.,1.));
#4795=VECTOR('',#4794,5.);
#4796=LINE('',#4793,#4795);
#4797=EDGE_CURVE('',#2990,#1221,#4796,.T.);
#4798=ORIENTED_EDGE('',*,*,#4797,.T.);
#4799=EDGE_LOOP('',(#4785,#4791,#4792,#4798));
#4800=FACE_BOUND('',#4799,.T.);
#4801=ADVANCED_FACE('',(#4800),#4784,.T.);
#4802=CARTESIAN_POINT('',(92.80971406,108.725510707,421.457613508));
#4803=DIRECTION('',(0.,-1.,0.));
#4804=DIRECTION('',(1.,0.,0.));
#4805=AXIS2_PLACEMENT_3D('',#4802,#4803,#4804);
#4806=PLANE('',#4805);
#4807=ORIENTED_EDGE('',*,*,#663,.F.);
#4808=CARTESIAN_POINT('',(104.80971406,108.725510707,415.457613508));
#4809=DIRECTION('',(0.,-0.,-1.));
#4810=VECTOR('',#4809,5.);
#4811=LINE('',#4808,#4810);
#4812=EDGE_CURVE('',#649,#2400,#4811,.T.);
#4813=ORIENTED_EDGE('',*,*,#4812,.T.);
#4814=ORIENTED_EDGE('',*,*,#2407,.T.);
#4815=CARTESIAN_POINT('',(80.80971406,108.725510707,410.457613508));
#4816=DIRECTION('',(-0.,0.,1.));
#4817=VECTOR('',#4816,5.);
#4818=LINE('',#4815,#4817);
#4819=EDGE_CURVE('',#2402,#658,#4818,.T.);
#4820=ORIENTED_EDGE('',*,*,#4819,.T.);
#4821=EDGE_LOOP('',(#4807,#4813,#4814,#4820));
#4822=FACE_BOUND('',#4821,.T.);
#4823=ADVANCED_FACE('',(#4822),#4806,.F.);
#4824=CARTESIAN_POINT('',(77.80971406,113.725510707,421.457613508));
#4825=DIRECTION('',(-1.,0.,0.));
#4826=DIRECTION('',(0.,-1.,0.));
#4827=AXIS2_PLACEMENT_3D('',#4824,#4825,#4826);
#4828=PLANE('',#4827);
#4829=ORIENTED_EDGE('',*,*,#680,.F.);
#4830=CARTESIAN_POINT('',(77.80971406,111.725510707,415.457613508));
#4831=DIRECTION('',(0.,-0.,-1.));
#4832=VECTOR('',#4831,5.);
#4833=LINE('',#4830,#4832);
#4834=EDGE_CURVE('',#666,#2453,#4833,.T.);
#4835=ORIENTED_EDGE('',*,*,#4834,.T.);
#4836=ORIENTED_EDGE('',*,*,#2458,.T.);
#4837=CARTESIAN_POINT('',(77.80971406,115.725510707,410.457613508));
#4838=DIRECTION('',(-0.,0.,1.));
#4839=VECTOR('',#4838,5.);
#4840=LINE('',#4837,#4839);
#4841=EDGE_CURVE('',#2444,#675,#4840,.T.);
#4842=ORIENTED_EDGE('',*,*,#4841,.T.);
#4843=EDGE_LOOP('',(#4829,#4835,#4836,#4842));
#4844=FACE_BOUND('',#4843,.T.);
#4845=ADVANCED_FACE('',(#4844),#4828,.F.);
#4846=CARTESIAN_POINT('',(92.80971406,118.725510707,421.457613508));
#4847=DIRECTION('',(0.,1.,-0.));
#4848=DIRECTION('',(-1.,0.,0.));
#4849=AXIS2_PLACEMENT_3D('',#4846,#4847,#4848);
#4850=PLANE('',#4849);
#4851=ORIENTED_EDGE('',*,*,#2441,.T.);
#4852=CARTESIAN_POINT('',(104.80971406,118.725510707,410.457613508));
#4853=DIRECTION('',(-0.,0.,1.));
#4854=VECTOR('',#4853,5.);
#4855=LINE('',#4852,#4854);
#4856=EDGE_CURVE('',#2427,#624,#4855,.T.);
#4857=ORIENTED_EDGE('',*,*,#4856,.T.);
#4858=ORIENTED_EDGE('',*,*,#629,.F.);
#4859=CARTESIAN_POINT('',(80.80971406,118.725510707,415.457613508));
#4860=DIRECTION('',(0.,-0.,-1.));
#4861=VECTOR('',#4860,5.);
#4862=LINE('',#4859,#4861);
#4863=EDGE_CURVE('',#622,#2436,#4862,.T.);
#4864=ORIENTED_EDGE('',*,*,#4863,.T.);
#4865=EDGE_LOOP('',(#4851,#4857,#4858,#4864));
#4866=FACE_BOUND('',#4865,.T.);
#4867=ADVANCED_FACE('',(#4866),#4850,.F.);
#4868=CARTESIAN_POINT('',(107.80971406,113.725510707,421.457613508));
#4869=DIRECTION('',(1.,0.,0.));
#4870=DIRECTION('',(0.,1.,-0.));
#4871=AXIS2_PLACEMENT_3D('',#4868,#4869,#4870);
#4872=PLANE('',#4871);
#4873=ORIENTED_EDGE('',*,*,#2424,.T.);
#4874=CARTESIAN_POINT('',(107.80971406,111.725510707,410.457613508));
#4875=DIRECTION('',(-0.,0.,1.));
#4876=VECTOR('',#4875,5.);
#4877=LINE('',#4874,#4876);
#4878=EDGE_CURVE('',#2410,#641,#4877,.T.);
#4879=ORIENTED_EDGE('',*,*,#4878,.T.);
#4880=ORIENTED_EDGE('',*,*,#646,.F.);
#4881=CARTESIAN_POINT('',(107.80971406,115.725510707,415.457613508));
#4882=DIRECTION('',(0.,-0.,-1.));
#4883=VECTOR('',#4882,5.);
#4884=LINE('',#4881,#4883);
#4885=EDGE_CURVE('',#632,#2419,#4884,.T.);
#4886=ORIENTED_EDGE('',*,*,#4885,.T.);
#4887=EDGE_LOOP('',(#4873,#4879,#4880,#4886));
#4888=FACE_BOUND('',#4887,.T.);
#4889=ADVANCED_FACE('',(#4888),#4872,.F.);
#4890=CARTESIAN_POINT('',(212.947564079,111.725510707,421.457613508));
#4891=DIRECTION('',(0.,0.,1.));
#4892=DIRECTION('',(0.,-1.,0.));
#4893=AXIS2_PLACEMENT_3D('',#4890,#4891,#4892);
#4894=CYLINDRICAL_SURFACE('',#4893,3.);
#4895=ORIENTED_EDGE('',*,*,#1218,.F.);
#4896=ORIENTED_EDGE('',*,*,#4768,.F.);
#4897=ORIENTED_EDGE('',*,*,#3011,.F.);
#4898=ORIENTED_EDGE('',*,*,#4790,.F.);
#4899=EDGE_LOOP('',(#4895,#4896,#4897,#4898));
#4900=FACE_BOUND('',#4899,.T.);
#4901=ADVANCED_FACE('',(#4900),#4894,.F.);
#4902=CARTESIAN_POINT('',(104.80971406,111.725510707,421.457613508));
#4903=DIRECTION('',(0.,0.,1.));
#4904=DIRECTION('',(0.,-1.,0.));
#4905=AXIS2_PLACEMENT_3D('',#4902,#4903,#4904);
#4906=CYLINDRICAL_SURFACE('',#4905,3.);
#4907=ORIENTED_EDGE('',*,*,#655,.F.);
#4908=ORIENTED_EDGE('',*,*,#4878,.F.);
#4909=ORIENTED_EDGE('',*,*,#2416,.F.);
#4910=ORIENTED_EDGE('',*,*,#4812,.F.);
#4911=EDGE_LOOP('',(#4907,#4908,#4909,#4910));
#4912=FACE_BOUND('',#4911,.T.);
#4913=ADVANCED_FACE('',(#4912),#4906,.F.);
#4914=CARTESIAN_POINT('',(188.947564079,111.725510707,421.457613508));
#4915=DIRECTION('',(0.,0.,1.));
#4916=DIRECTION('',(0.,-1.,0.));
#4917=AXIS2_PLACEMENT_3D('',#4914,#4915,#4916);
#4918=CYLINDRICAL_SURFACE('',#4917,3.);
#4919=ORIENTED_EDGE('',*,*,#1233,.F.);
#4920=ORIENTED_EDGE('',*,*,#4797,.F.);
#4921=ORIENTED_EDGE('',*,*,#2996,.F.);
#4922=ORIENTED_EDGE('',*,*,#4724,.F.);
#4923=EDGE_LOOP('',(#4919,#4920,#4921,#4922));
#4924=FACE_BOUND('',#4923,.T.);
#4925=ADVANCED_FACE('',(#4924),#4918,.F.);
#4926=CARTESIAN_POINT('',(212.947564079,115.725510707,421.457613508));
#4927=DIRECTION('',(0.,0.,1.));
#4928=DIRECTION('',(0.,-1.,0.));
#4929=AXIS2_PLACEMENT_3D('',#4926,#4927,#4928);
#4930=CYLINDRICAL_SURFACE('',#4929,3.);
#4931=ORIENTED_EDGE('',*,*,#1201,.F.);
#4932=ORIENTED_EDGE('',*,*,#4746,.F.);
#4933=ORIENTED_EDGE('',*,*,#2962,.F.);
#4934=ORIENTED_EDGE('',*,*,#4775,.F.);
#4935=EDGE_LOOP('',(#4931,#4932,#4933,#4934));
#4936=FACE_BOUND('',#4935,.T.);
#4937=ADVANCED_FACE('',(#4936),#4930,.F.);
#4938=CARTESIAN_POINT('',(104.80971406,115.725510707,421.457613508));
#4939=DIRECTION('',(0.,0.,1.));
#4940=DIRECTION('',(0.,-1.,0.));
#4941=AXIS2_PLACEMENT_3D('',#4938,#4939,#4940);
#4942=CYLINDRICAL_SURFACE('',#4941,3.);
#4943=ORIENTED_EDGE('',*,*,#638,.F.);
#4944=ORIENTED_EDGE('',*,*,#4856,.F.);
#4945=ORIENTED_EDGE('',*,*,#2433,.F.);
#4946=ORIENTED_EDGE('',*,*,#4885,.F.);
#4947=EDGE_LOOP('',(#4943,#4944,#4945,#4946));
#4948=FACE_BOUND('',#4947,.T.);
#4949=ADVANCED_FACE('',(#4948),#4942,.F.);
#4950=CARTESIAN_POINT('',(80.80971406,111.725510707,421.457613508));
#4951=DIRECTION('',(0.,0.,1.));
#4952=DIRECTION('',(0.,-1.,0.));
#4953=AXIS2_PLACEMENT_3D('',#4950,#4951,#4952);
#4954=CYLINDRICAL_SURFACE('',#4953,3.);
#4955=ORIENTED_EDGE('',*,*,#672,.F.);
#4956=ORIENTED_EDGE('',*,*,#4819,.F.);
#4957=ORIENTED_EDGE('',*,*,#2465,.F.);
#4958=ORIENTED_EDGE('',*,*,#4834,.F.);
#4959=EDGE_LOOP('',(#4955,#4956,#4957,#4958));
#4960=FACE_BOUND('',#4959,.T.);
#4961=ADVANCED_FACE('',(#4960),#4954,.F.);
#4962=CARTESIAN_POINT('',(188.947564079,115.725510707,421.457613508));
#4963=DIRECTION('',(0.,0.,1.));
#4964=DIRECTION('',(0.,-1.,0.));
#4965=AXIS2_PLACEMENT_3D('',#4962,#4963,#4964);
#4966=CYLINDRICAL_SURFACE('',#4965,3.);
#4967=ORIENTED_EDGE('',*,*,#1184,.F.);
#4968=ORIENTED_EDGE('',*,*,#4731,.F.);
#4969=ORIENTED_EDGE('',*,*,#2979,.F.);
#4970=ORIENTED_EDGE('',*,*,#4753,.F.);
#4971=EDGE_LOOP('',(#4967,#4968,#4969,#4970));
#4972=FACE_BOUND('',#4971,.T.);
#4973=ADVANCED_FACE('',(#4972),#4966,.F.);
#4974=CARTESIAN_POINT('',(80.80971406,115.725510707,421.457613508));
#4975=DIRECTION('',(0.,0.,1.));
#4976=DIRECTION('',(0.,-1.,0.));
#4977=AXIS2_PLACEMENT_3D('',#4974,#4975,#4976);
#4978=CYLINDRICAL_SURFACE('',#4977,3.);
#4979=ORIENTED_EDGE('',*,*,#687,.F.);
#4980=ORIENTED_EDGE('',*,*,#4841,.F.);
#4981=ORIENTED_EDGE('',*,*,#2450,.F.);
#4982=ORIENTED_EDGE('',*,*,#4863,.F.);
#4983=EDGE_LOOP('',(#4979,#4980,#4981,#4982));
#4984=FACE_BOUND('',#4983,.T.);
#4985=ADVANCED_FACE('',(#4984),#4978,.F.);
#4986=CARTESIAN_POINT('',(194.341299508,250.956944835,554.457613508));
#4987=DIRECTION('',(0.,0.,1.));
#4988=DIRECTION('',(0.,-1.,0.));
#4989=AXIS2_PLACEMENT_3D('',#4986,#4987,#4988);
#4990=CYLINDRICAL_SURFACE('',#4989,2.);
#4991=ORIENTED_EDGE('',*,*,#1538,.F.);
#4992=ORIENTED_EDGE('',*,*,#4702,.F.);
#4993=ORIENTED_EDGE('',*,*,#3768,.F.);
#4994=ORIENTED_EDGE('',*,*,#3838,.F.);
#4995=EDGE_LOOP('',(#4991,#4992,#4993,#4994));
#4996=FACE_BOUND('',#4995,.T.);
#4997=ADVANCED_FACE('',(#4996),#4990,.F.);
#4998=CARTESIAN_POINT('',(104.341299508,187.851167417,416.457613508));
#4999=DIRECTION('',(0.,0.,1.));
#5000=DIRECTION('',(0.,-1.,0.));
#5001=AXIS2_PLACEMENT_3D('',#4998,#4999,#5000);
#5002=CYLINDRICAL_SURFACE('',#5001,2.);
#5003=ORIENTED_EDGE('',*,*,#1148,.F.);
#5004=ORIENTED_EDGE('',*,*,#4219,.F.);
#5005=ORIENTED_EDGE('',*,*,#2941,.F.);
#5006=ORIENTED_EDGE('',*,*,#4241,.F.);
#5007=EDGE_LOOP('',(#5003,#5004,#5005,#5006));
#5008=FACE_BOUND('',#5007,.T.);
#5009=ADVANCED_FACE('',(#5008),#5002,.F.);
#5010=CARTESIAN_POINT('',(194.341299508,187.851167417,554.457613508));
#5011=DIRECTION('',(0.,0.,1.));
#5012=DIRECTION('',(0.,-1.,0.));
#5013=AXIS2_PLACEMENT_3D('',#5010,#5011,#5012);
#5014=CYLINDRICAL_SURFACE('',#5013,2.);
#5015=ORIENTED_EDGE('',*,*,#1555,.F.);
#5016=ORIENTED_EDGE('',*,*,#3831,.F.);
#5017=ORIENTED_EDGE('',*,*,#3817,.F.);
#5018=ORIENTED_EDGE('',*,*,#4658,.F.);
#5019=EDGE_LOOP('',(#5015,#5016,#5017,#5018));
#5020=FACE_BOUND('',#5019,.T.);
#5021=ADVANCED_FACE('',(#5020),#5014,.F.);
#5022=CARTESIAN_POINT('',(104.341299508,250.956944835,416.457613508));
#5023=DIRECTION('',(0.,0.,1.));
#5024=DIRECTION('',(0.,-1.,0.));
#5025=AXIS2_PLACEMENT_3D('',#5022,#5023,#5024);
#5026=CYLINDRICAL_SURFACE('',#5025,2.);
#5027=ORIENTED_EDGE('',*,*,#1131,.F.);
#5028=ORIENTED_EDGE('',*,*,#4197,.F.);
#5029=ORIENTED_EDGE('',*,*,#2892,.F.);
#5030=ORIENTED_EDGE('',*,*,#4226,.F.);
#5031=EDGE_LOOP('',(#5027,#5028,#5029,#5030));
#5032=FACE_BOUND('',#5031,.T.);
#5033=ADVANCED_FACE('',(#5032),#5026,.F.);
#5034=CARTESIAN_POINT('',(99.415978631,250.956944835,416.457613508));
#5035=DIRECTION('',(0.,0.,1.));
#5036=DIRECTION('',(0.,-1.,0.));
#5037=AXIS2_PLACEMENT_3D('',#5034,#5035,#5036);
#5038=CYLINDRICAL_SURFACE('',#5037,2.);
#5039=ORIENTED_EDGE('',*,*,#1114,.F.);
#5040=ORIENTED_EDGE('',*,*,#4263,.F.);
#5041=ORIENTED_EDGE('',*,*,#2909,.F.);
#5042=ORIENTED_EDGE('',*,*,#4204,.F.);
#5043=EDGE_LOOP('',(#5039,#5040,#5041,#5042));
#5044=FACE_BOUND('',#5043,.T.);
#5045=ADVANCED_FACE('',(#5044),#5038,.F.);
#5046=CARTESIAN_POINT('',(189.415978631,250.956944835,554.457613508));
#5047=DIRECTION('',(0.,0.,1.));
#5048=DIRECTION('',(0.,-1.,0.));
#5049=AXIS2_PLACEMENT_3D('',#5046,#5047,#5048);
#5050=CYLINDRICAL_SURFACE('',#5049,2.);
#5051=ORIENTED_EDGE('',*,*,#1589,.F.);
#5052=ORIENTED_EDGE('',*,*,#4680,.F.);
#5053=ORIENTED_EDGE('',*,*,#3785,.F.);
#5054=ORIENTED_EDGE('',*,*,#4709,.F.);
#5055=EDGE_LOOP('',(#5051,#5052,#5053,#5054));
#5056=FACE_BOUND('',#5055,.T.);
#5057=ADVANCED_FACE('',(#5056),#5050,.F.);
#5058=CARTESIAN_POINT('',(189.415978631,187.851167417,554.457613508));
#5059=DIRECTION('',(0.,0.,1.));
#5060=DIRECTION('',(0.,-1.,0.));
#5061=AXIS2_PLACEMENT_3D('',#5058,#5059,#5060);
#5062=CYLINDRICAL_SURFACE('',#5061,2.);
#5063=ORIENTED_EDGE('',*,*,#1572,.F.);
#5064=ORIENTED_EDGE('',*,*,#4665,.F.);
#5065=ORIENTED_EDGE('',*,*,#3802,.F.);
#5066=ORIENTED_EDGE('',*,*,#4687,.F.);
#5067=EDGE_LOOP('',(#5063,#5064,#5065,#5066));
#5068=FACE_BOUND('',#5067,.T.);
#5069=ADVANCED_FACE('',(#5068),#5062,.F.);
#5070=CARTESIAN_POINT('',(99.415978631,187.851167417,416.457613508));
#5071=DIRECTION('',(0.,0.,1.));
#5072=DIRECTION('',(0.,-1.,0.));
#5073=AXIS2_PLACEMENT_3D('',#5070,#5071,#5072);
#5074=CYLINDRICAL_SURFACE('',#5073,2.);
#5075=ORIENTED_EDGE('',*,*,#1163,.F.);
#5076=ORIENTED_EDGE('',*,*,#4248,.F.);
#5077=ORIENTED_EDGE('',*,*,#2926,.F.);
#5078=ORIENTED_EDGE('',*,*,#4270,.F.);
#5079=EDGE_LOOP('',(#5075,#5076,#5077,#5078));
#5080=FACE_BOUND('',#5079,.T.);
#5081=ADVANCED_FACE('',(#5080),#5074,.F.);
#5082=CARTESIAN_POINT('',(162.25,159.807613508,407.936736179));
#5083=DIRECTION('',(-0.,0.,1.));
#5084=DIRECTION('',(-1.,-0.,-0.));
#5085=AXIS2_PLACEMENT_3D('',#5082,#5083,#5084);
#5086=CYLINDRICAL_SURFACE('',#5085,1.7);
#5087=CARTESIAN_POINT('',(160.55,159.807613508,415.457613508));
#5088=DIRECTION('',(0.,-0.,-1.));
#5089=VECTOR('',#5088,5.);
#5090=LINE('',#5087,#5089);
#5091=EDGE_CURVE('',#564,#2311,#5090,.T.);
#5092=ORIENTED_EDGE('',*,*,#5091,.F.);
#5093=ORIENTED_EDGE('',*,*,#570,.F.);
#5094=ORIENTED_EDGE('',*,*,#577,.F.);
#5095=ORIENTED_EDGE('',*,*,#5091,.T.);
#5096=ORIENTED_EDGE('',*,*,#2326,.F.);
#5097=ORIENTED_EDGE('',*,*,#2319,.F.);
#5098=EDGE_LOOP('',(#5092,#5093,#5094,#5095,#5096,#5097));
#5099=FACE_BOUND('',#5098,.T.);
#5100=ADVANCED_FACE('',(#5099),#5086,.F.);
#5101=CARTESIAN_POINT('',(131.25,159.807613508,407.936736179));
#5102=DIRECTION('',(-0.,0.,1.));
#5103=DIRECTION('',(-1.,-0.,-0.));
#5104=AXIS2_PLACEMENT_3D('',#5101,#5102,#5103);
#5105=CYLINDRICAL_SURFACE('',#5104,1.7);
#5106=CARTESIAN_POINT('',(129.55,159.807613508,415.457613508));
#5107=DIRECTION('',(0.,-0.,-1.));
#5108=VECTOR('',#5107,5.);
#5109=LINE('',#5106,#5108);
#5110=EDGE_CURVE('',#544,#2291,#5109,.T.);
#5111=ORIENTED_EDGE('',*,*,#5110,.F.);
#5112=ORIENTED_EDGE('',*,*,#550,.F.);
#5113=ORIENTED_EDGE('',*,*,#557,.F.);
#5114=ORIENTED_EDGE('',*,*,#5110,.T.);
#5115=ORIENTED_EDGE('',*,*,#2306,.F.);
#5116=ORIENTED_EDGE('',*,*,#2299,.F.);
#5117=EDGE_LOOP('',(#5111,#5112,#5113,#5114,#5115,#5116));
#5118=FACE_BOUND('',#5117,.T.);
#5119=ADVANCED_FACE('',(#5118),#5105,.F.);
#5120=CARTESIAN_POINT('',(162.25,128.807613508,407.936736179));
#5121=DIRECTION('',(-0.,0.,1.));
#5122=DIRECTION('',(-1.,-0.,-0.));
#5123=AXIS2_PLACEMENT_3D('',#5120,#5121,#5122);
#5124=CYLINDRICAL_SURFACE('',#5123,1.7);
#5125=CARTESIAN_POINT('',(160.55,128.807613508,415.457613508));
#5126=DIRECTION('',(0.,-0.,-1.));
#5127=VECTOR('',#5126,5.);
#5128=LINE('',#5125,#5127);
#5129=EDGE_CURVE('',#524,#2271,#5128,.T.);
#5130=ORIENTED_EDGE('',*,*,#5129,.F.);
#5131=ORIENTED_EDGE('',*,*,#530,.F.);
#5132=ORIENTED_EDGE('',*,*,#537,.F.);
#5133=ORIENTED_EDGE('',*,*,#5129,.T.);
#5134=ORIENTED_EDGE('',*,*,#2286,.F.);
#5135=ORIENTED_EDGE('',*,*,#2279,.F.);
#5136=EDGE_LOOP('',(#5130,#5131,#5132,#5133,#5134,#5135));
#5137=FACE_BOUND('',#5136,.T.);
#5138=ADVANCED_FACE('',(#5137),#5124,.F.);
#5139=CARTESIAN_POINT('',(131.25,128.807613508,407.936736179));
#5140=DIRECTION('',(-0.,0.,1.));
#5141=DIRECTION('',(-1.,-0.,-0.));
#5142=AXIS2_PLACEMENT_3D('',#5139,#5140,#5141);
#5143=CYLINDRICAL_SURFACE('',#5142,1.7);
#5144=CARTESIAN_POINT('',(129.55,128.807613508,415.457613508));
#5145=DIRECTION('',(0.,-0.,-1.));
#5146=VECTOR('',#5145,5.);
#5147=LINE('',#5144,#5146);
#5148=EDGE_CURVE('',#504,#2251,#5147,.T.);
#5149=ORIENTED_EDGE('',*,*,#5148,.F.);
#5150=ORIENTED_EDGE('',*,*,#510,.F.);
#5151=ORIENTED_EDGE('',*,*,#517,.F.);
#5152=ORIENTED_EDGE('',*,*,#5148,.T.);
#5153=ORIENTED_EDGE('',*,*,#2266,.F.);
#5154=ORIENTED_EDGE('',*,*,#2259,.F.);
#5155=EDGE_LOOP('',(#5149,#5150,#5151,#5152,#5153,#5154));
#5156=FACE_BOUND('',#5155,.T.);
#5157=ADVANCED_FACE('',(#5156),#5143,.F.);
#5158=CARTESIAN_POINT('',(267.02136093,188.135438664,408.457613508));
#5159=DIRECTION('',(0.,0.,1.));
#5160=DIRECTION('',(0.,-1.,0.));
#5161=AXIS2_PLACEMENT_3D('',#5158,#5159,#5160);
#5162=CYLINDRICAL_SURFACE('',#5161,2.6);
#5163=CARTESIAN_POINT('',(267.02136093,185.535438664,415.457613508));
#5164=DIRECTION('',(-0.,-0.,-1.));
#5165=VECTOR('',#5164,5.);
#5166=LINE('',#5163,#5165);
#5167=EDGE_CURVE('',#475,#2224,#5166,.T.);
#5168=ORIENTED_EDGE('',*,*,#5167,.F.);
#5169=ORIENTED_EDGE('',*,*,#481,.F.);
#5170=ORIENTED_EDGE('',*,*,#497,.F.);
#5171=ORIENTED_EDGE('',*,*,#490,.F.);
#5172=ORIENTED_EDGE('',*,*,#5167,.T.);
#5173=ORIENTED_EDGE('',*,*,#2246,.T.);
#5174=ORIENTED_EDGE('',*,*,#2239,.T.);
#5175=ORIENTED_EDGE('',*,*,#2230,.T.);
#5176=EDGE_LOOP('',(#5168,#5169,#5170,#5171,#5172,#5173,#5174,#5175));
#5177=FACE_BOUND('',#5176,.T.);
#5178=ADVANCED_FACE('',(#5177),#5162,.F.);
#5179=CARTESIAN_POINT('',(242.92136093,164.235438664,408.457613508));
#5180=DIRECTION('',(0.,0.,1.));
#5181=DIRECTION('',(0.,-1.,0.));
#5182=AXIS2_PLACEMENT_3D('',#5179,#5180,#5181);
#5183=CYLINDRICAL_SURFACE('',#5182,2.6);
#5184=CARTESIAN_POINT('',(242.92136093,161.635438664,415.457613508));
#5185=DIRECTION('',(-0.,-0.,-1.));
#5186=VECTOR('',#5185,5.);
#5187=LINE('',#5184,#5186);
#5188=EDGE_CURVE('',#1269,#3018,#5187,.T.);
#5189=ORIENTED_EDGE('',*,*,#5188,.F.);
#5190=ORIENTED_EDGE('',*,*,#1275,.F.);
#5191=ORIENTED_EDGE('',*,*,#1291,.F.);
#5192=ORIENTED_EDGE('',*,*,#1284,.F.);
#5193=ORIENTED_EDGE('',*,*,#5188,.T.);
#5194=ORIENTED_EDGE('',*,*,#3040,.T.);
#5195=ORIENTED_EDGE('',*,*,#3033,.T.);
#5196=ORIENTED_EDGE('',*,*,#3024,.T.);
#5197=EDGE_LOOP('',(#5189,#5190,#5191,#5192,#5193,#5194,#5195,#5196));
#5198=FACE_BOUND('',#5197,.T.);
#5199=ADVANCED_FACE('',(#5198),#5183,.F.);
#5200=CARTESIAN_POINT('',(291.92136093,134.135438664,408.457613508));
#5201=DIRECTION('',(0.,0.,1.));
#5202=DIRECTION('',(0.,-1.,0.));
#5203=AXIS2_PLACEMENT_3D('',#5200,#5201,#5202);
#5204=CYLINDRICAL_SURFACE('',#5203,2.6);
#5205=CARTESIAN_POINT('',(291.92136093,131.535438664,415.457613508));
#5206=DIRECTION('',(-0.,-0.,-1.));
#5207=VECTOR('',#5206,5.);
#5208=LINE('',#5205,#5207);
#5209=EDGE_CURVE('',#446,#2195,#5208,.T.);
#5210=ORIENTED_EDGE('',*,*,#5209,.F.);
#5211=ORIENTED_EDGE('',*,*,#452,.F.);
#5212=ORIENTED_EDGE('',*,*,#468,.F.);
#5213=ORIENTED_EDGE('',*,*,#461,.F.);
#5214=ORIENTED_EDGE('',*,*,#5209,.T.);
#5215=ORIENTED_EDGE('',*,*,#2217,.T.);
#5216=ORIENTED_EDGE('',*,*,#2210,.T.);
#5217=ORIENTED_EDGE('',*,*,#2201,.T.);
#5218=EDGE_LOOP('',(#5210,#5211,#5212,#5213,#5214,#5215,#5216,#5217));
#5219=FACE_BOUND('',#5218,.T.);
#5220=ADVANCED_FACE('',(#5219),#5204,.F.);
#5221=CARTESIAN_POINT('',(241.92136093,134.135438664,408.457613508));
#5222=DIRECTION('',(0.,0.,1.));
#5223=DIRECTION('',(0.,-1.,0.));
#5224=AXIS2_PLACEMENT_3D('',#5221,#5222,#5223);
#5225=CYLINDRICAL_SURFACE('',#5224,2.6);
#5226=CARTESIAN_POINT('',(241.92136093,131.535438664,415.457613508));
#5227=DIRECTION('',(-0.,-0.,-1.));
#5228=VECTOR('',#5227,5.);
#5229=LINE('',#5226,#5228);
#5230=EDGE_CURVE('',#417,#2166,#5229,.T.);
#5231=ORIENTED_EDGE('',*,*,#5230,.F.);
#5232=ORIENTED_EDGE('',*,*,#423,.F.);
#5233=ORIENTED_EDGE('',*,*,#439,.F.);
#5234=ORIENTED_EDGE('',*,*,#432,.F.);
#5235=ORIENTED_EDGE('',*,*,#5230,.T.);
#5236=ORIENTED_EDGE('',*,*,#2188,.T.);
#5237=ORIENTED_EDGE('',*,*,#2181,.T.);
#5238=ORIENTED_EDGE('',*,*,#2172,.T.);
#5239=EDGE_LOOP('',(#5231,#5232,#5233,#5234,#5235,#5236,#5237,#5238));
#5240=FACE_BOUND('',#5239,.T.);
#5241=ADVANCED_FACE('',(#5240),#5225,.F.);
#5242=CARTESIAN_POINT('',(291.92136093,194.135438664,408.457613508));
#5243=DIRECTION('',(0.,0.,1.));
#5244=DIRECTION('',(0.,-1.,0.));
#5245=AXIS2_PLACEMENT_3D('',#5242,#5243,#5244);
#5246=CYLINDRICAL_SURFACE('',#5245,2.6);
#5247=CARTESIAN_POINT('',(291.92136093,191.535438664,415.457613508));
#5248=DIRECTION('',(-0.,-0.,-1.));
#5249=VECTOR('',#5248,5.);
#5250=LINE('',#5247,#5249);
#5251=EDGE_CURVE('',#388,#2137,#5250,.T.);
#5252=ORIENTED_EDGE('',*,*,#5251,.F.);
#5253=ORIENTED_EDGE('',*,*,#394,.F.);
#5254=ORIENTED_EDGE('',*,*,#410,.F.);
#5255=ORIENTED_EDGE('',*,*,#403,.F.);
#5256=ORIENTED_EDGE('',*,*,#5251,.T.);
#5257=ORIENTED_EDGE('',*,*,#2159,.T.);
#5258=ORIENTED_EDGE('',*,*,#2152,.T.);
#5259=ORIENTED_EDGE('',*,*,#2143,.T.);
#5260=EDGE_LOOP('',(#5252,#5253,#5254,#5255,#5256,#5257,#5258,#5259));
#5261=FACE_BOUND('',#5260,.T.);
#5262=ADVANCED_FACE('',(#5261),#5246,.F.);
#5263=CARTESIAN_POINT('',(241.92136093,194.135438664,408.457613508));
#5264=DIRECTION('',(0.,0.,1.));
#5265=DIRECTION('',(0.,-1.,0.));
#5266=AXIS2_PLACEMENT_3D('',#5263,#5264,#5265);
#5267=CYLINDRICAL_SURFACE('',#5266,2.6);
#5268=CARTESIAN_POINT('',(241.92136093,191.535438664,415.457613508));
#5269=DIRECTION('',(-0.,-0.,-1.));
#5270=VECTOR('',#5269,5.);
#5271=LINE('',#5268,#5270);
#5272=EDGE_CURVE('',#359,#2108,#5271,.T.);
#5273=ORIENTED_EDGE('',*,*,#5272,.F.);
#5274=ORIENTED_EDGE('',*,*,#365,.F.);
#5275=ORIENTED_EDGE('',*,*,#381,.F.);
#5276=ORIENTED_EDGE('',*,*,#374,.F.);
#5277=ORIENTED_EDGE('',*,*,#5272,.T.);
#5278=ORIENTED_EDGE('',*,*,#2130,.T.);
#5279=ORIENTED_EDGE('',*,*,#2123,.T.);
#5280=ORIENTED_EDGE('',*,*,#2114,.T.);
#5281=EDGE_LOOP('',(#5273,#5274,#5275,#5276,#5277,#5278,#5279,#5280));
#5282=FACE_BOUND('',#5281,.T.);
#5283=ADVANCED_FACE('',(#5282),#5267,.F.);
#5284=CARTESIAN_POINT('',(266.92136093,164.135438664,408.457613508));
#5285=DIRECTION('',(0.,0.,1.));
#5286=DIRECTION('',(0.,-1.,0.));
#5287=AXIS2_PLACEMENT_3D('',#5284,#5285,#5286);
#5288=CYLINDRICAL_SURFACE('',#5287,2.1);
#5289=CARTESIAN_POINT('',(266.92136093,162.035438664,415.457613508));
#5290=DIRECTION('',(-0.,-0.,-1.));
#5291=VECTOR('',#5290,5.);
#5292=LINE('',#5289,#5291);
#5293=EDGE_CURVE('',#330,#2079,#5292,.T.);
#5294=ORIENTED_EDGE('',*,*,#5293,.F.);
#5295=ORIENTED_EDGE('',*,*,#336,.F.);
#5296=ORIENTED_EDGE('',*,*,#352,.F.);
#5297=ORIENTED_EDGE('',*,*,#345,.F.);
#5298=ORIENTED_EDGE('',*,*,#5293,.T.);
#5299=ORIENTED_EDGE('',*,*,#2101,.T.);
#5300=ORIENTED_EDGE('',*,*,#2094,.T.);
#5301=ORIENTED_EDGE('',*,*,#2085,.T.);
#5302=EDGE_LOOP('',(#5294,#5295,#5296,#5297,#5298,#5299,#5300,#5301));
#5303=FACE_BOUND('',#5302,.T.);
#5304=ADVANCED_FACE('',(#5303),#5288,.F.);
#5305=CARTESIAN_POINT('',(266.82136093,140.135438664,408.457613508));
#5306=DIRECTION('',(0.,0.,1.));
#5307=DIRECTION('',(0.,-1.,0.));
#5308=AXIS2_PLACEMENT_3D('',#5305,#5306,#5307);
#5309=CYLINDRICAL_SURFACE('',#5308,2.6);
#5310=CARTESIAN_POINT('',(266.82136093,137.535438664,415.457613508));
#5311=DIRECTION('',(-0.,-0.,-1.));
#5312=VECTOR('',#5311,5.);
#5313=LINE('',#5310,#5312);
#5314=EDGE_CURVE('',#301,#2050,#5313,.T.);
#5315=ORIENTED_EDGE('',*,*,#5314,.F.);
#5316=ORIENTED_EDGE('',*,*,#307,.F.);
#5317=ORIENTED_EDGE('',*,*,#323,.F.);
#5318=ORIENTED_EDGE('',*,*,#316,.F.);
#5319=ORIENTED_EDGE('',*,*,#5314,.T.);
#5320=ORIENTED_EDGE('',*,*,#2072,.T.);
#5321=ORIENTED_EDGE('',*,*,#2065,.T.);
#5322=ORIENTED_EDGE('',*,*,#2056,.T.);
#5323=EDGE_LOOP('',(#5315,#5316,#5317,#5318,#5319,#5320,#5321,#5322));
#5324=FACE_BOUND('',#5323,.T.);
#5325=ADVANCED_FACE('',(#5324),#5309,.F.);
#5326=CARTESIAN_POINT('',(51.835917209,194.135438664,399.457613508));
#5327=DIRECTION('',(0.,0.,1.));
#5328=DIRECTION('',(0.,-1.,0.));
#5329=AXIS2_PLACEMENT_3D('',#5326,#5327,#5328);
#5330=CYLINDRICAL_SURFACE('',#5329,2.5);
#5331=CARTESIAN_POINT('',(51.835917209,191.635438664,415.457613508));
#5332=DIRECTION('',(-0.,-0.,-1.));
#5333=VECTOR('',#5332,5.);
#5334=LINE('',#5331,#5333);
#5335=EDGE_CURVE('',#1501,#3692,#5334,.T.);
#5336=ORIENTED_EDGE('',*,*,#5335,.F.);
#5337=ORIENTED_EDGE('',*,*,#1507,.F.);
#5338=ORIENTED_EDGE('',*,*,#1514,.F.);
#5339=ORIENTED_EDGE('',*,*,#5335,.T.);
#5340=ORIENTED_EDGE('',*,*,#3700,.T.);
#5341=ORIENTED_EDGE('',*,*,#3707,.T.);
#5342=EDGE_LOOP('',(#5336,#5337,#5338,#5339,#5340,#5341));
#5343=FACE_BOUND('',#5342,.T.);
#5344=ADVANCED_FACE('',(#5343),#5330,.F.);
#5345=CARTESIAN_POINT('',(106.87863907,269.135438664,401.457613508));
#5346=DIRECTION('',(0.,1.,-0.));
#5347=DIRECTION('',(-1.,0.,0.));
#5348=AXIS2_PLACEMENT_3D('',#5345,#5346,#5347);
#5349=PLANE('',#5348);
#5350=ORIENTED_EDGE('',*,*,#1767,.F.);
#5351=CARTESIAN_POINT('',(225.22178482,269.135438664,415.457613508));
#5352=DIRECTION('',(-0.,-0.,-1.));
#5353=VECTOR('',#5352,5.);
#5354=LINE('',#5351,#5353);
#5355=EDGE_CURVE('',#1753,#1931,#5354,.T.);
#5356=ORIENTED_EDGE('',*,*,#5355,.T.);
#5357=ORIENTED_EDGE('',*,*,#1936,.F.);
#5358=CARTESIAN_POINT('',(68.535493319,269.135438664,410.457613508));
#5359=DIRECTION('',(0.,0.,1.));
#5360=VECTOR('',#5359,5.);
#5361=LINE('',#5358,#5360);
#5362=EDGE_CURVE('',#1922,#1762,#5361,.T.);
#5363=ORIENTED_EDGE('',*,*,#5362,.T.);
#5364=EDGE_LOOP('',(#5350,#5356,#5357,#5363));
#5365=FACE_BOUND('',#5364,.T.);
#5366=ADVANCED_FACE('',(#5365),#5349,.T.);
#5367=CARTESIAN_POINT('',(229.37863907,271.635438664,401.457613508));
#5368=DIRECTION('',(-0.707106781,0.707106781,-0.));
#5369=DIRECTION('',(-0.707106781,-0.707106781,0.));
#5370=AXIS2_PLACEMENT_3D('',#5367,#5368,#5369);
#5371=PLANE('',#5370);
#5372=ORIENTED_EDGE('',*,*,#1750,.F.);
#5373=CARTESIAN_POINT('',(230.707066194,272.963865789,415.457613508));
#5374=DIRECTION('',(-0.,-0.,-1.));
#5375=VECTOR('',#5374,5.);
#5376=LINE('',#5373,#5375);
#5377=EDGE_CURVE('',#1736,#1948,#5376,.T.);
#5378=ORIENTED_EDGE('',*,*,#5377,.T.);
#5379=ORIENTED_EDGE('',*,*,#1953,.F.);
#5380=CARTESIAN_POINT('',(228.050211945,270.30701154,410.457613508));
#5381=DIRECTION('',(0.,0.,1.));
#5382=VECTOR('',#5381,5.);
#5383=LINE('',#5380,#5382);
#5384=EDGE_CURVE('',#1939,#1745,#5383,.T.);
#5385=ORIENTED_EDGE('',*,*,#5384,.T.);
#5386=EDGE_LOOP('',(#5372,#5378,#5379,#5385));
#5387=FACE_BOUND('',#5386,.T.);
#5388=ADVANCED_FACE('',(#5387),#5371,.T.);
#5389=CARTESIAN_POINT('',(64.37863907,271.635438664,401.457613508));
#5390=DIRECTION('',(-0.707106781,-0.707106781,0.));
#5391=DIRECTION('',(0.707106781,-0.707106781,0.));
#5392=AXIS2_PLACEMENT_3D('',#5389,#5390,#5391);
#5393=PLANE('',#5392);
#5394=ORIENTED_EDGE('',*,*,#1919,.T.);
#5395=CARTESIAN_POINT('',(63.050211945,272.963865789,410.457613508));
#5396=DIRECTION('',(0.,0.,1.));
#5397=VECTOR('',#5396,5.);
#5398=LINE('',#5395,#5397);
#5399=EDGE_CURVE('',#1905,#1779,#5398,.T.);
#5400=ORIENTED_EDGE('',*,*,#5399,.T.);
#5401=ORIENTED_EDGE('',*,*,#1784,.T.);
#5402=CARTESIAN_POINT('',(65.707066194,270.30701154,415.457613508));
#5403=DIRECTION('',(-0.,-0.,-1.));
#5404=VECTOR('',#5403,5.);
#5405=LINE('',#5402,#5404);
#5406=EDGE_CURVE('',#1770,#1914,#5405,.T.);
#5407=ORIENTED_EDGE('',*,*,#5406,.T.);
#5408=EDGE_LOOP('',(#5394,#5400,#5401,#5407));
#5409=FACE_BOUND('',#5408,.T.);
#5410=ADVANCED_FACE('',(#5409),#5393,.F.);
#5411=CARTESIAN_POINT('',(233.535493319,270.135438664,416.457613508));
#5412=DIRECTION('',(0.,-0.,-1.));
#5413=DIRECTION('',(0.,1.,-0.));
#5414=AXIS2_PLACEMENT_3D('',#5411,#5412,#5413);
#5415=CYLINDRICAL_SURFACE('',#5414,4.);
#5416=ORIENTED_EDGE('',*,*,#1962,.F.);
#5417=ORIENTED_EDGE('',*,*,#5377,.F.);
#5418=ORIENTED_EDGE('',*,*,#1742,.F.);
#5419=ORIENTED_EDGE('',*,*,#4643,.F.);
#5420=EDGE_LOOP('',(#5416,#5417,#5418,#5419));
#5421=FACE_BOUND('',#5420,.T.);
#5422=ADVANCED_FACE('',(#5421),#5415,.T.);
#5423=CARTESIAN_POINT('',(225.22178482,273.135438664,401.457613508));
#5424=DIRECTION('',(0.,-0.,-1.));
#5425=DIRECTION('',(0.,1.,-0.));
#5426=AXIS2_PLACEMENT_3D('',#5423,#5424,#5425);
#5427=CYLINDRICAL_SURFACE('',#5426,4.);
#5428=ORIENTED_EDGE('',*,*,#1945,.F.);
#5429=ORIENTED_EDGE('',*,*,#5355,.F.);
#5430=ORIENTED_EDGE('',*,*,#1759,.F.);
#5431=ORIENTED_EDGE('',*,*,#5384,.F.);
#5432=EDGE_LOOP('',(#5428,#5429,#5430,#5431));
#5433=FACE_BOUND('',#5432,.T.);
#5434=ADVANCED_FACE('',(#5433),#5427,.F.);
#5435=CARTESIAN_POINT('',(60.22178482,270.135438664,401.457613508));
#5436=DIRECTION('',(0.,0.,1.));
#5437=DIRECTION('',(0.,-1.,0.));
#5438=AXIS2_PLACEMENT_3D('',#5435,#5436,#5437);
#5439=CYLINDRICAL_SURFACE('',#5438,4.);
#5440=ORIENTED_EDGE('',*,*,#1911,.F.);
#5441=ORIENTED_EDGE('',*,*,#146,.F.);
#5442=ORIENTED_EDGE('',*,*,#1791,.F.);
#5443=ORIENTED_EDGE('',*,*,#5399,.F.);
#5444=EDGE_LOOP('',(#5440,#5441,#5442,#5443));
#5445=FACE_BOUND('',#5444,.T.);
#5446=ADVANCED_FACE('',(#5445),#5439,.T.);
#5447=CARTESIAN_POINT('',(68.535493319,273.135438664,401.457613508));
#5448=DIRECTION('',(0.,0.,1.));
#5449=DIRECTION('',(0.,-1.,0.));
#5450=AXIS2_PLACEMENT_3D('',#5447,#5448,#5449);
#5451=CYLINDRICAL_SURFACE('',#5450,4.);
#5452=ORIENTED_EDGE('',*,*,#1928,.F.);
#5453=ORIENTED_EDGE('',*,*,#5406,.F.);
#5454=ORIENTED_EDGE('',*,*,#1776,.F.);
#5455=ORIENTED_EDGE('',*,*,#5362,.F.);
#5456=EDGE_LOOP('',(#5452,#5453,#5454,#5455));
#5457=FACE_BOUND('',#5456,.T.);
#5458=ADVANCED_FACE('',(#5457),#5451,.F.);
#5459=CARTESIAN_POINT('',(-12.700021861,118.787613508,380.457613508));
#5460=DIRECTION('',(-1.,0.,0.));
#5461=DIRECTION('',(0.,-1.,0.));
#5462=AXIS2_PLACEMENT_3D('',#5459,#5460,#5461);
#5463=PLANE('',#5462);
#5464=ORIENTED_EDGE('',*,*,#4180,.T.);
#5465=ORIENTED_EDGE('',*,*,#1658,.F.);
#5466=ORIENTED_EDGE('',*,*,#186,.F.);
#5467=ORIENTED_EDGE('',*,*,#2043,.F.);
#5468=EDGE_LOOP('',(#5464,#5465,#5466,#5467));
#5469=FACE_BOUND('',#5468,.T.);
#5470=ADVANCED_FACE('',(#5469),#5463,.T.);
#5471=CARTESIAN_POINT('',(291.92136093,164.135438664,393.457613508));
#5472=DIRECTION('',(0.,0.,1.));
#5473=DIRECTION('',(0.,-1.,0.));
#5474=AXIS2_PLACEMENT_3D('',#5471,#5472,#5473);
#5475=CYLINDRICAL_SURFACE('',#5474,2.5);
#5476=CARTESIAN_POINT('',(291.92136093,161.635438664,415.457613508));
#5477=DIRECTION('',(-0.,-0.,-1.));
#5478=VECTOR('',#5477,5.);
#5479=LINE('',#5476,#5478);
#5480=EDGE_CURVE('',#281,#3712,#5479,.T.);
#5481=ORIENTED_EDGE('',*,*,#5480,.F.);
#5482=ORIENTED_EDGE('',*,*,#287,.F.);
#5483=ORIENTED_EDGE('',*,*,#294,.F.);
#5484=ORIENTED_EDGE('',*,*,#5480,.T.);
#5485=ORIENTED_EDGE('',*,*,#3720,.T.);
#5486=ORIENTED_EDGE('',*,*,#3727,.T.);
#5487=EDGE_LOOP('',(#5481,#5482,#5483,#5484,#5485,#5486));
#5488=FACE_BOUND('',#5487,.T.);
#5489=ADVANCED_FACE('',(#5488),#5475,.F.);
#5490=CARTESIAN_POINT('',(1.835917209,164.135438664,393.457613508));
#5491=DIRECTION('',(0.,0.,1.));
#5492=DIRECTION('',(0.,-1.,0.));
#5493=AXIS2_PLACEMENT_3D('',#5490,#5491,#5492);
#5494=CYLINDRICAL_SURFACE('',#5493,2.5);
#5495=CARTESIAN_POINT('',(1.835917209,161.635438664,415.457613508));
#5496=DIRECTION('',(-0.,-0.,-1.));
#5497=VECTOR('',#5496,5.);
#5498=LINE('',#5495,#5497);
#5499=EDGE_CURVE('',#261,#3732,#5498,.T.);
#5500=ORIENTED_EDGE('',*,*,#5499,.F.);
#5501=ORIENTED_EDGE('',*,*,#267,.F.);
#5502=ORIENTED_EDGE('',*,*,#274,.F.);
#5503=ORIENTED_EDGE('',*,*,#5499,.T.);
#5504=ORIENTED_EDGE('',*,*,#3740,.T.);
#5505=ORIENTED_EDGE('',*,*,#3747,.T.);
#5506=EDGE_LOOP('',(#5500,#5501,#5502,#5503,#5504,#5505));
#5507=FACE_BOUND('',#5506,.T.);
#5508=ADVANCED_FACE('',(#5507),#5494,.F.);
#5509=CARTESIAN_POINT('',(262.736503446,276.206506476,410.457613508));
#5510=DIRECTION('',(1.,0.,0.));
#5511=DIRECTION('',(0.,0.,-1.));
#5512=AXIS2_PLACEMENT_3D('',#5509,#5510,#5511);
#5513=PLANE('',#5512);
#5514=ORIENTED_EDGE('',*,*,#1716,.F.);
#5515=CARTESIAN_POINT('',(262.736503446,230.934428538,415.457613508));
#5516=DIRECTION('',(-0.,-0.,-1.));
#5517=VECTOR('',#5516,5.);
#5518=LINE('',#5515,#5517);
#5519=EDGE_CURVE('',#1702,#1982,#5518,.T.);
#5520=ORIENTED_EDGE('',*,*,#5519,.T.);
#5521=ORIENTED_EDGE('',*,*,#1987,.T.);
#5522=CARTESIAN_POINT('',(262.736503446,258.135438664,410.457613508));
#5523=DIRECTION('',(0.,0.,1.));
#5524=VECTOR('',#5523,5.);
#5525=LINE('',#5522,#5524);
#5526=EDGE_CURVE('',#1973,#1711,#5525,.T.);
#5527=ORIENTED_EDGE('',*,*,#5526,.T.);
#5528=EDGE_LOOP('',(#5514,#5520,#5521,#5527));
#5529=FACE_BOUND('',#5528,.T.);
#5530=ADVANCED_FACE('',(#5529),#5513,.T.);
#5531=CARTESIAN_POINT('',(280.828932188,204.135438664,410.457613508));
#5532=DIRECTION('',(0.,1.,-0.));
#5533=DIRECTION('',(0.,0.,1.));
#5534=AXIS2_PLACEMENT_3D('',#5531,#5532,#5533);
#5535=PLANE('',#5534);
#5536=ORIENTED_EDGE('',*,*,#2021,.T.);
#5537=CARTESIAN_POINT('',(289.535493319,204.135438664,410.457613508));
#5538=DIRECTION('',(-0.,0.,1.));
#5539=VECTOR('',#5538,5.);
#5540=LINE('',#5537,#5539);
#5541=EDGE_CURVE('',#2007,#1677,#5540,.T.);
#5542=ORIENTED_EDGE('',*,*,#5541,.T.);
#5543=ORIENTED_EDGE('',*,*,#1682,.F.);
#5544=CARTESIAN_POINT('',(296.457278139,204.135438664,415.457613508));
#5545=DIRECTION('',(-0.,-0.,-1.));
#5546=VECTOR('',#5545,5.);
#5547=LINE('',#5544,#5546);
#5548=EDGE_CURVE('',#1668,#2016,#5547,.T.);
#5549=ORIENTED_EDGE('',*,*,#5548,.T.);
#5550=EDGE_LOOP('',(#5536,#5542,#5543,#5549));
#5551=FACE_BOUND('',#5550,.T.);
#5552=ADVANCED_FACE('',(#5551),#5535,.T.);
#5553=CARTESIAN_POINT('',(30.946686061,239.423033687,410.457613508));
#5554=DIRECTION('',(-0.999996921,0.002481512,-0.));
#5555=DIRECTION('',(-0.002481512,-0.999996921,0.));
#5556=AXIS2_PLACEMENT_3D('',#5553,#5554,#5555);
#5557=PLANE('',#5556);
#5558=ORIENTED_EDGE('',*,*,#1894,.T.);
#5559=CARTESIAN_POINT('',(30.926335158,231.222048811,410.457613508));
#5560=DIRECTION('',(0.,0.,1.));
#5561=VECTOR('',#5560,5.);
#5562=LINE('',#5559,#5561);
#5563=EDGE_CURVE('',#1880,#1804,#5562,.T.);
#5564=ORIENTED_EDGE('',*,*,#5563,.T.);
#5565=ORIENTED_EDGE('',*,*,#1809,.F.);
#5566=CARTESIAN_POINT('',(30.993219784,258.175142853,415.457613508));
#5567=DIRECTION('',(0.,-0.,-1.));
#5568=VECTOR('',#5567,5.);
#5569=LINE('',#5566,#5568);
#5570=EDGE_CURVE('',#1795,#1889,#5569,.T.);
#5571=ORIENTED_EDGE('',*,*,#5570,.T.);
#5572=EDGE_LOOP('',(#5558,#5564,#5565,#5571));
#5573=FACE_BOUND('',#5572,.T.);
#5574=ADVANCED_FACE('',(#5573),#5557,.T.);
#5575=CARTESIAN_POINT('',(-9.092859926,204.522284833,410.457613508));
#5576=DIRECTION('',(0.002481512,0.999996921,-0.));
#5577=DIRECTION('',(-0.999996921,0.002481512,-0.));
#5578=AXIS2_PLACEMENT_3D('',#5575,#5576,#5577);
#5579=PLANE('',#5578);
#5580=ORIENTED_EDGE('',*,*,#1633,.F.);
#5581=CARTESIAN_POINT('',(4.060925789,204.489643459,415.457613508));
#5582=DIRECTION('',(0.,-0.,-1.));
#5583=VECTOR('',#5582,5.);
#5584=LINE('',#5581,#5583);
#5585=EDGE_CURVE('',#1619,#1846,#5584,.T.);
#5586=ORIENTED_EDGE('',*,*,#5585,.T.);
#5587=ORIENTED_EDGE('',*,*,#1851,.T.);
#5588=CARTESIAN_POINT('',(-2.675184882,204.506359248,410.457613508));
#5589=DIRECTION('',(0.,0.,1.));
#5590=VECTOR('',#5589,5.);
#5591=LINE('',#5588,#5590);
#5592=EDGE_CURVE('',#1837,#1628,#5591,.T.);
#5593=ORIENTED_EDGE('',*,*,#5592,.T.);
#5594=EDGE_LOOP('',(#5580,#5586,#5587,#5593));
#5595=FACE_BOUND('',#5594,.T.);
#5596=ADVANCED_FACE('',(#5595),#5579,.T.);
#5597=CARTESIAN_POINT('',(283.736503446,204.135438664,410.457613508));
#5598=DIRECTION('',(0.707106781,0.707106781,-0.));
#5599=DIRECTION('',(0.,-0.,-1.));
#5600=AXIS2_PLACEMENT_3D('',#5597,#5598,#5599);
#5601=PLANE('',#5600);
#5602=ORIENTED_EDGE('',*,*,#2004,.F.);
#5603=CARTESIAN_POINT('',(266.837008509,221.034933601,410.457613508));
#5604=DIRECTION('',(0.,0.,1.));
#5605=VECTOR('',#5604,5.);
#5606=LINE('',#5603,#5605);
#5607=EDGE_CURVE('',#1990,#1694,#5606,.T.);
#5608=ORIENTED_EDGE('',*,*,#5607,.T.);
#5609=ORIENTED_EDGE('',*,*,#1699,.F.);
#5610=CARTESIAN_POINT('',(279.635998382,208.235943728,415.457613508));
#5611=DIRECTION('',(-0.,-0.,-1.));
#5612=VECTOR('',#5611,5.);
#5613=LINE('',#5610,#5612);
#5614=EDGE_CURVE('',#1685,#1999,#5613,.T.);
#5615=ORIENTED_EDGE('',*,*,#5614,.T.);
#5616=EDGE_LOOP('',(#5602,#5608,#5609,#5615));
#5617=FACE_BOUND('',#5616,.T.);
#5618=ADVANCED_FACE('',(#5617),#5601,.T.);
#5619=CARTESIAN_POINT('',(30.911944897,225.423076792,410.457613508));
#5620=DIRECTION('',(-0.70534991,0.708859298,-0.));
#5621=DIRECTION('',(0.,-0.,-1.));
#5622=AXIS2_PLACEMENT_3D('',#5619,#5620,#5621);
#5623=PLANE('',#5622);
#5624=ORIENTED_EDGE('',*,*,#1607,.F.);
#5625=CARTESIAN_POINT('',(26.801277007,221.332759806,415.457613508));
#5626=DIRECTION('',(-0.,-0.,-1.));
#5627=VECTOR('',#5626,5.);
#5628=LINE('',#5625,#5627);
#5629=EDGE_CURVE('',#1600,#1872,#5628,.T.);
#5630=ORIENTED_EDGE('',*,*,#5629,.T.);
#5631=ORIENTED_EDGE('',*,*,#1877,.F.);
#5632=CARTESIAN_POINT('',(13.970565697,208.565570184,410.457613508));
#5633=DIRECTION('',(-0.,0.,1.));
#5634=VECTOR('',#5633,5.);
#5635=LINE('',#5632,#5634);
#5636=EDGE_CURVE('',#1863,#1602,#5635,.T.);
#5637=ORIENTED_EDGE('',*,*,#5636,.T.);
#5638=EDGE_LOOP('',(#5624,#5630,#5631,#5637));
#5639=FACE_BOUND('',#5638,.T.);
#5640=ADVANCED_FACE('',(#5639),#5623,.T.);
#5641=CARTESIAN_POINT('',(46.993170521,258.135438664,416.457613508));
#5642=DIRECTION('',(0.,-0.,-1.));
#5643=DIRECTION('',(0.,1.,-0.));
#5644=AXIS2_PLACEMENT_3D('',#5641,#5642,#5643);
#5645=CYLINDRICAL_SURFACE('',#5644,16.);
#5646=ORIENTED_EDGE('',*,*,#1801,.F.);
#5647=ORIENTED_EDGE('',*,*,#132,.F.);
#5648=ORIENTED_EDGE('',*,*,#1901,.F.);
#5649=ORIENTED_EDGE('',*,*,#5570,.F.);
#5650=EDGE_LOOP('',(#5646,#5647,#5648,#5649));
#5651=FACE_BOUND('',#5650,.T.);
#5652=ADVANCED_FACE('',(#5651),#5645,.T.);
#5653=CARTESIAN_POINT('',(246.736503446,258.135438664,410.457613508));
#5654=DIRECTION('',(0.,-0.,-1.));
#5655=DIRECTION('',(0.,1.,-0.));
#5656=AXIS2_PLACEMENT_3D('',#5653,#5654,#5655);
#5657=CYLINDRICAL_SURFACE('',#5656,16.);
#5658=ORIENTED_EDGE('',*,*,#1725,.F.);
#5659=ORIENTED_EDGE('',*,*,#5526,.F.);
#5660=ORIENTED_EDGE('',*,*,#1979,.F.);
#5661=ORIENTED_EDGE('',*,*,#4636,.F.);
#5662=EDGE_LOOP('',(#5658,#5659,#5660,#5661));
#5663=FACE_BOUND('',#5662,.T.);
#5664=ADVANCED_FACE('',(#5663),#5657,.T.);
#5665=CARTESIAN_POINT('',(296.457278139,194.135438664,380.457613508));
#5666=DIRECTION('',(0.,0.,1.));
#5667=DIRECTION('',(0.,-1.,0.));
#5668=AXIS2_PLACEMENT_3D('',#5665,#5666,#5667);
#5669=CYLINDRICAL_SURFACE('',#5668,10.);
#5670=ORIENTED_EDGE('',*,*,#2028,.F.);
#5671=ORIENTED_EDGE('',*,*,#5548,.F.);
#5672=ORIENTED_EDGE('',*,*,#1674,.F.);
#5673=ORIENTED_EDGE('',*,*,#212,.F.);
#5674=EDGE_LOOP('',(#5670,#5671,#5672,#5673));
#5675=FACE_BOUND('',#5674,.T.);
#5676=ADVANCED_FACE('',(#5675),#5669,.T.);
#5677=CARTESIAN_POINT('',(-2.7,194.506390038,410.457613508));
#5678=DIRECTION('',(0.,-0.,-1.));
#5679=DIRECTION('',(0.,1.,-0.));
#5680=AXIS2_PLACEMENT_3D('',#5677,#5678,#5679);
#5681=CYLINDRICAL_SURFACE('',#5680,10.);
#5682=CARTESIAN_POINT('',(-2.7,204.506390038,410.457613508));
#5683=DIRECTION('',(-0.,0.,1.));
#5684=VECTOR('',#5683,5.);
#5685=LINE('',#5682,#5684);
#5686=EDGE_CURVE('',#1828,#1636,#5685,.T.);
#5687=ORIENTED_EDGE('',*,*,#5686,.T.);
#5688=ORIENTED_EDGE('',*,*,#1642,.F.);
#5689=ORIENTED_EDGE('',*,*,#5592,.F.);
#5690=ORIENTED_EDGE('',*,*,#1843,.F.);
#5691=EDGE_LOOP('',(#5687,#5688,#5689,#5690));
#5692=FACE_BOUND('',#5691,.T.);
#5693=ADVANCED_FACE('',(#5692),#5681,.T.);
#5694=CARTESIAN_POINT('',(276.736503446,230.934428538,410.457613508));
#5695=DIRECTION('',(0.,0.,1.));
#5696=DIRECTION('',(0.,-1.,0.));
#5697=AXIS2_PLACEMENT_3D('',#5694,#5695,#5696);
#5698=CYLINDRICAL_SURFACE('',#5697,14.);
#5699=ORIENTED_EDGE('',*,*,#1708,.F.);
#5700=ORIENTED_EDGE('',*,*,#5607,.F.);
#5701=ORIENTED_EDGE('',*,*,#1996,.F.);
#5702=ORIENTED_EDGE('',*,*,#5519,.F.);
#5703=EDGE_LOOP('',(#5699,#5700,#5701,#5702));
#5704=FACE_BOUND('',#5703,.T.);
#5705=ADVANCED_FACE('',(#5704),#5698,.F.);
#5706=CARTESIAN_POINT('',(289.535493319,218.135438664,410.457613508));
#5707=DIRECTION('',(0.,-0.,-1.));
#5708=DIRECTION('',(0.,1.,-0.));
#5709=AXIS2_PLACEMENT_3D('',#5706,#5707,#5708);
#5710=CYLINDRICAL_SURFACE('',#5709,14.);
#5711=ORIENTED_EDGE('',*,*,#2013,.F.);
#5712=ORIENTED_EDGE('',*,*,#5614,.F.);
#5713=ORIENTED_EDGE('',*,*,#1691,.F.);
#5714=ORIENTED_EDGE('',*,*,#5541,.F.);
#5715=EDGE_LOOP('',(#5711,#5712,#5713,#5714));
#5716=FACE_BOUND('',#5715,.T.);
#5717=ADVANCED_FACE('',(#5716),#5710,.F.);
#5718=CARTESIAN_POINT('',(16.926378264,231.256789975,410.457613508));
#5719=DIRECTION('',(-0.,-0.,-1.));
#5720=DIRECTION('',(0.,1.,-0.));
#5721=AXIS2_PLACEMENT_3D('',#5718,#5719,#5720);
#5722=CYLINDRICAL_SURFACE('',#5721,14.);
#5723=ORIENTED_EDGE('',*,*,#1886,.F.);
#5724=ORIENTED_EDGE('',*,*,#5629,.F.);
#5725=ORIENTED_EDGE('',*,*,#1816,.F.);
#5726=ORIENTED_EDGE('',*,*,#5563,.F.);
#5727=EDGE_LOOP('',(#5723,#5724,#5725,#5726));
#5728=FACE_BOUND('',#5727,.T.);
#5729=ADVANCED_FACE('',(#5728),#5722,.F.);
#5730=CARTESIAN_POINT('',(4.095666954,218.489600354,410.457613508));
#5731=DIRECTION('',(-0.,0.,1.));
#5732=DIRECTION('',(0.,-1.,0.));
#5733=AXIS2_PLACEMENT_3D('',#5730,#5731,#5732);
#5734=CYLINDRICAL_SURFACE('',#5733,14.);
#5735=CARTESIAN_POINT('',(4.095666954,204.489600354,415.457613508));
#5736=DIRECTION('',(0.,-0.,-1.));
#5737=VECTOR('',#5736,5.);
#5738=LINE('',#5735,#5737);
#5739=EDGE_CURVE('',#1610,#1854,#5738,.T.);
#5740=ORIENTED_EDGE('',*,*,#5739,.F.);
#5741=ORIENTED_EDGE('',*,*,#1616,.F.);
#5742=ORIENTED_EDGE('',*,*,#5636,.F.);
#5743=ORIENTED_EDGE('',*,*,#1869,.F.);
#5744=EDGE_LOOP('',(#5740,#5741,#5742,#5743));
#5745=FACE_BOUND('',#5744,.T.);
#5746=ADVANCED_FACE('',(#5745),#5734,.F.);
#5747=CARTESIAN_POINT('',(-2.7,194.506390038,410.457613508));
#5748=DIRECTION('',(0.,-0.,-1.));
#5749=DIRECTION('',(0.,1.,-0.));
#5750=AXIS2_PLACEMENT_3D('',#5747,#5748,#5749);
#5751=CYLINDRICAL_SURFACE('',#5750,10.);
#5752=ORIENTED_EDGE('',*,*,#5686,.F.);
#5753=ORIENTED_EDGE('',*,*,#1834,.F.);
#5754=ORIENTED_EDGE('',*,*,#172,.F.);
#5755=ORIENTED_EDGE('',*,*,#1649,.F.);
#5756=EDGE_LOOP('',(#5752,#5753,#5754,#5755));
#5757=FACE_BOUND('',#5756,.T.);
#5758=ADVANCED_FACE('',(#5757),#5751,.T.);
#5759=CARTESIAN_POINT('',(4.095666954,218.489600354,410.457613508));
#5760=DIRECTION('',(-0.,0.,1.));
#5761=DIRECTION('',(0.,-1.,0.));
#5762=AXIS2_PLACEMENT_3D('',#5759,#5760,#5761);
#5763=CYLINDRICAL_SURFACE('',#5762,14.);
#5764=ORIENTED_EDGE('',*,*,#5739,.T.);
#5765=ORIENTED_EDGE('',*,*,#1860,.F.);
#5766=ORIENTED_EDGE('',*,*,#5585,.F.);
#5767=ORIENTED_EDGE('',*,*,#1625,.F.);
#5768=EDGE_LOOP('',(#5764,#5765,#5766,#5767));
#5769=FACE_BOUND('',#5768,.T.);
#5770=ADVANCED_FACE('',(#5769),#5763,.F.);
#5771=CLOSED_SHELL('',(#150,#190,#230,#1820,#3821,#3843,#3883,#3923,#3963,#3984,#4005,#4026,#4047,#4068,#4089,#4110,#4129,#4150,#4169,#4186,#4208,#4230,#4252,#4274,#4295,#4316,
#4337,#4358,#4379,#4400,#4419,#4438,#4457,#4478,#4499,#4520,#4541,#4562,#4583,#4604,#4625,#4647,#4669,#4691,#4713,#4735,#4757,#4779,#4801,#4823,#4845,
#4867,#4889,#4901,#4913,#4925,#4937,#4949,#4961,#4973,#4985,#4997,#5009,#5021,#5033,#5045,#5057,#5069,#5081,#5100,#5119,#5138,#5157,#5178,#5199,#5220,
#5241,#5262,#5283,#5304,#5325,#5344,#5366,#5388,#5410,#5422,#5434,#5446,#5458,#5470,#5489,#5508,#5530,#5552,#5574,#5596,#5618,#5640,#5652,#5664,#5676,
#5693,#5705,#5717,#5729,#5746,#5758,#5770));
#5772=MANIFOLD_SOLID_BREP('Chamfer1',#5771);
#5773=COLOUR_RGB('',0.690196097,0.611764729,0.529411793);
#5774=FILL_AREA_STYLE_COLOUR('',#5773);
#5775=FILL_AREA_STYLE('',(#5774));
#5776=SURFACE_STYLE_FILL_AREA(#5775);
#5777=SURFACE_SIDE_STYLE('',(#5776));
#5778=SURFACE_STYLE_USAGE(.BOTH.,#5777);
#5779=PRESENTATION_STYLE_ASSIGNMENT((#5778));
#110=STYLED_ITEM('',(#5779),#5772);
#91=SHAPE_REPRESENTATION('t\X2\1EA5\X0\m sau',(#15),#89);
#92=ADVANCED_BREP_SHAPE_REPRESENTATION('t\X2\1EA5\X0\m sau',(#5772),#89);
#5787=SHAPE_REPRESENTATION_RELATIONSHIP('','',#91,#92);
#5788=CARTESIAN_POINT('',(0.,0.,0.));
#5789=DIRECTION('',(0.,0.,1.));
#5790=DIRECTION('',(1.,0.,0.));
#5791=AXIS2_PLACEMENT_3D('',#5788,#5789,#5790);
#5793=MAPPED_ITEM('',#5792,#5791);
#5792=REPRESENTATION_MAP(#5791,#91);
#5794=APPLICATION_CONTEXT('Managed model based 3d engineering');
#5795=APPLICATION_PROTOCOL_DEFINITION('international standard','ap242_managed_model_based_3d_engineering',2014,#5794);
#5796=PRODUCT_CONTEXT('',#5794,'mechanical');
#5797=PRODUCT_DEFINITION_CONTEXT('part definition',#5794,'design');
#99=PRODUCT('t\X2\1EA5\X0\m sau','t\X2\1EA5\X0\m sau','',(#5796));
#5798=PRODUCT_RELATED_PRODUCT_CATEGORY('part','',(#99));
#5799=PRODUCT_DEFINITION_FORMATION_WITH_SPECIFIED_SOURCE('','',#99,.NOT_KNOWN.);
#100=PRODUCT_DEFINITION('design','',#5799,#5797);
#98=PRODUCT_DEFINITION_SHAPE('','',#100);
#5800=SHAPE_DEFINITION_REPRESENTATION(#98,#91);
#90=DRAUGHTING_MODEL('',(#5793),#89);
#63=SHAPE_REPRESENTATION('DEMO_T9_6.7.STEP',(#15,#104),#61);
#5801=CARTESIAN_POINT('',(0.,0.,0.));
#5802=DIRECTION('',(0.,0.,1.));
#5803=DIRECTION('',(1.,0.,0.));
#5804=AXIS2_PLACEMENT_3D('',#5801,#5802,#5803);
#5806=MAPPED_ITEM('',#5805,#5804);
#5805=REPRESENTATION_MAP(#5804,#63);
#71=PRODUCT('DEMO_T9_6.7.STEP','DEMO_T9_6.7.STEP','',(#5796));
#5807=PRODUCT_RELATED_PRODUCT_CATEGORY('part','',(#71));
#5808=PRODUCT_DEFINITION_FORMATION_WITH_SPECIFIED_SOURCE('','',#71,.NOT_KNOWN.);
#72=PRODUCT_DEFINITION('design','',#5808,#5797);
#70=PRODUCT_DEFINITION_SHAPE('','',#72);
#5809=SHAPE_DEFINITION_REPRESENTATION(#70,#63);
#62=DRAUGHTING_MODEL('',(#5806),#61);
#35=SHAPE_REPRESENTATION('DEMO_T9_6.7.STEP (Imported)',(#15,#76),#33);
#5810=CARTESIAN_POINT('',(0.,0.,0.));
#5811=DIRECTION('',(0.,0.,1.));
#5812=DIRECTION('',(1.,0.,0.));
#5813=AXIS2_PLACEMENT_3D('',#5810,#5811,#5812);
#5815=MAPPED_ITEM('',#5814,#5813);
#5814=REPRESENTATION_MAP(#5813,#35);
#43=PRODUCT('DEMO_T9_6.7.STEP (Imported)','DEMO_T9_6.7.STEP (Imported)','',(#5796));
#5816=PRODUCT_RELATED_PRODUCT_CATEGORY('part','',(#43));
#5817=PRODUCT_DEFINITION_FORMATION_WITH_SPECIFIED_SOURCE('','',#43,.NOT_KNOWN.);
#44=PRODUCT_DEFINITION('design','',#5817,#5797);
#42=PRODUCT_DEFINITION_SHAPE('','',#44);
#5818=SHAPE_DEFINITION_REPRESENTATION(#42,#35);
#34=DRAUGHTING_MODEL('',(#5815),#33);
#16=SHAPE_REPRESENTATION('root',(#15,#48),#10);
#5819=CARTESIAN_POINT('',(0.,0.,0.));
#5820=DIRECTION('',(0.,0.,1.));
#5821=DIRECTION('',(1.,0.,0.));
#5822=AXIS2_PLACEMENT_3D('',#5819,#5820,#5821);
#5824=MAPPED_ITEM('',#5823,#5822);
#5823=REPRESENTATION_MAP(#5822,#16);
#24=PRODUCT('root','root','',(#5796));
#5825=PRODUCT_RELATED_PRODUCT_CATEGORY('part','',(#24));
#5826=PRODUCT_DEFINITION_FORMATION_WITH_SPECIFIED_SOURCE('','',#24,.NOT_KNOWN.);
#25=PRODUCT_DEFINITION('design','',#5826,#5797);
#23=PRODUCT_DEFINITION_SHAPE('','',#25);
#5827=SHAPE_DEFINITION_REPRESENTATION(#23,#16);
#11=DRAUGHTING_MODEL('',(#5824),#10);
#5828=DESCRIPTIVE_REPRESENTATION_ITEM('KEY','C:\\Users\\TranHuyBao\\AppData\\Local\\Packages\\Shapr3D.Shapr3D_dvv5p1vgwv6mp\\TempState\\e971edf1-55c4-4a63-a4f8-d9b1180de43c.tmp');
#5829=PROPERTY_DEFINITION('KEY','',#25);
#5830=REPRESENTATION('',(#5828),#10);
#5831=PROPERTY_DEFINITION_REPRESENTATION(#5829,#5830);
#5832=GENERAL_PROPERTY('','KEY','');
#5833=GENERAL_PROPERTY_ASSOCIATION('','',#5832,#5829);
#1=MECHANICAL_DESIGN_GEOMETRIC_PRESENTATION_REPRESENTATION('',(#110),#10);
ENDSEC;
END-ISO-10303-21;
