ISO-10303-21;
HEADER;

/* File generated by Shapr3D Version 26.150.11562.0 */

FILE_DESCRIPTION(('HOOPS Exchange Step'),'2;1');

FILE_NAME('C:\\Users\\TranHuyBao\\AppData\\Local\\Packages\\Shapr3D.Shapr3D_dvv5p1vgwv6mp\\TempState\\export\\temp_export',
'2026-08-20T16:40:19+07:00',
('TR\X2\1EA6\X0\N HUY B\X2\1EA2\X0\O'),
('Shapr3D Limited'),
'HOOPS Exchange 2026.3',
'Shapr3D',
'Authorized');

FILE_SCHEMA( ('AP242_MANAGED_MODEL_BASED_3D_ENGINEERING_MIM_LF {1 0 10303 442 1 1 4}') );

ENDSEC;

DATA;
#3=(NAMED_UNIT(*)PLANE_ANGLE_UNIT()SI_UNIT($,.RADIAN.));
#4=PLANE_ANGLE_MEASURE_WITH_UNIT(PLANE_ANGLE_MEASURE(0.0174532925),#3);
#5=(CONVERSION_BASED_UNIT('DEGREE',#4)NAMED_UNIT(#6)PLANE_ANGLE_UNIT());
#6=DIMENSIONAL_EXPONENTS(0.,0.,0.,0.,0.,0.,0.);
#7=(NAMED_UNIT(*)SI_UNIT($,.STERADIAN.)SOLID_ANGLE_UNIT());
#8=(LENGTH_UNIT()NAMED_UNIT(*)SI_UNIT(.MILLI.,.METRE.));
#9=UNCERTAINTY_MEASURE_WITH_UNIT(LENGTH_MEASURE(1.000000E-03),#8,'DISTANCE_ACCURACY_VALUE','Maximum Tolerance applied to model');
#10=(GEOMETRIC_REPRESENTATION_CONTEXT(3)GLOBAL_UNCERTAINTY_ASSIGNED_CONTEXT((#9))GLOBAL_UNIT_ASSIGNED_CONTEXT((#8,#5,#7))REPRESENTATION_CONTEXT('','root'));
#12=CARTESIAN_POINT('',(0.,0.,0.));
#13=DIRECTION('',(0.,0.,1.));
#14=DIRECTION('',(1.,0.,0.));
#15=AXIS2_PLACEMENT_3D('',#12,#13,#14);
#26=(NAMED_UNIT(*)PLANE_ANGLE_UNIT()SI_UNIT($,.RADIAN.));
#27=PLANE_ANGLE_MEASURE_WITH_UNIT(PLANE_ANGLE_MEASURE(0.0174532925),#26);
#28=(CONVERSION_BASED_UNIT('DEGREE',#27)NAMED_UNIT(#29)PLANE_ANGLE_UNIT());
#29=DIMENSIONAL_EXPONENTS(0.,0.,0.,0.,0.,0.,0.);
#30=(NAMED_UNIT(*)SI_UNIT($,.STERADIAN.)SOLID_ANGLE_UNIT());
#31=(LENGTH_UNIT()NAMED_UNIT(*)SI_UNIT(.MILLI.,.METRE.));
#32=UNCERTAINTY_MEASURE_WITH_UNIT(LENGTH_MEASURE(1.000000E-03),#31,'DISTANCE_ACCURACY_VALUE','Maximum Tolerance applied to model');
#33=(GEOMETRIC_REPRESENTATION_CONTEXT(3)GLOBAL_UNCERTAINTY_ASSIGNED_CONTEXT((#32))GLOBAL_UNIT_ASSIGNED_CONTEXT((#31,#28,#30))REPRESENTATION_CONTEXT('','DEMO_T9_6.7.STEP (Imported)'));
#45=CARTESIAN_POINT('',(0.,0.,0.));
#46=DIRECTION('',(0.,0.,1.));
#47=DIRECTION('',(1.,0.,-0.));
#48=AXIS2_PLACEMENT_3D('',#45,#46,#47);
#49=ITEM_DEFINED_TRANSFORMATION('','',#48,#15);
#50=(REPRESENTATION_RELATIONSHIP('','',#35,#16)REPRESENTATION_RELATIONSHIP_WITH_TRANSFORMATION(#49)SHAPE_REPRESENTATION_RELATIONSHIP());
#51=NEXT_ASSEMBLY_USAGE_OCCURRENCE('DEMO_T9_6.7.STEP (Imported)_1','DEMO_T9_6.7.STEP (Imported)','DEMO_T9_6.7.STEP (Imported)',#25,#44,$);
#52=PRODUCT_DEFINITION_SHAPE('','',#51);
#53=CONTEXT_DEPENDENT_SHAPE_REPRESENTATION(#50,#52);
#54=(NAMED_UNIT(*)PLANE_ANGLE_UNIT()SI_UNIT($,.RADIAN.));
#55=PLANE_ANGLE_MEASURE_WITH_UNIT(PLANE_ANGLE_MEASURE(0.0174532925),#54);
#56=(CONVERSION_BASED_UNIT('DEGREE',#55)NAMED_UNIT(#57)PLANE_ANGLE_UNIT());
#57=DIMENSIONAL_EXPONENTS(0.,0.,0.,0.,0.,0.,0.);
#58=(NAMED_UNIT(*)SI_UNIT($,.STERADIAN.)SOLID_ANGLE_UNIT());
#59=(LENGTH_UNIT()NAMED_UNIT(*)SI_UNIT(.MILLI.,.METRE.));
#60=UNCERTAINTY_MEASURE_WITH_UNIT(LENGTH_MEASURE(1.000000E-03),#59,'DISTANCE_ACCURACY_VALUE','Maximum Tolerance applied to model');
#61=(GEOMETRIC_REPRESENTATION_CONTEXT(3)GLOBAL_UNCERTAINTY_ASSIGNED_CONTEXT((#60))GLOBAL_UNIT_ASSIGNED_CONTEXT((#59,#56,#58))REPRESENTATION_CONTEXT('','DEMO_T9_6.7.STEP'));
#73=CARTESIAN_POINT('',(0.,0.,0.));
#74=DIRECTION('',(0.,0.,1.));
#75=DIRECTION('',(1.,0.,-0.));
#76=AXIS2_PLACEMENT_3D('',#73,#74,#75);
#77=ITEM_DEFINED_TRANSFORMATION('','',#76,#15);
#78=(REPRESENTATION_RELATIONSHIP('','',#63,#35)REPRESENTATION_RELATIONSHIP_WITH_TRANSFORMATION(#77)SHAPE_REPRESENTATION_RELATIONSHIP());
#79=NEXT_ASSEMBLY_USAGE_OCCURRENCE('DEMO_T9_6.7.STEP_2','DEMO_T9_6.7.STEP','DEMO_T9_6.7.STEP',#44,#72,$);
#80=PRODUCT_DEFINITION_SHAPE('','',#79);
#81=CONTEXT_DEPENDENT_SHAPE_REPRESENTATION(#78,#80);
#82=(NAMED_UNIT(*)PLANE_ANGLE_UNIT()SI_UNIT($,.RADIAN.));
#83=PLANE_ANGLE_MEASURE_WITH_UNIT(PLANE_ANGLE_MEASURE(0.0174532925),#82);
#84=(CONVERSION_BASED_UNIT('DEGREE',#83)NAMED_UNIT(#85)PLANE_ANGLE_UNIT());
#85=DIMENSIONAL_EXPONENTS(0.,0.,0.,0.,0.,0.,0.);
#86=(NAMED_UNIT(*)SI_UNIT($,.STERADIAN.)SOLID_ANGLE_UNIT());
#87=(LENGTH_UNIT()NAMED_UNIT(*)SI_UNIT(.MILLI.,.METRE.));
#88=UNCERTAINTY_MEASURE_WITH_UNIT(LENGTH_MEASURE(1.000000E-05),#87,'DISTANCE_ACCURACY_VALUE','Maximum Tolerance applied to model');
#89=(GEOMETRIC_REPRESENTATION_CONTEXT(3)GLOBAL_UNCERTAINTY_ASSIGNED_CONTEXT((#88))GLOBAL_UNIT_ASSIGNED_CONTEXT((#87,#84,#86))REPRESENTATION_CONTEXT('','t\X2\1EA5\X0\m sau'));
#101=CARTESIAN_POINT('',(0.,0.,0.));
#102=DIRECTION('',(0.,0.,1.));
#103=DIRECTION('',(1.,0.,-0.));
#104=AXIS2_PLACEMENT_3D('',#101,#102,#103);
#105=ITEM_DEFINED_TRANSFORMATION('','',#104,#15);
#106=(REPRESENTATION_RELATIONSHIP('','',#91,#63)REPRESENTATION_RELATIONSHIP_WITH_TRANSFORMATION(#105)SHAPE_REPRESENTATION_RELATIONSHIP());
#107=NEXT_ASSEMBLY_USAGE_OCCURRENCE('t\X2\1EA5\X0\m sau_3','t\X2\1EA5\X0\m sau','t\X2\1EA5\X0\m sau',#72,#100,$);
#108=PRODUCT_DEFINITION_SHAPE('','',#107);
#109=CONTEXT_DEPENDENT_SHAPE_REPRESENTATION(#106,#108);
#111=CARTESIAN_POINT('',(248.378633604,97.635438664,396.457613508));
#112=DIRECTION('',(0.,0.,1.));
#113=DIRECTION('',(0.,-1.,0.));
#114=AXIS2_PLACEMENT_3D('',#111,#112,#113);
#115=CYLINDRICAL_SURFACE('',#114,2.1);
#116=CARTESIAN_POINT('',(248.378633604,95.535438664,415.457613508));
#117=VERTEX_POINT('',#116);
#118=CARTESIAN_POINT('',(248.378633604,95.535438664,410.457613508));
#119=VERTEX_POINT('',#118);
#120=CARTESIAN_POINT('',(248.378633604,95.535438664,415.457613508));
#121=DIRECTION('',(-0.,-0.,-1.));
#122=VECTOR('',#121,5.);
#123=LINE('',#120,#122);
#124=EDGE_CURVE('',#117,#119,#123,.T.);
#125=ORIENTED_EDGE('',*,*,#124,.F.);
#126=CARTESIAN_POINT('',(246.278633604,97.635438664,415.457613508));
#127=VERTEX_POINT('',#126);
#128=CARTESIAN_POINT('',(248.378633604,97.635438664,415.457613508));
#129=DIRECTION('',(0.,0.,1.));
#130=DIRECTION('',(-1.,0.,0.));
#131=AXIS2_PLACEMENT_3D('',#128,#129,#130);
#132=CIRCLE('',#131,2.1);
#133=EDGE_CURVE('',#117,#127,#132,.T.);
#134=ORIENTED_EDGE('',*,*,#133,.T.);
#135=CARTESIAN_POINT('',(248.378633604,97.635438664,415.457613508));
#136=DIRECTION('',(0.,0.,1.));
#137=DIRECTION('',(-1.,0.,0.));
#138=AXIS2_PLACEMENT_3D('',#135,#136,#137);
#139=CIRCLE('',#138,2.1);
#140=EDGE_CURVE('',#127,#117,#139,.T.);
#141=ORIENTED_EDGE('',*,*,#140,.T.);
#142=ORIENTED_EDGE('',*,*,#124,.T.);
#143=CARTESIAN_POINT('',(248.378633604,99.735438664,410.457613508));
#144=VERTEX_POINT('',#143);
#145=CARTESIAN_POINT('',(248.378633604,97.635438664,410.457613508));
#146=DIRECTION('',(0.,-0.,-1.));
#147=DIRECTION('',(0.,1.,-0.));
#148=AXIS2_PLACEMENT_3D('',#145,#146,#147);
#149=CIRCLE('',#148,2.1);
#150=EDGE_CURVE('',#119,#144,#149,.T.);
#151=ORIENTED_EDGE('',*,*,#150,.T.);
#152=CARTESIAN_POINT('',(248.378633604,97.635438664,410.457613508));
#153=DIRECTION('',(0.,-0.,-1.));
#154=DIRECTION('',(0.,1.,-0.));
#155=AXIS2_PLACEMENT_3D('',#152,#153,#154);
#156=CIRCLE('',#155,2.1);
#157=EDGE_CURVE('',#144,#119,#156,.T.);
#158=ORIENTED_EDGE('',*,*,#157,.T.);
#159=EDGE_LOOP('',(#125,#134,#141,#142,#151,#158));
#160=FACE_BOUND('',#159,.T.);
#161=ADVANCED_FACE('',(#160),#115,.F.);
#162=CARTESIAN_POINT('',(102.37862359,97.63545106,396.457613508));
#163=DIRECTION('',(0.,0.,1.));
#164=DIRECTION('',(-0.000000122,-1.,0.));
#165=AXIS2_PLACEMENT_3D('',#162,#163,#164);
#166=CYLINDRICAL_SURFACE('',#165,2.1);
#167=CARTESIAN_POINT('',(102.378623333,95.53545106,415.457613508));
#168=VERTEX_POINT('',#167);
#169=CARTESIAN_POINT('',(102.378623333,95.53545106,410.457613508));
#170=VERTEX_POINT('',#169);
#171=CARTESIAN_POINT('',(102.378623333,95.53545106,415.457613508));
#172=DIRECTION('',(-0.,-0.,-1.));
#173=VECTOR('',#172,5.);
#174=LINE('',#171,#173);
#175=EDGE_CURVE('',#168,#170,#174,.T.);
#176=ORIENTED_EDGE('',*,*,#175,.F.);
#177=CARTESIAN_POINT('',(104.47862359,97.635450804,415.457613508));
#178=VERTEX_POINT('',#177);
#179=CARTESIAN_POINT('',(102.37862359,97.63545106,415.457613508));
#180=DIRECTION('',(-0.,-0.,-1.));
#181=DIRECTION('',(1.,-0.000000122,0.));
#182=AXIS2_PLACEMENT_3D('',#179,#180,#181);
#183=CIRCLE('',#182,2.1);
#184=EDGE_CURVE('',#178,#168,#183,.T.);
#185=ORIENTED_EDGE('',*,*,#184,.F.);
#186=CARTESIAN_POINT('',(102.37862359,97.63545106,415.457613508));
#187=DIRECTION('',(-0.,-0.,-1.));
#188=DIRECTION('',(1.,-0.000000122,0.));
#189=AXIS2_PLACEMENT_3D('',#186,#187,#188);
#190=CIRCLE('',#189,2.1);
#191=EDGE_CURVE('',#168,#178,#190,.T.);
#192=ORIENTED_EDGE('',*,*,#191,.F.);
#193=ORIENTED_EDGE('',*,*,#175,.T.);
#194=CARTESIAN_POINT('',(102.378623846,99.73545106,410.457613508));
#195=VERTEX_POINT('',#194);
#196=CARTESIAN_POINT('',(102.37862359,97.63545106,410.457613508));
#197=DIRECTION('',(0.,0.,1.));
#198=DIRECTION('',(0.000000122,1.,-0.));
#199=AXIS2_PLACEMENT_3D('',#196,#197,#198);
#200=CIRCLE('',#199,2.1);
#201=EDGE_CURVE('',#195,#170,#200,.T.);
#202=ORIENTED_EDGE('',*,*,#201,.F.);
#203=CARTESIAN_POINT('',(102.37862359,97.63545106,410.457613508));
#204=DIRECTION('',(0.,0.,1.));
#205=DIRECTION('',(0.000000122,1.,-0.));
#206=AXIS2_PLACEMENT_3D('',#203,#204,#205);
#207=CIRCLE('',#206,2.1);
#208=EDGE_CURVE('',#170,#195,#207,.T.);
#209=ORIENTED_EDGE('',*,*,#208,.F.);
#210=EDGE_LOOP('',(#176,#185,#192,#193,#202,#209));
#211=FACE_BOUND('',#210,.T.);
#212=ADVANCED_FACE('',(#211),#166,.F.);
#213=CARTESIAN_POINT('',(45.378638245,217.63545106,396.457613508));
#214=DIRECTION('',(0.,0.,1.));
#215=DIRECTION('',(-0.000000122,-1.,0.));
#216=AXIS2_PLACEMENT_3D('',#213,#214,#215);
#217=CYLINDRICAL_SURFACE('',#216,2.1);
#218=CARTESIAN_POINT('',(45.378637989,215.53545106,415.457613508));
#219=VERTEX_POINT('',#218);
#220=CARTESIAN_POINT('',(45.378637989,215.53545106,410.457613508));
#221=VERTEX_POINT('',#220);
#222=CARTESIAN_POINT('',(45.378637989,215.53545106,415.457613508));
#223=DIRECTION('',(-0.,-0.,-1.));
#224=VECTOR('',#223,5.);
#225=LINE('',#222,#224);
#226=EDGE_CURVE('',#219,#221,#225,.T.);
#227=ORIENTED_EDGE('',*,*,#226,.F.);
#228=CARTESIAN_POINT('',(47.478638245,217.635450804,415.457613508));
#229=VERTEX_POINT('',#228);
#230=CARTESIAN_POINT('',(45.378638245,217.63545106,415.457613508));
#231=DIRECTION('',(-0.,-0.,-1.));
#232=DIRECTION('',(1.,-0.000000122,0.));
#233=AXIS2_PLACEMENT_3D('',#230,#231,#232);
#234=CIRCLE('',#233,2.1);
#235=EDGE_CURVE('',#229,#219,#234,.T.);
#236=ORIENTED_EDGE('',*,*,#235,.F.);
#237=CARTESIAN_POINT('',(45.378638245,217.63545106,415.457613508));
#238=DIRECTION('',(-0.,-0.,-1.));
#239=DIRECTION('',(1.,-0.000000122,0.));
#240=AXIS2_PLACEMENT_3D('',#237,#238,#239);
#241=CIRCLE('',#240,2.1);
#242=EDGE_CURVE('',#219,#229,#241,.T.);
#243=ORIENTED_EDGE('',*,*,#242,.F.);
#244=ORIENTED_EDGE('',*,*,#226,.T.);
#245=CARTESIAN_POINT('',(45.378638502,219.73545106,410.457613508));
#246=VERTEX_POINT('',#245);
#247=CARTESIAN_POINT('',(45.378638245,217.63545106,410.457613508));
#248=DIRECTION('',(0.,0.,1.));
#249=DIRECTION('',(0.000000122,1.,-0.));
#250=AXIS2_PLACEMENT_3D('',#247,#248,#249);
#251=CIRCLE('',#250,2.1);
#252=EDGE_CURVE('',#246,#221,#251,.T.);
#253=ORIENTED_EDGE('',*,*,#252,.F.);
#254=CARTESIAN_POINT('',(45.378638245,217.63545106,410.457613508));
#255=DIRECTION('',(0.,0.,1.));
#256=DIRECTION('',(0.000000122,1.,-0.));
#257=AXIS2_PLACEMENT_3D('',#254,#255,#256);
#258=CIRCLE('',#257,2.1);
#259=EDGE_CURVE('',#221,#246,#258,.T.);
#260=ORIENTED_EDGE('',*,*,#259,.F.);
#261=EDGE_LOOP('',(#227,#236,#243,#244,#253,#260));
#262=FACE_BOUND('',#261,.T.);
#263=ADVANCED_FACE('',(#262),#217,.F.);
#264=CARTESIAN_POINT('',(45.378644107,265.63545106,396.457613508));
#265=DIRECTION('',(0.,0.,1.));
#266=DIRECTION('',(-0.000000122,-1.,0.));
#267=AXIS2_PLACEMENT_3D('',#264,#265,#266);
#268=CYLINDRICAL_SURFACE('',#267,2.1);
#269=CARTESIAN_POINT('',(45.378643851,263.53545106,415.457613508));
#270=VERTEX_POINT('',#269);
#271=CARTESIAN_POINT('',(45.378643851,263.53545106,410.457613508));
#272=VERTEX_POINT('',#271);
#273=CARTESIAN_POINT('',(45.378643851,263.53545106,415.457613508));
#274=DIRECTION('',(-0.,-0.,-1.));
#275=VECTOR('',#274,5.);
#276=LINE('',#273,#275);
#277=EDGE_CURVE('',#270,#272,#276,.T.);
#278=ORIENTED_EDGE('',*,*,#277,.F.);
#279=CARTESIAN_POINT('',(47.478644107,265.635450804,415.457613508));
#280=VERTEX_POINT('',#279);
#281=CARTESIAN_POINT('',(45.378644107,265.63545106,415.457613508));
#282=DIRECTION('',(-0.,-0.,-1.));
#283=DIRECTION('',(1.,-0.000000122,0.));
#284=AXIS2_PLACEMENT_3D('',#281,#282,#283);
#285=CIRCLE('',#284,2.1);
#286=EDGE_CURVE('',#280,#270,#285,.T.);
#287=ORIENTED_EDGE('',*,*,#286,.F.);
#288=CARTESIAN_POINT('',(45.378644107,265.63545106,415.457613508));
#289=DIRECTION('',(-0.,-0.,-1.));
#290=DIRECTION('',(1.,-0.000000122,0.));
#291=AXIS2_PLACEMENT_3D('',#288,#289,#290);
#292=CIRCLE('',#291,2.1);
#293=EDGE_CURVE('',#270,#280,#292,.T.);
#294=ORIENTED_EDGE('',*,*,#293,.F.);
#295=ORIENTED_EDGE('',*,*,#277,.T.);
#296=CARTESIAN_POINT('',(45.378644364,267.73545106,410.457613508));
#297=VERTEX_POINT('',#296);
#298=CARTESIAN_POINT('',(45.378644107,265.63545106,410.457613508));
#299=DIRECTION('',(0.,0.,1.));
#300=DIRECTION('',(0.000000122,1.,-0.));
#301=AXIS2_PLACEMENT_3D('',#298,#299,#300);
#302=CIRCLE('',#301,2.1);
#303=EDGE_CURVE('',#297,#272,#302,.T.);
#304=ORIENTED_EDGE('',*,*,#303,.F.);
#305=CARTESIAN_POINT('',(45.378644107,265.63545106,410.457613508));
#306=DIRECTION('',(0.,0.,1.));
#307=DIRECTION('',(0.000000122,1.,-0.));
#308=AXIS2_PLACEMENT_3D('',#305,#306,#307);
#309=CIRCLE('',#308,2.1);
#310=EDGE_CURVE('',#272,#297,#309,.T.);
#311=ORIENTED_EDGE('',*,*,#310,.F.);
#312=EDGE_LOOP('',(#278,#287,#294,#295,#304,#311));
#313=FACE_BOUND('',#312,.T.);
#314=ADVANCED_FACE('',(#313),#268,.F.);
#315=CARTESIAN_POINT('',(45.378626521,116.63545106,396.457613508));
#316=DIRECTION('',(0.,0.,1.));
#317=DIRECTION('',(-0.000000122,-1.,0.));
#318=AXIS2_PLACEMENT_3D('',#315,#316,#317);
#319=CYLINDRICAL_SURFACE('',#318,2.1);
#320=CARTESIAN_POINT('',(45.378626265,114.53545106,415.457613508));
#321=VERTEX_POINT('',#320);
#322=CARTESIAN_POINT('',(45.378626265,114.53545106,410.457613508));
#323=VERTEX_POINT('',#322);
#324=CARTESIAN_POINT('',(45.378626265,114.53545106,415.457613508));
#325=DIRECTION('',(-0.,-0.,-1.));
#326=VECTOR('',#325,5.);
#327=LINE('',#324,#326);
#328=EDGE_CURVE('',#321,#323,#327,.T.);
#329=ORIENTED_EDGE('',*,*,#328,.F.);
#330=CARTESIAN_POINT('',(47.478626521,116.635450804,415.457613508));
#331=VERTEX_POINT('',#330);
#332=CARTESIAN_POINT('',(45.378626521,116.63545106,415.457613508));
#333=DIRECTION('',(-0.,-0.,-1.));
#334=DIRECTION('',(1.,-0.000000122,0.));
#335=AXIS2_PLACEMENT_3D('',#332,#333,#334);
#336=CIRCLE('',#335,2.1);
#337=EDGE_CURVE('',#331,#321,#336,.T.);
#338=ORIENTED_EDGE('',*,*,#337,.F.);
#339=CARTESIAN_POINT('',(45.378626521,116.63545106,415.457613508));
#340=DIRECTION('',(-0.,-0.,-1.));
#341=DIRECTION('',(1.,-0.000000122,0.));
#342=AXIS2_PLACEMENT_3D('',#339,#340,#341);
#343=CIRCLE('',#342,2.1);
#344=EDGE_CURVE('',#321,#331,#343,.T.);
#345=ORIENTED_EDGE('',*,*,#344,.F.);
#346=ORIENTED_EDGE('',*,*,#328,.T.);
#347=CARTESIAN_POINT('',(45.378626777,118.73545106,410.457613508));
#348=VERTEX_POINT('',#347);
#349=CARTESIAN_POINT('',(45.378626521,116.63545106,410.457613508));
#350=DIRECTION('',(0.,0.,1.));
#351=DIRECTION('',(0.000000122,1.,-0.));
#352=AXIS2_PLACEMENT_3D('',#349,#350,#351);
#353=CIRCLE('',#352,2.1);
#354=EDGE_CURVE('',#348,#323,#353,.T.);
#355=ORIENTED_EDGE('',*,*,#354,.F.);
#356=CARTESIAN_POINT('',(45.378626521,116.63545106,410.457613508));
#357=DIRECTION('',(0.,0.,1.));
#358=DIRECTION('',(0.000000122,1.,-0.));
#359=AXIS2_PLACEMENT_3D('',#356,#357,#358);
#360=CIRCLE('',#359,2.1);
#361=EDGE_CURVE('',#323,#348,#360,.T.);
#362=ORIENTED_EDGE('',*,*,#361,.F.);
#363=EDGE_LOOP('',(#329,#338,#345,#346,#355,#362));
#364=FACE_BOUND('',#363,.T.);
#365=ADVANCED_FACE('',(#364),#319,.F.);
#366=CARTESIAN_POINT('',(45.378641176,241.63545106,396.457613508));
#367=DIRECTION('',(0.,0.,1.));
#368=DIRECTION('',(-0.000000122,-1.,0.));
#369=AXIS2_PLACEMENT_3D('',#366,#367,#368);
#370=CYLINDRICAL_SURFACE('',#369,2.1);
#371=CARTESIAN_POINT('',(45.37864092,239.53545106,415.457613508));
#372=VERTEX_POINT('',#371);
#373=CARTESIAN_POINT('',(45.37864092,239.53545106,410.457613508));
#374=VERTEX_POINT('',#373);
#375=CARTESIAN_POINT('',(45.37864092,239.53545106,415.457613508));
#376=DIRECTION('',(-0.,-0.,-1.));
#377=VECTOR('',#376,5.);
#378=LINE('',#375,#377);
#379=EDGE_CURVE('',#372,#374,#378,.T.);
#380=ORIENTED_EDGE('',*,*,#379,.F.);
#381=CARTESIAN_POINT('',(47.478641176,241.635450804,415.457613508));
#382=VERTEX_POINT('',#381);
#383=CARTESIAN_POINT('',(45.378641176,241.63545106,415.457613508));
#384=DIRECTION('',(-0.,-0.,-1.));
#385=DIRECTION('',(1.,-0.000000122,0.));
#386=AXIS2_PLACEMENT_3D('',#383,#384,#385);
#387=CIRCLE('',#386,2.1);
#388=EDGE_CURVE('',#382,#372,#387,.T.);
#389=ORIENTED_EDGE('',*,*,#388,.F.);
#390=CARTESIAN_POINT('',(45.378641176,241.63545106,415.457613508));
#391=DIRECTION('',(-0.,-0.,-1.));
#392=DIRECTION('',(1.,-0.000000122,0.));
#393=AXIS2_PLACEMENT_3D('',#390,#391,#392);
#394=CIRCLE('',#393,2.1);
#395=EDGE_CURVE('',#372,#382,#394,.T.);
#396=ORIENTED_EDGE('',*,*,#395,.F.);
#397=ORIENTED_EDGE('',*,*,#379,.T.);
#398=CARTESIAN_POINT('',(45.378641433,243.73545106,410.457613508));
#399=VERTEX_POINT('',#398);
#400=CARTESIAN_POINT('',(45.378641176,241.63545106,410.457613508));
#401=DIRECTION('',(0.,0.,1.));
#402=DIRECTION('',(0.000000122,1.,-0.));
#403=AXIS2_PLACEMENT_3D('',#400,#401,#402);
#404=CIRCLE('',#403,2.1);
#405=EDGE_CURVE('',#399,#374,#404,.T.);
#406=ORIENTED_EDGE('',*,*,#405,.F.);
#407=CARTESIAN_POINT('',(45.378641176,241.63545106,410.457613508));
#408=DIRECTION('',(0.,0.,1.));
#409=DIRECTION('',(0.000000122,1.,-0.));
#410=AXIS2_PLACEMENT_3D('',#407,#408,#409);
#411=CIRCLE('',#410,2.1);
#412=EDGE_CURVE('',#374,#399,#411,.T.);
#413=ORIENTED_EDGE('',*,*,#412,.F.);
#414=EDGE_LOOP('',(#380,#389,#396,#397,#406,#413));
#415=FACE_BOUND('',#414,.T.);
#416=ADVANCED_FACE('',(#415),#370,.F.);
#417=CARTESIAN_POINT('',(45.37862359,97.63545106,396.457613508));
#418=DIRECTION('',(0.,0.,1.));
#419=DIRECTION('',(-0.000000122,-1.,0.));
#420=AXIS2_PLACEMENT_3D('',#417,#418,#419);
#421=CYLINDRICAL_SURFACE('',#420,2.1);
#422=CARTESIAN_POINT('',(45.378623333,95.53545106,415.457613508));
#423=VERTEX_POINT('',#422);
#424=CARTESIAN_POINT('',(45.378623333,95.53545106,410.457613508));
#425=VERTEX_POINT('',#424);
#426=CARTESIAN_POINT('',(45.378623333,95.53545106,415.457613508));
#427=DIRECTION('',(-0.,-0.,-1.));
#428=VECTOR('',#427,5.);
#429=LINE('',#426,#428);
#430=EDGE_CURVE('',#423,#425,#429,.T.);
#431=ORIENTED_EDGE('',*,*,#430,.F.);
#432=CARTESIAN_POINT('',(47.47862359,97.635450804,415.457613508));
#433=VERTEX_POINT('',#432);
#434=CARTESIAN_POINT('',(45.37862359,97.63545106,415.457613508));
#435=DIRECTION('',(-0.,-0.,-1.));
#436=DIRECTION('',(1.,-0.000000122,0.));
#437=AXIS2_PLACEMENT_3D('',#434,#435,#436);
#438=CIRCLE('',#437,2.1);
#439=EDGE_CURVE('',#433,#423,#438,.T.);
#440=ORIENTED_EDGE('',*,*,#439,.F.);
#441=CARTESIAN_POINT('',(45.37862359,97.63545106,415.457613508));
#442=DIRECTION('',(-0.,-0.,-1.));
#443=DIRECTION('',(1.,-0.000000122,0.));
#444=AXIS2_PLACEMENT_3D('',#441,#442,#443);
#445=CIRCLE('',#444,2.1);
#446=EDGE_CURVE('',#423,#433,#445,.T.);
#447=ORIENTED_EDGE('',*,*,#446,.F.);
#448=ORIENTED_EDGE('',*,*,#430,.T.);
#449=CARTESIAN_POINT('',(45.378623846,99.73545106,410.457613508));
#450=VERTEX_POINT('',#449);
#451=CARTESIAN_POINT('',(45.37862359,97.63545106,410.457613508));
#452=DIRECTION('',(0.,0.,1.));
#453=DIRECTION('',(0.000000122,1.,-0.));
#454=AXIS2_PLACEMENT_3D('',#451,#452,#453);
#455=CIRCLE('',#454,2.1);
#456=EDGE_CURVE('',#450,#425,#455,.T.);
#457=ORIENTED_EDGE('',*,*,#456,.F.);
#458=CARTESIAN_POINT('',(45.37862359,97.63545106,410.457613508));
#459=DIRECTION('',(0.,0.,1.));
#460=DIRECTION('',(0.000000122,1.,-0.));
#461=AXIS2_PLACEMENT_3D('',#458,#459,#460);
#462=CIRCLE('',#461,2.1);
#463=EDGE_CURVE('',#425,#450,#462,.T.);
#464=ORIENTED_EDGE('',*,*,#463,.F.);
#465=EDGE_LOOP('',(#431,#440,#447,#448,#457,#464));
#466=FACE_BOUND('',#465,.T.);
#467=ADVANCED_FACE('',(#466),#421,.F.);
#468=CARTESIAN_POINT('',(26.87863907,274.135438664,416.457613508));
#469=DIRECTION('',(-0.,-1.,0.));
#470=DIRECTION('',(1.,-0.,0.));
#471=AXIS2_PLACEMENT_3D('',#468,#469,#470);
#472=PLANE('',#471);
#473=CARTESIAN_POINT('',(60.22178482,274.135438664,410.457613508));
#474=VERTEX_POINT('',#473);
#475=CARTESIAN_POINT('',(46.993170521,274.135438664,410.457613508));
#476=VERTEX_POINT('',#475);
#477=CARTESIAN_POINT('',(60.22178482,274.135438664,410.457613508));
#478=DIRECTION('',(-1.,0.,-0.));
#479=VECTOR('',#478,13.228614299);
#480=LINE('',#477,#479);
#481=EDGE_CURVE('',#474,#476,#480,.T.);
#482=ORIENTED_EDGE('',*,*,#481,.T.);
#483=CARTESIAN_POINT('',(46.993170521,274.135438664,415.457613508));
#484=VERTEX_POINT('',#483);
#485=CARTESIAN_POINT('',(46.993170521,274.135438664,410.457613508));
#486=DIRECTION('',(0.,0.,1.));
#487=VECTOR('',#486,5.);
#488=LINE('',#485,#487);
#489=EDGE_CURVE('',#476,#484,#488,.T.);
#490=ORIENTED_EDGE('',*,*,#489,.T.);
#491=CARTESIAN_POINT('',(60.22178482,274.135438664,415.457613508));
#492=VERTEX_POINT('',#491);
#493=CARTESIAN_POINT('',(60.22178482,274.135438664,415.457613508));
#494=DIRECTION('',(-1.,0.,-0.));
#495=VECTOR('',#494,13.228614299);
#496=LINE('',#493,#495);
#497=EDGE_CURVE('',#492,#484,#496,.T.);
#498=ORIENTED_EDGE('',*,*,#497,.F.);
#499=CARTESIAN_POINT('',(60.22178482,274.135438664,415.457613508));
#500=DIRECTION('',(-0.,-0.,-1.));
#501=VECTOR('',#500,5.);
#502=LINE('',#499,#501);
#503=EDGE_CURVE('',#492,#474,#502,.T.);
#504=ORIENTED_EDGE('',*,*,#503,.T.);
#505=EDGE_LOOP('',(#482,#490,#498,#504));
#506=FACE_BOUND('',#505,.T.);
#507=ADVANCED_FACE('',(#506),#472,.F.);
#508=CARTESIAN_POINT('',(-12.7,162.34611913,410.457613508));
#509=DIRECTION('',(1.,0.,0.));
#510=DIRECTION('',(0.,0.,-1.));
#511=AXIS2_PLACEMENT_3D('',#508,#509,#510);
#512=PLANE('',#511);
#513=CARTESIAN_POINT('',(-12.70001093,139.337613508,415.457613508));
#514=VERTEX_POINT('',#513);
#515=CARTESIAN_POINT('',(-12.7,194.506390038,415.457613508));
#516=VERTEX_POINT('',#515);
#517=CARTESIAN_POINT('',(-12.7,139.337613508,415.457613508));
#518=DIRECTION('',(0.,1.,-0.));
#519=VECTOR('',#518,55.16877653);
#520=LINE('',#517,#519);
#521=EDGE_CURVE('',#514,#516,#520,.T.);
#522=ORIENTED_EDGE('',*,*,#521,.T.);
#523=CARTESIAN_POINT('',(-12.7,194.506390038,410.457613508));
#524=VERTEX_POINT('',#523);
#525=CARTESIAN_POINT('',(-12.7,194.506390038,415.457613508));
#526=DIRECTION('',(-0.,-0.,-1.));
#527=VECTOR('',#526,5.);
#528=LINE('',#525,#527);
#529=EDGE_CURVE('',#516,#524,#528,.T.);
#530=ORIENTED_EDGE('',*,*,#529,.T.);
#531=CARTESIAN_POINT('',(-12.70001093,139.337613508,410.457613508));
#532=VERTEX_POINT('',#531);
#533=CARTESIAN_POINT('',(-12.7,139.337613508,410.457613508));
#534=DIRECTION('',(0.,1.,-0.));
#535=VECTOR('',#534,55.16877653);
#536=LINE('',#533,#535);
#537=EDGE_CURVE('',#532,#524,#536,.T.);
#538=ORIENTED_EDGE('',*,*,#537,.F.);
#539=CARTESIAN_POINT('',(-12.7,139.337613508,410.457613508));
#540=DIRECTION('',(-0.,-0.,1.));
#541=VECTOR('',#540,5.);
#542=LINE('',#539,#541);
#543=EDGE_CURVE('',#532,#514,#542,.T.);
#544=ORIENTED_EDGE('',*,*,#543,.T.);
#545=EDGE_LOOP('',(#522,#530,#538,#544));
#546=FACE_BOUND('',#545,.T.);
#547=ADVANCED_FACE('',(#546),#512,.F.);
#548=CARTESIAN_POINT('',(306.457278139,138.787613508,380.457613508));
#549=DIRECTION('',(1.,0.,0.));
#550=DIRECTION('',(0.,1.,-0.));
#551=AXIS2_PLACEMENT_3D('',#548,#549,#550);
#552=PLANE('',#551);
#553=CARTESIAN_POINT('',(306.457278139,194.135438664,410.457613508));
#554=VERTEX_POINT('',#553);
#555=CARTESIAN_POINT('',(306.457278139,90.135438664,410.457613508));
#556=VERTEX_POINT('',#555);
#557=CARTESIAN_POINT('',(306.457278139,194.135438664,410.457613508));
#558=DIRECTION('',(0.,-1.,0.));
#559=VECTOR('',#558,104.);
#560=LINE('',#557,#559);
#561=EDGE_CURVE('',#554,#556,#560,.T.);
#562=ORIENTED_EDGE('',*,*,#561,.F.);
#563=CARTESIAN_POINT('',(306.457278139,194.135438664,415.457613508));
#564=VERTEX_POINT('',#563);
#565=CARTESIAN_POINT('',(306.457278139,194.135438664,410.457613508));
#566=DIRECTION('',(0.,0.,1.));
#567=VECTOR('',#566,5.);
#568=LINE('',#565,#567);
#569=EDGE_CURVE('',#554,#564,#568,.T.);
#570=ORIENTED_EDGE('',*,*,#569,.T.);
#571=CARTESIAN_POINT('',(306.457278139,90.135438664,415.457613508));
#572=VERTEX_POINT('',#571);
#573=CARTESIAN_POINT('',(306.457278139,90.135438664,415.457613508));
#574=DIRECTION('',(0.,1.,-0.));
#575=VECTOR('',#574,104.);
#576=LINE('',#573,#575);
#577=EDGE_CURVE('',#572,#564,#576,.T.);
#578=ORIENTED_EDGE('',*,*,#577,.F.);
#579=CARTESIAN_POINT('',(306.457278139,90.135438664,410.457613508));
#580=DIRECTION('',(0.,0.,1.));
#581=VECTOR('',#580,5.);
#582=LINE('',#579,#581);
#583=EDGE_CURVE('',#556,#572,#582,.T.);
#584=ORIENTED_EDGE('',*,*,#583,.F.);
#585=EDGE_LOOP('',(#562,#570,#578,#584));
#586=FACE_BOUND('',#585,.T.);
#587=ADVANCED_FACE('',(#586),#552,.T.);
#588=CARTESIAN_POINT('',(262.736503446,-75.864561336,415.457613508));
#589=DIRECTION('',(0.,-0.,-1.));
#590=DIRECTION('',(0.,1.,-0.));
#591=AXIS2_PLACEMENT_3D('',#588,#589,#590);
#592=PLANE('',#591);
#593=ORIENTED_EDGE('',*,*,#133,.F.);
#594=ORIENTED_EDGE('',*,*,#140,.F.);
#595=EDGE_LOOP('',(#593,#594));
#596=FACE_BOUND('',#595,.T.);
#597=ORIENTED_EDGE('',*,*,#184,.T.);
#598=ORIENTED_EDGE('',*,*,#191,.T.);
#599=EDGE_LOOP('',(#597,#598));
#600=FACE_BOUND('',#599,.T.);
#601=CARTESIAN_POINT('',(208.87863907,232.035438664,415.457613508));
#602=VERTEX_POINT('',#601);
#603=CARTESIAN_POINT('',(208.87863907,234.135438664,415.457613508));
#604=DIRECTION('',(0.,0.,1.));
#605=DIRECTION('',(0.,-1.,0.));
#606=AXIS2_PLACEMENT_3D('',#603,#604,#605);
#607=CIRCLE('',#606,2.1);
#608=EDGE_CURVE('',#602,#602,#607,.T.);
#609=ORIENTED_EDGE('',*,*,#608,.F.);
#610=EDGE_LOOP('',(#609));
#611=FACE_BOUND('',#610,.T.);
#612=CARTESIAN_POINT('',(177.87863907,232.035438664,415.457613508));
#613=VERTEX_POINT('',#612);
#614=CARTESIAN_POINT('',(177.87863907,234.135438664,415.457613508));
#615=DIRECTION('',(0.,0.,1.));
#616=DIRECTION('',(0.,-1.,0.));
#617=AXIS2_PLACEMENT_3D('',#614,#615,#616);
#618=CIRCLE('',#617,2.1);
#619=EDGE_CURVE('',#613,#613,#618,.T.);
#620=ORIENTED_EDGE('',*,*,#619,.F.);
#621=EDGE_LOOP('',(#620));
#622=FACE_BOUND('',#621,.T.);
#623=CARTESIAN_POINT('',(146.87863907,232.035438664,415.457613508));
#624=VERTEX_POINT('',#623);
#625=CARTESIAN_POINT('',(146.87863907,234.135438664,415.457613508));
#626=DIRECTION('',(0.,0.,1.));
#627=DIRECTION('',(0.,-1.,0.));
#628=AXIS2_PLACEMENT_3D('',#625,#626,#627);
#629=CIRCLE('',#628,2.1);
#630=EDGE_CURVE('',#624,#624,#629,.T.);
#631=ORIENTED_EDGE('',*,*,#630,.F.);
#632=EDGE_LOOP('',(#631));
#633=FACE_BOUND('',#632,.T.);
#634=CARTESIAN_POINT('',(116.87863907,232.035438664,415.457613508));
#635=VERTEX_POINT('',#634);
#636=CARTESIAN_POINT('',(116.87863907,234.135438664,415.457613508));
#637=DIRECTION('',(0.,0.,1.));
#638=DIRECTION('',(0.,-1.,0.));
#639=AXIS2_PLACEMENT_3D('',#636,#637,#638);
#640=CIRCLE('',#639,2.1);
#641=EDGE_CURVE('',#635,#635,#640,.T.);
#642=ORIENTED_EDGE('',*,*,#641,.F.);
#643=EDGE_LOOP('',(#642));
#644=FACE_BOUND('',#643,.T.);
#645=CARTESIAN_POINT('',(86.87863907,232.035438664,415.457613508));
#646=VERTEX_POINT('',#645);
#647=CARTESIAN_POINT('',(86.87863907,234.135438664,415.457613508));
#648=DIRECTION('',(0.,0.,1.));
#649=DIRECTION('',(0.,-1.,0.));
#650=AXIS2_PLACEMENT_3D('',#647,#648,#649);
#651=CIRCLE('',#650,2.1);
#652=EDGE_CURVE('',#646,#646,#651,.T.);
#653=ORIENTED_EDGE('',*,*,#652,.F.);
#654=EDGE_LOOP('',(#653));
#655=FACE_BOUND('',#654,.T.);
#656=ORIENTED_EDGE('',*,*,#235,.T.);
#657=ORIENTED_EDGE('',*,*,#242,.T.);
#658=EDGE_LOOP('',(#656,#657));
#659=FACE_BOUND('',#658,.T.);
#660=ORIENTED_EDGE('',*,*,#286,.T.);
#661=ORIENTED_EDGE('',*,*,#293,.T.);
#662=EDGE_LOOP('',(#660,#661));
#663=FACE_BOUND('',#662,.T.);
#664=ORIENTED_EDGE('',*,*,#337,.T.);
#665=ORIENTED_EDGE('',*,*,#344,.T.);
#666=EDGE_LOOP('',(#664,#665));
#667=FACE_BOUND('',#666,.T.);
#668=ORIENTED_EDGE('',*,*,#388,.T.);
#669=ORIENTED_EDGE('',*,*,#395,.T.);
#670=EDGE_LOOP('',(#668,#669));
#671=FACE_BOUND('',#670,.T.);
#672=ORIENTED_EDGE('',*,*,#439,.T.);
#673=ORIENTED_EDGE('',*,*,#446,.T.);
#674=EDGE_LOOP('',(#672,#673));
#675=FACE_BOUND('',#674,.T.);
#676=CARTESIAN_POINT('',(248.378633604,239.535438664,415.457613508));
#677=VERTEX_POINT('',#676);
#678=CARTESIAN_POINT('',(246.278633604,241.635438664,415.457613508));
#679=VERTEX_POINT('',#678);
#680=CARTESIAN_POINT('',(248.378633604,241.635438664,415.457613508));
#681=DIRECTION('',(0.,0.,1.));
#682=DIRECTION('',(-1.,0.,0.));
#683=AXIS2_PLACEMENT_3D('',#680,#681,#682);
#684=CIRCLE('',#683,2.1);
#685=EDGE_CURVE('',#677,#679,#684,.T.);
#686=ORIENTED_EDGE('',*,*,#685,.F.);
#687=CARTESIAN_POINT('',(248.378633604,241.635438664,415.457613508));
#688=DIRECTION('',(0.,0.,1.));
#689=DIRECTION('',(-1.,0.,0.));
#690=AXIS2_PLACEMENT_3D('',#687,#688,#689);
#691=CIRCLE('',#690,2.1);
#692=EDGE_CURVE('',#679,#677,#691,.T.);
#693=ORIENTED_EDGE('',*,*,#692,.F.);
#694=EDGE_LOOP('',(#686,#693));
#695=FACE_BOUND('',#694,.T.);
#696=CARTESIAN_POINT('',(248.378633604,215.535438664,415.457613508));
#697=VERTEX_POINT('',#696);
#698=CARTESIAN_POINT('',(246.278633604,217.635438664,415.457613508));
#699=VERTEX_POINT('',#698);
#700=CARTESIAN_POINT('',(248.378633604,217.635438664,415.457613508));
#701=DIRECTION('',(0.,0.,1.));
#702=DIRECTION('',(-1.,0.,0.));
#703=AXIS2_PLACEMENT_3D('',#700,#701,#702);
#704=CIRCLE('',#703,2.1);
#705=EDGE_CURVE('',#697,#699,#704,.T.);
#706=ORIENTED_EDGE('',*,*,#705,.F.);
#707=CARTESIAN_POINT('',(248.378633604,217.635438664,415.457613508));
#708=DIRECTION('',(0.,0.,1.));
#709=DIRECTION('',(-1.,0.,0.));
#710=AXIS2_PLACEMENT_3D('',#707,#708,#709);
#711=CIRCLE('',#710,2.1);
#712=EDGE_CURVE('',#699,#697,#711,.T.);
#713=ORIENTED_EDGE('',*,*,#712,.F.);
#714=EDGE_LOOP('',(#706,#713));
#715=FACE_BOUND('',#714,.T.);
#716=CARTESIAN_POINT('',(248.378633604,263.535438664,415.457613508));
#717=VERTEX_POINT('',#716);
#718=CARTESIAN_POINT('',(246.278633604,265.635438664,415.457613508));
#719=VERTEX_POINT('',#718);
#720=CARTESIAN_POINT('',(248.378633604,265.635438664,415.457613508));
#721=DIRECTION('',(0.,0.,1.));
#722=DIRECTION('',(-1.,0.,0.));
#723=AXIS2_PLACEMENT_3D('',#720,#721,#722);
#724=CIRCLE('',#723,2.1);
#725=EDGE_CURVE('',#717,#719,#724,.T.);
#726=ORIENTED_EDGE('',*,*,#725,.F.);
#727=CARTESIAN_POINT('',(248.378633604,265.635438664,415.457613508));
#728=DIRECTION('',(0.,0.,1.));
#729=DIRECTION('',(-1.,0.,0.));
#730=AXIS2_PLACEMENT_3D('',#727,#728,#729);
#731=CIRCLE('',#730,2.1);
#732=EDGE_CURVE('',#719,#717,#731,.T.);
#733=ORIENTED_EDGE('',*,*,#732,.F.);
#734=EDGE_LOOP('',(#726,#733));
#735=FACE_BOUND('',#734,.T.);
#736=CARTESIAN_POINT('',(248.378633604,114.535438664,415.457613508));
#737=VERTEX_POINT('',#736);
#738=CARTESIAN_POINT('',(246.278633604,116.635438664,415.457613508));
#739=VERTEX_POINT('',#738);
#740=CARTESIAN_POINT('',(248.378633604,116.635438664,415.457613508));
#741=DIRECTION('',(0.,0.,1.));
#742=DIRECTION('',(-1.,0.,0.));
#743=AXIS2_PLACEMENT_3D('',#740,#741,#742);
#744=CIRCLE('',#743,2.1);
#745=EDGE_CURVE('',#737,#739,#744,.T.);
#746=ORIENTED_EDGE('',*,*,#745,.F.);
#747=CARTESIAN_POINT('',(248.378633604,116.635438664,415.457613508));
#748=DIRECTION('',(0.,0.,1.));
#749=DIRECTION('',(-1.,0.,0.));
#750=AXIS2_PLACEMENT_3D('',#747,#748,#749);
#751=CIRCLE('',#750,2.1);
#752=EDGE_CURVE('',#739,#737,#751,.T.);
#753=ORIENTED_EDGE('',*,*,#752,.F.);
#754=EDGE_LOOP('',(#746,#753));
#755=FACE_BOUND('',#754,.T.);
#756=CARTESIAN_POINT('',(191.378633604,95.535438664,415.457613508));
#757=VERTEX_POINT('',#756);
#758=CARTESIAN_POINT('',(189.278633604,97.635438664,415.457613508));
#759=VERTEX_POINT('',#758);
#760=CARTESIAN_POINT('',(191.378633604,97.635438664,415.457613508));
#761=DIRECTION('',(0.,0.,1.));
#762=DIRECTION('',(-1.,0.,0.));
#763=AXIS2_PLACEMENT_3D('',#760,#761,#762);
#764=CIRCLE('',#763,2.1);
#765=EDGE_CURVE('',#757,#759,#764,.T.);
#766=ORIENTED_EDGE('',*,*,#765,.F.);
#767=CARTESIAN_POINT('',(191.378633604,97.635438664,415.457613508));
#768=DIRECTION('',(0.,0.,1.));
#769=DIRECTION('',(-1.,0.,0.));
#770=AXIS2_PLACEMENT_3D('',#767,#768,#769);
#771=CIRCLE('',#770,2.1);
#772=EDGE_CURVE('',#759,#757,#771,.T.);
#773=ORIENTED_EDGE('',*,*,#772,.F.);
#774=EDGE_LOOP('',(#766,#773));
#775=FACE_BOUND('',#774,.T.);
#776=CARTESIAN_POINT('',(186.87863907,159.135438664,415.457613508));
#777=VERTEX_POINT('',#776);
#778=CARTESIAN_POINT('',(186.87863907,154.135438664,415.457613508));
#779=DIRECTION('',(0.,-0.,-1.));
#780=DIRECTION('',(0.,1.,-0.));
#781=AXIS2_PLACEMENT_3D('',#778,#779,#780);
#782=CIRCLE('',#781,5.);
#783=EDGE_CURVE('',#777,#777,#782,.T.);
#784=ORIENTED_EDGE('',*,*,#783,.T.);
#785=EDGE_LOOP('',(#784));
#786=FACE_BOUND('',#785,.T.);
#787=CARTESIAN_POINT('',(106.87863907,159.135438664,415.457613508));
#788=VERTEX_POINT('',#787);
#789=CARTESIAN_POINT('',(106.87863907,154.135438664,415.457613508));
#790=DIRECTION('',(0.,-0.,-1.));
#791=DIRECTION('',(0.,1.,-0.));
#792=AXIS2_PLACEMENT_3D('',#789,#790,#791);
#793=CIRCLE('',#792,5.);
#794=EDGE_CURVE('',#788,#788,#793,.T.);
#795=ORIENTED_EDGE('',*,*,#794,.T.);
#796=EDGE_LOOP('',(#795));
#797=FACE_BOUND('',#796,.T.);
#798=CARTESIAN_POINT('',(1.835917209,166.635438664,415.457613508));
#799=VERTEX_POINT('',#798);
#800=CARTESIAN_POINT('',(1.835917209,161.635438664,415.457613508));
#801=VERTEX_POINT('',#800);
#802=CARTESIAN_POINT('',(1.835917209,164.135438664,415.457613508));
#803=DIRECTION('',(0.,-0.,-1.));
#804=DIRECTION('',(0.,1.,-0.));
#805=AXIS2_PLACEMENT_3D('',#802,#803,#804);
#806=CIRCLE('',#805,2.5);
#807=EDGE_CURVE('',#799,#801,#806,.T.);
#808=ORIENTED_EDGE('',*,*,#807,.T.);
#809=CARTESIAN_POINT('',(1.835917209,164.135438664,415.457613508));
#810=DIRECTION('',(0.,-0.,-1.));
#811=DIRECTION('',(0.,1.,-0.));
#812=AXIS2_PLACEMENT_3D('',#809,#810,#811);
#813=CIRCLE('',#812,2.5);
#814=EDGE_CURVE('',#801,#799,#813,.T.);
#815=ORIENTED_EDGE('',*,*,#814,.T.);
#816=EDGE_LOOP('',(#808,#815));
#817=FACE_BOUND('',#816,.T.);
#818=CARTESIAN_POINT('',(291.92136093,166.635438664,415.457613508));
#819=VERTEX_POINT('',#818);
#820=CARTESIAN_POINT('',(291.92136093,161.635438664,415.457613508));
#821=VERTEX_POINT('',#820);
#822=CARTESIAN_POINT('',(291.92136093,164.135438664,415.457613508));
#823=DIRECTION('',(0.,-0.,-1.));
#824=DIRECTION('',(0.,1.,-0.));
#825=AXIS2_PLACEMENT_3D('',#822,#823,#824);
#826=CIRCLE('',#825,2.5);
#827=EDGE_CURVE('',#819,#821,#826,.T.);
#828=ORIENTED_EDGE('',*,*,#827,.T.);
#829=CARTESIAN_POINT('',(291.92136093,164.135438664,415.457613508));
#830=DIRECTION('',(0.,-0.,-1.));
#831=DIRECTION('',(0.,1.,-0.));
#832=AXIS2_PLACEMENT_3D('',#829,#830,#831);
#833=CIRCLE('',#832,2.5);
#834=EDGE_CURVE('',#821,#819,#833,.T.);
#835=ORIENTED_EDGE('',*,*,#834,.T.);
#836=EDGE_LOOP('',(#828,#835));
#837=FACE_BOUND('',#836,.T.);
#838=CARTESIAN_POINT('',(269.42136093,140.135438664,415.457613508));
#839=VERTEX_POINT('',#838);
#840=CARTESIAN_POINT('',(266.82136093,137.535438664,415.457613508));
#841=VERTEX_POINT('',#840);
#842=CARTESIAN_POINT('',(266.82136093,140.135438664,415.457613508));
#843=DIRECTION('',(0.,-0.,-1.));
#844=DIRECTION('',(0.,1.,-0.));
#845=AXIS2_PLACEMENT_3D('',#842,#843,#844);
#846=CIRCLE('',#845,2.6);
#847=EDGE_CURVE('',#839,#841,#846,.T.);
#848=ORIENTED_EDGE('',*,*,#847,.T.);
#849=CARTESIAN_POINT('',(264.22136093,140.135438664,415.457613508));
#850=VERTEX_POINT('',#849);
#851=CARTESIAN_POINT('',(266.82136093,140.135438664,415.457613508));
#852=DIRECTION('',(0.,-0.,-1.));
#853=DIRECTION('',(0.,1.,-0.));
#854=AXIS2_PLACEMENT_3D('',#851,#852,#853);
#855=CIRCLE('',#854,2.6);
#856=EDGE_CURVE('',#841,#850,#855,.T.);
#857=ORIENTED_EDGE('',*,*,#856,.T.);
#858=CARTESIAN_POINT('',(266.82136093,140.135438664,415.457613508));
#859=DIRECTION('',(0.,-0.,-1.));
#860=DIRECTION('',(0.,1.,-0.));
#861=AXIS2_PLACEMENT_3D('',#858,#859,#860);
#862=CIRCLE('',#861,2.6);
#863=EDGE_CURVE('',#850,#839,#862,.T.);
#864=ORIENTED_EDGE('',*,*,#863,.T.);
#865=EDGE_LOOP('',(#848,#857,#864));
#866=FACE_BOUND('',#865,.T.);
#867=CARTESIAN_POINT('',(269.02136093,164.135438664,415.457613508));
#868=VERTEX_POINT('',#867);
#869=CARTESIAN_POINT('',(266.92136093,162.035438664,415.457613508));
#870=VERTEX_POINT('',#869);
#871=CARTESIAN_POINT('',(266.92136093,164.135438664,415.457613508));
#872=DIRECTION('',(0.,-0.,-1.));
#873=DIRECTION('',(0.,1.,-0.));
#874=AXIS2_PLACEMENT_3D('',#871,#872,#873);
#875=CIRCLE('',#874,2.1);
#876=EDGE_CURVE('',#868,#870,#875,.T.);
#877=ORIENTED_EDGE('',*,*,#876,.T.);
#878=CARTESIAN_POINT('',(264.82136093,164.135438664,415.457613508));
#879=VERTEX_POINT('',#878);
#880=CARTESIAN_POINT('',(266.92136093,164.135438664,415.457613508));
#881=DIRECTION('',(0.,-0.,-1.));
#882=DIRECTION('',(0.,1.,-0.));
#883=AXIS2_PLACEMENT_3D('',#880,#881,#882);
#884=CIRCLE('',#883,2.1);
#885=EDGE_CURVE('',#870,#879,#884,.T.);
#886=ORIENTED_EDGE('',*,*,#885,.T.);
#887=CARTESIAN_POINT('',(266.92136093,164.135438664,415.457613508));
#888=DIRECTION('',(0.,-0.,-1.));
#889=DIRECTION('',(0.,1.,-0.));
#890=AXIS2_PLACEMENT_3D('',#887,#888,#889);
#891=CIRCLE('',#890,2.1);
#892=EDGE_CURVE('',#879,#868,#891,.T.);
#893=ORIENTED_EDGE('',*,*,#892,.T.);
#894=EDGE_LOOP('',(#877,#886,#893));
#895=FACE_BOUND('',#894,.T.);
#896=CARTESIAN_POINT('',(244.52136093,194.135438664,415.457613508));
#897=VERTEX_POINT('',#896);
#898=CARTESIAN_POINT('',(241.92136093,191.535438664,415.457613508));
#899=VERTEX_POINT('',#898);
#900=CARTESIAN_POINT('',(241.92136093,194.135438664,415.457613508));
#901=DIRECTION('',(0.,-0.,-1.));
#902=DIRECTION('',(0.,1.,-0.));
#903=AXIS2_PLACEMENT_3D('',#900,#901,#902);
#904=CIRCLE('',#903,2.6);
#905=EDGE_CURVE('',#897,#899,#904,.T.);
#906=ORIENTED_EDGE('',*,*,#905,.T.);
#907=CARTESIAN_POINT('',(239.32136093,194.135438664,415.457613508));
#908=VERTEX_POINT('',#907);
#909=CARTESIAN_POINT('',(241.92136093,194.135438664,415.457613508));
#910=DIRECTION('',(0.,-0.,-1.));
#911=DIRECTION('',(0.,1.,-0.));
#912=AXIS2_PLACEMENT_3D('',#909,#910,#911);
#913=CIRCLE('',#912,2.6);
#914=EDGE_CURVE('',#899,#908,#913,.T.);
#915=ORIENTED_EDGE('',*,*,#914,.T.);
#916=CARTESIAN_POINT('',(241.92136093,194.135438664,415.457613508));
#917=DIRECTION('',(0.,-0.,-1.));
#918=DIRECTION('',(0.,1.,-0.));
#919=AXIS2_PLACEMENT_3D('',#916,#917,#918);
#920=CIRCLE('',#919,2.6);
#921=EDGE_CURVE('',#908,#897,#920,.T.);
#922=ORIENTED_EDGE('',*,*,#921,.T.);
#923=EDGE_LOOP('',(#906,#915,#922));
#924=FACE_BOUND('',#923,.T.);
#925=CARTESIAN_POINT('',(294.52136093,194.135438664,415.457613508));
#926=VERTEX_POINT('',#925);
#927=CARTESIAN_POINT('',(291.92136093,191.535438664,415.457613508));
#928=VERTEX_POINT('',#927);
#929=CARTESIAN_POINT('',(291.92136093,194.135438664,415.457613508));
#930=DIRECTION('',(0.,-0.,-1.));
#931=DIRECTION('',(0.,1.,-0.));
#932=AXIS2_PLACEMENT_3D('',#929,#930,#931);
#933=CIRCLE('',#932,2.6);
#934=EDGE_CURVE('',#926,#928,#933,.T.);
#935=ORIENTED_EDGE('',*,*,#934,.T.);
#936=CARTESIAN_POINT('',(289.32136093,194.135438664,415.457613508));
#937=VERTEX_POINT('',#936);
#938=CARTESIAN_POINT('',(291.92136093,194.135438664,415.457613508));
#939=DIRECTION('',(0.,-0.,-1.));
#940=DIRECTION('',(0.,1.,-0.));
#941=AXIS2_PLACEMENT_3D('',#938,#939,#940);
#942=CIRCLE('',#941,2.6);
#943=EDGE_CURVE('',#928,#937,#942,.T.);
#944=ORIENTED_EDGE('',*,*,#943,.T.);
#945=CARTESIAN_POINT('',(291.92136093,194.135438664,415.457613508));
#946=DIRECTION('',(0.,-0.,-1.));
#947=DIRECTION('',(0.,1.,-0.));
#948=AXIS2_PLACEMENT_3D('',#945,#946,#947);
#949=CIRCLE('',#948,2.6);
#950=EDGE_CURVE('',#937,#926,#949,.T.);
#951=ORIENTED_EDGE('',*,*,#950,.T.);
#952=EDGE_LOOP('',(#935,#944,#951));
#953=FACE_BOUND('',#952,.T.);
#954=CARTESIAN_POINT('',(244.52136093,134.135438664,415.457613508));
#955=VERTEX_POINT('',#954);
#956=CARTESIAN_POINT('',(241.92136093,131.535438664,415.457613508));
#957=VERTEX_POINT('',#956);
#958=CARTESIAN_POINT('',(241.92136093,134.135438664,415.457613508));
#959=DIRECTION('',(0.,-0.,-1.));
#960=DIRECTION('',(0.,1.,-0.));
#961=AXIS2_PLACEMENT_3D('',#958,#959,#960);
#962=CIRCLE('',#961,2.6);
#963=EDGE_CURVE('',#955,#957,#962,.T.);
#964=ORIENTED_EDGE('',*,*,#963,.T.);
#965=CARTESIAN_POINT('',(239.32136093,134.135438664,415.457613508));
#966=VERTEX_POINT('',#965);
#967=CARTESIAN_POINT('',(241.92136093,134.135438664,415.457613508));
#968=DIRECTION('',(0.,-0.,-1.));
#969=DIRECTION('',(0.,1.,-0.));
#970=AXIS2_PLACEMENT_3D('',#967,#968,#969);
#971=CIRCLE('',#970,2.6);
#972=EDGE_CURVE('',#957,#966,#971,.T.);
#973=ORIENTED_EDGE('',*,*,#972,.T.);
#974=CARTESIAN_POINT('',(241.92136093,134.135438664,415.457613508));
#975=DIRECTION('',(0.,-0.,-1.));
#976=DIRECTION('',(0.,1.,-0.));
#977=AXIS2_PLACEMENT_3D('',#974,#975,#976);
#978=CIRCLE('',#977,2.6);
#979=EDGE_CURVE('',#966,#955,#978,.T.);
#980=ORIENTED_EDGE('',*,*,#979,.T.);
#981=EDGE_LOOP('',(#964,#973,#980));
#982=FACE_BOUND('',#981,.T.);
#983=CARTESIAN_POINT('',(294.52136093,134.135438664,415.457613508));
#984=VERTEX_POINT('',#983);
#985=CARTESIAN_POINT('',(291.92136093,131.535438664,415.457613508));
#986=VERTEX_POINT('',#985);
#987=CARTESIAN_POINT('',(291.92136093,134.135438664,415.457613508));
#988=DIRECTION('',(0.,-0.,-1.));
#989=DIRECTION('',(0.,1.,-0.));
#990=AXIS2_PLACEMENT_3D('',#987,#988,#989);
#991=CIRCLE('',#990,2.6);
#992=EDGE_CURVE('',#984,#986,#991,.T.);
#993=ORIENTED_EDGE('',*,*,#992,.T.);
#994=CARTESIAN_POINT('',(289.32136093,134.135438664,415.457613508));
#995=VERTEX_POINT('',#994);
#996=CARTESIAN_POINT('',(291.92136093,134.135438664,415.457613508));
#997=DIRECTION('',(0.,-0.,-1.));
#998=DIRECTION('',(0.,1.,-0.));
#999=AXIS2_PLACEMENT_3D('',#996,#997,#998);
#1000=CIRCLE('',#999,2.6);
#1001=EDGE_CURVE('',#986,#995,#1000,.T.);
#1002=ORIENTED_EDGE('',*,*,#1001,.T.);
#1003=CARTESIAN_POINT('',(291.92136093,134.135438664,415.457613508));
#1004=DIRECTION('',(0.,-0.,-1.));
#1005=DIRECTION('',(0.,1.,-0.));
#1006=AXIS2_PLACEMENT_3D('',#1003,#1004,#1005);
#1007=CIRCLE('',#1006,2.6);
#1008=EDGE_CURVE('',#995,#984,#1007,.T.);
#1009=ORIENTED_EDGE('',*,*,#1008,.T.);
#1010=EDGE_LOOP('',(#993,#1002,#1009));
#1011=FACE_BOUND('',#1010,.T.);
#1012=CARTESIAN_POINT('',(269.62136093,188.135438664,415.457613508));
#1013=VERTEX_POINT('',#1012);
#1014=CARTESIAN_POINT('',(267.02136093,185.535438664,415.457613508));
#1015=VERTEX_POINT('',#1014);
#1016=CARTESIAN_POINT('',(267.02136093,188.135438664,415.457613508));
#1017=DIRECTION('',(0.,-0.,-1.));
#1018=DIRECTION('',(0.,1.,-0.));
#1019=AXIS2_PLACEMENT_3D('',#1016,#1017,#1018);
#1020=CIRCLE('',#1019,2.6);
#1021=EDGE_CURVE('',#1013,#1015,#1020,.T.);
#1022=ORIENTED_EDGE('',*,*,#1021,.T.);
#1023=CARTESIAN_POINT('',(264.42136093,188.135438664,415.457613508));
#1024=VERTEX_POINT('',#1023);
#1025=CARTESIAN_POINT('',(267.02136093,188.135438664,415.457613508));
#1026=DIRECTION('',(0.,-0.,-1.));
#1027=DIRECTION('',(0.,1.,-0.));
#1028=AXIS2_PLACEMENT_3D('',#1025,#1026,#1027);
#1029=CIRCLE('',#1028,2.6);
#1030=EDGE_CURVE('',#1015,#1024,#1029,.T.);
#1031=ORIENTED_EDGE('',*,*,#1030,.T.);
#1032=CARTESIAN_POINT('',(267.02136093,188.135438664,415.457613508));
#1033=DIRECTION('',(0.,-0.,-1.));
#1034=DIRECTION('',(0.,1.,-0.));
#1035=AXIS2_PLACEMENT_3D('',#1032,#1033,#1034);
#1036=CIRCLE('',#1035,2.6);
#1037=EDGE_CURVE('',#1024,#1013,#1036,.T.);
#1038=ORIENTED_EDGE('',*,*,#1037,.T.);
#1039=EDGE_LOOP('',(#1022,#1031,#1038));
#1040=FACE_BOUND('',#1039,.T.);
#1041=CARTESIAN_POINT('',(132.95,128.807613508,415.457613508));
#1042=VERTEX_POINT('',#1041);
#1043=CARTESIAN_POINT('',(129.55,128.807613508,415.457613508));
#1044=VERTEX_POINT('',#1043);
#1045=CARTESIAN_POINT('',(131.25,128.807613508,415.457613508));
#1046=DIRECTION('',(0.,-0.,-1.));
#1047=DIRECTION('',(0.,1.,-0.));
#1048=AXIS2_PLACEMENT_3D('',#1045,#1046,#1047);
#1049=CIRCLE('',#1048,1.7);
#1050=EDGE_CURVE('',#1042,#1044,#1049,.T.);
#1051=ORIENTED_EDGE('',*,*,#1050,.T.);
#1052=CARTESIAN_POINT('',(131.25,128.807613508,415.457613508));
#1053=DIRECTION('',(0.,-0.,-1.));
#1054=DIRECTION('',(0.,1.,-0.));
#1055=AXIS2_PLACEMENT_3D('',#1052,#1053,#1054);
#1056=CIRCLE('',#1055,1.7);
#1057=EDGE_CURVE('',#1044,#1042,#1056,.T.);
#1058=ORIENTED_EDGE('',*,*,#1057,.T.);
#1059=EDGE_LOOP('',(#1051,#1058));
#1060=FACE_BOUND('',#1059,.T.);
#1061=CARTESIAN_POINT('',(163.95,128.807613508,415.457613508));
#1062=VERTEX_POINT('',#1061);
#1063=CARTESIAN_POINT('',(160.55,128.807613508,415.457613508));
#1064=VERTEX_POINT('',#1063);
#1065=CARTESIAN_POINT('',(162.25,128.807613508,415.457613508));
#1066=DIRECTION('',(0.,-0.,-1.));
#1067=DIRECTION('',(0.,1.,-0.));
#1068=AXIS2_PLACEMENT_3D('',#1065,#1066,#1067);
#1069=CIRCLE('',#1068,1.7);
#1070=EDGE_CURVE('',#1062,#1064,#1069,.T.);
#1071=ORIENTED_EDGE('',*,*,#1070,.T.);
#1072=CARTESIAN_POINT('',(162.25,128.807613508,415.457613508));
#1073=DIRECTION('',(0.,-0.,-1.));
#1074=DIRECTION('',(0.,1.,-0.));
#1075=AXIS2_PLACEMENT_3D('',#1072,#1073,#1074);
#1076=CIRCLE('',#1075,1.7);
#1077=EDGE_CURVE('',#1064,#1062,#1076,.T.);
#1078=ORIENTED_EDGE('',*,*,#1077,.T.);
#1079=EDGE_LOOP('',(#1071,#1078));
#1080=FACE_BOUND('',#1079,.T.);
#1081=CARTESIAN_POINT('',(132.95,159.807613508,415.457613508));
#1082=VERTEX_POINT('',#1081);
#1083=CARTESIAN_POINT('',(129.55,159.807613508,415.457613508));
#1084=VERTEX_POINT('',#1083);
#1085=CARTESIAN_POINT('',(131.25,159.807613508,415.457613508));
#1086=DIRECTION('',(0.,-0.,-1.));
#1087=DIRECTION('',(0.,1.,-0.));
#1088=AXIS2_PLACEMENT_3D('',#1085,#1086,#1087);
#1089=CIRCLE('',#1088,1.7);
#1090=EDGE_CURVE('',#1082,#1084,#1089,.T.);
#1091=ORIENTED_EDGE('',*,*,#1090,.T.);
#1092=CARTESIAN_POINT('',(131.25,159.807613508,415.457613508));
#1093=DIRECTION('',(0.,-0.,-1.));
#1094=DIRECTION('',(0.,1.,-0.));
#1095=AXIS2_PLACEMENT_3D('',#1092,#1093,#1094);
#1096=CIRCLE('',#1095,1.7);
#1097=EDGE_CURVE('',#1084,#1082,#1096,.T.);
#1098=ORIENTED_EDGE('',*,*,#1097,.T.);
#1099=EDGE_LOOP('',(#1091,#1098));
#1100=FACE_BOUND('',#1099,.T.);
#1101=CARTESIAN_POINT('',(163.95,159.807613508,415.457613508));
#1102=VERTEX_POINT('',#1101);
#1103=CARTESIAN_POINT('',(160.55,159.807613508,415.457613508));
#1104=VERTEX_POINT('',#1103);
#1105=CARTESIAN_POINT('',(162.25,159.807613508,415.457613508));
#1106=DIRECTION('',(0.,-0.,-1.));
#1107=DIRECTION('',(0.,1.,-0.));
#1108=AXIS2_PLACEMENT_3D('',#1105,#1106,#1107);
#1109=CIRCLE('',#1108,1.7);
#1110=EDGE_CURVE('',#1102,#1104,#1109,.T.);
#1111=ORIENTED_EDGE('',*,*,#1110,.T.);
#1112=CARTESIAN_POINT('',(162.25,159.807613508,415.457613508));
#1113=DIRECTION('',(0.,-0.,-1.));
#1114=DIRECTION('',(0.,1.,-0.));
#1115=AXIS2_PLACEMENT_3D('',#1112,#1113,#1114);
#1116=CIRCLE('',#1115,1.7);
#1117=EDGE_CURVE('',#1104,#1102,#1116,.T.);
#1118=ORIENTED_EDGE('',*,*,#1117,.T.);
#1119=EDGE_LOOP('',(#1111,#1118));
#1120=FACE_BOUND('',#1119,.T.);
#1121=CARTESIAN_POINT('',(157.27863907,107.135438664,415.457613508));
#1122=VERTEX_POINT('',#1121);
#1123=CARTESIAN_POINT('',(160.47863907,107.135438664,415.457613508));
#1124=VERTEX_POINT('',#1123);
#1125=CARTESIAN_POINT('',(158.87863907,107.135438664,415.457613508));
#1126=DIRECTION('',(-0.,0.,1.));
#1127=DIRECTION('',(0.,1.,-0.));
#1128=AXIS2_PLACEMENT_3D('',#1125,#1126,#1127);
#1129=CIRCLE('',#1128,1.6);
#1130=EDGE_CURVE('NONE',#1122,#1124,#1129,.T.);
#1131=ORIENTED_EDGE('',*,*,#1130,.F.);
#1132=CARTESIAN_POINT('',(158.87863907,107.135438664,415.457613508));
#1133=DIRECTION('',(-0.,0.,1.));
#1134=DIRECTION('',(0.,1.,-0.));
#1135=AXIS2_PLACEMENT_3D('',#1132,#1133,#1134);
#1136=CIRCLE('',#1135,1.6);
#1137=EDGE_CURVE('',#1124,#1122,#1136,.T.);
#1138=ORIENTED_EDGE('',*,*,#1137,.F.);
#1139=EDGE_LOOP('',(#1131,#1138));
#1140=FACE_BOUND('',#1139,.T.);
#1141=CARTESIAN_POINT('',(133.27863907,107.135438664,415.457613508));
#1142=VERTEX_POINT('',#1141);
#1143=CARTESIAN_POINT('',(136.47863907,107.135438664,415.457613508));
#1144=VERTEX_POINT('',#1143);
#1145=CARTESIAN_POINT('',(134.87863907,107.135438664,415.457613508));
#1146=DIRECTION('',(-0.,0.,1.));
#1147=DIRECTION('',(0.,1.,-0.));
#1148=AXIS2_PLACEMENT_3D('',#1145,#1146,#1147);
#1149=CIRCLE('',#1148,1.6);
#1150=EDGE_CURVE('NONE',#1142,#1144,#1149,.T.);
#1151=ORIENTED_EDGE('',*,*,#1150,.F.);
#1152=CARTESIAN_POINT('',(134.87863907,107.135438664,415.457613508));
#1153=DIRECTION('',(-0.,0.,1.));
#1154=DIRECTION('',(0.,1.,-0.));
#1155=AXIS2_PLACEMENT_3D('',#1152,#1153,#1154);
#1156=CIRCLE('',#1155,1.6);
#1157=EDGE_CURVE('',#1144,#1142,#1156,.T.);
#1158=ORIENTED_EDGE('',*,*,#1157,.F.);
#1159=EDGE_LOOP('',(#1151,#1158));
#1160=FACE_BOUND('',#1159,.T.);
#1161=CARTESIAN_POINT('',(80.80971406,118.725510707,415.457613508));
#1162=VERTEX_POINT('',#1161);
#1163=CARTESIAN_POINT('',(104.80971406,118.725510707,415.457613508));
#1164=VERTEX_POINT('',#1163);
#1165=CARTESIAN_POINT('',(80.80971406,118.725510707,415.457613508));
#1166=DIRECTION('',(1.,0.,-0.));
#1167=VECTOR('',#1166,24.);
#1168=LINE('',#1165,#1167);
#1169=EDGE_CURVE('',#1162,#1164,#1168,.T.);
#1170=ORIENTED_EDGE('',*,*,#1169,.T.);
#1171=CARTESIAN_POINT('',(107.80971406,115.725510707,415.457613508));
#1172=VERTEX_POINT('',#1171);
#1173=CARTESIAN_POINT('',(104.80971406,115.725510707,415.457613508));
#1174=DIRECTION('',(0.,-0.,-1.));
#1175=DIRECTION('',(0.,1.,-0.));
#1176=AXIS2_PLACEMENT_3D('',#1173,#1174,#1175);
#1177=CIRCLE('',#1176,3.);
#1178=EDGE_CURVE('',#1164,#1172,#1177,.T.);
#1179=ORIENTED_EDGE('',*,*,#1178,.T.);
#1180=CARTESIAN_POINT('',(107.80971406,111.725510707,415.457613508));
#1181=VERTEX_POINT('',#1180);
#1182=CARTESIAN_POINT('',(107.80971406,115.725510707,415.457613508));
#1183=DIRECTION('',(0.,-1.,0.));
#1184=VECTOR('',#1183,4.);
#1185=LINE('',#1182,#1184);
#1186=EDGE_CURVE('',#1172,#1181,#1185,.T.);
#1187=ORIENTED_EDGE('',*,*,#1186,.T.);
#1188=CARTESIAN_POINT('',(104.80971406,108.725510707,415.457613508));
#1189=VERTEX_POINT('',#1188);
#1190=CARTESIAN_POINT('',(104.80971406,111.725510707,415.457613508));
#1191=DIRECTION('',(0.,-0.,-1.));
#1192=DIRECTION('',(0.,1.,-0.));
#1193=AXIS2_PLACEMENT_3D('',#1190,#1191,#1192);
#1194=CIRCLE('',#1193,3.);
#1195=EDGE_CURVE('',#1181,#1189,#1194,.T.);
#1196=ORIENTED_EDGE('',*,*,#1195,.T.);
#1197=CARTESIAN_POINT('',(80.80971406,108.725510707,415.457613508));
#1198=VERTEX_POINT('',#1197);
#1199=CARTESIAN_POINT('',(104.80971406,108.725510707,415.457613508));
#1200=DIRECTION('',(-1.,0.,0.));
#1201=VECTOR('',#1200,24.);
#1202=LINE('',#1199,#1201);
#1203=EDGE_CURVE('',#1189,#1198,#1202,.T.);
#1204=ORIENTED_EDGE('',*,*,#1203,.T.);
#1205=CARTESIAN_POINT('',(77.80971406,111.725510707,415.457613508));
#1206=VERTEX_POINT('',#1205);
#1207=CARTESIAN_POINT('',(80.80971406,111.725510707,415.457613508));
#1208=DIRECTION('',(0.,-0.,-1.));
#1209=DIRECTION('',(0.,1.,-0.));
#1210=AXIS2_PLACEMENT_3D('',#1207,#1208,#1209);
#1211=CIRCLE('',#1210,3.);
#1212=EDGE_CURVE('',#1198,#1206,#1211,.T.);
#1213=ORIENTED_EDGE('',*,*,#1212,.T.);
#1214=CARTESIAN_POINT('',(77.80971406,115.725510707,415.457613508));
#1215=VERTEX_POINT('',#1214);
#1216=CARTESIAN_POINT('',(77.80971406,111.725510707,415.457613508));
#1217=DIRECTION('',(0.,1.,-0.));
#1218=VECTOR('',#1217,4.);
#1219=LINE('',#1216,#1218);
#1220=EDGE_CURVE('',#1206,#1215,#1219,.T.);
#1221=ORIENTED_EDGE('',*,*,#1220,.T.);
#1222=CARTESIAN_POINT('',(80.80971406,115.725510707,415.457613508));
#1223=DIRECTION('',(0.,-0.,-1.));
#1224=DIRECTION('',(0.,1.,-0.));
#1225=AXIS2_PLACEMENT_3D('',#1222,#1223,#1224);
#1226=CIRCLE('',#1225,3.);
#1227=EDGE_CURVE('',#1215,#1162,#1226,.T.);
#1228=ORIENTED_EDGE('',*,*,#1227,.T.);
#1229=EDGE_LOOP('',(#1170,#1179,#1187,#1196,#1204,#1213,#1221,#1228));
#1230=FACE_BOUND('',#1229,.T.);
#1231=CARTESIAN_POINT('',(146.87863907,120.735438664,415.457613508));
#1232=VERTEX_POINT('',#1231);
#1233=CARTESIAN_POINT('',(145.27863907,119.135438664,415.457613508));
#1234=VERTEX_POINT('',#1233);
#1235=CARTESIAN_POINT('',(146.87863907,119.135438664,415.457613508));
#1236=DIRECTION('',(-0.,0.,1.));
#1237=DIRECTION('',(0.,1.,-0.));
#1238=AXIS2_PLACEMENT_3D('',#1235,#1236,#1237);
#1239=CIRCLE('',#1238,1.6);
#1240=EDGE_CURVE('NONE',#1232,#1234,#1239,.T.);
#1241=ORIENTED_EDGE('',*,*,#1240,.F.);
#1242=CARTESIAN_POINT('',(148.47863907,119.135438664,415.457613508));
#1243=VERTEX_POINT('',#1242);
#1244=CARTESIAN_POINT('',(146.87863907,119.135438664,415.457613508));
#1245=DIRECTION('',(-0.,0.,1.));
#1246=DIRECTION('',(0.,1.,-0.));
#1247=AXIS2_PLACEMENT_3D('',#1244,#1245,#1246);
#1248=CIRCLE('',#1247,1.6);
#1249=EDGE_CURVE('',#1243,#1232,#1248,.T.);
#1250=ORIENTED_EDGE('',*,*,#1249,.F.);
#1251=CARTESIAN_POINT('',(146.87863907,119.135438664,415.457613508));
#1252=DIRECTION('',(-0.,0.,1.));
#1253=DIRECTION('',(0.,1.,-0.));
#1254=AXIS2_PLACEMENT_3D('',#1251,#1252,#1253);
#1255=CIRCLE('',#1254,1.6);
#1256=EDGE_CURVE('',#1234,#1243,#1255,.T.);
#1257=ORIENTED_EDGE('',*,*,#1256,.F.);
#1258=EDGE_LOOP('',(#1241,#1250,#1257));
#1259=FACE_BOUND('',#1258,.T.);
#1260=CARTESIAN_POINT('',(146.87863907,112.135438664,415.457613508));
#1261=VERTEX_POINT('',#1260);
#1262=CARTESIAN_POINT('',(141.87863907,107.135438664,415.457613508));
#1263=VERTEX_POINT('',#1262);
#1264=CARTESIAN_POINT('',(146.87863907,107.135438664,415.457613508));
#1265=DIRECTION('',(-0.,0.,1.));
#1266=DIRECTION('',(0.,1.,-0.));
#1267=AXIS2_PLACEMENT_3D('',#1264,#1265,#1266);
#1268=CIRCLE('',#1267,5.);
#1269=EDGE_CURVE('NONE',#1261,#1263,#1268,.T.);
#1270=ORIENTED_EDGE('',*,*,#1269,.F.);
#1271=CARTESIAN_POINT('',(151.87863907,107.135438664,415.457613508));
#1272=VERTEX_POINT('',#1271);
#1273=CARTESIAN_POINT('',(146.87863907,107.135438664,415.457613508));
#1274=DIRECTION('',(-0.,0.,1.));
#1275=DIRECTION('',(0.,1.,-0.));
#1276=AXIS2_PLACEMENT_3D('',#1273,#1274,#1275);
#1277=CIRCLE('',#1276,5.);
#1278=EDGE_CURVE('',#1272,#1261,#1277,.T.);
#1279=ORIENTED_EDGE('',*,*,#1278,.F.);
#1280=CARTESIAN_POINT('',(146.87863907,107.135438664,415.457613508));
#1281=DIRECTION('',(-0.,0.,1.));
#1282=DIRECTION('',(0.,1.,-0.));
#1283=AXIS2_PLACEMENT_3D('',#1280,#1281,#1282);
#1284=CIRCLE('',#1283,5.);
#1285=EDGE_CURVE('',#1263,#1272,#1284,.T.);
#1286=ORIENTED_EDGE('',*,*,#1285,.F.);
#1287=EDGE_LOOP('',(#1270,#1279,#1286));
#1288=FACE_BOUND('',#1287,.T.);
#1289=CARTESIAN_POINT('',(106.87863907,137.735438664,415.457613508));
#1290=VERTEX_POINT('',#1289);
#1291=CARTESIAN_POINT('',(104.77863907,135.635438664,415.457613508));
#1292=VERTEX_POINT('',#1291);
#1293=CARTESIAN_POINT('',(106.87863907,135.635438664,415.457613508));
#1294=DIRECTION('',(-0.,0.,1.));
#1295=DIRECTION('',(0.,1.,-0.));
#1296=AXIS2_PLACEMENT_3D('',#1293,#1294,#1295);
#1297=CIRCLE('',#1296,2.1);
#1298=EDGE_CURVE('NONE',#1290,#1292,#1297,.T.);
#1299=ORIENTED_EDGE('',*,*,#1298,.F.);
#1300=CARTESIAN_POINT('',(108.97863907,135.635438664,415.457613508));
#1301=VERTEX_POINT('',#1300);
#1302=CARTESIAN_POINT('',(106.87863907,135.635438664,415.457613508));
#1303=DIRECTION('',(-0.,0.,1.));
#1304=DIRECTION('',(0.,1.,-0.));
#1305=AXIS2_PLACEMENT_3D('',#1302,#1303,#1304);
#1306=CIRCLE('',#1305,2.1);
#1307=EDGE_CURVE('',#1301,#1290,#1306,.T.);
#1308=ORIENTED_EDGE('',*,*,#1307,.F.);
#1309=CARTESIAN_POINT('',(106.87863907,135.635438664,415.457613508));
#1310=DIRECTION('',(-0.,0.,1.));
#1311=DIRECTION('',(0.,1.,-0.));
#1312=AXIS2_PLACEMENT_3D('',#1309,#1310,#1311);
#1313=CIRCLE('',#1312,2.1);
#1314=EDGE_CURVE('',#1292,#1301,#1313,.T.);
#1315=ORIENTED_EDGE('',*,*,#1314,.F.);
#1316=EDGE_LOOP('',(#1299,#1308,#1315));
#1317=FACE_BOUND('',#1316,.T.);
#1318=CARTESIAN_POINT('',(106.87863907,174.735438664,415.457613508));
#1319=VERTEX_POINT('',#1318);
#1320=CARTESIAN_POINT('',(104.77863907,172.635438664,415.457613508));
#1321=VERTEX_POINT('',#1320);
#1322=CARTESIAN_POINT('',(106.87863907,172.635438664,415.457613508));
#1323=DIRECTION('',(-0.,0.,1.));
#1324=DIRECTION('',(0.,1.,-0.));
#1325=AXIS2_PLACEMENT_3D('',#1322,#1323,#1324);
#1326=CIRCLE('',#1325,2.1);
#1327=EDGE_CURVE('NONE',#1319,#1321,#1326,.T.);
#1328=ORIENTED_EDGE('',*,*,#1327,.F.);
#1329=CARTESIAN_POINT('',(108.97863907,172.635438664,415.457613508));
#1330=VERTEX_POINT('',#1329);
#1331=CARTESIAN_POINT('',(106.87863907,172.635438664,415.457613508));
#1332=DIRECTION('',(-0.,0.,1.));
#1333=DIRECTION('',(0.,1.,-0.));
#1334=AXIS2_PLACEMENT_3D('',#1331,#1332,#1333);
#1335=CIRCLE('',#1334,2.1);
#1336=EDGE_CURVE('',#1330,#1319,#1335,.T.);
#1337=ORIENTED_EDGE('',*,*,#1336,.F.);
#1338=CARTESIAN_POINT('',(106.87863907,172.635438664,415.457613508));
#1339=DIRECTION('',(-0.,0.,1.));
#1340=DIRECTION('',(0.,1.,-0.));
#1341=AXIS2_PLACEMENT_3D('',#1338,#1339,#1340);
#1342=CIRCLE('',#1341,2.1);
#1343=EDGE_CURVE('',#1321,#1330,#1342,.T.);
#1344=ORIENTED_EDGE('',*,*,#1343,.F.);
#1345=EDGE_LOOP('',(#1328,#1337,#1344));
#1346=FACE_BOUND('',#1345,.T.);
#1347=CARTESIAN_POINT('',(186.87863907,137.735438664,415.457613508));
#1348=VERTEX_POINT('',#1347);
#1349=CARTESIAN_POINT('',(184.77863907,135.635438664,415.457613508));
#1350=VERTEX_POINT('',#1349);
#1351=CARTESIAN_POINT('',(186.87863907,135.635438664,415.457613508));
#1352=DIRECTION('',(-0.,0.,1.));
#1353=DIRECTION('',(0.,1.,-0.));
#1354=AXIS2_PLACEMENT_3D('',#1351,#1352,#1353);
#1355=CIRCLE('',#1354,2.1);
#1356=EDGE_CURVE('NONE',#1348,#1350,#1355,.T.);
#1357=ORIENTED_EDGE('',*,*,#1356,.F.);
#1358=CARTESIAN_POINT('',(188.97863907,135.635438664,415.457613508));
#1359=VERTEX_POINT('',#1358);
#1360=CARTESIAN_POINT('',(186.87863907,135.635438664,415.457613508));
#1361=DIRECTION('',(-0.,0.,1.));
#1362=DIRECTION('',(0.,1.,-0.));
#1363=AXIS2_PLACEMENT_3D('',#1360,#1361,#1362);
#1364=CIRCLE('',#1363,2.1);
#1365=EDGE_CURVE('',#1359,#1348,#1364,.T.);
#1366=ORIENTED_EDGE('',*,*,#1365,.F.);
#1367=CARTESIAN_POINT('',(186.87863907,135.635438664,415.457613508));
#1368=DIRECTION('',(-0.,0.,1.));
#1369=DIRECTION('',(0.,1.,-0.));
#1370=AXIS2_PLACEMENT_3D('',#1367,#1368,#1369);
#1371=CIRCLE('',#1370,2.1);
#1372=EDGE_CURVE('',#1350,#1359,#1371,.T.);
#1373=ORIENTED_EDGE('',*,*,#1372,.F.);
#1374=EDGE_LOOP('',(#1357,#1366,#1373));
#1375=FACE_BOUND('',#1374,.T.);
#1376=CARTESIAN_POINT('',(186.87863907,174.735438664,415.457613508));
#1377=VERTEX_POINT('',#1376);
#1378=CARTESIAN_POINT('',(184.77863907,172.635438664,415.457613508));
#1379=VERTEX_POINT('',#1378);
#1380=CARTESIAN_POINT('',(186.87863907,172.635438664,415.457613508));
#1381=DIRECTION('',(-0.,0.,1.));
#1382=DIRECTION('',(0.,1.,-0.));
#1383=AXIS2_PLACEMENT_3D('',#1380,#1381,#1382);
#1384=CIRCLE('',#1383,2.1);
#1385=EDGE_CURVE('NONE',#1377,#1379,#1384,.T.);
#1386=ORIENTED_EDGE('',*,*,#1385,.F.);
#1387=CARTESIAN_POINT('',(188.97863907,172.635438664,415.457613508));
#1388=VERTEX_POINT('',#1387);
#1389=CARTESIAN_POINT('',(186.87863907,172.635438664,415.457613508));
#1390=DIRECTION('',(-0.,0.,1.));
#1391=DIRECTION('',(0.,1.,-0.));
#1392=AXIS2_PLACEMENT_3D('',#1389,#1390,#1391);
#1393=CIRCLE('',#1392,2.1);
#1394=EDGE_CURVE('',#1388,#1377,#1393,.T.);
#1395=ORIENTED_EDGE('',*,*,#1394,.F.);
#1396=CARTESIAN_POINT('',(186.87863907,172.635438664,415.457613508));
#1397=DIRECTION('',(-0.,0.,1.));
#1398=DIRECTION('',(0.,1.,-0.));
#1399=AXIS2_PLACEMENT_3D('',#1396,#1397,#1398);
#1400=CIRCLE('',#1399,2.1);
#1401=EDGE_CURVE('',#1379,#1388,#1400,.T.);
#1402=ORIENTED_EDGE('',*,*,#1401,.F.);
#1403=EDGE_LOOP('',(#1386,#1395,#1402));
#1404=FACE_BOUND('',#1403,.T.);
#1405=CARTESIAN_POINT('',(66.87863907,238.735438664,415.457613508));
#1406=VERTEX_POINT('',#1405);
#1407=CARTESIAN_POINT('',(64.27863907,236.135438664,415.457613508));
#1408=VERTEX_POINT('',#1407);
#1409=CARTESIAN_POINT('',(66.87863907,236.135438664,415.457613508));
#1410=DIRECTION('',(-0.,0.,1.));
#1411=DIRECTION('',(0.,1.,-0.));
#1412=AXIS2_PLACEMENT_3D('',#1409,#1410,#1411);
#1413=CIRCLE('',#1412,2.6);
#1414=EDGE_CURVE('NONE',#1406,#1408,#1413,.T.);
#1415=ORIENTED_EDGE('',*,*,#1414,.F.);
#1416=CARTESIAN_POINT('',(69.47863907,236.135438664,415.457613508));
#1417=VERTEX_POINT('',#1416);
#1418=CARTESIAN_POINT('',(66.87863907,236.135438664,415.457613508));
#1419=DIRECTION('',(-0.,0.,1.));
#1420=DIRECTION('',(0.,1.,-0.));
#1421=AXIS2_PLACEMENT_3D('',#1418,#1419,#1420);
#1422=CIRCLE('',#1421,2.6);
#1423=EDGE_CURVE('',#1417,#1406,#1422,.T.);
#1424=ORIENTED_EDGE('',*,*,#1423,.F.);
#1425=CARTESIAN_POINT('',(66.87863907,236.135438664,415.457613508));
#1426=DIRECTION('',(-0.,0.,1.));
#1427=DIRECTION('',(0.,1.,-0.));
#1428=AXIS2_PLACEMENT_3D('',#1425,#1426,#1427);
#1429=CIRCLE('',#1428,2.6);
#1430=EDGE_CURVE('',#1408,#1417,#1429,.T.);
#1431=ORIENTED_EDGE('',*,*,#1430,.F.);
#1432=EDGE_LOOP('',(#1415,#1424,#1431));
#1433=FACE_BOUND('',#1432,.T.);
#1434=CARTESIAN_POINT('',(125.87863907,176.735438664,415.457613508));
#1435=VERTEX_POINT('',#1434);
#1436=CARTESIAN_POINT('',(123.27863907,174.135438664,415.457613508));
#1437=VERTEX_POINT('',#1436);
#1438=CARTESIAN_POINT('',(125.87863907,174.135438664,415.457613508));
#1439=DIRECTION('',(-0.,0.,1.));
#1440=DIRECTION('',(0.,1.,-0.));
#1441=AXIS2_PLACEMENT_3D('',#1438,#1439,#1440);
#1442=CIRCLE('',#1441,2.6);
#1443=EDGE_CURVE('NONE',#1435,#1437,#1442,.T.);
#1444=ORIENTED_EDGE('',*,*,#1443,.F.);
#1445=CARTESIAN_POINT('',(128.47863907,174.135438664,415.457613508));
#1446=VERTEX_POINT('',#1445);
#1447=CARTESIAN_POINT('',(125.87863907,174.135438664,415.457613508));
#1448=DIRECTION('',(-0.,0.,1.));
#1449=DIRECTION('',(0.,1.,-0.));
#1450=AXIS2_PLACEMENT_3D('',#1447,#1448,#1449);
#1451=CIRCLE('',#1450,2.6);
#1452=EDGE_CURVE('',#1446,#1435,#1451,.T.);
#1453=ORIENTED_EDGE('',*,*,#1452,.F.);
#1454=CARTESIAN_POINT('',(125.87863907,174.135438664,415.457613508));
#1455=DIRECTION('',(-0.,0.,1.));
#1456=DIRECTION('',(0.,1.,-0.));
#1457=AXIS2_PLACEMENT_3D('',#1454,#1455,#1456);
#1458=CIRCLE('',#1457,2.6);
#1459=EDGE_CURVE('',#1437,#1446,#1458,.T.);
#1460=ORIENTED_EDGE('',*,*,#1459,.F.);
#1461=EDGE_LOOP('',(#1444,#1453,#1460));
#1462=FACE_BOUND('',#1461,.T.);
#1463=CARTESIAN_POINT('',(125.87863907,121.735438664,415.457613508));
#1464=VERTEX_POINT('',#1463);
#1465=CARTESIAN_POINT('',(123.27863907,119.135438664,415.457613508));
#1466=VERTEX_POINT('',#1465);
#1467=CARTESIAN_POINT('',(125.87863907,119.135438664,415.457613508));
#1468=DIRECTION('',(-0.,0.,1.));
#1469=DIRECTION('',(0.,1.,-0.));
#1470=AXIS2_PLACEMENT_3D('',#1467,#1468,#1469);
#1471=CIRCLE('',#1470,2.6);
#1472=EDGE_CURVE('NONE',#1464,#1466,#1471,.T.);
#1473=ORIENTED_EDGE('',*,*,#1472,.F.);
#1474=CARTESIAN_POINT('',(128.47863907,119.135438664,415.457613508));
#1475=VERTEX_POINT('',#1474);
#1476=CARTESIAN_POINT('',(125.87863907,119.135438664,415.457613508));
#1477=DIRECTION('',(-0.,0.,1.));
#1478=DIRECTION('',(0.,1.,-0.));
#1479=AXIS2_PLACEMENT_3D('',#1476,#1477,#1478);
#1480=CIRCLE('',#1479,2.6);
#1481=EDGE_CURVE('',#1475,#1464,#1480,.T.);
#1482=ORIENTED_EDGE('',*,*,#1481,.F.);
#1483=CARTESIAN_POINT('',(125.87863907,119.135438664,415.457613508));
#1484=DIRECTION('',(-0.,0.,1.));
#1485=DIRECTION('',(0.,1.,-0.));
#1486=AXIS2_PLACEMENT_3D('',#1483,#1484,#1485);
#1487=CIRCLE('',#1486,2.6);
#1488=EDGE_CURVE('',#1466,#1475,#1487,.T.);
#1489=ORIENTED_EDGE('',*,*,#1488,.F.);
#1490=EDGE_LOOP('',(#1473,#1482,#1489));
#1491=FACE_BOUND('',#1490,.T.);
#1492=CARTESIAN_POINT('',(167.87863907,176.735438664,415.457613508));
#1493=VERTEX_POINT('',#1492);
#1494=CARTESIAN_POINT('',(165.27863907,174.135438664,415.457613508));
#1495=VERTEX_POINT('',#1494);
#1496=CARTESIAN_POINT('',(167.87863907,174.135438664,415.457613508));
#1497=DIRECTION('',(-0.,0.,1.));
#1498=DIRECTION('',(0.,1.,-0.));
#1499=AXIS2_PLACEMENT_3D('',#1496,#1497,#1498);
#1500=CIRCLE('',#1499,2.6);
#1501=EDGE_CURVE('NONE',#1493,#1495,#1500,.T.);
#1502=ORIENTED_EDGE('',*,*,#1501,.F.);
#1503=CARTESIAN_POINT('',(170.47863907,174.135438664,415.457613508));
#1504=VERTEX_POINT('',#1503);
#1505=CARTESIAN_POINT('',(167.87863907,174.135438664,415.457613508));
#1506=DIRECTION('',(-0.,0.,1.));
#1507=DIRECTION('',(0.,1.,-0.));
#1508=AXIS2_PLACEMENT_3D('',#1505,#1506,#1507);
#1509=CIRCLE('',#1508,2.6);
#1510=EDGE_CURVE('',#1504,#1493,#1509,.T.);
#1511=ORIENTED_EDGE('',*,*,#1510,.F.);
#1512=CARTESIAN_POINT('',(167.87863907,174.135438664,415.457613508));
#1513=DIRECTION('',(-0.,0.,1.));
#1514=DIRECTION('',(0.,1.,-0.));
#1515=AXIS2_PLACEMENT_3D('',#1512,#1513,#1514);
#1516=CIRCLE('',#1515,2.6);
#1517=EDGE_CURVE('',#1495,#1504,#1516,.T.);
#1518=ORIENTED_EDGE('',*,*,#1517,.F.);
#1519=EDGE_LOOP('',(#1502,#1511,#1518));
#1520=FACE_BOUND('',#1519,.T.);
#1521=CARTESIAN_POINT('',(167.87863907,121.735438664,415.457613508));
#1522=VERTEX_POINT('',#1521);
#1523=CARTESIAN_POINT('',(165.27863907,119.135438664,415.457613508));
#1524=VERTEX_POINT('',#1523);
#1525=CARTESIAN_POINT('',(167.87863907,119.135438664,415.457613508));
#1526=DIRECTION('',(-0.,0.,1.));
#1527=DIRECTION('',(0.,1.,-0.));
#1528=AXIS2_PLACEMENT_3D('',#1525,#1526,#1527);
#1529=CIRCLE('',#1528,2.6);
#1530=EDGE_CURVE('NONE',#1522,#1524,#1529,.T.);
#1531=ORIENTED_EDGE('',*,*,#1530,.F.);
#1532=CARTESIAN_POINT('',(170.47863907,119.135438664,415.457613508));
#1533=VERTEX_POINT('',#1532);
#1534=CARTESIAN_POINT('',(167.87863907,119.135438664,415.457613508));
#1535=DIRECTION('',(-0.,0.,1.));
#1536=DIRECTION('',(0.,1.,-0.));
#1537=AXIS2_PLACEMENT_3D('',#1534,#1535,#1536);
#1538=CIRCLE('',#1537,2.6);
#1539=EDGE_CURVE('',#1533,#1522,#1538,.T.);
#1540=ORIENTED_EDGE('',*,*,#1539,.F.);
#1541=CARTESIAN_POINT('',(167.87863907,119.135438664,415.457613508));
#1542=DIRECTION('',(-0.,0.,1.));
#1543=DIRECTION('',(0.,1.,-0.));
#1544=AXIS2_PLACEMENT_3D('',#1541,#1542,#1543);
#1545=CIRCLE('',#1544,2.6);
#1546=EDGE_CURVE('',#1524,#1533,#1545,.T.);
#1547=ORIENTED_EDGE('',*,*,#1546,.F.);
#1548=EDGE_LOOP('',(#1531,#1540,#1547));
#1549=FACE_BOUND('',#1548,.T.);
#1550=CARTESIAN_POINT('',(66.87863907,196.735438664,415.457613508));
#1551=VERTEX_POINT('',#1550);
#1552=CARTESIAN_POINT('',(64.27863907,194.135438664,415.457613508));
#1553=VERTEX_POINT('',#1552);
#1554=CARTESIAN_POINT('',(66.87863907,194.135438664,415.457613508));
#1555=DIRECTION('',(-0.,0.,1.));
#1556=DIRECTION('',(0.,1.,-0.));
#1557=AXIS2_PLACEMENT_3D('',#1554,#1555,#1556);
#1558=CIRCLE('',#1557,2.6);
#1559=EDGE_CURVE('NONE',#1551,#1553,#1558,.T.);
#1560=ORIENTED_EDGE('',*,*,#1559,.F.);
#1561=CARTESIAN_POINT('',(69.47863907,194.135438664,415.457613508));
#1562=VERTEX_POINT('',#1561);
#1563=CARTESIAN_POINT('',(66.87863907,194.135438664,415.457613508));
#1564=DIRECTION('',(-0.,0.,1.));
#1565=DIRECTION('',(0.,1.,-0.));
#1566=AXIS2_PLACEMENT_3D('',#1563,#1564,#1565);
#1567=CIRCLE('',#1566,2.6);
#1568=EDGE_CURVE('',#1562,#1551,#1567,.T.);
#1569=ORIENTED_EDGE('',*,*,#1568,.F.);
#1570=CARTESIAN_POINT('',(66.87863907,194.135438664,415.457613508));
#1571=DIRECTION('',(-0.,0.,1.));
#1572=DIRECTION('',(0.,1.,-0.));
#1573=AXIS2_PLACEMENT_3D('',#1570,#1571,#1572);
#1574=CIRCLE('',#1573,2.6);
#1575=EDGE_CURVE('',#1553,#1562,#1574,.T.);
#1576=ORIENTED_EDGE('',*,*,#1575,.F.);
#1577=EDGE_LOOP('',(#1560,#1569,#1576));
#1578=FACE_BOUND('',#1577,.T.);
#1579=CARTESIAN_POINT('',(226.87863907,196.735438664,415.457613508));
#1580=VERTEX_POINT('',#1579);
#1581=CARTESIAN_POINT('',(224.27863907,194.135438664,415.457613508));
#1582=VERTEX_POINT('',#1581);
#1583=CARTESIAN_POINT('',(226.87863907,194.135438664,415.457613508));
#1584=DIRECTION('',(-0.,0.,1.));
#1585=DIRECTION('',(0.,1.,-0.));
#1586=AXIS2_PLACEMENT_3D('',#1583,#1584,#1585);
#1587=CIRCLE('',#1586,2.6);
#1588=EDGE_CURVE('NONE',#1580,#1582,#1587,.T.);
#1589=ORIENTED_EDGE('',*,*,#1588,.F.);
#1590=CARTESIAN_POINT('',(229.47863907,194.135438664,415.457613508));
#1591=VERTEX_POINT('',#1590);
#1592=CARTESIAN_POINT('',(226.87863907,194.135438664,415.457613508));
#1593=DIRECTION('',(-0.,0.,1.));
#1594=DIRECTION('',(0.,1.,-0.));
#1595=AXIS2_PLACEMENT_3D('',#1592,#1593,#1594);
#1596=CIRCLE('',#1595,2.6);
#1597=EDGE_CURVE('',#1591,#1580,#1596,.T.);
#1598=ORIENTED_EDGE('',*,*,#1597,.F.);
#1599=CARTESIAN_POINT('',(226.87863907,194.135438664,415.457613508));
#1600=DIRECTION('',(-0.,0.,1.));
#1601=DIRECTION('',(0.,1.,-0.));
#1602=AXIS2_PLACEMENT_3D('',#1599,#1600,#1601);
#1603=CIRCLE('',#1602,2.6);
#1604=EDGE_CURVE('',#1582,#1591,#1603,.T.);
#1605=ORIENTED_EDGE('',*,*,#1604,.F.);
#1606=EDGE_LOOP('',(#1589,#1598,#1605));
#1607=FACE_BOUND('',#1606,.T.);
#1608=CARTESIAN_POINT('',(226.87863907,238.735438664,415.457613508));
#1609=VERTEX_POINT('',#1608);
#1610=CARTESIAN_POINT('',(224.27863907,236.135438664,415.457613508));
#1611=VERTEX_POINT('',#1610);
#1612=CARTESIAN_POINT('',(226.87863907,236.135438664,415.457613508));
#1613=DIRECTION('',(-0.,0.,1.));
#1614=DIRECTION('',(0.,1.,-0.));
#1615=AXIS2_PLACEMENT_3D('',#1612,#1613,#1614);
#1616=CIRCLE('',#1615,2.6);
#1617=EDGE_CURVE('NONE',#1609,#1611,#1616,.T.);
#1618=ORIENTED_EDGE('',*,*,#1617,.F.);
#1619=CARTESIAN_POINT('',(229.47863907,236.135438664,415.457613508));
#1620=VERTEX_POINT('',#1619);
#1621=CARTESIAN_POINT('',(226.87863907,236.135438664,415.457613508));
#1622=DIRECTION('',(-0.,0.,1.));
#1623=DIRECTION('',(0.,1.,-0.));
#1624=AXIS2_PLACEMENT_3D('',#1621,#1622,#1623);
#1625=CIRCLE('',#1624,2.6);
#1626=EDGE_CURVE('',#1620,#1609,#1625,.T.);
#1627=ORIENTED_EDGE('',*,*,#1626,.F.);
#1628=CARTESIAN_POINT('',(226.87863907,236.135438664,415.457613508));
#1629=DIRECTION('',(-0.,0.,1.));
#1630=DIRECTION('',(0.,1.,-0.));
#1631=AXIS2_PLACEMENT_3D('',#1628,#1629,#1630);
#1632=CIRCLE('',#1631,2.6);
#1633=EDGE_CURVE('',#1611,#1620,#1632,.T.);
#1634=ORIENTED_EDGE('',*,*,#1633,.F.);
#1635=EDGE_LOOP('',(#1618,#1627,#1634));
#1636=FACE_BOUND('',#1635,.T.);
#1637=CARTESIAN_POINT('',(97.415978631,250.956944835,415.457613508));
#1638=VERTEX_POINT('',#1637);
#1639=CARTESIAN_POINT('',(97.415978631,187.851167417,415.457613508));
#1640=VERTEX_POINT('',#1639);
#1641=CARTESIAN_POINT('',(97.415978631,250.956944835,415.457613508));
#1642=DIRECTION('',(0.,-1.,0.));
#1643=VECTOR('',#1642,63.105777418);
#1644=LINE('',#1641,#1643);
#1645=EDGE_CURVE('',#1638,#1640,#1644,.T.);
#1646=ORIENTED_EDGE('',*,*,#1645,.F.);
#1647=CARTESIAN_POINT('',(99.415978631,252.956944835,415.457613508));
#1648=VERTEX_POINT('',#1647);
#1649=CARTESIAN_POINT('',(99.415978631,250.956944835,415.457613508));
#1650=DIRECTION('',(0.,-0.,-1.));
#1651=DIRECTION('',(0.,1.,-0.));
#1652=AXIS2_PLACEMENT_3D('',#1649,#1650,#1651);
#1653=CIRCLE('',#1652,2.);
#1654=EDGE_CURVE('',#1638,#1648,#1653,.T.);
#1655=ORIENTED_EDGE('',*,*,#1654,.T.);
#1656=CARTESIAN_POINT('',(104.341299508,252.956944835,415.457613508));
#1657=VERTEX_POINT('',#1656);
#1658=CARTESIAN_POINT('',(104.341299508,252.956944835,415.457613508));
#1659=DIRECTION('',(-1.,0.,0.));
#1660=VECTOR('',#1659,4.925320877);
#1661=LINE('',#1658,#1660);
#1662=EDGE_CURVE('',#1657,#1648,#1661,.T.);
#1663=ORIENTED_EDGE('',*,*,#1662,.F.);
#1664=CARTESIAN_POINT('',(106.341299508,250.956944835,415.457613508));
#1665=VERTEX_POINT('',#1664);
#1666=CARTESIAN_POINT('',(104.341299508,250.956944835,415.457613508));
#1667=DIRECTION('',(0.,-0.,-1.));
#1668=DIRECTION('',(0.,1.,-0.));
#1669=AXIS2_PLACEMENT_3D('',#1666,#1667,#1668);
#1670=CIRCLE('',#1669,2.);
#1671=EDGE_CURVE('',#1657,#1665,#1670,.T.);
#1672=ORIENTED_EDGE('',*,*,#1671,.T.);
#1673=CARTESIAN_POINT('',(106.341299508,187.851167417,415.457613508));
#1674=VERTEX_POINT('',#1673);
#1675=CARTESIAN_POINT('',(106.341299508,187.851167417,415.457613508));
#1676=DIRECTION('',(-0.,1.,-0.));
#1677=VECTOR('',#1676,63.105777418);
#1678=LINE('',#1675,#1677);
#1679=EDGE_CURVE('',#1674,#1665,#1678,.T.);
#1680=ORIENTED_EDGE('',*,*,#1679,.F.);
#1681=CARTESIAN_POINT('',(104.341299508,185.851167417,415.457613508));
#1682=VERTEX_POINT('',#1681);
#1683=CARTESIAN_POINT('',(104.341299508,187.851167417,415.457613508));
#1684=DIRECTION('',(0.,-0.,-1.));
#1685=DIRECTION('',(0.,1.,-0.));
#1686=AXIS2_PLACEMENT_3D('',#1683,#1684,#1685);
#1687=CIRCLE('',#1686,2.);
#1688=EDGE_CURVE('',#1674,#1682,#1687,.T.);
#1689=ORIENTED_EDGE('',*,*,#1688,.T.);
#1690=CARTESIAN_POINT('',(99.415978631,185.851167417,415.457613508));
#1691=VERTEX_POINT('',#1690);
#1692=CARTESIAN_POINT('',(99.415978631,185.851167417,415.457613508));
#1693=DIRECTION('',(1.,0.,-0.));
#1694=VECTOR('',#1693,4.925320877);
#1695=LINE('',#1692,#1694);
#1696=EDGE_CURVE('',#1691,#1682,#1695,.T.);
#1697=ORIENTED_EDGE('',*,*,#1696,.F.);
#1698=CARTESIAN_POINT('',(99.415978631,187.851167417,415.457613508));
#1699=DIRECTION('',(0.,-0.,-1.));
#1700=DIRECTION('',(0.,1.,-0.));
#1701=AXIS2_PLACEMENT_3D('',#1698,#1699,#1700);
#1702=CIRCLE('',#1701,2.);
#1703=EDGE_CURVE('',#1691,#1640,#1702,.T.);
#1704=ORIENTED_EDGE('',*,*,#1703,.T.);
#1705=EDGE_LOOP('',(#1646,#1655,#1663,#1672,#1680,#1689,#1697,#1704));
#1706=FACE_BOUND('',#1705,.T.);
#1707=CARTESIAN_POINT('',(185.947564079,115.725510707,415.457613508));
#1708=VERTEX_POINT('',#1707);
#1709=CARTESIAN_POINT('',(185.947564079,111.725510707,415.457613508));
#1710=VERTEX_POINT('',#1709);
#1711=CARTESIAN_POINT('',(185.947564079,115.725510707,415.457613508));
#1712=DIRECTION('',(0.,-1.,0.));
#1713=VECTOR('',#1712,4.);
#1714=LINE('',#1711,#1713);
#1715=EDGE_CURVE('',#1708,#1710,#1714,.T.);
#1716=ORIENTED_EDGE('',*,*,#1715,.F.);
#1717=CARTESIAN_POINT('',(188.947564079,118.725510707,415.457613508));
#1718=VERTEX_POINT('',#1717);
#1719=CARTESIAN_POINT('',(188.947564079,115.725510707,415.457613508));
#1720=DIRECTION('',(0.,-0.,-1.));
#1721=DIRECTION('',(0.,1.,-0.));
#1722=AXIS2_PLACEMENT_3D('',#1719,#1720,#1721);
#1723=CIRCLE('',#1722,3.);
#1724=EDGE_CURVE('',#1708,#1718,#1723,.T.);
#1725=ORIENTED_EDGE('',*,*,#1724,.T.);
#1726=CARTESIAN_POINT('',(212.947564079,118.725510707,415.457613508));
#1727=VERTEX_POINT('',#1726);
#1728=CARTESIAN_POINT('',(212.947564079,118.725510707,415.457613508));
#1729=DIRECTION('',(-1.,0.,0.));
#1730=VECTOR('',#1729,24.);
#1731=LINE('',#1728,#1730);
#1732=EDGE_CURVE('',#1727,#1718,#1731,.T.);
#1733=ORIENTED_EDGE('',*,*,#1732,.F.);
#1734=CARTESIAN_POINT('',(215.947564079,115.725510707,415.457613508));
#1735=VERTEX_POINT('',#1734);
#1736=CARTESIAN_POINT('',(212.947564079,115.725510707,415.457613508));
#1737=DIRECTION('',(0.,-0.,-1.));
#1738=DIRECTION('',(0.,1.,-0.));
#1739=AXIS2_PLACEMENT_3D('',#1736,#1737,#1738);
#1740=CIRCLE('',#1739,3.);
#1741=EDGE_CURVE('',#1727,#1735,#1740,.T.);
#1742=ORIENTED_EDGE('',*,*,#1741,.T.);
#1743=CARTESIAN_POINT('',(215.947564079,111.725510707,415.457613508));
#1744=VERTEX_POINT('',#1743);
#1745=CARTESIAN_POINT('',(215.947564079,111.725510707,415.457613508));
#1746=DIRECTION('',(0.,1.,-0.));
#1747=VECTOR('',#1746,4.);
#1748=LINE('',#1745,#1747);
#1749=EDGE_CURVE('',#1744,#1735,#1748,.T.);
#1750=ORIENTED_EDGE('',*,*,#1749,.F.);
#1751=CARTESIAN_POINT('',(212.947564079,108.725510707,415.457613508));
#1752=VERTEX_POINT('',#1751);
#1753=CARTESIAN_POINT('',(212.947564079,111.725510707,415.457613508));
#1754=DIRECTION('',(0.,-0.,-1.));
#1755=DIRECTION('',(0.,1.,-0.));
#1756=AXIS2_PLACEMENT_3D('',#1753,#1754,#1755);
#1757=CIRCLE('',#1756,3.);
#1758=EDGE_CURVE('',#1744,#1752,#1757,.T.);
#1759=ORIENTED_EDGE('',*,*,#1758,.T.);
#1760=CARTESIAN_POINT('',(188.947564079,108.725510707,415.457613508));
#1761=VERTEX_POINT('',#1760);
#1762=CARTESIAN_POINT('',(188.947564079,108.725510707,415.457613508));
#1763=DIRECTION('',(1.,0.,-0.));
#1764=VECTOR('',#1763,24.);
#1765=LINE('',#1762,#1764);
#1766=EDGE_CURVE('',#1761,#1752,#1765,.T.);
#1767=ORIENTED_EDGE('',*,*,#1766,.F.);
#1768=CARTESIAN_POINT('',(188.947564079,111.725510707,415.457613508));
#1769=DIRECTION('',(0.,-0.,-1.));
#1770=DIRECTION('',(0.,1.,-0.));
#1771=AXIS2_PLACEMENT_3D('',#1768,#1769,#1770);
#1772=CIRCLE('',#1771,3.);
#1773=EDGE_CURVE('',#1761,#1710,#1772,.T.);
#1774=ORIENTED_EDGE('',*,*,#1773,.T.);
#1775=EDGE_LOOP('',(#1716,#1725,#1733,#1742,#1750,#1759,#1767,#1774));
#1776=FACE_BOUND('',#1775,.T.);
#1777=CARTESIAN_POINT('',(145.27863907,95.135438664,415.457613508));
#1778=VERTEX_POINT('',#1777);
#1779=CARTESIAN_POINT('',(146.87863907,93.535438664,415.457613508));
#1780=VERTEX_POINT('',#1779);
#1781=CARTESIAN_POINT('',(146.87863907,95.135438664,415.457613508));
#1782=DIRECTION('',(-0.,0.,1.));
#1783=DIRECTION('',(0.,1.,-0.));
#1784=AXIS2_PLACEMENT_3D('',#1781,#1782,#1783);
#1785=CIRCLE('',#1784,1.6);
#1786=EDGE_CURVE('NONE',#1778,#1780,#1785,.T.);
#1787=ORIENTED_EDGE('',*,*,#1786,.F.);
#1788=CARTESIAN_POINT('',(148.47863907,95.135438664,415.457613508));
#1789=VERTEX_POINT('',#1788);
#1790=CARTESIAN_POINT('',(146.87863907,95.135438664,415.457613508));
#1791=DIRECTION('',(-0.,0.,1.));
#1792=DIRECTION('',(0.,1.,-0.));
#1793=AXIS2_PLACEMENT_3D('',#1790,#1791,#1792);
#1794=CIRCLE('',#1793,1.6);
#1795=EDGE_CURVE('',#1789,#1778,#1794,.T.);
#1796=ORIENTED_EDGE('',*,*,#1795,.F.);
#1797=CARTESIAN_POINT('',(146.87863907,95.135438664,415.457613508));
#1798=DIRECTION('',(-0.,0.,1.));
#1799=DIRECTION('',(0.,1.,-0.));
#1800=AXIS2_PLACEMENT_3D('',#1797,#1798,#1799);
#1801=CIRCLE('',#1800,1.6);
#1802=EDGE_CURVE('',#1780,#1789,#1801,.T.);
#1803=ORIENTED_EDGE('',*,*,#1802,.F.);
#1804=EDGE_LOOP('',(#1787,#1796,#1803));
#1805=FACE_BOUND('',#1804,.T.);
#1806=CARTESIAN_POINT('',(245.52136093,164.235438664,415.457613508));
#1807=VERTEX_POINT('',#1806);
#1808=CARTESIAN_POINT('',(242.92136093,161.635438664,415.457613508));
#1809=VERTEX_POINT('',#1808);
#1810=CARTESIAN_POINT('',(242.92136093,164.235438664,415.457613508));
#1811=DIRECTION('',(0.,-0.,-1.));
#1812=DIRECTION('',(0.,1.,-0.));
#1813=AXIS2_PLACEMENT_3D('',#1810,#1811,#1812);
#1814=CIRCLE('',#1813,2.6);
#1815=EDGE_CURVE('',#1807,#1809,#1814,.T.);
#1816=ORIENTED_EDGE('',*,*,#1815,.T.);
#1817=CARTESIAN_POINT('',(240.32136093,164.235438664,415.457613508));
#1818=VERTEX_POINT('',#1817);
#1819=CARTESIAN_POINT('',(242.92136093,164.235438664,415.457613508));
#1820=DIRECTION('',(0.,-0.,-1.));
#1821=DIRECTION('',(0.,1.,-0.));
#1822=AXIS2_PLACEMENT_3D('',#1819,#1820,#1821);
#1823=CIRCLE('',#1822,2.6);
#1824=EDGE_CURVE('',#1809,#1818,#1823,.T.);
#1825=ORIENTED_EDGE('',*,*,#1824,.T.);
#1826=CARTESIAN_POINT('',(242.92136093,164.235438664,415.457613508));
#1827=DIRECTION('',(0.,-0.,-1.));
#1828=DIRECTION('',(0.,1.,-0.));
#1829=AXIS2_PLACEMENT_3D('',#1826,#1827,#1828);
#1830=CIRCLE('',#1829,2.6);
#1831=EDGE_CURVE('',#1818,#1807,#1830,.T.);
#1832=ORIENTED_EDGE('',*,*,#1831,.T.);
#1833=EDGE_LOOP('',(#1816,#1825,#1832));
#1834=FACE_BOUND('',#1833,.T.);
#1835=CARTESIAN_POINT('',(24.335917209,140.135438664,415.457613508));
#1836=VERTEX_POINT('',#1835);
#1837=CARTESIAN_POINT('',(26.935917209,137.535438664,415.457613508));
#1838=VERTEX_POINT('',#1837);
#1839=CARTESIAN_POINT('',(26.935917209,140.135438664,415.457613508));
#1840=DIRECTION('',(-0.,0.,1.));
#1841=DIRECTION('',(0.,1.,-0.));
#1842=AXIS2_PLACEMENT_3D('',#1839,#1840,#1841);
#1843=CIRCLE('',#1842,2.6);
#1844=EDGE_CURVE('',#1836,#1838,#1843,.T.);
#1845=ORIENTED_EDGE('',*,*,#1844,.F.);
#1846=CARTESIAN_POINT('',(29.535917209,140.135438664,415.457613508));
#1847=VERTEX_POINT('',#1846);
#1848=CARTESIAN_POINT('',(26.935917209,140.135438664,415.457613508));
#1849=DIRECTION('',(-0.,0.,1.));
#1850=DIRECTION('',(0.,1.,-0.));
#1851=AXIS2_PLACEMENT_3D('',#1848,#1849,#1850);
#1852=CIRCLE('',#1851,2.6);
#1853=EDGE_CURVE('',#1847,#1836,#1852,.T.);
#1854=ORIENTED_EDGE('',*,*,#1853,.F.);
#1855=CARTESIAN_POINT('',(26.935917209,140.135438664,415.457613508));
#1856=DIRECTION('',(-0.,0.,1.));
#1857=DIRECTION('',(0.,1.,-0.));
#1858=AXIS2_PLACEMENT_3D('',#1855,#1856,#1857);
#1859=CIRCLE('',#1858,2.6);
#1860=EDGE_CURVE('',#1838,#1847,#1859,.T.);
#1861=ORIENTED_EDGE('',*,*,#1860,.F.);
#1862=EDGE_LOOP('',(#1845,#1854,#1861));
#1863=FACE_BOUND('',#1862,.T.);
#1864=CARTESIAN_POINT('',(24.135917209,188.135438664,415.457613508));
#1865=VERTEX_POINT('',#1864);
#1866=CARTESIAN_POINT('',(26.735917209,185.535438664,415.457613508));
#1867=VERTEX_POINT('',#1866);
#1868=CARTESIAN_POINT('',(26.735917209,188.135438664,415.457613508));
#1869=DIRECTION('',(-0.,0.,1.));
#1870=DIRECTION('',(0.,1.,-0.));
#1871=AXIS2_PLACEMENT_3D('',#1868,#1869,#1870);
#1872=CIRCLE('',#1871,2.6);
#1873=EDGE_CURVE('',#1865,#1867,#1872,.T.);
#1874=ORIENTED_EDGE('',*,*,#1873,.F.);
#1875=CARTESIAN_POINT('',(29.335917209,188.135438664,415.457613508));
#1876=VERTEX_POINT('',#1875);
#1877=CARTESIAN_POINT('',(26.735917209,188.135438664,415.457613508));
#1878=DIRECTION('',(-0.,0.,1.));
#1879=DIRECTION('',(0.,1.,-0.));
#1880=AXIS2_PLACEMENT_3D('',#1877,#1878,#1879);
#1881=CIRCLE('',#1880,2.6);
#1882=EDGE_CURVE('',#1876,#1865,#1881,.T.);
#1883=ORIENTED_EDGE('',*,*,#1882,.F.);
#1884=CARTESIAN_POINT('',(26.735917209,188.135438664,415.457613508));
#1885=DIRECTION('',(-0.,0.,1.));
#1886=DIRECTION('',(0.,1.,-0.));
#1887=AXIS2_PLACEMENT_3D('',#1884,#1885,#1886);
#1888=CIRCLE('',#1887,2.6);
#1889=EDGE_CURVE('',#1867,#1876,#1888,.T.);
#1890=ORIENTED_EDGE('',*,*,#1889,.F.);
#1891=EDGE_LOOP('',(#1874,#1883,#1890));
#1892=FACE_BOUND('',#1891,.T.);
#1893=CARTESIAN_POINT('',(48.235917209,164.235438664,415.457613508));
#1894=VERTEX_POINT('',#1893);
#1895=CARTESIAN_POINT('',(50.835917209,161.635438664,415.457613508));
#1896=VERTEX_POINT('',#1895);
#1897=CARTESIAN_POINT('',(50.835917209,164.235438664,415.457613508));
#1898=DIRECTION('',(-0.,0.,1.));
#1899=DIRECTION('',(0.,1.,-0.));
#1900=AXIS2_PLACEMENT_3D('',#1897,#1898,#1899);
#1901=CIRCLE('',#1900,2.6);
#1902=EDGE_CURVE('',#1894,#1896,#1901,.T.);
#1903=ORIENTED_EDGE('',*,*,#1902,.F.);
#1904=CARTESIAN_POINT('',(53.435917209,164.235438664,415.457613508));
#1905=VERTEX_POINT('',#1904);
#1906=CARTESIAN_POINT('',(50.835917209,164.235438664,415.457613508));
#1907=DIRECTION('',(-0.,0.,1.));
#1908=DIRECTION('',(0.,1.,-0.));
#1909=AXIS2_PLACEMENT_3D('',#1906,#1907,#1908);
#1910=CIRCLE('',#1909,2.6);
#1911=EDGE_CURVE('',#1905,#1894,#1910,.T.);
#1912=ORIENTED_EDGE('',*,*,#1911,.F.);
#1913=CARTESIAN_POINT('',(50.835917209,164.235438664,415.457613508));
#1914=DIRECTION('',(-0.,0.,1.));
#1915=DIRECTION('',(0.,1.,-0.));
#1916=AXIS2_PLACEMENT_3D('',#1913,#1914,#1915);
#1917=CIRCLE('',#1916,2.6);
#1918=EDGE_CURVE('',#1896,#1905,#1917,.T.);
#1919=ORIENTED_EDGE('',*,*,#1918,.F.);
#1920=EDGE_LOOP('',(#1903,#1912,#1919));
#1921=FACE_BOUND('',#1920,.T.);
#1922=CARTESIAN_POINT('',(-0.764082791,134.135438664,415.457613508));
#1923=VERTEX_POINT('',#1922);
#1924=CARTESIAN_POINT('',(1.835917209,131.535438664,415.457613508));
#1925=VERTEX_POINT('',#1924);
#1926=CARTESIAN_POINT('',(1.835917209,134.135438664,415.457613508));
#1927=DIRECTION('',(-0.,0.,1.));
#1928=DIRECTION('',(0.,1.,-0.));
#1929=AXIS2_PLACEMENT_3D('',#1926,#1927,#1928);
#1930=CIRCLE('',#1929,2.6);
#1931=EDGE_CURVE('',#1923,#1925,#1930,.T.);
#1932=ORIENTED_EDGE('',*,*,#1931,.F.);
#1933=CARTESIAN_POINT('',(4.435917209,134.135438664,415.457613508));
#1934=VERTEX_POINT('',#1933);
#1935=CARTESIAN_POINT('',(1.835917209,134.135438664,415.457613508));
#1936=DIRECTION('',(-0.,0.,1.));
#1937=DIRECTION('',(0.,1.,-0.));
#1938=AXIS2_PLACEMENT_3D('',#1935,#1936,#1937);
#1939=CIRCLE('',#1938,2.6);
#1940=EDGE_CURVE('',#1934,#1923,#1939,.T.);
#1941=ORIENTED_EDGE('',*,*,#1940,.F.);
#1942=CARTESIAN_POINT('',(1.835917209,134.135438664,415.457613508));
#1943=DIRECTION('',(-0.,0.,1.));
#1944=DIRECTION('',(0.,1.,-0.));
#1945=AXIS2_PLACEMENT_3D('',#1942,#1943,#1944);
#1946=CIRCLE('',#1945,2.6);
#1947=EDGE_CURVE('',#1925,#1934,#1946,.T.);
#1948=ORIENTED_EDGE('',*,*,#1947,.F.);
#1949=EDGE_LOOP('',(#1932,#1941,#1948));
#1950=FACE_BOUND('',#1949,.T.);
#1951=CARTESIAN_POINT('',(24.735917209,164.135438664,415.457613508));
#1952=VERTEX_POINT('',#1951);
#1953=CARTESIAN_POINT('',(26.835917209,162.035438664,415.457613508));
#1954=VERTEX_POINT('',#1953);
#1955=CARTESIAN_POINT('',(26.835917209,164.135438664,415.457613508));
#1956=DIRECTION('',(-0.,0.,1.));
#1957=DIRECTION('',(0.,1.,-0.));
#1958=AXIS2_PLACEMENT_3D('',#1955,#1956,#1957);
#1959=CIRCLE('',#1958,2.1);
#1960=EDGE_CURVE('',#1952,#1954,#1959,.T.);
#1961=ORIENTED_EDGE('',*,*,#1960,.F.);
#1962=CARTESIAN_POINT('',(28.935917209,164.135438664,415.457613508));
#1963=VERTEX_POINT('',#1962);
#1964=CARTESIAN_POINT('',(26.835917209,164.135438664,415.457613508));
#1965=DIRECTION('',(-0.,0.,1.));
#1966=DIRECTION('',(0.,1.,-0.));
#1967=AXIS2_PLACEMENT_3D('',#1964,#1965,#1966);
#1968=CIRCLE('',#1967,2.1);
#1969=EDGE_CURVE('',#1963,#1952,#1968,.T.);
#1970=ORIENTED_EDGE('',*,*,#1969,.F.);
#1971=CARTESIAN_POINT('',(26.835917209,164.135438664,415.457613508));
#1972=DIRECTION('',(-0.,0.,1.));
#1973=DIRECTION('',(0.,1.,-0.));
#1974=AXIS2_PLACEMENT_3D('',#1971,#1972,#1973);
#1975=CIRCLE('',#1974,2.1);
#1976=EDGE_CURVE('',#1954,#1963,#1975,.T.);
#1977=ORIENTED_EDGE('',*,*,#1976,.F.);
#1978=EDGE_LOOP('',(#1961,#1970,#1977));
#1979=FACE_BOUND('',#1978,.T.);
#1980=CARTESIAN_POINT('',(49.235917209,134.135438664,415.457613508));
#1981=VERTEX_POINT('',#1980);
#1982=CARTESIAN_POINT('',(51.835917209,131.535438664,415.457613508));
#1983=VERTEX_POINT('',#1982);
#1984=CARTESIAN_POINT('',(51.835917209,134.135438664,415.457613508));
#1985=DIRECTION('',(-0.,0.,1.));
#1986=DIRECTION('',(0.,1.,-0.));
#1987=AXIS2_PLACEMENT_3D('',#1984,#1985,#1986);
#1988=CIRCLE('',#1987,2.6);
#1989=EDGE_CURVE('',#1981,#1983,#1988,.T.);
#1990=ORIENTED_EDGE('',*,*,#1989,.F.);
#1991=CARTESIAN_POINT('',(54.435917209,134.135438664,415.457613508));
#1992=VERTEX_POINT('',#1991);
#1993=CARTESIAN_POINT('',(51.835917209,134.135438664,415.457613508));
#1994=DIRECTION('',(-0.,0.,1.));
#1995=DIRECTION('',(0.,1.,-0.));
#1996=AXIS2_PLACEMENT_3D('',#1993,#1994,#1995);
#1997=CIRCLE('',#1996,2.6);
#1998=EDGE_CURVE('',#1992,#1981,#1997,.T.);
#1999=ORIENTED_EDGE('',*,*,#1998,.F.);
#2000=CARTESIAN_POINT('',(51.835917209,134.135438664,415.457613508));
#2001=DIRECTION('',(-0.,0.,1.));
#2002=DIRECTION('',(0.,1.,-0.));
#2003=AXIS2_PLACEMENT_3D('',#2000,#2001,#2002);
#2004=CIRCLE('',#2003,2.6);
#2005=EDGE_CURVE('',#1983,#1992,#2004,.T.);
#2006=ORIENTED_EDGE('',*,*,#2005,.F.);
#2007=EDGE_LOOP('',(#1990,#1999,#2006));
#2008=FACE_BOUND('',#2007,.T.);
#2009=CARTESIAN_POINT('',(-0.764082791,194.135438664,415.457613508));
#2010=VERTEX_POINT('',#2009);
#2011=CARTESIAN_POINT('',(1.835917209,191.535438664,415.457613508));
#2012=VERTEX_POINT('',#2011);
#2013=CARTESIAN_POINT('',(1.835917209,194.135438664,415.457613508));
#2014=DIRECTION('',(-0.,0.,1.));
#2015=DIRECTION('',(0.,1.,-0.));
#2016=AXIS2_PLACEMENT_3D('',#2013,#2014,#2015);
#2017=CIRCLE('',#2016,2.6);
#2018=EDGE_CURVE('',#2010,#2012,#2017,.T.);
#2019=ORIENTED_EDGE('',*,*,#2018,.F.);
#2020=CARTESIAN_POINT('',(4.435917209,194.135438664,415.457613508));
#2021=VERTEX_POINT('',#2020);
#2022=CARTESIAN_POINT('',(1.835917209,194.135438664,415.457613508));
#2023=DIRECTION('',(-0.,0.,1.));
#2024=DIRECTION('',(0.,1.,-0.));
#2025=AXIS2_PLACEMENT_3D('',#2022,#2023,#2024);
#2026=CIRCLE('',#2025,2.6);
#2027=EDGE_CURVE('',#2021,#2010,#2026,.T.);
#2028=ORIENTED_EDGE('',*,*,#2027,.F.);
#2029=CARTESIAN_POINT('',(1.835917209,194.135438664,415.457613508));
#2030=DIRECTION('',(-0.,0.,1.));
#2031=DIRECTION('',(0.,1.,-0.));
#2032=AXIS2_PLACEMENT_3D('',#2029,#2030,#2031);
#2033=CIRCLE('',#2032,2.6);
#2034=EDGE_CURVE('',#2012,#2021,#2033,.T.);
#2035=ORIENTED_EDGE('',*,*,#2034,.F.);
#2036=EDGE_LOOP('',(#2019,#2028,#2035));
#2037=FACE_BOUND('',#2036,.T.);
#2038=CARTESIAN_POINT('',(51.835917209,196.635438664,415.457613508));
#2039=VERTEX_POINT('',#2038);
#2040=CARTESIAN_POINT('',(51.835917209,191.635438664,415.457613508));
#2041=VERTEX_POINT('',#2040);
#2042=CARTESIAN_POINT('',(51.835917209,194.135438664,415.457613508));
#2043=DIRECTION('',(0.,-0.,-1.));
#2044=DIRECTION('',(0.,1.,-0.));
#2045=AXIS2_PLACEMENT_3D('',#2042,#2043,#2044);
#2046=CIRCLE('',#2045,2.5);
#2047=EDGE_CURVE('',#2039,#2041,#2046,.T.);
#2048=ORIENTED_EDGE('',*,*,#2047,.T.);
#2049=CARTESIAN_POINT('',(51.835917209,194.135438664,415.457613508));
#2050=DIRECTION('',(0.,-0.,-1.));
#2051=DIRECTION('',(0.,1.,-0.));
#2052=AXIS2_PLACEMENT_3D('',#2049,#2050,#2051);
#2053=CIRCLE('',#2052,2.5);
#2054=EDGE_CURVE('',#2041,#2039,#2053,.T.);
#2055=ORIENTED_EDGE('',*,*,#2054,.T.);
#2056=EDGE_LOOP('',(#2048,#2055));
#2057=FACE_BOUND('',#2056,.T.);
#2058=CARTESIAN_POINT('',(146.87863907,149.135438664,415.457613508));
#2059=VERTEX_POINT('',#2058);
#2060=CARTESIAN_POINT('',(146.87863907,144.135438664,415.457613508));
#2061=DIRECTION('',(0.,-0.,-1.));
#2062=DIRECTION('',(0.,1.,-0.));
#2063=AXIS2_PLACEMENT_3D('',#2060,#2061,#2062);
#2064=CIRCLE('',#2063,5.);
#2065=EDGE_CURVE('',#2059,#2059,#2064,.T.);
#2066=ORIENTED_EDGE('',*,*,#2065,.T.);
#2067=EDGE_LOOP('',(#2066));
#2068=FACE_BOUND('',#2067,.T.);
#2069=CARTESIAN_POINT('',(194.341299508,252.956944835,415.457613508));
#2070=VERTEX_POINT('',#2069);
#2071=CARTESIAN_POINT('',(196.341299508,250.956944835,415.457613508));
#2072=VERTEX_POINT('',#2071);
#2073=CARTESIAN_POINT('',(194.341299508,250.956944835,415.457613508));
#2074=DIRECTION('',(0.,-0.,-1.));
#2075=DIRECTION('',(0.,1.,-0.));
#2076=AXIS2_PLACEMENT_3D('',#2073,#2074,#2075);
#2077=CIRCLE('',#2076,2.);
#2078=EDGE_CURVE('',#2070,#2072,#2077,.T.);
#2079=ORIENTED_EDGE('',*,*,#2078,.T.);
#2080=CARTESIAN_POINT('',(196.341299508,187.851167417,415.457613508));
#2081=VERTEX_POINT('',#2080);
#2082=CARTESIAN_POINT('',(196.341299508,187.851167417,415.457613508));
#2083=DIRECTION('',(0.,1.,-0.));
#2084=VECTOR('',#2083,63.105777418);
#2085=LINE('',#2082,#2084);
#2086=EDGE_CURVE('',#2081,#2072,#2085,.T.);
#2087=ORIENTED_EDGE('',*,*,#2086,.F.);
#2088=CARTESIAN_POINT('',(194.341299508,185.851167417,415.457613508));
#2089=VERTEX_POINT('',#2088);
#2090=CARTESIAN_POINT('',(194.341299508,187.851167417,415.457613508));
#2091=DIRECTION('',(0.,-0.,-1.));
#2092=DIRECTION('',(0.,1.,-0.));
#2093=AXIS2_PLACEMENT_3D('',#2090,#2091,#2092);
#2094=CIRCLE('',#2093,2.);
#2095=EDGE_CURVE('',#2081,#2089,#2094,.T.);
#2096=ORIENTED_EDGE('',*,*,#2095,.T.);
#2097=CARTESIAN_POINT('',(189.415978631,185.851167417,415.457613508));
#2098=VERTEX_POINT('',#2097);
#2099=CARTESIAN_POINT('',(189.415978631,185.851167417,415.457613508));
#2100=DIRECTION('',(1.,0.,-0.));
#2101=VECTOR('',#2100,4.925320877);
#2102=LINE('',#2099,#2101);
#2103=EDGE_CURVE('',#2098,#2089,#2102,.T.);
#2104=ORIENTED_EDGE('',*,*,#2103,.F.);
#2105=CARTESIAN_POINT('',(187.415978631,187.851167417,415.457613508));
#2106=VERTEX_POINT('',#2105);
#2107=CARTESIAN_POINT('',(189.415978631,187.851167417,415.457613508));
#2108=DIRECTION('',(0.,-0.,-1.));
#2109=DIRECTION('',(0.,1.,-0.));
#2110=AXIS2_PLACEMENT_3D('',#2107,#2108,#2109);
#2111=CIRCLE('',#2110,2.);
#2112=EDGE_CURVE('',#2098,#2106,#2111,.T.);
#2113=ORIENTED_EDGE('',*,*,#2112,.T.);
#2114=CARTESIAN_POINT('',(187.415978631,250.956944835,415.457613508));
#2115=VERTEX_POINT('',#2114);
#2116=CARTESIAN_POINT('',(187.415978631,250.956944835,415.457613508));
#2117=DIRECTION('',(0.,-1.,0.));
#2118=VECTOR('',#2117,63.105777418);
#2119=LINE('',#2116,#2118);
#2120=EDGE_CURVE('',#2115,#2106,#2119,.T.);
#2121=ORIENTED_EDGE('',*,*,#2120,.F.);
#2122=CARTESIAN_POINT('',(189.415978631,252.956944835,415.457613508));
#2123=VERTEX_POINT('',#2122);
#2124=CARTESIAN_POINT('',(189.415978631,250.956944835,415.457613508));
#2125=DIRECTION('',(0.,-0.,-1.));
#2126=DIRECTION('',(0.,1.,-0.));
#2127=AXIS2_PLACEMENT_3D('',#2124,#2125,#2126);
#2128=CIRCLE('',#2127,2.);
#2129=EDGE_CURVE('',#2115,#2123,#2128,.T.);
#2130=ORIENTED_EDGE('',*,*,#2129,.T.);
#2131=CARTESIAN_POINT('',(194.341299508,252.956944835,415.457613508));
#2132=DIRECTION('',(-1.,0.,0.));
#2133=VECTOR('',#2132,4.925320877);
#2134=LINE('',#2131,#2133);
#2135=EDGE_CURVE('',#2070,#2123,#2134,.T.);
#2136=ORIENTED_EDGE('',*,*,#2135,.F.);
#2137=EDGE_LOOP('',(#2079,#2087,#2096,#2104,#2113,#2121,#2130,#2136));
#2138=FACE_BOUND('',#2137,.T.);
#2139=CARTESIAN_POINT('',(26.801277007,221.332759806,415.457613508));
#2140=VERTEX_POINT('',#2139);
#2141=CARTESIAN_POINT('',(13.970565697,208.565570184,415.457613508));
#2142=VERTEX_POINT('',#2141);
#2143=CARTESIAN_POINT('',(26.801277007,221.332759806,415.457613508));
#2144=DIRECTION('',(-0.708859298,-0.70534991,0.));
#2145=VECTOR('',#2144,18.100505063);
#2146=LINE('',#2143,#2145);
#2147=EDGE_CURVE('',#2140,#2142,#2146,.T.);
#2148=ORIENTED_EDGE('',*,*,#2147,.T.);
#2149=CARTESIAN_POINT('',(4.095666954,204.489600354,415.457613508));
#2150=VERTEX_POINT('',#2149);
#2151=CARTESIAN_POINT('',(4.095666954,218.489600354,415.457613508));
#2152=DIRECTION('',(0.,-0.,-1.));
#2153=DIRECTION('',(0.,1.,-0.));
#2154=AXIS2_PLACEMENT_3D('',#2151,#2152,#2153);
#2155=CIRCLE('',#2154,14.);
#2156=EDGE_CURVE('',#2142,#2150,#2155,.T.);
#2157=ORIENTED_EDGE('',*,*,#2156,.T.);
#2158=CARTESIAN_POINT('',(4.060925789,204.489643459,415.457613508));
#2159=VERTEX_POINT('',#2158);
#2160=CARTESIAN_POINT('',(4.095666954,218.489600354,415.457613508));
#2161=DIRECTION('',(0.,-0.,-1.));
#2162=DIRECTION('',(0.,1.,-0.));
#2163=AXIS2_PLACEMENT_3D('',#2160,#2161,#2162);
#2164=CIRCLE('',#2163,14.);
#2165=EDGE_CURVE('',#2150,#2159,#2164,.T.);
#2166=ORIENTED_EDGE('',*,*,#2165,.T.);
#2167=CARTESIAN_POINT('',(-2.675184882,204.506359248,415.457613508));
#2168=VERTEX_POINT('',#2167);
#2169=CARTESIAN_POINT('',(4.060925789,204.489643459,415.457613508));
#2170=DIRECTION('',(-0.999996921,0.002481512,-0.));
#2171=VECTOR('',#2170,6.736131412);
#2172=LINE('',#2169,#2171);
#2173=EDGE_CURVE('',#2159,#2168,#2172,.T.);
#2174=ORIENTED_EDGE('',*,*,#2173,.T.);
#2175=CARTESIAN_POINT('',(-2.7,204.506390038,415.457613508));
#2176=VERTEX_POINT('',#2175);
#2177=CARTESIAN_POINT('',(-2.7,194.506390038,415.457613508));
#2178=DIRECTION('',(-0.,0.,1.));
#2179=DIRECTION('',(0.,1.,-0.));
#2180=AXIS2_PLACEMENT_3D('',#2177,#2178,#2179);
#2181=CIRCLE('',#2180,10.);
#2182=EDGE_CURVE('',#2168,#2176,#2181,.T.);
#2183=ORIENTED_EDGE('',*,*,#2182,.T.);
#2184=CARTESIAN_POINT('',(-2.7,194.506390038,415.457613508));
#2185=DIRECTION('',(-0.,0.,1.));
#2186=DIRECTION('',(0.,1.,-0.));
#2187=AXIS2_PLACEMENT_3D('',#2184,#2185,#2186);
#2188=CIRCLE('',#2187,10.);
#2189=EDGE_CURVE('',#2176,#516,#2188,.T.);
#2190=ORIENTED_EDGE('',*,*,#2189,.T.);
#2191=ORIENTED_EDGE('',*,*,#521,.F.);
#2192=CARTESIAN_POINT('',(-12.700021861,90.135438664,415.457613508));
#2193=VERTEX_POINT('',#2192);
#2194=CARTESIAN_POINT('',(-12.700021861,139.337613508,415.457613508));
#2195=DIRECTION('',(0.,-1.,0.));
#2196=VECTOR('',#2195,49.202174843);
#2197=LINE('',#2194,#2196);
#2198=EDGE_CURVE('',#514,#2193,#2197,.T.);
#2199=ORIENTED_EDGE('',*,*,#2198,.T.);
#2200=CARTESIAN_POINT('',(306.457278139,90.135438664,415.457613508));
#2201=DIRECTION('',(-1.,0.,0.));
#2202=VECTOR('',#2201,319.1573);
#2203=LINE('',#2200,#2202);
#2204=EDGE_CURVE('',#572,#2193,#2203,.T.);
#2205=ORIENTED_EDGE('',*,*,#2204,.F.);
#2206=ORIENTED_EDGE('',*,*,#577,.T.);
#2207=CARTESIAN_POINT('',(296.457278139,204.135438664,415.457613508));
#2208=VERTEX_POINT('',#2207);
#2209=CARTESIAN_POINT('',(296.457278139,194.135438664,415.457613508));
#2210=DIRECTION('',(-0.,0.,1.));
#2211=DIRECTION('',(0.,1.,-0.));
#2212=AXIS2_PLACEMENT_3D('',#2209,#2210,#2211);
#2213=CIRCLE('',#2212,10.);
#2214=EDGE_CURVE('',#564,#2208,#2213,.T.);
#2215=ORIENTED_EDGE('',*,*,#2214,.T.);
#2216=CARTESIAN_POINT('',(289.535493319,204.135438664,415.457613508));
#2217=VERTEX_POINT('',#2216);
#2218=CARTESIAN_POINT('',(296.457278139,204.135438664,415.457613508));
#2219=DIRECTION('',(-1.,0.,0.));
#2220=VECTOR('',#2219,6.92178482);
#2221=LINE('',#2218,#2220);
#2222=EDGE_CURVE('',#2208,#2217,#2221,.T.);
#2223=ORIENTED_EDGE('',*,*,#2222,.T.);
#2224=CARTESIAN_POINT('',(279.635998382,208.235943728,415.457613508));
#2225=VERTEX_POINT('',#2224);
#2226=CARTESIAN_POINT('',(289.535493319,218.135438664,415.457613508));
#2227=DIRECTION('',(0.,-0.,-1.));
#2228=DIRECTION('',(0.,1.,-0.));
#2229=AXIS2_PLACEMENT_3D('',#2226,#2227,#2228);
#2230=CIRCLE('',#2229,14.);
#2231=EDGE_CURVE('',#2217,#2225,#2230,.T.);
#2232=ORIENTED_EDGE('',*,*,#2231,.T.);
#2233=CARTESIAN_POINT('',(266.837008509,221.034933601,415.457613508));
#2234=VERTEX_POINT('',#2233);
#2235=CARTESIAN_POINT('',(279.635998382,208.235943728,415.457613508));
#2236=DIRECTION('',(-0.707106781,0.707106781,-0.));
#2237=VECTOR('',#2236,18.100505063);
#2238=LINE('',#2235,#2237);
#2239=EDGE_CURVE('',#2225,#2234,#2238,.T.);
#2240=ORIENTED_EDGE('',*,*,#2239,.T.);
#2241=CARTESIAN_POINT('',(262.736503446,230.934428538,415.457613508));
#2242=VERTEX_POINT('',#2241);
#2243=CARTESIAN_POINT('',(276.736503446,230.934428538,415.457613508));
#2244=DIRECTION('',(0.,-0.,-1.));
#2245=DIRECTION('',(0.,1.,-0.));
#2246=AXIS2_PLACEMENT_3D('',#2243,#2244,#2245);
#2247=CIRCLE('',#2246,14.);
#2248=EDGE_CURVE('',#2234,#2242,#2247,.T.);
#2249=ORIENTED_EDGE('',*,*,#2248,.T.);
#2250=CARTESIAN_POINT('',(262.736503446,258.135438664,415.457613508));
#2251=VERTEX_POINT('',#2250);
#2252=CARTESIAN_POINT('',(262.736503446,230.934428538,415.457613508));
#2253=DIRECTION('',(0.,1.,-0.));
#2254=VECTOR('',#2253,27.201010127);
#2255=LINE('',#2252,#2254);
#2256=EDGE_CURVE('',#2242,#2251,#2255,.T.);
#2257=ORIENTED_EDGE('',*,*,#2256,.T.);
#2258=CARTESIAN_POINT('',(246.736503446,274.135438664,415.457613508));
#2259=VERTEX_POINT('',#2258);
#2260=CARTESIAN_POINT('',(246.736503446,258.135438664,415.457613508));
#2261=DIRECTION('',(-0.,0.,1.));
#2262=DIRECTION('',(0.,1.,-0.));
#2263=AXIS2_PLACEMENT_3D('',#2260,#2261,#2262);
#2264=CIRCLE('',#2263,16.);
#2265=EDGE_CURVE('',#2251,#2259,#2264,.T.);
#2266=ORIENTED_EDGE('',*,*,#2265,.T.);
#2267=CARTESIAN_POINT('',(233.535493319,274.135438664,415.457613508));
#2268=VERTEX_POINT('',#2267);
#2269=CARTESIAN_POINT('',(246.736503446,274.135438664,415.457613508));
#2270=DIRECTION('',(-1.,0.,-0.));
#2271=VECTOR('',#2270,13.201010127);
#2272=LINE('',#2269,#2271);
#2273=EDGE_CURVE('',#2259,#2268,#2272,.T.);
#2274=ORIENTED_EDGE('',*,*,#2273,.T.);
#2275=CARTESIAN_POINT('',(230.707066194,272.963865789,415.457613508));
#2276=VERTEX_POINT('',#2275);
#2277=CARTESIAN_POINT('',(233.535493319,270.135438664,415.457613508));
#2278=DIRECTION('',(-0.,0.,1.));
#2279=DIRECTION('',(0.,1.,-0.));
#2280=AXIS2_PLACEMENT_3D('',#2277,#2278,#2279);
#2281=CIRCLE('',#2280,4.);
#2282=EDGE_CURVE('',#2268,#2276,#2281,.T.);
#2283=ORIENTED_EDGE('',*,*,#2282,.T.);
#2284=CARTESIAN_POINT('',(228.050211945,270.30701154,415.457613508));
#2285=VERTEX_POINT('',#2284);
#2286=CARTESIAN_POINT('',(230.707066194,272.963865789,415.457613508));
#2287=DIRECTION('',(-0.707106781,-0.707106781,0.));
#2288=VECTOR('',#2287,3.757359313);
#2289=LINE('',#2286,#2288);
#2290=EDGE_CURVE('',#2276,#2285,#2289,.T.);
#2291=ORIENTED_EDGE('',*,*,#2290,.T.);
#2292=CARTESIAN_POINT('',(225.22178482,269.135438664,415.457613508));
#2293=VERTEX_POINT('',#2292);
#2294=CARTESIAN_POINT('',(225.22178482,273.135438664,415.457613508));
#2295=DIRECTION('',(0.,-0.,-1.));
#2296=DIRECTION('',(0.,1.,-0.));
#2297=AXIS2_PLACEMENT_3D('',#2294,#2295,#2296);
#2298=CIRCLE('',#2297,4.);
#2299=EDGE_CURVE('',#2285,#2293,#2298,.T.);
#2300=ORIENTED_EDGE('',*,*,#2299,.T.);
#2301=CARTESIAN_POINT('',(68.535493319,269.135438664,415.457613508));
#2302=VERTEX_POINT('',#2301);
#2303=CARTESIAN_POINT('',(225.22178482,269.135438664,415.457613508));
#2304=DIRECTION('',(-1.,0.,0.));
#2305=VECTOR('',#2304,156.686291501);
#2306=LINE('',#2303,#2305);
#2307=EDGE_CURVE('',#2293,#2302,#2306,.T.);
#2308=ORIENTED_EDGE('',*,*,#2307,.T.);
#2309=CARTESIAN_POINT('',(65.707066194,270.30701154,415.457613508));
#2310=VERTEX_POINT('',#2309);
#2311=CARTESIAN_POINT('',(68.535493319,273.135438664,415.457613508));
#2312=DIRECTION('',(0.,-0.,-1.));
#2313=DIRECTION('',(0.,1.,-0.));
#2314=AXIS2_PLACEMENT_3D('',#2311,#2312,#2313);
#2315=CIRCLE('',#2314,4.);
#2316=EDGE_CURVE('',#2302,#2310,#2315,.T.);
#2317=ORIENTED_EDGE('',*,*,#2316,.T.);
#2318=CARTESIAN_POINT('',(63.050211945,272.963865789,415.457613508));
#2319=VERTEX_POINT('',#2318);
#2320=CARTESIAN_POINT('',(63.050211945,272.963865789,415.457613508));
#2321=DIRECTION('',(0.707106781,-0.707106781,0.));
#2322=VECTOR('',#2321,3.757359313);
#2323=LINE('',#2320,#2322);
#2324=EDGE_CURVE('',#2319,#2310,#2323,.T.);
#2325=ORIENTED_EDGE('',*,*,#2324,.F.);
#2326=CARTESIAN_POINT('',(60.22178482,270.135438664,415.457613508));
#2327=DIRECTION('',(-0.,0.,1.));
#2328=DIRECTION('',(0.,1.,-0.));
#2329=AXIS2_PLACEMENT_3D('',#2326,#2327,#2328);
#2330=CIRCLE('',#2329,4.);
#2331=EDGE_CURVE('',#2319,#492,#2330,.T.);
#2332=ORIENTED_EDGE('',*,*,#2331,.T.);
#2333=ORIENTED_EDGE('',*,*,#497,.T.);
#2334=CARTESIAN_POINT('',(30.993219784,258.175142853,415.457613508));
#2335=VERTEX_POINT('',#2334);
#2336=CARTESIAN_POINT('',(46.993170521,258.135438664,415.457613508));
#2337=DIRECTION('',(-0.,0.,1.));
#2338=DIRECTION('',(0.,1.,-0.));
#2339=AXIS2_PLACEMENT_3D('',#2336,#2337,#2338);
#2340=CIRCLE('',#2339,16.);
#2341=EDGE_CURVE('',#484,#2335,#2340,.T.);
#2342=ORIENTED_EDGE('',*,*,#2341,.T.);
#2343=CARTESIAN_POINT('',(30.926335158,231.222048811,415.457613508));
#2344=VERTEX_POINT('',#2343);
#2345=CARTESIAN_POINT('',(30.993219784,258.175142853,415.457613508));
#2346=DIRECTION('',(-0.002481512,-0.999996921,0.));
#2347=VECTOR('',#2346,26.95317703);
#2348=LINE('',#2345,#2347);
#2349=EDGE_CURVE('',#2335,#2344,#2348,.T.);
#2350=ORIENTED_EDGE('',*,*,#2349,.T.);
#2351=CARTESIAN_POINT('',(16.926378264,231.256789975,415.457613508));
#2352=DIRECTION('',(0.,-0.,-1.));
#2353=DIRECTION('',(0.,1.,-0.));
#2354=AXIS2_PLACEMENT_3D('',#2351,#2352,#2353);
#2355=CIRCLE('',#2354,14.);
#2356=EDGE_CURVE('',#2344,#2140,#2355,.T.);
#2357=ORIENTED_EDGE('',*,*,#2356,.T.);
#2358=EDGE_LOOP('',(#2148,#2157,#2166,#2174,#2183,#2190,#2191,#2199,#2205,#2206,#2215,#2223,#2232,#2240,#2249,#2257,#2266,#2274,#2283,#2291,#2300,#2308,#2317,#2325,#2332,#2333,
#2342,#2350,#2357));
#2359=FACE_BOUND('',#2358,.T.);
#2360=ADVANCED_FACE('',(#596,#600,#611,#622,#633,#644,#655,#659,#663,#667,#671,#675,#695,#715,#735,#755,#775,#786,#797,#817,#837,#866,#895,#924,#953,#982,
#1011,#1040,#1060,#1080,#1100,#1120,#1140,#1160,#1230,#1259,#1288,#1317,#1346,#1375,#1404,#1433,#1462,#1491,#1520,#1549,#1578,#1607,#1636,#1706,#1776,
#1805,#1834,#1863,#1892,#1921,#1950,#1979,#2008,#2037,#2057,#2068,#2138,#2359),#592,.F.);
#2361=CARTESIAN_POINT('',(262.736503446,-75.864561336,410.457613508));
#2362=DIRECTION('',(0.,-0.,-1.));
#2363=DIRECTION('',(0.,1.,-0.));
#2364=AXIS2_PLACEMENT_3D('',#2361,#2362,#2363);
#2365=PLANE('',#2364);
#2366=ORIENTED_EDGE('',*,*,#150,.F.);
#2367=ORIENTED_EDGE('',*,*,#157,.F.);
#2368=EDGE_LOOP('',(#2366,#2367));
#2369=FACE_BOUND('',#2368,.T.);
#2370=ORIENTED_EDGE('',*,*,#201,.T.);
#2371=ORIENTED_EDGE('',*,*,#208,.T.);
#2372=EDGE_LOOP('',(#2370,#2371));
#2373=FACE_BOUND('',#2372,.T.);
#2374=CARTESIAN_POINT('',(208.87863907,232.035438664,410.457613508));
#2375=VERTEX_POINT('',#2374);
#2376=CARTESIAN_POINT('',(208.87863907,236.235438664,410.457613508));
#2377=VERTEX_POINT('',#2376);
#2378=CARTESIAN_POINT('',(208.87863907,234.135438664,410.457613508));
#2379=DIRECTION('',(0.,-0.,-1.));
#2380=DIRECTION('',(0.,1.,-0.));
#2381=AXIS2_PLACEMENT_3D('',#2378,#2379,#2380);
#2382=CIRCLE('',#2381,2.1);
#2383=EDGE_CURVE('',#2375,#2377,#2382,.T.);
#2384=ORIENTED_EDGE('',*,*,#2383,.F.);
#2385=CARTESIAN_POINT('',(208.87863907,234.135438664,410.457613508));
#2386=DIRECTION('',(0.,-0.,-1.));
#2387=DIRECTION('',(0.,1.,-0.));
#2388=AXIS2_PLACEMENT_3D('',#2385,#2386,#2387);
#2389=CIRCLE('',#2388,2.1);
#2390=EDGE_CURVE('',#2377,#2375,#2389,.T.);
#2391=ORIENTED_EDGE('',*,*,#2390,.F.);
#2392=EDGE_LOOP('',(#2384,#2391));
#2393=FACE_BOUND('',#2392,.T.);
#2394=CARTESIAN_POINT('',(177.87863907,232.035438664,410.457613508));
#2395=VERTEX_POINT('',#2394);
#2396=CARTESIAN_POINT('',(177.87863907,236.235438664,410.457613508));
#2397=VERTEX_POINT('',#2396);
#2398=CARTESIAN_POINT('',(177.87863907,234.135438664,410.457613508));
#2399=DIRECTION('',(0.,-0.,-1.));
#2400=DIRECTION('',(0.,1.,-0.));
#2401=AXIS2_PLACEMENT_3D('',#2398,#2399,#2400);
#2402=CIRCLE('',#2401,2.1);
#2403=EDGE_CURVE('',#2395,#2397,#2402,.T.);
#2404=ORIENTED_EDGE('',*,*,#2403,.F.);
#2405=CARTESIAN_POINT('',(177.87863907,234.135438664,410.457613508));
#2406=DIRECTION('',(0.,-0.,-1.));
#2407=DIRECTION('',(0.,1.,-0.));
#2408=AXIS2_PLACEMENT_3D('',#2405,#2406,#2407);
#2409=CIRCLE('',#2408,2.1);
#2410=EDGE_CURVE('',#2397,#2395,#2409,.T.);
#2411=ORIENTED_EDGE('',*,*,#2410,.F.);
#2412=EDGE_LOOP('',(#2404,#2411));
#2413=FACE_BOUND('',#2412,.T.);
#2414=CARTESIAN_POINT('',(146.87863907,232.035438664,410.457613508));
#2415=VERTEX_POINT('',#2414);
#2416=CARTESIAN_POINT('',(146.87863907,236.235438664,410.457613508));
#2417=VERTEX_POINT('',#2416);
#2418=CARTESIAN_POINT('',(146.87863907,234.135438664,410.457613508));
#2419=DIRECTION('',(0.,-0.,-1.));
#2420=DIRECTION('',(0.,1.,-0.));
#2421=AXIS2_PLACEMENT_3D('',#2418,#2419,#2420);
#2422=CIRCLE('',#2421,2.1);
#2423=EDGE_CURVE('',#2415,#2417,#2422,.T.);
#2424=ORIENTED_EDGE('',*,*,#2423,.F.);
#2425=CARTESIAN_POINT('',(146.87863907,234.135438664,410.457613508));
#2426=DIRECTION('',(0.,-0.,-1.));
#2427=DIRECTION('',(0.,1.,-0.));
#2428=AXIS2_PLACEMENT_3D('',#2425,#2426,#2427);
#2429=CIRCLE('',#2428,2.1);
#2430=EDGE_CURVE('',#2417,#2415,#2429,.T.);
#2431=ORIENTED_EDGE('',*,*,#2430,.F.);
#2432=EDGE_LOOP('',(#2424,#2431));
#2433=FACE_BOUND('',#2432,.T.);
#2434=CARTESIAN_POINT('',(116.87863907,232.035438664,410.457613508));
#2435=VERTEX_POINT('',#2434);
#2436=CARTESIAN_POINT('',(116.87863907,236.235438664,410.457613508));
#2437=VERTEX_POINT('',#2436);
#2438=CARTESIAN_POINT('',(116.87863907,234.135438664,410.457613508));
#2439=DIRECTION('',(0.,-0.,-1.));
#2440=DIRECTION('',(0.,1.,-0.));
#2441=AXIS2_PLACEMENT_3D('',#2438,#2439,#2440);
#2442=CIRCLE('',#2441,2.1);
#2443=EDGE_CURVE('',#2435,#2437,#2442,.T.);
#2444=ORIENTED_EDGE('',*,*,#2443,.F.);
#2445=CARTESIAN_POINT('',(116.87863907,234.135438664,410.457613508));
#2446=DIRECTION('',(0.,-0.,-1.));
#2447=DIRECTION('',(0.,1.,-0.));
#2448=AXIS2_PLACEMENT_3D('',#2445,#2446,#2447);
#2449=CIRCLE('',#2448,2.1);
#2450=EDGE_CURVE('',#2437,#2435,#2449,.T.);
#2451=ORIENTED_EDGE('',*,*,#2450,.F.);
#2452=EDGE_LOOP('',(#2444,#2451));
#2453=FACE_BOUND('',#2452,.T.);
#2454=CARTESIAN_POINT('',(86.87863907,232.035438664,410.457613508));
#2455=VERTEX_POINT('',#2454);
#2456=CARTESIAN_POINT('',(86.87863907,236.235438664,410.457613508));
#2457=VERTEX_POINT('',#2456);
#2458=CARTESIAN_POINT('',(86.87863907,234.135438664,410.457613508));
#2459=DIRECTION('',(0.,-0.,-1.));
#2460=DIRECTION('',(0.,1.,-0.));
#2461=AXIS2_PLACEMENT_3D('',#2458,#2459,#2460);
#2462=CIRCLE('',#2461,2.1);
#2463=EDGE_CURVE('',#2455,#2457,#2462,.T.);
#2464=ORIENTED_EDGE('',*,*,#2463,.F.);
#2465=CARTESIAN_POINT('',(86.87863907,234.135438664,410.457613508));
#2466=DIRECTION('',(0.,-0.,-1.));
#2467=DIRECTION('',(0.,1.,-0.));
#2468=AXIS2_PLACEMENT_3D('',#2465,#2466,#2467);
#2469=CIRCLE('',#2468,2.1);
#2470=EDGE_CURVE('',#2457,#2455,#2469,.T.);
#2471=ORIENTED_EDGE('',*,*,#2470,.F.);
#2472=EDGE_LOOP('',(#2464,#2471));
#2473=FACE_BOUND('',#2472,.T.);
#2474=ORIENTED_EDGE('',*,*,#252,.T.);
#2475=ORIENTED_EDGE('',*,*,#259,.T.);
#2476=EDGE_LOOP('',(#2474,#2475));
#2477=FACE_BOUND('',#2476,.T.);
#2478=ORIENTED_EDGE('',*,*,#303,.T.);
#2479=ORIENTED_EDGE('',*,*,#310,.T.);
#2480=EDGE_LOOP('',(#2478,#2479));
#2481=FACE_BOUND('',#2480,.T.);
#2482=ORIENTED_EDGE('',*,*,#354,.T.);
#2483=ORIENTED_EDGE('',*,*,#361,.T.);
#2484=EDGE_LOOP('',(#2482,#2483));
#2485=FACE_BOUND('',#2484,.T.);
#2486=ORIENTED_EDGE('',*,*,#405,.T.);
#2487=ORIENTED_EDGE('',*,*,#412,.T.);
#2488=EDGE_LOOP('',(#2486,#2487));
#2489=FACE_BOUND('',#2488,.T.);
#2490=ORIENTED_EDGE('',*,*,#456,.T.);
#2491=ORIENTED_EDGE('',*,*,#463,.T.);
#2492=EDGE_LOOP('',(#2490,#2491));
#2493=FACE_BOUND('',#2492,.T.);
#2494=CARTESIAN_POINT('',(248.378633604,239.535438664,410.457613508));
#2495=VERTEX_POINT('',#2494);
#2496=CARTESIAN_POINT('',(248.378633604,243.735438664,410.457613508));
#2497=VERTEX_POINT('',#2496);
#2498=CARTESIAN_POINT('',(248.378633604,241.635438664,410.457613508));
#2499=DIRECTION('',(0.,-0.,-1.));
#2500=DIRECTION('',(0.,1.,-0.));
#2501=AXIS2_PLACEMENT_3D('',#2498,#2499,#2500);
#2502=CIRCLE('',#2501,2.1);
#2503=EDGE_CURVE('',#2495,#2497,#2502,.T.);
#2504=ORIENTED_EDGE('',*,*,#2503,.F.);
#2505=CARTESIAN_POINT('',(248.378633604,241.635438664,410.457613508));
#2506=DIRECTION('',(0.,-0.,-1.));
#2507=DIRECTION('',(0.,1.,-0.));
#2508=AXIS2_PLACEMENT_3D('',#2505,#2506,#2507);
#2509=CIRCLE('',#2508,2.1);
#2510=EDGE_CURVE('',#2497,#2495,#2509,.T.);
#2511=ORIENTED_EDGE('',*,*,#2510,.F.);
#2512=EDGE_LOOP('',(#2504,#2511));
#2513=FACE_BOUND('',#2512,.T.);
#2514=CARTESIAN_POINT('',(248.378633604,215.535438664,410.457613508));
#2515=VERTEX_POINT('',#2514);
#2516=CARTESIAN_POINT('',(248.378633604,219.735438664,410.457613508));
#2517=VERTEX_POINT('',#2516);
#2518=CARTESIAN_POINT('',(248.378633604,217.635438664,410.457613508));
#2519=DIRECTION('',(0.,-0.,-1.));
#2520=DIRECTION('',(0.,1.,-0.));
#2521=AXIS2_PLACEMENT_3D('',#2518,#2519,#2520);
#2522=CIRCLE('',#2521,2.1);
#2523=EDGE_CURVE('',#2515,#2517,#2522,.T.);
#2524=ORIENTED_EDGE('',*,*,#2523,.F.);
#2525=CARTESIAN_POINT('',(248.378633604,217.635438664,410.457613508));
#2526=DIRECTION('',(0.,-0.,-1.));
#2527=DIRECTION('',(0.,1.,-0.));
#2528=AXIS2_PLACEMENT_3D('',#2525,#2526,#2527);
#2529=CIRCLE('',#2528,2.1);
#2530=EDGE_CURVE('',#2517,#2515,#2529,.T.);
#2531=ORIENTED_EDGE('',*,*,#2530,.F.);
#2532=EDGE_LOOP('',(#2524,#2531));
#2533=FACE_BOUND('',#2532,.T.);
#2534=CARTESIAN_POINT('',(248.378633604,263.535438664,410.457613508));
#2535=VERTEX_POINT('',#2534);
#2536=CARTESIAN_POINT('',(248.378633604,267.735438664,410.457613508));
#2537=VERTEX_POINT('',#2536);
#2538=CARTESIAN_POINT('',(248.378633604,265.635438664,410.457613508));
#2539=DIRECTION('',(0.,-0.,-1.));
#2540=DIRECTION('',(0.,1.,-0.));
#2541=AXIS2_PLACEMENT_3D('',#2538,#2539,#2540);
#2542=CIRCLE('',#2541,2.1);
#2543=EDGE_CURVE('',#2535,#2537,#2542,.T.);
#2544=ORIENTED_EDGE('',*,*,#2543,.F.);
#2545=CARTESIAN_POINT('',(248.378633604,265.635438664,410.457613508));
#2546=DIRECTION('',(0.,-0.,-1.));
#2547=DIRECTION('',(0.,1.,-0.));
#2548=AXIS2_PLACEMENT_3D('',#2545,#2546,#2547);
#2549=CIRCLE('',#2548,2.1);
#2550=EDGE_CURVE('',#2537,#2535,#2549,.T.);
#2551=ORIENTED_EDGE('',*,*,#2550,.F.);
#2552=EDGE_LOOP('',(#2544,#2551));
#2553=FACE_BOUND('',#2552,.T.);
#2554=CARTESIAN_POINT('',(248.378633604,114.535438664,410.457613508));
#2555=VERTEX_POINT('',#2554);
#2556=CARTESIAN_POINT('',(248.378633604,118.735438664,410.457613508));
#2557=VERTEX_POINT('',#2556);
#2558=CARTESIAN_POINT('',(248.378633604,116.635438664,410.457613508));
#2559=DIRECTION('',(0.,-0.,-1.));
#2560=DIRECTION('',(0.,1.,-0.));
#2561=AXIS2_PLACEMENT_3D('',#2558,#2559,#2560);
#2562=CIRCLE('',#2561,2.1);
#2563=EDGE_CURVE('',#2555,#2557,#2562,.T.);
#2564=ORIENTED_EDGE('',*,*,#2563,.F.);
#2565=CARTESIAN_POINT('',(248.378633604,116.635438664,410.457613508));
#2566=DIRECTION('',(0.,-0.,-1.));
#2567=DIRECTION('',(0.,1.,-0.));
#2568=AXIS2_PLACEMENT_3D('',#2565,#2566,#2567);
#2569=CIRCLE('',#2568,2.1);
#2570=EDGE_CURVE('',#2557,#2555,#2569,.T.);
#2571=ORIENTED_EDGE('',*,*,#2570,.F.);
#2572=EDGE_LOOP('',(#2564,#2571));
#2573=FACE_BOUND('',#2572,.T.);
#2574=CARTESIAN_POINT('',(191.378633604,95.535438664,410.457613508));
#2575=VERTEX_POINT('',#2574);
#2576=CARTESIAN_POINT('',(191.378633604,99.735438664,410.457613508));
#2577=VERTEX_POINT('',#2576);
#2578=CARTESIAN_POINT('',(191.378633604,97.635438664,410.457613508));
#2579=DIRECTION('',(0.,-0.,-1.));
#2580=DIRECTION('',(0.,1.,-0.));
#2581=AXIS2_PLACEMENT_3D('',#2578,#2579,#2580);
#2582=CIRCLE('',#2581,2.1);
#2583=EDGE_CURVE('',#2575,#2577,#2582,.T.);
#2584=ORIENTED_EDGE('',*,*,#2583,.F.);
#2585=CARTESIAN_POINT('',(191.378633604,97.635438664,410.457613508));
#2586=DIRECTION('',(0.,-0.,-1.));
#2587=DIRECTION('',(0.,1.,-0.));
#2588=AXIS2_PLACEMENT_3D('',#2585,#2586,#2587);
#2589=CIRCLE('',#2588,2.1);
#2590=EDGE_CURVE('',#2577,#2575,#2589,.T.);
#2591=ORIENTED_EDGE('',*,*,#2590,.F.);
#2592=EDGE_LOOP('',(#2584,#2591));
#2593=FACE_BOUND('',#2592,.T.);
#2594=ORIENTED_EDGE('',*,*,#537,.T.);
#2595=CARTESIAN_POINT('',(-2.7,204.506390038,410.457613508));
#2596=VERTEX_POINT('',#2595);
#2597=CARTESIAN_POINT('',(-2.7,194.506390038,410.457613508));
#2598=DIRECTION('',(0.,-0.,-1.));
#2599=DIRECTION('',(0.,1.,-0.));
#2600=AXIS2_PLACEMENT_3D('',#2597,#2598,#2599);
#2601=CIRCLE('',#2600,10.);
#2602=EDGE_CURVE('',#524,#2596,#2601,.T.);
#2603=ORIENTED_EDGE('',*,*,#2602,.T.);
#2604=CARTESIAN_POINT('',(-2.675184882,204.506359248,410.457613508));
#2605=VERTEX_POINT('',#2604);
#2606=CARTESIAN_POINT('',(-2.7,194.506390038,410.457613508));
#2607=DIRECTION('',(0.,-0.,-1.));
#2608=DIRECTION('',(0.,1.,-0.));
#2609=AXIS2_PLACEMENT_3D('',#2606,#2607,#2608);
#2610=CIRCLE('',#2609,10.);
#2611=EDGE_CURVE('',#2596,#2605,#2610,.T.);
#2612=ORIENTED_EDGE('',*,*,#2611,.T.);
#2613=CARTESIAN_POINT('',(4.060925789,204.489643459,410.457613508));
#2614=VERTEX_POINT('',#2613);
#2615=CARTESIAN_POINT('',(4.060925789,204.489643459,410.457613508));
#2616=DIRECTION('',(-0.999996921,0.002481512,-0.));
#2617=VECTOR('',#2616,6.736131412);
#2618=LINE('',#2615,#2617);
#2619=EDGE_CURVE('',#2614,#2605,#2618,.T.);
#2620=ORIENTED_EDGE('',*,*,#2619,.F.);
#2621=CARTESIAN_POINT('',(4.095666954,204.489600354,410.457613508));
#2622=VERTEX_POINT('',#2621);
#2623=CARTESIAN_POINT('',(4.095666954,218.489600354,410.457613508));
#2624=DIRECTION('',(-0.,0.,1.));
#2625=DIRECTION('',(0.,1.,-0.));
#2626=AXIS2_PLACEMENT_3D('',#2623,#2624,#2625);
#2627=CIRCLE('',#2626,14.);
#2628=EDGE_CURVE('',#2614,#2622,#2627,.T.);
#2629=ORIENTED_EDGE('',*,*,#2628,.T.);
#2630=CARTESIAN_POINT('',(13.970565697,208.565570184,410.457613508));
#2631=VERTEX_POINT('',#2630);
#2632=CARTESIAN_POINT('',(4.095666954,218.489600354,410.457613508));
#2633=DIRECTION('',(-0.,0.,1.));
#2634=DIRECTION('',(0.,1.,-0.));
#2635=AXIS2_PLACEMENT_3D('',#2632,#2633,#2634);
#2636=CIRCLE('',#2635,14.);
#2637=EDGE_CURVE('',#2622,#2631,#2636,.T.);
#2638=ORIENTED_EDGE('',*,*,#2637,.T.);
#2639=CARTESIAN_POINT('',(26.801277007,221.332759806,410.457613508));
#2640=VERTEX_POINT('',#2639);
#2641=CARTESIAN_POINT('',(13.970565697,208.565570184,410.457613508));
#2642=DIRECTION('',(0.708859298,0.70534991,-0.));
#2643=VECTOR('',#2642,18.100505063);
#2644=LINE('',#2641,#2643);
#2645=EDGE_CURVE('',#2631,#2640,#2644,.T.);
#2646=ORIENTED_EDGE('',*,*,#2645,.T.);
#2647=CARTESIAN_POINT('',(30.926335158,231.222048811,410.457613508));
#2648=VERTEX_POINT('',#2647);
#2649=CARTESIAN_POINT('',(16.926378264,231.256789975,410.457613508));
#2650=DIRECTION('',(-0.,0.,1.));
#2651=DIRECTION('',(0.,1.,-0.));
#2652=AXIS2_PLACEMENT_3D('',#2649,#2650,#2651);
#2653=CIRCLE('',#2652,14.);
#2654=EDGE_CURVE('',#2640,#2648,#2653,.T.);
#2655=ORIENTED_EDGE('',*,*,#2654,.T.);
#2656=CARTESIAN_POINT('',(30.993219784,258.175142853,410.457613508));
#2657=VERTEX_POINT('',#2656);
#2658=CARTESIAN_POINT('',(30.993219784,258.175142853,410.457613508));
#2659=DIRECTION('',(-0.002481512,-0.999996921,0.));
#2660=VECTOR('',#2659,26.95317703);
#2661=LINE('',#2658,#2660);
#2662=EDGE_CURVE('',#2657,#2648,#2661,.T.);
#2663=ORIENTED_EDGE('',*,*,#2662,.F.);
#2664=CARTESIAN_POINT('',(46.993170521,258.135438664,410.457613508));
#2665=DIRECTION('',(0.,-0.,-1.));
#2666=DIRECTION('',(0.,1.,-0.));
#2667=AXIS2_PLACEMENT_3D('',#2664,#2665,#2666);
#2668=CIRCLE('',#2667,16.);
#2669=EDGE_CURVE('',#2657,#476,#2668,.T.);
#2670=ORIENTED_EDGE('',*,*,#2669,.T.);
#2671=ORIENTED_EDGE('',*,*,#481,.F.);
#2672=CARTESIAN_POINT('',(63.050211945,272.963865789,410.457613508));
#2673=VERTEX_POINT('',#2672);
#2674=CARTESIAN_POINT('',(60.22178482,270.135438664,410.457613508));
#2675=DIRECTION('',(0.,-0.,-1.));
#2676=DIRECTION('',(0.,1.,-0.));
#2677=AXIS2_PLACEMENT_3D('',#2674,#2675,#2676);
#2678=CIRCLE('',#2677,4.);
#2679=EDGE_CURVE('',#474,#2673,#2678,.T.);
#2680=ORIENTED_EDGE('',*,*,#2679,.T.);
#2681=CARTESIAN_POINT('',(65.707066194,270.30701154,410.457613508));
#2682=VERTEX_POINT('',#2681);
#2683=CARTESIAN_POINT('',(65.707066194,270.30701154,410.457613508));
#2684=DIRECTION('',(-0.707106781,0.707106781,-0.));
#2685=VECTOR('',#2684,3.757359313);
#2686=LINE('',#2683,#2685);
#2687=EDGE_CURVE('',#2682,#2673,#2686,.T.);
#2688=ORIENTED_EDGE('',*,*,#2687,.F.);
#2689=CARTESIAN_POINT('',(68.535493319,269.135438664,410.457613508));
#2690=VERTEX_POINT('',#2689);
#2691=CARTESIAN_POINT('',(68.535493319,273.135438664,410.457613508));
#2692=DIRECTION('',(-0.,0.,1.));
#2693=DIRECTION('',(0.,1.,-0.));
#2694=AXIS2_PLACEMENT_3D('',#2691,#2692,#2693);
#2695=CIRCLE('',#2694,4.);
#2696=EDGE_CURVE('',#2682,#2690,#2695,.T.);
#2697=ORIENTED_EDGE('',*,*,#2696,.T.);
#2698=CARTESIAN_POINT('',(225.22178482,269.135438664,410.457613508));
#2699=VERTEX_POINT('',#2698);
#2700=CARTESIAN_POINT('',(68.535493319,269.135438664,410.457613508));
#2701=DIRECTION('',(1.,0.,-0.));
#2702=VECTOR('',#2701,156.686291501);
#2703=LINE('',#2700,#2702);
#2704=EDGE_CURVE('',#2690,#2699,#2703,.T.);
#2705=ORIENTED_EDGE('',*,*,#2704,.T.);
#2706=CARTESIAN_POINT('',(228.050211945,270.30701154,410.457613508));
#2707=VERTEX_POINT('',#2706);
#2708=CARTESIAN_POINT('',(225.22178482,273.135438664,410.457613508));
#2709=DIRECTION('',(-0.,0.,1.));
#2710=DIRECTION('',(0.,1.,-0.));
#2711=AXIS2_PLACEMENT_3D('',#2708,#2709,#2710);
#2712=CIRCLE('',#2711,4.);
#2713=EDGE_CURVE('',#2699,#2707,#2712,.T.);
#2714=ORIENTED_EDGE('',*,*,#2713,.T.);
#2715=CARTESIAN_POINT('',(230.707066194,272.963865789,410.457613508));
#2716=VERTEX_POINT('',#2715);
#2717=CARTESIAN_POINT('',(228.050211945,270.30701154,410.457613508));
#2718=DIRECTION('',(0.707106781,0.707106781,-0.));
#2719=VECTOR('',#2718,3.757359313);
#2720=LINE('',#2717,#2719);
#2721=EDGE_CURVE('',#2707,#2716,#2720,.T.);
#2722=ORIENTED_EDGE('',*,*,#2721,.T.);
#2723=CARTESIAN_POINT('',(233.535493319,274.135438664,410.457613508));
#2724=VERTEX_POINT('',#2723);
#2725=CARTESIAN_POINT('',(233.535493319,270.135438664,410.457613508));
#2726=DIRECTION('',(0.,-0.,-1.));
#2727=DIRECTION('',(0.,1.,-0.));
#2728=AXIS2_PLACEMENT_3D('',#2725,#2726,#2727);
#2729=CIRCLE('',#2728,4.);
#2730=EDGE_CURVE('',#2716,#2724,#2729,.T.);
#2731=ORIENTED_EDGE('',*,*,#2730,.T.);
#2732=CARTESIAN_POINT('',(246.736503446,274.135438664,410.457613508));
#2733=VERTEX_POINT('',#2732);
#2734=CARTESIAN_POINT('',(246.736503446,274.135438664,410.457613508));
#2735=DIRECTION('',(-1.,0.,-0.));
#2736=VECTOR('',#2735,13.201010127);
#2737=LINE('',#2734,#2736);
#2738=EDGE_CURVE('',#2733,#2724,#2737,.T.);
#2739=ORIENTED_EDGE('',*,*,#2738,.F.);
#2740=CARTESIAN_POINT('',(262.736503446,258.135438664,410.457613508));
#2741=VERTEX_POINT('',#2740);
#2742=CARTESIAN_POINT('',(246.736503446,258.135438664,410.457613508));
#2743=DIRECTION('',(0.,-0.,-1.));
#2744=DIRECTION('',(0.,1.,-0.));
#2745=AXIS2_PLACEMENT_3D('',#2742,#2743,#2744);
#2746=CIRCLE('',#2745,16.);
#2747=EDGE_CURVE('',#2733,#2741,#2746,.T.);
#2748=ORIENTED_EDGE('',*,*,#2747,.T.);
#2749=CARTESIAN_POINT('',(262.736503446,230.934428538,410.457613508));
#2750=VERTEX_POINT('',#2749);
#2751=CARTESIAN_POINT('',(262.736503446,230.934428538,410.457613508));
#2752=DIRECTION('',(0.,1.,-0.));
#2753=VECTOR('',#2752,27.201010127);
#2754=LINE('',#2751,#2753);
#2755=EDGE_CURVE('',#2750,#2741,#2754,.T.);
#2756=ORIENTED_EDGE('',*,*,#2755,.F.);
#2757=CARTESIAN_POINT('',(266.837008509,221.034933601,410.457613508));
#2758=VERTEX_POINT('',#2757);
#2759=CARTESIAN_POINT('',(276.736503446,230.934428538,410.457613508));
#2760=DIRECTION('',(-0.,0.,1.));
#2761=DIRECTION('',(0.,1.,-0.));
#2762=AXIS2_PLACEMENT_3D('',#2759,#2760,#2761);
#2763=CIRCLE('',#2762,14.);
#2764=EDGE_CURVE('',#2750,#2758,#2763,.T.);
#2765=ORIENTED_EDGE('',*,*,#2764,.T.);
#2766=CARTESIAN_POINT('',(279.635998382,208.235943728,410.457613508));
#2767=VERTEX_POINT('',#2766);
#2768=CARTESIAN_POINT('',(266.837008509,221.034933601,410.457613508));
#2769=DIRECTION('',(0.707106781,-0.707106781,0.));
#2770=VECTOR('',#2769,18.100505063);
#2771=LINE('',#2768,#2770);
#2772=EDGE_CURVE('',#2758,#2767,#2771,.T.);
#2773=ORIENTED_EDGE('',*,*,#2772,.T.);
#2774=CARTESIAN_POINT('',(289.535493319,204.135438664,410.457613508));
#2775=VERTEX_POINT('',#2774);
#2776=CARTESIAN_POINT('',(289.535493319,218.135438664,410.457613508));
#2777=DIRECTION('',(-0.,0.,1.));
#2778=DIRECTION('',(0.,1.,-0.));
#2779=AXIS2_PLACEMENT_3D('',#2776,#2777,#2778);
#2780=CIRCLE('',#2779,14.);
#2781=EDGE_CURVE('',#2767,#2775,#2780,.T.);
#2782=ORIENTED_EDGE('',*,*,#2781,.T.);
#2783=CARTESIAN_POINT('',(296.457278139,204.135438664,410.457613508));
#2784=VERTEX_POINT('',#2783);
#2785=CARTESIAN_POINT('',(296.457278139,204.135438664,410.457613508));
#2786=DIRECTION('',(-1.,0.,0.));
#2787=VECTOR('',#2786,6.92178482);
#2788=LINE('',#2785,#2787);
#2789=EDGE_CURVE('',#2784,#2775,#2788,.T.);
#2790=ORIENTED_EDGE('',*,*,#2789,.F.);
#2791=CARTESIAN_POINT('',(296.457278139,194.135438664,410.457613508));
#2792=DIRECTION('',(0.,-0.,-1.));
#2793=DIRECTION('',(0.,1.,-0.));
#2794=AXIS2_PLACEMENT_3D('',#2791,#2792,#2793);
#2795=CIRCLE('',#2794,10.);
#2796=EDGE_CURVE('',#2784,#554,#2795,.T.);
#2797=ORIENTED_EDGE('',*,*,#2796,.T.);
#2798=ORIENTED_EDGE('',*,*,#561,.T.);
#2799=CARTESIAN_POINT('',(-12.700021861,90.135438664,410.457613508));
#2800=VERTEX_POINT('',#2799);
#2801=CARTESIAN_POINT('',(306.457278139,90.135438664,410.457613508));
#2802=DIRECTION('',(-1.,0.,0.));
#2803=VECTOR('',#2802,319.1573);
#2804=LINE('',#2801,#2803);
#2805=EDGE_CURVE('',#556,#2800,#2804,.T.);
#2806=ORIENTED_EDGE('',*,*,#2805,.T.);
#2807=CARTESIAN_POINT('',(-12.700021861,90.135438664,410.457613508));
#2808=DIRECTION('',(0.,1.,-0.));
#2809=VECTOR('',#2808,49.202174843);
#2810=LINE('',#2807,#2809);
#2811=EDGE_CURVE('',#2800,#532,#2810,.T.);
#2812=ORIENTED_EDGE('',*,*,#2811,.T.);
#2813=EDGE_LOOP('',(#2594,#2603,#2612,#2620,#2629,#2638,#2646,#2655,#2663,#2670,#2671,#2680,#2688,#2697,#2705,#2714,#2722,#2731,#2739,#2748,#2756,#2765,#2773,#2782,#2790,#2797,
#2798,#2806,#2812));
#2814=FACE_BOUND('',#2813,.T.);
#2815=CARTESIAN_POINT('',(269.42136093,140.135438664,410.457613508));
#2816=VERTEX_POINT('',#2815);
#2817=CARTESIAN_POINT('',(266.82136093,137.535438664,410.457613508));
#2818=VERTEX_POINT('',#2817);
#2819=CARTESIAN_POINT('',(266.82136093,140.135438664,410.457613508));
#2820=DIRECTION('',(0.,-0.,-1.));
#2821=DIRECTION('',(0.,1.,-0.));
#2822=AXIS2_PLACEMENT_3D('',#2819,#2820,#2821);
#2823=CIRCLE('',#2822,2.6);
#2824=EDGE_CURVE('',#2816,#2818,#2823,.T.);
#2825=ORIENTED_EDGE('',*,*,#2824,.F.);
#2826=CARTESIAN_POINT('',(264.22136093,140.135438664,410.457613508));
#2827=VERTEX_POINT('',#2826);
#2828=CARTESIAN_POINT('',(266.82136093,140.135438664,410.457613508));
#2829=DIRECTION('',(0.,-0.,-1.));
#2830=DIRECTION('',(0.,1.,-0.));
#2831=AXIS2_PLACEMENT_3D('',#2828,#2829,#2830);
#2832=CIRCLE('',#2831,2.6);
#2833=EDGE_CURVE('',#2827,#2816,#2832,.T.);
#2834=ORIENTED_EDGE('',*,*,#2833,.F.);
#2835=CARTESIAN_POINT('',(266.82136093,140.135438664,410.457613508));
#2836=DIRECTION('',(0.,-0.,-1.));
#2837=DIRECTION('',(0.,1.,-0.));
#2838=AXIS2_PLACEMENT_3D('',#2835,#2836,#2837);
#2839=CIRCLE('',#2838,2.6);
#2840=EDGE_CURVE('',#2818,#2827,#2839,.T.);
#2841=ORIENTED_EDGE('',*,*,#2840,.F.);
#2842=EDGE_LOOP('',(#2825,#2834,#2841));
#2843=FACE_BOUND('',#2842,.T.);
#2844=CARTESIAN_POINT('',(269.02136093,164.135438664,410.457613508));
#2845=VERTEX_POINT('',#2844);
#2846=CARTESIAN_POINT('',(266.92136093,162.035438664,410.457613508));
#2847=VERTEX_POINT('',#2846);
#2848=CARTESIAN_POINT('',(266.92136093,164.135438664,410.457613508));
#2849=DIRECTION('',(0.,-0.,-1.));
#2850=DIRECTION('',(0.,1.,-0.));
#2851=AXIS2_PLACEMENT_3D('',#2848,#2849,#2850);
#2852=CIRCLE('',#2851,2.1);
#2853=EDGE_CURVE('',#2845,#2847,#2852,.T.);
#2854=ORIENTED_EDGE('',*,*,#2853,.F.);
#2855=CARTESIAN_POINT('',(264.82136093,164.135438664,410.457613508));
#2856=VERTEX_POINT('',#2855);
#2857=CARTESIAN_POINT('',(266.92136093,164.135438664,410.457613508));
#2858=DIRECTION('',(0.,-0.,-1.));
#2859=DIRECTION('',(0.,1.,-0.));
#2860=AXIS2_PLACEMENT_3D('',#2857,#2858,#2859);
#2861=CIRCLE('',#2860,2.1);
#2862=EDGE_CURVE('',#2856,#2845,#2861,.T.);
#2863=ORIENTED_EDGE('',*,*,#2862,.F.);
#2864=CARTESIAN_POINT('',(266.92136093,164.135438664,410.457613508));
#2865=DIRECTION('',(0.,-0.,-1.));
#2866=DIRECTION('',(0.,1.,-0.));
#2867=AXIS2_PLACEMENT_3D('',#2864,#2865,#2866);
#2868=CIRCLE('',#2867,2.1);
#2869=EDGE_CURVE('',#2847,#2856,#2868,.T.);
#2870=ORIENTED_EDGE('',*,*,#2869,.F.);
#2871=EDGE_LOOP('',(#2854,#2863,#2870));
#2872=FACE_BOUND('',#2871,.T.);
#2873=CARTESIAN_POINT('',(244.52136093,194.135438664,410.457613508));
#2874=VERTEX_POINT('',#2873);
#2875=CARTESIAN_POINT('',(241.92136093,191.535438664,410.457613508));
#2876=VERTEX_POINT('',#2875);
#2877=CARTESIAN_POINT('',(241.92136093,194.135438664,410.457613508));
#2878=DIRECTION('',(0.,-0.,-1.));
#2879=DIRECTION('',(0.,1.,-0.));
#2880=AXIS2_PLACEMENT_3D('',#2877,#2878,#2879);
#2881=CIRCLE('',#2880,2.6);
#2882=EDGE_CURVE('',#2874,#2876,#2881,.T.);
#2883=ORIENTED_EDGE('',*,*,#2882,.F.);
#2884=CARTESIAN_POINT('',(239.32136093,194.135438664,410.457613508));
#2885=VERTEX_POINT('',#2884);
#2886=CARTESIAN_POINT('',(241.92136093,194.135438664,410.457613508));
#2887=DIRECTION('',(0.,-0.,-1.));
#2888=DIRECTION('',(0.,1.,-0.));
#2889=AXIS2_PLACEMENT_3D('',#2886,#2887,#2888);
#2890=CIRCLE('',#2889,2.6);
#2891=EDGE_CURVE('',#2885,#2874,#2890,.T.);
#2892=ORIENTED_EDGE('',*,*,#2891,.F.);
#2893=CARTESIAN_POINT('',(241.92136093,194.135438664,410.457613508));
#2894=DIRECTION('',(0.,-0.,-1.));
#2895=DIRECTION('',(0.,1.,-0.));
#2896=AXIS2_PLACEMENT_3D('',#2893,#2894,#2895);
#2897=CIRCLE('',#2896,2.6);
#2898=EDGE_CURVE('',#2876,#2885,#2897,.T.);
#2899=ORIENTED_EDGE('',*,*,#2898,.F.);
#2900=EDGE_LOOP('',(#2883,#2892,#2899));
#2901=FACE_BOUND('',#2900,.T.);
#2902=CARTESIAN_POINT('',(294.52136093,194.135438664,410.457613508));
#2903=VERTEX_POINT('',#2902);
#2904=CARTESIAN_POINT('',(291.92136093,191.535438664,410.457613508));
#2905=VERTEX_POINT('',#2904);
#2906=CARTESIAN_POINT('',(291.92136093,194.135438664,410.457613508));
#2907=DIRECTION('',(0.,-0.,-1.));
#2908=DIRECTION('',(0.,1.,-0.));
#2909=AXIS2_PLACEMENT_3D('',#2906,#2907,#2908);
#2910=CIRCLE('',#2909,2.6);
#2911=EDGE_CURVE('',#2903,#2905,#2910,.T.);
#2912=ORIENTED_EDGE('',*,*,#2911,.F.);
#2913=CARTESIAN_POINT('',(289.32136093,194.135438664,410.457613508));
#2914=VERTEX_POINT('',#2913);
#2915=CARTESIAN_POINT('',(291.92136093,194.135438664,410.457613508));
#2916=DIRECTION('',(0.,-0.,-1.));
#2917=DIRECTION('',(0.,1.,-0.));
#2918=AXIS2_PLACEMENT_3D('',#2915,#2916,#2917);
#2919=CIRCLE('',#2918,2.6);
#2920=EDGE_CURVE('',#2914,#2903,#2919,.T.);
#2921=ORIENTED_EDGE('',*,*,#2920,.F.);
#2922=CARTESIAN_POINT('',(291.92136093,194.135438664,410.457613508));
#2923=DIRECTION('',(0.,-0.,-1.));
#2924=DIRECTION('',(0.,1.,-0.));
#2925=AXIS2_PLACEMENT_3D('',#2922,#2923,#2924);
#2926=CIRCLE('',#2925,2.6);
#2927=EDGE_CURVE('',#2905,#2914,#2926,.T.);
#2928=ORIENTED_EDGE('',*,*,#2927,.F.);
#2929=EDGE_LOOP('',(#2912,#2921,#2928));
#2930=FACE_BOUND('',#2929,.T.);
#2931=CARTESIAN_POINT('',(244.52136093,134.135438664,410.457613508));
#2932=VERTEX_POINT('',#2931);
#2933=CARTESIAN_POINT('',(241.92136093,131.535438664,410.457613508));
#2934=VERTEX_POINT('',#2933);
#2935=CARTESIAN_POINT('',(241.92136093,134.135438664,410.457613508));
#2936=DIRECTION('',(0.,-0.,-1.));
#2937=DIRECTION('',(0.,1.,-0.));
#2938=AXIS2_PLACEMENT_3D('',#2935,#2936,#2937);
#2939=CIRCLE('',#2938,2.6);
#2940=EDGE_CURVE('',#2932,#2934,#2939,.T.);
#2941=ORIENTED_EDGE('',*,*,#2940,.F.);
#2942=CARTESIAN_POINT('',(239.32136093,134.135438664,410.457613508));
#2943=VERTEX_POINT('',#2942);
#2944=CARTESIAN_POINT('',(241.92136093,134.135438664,410.457613508));
#2945=DIRECTION('',(0.,-0.,-1.));
#2946=DIRECTION('',(0.,1.,-0.));
#2947=AXIS2_PLACEMENT_3D('',#2944,#2945,#2946);
#2948=CIRCLE('',#2947,2.6);
#2949=EDGE_CURVE('',#2943,#2932,#2948,.T.);
#2950=ORIENTED_EDGE('',*,*,#2949,.F.);
#2951=CARTESIAN_POINT('',(241.92136093,134.135438664,410.457613508));
#2952=DIRECTION('',(0.,-0.,-1.));
#2953=DIRECTION('',(0.,1.,-0.));
#2954=AXIS2_PLACEMENT_3D('',#2951,#2952,#2953);
#2955=CIRCLE('',#2954,2.6);
#2956=EDGE_CURVE('',#2934,#2943,#2955,.T.);
#2957=ORIENTED_EDGE('',*,*,#2956,.F.);
#2958=EDGE_LOOP('',(#2941,#2950,#2957));
#2959=FACE_BOUND('',#2958,.T.);
#2960=CARTESIAN_POINT('',(294.52136093,134.135438664,410.457613508));
#2961=VERTEX_POINT('',#2960);
#2962=CARTESIAN_POINT('',(291.92136093,131.535438664,410.457613508));
#2963=VERTEX_POINT('',#2962);
#2964=CARTESIAN_POINT('',(291.92136093,134.135438664,410.457613508));
#2965=DIRECTION('',(0.,-0.,-1.));
#2966=DIRECTION('',(0.,1.,-0.));
#2967=AXIS2_PLACEMENT_3D('',#2964,#2965,#2966);
#2968=CIRCLE('',#2967,2.6);
#2969=EDGE_CURVE('',#2961,#2963,#2968,.T.);
#2970=ORIENTED_EDGE('',*,*,#2969,.F.);
#2971=CARTESIAN_POINT('',(289.32136093,134.135438664,410.457613508));
#2972=VERTEX_POINT('',#2971);
#2973=CARTESIAN_POINT('',(291.92136093,134.135438664,410.457613508));
#2974=DIRECTION('',(0.,-0.,-1.));
#2975=DIRECTION('',(0.,1.,-0.));
#2976=AXIS2_PLACEMENT_3D('',#2973,#2974,#2975);
#2977=CIRCLE('',#2976,2.6);
#2978=EDGE_CURVE('',#2972,#2961,#2977,.T.);
#2979=ORIENTED_EDGE('',*,*,#2978,.F.);
#2980=CARTESIAN_POINT('',(291.92136093,134.135438664,410.457613508));
#2981=DIRECTION('',(0.,-0.,-1.));
#2982=DIRECTION('',(0.,1.,-0.));
#2983=AXIS2_PLACEMENT_3D('',#2980,#2981,#2982);
#2984=CIRCLE('',#2983,2.6);
#2985=EDGE_CURVE('',#2963,#2972,#2984,.T.);
#2986=ORIENTED_EDGE('',*,*,#2985,.F.);
#2987=EDGE_LOOP('',(#2970,#2979,#2986));
#2988=FACE_BOUND('',#2987,.T.);
#2989=CARTESIAN_POINT('',(269.62136093,188.135438664,410.457613508));
#2990=VERTEX_POINT('',#2989);
#2991=CARTESIAN_POINT('',(267.02136093,185.535438664,410.457613508));
#2992=VERTEX_POINT('',#2991);
#2993=CARTESIAN_POINT('',(267.02136093,188.135438664,410.457613508));
#2994=DIRECTION('',(0.,-0.,-1.));
#2995=DIRECTION('',(0.,1.,-0.));
#2996=AXIS2_PLACEMENT_3D('',#2993,#2994,#2995);
#2997=CIRCLE('',#2996,2.6);
#2998=EDGE_CURVE('',#2990,#2992,#2997,.T.);
#2999=ORIENTED_EDGE('',*,*,#2998,.F.);
#3000=CARTESIAN_POINT('',(264.42136093,188.135438664,410.457613508));
#3001=VERTEX_POINT('',#3000);
#3002=CARTESIAN_POINT('',(267.02136093,188.135438664,410.457613508));
#3003=DIRECTION('',(0.,-0.,-1.));
#3004=DIRECTION('',(0.,1.,-0.));
#3005=AXIS2_PLACEMENT_3D('',#3002,#3003,#3004);
#3006=CIRCLE('',#3005,2.6);
#3007=EDGE_CURVE('',#3001,#2990,#3006,.T.);
#3008=ORIENTED_EDGE('',*,*,#3007,.F.);
#3009=CARTESIAN_POINT('',(267.02136093,188.135438664,410.457613508));
#3010=DIRECTION('',(0.,-0.,-1.));
#3011=DIRECTION('',(0.,1.,-0.));
#3012=AXIS2_PLACEMENT_3D('',#3009,#3010,#3011);
#3013=CIRCLE('',#3012,2.6);
#3014=EDGE_CURVE('',#2992,#3001,#3013,.T.);
#3015=ORIENTED_EDGE('',*,*,#3014,.F.);
#3016=EDGE_LOOP('',(#2999,#3008,#3015));
#3017=FACE_BOUND('',#3016,.T.);
#3018=CARTESIAN_POINT('',(129.55,128.807613508,410.457613508));
#3019=VERTEX_POINT('',#3018);
#3020=CARTESIAN_POINT('',(132.95,128.807613508,410.457613508));
#3021=VERTEX_POINT('',#3020);
#3022=CARTESIAN_POINT('',(131.25,128.807613508,410.457613508));
#3023=DIRECTION('',(-0.,0.,1.));
#3024=DIRECTION('',(0.,1.,-0.));
#3025=AXIS2_PLACEMENT_3D('',#3022,#3023,#3024);
#3026=CIRCLE('',#3025,1.7);
#3027=EDGE_CURVE('',#3019,#3021,#3026,.T.);
#3028=ORIENTED_EDGE('',*,*,#3027,.T.);
#3029=CARTESIAN_POINT('',(131.25,128.807613508,410.457613508));
#3030=DIRECTION('',(-0.,0.,1.));
#3031=DIRECTION('',(0.,1.,-0.));
#3032=AXIS2_PLACEMENT_3D('',#3029,#3030,#3031);
#3033=CIRCLE('',#3032,1.7);
#3034=EDGE_CURVE('',#3021,#3019,#3033,.T.);
#3035=ORIENTED_EDGE('',*,*,#3034,.T.);
#3036=EDGE_LOOP('',(#3028,#3035));
#3037=FACE_BOUND('',#3036,.T.);
#3038=CARTESIAN_POINT('',(160.55,128.807613508,410.457613508));
#3039=VERTEX_POINT('',#3038);
#3040=CARTESIAN_POINT('',(163.95,128.807613508,410.457613508));
#3041=VERTEX_POINT('',#3040);
#3042=CARTESIAN_POINT('',(162.25,128.807613508,410.457613508));
#3043=DIRECTION('',(-0.,0.,1.));
#3044=DIRECTION('',(0.,1.,-0.));
#3045=AXIS2_PLACEMENT_3D('',#3042,#3043,#3044);
#3046=CIRCLE('',#3045,1.7);
#3047=EDGE_CURVE('',#3039,#3041,#3046,.T.);
#3048=ORIENTED_EDGE('',*,*,#3047,.T.);
#3049=CARTESIAN_POINT('',(162.25,128.807613508,410.457613508));
#3050=DIRECTION('',(-0.,0.,1.));
#3051=DIRECTION('',(0.,1.,-0.));
#3052=AXIS2_PLACEMENT_3D('',#3049,#3050,#3051);
#3053=CIRCLE('',#3052,1.7);
#3054=EDGE_CURVE('',#3041,#3039,#3053,.T.);
#3055=ORIENTED_EDGE('',*,*,#3054,.T.);
#3056=EDGE_LOOP('',(#3048,#3055));
#3057=FACE_BOUND('',#3056,.T.);
#3058=CARTESIAN_POINT('',(129.55,159.807613508,410.457613508));
#3059=VERTEX_POINT('',#3058);
#3060=CARTESIAN_POINT('',(132.95,159.807613508,410.457613508));
#3061=VERTEX_POINT('',#3060);
#3062=CARTESIAN_POINT('',(131.25,159.807613508,410.457613508));
#3063=DIRECTION('',(-0.,0.,1.));
#3064=DIRECTION('',(0.,1.,-0.));
#3065=AXIS2_PLACEMENT_3D('',#3062,#3063,#3064);
#3066=CIRCLE('',#3065,1.7);
#3067=EDGE_CURVE('',#3059,#3061,#3066,.T.);
#3068=ORIENTED_EDGE('',*,*,#3067,.T.);
#3069=CARTESIAN_POINT('',(131.25,159.807613508,410.457613508));
#3070=DIRECTION('',(-0.,0.,1.));
#3071=DIRECTION('',(0.,1.,-0.));
#3072=AXIS2_PLACEMENT_3D('',#3069,#3070,#3071);
#3073=CIRCLE('',#3072,1.7);
#3074=EDGE_CURVE('',#3061,#3059,#3073,.T.);
#3075=ORIENTED_EDGE('',*,*,#3074,.T.);
#3076=EDGE_LOOP('',(#3068,#3075));
#3077=FACE_BOUND('',#3076,.T.);
#3078=CARTESIAN_POINT('',(160.55,159.807613508,410.457613508));
#3079=VERTEX_POINT('',#3078);
#3080=CARTESIAN_POINT('',(163.95,159.807613508,410.457613508));
#3081=VERTEX_POINT('',#3080);
#3082=CARTESIAN_POINT('',(162.25,159.807613508,410.457613508));
#3083=DIRECTION('',(-0.,0.,1.));
#3084=DIRECTION('',(0.,1.,-0.));
#3085=AXIS2_PLACEMENT_3D('',#3082,#3083,#3084);
#3086=CIRCLE('',#3085,1.7);
#3087=EDGE_CURVE('',#3079,#3081,#3086,.T.);
#3088=ORIENTED_EDGE('',*,*,#3087,.T.);
#3089=CARTESIAN_POINT('',(162.25,159.807613508,410.457613508));
#3090=DIRECTION('',(-0.,0.,1.));
#3091=DIRECTION('',(0.,1.,-0.));
#3092=AXIS2_PLACEMENT_3D('',#3089,#3090,#3091);
#3093=CIRCLE('',#3092,1.7);
#3094=EDGE_CURVE('',#3081,#3079,#3093,.T.);
#3095=ORIENTED_EDGE('',*,*,#3094,.T.);
#3096=EDGE_LOOP('',(#3088,#3095));
#3097=FACE_BOUND('',#3096,.T.);
#3098=CARTESIAN_POINT('',(157.27863907,107.135438664,410.457613508));
#3099=VERTEX_POINT('',#3098);
#3100=CARTESIAN_POINT('',(160.47863907,107.135438664,410.457613508));
#3101=VERTEX_POINT('',#3100);
#3102=CARTESIAN_POINT('',(158.87863907,107.135438664,410.457613508));
#3103=DIRECTION('',(-0.,0.,1.));
#3104=DIRECTION('',(0.,1.,-0.));
#3105=AXIS2_PLACEMENT_3D('',#3102,#3103,#3104);
#3106=CIRCLE('',#3105,1.6);
#3107=EDGE_CURVE('NONE',#3099,#3101,#3106,.T.);
#3108=ORIENTED_EDGE('',*,*,#3107,.T.);
#3109=CARTESIAN_POINT('',(158.87863907,107.135438664,410.457613508));
#3110=DIRECTION('',(-0.,0.,1.));
#3111=DIRECTION('',(0.,1.,-0.));
#3112=AXIS2_PLACEMENT_3D('',#3109,#3110,#3111);
#3113=CIRCLE('',#3112,1.6);
#3114=EDGE_CURVE('',#3101,#3099,#3113,.T.);
#3115=ORIENTED_EDGE('',*,*,#3114,.T.);
#3116=EDGE_LOOP('',(#3108,#3115));
#3117=FACE_BOUND('',#3116,.T.);
#3118=CARTESIAN_POINT('',(145.27863907,95.135438664,410.457613508));
#3119=VERTEX_POINT('',#3118);
#3120=CARTESIAN_POINT('',(146.87863907,93.535438664,410.457613508));
#3121=VERTEX_POINT('',#3120);
#3122=CARTESIAN_POINT('',(146.87863907,95.135438664,410.457613508));
#3123=DIRECTION('',(-0.,0.,1.));
#3124=DIRECTION('',(0.,1.,-0.));
#3125=AXIS2_PLACEMENT_3D('',#3122,#3123,#3124);
#3126=CIRCLE('',#3125,1.6);
#3127=EDGE_CURVE('NONE',#3119,#3121,#3126,.T.);
#3128=ORIENTED_EDGE('',*,*,#3127,.T.);
#3129=CARTESIAN_POINT('',(148.47863907,95.135438664,410.457613508));
#3130=VERTEX_POINT('',#3129);
#3131=CARTESIAN_POINT('',(146.87863907,95.135438664,410.457613508));
#3132=DIRECTION('',(-0.,0.,1.));
#3133=DIRECTION('',(0.,1.,-0.));
#3134=AXIS2_PLACEMENT_3D('',#3131,#3132,#3133);
#3135=CIRCLE('',#3134,1.6);
#3136=EDGE_CURVE('',#3121,#3130,#3135,.T.);
#3137=ORIENTED_EDGE('',*,*,#3136,.T.);
#3138=CARTESIAN_POINT('',(146.87863907,95.135438664,410.457613508));
#3139=DIRECTION('',(-0.,0.,1.));
#3140=DIRECTION('',(0.,1.,-0.));
#3141=AXIS2_PLACEMENT_3D('',#3138,#3139,#3140);
#3142=CIRCLE('',#3141,1.6);
#3143=EDGE_CURVE('',#3130,#3119,#3142,.T.);
#3144=ORIENTED_EDGE('',*,*,#3143,.T.);
#3145=EDGE_LOOP('',(#3128,#3137,#3144));
#3146=FACE_BOUND('',#3145,.T.);
#3147=CARTESIAN_POINT('',(133.27863907,107.135438664,410.457613508));
#3148=VERTEX_POINT('',#3147);
#3149=CARTESIAN_POINT('',(136.47863907,107.135438664,410.457613508));
#3150=VERTEX_POINT('',#3149);
#3151=CARTESIAN_POINT('',(134.87863907,107.135438664,410.457613508));
#3152=DIRECTION('',(-0.,0.,1.));
#3153=DIRECTION('',(0.,1.,-0.));
#3154=AXIS2_PLACEMENT_3D('',#3151,#3152,#3153);
#3155=CIRCLE('',#3154,1.6);
#3156=EDGE_CURVE('NONE',#3148,#3150,#3155,.T.);
#3157=ORIENTED_EDGE('',*,*,#3156,.T.);
#3158=CARTESIAN_POINT('',(134.87863907,107.135438664,410.457613508));
#3159=DIRECTION('',(-0.,0.,1.));
#3160=DIRECTION('',(0.,1.,-0.));
#3161=AXIS2_PLACEMENT_3D('',#3158,#3159,#3160);
#3162=CIRCLE('',#3161,1.6);
#3163=EDGE_CURVE('',#3150,#3148,#3162,.T.);
#3164=ORIENTED_EDGE('',*,*,#3163,.T.);
#3165=EDGE_LOOP('',(#3157,#3164));
#3166=FACE_BOUND('',#3165,.T.);
#3167=CARTESIAN_POINT('',(104.80971406,108.725510707,410.457613508));
#3168=VERTEX_POINT('',#3167);
#3169=CARTESIAN_POINT('',(80.80971406,108.725510707,410.457613508));
#3170=VERTEX_POINT('',#3169);
#3171=CARTESIAN_POINT('',(104.80971406,108.725510707,410.457613508));
#3172=DIRECTION('',(-1.,0.,0.));
#3173=VECTOR('',#3172,24.);
#3174=LINE('',#3171,#3173);
#3175=EDGE_CURVE('',#3168,#3170,#3174,.T.);
#3176=ORIENTED_EDGE('',*,*,#3175,.F.);
#3177=CARTESIAN_POINT('',(107.80971406,111.725510707,410.457613508));
#3178=VERTEX_POINT('',#3177);
#3179=CARTESIAN_POINT('',(104.80971406,111.725510707,410.457613508));
#3180=DIRECTION('',(-0.,0.,1.));
#3181=DIRECTION('',(0.,1.,-0.));
#3182=AXIS2_PLACEMENT_3D('',#3179,#3180,#3181);
#3183=CIRCLE('',#3182,3.);
#3184=EDGE_CURVE('',#3168,#3178,#3183,.T.);
#3185=ORIENTED_EDGE('',*,*,#3184,.T.);
#3186=CARTESIAN_POINT('',(107.80971406,115.725510707,410.457613508));
#3187=VERTEX_POINT('',#3186);
#3188=CARTESIAN_POINT('',(107.80971406,115.725510707,410.457613508));
#3189=DIRECTION('',(0.,-1.,0.));
#3190=VECTOR('',#3189,4.);
#3191=LINE('',#3188,#3190);
#3192=EDGE_CURVE('',#3187,#3178,#3191,.T.);
#3193=ORIENTED_EDGE('',*,*,#3192,.F.);
#3194=CARTESIAN_POINT('',(104.80971406,118.725510707,410.457613508));
#3195=VERTEX_POINT('',#3194);
#3196=CARTESIAN_POINT('',(104.80971406,115.725510707,410.457613508));
#3197=DIRECTION('',(-0.,0.,1.));
#3198=DIRECTION('',(0.,1.,-0.));
#3199=AXIS2_PLACEMENT_3D('',#3196,#3197,#3198);
#3200=CIRCLE('',#3199,3.);
#3201=EDGE_CURVE('',#3187,#3195,#3200,.T.);
#3202=ORIENTED_EDGE('',*,*,#3201,.T.);
#3203=CARTESIAN_POINT('',(80.80971406,118.725510707,410.457613508));
#3204=VERTEX_POINT('',#3203);
#3205=CARTESIAN_POINT('',(80.80971406,118.725510707,410.457613508));
#3206=DIRECTION('',(1.,0.,-0.));
#3207=VECTOR('',#3206,24.);
#3208=LINE('',#3205,#3207);
#3209=EDGE_CURVE('',#3204,#3195,#3208,.T.);
#3210=ORIENTED_EDGE('',*,*,#3209,.F.);
#3211=CARTESIAN_POINT('',(77.80971406,115.725510707,410.457613508));
#3212=VERTEX_POINT('',#3211);
#3213=CARTESIAN_POINT('',(80.80971406,115.725510707,410.457613508));
#3214=DIRECTION('',(-0.,0.,1.));
#3215=DIRECTION('',(0.,1.,-0.));
#3216=AXIS2_PLACEMENT_3D('',#3213,#3214,#3215);
#3217=CIRCLE('',#3216,3.);
#3218=EDGE_CURVE('',#3204,#3212,#3217,.T.);
#3219=ORIENTED_EDGE('',*,*,#3218,.T.);
#3220=CARTESIAN_POINT('',(77.80971406,111.725510707,410.457613508));
#3221=VERTEX_POINT('',#3220);
#3222=CARTESIAN_POINT('',(77.80971406,111.725510707,410.457613508));
#3223=DIRECTION('',(0.,1.,-0.));
#3224=VECTOR('',#3223,4.);
#3225=LINE('',#3222,#3224);
#3226=EDGE_CURVE('',#3221,#3212,#3225,.T.);
#3227=ORIENTED_EDGE('',*,*,#3226,.F.);
#3228=CARTESIAN_POINT('',(80.80971406,111.725510707,410.457613508));
#3229=DIRECTION('',(-0.,0.,1.));
#3230=DIRECTION('',(0.,1.,-0.));
#3231=AXIS2_PLACEMENT_3D('',#3228,#3229,#3230);
#3232=CIRCLE('',#3231,3.);
#3233=EDGE_CURVE('',#3221,#3170,#3232,.T.);
#3234=ORIENTED_EDGE('',*,*,#3233,.T.);
#3235=EDGE_LOOP('',(#3176,#3185,#3193,#3202,#3210,#3219,#3227,#3234));
#3236=FACE_BOUND('',#3235,.T.);
#3237=CARTESIAN_POINT('',(146.87863907,120.735438664,410.457613508));
#3238=VERTEX_POINT('',#3237);
#3239=CARTESIAN_POINT('',(145.27863907,119.135438664,410.457613508));
#3240=VERTEX_POINT('',#3239);
#3241=CARTESIAN_POINT('',(146.87863907,119.135438664,410.457613508));
#3242=DIRECTION('',(-0.,0.,1.));
#3243=DIRECTION('',(0.,1.,-0.));
#3244=AXIS2_PLACEMENT_3D('',#3241,#3242,#3243);
#3245=CIRCLE('',#3244,1.6);
#3246=EDGE_CURVE('NONE',#3238,#3240,#3245,.T.);
#3247=ORIENTED_EDGE('',*,*,#3246,.T.);
#3248=CARTESIAN_POINT('',(148.47863907,119.135438664,410.457613508));
#3249=VERTEX_POINT('',#3248);
#3250=CARTESIAN_POINT('',(146.87863907,119.135438664,410.457613508));
#3251=DIRECTION('',(-0.,0.,1.));
#3252=DIRECTION('',(0.,1.,-0.));
#3253=AXIS2_PLACEMENT_3D('',#3250,#3251,#3252);
#3254=CIRCLE('',#3253,1.6);
#3255=EDGE_CURVE('',#3240,#3249,#3254,.T.);
#3256=ORIENTED_EDGE('',*,*,#3255,.T.);
#3257=CARTESIAN_POINT('',(146.87863907,119.135438664,410.457613508));
#3258=DIRECTION('',(-0.,0.,1.));
#3259=DIRECTION('',(0.,1.,-0.));
#3260=AXIS2_PLACEMENT_3D('',#3257,#3258,#3259);
#3261=CIRCLE('',#3260,1.6);
#3262=EDGE_CURVE('',#3249,#3238,#3261,.T.);
#3263=ORIENTED_EDGE('',*,*,#3262,.T.);
#3264=EDGE_LOOP('',(#3247,#3256,#3263));
#3265=FACE_BOUND('',#3264,.T.);
#3266=CARTESIAN_POINT('',(106.87863907,137.735438664,410.457613508));
#3267=VERTEX_POINT('',#3266);
#3268=CARTESIAN_POINT('',(104.77863907,135.635438664,410.457613508));
#3269=VERTEX_POINT('',#3268);
#3270=CARTESIAN_POINT('',(106.87863907,135.635438664,410.457613508));
#3271=DIRECTION('',(-0.,0.,1.));
#3272=DIRECTION('',(0.,1.,-0.));
#3273=AXIS2_PLACEMENT_3D('',#3270,#3271,#3272);
#3274=CIRCLE('',#3273,2.1);
#3275=EDGE_CURVE('NONE',#3267,#3269,#3274,.T.);
#3276=ORIENTED_EDGE('',*,*,#3275,.T.);
#3277=CARTESIAN_POINT('',(108.97863907,135.635438664,410.457613508));
#3278=VERTEX_POINT('',#3277);
#3279=CARTESIAN_POINT('',(106.87863907,135.635438664,410.457613508));
#3280=DIRECTION('',(-0.,0.,1.));
#3281=DIRECTION('',(0.,1.,-0.));
#3282=AXIS2_PLACEMENT_3D('',#3279,#3280,#3281);
#3283=CIRCLE('',#3282,2.1);
#3284=EDGE_CURVE('',#3269,#3278,#3283,.T.);
#3285=ORIENTED_EDGE('',*,*,#3284,.T.);
#3286=CARTESIAN_POINT('',(106.87863907,135.635438664,410.457613508));
#3287=DIRECTION('',(-0.,0.,1.));
#3288=DIRECTION('',(0.,1.,-0.));
#3289=AXIS2_PLACEMENT_3D('',#3286,#3287,#3288);
#3290=CIRCLE('',#3289,2.1);
#3291=EDGE_CURVE('',#3278,#3267,#3290,.T.);
#3292=ORIENTED_EDGE('',*,*,#3291,.T.);
#3293=EDGE_LOOP('',(#3276,#3285,#3292));
#3294=FACE_BOUND('',#3293,.T.);
#3295=CARTESIAN_POINT('',(186.87863907,137.735438664,410.457613508));
#3296=VERTEX_POINT('',#3295);
#3297=CARTESIAN_POINT('',(184.77863907,135.635438664,410.457613508));
#3298=VERTEX_POINT('',#3297);
#3299=CARTESIAN_POINT('',(186.87863907,135.635438664,410.457613508));
#3300=DIRECTION('',(-0.,0.,1.));
#3301=DIRECTION('',(0.,1.,-0.));
#3302=AXIS2_PLACEMENT_3D('',#3299,#3300,#3301);
#3303=CIRCLE('',#3302,2.1);
#3304=EDGE_CURVE('NONE',#3296,#3298,#3303,.T.);
#3305=ORIENTED_EDGE('',*,*,#3304,.T.);
#3306=CARTESIAN_POINT('',(188.97863907,135.635438664,410.457613508));
#3307=VERTEX_POINT('',#3306);
#3308=CARTESIAN_POINT('',(186.87863907,135.635438664,410.457613508));
#3309=DIRECTION('',(-0.,0.,1.));
#3310=DIRECTION('',(0.,1.,-0.));
#3311=AXIS2_PLACEMENT_3D('',#3308,#3309,#3310);
#3312=CIRCLE('',#3311,2.1);
#3313=EDGE_CURVE('',#3298,#3307,#3312,.T.);
#3314=ORIENTED_EDGE('',*,*,#3313,.T.);
#3315=CARTESIAN_POINT('',(186.87863907,135.635438664,410.457613508));
#3316=DIRECTION('',(-0.,0.,1.));
#3317=DIRECTION('',(0.,1.,-0.));
#3318=AXIS2_PLACEMENT_3D('',#3315,#3316,#3317);
#3319=CIRCLE('',#3318,2.1);
#3320=EDGE_CURVE('',#3307,#3296,#3319,.T.);
#3321=ORIENTED_EDGE('',*,*,#3320,.T.);
#3322=EDGE_LOOP('',(#3305,#3314,#3321));
#3323=FACE_BOUND('',#3322,.T.);
#3324=CARTESIAN_POINT('',(125.87863907,176.735438664,410.457613508));
#3325=VERTEX_POINT('',#3324);
#3326=CARTESIAN_POINT('',(123.27863907,174.135438664,410.457613508));
#3327=VERTEX_POINT('',#3326);
#3328=CARTESIAN_POINT('',(125.87863907,174.135438664,410.457613508));
#3329=DIRECTION('',(-0.,0.,1.));
#3330=DIRECTION('',(0.,1.,-0.));
#3331=AXIS2_PLACEMENT_3D('',#3328,#3329,#3330);
#3332=CIRCLE('',#3331,2.6);
#3333=EDGE_CURVE('NONE',#3325,#3327,#3332,.T.);
#3334=ORIENTED_EDGE('',*,*,#3333,.T.);
#3335=CARTESIAN_POINT('',(128.47863907,174.135438664,410.457613508));
#3336=VERTEX_POINT('',#3335);
#3337=CARTESIAN_POINT('',(125.87863907,174.135438664,410.457613508));
#3338=DIRECTION('',(-0.,0.,1.));
#3339=DIRECTION('',(0.,1.,-0.));
#3340=AXIS2_PLACEMENT_3D('',#3337,#3338,#3339);
#3341=CIRCLE('',#3340,2.6);
#3342=EDGE_CURVE('',#3327,#3336,#3341,.T.);
#3343=ORIENTED_EDGE('',*,*,#3342,.T.);
#3344=CARTESIAN_POINT('',(125.87863907,174.135438664,410.457613508));
#3345=DIRECTION('',(-0.,0.,1.));
#3346=DIRECTION('',(0.,1.,-0.));
#3347=AXIS2_PLACEMENT_3D('',#3344,#3345,#3346);
#3348=CIRCLE('',#3347,2.6);
#3349=EDGE_CURVE('',#3336,#3325,#3348,.T.);
#3350=ORIENTED_EDGE('',*,*,#3349,.T.);
#3351=EDGE_LOOP('',(#3334,#3343,#3350));
#3352=FACE_BOUND('',#3351,.T.);
#3353=CARTESIAN_POINT('',(167.87863907,176.735438664,410.457613508));
#3354=VERTEX_POINT('',#3353);
#3355=CARTESIAN_POINT('',(165.27863907,174.135438664,410.457613508));
#3356=VERTEX_POINT('',#3355);
#3357=CARTESIAN_POINT('',(167.87863907,174.135438664,410.457613508));
#3358=DIRECTION('',(-0.,0.,1.));
#3359=DIRECTION('',(0.,1.,-0.));
#3360=AXIS2_PLACEMENT_3D('',#3357,#3358,#3359);
#3361=CIRCLE('',#3360,2.6);
#3362=EDGE_CURVE('NONE',#3354,#3356,#3361,.T.);
#3363=ORIENTED_EDGE('',*,*,#3362,.T.);
#3364=CARTESIAN_POINT('',(170.47863907,174.135438664,410.457613508));
#3365=VERTEX_POINT('',#3364);
#3366=CARTESIAN_POINT('',(167.87863907,174.135438664,410.457613508));
#3367=DIRECTION('',(-0.,0.,1.));
#3368=DIRECTION('',(0.,1.,-0.));
#3369=AXIS2_PLACEMENT_3D('',#3366,#3367,#3368);
#3370=CIRCLE('',#3369,2.6);
#3371=EDGE_CURVE('',#3356,#3365,#3370,.T.);
#3372=ORIENTED_EDGE('',*,*,#3371,.T.);
#3373=CARTESIAN_POINT('',(167.87863907,174.135438664,410.457613508));
#3374=DIRECTION('',(-0.,0.,1.));
#3375=DIRECTION('',(0.,1.,-0.));
#3376=AXIS2_PLACEMENT_3D('',#3373,#3374,#3375);
#3377=CIRCLE('',#3376,2.6);
#3378=EDGE_CURVE('',#3365,#3354,#3377,.T.);
#3379=ORIENTED_EDGE('',*,*,#3378,.T.);
#3380=EDGE_LOOP('',(#3363,#3372,#3379));
#3381=FACE_BOUND('',#3380,.T.);
#3382=CARTESIAN_POINT('',(66.87863907,196.735438664,410.457613508));
#3383=VERTEX_POINT('',#3382);
#3384=CARTESIAN_POINT('',(64.27863907,194.135438664,410.457613508));
#3385=VERTEX_POINT('',#3384);
#3386=CARTESIAN_POINT('',(66.87863907,194.135438664,410.457613508));
#3387=DIRECTION('',(-0.,0.,1.));
#3388=DIRECTION('',(0.,1.,-0.));
#3389=AXIS2_PLACEMENT_3D('',#3386,#3387,#3388);
#3390=CIRCLE('',#3389,2.6);
#3391=EDGE_CURVE('NONE',#3383,#3385,#3390,.T.);
#3392=ORIENTED_EDGE('',*,*,#3391,.T.);
#3393=CARTESIAN_POINT('',(69.47863907,194.135438664,410.457613508));
#3394=VERTEX_POINT('',#3393);
#3395=CARTESIAN_POINT('',(66.87863907,194.135438664,410.457613508));
#3396=DIRECTION('',(-0.,0.,1.));
#3397=DIRECTION('',(0.,1.,-0.));
#3398=AXIS2_PLACEMENT_3D('',#3395,#3396,#3397);
#3399=CIRCLE('',#3398,2.6);
#3400=EDGE_CURVE('',#3385,#3394,#3399,.T.);
#3401=ORIENTED_EDGE('',*,*,#3400,.T.);
#3402=CARTESIAN_POINT('',(66.87863907,194.135438664,410.457613508));
#3403=DIRECTION('',(-0.,0.,1.));
#3404=DIRECTION('',(0.,1.,-0.));
#3405=AXIS2_PLACEMENT_3D('',#3402,#3403,#3404);
#3406=CIRCLE('',#3405,2.6);
#3407=EDGE_CURVE('',#3394,#3383,#3406,.T.);
#3408=ORIENTED_EDGE('',*,*,#3407,.T.);
#3409=EDGE_LOOP('',(#3392,#3401,#3408));
#3410=FACE_BOUND('',#3409,.T.);
#3411=CARTESIAN_POINT('',(226.87863907,238.735438664,410.457613508));
#3412=VERTEX_POINT('',#3411);
#3413=CARTESIAN_POINT('',(224.27863907,236.135438664,410.457613508));
#3414=VERTEX_POINT('',#3413);
#3415=CARTESIAN_POINT('',(226.87863907,236.135438664,410.457613508));
#3416=DIRECTION('',(-0.,0.,1.));
#3417=DIRECTION('',(0.,1.,-0.));
#3418=AXIS2_PLACEMENT_3D('',#3415,#3416,#3417);
#3419=CIRCLE('',#3418,2.6);
#3420=EDGE_CURVE('NONE',#3412,#3414,#3419,.T.);
#3421=ORIENTED_EDGE('',*,*,#3420,.T.);
#3422=CARTESIAN_POINT('',(229.47863907,236.135438664,410.457613508));
#3423=VERTEX_POINT('',#3422);
#3424=CARTESIAN_POINT('',(226.87863907,236.135438664,410.457613508));
#3425=DIRECTION('',(-0.,0.,1.));
#3426=DIRECTION('',(0.,1.,-0.));
#3427=AXIS2_PLACEMENT_3D('',#3424,#3425,#3426);
#3428=CIRCLE('',#3427,2.6);
#3429=EDGE_CURVE('',#3414,#3423,#3428,.T.);
#3430=ORIENTED_EDGE('',*,*,#3429,.T.);
#3431=CARTESIAN_POINT('',(226.87863907,236.135438664,410.457613508));
#3432=DIRECTION('',(-0.,0.,1.));
#3433=DIRECTION('',(0.,1.,-0.));
#3434=AXIS2_PLACEMENT_3D('',#3431,#3432,#3433);
#3435=CIRCLE('',#3434,2.6);
#3436=EDGE_CURVE('',#3423,#3412,#3435,.T.);
#3437=ORIENTED_EDGE('',*,*,#3436,.T.);
#3438=EDGE_LOOP('',(#3421,#3430,#3437));
#3439=FACE_BOUND('',#3438,.T.);
#3440=CARTESIAN_POINT('',(226.87863907,196.735438664,410.457613508));
#3441=VERTEX_POINT('',#3440);
#3442=CARTESIAN_POINT('',(224.27863907,194.135438664,410.457613508));
#3443=VERTEX_POINT('',#3442);
#3444=CARTESIAN_POINT('',(226.87863907,194.135438664,410.457613508));
#3445=DIRECTION('',(-0.,0.,1.));
#3446=DIRECTION('',(0.,1.,-0.));
#3447=AXIS2_PLACEMENT_3D('',#3444,#3445,#3446);
#3448=CIRCLE('',#3447,2.6);
#3449=EDGE_CURVE('NONE',#3441,#3443,#3448,.T.);
#3450=ORIENTED_EDGE('',*,*,#3449,.T.);
#3451=CARTESIAN_POINT('',(229.47863907,194.135438664,410.457613508));
#3452=VERTEX_POINT('',#3451);
#3453=CARTESIAN_POINT('',(226.87863907,194.135438664,410.457613508));
#3454=DIRECTION('',(-0.,0.,1.));
#3455=DIRECTION('',(0.,1.,-0.));
#3456=AXIS2_PLACEMENT_3D('',#3453,#3454,#3455);
#3457=CIRCLE('',#3456,2.6);
#3458=EDGE_CURVE('',#3443,#3452,#3457,.T.);
#3459=ORIENTED_EDGE('',*,*,#3458,.T.);
#3460=CARTESIAN_POINT('',(226.87863907,194.135438664,410.457613508));
#3461=DIRECTION('',(-0.,0.,1.));
#3462=DIRECTION('',(0.,1.,-0.));
#3463=AXIS2_PLACEMENT_3D('',#3460,#3461,#3462);
#3464=CIRCLE('',#3463,2.6);
#3465=EDGE_CURVE('',#3452,#3441,#3464,.T.);
#3466=ORIENTED_EDGE('',*,*,#3465,.T.);
#3467=EDGE_LOOP('',(#3450,#3459,#3466));
#3468=FACE_BOUND('',#3467,.T.);
#3469=CARTESIAN_POINT('',(167.87863907,121.735438664,410.457613508));
#3470=VERTEX_POINT('',#3469);
#3471=CARTESIAN_POINT('',(165.27863907,119.135438664,410.457613508));
#3472=VERTEX_POINT('',#3471);
#3473=CARTESIAN_POINT('',(167.87863907,119.135438664,410.457613508));
#3474=DIRECTION('',(-0.,0.,1.));
#3475=DIRECTION('',(0.,1.,-0.));
#3476=AXIS2_PLACEMENT_3D('',#3473,#3474,#3475);
#3477=CIRCLE('',#3476,2.6);
#3478=EDGE_CURVE('NONE',#3470,#3472,#3477,.T.);
#3479=ORIENTED_EDGE('',*,*,#3478,.T.);
#3480=CARTESIAN_POINT('',(170.47863907,119.135438664,410.457613508));
#3481=VERTEX_POINT('',#3480);
#3482=CARTESIAN_POINT('',(167.87863907,119.135438664,410.457613508));
#3483=DIRECTION('',(-0.,0.,1.));
#3484=DIRECTION('',(0.,1.,-0.));
#3485=AXIS2_PLACEMENT_3D('',#3482,#3483,#3484);
#3486=CIRCLE('',#3485,2.6);
#3487=EDGE_CURVE('',#3472,#3481,#3486,.T.);
#3488=ORIENTED_EDGE('',*,*,#3487,.T.);
#3489=CARTESIAN_POINT('',(167.87863907,119.135438664,410.457613508));
#3490=DIRECTION('',(-0.,0.,1.));
#3491=DIRECTION('',(0.,1.,-0.));
#3492=AXIS2_PLACEMENT_3D('',#3489,#3490,#3491);
#3493=CIRCLE('',#3492,2.6);
#3494=EDGE_CURVE('',#3481,#3470,#3493,.T.);
#3495=ORIENTED_EDGE('',*,*,#3494,.T.);
#3496=EDGE_LOOP('',(#3479,#3488,#3495));
#3497=FACE_BOUND('',#3496,.T.);
#3498=CARTESIAN_POINT('',(125.87863907,121.735438664,410.457613508));
#3499=VERTEX_POINT('',#3498);
#3500=CARTESIAN_POINT('',(123.27863907,119.135438664,410.457613508));
#3501=VERTEX_POINT('',#3500);
#3502=CARTESIAN_POINT('',(125.87863907,119.135438664,410.457613508));
#3503=DIRECTION('',(-0.,0.,1.));
#3504=DIRECTION('',(0.,1.,-0.));
#3505=AXIS2_PLACEMENT_3D('',#3502,#3503,#3504);
#3506=CIRCLE('',#3505,2.6);
#3507=EDGE_CURVE('NONE',#3499,#3501,#3506,.T.);
#3508=ORIENTED_EDGE('',*,*,#3507,.T.);
#3509=CARTESIAN_POINT('',(128.47863907,119.135438664,410.457613508));
#3510=VERTEX_POINT('',#3509);
#3511=CARTESIAN_POINT('',(125.87863907,119.135438664,410.457613508));
#3512=DIRECTION('',(-0.,0.,1.));
#3513=DIRECTION('',(0.,1.,-0.));
#3514=AXIS2_PLACEMENT_3D('',#3511,#3512,#3513);
#3515=CIRCLE('',#3514,2.6);
#3516=EDGE_CURVE('',#3501,#3510,#3515,.T.);
#3517=ORIENTED_EDGE('',*,*,#3516,.T.);
#3518=CARTESIAN_POINT('',(125.87863907,119.135438664,410.457613508));
#3519=DIRECTION('',(-0.,0.,1.));
#3520=DIRECTION('',(0.,1.,-0.));
#3521=AXIS2_PLACEMENT_3D('',#3518,#3519,#3520);
#3522=CIRCLE('',#3521,2.6);
#3523=EDGE_CURVE('',#3510,#3499,#3522,.T.);
#3524=ORIENTED_EDGE('',*,*,#3523,.T.);
#3525=EDGE_LOOP('',(#3508,#3517,#3524));
#3526=FACE_BOUND('',#3525,.T.);
#3527=CARTESIAN_POINT('',(66.87863907,238.735438664,410.457613508));
#3528=VERTEX_POINT('',#3527);
#3529=CARTESIAN_POINT('',(64.27863907,236.135438664,410.457613508));
#3530=VERTEX_POINT('',#3529);
#3531=CARTESIAN_POINT('',(66.87863907,236.135438664,410.457613508));
#3532=DIRECTION('',(-0.,0.,1.));
#3533=DIRECTION('',(0.,1.,-0.));
#3534=AXIS2_PLACEMENT_3D('',#3531,#3532,#3533);
#3535=CIRCLE('',#3534,2.6);
#3536=EDGE_CURVE('NONE',#3528,#3530,#3535,.T.);
#3537=ORIENTED_EDGE('',*,*,#3536,.T.);
#3538=CARTESIAN_POINT('',(69.47863907,236.135438664,410.457613508));
#3539=VERTEX_POINT('',#3538);
#3540=CARTESIAN_POINT('',(66.87863907,236.135438664,410.457613508));
#3541=DIRECTION('',(-0.,0.,1.));
#3542=DIRECTION('',(0.,1.,-0.));
#3543=AXIS2_PLACEMENT_3D('',#3540,#3541,#3542);
#3544=CIRCLE('',#3543,2.6);
#3545=EDGE_CURVE('',#3530,#3539,#3544,.T.);
#3546=ORIENTED_EDGE('',*,*,#3545,.T.);
#3547=CARTESIAN_POINT('',(66.87863907,236.135438664,410.457613508));
#3548=DIRECTION('',(-0.,0.,1.));
#3549=DIRECTION('',(0.,1.,-0.));
#3550=AXIS2_PLACEMENT_3D('',#3547,#3548,#3549);
#3551=CIRCLE('',#3550,2.6);
#3552=EDGE_CURVE('',#3539,#3528,#3551,.T.);
#3553=ORIENTED_EDGE('',*,*,#3552,.T.);
#3554=EDGE_LOOP('',(#3537,#3546,#3553));
#3555=FACE_BOUND('',#3554,.T.);
#3556=CARTESIAN_POINT('',(186.87863907,174.735438664,410.457613508));
#3557=VERTEX_POINT('',#3556);
#3558=CARTESIAN_POINT('',(184.77863907,172.635438664,410.457613508));
#3559=VERTEX_POINT('',#3558);
#3560=CARTESIAN_POINT('',(186.87863907,172.635438664,410.457613508));
#3561=DIRECTION('',(-0.,0.,1.));
#3562=DIRECTION('',(0.,1.,-0.));
#3563=AXIS2_PLACEMENT_3D('',#3560,#3561,#3562);
#3564=CIRCLE('',#3563,2.1);
#3565=EDGE_CURVE('NONE',#3557,#3559,#3564,.T.);
#3566=ORIENTED_EDGE('',*,*,#3565,.T.);
#3567=CARTESIAN_POINT('',(188.97863907,172.635438664,410.457613508));
#3568=VERTEX_POINT('',#3567);
#3569=CARTESIAN_POINT('',(186.87863907,172.635438664,410.457613508));
#3570=DIRECTION('',(-0.,0.,1.));
#3571=DIRECTION('',(0.,1.,-0.));
#3572=AXIS2_PLACEMENT_3D('',#3569,#3570,#3571);
#3573=CIRCLE('',#3572,2.1);
#3574=EDGE_CURVE('',#3559,#3568,#3573,.T.);
#3575=ORIENTED_EDGE('',*,*,#3574,.T.);
#3576=CARTESIAN_POINT('',(186.87863907,172.635438664,410.457613508));
#3577=DIRECTION('',(-0.,0.,1.));
#3578=DIRECTION('',(0.,1.,-0.));
#3579=AXIS2_PLACEMENT_3D('',#3576,#3577,#3578);
#3580=CIRCLE('',#3579,2.1);
#3581=EDGE_CURVE('',#3568,#3557,#3580,.T.);
#3582=ORIENTED_EDGE('',*,*,#3581,.T.);
#3583=EDGE_LOOP('',(#3566,#3575,#3582));
#3584=FACE_BOUND('',#3583,.T.);
#3585=CARTESIAN_POINT('',(106.87863907,174.735438664,410.457613508));
#3586=VERTEX_POINT('',#3585);
#3587=CARTESIAN_POINT('',(104.77863907,172.635438664,410.457613508));
#3588=VERTEX_POINT('',#3587);
#3589=CARTESIAN_POINT('',(106.87863907,172.635438664,410.457613508));
#3590=DIRECTION('',(-0.,0.,1.));
#3591=DIRECTION('',(0.,1.,-0.));
#3592=AXIS2_PLACEMENT_3D('',#3589,#3590,#3591);
#3593=CIRCLE('',#3592,2.1);
#3594=EDGE_CURVE('NONE',#3586,#3588,#3593,.T.);
#3595=ORIENTED_EDGE('',*,*,#3594,.T.);
#3596=CARTESIAN_POINT('',(108.97863907,172.635438664,410.457613508));
#3597=VERTEX_POINT('',#3596);
#3598=CARTESIAN_POINT('',(106.87863907,172.635438664,410.457613508));
#3599=DIRECTION('',(-0.,0.,1.));
#3600=DIRECTION('',(0.,1.,-0.));
#3601=AXIS2_PLACEMENT_3D('',#3598,#3599,#3600);
#3602=CIRCLE('',#3601,2.1);
#3603=EDGE_CURVE('',#3588,#3597,#3602,.T.);
#3604=ORIENTED_EDGE('',*,*,#3603,.T.);
#3605=CARTESIAN_POINT('',(106.87863907,172.635438664,410.457613508));
#3606=DIRECTION('',(-0.,0.,1.));
#3607=DIRECTION('',(0.,1.,-0.));
#3608=AXIS2_PLACEMENT_3D('',#3605,#3606,#3607);
#3609=CIRCLE('',#3608,2.1);
#3610=EDGE_CURVE('',#3597,#3586,#3609,.T.);
#3611=ORIENTED_EDGE('',*,*,#3610,.T.);
#3612=EDGE_LOOP('',(#3595,#3604,#3611));
#3613=FACE_BOUND('',#3612,.T.);
#3614=CARTESIAN_POINT('',(146.87863907,112.135438664,410.457613508));
#3615=VERTEX_POINT('',#3614);
#3616=CARTESIAN_POINT('',(141.87863907,107.135438664,410.457613508));
#3617=VERTEX_POINT('',#3616);
#3618=CARTESIAN_POINT('',(146.87863907,107.135438664,410.457613508));
#3619=DIRECTION('',(-0.,0.,1.));
#3620=DIRECTION('',(0.,1.,-0.));
#3621=AXIS2_PLACEMENT_3D('',#3618,#3619,#3620);
#3622=CIRCLE('',#3621,5.);
#3623=EDGE_CURVE('NONE',#3615,#3617,#3622,.T.);
#3624=ORIENTED_EDGE('',*,*,#3623,.T.);
#3625=CARTESIAN_POINT('',(151.87863907,107.135438664,410.457613508));
#3626=VERTEX_POINT('',#3625);
#3627=CARTESIAN_POINT('',(146.87863907,107.135438664,410.457613508));
#3628=DIRECTION('',(-0.,0.,1.));
#3629=DIRECTION('',(0.,1.,-0.));
#3630=AXIS2_PLACEMENT_3D('',#3627,#3628,#3629);
#3631=CIRCLE('',#3630,5.);
#3632=EDGE_CURVE('',#3617,#3626,#3631,.T.);
#3633=ORIENTED_EDGE('',*,*,#3632,.T.);
#3634=CARTESIAN_POINT('',(146.87863907,107.135438664,410.457613508));
#3635=DIRECTION('',(-0.,0.,1.));
#3636=DIRECTION('',(0.,1.,-0.));
#3637=AXIS2_PLACEMENT_3D('',#3634,#3635,#3636);
#3638=CIRCLE('',#3637,5.);
#3639=EDGE_CURVE('',#3626,#3615,#3638,.T.);
#3640=ORIENTED_EDGE('',*,*,#3639,.T.);
#3641=EDGE_LOOP('',(#3624,#3633,#3640));
#3642=FACE_BOUND('',#3641,.T.);
#3643=CARTESIAN_POINT('',(106.341299508,187.851167417,410.457613508));
#3644=VERTEX_POINT('',#3643);
#3645=CARTESIAN_POINT('',(106.341299508,250.956944835,410.457613508));
#3646=VERTEX_POINT('',#3645);
#3647=CARTESIAN_POINT('',(106.341299508,187.851167417,410.457613508));
#3648=DIRECTION('',(0.,1.,-0.));
#3649=VECTOR('',#3648,63.105777418);
#3650=LINE('',#3647,#3649);
#3651=EDGE_CURVE('',#3644,#3646,#3650,.T.);
#3652=ORIENTED_EDGE('',*,*,#3651,.T.);
#3653=CARTESIAN_POINT('',(104.341299508,252.956944835,410.457613508));
#3654=VERTEX_POINT('',#3653);
#3655=CARTESIAN_POINT('',(104.341299508,250.956944835,410.457613508));
#3656=DIRECTION('',(-0.,0.,1.));
#3657=DIRECTION('',(0.,1.,-0.));
#3658=AXIS2_PLACEMENT_3D('',#3655,#3656,#3657);
#3659=CIRCLE('',#3658,2.);
#3660=EDGE_CURVE('',#3646,#3654,#3659,.T.);
#3661=ORIENTED_EDGE('',*,*,#3660,.T.);
#3662=CARTESIAN_POINT('',(99.415978631,252.956944835,410.457613508));
#3663=VERTEX_POINT('',#3662);
#3664=CARTESIAN_POINT('',(104.341299508,252.956944835,410.457613508));
#3665=DIRECTION('',(-1.,-0.,0.));
#3666=VECTOR('',#3665,4.925320877);
#3667=LINE('',#3664,#3666);
#3668=EDGE_CURVE('',#3654,#3663,#3667,.T.);
#3669=ORIENTED_EDGE('',*,*,#3668,.T.);
#3670=CARTESIAN_POINT('',(97.415978631,250.956944835,410.457613508));
#3671=VERTEX_POINT('',#3670);
#3672=CARTESIAN_POINT('',(99.415978631,250.956944835,410.457613508));
#3673=DIRECTION('',(-0.,0.,1.));
#3674=DIRECTION('',(0.,1.,-0.));
#3675=AXIS2_PLACEMENT_3D('',#3672,#3673,#3674);
#3676=CIRCLE('',#3675,2.);
#3677=EDGE_CURVE('',#3663,#3671,#3676,.T.);
#3678=ORIENTED_EDGE('',*,*,#3677,.T.);
#3679=CARTESIAN_POINT('',(97.415978631,187.851167417,410.457613508));
#3680=VERTEX_POINT('',#3679);
#3681=CARTESIAN_POINT('',(97.415978631,250.956944835,410.457613508));
#3682=DIRECTION('',(-0.,-1.,0.));
#3683=VECTOR('',#3682,63.105777418);
#3684=LINE('',#3681,#3683);
#3685=EDGE_CURVE('',#3671,#3680,#3684,.T.);
#3686=ORIENTED_EDGE('',*,*,#3685,.T.);
#3687=CARTESIAN_POINT('',(99.415978631,185.851167417,410.457613508));
#3688=VERTEX_POINT('',#3687);
#3689=CARTESIAN_POINT('',(99.415978631,187.851167417,410.457613508));
#3690=DIRECTION('',(-0.,0.,1.));
#3691=DIRECTION('',(0.,1.,-0.));
#3692=AXIS2_PLACEMENT_3D('',#3689,#3690,#3691);
#3693=CIRCLE('',#3692,2.);
#3694=EDGE_CURVE('',#3680,#3688,#3693,.T.);
#3695=ORIENTED_EDGE('',*,*,#3694,.T.);
#3696=CARTESIAN_POINT('',(104.341299508,185.851167417,410.457613508));
#3697=VERTEX_POINT('',#3696);
#3698=CARTESIAN_POINT('',(99.415978631,185.851167417,410.457613508));
#3699=DIRECTION('',(1.,0.,-0.));
#3700=VECTOR('',#3699,4.925320877);
#3701=LINE('',#3698,#3700);
#3702=EDGE_CURVE('',#3688,#3697,#3701,.T.);
#3703=ORIENTED_EDGE('',*,*,#3702,.T.);
#3704=CARTESIAN_POINT('',(104.341299508,187.851167417,410.457613508));
#3705=DIRECTION('',(-0.,0.,1.));
#3706=DIRECTION('',(0.,1.,-0.));
#3707=AXIS2_PLACEMENT_3D('',#3704,#3705,#3706);
#3708=CIRCLE('',#3707,2.);
#3709=EDGE_CURVE('',#3697,#3644,#3708,.T.);
#3710=ORIENTED_EDGE('',*,*,#3709,.T.);
#3711=EDGE_LOOP('',(#3652,#3661,#3669,#3678,#3686,#3695,#3703,#3710));
#3712=FACE_BOUND('',#3711,.T.);
#3713=CARTESIAN_POINT('',(215.947564079,111.725510707,410.457613508));
#3714=VERTEX_POINT('',#3713);
#3715=CARTESIAN_POINT('',(215.947564079,115.725510707,410.457613508));
#3716=VERTEX_POINT('',#3715);
#3717=CARTESIAN_POINT('',(215.947564079,111.725510707,410.457613508));
#3718=DIRECTION('',(0.,1.,-0.));
#3719=VECTOR('',#3718,4.);
#3720=LINE('',#3717,#3719);
#3721=EDGE_CURVE('',#3714,#3716,#3720,.T.);
#3722=ORIENTED_EDGE('',*,*,#3721,.T.);
#3723=CARTESIAN_POINT('',(212.947564079,118.725510707,410.457613508));
#3724=VERTEX_POINT('',#3723);
#3725=CARTESIAN_POINT('',(212.947564079,115.725510707,410.457613508));
#3726=DIRECTION('',(-0.,0.,1.));
#3727=DIRECTION('',(0.,1.,-0.));
#3728=AXIS2_PLACEMENT_3D('',#3725,#3726,#3727);
#3729=CIRCLE('',#3728,3.);
#3730=EDGE_CURVE('',#3716,#3724,#3729,.T.);
#3731=ORIENTED_EDGE('',*,*,#3730,.T.);
#3732=CARTESIAN_POINT('',(188.947564079,118.725510707,410.457613508));
#3733=VERTEX_POINT('',#3732);
#3734=CARTESIAN_POINT('',(212.947564079,118.725510707,410.457613508));
#3735=DIRECTION('',(-1.,0.,0.));
#3736=VECTOR('',#3735,24.);
#3737=LINE('',#3734,#3736);
#3738=EDGE_CURVE('',#3724,#3733,#3737,.T.);
#3739=ORIENTED_EDGE('',*,*,#3738,.T.);
#3740=CARTESIAN_POINT('',(185.947564079,115.725510707,410.457613508));
#3741=VERTEX_POINT('',#3740);
#3742=CARTESIAN_POINT('',(188.947564079,115.725510707,410.457613508));
#3743=DIRECTION('',(-0.,0.,1.));
#3744=DIRECTION('',(0.,1.,-0.));
#3745=AXIS2_PLACEMENT_3D('',#3742,#3743,#3744);
#3746=CIRCLE('',#3745,3.);
#3747=EDGE_CURVE('',#3733,#3741,#3746,.T.);
#3748=ORIENTED_EDGE('',*,*,#3747,.T.);
#3749=CARTESIAN_POINT('',(185.947564079,111.725510707,410.457613508));
#3750=VERTEX_POINT('',#3749);
#3751=CARTESIAN_POINT('',(185.947564079,115.725510707,410.457613508));
#3752=DIRECTION('',(0.,-1.,0.));
#3753=VECTOR('',#3752,4.);
#3754=LINE('',#3751,#3753);
#3755=EDGE_CURVE('',#3741,#3750,#3754,.T.);
#3756=ORIENTED_EDGE('',*,*,#3755,.T.);
#3757=CARTESIAN_POINT('',(188.947564079,108.725510707,410.457613508));
#3758=VERTEX_POINT('',#3757);
#3759=CARTESIAN_POINT('',(188.947564079,111.725510707,410.457613508));
#3760=DIRECTION('',(-0.,0.,1.));
#3761=DIRECTION('',(0.,1.,-0.));
#3762=AXIS2_PLACEMENT_3D('',#3759,#3760,#3761);
#3763=CIRCLE('',#3762,3.);
#3764=EDGE_CURVE('',#3750,#3758,#3763,.T.);
#3765=ORIENTED_EDGE('',*,*,#3764,.T.);
#3766=CARTESIAN_POINT('',(212.947564079,108.725510707,410.457613508));
#3767=VERTEX_POINT('',#3766);
#3768=CARTESIAN_POINT('',(188.947564079,108.725510707,410.457613508));
#3769=DIRECTION('',(1.,0.,-0.));
#3770=VECTOR('',#3769,24.);
#3771=LINE('',#3768,#3770);
#3772=EDGE_CURVE('',#3758,#3767,#3771,.T.);
#3773=ORIENTED_EDGE('',*,*,#3772,.T.);
#3774=CARTESIAN_POINT('',(212.947564079,111.725510707,410.457613508));
#3775=DIRECTION('',(-0.,0.,1.));
#3776=DIRECTION('',(0.,1.,-0.));
#3777=AXIS2_PLACEMENT_3D('',#3774,#3775,#3776);
#3778=CIRCLE('',#3777,3.);
#3779=EDGE_CURVE('',#3767,#3714,#3778,.T.);
#3780=ORIENTED_EDGE('',*,*,#3779,.T.);
#3781=EDGE_LOOP('',(#3722,#3731,#3739,#3748,#3756,#3765,#3773,#3780));
#3782=FACE_BOUND('',#3781,.T.);
#3783=CARTESIAN_POINT('',(245.52136093,164.235438664,410.457613508));
#3784=VERTEX_POINT('',#3783);
#3785=CARTESIAN_POINT('',(242.92136093,161.635438664,410.457613508));
#3786=VERTEX_POINT('',#3785);
#3787=CARTESIAN_POINT('',(242.92136093,164.235438664,410.457613508));
#3788=DIRECTION('',(0.,-0.,-1.));
#3789=DIRECTION('',(0.,1.,-0.));
#3790=AXIS2_PLACEMENT_3D('',#3787,#3788,#3789);
#3791=CIRCLE('',#3790,2.6);
#3792=EDGE_CURVE('',#3784,#3786,#3791,.T.);
#3793=ORIENTED_EDGE('',*,*,#3792,.F.);
#3794=CARTESIAN_POINT('',(240.32136093,164.235438664,410.457613508));
#3795=VERTEX_POINT('',#3794);
#3796=CARTESIAN_POINT('',(242.92136093,164.235438664,410.457613508));
#3797=DIRECTION('',(0.,-0.,-1.));
#3798=DIRECTION('',(0.,1.,-0.));
#3799=AXIS2_PLACEMENT_3D('',#3796,#3797,#3798);
#3800=CIRCLE('',#3799,2.6);
#3801=EDGE_CURVE('',#3795,#3784,#3800,.T.);
#3802=ORIENTED_EDGE('',*,*,#3801,.F.);
#3803=CARTESIAN_POINT('',(242.92136093,164.235438664,410.457613508));
#3804=DIRECTION('',(0.,-0.,-1.));
#3805=DIRECTION('',(0.,1.,-0.));
#3806=AXIS2_PLACEMENT_3D('',#3803,#3804,#3805);
#3807=CIRCLE('',#3806,2.6);
#3808=EDGE_CURVE('',#3786,#3795,#3807,.T.);
#3809=ORIENTED_EDGE('',*,*,#3808,.F.);
#3810=EDGE_LOOP('',(#3793,#3802,#3809));
#3811=FACE_BOUND('',#3810,.T.);
#3812=CARTESIAN_POINT('',(24.335917209,140.135438664,410.457613508));
#3813=VERTEX_POINT('',#3812);
#3814=CARTESIAN_POINT('',(26.935917209,137.535438664,410.457613508));
#3815=VERTEX_POINT('',#3814);
#3816=CARTESIAN_POINT('',(26.935917209,140.135438664,410.457613508));
#3817=DIRECTION('',(-0.,0.,1.));
#3818=DIRECTION('',(0.,1.,-0.));
#3819=AXIS2_PLACEMENT_3D('',#3816,#3817,#3818);
#3820=CIRCLE('',#3819,2.6);
#3821=EDGE_CURVE('',#3813,#3815,#3820,.T.);
#3822=ORIENTED_EDGE('',*,*,#3821,.T.);
#3823=CARTESIAN_POINT('',(29.535917209,140.135438664,410.457613508));
#3824=VERTEX_POINT('',#3823);
#3825=CARTESIAN_POINT('',(26.935917209,140.135438664,410.457613508));
#3826=DIRECTION('',(-0.,0.,1.));
#3827=DIRECTION('',(0.,1.,-0.));
#3828=AXIS2_PLACEMENT_3D('',#3825,#3826,#3827);
#3829=CIRCLE('',#3828,2.6);
#3830=EDGE_CURVE('',#3815,#3824,#3829,.T.);
#3831=ORIENTED_EDGE('',*,*,#3830,.T.);
#3832=CARTESIAN_POINT('',(26.935917209,140.135438664,410.457613508));
#3833=DIRECTION('',(-0.,0.,1.));
#3834=DIRECTION('',(0.,1.,-0.));
#3835=AXIS2_PLACEMENT_3D('',#3832,#3833,#3834);
#3836=CIRCLE('',#3835,2.6);
#3837=EDGE_CURVE('',#3824,#3813,#3836,.T.);
#3838=ORIENTED_EDGE('',*,*,#3837,.T.);
#3839=EDGE_LOOP('',(#3822,#3831,#3838));
#3840=FACE_BOUND('',#3839,.T.);
#3841=CARTESIAN_POINT('',(24.135917209,188.135438664,410.457613508));
#3842=VERTEX_POINT('',#3841);
#3843=CARTESIAN_POINT('',(26.735917209,185.535438664,410.457613508));
#3844=VERTEX_POINT('',#3843);
#3845=CARTESIAN_POINT('',(26.735917209,188.135438664,410.457613508));
#3846=DIRECTION('',(-0.,0.,1.));
#3847=DIRECTION('',(0.,1.,-0.));
#3848=AXIS2_PLACEMENT_3D('',#3845,#3846,#3847);
#3849=CIRCLE('',#3848,2.6);
#3850=EDGE_CURVE('',#3842,#3844,#3849,.T.);
#3851=ORIENTED_EDGE('',*,*,#3850,.T.);
#3852=CARTESIAN_POINT('',(29.335917209,188.135438664,410.457613508));
#3853=VERTEX_POINT('',#3852);
#3854=CARTESIAN_POINT('',(26.735917209,188.135438664,410.457613508));
#3855=DIRECTION('',(-0.,0.,1.));
#3856=DIRECTION('',(0.,1.,-0.));
#3857=AXIS2_PLACEMENT_3D('',#3854,#3855,#3856);
#3858=CIRCLE('',#3857,2.6);
#3859=EDGE_CURVE('',#3844,#3853,#3858,.T.);
#3860=ORIENTED_EDGE('',*,*,#3859,.T.);
#3861=CARTESIAN_POINT('',(26.735917209,188.135438664,410.457613508));
#3862=DIRECTION('',(-0.,0.,1.));
#3863=DIRECTION('',(0.,1.,-0.));
#3864=AXIS2_PLACEMENT_3D('',#3861,#3862,#3863);
#3865=CIRCLE('',#3864,2.6);
#3866=EDGE_CURVE('',#3853,#3842,#3865,.T.);
#3867=ORIENTED_EDGE('',*,*,#3866,.T.);
#3868=EDGE_LOOP('',(#3851,#3860,#3867));
#3869=FACE_BOUND('',#3868,.T.);
#3870=CARTESIAN_POINT('',(48.235917209,164.235438664,410.457613508));
#3871=VERTEX_POINT('',#3870);
#3872=CARTESIAN_POINT('',(50.835917209,161.635438664,410.457613508));
#3873=VERTEX_POINT('',#3872);
#3874=CARTESIAN_POINT('',(50.835917209,164.235438664,410.457613508));
#3875=DIRECTION('',(-0.,0.,1.));
#3876=DIRECTION('',(0.,1.,-0.));
#3877=AXIS2_PLACEMENT_3D('',#3874,#3875,#3876);
#3878=CIRCLE('',#3877,2.6);
#3879=EDGE_CURVE('',#3871,#3873,#3878,.T.);
#3880=ORIENTED_EDGE('',*,*,#3879,.T.);
#3881=CARTESIAN_POINT('',(53.435917209,164.235438664,410.457613508));
#3882=VERTEX_POINT('',#3881);
#3883=CARTESIAN_POINT('',(50.835917209,164.235438664,410.457613508));
#3884=DIRECTION('',(-0.,0.,1.));
#3885=DIRECTION('',(0.,1.,-0.));
#3886=AXIS2_PLACEMENT_3D('',#3883,#3884,#3885);
#3887=CIRCLE('',#3886,2.6);
#3888=EDGE_CURVE('',#3873,#3882,#3887,.T.);
#3889=ORIENTED_EDGE('',*,*,#3888,.T.);
#3890=CARTESIAN_POINT('',(50.835917209,164.235438664,410.457613508));
#3891=DIRECTION('',(-0.,0.,1.));
#3892=DIRECTION('',(0.,1.,-0.));
#3893=AXIS2_PLACEMENT_3D('',#3890,#3891,#3892);
#3894=CIRCLE('',#3893,2.6);
#3895=EDGE_CURVE('',#3882,#3871,#3894,.T.);
#3896=ORIENTED_EDGE('',*,*,#3895,.T.);
#3897=EDGE_LOOP('',(#3880,#3889,#3896));
#3898=FACE_BOUND('',#3897,.T.);
#3899=CARTESIAN_POINT('',(-0.764082791,134.135438664,410.457613508));
#3900=VERTEX_POINT('',#3899);
#3901=CARTESIAN_POINT('',(1.835917209,131.535438664,410.457613508));
#3902=VERTEX_POINT('',#3901);
#3903=CARTESIAN_POINT('',(1.835917209,134.135438664,410.457613508));
#3904=DIRECTION('',(-0.,0.,1.));
#3905=DIRECTION('',(0.,1.,-0.));
#3906=AXIS2_PLACEMENT_3D('',#3903,#3904,#3905);
#3907=CIRCLE('',#3906,2.6);
#3908=EDGE_CURVE('',#3900,#3902,#3907,.T.);
#3909=ORIENTED_EDGE('',*,*,#3908,.T.);
#3910=CARTESIAN_POINT('',(4.435917209,134.135438664,410.457613508));
#3911=VERTEX_POINT('',#3910);
#3912=CARTESIAN_POINT('',(1.835917209,134.135438664,410.457613508));
#3913=DIRECTION('',(-0.,0.,1.));
#3914=DIRECTION('',(0.,1.,-0.));
#3915=AXIS2_PLACEMENT_3D('',#3912,#3913,#3914);
#3916=CIRCLE('',#3915,2.6);
#3917=EDGE_CURVE('',#3902,#3911,#3916,.T.);
#3918=ORIENTED_EDGE('',*,*,#3917,.T.);
#3919=CARTESIAN_POINT('',(1.835917209,134.135438664,410.457613508));
#3920=DIRECTION('',(-0.,0.,1.));
#3921=DIRECTION('',(0.,1.,-0.));
#3922=AXIS2_PLACEMENT_3D('',#3919,#3920,#3921);
#3923=CIRCLE('',#3922,2.6);
#3924=EDGE_CURVE('',#3911,#3900,#3923,.T.);
#3925=ORIENTED_EDGE('',*,*,#3924,.T.);
#3926=EDGE_LOOP('',(#3909,#3918,#3925));
#3927=FACE_BOUND('',#3926,.T.);
#3928=CARTESIAN_POINT('',(24.735917209,164.135438664,410.457613508));
#3929=VERTEX_POINT('',#3928);
#3930=CARTESIAN_POINT('',(26.835917209,162.035438664,410.457613508));
#3931=VERTEX_POINT('',#3930);
#3932=CARTESIAN_POINT('',(26.835917209,164.135438664,410.457613508));
#3933=DIRECTION('',(0.,0.,1.));
#3934=DIRECTION('',(0.,1.,-0.));
#3935=AXIS2_PLACEMENT_3D('',#3932,#3933,#3934);
#3936=CIRCLE('',#3935,2.1);
#3937=EDGE_CURVE('',#3929,#3931,#3936,.T.);
#3938=ORIENTED_EDGE('',*,*,#3937,.T.);
#3939=CARTESIAN_POINT('',(28.935917209,164.135438664,410.457613508));
#3940=VERTEX_POINT('',#3939);
#3941=CARTESIAN_POINT('',(26.835917209,164.135438664,410.457613508));
#3942=DIRECTION('',(0.,0.,1.));
#3943=DIRECTION('',(0.,1.,-0.));
#3944=AXIS2_PLACEMENT_3D('',#3941,#3942,#3943);
#3945=CIRCLE('',#3944,2.1);
#3946=EDGE_CURVE('',#3931,#3940,#3945,.T.);
#3947=ORIENTED_EDGE('',*,*,#3946,.T.);
#3948=CARTESIAN_POINT('',(26.835917209,164.135438664,410.457613508));
#3949=DIRECTION('',(0.,0.,1.));
#3950=DIRECTION('',(0.,1.,-0.));
#3951=AXIS2_PLACEMENT_3D('',#3948,#3949,#3950);
#3952=CIRCLE('',#3951,2.1);
#3953=EDGE_CURVE('',#3940,#3929,#3952,.T.);
#3954=ORIENTED_EDGE('',*,*,#3953,.T.);
#3955=EDGE_LOOP('',(#3938,#3947,#3954));
#3956=FACE_BOUND('',#3955,.T.);
#3957=CARTESIAN_POINT('',(49.235917209,134.135438664,410.457613508));
#3958=VERTEX_POINT('',#3957);
#3959=CARTESIAN_POINT('',(51.835917209,131.535438664,410.457613508));
#3960=VERTEX_POINT('',#3959);
#3961=CARTESIAN_POINT('',(51.835917209,134.135438664,410.457613508));
#3962=DIRECTION('',(-0.,0.,1.));
#3963=DIRECTION('',(0.,1.,-0.));
#3964=AXIS2_PLACEMENT_3D('',#3961,#3962,#3963);
#3965=CIRCLE('',#3964,2.6);
#3966=EDGE_CURVE('',#3958,#3960,#3965,.T.);
#3967=ORIENTED_EDGE('',*,*,#3966,.T.);
#3968=CARTESIAN_POINT('',(54.435917209,134.135438664,410.457613508));
#3969=VERTEX_POINT('',#3968);
#3970=CARTESIAN_POINT('',(51.835917209,134.135438664,410.457613508));
#3971=DIRECTION('',(-0.,0.,1.));
#3972=DIRECTION('',(0.,1.,-0.));
#3973=AXIS2_PLACEMENT_3D('',#3970,#3971,#3972);
#3974=CIRCLE('',#3973,2.6);
#3975=EDGE_CURVE('',#3960,#3969,#3974,.T.);
#3976=ORIENTED_EDGE('',*,*,#3975,.T.);
#3977=CARTESIAN_POINT('',(51.835917209,134.135438664,410.457613508));
#3978=DIRECTION('',(-0.,0.,1.));
#3979=DIRECTION('',(0.,1.,-0.));
#3980=AXIS2_PLACEMENT_3D('',#3977,#3978,#3979);
#3981=CIRCLE('',#3980,2.6);
#3982=EDGE_CURVE('',#3969,#3958,#3981,.T.);
#3983=ORIENTED_EDGE('',*,*,#3982,.T.);
#3984=EDGE_LOOP('',(#3967,#3976,#3983));
#3985=FACE_BOUND('',#3984,.T.);
#3986=CARTESIAN_POINT('',(-0.764082791,194.135438664,410.457613508));
#3987=VERTEX_POINT('',#3986);
#3988=CARTESIAN_POINT('',(1.835917209,191.535438664,410.457613508));
#3989=VERTEX_POINT('',#3988);
#3990=CARTESIAN_POINT('',(1.835917209,194.135438664,410.457613508));
#3991=DIRECTION('',(-0.,0.,1.));
#3992=DIRECTION('',(0.,1.,-0.));
#3993=AXIS2_PLACEMENT_3D('',#3990,#3991,#3992);
#3994=CIRCLE('',#3993,2.6);
#3995=EDGE_CURVE('',#3987,#3989,#3994,.T.);
#3996=ORIENTED_EDGE('',*,*,#3995,.T.);
#3997=CARTESIAN_POINT('',(4.435917209,194.135438664,410.457613508));
#3998=VERTEX_POINT('',#3997);
#3999=CARTESIAN_POINT('',(1.835917209,194.135438664,410.457613508));
#4000=DIRECTION('',(-0.,0.,1.));
#4001=DIRECTION('',(0.,1.,-0.));
#4002=AXIS2_PLACEMENT_3D('',#3999,#4000,#4001);
#4003=CIRCLE('',#4002,2.6);
#4004=EDGE_CURVE('',#3989,#3998,#4003,.T.);
#4005=ORIENTED_EDGE('',*,*,#4004,.T.);
#4006=CARTESIAN_POINT('',(1.835917209,194.135438664,410.457613508));
#4007=DIRECTION('',(-0.,0.,1.));
#4008=DIRECTION('',(0.,1.,-0.));
#4009=AXIS2_PLACEMENT_3D('',#4006,#4007,#4008);
#4010=CIRCLE('',#4009,2.6);
#4011=EDGE_CURVE('',#3998,#3987,#4010,.T.);
#4012=ORIENTED_EDGE('',*,*,#4011,.T.);
#4013=EDGE_LOOP('',(#3996,#4005,#4012));
#4014=FACE_BOUND('',#4013,.T.);
#4015=CARTESIAN_POINT('',(106.87863907,146.135438664,410.457613508));
#4016=VERTEX_POINT('',#4015);
#4017=CARTESIAN_POINT('',(98.87863907,154.135438664,410.457613508));
#4018=VERTEX_POINT('',#4017);
#4019=CARTESIAN_POINT('',(106.87863907,146.135438664,410.457613508));
#4020=CARTESIAN_POINT('',(106.485900128,146.135438664,410.457613508));
#4021=CARTESIAN_POINT('',(106.094501947,146.173960851,410.457613508));
#4022=CARTESIAN_POINT('',(105.703924331,146.212402276,410.457613508));
#4023=CARTESIAN_POINT('',(105.317916493,146.289156421,410.457613508));
#4024=CARTESIAN_POINT('',(104.932987534,146.365696041,410.457613508));
#4025=CARTESIAN_POINT('',(104.556361652,146.479915979,410.457613508));
#4026=CARTESIAN_POINT('',(104.180788425,146.593816675,410.457613508));
#4027=CARTESIAN_POINT('',(103.817171611,146.744402404,410.457613508));
#4028=CARTESIAN_POINT('',(103.454571092,146.894567252,410.457613508));
#4029=CARTESIAN_POINT('',(103.107465175,147.08006855,410.457613508));
#4030=CARTESIAN_POINT('',(102.761329406,147.265051378,410.457613508));
#4031=CARTESIAN_POINT('',(102.434077205,147.483681766,410.457613508));
#4032=CARTESIAN_POINT('',(102.107739663,147.70170109,410.457613508));
#4033=CARTESIAN_POINT('',(101.803492796,147.951355038,410.457613508));
#4034=CARTESIAN_POINT('',(101.500096289,148.200311211,410.457613508));
#4035=CARTESIAN_POINT('',(101.22178482,148.478584415,410.457613508));
#4036=CARTESIAN_POINT('',(100.944251222,148.756079855,410.457613508));
#4037=CARTESIAN_POINT('',(100.694555443,149.060292391,410.457613508));
#4038=CARTESIAN_POINT('',(100.445557554,149.363654664,410.457613508));
#4039=CARTESIAN_POINT('',(100.226882171,149.6908768,410.457613508));
#4040=CARTESIAN_POINT('',(100.008817978,150.017184362,410.457613508));
#4041=CARTESIAN_POINT('',(99.823268955,150.36426477,410.457613508));
#4042=CARTESIAN_POINT('',(99.638238535,150.7103751,410.457613508));
#4043=CARTESIAN_POINT('',(99.487602809,151.073971205,410.457613508));
#4044=CARTESIAN_POINT('',(99.337388106,151.436551072,410.457613508));
#4045=CARTESIAN_POINT('',(99.223116384,151.813161246,410.457613508));
#4046=CARTESIAN_POINT('',(99.109164047,152.188718808,410.457613508));
#4047=CARTESIAN_POINT('',(99.032356826,152.574716088,410.457613508));
#4048=CARTESIAN_POINT('',(98.955764279,152.95963452,410.457613508));
#4049=CARTESIAN_POINT('',(98.917161256,153.351301542,410.457613508));
#4050=CARTESIAN_POINT('',(98.878666127,153.741873868,410.457613508));
#4051=CARTESIAN_POINT('',(98.87863907,154.135438664,410.457613508));
#4052=B_SPLINE_CURVE_WITH_KNOTS('',2,(#4019,#4020,#4021,#4022,#4023,#4024,#4025,#4026,#4027,#4028,#4029,#4030,#4031,#4032,#4033,#4034,#4035,#4036,#4037,#4038,#4039,#4040,#4041,#4042,#4043,#4044,
#4045,#4046,#4047,#4048,#4049,#4050,#4051),.UNSPECIFIED.,.F.,.F.,(3,2,2,2,2,2,2,2,2,2,2,2,2,2,2,2,3),(0.,0.015625,0.03125,0.046875,0.0625,0.078125,0.09375,0.109375,0.125,0.140625,0.15625,0.171875,0.1875,0.203125,0.21875,0.234375,0.25),.UNSPECIFIED.);
#4053=EDGE_CURVE('',#4016,#4018,#4052,.T.);
#4054=ORIENTED_EDGE('',*,*,#4053,.F.);
#4055=CARTESIAN_POINT('',(114.87863907,154.135438664,410.457613508));
#4056=VERTEX_POINT('',#4055);
#4057=CARTESIAN_POINT('',(114.87863907,154.135438664,410.457613508));
#4058=CARTESIAN_POINT('',(114.878666052,153.742973868,410.457613508));
#4059=CARTESIAN_POINT('',(114.840116883,153.351301542,410.457613508));
#4060=CARTESIAN_POINT('',(114.801675458,152.960723926,410.457613508));
#4061=CARTESIAN_POINT('',(114.724921313,152.574716088,410.457613508));
#4062=CARTESIAN_POINT('',(114.648381693,152.189787129,410.457613508));
#4063=CARTESIAN_POINT('',(114.534161755,151.813161246,410.457613508));
#4064=CARTESIAN_POINT('',(114.420261059,151.43758802,410.457613508));
#4065=CARTESIAN_POINT('',(114.26967533,151.073971205,410.457613508));
#4066=CARTESIAN_POINT('',(114.119510483,150.711370688,410.457613508));
#4067=CARTESIAN_POINT('',(113.934009184,150.36426477,410.457613508));
#4068=CARTESIAN_POINT('',(113.749026356,150.018129001,410.457613508));
#4069=CARTESIAN_POINT('',(113.530395968,149.6908768,410.457613508));
#4070=CARTESIAN_POINT('',(113.312376644,149.364539258,410.457613508));
#4071=CARTESIAN_POINT('',(113.062722696,149.060292391,410.457613508));
#4072=CARTESIAN_POINT('',(112.813766523,148.756895884,410.457613508));
#4073=CARTESIAN_POINT('',(112.535493319,148.478584415,410.457613508));
#4074=CARTESIAN_POINT('',(112.257997879,148.201050817,410.457613508));
#4075=CARTESIAN_POINT('',(111.953785343,147.951355038,410.457613508));
#4076=CARTESIAN_POINT('',(111.65042307,147.702357149,410.457613508));
#4077=CARTESIAN_POINT('',(111.323200934,147.483681766,410.457613508));
#4078=CARTESIAN_POINT('',(110.996893372,147.265617573,410.457613508));
#4079=CARTESIAN_POINT('',(110.649812964,147.08006855,410.457613508));
#4080=CARTESIAN_POINT('',(110.303702634,146.895038129,410.457613508));
#4081=CARTESIAN_POINT('',(109.940106529,146.744402404,410.457613508));
#4082=CARTESIAN_POINT('',(109.577526661,146.594187701,410.457613508));
#4083=CARTESIAN_POINT('',(109.200916488,146.479915979,410.457613508));
#4084=CARTESIAN_POINT('',(108.825358926,146.365963642,410.457613508));
#4085=CARTESIAN_POINT('',(108.439361646,146.289156421,410.457613508));
#4086=CARTESIAN_POINT('',(108.054443214,146.212563874,410.457613508));
#4087=CARTESIAN_POINT('',(107.662776192,146.173960851,410.457613508));
#4088=CARTESIAN_POINT('',(107.271929339,146.135438664,410.457613508));
#4089=CARTESIAN_POINT('',(106.87863907,146.135438664,410.457613508));
#4090=B_SPLINE_CURVE_WITH_KNOTS('',2,(#4057,#4058,#4059,#4060,#4061,#4062,#4063,#4064,#4065,#4066,#4067,#4068,#4069,#4070,#4071,#4072,#4073,#4074,#4075,#4076,#4077,#4078,#4079,#4080,#4081,#4082,
#4083,#4084,#4085,#4086,#4087,#4088,#4089),.UNSPECIFIED.,.F.,.F.,(3,2,2,2,2,2,2,2,2,2,2,2,2,2,2,2,3),(0.75,0.765625,0.78125,0.796875,0.8125,0.828125,0.84375,0.859375,0.875,0.890625,0.90625,0.921875,0.9375,0.953125,0.96875,0.984375,1.),.UNSPECIFIED.);
#4091=EDGE_CURVE('',#4056,#4016,#4090,.T.);
#4092=ORIENTED_EDGE('',*,*,#4091,.F.);
#4093=CARTESIAN_POINT('',(98.87863907,154.135438664,410.457613508));
#4094=CARTESIAN_POINT('',(98.878612088,154.527903461,410.457613508));
#4095=CARTESIAN_POINT('',(98.917161256,154.919575787,410.457613508));
#4096=CARTESIAN_POINT('',(98.955602681,155.310153403,410.457613508));
#4097=CARTESIAN_POINT('',(99.032356826,155.696161241,410.457613508));
#4098=CARTESIAN_POINT('',(99.108896446,156.0810902,410.457613508));
#4099=CARTESIAN_POINT('',(99.223116384,156.457716082,410.457613508));
#4100=CARTESIAN_POINT('',(99.33701708,156.833289309,410.457613508));
#4101=CARTESIAN_POINT('',(99.487602809,157.196906123,410.457613508));
#4102=CARTESIAN_POINT('',(99.637767657,157.559506641,410.457613508));
#4103=CARTESIAN_POINT('',(99.823268955,157.906612559,410.457613508));
#4104=CARTESIAN_POINT('',(100.008251783,158.252748327,410.457613508));
#4105=CARTESIAN_POINT('',(100.226882171,158.580000529,410.457613508));
#4106=CARTESIAN_POINT('',(100.444901495,158.906338071,410.457613508));
#4107=CARTESIAN_POINT('',(100.694555443,159.210584938,410.457613508));
#4108=CARTESIAN_POINT('',(100.943511616,159.513981445,410.457613508));
#4109=CARTESIAN_POINT('',(101.22178482,159.792292914,410.457613508));
#4110=CARTESIAN_POINT('',(101.49928026,160.069826512,410.457613508));
#4111=CARTESIAN_POINT('',(101.803492796,160.319522291,410.457613508));
#4112=CARTESIAN_POINT('',(102.106855069,160.56852018,410.457613508));
#4113=CARTESIAN_POINT('',(102.434077205,160.787195563,410.457613508));
#4114=CARTESIAN_POINT('',(102.760384767,161.005259756,410.457613508));
#4115=CARTESIAN_POINT('',(103.107465175,161.190808779,410.457613508));
#4116=CARTESIAN_POINT('',(103.453575505,161.3758392,410.457613508));
#4117=CARTESIAN_POINT('',(103.817171611,161.526474925,410.457613508));
#4118=CARTESIAN_POINT('',(104.179751478,161.676689628,410.457613508));
#4119=CARTESIAN_POINT('',(104.556361652,161.79096135,410.457613508));
#4120=CARTESIAN_POINT('',(104.931919213,161.904913687,410.457613508));
#4121=CARTESIAN_POINT('',(105.317916493,161.981720908,410.457613508));
#4122=CARTESIAN_POINT('',(105.702834925,162.058313455,410.457613508));
#4123=CARTESIAN_POINT('',(106.094501947,162.096916478,410.457613508));
#4124=CARTESIAN_POINT('',(106.485074273,162.135411607,410.457613508));
#4125=CARTESIAN_POINT('',(106.87863907,162.135438664,410.457613508));
#4126=CARTESIAN_POINT('',(107.271103866,162.135465646,410.457613508));
#4127=CARTESIAN_POINT('',(107.662776192,162.096916478,410.457613508));
#4128=CARTESIAN_POINT('',(108.053353808,162.058475053,410.457613508));
#4129=CARTESIAN_POINT('',(108.439361646,161.981720908,410.457613508));
#4130=CARTESIAN_POINT('',(108.824290605,161.905181288,410.457613508));
#4131=CARTESIAN_POINT('',(109.200916488,161.79096135,410.457613508));
#4132=CARTESIAN_POINT('',(109.576489714,161.677060654,410.457613508));
#4133=CARTESIAN_POINT('',(109.940106529,161.526474925,410.457613508));
#4134=CARTESIAN_POINT('',(110.302707047,161.376310077,410.457613508));
#4135=CARTESIAN_POINT('',(110.649812964,161.190808779,410.457613508));
#4136=CARTESIAN_POINT('',(110.995948733,161.005825951,410.457613508));
#4137=CARTESIAN_POINT('',(111.323200934,160.787195563,410.457613508));
#4138=CARTESIAN_POINT('',(111.649538476,160.569176239,410.457613508));
#4139=CARTESIAN_POINT('',(111.953785343,160.319522291,410.457613508));
#4140=CARTESIAN_POINT('',(112.25718185,160.070566118,410.457613508));
#4141=CARTESIAN_POINT('',(112.535493319,159.792292914,410.457613508));
#4142=CARTESIAN_POINT('',(112.813026917,159.514797474,410.457613508));
#4143=CARTESIAN_POINT('',(113.062722696,159.210584938,410.457613508));
#4144=CARTESIAN_POINT('',(113.311720585,158.907222665,410.457613508));
#4145=CARTESIAN_POINT('',(113.530395968,158.580000529,410.457613508));
#4146=CARTESIAN_POINT('',(113.748460161,158.253692967,410.457613508));
#4147=CARTESIAN_POINT('',(113.934009184,157.906612559,410.457613508));
#4148=CARTESIAN_POINT('',(114.119039605,157.560502229,410.457613508));
#4149=CARTESIAN_POINT('',(114.26967533,157.196906123,410.457613508));
#4150=CARTESIAN_POINT('',(114.419890033,156.834326257,410.457613508));
#4151=CARTESIAN_POINT('',(114.534161755,156.457716082,410.457613508));
#4152=CARTESIAN_POINT('',(114.648114092,156.082158521,410.457613508));
#4153=CARTESIAN_POINT('',(114.724921313,155.696161241,410.457613508));
#4154=CARTESIAN_POINT('',(114.80151386,155.311242809,410.457613508));
#4155=CARTESIAN_POINT('',(114.840116883,154.919575787,410.457613508));
#4156=CARTESIAN_POINT('',(114.878612012,154.529003461,410.457613508));
#4157=CARTESIAN_POINT('',(114.87863907,154.135438664,410.457613508));
#4158=B_SPLINE_CURVE_WITH_KNOTS('',2,(#4093,#4094,#4095,#4096,#4097,#4098,#4099,#4100,#4101,#4102,#4103,#4104,#4105,#4106,#4107,#4108,#4109,#4110,#4111,#4112,#4113,#4114,#4115,#4116,#4117,#4118,
#4119,#4120,#4121,#4122,#4123,#4124,#4125,#4126,#4127,#4128,#4129,#4130,#4131,#4132,#4133,#4134,#4135,#4136,#4137,#4138,#4139,#4140,#4141,#4142,#4143,
#4144,#4145,#4146,#4147,#4148,#4149,#4150,#4151,#4152,#4153,#4154,#4155,#4156,#4157),.UNSPECIFIED.,.F.,.F.,(3,2,2,2,2,2,2,2,2,2,2,2,2,2,2,2,2,2,2,2,2,2,2,2,2,2,
2,2,2,2,2,2,3),(0.25,0.265625,0.28125,0.296875,0.3125,0.328125,0.34375,0.359375,0.375,0.390625,0.40625,0.421875,0.4375,0.453125,0.46875,0.484375,0.5,0.515625,0.53125,0.546875,0.5625,0.578125,0.59375,0.609375,0.625,0.640625,
0.65625,0.671875,0.6875,0.703125,0.71875,0.734375,0.75),.UNSPECIFIED.);
#4159=EDGE_CURVE('',#4018,#4056,#4158,.T.);
#4160=ORIENTED_EDGE('',*,*,#4159,.F.);
#4161=EDGE_LOOP('',(#4054,#4092,#4160));
#4162=FACE_BOUND('',#4161,.T.);
#4163=CARTESIAN_POINT('',(146.87863907,136.135438664,410.457613508));
#4164=VERTEX_POINT('',#4163);
#4165=CARTESIAN_POINT('',(138.87863907,144.135438664,410.457613508));
#4166=VERTEX_POINT('',#4165);
#4167=CARTESIAN_POINT('',(146.87863907,136.135438664,410.457613508));
#4168=CARTESIAN_POINT('',(146.485900128,136.135438664,410.457613508));
#4169=CARTESIAN_POINT('',(146.094501947,136.173960851,410.457613508));
#4170=CARTESIAN_POINT('',(145.703924331,136.212402276,410.457613508));
#4171=CARTESIAN_POINT('',(145.317916493,136.289156421,410.457613508));
#4172=CARTESIAN_POINT('',(144.932987534,136.365696041,410.457613508));
#4173=CARTESIAN_POINT('',(144.556361652,136.479915979,410.457613508));
#4174=CARTESIAN_POINT('',(144.180788425,136.593816675,410.457613508));
#4175=CARTESIAN_POINT('',(143.817171611,136.744402404,410.457613508));
#4176=CARTESIAN_POINT('',(143.454571092,136.894567252,410.457613508));
#4177=CARTESIAN_POINT('',(143.107465175,137.08006855,410.457613508));
#4178=CARTESIAN_POINT('',(142.761329406,137.265051378,410.457613508));
#4179=CARTESIAN_POINT('',(142.434077205,137.483681766,410.457613508));
#4180=CARTESIAN_POINT('',(142.107739663,137.70170109,410.457613508));
#4181=CARTESIAN_POINT('',(141.803492796,137.951355038,410.457613508));
#4182=CARTESIAN_POINT('',(141.500096289,138.200311211,410.457613508));
#4183=CARTESIAN_POINT('',(141.22178482,138.478584415,410.457613508));
#4184=CARTESIAN_POINT('',(140.944251222,138.756079855,410.457613508));
#4185=CARTESIAN_POINT('',(140.694555443,139.060292391,410.457613508));
#4186=CARTESIAN_POINT('',(140.445557554,139.363654664,410.457613508));
#4187=CARTESIAN_POINT('',(140.226882171,139.6908768,410.457613508));
#4188=CARTESIAN_POINT('',(140.008817978,140.017184362,410.457613508));
#4189=CARTESIAN_POINT('',(139.823268955,140.36426477,410.457613508));
#4190=CARTESIAN_POINT('',(139.638238535,140.7103751,410.457613508));
#4191=CARTESIAN_POINT('',(139.487602809,141.073971205,410.457613508));
#4192=CARTESIAN_POINT('',(139.337388106,141.436551072,410.457613508));
#4193=CARTESIAN_POINT('',(139.223116384,141.813161246,410.457613508));
#4194=CARTESIAN_POINT('',(139.109164047,142.188718808,410.457613508));
#4195=CARTESIAN_POINT('',(139.032356826,142.574716088,410.457613508));
#4196=CARTESIAN_POINT('',(138.955764279,142.95963452,410.457613508));
#4197=CARTESIAN_POINT('',(138.917161256,143.351301542,410.457613508));
#4198=CARTESIAN_POINT('',(138.878666127,143.741873868,410.457613508));
#4199=CARTESIAN_POINT('',(138.87863907,144.135438664,410.457613508));
#4200=B_SPLINE_CURVE_WITH_KNOTS('',2,(#4167,#4168,#4169,#4170,#4171,#4172,#4173,#4174,#4175,#4176,#4177,#4178,#4179,#4180,#4181,#4182,#4183,#4184,#4185,#4186,#4187,#4188,#4189,#4190,#4191,#4192,
#4193,#4194,#4195,#4196,#4197,#4198,#4199),.UNSPECIFIED.,.F.,.F.,(3,2,2,2,2,2,2,2,2,2,2,2,2,2,2,2,3),(0.,0.015625,0.03125,0.046875,0.0625,0.078125,0.09375,0.109375,0.125,0.140625,0.15625,0.171875,0.1875,0.203125,0.21875,0.234375,0.25),.UNSPECIFIED.);
#4201=EDGE_CURVE('',#4164,#4166,#4200,.T.);
#4202=ORIENTED_EDGE('',*,*,#4201,.F.);
#4203=CARTESIAN_POINT('',(154.87863907,144.135438664,410.457613508));
#4204=VERTEX_POINT('',#4203);
#4205=CARTESIAN_POINT('',(154.87863907,144.135438664,410.457613508));
#4206=CARTESIAN_POINT('',(154.878666052,143.742973868,410.457613508));
#4207=CARTESIAN_POINT('',(154.840116883,143.351301542,410.457613508));
#4208=CARTESIAN_POINT('',(154.801675458,142.960723926,410.457613508));
#4209=CARTESIAN_POINT('',(154.724921313,142.574716088,410.457613508));
#4210=CARTESIAN_POINT('',(154.648381693,142.189787129,410.457613508));
#4211=CARTESIAN_POINT('',(154.534161755,141.813161246,410.457613508));
#4212=CARTESIAN_POINT('',(154.420261059,141.43758802,410.457613508));
#4213=CARTESIAN_POINT('',(154.26967533,141.073971205,410.457613508));
#4214=CARTESIAN_POINT('',(154.119510483,140.711370688,410.457613508));
#4215=CARTESIAN_POINT('',(153.934009184,140.36426477,410.457613508));
#4216=CARTESIAN_POINT('',(153.749026356,140.018129001,410.457613508));
#4217=CARTESIAN_POINT('',(153.530395968,139.6908768,410.457613508));
#4218=CARTESIAN_POINT('',(153.312376644,139.364539258,410.457613508));
#4219=CARTESIAN_POINT('',(153.062722696,139.060292391,410.457613508));
#4220=CARTESIAN_POINT('',(152.813766523,138.756895884,410.457613508));
#4221=CARTESIAN_POINT('',(152.535493319,138.478584415,410.457613508));
#4222=CARTESIAN_POINT('',(152.257997879,138.201050817,410.457613508));
#4223=CARTESIAN_POINT('',(151.953785343,137.951355038,410.457613508));
#4224=CARTESIAN_POINT('',(151.65042307,137.702357149,410.457613508));
#4225=CARTESIAN_POINT('',(151.323200934,137.483681766,410.457613508));
#4226=CARTESIAN_POINT('',(150.996893372,137.265617573,410.457613508));
#4227=CARTESIAN_POINT('',(150.649812964,137.08006855,410.457613508));
#4228=CARTESIAN_POINT('',(150.303702634,136.895038129,410.457613508));
#4229=CARTESIAN_POINT('',(149.940106529,136.744402404,410.457613508));
#4230=CARTESIAN_POINT('',(149.577526661,136.594187701,410.457613508));
#4231=CARTESIAN_POINT('',(149.200916488,136.479915979,410.457613508));
#4232=CARTESIAN_POINT('',(148.825358926,136.365963642,410.457613508));
#4233=CARTESIAN_POINT('',(148.439361646,136.289156421,410.457613508));
#4234=CARTESIAN_POINT('',(148.054443214,136.212563874,410.457613508));
#4235=CARTESIAN_POINT('',(147.662776192,136.173960851,410.457613508));
#4236=CARTESIAN_POINT('',(147.271929339,136.135438664,410.457613508));
#4237=CARTESIAN_POINT('',(146.87863907,136.135438664,410.457613508));
#4238=B_SPLINE_CURVE_WITH_KNOTS('',2,(#4205,#4206,#4207,#4208,#4209,#4210,#4211,#4212,#4213,#4214,#4215,#4216,#4217,#4218,#4219,#4220,#4221,#4222,#4223,#4224,#4225,#4226,#4227,#4228,#4229,#4230,
#4231,#4232,#4233,#4234,#4235,#4236,#4237),.UNSPECIFIED.,.F.,.F.,(3,2,2,2,2,2,2,2,2,2,2,2,2,2,2,2,3),(0.75,0.765625,0.78125,0.796875,0.8125,0.828125,0.84375,0.859375,0.875,0.890625,0.90625,0.921875,0.9375,0.953125,0.96875,0.984375,1.),.UNSPECIFIED.);
#4239=EDGE_CURVE('',#4204,#4164,#4238,.T.);
#4240=ORIENTED_EDGE('',*,*,#4239,.F.);
#4241=CARTESIAN_POINT('',(138.87863907,144.135438664,410.457613508));
#4242=CARTESIAN_POINT('',(138.878612088,144.52790346,410.457613508));
#4243=CARTESIAN_POINT('',(138.917161256,144.919575787,410.457613508));
#4244=CARTESIAN_POINT('',(138.955602681,145.310153403,410.457613508));
#4245=CARTESIAN_POINT('',(139.032356826,145.696161241,410.457613508));
#4246=CARTESIAN_POINT('',(139.108896446,146.0810902,410.457613508));
#4247=CARTESIAN_POINT('',(139.223116384,146.457716082,410.457613508));
#4248=CARTESIAN_POINT('',(139.33701708,146.833289309,410.457613508));
#4249=CARTESIAN_POINT('',(139.487602809,147.196906123,410.457613508));
#4250=CARTESIAN_POINT('',(139.637767657,147.559506641,410.457613508));
#4251=CARTESIAN_POINT('',(139.823268955,147.906612559,410.457613508));
#4252=CARTESIAN_POINT('',(140.008251783,148.252748327,410.457613508));
#4253=CARTESIAN_POINT('',(140.226882171,148.580000529,410.457613508));
#4254=CARTESIAN_POINT('',(140.444901495,148.906338071,410.457613508));
#4255=CARTESIAN_POINT('',(140.694555443,149.210584938,410.457613508));
#4256=CARTESIAN_POINT('',(140.943511617,149.513981445,410.457613508));
#4257=CARTESIAN_POINT('',(141.22178482,149.792292914,410.457613508));
#4258=CARTESIAN_POINT('',(141.49928026,150.069826512,410.457613508));
#4259=CARTESIAN_POINT('',(141.803492796,150.319522291,410.457613508));
#4260=CARTESIAN_POINT('',(142.106855069,150.56852018,410.457613508));
#4261=CARTESIAN_POINT('',(142.434077205,150.787195563,410.457613508));
#4262=CARTESIAN_POINT('',(142.760384767,151.005259756,410.457613508));
#4263=CARTESIAN_POINT('',(143.107465175,151.190808779,410.457613508));
#4264=CARTESIAN_POINT('',(143.453575505,151.375839199,410.457613508));
#4265=CARTESIAN_POINT('',(143.817171611,151.526474925,410.457613508));
#4266=CARTESIAN_POINT('',(144.179751478,151.676689628,410.457613508));
#4267=CARTESIAN_POINT('',(144.556361652,151.79096135,410.457613508));
#4268=CARTESIAN_POINT('',(144.931919213,151.904913687,410.457613508));
#4269=CARTESIAN_POINT('',(145.317916493,151.981720908,410.457613508));
#4270=CARTESIAN_POINT('',(145.702834925,152.058313455,410.457613508));
#4271=CARTESIAN_POINT('',(146.094501947,152.096916478,410.457613508));
#4272=CARTESIAN_POINT('',(146.485074273,152.135411607,410.457613508));
#4273=CARTESIAN_POINT('',(146.87863907,152.135438664,410.457613508));
#4274=CARTESIAN_POINT('',(147.271103866,152.135465646,410.457613508));
#4275=CARTESIAN_POINT('',(147.662776192,152.096916478,410.457613508));
#4276=CARTESIAN_POINT('',(148.053353808,152.058475053,410.457613508));
#4277=CARTESIAN_POINT('',(148.439361646,151.981720908,410.457613508));
#4278=CARTESIAN_POINT('',(148.824290605,151.905181288,410.457613508));
#4279=CARTESIAN_POINT('',(149.200916488,151.79096135,410.457613508));
#4280=CARTESIAN_POINT('',(149.576489714,151.677060654,410.457613508));
#4281=CARTESIAN_POINT('',(149.940106529,151.526474925,410.457613508));
#4282=CARTESIAN_POINT('',(150.302707047,151.376310077,410.457613508));
#4283=CARTESIAN_POINT('',(150.649812964,151.190808779,410.457613508));
#4284=CARTESIAN_POINT('',(150.995948733,151.005825951,410.457613508));
#4285=CARTESIAN_POINT('',(151.323200934,150.787195563,410.457613508));
#4286=CARTESIAN_POINT('',(151.649538476,150.569176239,410.457613508));
#4287=CARTESIAN_POINT('',(151.953785343,150.319522291,410.457613508));
#4288=CARTESIAN_POINT('',(152.25718185,150.070566118,410.457613508));
#4289=CARTESIAN_POINT('',(152.535493319,149.792292914,410.457613508));
#4290=CARTESIAN_POINT('',(152.813026917,149.514797474,410.457613508));
#4291=CARTESIAN_POINT('',(153.062722696,149.210584938,410.457613508));
#4292=CARTESIAN_POINT('',(153.311720585,148.907222665,410.457613508));
#4293=CARTESIAN_POINT('',(153.530395968,148.580000529,410.457613508));
#4294=CARTESIAN_POINT('',(153.748460161,148.253692967,410.457613508));
#4295=CARTESIAN_POINT('',(153.934009184,147.906612559,410.457613508));
#4296=CARTESIAN_POINT('',(154.119039604,147.560502229,410.457613508));
#4297=CARTESIAN_POINT('',(154.26967533,147.196906123,410.457613508));
#4298=CARTESIAN_POINT('',(154.419890033,146.834326257,410.457613508));
#4299=CARTESIAN_POINT('',(154.534161755,146.457716082,410.457613508));
#4300=CARTESIAN_POINT('',(154.648114092,146.082158521,410.457613508));
#4301=CARTESIAN_POINT('',(154.724921313,145.696161241,410.457613508));
#4302=CARTESIAN_POINT('',(154.80151386,145.311242809,410.457613508));
#4303=CARTESIAN_POINT('',(154.840116883,144.919575787,410.457613508));
#4304=CARTESIAN_POINT('',(154.878612012,144.529003461,410.457613508));
#4305=CARTESIAN_POINT('',(154.87863907,144.135438664,410.457613508));
#4306=B_SPLINE_CURVE_WITH_KNOTS('',2,(#4241,#4242,#4243,#4244,#4245,#4246,#4247,#4248,#4249,#4250,#4251,#4252,#4253,#4254,#4255,#4256,#4257,#4258,#4259,#4260,#4261,#4262,#4263,#4264,#4265,#4266,
#4267,#4268,#4269,#4270,#4271,#4272,#4273,#4274,#4275,#4276,#4277,#4278,#4279,#4280,#4281,#4282,#4283,#4284,#4285,#4286,#4287,#4288,#4289,#4290,#4291,
#4292,#4293,#4294,#4295,#4296,#4297,#4298,#4299,#4300,#4301,#4302,#4303,#4304,#4305),.UNSPECIFIED.,.F.,.F.,(3,2,2,2,2,2,2,2,2,2,2,2,2,2,2,2,2,2,2,2,2,2,2,2,2,2,
2,2,2,2,2,2,3),(0.25,0.265625,0.28125,0.296875,0.3125,0.328125,0.34375,0.359375,0.375,0.390625,0.40625,0.421875,0.4375,0.453125,0.46875,0.484375,0.5,0.515625,0.53125,0.546875,0.5625,0.578125,0.59375,0.609375,0.625,0.640625,
0.65625,0.671875,0.6875,0.703125,0.71875,0.734375,0.75),.UNSPECIFIED.);
#4307=EDGE_CURVE('',#4166,#4204,#4306,.T.);
#4308=ORIENTED_EDGE('',*,*,#4307,.F.);
#4309=EDGE_LOOP('',(#4202,#4240,#4308));
#4310=FACE_BOUND('',#4309,.T.);
#4311=CARTESIAN_POINT('',(186.87863907,146.135438664,410.457613508));
#4312=VERTEX_POINT('',#4311);
#4313=CARTESIAN_POINT('',(178.87863907,154.135438664,410.457613508));
#4314=VERTEX_POINT('',#4313);
#4315=CARTESIAN_POINT('',(186.87863907,146.135438664,410.457613508));
#4316=CARTESIAN_POINT('',(186.485900128,146.135438664,410.457613508));
#4317=CARTESIAN_POINT('',(186.094501947,146.173960851,410.457613508));
#4318=CARTESIAN_POINT('',(185.703924331,146.212402276,410.457613508));
#4319=CARTESIAN_POINT('',(185.317916493,146.289156421,410.457613508));
#4320=CARTESIAN_POINT('',(184.932987534,146.365696041,410.457613508));
#4321=CARTESIAN_POINT('',(184.556361652,146.479915979,410.457613508));
#4322=CARTESIAN_POINT('',(184.180788425,146.593816675,410.457613508));
#4323=CARTESIAN_POINT('',(183.817171611,146.744402404,410.457613508));
#4324=CARTESIAN_POINT('',(183.454571093,146.894567252,410.457613508));
#4325=CARTESIAN_POINT('',(183.107465175,147.08006855,410.457613508));
#4326=CARTESIAN_POINT('',(182.761329406,147.265051378,410.457613508));
#4327=CARTESIAN_POINT('',(182.434077205,147.483681766,410.457613508));
#4328=CARTESIAN_POINT('',(182.107739663,147.70170109,410.457613508));
#4329=CARTESIAN_POINT('',(181.803492796,147.951355038,410.457613508));
#4330=CARTESIAN_POINT('',(181.500096289,148.200311211,410.457613508));
#4331=CARTESIAN_POINT('',(181.22178482,148.478584415,410.457613508));
#4332=CARTESIAN_POINT('',(180.944251222,148.756079855,410.457613508));
#4333=CARTESIAN_POINT('',(180.694555443,149.060292391,410.457613508));
#4334=CARTESIAN_POINT('',(180.445557554,149.363654664,410.457613508));
#4335=CARTESIAN_POINT('',(180.226882171,149.6908768,410.457613508));
#4336=CARTESIAN_POINT('',(180.008817978,150.017184362,410.457613508));
#4337=CARTESIAN_POINT('',(179.823268955,150.36426477,410.457613508));
#4338=CARTESIAN_POINT('',(179.638238535,150.7103751,410.457613508));
#4339=CARTESIAN_POINT('',(179.487602809,151.073971205,410.457613508));
#4340=CARTESIAN_POINT('',(179.337388106,151.436551073,410.457613508));
#4341=CARTESIAN_POINT('',(179.223116384,151.813161246,410.457613508));
#4342=CARTESIAN_POINT('',(179.109164047,152.188718808,410.457613508));
#4343=CARTESIAN_POINT('',(179.032356826,152.574716088,410.457613508));
#4344=CARTESIAN_POINT('',(178.955764279,152.95963452,410.457613508));
#4345=CARTESIAN_POINT('',(178.917161256,153.351301542,410.457613508));
#4346=CARTESIAN_POINT('',(178.878666127,153.741873868,410.457613508));
#4347=CARTESIAN_POINT('',(178.87863907,154.135438664,410.457613508));
#4348=B_SPLINE_CURVE_WITH_KNOTS('',2,(#4315,#4316,#4317,#4318,#4319,#4320,#4321,#4322,#4323,#4324,#4325,#4326,#4327,#4328,#4329,#4330,#4331,#4332,#4333,#4334,#4335,#4336,#4337,#4338,#4339,#4340,
#4341,#4342,#4343,#4344,#4345,#4346,#4347),.UNSPECIFIED.,.F.,.F.,(3,2,2,2,2,2,2,2,2,2,2,2,2,2,2,2,3),(0.,0.015625,0.03125,0.046875,0.0625,0.078125,0.09375,0.109375,0.125,0.140625,0.15625,0.171875,0.1875,0.203125,0.21875,0.234375,0.25),.UNSPECIFIED.);
#4349=EDGE_CURVE('',#4312,#4314,#4348,.T.);
#4350=ORIENTED_EDGE('',*,*,#4349,.F.);
#4351=CARTESIAN_POINT('',(194.87863907,154.135438664,410.457613508));
#4352=VERTEX_POINT('',#4351);
#4353=CARTESIAN_POINT('',(194.87863907,154.135438664,410.457613508));
#4354=CARTESIAN_POINT('',(194.878666052,153.742973868,410.457613508));
#4355=CARTESIAN_POINT('',(194.840116883,153.351301542,410.457613508));
#4356=CARTESIAN_POINT('',(194.801675458,152.960723926,410.457613508));
#4357=CARTESIAN_POINT('',(194.724921313,152.574716088,410.457613508));
#4358=CARTESIAN_POINT('',(194.648381693,152.189787129,410.457613508));
#4359=CARTESIAN_POINT('',(194.534161755,151.813161246,410.457613508));
#4360=CARTESIAN_POINT('',(194.420261059,151.43758802,410.457613508));
#4361=CARTESIAN_POINT('',(194.26967533,151.073971205,410.457613508));
#4362=CARTESIAN_POINT('',(194.119510482,150.711370687,410.457613508));
#4363=CARTESIAN_POINT('',(193.934009184,150.36426477,410.457613508));
#4364=CARTESIAN_POINT('',(193.749026356,150.018129001,410.457613508));
#4365=CARTESIAN_POINT('',(193.530395968,149.6908768,410.457613508));
#4366=CARTESIAN_POINT('',(193.312376644,149.364539258,410.457613508));
#4367=CARTESIAN_POINT('',(193.062722696,149.060292391,410.457613508));
#4368=CARTESIAN_POINT('',(192.813766523,148.756895884,410.457613508));
#4369=CARTESIAN_POINT('',(192.535493319,148.478584415,410.457613508));
#4370=CARTESIAN_POINT('',(192.257997879,148.201050817,410.457613508));
#4371=CARTESIAN_POINT('',(191.953785343,147.951355038,410.457613508));
#4372=CARTESIAN_POINT('',(191.65042307,147.702357149,410.457613508));
#4373=CARTESIAN_POINT('',(191.323200934,147.483681766,410.457613508));
#4374=CARTESIAN_POINT('',(190.996893372,147.265617573,410.457613508));
#4375=CARTESIAN_POINT('',(190.649812964,147.08006855,410.457613508));
#4376=CARTESIAN_POINT('',(190.303702634,146.895038129,410.457613508));
#4377=CARTESIAN_POINT('',(189.940106529,146.744402404,410.457613508));
#4378=CARTESIAN_POINT('',(189.577526662,146.594187701,410.457613508));
#4379=CARTESIAN_POINT('',(189.200916488,146.479915979,410.457613508));
#4380=CARTESIAN_POINT('',(188.825358926,146.365963642,410.457613508));
#4381=CARTESIAN_POINT('',(188.439361646,146.289156421,410.457613508));
#4382=CARTESIAN_POINT('',(188.054443214,146.212563874,410.457613508));
#4383=CARTESIAN_POINT('',(187.662776192,146.173960851,410.457613508));
#4384=CARTESIAN_POINT('',(187.271929339,146.135438664,410.457613508));
#4385=CARTESIAN_POINT('',(186.87863907,146.135438664,410.457613508));
#4386=B_SPLINE_CURVE_WITH_KNOTS('',2,(#4353,#4354,#4355,#4356,#4357,#4358,#4359,#4360,#4361,#4362,#4363,#4364,#4365,#4366,#4367,#4368,#4369,#4370,#4371,#4372,#4373,#4374,#4375,#4376,#4377,#4378,
#4379,#4380,#4381,#4382,#4383,#4384,#4385),.UNSPECIFIED.,.F.,.F.,(3,2,2,2,2,2,2,2,2,2,2,2,2,2,2,2,3),(0.75,0.765625,0.78125,0.796875,0.8125,0.828125,0.84375,0.859375,0.875,0.890625,0.90625,0.921875,0.9375,0.953125,0.96875,0.984375,1.),.UNSPECIFIED.);
#4387=EDGE_CURVE('',#4352,#4312,#4386,.T.);
#4388=ORIENTED_EDGE('',*,*,#4387,.F.);
#4389=CARTESIAN_POINT('',(178.87863907,154.135438664,410.457613508));
#4390=CARTESIAN_POINT('',(178.878612088,154.52790346,410.457613508));
#4391=CARTESIAN_POINT('',(178.917161256,154.919575787,410.457613508));
#4392=CARTESIAN_POINT('',(178.955602681,155.310153403,410.457613508));
#4393=CARTESIAN_POINT('',(179.032356826,155.696161241,410.457613508));
#4394=CARTESIAN_POINT('',(179.108896446,156.0810902,410.457613508));
#4395=CARTESIAN_POINT('',(179.223116384,156.457716082,410.457613508));
#4396=CARTESIAN_POINT('',(179.33701708,156.833289309,410.457613508));
#4397=CARTESIAN_POINT('',(179.487602809,157.196906123,410.457613508));
#4398=CARTESIAN_POINT('',(179.637767657,157.559506641,410.457613508));
#4399=CARTESIAN_POINT('',(179.823268955,157.906612559,410.457613508));
#4400=CARTESIAN_POINT('',(180.008251783,158.252748328,410.457613508));
#4401=CARTESIAN_POINT('',(180.226882171,158.580000529,410.457613508));
#4402=CARTESIAN_POINT('',(180.444901495,158.906338071,410.457613508));
#4403=CARTESIAN_POINT('',(180.694555443,159.210584938,410.457613508));
#4404=CARTESIAN_POINT('',(180.943511616,159.513981445,410.457613508));
#4405=CARTESIAN_POINT('',(181.22178482,159.792292914,410.457613508));
#4406=CARTESIAN_POINT('',(181.49928026,160.069826512,410.457613508));
#4407=CARTESIAN_POINT('',(181.803492796,160.319522291,410.457613508));
#4408=CARTESIAN_POINT('',(182.106855069,160.56852018,410.457613508));
#4409=CARTESIAN_POINT('',(182.434077205,160.787195563,410.457613508));
#4410=CARTESIAN_POINT('',(182.760384767,161.005259756,410.457613508));
#4411=CARTESIAN_POINT('',(183.107465175,161.190808779,410.457613508));
#4412=CARTESIAN_POINT('',(183.453575505,161.375839199,410.457613508));
#4413=CARTESIAN_POINT('',(183.817171611,161.526474925,410.457613508));
#4414=CARTESIAN_POINT('',(184.179751478,161.676689628,410.457613508));
#4415=CARTESIAN_POINT('',(184.556361652,161.79096135,410.457613508));
#4416=CARTESIAN_POINT('',(184.931919213,161.904913687,410.457613508));
#4417=CARTESIAN_POINT('',(185.317916493,161.981720908,410.457613508));
#4418=CARTESIAN_POINT('',(185.702834925,162.058313455,410.457613508));
#4419=CARTESIAN_POINT('',(186.094501947,162.096916478,410.457613508));
#4420=CARTESIAN_POINT('',(186.485074273,162.135411607,410.457613508));
#4421=CARTESIAN_POINT('',(186.87863907,162.135438664,410.457613508));
#4422=CARTESIAN_POINT('',(187.271103866,162.135465646,410.457613508));
#4423=CARTESIAN_POINT('',(187.662776192,162.096916478,410.457613508));
#4424=CARTESIAN_POINT('',(188.053353808,162.058475053,410.457613508));
#4425=CARTESIAN_POINT('',(188.439361646,161.981720908,410.457613508));
#4426=CARTESIAN_POINT('',(188.824290605,161.905181288,410.457613508));
#4427=CARTESIAN_POINT('',(189.200916488,161.79096135,410.457613508));
#4428=CARTESIAN_POINT('',(189.576489714,161.677060654,410.457613508));
#4429=CARTESIAN_POINT('',(189.940106529,161.526474925,410.457613508));
#4430=CARTESIAN_POINT('',(190.302707047,161.376310077,410.457613508));
#4431=CARTESIAN_POINT('',(190.649812964,161.190808779,410.457613508));
#4432=CARTESIAN_POINT('',(190.995948733,161.005825951,410.457613508));
#4433=CARTESIAN_POINT('',(191.323200934,160.787195563,410.457613508));
#4434=CARTESIAN_POINT('',(191.649538476,160.569176239,410.457613508));
#4435=CARTESIAN_POINT('',(191.953785343,160.319522291,410.457613508));
#4436=CARTESIAN_POINT('',(192.25718185,160.070566118,410.457613508));
#4437=CARTESIAN_POINT('',(192.535493319,159.792292914,410.457613508));
#4438=CARTESIAN_POINT('',(192.813026917,159.514797474,410.457613508));
#4439=CARTESIAN_POINT('',(193.062722696,159.210584938,410.457613508));
#4440=CARTESIAN_POINT('',(193.311720585,158.907222665,410.457613508));
#4441=CARTESIAN_POINT('',(193.530395968,158.580000529,410.457613508));
#4442=CARTESIAN_POINT('',(193.748460161,158.253692967,410.457613508));
#4443=CARTESIAN_POINT('',(193.934009184,157.906612559,410.457613508));
#4444=CARTESIAN_POINT('',(194.119039605,157.560502229,410.457613508));
#4445=CARTESIAN_POINT('',(194.26967533,157.196906123,410.457613508));
#4446=CARTESIAN_POINT('',(194.419890033,156.834326256,410.457613508));
#4447=CARTESIAN_POINT('',(194.534161755,156.457716082,410.457613508));
#4448=CARTESIAN_POINT('',(194.648114092,156.082158521,410.457613508));
#4449=CARTESIAN_POINT('',(194.724921313,155.696161241,410.457613508));
#4450=CARTESIAN_POINT('',(194.80151386,155.311242809,410.457613508));
#4451=CARTESIAN_POINT('',(194.840116883,154.919575787,410.457613508));
#4452=CARTESIAN_POINT('',(194.878612012,154.529003461,410.457613508));
#4453=CARTESIAN_POINT('',(194.87863907,154.135438664,410.457613508));
#4454=B_SPLINE_CURVE_WITH_KNOTS('',2,(#4389,#4390,#4391,#4392,#4393,#4394,#4395,#4396,#4397,#4398,#4399,#4400,#4401,#4402,#4403,#4404,#4405,#4406,#4407,#4408,#4409,#4410,#4411,#4412,#4413,#4414,
#4415,#4416,#4417,#4418,#4419,#4420,#4421,#4422,#4423,#4424,#4425,#4426,#4427,#4428,#4429,#4430,#4431,#4432,#4433,#4434,#4435,#4436,#4437,#4438,#4439,
#4440,#4441,#4442,#4443,#4444,#4445,#4446,#4447,#4448,#4449,#4450,#4451,#4452,#4453),.UNSPECIFIED.,.F.,.F.,(3,2,2,2,2,2,2,2,2,2,2,2,2,2,2,2,2,2,2,2,2,2,2,2,2,2,
2,2,2,2,2,2,3),(0.25,0.265625,0.28125,0.296875,0.3125,0.328125,0.34375,0.359375,0.375,0.390625,0.40625,0.421875,0.4375,0.453125,0.46875,0.484375,0.5,0.515625,0.53125,0.546875,0.5625,0.578125,0.59375,0.609375,0.625,0.640625,
0.65625,0.671875,0.6875,0.703125,0.71875,0.734375,0.75),.UNSPECIFIED.);
#4455=EDGE_CURVE('',#4314,#4352,#4454,.T.);
#4456=ORIENTED_EDGE('',*,*,#4455,.F.);
#4457=EDGE_LOOP('',(#4350,#4388,#4456));
#4458=FACE_BOUND('',#4457,.T.);
#4459=CARTESIAN_POINT('',(51.835917209,191.635438664,410.457613508));
#4460=VERTEX_POINT('',#4459);
#4461=CARTESIAN_POINT('',(51.835917209,196.635438664,410.457613508));
#4462=VERTEX_POINT('',#4461);
#4463=CARTESIAN_POINT('',(51.835917209,194.135438664,410.457613508));
#4464=DIRECTION('',(0.,-0.,-1.));
#4465=DIRECTION('',(0.,1.,-0.));
#4466=AXIS2_PLACEMENT_3D('',#4463,#4464,#4465);
#4467=CIRCLE('',#4466,2.5);
#4468=EDGE_CURVE('',#4460,#4462,#4467,.T.);
#4469=ORIENTED_EDGE('',*,*,#4468,.F.);
#4470=CARTESIAN_POINT('',(51.835917209,194.135438664,410.457613508));
#4471=DIRECTION('',(0.,-0.,-1.));
#4472=DIRECTION('',(0.,1.,-0.));
#4473=AXIS2_PLACEMENT_3D('',#4470,#4471,#4472);
#4474=CIRCLE('',#4473,2.5);
#4475=EDGE_CURVE('',#4462,#4460,#4474,.T.);
#4476=ORIENTED_EDGE('',*,*,#4475,.F.);
#4477=EDGE_LOOP('',(#4469,#4476));
#4478=FACE_BOUND('',#4477,.T.);
#4479=CARTESIAN_POINT('',(291.92136093,161.635438664,410.457613508));
#4480=VERTEX_POINT('',#4479);
#4481=CARTESIAN_POINT('',(291.92136093,166.635438664,410.457613508));
#4482=VERTEX_POINT('',#4481);
#4483=CARTESIAN_POINT('',(291.92136093,164.135438664,410.457613508));
#4484=DIRECTION('',(0.,-0.,-1.));
#4485=DIRECTION('',(0.,1.,-0.));
#4486=AXIS2_PLACEMENT_3D('',#4483,#4484,#4485);
#4487=CIRCLE('',#4486,2.5);
#4488=EDGE_CURVE('',#4480,#4482,#4487,.T.);
#4489=ORIENTED_EDGE('',*,*,#4488,.F.);
#4490=CARTESIAN_POINT('',(291.92136093,164.135438664,410.457613508));
#4491=DIRECTION('',(0.,-0.,-1.));
#4492=DIRECTION('',(0.,1.,-0.));
#4493=AXIS2_PLACEMENT_3D('',#4490,#4491,#4492);
#4494=CIRCLE('',#4493,2.5);
#4495=EDGE_CURVE('',#4482,#4480,#4494,.T.);
#4496=ORIENTED_EDGE('',*,*,#4495,.F.);
#4497=EDGE_LOOP('',(#4489,#4496));
#4498=FACE_BOUND('',#4497,.T.);
#4499=CARTESIAN_POINT('',(1.835917209,161.635438664,410.457613508));
#4500=VERTEX_POINT('',#4499);
#4501=CARTESIAN_POINT('',(1.835917209,166.635438664,410.457613508));
#4502=VERTEX_POINT('',#4501);
#4503=CARTESIAN_POINT('',(1.835917209,164.135438664,410.457613508));
#4504=DIRECTION('',(0.,-0.,-1.));
#4505=DIRECTION('',(0.,1.,-0.));
#4506=AXIS2_PLACEMENT_3D('',#4503,#4504,#4505);
#4507=CIRCLE('',#4506,2.5);
#4508=EDGE_CURVE('',#4500,#4502,#4507,.T.);
#4509=ORIENTED_EDGE('',*,*,#4508,.F.);
#4510=CARTESIAN_POINT('',(1.835917209,164.135438664,410.457613508));
#4511=DIRECTION('',(0.,-0.,-1.));
#4512=DIRECTION('',(0.,1.,-0.));
#4513=AXIS2_PLACEMENT_3D('',#4510,#4511,#4512);
#4514=CIRCLE('',#4513,2.5);
#4515=EDGE_CURVE('',#4502,#4500,#4514,.T.);
#4516=ORIENTED_EDGE('',*,*,#4515,.F.);
#4517=EDGE_LOOP('',(#4509,#4516));
#4518=FACE_BOUND('',#4517,.T.);
#4519=CARTESIAN_POINT('',(196.341299508,187.851167417,410.457613508));
#4520=VERTEX_POINT('',#4519);
#4521=CARTESIAN_POINT('',(196.341299508,250.956944835,410.457613508));
#4522=VERTEX_POINT('',#4521);
#4523=CARTESIAN_POINT('',(196.341299508,187.851167417,410.457613508));
#4524=DIRECTION('',(0.,1.,-0.));
#4525=VECTOR('',#4524,63.105777418);
#4526=LINE('',#4523,#4525);
#4527=EDGE_CURVE('',#4520,#4522,#4526,.T.);
#4528=ORIENTED_EDGE('',*,*,#4527,.T.);
#4529=CARTESIAN_POINT('',(194.341299508,252.956944835,410.457613508));
#4530=VERTEX_POINT('',#4529);
#4531=CARTESIAN_POINT('',(194.341299508,250.956944835,410.457613508));
#4532=DIRECTION('',(-0.,0.,1.));
#4533=DIRECTION('',(0.,1.,-0.));
#4534=AXIS2_PLACEMENT_3D('',#4531,#4532,#4533);
#4535=CIRCLE('',#4534,2.);
#4536=EDGE_CURVE('',#4522,#4530,#4535,.T.);
#4537=ORIENTED_EDGE('',*,*,#4536,.T.);
#4538=CARTESIAN_POINT('',(189.415978631,252.956944835,410.457613508));
#4539=VERTEX_POINT('',#4538);
#4540=CARTESIAN_POINT('',(194.341299508,252.956944835,410.457613508));
#4541=DIRECTION('',(-1.,0.,0.));
#4542=VECTOR('',#4541,4.925320877);
#4543=LINE('',#4540,#4542);
#4544=EDGE_CURVE('',#4530,#4539,#4543,.T.);
#4545=ORIENTED_EDGE('',*,*,#4544,.T.);
#4546=CARTESIAN_POINT('',(187.415978631,250.956944835,410.457613508));
#4547=VERTEX_POINT('',#4546);
#4548=CARTESIAN_POINT('',(189.415978631,250.956944835,410.457613508));
#4549=DIRECTION('',(-0.,0.,1.));
#4550=DIRECTION('',(0.,1.,-0.));
#4551=AXIS2_PLACEMENT_3D('',#4548,#4549,#4550);
#4552=CIRCLE('',#4551,2.);
#4553=EDGE_CURVE('',#4539,#4547,#4552,.T.);
#4554=ORIENTED_EDGE('',*,*,#4553,.T.);
#4555=CARTESIAN_POINT('',(187.415978631,187.851167417,410.457613508));
#4556=VERTEX_POINT('',#4555);
#4557=CARTESIAN_POINT('',(187.415978631,250.956944835,410.457613508));
#4558=DIRECTION('',(0.,-1.,0.));
#4559=VECTOR('',#4558,63.105777418);
#4560=LINE('',#4557,#4559);
#4561=EDGE_CURVE('',#4547,#4556,#4560,.T.);
#4562=ORIENTED_EDGE('',*,*,#4561,.T.);
#4563=CARTESIAN_POINT('',(189.415978631,185.851167417,410.457613508));
#4564=VERTEX_POINT('',#4563);
#4565=CARTESIAN_POINT('',(189.415978631,187.851167417,410.457613508));
#4566=DIRECTION('',(-0.,0.,1.));
#4567=DIRECTION('',(0.,1.,-0.));
#4568=AXIS2_PLACEMENT_3D('',#4565,#4566,#4567);
#4569=CIRCLE('',#4568,2.);
#4570=EDGE_CURVE('',#4556,#4564,#4569,.T.);
#4571=ORIENTED_EDGE('',*,*,#4570,.T.);
#4572=CARTESIAN_POINT('',(194.341299508,185.851167417,410.457613508));
#4573=VERTEX_POINT('',#4572);
#4574=CARTESIAN_POINT('',(189.415978631,185.851167417,410.457613508));
#4575=DIRECTION('',(1.,0.,-0.));
#4576=VECTOR('',#4575,4.925320877);
#4577=LINE('',#4574,#4576);
#4578=EDGE_CURVE('',#4564,#4573,#4577,.T.);
#4579=ORIENTED_EDGE('',*,*,#4578,.T.);
#4580=CARTESIAN_POINT('',(194.341299508,187.851167417,410.457613508));
#4581=DIRECTION('',(-0.,0.,1.));
#4582=DIRECTION('',(0.,1.,-0.));
#4583=AXIS2_PLACEMENT_3D('',#4580,#4581,#4582);
#4584=CIRCLE('',#4583,2.);
#4585=EDGE_CURVE('',#4573,#4520,#4584,.T.);
#4586=ORIENTED_EDGE('',*,*,#4585,.T.);
#4587=EDGE_LOOP('',(#4528,#4537,#4545,#4554,#4562,#4571,#4579,#4586));
#4588=FACE_BOUND('',#4587,.T.);
#4589=ADVANCED_FACE('',(#2369,#2373,#2393,#2413,#2433,#2453,#2473,#2477,#2481,#2485,#2489,#2493,#2513,#2533,#2553,#2573,#2593,#2814,#2843,#2872,#2901,#2930,#2959,#2988,#3017,#3037,
#3057,#3077,#3097,#3117,#3146,#3166,#3236,#3265,#3294,#3323,#3352,#3381,#3410,#3439,#3468,#3497,#3526,#3555,#3584,#3613,#3642,#3712,#3782,#3811,#3840,
#3869,#3898,#3927,#3956,#3985,#4014,#4162,#4310,#4458,#4478,#4498,#4518,#4588),#2365,.T.);
#4590=CARTESIAN_POINT('',(196.341299508,219.404056126,554.457613508));
#4591=DIRECTION('',(-1.,0.,-0.));
#4592=DIRECTION('',(-0.,-1.,0.));
#4593=AXIS2_PLACEMENT_3D('',#4590,#4591,#4592);
#4594=PLANE('',#4593);
#4595=CARTESIAN_POINT('',(196.341299508,187.851167417,410.457613508));
#4596=DIRECTION('',(-0.,0.,1.));
#4597=VECTOR('',#4596,5.);
#4598=LINE('',#4595,#4597);
#4599=EDGE_CURVE('',#4520,#2081,#4598,.T.);
#4600=ORIENTED_EDGE('',*,*,#4599,.T.);
#4601=ORIENTED_EDGE('',*,*,#2086,.T.);
#4602=CARTESIAN_POINT('',(196.341299508,250.956944835,415.457613508));
#4603=DIRECTION('',(0.,-0.,-1.));
#4604=VECTOR('',#4603,5.);
#4605=LINE('',#4602,#4604);
#4606=EDGE_CURVE('',#2072,#4522,#4605,.T.);
#4607=ORIENTED_EDGE('',*,*,#4606,.T.);
#4608=ORIENTED_EDGE('',*,*,#4527,.F.);
#4609=EDGE_LOOP('',(#4600,#4601,#4607,#4608));
#4610=FACE_BOUND('',#4609,.T.);
#4611=ADVANCED_FACE('',(#4610),#4594,.T.);
#4612=CARTESIAN_POINT('',(262.736503446,-75.864561336,410.457613508));
#4613=DIRECTION('',(0.,-0.,-1.));
#4614=DIRECTION('',(0.,1.,-0.));
#4615=AXIS2_PLACEMENT_3D('',#4612,#4613,#4614);
#4616=PLANE('',#4615);
#4617=CARTESIAN_POINT('',(186.87863907,159.135438664,410.457613508));
#4618=VERTEX_POINT('',#4617);
#4619=CARTESIAN_POINT('',(181.87863907,154.135438664,410.457613508));
#4620=VERTEX_POINT('',#4619);
#4621=CARTESIAN_POINT('',(186.87863907,154.135438664,410.457613508));
#4622=DIRECTION('',(-0.,0.,1.));
#4623=DIRECTION('',(0.,1.,-0.));
#4624=AXIS2_PLACEMENT_3D('',#4621,#4622,#4623);
#4625=CIRCLE('',#4624,5.);
#4626=EDGE_CURVE('NONE',#4618,#4620,#4625,.T.);
#4627=ORIENTED_EDGE('',*,*,#4626,.T.);
#4628=CARTESIAN_POINT('',(191.87863907,154.135438664,410.457613508));
#4629=VERTEX_POINT('',#4628);
#4630=CARTESIAN_POINT('',(186.87863907,154.135438664,410.457613508));
#4631=DIRECTION('',(-0.,0.,1.));
#4632=DIRECTION('',(0.,1.,-0.));
#4633=AXIS2_PLACEMENT_3D('',#4630,#4631,#4632);
#4634=CIRCLE('',#4633,5.);
#4635=EDGE_CURVE('',#4620,#4629,#4634,.T.);
#4636=ORIENTED_EDGE('',*,*,#4635,.T.);
#4637=CARTESIAN_POINT('',(186.87863907,154.135438664,410.457613508));
#4638=DIRECTION('',(-0.,0.,1.));
#4639=DIRECTION('',(0.,1.,-0.));
#4640=AXIS2_PLACEMENT_3D('',#4637,#4638,#4639);
#4641=CIRCLE('',#4640,5.);
#4642=EDGE_CURVE('',#4629,#4618,#4641,.T.);
#4643=ORIENTED_EDGE('',*,*,#4642,.T.);
#4644=EDGE_LOOP('',(#4627,#4636,#4643));
#4645=FACE_BOUND('',#4644,.T.);
#4646=ORIENTED_EDGE('',*,*,#4349,.T.);
#4647=ORIENTED_EDGE('',*,*,#4455,.T.);
#4648=ORIENTED_EDGE('',*,*,#4387,.T.);
#4649=EDGE_LOOP('',(#4646,#4647,#4648));
#4650=FACE_BOUND('',#4649,.T.);
#4651=ADVANCED_FACE('',(#4645,#4650),#4616,.T.);
#4652=CARTESIAN_POINT('',(262.736503446,-75.864561336,410.457613508));
#4653=DIRECTION('',(0.,-0.,-1.));
#4654=DIRECTION('',(0.,1.,-0.));
#4655=AXIS2_PLACEMENT_3D('',#4652,#4653,#4654);
#4656=PLANE('',#4655);
#4657=CARTESIAN_POINT('',(146.87863907,149.135438664,410.457613508));
#4658=VERTEX_POINT('',#4657);
#4659=CARTESIAN_POINT('',(141.87863907,144.135438664,410.457613508));
#4660=VERTEX_POINT('',#4659);
#4661=CARTESIAN_POINT('',(146.87863907,144.135438664,410.457613508));
#4662=DIRECTION('',(-0.,0.,1.));
#4663=DIRECTION('',(0.,1.,-0.));
#4664=AXIS2_PLACEMENT_3D('',#4661,#4662,#4663);
#4665=CIRCLE('',#4664,5.);
#4666=EDGE_CURVE('NONE',#4658,#4660,#4665,.T.);
#4667=ORIENTED_EDGE('',*,*,#4666,.T.);
#4668=CARTESIAN_POINT('',(151.87863907,144.135438664,410.457613508));
#4669=VERTEX_POINT('',#4668);
#4670=CARTESIAN_POINT('',(146.87863907,144.135438664,410.457613508));
#4671=DIRECTION('',(-0.,0.,1.));
#4672=DIRECTION('',(0.,1.,-0.));
#4673=AXIS2_PLACEMENT_3D('',#4670,#4671,#4672);
#4674=CIRCLE('',#4673,5.);
#4675=EDGE_CURVE('',#4660,#4669,#4674,.T.);
#4676=ORIENTED_EDGE('',*,*,#4675,.T.);
#4677=CARTESIAN_POINT('',(146.87863907,144.135438664,410.457613508));
#4678=DIRECTION('',(-0.,0.,1.));
#4679=DIRECTION('',(0.,1.,-0.));
#4680=AXIS2_PLACEMENT_3D('',#4677,#4678,#4679);
#4681=CIRCLE('',#4680,5.);
#4682=EDGE_CURVE('',#4669,#4658,#4681,.T.);
#4683=ORIENTED_EDGE('',*,*,#4682,.T.);
#4684=EDGE_LOOP('',(#4667,#4676,#4683));
#4685=FACE_BOUND('',#4684,.T.);
#4686=ORIENTED_EDGE('',*,*,#4201,.T.);
#4687=ORIENTED_EDGE('',*,*,#4307,.T.);
#4688=ORIENTED_EDGE('',*,*,#4239,.T.);
#4689=EDGE_LOOP('',(#4686,#4687,#4688));
#4690=FACE_BOUND('',#4689,.T.);
#4691=ADVANCED_FACE('',(#4685,#4690),#4656,.T.);
#4692=CARTESIAN_POINT('',(262.736503446,-75.864561336,410.457613508));
#4693=DIRECTION('',(0.,-0.,-1.));
#4694=DIRECTION('',(0.,1.,-0.));
#4695=AXIS2_PLACEMENT_3D('',#4692,#4693,#4694);
#4696=PLANE('',#4695);
#4697=CARTESIAN_POINT('',(106.87863907,159.135438664,410.457613508));
#4698=VERTEX_POINT('',#4697);
#4699=CARTESIAN_POINT('',(101.87863907,154.135438664,410.457613508));
#4700=VERTEX_POINT('',#4699);
#4701=CARTESIAN_POINT('',(106.87863907,154.135438664,410.457613508));
#4702=DIRECTION('',(-0.,0.,1.));
#4703=DIRECTION('',(0.,1.,-0.));
#4704=AXIS2_PLACEMENT_3D('',#4701,#4702,#4703);
#4705=CIRCLE('',#4704,5.);
#4706=EDGE_CURVE('NONE',#4698,#4700,#4705,.T.);
#4707=ORIENTED_EDGE('',*,*,#4706,.T.);
#4708=CARTESIAN_POINT('',(111.87863907,154.135438664,410.457613508));
#4709=VERTEX_POINT('',#4708);
#4710=CARTESIAN_POINT('',(106.87863907,154.135438664,410.457613508));
#4711=DIRECTION('',(-0.,0.,1.));
#4712=DIRECTION('',(0.,1.,-0.));
#4713=AXIS2_PLACEMENT_3D('',#4710,#4711,#4712);
#4714=CIRCLE('',#4713,5.);
#4715=EDGE_CURVE('',#4700,#4709,#4714,.T.);
#4716=ORIENTED_EDGE('',*,*,#4715,.T.);
#4717=CARTESIAN_POINT('',(106.87863907,154.135438664,410.457613508));
#4718=DIRECTION('',(-0.,0.,1.));
#4719=DIRECTION('',(0.,1.,-0.));
#4720=AXIS2_PLACEMENT_3D('',#4717,#4718,#4719);
#4721=CIRCLE('',#4720,5.);
#4722=EDGE_CURVE('',#4709,#4698,#4721,.T.);
#4723=ORIENTED_EDGE('',*,*,#4722,.T.);
#4724=EDGE_LOOP('',(#4707,#4716,#4723));
#4725=FACE_BOUND('',#4724,.T.);
#4726=ORIENTED_EDGE('',*,*,#4053,.T.);
#4727=ORIENTED_EDGE('',*,*,#4159,.T.);
#4728=ORIENTED_EDGE('',*,*,#4091,.T.);
#4729=EDGE_LOOP('',(#4726,#4727,#4728));
#4730=FACE_BOUND('',#4729,.T.);
#4731=ADVANCED_FACE('',(#4725,#4730),#4696,.T.);
#4732=CARTESIAN_POINT('',(1.835917209,194.135438664,408.457613508));
#4733=DIRECTION('',(0.,0.,1.));
#4734=DIRECTION('',(0.,-1.,0.));
#4735=AXIS2_PLACEMENT_3D('',#4732,#4733,#4734);
#4736=CYLINDRICAL_SURFACE('',#4735,2.6);
#4737=CARTESIAN_POINT('',(1.835917209,191.535438664,415.457613508));
#4738=DIRECTION('',(-0.,-0.,-1.));
#4739=VECTOR('',#4738,5.);
#4740=LINE('',#4737,#4739);
#4741=EDGE_CURVE('',#2012,#3989,#4740,.T.);
#4742=ORIENTED_EDGE('',*,*,#4741,.F.);
#4743=ORIENTED_EDGE('',*,*,#2034,.T.);
#4744=ORIENTED_EDGE('',*,*,#2027,.T.);
#4745=ORIENTED_EDGE('',*,*,#2018,.T.);
#4746=ORIENTED_EDGE('',*,*,#4741,.T.);
#4747=ORIENTED_EDGE('',*,*,#3995,.F.);
#4748=ORIENTED_EDGE('',*,*,#4011,.F.);
#4749=ORIENTED_EDGE('',*,*,#4004,.F.);
#4750=EDGE_LOOP('',(#4742,#4743,#4744,#4745,#4746,#4747,#4748,#4749));
#4751=FACE_BOUND('',#4750,.T.);
#4752=ADVANCED_FACE('',(#4751),#4736,.F.);
#4753=CARTESIAN_POINT('',(51.835917209,134.135438664,408.457613508));
#4754=DIRECTION('',(0.,0.,1.));
#4755=DIRECTION('',(0.,-1.,0.));
#4756=AXIS2_PLACEMENT_3D('',#4753,#4754,#4755);
#4757=CYLINDRICAL_SURFACE('',#4756,2.6);
#4758=CARTESIAN_POINT('',(51.835917209,131.535438664,415.457613508));
#4759=DIRECTION('',(-0.,-0.,-1.));
#4760=VECTOR('',#4759,5.);
#4761=LINE('',#4758,#4760);
#4762=EDGE_CURVE('',#1983,#3960,#4761,.T.);
#4763=ORIENTED_EDGE('',*,*,#4762,.F.);
#4764=ORIENTED_EDGE('',*,*,#2005,.T.);
#4765=ORIENTED_EDGE('',*,*,#1998,.T.);
#4766=ORIENTED_EDGE('',*,*,#1989,.T.);
#4767=ORIENTED_EDGE('',*,*,#4762,.T.);
#4768=ORIENTED_EDGE('',*,*,#3966,.F.);
#4769=ORIENTED_EDGE('',*,*,#3982,.F.);
#4770=ORIENTED_EDGE('',*,*,#3975,.F.);
#4771=EDGE_LOOP('',(#4763,#4764,#4765,#4766,#4767,#4768,#4769,#4770));
#4772=FACE_BOUND('',#4771,.T.);
#4773=ADVANCED_FACE('',(#4772),#4757,.F.);
#4774=CARTESIAN_POINT('',(26.835917209,164.135438664,408.457613508));
#4775=DIRECTION('',(0.,0.,1.));
#4776=DIRECTION('',(0.,-1.,0.));
#4777=AXIS2_PLACEMENT_3D('',#4774,#4775,#4776);
#4778=CYLINDRICAL_SURFACE('',#4777,2.1);
#4779=CARTESIAN_POINT('',(26.835917209,162.035438664,415.457613508));
#4780=DIRECTION('',(-0.,-0.,-1.));
#4781=VECTOR('',#4780,5.);
#4782=LINE('',#4779,#4781);
#4783=EDGE_CURVE('',#1954,#3931,#4782,.T.);
#4784=ORIENTED_EDGE('',*,*,#4783,.F.);
#4785=ORIENTED_EDGE('',*,*,#1976,.T.);
#4786=ORIENTED_EDGE('',*,*,#1969,.T.);
#4787=ORIENTED_EDGE('',*,*,#1960,.T.);
#4788=ORIENTED_EDGE('',*,*,#4783,.T.);
#4789=ORIENTED_EDGE('',*,*,#3937,.F.);
#4790=ORIENTED_EDGE('',*,*,#3953,.F.);
#4791=ORIENTED_EDGE('',*,*,#3946,.F.);
#4792=EDGE_LOOP('',(#4784,#4785,#4786,#4787,#4788,#4789,#4790,#4791));
#4793=FACE_BOUND('',#4792,.T.);
#4794=ADVANCED_FACE('',(#4793),#4778,.F.);
#4795=CARTESIAN_POINT('',(1.835917209,134.135438664,408.457613508));
#4796=DIRECTION('',(0.,0.,1.));
#4797=DIRECTION('',(0.,-1.,0.));
#4798=AXIS2_PLACEMENT_3D('',#4795,#4796,#4797);
#4799=CYLINDRICAL_SURFACE('',#4798,2.6);
#4800=CARTESIAN_POINT('',(1.835917209,131.535438664,415.457613508));
#4801=DIRECTION('',(-0.,-0.,-1.));
#4802=VECTOR('',#4801,5.);
#4803=LINE('',#4800,#4802);
#4804=EDGE_CURVE('',#1925,#3902,#4803,.T.);
#4805=ORIENTED_EDGE('',*,*,#4804,.F.);
#4806=ORIENTED_EDGE('',*,*,#1947,.T.);
#4807=ORIENTED_EDGE('',*,*,#1940,.T.);
#4808=ORIENTED_EDGE('',*,*,#1931,.T.);
#4809=ORIENTED_EDGE('',*,*,#4804,.T.);
#4810=ORIENTED_EDGE('',*,*,#3908,.F.);
#4811=ORIENTED_EDGE('',*,*,#3924,.F.);
#4812=ORIENTED_EDGE('',*,*,#3917,.F.);
#4813=EDGE_LOOP('',(#4805,#4806,#4807,#4808,#4809,#4810,#4811,#4812));
#4814=FACE_BOUND('',#4813,.T.);
#4815=ADVANCED_FACE('',(#4814),#4799,.F.);
#4816=CARTESIAN_POINT('',(50.835917209,164.235438664,408.457613508));
#4817=DIRECTION('',(0.,0.,1.));
#4818=DIRECTION('',(0.,-1.,0.));
#4819=AXIS2_PLACEMENT_3D('',#4816,#4817,#4818);
#4820=CYLINDRICAL_SURFACE('',#4819,2.6);
#4821=CARTESIAN_POINT('',(50.835917209,161.635438664,415.457613508));
#4822=DIRECTION('',(-0.,-0.,-1.));
#4823=VECTOR('',#4822,5.);
#4824=LINE('',#4821,#4823);
#4825=EDGE_CURVE('',#1896,#3873,#4824,.T.);
#4826=ORIENTED_EDGE('',*,*,#4825,.F.);
#4827=ORIENTED_EDGE('',*,*,#1918,.T.);
#4828=ORIENTED_EDGE('',*,*,#1911,.T.);
#4829=ORIENTED_EDGE('',*,*,#1902,.T.);
#4830=ORIENTED_EDGE('',*,*,#4825,.T.);
#4831=ORIENTED_EDGE('',*,*,#3879,.F.);
#4832=ORIENTED_EDGE('',*,*,#3895,.F.);
#4833=ORIENTED_EDGE('',*,*,#3888,.F.);
#4834=EDGE_LOOP('',(#4826,#4827,#4828,#4829,#4830,#4831,#4832,#4833));
#4835=FACE_BOUND('',#4834,.T.);
#4836=ADVANCED_FACE('',(#4835),#4820,.F.);
#4837=CARTESIAN_POINT('',(26.735917209,188.135438664,408.457613508));
#4838=DIRECTION('',(0.,0.,1.));
#4839=DIRECTION('',(0.,-1.,0.));
#4840=AXIS2_PLACEMENT_3D('',#4837,#4838,#4839);
#4841=CYLINDRICAL_SURFACE('',#4840,2.6);
#4842=CARTESIAN_POINT('',(26.735917209,185.535438664,415.457613508));
#4843=DIRECTION('',(-0.,-0.,-1.));
#4844=VECTOR('',#4843,5.);
#4845=LINE('',#4842,#4844);
#4846=EDGE_CURVE('',#1867,#3844,#4845,.T.);
#4847=ORIENTED_EDGE('',*,*,#4846,.F.);
#4848=ORIENTED_EDGE('',*,*,#1889,.T.);
#4849=ORIENTED_EDGE('',*,*,#1882,.T.);
#4850=ORIENTED_EDGE('',*,*,#1873,.T.);
#4851=ORIENTED_EDGE('',*,*,#4846,.T.);
#4852=ORIENTED_EDGE('',*,*,#3850,.F.);
#4853=ORIENTED_EDGE('',*,*,#3866,.F.);
#4854=ORIENTED_EDGE('',*,*,#3859,.F.);
#4855=EDGE_LOOP('',(#4847,#4848,#4849,#4850,#4851,#4852,#4853,#4854));
#4856=FACE_BOUND('',#4855,.T.);
#4857=ADVANCED_FACE('',(#4856),#4841,.F.);
#4858=CARTESIAN_POINT('',(26.935917209,140.135438664,408.457613508));
#4859=DIRECTION('',(0.,0.,1.));
#4860=DIRECTION('',(0.,-1.,0.));
#4861=AXIS2_PLACEMENT_3D('',#4858,#4859,#4860);
#4862=CYLINDRICAL_SURFACE('',#4861,2.6);
#4863=CARTESIAN_POINT('',(26.935917209,137.535438664,415.457613508));
#4864=DIRECTION('',(-0.,-0.,-1.));
#4865=VECTOR('',#4864,5.);
#4866=LINE('',#4863,#4865);
#4867=EDGE_CURVE('',#1838,#3815,#4866,.T.);
#4868=ORIENTED_EDGE('',*,*,#4867,.F.);
#4869=ORIENTED_EDGE('',*,*,#1860,.T.);
#4870=ORIENTED_EDGE('',*,*,#1853,.T.);
#4871=ORIENTED_EDGE('',*,*,#1844,.T.);
#4872=ORIENTED_EDGE('',*,*,#4867,.T.);
#4873=ORIENTED_EDGE('',*,*,#3821,.F.);
#4874=ORIENTED_EDGE('',*,*,#3837,.F.);
#4875=ORIENTED_EDGE('',*,*,#3830,.F.);
#4876=EDGE_LOOP('',(#4868,#4869,#4870,#4871,#4872,#4873,#4874,#4875));
#4877=FACE_BOUND('',#4876,.T.);
#4878=ADVANCED_FACE('',(#4877),#4862,.F.);
#4879=CARTESIAN_POINT('',(158.87863907,107.135438664,416.457613508));
#4880=DIRECTION('',(0.,-0.,-1.));
#4881=DIRECTION('',(1.,-0.,0.));
#4882=AXIS2_PLACEMENT_3D('',#4879,#4880,#4881);
#4883=CYLINDRICAL_SURFACE('',#4882,1.6);
#4884=CARTESIAN_POINT('',(160.47863907,107.135438664,410.457613508));
#4885=DIRECTION('',(-0.,0.,1.));
#4886=VECTOR('',#4885,5.);
#4887=LINE('',#4884,#4886);
#4888=EDGE_CURVE('',#3101,#1124,#4887,.T.);
#4889=ORIENTED_EDGE('',*,*,#4888,.F.);
#4890=ORIENTED_EDGE('',*,*,#3107,.F.);
#4891=ORIENTED_EDGE('',*,*,#3114,.F.);
#4892=ORIENTED_EDGE('',*,*,#4888,.T.);
#4893=ORIENTED_EDGE('',*,*,#1137,.T.);
#4894=ORIENTED_EDGE('',*,*,#1130,.T.);
#4895=EDGE_LOOP('',(#4889,#4890,#4891,#4892,#4893,#4894));
#4896=FACE_BOUND('',#4895,.T.);
#4897=ADVANCED_FACE('NONE',(#4896),#4883,.F.);
#4898=CARTESIAN_POINT('',(146.87863907,95.135438664,416.457613508));
#4899=DIRECTION('',(0.,-0.,-1.));
#4900=DIRECTION('',(-0.,-1.,0.));
#4901=AXIS2_PLACEMENT_3D('',#4898,#4899,#4900);
#4902=CYLINDRICAL_SURFACE('',#4901,1.6);
#4903=CARTESIAN_POINT('',(146.87863907,93.535438664,410.457613508));
#4904=DIRECTION('',(-0.,0.,1.));
#4905=VECTOR('',#4904,5.);
#4906=LINE('',#4903,#4905);
#4907=EDGE_CURVE('',#3121,#1780,#4906,.T.);
#4908=ORIENTED_EDGE('',*,*,#4907,.F.);
#4909=ORIENTED_EDGE('',*,*,#3127,.F.);
#4910=ORIENTED_EDGE('',*,*,#3143,.F.);
#4911=ORIENTED_EDGE('',*,*,#3136,.F.);
#4912=ORIENTED_EDGE('',*,*,#4907,.T.);
#4913=ORIENTED_EDGE('',*,*,#1802,.T.);
#4914=ORIENTED_EDGE('',*,*,#1795,.T.);
#4915=ORIENTED_EDGE('',*,*,#1786,.T.);
#4916=EDGE_LOOP('',(#4908,#4909,#4910,#4911,#4912,#4913,#4914,#4915));
#4917=FACE_BOUND('',#4916,.T.);
#4918=ADVANCED_FACE('NONE',(#4917),#4902,.F.);
#4919=CARTESIAN_POINT('',(134.87863907,107.135438664,416.457613508));
#4920=DIRECTION('',(0.,-0.,-1.));
#4921=DIRECTION('',(-1.,0.,-0.));
#4922=AXIS2_PLACEMENT_3D('',#4919,#4920,#4921);
#4923=CYLINDRICAL_SURFACE('',#4922,1.6);
#4924=CARTESIAN_POINT('',(133.27863907,107.135438664,410.457613508));
#4925=DIRECTION('',(-0.,0.,1.));
#4926=VECTOR('',#4925,5.);
#4927=LINE('',#4924,#4926);
#4928=EDGE_CURVE('',#3148,#1142,#4927,.T.);
#4929=ORIENTED_EDGE('',*,*,#4928,.F.);
#4930=ORIENTED_EDGE('',*,*,#3163,.F.);
#4931=ORIENTED_EDGE('',*,*,#3156,.F.);
#4932=ORIENTED_EDGE('',*,*,#4928,.T.);
#4933=ORIENTED_EDGE('',*,*,#1150,.T.);
#4934=ORIENTED_EDGE('',*,*,#1157,.T.);
#4935=EDGE_LOOP('',(#4929,#4930,#4931,#4932,#4933,#4934));
#4936=FACE_BOUND('',#4935,.T.);
#4937=ADVANCED_FACE('NONE',(#4936),#4923,.F.);
#4938=CARTESIAN_POINT('',(-33.118583163,90.135438664,415.457613508));
#4939=DIRECTION('',(0.,1.,-0.));
#4940=DIRECTION('',(-1.,0.,0.));
#4941=AXIS2_PLACEMENT_3D('',#4938,#4939,#4940);
#4942=PLANE('',#4941);
#4943=ORIENTED_EDGE('',*,*,#2204,.T.);
#4944=CARTESIAN_POINT('',(-12.700021861,90.135438664,410.457613508));
#4945=DIRECTION('',(0.,0.,1.));
#4946=VECTOR('',#4945,5.);
#4947=LINE('',#4944,#4946);
#4948=EDGE_CURVE('',#2800,#2193,#4947,.T.);
#4949=ORIENTED_EDGE('',*,*,#4948,.F.);
#4950=ORIENTED_EDGE('',*,*,#2805,.F.);
#4951=ORIENTED_EDGE('',*,*,#583,.T.);
#4952=EDGE_LOOP('',(#4943,#4949,#4950,#4951));
#4953=FACE_BOUND('',#4952,.T.);
#4954=ADVANCED_FACE('NONE',(#4953),#4942,.F.);
#4955=CARTESIAN_POINT('',(97.415978631,252.956944835,416.457613508));
#4956=DIRECTION('',(0.,-1.,0.));
#4957=DIRECTION('',(1.,0.,0.));
#4958=AXIS2_PLACEMENT_3D('',#4955,#4956,#4957);
#4959=PLANE('',#4958);
#4960=ORIENTED_EDGE('',*,*,#3668,.F.);
#4961=CARTESIAN_POINT('',(104.341299508,252.956944835,410.457613508));
#4962=DIRECTION('',(-0.,0.,1.));
#4963=VECTOR('',#4962,5.);
#4964=LINE('',#4961,#4963);
#4965=EDGE_CURVE('',#3654,#1657,#4964,.T.);
#4966=ORIENTED_EDGE('',*,*,#4965,.T.);
#4967=ORIENTED_EDGE('',*,*,#1662,.T.);
#4968=CARTESIAN_POINT('',(99.415978631,252.956944835,415.457613508));
#4969=DIRECTION('',(0.,-0.,-1.));
#4970=VECTOR('',#4969,5.);
#4971=LINE('',#4968,#4970);
#4972=EDGE_CURVE('',#1648,#3663,#4971,.T.);
#4973=ORIENTED_EDGE('',*,*,#4972,.T.);
#4974=EDGE_LOOP('',(#4960,#4966,#4967,#4973));
#4975=FACE_BOUND('',#4974,.T.);
#4976=ADVANCED_FACE('NONE',(#4975),#4959,.T.);
#4977=CARTESIAN_POINT('',(106.341299508,252.956944835,416.457613508));
#4978=DIRECTION('',(-1.,-0.,0.));
#4979=DIRECTION('',(0.,-1.,0.));
#4980=AXIS2_PLACEMENT_3D('',#4977,#4978,#4979);
#4981=PLANE('',#4980);
#4982=ORIENTED_EDGE('',*,*,#3651,.F.);
#4983=CARTESIAN_POINT('',(106.341299508,187.851167417,410.457613508));
#4984=DIRECTION('',(-0.,0.,1.));
#4985=VECTOR('',#4984,5.);
#4986=LINE('',#4983,#4985);
#4987=EDGE_CURVE('',#3644,#1674,#4986,.T.);
#4988=ORIENTED_EDGE('',*,*,#4987,.T.);
#4989=ORIENTED_EDGE('',*,*,#1679,.T.);
#4990=CARTESIAN_POINT('',(106.341299508,250.956944835,415.457613508));
#4991=DIRECTION('',(0.,-0.,-1.));
#4992=VECTOR('',#4991,5.);
#4993=LINE('',#4990,#4992);
#4994=EDGE_CURVE('',#1665,#3646,#4993,.T.);
#4995=ORIENTED_EDGE('',*,*,#4994,.T.);
#4996=EDGE_LOOP('',(#4982,#4988,#4989,#4995));
#4997=FACE_BOUND('',#4996,.T.);
#4998=ADVANCED_FACE('NONE',(#4997),#4981,.T.);
#4999=CARTESIAN_POINT('',(97.415978631,185.851167417,416.457613508));
#5000=DIRECTION('',(0.,1.,-0.));
#5001=DIRECTION('',(-1.,0.,0.));
#5002=AXIS2_PLACEMENT_3D('',#4999,#5000,#5001);
#5003=PLANE('',#5002);
#5004=ORIENTED_EDGE('',*,*,#1696,.T.);
#5005=CARTESIAN_POINT('',(104.341299508,185.851167417,415.457613508));
#5006=DIRECTION('',(0.,-0.,-1.));
#5007=VECTOR('',#5006,5.);
#5008=LINE('',#5005,#5007);
#5009=EDGE_CURVE('',#1682,#3697,#5008,.T.);
#5010=ORIENTED_EDGE('',*,*,#5009,.T.);
#5011=ORIENTED_EDGE('',*,*,#3702,.F.);
#5012=CARTESIAN_POINT('',(99.415978631,185.851167417,410.457613508));
#5013=DIRECTION('',(-0.,0.,1.));
#5014=VECTOR('',#5013,5.);
#5015=LINE('',#5012,#5014);
#5016=EDGE_CURVE('',#3688,#1691,#5015,.T.);
#5017=ORIENTED_EDGE('',*,*,#5016,.T.);
#5018=EDGE_LOOP('',(#5004,#5010,#5011,#5017));
#5019=FACE_BOUND('',#5018,.T.);
#5020=ADVANCED_FACE('NONE',(#5019),#5003,.T.);
#5021=CARTESIAN_POINT('',(97.415978631,252.956944835,416.457613508));
#5022=DIRECTION('',(1.,0.,0.));
#5023=DIRECTION('',(0.,1.,-0.));
#5024=AXIS2_PLACEMENT_3D('',#5021,#5022,#5023);
#5025=PLANE('',#5024);
#5026=ORIENTED_EDGE('',*,*,#3685,.F.);
#5027=CARTESIAN_POINT('',(97.415978631,250.956944835,410.457613508));
#5028=DIRECTION('',(-0.,0.,1.));
#5029=VECTOR('',#5028,5.);
#5030=LINE('',#5027,#5029);
#5031=EDGE_CURVE('',#3671,#1638,#5030,.T.);
#5032=ORIENTED_EDGE('',*,*,#5031,.T.);
#5033=ORIENTED_EDGE('',*,*,#1645,.T.);
#5034=CARTESIAN_POINT('',(97.415978631,187.851167417,415.457613508));
#5035=DIRECTION('',(0.,-0.,-1.));
#5036=VECTOR('',#5035,5.);
#5037=LINE('',#5034,#5036);
#5038=EDGE_CURVE('',#1640,#3680,#5037,.T.);
#5039=ORIENTED_EDGE('',*,*,#5038,.T.);
#5040=EDGE_LOOP('',(#5026,#5032,#5033,#5039));
#5041=FACE_BOUND('',#5040,.T.);
#5042=ADVANCED_FACE('NONE',(#5041),#5025,.T.);
#5043=CARTESIAN_POINT('',(146.87863907,119.135438664,416.457613508));
#5044=DIRECTION('',(0.,-0.,-1.));
#5045=DIRECTION('',(0.,1.,-0.));
#5046=AXIS2_PLACEMENT_3D('',#5043,#5044,#5045);
#5047=CYLINDRICAL_SURFACE('',#5046,1.6);
#5048=CARTESIAN_POINT('',(146.87863907,120.735438664,410.457613508));
#5049=DIRECTION('',(-0.,0.,1.));
#5050=VECTOR('',#5049,5.);
#5051=LINE('',#5048,#5050);
#5052=EDGE_CURVE('',#3238,#1232,#5051,.T.);
#5053=ORIENTED_EDGE('',*,*,#5052,.F.);
#5054=ORIENTED_EDGE('',*,*,#3262,.F.);
#5055=ORIENTED_EDGE('',*,*,#3255,.F.);
#5056=ORIENTED_EDGE('',*,*,#3246,.F.);
#5057=ORIENTED_EDGE('',*,*,#5052,.T.);
#5058=ORIENTED_EDGE('',*,*,#1240,.T.);
#5059=ORIENTED_EDGE('',*,*,#1256,.T.);
#5060=ORIENTED_EDGE('',*,*,#1249,.T.);
#5061=EDGE_LOOP('',(#5053,#5054,#5055,#5056,#5057,#5058,#5059,#5060));
#5062=FACE_BOUND('',#5061,.T.);
#5063=ADVANCED_FACE('NONE',(#5062),#5047,.F.);
#5064=CARTESIAN_POINT('',(146.87863907,107.135438664,416.457613508));
#5065=DIRECTION('',(0.,-0.,-1.));
#5066=DIRECTION('',(0.,1.,-0.));
#5067=AXIS2_PLACEMENT_3D('',#5064,#5065,#5066);
#5068=CYLINDRICAL_SURFACE('',#5067,5.);
#5069=CARTESIAN_POINT('',(146.87863907,112.135438664,410.457613508));
#5070=DIRECTION('',(-0.,0.,1.));
#5071=VECTOR('',#5070,5.);
#5072=LINE('',#5069,#5071);
#5073=EDGE_CURVE('',#3615,#1261,#5072,.T.);
#5074=ORIENTED_EDGE('',*,*,#5073,.F.);
#5075=ORIENTED_EDGE('',*,*,#3639,.F.);
#5076=ORIENTED_EDGE('',*,*,#3632,.F.);
#5077=ORIENTED_EDGE('',*,*,#3623,.F.);
#5078=ORIENTED_EDGE('',*,*,#5073,.T.);
#5079=ORIENTED_EDGE('',*,*,#1269,.T.);
#5080=ORIENTED_EDGE('',*,*,#1285,.T.);
#5081=ORIENTED_EDGE('',*,*,#1278,.T.);
#5082=EDGE_LOOP('',(#5074,#5075,#5076,#5077,#5078,#5079,#5080,#5081));
#5083=FACE_BOUND('',#5082,.T.);
#5084=ADVANCED_FACE('NONE',(#5083),#5068,.F.);
#5085=CARTESIAN_POINT('',(106.87863907,135.635438664,416.457613508));
#5086=DIRECTION('',(0.,-0.,-1.));
#5087=DIRECTION('',(0.,1.,-0.));
#5088=AXIS2_PLACEMENT_3D('',#5085,#5086,#5087);
#5089=CYLINDRICAL_SURFACE('',#5088,2.1);
#5090=CARTESIAN_POINT('',(106.87863907,137.735438664,410.457613508));
#5091=DIRECTION('',(-0.,0.,1.));
#5092=VECTOR('',#5091,5.);
#5093=LINE('',#5090,#5092);
#5094=EDGE_CURVE('',#3267,#1290,#5093,.T.);
#5095=ORIENTED_EDGE('',*,*,#5094,.F.);
#5096=ORIENTED_EDGE('',*,*,#3291,.F.);
#5097=ORIENTED_EDGE('',*,*,#3284,.F.);
#5098=ORIENTED_EDGE('',*,*,#3275,.F.);
#5099=ORIENTED_EDGE('',*,*,#5094,.T.);
#5100=ORIENTED_EDGE('',*,*,#1298,.T.);
#5101=ORIENTED_EDGE('',*,*,#1314,.T.);
#5102=ORIENTED_EDGE('',*,*,#1307,.T.);
#5103=EDGE_LOOP('',(#5095,#5096,#5097,#5098,#5099,#5100,#5101,#5102));
#5104=FACE_BOUND('',#5103,.T.);
#5105=ADVANCED_FACE('NONE',(#5104),#5089,.F.);
#5106=CARTESIAN_POINT('',(106.87863907,172.635438664,416.457613508));
#5107=DIRECTION('',(0.,-0.,-1.));
#5108=DIRECTION('',(0.,1.,-0.));
#5109=AXIS2_PLACEMENT_3D('',#5106,#5107,#5108);
#5110=CYLINDRICAL_SURFACE('',#5109,2.1);
#5111=CARTESIAN_POINT('',(106.87863907,174.735438664,410.457613508));
#5112=DIRECTION('',(-0.,0.,1.));
#5113=VECTOR('',#5112,5.);
#5114=LINE('',#5111,#5113);
#5115=EDGE_CURVE('',#3586,#1319,#5114,.T.);
#5116=ORIENTED_EDGE('',*,*,#5115,.F.);
#5117=ORIENTED_EDGE('',*,*,#3610,.F.);
#5118=ORIENTED_EDGE('',*,*,#3603,.F.);
#5119=ORIENTED_EDGE('',*,*,#3594,.F.);
#5120=ORIENTED_EDGE('',*,*,#5115,.T.);
#5121=ORIENTED_EDGE('',*,*,#1327,.T.);
#5122=ORIENTED_EDGE('',*,*,#1343,.T.);
#5123=ORIENTED_EDGE('',*,*,#1336,.T.);
#5124=EDGE_LOOP('',(#5116,#5117,#5118,#5119,#5120,#5121,#5122,#5123));
#5125=FACE_BOUND('',#5124,.T.);
#5126=ADVANCED_FACE('NONE',(#5125),#5110,.F.);
#5127=CARTESIAN_POINT('',(186.87863907,135.635438664,416.457613508));
#5128=DIRECTION('',(0.,-0.,-1.));
#5129=DIRECTION('',(0.,1.,-0.));
#5130=AXIS2_PLACEMENT_3D('',#5127,#5128,#5129);
#5131=CYLINDRICAL_SURFACE('',#5130,2.1);
#5132=CARTESIAN_POINT('',(186.87863907,137.735438664,410.457613508));
#5133=DIRECTION('',(-0.,0.,1.));
#5134=VECTOR('',#5133,5.);
#5135=LINE('',#5132,#5134);
#5136=EDGE_CURVE('',#3296,#1348,#5135,.T.);
#5137=ORIENTED_EDGE('',*,*,#5136,.F.);
#5138=ORIENTED_EDGE('',*,*,#3320,.F.);
#5139=ORIENTED_EDGE('',*,*,#3313,.F.);
#5140=ORIENTED_EDGE('',*,*,#3304,.F.);
#5141=ORIENTED_EDGE('',*,*,#5136,.T.);
#5142=ORIENTED_EDGE('',*,*,#1356,.T.);
#5143=ORIENTED_EDGE('',*,*,#1372,.T.);
#5144=ORIENTED_EDGE('',*,*,#1365,.T.);
#5145=EDGE_LOOP('',(#5137,#5138,#5139,#5140,#5141,#5142,#5143,#5144));
#5146=FACE_BOUND('',#5145,.T.);
#5147=ADVANCED_FACE('NONE',(#5146),#5131,.F.);
#5148=CARTESIAN_POINT('',(186.87863907,172.635438664,416.457613508));
#5149=DIRECTION('',(0.,-0.,-1.));
#5150=DIRECTION('',(0.,1.,-0.));
#5151=AXIS2_PLACEMENT_3D('',#5148,#5149,#5150);
#5152=CYLINDRICAL_SURFACE('',#5151,2.1);
#5153=CARTESIAN_POINT('',(186.87863907,174.735438664,410.457613508));
#5154=DIRECTION('',(-0.,0.,1.));
#5155=VECTOR('',#5154,5.);
#5156=LINE('',#5153,#5155);
#5157=EDGE_CURVE('',#3557,#1377,#5156,.T.);
#5158=ORIENTED_EDGE('',*,*,#5157,.F.);
#5159=ORIENTED_EDGE('',*,*,#3581,.F.);
#5160=ORIENTED_EDGE('',*,*,#3574,.F.);
#5161=ORIENTED_EDGE('',*,*,#3565,.F.);
#5162=ORIENTED_EDGE('',*,*,#5157,.T.);
#5163=ORIENTED_EDGE('',*,*,#1385,.T.);
#5164=ORIENTED_EDGE('',*,*,#1401,.T.);
#5165=ORIENTED_EDGE('',*,*,#1394,.T.);
#5166=EDGE_LOOP('',(#5158,#5159,#5160,#5161,#5162,#5163,#5164,#5165));
#5167=FACE_BOUND('',#5166,.T.);
#5168=ADVANCED_FACE('NONE',(#5167),#5152,.F.);
#5169=CARTESIAN_POINT('',(146.87863907,144.135438664,416.457613508));
#5170=DIRECTION('',(0.,-0.,-1.));
#5171=DIRECTION('',(0.,1.,-0.));
#5172=AXIS2_PLACEMENT_3D('',#5169,#5170,#5171);
#5173=CYLINDRICAL_SURFACE('',#5172,5.);
#5174=CARTESIAN_POINT('',(146.87863907,149.135438664,410.457613508));
#5175=DIRECTION('',(-0.,0.,1.));
#5176=VECTOR('',#5175,5.);
#5177=LINE('',#5174,#5176);
#5178=EDGE_CURVE('',#4658,#2059,#5177,.T.);
#5179=ORIENTED_EDGE('',*,*,#5178,.F.);
#5180=ORIENTED_EDGE('',*,*,#4682,.F.);
#5181=ORIENTED_EDGE('',*,*,#4675,.F.);
#5182=ORIENTED_EDGE('',*,*,#4666,.F.);
#5183=ORIENTED_EDGE('',*,*,#5178,.T.);
#5184=ORIENTED_EDGE('',*,*,#2065,.F.);
#5185=EDGE_LOOP('',(#5179,#5180,#5181,#5182,#5183,#5184));
#5186=FACE_BOUND('',#5185,.T.);
#5187=ADVANCED_FACE('NONE',(#5186),#5173,.F.);
#5188=CARTESIAN_POINT('',(186.87863907,154.135438664,416.457613508));
#5189=DIRECTION('',(0.,-0.,-1.));
#5190=DIRECTION('',(0.,1.,-0.));
#5191=AXIS2_PLACEMENT_3D('',#5188,#5189,#5190);
#5192=CYLINDRICAL_SURFACE('',#5191,5.);
#5193=CARTESIAN_POINT('',(186.87863907,159.135438664,410.457613508));
#5194=DIRECTION('',(-0.,0.,1.));
#5195=VECTOR('',#5194,5.);
#5196=LINE('',#5193,#5195);
#5197=EDGE_CURVE('',#4618,#777,#5196,.T.);
#5198=ORIENTED_EDGE('',*,*,#5197,.F.);
#5199=ORIENTED_EDGE('',*,*,#4642,.F.);
#5200=ORIENTED_EDGE('',*,*,#4635,.F.);
#5201=ORIENTED_EDGE('',*,*,#4626,.F.);
#5202=ORIENTED_EDGE('',*,*,#5197,.T.);
#5203=ORIENTED_EDGE('',*,*,#783,.F.);
#5204=EDGE_LOOP('',(#5198,#5199,#5200,#5201,#5202,#5203));
#5205=FACE_BOUND('',#5204,.T.);
#5206=ADVANCED_FACE('NONE',(#5205),#5192,.F.);
#5207=CARTESIAN_POINT('',(106.87863907,154.135438664,416.457613508));
#5208=DIRECTION('',(0.,-0.,-1.));
#5209=DIRECTION('',(0.,1.,-0.));
#5210=AXIS2_PLACEMENT_3D('',#5207,#5208,#5209);
#5211=CYLINDRICAL_SURFACE('',#5210,5.);
#5212=CARTESIAN_POINT('',(106.87863907,159.135438664,410.457613508));
#5213=DIRECTION('',(-0.,0.,1.));
#5214=VECTOR('',#5213,5.);
#5215=LINE('',#5212,#5214);
#5216=EDGE_CURVE('',#4698,#788,#5215,.T.);
#5217=ORIENTED_EDGE('',*,*,#5216,.F.);
#5218=ORIENTED_EDGE('',*,*,#4722,.F.);
#5219=ORIENTED_EDGE('',*,*,#4715,.F.);
#5220=ORIENTED_EDGE('',*,*,#4706,.F.);
#5221=ORIENTED_EDGE('',*,*,#5216,.T.);
#5222=ORIENTED_EDGE('',*,*,#794,.F.);
#5223=EDGE_LOOP('',(#5217,#5218,#5219,#5220,#5221,#5222));
#5224=FACE_BOUND('',#5223,.T.);
#5225=ADVANCED_FACE('NONE',(#5224),#5211,.F.);
#5226=CARTESIAN_POINT('',(66.87863907,236.135438664,416.457613508));
#5227=DIRECTION('',(0.,-0.,-1.));
#5228=DIRECTION('',(0.,1.,-0.));
#5229=AXIS2_PLACEMENT_3D('',#5226,#5227,#5228);
#5230=CYLINDRICAL_SURFACE('',#5229,2.6);
#5231=CARTESIAN_POINT('',(66.87863907,238.735438664,410.457613508));
#5232=DIRECTION('',(-0.,0.,1.));
#5233=VECTOR('',#5232,5.);
#5234=LINE('',#5231,#5233);
#5235=EDGE_CURVE('',#3528,#1406,#5234,.T.);
#5236=ORIENTED_EDGE('',*,*,#5235,.F.);
#5237=ORIENTED_EDGE('',*,*,#3552,.F.);
#5238=ORIENTED_EDGE('',*,*,#3545,.F.);
#5239=ORIENTED_EDGE('',*,*,#3536,.F.);
#5240=ORIENTED_EDGE('',*,*,#5235,.T.);
#5241=ORIENTED_EDGE('',*,*,#1414,.T.);
#5242=ORIENTED_EDGE('',*,*,#1430,.T.);
#5243=ORIENTED_EDGE('',*,*,#1423,.T.);
#5244=EDGE_LOOP('',(#5236,#5237,#5238,#5239,#5240,#5241,#5242,#5243));
#5245=FACE_BOUND('',#5244,.T.);
#5246=ADVANCED_FACE('NONE',(#5245),#5230,.F.);
#5247=CARTESIAN_POINT('',(125.87863907,174.135438664,416.457613508));
#5248=DIRECTION('',(0.,-0.,-1.));
#5249=DIRECTION('',(0.,1.,-0.));
#5250=AXIS2_PLACEMENT_3D('',#5247,#5248,#5249);
#5251=CYLINDRICAL_SURFACE('',#5250,2.6);
#5252=CARTESIAN_POINT('',(125.87863907,176.735438664,410.457613508));
#5253=DIRECTION('',(-0.,0.,1.));
#5254=VECTOR('',#5253,5.);
#5255=LINE('',#5252,#5254);
#5256=EDGE_CURVE('',#3325,#1435,#5255,.T.);
#5257=ORIENTED_EDGE('',*,*,#5256,.F.);
#5258=ORIENTED_EDGE('',*,*,#3349,.F.);
#5259=ORIENTED_EDGE('',*,*,#3342,.F.);
#5260=ORIENTED_EDGE('',*,*,#3333,.F.);
#5261=ORIENTED_EDGE('',*,*,#5256,.T.);
#5262=ORIENTED_EDGE('',*,*,#1443,.T.);
#5263=ORIENTED_EDGE('',*,*,#1459,.T.);
#5264=ORIENTED_EDGE('',*,*,#1452,.T.);
#5265=EDGE_LOOP('',(#5257,#5258,#5259,#5260,#5261,#5262,#5263,#5264));
#5266=FACE_BOUND('',#5265,.T.);
#5267=ADVANCED_FACE('NONE',(#5266),#5251,.F.);
#5268=CARTESIAN_POINT('',(125.87863907,119.135438664,416.457613508));
#5269=DIRECTION('',(0.,-0.,-1.));
#5270=DIRECTION('',(0.,1.,-0.));
#5271=AXIS2_PLACEMENT_3D('',#5268,#5269,#5270);
#5272=CYLINDRICAL_SURFACE('',#5271,2.6);
#5273=CARTESIAN_POINT('',(125.87863907,121.735438664,410.457613508));
#5274=DIRECTION('',(-0.,0.,1.));
#5275=VECTOR('',#5274,5.);
#5276=LINE('',#5273,#5275);
#5277=EDGE_CURVE('',#3499,#1464,#5276,.T.);
#5278=ORIENTED_EDGE('',*,*,#5277,.F.);
#5279=ORIENTED_EDGE('',*,*,#3523,.F.);
#5280=ORIENTED_EDGE('',*,*,#3516,.F.);
#5281=ORIENTED_EDGE('',*,*,#3507,.F.);
#5282=ORIENTED_EDGE('',*,*,#5277,.T.);
#5283=ORIENTED_EDGE('',*,*,#1472,.T.);
#5284=ORIENTED_EDGE('',*,*,#1488,.T.);
#5285=ORIENTED_EDGE('',*,*,#1481,.T.);
#5286=EDGE_LOOP('',(#5278,#5279,#5280,#5281,#5282,#5283,#5284,#5285));
#5287=FACE_BOUND('',#5286,.T.);
#5288=ADVANCED_FACE('NONE',(#5287),#5272,.F.);
#5289=CARTESIAN_POINT('',(167.87863907,174.135438664,416.457613508));
#5290=DIRECTION('',(0.,-0.,-1.));
#5291=DIRECTION('',(0.,1.,-0.));
#5292=AXIS2_PLACEMENT_3D('',#5289,#5290,#5291);
#5293=CYLINDRICAL_SURFACE('',#5292,2.6);
#5294=CARTESIAN_POINT('',(167.87863907,176.735438664,410.457613508));
#5295=DIRECTION('',(-0.,0.,1.));
#5296=VECTOR('',#5295,5.);
#5297=LINE('',#5294,#5296);
#5298=EDGE_CURVE('',#3354,#1493,#5297,.T.);
#5299=ORIENTED_EDGE('',*,*,#5298,.F.);
#5300=ORIENTED_EDGE('',*,*,#3378,.F.);
#5301=ORIENTED_EDGE('',*,*,#3371,.F.);
#5302=ORIENTED_EDGE('',*,*,#3362,.F.);
#5303=ORIENTED_EDGE('',*,*,#5298,.T.);
#5304=ORIENTED_EDGE('',*,*,#1501,.T.);
#5305=ORIENTED_EDGE('',*,*,#1517,.T.);
#5306=ORIENTED_EDGE('',*,*,#1510,.T.);
#5307=EDGE_LOOP('',(#5299,#5300,#5301,#5302,#5303,#5304,#5305,#5306));
#5308=FACE_BOUND('',#5307,.T.);
#5309=ADVANCED_FACE('NONE',(#5308),#5293,.F.);
#5310=CARTESIAN_POINT('',(167.87863907,119.135438664,416.457613508));
#5311=DIRECTION('',(0.,-0.,-1.));
#5312=DIRECTION('',(0.,1.,-0.));
#5313=AXIS2_PLACEMENT_3D('',#5310,#5311,#5312);
#5314=CYLINDRICAL_SURFACE('',#5313,2.6);
#5315=CARTESIAN_POINT('',(167.87863907,121.735438664,410.457613508));
#5316=DIRECTION('',(-0.,0.,1.));
#5317=VECTOR('',#5316,5.);
#5318=LINE('',#5315,#5317);
#5319=EDGE_CURVE('',#3470,#1522,#5318,.T.);
#5320=ORIENTED_EDGE('',*,*,#5319,.F.);
#5321=ORIENTED_EDGE('',*,*,#3494,.F.);
#5322=ORIENTED_EDGE('',*,*,#3487,.F.);
#5323=ORIENTED_EDGE('',*,*,#3478,.F.);
#5324=ORIENTED_EDGE('',*,*,#5319,.T.);
#5325=ORIENTED_EDGE('',*,*,#1530,.T.);
#5326=ORIENTED_EDGE('',*,*,#1546,.T.);
#5327=ORIENTED_EDGE('',*,*,#1539,.T.);
#5328=EDGE_LOOP('',(#5320,#5321,#5322,#5323,#5324,#5325,#5326,#5327));
#5329=FACE_BOUND('',#5328,.T.);
#5330=ADVANCED_FACE('NONE',(#5329),#5314,.F.);
#5331=CARTESIAN_POINT('',(66.87863907,194.135438664,416.457613508));
#5332=DIRECTION('',(0.,-0.,-1.));
#5333=DIRECTION('',(0.,1.,-0.));
#5334=AXIS2_PLACEMENT_3D('',#5331,#5332,#5333);
#5335=CYLINDRICAL_SURFACE('',#5334,2.6);
#5336=CARTESIAN_POINT('',(66.87863907,196.735438664,410.457613508));
#5337=DIRECTION('',(-0.,0.,1.));
#5338=VECTOR('',#5337,5.);
#5339=LINE('',#5336,#5338);
#5340=EDGE_CURVE('',#3383,#1551,#5339,.T.);
#5341=ORIENTED_EDGE('',*,*,#5340,.F.);
#5342=ORIENTED_EDGE('',*,*,#3407,.F.);
#5343=ORIENTED_EDGE('',*,*,#3400,.F.);
#5344=ORIENTED_EDGE('',*,*,#3391,.F.);
#5345=ORIENTED_EDGE('',*,*,#5340,.T.);
#5346=ORIENTED_EDGE('',*,*,#1559,.T.);
#5347=ORIENTED_EDGE('',*,*,#1575,.T.);
#5348=ORIENTED_EDGE('',*,*,#1568,.T.);
#5349=EDGE_LOOP('',(#5341,#5342,#5343,#5344,#5345,#5346,#5347,#5348));
#5350=FACE_BOUND('',#5349,.T.);
#5351=ADVANCED_FACE('NONE',(#5350),#5335,.F.);
#5352=CARTESIAN_POINT('',(226.87863907,194.135438664,416.457613508));
#5353=DIRECTION('',(0.,-0.,-1.));
#5354=DIRECTION('',(0.,1.,-0.));
#5355=AXIS2_PLACEMENT_3D('',#5352,#5353,#5354);
#5356=CYLINDRICAL_SURFACE('',#5355,2.6);
#5357=CARTESIAN_POINT('',(226.87863907,196.735438664,410.457613508));
#5358=DIRECTION('',(-0.,0.,1.));
#5359=VECTOR('',#5358,5.);
#5360=LINE('',#5357,#5359);
#5361=EDGE_CURVE('',#3441,#1580,#5360,.T.);
#5362=ORIENTED_EDGE('',*,*,#5361,.F.);
#5363=ORIENTED_EDGE('',*,*,#3465,.F.);
#5364=ORIENTED_EDGE('',*,*,#3458,.F.);
#5365=ORIENTED_EDGE('',*,*,#3449,.F.);
#5366=ORIENTED_EDGE('',*,*,#5361,.T.);
#5367=ORIENTED_EDGE('',*,*,#1588,.T.);
#5368=ORIENTED_EDGE('',*,*,#1604,.T.);
#5369=ORIENTED_EDGE('',*,*,#1597,.T.);
#5370=EDGE_LOOP('',(#5362,#5363,#5364,#5365,#5366,#5367,#5368,#5369));
#5371=FACE_BOUND('',#5370,.T.);
#5372=ADVANCED_FACE('NONE',(#5371),#5356,.F.);
#5373=CARTESIAN_POINT('',(226.87863907,236.135438664,416.457613508));
#5374=DIRECTION('',(0.,-0.,-1.));
#5375=DIRECTION('',(0.,1.,-0.));
#5376=AXIS2_PLACEMENT_3D('',#5373,#5374,#5375);
#5377=CYLINDRICAL_SURFACE('',#5376,2.6);
#5378=CARTESIAN_POINT('',(226.87863907,238.735438664,410.457613508));
#5379=DIRECTION('',(-0.,0.,1.));
#5380=VECTOR('',#5379,5.);
#5381=LINE('',#5378,#5380);
#5382=EDGE_CURVE('',#3412,#1609,#5381,.T.);
#5383=ORIENTED_EDGE('',*,*,#5382,.F.);
#5384=ORIENTED_EDGE('',*,*,#3436,.F.);
#5385=ORIENTED_EDGE('',*,*,#3429,.F.);
#5386=ORIENTED_EDGE('',*,*,#3420,.F.);
#5387=ORIENTED_EDGE('',*,*,#5382,.T.);
#5388=ORIENTED_EDGE('',*,*,#1617,.T.);
#5389=ORIENTED_EDGE('',*,*,#1633,.T.);
#5390=ORIENTED_EDGE('',*,*,#1626,.T.);
#5391=EDGE_LOOP('',(#5383,#5384,#5385,#5386,#5387,#5388,#5389,#5390));
#5392=FACE_BOUND('',#5391,.T.);
#5393=ADVANCED_FACE('NONE',(#5392),#5377,.F.);
#5394=CARTESIAN_POINT('',(26.87863907,274.135438664,416.457613508));
#5395=DIRECTION('',(-0.,-1.,0.));
#5396=DIRECTION('',(1.,-0.,0.));
#5397=AXIS2_PLACEMENT_3D('',#5394,#5395,#5396);
#5398=PLANE('',#5397);
#5399=ORIENTED_EDGE('',*,*,#2273,.F.);
#5400=CARTESIAN_POINT('',(246.736503446,274.135438664,415.457613508));
#5401=DIRECTION('',(-0.,-0.,-1.));
#5402=VECTOR('',#5401,5.);
#5403=LINE('',#5400,#5402);
#5404=EDGE_CURVE('',#2259,#2733,#5403,.T.);
#5405=ORIENTED_EDGE('',*,*,#5404,.T.);
#5406=ORIENTED_EDGE('',*,*,#2738,.T.);
#5407=CARTESIAN_POINT('',(233.535493319,274.135438664,410.457613508));
#5408=DIRECTION('',(0.,0.,1.));
#5409=VECTOR('',#5408,5.);
#5410=LINE('',#5407,#5409);
#5411=EDGE_CURVE('',#2724,#2268,#5410,.T.);
#5412=ORIENTED_EDGE('',*,*,#5411,.T.);
#5413=EDGE_LOOP('',(#5399,#5405,#5406,#5412));
#5414=FACE_BOUND('',#5413,.T.);
#5415=ADVANCED_FACE('NONE',(#5414),#5398,.F.);
#5416=CARTESIAN_POINT('',(191.87863907,185.851167417,554.457613508));
#5417=DIRECTION('',(0.,1.,-0.));
#5418=DIRECTION('',(-1.,0.,0.));
#5419=AXIS2_PLACEMENT_3D('',#5416,#5417,#5418);
#5420=PLANE('',#5419);
#5421=ORIENTED_EDGE('',*,*,#2103,.T.);
#5422=CARTESIAN_POINT('',(194.341299508,185.851167417,415.457613508));
#5423=DIRECTION('',(0.,-0.,-1.));
#5424=VECTOR('',#5423,5.);
#5425=LINE('',#5422,#5424);
#5426=EDGE_CURVE('',#2089,#4573,#5425,.T.);
#5427=ORIENTED_EDGE('',*,*,#5426,.T.);
#5428=ORIENTED_EDGE('',*,*,#4578,.F.);
#5429=CARTESIAN_POINT('',(189.415978631,185.851167417,410.457613508));
#5430=DIRECTION('',(-0.,0.,1.));
#5431=VECTOR('',#5430,5.);
#5432=LINE('',#5429,#5431);
#5433=EDGE_CURVE('',#4564,#2098,#5432,.T.);
#5434=ORIENTED_EDGE('',*,*,#5433,.T.);
#5435=EDGE_LOOP('',(#5421,#5427,#5428,#5434));
#5436=FACE_BOUND('',#5435,.T.);
#5437=ADVANCED_FACE('',(#5436),#5420,.T.);
#5438=CARTESIAN_POINT('',(187.415978631,219.404056126,554.457613508));
#5439=DIRECTION('',(1.,0.,0.));
#5440=DIRECTION('',(0.,1.,-0.));
#5441=AXIS2_PLACEMENT_3D('',#5438,#5439,#5440);
#5442=PLANE('',#5441);
#5443=ORIENTED_EDGE('',*,*,#4561,.F.);
#5444=CARTESIAN_POINT('',(187.415978631,250.956944835,410.457613508));
#5445=DIRECTION('',(-0.,0.,1.));
#5446=VECTOR('',#5445,5.);
#5447=LINE('',#5444,#5446);
#5448=EDGE_CURVE('',#4547,#2115,#5447,.T.);
#5449=ORIENTED_EDGE('',*,*,#5448,.T.);
#5450=ORIENTED_EDGE('',*,*,#2120,.T.);
#5451=CARTESIAN_POINT('',(187.415978631,187.851167417,415.457613508));
#5452=DIRECTION('',(0.,-0.,-1.));
#5453=VECTOR('',#5452,5.);
#5454=LINE('',#5451,#5453);
#5455=EDGE_CURVE('',#2106,#4556,#5454,.T.);
#5456=ORIENTED_EDGE('',*,*,#5455,.T.);
#5457=EDGE_LOOP('',(#5443,#5449,#5450,#5456));
#5458=FACE_BOUND('',#5457,.T.);
#5459=ADVANCED_FACE('',(#5458),#5442,.T.);
#5460=CARTESIAN_POINT('',(191.87863907,252.956944835,554.457613508));
#5461=DIRECTION('',(0.,-1.,0.));
#5462=DIRECTION('',(1.,0.,0.));
#5463=AXIS2_PLACEMENT_3D('',#5460,#5461,#5462);
#5464=PLANE('',#5463);
#5465=ORIENTED_EDGE('',*,*,#4544,.F.);
#5466=CARTESIAN_POINT('',(194.341299508,252.956944835,410.457613508));
#5467=DIRECTION('',(-0.,0.,1.));
#5468=VECTOR('',#5467,5.);
#5469=LINE('',#5466,#5468);
#5470=EDGE_CURVE('',#4530,#2070,#5469,.T.);
#5471=ORIENTED_EDGE('',*,*,#5470,.T.);
#5472=ORIENTED_EDGE('',*,*,#2135,.T.);
#5473=CARTESIAN_POINT('',(189.415978631,252.956944835,415.457613508));
#5474=DIRECTION('',(0.,-0.,-1.));
#5475=VECTOR('',#5474,5.);
#5476=LINE('',#5473,#5475);
#5477=EDGE_CURVE('',#2123,#4539,#5476,.T.);
#5478=ORIENTED_EDGE('',*,*,#5477,.T.);
#5479=EDGE_LOOP('',(#5465,#5471,#5472,#5478));
#5480=FACE_BOUND('',#5479,.T.);
#5481=ADVANCED_FACE('',(#5480),#5464,.T.);
#5482=CARTESIAN_POINT('',(185.947564079,113.725510707,421.457613508));
#5483=DIRECTION('',(1.,0.,0.));
#5484=DIRECTION('',(0.,1.,-0.));
#5485=AXIS2_PLACEMENT_3D('',#5482,#5483,#5484);
#5486=PLANE('',#5485);
#5487=ORIENTED_EDGE('',*,*,#1715,.T.);
#5488=CARTESIAN_POINT('',(185.947564079,111.725510707,415.457613508));
#5489=DIRECTION('',(0.,-0.,-1.));
#5490=VECTOR('',#5489,5.);
#5491=LINE('',#5488,#5490);
#5492=EDGE_CURVE('',#1710,#3750,#5491,.T.);
#5493=ORIENTED_EDGE('',*,*,#5492,.T.);
#5494=ORIENTED_EDGE('',*,*,#3755,.F.);
#5495=CARTESIAN_POINT('',(185.947564079,115.725510707,410.457613508));
#5496=DIRECTION('',(-0.,0.,1.));
#5497=VECTOR('',#5496,5.);
#5498=LINE('',#5495,#5497);
#5499=EDGE_CURVE('',#3741,#1708,#5498,.T.);
#5500=ORIENTED_EDGE('',*,*,#5499,.T.);
#5501=EDGE_LOOP('',(#5487,#5493,#5494,#5500));
#5502=FACE_BOUND('',#5501,.T.);
#5503=ADVANCED_FACE('',(#5502),#5486,.T.);
#5504=CARTESIAN_POINT('',(200.947564079,118.725510707,421.457613508));
#5505=DIRECTION('',(0.,-1.,0.));
#5506=DIRECTION('',(1.,0.,0.));
#5507=AXIS2_PLACEMENT_3D('',#5504,#5505,#5506);
#5508=PLANE('',#5507);
#5509=ORIENTED_EDGE('',*,*,#3738,.F.);
#5510=CARTESIAN_POINT('',(212.947564079,118.725510707,410.457613508));
#5511=DIRECTION('',(-0.,0.,1.));
#5512=VECTOR('',#5511,5.);
#5513=LINE('',#5510,#5512);
#5514=EDGE_CURVE('',#3724,#1727,#5513,.T.);
#5515=ORIENTED_EDGE('',*,*,#5514,.T.);
#5516=ORIENTED_EDGE('',*,*,#1732,.T.);
#5517=CARTESIAN_POINT('',(188.947564079,118.725510707,415.457613508));
#5518=DIRECTION('',(0.,-0.,-1.));
#5519=VECTOR('',#5518,5.);
#5520=LINE('',#5517,#5519);
#5521=EDGE_CURVE('',#1718,#3733,#5520,.T.);
#5522=ORIENTED_EDGE('',*,*,#5521,.T.);
#5523=EDGE_LOOP('',(#5509,#5515,#5516,#5522));
#5524=FACE_BOUND('',#5523,.T.);
#5525=ADVANCED_FACE('',(#5524),#5508,.T.);
#5526=CARTESIAN_POINT('',(215.947564079,113.725510707,421.457613508));
#5527=DIRECTION('',(-1.,0.,0.));
#5528=DIRECTION('',(0.,-1.,0.));
#5529=AXIS2_PLACEMENT_3D('',#5526,#5527,#5528);
#5530=PLANE('',#5529);
#5531=ORIENTED_EDGE('',*,*,#3721,.F.);
#5532=CARTESIAN_POINT('',(215.947564079,111.725510707,410.457613508));
#5533=DIRECTION('',(-0.,0.,1.));
#5534=VECTOR('',#5533,5.);
#5535=LINE('',#5532,#5534);
#5536=EDGE_CURVE('',#3714,#1744,#5535,.T.);
#5537=ORIENTED_EDGE('',*,*,#5536,.T.);
#5538=ORIENTED_EDGE('',*,*,#1749,.T.);
#5539=CARTESIAN_POINT('',(215.947564079,115.725510707,415.457613508));
#5540=DIRECTION('',(0.,-0.,-1.));
#5541=VECTOR('',#5540,5.);
#5542=LINE('',#5539,#5541);
#5543=EDGE_CURVE('',#1735,#3716,#5542,.T.);
#5544=ORIENTED_EDGE('',*,*,#5543,.T.);
#5545=EDGE_LOOP('',(#5531,#5537,#5538,#5544));
#5546=FACE_BOUND('',#5545,.T.);
#5547=ADVANCED_FACE('',(#5546),#5530,.T.);
#5548=CARTESIAN_POINT('',(200.947564079,108.725510707,421.457613508));
#5549=DIRECTION('',(0.,1.,-0.));
#5550=DIRECTION('',(-1.,0.,0.));
#5551=AXIS2_PLACEMENT_3D('',#5548,#5549,#5550);
#5552=PLANE('',#5551);
#5553=ORIENTED_EDGE('',*,*,#1766,.T.);
#5554=CARTESIAN_POINT('',(212.947564079,108.725510707,415.457613508));
#5555=DIRECTION('',(0.,-0.,-1.));
#5556=VECTOR('',#5555,5.);
#5557=LINE('',#5554,#5556);
#5558=EDGE_CURVE('',#1752,#3767,#5557,.T.);
#5559=ORIENTED_EDGE('',*,*,#5558,.T.);
#5560=ORIENTED_EDGE('',*,*,#3772,.F.);
#5561=CARTESIAN_POINT('',(188.947564079,108.725510707,410.457613508));
#5562=DIRECTION('',(-0.,0.,1.));
#5563=VECTOR('',#5562,5.);
#5564=LINE('',#5561,#5563);
#5565=EDGE_CURVE('',#3758,#1761,#5564,.T.);
#5566=ORIENTED_EDGE('',*,*,#5565,.T.);
#5567=EDGE_LOOP('',(#5553,#5559,#5560,#5566));
#5568=FACE_BOUND('',#5567,.T.);
#5569=ADVANCED_FACE('',(#5568),#5552,.T.);
#5570=CARTESIAN_POINT('',(92.80971406,108.725510707,421.457613508));
#5571=DIRECTION('',(0.,-1.,0.));
#5572=DIRECTION('',(1.,0.,0.));
#5573=AXIS2_PLACEMENT_3D('',#5570,#5571,#5572);
#5574=PLANE('',#5573);
#5575=ORIENTED_EDGE('',*,*,#1203,.F.);
#5576=CARTESIAN_POINT('',(104.80971406,108.725510707,415.457613508));
#5577=DIRECTION('',(0.,-0.,-1.));
#5578=VECTOR('',#5577,5.);
#5579=LINE('',#5576,#5578);
#5580=EDGE_CURVE('',#1189,#3168,#5579,.T.);
#5581=ORIENTED_EDGE('',*,*,#5580,.T.);
#5582=ORIENTED_EDGE('',*,*,#3175,.T.);
#5583=CARTESIAN_POINT('',(80.80971406,108.725510707,410.457613508));
#5584=DIRECTION('',(-0.,0.,1.));
#5585=VECTOR('',#5584,5.);
#5586=LINE('',#5583,#5585);
#5587=EDGE_CURVE('',#3170,#1198,#5586,.T.);
#5588=ORIENTED_EDGE('',*,*,#5587,.T.);
#5589=EDGE_LOOP('',(#5575,#5581,#5582,#5588));
#5590=FACE_BOUND('',#5589,.T.);
#5591=ADVANCED_FACE('',(#5590),#5574,.F.);
#5592=CARTESIAN_POINT('',(77.80971406,113.725510707,421.457613508));
#5593=DIRECTION('',(-1.,0.,0.));
#5594=DIRECTION('',(0.,-1.,0.));
#5595=AXIS2_PLACEMENT_3D('',#5592,#5593,#5594);
#5596=PLANE('',#5595);
#5597=ORIENTED_EDGE('',*,*,#1220,.F.);
#5598=CARTESIAN_POINT('',(77.80971406,111.725510707,415.457613508));
#5599=DIRECTION('',(0.,-0.,-1.));
#5600=VECTOR('',#5599,5.);
#5601=LINE('',#5598,#5600);
#5602=EDGE_CURVE('',#1206,#3221,#5601,.T.);
#5603=ORIENTED_EDGE('',*,*,#5602,.T.);
#5604=ORIENTED_EDGE('',*,*,#3226,.T.);
#5605=CARTESIAN_POINT('',(77.80971406,115.725510707,410.457613508));
#5606=DIRECTION('',(-0.,0.,1.));
#5607=VECTOR('',#5606,5.);
#5608=LINE('',#5605,#5607);
#5609=EDGE_CURVE('',#3212,#1215,#5608,.T.);
#5610=ORIENTED_EDGE('',*,*,#5609,.T.);
#5611=EDGE_LOOP('',(#5597,#5603,#5604,#5610));
#5612=FACE_BOUND('',#5611,.T.);
#5613=ADVANCED_FACE('',(#5612),#5596,.F.);
#5614=CARTESIAN_POINT('',(92.80971406,118.725510707,421.457613508));
#5615=DIRECTION('',(0.,1.,-0.));
#5616=DIRECTION('',(-1.,0.,0.));
#5617=AXIS2_PLACEMENT_3D('',#5614,#5615,#5616);
#5618=PLANE('',#5617);
#5619=ORIENTED_EDGE('',*,*,#3209,.T.);
#5620=CARTESIAN_POINT('',(104.80971406,118.725510707,410.457613508));
#5621=DIRECTION('',(-0.,0.,1.));
#5622=VECTOR('',#5621,5.);
#5623=LINE('',#5620,#5622);
#5624=EDGE_CURVE('',#3195,#1164,#5623,.T.);
#5625=ORIENTED_EDGE('',*,*,#5624,.T.);
#5626=ORIENTED_EDGE('',*,*,#1169,.F.);
#5627=CARTESIAN_POINT('',(80.80971406,118.725510707,415.457613508));
#5628=DIRECTION('',(0.,-0.,-1.));
#5629=VECTOR('',#5628,5.);
#5630=LINE('',#5627,#5629);
#5631=EDGE_CURVE('',#1162,#3204,#5630,.T.);
#5632=ORIENTED_EDGE('',*,*,#5631,.T.);
#5633=EDGE_LOOP('',(#5619,#5625,#5626,#5632));
#5634=FACE_BOUND('',#5633,.T.);
#5635=ADVANCED_FACE('',(#5634),#5618,.F.);
#5636=CARTESIAN_POINT('',(107.80971406,113.725510707,421.457613508));
#5637=DIRECTION('',(1.,0.,0.));
#5638=DIRECTION('',(0.,1.,-0.));
#5639=AXIS2_PLACEMENT_3D('',#5636,#5637,#5638);
#5640=PLANE('',#5639);
#5641=ORIENTED_EDGE('',*,*,#3192,.T.);
#5642=CARTESIAN_POINT('',(107.80971406,111.725510707,410.457613508));
#5643=DIRECTION('',(-0.,0.,1.));
#5644=VECTOR('',#5643,5.);
#5645=LINE('',#5642,#5644);
#5646=EDGE_CURVE('',#3178,#1181,#5645,.T.);
#5647=ORIENTED_EDGE('',*,*,#5646,.T.);
#5648=ORIENTED_EDGE('',*,*,#1186,.F.);
#5649=CARTESIAN_POINT('',(107.80971406,115.725510707,415.457613508));
#5650=DIRECTION('',(0.,-0.,-1.));
#5651=VECTOR('',#5650,5.);
#5652=LINE('',#5649,#5651);
#5653=EDGE_CURVE('',#1172,#3187,#5652,.T.);
#5654=ORIENTED_EDGE('',*,*,#5653,.T.);
#5655=EDGE_LOOP('',(#5641,#5647,#5648,#5654));
#5656=FACE_BOUND('',#5655,.T.);
#5657=ADVANCED_FACE('',(#5656),#5640,.F.);
#5658=CARTESIAN_POINT('',(212.947564079,111.725510707,421.457613508));
#5659=DIRECTION('',(0.,0.,1.));
#5660=DIRECTION('',(0.,-1.,0.));
#5661=AXIS2_PLACEMENT_3D('',#5658,#5659,#5660);
#5662=CYLINDRICAL_SURFACE('',#5661,3.);
#5663=ORIENTED_EDGE('',*,*,#1758,.F.);
#5664=ORIENTED_EDGE('',*,*,#5536,.F.);
#5665=ORIENTED_EDGE('',*,*,#3779,.F.);
#5666=ORIENTED_EDGE('',*,*,#5558,.F.);
#5667=EDGE_LOOP('',(#5663,#5664,#5665,#5666));
#5668=FACE_BOUND('',#5667,.T.);
#5669=ADVANCED_FACE('',(#5668),#5662,.F.);
#5670=CARTESIAN_POINT('',(104.80971406,111.725510707,421.457613508));
#5671=DIRECTION('',(0.,0.,1.));
#5672=DIRECTION('',(0.,-1.,0.));
#5673=AXIS2_PLACEMENT_3D('',#5670,#5671,#5672);
#5674=CYLINDRICAL_SURFACE('',#5673,3.);
#5675=ORIENTED_EDGE('',*,*,#1195,.F.);
#5676=ORIENTED_EDGE('',*,*,#5646,.F.);
#5677=ORIENTED_EDGE('',*,*,#3184,.F.);
#5678=ORIENTED_EDGE('',*,*,#5580,.F.);
#5679=EDGE_LOOP('',(#5675,#5676,#5677,#5678));
#5680=FACE_BOUND('',#5679,.T.);
#5681=ADVANCED_FACE('',(#5680),#5674,.F.);
#5682=CARTESIAN_POINT('',(188.947564079,111.725510707,421.457613508));
#5683=DIRECTION('',(0.,0.,1.));
#5684=DIRECTION('',(0.,-1.,0.));
#5685=AXIS2_PLACEMENT_3D('',#5682,#5683,#5684);
#5686=CYLINDRICAL_SURFACE('',#5685,3.);
#5687=ORIENTED_EDGE('',*,*,#1773,.F.);
#5688=ORIENTED_EDGE('',*,*,#5565,.F.);
#5689=ORIENTED_EDGE('',*,*,#3764,.F.);
#5690=ORIENTED_EDGE('',*,*,#5492,.F.);
#5691=EDGE_LOOP('',(#5687,#5688,#5689,#5690));
#5692=FACE_BOUND('',#5691,.T.);
#5693=ADVANCED_FACE('',(#5692),#5686,.F.);
#5694=CARTESIAN_POINT('',(212.947564079,115.725510707,421.457613508));
#5695=DIRECTION('',(0.,0.,1.));
#5696=DIRECTION('',(0.,-1.,0.));
#5697=AXIS2_PLACEMENT_3D('',#5694,#5695,#5696);
#5698=CYLINDRICAL_SURFACE('',#5697,3.);
#5699=ORIENTED_EDGE('',*,*,#1741,.F.);
#5700=ORIENTED_EDGE('',*,*,#5514,.F.);
#5701=ORIENTED_EDGE('',*,*,#3730,.F.);
#5702=ORIENTED_EDGE('',*,*,#5543,.F.);
#5703=EDGE_LOOP('',(#5699,#5700,#5701,#5702));
#5704=FACE_BOUND('',#5703,.T.);
#5705=ADVANCED_FACE('',(#5704),#5698,.F.);
#5706=CARTESIAN_POINT('',(104.80971406,115.725510707,421.457613508));
#5707=DIRECTION('',(0.,0.,1.));
#5708=DIRECTION('',(0.,-1.,0.));
#5709=AXIS2_PLACEMENT_3D('',#5706,#5707,#5708);
#5710=CYLINDRICAL_SURFACE('',#5709,3.);
#5711=ORIENTED_EDGE('',*,*,#1178,.F.);
#5712=ORIENTED_EDGE('',*,*,#5624,.F.);
#5713=ORIENTED_EDGE('',*,*,#3201,.F.);
#5714=ORIENTED_EDGE('',*,*,#5653,.F.);
#5715=EDGE_LOOP('',(#5711,#5712,#5713,#5714));
#5716=FACE_BOUND('',#5715,.T.);
#5717=ADVANCED_FACE('',(#5716),#5710,.F.);
#5718=CARTESIAN_POINT('',(80.80971406,111.725510707,421.457613508));
#5719=DIRECTION('',(0.,0.,1.));
#5720=DIRECTION('',(0.,-1.,0.));
#5721=AXIS2_PLACEMENT_3D('',#5718,#5719,#5720);
#5722=CYLINDRICAL_SURFACE('',#5721,3.);
#5723=ORIENTED_EDGE('',*,*,#1212,.F.);
#5724=ORIENTED_EDGE('',*,*,#5587,.F.);
#5725=ORIENTED_EDGE('',*,*,#3233,.F.);
#5726=ORIENTED_EDGE('',*,*,#5602,.F.);
#5727=EDGE_LOOP('',(#5723,#5724,#5725,#5726));
#5728=FACE_BOUND('',#5727,.T.);
#5729=ADVANCED_FACE('',(#5728),#5722,.F.);
#5730=CARTESIAN_POINT('',(188.947564079,115.725510707,421.457613508));
#5731=DIRECTION('',(0.,0.,1.));
#5732=DIRECTION('',(0.,-1.,0.));
#5733=AXIS2_PLACEMENT_3D('',#5730,#5731,#5732);
#5734=CYLINDRICAL_SURFACE('',#5733,3.);
#5735=ORIENTED_EDGE('',*,*,#1724,.F.);
#5736=ORIENTED_EDGE('',*,*,#5499,.F.);
#5737=ORIENTED_EDGE('',*,*,#3747,.F.);
#5738=ORIENTED_EDGE('',*,*,#5521,.F.);
#5739=EDGE_LOOP('',(#5735,#5736,#5737,#5738));
#5740=FACE_BOUND('',#5739,.T.);
#5741=ADVANCED_FACE('',(#5740),#5734,.F.);
#5742=CARTESIAN_POINT('',(80.80971406,115.725510707,421.457613508));
#5743=DIRECTION('',(0.,0.,1.));
#5744=DIRECTION('',(0.,-1.,0.));
#5745=AXIS2_PLACEMENT_3D('',#5742,#5743,#5744);
#5746=CYLINDRICAL_SURFACE('',#5745,3.);
#5747=ORIENTED_EDGE('',*,*,#1227,.F.);
#5748=ORIENTED_EDGE('',*,*,#5609,.F.);
#5749=ORIENTED_EDGE('',*,*,#3218,.F.);
#5750=ORIENTED_EDGE('',*,*,#5631,.F.);
#5751=EDGE_LOOP('',(#5747,#5748,#5749,#5750));
#5752=FACE_BOUND('',#5751,.T.);
#5753=ADVANCED_FACE('',(#5752),#5746,.F.);
#5754=CARTESIAN_POINT('',(194.341299508,250.956944835,554.457613508));
#5755=DIRECTION('',(0.,0.,1.));
#5756=DIRECTION('',(0.,-1.,0.));
#5757=AXIS2_PLACEMENT_3D('',#5754,#5755,#5756);
#5758=CYLINDRICAL_SURFACE('',#5757,2.);
#5759=ORIENTED_EDGE('',*,*,#2078,.F.);
#5760=ORIENTED_EDGE('',*,*,#5470,.F.);
#5761=ORIENTED_EDGE('',*,*,#4536,.F.);
#5762=ORIENTED_EDGE('',*,*,#4606,.F.);
#5763=EDGE_LOOP('',(#5759,#5760,#5761,#5762));
#5764=FACE_BOUND('',#5763,.T.);
#5765=ADVANCED_FACE('',(#5764),#5758,.F.);
#5766=CARTESIAN_POINT('',(104.341299508,187.851167417,416.457613508));
#5767=DIRECTION('',(0.,0.,1.));
#5768=DIRECTION('',(0.,-1.,0.));
#5769=AXIS2_PLACEMENT_3D('',#5766,#5767,#5768);
#5770=CYLINDRICAL_SURFACE('',#5769,2.);
#5771=ORIENTED_EDGE('',*,*,#1688,.F.);
#5772=ORIENTED_EDGE('',*,*,#4987,.F.);
#5773=ORIENTED_EDGE('',*,*,#3709,.F.);
#5774=ORIENTED_EDGE('',*,*,#5009,.F.);
#5775=EDGE_LOOP('',(#5771,#5772,#5773,#5774));
#5776=FACE_BOUND('',#5775,.T.);
#5777=ADVANCED_FACE('',(#5776),#5770,.F.);
#5778=CARTESIAN_POINT('',(194.341299508,187.851167417,554.457613508));
#5779=DIRECTION('',(0.,0.,1.));
#5780=DIRECTION('',(0.,-1.,0.));
#5781=AXIS2_PLACEMENT_3D('',#5778,#5779,#5780);
#5782=CYLINDRICAL_SURFACE('',#5781,2.);
#5783=ORIENTED_EDGE('',*,*,#2095,.F.);
#5784=ORIENTED_EDGE('',*,*,#4599,.F.);
#5785=ORIENTED_EDGE('',*,*,#4585,.F.);
#5786=ORIENTED_EDGE('',*,*,#5426,.F.);
#5787=EDGE_LOOP('',(#5783,#5784,#5785,#5786));
#5788=FACE_BOUND('',#5787,.T.);
#5789=ADVANCED_FACE('',(#5788),#5782,.F.);
#5790=CARTESIAN_POINT('',(104.341299508,250.956944835,416.457613508));
#5791=DIRECTION('',(0.,0.,1.));
#5792=DIRECTION('',(0.,-1.,0.));
#5793=AXIS2_PLACEMENT_3D('',#5790,#5791,#5792);
#5794=CYLINDRICAL_SURFACE('',#5793,2.);
#5795=ORIENTED_EDGE('',*,*,#1671,.F.);
#5796=ORIENTED_EDGE('',*,*,#4965,.F.);
#5797=ORIENTED_EDGE('',*,*,#3660,.F.);
#5798=ORIENTED_EDGE('',*,*,#4994,.F.);
#5799=EDGE_LOOP('',(#5795,#5796,#5797,#5798));
#5800=FACE_BOUND('',#5799,.T.);
#5801=ADVANCED_FACE('',(#5800),#5794,.F.);
#5802=CARTESIAN_POINT('',(99.415978631,250.956944835,416.457613508));
#5803=DIRECTION('',(0.,0.,1.));
#5804=DIRECTION('',(0.,-1.,0.));
#5805=AXIS2_PLACEMENT_3D('',#5802,#5803,#5804);
#5806=CYLINDRICAL_SURFACE('',#5805,2.);
#5807=ORIENTED_EDGE('',*,*,#1654,.F.);
#5808=ORIENTED_EDGE('',*,*,#5031,.F.);
#5809=ORIENTED_EDGE('',*,*,#3677,.F.);
#5810=ORIENTED_EDGE('',*,*,#4972,.F.);
#5811=EDGE_LOOP('',(#5807,#5808,#5809,#5810));
#5812=FACE_BOUND('',#5811,.T.);
#5813=ADVANCED_FACE('',(#5812),#5806,.F.);
#5814=CARTESIAN_POINT('',(189.415978631,250.956944835,554.457613508));
#5815=DIRECTION('',(0.,0.,1.));
#5816=DIRECTION('',(0.,-1.,0.));
#5817=AXIS2_PLACEMENT_3D('',#5814,#5815,#5816);
#5818=CYLINDRICAL_SURFACE('',#5817,2.);
#5819=ORIENTED_EDGE('',*,*,#2129,.F.);
#5820=ORIENTED_EDGE('',*,*,#5448,.F.);
#5821=ORIENTED_EDGE('',*,*,#4553,.F.);
#5822=ORIENTED_EDGE('',*,*,#5477,.F.);
#5823=EDGE_LOOP('',(#5819,#5820,#5821,#5822));
#5824=FACE_BOUND('',#5823,.T.);
#5825=ADVANCED_FACE('',(#5824),#5818,.F.);
#5826=CARTESIAN_POINT('',(189.415978631,187.851167417,554.457613508));
#5827=DIRECTION('',(0.,0.,1.));
#5828=DIRECTION('',(0.,-1.,0.));
#5829=AXIS2_PLACEMENT_3D('',#5826,#5827,#5828);
#5830=CYLINDRICAL_SURFACE('',#5829,2.);
#5831=ORIENTED_EDGE('',*,*,#2112,.F.);
#5832=ORIENTED_EDGE('',*,*,#5433,.F.);
#5833=ORIENTED_EDGE('',*,*,#4570,.F.);
#5834=ORIENTED_EDGE('',*,*,#5455,.F.);
#5835=EDGE_LOOP('',(#5831,#5832,#5833,#5834));
#5836=FACE_BOUND('',#5835,.T.);
#5837=ADVANCED_FACE('',(#5836),#5830,.F.);
#5838=CARTESIAN_POINT('',(99.415978631,187.851167417,416.457613508));
#5839=DIRECTION('',(0.,0.,1.));
#5840=DIRECTION('',(0.,-1.,0.));
#5841=AXIS2_PLACEMENT_3D('',#5838,#5839,#5840);
#5842=CYLINDRICAL_SURFACE('',#5841,2.);
#5843=ORIENTED_EDGE('',*,*,#1703,.F.);
#5844=ORIENTED_EDGE('',*,*,#5016,.F.);
#5845=ORIENTED_EDGE('',*,*,#3694,.F.);
#5846=ORIENTED_EDGE('',*,*,#5038,.F.);
#5847=EDGE_LOOP('',(#5843,#5844,#5845,#5846));
#5848=FACE_BOUND('',#5847,.T.);
#5849=ADVANCED_FACE('',(#5848),#5842,.F.);
#5850=CARTESIAN_POINT('',(162.25,159.807613508,407.936736179));
#5851=DIRECTION('',(-0.,0.,1.));
#5852=DIRECTION('',(-1.,-0.,-0.));
#5853=AXIS2_PLACEMENT_3D('',#5850,#5851,#5852);
#5854=CYLINDRICAL_SURFACE('',#5853,1.7);
#5855=CARTESIAN_POINT('',(160.55,159.807613508,415.457613508));
#5856=DIRECTION('',(0.,-0.,-1.));
#5857=VECTOR('',#5856,5.);
#5858=LINE('',#5855,#5857);
#5859=EDGE_CURVE('',#1104,#3079,#5858,.T.);
#5860=ORIENTED_EDGE('',*,*,#5859,.F.);
#5861=ORIENTED_EDGE('',*,*,#1110,.F.);
#5862=ORIENTED_EDGE('',*,*,#1117,.F.);
#5863=ORIENTED_EDGE('',*,*,#5859,.T.);
#5864=ORIENTED_EDGE('',*,*,#3094,.F.);
#5865=ORIENTED_EDGE('',*,*,#3087,.F.);
#5866=EDGE_LOOP('',(#5860,#5861,#5862,#5863,#5864,#5865));
#5867=FACE_BOUND('',#5866,.T.);
#5868=ADVANCED_FACE('',(#5867),#5854,.F.);
#5869=CARTESIAN_POINT('',(131.25,159.807613508,407.936736179));
#5870=DIRECTION('',(-0.,0.,1.));
#5871=DIRECTION('',(-1.,-0.,-0.));
#5872=AXIS2_PLACEMENT_3D('',#5869,#5870,#5871);
#5873=CYLINDRICAL_SURFACE('',#5872,1.7);
#5874=CARTESIAN_POINT('',(129.55,159.807613508,415.457613508));
#5875=DIRECTION('',(0.,-0.,-1.));
#5876=VECTOR('',#5875,5.);
#5877=LINE('',#5874,#5876);
#5878=EDGE_CURVE('',#1084,#3059,#5877,.T.);
#5879=ORIENTED_EDGE('',*,*,#5878,.F.);
#5880=ORIENTED_EDGE('',*,*,#1090,.F.);
#5881=ORIENTED_EDGE('',*,*,#1097,.F.);
#5882=ORIENTED_EDGE('',*,*,#5878,.T.);
#5883=ORIENTED_EDGE('',*,*,#3074,.F.);
#5884=ORIENTED_EDGE('',*,*,#3067,.F.);
#5885=EDGE_LOOP('',(#5879,#5880,#5881,#5882,#5883,#5884));
#5886=FACE_BOUND('',#5885,.T.);
#5887=ADVANCED_FACE('',(#5886),#5873,.F.);
#5888=CARTESIAN_POINT('',(162.25,128.807613508,407.936736179));
#5889=DIRECTION('',(-0.,0.,1.));
#5890=DIRECTION('',(-1.,-0.,-0.));
#5891=AXIS2_PLACEMENT_3D('',#5888,#5889,#5890);
#5892=CYLINDRICAL_SURFACE('',#5891,1.7);
#5893=CARTESIAN_POINT('',(160.55,128.807613508,415.457613508));
#5894=DIRECTION('',(0.,-0.,-1.));
#5895=VECTOR('',#5894,5.);
#5896=LINE('',#5893,#5895);
#5897=EDGE_CURVE('',#1064,#3039,#5896,.T.);
#5898=ORIENTED_EDGE('',*,*,#5897,.F.);
#5899=ORIENTED_EDGE('',*,*,#1070,.F.);
#5900=ORIENTED_EDGE('',*,*,#1077,.F.);
#5901=ORIENTED_EDGE('',*,*,#5897,.T.);
#5902=ORIENTED_EDGE('',*,*,#3054,.F.);
#5903=ORIENTED_EDGE('',*,*,#3047,.F.);
#5904=EDGE_LOOP('',(#5898,#5899,#5900,#5901,#5902,#5903));
#5905=FACE_BOUND('',#5904,.T.);
#5906=ADVANCED_FACE('',(#5905),#5892,.F.);
#5907=CARTESIAN_POINT('',(131.25,128.807613508,407.936736179));
#5908=DIRECTION('',(-0.,0.,1.));
#5909=DIRECTION('',(-1.,-0.,-0.));
#5910=AXIS2_PLACEMENT_3D('',#5907,#5908,#5909);
#5911=CYLINDRICAL_SURFACE('',#5910,1.7);
#5912=CARTESIAN_POINT('',(129.55,128.807613508,415.457613508));
#5913=DIRECTION('',(0.,-0.,-1.));
#5914=VECTOR('',#5913,5.);
#5915=LINE('',#5912,#5914);
#5916=EDGE_CURVE('',#1044,#3019,#5915,.T.);
#5917=ORIENTED_EDGE('',*,*,#5916,.F.);
#5918=ORIENTED_EDGE('',*,*,#1050,.F.);
#5919=ORIENTED_EDGE('',*,*,#1057,.F.);
#5920=ORIENTED_EDGE('',*,*,#5916,.T.);
#5921=ORIENTED_EDGE('',*,*,#3034,.F.);
#5922=ORIENTED_EDGE('',*,*,#3027,.F.);
#5923=EDGE_LOOP('',(#5917,#5918,#5919,#5920,#5921,#5922));
#5924=FACE_BOUND('',#5923,.T.);
#5925=ADVANCED_FACE('',(#5924),#5911,.F.);
#5926=CARTESIAN_POINT('',(267.02136093,188.135438664,408.457613508));
#5927=DIRECTION('',(0.,0.,1.));
#5928=DIRECTION('',(0.,-1.,0.));
#5929=AXIS2_PLACEMENT_3D('',#5926,#5927,#5928);
#5930=CYLINDRICAL_SURFACE('',#5929,2.6);
#5931=CARTESIAN_POINT('',(267.02136093,185.535438664,415.457613508));
#5932=DIRECTION('',(-0.,-0.,-1.));
#5933=VECTOR('',#5932,5.);
#5934=LINE('',#5931,#5933);
#5935=EDGE_CURVE('',#1015,#2992,#5934,.T.);
#5936=ORIENTED_EDGE('',*,*,#5935,.F.);
#5937=ORIENTED_EDGE('',*,*,#1021,.F.);
#5938=ORIENTED_EDGE('',*,*,#1037,.F.);
#5939=ORIENTED_EDGE('',*,*,#1030,.F.);
#5940=ORIENTED_EDGE('',*,*,#5935,.T.);
#5941=ORIENTED_EDGE('',*,*,#3014,.T.);
#5942=ORIENTED_EDGE('',*,*,#3007,.T.);
#5943=ORIENTED_EDGE('',*,*,#2998,.T.);
#5944=EDGE_LOOP('',(#5936,#5937,#5938,#5939,#5940,#5941,#5942,#5943));
#5945=FACE_BOUND('',#5944,.T.);
#5946=ADVANCED_FACE('',(#5945),#5930,.F.);
#5947=CARTESIAN_POINT('',(242.92136093,164.235438664,408.457613508));
#5948=DIRECTION('',(0.,0.,1.));
#5949=DIRECTION('',(0.,-1.,0.));
#5950=AXIS2_PLACEMENT_3D('',#5947,#5948,#5949);
#5951=CYLINDRICAL_SURFACE('',#5950,2.6);
#5952=CARTESIAN_POINT('',(242.92136093,161.635438664,415.457613508));
#5953=DIRECTION('',(-0.,-0.,-1.));
#5954=VECTOR('',#5953,5.);
#5955=LINE('',#5952,#5954);
#5956=EDGE_CURVE('',#1809,#3786,#5955,.T.);
#5957=ORIENTED_EDGE('',*,*,#5956,.F.);
#5958=ORIENTED_EDGE('',*,*,#1815,.F.);
#5959=ORIENTED_EDGE('',*,*,#1831,.F.);
#5960=ORIENTED_EDGE('',*,*,#1824,.F.);
#5961=ORIENTED_EDGE('',*,*,#5956,.T.);
#5962=ORIENTED_EDGE('',*,*,#3808,.T.);
#5963=ORIENTED_EDGE('',*,*,#3801,.T.);
#5964=ORIENTED_EDGE('',*,*,#3792,.T.);
#5965=EDGE_LOOP('',(#5957,#5958,#5959,#5960,#5961,#5962,#5963,#5964));
#5966=FACE_BOUND('',#5965,.T.);
#5967=ADVANCED_FACE('',(#5966),#5951,.F.);
#5968=CARTESIAN_POINT('',(291.92136093,134.135438664,408.457613508));
#5969=DIRECTION('',(0.,0.,1.));
#5970=DIRECTION('',(0.,-1.,0.));
#5971=AXIS2_PLACEMENT_3D('',#5968,#5969,#5970);
#5972=CYLINDRICAL_SURFACE('',#5971,2.6);
#5973=CARTESIAN_POINT('',(291.92136093,131.535438664,415.457613508));
#5974=DIRECTION('',(-0.,-0.,-1.));
#5975=VECTOR('',#5974,5.);
#5976=LINE('',#5973,#5975);
#5977=EDGE_CURVE('',#986,#2963,#5976,.T.);
#5978=ORIENTED_EDGE('',*,*,#5977,.F.);
#5979=ORIENTED_EDGE('',*,*,#992,.F.);
#5980=ORIENTED_EDGE('',*,*,#1008,.F.);
#5981=ORIENTED_EDGE('',*,*,#1001,.F.);
#5982=ORIENTED_EDGE('',*,*,#5977,.T.);
#5983=ORIENTED_EDGE('',*,*,#2985,.T.);
#5984=ORIENTED_EDGE('',*,*,#2978,.T.);
#5985=ORIENTED_EDGE('',*,*,#2969,.T.);
#5986=EDGE_LOOP('',(#5978,#5979,#5980,#5981,#5982,#5983,#5984,#5985));
#5987=FACE_BOUND('',#5986,.T.);
#5988=ADVANCED_FACE('',(#5987),#5972,.F.);
#5989=CARTESIAN_POINT('',(241.92136093,134.135438664,408.457613508));
#5990=DIRECTION('',(0.,0.,1.));
#5991=DIRECTION('',(0.,-1.,0.));
#5992=AXIS2_PLACEMENT_3D('',#5989,#5990,#5991);
#5993=CYLINDRICAL_SURFACE('',#5992,2.6);
#5994=CARTESIAN_POINT('',(241.92136093,131.535438664,415.457613508));
#5995=DIRECTION('',(-0.,-0.,-1.));
#5996=VECTOR('',#5995,5.);
#5997=LINE('',#5994,#5996);
#5998=EDGE_CURVE('',#957,#2934,#5997,.T.);
#5999=ORIENTED_EDGE('',*,*,#5998,.F.);
#6000=ORIENTED_EDGE('',*,*,#963,.F.);
#6001=ORIENTED_EDGE('',*,*,#979,.F.);
#6002=ORIENTED_EDGE('',*,*,#972,.F.);
#6003=ORIENTED_EDGE('',*,*,#5998,.T.);
#6004=ORIENTED_EDGE('',*,*,#2956,.T.);
#6005=ORIENTED_EDGE('',*,*,#2949,.T.);
#6006=ORIENTED_EDGE('',*,*,#2940,.T.);
#6007=EDGE_LOOP('',(#5999,#6000,#6001,#6002,#6003,#6004,#6005,#6006));
#6008=FACE_BOUND('',#6007,.T.);
#6009=ADVANCED_FACE('',(#6008),#5993,.F.);
#6010=CARTESIAN_POINT('',(291.92136093,194.135438664,408.457613508));
#6011=DIRECTION('',(0.,0.,1.));
#6012=DIRECTION('',(0.,-1.,0.));
#6013=AXIS2_PLACEMENT_3D('',#6010,#6011,#6012);
#6014=CYLINDRICAL_SURFACE('',#6013,2.6);
#6015=CARTESIAN_POINT('',(291.92136093,191.535438664,415.457613508));
#6016=DIRECTION('',(-0.,-0.,-1.));
#6017=VECTOR('',#6016,5.);
#6018=LINE('',#6015,#6017);
#6019=EDGE_CURVE('',#928,#2905,#6018,.T.);
#6020=ORIENTED_EDGE('',*,*,#6019,.F.);
#6021=ORIENTED_EDGE('',*,*,#934,.F.);
#6022=ORIENTED_EDGE('',*,*,#950,.F.);
#6023=ORIENTED_EDGE('',*,*,#943,.F.);
#6024=ORIENTED_EDGE('',*,*,#6019,.T.);
#6025=ORIENTED_EDGE('',*,*,#2927,.T.);
#6026=ORIENTED_EDGE('',*,*,#2920,.T.);
#6027=ORIENTED_EDGE('',*,*,#2911,.T.);
#6028=EDGE_LOOP('',(#6020,#6021,#6022,#6023,#6024,#6025,#6026,#6027));
#6029=FACE_BOUND('',#6028,.T.);
#6030=ADVANCED_FACE('',(#6029),#6014,.F.);
#6031=CARTESIAN_POINT('',(241.92136093,194.135438664,408.457613508));
#6032=DIRECTION('',(0.,0.,1.));
#6033=DIRECTION('',(0.,-1.,0.));
#6034=AXIS2_PLACEMENT_3D('',#6031,#6032,#6033);
#6035=CYLINDRICAL_SURFACE('',#6034,2.6);
#6036=CARTESIAN_POINT('',(241.92136093,191.535438664,415.457613508));
#6037=DIRECTION('',(-0.,-0.,-1.));
#6038=VECTOR('',#6037,5.);
#6039=LINE('',#6036,#6038);
#6040=EDGE_CURVE('',#899,#2876,#6039,.T.);
#6041=ORIENTED_EDGE('',*,*,#6040,.F.);
#6042=ORIENTED_EDGE('',*,*,#905,.F.);
#6043=ORIENTED_EDGE('',*,*,#921,.F.);
#6044=ORIENTED_EDGE('',*,*,#914,.F.);
#6045=ORIENTED_EDGE('',*,*,#6040,.T.);
#6046=ORIENTED_EDGE('',*,*,#2898,.T.);
#6047=ORIENTED_EDGE('',*,*,#2891,.T.);
#6048=ORIENTED_EDGE('',*,*,#2882,.T.);
#6049=EDGE_LOOP('',(#6041,#6042,#6043,#6044,#6045,#6046,#6047,#6048));
#6050=FACE_BOUND('',#6049,.T.);
#6051=ADVANCED_FACE('',(#6050),#6035,.F.);
#6052=CARTESIAN_POINT('',(266.92136093,164.135438664,408.457613508));
#6053=DIRECTION('',(0.,0.,1.));
#6054=DIRECTION('',(0.,-1.,0.));
#6055=AXIS2_PLACEMENT_3D('',#6052,#6053,#6054);
#6056=CYLINDRICAL_SURFACE('',#6055,2.1);
#6057=CARTESIAN_POINT('',(266.92136093,162.035438664,415.457613508));
#6058=DIRECTION('',(-0.,-0.,-1.));
#6059=VECTOR('',#6058,5.);
#6060=LINE('',#6057,#6059);
#6061=EDGE_CURVE('',#870,#2847,#6060,.T.);
#6062=ORIENTED_EDGE('',*,*,#6061,.F.);
#6063=ORIENTED_EDGE('',*,*,#876,.F.);
#6064=ORIENTED_EDGE('',*,*,#892,.F.);
#6065=ORIENTED_EDGE('',*,*,#885,.F.);
#6066=ORIENTED_EDGE('',*,*,#6061,.T.);
#6067=ORIENTED_EDGE('',*,*,#2869,.T.);
#6068=ORIENTED_EDGE('',*,*,#2862,.T.);
#6069=ORIENTED_EDGE('',*,*,#2853,.T.);
#6070=EDGE_LOOP('',(#6062,#6063,#6064,#6065,#6066,#6067,#6068,#6069));
#6071=FACE_BOUND('',#6070,.T.);
#6072=ADVANCED_FACE('',(#6071),#6056,.F.);
#6073=CARTESIAN_POINT('',(266.82136093,140.135438664,408.457613508));
#6074=DIRECTION('',(0.,0.,1.));
#6075=DIRECTION('',(0.,-1.,0.));
#6076=AXIS2_PLACEMENT_3D('',#6073,#6074,#6075);
#6077=CYLINDRICAL_SURFACE('',#6076,2.6);
#6078=CARTESIAN_POINT('',(266.82136093,137.535438664,415.457613508));
#6079=DIRECTION('',(-0.,-0.,-1.));
#6080=VECTOR('',#6079,5.);
#6081=LINE('',#6078,#6080);
#6082=EDGE_CURVE('',#841,#2818,#6081,.T.);
#6083=ORIENTED_EDGE('',*,*,#6082,.F.);
#6084=ORIENTED_EDGE('',*,*,#847,.F.);
#6085=ORIENTED_EDGE('',*,*,#863,.F.);
#6086=ORIENTED_EDGE('',*,*,#856,.F.);
#6087=ORIENTED_EDGE('',*,*,#6082,.T.);
#6088=ORIENTED_EDGE('',*,*,#2840,.T.);
#6089=ORIENTED_EDGE('',*,*,#2833,.T.);
#6090=ORIENTED_EDGE('',*,*,#2824,.T.);
#6091=EDGE_LOOP('',(#6083,#6084,#6085,#6086,#6087,#6088,#6089,#6090));
#6092=FACE_BOUND('',#6091,.T.);
#6093=ADVANCED_FACE('',(#6092),#6077,.F.);
#6094=CARTESIAN_POINT('',(51.835917209,194.135438664,399.457613508));
#6095=DIRECTION('',(0.,0.,1.));
#6096=DIRECTION('',(0.,-1.,0.));
#6097=AXIS2_PLACEMENT_3D('',#6094,#6095,#6096);
#6098=CYLINDRICAL_SURFACE('',#6097,2.5);
#6099=CARTESIAN_POINT('',(51.835917209,191.635438664,415.457613508));
#6100=DIRECTION('',(-0.,-0.,-1.));
#6101=VECTOR('',#6100,5.);
#6102=LINE('',#6099,#6101);
#6103=EDGE_CURVE('',#2041,#4460,#6102,.T.);
#6104=ORIENTED_EDGE('',*,*,#6103,.F.);
#6105=ORIENTED_EDGE('',*,*,#2047,.F.);
#6106=ORIENTED_EDGE('',*,*,#2054,.F.);
#6107=ORIENTED_EDGE('',*,*,#6103,.T.);
#6108=ORIENTED_EDGE('',*,*,#4468,.T.);
#6109=ORIENTED_EDGE('',*,*,#4475,.T.);
#6110=EDGE_LOOP('',(#6104,#6105,#6106,#6107,#6108,#6109));
#6111=FACE_BOUND('',#6110,.T.);
#6112=ADVANCED_FACE('',(#6111),#6098,.F.);
#6113=CARTESIAN_POINT('',(106.87863907,269.135438664,401.457613508));
#6114=DIRECTION('',(0.,1.,-0.));
#6115=DIRECTION('',(-1.,0.,0.));
#6116=AXIS2_PLACEMENT_3D('',#6113,#6114,#6115);
#6117=PLANE('',#6116);
#6118=ORIENTED_EDGE('',*,*,#2307,.F.);
#6119=CARTESIAN_POINT('',(225.22178482,269.135438664,415.457613508));
#6120=DIRECTION('',(-0.,-0.,-1.));
#6121=VECTOR('',#6120,5.);
#6122=LINE('',#6119,#6121);
#6123=EDGE_CURVE('',#2293,#2699,#6122,.T.);
#6124=ORIENTED_EDGE('',*,*,#6123,.T.);
#6125=ORIENTED_EDGE('',*,*,#2704,.F.);
#6126=CARTESIAN_POINT('',(68.535493319,269.135438664,410.457613508));
#6127=DIRECTION('',(0.,0.,1.));
#6128=VECTOR('',#6127,5.);
#6129=LINE('',#6126,#6128);
#6130=EDGE_CURVE('',#2690,#2302,#6129,.T.);
#6131=ORIENTED_EDGE('',*,*,#6130,.T.);
#6132=EDGE_LOOP('',(#6118,#6124,#6125,#6131));
#6133=FACE_BOUND('',#6132,.T.);
#6134=ADVANCED_FACE('',(#6133),#6117,.T.);
#6135=CARTESIAN_POINT('',(229.37863907,271.635438664,401.457613508));
#6136=DIRECTION('',(-0.707106781,0.707106781,-0.));
#6137=DIRECTION('',(-0.707106781,-0.707106781,0.));
#6138=AXIS2_PLACEMENT_3D('',#6135,#6136,#6137);
#6139=PLANE('',#6138);
#6140=ORIENTED_EDGE('',*,*,#2290,.F.);
#6141=CARTESIAN_POINT('',(230.707066194,272.963865789,415.457613508));
#6142=DIRECTION('',(-0.,-0.,-1.));
#6143=VECTOR('',#6142,5.);
#6144=LINE('',#6141,#6143);
#6145=EDGE_CURVE('',#2276,#2716,#6144,.T.);
#6146=ORIENTED_EDGE('',*,*,#6145,.T.);
#6147=ORIENTED_EDGE('',*,*,#2721,.F.);
#6148=CARTESIAN_POINT('',(228.050211945,270.30701154,410.457613508));
#6149=DIRECTION('',(0.,0.,1.));
#6150=VECTOR('',#6149,5.);
#6151=LINE('',#6148,#6150);
#6152=EDGE_CURVE('',#2707,#2285,#6151,.T.);
#6153=ORIENTED_EDGE('',*,*,#6152,.T.);
#6154=EDGE_LOOP('',(#6140,#6146,#6147,#6153));
#6155=FACE_BOUND('',#6154,.T.);
#6156=ADVANCED_FACE('',(#6155),#6139,.T.);
#6157=CARTESIAN_POINT('',(64.37863907,271.635438664,401.457613508));
#6158=DIRECTION('',(-0.707106781,-0.707106781,0.));
#6159=DIRECTION('',(0.707106781,-0.707106781,0.));
#6160=AXIS2_PLACEMENT_3D('',#6157,#6158,#6159);
#6161=PLANE('',#6160);
#6162=ORIENTED_EDGE('',*,*,#2687,.T.);
#6163=CARTESIAN_POINT('',(63.050211945,272.963865789,410.457613508));
#6164=DIRECTION('',(0.,0.,1.));
#6165=VECTOR('',#6164,5.);
#6166=LINE('',#6163,#6165);
#6167=EDGE_CURVE('',#2673,#2319,#6166,.T.);
#6168=ORIENTED_EDGE('',*,*,#6167,.T.);
#6169=ORIENTED_EDGE('',*,*,#2324,.T.);
#6170=CARTESIAN_POINT('',(65.707066194,270.30701154,415.457613508));
#6171=DIRECTION('',(-0.,-0.,-1.));
#6172=VECTOR('',#6171,5.);
#6173=LINE('',#6170,#6172);
#6174=EDGE_CURVE('',#2310,#2682,#6173,.T.);
#6175=ORIENTED_EDGE('',*,*,#6174,.T.);
#6176=EDGE_LOOP('',(#6162,#6168,#6169,#6175));
#6177=FACE_BOUND('',#6176,.T.);
#6178=ADVANCED_FACE('',(#6177),#6161,.F.);
#6179=CARTESIAN_POINT('',(233.535493319,270.135438664,416.457613508));
#6180=DIRECTION('',(0.,-0.,-1.));
#6181=DIRECTION('',(0.,1.,-0.));
#6182=AXIS2_PLACEMENT_3D('',#6179,#6180,#6181);
#6183=CYLINDRICAL_SURFACE('',#6182,4.);
#6184=ORIENTED_EDGE('',*,*,#2730,.F.);
#6185=ORIENTED_EDGE('',*,*,#6145,.F.);
#6186=ORIENTED_EDGE('',*,*,#2282,.F.);
#6187=ORIENTED_EDGE('',*,*,#5411,.F.);
#6188=EDGE_LOOP('',(#6184,#6185,#6186,#6187));
#6189=FACE_BOUND('',#6188,.T.);
#6190=ADVANCED_FACE('',(#6189),#6183,.T.);
#6191=CARTESIAN_POINT('',(225.22178482,273.135438664,401.457613508));
#6192=DIRECTION('',(0.,-0.,-1.));
#6193=DIRECTION('',(0.,1.,-0.));
#6194=AXIS2_PLACEMENT_3D('',#6191,#6192,#6193);
#6195=CYLINDRICAL_SURFACE('',#6194,4.);
#6196=ORIENTED_EDGE('',*,*,#2713,.F.);
#6197=ORIENTED_EDGE('',*,*,#6123,.F.);
#6198=ORIENTED_EDGE('',*,*,#2299,.F.);
#6199=ORIENTED_EDGE('',*,*,#6152,.F.);
#6200=EDGE_LOOP('',(#6196,#6197,#6198,#6199));
#6201=FACE_BOUND('',#6200,.T.);
#6202=ADVANCED_FACE('',(#6201),#6195,.F.);
#6203=CARTESIAN_POINT('',(60.22178482,270.135438664,401.457613508));
#6204=DIRECTION('',(0.,0.,1.));
#6205=DIRECTION('',(0.,-1.,0.));
#6206=AXIS2_PLACEMENT_3D('',#6203,#6204,#6205);
#6207=CYLINDRICAL_SURFACE('',#6206,4.);
#6208=ORIENTED_EDGE('',*,*,#2679,.F.);
#6209=ORIENTED_EDGE('',*,*,#503,.F.);
#6210=ORIENTED_EDGE('',*,*,#2331,.F.);
#6211=ORIENTED_EDGE('',*,*,#6167,.F.);
#6212=EDGE_LOOP('',(#6208,#6209,#6210,#6211));
#6213=FACE_BOUND('',#6212,.T.);
#6214=ADVANCED_FACE('',(#6213),#6207,.T.);
#6215=CARTESIAN_POINT('',(68.535493319,273.135438664,401.457613508));
#6216=DIRECTION('',(0.,0.,1.));
#6217=DIRECTION('',(0.,-1.,0.));
#6218=AXIS2_PLACEMENT_3D('',#6215,#6216,#6217);
#6219=CYLINDRICAL_SURFACE('',#6218,4.);
#6220=ORIENTED_EDGE('',*,*,#2696,.F.);
#6221=ORIENTED_EDGE('',*,*,#6174,.F.);
#6222=ORIENTED_EDGE('',*,*,#2316,.F.);
#6223=ORIENTED_EDGE('',*,*,#6130,.F.);
#6224=EDGE_LOOP('',(#6220,#6221,#6222,#6223));
#6225=FACE_BOUND('',#6224,.T.);
#6226=ADVANCED_FACE('',(#6225),#6219,.F.);
#6227=CARTESIAN_POINT('',(-12.700021861,118.787613508,380.457613508));
#6228=DIRECTION('',(-1.,0.,0.));
#6229=DIRECTION('',(0.,-1.,0.));
#6230=AXIS2_PLACEMENT_3D('',#6227,#6228,#6229);
#6231=PLANE('',#6230);
#6232=ORIENTED_EDGE('',*,*,#4948,.T.);
#6233=ORIENTED_EDGE('',*,*,#2198,.F.);
#6234=ORIENTED_EDGE('',*,*,#543,.F.);
#6235=ORIENTED_EDGE('',*,*,#2811,.F.);
#6236=EDGE_LOOP('',(#6232,#6233,#6234,#6235));
#6237=FACE_BOUND('',#6236,.T.);
#6238=ADVANCED_FACE('',(#6237),#6231,.T.);
#6239=CARTESIAN_POINT('',(291.92136093,164.135438664,393.457613508));
#6240=DIRECTION('',(0.,0.,1.));
#6241=DIRECTION('',(0.,-1.,0.));
#6242=AXIS2_PLACEMENT_3D('',#6239,#6240,#6241);
#6243=CYLINDRICAL_SURFACE('',#6242,2.5);
#6244=CARTESIAN_POINT('',(291.92136093,161.635438664,415.457613508));
#6245=DIRECTION('',(-0.,-0.,-1.));
#6246=VECTOR('',#6245,5.);
#6247=LINE('',#6244,#6246);
#6248=EDGE_CURVE('',#821,#4480,#6247,.T.);
#6249=ORIENTED_EDGE('',*,*,#6248,.F.);
#6250=ORIENTED_EDGE('',*,*,#827,.F.);
#6251=ORIENTED_EDGE('',*,*,#834,.F.);
#6252=ORIENTED_EDGE('',*,*,#6248,.T.);
#6253=ORIENTED_EDGE('',*,*,#4488,.T.);
#6254=ORIENTED_EDGE('',*,*,#4495,.T.);
#6255=EDGE_LOOP('',(#6249,#6250,#6251,#6252,#6253,#6254));
#6256=FACE_BOUND('',#6255,.T.);
#6257=ADVANCED_FACE('',(#6256),#6243,.F.);
#6258=CARTESIAN_POINT('',(1.835917209,164.135438664,393.457613508));
#6259=DIRECTION('',(0.,0.,1.));
#6260=DIRECTION('',(0.,-1.,0.));
#6261=AXIS2_PLACEMENT_3D('',#6258,#6259,#6260);
#6262=CYLINDRICAL_SURFACE('',#6261,2.5);
#6263=CARTESIAN_POINT('',(1.835917209,161.635438664,415.457613508));
#6264=DIRECTION('',(-0.,-0.,-1.));
#6265=VECTOR('',#6264,5.);
#6266=LINE('',#6263,#6265);
#6267=EDGE_CURVE('',#801,#4500,#6266,.T.);
#6268=ORIENTED_EDGE('',*,*,#6267,.F.);
#6269=ORIENTED_EDGE('',*,*,#807,.F.);
#6270=ORIENTED_EDGE('',*,*,#814,.F.);
#6271=ORIENTED_EDGE('',*,*,#6267,.T.);
#6272=ORIENTED_EDGE('',*,*,#4508,.T.);
#6273=ORIENTED_EDGE('',*,*,#4515,.T.);
#6274=EDGE_LOOP('',(#6268,#6269,#6270,#6271,#6272,#6273));
#6275=FACE_BOUND('',#6274,.T.);
#6276=ADVANCED_FACE('',(#6275),#6262,.F.);
#6277=CARTESIAN_POINT('',(262.736503446,276.206506476,410.457613508));
#6278=DIRECTION('',(1.,0.,0.));
#6279=DIRECTION('',(0.,0.,-1.));
#6280=AXIS2_PLACEMENT_3D('',#6277,#6278,#6279);
#6281=PLANE('',#6280);
#6282=ORIENTED_EDGE('',*,*,#2256,.F.);
#6283=CARTESIAN_POINT('',(262.736503446,230.934428538,415.457613508));
#6284=DIRECTION('',(-0.,-0.,-1.));
#6285=VECTOR('',#6284,5.);
#6286=LINE('',#6283,#6285);
#6287=EDGE_CURVE('',#2242,#2750,#6286,.T.);
#6288=ORIENTED_EDGE('',*,*,#6287,.T.);
#6289=ORIENTED_EDGE('',*,*,#2755,.T.);
#6290=CARTESIAN_POINT('',(262.736503446,258.135438664,410.457613508));
#6291=DIRECTION('',(0.,0.,1.));
#6292=VECTOR('',#6291,5.);
#6293=LINE('',#6290,#6292);
#6294=EDGE_CURVE('',#2741,#2251,#6293,.T.);
#6295=ORIENTED_EDGE('',*,*,#6294,.T.);
#6296=EDGE_LOOP('',(#6282,#6288,#6289,#6295));
#6297=FACE_BOUND('',#6296,.T.);
#6298=ADVANCED_FACE('',(#6297),#6281,.T.);
#6299=CARTESIAN_POINT('',(280.828932188,204.135438664,410.457613508));
#6300=DIRECTION('',(0.,1.,-0.));
#6301=DIRECTION('',(0.,0.,1.));
#6302=AXIS2_PLACEMENT_3D('',#6299,#6300,#6301);
#6303=PLANE('',#6302);
#6304=ORIENTED_EDGE('',*,*,#2789,.T.);
#6305=CARTESIAN_POINT('',(289.535493319,204.135438664,410.457613508));
#6306=DIRECTION('',(-0.,0.,1.));
#6307=VECTOR('',#6306,5.);
#6308=LINE('',#6305,#6307);
#6309=EDGE_CURVE('',#2775,#2217,#6308,.T.);
#6310=ORIENTED_EDGE('',*,*,#6309,.T.);
#6311=ORIENTED_EDGE('',*,*,#2222,.F.);
#6312=CARTESIAN_POINT('',(296.457278139,204.135438664,415.457613508));
#6313=DIRECTION('',(-0.,-0.,-1.));
#6314=VECTOR('',#6313,5.);
#6315=LINE('',#6312,#6314);
#6316=EDGE_CURVE('',#2208,#2784,#6315,.T.);
#6317=ORIENTED_EDGE('',*,*,#6316,.T.);
#6318=EDGE_LOOP('',(#6304,#6310,#6311,#6317));
#6319=FACE_BOUND('',#6318,.T.);
#6320=ADVANCED_FACE('',(#6319),#6303,.T.);
#6321=CARTESIAN_POINT('',(30.946686061,239.423033687,410.457613508));
#6322=DIRECTION('',(-0.999996921,0.002481512,-0.));
#6323=DIRECTION('',(-0.002481512,-0.999996921,0.));
#6324=AXIS2_PLACEMENT_3D('',#6321,#6322,#6323);
#6325=PLANE('',#6324);
#6326=ORIENTED_EDGE('',*,*,#2662,.T.);
#6327=CARTESIAN_POINT('',(30.926335158,231.222048811,410.457613508));
#6328=DIRECTION('',(0.,0.,1.));
#6329=VECTOR('',#6328,5.);
#6330=LINE('',#6327,#6329);
#6331=EDGE_CURVE('',#2648,#2344,#6330,.T.);
#6332=ORIENTED_EDGE('',*,*,#6331,.T.);
#6333=ORIENTED_EDGE('',*,*,#2349,.F.);
#6334=CARTESIAN_POINT('',(30.993219784,258.175142853,415.457613508));
#6335=DIRECTION('',(0.,-0.,-1.));
#6336=VECTOR('',#6335,5.);
#6337=LINE('',#6334,#6336);
#6338=EDGE_CURVE('',#2335,#2657,#6337,.T.);
#6339=ORIENTED_EDGE('',*,*,#6338,.T.);
#6340=EDGE_LOOP('',(#6326,#6332,#6333,#6339));
#6341=FACE_BOUND('',#6340,.T.);
#6342=ADVANCED_FACE('',(#6341),#6325,.T.);
#6343=CARTESIAN_POINT('',(-9.092859926,204.522284833,410.457613508));
#6344=DIRECTION('',(0.002481512,0.999996921,-0.));
#6345=DIRECTION('',(-0.999996921,0.002481512,-0.));
#6346=AXIS2_PLACEMENT_3D('',#6343,#6344,#6345);
#6347=PLANE('',#6346);
#6348=ORIENTED_EDGE('',*,*,#2173,.F.);
#6349=CARTESIAN_POINT('',(4.060925789,204.489643459,415.457613508));
#6350=DIRECTION('',(0.,-0.,-1.));
#6351=VECTOR('',#6350,5.);
#6352=LINE('',#6349,#6351);
#6353=EDGE_CURVE('',#2159,#2614,#6352,.T.);
#6354=ORIENTED_EDGE('',*,*,#6353,.T.);
#6355=ORIENTED_EDGE('',*,*,#2619,.T.);
#6356=CARTESIAN_POINT('',(-2.675184882,204.506359248,410.457613508));
#6357=DIRECTION('',(0.,0.,1.));
#6358=VECTOR('',#6357,5.);
#6359=LINE('',#6356,#6358);
#6360=EDGE_CURVE('',#2605,#2168,#6359,.T.);
#6361=ORIENTED_EDGE('',*,*,#6360,.T.);
#6362=EDGE_LOOP('',(#6348,#6354,#6355,#6361));
#6363=FACE_BOUND('',#6362,.T.);
#6364=ADVANCED_FACE('',(#6363),#6347,.T.);
#6365=CARTESIAN_POINT('',(283.736503446,204.135438664,410.457613508));
#6366=DIRECTION('',(0.707106781,0.707106781,-0.));
#6367=DIRECTION('',(0.,-0.,-1.));
#6368=AXIS2_PLACEMENT_3D('',#6365,#6366,#6367);
#6369=PLANE('',#6368);
#6370=ORIENTED_EDGE('',*,*,#2772,.F.);
#6371=CARTESIAN_POINT('',(266.837008509,221.034933601,410.457613508));
#6372=DIRECTION('',(0.,0.,1.));
#6373=VECTOR('',#6372,5.);
#6374=LINE('',#6371,#6373);
#6375=EDGE_CURVE('',#2758,#2234,#6374,.T.);
#6376=ORIENTED_EDGE('',*,*,#6375,.T.);
#6377=ORIENTED_EDGE('',*,*,#2239,.F.);
#6378=CARTESIAN_POINT('',(279.635998382,208.235943728,415.457613508));
#6379=DIRECTION('',(-0.,-0.,-1.));
#6380=VECTOR('',#6379,5.);
#6381=LINE('',#6378,#6380);
#6382=EDGE_CURVE('',#2225,#2767,#6381,.T.);
#6383=ORIENTED_EDGE('',*,*,#6382,.T.);
#6384=EDGE_LOOP('',(#6370,#6376,#6377,#6383));
#6385=FACE_BOUND('',#6384,.T.);
#6386=ADVANCED_FACE('',(#6385),#6369,.T.);
#6387=CARTESIAN_POINT('',(30.911944897,225.423076792,410.457613508));
#6388=DIRECTION('',(-0.70534991,0.708859298,-0.));
#6389=DIRECTION('',(0.,-0.,-1.));
#6390=AXIS2_PLACEMENT_3D('',#6387,#6388,#6389);
#6391=PLANE('',#6390);
#6392=ORIENTED_EDGE('',*,*,#2147,.F.);
#6393=CARTESIAN_POINT('',(26.801277007,221.332759806,415.457613508));
#6394=DIRECTION('',(-0.,-0.,-1.));
#6395=VECTOR('',#6394,5.);
#6396=LINE('',#6393,#6395);
#6397=EDGE_CURVE('',#2140,#2640,#6396,.T.);
#6398=ORIENTED_EDGE('',*,*,#6397,.T.);
#6399=ORIENTED_EDGE('',*,*,#2645,.F.);
#6400=CARTESIAN_POINT('',(13.970565697,208.565570184,410.457613508));
#6401=DIRECTION('',(-0.,0.,1.));
#6402=VECTOR('',#6401,5.);
#6403=LINE('',#6400,#6402);
#6404=EDGE_CURVE('',#2631,#2142,#6403,.T.);
#6405=ORIENTED_EDGE('',*,*,#6404,.T.);
#6406=EDGE_LOOP('',(#6392,#6398,#6399,#6405));
#6407=FACE_BOUND('',#6406,.T.);
#6408=ADVANCED_FACE('',(#6407),#6391,.T.);
#6409=CARTESIAN_POINT('',(46.993170521,258.135438664,416.457613508));
#6410=DIRECTION('',(0.,-0.,-1.));
#6411=DIRECTION('',(0.,1.,-0.));
#6412=AXIS2_PLACEMENT_3D('',#6409,#6410,#6411);
#6413=CYLINDRICAL_SURFACE('',#6412,16.);
#6414=ORIENTED_EDGE('',*,*,#2341,.F.);
#6415=ORIENTED_EDGE('',*,*,#489,.F.);
#6416=ORIENTED_EDGE('',*,*,#2669,.F.);
#6417=ORIENTED_EDGE('',*,*,#6338,.F.);
#6418=EDGE_LOOP('',(#6414,#6415,#6416,#6417));
#6419=FACE_BOUND('',#6418,.T.);
#6420=ADVANCED_FACE('',(#6419),#6413,.T.);
#6421=CARTESIAN_POINT('',(246.736503446,258.135438664,410.457613508));
#6422=DIRECTION('',(0.,-0.,-1.));
#6423=DIRECTION('',(0.,1.,-0.));
#6424=AXIS2_PLACEMENT_3D('',#6421,#6422,#6423);
#6425=CYLINDRICAL_SURFACE('',#6424,16.);
#6426=ORIENTED_EDGE('',*,*,#2265,.F.);
#6427=ORIENTED_EDGE('',*,*,#6294,.F.);
#6428=ORIENTED_EDGE('',*,*,#2747,.F.);
#6429=ORIENTED_EDGE('',*,*,#5404,.F.);
#6430=EDGE_LOOP('',(#6426,#6427,#6428,#6429));
#6431=FACE_BOUND('',#6430,.T.);
#6432=ADVANCED_FACE('',(#6431),#6425,.T.);
#6433=CARTESIAN_POINT('',(296.457278139,194.135438664,380.457613508));
#6434=DIRECTION('',(0.,0.,1.));
#6435=DIRECTION('',(0.,-1.,0.));
#6436=AXIS2_PLACEMENT_3D('',#6433,#6434,#6435);
#6437=CYLINDRICAL_SURFACE('',#6436,10.);
#6438=ORIENTED_EDGE('',*,*,#2796,.F.);
#6439=ORIENTED_EDGE('',*,*,#6316,.F.);
#6440=ORIENTED_EDGE('',*,*,#2214,.F.);
#6441=ORIENTED_EDGE('',*,*,#569,.F.);
#6442=EDGE_LOOP('',(#6438,#6439,#6440,#6441));
#6443=FACE_BOUND('',#6442,.T.);
#6444=ADVANCED_FACE('',(#6443),#6437,.T.);
#6445=CARTESIAN_POINT('',(-2.7,194.506390038,410.457613508));
#6446=DIRECTION('',(0.,-0.,-1.));
#6447=DIRECTION('',(0.,1.,-0.));
#6448=AXIS2_PLACEMENT_3D('',#6445,#6446,#6447);
#6449=CYLINDRICAL_SURFACE('',#6448,10.);
#6450=CARTESIAN_POINT('',(-2.7,204.506390038,410.457613508));
#6451=DIRECTION('',(-0.,0.,1.));
#6452=VECTOR('',#6451,5.);
#6453=LINE('',#6450,#6452);
#6454=EDGE_CURVE('',#2596,#2176,#6453,.T.);
#6455=ORIENTED_EDGE('',*,*,#6454,.T.);
#6456=ORIENTED_EDGE('',*,*,#2182,.F.);
#6457=ORIENTED_EDGE('',*,*,#6360,.F.);
#6458=ORIENTED_EDGE('',*,*,#2611,.F.);
#6459=EDGE_LOOP('',(#6455,#6456,#6457,#6458));
#6460=FACE_BOUND('',#6459,.T.);
#6461=ADVANCED_FACE('',(#6460),#6449,.T.);
#6462=CARTESIAN_POINT('',(276.736503446,230.934428538,410.457613508));
#6463=DIRECTION('',(0.,0.,1.));
#6464=DIRECTION('',(0.,-1.,0.));
#6465=AXIS2_PLACEMENT_3D('',#6462,#6463,#6464);
#6466=CYLINDRICAL_SURFACE('',#6465,14.);
#6467=ORIENTED_EDGE('',*,*,#2248,.F.);
#6468=ORIENTED_EDGE('',*,*,#6375,.F.);
#6469=ORIENTED_EDGE('',*,*,#2764,.F.);
#6470=ORIENTED_EDGE('',*,*,#6287,.F.);
#6471=EDGE_LOOP('',(#6467,#6468,#6469,#6470));
#6472=FACE_BOUND('',#6471,.T.);
#6473=ADVANCED_FACE('',(#6472),#6466,.F.);
#6474=CARTESIAN_POINT('',(289.535493319,218.135438664,410.457613508));
#6475=DIRECTION('',(0.,-0.,-1.));
#6476=DIRECTION('',(0.,1.,-0.));
#6477=AXIS2_PLACEMENT_3D('',#6474,#6475,#6476);
#6478=CYLINDRICAL_SURFACE('',#6477,14.);
#6479=ORIENTED_EDGE('',*,*,#2781,.F.);
#6480=ORIENTED_EDGE('',*,*,#6382,.F.);
#6481=ORIENTED_EDGE('',*,*,#2231,.F.);
#6482=ORIENTED_EDGE('',*,*,#6309,.F.);
#6483=EDGE_LOOP('',(#6479,#6480,#6481,#6482));
#6484=FACE_BOUND('',#6483,.T.);
#6485=ADVANCED_FACE('',(#6484),#6478,.F.);
#6486=CARTESIAN_POINT('',(16.926378264,231.256789975,410.457613508));
#6487=DIRECTION('',(-0.,-0.,-1.));
#6488=DIRECTION('',(0.,1.,-0.));
#6489=AXIS2_PLACEMENT_3D('',#6486,#6487,#6488);
#6490=CYLINDRICAL_SURFACE('',#6489,14.);
#6491=ORIENTED_EDGE('',*,*,#2654,.F.);
#6492=ORIENTED_EDGE('',*,*,#6397,.F.);
#6493=ORIENTED_EDGE('',*,*,#2356,.F.);
#6494=ORIENTED_EDGE('',*,*,#6331,.F.);
#6495=EDGE_LOOP('',(#6491,#6492,#6493,#6494));
#6496=FACE_BOUND('',#6495,.T.);
#6497=ADVANCED_FACE('',(#6496),#6490,.F.);
#6498=CARTESIAN_POINT('',(4.095666954,218.489600354,410.457613508));
#6499=DIRECTION('',(-0.,0.,1.));
#6500=DIRECTION('',(0.,-1.,0.));
#6501=AXIS2_PLACEMENT_3D('',#6498,#6499,#6500);
#6502=CYLINDRICAL_SURFACE('',#6501,14.);
#6503=CARTESIAN_POINT('',(4.095666954,204.489600354,415.457613508));
#6504=DIRECTION('',(0.,-0.,-1.));
#6505=VECTOR('',#6504,5.);
#6506=LINE('',#6503,#6505);
#6507=EDGE_CURVE('',#2150,#2622,#6506,.T.);
#6508=ORIENTED_EDGE('',*,*,#6507,.F.);
#6509=ORIENTED_EDGE('',*,*,#2156,.F.);
#6510=ORIENTED_EDGE('',*,*,#6404,.F.);
#6511=ORIENTED_EDGE('',*,*,#2637,.F.);
#6512=EDGE_LOOP('',(#6508,#6509,#6510,#6511));
#6513=FACE_BOUND('',#6512,.T.);
#6514=ADVANCED_FACE('',(#6513),#6502,.F.);
#6515=CARTESIAN_POINT('',(191.378633604,97.635438664,396.457613508));
#6516=DIRECTION('',(0.,0.,1.));
#6517=DIRECTION('',(0.,-1.,0.));
#6518=AXIS2_PLACEMENT_3D('',#6515,#6516,#6517);
#6519=CYLINDRICAL_SURFACE('',#6518,2.1);
#6520=CARTESIAN_POINT('',(191.378633604,95.535438664,415.457613508));
#6521=DIRECTION('',(-0.,-0.,-1.));
#6522=VECTOR('',#6521,5.);
#6523=LINE('',#6520,#6522);
#6524=EDGE_CURVE('',#757,#2575,#6523,.T.);
#6525=ORIENTED_EDGE('',*,*,#6524,.F.);
#6526=ORIENTED_EDGE('',*,*,#765,.T.);
#6527=ORIENTED_EDGE('',*,*,#772,.T.);
#6528=ORIENTED_EDGE('',*,*,#6524,.T.);
#6529=ORIENTED_EDGE('',*,*,#2583,.T.);
#6530=ORIENTED_EDGE('',*,*,#2590,.T.);
#6531=EDGE_LOOP('',(#6525,#6526,#6527,#6528,#6529,#6530));
#6532=FACE_BOUND('',#6531,.T.);
#6533=ADVANCED_FACE('',(#6532),#6519,.F.);
#6534=CARTESIAN_POINT('',(248.378633604,116.635438664,396.457613508));
#6535=DIRECTION('',(0.,0.,1.));
#6536=DIRECTION('',(0.,-1.,0.));
#6537=AXIS2_PLACEMENT_3D('',#6534,#6535,#6536);
#6538=CYLINDRICAL_SURFACE('',#6537,2.1);
#6539=CARTESIAN_POINT('',(248.378633604,114.535438664,415.457613508));
#6540=DIRECTION('',(-0.,-0.,-1.));
#6541=VECTOR('',#6540,5.);
#6542=LINE('',#6539,#6541);
#6543=EDGE_CURVE('',#737,#2555,#6542,.T.);
#6544=ORIENTED_EDGE('',*,*,#6543,.F.);
#6545=ORIENTED_EDGE('',*,*,#745,.T.);
#6546=ORIENTED_EDGE('',*,*,#752,.T.);
#6547=ORIENTED_EDGE('',*,*,#6543,.T.);
#6548=ORIENTED_EDGE('',*,*,#2563,.T.);
#6549=ORIENTED_EDGE('',*,*,#2570,.T.);
#6550=EDGE_LOOP('',(#6544,#6545,#6546,#6547,#6548,#6549));
#6551=FACE_BOUND('',#6550,.T.);
#6552=ADVANCED_FACE('',(#6551),#6538,.F.);
#6553=CARTESIAN_POINT('',(248.378633604,265.635438664,396.457613508));
#6554=DIRECTION('',(0.,0.,1.));
#6555=DIRECTION('',(0.,-1.,0.));
#6556=AXIS2_PLACEMENT_3D('',#6553,#6554,#6555);
#6557=CYLINDRICAL_SURFACE('',#6556,2.1);
#6558=CARTESIAN_POINT('',(248.378633604,263.535438664,415.457613508));
#6559=DIRECTION('',(-0.,-0.,-1.));
#6560=VECTOR('',#6559,5.);
#6561=LINE('',#6558,#6560);
#6562=EDGE_CURVE('',#717,#2535,#6561,.T.);
#6563=ORIENTED_EDGE('',*,*,#6562,.F.);
#6564=ORIENTED_EDGE('',*,*,#725,.T.);
#6565=ORIENTED_EDGE('',*,*,#732,.T.);
#6566=ORIENTED_EDGE('',*,*,#6562,.T.);
#6567=ORIENTED_EDGE('',*,*,#2543,.T.);
#6568=ORIENTED_EDGE('',*,*,#2550,.T.);
#6569=EDGE_LOOP('',(#6563,#6564,#6565,#6566,#6567,#6568));
#6570=FACE_BOUND('',#6569,.T.);
#6571=ADVANCED_FACE('',(#6570),#6557,.F.);
#6572=CARTESIAN_POINT('',(248.378633604,217.635438664,396.457613508));
#6573=DIRECTION('',(0.,0.,1.));
#6574=DIRECTION('',(0.,-1.,0.));
#6575=AXIS2_PLACEMENT_3D('',#6572,#6573,#6574);
#6576=CYLINDRICAL_SURFACE('',#6575,2.1);
#6577=CARTESIAN_POINT('',(248.378633604,215.535438664,415.457613508));
#6578=DIRECTION('',(-0.,-0.,-1.));
#6579=VECTOR('',#6578,5.);
#6580=LINE('',#6577,#6579);
#6581=EDGE_CURVE('',#697,#2515,#6580,.T.);
#6582=ORIENTED_EDGE('',*,*,#6581,.F.);
#6583=ORIENTED_EDGE('',*,*,#705,.T.);
#6584=ORIENTED_EDGE('',*,*,#712,.T.);
#6585=ORIENTED_EDGE('',*,*,#6581,.T.);
#6586=ORIENTED_EDGE('',*,*,#2523,.T.);
#6587=ORIENTED_EDGE('',*,*,#2530,.T.);
#6588=EDGE_LOOP('',(#6582,#6583,#6584,#6585,#6586,#6587));
#6589=FACE_BOUND('',#6588,.T.);
#6590=ADVANCED_FACE('',(#6589),#6576,.F.);
#6591=CARTESIAN_POINT('',(248.378633604,241.635438664,396.457613508));
#6592=DIRECTION('',(0.,0.,1.));
#6593=DIRECTION('',(0.,-1.,0.));
#6594=AXIS2_PLACEMENT_3D('',#6591,#6592,#6593);
#6595=CYLINDRICAL_SURFACE('',#6594,2.1);
#6596=CARTESIAN_POINT('',(248.378633604,239.535438664,415.457613508));
#6597=DIRECTION('',(-0.,-0.,-1.));
#6598=VECTOR('',#6597,5.);
#6599=LINE('',#6596,#6598);
#6600=EDGE_CURVE('',#677,#2495,#6599,.T.);
#6601=ORIENTED_EDGE('',*,*,#6600,.F.);
#6602=ORIENTED_EDGE('',*,*,#685,.T.);
#6603=ORIENTED_EDGE('',*,*,#692,.T.);
#6604=ORIENTED_EDGE('',*,*,#6600,.T.);
#6605=ORIENTED_EDGE('',*,*,#2503,.T.);
#6606=ORIENTED_EDGE('',*,*,#2510,.T.);
#6607=EDGE_LOOP('',(#6601,#6602,#6603,#6604,#6605,#6606));
#6608=FACE_BOUND('',#6607,.T.);
#6609=ADVANCED_FACE('',(#6608),#6595,.F.);
#6610=CARTESIAN_POINT('',(86.87863907,234.135438664,325.457613508));
#6611=DIRECTION('',(0.,0.,1.));
#6612=DIRECTION('',(0.,-1.,0.));
#6613=AXIS2_PLACEMENT_3D('',#6610,#6611,#6612);
#6614=CYLINDRICAL_SURFACE('',#6613,2.1);
#6615=CARTESIAN_POINT('',(86.87863907,232.035438664,415.457613508));
#6616=DIRECTION('',(-0.,-0.,-1.));
#6617=VECTOR('',#6616,5.);
#6618=LINE('',#6615,#6617);
#6619=EDGE_CURVE('',#646,#2455,#6618,.T.);
#6620=ORIENTED_EDGE('',*,*,#6619,.F.);
#6621=ORIENTED_EDGE('',*,*,#652,.T.);
#6622=ORIENTED_EDGE('',*,*,#6619,.T.);
#6623=ORIENTED_EDGE('',*,*,#2463,.T.);
#6624=ORIENTED_EDGE('',*,*,#2470,.T.);
#6625=EDGE_LOOP('',(#6620,#6621,#6622,#6623,#6624));
#6626=FACE_BOUND('',#6625,.T.);
#6627=ADVANCED_FACE('',(#6626),#6614,.F.);
#6628=CARTESIAN_POINT('',(116.87863907,234.135438664,325.457613508));
#6629=DIRECTION('',(0.,0.,1.));
#6630=DIRECTION('',(0.,-1.,0.));
#6631=AXIS2_PLACEMENT_3D('',#6628,#6629,#6630);
#6632=CYLINDRICAL_SURFACE('',#6631,2.1);
#6633=CARTESIAN_POINT('',(116.87863907,232.035438664,415.457613508));
#6634=DIRECTION('',(-0.,-0.,-1.));
#6635=VECTOR('',#6634,5.);
#6636=LINE('',#6633,#6635);
#6637=EDGE_CURVE('',#635,#2435,#6636,.T.);
#6638=ORIENTED_EDGE('',*,*,#6637,.F.);
#6639=ORIENTED_EDGE('',*,*,#641,.T.);
#6640=ORIENTED_EDGE('',*,*,#6637,.T.);
#6641=ORIENTED_EDGE('',*,*,#2443,.T.);
#6642=ORIENTED_EDGE('',*,*,#2450,.T.);
#6643=EDGE_LOOP('',(#6638,#6639,#6640,#6641,#6642));
#6644=FACE_BOUND('',#6643,.T.);
#6645=ADVANCED_FACE('',(#6644),#6632,.F.);
#6646=CARTESIAN_POINT('',(146.87863907,234.135438664,325.457613508));
#6647=DIRECTION('',(0.,0.,1.));
#6648=DIRECTION('',(0.,-1.,0.));
#6649=AXIS2_PLACEMENT_3D('',#6646,#6647,#6648);
#6650=CYLINDRICAL_SURFACE('',#6649,2.1);
#6651=CARTESIAN_POINT('',(146.87863907,232.035438664,415.457613508));
#6652=DIRECTION('',(-0.,-0.,-1.));
#6653=VECTOR('',#6652,5.);
#6654=LINE('',#6651,#6653);
#6655=EDGE_CURVE('',#624,#2415,#6654,.T.);
#6656=ORIENTED_EDGE('',*,*,#6655,.F.);
#6657=ORIENTED_EDGE('',*,*,#630,.T.);
#6658=ORIENTED_EDGE('',*,*,#6655,.T.);
#6659=ORIENTED_EDGE('',*,*,#2423,.T.);
#6660=ORIENTED_EDGE('',*,*,#2430,.T.);
#6661=EDGE_LOOP('',(#6656,#6657,#6658,#6659,#6660));
#6662=FACE_BOUND('',#6661,.T.);
#6663=ADVANCED_FACE('',(#6662),#6650,.F.);
#6664=CARTESIAN_POINT('',(177.87863907,234.135438664,325.457613508));
#6665=DIRECTION('',(0.,0.,1.));
#6666=DIRECTION('',(0.,-1.,0.));
#6667=AXIS2_PLACEMENT_3D('',#6664,#6665,#6666);
#6668=CYLINDRICAL_SURFACE('',#6667,2.1);
#6669=CARTESIAN_POINT('',(177.87863907,232.035438664,415.457613508));
#6670=DIRECTION('',(-0.,-0.,-1.));
#6671=VECTOR('',#6670,5.);
#6672=LINE('',#6669,#6671);
#6673=EDGE_CURVE('',#613,#2395,#6672,.T.);
#6674=ORIENTED_EDGE('',*,*,#6673,.F.);
#6675=ORIENTED_EDGE('',*,*,#619,.T.);
#6676=ORIENTED_EDGE('',*,*,#6673,.T.);
#6677=ORIENTED_EDGE('',*,*,#2403,.T.);
#6678=ORIENTED_EDGE('',*,*,#2410,.T.);
#6679=EDGE_LOOP('',(#6674,#6675,#6676,#6677,#6678));
#6680=FACE_BOUND('',#6679,.T.);
#6681=ADVANCED_FACE('',(#6680),#6668,.F.);
#6682=CARTESIAN_POINT('',(208.87863907,234.135438664,325.457613508));
#6683=DIRECTION('',(0.,0.,1.));
#6684=DIRECTION('',(0.,-1.,0.));
#6685=AXIS2_PLACEMENT_3D('',#6682,#6683,#6684);
#6686=CYLINDRICAL_SURFACE('',#6685,2.1);
#6687=CARTESIAN_POINT('',(208.87863907,232.035438664,415.457613508));
#6688=DIRECTION('',(-0.,-0.,-1.));
#6689=VECTOR('',#6688,5.);
#6690=LINE('',#6687,#6689);
#6691=EDGE_CURVE('',#602,#2375,#6690,.T.);
#6692=ORIENTED_EDGE('',*,*,#6691,.F.);
#6693=ORIENTED_EDGE('',*,*,#608,.T.);
#6694=ORIENTED_EDGE('',*,*,#6691,.T.);
#6695=ORIENTED_EDGE('',*,*,#2383,.T.);
#6696=ORIENTED_EDGE('',*,*,#2390,.T.);
#6697=EDGE_LOOP('',(#6692,#6693,#6694,#6695,#6696));
#6698=FACE_BOUND('',#6697,.T.);
#6699=ADVANCED_FACE('',(#6698),#6686,.F.);
#6700=CARTESIAN_POINT('',(-2.7,194.506390038,410.457613508));
#6701=DIRECTION('',(0.,-0.,-1.));
#6702=DIRECTION('',(0.,1.,-0.));
#6703=AXIS2_PLACEMENT_3D('',#6700,#6701,#6702);
#6704=CYLINDRICAL_SURFACE('',#6703,10.);
#6705=ORIENTED_EDGE('',*,*,#6454,.F.);
#6706=ORIENTED_EDGE('',*,*,#2602,.F.);
#6707=ORIENTED_EDGE('',*,*,#529,.F.);
#6708=ORIENTED_EDGE('',*,*,#2189,.F.);
#6709=EDGE_LOOP('',(#6705,#6706,#6707,#6708));
#6710=FACE_BOUND('',#6709,.T.);
#6711=ADVANCED_FACE('',(#6710),#6704,.T.);
#6712=CARTESIAN_POINT('',(4.095666954,218.489600354,410.457613508));
#6713=DIRECTION('',(-0.,0.,1.));
#6714=DIRECTION('',(0.,-1.,0.));
#6715=AXIS2_PLACEMENT_3D('',#6712,#6713,#6714);
#6716=CYLINDRICAL_SURFACE('',#6715,14.);
#6717=ORIENTED_EDGE('',*,*,#6507,.T.);
#6718=ORIENTED_EDGE('',*,*,#2628,.F.);
#6719=ORIENTED_EDGE('',*,*,#6353,.F.);
#6720=ORIENTED_EDGE('',*,*,#2165,.F.);
#6721=EDGE_LOOP('',(#6717,#6718,#6719,#6720));
#6722=FACE_BOUND('',#6721,.T.);
#6723=ADVANCED_FACE('',(#6722),#6716,.F.);
#6724=CLOSED_SHELL('',(#161,#212,#263,#314,#365,#416,#467,#507,#547,#587,#2360,#4589,#4611,#4651,#4691,#4731,#4752,#4773,#4794,#4815,#4836,#4857,#4878,#4897,#4918,#4937,
#4954,#4976,#4998,#5020,#5042,#5063,#5084,#5105,#5126,#5147,#5168,#5187,#5206,#5225,#5246,#5267,#5288,#5309,#5330,#5351,#5372,#5393,#5415,#5437,#5459,
#5481,#5503,#5525,#5547,#5569,#5591,#5613,#5635,#5657,#5669,#5681,#5693,#5705,#5717,#5729,#5741,#5753,#5765,#5777,#5789,#5801,#5813,#5825,#5837,#5849,
#5868,#5887,#5906,#5925,#5946,#5967,#5988,#6009,#6030,#6051,#6072,#6093,#6112,#6134,#6156,#6178,#6190,#6202,#6214,#6226,#6238,#6257,#6276,#6298,#6320,
#6342,#6364,#6386,#6408,#6420,#6432,#6444,#6461,#6473,#6485,#6497,#6514,#6533,#6552,#6571,#6590,#6609,#6627,#6645,#6663,#6681,#6699,#6711,#6723));
#6725=MANIFOLD_SOLID_BREP('Chamfer1',#6724);
#6726=COLOUR_RGB('',0.690196097,0.611764729,0.529411793);
#6727=FILL_AREA_STYLE_COLOUR('',#6726);
#6728=FILL_AREA_STYLE('',(#6727));
#6729=SURFACE_STYLE_FILL_AREA(#6728);
#6730=SURFACE_SIDE_STYLE('',(#6729));
#6731=SURFACE_STYLE_USAGE(.BOTH.,#6730);
#6732=PRESENTATION_STYLE_ASSIGNMENT((#6731));
#110=STYLED_ITEM('',(#6732),#6725);
#91=SHAPE_REPRESENTATION('t\X2\1EA5\X0\m sau',(#15),#89);
#92=ADVANCED_BREP_SHAPE_REPRESENTATION('t\X2\1EA5\X0\m sau',(#6725),#89);
#6740=SHAPE_REPRESENTATION_RELATIONSHIP('','',#91,#92);
#6741=CARTESIAN_POINT('',(0.,0.,0.));
#6742=DIRECTION('',(0.,0.,1.));
#6743=DIRECTION('',(1.,0.,0.));
#6744=AXIS2_PLACEMENT_3D('',#6741,#6742,#6743);
#6746=MAPPED_ITEM('',#6745,#6744);
#6745=REPRESENTATION_MAP(#6744,#91);
#6747=APPLICATION_CONTEXT('Managed model based 3d engineering');
#6748=APPLICATION_PROTOCOL_DEFINITION('international standard','ap242_managed_model_based_3d_engineering',2014,#6747);
#6749=PRODUCT_CONTEXT('',#6747,'mechanical');
#6750=PRODUCT_DEFINITION_CONTEXT('part definition',#6747,'design');
#99=PRODUCT('t\X2\1EA5\X0\m sau','t\X2\1EA5\X0\m sau','',(#6749));
#6751=PRODUCT_RELATED_PRODUCT_CATEGORY('part','',(#99));
#6752=PRODUCT_DEFINITION_FORMATION_WITH_SPECIFIED_SOURCE('','',#99,.NOT_KNOWN.);
#100=PRODUCT_DEFINITION('design','',#6752,#6750);
#98=PRODUCT_DEFINITION_SHAPE('','',#100);
#6753=SHAPE_DEFINITION_REPRESENTATION(#98,#91);
#90=DRAUGHTING_MODEL('',(#6746),#89);
#63=SHAPE_REPRESENTATION('DEMO_T9_6.7.STEP',(#15,#104),#61);
#6754=CARTESIAN_POINT('',(0.,0.,0.));
#6755=DIRECTION('',(0.,0.,1.));
#6756=DIRECTION('',(1.,0.,0.));
#6757=AXIS2_PLACEMENT_3D('',#6754,#6755,#6756);
#6759=MAPPED_ITEM('',#6758,#6757);
#6758=REPRESENTATION_MAP(#6757,#63);
#71=PRODUCT('DEMO_T9_6.7.STEP','DEMO_T9_6.7.STEP','',(#6749));
#6760=PRODUCT_RELATED_PRODUCT_CATEGORY('part','',(#71));
#6761=PRODUCT_DEFINITION_FORMATION_WITH_SPECIFIED_SOURCE('','',#71,.NOT_KNOWN.);
#72=PRODUCT_DEFINITION('design','',#6761,#6750);
#70=PRODUCT_DEFINITION_SHAPE('','',#72);
#6762=SHAPE_DEFINITION_REPRESENTATION(#70,#63);
#62=DRAUGHTING_MODEL('',(#6759),#61);
#35=SHAPE_REPRESENTATION('DEMO_T9_6.7.STEP (Imported)',(#15,#76),#33);
#6763=CARTESIAN_POINT('',(0.,0.,0.));
#6764=DIRECTION('',(0.,0.,1.));
#6765=DIRECTION('',(1.,0.,0.));
#6766=AXIS2_PLACEMENT_3D('',#6763,#6764,#6765);
#6768=MAPPED_ITEM('',#6767,#6766);
#6767=REPRESENTATION_MAP(#6766,#35);
#43=PRODUCT('DEMO_T9_6.7.STEP (Imported)','DEMO_T9_6.7.STEP (Imported)','',(#6749));
#6769=PRODUCT_RELATED_PRODUCT_CATEGORY('part','',(#43));
#6770=PRODUCT_DEFINITION_FORMATION_WITH_SPECIFIED_SOURCE('','',#43,.NOT_KNOWN.);
#44=PRODUCT_DEFINITION('design','',#6770,#6750);
#42=PRODUCT_DEFINITION_SHAPE('','',#44);
#6771=SHAPE_DEFINITION_REPRESENTATION(#42,#35);
#34=DRAUGHTING_MODEL('',(#6768),#33);
#16=SHAPE_REPRESENTATION('root',(#15,#48),#10);
#6772=CARTESIAN_POINT('',(0.,0.,0.));
#6773=DIRECTION('',(0.,0.,1.));
#6774=DIRECTION('',(1.,0.,0.));
#6775=AXIS2_PLACEMENT_3D('',#6772,#6773,#6774);
#6777=MAPPED_ITEM('',#6776,#6775);
#6776=REPRESENTATION_MAP(#6775,#16);
#24=PRODUCT('root','root','',(#6749));
#6778=PRODUCT_RELATED_PRODUCT_CATEGORY('part','',(#24));
#6779=PRODUCT_DEFINITION_FORMATION_WITH_SPECIFIED_SOURCE('','',#24,.NOT_KNOWN.);
#25=PRODUCT_DEFINITION('design','',#6779,#6750);
#23=PRODUCT_DEFINITION_SHAPE('','',#25);
#6780=SHAPE_DEFINITION_REPRESENTATION(#23,#16);
#11=DRAUGHTING_MODEL('',(#6777),#10);
#6781=DESCRIPTIVE_REPRESENTATION_ITEM('KEY','C:\\Users\\TranHuyBao\\AppData\\Local\\Packages\\Shapr3D.Shapr3D_dvv5p1vgwv6mp\\TempState\\e3723121-f5ba-4712-a79b-751fc6a5187e.tmp');
#6782=PROPERTY_DEFINITION('KEY','',#25);
#6783=REPRESENTATION('',(#6781),#10);
#6784=PROPERTY_DEFINITION_REPRESENTATION(#6782,#6783);
#6785=GENERAL_PROPERTY('','KEY','');
#6786=GENERAL_PROPERTY_ASSOCIATION('','',#6785,#6782);
#1=MECHANICAL_DESIGN_GEOMETRIC_PRESENTATION_REPRESENTATION('',(#110),#10);
ENDSEC;
END-ISO-10303-21;
