ISO-10303-21;
HEADER;

/* File generated by Shapr3D Version 26.121.11316.0 */

FILE_DESCRIPTION(('HOOPS Exchange Step'),'2;1');

FILE_NAME('C:\\Users\\TranHuyBao\\AppData\\Local\\Packages\\Shapr3D.Shapr3D_dvv5p1vgwv6mp\\TempState\\export\\temp_export',
'2026-07-23T22:42:27+07:00',
('TR\X2\1EA6\X0\N HUY B\X2\1EA2\X0\O'),
('Shapr3D Limited'),
'HOOPS Exchange 2026.3',
'Shapr3D',
'Authorized');

FILE_SCHEMA( ('AP242_MANAGED_MODEL_BASED_3D_ENGINEERING_MIM_LF {1 0 10303 442 1 1 4}') );

ENDSEC;

DATA;
#3=(NAMED_UNIT(*)PLANE_ANGLE_UNIT()SI_UNIT($,.RADIAN.));
#4=PLANE_ANGLE_MEASURE_WITH_UNIT(PLANE_ANGLE_MEASURE(0.0174532925),#3);
#5=(CONVERSION_BASED_UNIT('DEGREE',#4)NAMED_UNIT(#6)PLANE_ANGLE_UNIT());
#6=DIMENSIONAL_EXPONENTS(0.,0.,0.,0.,0.,0.,0.);
#7=(NAMED_UNIT(*)SI_UNIT($,.STERADIAN.)SOLID_ANGLE_UNIT());
#8=(LENGTH_UNIT()NAMED_UNIT(*)SI_UNIT(.MILLI.,.METRE.));
#9=UNCERTAINTY_MEASURE_WITH_UNIT(LENGTH_MEASURE(1.000000E-03),#8,'DISTANCE_ACCURACY_VALUE','Maximum Tolerance applied to model');
#10=(GEOMETRIC_REPRESENTATION_CONTEXT(3)GLOBAL_UNCERTAINTY_ASSIGNED_CONTEXT((#9))GLOBAL_UNIT_ASSIGNED_CONTEXT((#8,#5,#7))REPRESENTATION_CONTEXT('','root'));
#12=CARTESIAN_POINT('',(0.,0.,0.));
#13=DIRECTION('',(0.,0.,1.));
#14=DIRECTION('',(1.,0.,0.));
#15=AXIS2_PLACEMENT_3D('',#12,#13,#14);
#26=(NAMED_UNIT(*)PLANE_ANGLE_UNIT()SI_UNIT($,.RADIAN.));
#27=PLANE_ANGLE_MEASURE_WITH_UNIT(PLANE_ANGLE_MEASURE(0.0174532925),#26);
#28=(CONVERSION_BASED_UNIT('DEGREE',#27)NAMED_UNIT(#29)PLANE_ANGLE_UNIT());
#29=DIMENSIONAL_EXPONENTS(0.,0.,0.,0.,0.,0.,0.);
#30=(NAMED_UNIT(*)SI_UNIT($,.STERADIAN.)SOLID_ANGLE_UNIT());
#31=(LENGTH_UNIT()NAMED_UNIT(*)SI_UNIT(.MILLI.,.METRE.));
#32=UNCERTAINTY_MEASURE_WITH_UNIT(LENGTH_MEASURE(1.000000E-03),#31,'DISTANCE_ACCURACY_VALUE','Maximum Tolerance applied to model');
#33=(GEOMETRIC_REPRESENTATION_CONTEXT(3)GLOBAL_UNCERTAINTY_ASSIGNED_CONTEXT((#32))GLOBAL_UNIT_ASSIGNED_CONTEXT((#31,#28,#30))REPRESENTATION_CONTEXT('','full 2 t\X2\1EA5\X0\m.step'));
#45=CARTESIAN_POINT('',(0.,0.,0.));
#46=DIRECTION('',(0.,0.,1.));
#47=DIRECTION('',(1.,0.,-0.));
#48=AXIS2_PLACEMENT_3D('',#45,#46,#47);
#49=ITEM_DEFINED_TRANSFORMATION('','',#48,#15);
#50=(REPRESENTATION_RELATIONSHIP('','',#35,#16)REPRESENTATION_RELATIONSHIP_WITH_TRANSFORMATION(#49)SHAPE_REPRESENTATION_RELATIONSHIP());
#51=NEXT_ASSEMBLY_USAGE_OCCURRENCE('full 2 t\X2\1EA5\X0\m.step_1','full 2 t\X2\1EA5\X0\m.step','full 2 t\X2\1EA5\X0\m.step',#25,#44,$);
#52=PRODUCT_DEFINITION_SHAPE('','',#51);
#53=CONTEXT_DEPENDENT_SHAPE_REPRESENTATION(#50,#52);
#54=(NAMED_UNIT(*)PLANE_ANGLE_UNIT()SI_UNIT($,.RADIAN.));
#55=PLANE_ANGLE_MEASURE_WITH_UNIT(PLANE_ANGLE_MEASURE(0.0174532925),#54);
#56=(CONVERSION_BASED_UNIT('DEGREE',#55)NAMED_UNIT(#57)PLANE_ANGLE_UNIT());
#57=DIMENSIONAL_EXPONENTS(0.,0.,0.,0.,0.,0.,0.);
#58=(NAMED_UNIT(*)SI_UNIT($,.STERADIAN.)SOLID_ANGLE_UNIT());
#59=(LENGTH_UNIT()NAMED_UNIT(*)SI_UNIT(.MILLI.,.METRE.));
#60=UNCERTAINTY_MEASURE_WITH_UNIT(LENGTH_MEASURE(1.000000E-03),#59,'DISTANCE_ACCURACY_VALUE','Maximum Tolerance applied to model');
#61=(GEOMETRIC_REPRESENTATION_CONTEXT(3)GLOBAL_UNCERTAINTY_ASSIGNED_CONTEXT((#60))GLOBAL_UNIT_ASSIGNED_CONTEXT((#59,#56,#58))REPRESENTATION_CONTEXT('','DEMO_T9_6.7.STEP'));
#73=CARTESIAN_POINT('',(0.,0.,0.));
#74=DIRECTION('',(0.,0.,1.));
#75=DIRECTION('',(1.,0.,-0.));
#76=AXIS2_PLACEMENT_3D('',#73,#74,#75);
#77=ITEM_DEFINED_TRANSFORMATION('','',#76,#15);
#78=(REPRESENTATION_RELATIONSHIP('','',#63,#35)REPRESENTATION_RELATIONSHIP_WITH_TRANSFORMATION(#77)SHAPE_REPRESENTATION_RELATIONSHIP());
#79=NEXT_ASSEMBLY_USAGE_OCCURRENCE('DEMO_T9_6.7.STEP_2','DEMO_T9_6.7.STEP','DEMO_T9_6.7.STEP',#44,#72,$);
#80=PRODUCT_DEFINITION_SHAPE('','',#79);
#81=CONTEXT_DEPENDENT_SHAPE_REPRESENTATION(#78,#80);
#82=(NAMED_UNIT(*)PLANE_ANGLE_UNIT()SI_UNIT($,.RADIAN.));
#83=PLANE_ANGLE_MEASURE_WITH_UNIT(PLANE_ANGLE_MEASURE(0.0174532925),#82);
#84=(CONVERSION_BASED_UNIT('DEGREE',#83)NAMED_UNIT(#85)PLANE_ANGLE_UNIT());
#85=DIMENSIONAL_EXPONENTS(0.,0.,0.,0.,0.,0.,0.);
#86=(NAMED_UNIT(*)SI_UNIT($,.STERADIAN.)SOLID_ANGLE_UNIT());
#87=(LENGTH_UNIT()NAMED_UNIT(*)SI_UNIT(.MILLI.,.METRE.));
#88=UNCERTAINTY_MEASURE_WITH_UNIT(LENGTH_MEASURE(1.000000E-05),#87,'DISTANCE_ACCURACY_VALUE','Maximum Tolerance applied to model');
#89=(GEOMETRIC_REPRESENTATION_CONTEXT(3)GLOBAL_UNCERTAINTY_ASSIGNED_CONTEXT((#88))GLOBAL_UNIT_ASSIGNED_CONTEXT((#87,#84,#86))REPRESENTATION_CONTEXT('','t\X2\1EA5\X0\m sau'));
#101=CARTESIAN_POINT('',(0.,0.,0.));
#102=DIRECTION('',(0.,0.,1.));
#103=DIRECTION('',(1.,0.,-0.));
#104=AXIS2_PLACEMENT_3D('',#101,#102,#103);
#105=ITEM_DEFINED_TRANSFORMATION('','',#104,#15);
#106=(REPRESENTATION_RELATIONSHIP('','',#91,#63)REPRESENTATION_RELATIONSHIP_WITH_TRANSFORMATION(#105)SHAPE_REPRESENTATION_RELATIONSHIP());
#107=NEXT_ASSEMBLY_USAGE_OCCURRENCE('t\X2\1EA5\X0\m sau_3','t\X2\1EA5\X0\m sau','t\X2\1EA5\X0\m sau',#72,#100,$);
#108=PRODUCT_DEFINITION_SHAPE('','',#107);
#109=CONTEXT_DEPENDENT_SHAPE_REPRESENTATION(#106,#108);
#111=CARTESIAN_POINT('',(792.736503446,-153.729122671,359.322174843));
#112=DIRECTION('',(0.,-1.,0.));
#113=DIRECTION('',(0.,0.,-1.));
#114=AXIS2_PLACEMENT_3D('',#111,#112,#113);
#115=PLANE('',#114);
#116=CARTESIAN_POINT('',(499.807571258,-153.729122671,312.251107031));
#117=VERTEX_POINT('',#116);
#118=CARTESIAN_POINT('',(496.87863907,-153.729122671,305.180039219));
#119=VERTEX_POINT('',#118);
#120=CARTESIAN_POINT('',(506.87863907,-153.729122671,305.180039219));
#121=DIRECTION('',(0.,-1.,0.));
#122=DIRECTION('',(0.,0.,-1.));
#123=AXIS2_PLACEMENT_3D('',#120,#121,#122);
#124=CIRCLE('',#123,10.);
#125=EDGE_CURVE('',#117,#119,#124,.T.);
#126=ORIENTED_EDGE('',*,*,#125,.T.);
#127=CARTESIAN_POINT('',(496.87863907,-153.729122671,73.464310467));
#128=VERTEX_POINT('',#127);
#129=CARTESIAN_POINT('',(496.87863907,-153.729122671,73.464310467));
#130=DIRECTION('',(-0.,-0.,1.));
#131=VECTOR('',#130,231.715728752);
#132=LINE('',#129,#131);
#133=EDGE_CURVE('',#128,#119,#132,.T.);
#134=ORIENTED_EDGE('',*,*,#133,.F.);
#135=CARTESIAN_POINT('',(499.807571258,-153.729122671,66.393242655));
#136=VERTEX_POINT('',#135);
#137=CARTESIAN_POINT('',(506.87863907,-153.729122671,73.464310467));
#138=DIRECTION('',(0.,-1.,0.));
#139=DIRECTION('',(0.,0.,-1.));
#140=AXIS2_PLACEMENT_3D('',#137,#138,#139);
#141=CIRCLE('',#140,10.);
#142=EDGE_CURVE('',#128,#136,#141,.T.);
#143=ORIENTED_EDGE('',*,*,#142,.T.);
#144=CARTESIAN_POINT('',(553.949706881,-153.729122671,12.251107031));
#145=VERTEX_POINT('',#144);
#146=CARTESIAN_POINT('',(553.949706882,-153.729122671,12.251107031));
#147=DIRECTION('',(-0.707106781,-0.,0.707106781));
#148=VECTOR('',#147,76.568542495);
#149=LINE('',#146,#148);
#150=EDGE_CURVE('',#145,#136,#149,.T.);
#151=ORIENTED_EDGE('',*,*,#150,.F.);
#152=CARTESIAN_POINT('',(561.020774693,-153.729122671,9.322174843));
#153=VERTEX_POINT('',#152);
#154=CARTESIAN_POINT('',(561.020774693,-153.729122671,19.322174843));
#155=DIRECTION('',(0.,-1.,0.));
#156=DIRECTION('',(0.,0.,-1.));
#157=AXIS2_PLACEMENT_3D('',#154,#155,#156);
#158=CIRCLE('',#157,10.);
#159=EDGE_CURVE('',#145,#153,#158,.T.);
#160=ORIENTED_EDGE('',*,*,#159,.T.);
#161=CARTESIAN_POINT('',(792.736503446,-153.729122671,9.322174843));
#162=VERTEX_POINT('',#161);
#163=CARTESIAN_POINT('',(792.736503446,-153.729122671,9.322174843));
#164=DIRECTION('',(-1.,-0.,0.));
#165=VECTOR('',#164,231.715728753);
#166=LINE('',#163,#165);
#167=EDGE_CURVE('',#162,#153,#166,.T.);
#168=ORIENTED_EDGE('',*,*,#167,.F.);
#169=CARTESIAN_POINT('',(799.807571258,-153.729122671,12.251107031));
#170=VERTEX_POINT('',#169);
#171=CARTESIAN_POINT('',(792.736503446,-153.729122671,19.322174843));
#172=DIRECTION('',(0.,-1.,0.));
#173=DIRECTION('',(0.,0.,-1.));
#174=AXIS2_PLACEMENT_3D('',#171,#172,#173);
#175=CIRCLE('',#174,10.);
#176=EDGE_CURVE('',#162,#170,#175,.T.);
#177=ORIENTED_EDGE('',*,*,#176,.T.);
#178=CARTESIAN_POINT('',(853.949706882,-153.729122671,66.393242655));
#179=VERTEX_POINT('',#178);
#180=CARTESIAN_POINT('',(853.949706882,-153.729122671,66.393242655));
#181=DIRECTION('',(-0.707106781,-0.,-0.707106781));
#182=VECTOR('',#181,76.568542495);
#183=LINE('',#180,#182);
#184=EDGE_CURVE('',#179,#170,#183,.T.);
#185=ORIENTED_EDGE('',*,*,#184,.F.);
#186=CARTESIAN_POINT('',(856.87863907,-153.729122671,73.464310467));
#187=VERTEX_POINT('',#186);
#188=CARTESIAN_POINT('',(846.87863907,-153.729122671,73.464310467));
#189=DIRECTION('',(0.,-1.,0.));
#190=DIRECTION('',(0.,0.,-1.));
#191=AXIS2_PLACEMENT_3D('',#188,#189,#190);
#192=CIRCLE('',#191,10.);
#193=EDGE_CURVE('',#179,#187,#192,.T.);
#194=ORIENTED_EDGE('',*,*,#193,.T.);
#195=CARTESIAN_POINT('',(856.87863907,-153.729122671,305.180039219));
#196=VERTEX_POINT('',#195);
#197=CARTESIAN_POINT('',(856.87863907,-153.729122671,305.180039219));
#198=DIRECTION('',(-0.,-0.,-1.));
#199=VECTOR('',#198,231.715728752);
#200=LINE('',#197,#199);
#201=EDGE_CURVE('',#196,#187,#200,.T.);
#202=ORIENTED_EDGE('',*,*,#201,.F.);
#203=CARTESIAN_POINT('',(853.949706882,-153.729122671,312.251107031));
#204=VERTEX_POINT('',#203);
#205=CARTESIAN_POINT('',(846.87863907,-153.729122671,305.180039219));
#206=DIRECTION('',(0.,-1.,0.));
#207=DIRECTION('',(0.,0.,-1.));
#208=AXIS2_PLACEMENT_3D('',#205,#206,#207);
#209=CIRCLE('',#208,10.);
#210=EDGE_CURVE('',#196,#204,#209,.T.);
#211=ORIENTED_EDGE('',*,*,#210,.T.);
#212=CARTESIAN_POINT('',(799.807571258,-153.729122671,366.393242655));
#213=VERTEX_POINT('',#212);
#214=CARTESIAN_POINT('',(799.807571258,-153.729122671,366.393242655));
#215=DIRECTION('',(0.707106781,-0.,-0.707106781));
#216=VECTOR('',#215,76.568542495);
#217=LINE('',#214,#216);
#218=EDGE_CURVE('NONE',#213,#204,#217,.T.);
#219=ORIENTED_EDGE('',*,*,#218,.F.);
#220=CARTESIAN_POINT('',(792.736503446,-153.729122671,369.322174843));
#221=VERTEX_POINT('',#220);
#222=CARTESIAN_POINT('',(792.736503446,-153.729122671,359.322174843));
#223=DIRECTION('',(-0.,1.,-0.));
#224=DIRECTION('',(0.,0.,-1.));
#225=AXIS2_PLACEMENT_3D('',#222,#223,#224);
#226=CIRCLE('',#225,10.);
#227=EDGE_CURVE('NONE',#221,#213,#226,.T.);
#228=ORIENTED_EDGE('',*,*,#227,.F.);
#229=CARTESIAN_POINT('',(736.87863907,-153.729122671,369.322174843));
#230=VERTEX_POINT('',#229);
#231=CARTESIAN_POINT('',(736.87863907,-153.729122671,369.322174843));
#232=DIRECTION('',(1.,-0.,-0.));
#233=VECTOR('',#232,55.857864376);
#234=LINE('',#231,#233);
#235=EDGE_CURVE('NONE',#230,#221,#234,.T.);
#236=ORIENTED_EDGE('',*,*,#235,.F.);
#237=CARTESIAN_POINT('',(736.87863907,-153.729122671,294.322174843));
#238=VERTEX_POINT('',#237);
#239=CARTESIAN_POINT('',(736.87863907,-153.729122671,294.322174843));
#240=DIRECTION('',(-0.,-0.,1.));
#241=VECTOR('',#240,75.);
#242=LINE('',#239,#241);
#243=EDGE_CURVE('NONE',#238,#230,#242,.T.);
#244=ORIENTED_EDGE('',*,*,#243,.F.);
#245=CARTESIAN_POINT('',(731.87863907,-153.729122671,289.322174843));
#246=VERTEX_POINT('',#245);
#247=CARTESIAN_POINT('',(731.87863907,-153.729122671,289.322174843));
#248=DIRECTION('',(0.707106781,-0.,0.707106781));
#249=VECTOR('',#248,7.071067812);
#250=LINE('',#247,#249);
#251=EDGE_CURVE('NONE',#246,#238,#250,.T.);
#252=ORIENTED_EDGE('',*,*,#251,.F.);
#253=CARTESIAN_POINT('',(621.87863907,-153.729122671,289.322174843));
#254=VERTEX_POINT('',#253);
#255=CARTESIAN_POINT('',(621.87863907,-153.729122671,289.322174843));
#256=DIRECTION('',(1.,-0.,-0.));
#257=VECTOR('',#256,110.);
#258=LINE('',#255,#257);
#259=EDGE_CURVE('NONE',#254,#246,#258,.T.);
#260=ORIENTED_EDGE('',*,*,#259,.F.);
#261=CARTESIAN_POINT('',(616.87863907,-153.729122671,294.322174843));
#262=VERTEX_POINT('',#261);
#263=CARTESIAN_POINT('',(616.87863907,-153.729122671,294.322174843));
#264=DIRECTION('',(0.707106781,-0.,-0.707106781));
#265=VECTOR('',#264,7.071067812);
#266=LINE('',#263,#265);
#267=EDGE_CURVE('NONE',#262,#254,#266,.T.);
#268=ORIENTED_EDGE('',*,*,#267,.F.);
#269=CARTESIAN_POINT('',(616.87863907,-153.729122671,369.322174843));
#270=VERTEX_POINT('',#269);
#271=CARTESIAN_POINT('',(616.87863907,-153.729122671,369.322174843));
#272=DIRECTION('',(-0.,-0.,-1.));
#273=VECTOR('',#272,75.);
#274=LINE('',#271,#273);
#275=EDGE_CURVE('NONE',#270,#262,#274,.T.);
#276=ORIENTED_EDGE('',*,*,#275,.F.);
#277=CARTESIAN_POINT('',(561.020774693,-153.729122671,369.322174843));
#278=VERTEX_POINT('',#277);
#279=CARTESIAN_POINT('',(561.020774693,-153.729122671,369.322174843));
#280=DIRECTION('',(1.,-0.,-0.));
#281=VECTOR('',#280,55.857864377);
#282=LINE('',#279,#281);
#283=EDGE_CURVE('NONE',#278,#270,#282,.T.);
#284=ORIENTED_EDGE('',*,*,#283,.F.);
#285=CARTESIAN_POINT('',(553.949706881,-153.729122671,366.393242655));
#286=VERTEX_POINT('',#285);
#287=CARTESIAN_POINT('',(561.020774693,-153.729122671,359.322174843));
#288=DIRECTION('',(-0.,1.,-0.));
#289=DIRECTION('',(0.,0.,-1.));
#290=AXIS2_PLACEMENT_3D('',#287,#288,#289);
#291=CIRCLE('',#290,10.);
#292=EDGE_CURVE('NONE',#286,#278,#291,.T.);
#293=ORIENTED_EDGE('',*,*,#292,.F.);
#294=CARTESIAN_POINT('',(499.807571258,-153.729122671,312.251107031));
#295=DIRECTION('',(0.707106781,-0.,0.707106781));
#296=VECTOR('',#295,76.568542495);
#297=LINE('',#294,#296);
#298=EDGE_CURVE('',#117,#286,#297,.T.);
#299=ORIENTED_EDGE('',*,*,#298,.F.);
#300=EDGE_LOOP('',(#126,#134,#143,#151,#160,#168,#177,#185,#194,#202,#211,#219,#228,#236,#244,#252,#260,#268,#276,#284,#293,#299));
#301=FACE_BOUND('',#300,.T.);
#302=CARTESIAN_POINT('',(796.82136093,-153.729122671,145.922174843));
#303=VERTEX_POINT('',#302);
#304=CARTESIAN_POINT('',(796.82136093,-153.729122671,143.322174843));
#305=DIRECTION('',(-0.,-1.,-0.));
#306=DIRECTION('',(0.,-0.,1.));
#307=AXIS2_PLACEMENT_3D('',#304,#305,#306);
#308=CIRCLE('',#307,2.6);
#309=EDGE_CURVE('',#303,#303,#308,.T.);
#310=ORIENTED_EDGE('',*,*,#309,.F.);
#311=EDGE_LOOP('',(#310));
#312=FACE_BOUND('',#311,.T.);
#313=CARTESIAN_POINT('',(796.92136093,-153.729122671,121.422174843));
#314=VERTEX_POINT('',#313);
#315=CARTESIAN_POINT('',(796.92136093,-153.729122671,119.322174843));
#316=DIRECTION('',(-0.,-1.,-0.));
#317=DIRECTION('',(0.,-0.,1.));
#318=AXIS2_PLACEMENT_3D('',#315,#316,#317);
#319=CIRCLE('',#318,2.1);
#320=EDGE_CURVE('',#314,#314,#319,.T.);
#321=ORIENTED_EDGE('',*,*,#320,.F.);
#322=EDGE_LOOP('',(#321));
#323=FACE_BOUND('',#322,.T.);
#324=CARTESIAN_POINT('',(771.92136093,-153.729122671,91.922174843));
#325=VERTEX_POINT('',#324);
#326=CARTESIAN_POINT('',(771.92136093,-153.729122671,89.322174843));
#327=DIRECTION('',(-0.,-1.,-0.));
#328=DIRECTION('',(0.,-0.,1.));
#329=AXIS2_PLACEMENT_3D('',#326,#327,#328);
#330=CIRCLE('',#329,2.6);
#331=EDGE_CURVE('',#325,#325,#330,.T.);
#332=ORIENTED_EDGE('',*,*,#331,.F.);
#333=EDGE_LOOP('',(#332));
#334=FACE_BOUND('',#333,.T.);
#335=CARTESIAN_POINT('',(821.92136093,-153.729122671,91.922174843));
#336=VERTEX_POINT('',#335);
#337=CARTESIAN_POINT('',(821.92136093,-153.729122671,89.322174843));
#338=DIRECTION('',(-0.,-1.,-0.));
#339=DIRECTION('',(0.,-0.,1.));
#340=AXIS2_PLACEMENT_3D('',#337,#338,#339);
#341=CIRCLE('',#340,2.6);
#342=EDGE_CURVE('',#336,#336,#341,.T.);
#343=ORIENTED_EDGE('',*,*,#342,.F.);
#344=EDGE_LOOP('',(#343));
#345=FACE_BOUND('',#344,.T.);
#346=CARTESIAN_POINT('',(771.92136093,-153.729122671,151.922174843));
#347=VERTEX_POINT('',#346);
#348=CARTESIAN_POINT('',(771.92136093,-153.729122671,149.322174843));
#349=DIRECTION('',(-0.,-1.,-0.));
#350=DIRECTION('',(0.,-0.,1.));
#351=AXIS2_PLACEMENT_3D('',#348,#349,#350);
#352=CIRCLE('',#351,2.6);
#353=EDGE_CURVE('',#347,#347,#352,.T.);
#354=ORIENTED_EDGE('',*,*,#353,.F.);
#355=EDGE_LOOP('',(#354));
#356=FACE_BOUND('',#355,.T.);
#357=CARTESIAN_POINT('',(821.92136093,-153.729122671,151.922174843));
#358=VERTEX_POINT('',#357);
#359=CARTESIAN_POINT('',(821.92136093,-153.729122671,149.322174843));
#360=DIRECTION('',(-0.,-1.,-0.));
#361=DIRECTION('',(0.,-0.,1.));
#362=AXIS2_PLACEMENT_3D('',#359,#360,#361);
#363=CIRCLE('',#362,2.6);
#364=EDGE_CURVE('',#358,#358,#363,.T.);
#365=ORIENTED_EDGE('',*,*,#364,.F.);
#366=EDGE_LOOP('',(#365));
#367=FACE_BOUND('',#366,.T.);
#368=CARTESIAN_POINT('',(797.02136093,-153.729122671,97.922174843));
#369=VERTEX_POINT('',#368);
#370=CARTESIAN_POINT('',(797.02136093,-153.729122671,95.322174843));
#371=DIRECTION('',(-0.,-1.,-0.));
#372=DIRECTION('',(0.,-0.,1.));
#373=AXIS2_PLACEMENT_3D('',#370,#371,#372);
#374=CIRCLE('',#373,2.6);
#375=EDGE_CURVE('',#369,#369,#374,.T.);
#376=ORIENTED_EDGE('',*,*,#375,.F.);
#377=EDGE_LOOP('',(#376));
#378=FACE_BOUND('',#377,.T.);
#379=CARTESIAN_POINT('',(661.25,-153.729122671,156.35));
#380=VERTEX_POINT('',#379);
#381=CARTESIAN_POINT('',(659.55,-153.729122671,154.65));
#382=VERTEX_POINT('',#381);
#383=CARTESIAN_POINT('',(661.25,-153.729122671,154.65));
#384=DIRECTION('',(0.,1.,0.));
#385=DIRECTION('',(0.,-0.,1.));
#386=AXIS2_PLACEMENT_3D('',#383,#384,#385);
#387=CIRCLE('',#386,1.7);
#388=EDGE_CURVE('',#380,#382,#387,.T.);
#389=ORIENTED_EDGE('',*,*,#388,.T.);
#390=CARTESIAN_POINT('',(661.25,-153.729122671,154.65));
#391=DIRECTION('',(0.,1.,0.));
#392=DIRECTION('',(0.,-0.,1.));
#393=AXIS2_PLACEMENT_3D('',#390,#391,#392);
#394=CIRCLE('',#393,1.7);
#395=EDGE_CURVE('',#382,#380,#394,.T.);
#396=ORIENTED_EDGE('',*,*,#395,.T.);
#397=EDGE_LOOP('',(#389,#396));
#398=FACE_BOUND('',#397,.T.);
#399=CARTESIAN_POINT('',(692.25,-153.729122671,156.35));
#400=VERTEX_POINT('',#399);
#401=CARTESIAN_POINT('',(690.55,-153.729122671,154.65));
#402=VERTEX_POINT('',#401);
#403=CARTESIAN_POINT('',(692.25,-153.729122671,154.65));
#404=DIRECTION('',(0.,1.,0.));
#405=DIRECTION('',(0.,-0.,1.));
#406=AXIS2_PLACEMENT_3D('',#403,#404,#405);
#407=CIRCLE('',#406,1.7);
#408=EDGE_CURVE('',#400,#402,#407,.T.);
#409=ORIENTED_EDGE('',*,*,#408,.T.);
#410=CARTESIAN_POINT('',(692.25,-153.729122671,154.65));
#411=DIRECTION('',(0.,1.,0.));
#412=DIRECTION('',(0.,-0.,1.));
#413=AXIS2_PLACEMENT_3D('',#410,#411,#412);
#414=CIRCLE('',#413,1.7);
#415=EDGE_CURVE('',#402,#400,#414,.T.);
#416=ORIENTED_EDGE('',*,*,#415,.T.);
#417=EDGE_LOOP('',(#409,#416));
#418=FACE_BOUND('',#417,.T.);
#419=CARTESIAN_POINT('',(661.25,-153.729122671,125.35));
#420=VERTEX_POINT('',#419);
#421=CARTESIAN_POINT('',(659.55,-153.729122671,123.65));
#422=VERTEX_POINT('',#421);
#423=CARTESIAN_POINT('',(661.25,-153.729122671,123.65));
#424=DIRECTION('',(0.,1.,0.));
#425=DIRECTION('',(0.,-0.,1.));
#426=AXIS2_PLACEMENT_3D('',#423,#424,#425);
#427=CIRCLE('',#426,1.7);
#428=EDGE_CURVE('',#420,#422,#427,.T.);
#429=ORIENTED_EDGE('',*,*,#428,.T.);
#430=CARTESIAN_POINT('',(661.25,-153.729122671,123.65));
#431=DIRECTION('',(0.,1.,0.));
#432=DIRECTION('',(0.,-0.,1.));
#433=AXIS2_PLACEMENT_3D('',#430,#431,#432);
#434=CIRCLE('',#433,1.7);
#435=EDGE_CURVE('',#422,#420,#434,.T.);
#436=ORIENTED_EDGE('',*,*,#435,.T.);
#437=EDGE_LOOP('',(#429,#436));
#438=FACE_BOUND('',#437,.T.);
#439=CARTESIAN_POINT('',(692.25,-153.729122671,125.35));
#440=VERTEX_POINT('',#439);
#441=CARTESIAN_POINT('',(690.55,-153.729122671,123.65));
#442=VERTEX_POINT('',#441);
#443=CARTESIAN_POINT('',(692.25,-153.729122671,123.65));
#444=DIRECTION('',(0.,1.,0.));
#445=DIRECTION('',(0.,-0.,1.));
#446=AXIS2_PLACEMENT_3D('',#443,#444,#445);
#447=CIRCLE('',#446,1.7);
#448=EDGE_CURVE('',#440,#442,#447,.T.);
#449=ORIENTED_EDGE('',*,*,#448,.T.);
#450=CARTESIAN_POINT('',(692.25,-153.729122671,123.65));
#451=DIRECTION('',(0.,1.,0.));
#452=DIRECTION('',(0.,-0.,1.));
#453=AXIS2_PLACEMENT_3D('',#450,#451,#452);
#454=CIRCLE('',#453,1.7);
#455=EDGE_CURVE('',#442,#440,#454,.T.);
#456=ORIENTED_EDGE('',*,*,#455,.T.);
#457=EDGE_LOOP('',(#449,#456));
#458=FACE_BOUND('',#457,.T.);
#459=CARTESIAN_POINT('',(688.87863907,-153.729122671,174.722174843));
#460=VERTEX_POINT('',#459);
#461=CARTESIAN_POINT('',(690.47863907,-153.729122671,176.322174843));
#462=VERTEX_POINT('',#461);
#463=CARTESIAN_POINT('',(688.87863907,-153.729122671,176.322174843));
#464=DIRECTION('',(-0.,1.,-0.));
#465=DIRECTION('',(0.,0.,-1.));
#466=AXIS2_PLACEMENT_3D('',#463,#464,#465);
#467=CIRCLE('',#466,1.6);
#468=EDGE_CURVE('NONE',#460,#462,#467,.T.);
#469=ORIENTED_EDGE('',*,*,#468,.T.);
#470=CARTESIAN_POINT('',(688.87863907,-153.729122671,176.322174843));
#471=DIRECTION('',(-0.,1.,-0.));
#472=DIRECTION('',(0.,0.,-1.));
#473=AXIS2_PLACEMENT_3D('',#470,#471,#472);
#474=CIRCLE('',#473,1.6);
#475=EDGE_CURVE('NONE',#462,#460,#474,.T.);
#476=ORIENTED_EDGE('',*,*,#475,.T.);
#477=EDGE_LOOP('',(#469,#476));
#478=FACE_BOUND('',#477,.T.);
#479=CARTESIAN_POINT('',(676.87863907,-153.729122671,186.722174843));
#480=VERTEX_POINT('',#479);
#481=CARTESIAN_POINT('',(676.87863907,-153.729122671,189.922174843));
#482=VERTEX_POINT('',#481);
#483=CARTESIAN_POINT('',(676.87863907,-153.729122671,188.322174843));
#484=DIRECTION('',(-0.,1.,-0.));
#485=DIRECTION('',(0.,0.,-1.));
#486=AXIS2_PLACEMENT_3D('',#483,#484,#485);
#487=CIRCLE('',#486,1.6);
#488=EDGE_CURVE('NONE',#480,#482,#487,.T.);
#489=ORIENTED_EDGE('',*,*,#488,.T.);
#490=CARTESIAN_POINT('',(676.87863907,-153.729122671,188.322174843));
#491=DIRECTION('',(-0.,1.,-0.));
#492=DIRECTION('',(0.,0.,-1.));
#493=AXIS2_PLACEMENT_3D('',#490,#491,#492);
#494=CIRCLE('',#493,1.6);
#495=EDGE_CURVE('NONE',#482,#480,#494,.T.);
#496=ORIENTED_EDGE('',*,*,#495,.T.);
#497=EDGE_LOOP('',(#489,#496));
#498=FACE_BOUND('',#497,.T.);
#499=CARTESIAN_POINT('',(664.87863907,-153.729122671,174.722174843));
#500=VERTEX_POINT('',#499);
#501=CARTESIAN_POINT('',(663.27863907,-153.729122671,176.322174843));
#502=VERTEX_POINT('',#501);
#503=CARTESIAN_POINT('',(664.87863907,-153.729122671,176.322174843));
#504=DIRECTION('',(-0.,1.,-0.));
#505=DIRECTION('',(0.,0.,-1.));
#506=AXIS2_PLACEMENT_3D('',#503,#504,#505);
#507=CIRCLE('',#506,1.6);
#508=EDGE_CURVE('NONE',#500,#502,#507,.T.);
#509=ORIENTED_EDGE('',*,*,#508,.T.);
#510=CARTESIAN_POINT('',(664.87863907,-153.729122671,176.322174843));
#511=DIRECTION('',(-0.,1.,-0.));
#512=DIRECTION('',(0.,0.,-1.));
#513=AXIS2_PLACEMENT_3D('',#510,#511,#512);
#514=CIRCLE('',#513,1.6);
#515=EDGE_CURVE('NONE',#502,#500,#514,.T.);
#516=ORIENTED_EDGE('',*,*,#515,.T.);
#517=EDGE_LOOP('',(#509,#516));
#518=FACE_BOUND('',#517,.T.);
#519=CARTESIAN_POINT('',(676.87863907,-153.729122671,162.722174843));
#520=VERTEX_POINT('',#519);
#521=CARTESIAN_POINT('',(676.87863907,-153.729122671,164.322174843));
#522=DIRECTION('',(-0.,1.,-0.));
#523=DIRECTION('',(0.,0.,-1.));
#524=AXIS2_PLACEMENT_3D('',#521,#522,#523);
#525=CIRCLE('',#524,1.6);
#526=EDGE_CURVE('NONE',#520,#520,#525,.T.);
#527=ORIENTED_EDGE('',*,*,#526,.T.);
#528=EDGE_LOOP('',(#527));
#529=FACE_BOUND('',#528,.T.);
#530=CARTESIAN_POINT('',(636.87863907,-153.729122671,145.722174843));
#531=VERTEX_POINT('',#530);
#532=CARTESIAN_POINT('',(636.87863907,-153.729122671,147.822174843));
#533=DIRECTION('',(-0.,1.,-0.));
#534=DIRECTION('',(0.,0.,-1.));
#535=AXIS2_PLACEMENT_3D('',#532,#533,#534);
#536=CIRCLE('',#535,2.1);
#537=EDGE_CURVE('NONE',#531,#531,#536,.T.);
#538=ORIENTED_EDGE('',*,*,#537,.T.);
#539=EDGE_LOOP('',(#538));
#540=FACE_BOUND('',#539,.T.);
#541=CARTESIAN_POINT('',(716.87863907,-153.729122671,145.722174843));
#542=VERTEX_POINT('',#541);
#543=CARTESIAN_POINT('',(716.87863907,-153.729122671,147.822174843));
#544=DIRECTION('',(-0.,1.,-0.));
#545=DIRECTION('',(0.,0.,-1.));
#546=AXIS2_PLACEMENT_3D('',#543,#544,#545);
#547=CIRCLE('',#546,2.1);
#548=EDGE_CURVE('NONE',#542,#542,#547,.T.);
#549=ORIENTED_EDGE('',*,*,#548,.T.);
#550=EDGE_LOOP('',(#549));
#551=FACE_BOUND('',#550,.T.);
#552=CARTESIAN_POINT('',(655.87863907,-153.729122671,106.722174843));
#553=VERTEX_POINT('',#552);
#554=CARTESIAN_POINT('',(655.87863907,-153.729122671,109.322174843));
#555=DIRECTION('',(-0.,1.,-0.));
#556=DIRECTION('',(0.,0.,-1.));
#557=AXIS2_PLACEMENT_3D('',#554,#555,#556);
#558=CIRCLE('',#557,2.6);
#559=EDGE_CURVE('NONE',#553,#553,#558,.T.);
#560=ORIENTED_EDGE('',*,*,#559,.T.);
#561=EDGE_LOOP('',(#560));
#562=FACE_BOUND('',#561,.T.);
#563=CARTESIAN_POINT('',(697.87863907,-153.729122671,106.722174843));
#564=VERTEX_POINT('',#563);
#565=CARTESIAN_POINT('',(697.87863907,-153.729122671,109.322174843));
#566=DIRECTION('',(-0.,1.,-0.));
#567=DIRECTION('',(0.,0.,-1.));
#568=AXIS2_PLACEMENT_3D('',#565,#566,#567);
#569=CIRCLE('',#568,2.6);
#570=EDGE_CURVE('NONE',#564,#564,#569,.T.);
#571=ORIENTED_EDGE('',*,*,#570,.T.);
#572=EDGE_LOOP('',(#571));
#573=FACE_BOUND('',#572,.T.);
#574=CARTESIAN_POINT('',(596.87863907,-153.729122671,86.722174843));
#575=VERTEX_POINT('',#574);
#576=CARTESIAN_POINT('',(596.87863907,-153.729122671,89.322174843));
#577=DIRECTION('',(-0.,1.,-0.));
#578=DIRECTION('',(0.,0.,-1.));
#579=AXIS2_PLACEMENT_3D('',#576,#577,#578);
#580=CIRCLE('',#579,2.6);
#581=EDGE_CURVE('NONE',#575,#575,#580,.T.);
#582=ORIENTED_EDGE('',*,*,#581,.T.);
#583=EDGE_LOOP('',(#582));
#584=FACE_BOUND('',#583,.T.);
#585=CARTESIAN_POINT('',(756.87863907,-153.729122671,44.722174843));
#586=VERTEX_POINT('',#585);
#587=CARTESIAN_POINT('',(756.87863907,-153.729122671,47.322174843));
#588=DIRECTION('',(-0.,1.,-0.));
#589=DIRECTION('',(0.,0.,-1.));
#590=AXIS2_PLACEMENT_3D('',#587,#588,#589);
#591=CIRCLE('',#590,2.6);
#592=EDGE_CURVE('NONE',#586,#586,#591,.T.);
#593=ORIENTED_EDGE('',*,*,#592,.T.);
#594=EDGE_LOOP('',(#593));
#595=FACE_BOUND('',#594,.T.);
#596=CARTESIAN_POINT('',(558.698444223,-153.729122671,48.328776561));
#597=VERTEX_POINT('',#596);
#598=CARTESIAN_POINT('',(558.698444223,-153.729122671,49.928776561));
#599=DIRECTION('',(-0.,1.,-0.));
#600=DIRECTION('',(0.,0.,-1.));
#601=AXIS2_PLACEMENT_3D('',#598,#599,#600);
#602=CIRCLE('',#601,1.6);
#603=EDGE_CURVE('NONE',#597,#597,#602,.T.);
#604=ORIENTED_EDGE('',*,*,#603,.T.);
#605=EDGE_LOOP('',(#604));
#606=FACE_BOUND('',#605,.T.);
#607=CARTESIAN_POINT('',(523.343105164,-153.729122671,55.399844373));
#608=VERTEX_POINT('',#607);
#609=CARTESIAN_POINT('',(523.343105164,-153.729122671,56.999844373));
#610=DIRECTION('',(-0.,1.,-0.));
#611=DIRECTION('',(0.,0.,-1.));
#612=AXIS2_PLACEMENT_3D('',#609,#610,#611);
#613=CIRCLE('',#612,1.6);
#614=EDGE_CURVE('NONE',#608,#608,#613,.T.);
#615=ORIENTED_EDGE('',*,*,#614,.T.);
#616=EDGE_LOOP('',(#615));
#617=FACE_BOUND('',#616,.T.);
#618=CARTESIAN_POINT('',(541.020774693,-153.729122671,45.964310467));
#619=VERTEX_POINT('',#618);
#620=CARTESIAN_POINT('',(541.020774693,-153.729122671,53.464310467));
#621=DIRECTION('',(-0.,1.,-0.));
#622=DIRECTION('',(0.,0.,-1.));
#623=AXIS2_PLACEMENT_3D('',#620,#621,#622);
#624=CIRCLE('',#623,7.5);
#625=EDGE_CURVE('NONE',#619,#619,#624,.T.);
#626=ORIENTED_EDGE('',*,*,#625,.T.);
#627=EDGE_LOOP('',(#626));
#628=FACE_BOUND('',#627,.T.);
#629=CARTESIAN_POINT('',(830.414172976,-153.729122671,55.399844373));
#630=VERTEX_POINT('',#629);
#631=CARTESIAN_POINT('',(830.414172976,-153.729122671,56.999844373));
#632=DIRECTION('',(-0.,1.,-0.));
#633=DIRECTION('',(0.,0.,-1.));
#634=AXIS2_PLACEMENT_3D('',#631,#632,#633);
#635=CIRCLE('',#634,1.6);
#636=EDGE_CURVE('NONE',#630,#630,#635,.T.);
#637=ORIENTED_EDGE('',*,*,#636,.T.);
#638=EDGE_LOOP('',(#637));
#639=FACE_BOUND('',#638,.T.);
#640=CARTESIAN_POINT('',(795.058833916,-153.729122671,48.328776561));
#641=VERTEX_POINT('',#640);
#642=CARTESIAN_POINT('',(795.058833916,-153.729122671,49.928776561));
#643=DIRECTION('',(-0.,1.,-0.));
#644=DIRECTION('',(0.,0.,-1.));
#645=AXIS2_PLACEMENT_3D('',#642,#643,#644);
#646=CIRCLE('',#645,1.6);
#647=EDGE_CURVE('NONE',#641,#641,#646,.T.);
#648=ORIENTED_EDGE('',*,*,#647,.T.);
#649=EDGE_LOOP('',(#648));
#650=FACE_BOUND('',#649,.T.);
#651=CARTESIAN_POINT('',(812.736503446,-153.729122671,45.964310467));
#652=VERTEX_POINT('',#651);
#653=CARTESIAN_POINT('',(812.736503446,-153.729122671,53.464310467));
#654=DIRECTION('',(-0.,1.,-0.));
#655=DIRECTION('',(0.,0.,-1.));
#656=AXIS2_PLACEMENT_3D('',#653,#654,#655);
#657=CIRCLE('',#656,7.5);
#658=EDGE_CURVE('NONE',#652,#652,#657,.T.);
#659=ORIENTED_EDGE('',*,*,#658,.T.);
#660=EDGE_LOOP('',(#659));
#661=FACE_BOUND('',#660,.T.);
#662=CARTESIAN_POINT('',(809.20096954,-153.729122671,34.186640937));
#663=VERTEX_POINT('',#662);
#664=CARTESIAN_POINT('',(809.20096954,-153.729122671,35.786640937));
#665=DIRECTION('',(-0.,1.,-0.));
#666=DIRECTION('',(0.,0.,-1.));
#667=AXIS2_PLACEMENT_3D('',#664,#665,#666);
#668=CIRCLE('',#667,1.6);
#669=EDGE_CURVE('NONE',#663,#663,#668,.T.);
#670=ORIENTED_EDGE('',*,*,#669,.T.);
#671=EDGE_LOOP('',(#670));
#672=FACE_BOUND('',#671,.T.);
#673=CARTESIAN_POINT('',(816.272037352,-153.729122671,69.541979997));
#674=VERTEX_POINT('',#673);
#675=CARTESIAN_POINT('',(816.272037352,-153.729122671,71.141979997));
#676=DIRECTION('',(-0.,1.,-0.));
#677=DIRECTION('',(0.,0.,-1.));
#678=AXIS2_PLACEMENT_3D('',#675,#676,#677);
#679=CIRCLE('',#678,1.6);
#680=EDGE_CURVE('NONE',#674,#674,#679,.T.);
#681=ORIENTED_EDGE('',*,*,#680,.T.);
#682=EDGE_LOOP('',(#681));
#683=FACE_BOUND('',#682,.T.);
#684=CARTESIAN_POINT('',(537.485240787,-153.729122671,69.541979997));
#685=VERTEX_POINT('',#684);
#686=CARTESIAN_POINT('',(537.485240787,-153.729122671,71.141979997));
#687=DIRECTION('',(-0.,1.,-0.));
#688=DIRECTION('',(0.,0.,-1.));
#689=AXIS2_PLACEMENT_3D('',#686,#687,#688);
#690=CIRCLE('',#689,1.6);
#691=EDGE_CURVE('NONE',#685,#685,#690,.T.);
#692=ORIENTED_EDGE('',*,*,#691,.T.);
#693=EDGE_LOOP('',(#692));
#694=FACE_BOUND('',#693,.T.);
#695=CARTESIAN_POINT('',(544.556308599,-153.729122671,34.186640937));
#696=VERTEX_POINT('',#695);
#697=CARTESIAN_POINT('',(544.556308599,-153.729122671,35.786640937));
#698=DIRECTION('',(-0.,1.,-0.));
#699=DIRECTION('',(0.,0.,-1.));
#700=AXIS2_PLACEMENT_3D('',#697,#698,#699);
#701=CIRCLE('',#700,1.6);
#702=EDGE_CURVE('NONE',#696,#696,#701,.T.);
#703=ORIENTED_EDGE('',*,*,#702,.T.);
#704=EDGE_LOOP('',(#703));
#705=FACE_BOUND('',#704,.T.);
#706=CARTESIAN_POINT('',(756.87863907,-153.729122671,86.722174843));
#707=VERTEX_POINT('',#706);
#708=CARTESIAN_POINT('',(756.87863907,-153.729122671,89.322174843));
#709=DIRECTION('',(-0.,1.,-0.));
#710=DIRECTION('',(0.,0.,-1.));
#711=AXIS2_PLACEMENT_3D('',#708,#709,#710);
#712=CIRCLE('',#711,2.6);
#713=EDGE_CURVE('NONE',#707,#707,#712,.T.);
#714=ORIENTED_EDGE('',*,*,#713,.T.);
#715=EDGE_LOOP('',(#714));
#716=FACE_BOUND('',#715,.T.);
#717=CARTESIAN_POINT('',(697.87863907,-153.729122671,161.722174843));
#718=VERTEX_POINT('',#717);
#719=CARTESIAN_POINT('',(697.87863907,-153.729122671,164.322174843));
#720=DIRECTION('',(-0.,1.,-0.));
#721=DIRECTION('',(0.,0.,-1.));
#722=AXIS2_PLACEMENT_3D('',#719,#720,#721);
#723=CIRCLE('',#722,2.6);
#724=EDGE_CURVE('NONE',#718,#718,#723,.T.);
#725=ORIENTED_EDGE('',*,*,#724,.T.);
#726=EDGE_LOOP('',(#725));
#727=FACE_BOUND('',#726,.T.);
#728=CARTESIAN_POINT('',(655.87863907,-153.729122671,161.722174843));
#729=VERTEX_POINT('',#728);
#730=CARTESIAN_POINT('',(655.87863907,-153.729122671,164.322174843));
#731=DIRECTION('',(-0.,1.,-0.));
#732=DIRECTION('',(0.,0.,-1.));
#733=AXIS2_PLACEMENT_3D('',#730,#731,#732);
#734=CIRCLE('',#733,2.6);
#735=EDGE_CURVE('NONE',#729,#729,#734,.T.);
#736=ORIENTED_EDGE('',*,*,#735,.T.);
#737=EDGE_LOOP('',(#736));
#738=FACE_BOUND('',#737,.T.);
#739=CARTESIAN_POINT('',(596.87863907,-153.729122671,44.722174843));
#740=VERTEX_POINT('',#739);
#741=CARTESIAN_POINT('',(596.87863907,-153.729122671,47.322174843));
#742=DIRECTION('',(-0.,1.,-0.));
#743=DIRECTION('',(0.,0.,-1.));
#744=AXIS2_PLACEMENT_3D('',#741,#742,#743);
#745=CIRCLE('',#744,2.6);
#746=EDGE_CURVE('NONE',#740,#740,#745,.T.);
#747=ORIENTED_EDGE('',*,*,#746,.T.);
#748=EDGE_LOOP('',(#747));
#749=FACE_BOUND('',#748,.T.);
#750=CARTESIAN_POINT('',(716.87863907,-153.729122671,108.722174843));
#751=VERTEX_POINT('',#750);
#752=CARTESIAN_POINT('',(716.87863907,-153.729122671,110.822174843));
#753=DIRECTION('',(-0.,1.,-0.));
#754=DIRECTION('',(0.,0.,-1.));
#755=AXIS2_PLACEMENT_3D('',#752,#753,#754);
#756=CIRCLE('',#755,2.1);
#757=EDGE_CURVE('NONE',#751,#751,#756,.T.);
#758=ORIENTED_EDGE('',*,*,#757,.T.);
#759=EDGE_LOOP('',(#758));
#760=FACE_BOUND('',#759,.T.);
#761=CARTESIAN_POINT('',(636.87863907,-153.729122671,108.722174843));
#762=VERTEX_POINT('',#761);
#763=CARTESIAN_POINT('',(636.87863907,-153.729122671,110.822174843));
#764=DIRECTION('',(-0.,1.,-0.));
#765=DIRECTION('',(0.,0.,-1.));
#766=AXIS2_PLACEMENT_3D('',#763,#764,#765);
#767=CIRCLE('',#766,2.1);
#768=EDGE_CURVE('NONE',#762,#762,#767,.T.);
#769=ORIENTED_EDGE('',*,*,#768,.T.);
#770=EDGE_LOOP('',(#769));
#771=FACE_BOUND('',#770,.T.);
#772=CARTESIAN_POINT('',(676.87863907,-153.729122671,171.322174843));
#773=VERTEX_POINT('',#772);
#774=CARTESIAN_POINT('',(676.87863907,-153.729122671,176.322174843));
#775=DIRECTION('',(-0.,1.,-0.));
#776=DIRECTION('',(0.,0.,-1.));
#777=AXIS2_PLACEMENT_3D('',#774,#775,#776);
#778=CIRCLE('',#777,5.);
#779=EDGE_CURVE('NONE',#773,#773,#778,.T.);
#780=ORIENTED_EDGE('',*,*,#779,.T.);
#781=EDGE_LOOP('',(#780));
#782=FACE_BOUND('',#781,.T.);
#783=CARTESIAN_POINT('',(636.341299508,-153.729122671,95.606446091));
#784=VERTEX_POINT('',#783);
#785=CARTESIAN_POINT('',(636.341299508,-153.729122671,32.500668673));
#786=VERTEX_POINT('',#785);
#787=CARTESIAN_POINT('',(636.341299508,-153.729122671,95.606446091));
#788=DIRECTION('',(0.,0.,-1.));
#789=VECTOR('',#788,63.105777418);
#790=LINE('',#787,#789);
#791=EDGE_CURVE('',#784,#786,#790,.T.);
#792=ORIENTED_EDGE('',*,*,#791,.T.);
#793=CARTESIAN_POINT('',(634.341299508,-153.729122671,30.500668673));
#794=VERTEX_POINT('',#793);
#795=CARTESIAN_POINT('',(634.341299508,-153.729122671,32.500668673));
#796=DIRECTION('',(0.,1.,0.));
#797=DIRECTION('',(0.,-0.,1.));
#798=AXIS2_PLACEMENT_3D('',#795,#796,#797);
#799=CIRCLE('',#798,2.);
#800=EDGE_CURVE('',#786,#794,#799,.T.);
#801=ORIENTED_EDGE('',*,*,#800,.T.);
#802=CARTESIAN_POINT('',(629.415978631,-153.729122671,30.500668673));
#803=VERTEX_POINT('',#802);
#804=CARTESIAN_POINT('',(634.341299508,-153.729122671,30.500668673));
#805=DIRECTION('',(-1.,-0.,0.));
#806=VECTOR('',#805,4.925320877);
#807=LINE('',#804,#806);
#808=EDGE_CURVE('',#794,#803,#807,.T.);
#809=ORIENTED_EDGE('',*,*,#808,.T.);
#810=CARTESIAN_POINT('',(627.415978631,-153.729122671,32.500668673));
#811=VERTEX_POINT('',#810);
#812=CARTESIAN_POINT('',(629.415978631,-153.729122671,32.500668673));
#813=DIRECTION('',(0.,1.,0.));
#814=DIRECTION('',(0.,-0.,1.));
#815=AXIS2_PLACEMENT_3D('',#812,#813,#814);
#816=CIRCLE('',#815,2.);
#817=EDGE_CURVE('',#803,#811,#816,.T.);
#818=ORIENTED_EDGE('',*,*,#817,.T.);
#819=CARTESIAN_POINT('',(627.415978631,-153.729122671,95.606446091));
#820=VERTEX_POINT('',#819);
#821=CARTESIAN_POINT('',(627.415978631,-153.729122671,32.500668673));
#822=DIRECTION('',(-0.,-0.,1.));
#823=VECTOR('',#822,63.105777418);
#824=LINE('',#821,#823);
#825=EDGE_CURVE('',#811,#820,#824,.T.);
#826=ORIENTED_EDGE('',*,*,#825,.T.);
#827=CARTESIAN_POINT('',(629.415978631,-153.729122671,97.606446091));
#828=VERTEX_POINT('',#827);
#829=CARTESIAN_POINT('',(629.415978631,-153.729122671,95.606446091));
#830=DIRECTION('',(0.,1.,0.));
#831=DIRECTION('',(0.,-0.,1.));
#832=AXIS2_PLACEMENT_3D('',#829,#830,#831);
#833=CIRCLE('',#832,2.);
#834=EDGE_CURVE('',#820,#828,#833,.T.);
#835=ORIENTED_EDGE('',*,*,#834,.T.);
#836=CARTESIAN_POINT('',(634.341299508,-153.729122671,97.606446091));
#837=VERTEX_POINT('',#836);
#838=CARTESIAN_POINT('',(629.415978631,-153.729122671,97.606446091));
#839=DIRECTION('',(1.,0.,-0.));
#840=VECTOR('',#839,4.925320877);
#841=LINE('',#838,#840);
#842=EDGE_CURVE('',#828,#837,#841,.T.);
#843=ORIENTED_EDGE('',*,*,#842,.T.);
#844=CARTESIAN_POINT('',(634.341299508,-153.729122671,95.606446091));
#845=DIRECTION('',(0.,1.,0.));
#846=DIRECTION('',(0.,-0.,1.));
#847=AXIS2_PLACEMENT_3D('',#844,#845,#846);
#848=CIRCLE('',#847,2.);
#849=EDGE_CURVE('',#837,#784,#848,.T.);
#850=ORIENTED_EDGE('',*,*,#849,.T.);
#851=EDGE_LOOP('',(#792,#801,#809,#818,#826,#835,#843,#850));
#852=FACE_BOUND('',#851,.T.);
#853=CARTESIAN_POINT('',(717.415978631,-153.729122671,32.500668673));
#854=VERTEX_POINT('',#853);
#855=CARTESIAN_POINT('',(717.415978631,-153.729122671,95.606446091));
#856=VERTEX_POINT('',#855);
#857=CARTESIAN_POINT('',(717.415978631,-153.729122671,32.500668673));
#858=DIRECTION('',(-0.,-0.,1.));
#859=VECTOR('',#858,63.105777418);
#860=LINE('',#857,#859);
#861=EDGE_CURVE('',#854,#856,#860,.T.);
#862=ORIENTED_EDGE('',*,*,#861,.T.);
#863=CARTESIAN_POINT('',(719.415978631,-153.729122671,97.606446091));
#864=VERTEX_POINT('',#863);
#865=CARTESIAN_POINT('',(719.415978631,-153.729122671,95.606446091));
#866=DIRECTION('',(0.,1.,0.));
#867=DIRECTION('',(0.,-0.,1.));
#868=AXIS2_PLACEMENT_3D('',#865,#866,#867);
#869=CIRCLE('',#868,2.);
#870=EDGE_CURVE('',#856,#864,#869,.T.);
#871=ORIENTED_EDGE('',*,*,#870,.T.);
#872=CARTESIAN_POINT('',(724.341299508,-153.729122671,97.606446091));
#873=VERTEX_POINT('',#872);
#874=CARTESIAN_POINT('',(719.415978631,-153.729122671,97.606446091));
#875=DIRECTION('',(1.,0.,-0.));
#876=VECTOR('',#875,4.925320877);
#877=LINE('',#874,#876);
#878=EDGE_CURVE('',#864,#873,#877,.T.);
#879=ORIENTED_EDGE('',*,*,#878,.T.);
#880=CARTESIAN_POINT('',(726.341299508,-153.729122671,95.606446091));
#881=VERTEX_POINT('',#880);
#882=CARTESIAN_POINT('',(724.341299508,-153.729122671,95.606446091));
#883=DIRECTION('',(0.,1.,0.));
#884=DIRECTION('',(0.,-0.,1.));
#885=AXIS2_PLACEMENT_3D('',#882,#883,#884);
#886=CIRCLE('',#885,2.);
#887=EDGE_CURVE('',#873,#881,#886,.T.);
#888=ORIENTED_EDGE('',*,*,#887,.T.);
#889=CARTESIAN_POINT('',(726.341299508,-153.729122671,32.500668673));
#890=VERTEX_POINT('',#889);
#891=CARTESIAN_POINT('',(726.341299508,-153.729122671,95.606446091));
#892=DIRECTION('',(0.,0.,-1.));
#893=VECTOR('',#892,63.105777418);
#894=LINE('',#891,#893);
#895=EDGE_CURVE('',#881,#890,#894,.T.);
#896=ORIENTED_EDGE('',*,*,#895,.T.);
#897=CARTESIAN_POINT('',(724.341299508,-153.729122671,30.500668673));
#898=VERTEX_POINT('',#897);
#899=CARTESIAN_POINT('',(724.341299508,-153.729122671,32.500668673));
#900=DIRECTION('',(0.,1.,0.));
#901=DIRECTION('',(0.,-0.,1.));
#902=AXIS2_PLACEMENT_3D('',#899,#900,#901);
#903=CIRCLE('',#902,2.);
#904=EDGE_CURVE('',#890,#898,#903,.T.);
#905=ORIENTED_EDGE('',*,*,#904,.T.);
#906=CARTESIAN_POINT('',(719.415978631,-153.729122671,30.500668673));
#907=VERTEX_POINT('',#906);
#908=CARTESIAN_POINT('',(724.341299508,-153.729122671,30.500668673));
#909=DIRECTION('',(-1.,-0.,0.));
#910=VECTOR('',#909,4.925320877);
#911=LINE('',#908,#910);
#912=EDGE_CURVE('',#898,#907,#911,.T.);
#913=ORIENTED_EDGE('',*,*,#912,.T.);
#914=CARTESIAN_POINT('',(719.415978631,-153.729122671,32.500668673));
#915=DIRECTION('',(0.,1.,0.));
#916=DIRECTION('',(0.,-0.,1.));
#917=AXIS2_PLACEMENT_3D('',#914,#915,#916);
#918=CIRCLE('',#917,2.);
#919=EDGE_CURVE('',#907,#854,#918,.T.);
#920=ORIENTED_EDGE('',*,*,#919,.T.);
#921=EDGE_LOOP('',(#862,#871,#879,#888,#896,#905,#913,#920));
#922=FACE_BOUND('',#921,.T.);
#923=CARTESIAN_POINT('',(772.92136093,-153.729122671,121.822174843));
#924=VERTEX_POINT('',#923);
#925=CARTESIAN_POINT('',(772.92136093,-153.729122671,119.222174843));
#926=DIRECTION('',(-0.,-1.,-0.));
#927=DIRECTION('',(0.,-0.,1.));
#928=AXIS2_PLACEMENT_3D('',#925,#926,#927);
#929=CIRCLE('',#928,2.6);
#930=EDGE_CURVE('',#924,#924,#929,.T.);
#931=ORIENTED_EDGE('',*,*,#930,.F.);
#932=EDGE_LOOP('',(#931));
#933=FACE_BOUND('',#932,.T.);
#934=CARTESIAN_POINT('',(556.935917209,-153.729122671,145.922174843));
#935=VERTEX_POINT('',#934);
#936=CARTESIAN_POINT('',(556.935917209,-153.729122671,143.322174843));
#937=DIRECTION('',(0.,1.,0.));
#938=DIRECTION('',(0.,-0.,1.));
#939=AXIS2_PLACEMENT_3D('',#936,#937,#938);
#940=CIRCLE('',#939,2.6);
#941=EDGE_CURVE('',#935,#935,#940,.T.);
#942=ORIENTED_EDGE('',*,*,#941,.T.);
#943=EDGE_LOOP('',(#942));
#944=FACE_BOUND('',#943,.T.);
#945=CARTESIAN_POINT('',(556.735917209,-153.729122671,97.922174843));
#946=VERTEX_POINT('',#945);
#947=CARTESIAN_POINT('',(556.735917209,-153.729122671,95.322174843));
#948=DIRECTION('',(0.,1.,0.));
#949=DIRECTION('',(0.,-0.,1.));
#950=AXIS2_PLACEMENT_3D('',#947,#948,#949);
#951=CIRCLE('',#950,2.6);
#952=EDGE_CURVE('',#946,#946,#951,.T.);
#953=ORIENTED_EDGE('',*,*,#952,.T.);
#954=EDGE_LOOP('',(#953));
#955=FACE_BOUND('',#954,.T.);
#956=CARTESIAN_POINT('',(580.835917209,-153.729122671,121.822174843));
#957=VERTEX_POINT('',#956);
#958=CARTESIAN_POINT('',(580.835917209,-153.729122671,119.222174843));
#959=DIRECTION('',(0.,1.,0.));
#960=DIRECTION('',(0.,-0.,1.));
#961=AXIS2_PLACEMENT_3D('',#958,#959,#960);
#962=CIRCLE('',#961,2.6);
#963=EDGE_CURVE('',#957,#957,#962,.T.);
#964=ORIENTED_EDGE('',*,*,#963,.T.);
#965=EDGE_LOOP('',(#964));
#966=FACE_BOUND('',#965,.T.);
#967=CARTESIAN_POINT('',(531.835917209,-153.729122671,151.922174843));
#968=VERTEX_POINT('',#967);
#969=CARTESIAN_POINT('',(531.835917209,-153.729122671,149.322174843));
#970=DIRECTION('',(0.,1.,0.));
#971=DIRECTION('',(0.,-0.,1.));
#972=AXIS2_PLACEMENT_3D('',#969,#970,#971);
#973=CIRCLE('',#972,2.6);
#974=EDGE_CURVE('',#968,#968,#973,.T.);
#975=ORIENTED_EDGE('',*,*,#974,.T.);
#976=EDGE_LOOP('',(#975));
#977=FACE_BOUND('',#976,.T.);
#978=CARTESIAN_POINT('',(556.835917209,-153.729122671,121.422174843));
#979=VERTEX_POINT('',#978);
#980=CARTESIAN_POINT('',(556.835917209,-153.729122671,119.322174843));
#981=DIRECTION('',(0.,1.,0.));
#982=DIRECTION('',(0.,-0.,1.));
#983=AXIS2_PLACEMENT_3D('',#980,#981,#982);
#984=CIRCLE('',#983,2.1);
#985=EDGE_CURVE('',#979,#979,#984,.T.);
#986=ORIENTED_EDGE('',*,*,#985,.T.);
#987=EDGE_LOOP('',(#986));
#988=FACE_BOUND('',#987,.T.);
#989=CARTESIAN_POINT('',(581.835917209,-153.729122671,151.922174843));
#990=VERTEX_POINT('',#989);
#991=CARTESIAN_POINT('',(581.835917209,-153.729122671,149.322174843));
#992=DIRECTION('',(0.,1.,0.));
#993=DIRECTION('',(0.,-0.,1.));
#994=AXIS2_PLACEMENT_3D('',#991,#992,#993);
#995=CIRCLE('',#994,2.6);
#996=EDGE_CURVE('',#990,#990,#995,.T.);
#997=ORIENTED_EDGE('',*,*,#996,.T.);
#998=EDGE_LOOP('',(#997));
#999=FACE_BOUND('',#998,.T.);
#1000=CARTESIAN_POINT('',(531.835917209,-153.729122671,91.922174843));
#1001=VERTEX_POINT('',#1000);
#1002=CARTESIAN_POINT('',(531.835917209,-153.729122671,89.322174843));
#1003=DIRECTION('',(0.,1.,0.));
#1004=DIRECTION('',(0.,-0.,1.));
#1005=AXIS2_PLACEMENT_3D('',#1002,#1003,#1004);
#1006=CIRCLE('',#1005,2.6);
#1007=EDGE_CURVE('',#1001,#1001,#1006,.T.);
#1008=ORIENTED_EDGE('',*,*,#1007,.T.);
#1009=EDGE_LOOP('',(#1008));
#1010=FACE_BOUND('',#1009,.T.);
#1011=CARTESIAN_POINT('',(636.87863907,-153.729122671,124.322174843));
#1012=VERTEX_POINT('',#1011);
#1013=CARTESIAN_POINT('',(636.87863907,-153.729122671,129.322174843));
#1014=DIRECTION('',(-0.,1.,-0.));
#1015=DIRECTION('',(0.,0.,-1.));
#1016=AXIS2_PLACEMENT_3D('',#1013,#1014,#1015);
#1017=CIRCLE('',#1016,5.);
#1018=EDGE_CURVE('NONE',#1012,#1012,#1017,.T.);
#1019=ORIENTED_EDGE('',*,*,#1018,.T.);
#1020=EDGE_LOOP('',(#1019));
#1021=FACE_BOUND('',#1020,.T.);
#1022=CARTESIAN_POINT('',(676.87863907,-153.729122671,134.322174843));
#1023=VERTEX_POINT('',#1022);
#1024=CARTESIAN_POINT('',(676.87863907,-153.729122671,139.322174843));
#1025=DIRECTION('',(-0.,1.,-0.));
#1026=DIRECTION('',(0.,0.,-1.));
#1027=AXIS2_PLACEMENT_3D('',#1024,#1025,#1026);
#1028=CIRCLE('',#1027,5.);
#1029=EDGE_CURVE('NONE',#1023,#1023,#1028,.T.);
#1030=ORIENTED_EDGE('',*,*,#1029,.T.);
#1031=EDGE_LOOP('',(#1030));
#1032=FACE_BOUND('',#1031,.T.);
#1033=CARTESIAN_POINT('',(716.87863907,-153.729122671,124.322174843));
#1034=VERTEX_POINT('',#1033);
#1035=CARTESIAN_POINT('',(716.87863907,-153.729122671,129.322174843));
#1036=DIRECTION('',(-0.,1.,-0.));
#1037=DIRECTION('',(0.,0.,-1.));
#1038=AXIS2_PLACEMENT_3D('',#1035,#1036,#1037);
#1039=CIRCLE('',#1038,5.);
#1040=EDGE_CURVE('NONE',#1034,#1034,#1039,.T.);
#1041=ORIENTED_EDGE('',*,*,#1040,.T.);
#1042=EDGE_LOOP('',(#1041));
#1043=FACE_BOUND('',#1042,.T.);
#1044=CARTESIAN_POINT('',(655.87863907,-153.729122671,206.722174843));
#1045=VERTEX_POINT('',#1044);
#1046=CARTESIAN_POINT('',(655.87863907,-153.729122671,209.322174843));
#1047=DIRECTION('',(-0.,1.,-0.));
#1048=DIRECTION('',(0.,0.,-1.));
#1049=AXIS2_PLACEMENT_3D('',#1046,#1047,#1048);
#1050=CIRCLE('',#1049,2.6);
#1051=EDGE_CURVE('NONE',#1045,#1045,#1050,.T.);
#1052=ORIENTED_EDGE('',*,*,#1051,.T.);
#1053=EDGE_LOOP('',(#1052));
#1054=FACE_BOUND('',#1053,.T.);
#1055=CARTESIAN_POINT('',(697.87863907,-153.729122671,206.722174843));
#1056=VERTEX_POINT('',#1055);
#1057=CARTESIAN_POINT('',(697.87863907,-153.729122671,209.322174843));
#1058=DIRECTION('',(-0.,1.,-0.));
#1059=DIRECTION('',(0.,0.,-1.));
#1060=AXIS2_PLACEMENT_3D('',#1057,#1058,#1059);
#1061=CIRCLE('',#1060,2.6);
#1062=EDGE_CURVE('NONE',#1056,#1056,#1061,.T.);
#1063=ORIENTED_EDGE('',*,*,#1062,.T.);
#1064=EDGE_LOOP('',(#1063));
#1065=FACE_BOUND('',#1064,.T.);
#1066=CARTESIAN_POINT('',(756.87863907,-153.729122671,286.722174843));
#1067=VERTEX_POINT('',#1066);
#1068=CARTESIAN_POINT('',(756.87863907,-153.729122671,289.322174843));
#1069=DIRECTION('',(-0.,1.,-0.));
#1070=DIRECTION('',(0.,0.,-1.));
#1071=AXIS2_PLACEMENT_3D('',#1068,#1069,#1070);
#1072=CIRCLE('',#1071,2.6);
#1073=EDGE_CURVE('NONE',#1067,#1067,#1072,.T.);
#1074=ORIENTED_EDGE('',*,*,#1073,.T.);
#1075=EDGE_LOOP('',(#1074));
#1076=FACE_BOUND('',#1075,.T.);
#1077=CARTESIAN_POINT('',(596.87863907,-153.729122671,328.722174843));
#1078=VERTEX_POINT('',#1077);
#1079=CARTESIAN_POINT('',(596.87863907,-153.729122671,331.322174843));
#1080=DIRECTION('',(-0.,1.,-0.));
#1081=DIRECTION('',(0.,0.,-1.));
#1082=AXIS2_PLACEMENT_3D('',#1079,#1080,#1081);
#1083=CIRCLE('',#1082,2.6);
#1084=EDGE_CURVE('NONE',#1078,#1078,#1083,.T.);
#1085=ORIENTED_EDGE('',*,*,#1084,.T.);
#1086=EDGE_LOOP('',(#1085));
#1087=FACE_BOUND('',#1086,.T.);
#1088=CARTESIAN_POINT('',(537.485240787,-153.729122671,305.90236969));
#1089=VERTEX_POINT('',#1088);
#1090=CARTESIAN_POINT('',(537.485240787,-153.729122671,307.50236969));
#1091=DIRECTION('',(-0.,1.,-0.));
#1092=DIRECTION('',(0.,0.,-1.));
#1093=AXIS2_PLACEMENT_3D('',#1090,#1091,#1092);
#1094=CIRCLE('',#1093,1.6);
#1095=EDGE_CURVE('NONE',#1089,#1089,#1094,.T.);
#1096=ORIENTED_EDGE('',*,*,#1095,.T.);
#1097=EDGE_LOOP('',(#1096));
#1098=FACE_BOUND('',#1097,.T.);
#1099=CARTESIAN_POINT('',(544.556308599,-153.729122671,341.257708749));
#1100=VERTEX_POINT('',#1099);
#1101=CARTESIAN_POINT('',(544.556308599,-153.729122671,342.857708749));
#1102=DIRECTION('',(-0.,1.,-0.));
#1103=DIRECTION('',(0.,0.,-1.));
#1104=AXIS2_PLACEMENT_3D('',#1101,#1102,#1103);
#1105=CIRCLE('',#1104,1.6);
#1106=EDGE_CURVE('NONE',#1100,#1100,#1105,.T.);
#1107=ORIENTED_EDGE('',*,*,#1106,.T.);
#1108=EDGE_LOOP('',(#1107));
#1109=FACE_BOUND('',#1108,.T.);
#1110=CARTESIAN_POINT('',(809.20096954,-153.729122671,341.257708749));
#1111=VERTEX_POINT('',#1110);
#1112=CARTESIAN_POINT('',(809.20096954,-153.729122671,342.857708749));
#1113=DIRECTION('',(-0.,1.,-0.));
#1114=DIRECTION('',(0.,0.,-1.));
#1115=AXIS2_PLACEMENT_3D('',#1112,#1113,#1114);
#1116=CIRCLE('',#1115,1.6);
#1117=EDGE_CURVE('NONE',#1111,#1111,#1116,.T.);
#1118=ORIENTED_EDGE('',*,*,#1117,.T.);
#1119=EDGE_LOOP('',(#1118));
#1120=FACE_BOUND('',#1119,.T.);
#1121=CARTESIAN_POINT('',(816.272037352,-153.729122671,305.90236969));
#1122=VERTEX_POINT('',#1121);
#1123=CARTESIAN_POINT('',(816.272037352,-153.729122671,307.50236969));
#1124=DIRECTION('',(-0.,1.,-0.));
#1125=DIRECTION('',(0.,0.,-1.));
#1126=AXIS2_PLACEMENT_3D('',#1123,#1124,#1125);
#1127=CIRCLE('',#1126,1.6);
#1128=EDGE_CURVE('NONE',#1122,#1122,#1127,.T.);
#1129=ORIENTED_EDGE('',*,*,#1128,.T.);
#1130=EDGE_LOOP('',(#1129));
#1131=FACE_BOUND('',#1130,.T.);
#1132=CARTESIAN_POINT('',(830.414172976,-153.729122671,320.044505314));
#1133=VERTEX_POINT('',#1132);
#1134=CARTESIAN_POINT('',(830.414172976,-153.729122671,321.644505314));
#1135=DIRECTION('',(-0.,1.,-0.));
#1136=DIRECTION('',(0.,0.,-1.));
#1137=AXIS2_PLACEMENT_3D('',#1134,#1135,#1136);
#1138=CIRCLE('',#1137,1.6);
#1139=EDGE_CURVE('NONE',#1133,#1133,#1138,.T.);
#1140=ORIENTED_EDGE('',*,*,#1139,.T.);
#1141=EDGE_LOOP('',(#1140));
#1142=FACE_BOUND('',#1141,.T.);
#1143=CARTESIAN_POINT('',(795.058833916,-153.729122671,327.115573125));
#1144=VERTEX_POINT('',#1143);
#1145=CARTESIAN_POINT('',(795.058833916,-153.729122671,328.715573125));
#1146=DIRECTION('',(-0.,1.,-0.));
#1147=DIRECTION('',(0.,0.,-1.));
#1148=AXIS2_PLACEMENT_3D('',#1145,#1146,#1147);
#1149=CIRCLE('',#1148,1.6);
#1150=EDGE_CURVE('NONE',#1144,#1144,#1149,.T.);
#1151=ORIENTED_EDGE('',*,*,#1150,.T.);
#1152=EDGE_LOOP('',(#1151));
#1153=FACE_BOUND('',#1152,.T.);
#1154=CARTESIAN_POINT('',(812.736503446,-153.729122671,317.680039219));
#1155=VERTEX_POINT('',#1154);
#1156=CARTESIAN_POINT('',(812.736503446,-153.729122671,325.180039219));
#1157=DIRECTION('',(-0.,1.,-0.));
#1158=DIRECTION('',(0.,0.,-1.));
#1159=AXIS2_PLACEMENT_3D('',#1156,#1157,#1158);
#1160=CIRCLE('',#1159,7.5);
#1161=EDGE_CURVE('NONE',#1155,#1155,#1160,.T.);
#1162=ORIENTED_EDGE('',*,*,#1161,.T.);
#1163=EDGE_LOOP('',(#1162));
#1164=FACE_BOUND('',#1163,.T.);
#1165=CARTESIAN_POINT('',(541.020774693,-153.729122671,317.680039219));
#1166=VERTEX_POINT('',#1165);
#1167=CARTESIAN_POINT('',(541.020774693,-153.729122671,325.180039219));
#1168=DIRECTION('',(-0.,1.,-0.));
#1169=DIRECTION('',(0.,0.,-1.));
#1170=AXIS2_PLACEMENT_3D('',#1167,#1168,#1169);
#1171=CIRCLE('',#1170,7.5);
#1172=EDGE_CURVE('NONE',#1166,#1166,#1171,.T.);
#1173=ORIENTED_EDGE('',*,*,#1172,.T.);
#1174=EDGE_LOOP('',(#1173));
#1175=FACE_BOUND('',#1174,.T.);
#1176=CARTESIAN_POINT('',(558.698444223,-153.729122671,327.115573125));
#1177=VERTEX_POINT('',#1176);
#1178=CARTESIAN_POINT('',(558.698444223,-153.729122671,328.715573125));
#1179=DIRECTION('',(-0.,1.,-0.));
#1180=DIRECTION('',(0.,0.,-1.));
#1181=AXIS2_PLACEMENT_3D('',#1178,#1179,#1180);
#1182=CIRCLE('',#1181,1.6);
#1183=EDGE_CURVE('NONE',#1177,#1177,#1182,.T.);
#1184=ORIENTED_EDGE('',*,*,#1183,.T.);
#1185=EDGE_LOOP('',(#1184));
#1186=FACE_BOUND('',#1185,.T.);
#1187=CARTESIAN_POINT('',(523.343105164,-153.729122671,320.044505314));
#1188=VERTEX_POINT('',#1187);
#1189=CARTESIAN_POINT('',(523.343105164,-153.729122671,321.644505314));
#1190=DIRECTION('',(-0.,1.,-0.));
#1191=DIRECTION('',(0.,0.,-1.));
#1192=AXIS2_PLACEMENT_3D('',#1189,#1190,#1191);
#1193=CIRCLE('',#1192,1.6);
#1194=EDGE_CURVE('NONE',#1188,#1188,#1193,.T.);
#1195=ORIENTED_EDGE('',*,*,#1194,.T.);
#1196=EDGE_LOOP('',(#1195));
#1197=FACE_BOUND('',#1196,.T.);
#1198=CARTESIAN_POINT('',(596.87863907,-153.729122671,286.722174843));
#1199=VERTEX_POINT('',#1198);
#1200=CARTESIAN_POINT('',(596.87863907,-153.729122671,289.322174843));
#1201=DIRECTION('',(-0.,1.,-0.));
#1202=DIRECTION('',(0.,0.,-1.));
#1203=AXIS2_PLACEMENT_3D('',#1200,#1201,#1202);
#1204=CIRCLE('',#1203,2.6);
#1205=EDGE_CURVE('NONE',#1199,#1199,#1204,.T.);
#1206=ORIENTED_EDGE('',*,*,#1205,.T.);
#1207=EDGE_LOOP('',(#1206));
#1208=FACE_BOUND('',#1207,.T.);
#1209=CARTESIAN_POINT('',(756.87863907,-153.729122671,328.722174843));
#1210=VERTEX_POINT('',#1209);
#1211=CARTESIAN_POINT('',(756.87863907,-153.729122671,331.322174843));
#1212=DIRECTION('',(-0.,1.,-0.));
#1213=DIRECTION('',(0.,0.,-1.));
#1214=AXIS2_PLACEMENT_3D('',#1211,#1212,#1213);
#1215=CIRCLE('',#1214,2.6);
#1216=EDGE_CURVE('NONE',#1210,#1210,#1215,.T.);
#1217=ORIENTED_EDGE('',*,*,#1216,.T.);
#1218=EDGE_LOOP('',(#1217));
#1219=FACE_BOUND('',#1218,.T.);
#1220=CARTESIAN_POINT('',(697.87863907,-153.729122671,276.722174843));
#1221=VERTEX_POINT('',#1220);
#1222=CARTESIAN_POINT('',(697.87863907,-153.729122671,279.322174843));
#1223=DIRECTION('',(-0.,1.,-0.));
#1224=DIRECTION('',(0.,0.,-1.));
#1225=AXIS2_PLACEMENT_3D('',#1222,#1223,#1224);
#1226=CIRCLE('',#1225,2.6);
#1227=EDGE_CURVE('NONE',#1221,#1221,#1226,.T.);
#1228=ORIENTED_EDGE('',*,*,#1227,.T.);
#1229=EDGE_LOOP('',(#1228));
#1230=FACE_BOUND('',#1229,.T.);
#1231=CARTESIAN_POINT('',(655.87863907,-153.729122671,276.722174843));
#1232=VERTEX_POINT('',#1231);
#1233=CARTESIAN_POINT('',(655.87863907,-153.729122671,279.322174843));
#1234=DIRECTION('',(-0.,1.,-0.));
#1235=DIRECTION('',(0.,0.,-1.));
#1236=AXIS2_PLACEMENT_3D('',#1233,#1234,#1235);
#1237=CIRCLE('',#1236,2.6);
#1238=EDGE_CURVE('NONE',#1232,#1232,#1237,.T.);
#1239=ORIENTED_EDGE('',*,*,#1238,.T.);
#1240=EDGE_LOOP('',(#1239));
#1241=FACE_BOUND('',#1240,.T.);
#1242=CARTESIAN_POINT('',(598.878635376,-153.729122671,356.922173963));
#1243=VERTEX_POINT('',#1242);
#1244=CARTESIAN_POINT('',(598.878635376,-153.729122671,354.322173963));
#1245=DIRECTION('',(-0.,-1.,-0.));
#1246=DIRECTION('',(0.,-0.,1.));
#1247=AXIS2_PLACEMENT_3D('',#1244,#1245,#1246);
#1248=CIRCLE('',#1247,2.6);
#1249=EDGE_CURVE('',#1243,#1243,#1248,.T.);
#1250=ORIENTED_EDGE('',*,*,#1249,.F.);
#1251=EDGE_LOOP('',(#1250));
#1252=FACE_BOUND('',#1251,.T.);
#1253=CARTESIAN_POINT('',(507.878635376,-153.729122671,206.922173963));
#1254=VERTEX_POINT('',#1253);
#1255=CARTESIAN_POINT('',(507.878635376,-153.729122671,204.322173963));
#1256=DIRECTION('',(-0.,-1.,-0.));
#1257=DIRECTION('',(0.,-0.,1.));
#1258=AXIS2_PLACEMENT_3D('',#1255,#1256,#1257);
#1259=CIRCLE('',#1258,2.6);
#1260=EDGE_CURVE('',#1254,#1254,#1259,.T.);
#1261=ORIENTED_EDGE('',*,*,#1260,.F.);
#1262=EDGE_LOOP('',(#1261));
#1263=FACE_BOUND('',#1262,.T.);
#1264=CARTESIAN_POINT('',(507.878635376,-153.729122671,286.922173963));
#1265=VERTEX_POINT('',#1264);
#1266=CARTESIAN_POINT('',(507.878635376,-153.729122671,284.322173963));
#1267=DIRECTION('',(-0.,-1.,-0.));
#1268=DIRECTION('',(0.,-0.,1.));
#1269=AXIS2_PLACEMENT_3D('',#1266,#1267,#1268);
#1270=CIRCLE('',#1269,2.6);
#1271=EDGE_CURVE('',#1265,#1265,#1270,.T.);
#1272=ORIENTED_EDGE('',*,*,#1271,.F.);
#1273=EDGE_LOOP('',(#1272));
#1274=FACE_BOUND('',#1273,.T.);
#1275=CARTESIAN_POINT('',(598.878635376,-153.729122671,246.922173963));
#1276=VERTEX_POINT('',#1275);
#1277=CARTESIAN_POINT('',(598.878635376,-153.729122671,244.322173963));
#1278=DIRECTION('',(-0.,-1.,-0.));
#1279=DIRECTION('',(0.,-0.,1.));
#1280=AXIS2_PLACEMENT_3D('',#1277,#1278,#1279);
#1281=CIRCLE('',#1280,2.6);
#1282=EDGE_CURVE('',#1276,#1276,#1281,.T.);
#1283=ORIENTED_EDGE('',*,*,#1282,.F.);
#1284=EDGE_LOOP('',(#1283));
#1285=FACE_BOUND('',#1284,.T.);
#1286=CARTESIAN_POINT('',(507.878635376,-153.729122671,246.922173963));
#1287=VERTEX_POINT('',#1286);
#1288=CARTESIAN_POINT('',(507.878635376,-153.729122671,244.322173963));
#1289=DIRECTION('',(-0.,-1.,-0.));
#1290=DIRECTION('',(0.,-0.,1.));
#1291=AXIS2_PLACEMENT_3D('',#1288,#1289,#1290);
#1292=CIRCLE('',#1291,2.6);
#1293=EDGE_CURVE('',#1287,#1287,#1292,.T.);
#1294=ORIENTED_EDGE('',*,*,#1293,.F.);
#1295=EDGE_LOOP('',(#1294));
#1296=FACE_BOUND('',#1295,.T.);
#1297=CARTESIAN_POINT('',(598.878635376,-153.729122671,206.922173963));
#1298=VERTEX_POINT('',#1297);
#1299=CARTESIAN_POINT('',(598.878635376,-153.729122671,204.322173963));
#1300=DIRECTION('',(-0.,-1.,-0.));
#1301=DIRECTION('',(0.,-0.,1.));
#1302=AXIS2_PLACEMENT_3D('',#1299,#1300,#1301);
#1303=CIRCLE('',#1302,2.6);
#1304=EDGE_CURVE('',#1298,#1298,#1303,.T.);
#1305=ORIENTED_EDGE('',*,*,#1304,.F.);
#1306=EDGE_LOOP('',(#1305));
#1307=FACE_BOUND('',#1306,.T.);
#1308=CARTESIAN_POINT('',(754.918570307,-153.729122671,356.925341654));
#1309=VERTEX_POINT('',#1308);
#1310=CARTESIAN_POINT('',(754.918623088,-153.729122671,354.325341655));
#1311=DIRECTION('',(0.,1.,0.));
#1312=DIRECTION('',(0.,-0.,1.));
#1313=AXIS2_PLACEMENT_3D('',#1310,#1311,#1312);
#1314=CIRCLE('',#1313,2.6);
#1315=EDGE_CURVE('',#1309,#1309,#1314,.T.);
#1316=ORIENTED_EDGE('',*,*,#1315,.T.);
#1317=EDGE_LOOP('',(#1316));
#1318=FACE_BOUND('',#1317,.T.);
#1319=CARTESIAN_POINT('',(845.924660387,-153.729122671,206.929036472));
#1320=VERTEX_POINT('',#1319);
#1321=CARTESIAN_POINT('',(845.924713168,-153.729122671,204.329036473));
#1322=DIRECTION('',(0.,1.,0.));
#1323=DIRECTION('',(0.,-0.,1.));
#1324=AXIS2_PLACEMENT_3D('',#1321,#1322,#1323);
#1325=CIRCLE('',#1324,2.6);
#1326=EDGE_CURVE('',#1320,#1320,#1325,.T.);
#1327=ORIENTED_EDGE('',*,*,#1326,.T.);
#1328=EDGE_LOOP('',(#1327));
#1329=FACE_BOUND('',#1328,.T.);
#1330=CARTESIAN_POINT('',(845.921412305,-153.729122671,286.929036406));
#1331=VERTEX_POINT('',#1330);
#1332=CARTESIAN_POINT('',(845.921465086,-153.729122671,284.329036407));
#1333=DIRECTION('',(0.,1.,0.));
#1334=DIRECTION('',(0.,-0.,1.));
#1335=AXIS2_PLACEMENT_3D('',#1332,#1333,#1334);
#1336=CIRCLE('',#1335,2.6);
#1337=EDGE_CURVE('',#1331,#1331,#1336,.T.);
#1338=ORIENTED_EDGE('',*,*,#1337,.T.);
#1339=EDGE_LOOP('',(#1338));
#1340=FACE_BOUND('',#1339,.T.);
#1341=CARTESIAN_POINT('',(754.923036421,-153.729122671,246.925341745));
#1342=VERTEX_POINT('',#1341);
#1343=CARTESIAN_POINT('',(754.923089202,-153.729122671,244.325341746));
#1344=DIRECTION('',(0.,1.,0.));
#1345=DIRECTION('',(0.,-0.,1.));
#1346=AXIS2_PLACEMENT_3D('',#1343,#1344,#1345);
#1347=CIRCLE('',#1346,2.6);
#1348=EDGE_CURVE('',#1342,#1342,#1347,.T.);
#1349=ORIENTED_EDGE('',*,*,#1348,.T.);
#1350=EDGE_LOOP('',(#1349));
#1351=FACE_BOUND('',#1350,.T.);
#1352=CARTESIAN_POINT('',(845.923036346,-153.729122671,246.929036439));
#1353=VERTEX_POINT('',#1352);
#1354=CARTESIAN_POINT('',(845.923089127,-153.729122671,244.32903644));
#1355=DIRECTION('',(0.,1.,0.));
#1356=DIRECTION('',(0.,-0.,1.));
#1357=AXIS2_PLACEMENT_3D('',#1354,#1355,#1356);
#1358=CIRCLE('',#1357,2.6);
#1359=EDGE_CURVE('',#1353,#1353,#1358,.T.);
#1360=ORIENTED_EDGE('',*,*,#1359,.T.);
#1361=EDGE_LOOP('',(#1360));
#1362=FACE_BOUND('',#1361,.T.);
#1363=CARTESIAN_POINT('',(754.924660462,-153.729122671,206.925341778));
#1364=VERTEX_POINT('',#1363);
#1365=CARTESIAN_POINT('',(754.924713243,-153.729122671,204.325341779));
#1366=DIRECTION('',(0.,1.,0.));
#1367=DIRECTION('',(0.,-0.,1.));
#1368=AXIS2_PLACEMENT_3D('',#1365,#1366,#1367);
#1369=CIRCLE('',#1368,2.6);
#1370=EDGE_CURVE('',#1364,#1364,#1369,.T.);
#1371=ORIENTED_EDGE('',*,*,#1370,.T.);
#1372=EDGE_LOOP('',(#1371));
#1373=FACE_BOUND('',#1372,.T.);
#1374=ADVANCED_FACE('',(#301,#312,#323,#334,#345,#356,#367,#378,#398,#418,#438,#458,#478,#498,#518,#529,#540,#551,#562,#573,#584,#595,#606,#617,#628,#639,
#650,#661,#672,#683,#694,#705,#716,#727,#738,#749,#760,#771,#782,#852,#922,#933,#944,#955,#966,#977,#988,#999,#1010,#1021,#1032,
#1043,#1054,#1065,#1076,#1087,#1098,#1109,#1120,#1131,#1142,#1153,#1164,#1175,#1186,#1197,#1208,#1219,#1230,#1241,#1252,#1263,#1274,#1285,#1296,#1307,
#1318,#1329,#1340,#1351,#1362,#1373),#115,.T.);
#1375=CARTESIAN_POINT('',(792.736503446,-147.729122671,359.322174843));
#1376=DIRECTION('',(0.,-1.,0.));
#1377=DIRECTION('',(0.,0.,-1.));
#1378=AXIS2_PLACEMENT_3D('',#1375,#1376,#1377);
#1379=PLANE('',#1378);
#1380=CARTESIAN_POINT('',(496.87863907,-147.729122671,73.464310467));
#1381=VERTEX_POINT('',#1380);
#1382=CARTESIAN_POINT('',(496.87863907,-147.729122671,305.180039219));
#1383=VERTEX_POINT('',#1382);
#1384=CARTESIAN_POINT('',(496.87863907,-147.729122671,73.464310467));
#1385=DIRECTION('',(-0.,-0.,1.));
#1386=VECTOR('',#1385,231.715728752);
#1387=LINE('',#1384,#1386);
#1388=EDGE_CURVE('',#1381,#1383,#1387,.T.);
#1389=ORIENTED_EDGE('',*,*,#1388,.T.);
#1390=CARTESIAN_POINT('',(499.807571258,-147.729122671,312.251107031));
#1391=VERTEX_POINT('',#1390);
#1392=CARTESIAN_POINT('',(506.87863907,-147.729122671,305.180039219));
#1393=DIRECTION('',(-0.,1.,-0.));
#1394=DIRECTION('',(0.,0.,-1.));
#1395=AXIS2_PLACEMENT_3D('',#1392,#1393,#1394);
#1396=CIRCLE('',#1395,10.);
#1397=EDGE_CURVE('',#1383,#1391,#1396,.T.);
#1398=ORIENTED_EDGE('',*,*,#1397,.T.);
#1399=CARTESIAN_POINT('',(553.949706881,-147.729122671,366.393242655));
#1400=VERTEX_POINT('',#1399);
#1401=CARTESIAN_POINT('',(499.807571258,-147.729122671,312.251107031));
#1402=DIRECTION('',(0.707106781,0.,0.707106781));
#1403=VECTOR('',#1402,76.568542495);
#1404=LINE('',#1401,#1403);
#1405=EDGE_CURVE('',#1391,#1400,#1404,.T.);
#1406=ORIENTED_EDGE('',*,*,#1405,.T.);
#1407=CARTESIAN_POINT('',(561.020774693,-147.729122671,369.322174843));
#1408=VERTEX_POINT('',#1407);
#1409=CARTESIAN_POINT('',(561.020774693,-147.729122671,359.322174843));
#1410=DIRECTION('',(-0.,1.,-0.));
#1411=DIRECTION('',(0.,0.,-1.));
#1412=AXIS2_PLACEMENT_3D('',#1409,#1410,#1411);
#1413=CIRCLE('',#1412,10.);
#1414=EDGE_CURVE('NONE',#1400,#1408,#1413,.T.);
#1415=ORIENTED_EDGE('',*,*,#1414,.T.);
#1416=CARTESIAN_POINT('',(616.87863907,-147.729122671,369.322174843));
#1417=VERTEX_POINT('',#1416);
#1418=CARTESIAN_POINT('',(561.020774693,-147.729122671,369.322174843));
#1419=DIRECTION('',(1.,0.,-0.));
#1420=VECTOR('',#1419,55.857864377);
#1421=LINE('',#1418,#1420);
#1422=EDGE_CURVE('NONE',#1408,#1417,#1421,.T.);
#1423=ORIENTED_EDGE('',*,*,#1422,.T.);
#1424=CARTESIAN_POINT('',(616.87863907,-147.729122671,294.322174843));
#1425=VERTEX_POINT('',#1424);
#1426=CARTESIAN_POINT('',(616.87863907,-147.729122671,369.322174843));
#1427=DIRECTION('',(0.,0.,-1.));
#1428=VECTOR('',#1427,75.);
#1429=LINE('',#1426,#1428);
#1430=EDGE_CURVE('NONE',#1417,#1425,#1429,.T.);
#1431=ORIENTED_EDGE('',*,*,#1430,.T.);
#1432=CARTESIAN_POINT('',(621.87863907,-147.729122671,289.322174843));
#1433=VERTEX_POINT('',#1432);
#1434=CARTESIAN_POINT('',(616.87863907,-147.729122671,294.322174843));
#1435=DIRECTION('',(0.707106781,0.,-0.707106781));
#1436=VECTOR('',#1435,7.071067812);
#1437=LINE('',#1434,#1436);
#1438=EDGE_CURVE('NONE',#1425,#1433,#1437,.T.);
#1439=ORIENTED_EDGE('',*,*,#1438,.T.);
#1440=CARTESIAN_POINT('',(731.87863907,-147.729122671,289.322174843));
#1441=VERTEX_POINT('',#1440);
#1442=CARTESIAN_POINT('',(621.87863907,-147.729122671,289.322174843));
#1443=DIRECTION('',(1.,0.,-0.));
#1444=VECTOR('',#1443,110.);
#1445=LINE('',#1442,#1444);
#1446=EDGE_CURVE('NONE',#1433,#1441,#1445,.T.);
#1447=ORIENTED_EDGE('',*,*,#1446,.T.);
#1448=CARTESIAN_POINT('',(736.87863907,-147.729122671,294.322174843));
#1449=VERTEX_POINT('',#1448);
#1450=CARTESIAN_POINT('',(731.87863907,-147.729122671,289.322174843));
#1451=DIRECTION('',(0.707106781,0.,0.707106781));
#1452=VECTOR('',#1451,7.071067812);
#1453=LINE('',#1450,#1452);
#1454=EDGE_CURVE('NONE',#1441,#1449,#1453,.T.);
#1455=ORIENTED_EDGE('',*,*,#1454,.T.);
#1456=CARTESIAN_POINT('',(736.87863907,-147.729122671,369.322174843));
#1457=VERTEX_POINT('',#1456);
#1458=CARTESIAN_POINT('',(736.87863907,-147.729122671,294.322174843));
#1459=DIRECTION('',(-0.,-0.,1.));
#1460=VECTOR('',#1459,75.);
#1461=LINE('',#1458,#1460);
#1462=EDGE_CURVE('NONE',#1449,#1457,#1461,.T.);
#1463=ORIENTED_EDGE('',*,*,#1462,.T.);
#1464=CARTESIAN_POINT('',(792.736503446,-147.729122671,369.322174843));
#1465=VERTEX_POINT('',#1464);
#1466=CARTESIAN_POINT('',(736.87863907,-147.729122671,369.322174843));
#1467=DIRECTION('',(1.,0.,-0.));
#1468=VECTOR('',#1467,55.857864376);
#1469=LINE('',#1466,#1468);
#1470=EDGE_CURVE('NONE',#1457,#1465,#1469,.T.);
#1471=ORIENTED_EDGE('',*,*,#1470,.T.);
#1472=CARTESIAN_POINT('',(799.807571258,-147.729122671,366.393242655));
#1473=VERTEX_POINT('',#1472);
#1474=CARTESIAN_POINT('',(792.736503446,-147.729122671,359.322174843));
#1475=DIRECTION('',(-0.,1.,-0.));
#1476=DIRECTION('',(0.,0.,-1.));
#1477=AXIS2_PLACEMENT_3D('',#1474,#1475,#1476);
#1478=CIRCLE('',#1477,10.);
#1479=EDGE_CURVE('NONE',#1465,#1473,#1478,.T.);
#1480=ORIENTED_EDGE('',*,*,#1479,.T.);
#1481=CARTESIAN_POINT('',(853.949706882,-147.729122671,312.251107031));
#1482=VERTEX_POINT('',#1481);
#1483=CARTESIAN_POINT('',(799.807571258,-147.729122671,366.393242655));
#1484=DIRECTION('',(0.707106781,0.,-0.707106781));
#1485=VECTOR('',#1484,76.568542495);
#1486=LINE('',#1483,#1485);
#1487=EDGE_CURVE('NONE',#1473,#1482,#1486,.T.);
#1488=ORIENTED_EDGE('',*,*,#1487,.T.);
#1489=CARTESIAN_POINT('',(856.87863907,-147.729122671,305.180039219));
#1490=VERTEX_POINT('',#1489);
#1491=CARTESIAN_POINT('',(846.87863907,-147.729122671,305.180039219));
#1492=DIRECTION('',(-0.,1.,-0.));
#1493=DIRECTION('',(0.,0.,-1.));
#1494=AXIS2_PLACEMENT_3D('',#1491,#1492,#1493);
#1495=CIRCLE('',#1494,10.);
#1496=EDGE_CURVE('',#1482,#1490,#1495,.T.);
#1497=ORIENTED_EDGE('',*,*,#1496,.T.);
#1498=CARTESIAN_POINT('',(856.87863907,-147.729122671,73.464310467));
#1499=VERTEX_POINT('',#1498);
#1500=CARTESIAN_POINT('',(856.87863907,-147.729122671,305.180039219));
#1501=DIRECTION('',(0.,0.,-1.));
#1502=VECTOR('',#1501,231.715728752);
#1503=LINE('',#1500,#1502);
#1504=EDGE_CURVE('',#1490,#1499,#1503,.T.);
#1505=ORIENTED_EDGE('',*,*,#1504,.T.);
#1506=CARTESIAN_POINT('',(853.949706882,-147.729122671,66.393242655));
#1507=VERTEX_POINT('',#1506);
#1508=CARTESIAN_POINT('',(846.87863907,-147.729122671,73.464310467));
#1509=DIRECTION('',(-0.,1.,-0.));
#1510=DIRECTION('',(0.,0.,-1.));
#1511=AXIS2_PLACEMENT_3D('',#1508,#1509,#1510);
#1512=CIRCLE('',#1511,10.);
#1513=EDGE_CURVE('',#1499,#1507,#1512,.T.);
#1514=ORIENTED_EDGE('',*,*,#1513,.T.);
#1515=CARTESIAN_POINT('',(799.807571258,-147.729122671,12.251107031));
#1516=VERTEX_POINT('',#1515);
#1517=CARTESIAN_POINT('',(853.949706881,-147.729122671,66.393242655));
#1518=DIRECTION('',(-0.707106781,0.,-0.707106781));
#1519=VECTOR('',#1518,76.568542495);
#1520=LINE('',#1517,#1519);
#1521=EDGE_CURVE('',#1507,#1516,#1520,.T.);
#1522=ORIENTED_EDGE('',*,*,#1521,.T.);
#1523=CARTESIAN_POINT('',(792.736503446,-147.729122671,9.322174843));
#1524=VERTEX_POINT('',#1523);
#1525=CARTESIAN_POINT('',(792.736503446,-147.729122671,19.322174843));
#1526=DIRECTION('',(-0.,1.,-0.));
#1527=DIRECTION('',(0.,0.,-1.));
#1528=AXIS2_PLACEMENT_3D('',#1525,#1526,#1527);
#1529=CIRCLE('',#1528,10.);
#1530=EDGE_CURVE('',#1516,#1524,#1529,.T.);
#1531=ORIENTED_EDGE('',*,*,#1530,.T.);
#1532=CARTESIAN_POINT('',(561.020774693,-147.729122671,9.322174843));
#1533=VERTEX_POINT('',#1532);
#1534=CARTESIAN_POINT('',(792.736503446,-147.729122671,9.322174843));
#1535=DIRECTION('',(-1.,-0.,0.));
#1536=VECTOR('',#1535,231.715728753);
#1537=LINE('',#1534,#1536);
#1538=EDGE_CURVE('',#1524,#1533,#1537,.T.);
#1539=ORIENTED_EDGE('',*,*,#1538,.T.);
#1540=CARTESIAN_POINT('',(553.949706881,-147.729122671,12.251107031));
#1541=VERTEX_POINT('',#1540);
#1542=CARTESIAN_POINT('',(561.020774693,-147.729122671,19.322174843));
#1543=DIRECTION('',(-0.,1.,-0.));
#1544=DIRECTION('',(0.,0.,-1.));
#1545=AXIS2_PLACEMENT_3D('',#1542,#1543,#1544);
#1546=CIRCLE('',#1545,10.);
#1547=EDGE_CURVE('',#1533,#1541,#1546,.T.);
#1548=ORIENTED_EDGE('',*,*,#1547,.T.);
#1549=CARTESIAN_POINT('',(499.807571258,-147.729122671,66.393242655));
#1550=VERTEX_POINT('',#1549);
#1551=CARTESIAN_POINT('',(553.949706881,-147.729122671,12.251107031));
#1552=DIRECTION('',(-0.707106781,0.,0.707106781));
#1553=VECTOR('',#1552,76.568542495);
#1554=LINE('',#1551,#1553);
#1555=EDGE_CURVE('',#1541,#1550,#1554,.T.);
#1556=ORIENTED_EDGE('',*,*,#1555,.T.);
#1557=CARTESIAN_POINT('',(506.87863907,-147.729122671,73.464310467));
#1558=DIRECTION('',(-0.,1.,-0.));
#1559=DIRECTION('',(0.,0.,-1.));
#1560=AXIS2_PLACEMENT_3D('',#1557,#1558,#1559);
#1561=CIRCLE('',#1560,10.);
#1562=EDGE_CURVE('',#1550,#1381,#1561,.T.);
#1563=ORIENTED_EDGE('',*,*,#1562,.T.);
#1564=EDGE_LOOP('',(#1389,#1398,#1406,#1415,#1423,#1431,#1439,#1447,#1455,#1463,#1471,#1480,#1488,#1497,#1505,#1514,#1522,#1531,#1539,#1548,#1556,#1563));
#1565=FACE_BOUND('',#1564,.T.);
#1566=CARTESIAN_POINT('',(796.82136093,-147.729122671,145.922174843));
#1567=VERTEX_POINT('',#1566);
#1568=CARTESIAN_POINT('',(796.82136093,-147.729122671,143.322174843));
#1569=DIRECTION('',(-0.,-1.,-0.));
#1570=DIRECTION('',(0.,-0.,1.));
#1571=AXIS2_PLACEMENT_3D('',#1568,#1569,#1570);
#1572=CIRCLE('',#1571,2.6);
#1573=EDGE_CURVE('',#1567,#1567,#1572,.T.);
#1574=ORIENTED_EDGE('',*,*,#1573,.T.);
#1575=EDGE_LOOP('',(#1574));
#1576=FACE_BOUND('',#1575,.T.);
#1577=CARTESIAN_POINT('',(796.92136093,-147.729122671,121.422174843));
#1578=VERTEX_POINT('',#1577);
#1579=CARTESIAN_POINT('',(796.92136093,-147.729122671,119.322174843));
#1580=DIRECTION('',(-0.,-1.,-0.));
#1581=DIRECTION('',(0.,-0.,1.));
#1582=AXIS2_PLACEMENT_3D('',#1579,#1580,#1581);
#1583=CIRCLE('',#1582,2.1);
#1584=EDGE_CURVE('',#1578,#1578,#1583,.T.);
#1585=ORIENTED_EDGE('',*,*,#1584,.T.);
#1586=EDGE_LOOP('',(#1585));
#1587=FACE_BOUND('',#1586,.T.);
#1588=CARTESIAN_POINT('',(771.92136093,-147.729122671,91.922174843));
#1589=VERTEX_POINT('',#1588);
#1590=CARTESIAN_POINT('',(771.92136093,-147.729122671,89.322174843));
#1591=DIRECTION('',(-0.,-1.,-0.));
#1592=DIRECTION('',(0.,-0.,1.));
#1593=AXIS2_PLACEMENT_3D('',#1590,#1591,#1592);
#1594=CIRCLE('',#1593,2.6);
#1595=EDGE_CURVE('',#1589,#1589,#1594,.T.);
#1596=ORIENTED_EDGE('',*,*,#1595,.T.);
#1597=EDGE_LOOP('',(#1596));
#1598=FACE_BOUND('',#1597,.T.);
#1599=CARTESIAN_POINT('',(821.92136093,-147.729122671,91.922174843));
#1600=VERTEX_POINT('',#1599);
#1601=CARTESIAN_POINT('',(821.92136093,-147.729122671,89.322174843));
#1602=DIRECTION('',(-0.,-1.,-0.));
#1603=DIRECTION('',(0.,-0.,1.));
#1604=AXIS2_PLACEMENT_3D('',#1601,#1602,#1603);
#1605=CIRCLE('',#1604,2.6);
#1606=EDGE_CURVE('',#1600,#1600,#1605,.T.);
#1607=ORIENTED_EDGE('',*,*,#1606,.T.);
#1608=EDGE_LOOP('',(#1607));
#1609=FACE_BOUND('',#1608,.T.);
#1610=CARTESIAN_POINT('',(771.92136093,-147.729122671,151.922174843));
#1611=VERTEX_POINT('',#1610);
#1612=CARTESIAN_POINT('',(771.92136093,-147.729122671,149.322174843));
#1613=DIRECTION('',(-0.,-1.,-0.));
#1614=DIRECTION('',(0.,-0.,1.));
#1615=AXIS2_PLACEMENT_3D('',#1612,#1613,#1614);
#1616=CIRCLE('',#1615,2.6);
#1617=EDGE_CURVE('',#1611,#1611,#1616,.T.);
#1618=ORIENTED_EDGE('',*,*,#1617,.T.);
#1619=EDGE_LOOP('',(#1618));
#1620=FACE_BOUND('',#1619,.T.);
#1621=CARTESIAN_POINT('',(821.92136093,-147.729122671,151.922174843));
#1622=VERTEX_POINT('',#1621);
#1623=CARTESIAN_POINT('',(821.92136093,-147.729122671,149.322174843));
#1624=DIRECTION('',(-0.,-1.,-0.));
#1625=DIRECTION('',(0.,-0.,1.));
#1626=AXIS2_PLACEMENT_3D('',#1623,#1624,#1625);
#1627=CIRCLE('',#1626,2.6);
#1628=EDGE_CURVE('',#1622,#1622,#1627,.T.);
#1629=ORIENTED_EDGE('',*,*,#1628,.T.);
#1630=EDGE_LOOP('',(#1629));
#1631=FACE_BOUND('',#1630,.T.);
#1632=CARTESIAN_POINT('',(797.02136093,-147.729122671,97.922174843));
#1633=VERTEX_POINT('',#1632);
#1634=CARTESIAN_POINT('',(797.02136093,-147.729122671,95.322174843));
#1635=DIRECTION('',(-0.,-1.,-0.));
#1636=DIRECTION('',(0.,-0.,1.));
#1637=AXIS2_PLACEMENT_3D('',#1634,#1635,#1636);
#1638=CIRCLE('',#1637,2.6);
#1639=EDGE_CURVE('',#1633,#1633,#1638,.T.);
#1640=ORIENTED_EDGE('',*,*,#1639,.T.);
#1641=EDGE_LOOP('',(#1640));
#1642=FACE_BOUND('',#1641,.T.);
#1643=CARTESIAN_POINT('',(661.25,-147.729122671,156.35));
#1644=VERTEX_POINT('',#1643);
#1645=CARTESIAN_POINT('',(659.55,-147.729122671,154.65));
#1646=VERTEX_POINT('',#1645);
#1647=CARTESIAN_POINT('',(661.25,-147.729122671,154.65));
#1648=DIRECTION('',(-0.,-1.,-0.));
#1649=DIRECTION('',(0.,-0.,1.));
#1650=AXIS2_PLACEMENT_3D('',#1647,#1648,#1649);
#1651=CIRCLE('',#1650,1.7);
#1652=EDGE_CURVE('',#1644,#1646,#1651,.T.);
#1653=ORIENTED_EDGE('',*,*,#1652,.T.);
#1654=CARTESIAN_POINT('',(661.25,-147.729122671,154.65));
#1655=DIRECTION('',(-0.,-1.,-0.));
#1656=DIRECTION('',(0.,-0.,1.));
#1657=AXIS2_PLACEMENT_3D('',#1654,#1655,#1656);
#1658=CIRCLE('',#1657,1.7);
#1659=EDGE_CURVE('',#1646,#1644,#1658,.T.);
#1660=ORIENTED_EDGE('',*,*,#1659,.T.);
#1661=EDGE_LOOP('',(#1653,#1660));
#1662=FACE_BOUND('',#1661,.T.);
#1663=CARTESIAN_POINT('',(692.25,-147.729122671,156.35));
#1664=VERTEX_POINT('',#1663);
#1665=CARTESIAN_POINT('',(690.55,-147.729122671,154.65));
#1666=VERTEX_POINT('',#1665);
#1667=CARTESIAN_POINT('',(692.25,-147.729122671,154.65));
#1668=DIRECTION('',(-0.,-1.,-0.));
#1669=DIRECTION('',(0.,-0.,1.));
#1670=AXIS2_PLACEMENT_3D('',#1667,#1668,#1669);
#1671=CIRCLE('',#1670,1.7);
#1672=EDGE_CURVE('',#1664,#1666,#1671,.T.);
#1673=ORIENTED_EDGE('',*,*,#1672,.T.);
#1674=CARTESIAN_POINT('',(692.25,-147.729122671,154.65));
#1675=DIRECTION('',(-0.,-1.,-0.));
#1676=DIRECTION('',(0.,-0.,1.));
#1677=AXIS2_PLACEMENT_3D('',#1674,#1675,#1676);
#1678=CIRCLE('',#1677,1.7);
#1679=EDGE_CURVE('',#1666,#1664,#1678,.T.);
#1680=ORIENTED_EDGE('',*,*,#1679,.T.);
#1681=EDGE_LOOP('',(#1673,#1680));
#1682=FACE_BOUND('',#1681,.T.);
#1683=CARTESIAN_POINT('',(661.25,-147.729122671,125.35));
#1684=VERTEX_POINT('',#1683);
#1685=CARTESIAN_POINT('',(659.55,-147.729122671,123.65));
#1686=VERTEX_POINT('',#1685);
#1687=CARTESIAN_POINT('',(661.25,-147.729122671,123.65));
#1688=DIRECTION('',(-0.,-1.,-0.));
#1689=DIRECTION('',(0.,-0.,1.));
#1690=AXIS2_PLACEMENT_3D('',#1687,#1688,#1689);
#1691=CIRCLE('',#1690,1.7);
#1692=EDGE_CURVE('',#1684,#1686,#1691,.T.);
#1693=ORIENTED_EDGE('',*,*,#1692,.T.);
#1694=CARTESIAN_POINT('',(661.25,-147.729122671,123.65));
#1695=DIRECTION('',(-0.,-1.,-0.));
#1696=DIRECTION('',(0.,-0.,1.));
#1697=AXIS2_PLACEMENT_3D('',#1694,#1695,#1696);
#1698=CIRCLE('',#1697,1.7);
#1699=EDGE_CURVE('',#1686,#1684,#1698,.T.);
#1700=ORIENTED_EDGE('',*,*,#1699,.T.);
#1701=EDGE_LOOP('',(#1693,#1700));
#1702=FACE_BOUND('',#1701,.T.);
#1703=CARTESIAN_POINT('',(692.25,-147.729122671,125.35));
#1704=VERTEX_POINT('',#1703);
#1705=CARTESIAN_POINT('',(690.55,-147.729122671,123.65));
#1706=VERTEX_POINT('',#1705);
#1707=CARTESIAN_POINT('',(692.25,-147.729122671,123.65));
#1708=DIRECTION('',(-0.,-1.,-0.));
#1709=DIRECTION('',(0.,-0.,1.));
#1710=AXIS2_PLACEMENT_3D('',#1707,#1708,#1709);
#1711=CIRCLE('',#1710,1.7);
#1712=EDGE_CURVE('',#1704,#1706,#1711,.T.);
#1713=ORIENTED_EDGE('',*,*,#1712,.T.);
#1714=CARTESIAN_POINT('',(692.25,-147.729122671,123.65));
#1715=DIRECTION('',(-0.,-1.,-0.));
#1716=DIRECTION('',(0.,-0.,1.));
#1717=AXIS2_PLACEMENT_3D('',#1714,#1715,#1716);
#1718=CIRCLE('',#1717,1.7);
#1719=EDGE_CURVE('',#1706,#1704,#1718,.T.);
#1720=ORIENTED_EDGE('',*,*,#1719,.T.);
#1721=EDGE_LOOP('',(#1713,#1720));
#1722=FACE_BOUND('',#1721,.T.);
#1723=CARTESIAN_POINT('',(690.47863907,-147.729122671,176.322174843));
#1724=VERTEX_POINT('',#1723);
#1725=CARTESIAN_POINT('',(688.87863907,-147.729122671,174.722174843));
#1726=VERTEX_POINT('',#1725);
#1727=CARTESIAN_POINT('',(688.87863907,-147.729122671,176.322174843));
#1728=DIRECTION('',(-0.,1.,-0.));
#1729=DIRECTION('',(0.,0.,-1.));
#1730=AXIS2_PLACEMENT_3D('',#1727,#1728,#1729);
#1731=CIRCLE('',#1730,1.6);
#1732=EDGE_CURVE('NONE',#1724,#1726,#1731,.T.);
#1733=ORIENTED_EDGE('',*,*,#1732,.F.);
#1734=CARTESIAN_POINT('',(688.87863907,-147.729122671,176.322174843));
#1735=DIRECTION('',(-0.,1.,-0.));
#1736=DIRECTION('',(0.,0.,-1.));
#1737=AXIS2_PLACEMENT_3D('',#1734,#1735,#1736);
#1738=CIRCLE('',#1737,1.6);
#1739=EDGE_CURVE('NONE',#1726,#1724,#1738,.T.);
#1740=ORIENTED_EDGE('',*,*,#1739,.F.);
#1741=EDGE_LOOP('',(#1733,#1740));
#1742=FACE_BOUND('',#1741,.T.);
#1743=CARTESIAN_POINT('',(663.27863907,-147.729122671,176.322174843));
#1744=VERTEX_POINT('',#1743);
#1745=CARTESIAN_POINT('',(664.87863907,-147.729122671,174.722174843));
#1746=VERTEX_POINT('',#1745);
#1747=CARTESIAN_POINT('',(664.87863907,-147.729122671,176.322174843));
#1748=DIRECTION('',(-0.,1.,-0.));
#1749=DIRECTION('',(0.,0.,-1.));
#1750=AXIS2_PLACEMENT_3D('',#1747,#1748,#1749);
#1751=CIRCLE('',#1750,1.6);
#1752=EDGE_CURVE('NONE',#1744,#1746,#1751,.T.);
#1753=ORIENTED_EDGE('',*,*,#1752,.F.);
#1754=CARTESIAN_POINT('',(664.87863907,-147.729122671,176.322174843));
#1755=DIRECTION('',(-0.,1.,-0.));
#1756=DIRECTION('',(0.,0.,-1.));
#1757=AXIS2_PLACEMENT_3D('',#1754,#1755,#1756);
#1758=CIRCLE('',#1757,1.6);
#1759=EDGE_CURVE('NONE',#1746,#1744,#1758,.T.);
#1760=ORIENTED_EDGE('',*,*,#1759,.F.);
#1761=EDGE_LOOP('',(#1753,#1760));
#1762=FACE_BOUND('',#1761,.T.);
#1763=CARTESIAN_POINT('',(716.87863907,-147.729122671,137.322174838));
#1764=VERTEX_POINT('',#1763);
#1765=CARTESIAN_POINT('',(716.87863907,-147.729122671,129.322174843));
#1766=DIRECTION('',(-0.,-1.,-0.));
#1767=DIRECTION('',(0.,-0.,1.));
#1768=AXIS2_PLACEMENT_3D('',#1765,#1766,#1767);
#1769=CIRCLE('',#1768,7.999999995);
#1770=EDGE_CURVE('NONE',#1764,#1764,#1769,.T.);
#1771=ORIENTED_EDGE('',*,*,#1770,.T.);
#1772=EDGE_LOOP('',(#1771));
#1773=FACE_BOUND('',#1772,.T.);
#1774=CARTESIAN_POINT('',(676.87863907,-147.729122671,147.322174838));
#1775=VERTEX_POINT('',#1774);
#1776=CARTESIAN_POINT('',(676.87863907,-147.729122671,139.322174843));
#1777=DIRECTION('',(-0.,-1.,-0.));
#1778=DIRECTION('',(0.,-0.,1.));
#1779=AXIS2_PLACEMENT_3D('',#1776,#1777,#1778);
#1780=CIRCLE('',#1779,7.999999995);
#1781=EDGE_CURVE('NONE',#1775,#1775,#1780,.T.);
#1782=ORIENTED_EDGE('',*,*,#1781,.T.);
#1783=EDGE_LOOP('',(#1782));
#1784=FACE_BOUND('',#1783,.T.);
#1785=CARTESIAN_POINT('',(636.87863907,-147.729122671,137.322174838));
#1786=VERTEX_POINT('',#1785);
#1787=CARTESIAN_POINT('',(636.87863907,-147.729122671,129.322174843));
#1788=DIRECTION('',(-0.,-1.,-0.));
#1789=DIRECTION('',(0.,-0.,1.));
#1790=AXIS2_PLACEMENT_3D('',#1787,#1788,#1789);
#1791=CIRCLE('',#1790,7.999999995);
#1792=EDGE_CURVE('NONE',#1786,#1786,#1791,.T.);
#1793=ORIENTED_EDGE('',*,*,#1792,.T.);
#1794=EDGE_LOOP('',(#1793));
#1795=FACE_BOUND('',#1794,.T.);
#1796=CARTESIAN_POINT('',(676.87863907,-147.729122671,162.722174843));
#1797=VERTEX_POINT('',#1796);
#1798=CARTESIAN_POINT('',(676.87863907,-147.729122671,164.322174843));
#1799=DIRECTION('',(-0.,1.,-0.));
#1800=DIRECTION('',(0.,0.,-1.));
#1801=AXIS2_PLACEMENT_3D('',#1798,#1799,#1800);
#1802=CIRCLE('',#1801,1.6);
#1803=EDGE_CURVE('NONE',#1797,#1797,#1802,.T.);
#1804=ORIENTED_EDGE('',*,*,#1803,.F.);
#1805=EDGE_LOOP('',(#1804));
#1806=FACE_BOUND('',#1805,.T.);
#1807=CARTESIAN_POINT('',(676.87863907,-147.729122671,171.322174843));
#1808=VERTEX_POINT('',#1807);
#1809=CARTESIAN_POINT('',(676.87863907,-147.729122671,176.322174843));
#1810=DIRECTION('',(-0.,1.,-0.));
#1811=DIRECTION('',(0.,0.,-1.));
#1812=AXIS2_PLACEMENT_3D('',#1809,#1810,#1811);
#1813=CIRCLE('',#1812,5.);
#1814=EDGE_CURVE('NONE',#1808,#1808,#1813,.T.);
#1815=ORIENTED_EDGE('',*,*,#1814,.F.);
#1816=EDGE_LOOP('',(#1815));
#1817=FACE_BOUND('',#1816,.T.);
#1818=CARTESIAN_POINT('',(636.87863907,-147.729122671,145.722174843));
#1819=VERTEX_POINT('',#1818);
#1820=CARTESIAN_POINT('',(636.87863907,-147.729122671,147.822174843));
#1821=DIRECTION('',(-0.,1.,-0.));
#1822=DIRECTION('',(0.,0.,-1.));
#1823=AXIS2_PLACEMENT_3D('',#1820,#1821,#1822);
#1824=CIRCLE('',#1823,2.1);
#1825=EDGE_CURVE('NONE',#1819,#1819,#1824,.T.);
#1826=ORIENTED_EDGE('',*,*,#1825,.F.);
#1827=EDGE_LOOP('',(#1826));
#1828=FACE_BOUND('',#1827,.T.);
#1829=CARTESIAN_POINT('',(636.87863907,-147.729122671,108.722174843));
#1830=VERTEX_POINT('',#1829);
#1831=CARTESIAN_POINT('',(636.87863907,-147.729122671,110.822174843));
#1832=DIRECTION('',(-0.,1.,-0.));
#1833=DIRECTION('',(0.,0.,-1.));
#1834=AXIS2_PLACEMENT_3D('',#1831,#1832,#1833);
#1835=CIRCLE('',#1834,2.1);
#1836=EDGE_CURVE('NONE',#1830,#1830,#1835,.T.);
#1837=ORIENTED_EDGE('',*,*,#1836,.F.);
#1838=EDGE_LOOP('',(#1837));
#1839=FACE_BOUND('',#1838,.T.);
#1840=CARTESIAN_POINT('',(716.87863907,-147.729122671,145.722174843));
#1841=VERTEX_POINT('',#1840);
#1842=CARTESIAN_POINT('',(716.87863907,-147.729122671,147.822174843));
#1843=DIRECTION('',(-0.,1.,-0.));
#1844=DIRECTION('',(0.,0.,-1.));
#1845=AXIS2_PLACEMENT_3D('',#1842,#1843,#1844);
#1846=CIRCLE('',#1845,2.1);
#1847=EDGE_CURVE('NONE',#1841,#1841,#1846,.T.);
#1848=ORIENTED_EDGE('',*,*,#1847,.F.);
#1849=EDGE_LOOP('',(#1848));
#1850=FACE_BOUND('',#1849,.T.);
#1851=CARTESIAN_POINT('',(716.87863907,-147.729122671,108.722174843));
#1852=VERTEX_POINT('',#1851);
#1853=CARTESIAN_POINT('',(716.87863907,-147.729122671,110.822174843));
#1854=DIRECTION('',(-0.,1.,-0.));
#1855=DIRECTION('',(0.,0.,-1.));
#1856=AXIS2_PLACEMENT_3D('',#1853,#1854,#1855);
#1857=CIRCLE('',#1856,2.1);
#1858=EDGE_CURVE('NONE',#1852,#1852,#1857,.T.);
#1859=ORIENTED_EDGE('',*,*,#1858,.F.);
#1860=EDGE_LOOP('',(#1859));
#1861=FACE_BOUND('',#1860,.T.);
#1862=CARTESIAN_POINT('',(596.87863907,-147.729122671,44.722174843));
#1863=VERTEX_POINT('',#1862);
#1864=CARTESIAN_POINT('',(596.87863907,-147.729122671,47.322174843));
#1865=DIRECTION('',(-0.,1.,-0.));
#1866=DIRECTION('',(0.,0.,-1.));
#1867=AXIS2_PLACEMENT_3D('',#1864,#1865,#1866);
#1868=CIRCLE('',#1867,2.6);
#1869=EDGE_CURVE('NONE',#1863,#1863,#1868,.T.);
#1870=ORIENTED_EDGE('',*,*,#1869,.F.);
#1871=EDGE_LOOP('',(#1870));
#1872=FACE_BOUND('',#1871,.T.);
#1873=CARTESIAN_POINT('',(655.87863907,-147.729122671,106.722174843));
#1874=VERTEX_POINT('',#1873);
#1875=CARTESIAN_POINT('',(655.87863907,-147.729122671,109.322174843));
#1876=DIRECTION('',(-0.,1.,-0.));
#1877=DIRECTION('',(0.,0.,-1.));
#1878=AXIS2_PLACEMENT_3D('',#1875,#1876,#1877);
#1879=CIRCLE('',#1878,2.6);
#1880=EDGE_CURVE('NONE',#1874,#1874,#1879,.T.);
#1881=ORIENTED_EDGE('',*,*,#1880,.F.);
#1882=EDGE_LOOP('',(#1881));
#1883=FACE_BOUND('',#1882,.T.);
#1884=CARTESIAN_POINT('',(655.87863907,-147.729122671,161.722174843));
#1885=VERTEX_POINT('',#1884);
#1886=CARTESIAN_POINT('',(655.87863907,-147.729122671,164.322174843));
#1887=DIRECTION('',(-0.,1.,-0.));
#1888=DIRECTION('',(0.,0.,-1.));
#1889=AXIS2_PLACEMENT_3D('',#1886,#1887,#1888);
#1890=CIRCLE('',#1889,2.6);
#1891=EDGE_CURVE('NONE',#1885,#1885,#1890,.T.);
#1892=ORIENTED_EDGE('',*,*,#1891,.F.);
#1893=EDGE_LOOP('',(#1892));
#1894=FACE_BOUND('',#1893,.T.);
#1895=CARTESIAN_POINT('',(697.87863907,-147.729122671,106.722174843));
#1896=VERTEX_POINT('',#1895);
#1897=CARTESIAN_POINT('',(697.87863907,-147.729122671,109.322174843));
#1898=DIRECTION('',(-0.,1.,-0.));
#1899=DIRECTION('',(0.,0.,-1.));
#1900=AXIS2_PLACEMENT_3D('',#1897,#1898,#1899);
#1901=CIRCLE('',#1900,2.6);
#1902=EDGE_CURVE('NONE',#1896,#1896,#1901,.T.);
#1903=ORIENTED_EDGE('',*,*,#1902,.F.);
#1904=EDGE_LOOP('',(#1903));
#1905=FACE_BOUND('',#1904,.T.);
#1906=CARTESIAN_POINT('',(697.87863907,-147.729122671,161.722174843));
#1907=VERTEX_POINT('',#1906);
#1908=CARTESIAN_POINT('',(697.87863907,-147.729122671,164.322174843));
#1909=DIRECTION('',(-0.,1.,-0.));
#1910=DIRECTION('',(0.,0.,-1.));
#1911=AXIS2_PLACEMENT_3D('',#1908,#1909,#1910);
#1912=CIRCLE('',#1911,2.6);
#1913=EDGE_CURVE('NONE',#1907,#1907,#1912,.T.);
#1914=ORIENTED_EDGE('',*,*,#1913,.F.);
#1915=EDGE_LOOP('',(#1914));
#1916=FACE_BOUND('',#1915,.T.);
#1917=CARTESIAN_POINT('',(596.87863907,-147.729122671,86.722174843));
#1918=VERTEX_POINT('',#1917);
#1919=CARTESIAN_POINT('',(596.87863907,-147.729122671,89.322174843));
#1920=DIRECTION('',(-0.,1.,-0.));
#1921=DIRECTION('',(0.,0.,-1.));
#1922=AXIS2_PLACEMENT_3D('',#1919,#1920,#1921);
#1923=CIRCLE('',#1922,2.6);
#1924=EDGE_CURVE('NONE',#1918,#1918,#1923,.T.);
#1925=ORIENTED_EDGE('',*,*,#1924,.F.);
#1926=EDGE_LOOP('',(#1925));
#1927=FACE_BOUND('',#1926,.T.);
#1928=CARTESIAN_POINT('',(756.87863907,-147.729122671,86.722174843));
#1929=VERTEX_POINT('',#1928);
#1930=CARTESIAN_POINT('',(756.87863907,-147.729122671,89.322174843));
#1931=DIRECTION('',(-0.,1.,-0.));
#1932=DIRECTION('',(0.,0.,-1.));
#1933=AXIS2_PLACEMENT_3D('',#1930,#1931,#1932);
#1934=CIRCLE('',#1933,2.6);
#1935=EDGE_CURVE('NONE',#1929,#1929,#1934,.T.);
#1936=ORIENTED_EDGE('',*,*,#1935,.F.);
#1937=EDGE_LOOP('',(#1936));
#1938=FACE_BOUND('',#1937,.T.);
#1939=CARTESIAN_POINT('',(756.87863907,-147.729122671,44.722174843));
#1940=VERTEX_POINT('',#1939);
#1941=CARTESIAN_POINT('',(756.87863907,-147.729122671,47.322174843));
#1942=DIRECTION('',(-0.,1.,-0.));
#1943=DIRECTION('',(0.,0.,-1.));
#1944=AXIS2_PLACEMENT_3D('',#1941,#1942,#1943);
#1945=CIRCLE('',#1944,2.6);
#1946=EDGE_CURVE('NONE',#1940,#1940,#1945,.T.);
#1947=ORIENTED_EDGE('',*,*,#1946,.F.);
#1948=EDGE_LOOP('',(#1947));
#1949=FACE_BOUND('',#1948,.T.);
#1950=CARTESIAN_POINT('',(544.556308599,-147.729122671,34.186640937));
#1951=VERTEX_POINT('',#1950);
#1952=CARTESIAN_POINT('',(544.556308599,-147.729122671,35.786640937));
#1953=DIRECTION('',(-0.,1.,-0.));
#1954=DIRECTION('',(0.,0.,-1.));
#1955=AXIS2_PLACEMENT_3D('',#1952,#1953,#1954);
#1956=CIRCLE('',#1955,1.6);
#1957=EDGE_CURVE('NONE',#1951,#1951,#1956,.T.);
#1958=ORIENTED_EDGE('',*,*,#1957,.F.);
#1959=EDGE_LOOP('',(#1958));
#1960=FACE_BOUND('',#1959,.T.);
#1961=CARTESIAN_POINT('',(558.698444223,-147.729122671,48.328776561));
#1962=VERTEX_POINT('',#1961);
#1963=CARTESIAN_POINT('',(558.698444223,-147.729122671,49.928776561));
#1964=DIRECTION('',(-0.,1.,-0.));
#1965=DIRECTION('',(0.,0.,-1.));
#1966=AXIS2_PLACEMENT_3D('',#1963,#1964,#1965);
#1967=CIRCLE('',#1966,1.6);
#1968=EDGE_CURVE('NONE',#1962,#1962,#1967,.T.);
#1969=ORIENTED_EDGE('',*,*,#1968,.F.);
#1970=EDGE_LOOP('',(#1969));
#1971=FACE_BOUND('',#1970,.T.);
#1972=CARTESIAN_POINT('',(537.485240787,-147.729122671,69.541979997));
#1973=VERTEX_POINT('',#1972);
#1974=CARTESIAN_POINT('',(537.485240787,-147.729122671,71.141979997));
#1975=DIRECTION('',(-0.,1.,-0.));
#1976=DIRECTION('',(0.,0.,-1.));
#1977=AXIS2_PLACEMENT_3D('',#1974,#1975,#1976);
#1978=CIRCLE('',#1977,1.6);
#1979=EDGE_CURVE('NONE',#1973,#1973,#1978,.T.);
#1980=ORIENTED_EDGE('',*,*,#1979,.F.);
#1981=EDGE_LOOP('',(#1980));
#1982=FACE_BOUND('',#1981,.T.);
#1983=CARTESIAN_POINT('',(523.343105164,-147.729122671,55.399844373));
#1984=VERTEX_POINT('',#1983);
#1985=CARTESIAN_POINT('',(523.343105164,-147.729122671,56.999844373));
#1986=DIRECTION('',(-0.,1.,-0.));
#1987=DIRECTION('',(0.,0.,-1.));
#1988=AXIS2_PLACEMENT_3D('',#1985,#1986,#1987);
#1989=CIRCLE('',#1988,1.6);
#1990=EDGE_CURVE('NONE',#1984,#1984,#1989,.T.);
#1991=ORIENTED_EDGE('',*,*,#1990,.F.);
#1992=EDGE_LOOP('',(#1991));
#1993=FACE_BOUND('',#1992,.T.);
#1994=CARTESIAN_POINT('',(541.020774693,-147.729122671,45.964310467));
#1995=VERTEX_POINT('',#1994);
#1996=CARTESIAN_POINT('',(541.020774693,-147.729122671,53.464310467));
#1997=DIRECTION('',(-0.,1.,-0.));
#1998=DIRECTION('',(0.,0.,-1.));
#1999=AXIS2_PLACEMENT_3D('',#1996,#1997,#1998);
#2000=CIRCLE('',#1999,7.5);
#2001=EDGE_CURVE('NONE',#1995,#1995,#2000,.T.);
#2002=ORIENTED_EDGE('',*,*,#2001,.F.);
#2003=EDGE_LOOP('',(#2002));
#2004=FACE_BOUND('',#2003,.T.);
#2005=CARTESIAN_POINT('',(830.414172976,-147.729122671,55.399844373));
#2006=VERTEX_POINT('',#2005);
#2007=CARTESIAN_POINT('',(830.414172976,-147.729122671,56.999844373));
#2008=DIRECTION('',(-0.,1.,-0.));
#2009=DIRECTION('',(0.,0.,-1.));
#2010=AXIS2_PLACEMENT_3D('',#2007,#2008,#2009);
#2011=CIRCLE('',#2010,1.6);
#2012=EDGE_CURVE('NONE',#2006,#2006,#2011,.T.);
#2013=ORIENTED_EDGE('',*,*,#2012,.F.);
#2014=EDGE_LOOP('',(#2013));
#2015=FACE_BOUND('',#2014,.T.);
#2016=CARTESIAN_POINT('',(816.272037352,-147.729122671,69.541979997));
#2017=VERTEX_POINT('',#2016);
#2018=CARTESIAN_POINT('',(816.272037352,-147.729122671,71.141979997));
#2019=DIRECTION('',(-0.,1.,-0.));
#2020=DIRECTION('',(0.,0.,-1.));
#2021=AXIS2_PLACEMENT_3D('',#2018,#2019,#2020);
#2022=CIRCLE('',#2021,1.6);
#2023=EDGE_CURVE('NONE',#2017,#2017,#2022,.T.);
#2024=ORIENTED_EDGE('',*,*,#2023,.F.);
#2025=EDGE_LOOP('',(#2024));
#2026=FACE_BOUND('',#2025,.T.);
#2027=CARTESIAN_POINT('',(795.058833916,-147.729122671,48.328776561));
#2028=VERTEX_POINT('',#2027);
#2029=CARTESIAN_POINT('',(795.058833916,-147.729122671,49.928776561));
#2030=DIRECTION('',(-0.,1.,-0.));
#2031=DIRECTION('',(0.,0.,-1.));
#2032=AXIS2_PLACEMENT_3D('',#2029,#2030,#2031);
#2033=CIRCLE('',#2032,1.6);
#2034=EDGE_CURVE('NONE',#2028,#2028,#2033,.T.);
#2035=ORIENTED_EDGE('',*,*,#2034,.F.);
#2036=EDGE_LOOP('',(#2035));
#2037=FACE_BOUND('',#2036,.T.);
#2038=CARTESIAN_POINT('',(809.20096954,-147.729122671,34.186640937));
#2039=VERTEX_POINT('',#2038);
#2040=CARTESIAN_POINT('',(809.20096954,-147.729122671,35.786640937));
#2041=DIRECTION('',(-0.,1.,-0.));
#2042=DIRECTION('',(0.,0.,-1.));
#2043=AXIS2_PLACEMENT_3D('',#2040,#2041,#2042);
#2044=CIRCLE('',#2043,1.6);
#2045=EDGE_CURVE('NONE',#2039,#2039,#2044,.T.);
#2046=ORIENTED_EDGE('',*,*,#2045,.F.);
#2047=EDGE_LOOP('',(#2046));
#2048=FACE_BOUND('',#2047,.T.);
#2049=CARTESIAN_POINT('',(812.736503446,-147.729122671,45.964310467));
#2050=VERTEX_POINT('',#2049);
#2051=CARTESIAN_POINT('',(812.736503446,-147.729122671,53.464310467));
#2052=DIRECTION('',(-0.,1.,-0.));
#2053=DIRECTION('',(0.,0.,-1.));
#2054=AXIS2_PLACEMENT_3D('',#2051,#2052,#2053);
#2055=CIRCLE('',#2054,7.5);
#2056=EDGE_CURVE('NONE',#2050,#2050,#2055,.T.);
#2057=ORIENTED_EDGE('',*,*,#2056,.F.);
#2058=EDGE_LOOP('',(#2057));
#2059=FACE_BOUND('',#2058,.T.);
#2060=CARTESIAN_POINT('',(627.415978631,-147.729122671,32.500668673));
#2061=VERTEX_POINT('',#2060);
#2062=CARTESIAN_POINT('',(627.415978631,-147.729122671,95.606446091));
#2063=VERTEX_POINT('',#2062);
#2064=CARTESIAN_POINT('',(627.415978631,-147.729122671,32.500668673));
#2065=DIRECTION('',(-0.,-0.,1.));
#2066=VECTOR('',#2065,63.105777418);
#2067=LINE('',#2064,#2066);
#2068=EDGE_CURVE('',#2061,#2063,#2067,.T.);
#2069=ORIENTED_EDGE('',*,*,#2068,.F.);
#2070=CARTESIAN_POINT('',(629.415978631,-147.729122671,30.500668673));
#2071=VERTEX_POINT('',#2070);
#2072=CARTESIAN_POINT('',(629.415978631,-147.729122671,32.500668673));
#2073=DIRECTION('',(-0.,-1.,-0.));
#2074=DIRECTION('',(0.,-0.,1.));
#2075=AXIS2_PLACEMENT_3D('',#2072,#2073,#2074);
#2076=CIRCLE('',#2075,2.);
#2077=EDGE_CURVE('',#2061,#2071,#2076,.T.);
#2078=ORIENTED_EDGE('',*,*,#2077,.T.);
#2079=CARTESIAN_POINT('',(634.341299508,-147.729122671,30.500668673));
#2080=VERTEX_POINT('',#2079);
#2081=CARTESIAN_POINT('',(634.341299508,-147.729122671,30.500668673));
#2082=DIRECTION('',(-1.,-0.,0.));
#2083=VECTOR('',#2082,4.925320877);
#2084=LINE('',#2081,#2083);
#2085=EDGE_CURVE('',#2080,#2071,#2084,.T.);
#2086=ORIENTED_EDGE('',*,*,#2085,.F.);
#2087=CARTESIAN_POINT('',(636.341299508,-147.729122671,32.500668673));
#2088=VERTEX_POINT('',#2087);
#2089=CARTESIAN_POINT('',(634.341299508,-147.729122671,32.500668673));
#2090=DIRECTION('',(-0.,-1.,-0.));
#2091=DIRECTION('',(0.,-0.,1.));
#2092=AXIS2_PLACEMENT_3D('',#2089,#2090,#2091);
#2093=CIRCLE('',#2092,2.);
#2094=EDGE_CURVE('',#2080,#2088,#2093,.T.);
#2095=ORIENTED_EDGE('',*,*,#2094,.T.);
#2096=CARTESIAN_POINT('',(636.341299508,-147.729122671,95.606446091));
#2097=VERTEX_POINT('',#2096);
#2098=CARTESIAN_POINT('',(636.341299508,-147.729122671,95.606446091));
#2099=DIRECTION('',(-0.,-0.,-1.));
#2100=VECTOR('',#2099,63.105777418);
#2101=LINE('',#2098,#2100);
#2102=EDGE_CURVE('',#2097,#2088,#2101,.T.);
#2103=ORIENTED_EDGE('',*,*,#2102,.F.);
#2104=CARTESIAN_POINT('',(634.341299508,-147.729122671,97.606446091));
#2105=VERTEX_POINT('',#2104);
#2106=CARTESIAN_POINT('',(634.341299508,-147.729122671,95.606446091));
#2107=DIRECTION('',(-0.,-1.,-0.));
#2108=DIRECTION('',(0.,-0.,1.));
#2109=AXIS2_PLACEMENT_3D('',#2106,#2107,#2108);
#2110=CIRCLE('',#2109,2.);
#2111=EDGE_CURVE('',#2097,#2105,#2110,.T.);
#2112=ORIENTED_EDGE('',*,*,#2111,.T.);
#2113=CARTESIAN_POINT('',(629.415978631,-147.729122671,97.606446091));
#2114=VERTEX_POINT('',#2113);
#2115=CARTESIAN_POINT('',(629.415978631,-147.729122671,97.606446091));
#2116=DIRECTION('',(1.,-0.,-0.));
#2117=VECTOR('',#2116,4.925320877);
#2118=LINE('',#2115,#2117);
#2119=EDGE_CURVE('',#2114,#2105,#2118,.T.);
#2120=ORIENTED_EDGE('',*,*,#2119,.F.);
#2121=CARTESIAN_POINT('',(629.415978631,-147.729122671,95.606446091));
#2122=DIRECTION('',(-0.,-1.,-0.));
#2123=DIRECTION('',(0.,-0.,1.));
#2124=AXIS2_PLACEMENT_3D('',#2121,#2122,#2123);
#2125=CIRCLE('',#2124,2.);
#2126=EDGE_CURVE('',#2114,#2063,#2125,.T.);
#2127=ORIENTED_EDGE('',*,*,#2126,.T.);
#2128=EDGE_LOOP('',(#2069,#2078,#2086,#2095,#2103,#2112,#2120,#2127));
#2129=FACE_BOUND('',#2128,.T.);
#2130=CARTESIAN_POINT('',(726.341299508,-147.729122671,95.606446091));
#2131=VERTEX_POINT('',#2130);
#2132=CARTESIAN_POINT('',(726.341299508,-147.729122671,32.500668673));
#2133=VERTEX_POINT('',#2132);
#2134=CARTESIAN_POINT('',(726.341299508,-147.729122671,95.606446091));
#2135=DIRECTION('',(-0.,-0.,-1.));
#2136=VECTOR('',#2135,63.105777418);
#2137=LINE('',#2134,#2136);
#2138=EDGE_CURVE('',#2131,#2133,#2137,.T.);
#2139=ORIENTED_EDGE('',*,*,#2138,.F.);
#2140=CARTESIAN_POINT('',(724.341299508,-147.729122671,97.606446091));
#2141=VERTEX_POINT('',#2140);
#2142=CARTESIAN_POINT('',(724.341299508,-147.729122671,95.606446091));
#2143=DIRECTION('',(-0.,-1.,-0.));
#2144=DIRECTION('',(0.,-0.,1.));
#2145=AXIS2_PLACEMENT_3D('',#2142,#2143,#2144);
#2146=CIRCLE('',#2145,2.);
#2147=EDGE_CURVE('',#2131,#2141,#2146,.T.);
#2148=ORIENTED_EDGE('',*,*,#2147,.T.);
#2149=CARTESIAN_POINT('',(719.415978631,-147.729122671,97.606446091));
#2150=VERTEX_POINT('',#2149);
#2151=CARTESIAN_POINT('',(719.415978631,-147.729122671,97.606446091));
#2152=DIRECTION('',(1.,-0.,-0.));
#2153=VECTOR('',#2152,4.925320877);
#2154=LINE('',#2151,#2153);
#2155=EDGE_CURVE('',#2150,#2141,#2154,.T.);
#2156=ORIENTED_EDGE('',*,*,#2155,.F.);
#2157=CARTESIAN_POINT('',(717.415978631,-147.729122671,95.606446091));
#2158=VERTEX_POINT('',#2157);
#2159=CARTESIAN_POINT('',(719.415978631,-147.729122671,95.606446091));
#2160=DIRECTION('',(-0.,-1.,-0.));
#2161=DIRECTION('',(0.,-0.,1.));
#2162=AXIS2_PLACEMENT_3D('',#2159,#2160,#2161);
#2163=CIRCLE('',#2162,2.);
#2164=EDGE_CURVE('',#2150,#2158,#2163,.T.);
#2165=ORIENTED_EDGE('',*,*,#2164,.T.);
#2166=CARTESIAN_POINT('',(717.415978631,-147.729122671,32.500668673));
#2167=VERTEX_POINT('',#2166);
#2168=CARTESIAN_POINT('',(717.415978631,-147.729122671,32.500668673));
#2169=DIRECTION('',(-0.,-0.,1.));
#2170=VECTOR('',#2169,63.105777418);
#2171=LINE('',#2168,#2170);
#2172=EDGE_CURVE('',#2167,#2158,#2171,.T.);
#2173=ORIENTED_EDGE('',*,*,#2172,.F.);
#2174=CARTESIAN_POINT('',(719.415978631,-147.729122671,30.500668673));
#2175=VERTEX_POINT('',#2174);
#2176=CARTESIAN_POINT('',(719.415978631,-147.729122671,32.500668673));
#2177=DIRECTION('',(-0.,-1.,-0.));
#2178=DIRECTION('',(0.,-0.,1.));
#2179=AXIS2_PLACEMENT_3D('',#2176,#2177,#2178);
#2180=CIRCLE('',#2179,2.);
#2181=EDGE_CURVE('',#2167,#2175,#2180,.T.);
#2182=ORIENTED_EDGE('',*,*,#2181,.T.);
#2183=CARTESIAN_POINT('',(724.341299508,-147.729122671,30.500668673));
#2184=VERTEX_POINT('',#2183);
#2185=CARTESIAN_POINT('',(724.341299508,-147.729122671,30.500668673));
#2186=DIRECTION('',(-1.,-0.,0.));
#2187=VECTOR('',#2186,4.925320877);
#2188=LINE('',#2185,#2187);
#2189=EDGE_CURVE('',#2184,#2175,#2188,.T.);
#2190=ORIENTED_EDGE('',*,*,#2189,.F.);
#2191=CARTESIAN_POINT('',(724.341299508,-147.729122671,32.500668673));
#2192=DIRECTION('',(-0.,-1.,-0.));
#2193=DIRECTION('',(0.,-0.,1.));
#2194=AXIS2_PLACEMENT_3D('',#2191,#2192,#2193);
#2195=CIRCLE('',#2194,2.);
#2196=EDGE_CURVE('',#2184,#2133,#2195,.T.);
#2197=ORIENTED_EDGE('',*,*,#2196,.T.);
#2198=EDGE_LOOP('',(#2139,#2148,#2156,#2165,#2173,#2182,#2190,#2197));
#2199=FACE_BOUND('',#2198,.T.);
#2200=CARTESIAN_POINT('',(676.87863907,-147.729122671,189.922174843));
#2201=VERTEX_POINT('',#2200);
#2202=CARTESIAN_POINT('',(676.87863907,-147.729122671,186.722174843));
#2203=VERTEX_POINT('',#2202);
#2204=CARTESIAN_POINT('',(676.87863907,-147.729122671,188.322174843));
#2205=DIRECTION('',(-0.,1.,-0.));
#2206=DIRECTION('',(0.,0.,-1.));
#2207=AXIS2_PLACEMENT_3D('',#2204,#2205,#2206);
#2208=CIRCLE('',#2207,1.6);
#2209=EDGE_CURVE('NONE',#2201,#2203,#2208,.T.);
#2210=ORIENTED_EDGE('',*,*,#2209,.F.);
#2211=CARTESIAN_POINT('',(676.87863907,-147.729122671,188.322174843));
#2212=DIRECTION('',(-0.,1.,-0.));
#2213=DIRECTION('',(0.,0.,-1.));
#2214=AXIS2_PLACEMENT_3D('',#2211,#2212,#2213);
#2215=CIRCLE('',#2214,1.6);
#2216=EDGE_CURVE('NONE',#2203,#2201,#2215,.T.);
#2217=ORIENTED_EDGE('',*,*,#2216,.F.);
#2218=EDGE_LOOP('',(#2210,#2217));
#2219=FACE_BOUND('',#2218,.T.);
#2220=CARTESIAN_POINT('',(772.92136093,-147.729122671,121.822174843));
#2221=VERTEX_POINT('',#2220);
#2222=CARTESIAN_POINT('',(772.92136093,-147.729122671,119.222174843));
#2223=DIRECTION('',(-0.,-1.,-0.));
#2224=DIRECTION('',(0.,-0.,1.));
#2225=AXIS2_PLACEMENT_3D('',#2222,#2223,#2224);
#2226=CIRCLE('',#2225,2.6);
#2227=EDGE_CURVE('',#2221,#2221,#2226,.T.);
#2228=ORIENTED_EDGE('',*,*,#2227,.T.);
#2229=EDGE_LOOP('',(#2228));
#2230=FACE_BOUND('',#2229,.T.);
#2231=CARTESIAN_POINT('',(556.935917209,-147.729122671,145.922174843));
#2232=VERTEX_POINT('',#2231);
#2233=CARTESIAN_POINT('',(556.935917209,-147.729122671,143.322174843));
#2234=DIRECTION('',(0.,1.,0.));
#2235=DIRECTION('',(0.,-0.,1.));
#2236=AXIS2_PLACEMENT_3D('',#2233,#2234,#2235);
#2237=CIRCLE('',#2236,2.6);
#2238=EDGE_CURVE('',#2232,#2232,#2237,.T.);
#2239=ORIENTED_EDGE('',*,*,#2238,.F.);
#2240=EDGE_LOOP('',(#2239));
#2241=FACE_BOUND('',#2240,.T.);
#2242=CARTESIAN_POINT('',(556.735917209,-147.729122671,97.922174843));
#2243=VERTEX_POINT('',#2242);
#2244=CARTESIAN_POINT('',(556.735917209,-147.729122671,95.322174843));
#2245=DIRECTION('',(0.,1.,0.));
#2246=DIRECTION('',(0.,-0.,1.));
#2247=AXIS2_PLACEMENT_3D('',#2244,#2245,#2246);
#2248=CIRCLE('',#2247,2.6);
#2249=EDGE_CURVE('',#2243,#2243,#2248,.T.);
#2250=ORIENTED_EDGE('',*,*,#2249,.F.);
#2251=EDGE_LOOP('',(#2250));
#2252=FACE_BOUND('',#2251,.T.);
#2253=CARTESIAN_POINT('',(580.835917209,-147.729122671,121.822174843));
#2254=VERTEX_POINT('',#2253);
#2255=CARTESIAN_POINT('',(580.835917209,-147.729122671,119.222174843));
#2256=DIRECTION('',(0.,1.,0.));
#2257=DIRECTION('',(0.,-0.,1.));
#2258=AXIS2_PLACEMENT_3D('',#2255,#2256,#2257);
#2259=CIRCLE('',#2258,2.6);
#2260=EDGE_CURVE('',#2254,#2254,#2259,.T.);
#2261=ORIENTED_EDGE('',*,*,#2260,.F.);
#2262=EDGE_LOOP('',(#2261));
#2263=FACE_BOUND('',#2262,.T.);
#2264=CARTESIAN_POINT('',(531.835917209,-147.729122671,151.922174843));
#2265=VERTEX_POINT('',#2264);
#2266=CARTESIAN_POINT('',(531.835917209,-147.729122671,149.322174843));
#2267=DIRECTION('',(0.,1.,0.));
#2268=DIRECTION('',(0.,-0.,1.));
#2269=AXIS2_PLACEMENT_3D('',#2266,#2267,#2268);
#2270=CIRCLE('',#2269,2.6);
#2271=EDGE_CURVE('',#2265,#2265,#2270,.T.);
#2272=ORIENTED_EDGE('',*,*,#2271,.F.);
#2273=EDGE_LOOP('',(#2272));
#2274=FACE_BOUND('',#2273,.T.);
#2275=CARTESIAN_POINT('',(556.835917209,-147.729122671,121.422174843));
#2276=VERTEX_POINT('',#2275);
#2277=CARTESIAN_POINT('',(556.835917209,-147.729122671,119.322174843));
#2278=DIRECTION('',(0.,1.,0.));
#2279=DIRECTION('',(0.,-0.,1.));
#2280=AXIS2_PLACEMENT_3D('',#2277,#2278,#2279);
#2281=CIRCLE('',#2280,2.1);
#2282=EDGE_CURVE('',#2276,#2276,#2281,.T.);
#2283=ORIENTED_EDGE('',*,*,#2282,.F.);
#2284=EDGE_LOOP('',(#2283));
#2285=FACE_BOUND('',#2284,.T.);
#2286=CARTESIAN_POINT('',(581.835917209,-147.729122671,151.922174843));
#2287=VERTEX_POINT('',#2286);
#2288=CARTESIAN_POINT('',(581.835917209,-147.729122671,149.322174843));
#2289=DIRECTION('',(0.,1.,0.));
#2290=DIRECTION('',(0.,-0.,1.));
#2291=AXIS2_PLACEMENT_3D('',#2288,#2289,#2290);
#2292=CIRCLE('',#2291,2.6);
#2293=EDGE_CURVE('',#2287,#2287,#2292,.T.);
#2294=ORIENTED_EDGE('',*,*,#2293,.F.);
#2295=EDGE_LOOP('',(#2294));
#2296=FACE_BOUND('',#2295,.T.);
#2297=CARTESIAN_POINT('',(531.835917209,-147.729122671,91.922174843));
#2298=VERTEX_POINT('',#2297);
#2299=CARTESIAN_POINT('',(531.835917209,-147.729122671,89.322174843));
#2300=DIRECTION('',(0.,1.,0.));
#2301=DIRECTION('',(0.,-0.,1.));
#2302=AXIS2_PLACEMENT_3D('',#2299,#2300,#2301);
#2303=CIRCLE('',#2302,2.6);
#2304=EDGE_CURVE('',#2298,#2298,#2303,.T.);
#2305=ORIENTED_EDGE('',*,*,#2304,.F.);
#2306=EDGE_LOOP('',(#2305));
#2307=FACE_BOUND('',#2306,.T.);
#2308=CARTESIAN_POINT('',(754.924660462,-147.729122671,206.925341778));
#2309=VERTEX_POINT('',#2308);
#2310=CARTESIAN_POINT('',(754.924713243,-147.729122671,204.325341779));
#2311=DIRECTION('',(0.,1.,0.));
#2312=DIRECTION('',(0.,-0.,1.));
#2313=AXIS2_PLACEMENT_3D('',#2310,#2311,#2312);
#2314=CIRCLE('',#2313,2.6);
#2315=EDGE_CURVE('',#2309,#2309,#2314,.T.);
#2316=ORIENTED_EDGE('',*,*,#2315,.F.);
#2317=EDGE_LOOP('',(#2316));
#2318=FACE_BOUND('',#2317,.T.);
#2319=CARTESIAN_POINT('',(845.923036346,-147.729122671,246.929036439));
#2320=VERTEX_POINT('',#2319);
#2321=CARTESIAN_POINT('',(845.923089127,-147.729122671,244.32903644));
#2322=DIRECTION('',(0.,1.,0.));
#2323=DIRECTION('',(0.,-0.,1.));
#2324=AXIS2_PLACEMENT_3D('',#2321,#2322,#2323);
#2325=CIRCLE('',#2324,2.6);
#2326=EDGE_CURVE('',#2320,#2320,#2325,.T.);
#2327=ORIENTED_EDGE('',*,*,#2326,.F.);
#2328=EDGE_LOOP('',(#2327));
#2329=FACE_BOUND('',#2328,.T.);
#2330=CARTESIAN_POINT('',(754.923036421,-147.729122671,246.925341745));
#2331=VERTEX_POINT('',#2330);
#2332=CARTESIAN_POINT('',(754.923089202,-147.729122671,244.325341746));
#2333=DIRECTION('',(0.,1.,0.));
#2334=DIRECTION('',(0.,-0.,1.));
#2335=AXIS2_PLACEMENT_3D('',#2332,#2333,#2334);
#2336=CIRCLE('',#2335,2.6);
#2337=EDGE_CURVE('',#2331,#2331,#2336,.T.);
#2338=ORIENTED_EDGE('',*,*,#2337,.F.);
#2339=EDGE_LOOP('',(#2338));
#2340=FACE_BOUND('',#2339,.T.);
#2341=CARTESIAN_POINT('',(845.921412305,-147.729122671,286.929036406));
#2342=VERTEX_POINT('',#2341);
#2343=CARTESIAN_POINT('',(845.921465086,-147.729122671,284.329036407));
#2344=DIRECTION('',(0.,1.,0.));
#2345=DIRECTION('',(0.,-0.,1.));
#2346=AXIS2_PLACEMENT_3D('',#2343,#2344,#2345);
#2347=CIRCLE('',#2346,2.6);
#2348=EDGE_CURVE('',#2342,#2342,#2347,.T.);
#2349=ORIENTED_EDGE('',*,*,#2348,.F.);
#2350=EDGE_LOOP('',(#2349));
#2351=FACE_BOUND('',#2350,.T.);
#2352=CARTESIAN_POINT('',(845.924660387,-147.729122671,206.929036472));
#2353=VERTEX_POINT('',#2352);
#2354=CARTESIAN_POINT('',(845.924713168,-147.729122671,204.329036473));
#2355=DIRECTION('',(0.,1.,0.));
#2356=DIRECTION('',(0.,-0.,1.));
#2357=AXIS2_PLACEMENT_3D('',#2354,#2355,#2356);
#2358=CIRCLE('',#2357,2.6);
#2359=EDGE_CURVE('',#2353,#2353,#2358,.T.);
#2360=ORIENTED_EDGE('',*,*,#2359,.F.);
#2361=EDGE_LOOP('',(#2360));
#2362=FACE_BOUND('',#2361,.T.);
#2363=CARTESIAN_POINT('',(754.918570307,-147.729122671,356.925341654));
#2364=VERTEX_POINT('',#2363);
#2365=CARTESIAN_POINT('',(754.918623088,-147.729122671,354.325341655));
#2366=DIRECTION('',(0.,1.,0.));
#2367=DIRECTION('',(0.,-0.,1.));
#2368=AXIS2_PLACEMENT_3D('',#2365,#2366,#2367);
#2369=CIRCLE('',#2368,2.6);
#2370=EDGE_CURVE('',#2364,#2364,#2369,.T.);
#2371=ORIENTED_EDGE('',*,*,#2370,.F.);
#2372=EDGE_LOOP('',(#2371));
#2373=FACE_BOUND('',#2372,.T.);
#2374=CARTESIAN_POINT('',(598.878635376,-147.729122671,206.922173963));
#2375=VERTEX_POINT('',#2374);
#2376=CARTESIAN_POINT('',(598.878635376,-147.729122671,204.322173963));
#2377=DIRECTION('',(-0.,-1.,-0.));
#2378=DIRECTION('',(0.,-0.,1.));
#2379=AXIS2_PLACEMENT_3D('',#2376,#2377,#2378);
#2380=CIRCLE('',#2379,2.6);
#2381=EDGE_CURVE('',#2375,#2375,#2380,.T.);
#2382=ORIENTED_EDGE('',*,*,#2381,.T.);
#2383=EDGE_LOOP('',(#2382));
#2384=FACE_BOUND('',#2383,.T.);
#2385=CARTESIAN_POINT('',(507.878635376,-147.729122671,246.922173963));
#2386=VERTEX_POINT('',#2385);
#2387=CARTESIAN_POINT('',(507.878635376,-147.729122671,244.322173963));
#2388=DIRECTION('',(-0.,-1.,-0.));
#2389=DIRECTION('',(0.,-0.,1.));
#2390=AXIS2_PLACEMENT_3D('',#2387,#2388,#2389);
#2391=CIRCLE('',#2390,2.6);
#2392=EDGE_CURVE('',#2386,#2386,#2391,.T.);
#2393=ORIENTED_EDGE('',*,*,#2392,.T.);
#2394=EDGE_LOOP('',(#2393));
#2395=FACE_BOUND('',#2394,.T.);
#2396=CARTESIAN_POINT('',(598.878635376,-147.729122671,246.922173963));
#2397=VERTEX_POINT('',#2396);
#2398=CARTESIAN_POINT('',(598.878635376,-147.729122671,244.322173963));
#2399=DIRECTION('',(-0.,-1.,-0.));
#2400=DIRECTION('',(0.,-0.,1.));
#2401=AXIS2_PLACEMENT_3D('',#2398,#2399,#2400);
#2402=CIRCLE('',#2401,2.6);
#2403=EDGE_CURVE('',#2397,#2397,#2402,.T.);
#2404=ORIENTED_EDGE('',*,*,#2403,.T.);
#2405=EDGE_LOOP('',(#2404));
#2406=FACE_BOUND('',#2405,.T.);
#2407=CARTESIAN_POINT('',(507.878635376,-147.729122671,286.922173963));
#2408=VERTEX_POINT('',#2407);
#2409=CARTESIAN_POINT('',(507.878635376,-147.729122671,284.322173963));
#2410=DIRECTION('',(-0.,-1.,-0.));
#2411=DIRECTION('',(0.,-0.,1.));
#2412=AXIS2_PLACEMENT_3D('',#2409,#2410,#2411);
#2413=CIRCLE('',#2412,2.6);
#2414=EDGE_CURVE('',#2408,#2408,#2413,.T.);
#2415=ORIENTED_EDGE('',*,*,#2414,.T.);
#2416=EDGE_LOOP('',(#2415));
#2417=FACE_BOUND('',#2416,.T.);
#2418=CARTESIAN_POINT('',(507.878635376,-147.729122671,206.922173963));
#2419=VERTEX_POINT('',#2418);
#2420=CARTESIAN_POINT('',(507.878635376,-147.729122671,204.322173963));
#2421=DIRECTION('',(-0.,-1.,-0.));
#2422=DIRECTION('',(0.,-0.,1.));
#2423=AXIS2_PLACEMENT_3D('',#2420,#2421,#2422);
#2424=CIRCLE('',#2423,2.6);
#2425=EDGE_CURVE('',#2419,#2419,#2424,.T.);
#2426=ORIENTED_EDGE('',*,*,#2425,.T.);
#2427=EDGE_LOOP('',(#2426));
#2428=FACE_BOUND('',#2427,.T.);
#2429=CARTESIAN_POINT('',(598.878635376,-147.729122671,356.922173963));
#2430=VERTEX_POINT('',#2429);
#2431=CARTESIAN_POINT('',(598.878635376,-147.729122671,354.322173963));
#2432=DIRECTION('',(-0.,-1.,-0.));
#2433=DIRECTION('',(0.,-0.,1.));
#2434=AXIS2_PLACEMENT_3D('',#2431,#2432,#2433);
#2435=CIRCLE('',#2434,2.6);
#2436=EDGE_CURVE('',#2430,#2430,#2435,.T.);
#2437=ORIENTED_EDGE('',*,*,#2436,.T.);
#2438=EDGE_LOOP('',(#2437));
#2439=FACE_BOUND('',#2438,.T.);
#2440=CARTESIAN_POINT('',(655.87863907,-147.729122671,206.722174843));
#2441=VERTEX_POINT('',#2440);
#2442=CARTESIAN_POINT('',(655.87863907,-147.729122671,209.322174843));
#2443=DIRECTION('',(-0.,1.,-0.));
#2444=DIRECTION('',(0.,0.,-1.));
#2445=AXIS2_PLACEMENT_3D('',#2442,#2443,#2444);
#2446=CIRCLE('',#2445,2.6);
#2447=EDGE_CURVE('NONE',#2441,#2441,#2446,.T.);
#2448=ORIENTED_EDGE('',*,*,#2447,.F.);
#2449=EDGE_LOOP('',(#2448));
#2450=FACE_BOUND('',#2449,.T.);
#2451=CARTESIAN_POINT('',(655.87863907,-147.729122671,276.722174843));
#2452=VERTEX_POINT('',#2451);
#2453=CARTESIAN_POINT('',(655.87863907,-147.729122671,279.322174843));
#2454=DIRECTION('',(-0.,1.,-0.));
#2455=DIRECTION('',(0.,0.,-1.));
#2456=AXIS2_PLACEMENT_3D('',#2453,#2454,#2455);
#2457=CIRCLE('',#2456,2.6);
#2458=EDGE_CURVE('NONE',#2452,#2452,#2457,.T.);
#2459=ORIENTED_EDGE('',*,*,#2458,.F.);
#2460=EDGE_LOOP('',(#2459));
#2461=FACE_BOUND('',#2460,.T.);
#2462=CARTESIAN_POINT('',(697.87863907,-147.729122671,206.722174843));
#2463=VERTEX_POINT('',#2462);
#2464=CARTESIAN_POINT('',(697.87863907,-147.729122671,209.322174843));
#2465=DIRECTION('',(-0.,1.,-0.));
#2466=DIRECTION('',(0.,0.,-1.));
#2467=AXIS2_PLACEMENT_3D('',#2464,#2465,#2466);
#2468=CIRCLE('',#2467,2.6);
#2469=EDGE_CURVE('NONE',#2463,#2463,#2468,.T.);
#2470=ORIENTED_EDGE('',*,*,#2469,.F.);
#2471=EDGE_LOOP('',(#2470));
#2472=FACE_BOUND('',#2471,.T.);
#2473=CARTESIAN_POINT('',(697.87863907,-147.729122671,276.722174843));
#2474=VERTEX_POINT('',#2473);
#2475=CARTESIAN_POINT('',(697.87863907,-147.729122671,279.322174843));
#2476=DIRECTION('',(-0.,1.,-0.));
#2477=DIRECTION('',(0.,0.,-1.));
#2478=AXIS2_PLACEMENT_3D('',#2475,#2476,#2477);
#2479=CIRCLE('',#2478,2.6);
#2480=EDGE_CURVE('NONE',#2474,#2474,#2479,.T.);
#2481=ORIENTED_EDGE('',*,*,#2480,.F.);
#2482=EDGE_LOOP('',(#2481));
#2483=FACE_BOUND('',#2482,.T.);
#2484=CARTESIAN_POINT('',(756.87863907,-147.729122671,286.722174843));
#2485=VERTEX_POINT('',#2484);
#2486=CARTESIAN_POINT('',(756.87863907,-147.729122671,289.322174843));
#2487=DIRECTION('',(-0.,1.,-0.));
#2488=DIRECTION('',(0.,0.,-1.));
#2489=AXIS2_PLACEMENT_3D('',#2486,#2487,#2488);
#2490=CIRCLE('',#2489,2.6);
#2491=EDGE_CURVE('NONE',#2485,#2485,#2490,.T.);
#2492=ORIENTED_EDGE('',*,*,#2491,.F.);
#2493=EDGE_LOOP('',(#2492));
#2494=FACE_BOUND('',#2493,.T.);
#2495=CARTESIAN_POINT('',(756.87863907,-147.729122671,328.722174843));
#2496=VERTEX_POINT('',#2495);
#2497=CARTESIAN_POINT('',(756.87863907,-147.729122671,331.322174843));
#2498=DIRECTION('',(-0.,1.,-0.));
#2499=DIRECTION('',(0.,0.,-1.));
#2500=AXIS2_PLACEMENT_3D('',#2497,#2498,#2499);
#2501=CIRCLE('',#2500,2.6);
#2502=EDGE_CURVE('NONE',#2496,#2496,#2501,.T.);
#2503=ORIENTED_EDGE('',*,*,#2502,.F.);
#2504=EDGE_LOOP('',(#2503));
#2505=FACE_BOUND('',#2504,.T.);
#2506=CARTESIAN_POINT('',(596.87863907,-147.729122671,328.722174843));
#2507=VERTEX_POINT('',#2506);
#2508=CARTESIAN_POINT('',(596.87863907,-147.729122671,331.322174843));
#2509=DIRECTION('',(-0.,1.,-0.));
#2510=DIRECTION('',(0.,0.,-1.));
#2511=AXIS2_PLACEMENT_3D('',#2508,#2509,#2510);
#2512=CIRCLE('',#2511,2.6);
#2513=EDGE_CURVE('NONE',#2507,#2507,#2512,.T.);
#2514=ORIENTED_EDGE('',*,*,#2513,.F.);
#2515=EDGE_LOOP('',(#2514));
#2516=FACE_BOUND('',#2515,.T.);
#2517=CARTESIAN_POINT('',(596.87863907,-147.729122671,286.722174843));
#2518=VERTEX_POINT('',#2517);
#2519=CARTESIAN_POINT('',(596.87863907,-147.729122671,289.322174843));
#2520=DIRECTION('',(-0.,1.,-0.));
#2521=DIRECTION('',(0.,0.,-1.));
#2522=AXIS2_PLACEMENT_3D('',#2519,#2520,#2521);
#2523=CIRCLE('',#2522,2.6);
#2524=EDGE_CURVE('NONE',#2518,#2518,#2523,.T.);
#2525=ORIENTED_EDGE('',*,*,#2524,.F.);
#2526=EDGE_LOOP('',(#2525));
#2527=FACE_BOUND('',#2526,.T.);
#2528=CARTESIAN_POINT('',(523.343105164,-147.729122671,320.044505314));
#2529=VERTEX_POINT('',#2528);
#2530=CARTESIAN_POINT('',(523.343105164,-147.729122671,321.644505314));
#2531=DIRECTION('',(-0.,1.,-0.));
#2532=DIRECTION('',(0.,0.,-1.));
#2533=AXIS2_PLACEMENT_3D('',#2530,#2531,#2532);
#2534=CIRCLE('',#2533,1.6);
#2535=EDGE_CURVE('NONE',#2529,#2529,#2534,.T.);
#2536=ORIENTED_EDGE('',*,*,#2535,.F.);
#2537=EDGE_LOOP('',(#2536));
#2538=FACE_BOUND('',#2537,.T.);
#2539=CARTESIAN_POINT('',(537.485240787,-147.729122671,305.90236969));
#2540=VERTEX_POINT('',#2539);
#2541=CARTESIAN_POINT('',(537.485240787,-147.729122671,307.50236969));
#2542=DIRECTION('',(-0.,1.,-0.));
#2543=DIRECTION('',(0.,0.,-1.));
#2544=AXIS2_PLACEMENT_3D('',#2541,#2542,#2543);
#2545=CIRCLE('',#2544,1.6);
#2546=EDGE_CURVE('NONE',#2540,#2540,#2545,.T.);
#2547=ORIENTED_EDGE('',*,*,#2546,.F.);
#2548=EDGE_LOOP('',(#2547));
#2549=FACE_BOUND('',#2548,.T.);
#2550=CARTESIAN_POINT('',(558.698444223,-147.729122671,327.115573125));
#2551=VERTEX_POINT('',#2550);
#2552=CARTESIAN_POINT('',(558.698444223,-147.729122671,328.715573125));
#2553=DIRECTION('',(-0.,1.,-0.));
#2554=DIRECTION('',(0.,0.,-1.));
#2555=AXIS2_PLACEMENT_3D('',#2552,#2553,#2554);
#2556=CIRCLE('',#2555,1.6);
#2557=EDGE_CURVE('NONE',#2551,#2551,#2556,.T.);
#2558=ORIENTED_EDGE('',*,*,#2557,.F.);
#2559=EDGE_LOOP('',(#2558));
#2560=FACE_BOUND('',#2559,.T.);
#2561=CARTESIAN_POINT('',(544.556308599,-147.729122671,341.257708749));
#2562=VERTEX_POINT('',#2561);
#2563=CARTESIAN_POINT('',(544.556308599,-147.729122671,342.857708749));
#2564=DIRECTION('',(-0.,1.,-0.));
#2565=DIRECTION('',(0.,0.,-1.));
#2566=AXIS2_PLACEMENT_3D('',#2563,#2564,#2565);
#2567=CIRCLE('',#2566,1.6);
#2568=EDGE_CURVE('NONE',#2562,#2562,#2567,.T.);
#2569=ORIENTED_EDGE('',*,*,#2568,.F.);
#2570=EDGE_LOOP('',(#2569));
#2571=FACE_BOUND('',#2570,.T.);
#2572=CARTESIAN_POINT('',(541.020774693,-147.729122671,317.680039219));
#2573=VERTEX_POINT('',#2572);
#2574=CARTESIAN_POINT('',(541.020774693,-147.729122671,325.180039219));
#2575=DIRECTION('',(-0.,1.,-0.));
#2576=DIRECTION('',(0.,0.,-1.));
#2577=AXIS2_PLACEMENT_3D('',#2574,#2575,#2576);
#2578=CIRCLE('',#2577,7.5);
#2579=EDGE_CURVE('NONE',#2573,#2573,#2578,.T.);
#2580=ORIENTED_EDGE('',*,*,#2579,.F.);
#2581=EDGE_LOOP('',(#2580));
#2582=FACE_BOUND('',#2581,.T.);
#2583=CARTESIAN_POINT('',(812.736503446,-147.729122671,317.680039219));
#2584=VERTEX_POINT('',#2583);
#2585=CARTESIAN_POINT('',(812.736503446,-147.729122671,325.180039219));
#2586=DIRECTION('',(-0.,1.,-0.));
#2587=DIRECTION('',(0.,0.,-1.));
#2588=AXIS2_PLACEMENT_3D('',#2585,#2586,#2587);
#2589=CIRCLE('',#2588,7.5);
#2590=EDGE_CURVE('NONE',#2584,#2584,#2589,.T.);
#2591=ORIENTED_EDGE('',*,*,#2590,.F.);
#2592=EDGE_LOOP('',(#2591));
#2593=FACE_BOUND('',#2592,.T.);
#2594=CARTESIAN_POINT('',(809.20096954,-147.729122671,341.257708749));
#2595=VERTEX_POINT('',#2594);
#2596=CARTESIAN_POINT('',(809.20096954,-147.729122671,342.857708749));
#2597=DIRECTION('',(-0.,1.,-0.));
#2598=DIRECTION('',(0.,0.,-1.));
#2599=AXIS2_PLACEMENT_3D('',#2596,#2597,#2598);
#2600=CIRCLE('',#2599,1.6);
#2601=EDGE_CURVE('NONE',#2595,#2595,#2600,.T.);
#2602=ORIENTED_EDGE('',*,*,#2601,.F.);
#2603=EDGE_LOOP('',(#2602));
#2604=FACE_BOUND('',#2603,.T.);
#2605=CARTESIAN_POINT('',(795.058833916,-147.729122671,327.115573125));
#2606=VERTEX_POINT('',#2605);
#2607=CARTESIAN_POINT('',(795.058833916,-147.729122671,328.715573125));
#2608=DIRECTION('',(-0.,1.,-0.));
#2609=DIRECTION('',(0.,0.,-1.));
#2610=AXIS2_PLACEMENT_3D('',#2607,#2608,#2609);
#2611=CIRCLE('',#2610,1.6);
#2612=EDGE_CURVE('NONE',#2606,#2606,#2611,.T.);
#2613=ORIENTED_EDGE('',*,*,#2612,.F.);
#2614=EDGE_LOOP('',(#2613));
#2615=FACE_BOUND('',#2614,.T.);
#2616=CARTESIAN_POINT('',(816.272037352,-147.729122671,305.90236969));
#2617=VERTEX_POINT('',#2616);
#2618=CARTESIAN_POINT('',(816.272037352,-147.729122671,307.50236969));
#2619=DIRECTION('',(-0.,1.,-0.));
#2620=DIRECTION('',(0.,0.,-1.));
#2621=AXIS2_PLACEMENT_3D('',#2618,#2619,#2620);
#2622=CIRCLE('',#2621,1.6);
#2623=EDGE_CURVE('NONE',#2617,#2617,#2622,.T.);
#2624=ORIENTED_EDGE('',*,*,#2623,.F.);
#2625=EDGE_LOOP('',(#2624));
#2626=FACE_BOUND('',#2625,.T.);
#2627=CARTESIAN_POINT('',(830.414172976,-147.729122671,320.044505314));
#2628=VERTEX_POINT('',#2627);
#2629=CARTESIAN_POINT('',(830.414172976,-147.729122671,321.644505314));
#2630=DIRECTION('',(-0.,1.,-0.));
#2631=DIRECTION('',(0.,0.,-1.));
#2632=AXIS2_PLACEMENT_3D('',#2629,#2630,#2631);
#2633=CIRCLE('',#2632,1.6);
#2634=EDGE_CURVE('NONE',#2628,#2628,#2633,.T.);
#2635=ORIENTED_EDGE('',*,*,#2634,.F.);
#2636=EDGE_LOOP('',(#2635));
#2637=FACE_BOUND('',#2636,.T.);
#2638=ADVANCED_FACE('',(#1565,#1576,#1587,#1598,#1609,#1620,#1631,#1642,#1662,#1682,#1702,#1722,#1742,#1762,#1773,#1784,#1795,#1806,#1817,#1828,#1839,#1850,#1861,#1872,#1883,#1894,
#1905,#1916,#1927,#1938,#1949,#1960,#1971,#1982,#1993,#2004,#2015,#2026,#2037,#2048,#2059,#2129,#2199,#2219,#2230,#2241,#2252,#2263,#2274,#2285,#2296,
#2307,#2318,#2329,#2340,#2351,#2362,#2373,#2384,#2395,#2406,#2417,#2428,#2439,#2450,#2461,#2472,#2483,#2494,#2505,#2516,#2527,#2538,#2549,#2560,#2571,
#2582,#2593,#2604,#2615,#2626,#2637),#1379,.F.);
#2639=CARTESIAN_POINT('',(856.87863907,-147.729122671,309.322174843));
#2640=DIRECTION('',(-1.,0.,0.));
#2641=DIRECTION('',(0.,0.,1.));
#2642=AXIS2_PLACEMENT_3D('',#2639,#2640,#2641);
#2643=PLANE('',#2642);
#2644=ORIENTED_EDGE('',*,*,#201,.T.);
#2645=CARTESIAN_POINT('',(856.87863907,-153.729122671,73.464310467));
#2646=DIRECTION('',(0.,1.,0.));
#2647=VECTOR('',#2646,6.);
#2648=LINE('',#2645,#2647);
#2649=EDGE_CURVE('',#187,#1499,#2648,.T.);
#2650=ORIENTED_EDGE('',*,*,#2649,.T.);
#2651=ORIENTED_EDGE('',*,*,#1504,.F.);
#2652=CARTESIAN_POINT('',(856.87863907,-147.729122671,305.180039219));
#2653=DIRECTION('',(-0.,-1.,-0.));
#2654=VECTOR('',#2653,6.);
#2655=LINE('',#2652,#2654);
#2656=EDGE_CURVE('',#1490,#196,#2655,.T.);
#2657=ORIENTED_EDGE('',*,*,#2656,.T.);
#2658=EDGE_LOOP('',(#2644,#2650,#2651,#2657));
#2659=FACE_BOUND('',#2658,.T.);
#2660=ADVANCED_FACE('',(#2659),#2643,.F.);
#2661=CARTESIAN_POINT('',(531.835917209,-155.729122671,89.322174843));
#2662=DIRECTION('',(0.,1.,0.));
#2663=DIRECTION('',(0.,-0.,1.));
#2664=AXIS2_PLACEMENT_3D('',#2661,#2662,#2663);
#2665=CYLINDRICAL_SURFACE('',#2664,2.6);
#2666=CARTESIAN_POINT('',(531.835917209,-147.729122671,91.922174843));
#2667=DIRECTION('',(-0.,-1.,-0.));
#2668=VECTOR('',#2667,6.);
#2669=LINE('',#2666,#2668);
#2670=EDGE_CURVE('',#2298,#1001,#2669,.T.);
#2671=ORIENTED_EDGE('',*,*,#2670,.F.);
#2672=ORIENTED_EDGE('',*,*,#2304,.T.);
#2673=ORIENTED_EDGE('',*,*,#2670,.T.);
#2674=ORIENTED_EDGE('',*,*,#1007,.F.);
#2675=EDGE_LOOP('',(#2671,#2672,#2673,#2674));
#2676=FACE_BOUND('',#2675,.T.);
#2677=ADVANCED_FACE('',(#2676),#2665,.F.);
#2678=CARTESIAN_POINT('',(581.835917209,-155.729122671,149.322174843));
#2679=DIRECTION('',(0.,1.,0.));
#2680=DIRECTION('',(0.,-0.,1.));
#2681=AXIS2_PLACEMENT_3D('',#2678,#2679,#2680);
#2682=CYLINDRICAL_SURFACE('',#2681,2.6);
#2683=CARTESIAN_POINT('',(581.835917209,-147.729122671,151.922174843));
#2684=DIRECTION('',(-0.,-1.,-0.));
#2685=VECTOR('',#2684,6.);
#2686=LINE('',#2683,#2685);
#2687=EDGE_CURVE('',#2287,#990,#2686,.T.);
#2688=ORIENTED_EDGE('',*,*,#2687,.F.);
#2689=ORIENTED_EDGE('',*,*,#2293,.T.);
#2690=ORIENTED_EDGE('',*,*,#2687,.T.);
#2691=ORIENTED_EDGE('',*,*,#996,.F.);
#2692=EDGE_LOOP('',(#2688,#2689,#2690,#2691));
#2693=FACE_BOUND('',#2692,.T.);
#2694=ADVANCED_FACE('',(#2693),#2682,.F.);
#2695=CARTESIAN_POINT('',(556.835917209,-155.729122671,119.322174843));
#2696=DIRECTION('',(0.,1.,0.));
#2697=DIRECTION('',(0.,-0.,1.));
#2698=AXIS2_PLACEMENT_3D('',#2695,#2696,#2697);
#2699=CYLINDRICAL_SURFACE('',#2698,2.1);
#2700=CARTESIAN_POINT('',(556.835917209,-147.729122671,121.422174843));
#2701=DIRECTION('',(-0.,-1.,-0.));
#2702=VECTOR('',#2701,6.);
#2703=LINE('',#2700,#2702);
#2704=EDGE_CURVE('',#2276,#979,#2703,.T.);
#2705=ORIENTED_EDGE('',*,*,#2704,.F.);
#2706=ORIENTED_EDGE('',*,*,#2282,.T.);
#2707=ORIENTED_EDGE('',*,*,#2704,.T.);
#2708=ORIENTED_EDGE('',*,*,#985,.F.);
#2709=EDGE_LOOP('',(#2705,#2706,#2707,#2708));
#2710=FACE_BOUND('',#2709,.T.);
#2711=ADVANCED_FACE('',(#2710),#2699,.F.);
#2712=CARTESIAN_POINT('',(531.835917209,-155.729122671,149.322174843));
#2713=DIRECTION('',(0.,1.,0.));
#2714=DIRECTION('',(0.,-0.,1.));
#2715=AXIS2_PLACEMENT_3D('',#2712,#2713,#2714);
#2716=CYLINDRICAL_SURFACE('',#2715,2.6);
#2717=CARTESIAN_POINT('',(531.835917209,-147.729122671,151.922174843));
#2718=DIRECTION('',(-0.,-1.,-0.));
#2719=VECTOR('',#2718,6.);
#2720=LINE('',#2717,#2719);
#2721=EDGE_CURVE('',#2265,#968,#2720,.T.);
#2722=ORIENTED_EDGE('',*,*,#2721,.F.);
#2723=ORIENTED_EDGE('',*,*,#2271,.T.);
#2724=ORIENTED_EDGE('',*,*,#2721,.T.);
#2725=ORIENTED_EDGE('',*,*,#974,.F.);
#2726=EDGE_LOOP('',(#2722,#2723,#2724,#2725));
#2727=FACE_BOUND('',#2726,.T.);
#2728=ADVANCED_FACE('',(#2727),#2716,.F.);
#2729=CARTESIAN_POINT('',(580.835917209,-155.729122671,119.222174843));
#2730=DIRECTION('',(0.,1.,0.));
#2731=DIRECTION('',(0.,-0.,1.));
#2732=AXIS2_PLACEMENT_3D('',#2729,#2730,#2731);
#2733=CYLINDRICAL_SURFACE('',#2732,2.6);
#2734=CARTESIAN_POINT('',(580.835917209,-147.729122671,121.822174843));
#2735=DIRECTION('',(-0.,-1.,-0.));
#2736=VECTOR('',#2735,6.);
#2737=LINE('',#2734,#2736);
#2738=EDGE_CURVE('',#2254,#957,#2737,.T.);
#2739=ORIENTED_EDGE('',*,*,#2738,.F.);
#2740=ORIENTED_EDGE('',*,*,#2260,.T.);
#2741=ORIENTED_EDGE('',*,*,#2738,.T.);
#2742=ORIENTED_EDGE('',*,*,#963,.F.);
#2743=EDGE_LOOP('',(#2739,#2740,#2741,#2742));
#2744=FACE_BOUND('',#2743,.T.);
#2745=ADVANCED_FACE('',(#2744),#2733,.F.);
#2746=CARTESIAN_POINT('',(556.735917209,-155.729122671,95.322174843));
#2747=DIRECTION('',(0.,1.,0.));
#2748=DIRECTION('',(0.,-0.,1.));
#2749=AXIS2_PLACEMENT_3D('',#2746,#2747,#2748);
#2750=CYLINDRICAL_SURFACE('',#2749,2.6);
#2751=CARTESIAN_POINT('',(556.735917209,-147.729122671,97.922174843));
#2752=DIRECTION('',(-0.,-1.,-0.));
#2753=VECTOR('',#2752,6.);
#2754=LINE('',#2751,#2753);
#2755=EDGE_CURVE('',#2243,#946,#2754,.T.);
#2756=ORIENTED_EDGE('',*,*,#2755,.F.);
#2757=ORIENTED_EDGE('',*,*,#2249,.T.);
#2758=ORIENTED_EDGE('',*,*,#2755,.T.);
#2759=ORIENTED_EDGE('',*,*,#952,.F.);
#2760=EDGE_LOOP('',(#2756,#2757,#2758,#2759));
#2761=FACE_BOUND('',#2760,.T.);
#2762=ADVANCED_FACE('',(#2761),#2750,.F.);
#2763=CARTESIAN_POINT('',(556.935917209,-155.729122671,143.322174843));
#2764=DIRECTION('',(0.,1.,0.));
#2765=DIRECTION('',(0.,-0.,1.));
#2766=AXIS2_PLACEMENT_3D('',#2763,#2764,#2765);
#2767=CYLINDRICAL_SURFACE('',#2766,2.6);
#2768=CARTESIAN_POINT('',(556.935917209,-147.729122671,145.922174843));
#2769=DIRECTION('',(-0.,-1.,-0.));
#2770=VECTOR('',#2769,6.);
#2771=LINE('',#2768,#2770);
#2772=EDGE_CURVE('',#2232,#935,#2771,.T.);
#2773=ORIENTED_EDGE('',*,*,#2772,.F.);
#2774=ORIENTED_EDGE('',*,*,#2238,.T.);
#2775=ORIENTED_EDGE('',*,*,#2772,.T.);
#2776=ORIENTED_EDGE('',*,*,#941,.F.);
#2777=EDGE_LOOP('',(#2773,#2774,#2775,#2776));
#2778=FACE_BOUND('',#2777,.T.);
#2779=ADVANCED_FACE('',(#2778),#2767,.F.);
#2780=CARTESIAN_POINT('',(688.87863907,-147.729122671,176.322174843));
#2781=DIRECTION('',(0.,-1.,0.));
#2782=DIRECTION('',(1.,0.,0.));
#2783=AXIS2_PLACEMENT_3D('',#2780,#2781,#2782);
#2784=CYLINDRICAL_SURFACE('',#2783,1.6);
#2785=CARTESIAN_POINT('',(690.47863907,-153.729122671,176.322174843));
#2786=DIRECTION('',(-0.,1.,-0.));
#2787=VECTOR('',#2786,6.);
#2788=LINE('',#2785,#2787);
#2789=EDGE_CURVE('',#462,#1724,#2788,.T.);
#2790=ORIENTED_EDGE('',*,*,#2789,.F.);
#2791=ORIENTED_EDGE('',*,*,#468,.F.);
#2792=ORIENTED_EDGE('',*,*,#475,.F.);
#2793=ORIENTED_EDGE('',*,*,#2789,.T.);
#2794=ORIENTED_EDGE('',*,*,#1732,.T.);
#2795=ORIENTED_EDGE('',*,*,#1739,.T.);
#2796=EDGE_LOOP('',(#2790,#2791,#2792,#2793,#2794,#2795));
#2797=FACE_BOUND('',#2796,.T.);
#2798=ADVANCED_FACE('NONE',(#2797),#2784,.F.);
#2799=CARTESIAN_POINT('',(676.87863907,-147.729122671,188.322174843));
#2800=DIRECTION('',(0.,-1.,0.));
#2801=DIRECTION('',(0.,0.,1.));
#2802=AXIS2_PLACEMENT_3D('',#2799,#2800,#2801);
#2803=CYLINDRICAL_SURFACE('',#2802,1.6);
#2804=CARTESIAN_POINT('',(676.87863907,-153.729122671,189.922174843));
#2805=DIRECTION('',(-0.,1.,-0.));
#2806=VECTOR('',#2805,6.);
#2807=LINE('',#2804,#2806);
#2808=EDGE_CURVE('',#482,#2201,#2807,.T.);
#2809=ORIENTED_EDGE('',*,*,#2808,.F.);
#2810=ORIENTED_EDGE('',*,*,#488,.F.);
#2811=ORIENTED_EDGE('',*,*,#495,.F.);
#2812=ORIENTED_EDGE('',*,*,#2808,.T.);
#2813=ORIENTED_EDGE('',*,*,#2209,.T.);
#2814=ORIENTED_EDGE('',*,*,#2216,.T.);
#2815=EDGE_LOOP('',(#2809,#2810,#2811,#2812,#2813,#2814));
#2816=FACE_BOUND('',#2815,.T.);
#2817=ADVANCED_FACE('NONE',(#2816),#2803,.F.);
#2818=CARTESIAN_POINT('',(664.87863907,-147.729122671,176.322174843));
#2819=DIRECTION('',(0.,-1.,0.));
#2820=DIRECTION('',(-1.,0.,0.));
#2821=AXIS2_PLACEMENT_3D('',#2818,#2819,#2820);
#2822=CYLINDRICAL_SURFACE('',#2821,1.6);
#2823=CARTESIAN_POINT('',(663.27863907,-153.729122671,176.322174843));
#2824=DIRECTION('',(-0.,1.,-0.));
#2825=VECTOR('',#2824,6.);
#2826=LINE('',#2823,#2825);
#2827=EDGE_CURVE('',#502,#1744,#2826,.T.);
#2828=ORIENTED_EDGE('',*,*,#2827,.F.);
#2829=ORIENTED_EDGE('',*,*,#508,.F.);
#2830=ORIENTED_EDGE('',*,*,#515,.F.);
#2831=ORIENTED_EDGE('',*,*,#2827,.T.);
#2832=ORIENTED_EDGE('',*,*,#1752,.T.);
#2833=ORIENTED_EDGE('',*,*,#1759,.T.);
#2834=EDGE_LOOP('',(#2828,#2829,#2830,#2831,#2832,#2833));
#2835=FACE_BOUND('',#2834,.T.);
#2836=ADVANCED_FACE('NONE',(#2835),#2822,.F.);
#2837=CARTESIAN_POINT('',(636.87863907,-150.729122671,129.322174843));
#2838=DIRECTION('',(0.,1.,0.));
#2839=DIRECTION('',(0.,-0.,1.));
#2840=AXIS2_PLACEMENT_3D('',#2837,#2838,#2839);
#2841=CONICAL_SURFACE('',#2840,5.,44.999999949);
#2842=CARTESIAN_POINT('',(636.87863907,-150.729122671,134.322174843));
#2843=VERTEX_POINT('',#2842);
#2844=CARTESIAN_POINT('',(636.87863907,-147.729122671,137.322174838));
#2845=DIRECTION('',(-0.,-0.707106782,-0.707106781));
#2846=VECTOR('',#2845,4.242640683);
#2847=LINE('',#2844,#2846);
#2848=EDGE_CURVE('',#1786,#2843,#2847,.T.);
#2849=ORIENTED_EDGE('',*,*,#2848,.F.);
#2850=ORIENTED_EDGE('',*,*,#1792,.F.);
#2851=ORIENTED_EDGE('',*,*,#2848,.T.);
#2852=CARTESIAN_POINT('',(636.87863907,-150.729122671,124.322174843));
#2853=VERTEX_POINT('',#2852);
#2854=CARTESIAN_POINT('',(636.87863907,-150.729122671,129.322174843));
#2855=DIRECTION('',(-0.,1.,-0.));
#2856=DIRECTION('',(0.,0.,-1.));
#2857=AXIS2_PLACEMENT_3D('',#2854,#2855,#2856);
#2858=CIRCLE('',#2857,5.);
#2859=EDGE_CURVE('NONE',#2853,#2843,#2858,.T.);
#2860=ORIENTED_EDGE('',*,*,#2859,.F.);
#2861=CARTESIAN_POINT('',(636.87863907,-150.729122671,129.322174843));
#2862=DIRECTION('',(-0.,1.,-0.));
#2863=DIRECTION('',(0.,0.,-1.));
#2864=AXIS2_PLACEMENT_3D('',#2861,#2862,#2863);
#2865=CIRCLE('',#2864,5.);
#2866=EDGE_CURVE('NONE',#2843,#2853,#2865,.T.);
#2867=ORIENTED_EDGE('',*,*,#2866,.F.);
#2868=EDGE_LOOP('',(#2849,#2850,#2851,#2860,#2867));
#2869=FACE_BOUND('',#2868,.T.);
#2870=ADVANCED_FACE('NONE',(#2869),#2841,.F.);
#2871=CARTESIAN_POINT('',(676.87863907,-150.729122671,139.322174843));
#2872=DIRECTION('',(0.,1.,0.));
#2873=DIRECTION('',(0.,-0.,1.));
#2874=AXIS2_PLACEMENT_3D('',#2871,#2872,#2873);
#2875=CONICAL_SURFACE('',#2874,5.,44.999999949);
#2876=CARTESIAN_POINT('',(676.87863907,-150.729122671,144.322174843));
#2877=VERTEX_POINT('',#2876);
#2878=CARTESIAN_POINT('',(676.87863907,-147.729122671,147.322174838));
#2879=DIRECTION('',(-0.,-0.707106782,-0.707106781));
#2880=VECTOR('',#2879,4.242640683);
#2881=LINE('',#2878,#2880);
#2882=EDGE_CURVE('',#1775,#2877,#2881,.T.);
#2883=ORIENTED_EDGE('',*,*,#2882,.F.);
#2884=ORIENTED_EDGE('',*,*,#1781,.F.);
#2885=ORIENTED_EDGE('',*,*,#2882,.T.);
#2886=CARTESIAN_POINT('',(676.87863907,-150.729122671,134.322174843));
#2887=VERTEX_POINT('',#2886);
#2888=CARTESIAN_POINT('',(676.87863907,-150.729122671,139.322174843));
#2889=DIRECTION('',(-0.,1.,-0.));
#2890=DIRECTION('',(0.,0.,-1.));
#2891=AXIS2_PLACEMENT_3D('',#2888,#2889,#2890);
#2892=CIRCLE('',#2891,5.);
#2893=EDGE_CURVE('NONE',#2887,#2877,#2892,.T.);
#2894=ORIENTED_EDGE('',*,*,#2893,.F.);
#2895=CARTESIAN_POINT('',(676.87863907,-150.729122671,139.322174843));
#2896=DIRECTION('',(-0.,1.,-0.));
#2897=DIRECTION('',(0.,0.,-1.));
#2898=AXIS2_PLACEMENT_3D('',#2895,#2896,#2897);
#2899=CIRCLE('',#2898,5.);
#2900=EDGE_CURVE('NONE',#2877,#2887,#2899,.T.);
#2901=ORIENTED_EDGE('',*,*,#2900,.F.);
#2902=EDGE_LOOP('',(#2883,#2884,#2885,#2894,#2901));
#2903=FACE_BOUND('',#2902,.T.);
#2904=ADVANCED_FACE('NONE',(#2903),#2875,.F.);
#2905=CARTESIAN_POINT('',(716.87863907,-150.729122671,129.322174843));
#2906=DIRECTION('',(0.,1.,0.));
#2907=DIRECTION('',(0.,-0.,1.));
#2908=AXIS2_PLACEMENT_3D('',#2905,#2906,#2907);
#2909=CONICAL_SURFACE('',#2908,5.,44.999999949);
#2910=CARTESIAN_POINT('',(716.87863907,-150.729122671,134.322174843));
#2911=VERTEX_POINT('',#2910);
#2912=CARTESIAN_POINT('',(716.87863907,-147.729122671,137.322174838));
#2913=DIRECTION('',(-0.,-0.707106782,-0.707106781));
#2914=VECTOR('',#2913,4.242640683);
#2915=LINE('',#2912,#2914);
#2916=EDGE_CURVE('',#1764,#2911,#2915,.T.);
#2917=ORIENTED_EDGE('',*,*,#2916,.F.);
#2918=ORIENTED_EDGE('',*,*,#1770,.F.);
#2919=ORIENTED_EDGE('',*,*,#2916,.T.);
#2920=CARTESIAN_POINT('',(716.87863907,-150.729122671,124.322174843));
#2921=VERTEX_POINT('',#2920);
#2922=CARTESIAN_POINT('',(716.87863907,-150.729122671,129.322174843));
#2923=DIRECTION('',(-0.,1.,-0.));
#2924=DIRECTION('',(0.,0.,-1.));
#2925=AXIS2_PLACEMENT_3D('',#2922,#2923,#2924);
#2926=CIRCLE('',#2925,5.);
#2927=EDGE_CURVE('NONE',#2921,#2911,#2926,.T.);
#2928=ORIENTED_EDGE('',*,*,#2927,.F.);
#2929=CARTESIAN_POINT('',(716.87863907,-150.729122671,129.322174843));
#2930=DIRECTION('',(-0.,1.,-0.));
#2931=DIRECTION('',(0.,0.,-1.));
#2932=AXIS2_PLACEMENT_3D('',#2929,#2930,#2931);
#2933=CIRCLE('',#2932,5.);
#2934=EDGE_CURVE('NONE',#2911,#2921,#2933,.T.);
#2935=ORIENTED_EDGE('',*,*,#2934,.F.);
#2936=EDGE_LOOP('',(#2917,#2918,#2919,#2928,#2935));
#2937=FACE_BOUND('',#2936,.T.);
#2938=ADVANCED_FACE('NONE',(#2937),#2909,.F.);
#2939=CARTESIAN_POINT('',(627.415978631,-147.729122671,30.500668673));
#2940=DIRECTION('',(0.,0.,1.));
#2941=DIRECTION('',(1.,0.,0.));
#2942=AXIS2_PLACEMENT_3D('',#2939,#2940,#2941);
#2943=PLANE('',#2942);
#2944=ORIENTED_EDGE('',*,*,#808,.F.);
#2945=CARTESIAN_POINT('',(634.341299508,-153.729122671,30.500668673));
#2946=DIRECTION('',(0.,1.,0.));
#2947=VECTOR('',#2946,6.);
#2948=LINE('',#2945,#2947);
#2949=EDGE_CURVE('',#794,#2080,#2948,.T.);
#2950=ORIENTED_EDGE('',*,*,#2949,.T.);
#2951=ORIENTED_EDGE('',*,*,#2085,.T.);
#2952=CARTESIAN_POINT('',(629.415978631,-147.729122671,30.500668673));
#2953=DIRECTION('',(-0.,-1.,-0.));
#2954=VECTOR('',#2953,6.);
#2955=LINE('',#2952,#2954);
#2956=EDGE_CURVE('',#2071,#803,#2955,.T.);
#2957=ORIENTED_EDGE('',*,*,#2956,.T.);
#2958=EDGE_LOOP('',(#2944,#2950,#2951,#2957));
#2959=FACE_BOUND('',#2958,.T.);
#2960=ADVANCED_FACE('NONE',(#2959),#2943,.T.);
#2961=CARTESIAN_POINT('',(636.341299508,-147.729122671,30.500668673));
#2962=DIRECTION('',(-1.,0.,0.));
#2963=DIRECTION('',(0.,0.,1.));
#2964=AXIS2_PLACEMENT_3D('',#2961,#2962,#2963);
#2965=PLANE('',#2964);
#2966=ORIENTED_EDGE('',*,*,#791,.F.);
#2967=CARTESIAN_POINT('',(636.341299508,-153.729122671,95.606446091));
#2968=DIRECTION('',(0.,1.,0.));
#2969=VECTOR('',#2968,6.);
#2970=LINE('',#2967,#2969);
#2971=EDGE_CURVE('',#784,#2097,#2970,.T.);
#2972=ORIENTED_EDGE('',*,*,#2971,.T.);
#2973=ORIENTED_EDGE('',*,*,#2102,.T.);
#2974=CARTESIAN_POINT('',(636.341299508,-147.729122671,32.500668673));
#2975=DIRECTION('',(-0.,-1.,-0.));
#2976=VECTOR('',#2975,6.);
#2977=LINE('',#2974,#2976);
#2978=EDGE_CURVE('',#2088,#786,#2977,.T.);
#2979=ORIENTED_EDGE('',*,*,#2978,.T.);
#2980=EDGE_LOOP('',(#2966,#2972,#2973,#2979));
#2981=FACE_BOUND('',#2980,.T.);
#2982=ADVANCED_FACE('NONE',(#2981),#2965,.T.);
#2983=CARTESIAN_POINT('',(627.415978631,-147.729122671,97.606446091));
#2984=DIRECTION('',(0.,0.,-1.));
#2985=DIRECTION('',(-1.,0.,0.));
#2986=AXIS2_PLACEMENT_3D('',#2983,#2984,#2985);
#2987=PLANE('',#2986);
#2988=ORIENTED_EDGE('',*,*,#2119,.T.);
#2989=CARTESIAN_POINT('',(634.341299508,-147.729122671,97.606446091));
#2990=DIRECTION('',(-0.,-1.,-0.));
#2991=VECTOR('',#2990,6.);
#2992=LINE('',#2989,#2991);
#2993=EDGE_CURVE('',#2105,#837,#2992,.T.);
#2994=ORIENTED_EDGE('',*,*,#2993,.T.);
#2995=ORIENTED_EDGE('',*,*,#842,.F.);
#2996=CARTESIAN_POINT('',(629.415978631,-153.729122671,97.606446091));
#2997=DIRECTION('',(0.,1.,0.));
#2998=VECTOR('',#2997,6.);
#2999=LINE('',#2996,#2998);
#3000=EDGE_CURVE('',#828,#2114,#2999,.T.);
#3001=ORIENTED_EDGE('',*,*,#3000,.T.);
#3002=EDGE_LOOP('',(#2988,#2994,#2995,#3001));
#3003=FACE_BOUND('',#3002,.T.);
#3004=ADVANCED_FACE('NONE',(#3003),#2987,.T.);
#3005=CARTESIAN_POINT('',(627.415978631,-147.729122671,30.500668673));
#3006=DIRECTION('',(1.,0.,0.));
#3007=DIRECTION('',(0.,0.,-1.));
#3008=AXIS2_PLACEMENT_3D('',#3005,#3006,#3007);
#3009=PLANE('',#3008);
#3010=ORIENTED_EDGE('',*,*,#825,.F.);
#3011=CARTESIAN_POINT('',(627.415978631,-153.729122671,32.500668673));
#3012=DIRECTION('',(0.,1.,0.));
#3013=VECTOR('',#3012,6.);
#3014=LINE('',#3011,#3013);
#3015=EDGE_CURVE('',#811,#2061,#3014,.T.);
#3016=ORIENTED_EDGE('',*,*,#3015,.T.);
#3017=ORIENTED_EDGE('',*,*,#2068,.T.);
#3018=CARTESIAN_POINT('',(627.415978631,-147.729122671,95.606446091));
#3019=DIRECTION('',(-0.,-1.,-0.));
#3020=VECTOR('',#3019,6.);
#3021=LINE('',#3018,#3020);
#3022=EDGE_CURVE('',#2063,#820,#3021,.T.);
#3023=ORIENTED_EDGE('',*,*,#3022,.T.);
#3024=EDGE_LOOP('',(#3010,#3016,#3017,#3023));
#3025=FACE_BOUND('',#3024,.T.);
#3026=ADVANCED_FACE('NONE',(#3025),#3009,.T.);
#3027=CARTESIAN_POINT('',(676.87863907,-147.729122671,164.322174843));
#3028=DIRECTION('',(0.,-1.,0.));
#3029=DIRECTION('',(0.,0.,-1.));
#3030=AXIS2_PLACEMENT_3D('',#3027,#3028,#3029);
#3031=CYLINDRICAL_SURFACE('',#3030,1.6);
#3032=CARTESIAN_POINT('',(676.87863907,-153.729122671,162.722174843));
#3033=DIRECTION('',(-0.,1.,-0.));
#3034=VECTOR('',#3033,6.);
#3035=LINE('',#3032,#3034);
#3036=EDGE_CURVE('',#520,#1797,#3035,.T.);
#3037=ORIENTED_EDGE('',*,*,#3036,.F.);
#3038=ORIENTED_EDGE('',*,*,#526,.F.);
#3039=ORIENTED_EDGE('',*,*,#3036,.T.);
#3040=ORIENTED_EDGE('',*,*,#1803,.T.);
#3041=EDGE_LOOP('',(#3037,#3038,#3039,#3040));
#3042=FACE_BOUND('',#3041,.T.);
#3043=ADVANCED_FACE('NONE',(#3042),#3031,.F.);
#3044=CARTESIAN_POINT('',(676.87863907,-147.729122671,176.322174843));
#3045=DIRECTION('',(0.,-1.,0.));
#3046=DIRECTION('',(0.,0.,-1.));
#3047=AXIS2_PLACEMENT_3D('',#3044,#3045,#3046);
#3048=CYLINDRICAL_SURFACE('',#3047,5.);
#3049=CARTESIAN_POINT('',(676.87863907,-153.729122671,171.322174843));
#3050=DIRECTION('',(-0.,1.,-0.));
#3051=VECTOR('',#3050,6.);
#3052=LINE('',#3049,#3051);
#3053=EDGE_CURVE('',#773,#1808,#3052,.T.);
#3054=ORIENTED_EDGE('',*,*,#3053,.F.);
#3055=ORIENTED_EDGE('',*,*,#779,.F.);
#3056=ORIENTED_EDGE('',*,*,#3053,.T.);
#3057=ORIENTED_EDGE('',*,*,#1814,.T.);
#3058=EDGE_LOOP('',(#3054,#3055,#3056,#3057));
#3059=FACE_BOUND('',#3058,.T.);
#3060=ADVANCED_FACE('NONE',(#3059),#3048,.F.);
#3061=CARTESIAN_POINT('',(636.87863907,-147.729122671,147.822174843));
#3062=DIRECTION('',(0.,-1.,0.));
#3063=DIRECTION('',(0.,0.,-1.));
#3064=AXIS2_PLACEMENT_3D('',#3061,#3062,#3063);
#3065=CYLINDRICAL_SURFACE('',#3064,2.1);
#3066=CARTESIAN_POINT('',(636.87863907,-153.729122671,145.722174843));
#3067=DIRECTION('',(-0.,1.,-0.));
#3068=VECTOR('',#3067,6.);
#3069=LINE('',#3066,#3068);
#3070=EDGE_CURVE('',#531,#1819,#3069,.T.);
#3071=ORIENTED_EDGE('',*,*,#3070,.F.);
#3072=ORIENTED_EDGE('',*,*,#537,.F.);
#3073=ORIENTED_EDGE('',*,*,#3070,.T.);
#3074=ORIENTED_EDGE('',*,*,#1825,.T.);
#3075=EDGE_LOOP('',(#3071,#3072,#3073,#3074));
#3076=FACE_BOUND('',#3075,.T.);
#3077=ADVANCED_FACE('NONE',(#3076),#3065,.F.);
#3078=CARTESIAN_POINT('',(636.87863907,-147.729122671,110.822174843));
#3079=DIRECTION('',(0.,-1.,0.));
#3080=DIRECTION('',(0.,0.,-1.));
#3081=AXIS2_PLACEMENT_3D('',#3078,#3079,#3080);
#3082=CYLINDRICAL_SURFACE('',#3081,2.1);
#3083=CARTESIAN_POINT('',(636.87863907,-153.729122671,108.722174843));
#3084=DIRECTION('',(-0.,1.,-0.));
#3085=VECTOR('',#3084,6.);
#3086=LINE('',#3083,#3085);
#3087=EDGE_CURVE('',#762,#1830,#3086,.T.);
#3088=ORIENTED_EDGE('',*,*,#3087,.F.);
#3089=ORIENTED_EDGE('',*,*,#768,.F.);
#3090=ORIENTED_EDGE('',*,*,#3087,.T.);
#3091=ORIENTED_EDGE('',*,*,#1836,.T.);
#3092=EDGE_LOOP('',(#3088,#3089,#3090,#3091));
#3093=FACE_BOUND('',#3092,.T.);
#3094=ADVANCED_FACE('NONE',(#3093),#3082,.F.);
#3095=CARTESIAN_POINT('',(716.87863907,-147.729122671,147.822174843));
#3096=DIRECTION('',(0.,-1.,0.));
#3097=DIRECTION('',(0.,0.,-1.));
#3098=AXIS2_PLACEMENT_3D('',#3095,#3096,#3097);
#3099=CYLINDRICAL_SURFACE('',#3098,2.1);
#3100=CARTESIAN_POINT('',(716.87863907,-153.729122671,145.722174843));
#3101=DIRECTION('',(-0.,1.,-0.));
#3102=VECTOR('',#3101,6.);
#3103=LINE('',#3100,#3102);
#3104=EDGE_CURVE('',#542,#1841,#3103,.T.);
#3105=ORIENTED_EDGE('',*,*,#3104,.F.);
#3106=ORIENTED_EDGE('',*,*,#548,.F.);
#3107=ORIENTED_EDGE('',*,*,#3104,.T.);
#3108=ORIENTED_EDGE('',*,*,#1847,.T.);
#3109=EDGE_LOOP('',(#3105,#3106,#3107,#3108));
#3110=FACE_BOUND('',#3109,.T.);
#3111=ADVANCED_FACE('NONE',(#3110),#3099,.F.);
#3112=CARTESIAN_POINT('',(716.87863907,-147.729122671,110.822174843));
#3113=DIRECTION('',(0.,-1.,0.));
#3114=DIRECTION('',(0.,0.,-1.));
#3115=AXIS2_PLACEMENT_3D('',#3112,#3113,#3114);
#3116=CYLINDRICAL_SURFACE('',#3115,2.1);
#3117=CARTESIAN_POINT('',(716.87863907,-153.729122671,108.722174843));
#3118=DIRECTION('',(-0.,1.,-0.));
#3119=VECTOR('',#3118,6.);
#3120=LINE('',#3117,#3119);
#3121=EDGE_CURVE('',#751,#1852,#3120,.T.);
#3122=ORIENTED_EDGE('',*,*,#3121,.F.);
#3123=ORIENTED_EDGE('',*,*,#757,.F.);
#3124=ORIENTED_EDGE('',*,*,#3121,.T.);
#3125=ORIENTED_EDGE('',*,*,#1858,.T.);
#3126=EDGE_LOOP('',(#3122,#3123,#3124,#3125));
#3127=FACE_BOUND('',#3126,.T.);
#3128=ADVANCED_FACE('NONE',(#3127),#3116,.F.);
#3129=CARTESIAN_POINT('',(676.87863907,-147.729122671,139.322174843));
#3130=DIRECTION('',(0.,-1.,0.));
#3131=DIRECTION('',(0.,0.,-1.));
#3132=AXIS2_PLACEMENT_3D('',#3129,#3130,#3131);
#3133=CYLINDRICAL_SURFACE('',#3132,5.);
#3134=CARTESIAN_POINT('',(676.87863907,-153.729122671,134.322174843));
#3135=DIRECTION('',(-0.,1.,-0.));
#3136=VECTOR('',#3135,3.);
#3137=LINE('',#3134,#3136);
#3138=EDGE_CURVE('',#1023,#2887,#3137,.T.);
#3139=ORIENTED_EDGE('',*,*,#3138,.F.);
#3140=ORIENTED_EDGE('',*,*,#1029,.F.);
#3141=ORIENTED_EDGE('',*,*,#3138,.T.);
#3142=ORIENTED_EDGE('',*,*,#2893,.T.);
#3143=ORIENTED_EDGE('',*,*,#2900,.T.);
#3144=EDGE_LOOP('',(#3139,#3140,#3141,#3142,#3143));
#3145=FACE_BOUND('',#3144,.T.);
#3146=ADVANCED_FACE('NONE',(#3145),#3133,.F.);
#3147=CARTESIAN_POINT('',(716.87863907,-147.729122671,129.322174843));
#3148=DIRECTION('',(0.,-1.,0.));
#3149=DIRECTION('',(0.,0.,-1.));
#3150=AXIS2_PLACEMENT_3D('',#3147,#3148,#3149);
#3151=CYLINDRICAL_SURFACE('',#3150,5.);
#3152=CARTESIAN_POINT('',(716.87863907,-153.729122671,124.322174843));
#3153=DIRECTION('',(-0.,1.,-0.));
#3154=VECTOR('',#3153,3.);
#3155=LINE('',#3152,#3154);
#3156=EDGE_CURVE('',#1034,#2921,#3155,.T.);
#3157=ORIENTED_EDGE('',*,*,#3156,.F.);
#3158=ORIENTED_EDGE('',*,*,#1040,.F.);
#3159=ORIENTED_EDGE('',*,*,#3156,.T.);
#3160=ORIENTED_EDGE('',*,*,#2927,.T.);
#3161=ORIENTED_EDGE('',*,*,#2934,.T.);
#3162=EDGE_LOOP('',(#3157,#3158,#3159,#3160,#3161));
#3163=FACE_BOUND('',#3162,.T.);
#3164=ADVANCED_FACE('NONE',(#3163),#3151,.F.);
#3165=CARTESIAN_POINT('',(636.87863907,-147.729122671,129.322174843));
#3166=DIRECTION('',(0.,-1.,0.));
#3167=DIRECTION('',(0.,0.,-1.));
#3168=AXIS2_PLACEMENT_3D('',#3165,#3166,#3167);
#3169=CYLINDRICAL_SURFACE('',#3168,5.);
#3170=CARTESIAN_POINT('',(636.87863907,-153.729122671,124.322174843));
#3171=DIRECTION('',(-0.,1.,-0.));
#3172=VECTOR('',#3171,3.);
#3173=LINE('',#3170,#3172);
#3174=EDGE_CURVE('',#1012,#2853,#3173,.T.);
#3175=ORIENTED_EDGE('',*,*,#3174,.F.);
#3176=ORIENTED_EDGE('',*,*,#1018,.F.);
#3177=ORIENTED_EDGE('',*,*,#3174,.T.);
#3178=ORIENTED_EDGE('',*,*,#2859,.T.);
#3179=ORIENTED_EDGE('',*,*,#2866,.T.);
#3180=EDGE_LOOP('',(#3175,#3176,#3177,#3178,#3179));
#3181=FACE_BOUND('',#3180,.T.);
#3182=ADVANCED_FACE('NONE',(#3181),#3169,.F.);
#3183=CARTESIAN_POINT('',(596.87863907,-147.729122671,47.322174843));
#3184=DIRECTION('',(0.,-1.,0.));
#3185=DIRECTION('',(0.,0.,-1.));
#3186=AXIS2_PLACEMENT_3D('',#3183,#3184,#3185);
#3187=CYLINDRICAL_SURFACE('',#3186,2.6);
#3188=CARTESIAN_POINT('',(596.87863907,-153.729122671,44.722174843));
#3189=DIRECTION('',(-0.,1.,-0.));
#3190=VECTOR('',#3189,6.);
#3191=LINE('',#3188,#3190);
#3192=EDGE_CURVE('',#740,#1863,#3191,.T.);
#3193=ORIENTED_EDGE('',*,*,#3192,.F.);
#3194=ORIENTED_EDGE('',*,*,#746,.F.);
#3195=ORIENTED_EDGE('',*,*,#3192,.T.);
#3196=ORIENTED_EDGE('',*,*,#1869,.T.);
#3197=EDGE_LOOP('',(#3193,#3194,#3195,#3196));
#3198=FACE_BOUND('',#3197,.T.);
#3199=ADVANCED_FACE('NONE',(#3198),#3187,.F.);
#3200=CARTESIAN_POINT('',(655.87863907,-147.729122671,109.322174843));
#3201=DIRECTION('',(0.,-1.,0.));
#3202=DIRECTION('',(0.,0.,-1.));
#3203=AXIS2_PLACEMENT_3D('',#3200,#3201,#3202);
#3204=CYLINDRICAL_SURFACE('',#3203,2.6);
#3205=CARTESIAN_POINT('',(655.87863907,-153.729122671,106.722174843));
#3206=DIRECTION('',(-0.,1.,-0.));
#3207=VECTOR('',#3206,6.);
#3208=LINE('',#3205,#3207);
#3209=EDGE_CURVE('',#553,#1874,#3208,.T.);
#3210=ORIENTED_EDGE('',*,*,#3209,.F.);
#3211=ORIENTED_EDGE('',*,*,#559,.F.);
#3212=ORIENTED_EDGE('',*,*,#3209,.T.);
#3213=ORIENTED_EDGE('',*,*,#1880,.T.);
#3214=EDGE_LOOP('',(#3210,#3211,#3212,#3213));
#3215=FACE_BOUND('',#3214,.T.);
#3216=ADVANCED_FACE('NONE',(#3215),#3204,.F.);
#3217=CARTESIAN_POINT('',(655.87863907,-147.729122671,164.322174843));
#3218=DIRECTION('',(0.,-1.,0.));
#3219=DIRECTION('',(0.,0.,-1.));
#3220=AXIS2_PLACEMENT_3D('',#3217,#3218,#3219);
#3221=CYLINDRICAL_SURFACE('',#3220,2.6);
#3222=CARTESIAN_POINT('',(655.87863907,-153.729122671,161.722174843));
#3223=DIRECTION('',(-0.,1.,-0.));
#3224=VECTOR('',#3223,6.);
#3225=LINE('',#3222,#3224);
#3226=EDGE_CURVE('',#729,#1885,#3225,.T.);
#3227=ORIENTED_EDGE('',*,*,#3226,.F.);
#3228=ORIENTED_EDGE('',*,*,#735,.F.);
#3229=ORIENTED_EDGE('',*,*,#3226,.T.);
#3230=ORIENTED_EDGE('',*,*,#1891,.T.);
#3231=EDGE_LOOP('',(#3227,#3228,#3229,#3230));
#3232=FACE_BOUND('',#3231,.T.);
#3233=ADVANCED_FACE('NONE',(#3232),#3221,.F.);
#3234=CARTESIAN_POINT('',(697.87863907,-147.729122671,109.322174843));
#3235=DIRECTION('',(0.,-1.,0.));
#3236=DIRECTION('',(0.,0.,-1.));
#3237=AXIS2_PLACEMENT_3D('',#3234,#3235,#3236);
#3238=CYLINDRICAL_SURFACE('',#3237,2.6);
#3239=CARTESIAN_POINT('',(697.87863907,-153.729122671,106.722174843));
#3240=DIRECTION('',(-0.,1.,-0.));
#3241=VECTOR('',#3240,6.);
#3242=LINE('',#3239,#3241);
#3243=EDGE_CURVE('',#564,#1896,#3242,.T.);
#3244=ORIENTED_EDGE('',*,*,#3243,.F.);
#3245=ORIENTED_EDGE('',*,*,#570,.F.);
#3246=ORIENTED_EDGE('',*,*,#3243,.T.);
#3247=ORIENTED_EDGE('',*,*,#1902,.T.);
#3248=EDGE_LOOP('',(#3244,#3245,#3246,#3247));
#3249=FACE_BOUND('',#3248,.T.);
#3250=ADVANCED_FACE('NONE',(#3249),#3238,.F.);
#3251=CARTESIAN_POINT('',(697.87863907,-147.729122671,164.322174843));
#3252=DIRECTION('',(0.,-1.,0.));
#3253=DIRECTION('',(0.,0.,-1.));
#3254=AXIS2_PLACEMENT_3D('',#3251,#3252,#3253);
#3255=CYLINDRICAL_SURFACE('',#3254,2.6);
#3256=CARTESIAN_POINT('',(697.87863907,-153.729122671,161.722174843));
#3257=DIRECTION('',(-0.,1.,-0.));
#3258=VECTOR('',#3257,6.);
#3259=LINE('',#3256,#3258);
#3260=EDGE_CURVE('',#718,#1907,#3259,.T.);
#3261=ORIENTED_EDGE('',*,*,#3260,.F.);
#3262=ORIENTED_EDGE('',*,*,#724,.F.);
#3263=ORIENTED_EDGE('',*,*,#3260,.T.);
#3264=ORIENTED_EDGE('',*,*,#1913,.T.);
#3265=EDGE_LOOP('',(#3261,#3262,#3263,#3264));
#3266=FACE_BOUND('',#3265,.T.);
#3267=ADVANCED_FACE('NONE',(#3266),#3255,.F.);
#3268=CARTESIAN_POINT('',(596.87863907,-147.729122671,89.322174843));
#3269=DIRECTION('',(0.,-1.,0.));
#3270=DIRECTION('',(0.,0.,-1.));
#3271=AXIS2_PLACEMENT_3D('',#3268,#3269,#3270);
#3272=CYLINDRICAL_SURFACE('',#3271,2.6);
#3273=CARTESIAN_POINT('',(596.87863907,-153.729122671,86.722174843));
#3274=DIRECTION('',(-0.,1.,-0.));
#3275=VECTOR('',#3274,6.);
#3276=LINE('',#3273,#3275);
#3277=EDGE_CURVE('',#575,#1918,#3276,.T.);
#3278=ORIENTED_EDGE('',*,*,#3277,.F.);
#3279=ORIENTED_EDGE('',*,*,#581,.F.);
#3280=ORIENTED_EDGE('',*,*,#3277,.T.);
#3281=ORIENTED_EDGE('',*,*,#1924,.T.);
#3282=EDGE_LOOP('',(#3278,#3279,#3280,#3281));
#3283=FACE_BOUND('',#3282,.T.);
#3284=ADVANCED_FACE('NONE',(#3283),#3272,.F.);
#3285=CARTESIAN_POINT('',(756.87863907,-147.729122671,89.322174843));
#3286=DIRECTION('',(0.,-1.,0.));
#3287=DIRECTION('',(0.,0.,-1.));
#3288=AXIS2_PLACEMENT_3D('',#3285,#3286,#3287);
#3289=CYLINDRICAL_SURFACE('',#3288,2.6);
#3290=CARTESIAN_POINT('',(756.87863907,-153.729122671,86.722174843));
#3291=DIRECTION('',(-0.,1.,-0.));
#3292=VECTOR('',#3291,6.);
#3293=LINE('',#3290,#3292);
#3294=EDGE_CURVE('',#707,#1929,#3293,.T.);
#3295=ORIENTED_EDGE('',*,*,#3294,.F.);
#3296=ORIENTED_EDGE('',*,*,#713,.F.);
#3297=ORIENTED_EDGE('',*,*,#3294,.T.);
#3298=ORIENTED_EDGE('',*,*,#1935,.T.);
#3299=EDGE_LOOP('',(#3295,#3296,#3297,#3298));
#3300=FACE_BOUND('',#3299,.T.);
#3301=ADVANCED_FACE('NONE',(#3300),#3289,.F.);
#3302=CARTESIAN_POINT('',(756.87863907,-147.729122671,47.322174843));
#3303=DIRECTION('',(0.,-1.,0.));
#3304=DIRECTION('',(0.,0.,-1.));
#3305=AXIS2_PLACEMENT_3D('',#3302,#3303,#3304);
#3306=CYLINDRICAL_SURFACE('',#3305,2.6);
#3307=CARTESIAN_POINT('',(756.87863907,-153.729122671,44.722174843));
#3308=DIRECTION('',(-0.,1.,-0.));
#3309=VECTOR('',#3308,6.);
#3310=LINE('',#3307,#3309);
#3311=EDGE_CURVE('',#586,#1940,#3310,.T.);
#3312=ORIENTED_EDGE('',*,*,#3311,.F.);
#3313=ORIENTED_EDGE('',*,*,#592,.F.);
#3314=ORIENTED_EDGE('',*,*,#3311,.T.);
#3315=ORIENTED_EDGE('',*,*,#1946,.T.);
#3316=EDGE_LOOP('',(#3312,#3313,#3314,#3315));
#3317=FACE_BOUND('',#3316,.T.);
#3318=ADVANCED_FACE('NONE',(#3317),#3306,.F.);
#3319=CARTESIAN_POINT('',(544.556308599,-147.729122671,35.786640937));
#3320=DIRECTION('',(0.,-1.,0.));
#3321=DIRECTION('',(0.,0.,-1.));
#3322=AXIS2_PLACEMENT_3D('',#3319,#3320,#3321);
#3323=CYLINDRICAL_SURFACE('',#3322,1.6);
#3324=CARTESIAN_POINT('',(544.556308599,-153.729122671,34.186640937));
#3325=DIRECTION('',(-0.,1.,-0.));
#3326=VECTOR('',#3325,6.);
#3327=LINE('',#3324,#3326);
#3328=EDGE_CURVE('',#696,#1951,#3327,.T.);
#3329=ORIENTED_EDGE('',*,*,#3328,.F.);
#3330=ORIENTED_EDGE('',*,*,#702,.F.);
#3331=ORIENTED_EDGE('',*,*,#3328,.T.);
#3332=ORIENTED_EDGE('',*,*,#1957,.T.);
#3333=EDGE_LOOP('',(#3329,#3330,#3331,#3332));
#3334=FACE_BOUND('',#3333,.T.);
#3335=ADVANCED_FACE('NONE',(#3334),#3323,.F.);
#3336=CARTESIAN_POINT('',(558.698444223,-147.729122671,49.928776561));
#3337=DIRECTION('',(0.,-1.,0.));
#3338=DIRECTION('',(0.,0.,-1.));
#3339=AXIS2_PLACEMENT_3D('',#3336,#3337,#3338);
#3340=CYLINDRICAL_SURFACE('',#3339,1.6);
#3341=CARTESIAN_POINT('',(558.698444223,-153.729122671,48.328776561));
#3342=DIRECTION('',(-0.,1.,-0.));
#3343=VECTOR('',#3342,6.);
#3344=LINE('',#3341,#3343);
#3345=EDGE_CURVE('',#597,#1962,#3344,.T.);
#3346=ORIENTED_EDGE('',*,*,#3345,.F.);
#3347=ORIENTED_EDGE('',*,*,#603,.F.);
#3348=ORIENTED_EDGE('',*,*,#3345,.T.);
#3349=ORIENTED_EDGE('',*,*,#1968,.T.);
#3350=EDGE_LOOP('',(#3346,#3347,#3348,#3349));
#3351=FACE_BOUND('',#3350,.T.);
#3352=ADVANCED_FACE('NONE',(#3351),#3340,.F.);
#3353=CARTESIAN_POINT('',(537.485240787,-147.729122671,71.141979997));
#3354=DIRECTION('',(0.,-1.,0.));
#3355=DIRECTION('',(0.,0.,-1.));
#3356=AXIS2_PLACEMENT_3D('',#3353,#3354,#3355);
#3357=CYLINDRICAL_SURFACE('',#3356,1.6);
#3358=CARTESIAN_POINT('',(537.485240787,-153.729122671,69.541979997));
#3359=DIRECTION('',(-0.,1.,-0.));
#3360=VECTOR('',#3359,6.);
#3361=LINE('',#3358,#3360);
#3362=EDGE_CURVE('',#685,#1973,#3361,.T.);
#3363=ORIENTED_EDGE('',*,*,#3362,.F.);
#3364=ORIENTED_EDGE('',*,*,#691,.F.);
#3365=ORIENTED_EDGE('',*,*,#3362,.T.);
#3366=ORIENTED_EDGE('',*,*,#1979,.T.);
#3367=EDGE_LOOP('',(#3363,#3364,#3365,#3366));
#3368=FACE_BOUND('',#3367,.T.);
#3369=ADVANCED_FACE('NONE',(#3368),#3357,.F.);
#3370=CARTESIAN_POINT('',(523.343105164,-147.729122671,56.999844373));
#3371=DIRECTION('',(0.,-1.,0.));
#3372=DIRECTION('',(0.,0.,-1.));
#3373=AXIS2_PLACEMENT_3D('',#3370,#3371,#3372);
#3374=CYLINDRICAL_SURFACE('',#3373,1.6);
#3375=CARTESIAN_POINT('',(523.343105164,-153.729122671,55.399844373));
#3376=DIRECTION('',(-0.,1.,-0.));
#3377=VECTOR('',#3376,6.);
#3378=LINE('',#3375,#3377);
#3379=EDGE_CURVE('',#608,#1984,#3378,.T.);
#3380=ORIENTED_EDGE('',*,*,#3379,.F.);
#3381=ORIENTED_EDGE('',*,*,#614,.F.);
#3382=ORIENTED_EDGE('',*,*,#3379,.T.);
#3383=ORIENTED_EDGE('',*,*,#1990,.T.);
#3384=EDGE_LOOP('',(#3380,#3381,#3382,#3383));
#3385=FACE_BOUND('',#3384,.T.);
#3386=ADVANCED_FACE('NONE',(#3385),#3374,.F.);
#3387=CARTESIAN_POINT('',(541.020774693,-147.729122671,53.464310467));
#3388=DIRECTION('',(0.,-1.,0.));
#3389=DIRECTION('',(0.,0.,-1.));
#3390=AXIS2_PLACEMENT_3D('',#3387,#3388,#3389);
#3391=CYLINDRICAL_SURFACE('',#3390,7.5);
#3392=CARTESIAN_POINT('',(541.020774693,-153.729122671,45.964310467));
#3393=DIRECTION('',(-0.,1.,-0.));
#3394=VECTOR('',#3393,6.);
#3395=LINE('',#3392,#3394);
#3396=EDGE_CURVE('',#619,#1995,#3395,.T.);
#3397=ORIENTED_EDGE('',*,*,#3396,.F.);
#3398=ORIENTED_EDGE('',*,*,#625,.F.);
#3399=ORIENTED_EDGE('',*,*,#3396,.T.);
#3400=ORIENTED_EDGE('',*,*,#2001,.T.);
#3401=EDGE_LOOP('',(#3397,#3398,#3399,#3400));
#3402=FACE_BOUND('',#3401,.T.);
#3403=ADVANCED_FACE('NONE',(#3402),#3391,.F.);
#3404=CARTESIAN_POINT('',(830.414172976,-147.729122671,56.999844373));
#3405=DIRECTION('',(0.,-1.,0.));
#3406=DIRECTION('',(0.,0.,-1.));
#3407=AXIS2_PLACEMENT_3D('',#3404,#3405,#3406);
#3408=CYLINDRICAL_SURFACE('',#3407,1.6);
#3409=CARTESIAN_POINT('',(830.414172976,-153.729122671,55.399844373));
#3410=DIRECTION('',(-0.,1.,-0.));
#3411=VECTOR('',#3410,6.);
#3412=LINE('',#3409,#3411);
#3413=EDGE_CURVE('',#630,#2006,#3412,.T.);
#3414=ORIENTED_EDGE('',*,*,#3413,.F.);
#3415=ORIENTED_EDGE('',*,*,#636,.F.);
#3416=ORIENTED_EDGE('',*,*,#3413,.T.);
#3417=ORIENTED_EDGE('',*,*,#2012,.T.);
#3418=EDGE_LOOP('',(#3414,#3415,#3416,#3417));
#3419=FACE_BOUND('',#3418,.T.);
#3420=ADVANCED_FACE('NONE',(#3419),#3408,.F.);
#3421=CARTESIAN_POINT('',(816.272037352,-147.729122671,71.141979997));
#3422=DIRECTION('',(0.,-1.,0.));
#3423=DIRECTION('',(0.,0.,-1.));
#3424=AXIS2_PLACEMENT_3D('',#3421,#3422,#3423);
#3425=CYLINDRICAL_SURFACE('',#3424,1.6);
#3426=CARTESIAN_POINT('',(816.272037352,-153.729122671,69.541979997));
#3427=DIRECTION('',(-0.,1.,-0.));
#3428=VECTOR('',#3427,6.);
#3429=LINE('',#3426,#3428);
#3430=EDGE_CURVE('',#674,#2017,#3429,.T.);
#3431=ORIENTED_EDGE('',*,*,#3430,.F.);
#3432=ORIENTED_EDGE('',*,*,#680,.F.);
#3433=ORIENTED_EDGE('',*,*,#3430,.T.);
#3434=ORIENTED_EDGE('',*,*,#2023,.T.);
#3435=EDGE_LOOP('',(#3431,#3432,#3433,#3434));
#3436=FACE_BOUND('',#3435,.T.);
#3437=ADVANCED_FACE('NONE',(#3436),#3425,.F.);
#3438=CARTESIAN_POINT('',(795.058833916,-147.729122671,49.928776561));
#3439=DIRECTION('',(0.,-1.,0.));
#3440=DIRECTION('',(0.,0.,-1.));
#3441=AXIS2_PLACEMENT_3D('',#3438,#3439,#3440);
#3442=CYLINDRICAL_SURFACE('',#3441,1.6);
#3443=CARTESIAN_POINT('',(795.058833916,-153.729122671,48.328776561));
#3444=DIRECTION('',(-0.,1.,-0.));
#3445=VECTOR('',#3444,6.);
#3446=LINE('',#3443,#3445);
#3447=EDGE_CURVE('',#641,#2028,#3446,.T.);
#3448=ORIENTED_EDGE('',*,*,#3447,.F.);
#3449=ORIENTED_EDGE('',*,*,#647,.F.);
#3450=ORIENTED_EDGE('',*,*,#3447,.T.);
#3451=ORIENTED_EDGE('',*,*,#2034,.T.);
#3452=EDGE_LOOP('',(#3448,#3449,#3450,#3451));
#3453=FACE_BOUND('',#3452,.T.);
#3454=ADVANCED_FACE('NONE',(#3453),#3442,.F.);
#3455=CARTESIAN_POINT('',(809.20096954,-147.729122671,35.786640937));
#3456=DIRECTION('',(0.,-1.,0.));
#3457=DIRECTION('',(0.,0.,-1.));
#3458=AXIS2_PLACEMENT_3D('',#3455,#3456,#3457);
#3459=CYLINDRICAL_SURFACE('',#3458,1.6);
#3460=CARTESIAN_POINT('',(809.20096954,-153.729122671,34.186640937));
#3461=DIRECTION('',(-0.,1.,-0.));
#3462=VECTOR('',#3461,6.);
#3463=LINE('',#3460,#3462);
#3464=EDGE_CURVE('',#663,#2039,#3463,.T.);
#3465=ORIENTED_EDGE('',*,*,#3464,.F.);
#3466=ORIENTED_EDGE('',*,*,#669,.F.);
#3467=ORIENTED_EDGE('',*,*,#3464,.T.);
#3468=ORIENTED_EDGE('',*,*,#2045,.T.);
#3469=EDGE_LOOP('',(#3465,#3466,#3467,#3468));
#3470=FACE_BOUND('',#3469,.T.);
#3471=ADVANCED_FACE('NONE',(#3470),#3459,.F.);
#3472=CARTESIAN_POINT('',(812.736503446,-147.729122671,53.464310467));
#3473=DIRECTION('',(0.,-1.,0.));
#3474=DIRECTION('',(0.,0.,-1.));
#3475=AXIS2_PLACEMENT_3D('',#3472,#3473,#3474);
#3476=CYLINDRICAL_SURFACE('',#3475,7.5);
#3477=CARTESIAN_POINT('',(812.736503446,-153.729122671,45.964310467));
#3478=DIRECTION('',(-0.,1.,-0.));
#3479=VECTOR('',#3478,6.);
#3480=LINE('',#3477,#3479);
#3481=EDGE_CURVE('',#652,#2050,#3480,.T.);
#3482=ORIENTED_EDGE('',*,*,#3481,.F.);
#3483=ORIENTED_EDGE('',*,*,#658,.F.);
#3484=ORIENTED_EDGE('',*,*,#3481,.T.);
#3485=ORIENTED_EDGE('',*,*,#2056,.T.);
#3486=EDGE_LOOP('',(#3482,#3483,#3484,#3485));
#3487=FACE_BOUND('',#3486,.T.);
#3488=ADVANCED_FACE('NONE',(#3487),#3476,.F.);
#3489=CARTESIAN_POINT('',(556.87863907,-147.729122671,9.322174843));
#3490=DIRECTION('',(0.,0.,1.));
#3491=DIRECTION('',(1.,0.,0.));
#3492=AXIS2_PLACEMENT_3D('',#3489,#3490,#3491);
#3493=PLANE('',#3492);
#3494=ORIENTED_EDGE('',*,*,#1538,.F.);
#3495=CARTESIAN_POINT('',(792.736503446,-147.729122671,9.322174843));
#3496=DIRECTION('',(-0.,-1.,-0.));
#3497=VECTOR('',#3496,6.);
#3498=LINE('',#3495,#3497);
#3499=EDGE_CURVE('',#1524,#162,#3498,.T.);
#3500=ORIENTED_EDGE('',*,*,#3499,.T.);
#3501=ORIENTED_EDGE('',*,*,#167,.T.);
#3502=CARTESIAN_POINT('',(561.020774693,-153.729122671,9.322174843));
#3503=DIRECTION('',(0.,1.,0.));
#3504=VECTOR('',#3503,6.);
#3505=LINE('',#3502,#3504);
#3506=EDGE_CURVE('',#153,#1533,#3505,.T.);
#3507=ORIENTED_EDGE('',*,*,#3506,.T.);
#3508=EDGE_LOOP('',(#3494,#3500,#3501,#3507));
#3509=FACE_BOUND('',#3508,.T.);
#3510=ADVANCED_FACE('NONE',(#3509),#3493,.F.);
#3511=CARTESIAN_POINT('',(796.87863907,-147.729122671,9.322174843));
#3512=DIRECTION('',(-0.707106781,0.,0.707106781));
#3513=DIRECTION('',(0.707106781,0.,0.707106781));
#3514=AXIS2_PLACEMENT_3D('',#3511,#3512,#3513);
#3515=PLANE('',#3514);
#3516=ORIENTED_EDGE('',*,*,#184,.T.);
#3517=CARTESIAN_POINT('',(799.807571258,-153.729122671,12.251107031));
#3518=DIRECTION('',(0.,1.,0.));
#3519=VECTOR('',#3518,6.);
#3520=LINE('',#3517,#3519);
#3521=EDGE_CURVE('',#170,#1516,#3520,.T.);
#3522=ORIENTED_EDGE('',*,*,#3521,.T.);
#3523=ORIENTED_EDGE('',*,*,#1521,.F.);
#3524=CARTESIAN_POINT('',(853.949706882,-147.729122671,66.393242655));
#3525=DIRECTION('',(-0.,-1.,-0.));
#3526=VECTOR('',#3525,6.);
#3527=LINE('',#3524,#3526);
#3528=EDGE_CURVE('',#1507,#179,#3527,.T.);
#3529=ORIENTED_EDGE('',*,*,#3528,.T.);
#3530=EDGE_LOOP('',(#3516,#3522,#3523,#3529));
#3531=FACE_BOUND('',#3530,.T.);
#3532=ADVANCED_FACE('NONE',(#3531),#3515,.F.);
#3533=CARTESIAN_POINT('',(496.87863907,-147.729122671,69.322174843));
#3534=DIRECTION('',(0.707106781,0.,0.707106781));
#3535=DIRECTION('',(0.707106781,0.,-0.707106781));
#3536=AXIS2_PLACEMENT_3D('',#3533,#3534,#3535);
#3537=PLANE('',#3536);
#3538=ORIENTED_EDGE('',*,*,#150,.T.);
#3539=CARTESIAN_POINT('',(499.807571258,-153.729122671,66.393242655));
#3540=DIRECTION('',(0.,1.,0.));
#3541=VECTOR('',#3540,6.);
#3542=LINE('',#3539,#3541);
#3543=EDGE_CURVE('',#136,#1550,#3542,.T.);
#3544=ORIENTED_EDGE('',*,*,#3543,.T.);
#3545=ORIENTED_EDGE('',*,*,#1555,.F.);
#3546=CARTESIAN_POINT('',(553.949706881,-147.729122671,12.251107031));
#3547=DIRECTION('',(-0.,-1.,-0.));
#3548=VECTOR('',#3547,6.);
#3549=LINE('',#3546,#3548);
#3550=EDGE_CURVE('',#1541,#145,#3549,.T.);
#3551=ORIENTED_EDGE('',*,*,#3550,.T.);
#3552=EDGE_LOOP('',(#3538,#3544,#3545,#3551));
#3553=FACE_BOUND('',#3552,.T.);
#3554=ADVANCED_FACE('NONE',(#3553),#3537,.F.);
#3555=CARTESIAN_POINT('',(496.87863907,-147.729122671,309.322174843));
#3556=DIRECTION('',(1.,0.,0.));
#3557=DIRECTION('',(0.,0.,-1.));
#3558=AXIS2_PLACEMENT_3D('',#3555,#3556,#3557);
#3559=PLANE('',#3558);
#3560=ORIENTED_EDGE('',*,*,#133,.T.);
#3561=CARTESIAN_POINT('',(496.87863907,-153.729122671,305.180039219));
#3562=DIRECTION('',(0.,1.,0.));
#3563=VECTOR('',#3562,6.);
#3564=LINE('',#3561,#3563);
#3565=EDGE_CURVE('',#119,#1383,#3564,.T.);
#3566=ORIENTED_EDGE('',*,*,#3565,.T.);
#3567=ORIENTED_EDGE('',*,*,#1388,.F.);
#3568=CARTESIAN_POINT('',(496.87863907,-147.729122671,73.464310467));
#3569=DIRECTION('',(-0.,-1.,-0.));
#3570=VECTOR('',#3569,6.);
#3571=LINE('',#3568,#3570);
#3572=EDGE_CURVE('',#1381,#128,#3571,.T.);
#3573=ORIENTED_EDGE('',*,*,#3572,.T.);
#3574=EDGE_LOOP('',(#3560,#3566,#3567,#3573));
#3575=FACE_BOUND('',#3574,.T.);
#3576=ADVANCED_FACE('',(#3575),#3559,.F.);
#3577=CARTESIAN_POINT('',(726.341299508,-9.729122671,64.053557382));
#3578=DIRECTION('',(-1.,0.,0.));
#3579=DIRECTION('',(0.,0.,1.));
#3580=AXIS2_PLACEMENT_3D('',#3577,#3578,#3579);
#3581=PLANE('',#3580);
#3582=ORIENTED_EDGE('',*,*,#2138,.T.);
#3583=CARTESIAN_POINT('',(726.341299508,-147.729122671,32.500668673));
#3584=DIRECTION('',(-0.,-1.,-0.));
#3585=VECTOR('',#3584,6.);
#3586=LINE('',#3583,#3585);
#3587=EDGE_CURVE('',#2133,#890,#3586,.T.);
#3588=ORIENTED_EDGE('',*,*,#3587,.T.);
#3589=ORIENTED_EDGE('',*,*,#895,.F.);
#3590=CARTESIAN_POINT('',(726.341299508,-153.729122671,95.606446091));
#3591=DIRECTION('',(0.,1.,0.));
#3592=VECTOR('',#3591,6.);
#3593=LINE('',#3590,#3592);
#3594=EDGE_CURVE('',#881,#2131,#3593,.T.);
#3595=ORIENTED_EDGE('',*,*,#3594,.T.);
#3596=EDGE_LOOP('',(#3582,#3588,#3589,#3595));
#3597=FACE_BOUND('',#3596,.T.);
#3598=ADVANCED_FACE('',(#3597),#3581,.T.);
#3599=CARTESIAN_POINT('',(721.87863907,-9.729122671,97.606446091));
#3600=DIRECTION('',(0.,0.,-1.));
#3601=DIRECTION('',(-1.,0.,0.));
#3602=AXIS2_PLACEMENT_3D('',#3599,#3600,#3601);
#3603=PLANE('',#3602);
#3604=ORIENTED_EDGE('',*,*,#2155,.T.);
#3605=CARTESIAN_POINT('',(724.341299508,-147.729122671,97.606446091));
#3606=DIRECTION('',(-0.,-1.,-0.));
#3607=VECTOR('',#3606,6.);
#3608=LINE('',#3605,#3607);
#3609=EDGE_CURVE('',#2141,#873,#3608,.T.);
#3610=ORIENTED_EDGE('',*,*,#3609,.T.);
#3611=ORIENTED_EDGE('',*,*,#878,.F.);
#3612=CARTESIAN_POINT('',(719.415978631,-153.729122671,97.606446091));
#3613=DIRECTION('',(0.,1.,0.));
#3614=VECTOR('',#3613,6.);
#3615=LINE('',#3612,#3614);
#3616=EDGE_CURVE('',#864,#2150,#3615,.T.);
#3617=ORIENTED_EDGE('',*,*,#3616,.T.);
#3618=EDGE_LOOP('',(#3604,#3610,#3611,#3617));
#3619=FACE_BOUND('',#3618,.T.);
#3620=ADVANCED_FACE('',(#3619),#3603,.T.);
#3621=CARTESIAN_POINT('',(717.415978631,-9.729122671,64.053557382));
#3622=DIRECTION('',(1.,0.,0.));
#3623=DIRECTION('',(0.,0.,-1.));
#3624=AXIS2_PLACEMENT_3D('',#3621,#3622,#3623);
#3625=PLANE('',#3624);
#3626=ORIENTED_EDGE('',*,*,#861,.F.);
#3627=CARTESIAN_POINT('',(717.415978631,-153.729122671,32.500668673));
#3628=DIRECTION('',(0.,1.,0.));
#3629=VECTOR('',#3628,6.);
#3630=LINE('',#3627,#3629);
#3631=EDGE_CURVE('',#854,#2167,#3630,.T.);
#3632=ORIENTED_EDGE('',*,*,#3631,.T.);
#3633=ORIENTED_EDGE('',*,*,#2172,.T.);
#3634=CARTESIAN_POINT('',(717.415978631,-147.729122671,95.606446091));
#3635=DIRECTION('',(-0.,-1.,-0.));
#3636=VECTOR('',#3635,6.);
#3637=LINE('',#3634,#3636);
#3638=EDGE_CURVE('',#2158,#856,#3637,.T.);
#3639=ORIENTED_EDGE('',*,*,#3638,.T.);
#3640=EDGE_LOOP('',(#3626,#3632,#3633,#3639));
#3641=FACE_BOUND('',#3640,.T.);
#3642=ADVANCED_FACE('',(#3641),#3625,.T.);
#3643=CARTESIAN_POINT('',(721.87863907,-9.729122671,30.500668673));
#3644=DIRECTION('',(0.,0.,1.));
#3645=DIRECTION('',(1.,0.,0.));
#3646=AXIS2_PLACEMENT_3D('',#3643,#3644,#3645);
#3647=PLANE('',#3646);
#3648=ORIENTED_EDGE('',*,*,#912,.F.);
#3649=CARTESIAN_POINT('',(724.341299508,-153.729122671,30.500668673));
#3650=DIRECTION('',(0.,1.,0.));
#3651=VECTOR('',#3650,6.);
#3652=LINE('',#3649,#3651);
#3653=EDGE_CURVE('',#898,#2184,#3652,.T.);
#3654=ORIENTED_EDGE('',*,*,#3653,.T.);
#3655=ORIENTED_EDGE('',*,*,#2189,.T.);
#3656=CARTESIAN_POINT('',(719.415978631,-147.729122671,30.500668673));
#3657=DIRECTION('',(-0.,-1.,-0.));
#3658=VECTOR('',#3657,6.);
#3659=LINE('',#3656,#3658);
#3660=EDGE_CURVE('',#2175,#907,#3659,.T.);
#3661=ORIENTED_EDGE('',*,*,#3660,.T.);
#3662=EDGE_LOOP('',(#3648,#3654,#3655,#3661));
#3663=FACE_BOUND('',#3662,.T.);
#3664=ADVANCED_FACE('',(#3663),#3647,.T.);
#3665=CARTESIAN_POINT('',(506.87863907,-147.729122671,73.464310467));
#3666=DIRECTION('',(0.,-1.,0.));
#3667=DIRECTION('',(0.,0.,-1.));
#3668=AXIS2_PLACEMENT_3D('',#3665,#3666,#3667);
#3669=CYLINDRICAL_SURFACE('',#3668,10.);
#3670=ORIENTED_EDGE('',*,*,#1562,.F.);
#3671=ORIENTED_EDGE('',*,*,#3543,.F.);
#3672=ORIENTED_EDGE('',*,*,#142,.F.);
#3673=ORIENTED_EDGE('',*,*,#3572,.F.);
#3674=EDGE_LOOP('',(#3670,#3671,#3672,#3673));
#3675=FACE_BOUND('',#3674,.T.);
#3676=ADVANCED_FACE('',(#3675),#3669,.T.);
#3677=CARTESIAN_POINT('',(792.736503446,-147.729122671,19.322174843));
#3678=DIRECTION('',(0.,-1.,0.));
#3679=DIRECTION('',(0.,0.,-1.));
#3680=AXIS2_PLACEMENT_3D('',#3677,#3678,#3679);
#3681=CYLINDRICAL_SURFACE('',#3680,10.);
#3682=ORIENTED_EDGE('',*,*,#1530,.F.);
#3683=ORIENTED_EDGE('',*,*,#3521,.F.);
#3684=ORIENTED_EDGE('',*,*,#176,.F.);
#3685=ORIENTED_EDGE('',*,*,#3499,.F.);
#3686=EDGE_LOOP('',(#3682,#3683,#3684,#3685));
#3687=FACE_BOUND('',#3686,.T.);
#3688=ADVANCED_FACE('',(#3687),#3681,.T.);
#3689=CARTESIAN_POINT('',(846.87863907,-147.729122671,73.464310467));
#3690=DIRECTION('',(0.,-1.,0.));
#3691=DIRECTION('',(0.,0.,-1.));
#3692=AXIS2_PLACEMENT_3D('',#3689,#3690,#3691);
#3693=CYLINDRICAL_SURFACE('',#3692,10.);
#3694=ORIENTED_EDGE('',*,*,#1513,.F.);
#3695=ORIENTED_EDGE('',*,*,#2649,.F.);
#3696=ORIENTED_EDGE('',*,*,#193,.F.);
#3697=ORIENTED_EDGE('',*,*,#3528,.F.);
#3698=EDGE_LOOP('',(#3694,#3695,#3696,#3697));
#3699=FACE_BOUND('',#3698,.T.);
#3700=ADVANCED_FACE('',(#3699),#3693,.T.);
#3701=CARTESIAN_POINT('',(561.020774693,-147.729122671,19.322174843));
#3702=DIRECTION('',(0.,-1.,0.));
#3703=DIRECTION('',(0.,0.,-1.));
#3704=AXIS2_PLACEMENT_3D('',#3701,#3702,#3703);
#3705=CYLINDRICAL_SURFACE('',#3704,10.);
#3706=ORIENTED_EDGE('',*,*,#1547,.F.);
#3707=ORIENTED_EDGE('',*,*,#3506,.F.);
#3708=ORIENTED_EDGE('',*,*,#159,.F.);
#3709=ORIENTED_EDGE('',*,*,#3550,.F.);
#3710=EDGE_LOOP('',(#3706,#3707,#3708,#3709));
#3711=FACE_BOUND('',#3710,.T.);
#3712=ADVANCED_FACE('',(#3711),#3705,.T.);
#3713=CARTESIAN_POINT('',(724.341299508,-9.729122671,32.500668673));
#3714=DIRECTION('',(0.,1.,0.));
#3715=DIRECTION('',(0.,-0.,1.));
#3716=AXIS2_PLACEMENT_3D('',#3713,#3714,#3715);
#3717=CYLINDRICAL_SURFACE('',#3716,2.);
#3718=ORIENTED_EDGE('',*,*,#2196,.F.);
#3719=ORIENTED_EDGE('',*,*,#3653,.F.);
#3720=ORIENTED_EDGE('',*,*,#904,.F.);
#3721=ORIENTED_EDGE('',*,*,#3587,.F.);
#3722=EDGE_LOOP('',(#3718,#3719,#3720,#3721));
#3723=FACE_BOUND('',#3722,.T.);
#3724=ADVANCED_FACE('',(#3723),#3717,.F.);
#3725=CARTESIAN_POINT('',(634.341299508,-147.729122671,95.606446091));
#3726=DIRECTION('',(0.,1.,0.));
#3727=DIRECTION('',(0.,-0.,1.));
#3728=AXIS2_PLACEMENT_3D('',#3725,#3726,#3727);
#3729=CYLINDRICAL_SURFACE('',#3728,2.);
#3730=ORIENTED_EDGE('',*,*,#2111,.F.);
#3731=ORIENTED_EDGE('',*,*,#2971,.F.);
#3732=ORIENTED_EDGE('',*,*,#849,.F.);
#3733=ORIENTED_EDGE('',*,*,#2993,.F.);
#3734=EDGE_LOOP('',(#3730,#3731,#3732,#3733));
#3735=FACE_BOUND('',#3734,.T.);
#3736=ADVANCED_FACE('',(#3735),#3729,.F.);
#3737=CARTESIAN_POINT('',(724.341299508,-9.729122671,95.606446091));
#3738=DIRECTION('',(0.,1.,0.));
#3739=DIRECTION('',(0.,-0.,1.));
#3740=AXIS2_PLACEMENT_3D('',#3737,#3738,#3739);
#3741=CYLINDRICAL_SURFACE('',#3740,2.);
#3742=ORIENTED_EDGE('',*,*,#2147,.F.);
#3743=ORIENTED_EDGE('',*,*,#3594,.F.);
#3744=ORIENTED_EDGE('',*,*,#887,.F.);
#3745=ORIENTED_EDGE('',*,*,#3609,.F.);
#3746=EDGE_LOOP('',(#3742,#3743,#3744,#3745));
#3747=FACE_BOUND('',#3746,.T.);
#3748=ADVANCED_FACE('',(#3747),#3741,.F.);
#3749=CARTESIAN_POINT('',(634.341299508,-147.729122671,32.500668673));
#3750=DIRECTION('',(0.,1.,0.));
#3751=DIRECTION('',(0.,-0.,1.));
#3752=AXIS2_PLACEMENT_3D('',#3749,#3750,#3751);
#3753=CYLINDRICAL_SURFACE('',#3752,2.);
#3754=ORIENTED_EDGE('',*,*,#2094,.F.);
#3755=ORIENTED_EDGE('',*,*,#2949,.F.);
#3756=ORIENTED_EDGE('',*,*,#800,.F.);
#3757=ORIENTED_EDGE('',*,*,#2978,.F.);
#3758=EDGE_LOOP('',(#3754,#3755,#3756,#3757));
#3759=FACE_BOUND('',#3758,.T.);
#3760=ADVANCED_FACE('',(#3759),#3753,.F.);
#3761=CARTESIAN_POINT('',(629.415978631,-147.729122671,32.500668673));
#3762=DIRECTION('',(0.,1.,0.));
#3763=DIRECTION('',(0.,-0.,1.));
#3764=AXIS2_PLACEMENT_3D('',#3761,#3762,#3763);
#3765=CYLINDRICAL_SURFACE('',#3764,2.);
#3766=ORIENTED_EDGE('',*,*,#2077,.F.);
#3767=ORIENTED_EDGE('',*,*,#3015,.F.);
#3768=ORIENTED_EDGE('',*,*,#817,.F.);
#3769=ORIENTED_EDGE('',*,*,#2956,.F.);
#3770=EDGE_LOOP('',(#3766,#3767,#3768,#3769));
#3771=FACE_BOUND('',#3770,.T.);
#3772=ADVANCED_FACE('',(#3771),#3765,.F.);
#3773=CARTESIAN_POINT('',(719.415978631,-9.729122671,32.500668673));
#3774=DIRECTION('',(0.,1.,0.));
#3775=DIRECTION('',(0.,-0.,1.));
#3776=AXIS2_PLACEMENT_3D('',#3773,#3774,#3775);
#3777=CYLINDRICAL_SURFACE('',#3776,2.);
#3778=ORIENTED_EDGE('',*,*,#2181,.F.);
#3779=ORIENTED_EDGE('',*,*,#3631,.F.);
#3780=ORIENTED_EDGE('',*,*,#919,.F.);
#3781=ORIENTED_EDGE('',*,*,#3660,.F.);
#3782=EDGE_LOOP('',(#3778,#3779,#3780,#3781));
#3783=FACE_BOUND('',#3782,.T.);
#3784=ADVANCED_FACE('',(#3783),#3777,.F.);
#3785=CARTESIAN_POINT('',(719.415978631,-9.729122671,95.606446091));
#3786=DIRECTION('',(0.,1.,0.));
#3787=DIRECTION('',(0.,-0.,1.));
#3788=AXIS2_PLACEMENT_3D('',#3785,#3786,#3787);
#3789=CYLINDRICAL_SURFACE('',#3788,2.);
#3790=ORIENTED_EDGE('',*,*,#2164,.F.);
#3791=ORIENTED_EDGE('',*,*,#3616,.F.);
#3792=ORIENTED_EDGE('',*,*,#870,.F.);
#3793=ORIENTED_EDGE('',*,*,#3638,.F.);
#3794=EDGE_LOOP('',(#3790,#3791,#3792,#3793));
#3795=FACE_BOUND('',#3794,.T.);
#3796=ADVANCED_FACE('',(#3795),#3789,.F.);
#3797=CARTESIAN_POINT('',(629.415978631,-147.729122671,95.606446091));
#3798=DIRECTION('',(0.,1.,0.));
#3799=DIRECTION('',(0.,-0.,1.));
#3800=AXIS2_PLACEMENT_3D('',#3797,#3798,#3799);
#3801=CYLINDRICAL_SURFACE('',#3800,2.);
#3802=ORIENTED_EDGE('',*,*,#2126,.F.);
#3803=ORIENTED_EDGE('',*,*,#3000,.F.);
#3804=ORIENTED_EDGE('',*,*,#834,.F.);
#3805=ORIENTED_EDGE('',*,*,#3022,.F.);
#3806=EDGE_LOOP('',(#3802,#3803,#3804,#3805));
#3807=FACE_BOUND('',#3806,.T.);
#3808=ADVANCED_FACE('',(#3807),#3801,.F.);
#3809=CARTESIAN_POINT('',(692.25,-156.25,123.65));
#3810=DIRECTION('',(0.,1.,0.));
#3811=DIRECTION('',(-1.,0.,0.));
#3812=AXIS2_PLACEMENT_3D('',#3809,#3810,#3811);
#3813=CYLINDRICAL_SURFACE('',#3812,1.7);
#3814=CARTESIAN_POINT('',(690.55,-147.729122671,123.65));
#3815=DIRECTION('',(0.,-1.,-0.));
#3816=VECTOR('',#3815,6.);
#3817=LINE('',#3814,#3816);
#3818=EDGE_CURVE('',#1706,#442,#3817,.T.);
#3819=ORIENTED_EDGE('',*,*,#3818,.F.);
#3820=ORIENTED_EDGE('',*,*,#1712,.F.);
#3821=ORIENTED_EDGE('',*,*,#1719,.F.);
#3822=ORIENTED_EDGE('',*,*,#3818,.T.);
#3823=ORIENTED_EDGE('',*,*,#448,.F.);
#3824=ORIENTED_EDGE('',*,*,#455,.F.);
#3825=EDGE_LOOP('',(#3819,#3820,#3821,#3822,#3823,#3824));
#3826=FACE_BOUND('',#3825,.T.);
#3827=ADVANCED_FACE('',(#3826),#3813,.F.);
#3828=CARTESIAN_POINT('',(661.25,-156.25,123.65));
#3829=DIRECTION('',(0.,1.,0.));
#3830=DIRECTION('',(-1.,0.,0.));
#3831=AXIS2_PLACEMENT_3D('',#3828,#3829,#3830);
#3832=CYLINDRICAL_SURFACE('',#3831,1.7);
#3833=CARTESIAN_POINT('',(659.55,-147.729122671,123.65));
#3834=DIRECTION('',(0.,-1.,-0.));
#3835=VECTOR('',#3834,6.);
#3836=LINE('',#3833,#3835);
#3837=EDGE_CURVE('',#1686,#422,#3836,.T.);
#3838=ORIENTED_EDGE('',*,*,#3837,.F.);
#3839=ORIENTED_EDGE('',*,*,#1692,.F.);
#3840=ORIENTED_EDGE('',*,*,#1699,.F.);
#3841=ORIENTED_EDGE('',*,*,#3837,.T.);
#3842=ORIENTED_EDGE('',*,*,#428,.F.);
#3843=ORIENTED_EDGE('',*,*,#435,.F.);
#3844=EDGE_LOOP('',(#3838,#3839,#3840,#3841,#3842,#3843));
#3845=FACE_BOUND('',#3844,.T.);
#3846=ADVANCED_FACE('',(#3845),#3832,.F.);
#3847=CARTESIAN_POINT('',(692.25,-156.25,154.65));
#3848=DIRECTION('',(0.,1.,0.));
#3849=DIRECTION('',(-1.,0.,0.));
#3850=AXIS2_PLACEMENT_3D('',#3847,#3848,#3849);
#3851=CYLINDRICAL_SURFACE('',#3850,1.7);
#3852=CARTESIAN_POINT('',(690.55,-147.729122671,154.65));
#3853=DIRECTION('',(0.,-1.,-0.));
#3854=VECTOR('',#3853,6.);
#3855=LINE('',#3852,#3854);
#3856=EDGE_CURVE('',#1666,#402,#3855,.T.);
#3857=ORIENTED_EDGE('',*,*,#3856,.F.);
#3858=ORIENTED_EDGE('',*,*,#1672,.F.);
#3859=ORIENTED_EDGE('',*,*,#1679,.F.);
#3860=ORIENTED_EDGE('',*,*,#3856,.T.);
#3861=ORIENTED_EDGE('',*,*,#408,.F.);
#3862=ORIENTED_EDGE('',*,*,#415,.F.);
#3863=EDGE_LOOP('',(#3857,#3858,#3859,#3860,#3861,#3862));
#3864=FACE_BOUND('',#3863,.T.);
#3865=ADVANCED_FACE('',(#3864),#3851,.F.);
#3866=CARTESIAN_POINT('',(661.25,-156.25,154.65));
#3867=DIRECTION('',(0.,1.,0.));
#3868=DIRECTION('',(-1.,0.,0.));
#3869=AXIS2_PLACEMENT_3D('',#3866,#3867,#3868);
#3870=CYLINDRICAL_SURFACE('',#3869,1.7);
#3871=CARTESIAN_POINT('',(659.55,-147.729122671,154.65));
#3872=DIRECTION('',(0.,-1.,-0.));
#3873=VECTOR('',#3872,6.);
#3874=LINE('',#3871,#3873);
#3875=EDGE_CURVE('',#1646,#382,#3874,.T.);
#3876=ORIENTED_EDGE('',*,*,#3875,.F.);
#3877=ORIENTED_EDGE('',*,*,#1652,.F.);
#3878=ORIENTED_EDGE('',*,*,#1659,.F.);
#3879=ORIENTED_EDGE('',*,*,#3875,.T.);
#3880=ORIENTED_EDGE('',*,*,#388,.F.);
#3881=ORIENTED_EDGE('',*,*,#395,.F.);
#3882=EDGE_LOOP('',(#3876,#3877,#3878,#3879,#3880,#3881));
#3883=FACE_BOUND('',#3882,.T.);
#3884=ADVANCED_FACE('',(#3883),#3870,.F.);
#3885=CARTESIAN_POINT('',(797.02136093,-155.729122671,95.322174843));
#3886=DIRECTION('',(0.,1.,0.));
#3887=DIRECTION('',(0.,-0.,1.));
#3888=AXIS2_PLACEMENT_3D('',#3885,#3886,#3887);
#3889=CYLINDRICAL_SURFACE('',#3888,2.6);
#3890=CARTESIAN_POINT('',(797.02136093,-147.729122671,97.922174843));
#3891=DIRECTION('',(-0.,-1.,-0.));
#3892=VECTOR('',#3891,6.);
#3893=LINE('',#3890,#3892);
#3894=EDGE_CURVE('',#1633,#369,#3893,.T.);
#3895=ORIENTED_EDGE('',*,*,#3894,.F.);
#3896=ORIENTED_EDGE('',*,*,#1639,.F.);
#3897=ORIENTED_EDGE('',*,*,#3894,.T.);
#3898=ORIENTED_EDGE('',*,*,#375,.T.);
#3899=EDGE_LOOP('',(#3895,#3896,#3897,#3898));
#3900=FACE_BOUND('',#3899,.T.);
#3901=ADVANCED_FACE('',(#3900),#3889,.F.);
#3902=CARTESIAN_POINT('',(772.92136093,-155.729122671,119.222174843));
#3903=DIRECTION('',(0.,1.,0.));
#3904=DIRECTION('',(0.,-0.,1.));
#3905=AXIS2_PLACEMENT_3D('',#3902,#3903,#3904);
#3906=CYLINDRICAL_SURFACE('',#3905,2.6);
#3907=CARTESIAN_POINT('',(772.92136093,-147.729122671,121.822174843));
#3908=DIRECTION('',(-0.,-1.,-0.));
#3909=VECTOR('',#3908,6.);
#3910=LINE('',#3907,#3909);
#3911=EDGE_CURVE('',#2221,#924,#3910,.T.);
#3912=ORIENTED_EDGE('',*,*,#3911,.F.);
#3913=ORIENTED_EDGE('',*,*,#2227,.F.);
#3914=ORIENTED_EDGE('',*,*,#3911,.T.);
#3915=ORIENTED_EDGE('',*,*,#930,.T.);
#3916=EDGE_LOOP('',(#3912,#3913,#3914,#3915));
#3917=FACE_BOUND('',#3916,.T.);
#3918=ADVANCED_FACE('',(#3917),#3906,.F.);
#3919=CARTESIAN_POINT('',(821.92136093,-155.729122671,149.322174843));
#3920=DIRECTION('',(0.,1.,0.));
#3921=DIRECTION('',(0.,-0.,1.));
#3922=AXIS2_PLACEMENT_3D('',#3919,#3920,#3921);
#3923=CYLINDRICAL_SURFACE('',#3922,2.6);
#3924=CARTESIAN_POINT('',(821.92136093,-147.729122671,151.922174843));
#3925=DIRECTION('',(-0.,-1.,-0.));
#3926=VECTOR('',#3925,6.);
#3927=LINE('',#3924,#3926);
#3928=EDGE_CURVE('',#1622,#358,#3927,.T.);
#3929=ORIENTED_EDGE('',*,*,#3928,.F.);
#3930=ORIENTED_EDGE('',*,*,#1628,.F.);
#3931=ORIENTED_EDGE('',*,*,#3928,.T.);
#3932=ORIENTED_EDGE('',*,*,#364,.T.);
#3933=EDGE_LOOP('',(#3929,#3930,#3931,#3932));
#3934=FACE_BOUND('',#3933,.T.);
#3935=ADVANCED_FACE('',(#3934),#3923,.F.);
#3936=CARTESIAN_POINT('',(771.92136093,-155.729122671,149.322174843));
#3937=DIRECTION('',(0.,1.,0.));
#3938=DIRECTION('',(0.,-0.,1.));
#3939=AXIS2_PLACEMENT_3D('',#3936,#3937,#3938);
#3940=CYLINDRICAL_SURFACE('',#3939,2.6);
#3941=CARTESIAN_POINT('',(771.92136093,-147.729122671,151.922174843));
#3942=DIRECTION('',(-0.,-1.,-0.));
#3943=VECTOR('',#3942,6.);
#3944=LINE('',#3941,#3943);
#3945=EDGE_CURVE('',#1611,#347,#3944,.T.);
#3946=ORIENTED_EDGE('',*,*,#3945,.F.);
#3947=ORIENTED_EDGE('',*,*,#1617,.F.);
#3948=ORIENTED_EDGE('',*,*,#3945,.T.);
#3949=ORIENTED_EDGE('',*,*,#353,.T.);
#3950=EDGE_LOOP('',(#3946,#3947,#3948,#3949));
#3951=FACE_BOUND('',#3950,.T.);
#3952=ADVANCED_FACE('',(#3951),#3940,.F.);
#3953=CARTESIAN_POINT('',(821.92136093,-155.729122671,89.322174843));
#3954=DIRECTION('',(0.,1.,0.));
#3955=DIRECTION('',(0.,-0.,1.));
#3956=AXIS2_PLACEMENT_3D('',#3953,#3954,#3955);
#3957=CYLINDRICAL_SURFACE('',#3956,2.6);
#3958=CARTESIAN_POINT('',(821.92136093,-147.729122671,91.922174843));
#3959=DIRECTION('',(-0.,-1.,-0.));
#3960=VECTOR('',#3959,6.);
#3961=LINE('',#3958,#3960);
#3962=EDGE_CURVE('',#1600,#336,#3961,.T.);
#3963=ORIENTED_EDGE('',*,*,#3962,.F.);
#3964=ORIENTED_EDGE('',*,*,#1606,.F.);
#3965=ORIENTED_EDGE('',*,*,#3962,.T.);
#3966=ORIENTED_EDGE('',*,*,#342,.T.);
#3967=EDGE_LOOP('',(#3963,#3964,#3965,#3966));
#3968=FACE_BOUND('',#3967,.T.);
#3969=ADVANCED_FACE('',(#3968),#3957,.F.);
#3970=CARTESIAN_POINT('',(771.92136093,-155.729122671,89.322174843));
#3971=DIRECTION('',(0.,1.,0.));
#3972=DIRECTION('',(0.,-0.,1.));
#3973=AXIS2_PLACEMENT_3D('',#3970,#3971,#3972);
#3974=CYLINDRICAL_SURFACE('',#3973,2.6);
#3975=CARTESIAN_POINT('',(771.92136093,-147.729122671,91.922174843));
#3976=DIRECTION('',(-0.,-1.,-0.));
#3977=VECTOR('',#3976,6.);
#3978=LINE('',#3975,#3977);
#3979=EDGE_CURVE('',#1589,#325,#3978,.T.);
#3980=ORIENTED_EDGE('',*,*,#3979,.F.);
#3981=ORIENTED_EDGE('',*,*,#1595,.F.);
#3982=ORIENTED_EDGE('',*,*,#3979,.T.);
#3983=ORIENTED_EDGE('',*,*,#331,.T.);
#3984=EDGE_LOOP('',(#3980,#3981,#3982,#3983));
#3985=FACE_BOUND('',#3984,.T.);
#3986=ADVANCED_FACE('',(#3985),#3974,.F.);
#3987=CARTESIAN_POINT('',(796.92136093,-155.729122671,119.322174843));
#3988=DIRECTION('',(0.,1.,0.));
#3989=DIRECTION('',(0.,-0.,1.));
#3990=AXIS2_PLACEMENT_3D('',#3987,#3988,#3989);
#3991=CYLINDRICAL_SURFACE('',#3990,2.1);
#3992=CARTESIAN_POINT('',(796.92136093,-147.729122671,121.422174843));
#3993=DIRECTION('',(-0.,-1.,-0.));
#3994=VECTOR('',#3993,6.);
#3995=LINE('',#3992,#3994);
#3996=EDGE_CURVE('',#1578,#314,#3995,.T.);
#3997=ORIENTED_EDGE('',*,*,#3996,.F.);
#3998=ORIENTED_EDGE('',*,*,#1584,.F.);
#3999=ORIENTED_EDGE('',*,*,#3996,.T.);
#4000=ORIENTED_EDGE('',*,*,#320,.T.);
#4001=EDGE_LOOP('',(#3997,#3998,#3999,#4000));
#4002=FACE_BOUND('',#4001,.T.);
#4003=ADVANCED_FACE('',(#4002),#3991,.F.);
#4004=CARTESIAN_POINT('',(796.82136093,-155.729122671,143.322174843));
#4005=DIRECTION('',(0.,1.,0.));
#4006=DIRECTION('',(0.,-0.,1.));
#4007=AXIS2_PLACEMENT_3D('',#4004,#4005,#4006);
#4008=CYLINDRICAL_SURFACE('',#4007,2.6);
#4009=CARTESIAN_POINT('',(796.82136093,-147.729122671,145.922174843));
#4010=DIRECTION('',(-0.,-1.,-0.));
#4011=VECTOR('',#4010,6.);
#4012=LINE('',#4009,#4011);
#4013=EDGE_CURVE('',#1567,#303,#4012,.T.);
#4014=ORIENTED_EDGE('',*,*,#4013,.F.);
#4015=ORIENTED_EDGE('',*,*,#1573,.F.);
#4016=ORIENTED_EDGE('',*,*,#4013,.T.);
#4017=ORIENTED_EDGE('',*,*,#309,.T.);
#4018=EDGE_LOOP('',(#4014,#4015,#4016,#4017));
#4019=FACE_BOUND('',#4018,.T.);
#4020=ADVANCED_FACE('',(#4019),#4008,.F.);
#4021=CARTESIAN_POINT('',(754.924713243,-162.729122671,204.325341779));
#4022=DIRECTION('',(0.,1.,0.));
#4023=DIRECTION('',(-0.000040601,0.,0.999999999));
#4024=AXIS2_PLACEMENT_3D('',#4021,#4022,#4023);
#4025=CYLINDRICAL_SURFACE('',#4024,2.6);
#4026=CARTESIAN_POINT('',(754.92460768,-147.729122671,206.925341777));
#4027=DIRECTION('',(-0.,-1.,-0.));
#4028=VECTOR('',#4027,6.);
#4029=LINE('',#4026,#4028);
#4030=EDGE_CURVE('',#2309,#1364,#4029,.T.);
#4031=ORIENTED_EDGE('',*,*,#4030,.F.);
#4032=ORIENTED_EDGE('',*,*,#2315,.T.);
#4033=ORIENTED_EDGE('',*,*,#4030,.T.);
#4034=ORIENTED_EDGE('',*,*,#1370,.F.);
#4035=EDGE_LOOP('',(#4031,#4032,#4033,#4034));
#4036=FACE_BOUND('',#4035,.T.);
#4037=ADVANCED_FACE('',(#4036),#4025,.F.);
#4038=COLOUR_RGB('',0.627451003,0.627451003,0.643137276);
#4039=FILL_AREA_STYLE_COLOUR('',#4038);
#4040=FILL_AREA_STYLE('',(#4039));
#4041=SURFACE_STYLE_FILL_AREA(#4040);
#4042=SURFACE_SIDE_STYLE('',(#4041));
#4043=SURFACE_STYLE_USAGE(.BOTH.,#4042);
#4044=PRESENTATION_STYLE_ASSIGNMENT((#4043));
#4045=OVER_RIDING_STYLED_ITEM('',(#4044),#4037,#110);
#4046=CARTESIAN_POINT('',(845.923089127,-162.729122671,244.32903644));
#4047=DIRECTION('',(0.,1.,0.));
#4048=DIRECTION('',(-0.000040601,0.,0.999999999));
#4049=AXIS2_PLACEMENT_3D('',#4046,#4047,#4048);
#4050=CYLINDRICAL_SURFACE('',#4049,2.6);
#4051=CARTESIAN_POINT('',(845.922983564,-147.729122671,246.929036438));
#4052=DIRECTION('',(-0.,-1.,-0.));
#4053=VECTOR('',#4052,6.);
#4054=LINE('',#4051,#4053);
#4055=EDGE_CURVE('',#2320,#1353,#4054,.T.);
#4056=ORIENTED_EDGE('',*,*,#4055,.F.);
#4057=ORIENTED_EDGE('',*,*,#2326,.T.);
#4058=ORIENTED_EDGE('',*,*,#4055,.T.);
#4059=ORIENTED_EDGE('',*,*,#1359,.F.);
#4060=EDGE_LOOP('',(#4056,#4057,#4058,#4059));
#4061=FACE_BOUND('',#4060,.T.);
#4062=ADVANCED_FACE('',(#4061),#4050,.F.);
#4063=OVER_RIDING_STYLED_ITEM('',(#4044),#4062,#110);
#4064=CARTESIAN_POINT('',(754.923089202,-162.729122671,244.325341746));
#4065=DIRECTION('',(0.,1.,0.));
#4066=DIRECTION('',(-0.000040601,0.,0.999999999));
#4067=AXIS2_PLACEMENT_3D('',#4064,#4065,#4066);
#4068=CYLINDRICAL_SURFACE('',#4067,2.6);
#4069=CARTESIAN_POINT('',(754.922983639,-147.729122671,246.925341744));
#4070=DIRECTION('',(-0.,-1.,-0.));
#4071=VECTOR('',#4070,6.);
#4072=LINE('',#4069,#4071);
#4073=EDGE_CURVE('',#2331,#1342,#4072,.T.);
#4074=ORIENTED_EDGE('',*,*,#4073,.F.);
#4075=ORIENTED_EDGE('',*,*,#2337,.T.);
#4076=ORIENTED_EDGE('',*,*,#4073,.T.);
#4077=ORIENTED_EDGE('',*,*,#1348,.F.);
#4078=EDGE_LOOP('',(#4074,#4075,#4076,#4077));
#4079=FACE_BOUND('',#4078,.T.);
#4080=ADVANCED_FACE('',(#4079),#4068,.F.);
#4081=OVER_RIDING_STYLED_ITEM('',(#4044),#4080,#110);
#4082=CARTESIAN_POINT('',(845.921465086,-162.729122671,284.329036407));
#4083=DIRECTION('',(0.,1.,0.));
#4084=DIRECTION('',(-0.000040601,0.,0.999999999));
#4085=AXIS2_PLACEMENT_3D('',#4082,#4083,#4084);
#4086=CYLINDRICAL_SURFACE('',#4085,2.6);
#4087=CARTESIAN_POINT('',(845.921359523,-147.729122671,286.929036405));
#4088=DIRECTION('',(-0.,-1.,-0.));
#4089=VECTOR('',#4088,6.);
#4090=LINE('',#4087,#4089);
#4091=EDGE_CURVE('',#2342,#1331,#4090,.T.);
#4092=ORIENTED_EDGE('',*,*,#4091,.F.);
#4093=ORIENTED_EDGE('',*,*,#2348,.T.);
#4094=ORIENTED_EDGE('',*,*,#4091,.T.);
#4095=ORIENTED_EDGE('',*,*,#1337,.F.);
#4096=EDGE_LOOP('',(#4092,#4093,#4094,#4095));
#4097=FACE_BOUND('',#4096,.T.);
#4098=ADVANCED_FACE('',(#4097),#4086,.F.);
#4099=OVER_RIDING_STYLED_ITEM('',(#4044),#4098,#110);
#4100=CARTESIAN_POINT('',(845.924713168,-162.729122671,204.329036473));
#4101=DIRECTION('',(0.,1.,0.));
#4102=DIRECTION('',(-0.000040601,0.,0.999999999));
#4103=AXIS2_PLACEMENT_3D('',#4100,#4101,#4102);
#4104=CYLINDRICAL_SURFACE('',#4103,2.6);
#4105=CARTESIAN_POINT('',(845.924607605,-147.729122671,206.929036471));
#4106=DIRECTION('',(-0.,-1.,-0.));
#4107=VECTOR('',#4106,6.);
#4108=LINE('',#4105,#4107);
#4109=EDGE_CURVE('',#2353,#1320,#4108,.T.);
#4110=ORIENTED_EDGE('',*,*,#4109,.F.);
#4111=ORIENTED_EDGE('',*,*,#2359,.T.);
#4112=ORIENTED_EDGE('',*,*,#4109,.T.);
#4113=ORIENTED_EDGE('',*,*,#1326,.F.);
#4114=EDGE_LOOP('',(#4110,#4111,#4112,#4113));
#4115=FACE_BOUND('',#4114,.T.);
#4116=ADVANCED_FACE('',(#4115),#4104,.F.);
#4117=OVER_RIDING_STYLED_ITEM('',(#4044),#4116,#110);
#4118=CARTESIAN_POINT('',(754.918623088,-162.729122671,354.325341655));
#4119=DIRECTION('',(0.,1.,0.));
#4120=DIRECTION('',(-0.000040601,0.,0.999999999));
#4121=AXIS2_PLACEMENT_3D('',#4118,#4119,#4120);
#4122=CYLINDRICAL_SURFACE('',#4121,2.6);
#4123=CARTESIAN_POINT('',(754.918517525,-147.729122671,356.925341653));
#4124=DIRECTION('',(-0.,-1.,-0.));
#4125=VECTOR('',#4124,6.);
#4126=LINE('',#4123,#4125);
#4127=EDGE_CURVE('',#2364,#1309,#4126,.T.);
#4128=ORIENTED_EDGE('',*,*,#4127,.F.);
#4129=ORIENTED_EDGE('',*,*,#2370,.T.);
#4130=ORIENTED_EDGE('',*,*,#4127,.T.);
#4131=ORIENTED_EDGE('',*,*,#1315,.F.);
#4132=EDGE_LOOP('',(#4128,#4129,#4130,#4131));
#4133=FACE_BOUND('',#4132,.T.);
#4134=ADVANCED_FACE('',(#4133),#4122,.F.);
#4135=OVER_RIDING_STYLED_ITEM('',(#4044),#4134,#110);
#4136=CARTESIAN_POINT('',(496.87863907,-147.729122671,309.322174843));
#4137=DIRECTION('',(0.707106781,0.,-0.707106781));
#4138=DIRECTION('',(-0.707106781,0.,-0.707106781));
#4139=AXIS2_PLACEMENT_3D('',#4136,#4137,#4138);
#4140=PLANE('',#4139);
#4141=ORIENTED_EDGE('',*,*,#1405,.F.);
#4142=CARTESIAN_POINT('',(499.807571258,-147.729122671,312.251107031));
#4143=DIRECTION('',(-0.,-1.,-0.));
#4144=VECTOR('',#4143,6.);
#4145=LINE('',#4142,#4144);
#4146=EDGE_CURVE('',#1391,#117,#4145,.T.);
#4147=ORIENTED_EDGE('',*,*,#4146,.T.);
#4148=ORIENTED_EDGE('',*,*,#298,.T.);
#4149=CARTESIAN_POINT('',(553.949706881,-147.729122671,366.393242655));
#4150=DIRECTION('',(0.,-1.,0.));
#4151=VECTOR('',#4150,6.);
#4152=LINE('',#4149,#4151);
#4153=EDGE_CURVE('NONE',#1400,#286,#4152,.T.);
#4154=ORIENTED_EDGE('',*,*,#4153,.F.);
#4155=EDGE_LOOP('',(#4141,#4147,#4148,#4154));
#4156=FACE_BOUND('',#4155,.T.);
#4157=ADVANCED_FACE('NONE',(#4156),#4140,.F.);
#4158=CARTESIAN_POINT('',(561.020774693,-147.729122671,359.322174843));
#4159=DIRECTION('',(0.,-1.,0.));
#4160=DIRECTION('',(0.,0.,-1.));
#4161=AXIS2_PLACEMENT_3D('',#4158,#4159,#4160);
#4162=CYLINDRICAL_SURFACE('',#4161,10.);
#4163=ORIENTED_EDGE('',*,*,#292,.T.);
#4164=CARTESIAN_POINT('',(561.020774693,-147.729122671,369.322174843));
#4165=DIRECTION('',(-0.,-1.,-0.));
#4166=VECTOR('',#4165,6.);
#4167=LINE('',#4164,#4166);
#4168=EDGE_CURVE('NONE',#1408,#278,#4167,.T.);
#4169=ORIENTED_EDGE('',*,*,#4168,.F.);
#4170=ORIENTED_EDGE('',*,*,#1414,.F.);
#4171=ORIENTED_EDGE('',*,*,#4153,.T.);
#4172=EDGE_LOOP('',(#4163,#4169,#4170,#4171));
#4173=FACE_BOUND('',#4172,.T.);
#4174=ADVANCED_FACE('NONE',(#4173),#4162,.T.);
#4175=CARTESIAN_POINT('',(561.020774693,-147.729122671,369.322174843));
#4176=DIRECTION('',(0.,0.,-1.));
#4177=DIRECTION('',(-1.,0.,0.));
#4178=AXIS2_PLACEMENT_3D('',#4175,#4176,#4177);
#4179=PLANE('',#4178);
#4180=ORIENTED_EDGE('',*,*,#283,.T.);
#4181=CARTESIAN_POINT('',(616.87863907,-147.729122671,369.322174843));
#4182=DIRECTION('',(-0.,-1.,-0.));
#4183=VECTOR('',#4182,6.);
#4184=LINE('',#4181,#4183);
#4185=EDGE_CURVE('NONE',#1417,#270,#4184,.T.);
#4186=ORIENTED_EDGE('',*,*,#4185,.F.);
#4187=ORIENTED_EDGE('',*,*,#1422,.F.);
#4188=ORIENTED_EDGE('',*,*,#4168,.T.);
#4189=EDGE_LOOP('',(#4180,#4186,#4187,#4188));
#4190=FACE_BOUND('',#4189,.T.);
#4191=ADVANCED_FACE('NONE',(#4190),#4179,.F.);
#4192=CARTESIAN_POINT('',(616.87863907,-147.729122671,369.322174843));
#4193=DIRECTION('',(-1.,0.,0.));
#4194=DIRECTION('',(0.,0.,1.));
#4195=AXIS2_PLACEMENT_3D('',#4192,#4193,#4194);
#4196=PLANE('',#4195);
#4197=ORIENTED_EDGE('',*,*,#275,.T.);
#4198=CARTESIAN_POINT('',(616.87863907,-147.729122671,294.322174843));
#4199=DIRECTION('',(-0.,-1.,-0.));
#4200=VECTOR('',#4199,6.);
#4201=LINE('',#4198,#4200);
#4202=EDGE_CURVE('NONE',#1425,#262,#4201,.T.);
#4203=ORIENTED_EDGE('',*,*,#4202,.F.);
#4204=ORIENTED_EDGE('',*,*,#1430,.F.);
#4205=ORIENTED_EDGE('',*,*,#4185,.T.);
#4206=EDGE_LOOP('',(#4197,#4203,#4204,#4205));
#4207=FACE_BOUND('',#4206,.T.);
#4208=ADVANCED_FACE('NONE',(#4207),#4196,.F.);
#4209=CARTESIAN_POINT('',(616.87863907,-147.729122671,294.322174843));
#4210=DIRECTION('',(-0.707106781,0.,-0.707106781));
#4211=DIRECTION('',(-0.707106781,0.,0.707106781));
#4212=AXIS2_PLACEMENT_3D('',#4209,#4210,#4211);
#4213=PLANE('',#4212);
#4214=ORIENTED_EDGE('',*,*,#267,.T.);
#4215=CARTESIAN_POINT('',(621.87863907,-147.729122671,289.322174843));
#4216=DIRECTION('',(-0.,-1.,-0.));
#4217=VECTOR('',#4216,6.);
#4218=LINE('',#4215,#4217);
#4219=EDGE_CURVE('NONE',#1433,#254,#4218,.T.);
#4220=ORIENTED_EDGE('',*,*,#4219,.F.);
#4221=ORIENTED_EDGE('',*,*,#1438,.F.);
#4222=ORIENTED_EDGE('',*,*,#4202,.T.);
#4223=EDGE_LOOP('',(#4214,#4220,#4221,#4222));
#4224=FACE_BOUND('',#4223,.T.);
#4225=ADVANCED_FACE('NONE',(#4224),#4213,.F.);
#4226=CARTESIAN_POINT('',(621.87863907,-147.729122671,289.322174843));
#4227=DIRECTION('',(0.,0.,-1.));
#4228=DIRECTION('',(-1.,0.,0.));
#4229=AXIS2_PLACEMENT_3D('',#4226,#4227,#4228);
#4230=PLANE('',#4229);
#4231=ORIENTED_EDGE('',*,*,#259,.T.);
#4232=CARTESIAN_POINT('',(731.87863907,-147.729122671,289.322174843));
#4233=DIRECTION('',(-0.,-1.,-0.));
#4234=VECTOR('',#4233,6.);
#4235=LINE('',#4232,#4234);
#4236=EDGE_CURVE('NONE',#1441,#246,#4235,.T.);
#4237=ORIENTED_EDGE('',*,*,#4236,.F.);
#4238=ORIENTED_EDGE('',*,*,#1446,.F.);
#4239=ORIENTED_EDGE('',*,*,#4219,.T.);
#4240=EDGE_LOOP('',(#4231,#4237,#4238,#4239));
#4241=FACE_BOUND('',#4240,.T.);
#4242=ADVANCED_FACE('NONE',(#4241),#4230,.F.);
#4243=CARTESIAN_POINT('',(731.87863907,-147.729122671,289.322174843));
#4244=DIRECTION('',(0.707106781,0.,-0.707106781));
#4245=DIRECTION('',(-0.707106781,0.,-0.707106781));
#4246=AXIS2_PLACEMENT_3D('',#4243,#4244,#4245);
#4247=PLANE('',#4246);
#4248=ORIENTED_EDGE('',*,*,#251,.T.);
#4249=CARTESIAN_POINT('',(736.87863907,-147.729122671,294.322174843));
#4250=DIRECTION('',(-0.,-1.,-0.));
#4251=VECTOR('',#4250,6.);
#4252=LINE('',#4249,#4251);
#4253=EDGE_CURVE('NONE',#1449,#238,#4252,.T.);
#4254=ORIENTED_EDGE('',*,*,#4253,.F.);
#4255=ORIENTED_EDGE('',*,*,#1454,.F.);
#4256=ORIENTED_EDGE('',*,*,#4236,.T.);
#4257=EDGE_LOOP('',(#4248,#4254,#4255,#4256));
#4258=FACE_BOUND('',#4257,.T.);
#4259=ADVANCED_FACE('NONE',(#4258),#4247,.F.);
#4260=CARTESIAN_POINT('',(736.87863907,-147.729122671,369.322174843));
#4261=DIRECTION('',(1.,0.,0.));
#4262=DIRECTION('',(0.,0.,-1.));
#4263=AXIS2_PLACEMENT_3D('',#4260,#4261,#4262);
#4264=PLANE('',#4263);
#4265=ORIENTED_EDGE('',*,*,#243,.T.);
#4266=CARTESIAN_POINT('',(736.87863907,-147.729122671,369.322174843));
#4267=DIRECTION('',(-0.,-1.,-0.));
#4268=VECTOR('',#4267,6.);
#4269=LINE('',#4266,#4268);
#4270=EDGE_CURVE('NONE',#1457,#230,#4269,.T.);
#4271=ORIENTED_EDGE('',*,*,#4270,.F.);
#4272=ORIENTED_EDGE('',*,*,#1462,.F.);
#4273=ORIENTED_EDGE('',*,*,#4253,.T.);
#4274=EDGE_LOOP('',(#4265,#4271,#4272,#4273));
#4275=FACE_BOUND('',#4274,.T.);
#4276=ADVANCED_FACE('NONE',(#4275),#4264,.F.);
#4277=CARTESIAN_POINT('',(792.736503446,-147.729122671,369.322174843));
#4278=DIRECTION('',(0.,0.,-1.));
#4279=DIRECTION('',(-1.,0.,0.));
#4280=AXIS2_PLACEMENT_3D('',#4277,#4278,#4279);
#4281=PLANE('',#4280);
#4282=ORIENTED_EDGE('',*,*,#235,.T.);
#4283=CARTESIAN_POINT('',(792.736503446,-147.729122671,369.322174843));
#4284=DIRECTION('',(0.,-1.,0.));
#4285=VECTOR('',#4284,6.);
#4286=LINE('',#4283,#4285);
#4287=EDGE_CURVE('NONE',#1465,#221,#4286,.T.);
#4288=ORIENTED_EDGE('',*,*,#4287,.F.);
#4289=ORIENTED_EDGE('',*,*,#1470,.F.);
#4290=ORIENTED_EDGE('',*,*,#4270,.T.);
#4291=EDGE_LOOP('',(#4282,#4288,#4289,#4290));
#4292=FACE_BOUND('',#4291,.T.);
#4293=ADVANCED_FACE('NONE',(#4292),#4281,.F.);
#4294=CARTESIAN_POINT('',(792.736503446,-147.729122671,359.322174843));
#4295=DIRECTION('',(0.,-1.,0.));
#4296=DIRECTION('',(0.,0.,-1.));
#4297=AXIS2_PLACEMENT_3D('',#4294,#4295,#4296);
#4298=CYLINDRICAL_SURFACE('',#4297,10.);
#4299=ORIENTED_EDGE('',*,*,#227,.T.);
#4300=CARTESIAN_POINT('',(799.807571258,-147.729122671,366.393242655));
#4301=DIRECTION('',(-0.,-1.,-0.));
#4302=VECTOR('',#4301,6.);
#4303=LINE('',#4300,#4302);
#4304=EDGE_CURVE('NONE',#1473,#213,#4303,.T.);
#4305=ORIENTED_EDGE('',*,*,#4304,.F.);
#4306=ORIENTED_EDGE('',*,*,#1479,.F.);
#4307=ORIENTED_EDGE('',*,*,#4287,.T.);
#4308=EDGE_LOOP('',(#4299,#4305,#4306,#4307));
#4309=FACE_BOUND('',#4308,.T.);
#4310=ADVANCED_FACE('NONE',(#4309),#4298,.T.);
#4311=CARTESIAN_POINT('',(799.807571258,-147.729122671,366.393242655));
#4312=DIRECTION('',(-0.707106781,0.,-0.707106781));
#4313=DIRECTION('',(-0.707106781,0.,0.707106781));
#4314=AXIS2_PLACEMENT_3D('',#4311,#4312,#4313);
#4315=PLANE('',#4314);
#4316=ORIENTED_EDGE('',*,*,#218,.T.);
#4317=CARTESIAN_POINT('',(853.949706881,-153.729122671,312.251107032));
#4318=DIRECTION('',(0.,1.,0.));
#4319=VECTOR('',#4318,6.);
#4320=LINE('',#4317,#4319);
#4321=EDGE_CURVE('',#204,#1482,#4320,.T.);
#4322=ORIENTED_EDGE('',*,*,#4321,.T.);
#4323=ORIENTED_EDGE('',*,*,#1487,.F.);
#4324=ORIENTED_EDGE('',*,*,#4304,.T.);
#4325=EDGE_LOOP('',(#4316,#4322,#4323,#4324));
#4326=FACE_BOUND('',#4325,.T.);
#4327=ADVANCED_FACE('NONE',(#4326),#4315,.F.);
#4328=CARTESIAN_POINT('',(830.414172976,-147.729122671,321.644505314));
#4329=DIRECTION('',(0.,-1.,0.));
#4330=DIRECTION('',(0.,0.,-1.));
#4331=AXIS2_PLACEMENT_3D('',#4328,#4329,#4330);
#4332=CYLINDRICAL_SURFACE('',#4331,1.6);
#4333=CARTESIAN_POINT('',(830.414172976,-153.729122671,320.044505314));
#4334=DIRECTION('',(-0.,1.,-0.));
#4335=VECTOR('',#4334,6.);
#4336=LINE('',#4333,#4335);
#4337=EDGE_CURVE('',#1133,#2628,#4336,.T.);
#4338=ORIENTED_EDGE('',*,*,#4337,.F.);
#4339=ORIENTED_EDGE('',*,*,#1139,.F.);
#4340=ORIENTED_EDGE('',*,*,#4337,.T.);
#4341=ORIENTED_EDGE('',*,*,#2634,.T.);
#4342=EDGE_LOOP('',(#4338,#4339,#4340,#4341));
#4343=FACE_BOUND('',#4342,.T.);
#4344=ADVANCED_FACE('NONE',(#4343),#4332,.F.);
#4345=CARTESIAN_POINT('',(816.272037352,-147.729122671,307.50236969));
#4346=DIRECTION('',(0.,-1.,0.));
#4347=DIRECTION('',(0.,0.,-1.));
#4348=AXIS2_PLACEMENT_3D('',#4345,#4346,#4347);
#4349=CYLINDRICAL_SURFACE('',#4348,1.6);
#4350=CARTESIAN_POINT('',(816.272037352,-153.729122671,305.90236969));
#4351=DIRECTION('',(-0.,1.,-0.));
#4352=VECTOR('',#4351,6.);
#4353=LINE('',#4350,#4352);
#4354=EDGE_CURVE('',#1122,#2617,#4353,.T.);
#4355=ORIENTED_EDGE('',*,*,#4354,.F.);
#4356=ORIENTED_EDGE('',*,*,#1128,.F.);
#4357=ORIENTED_EDGE('',*,*,#4354,.T.);
#4358=ORIENTED_EDGE('',*,*,#2623,.T.);
#4359=EDGE_LOOP('',(#4355,#4356,#4357,#4358));
#4360=FACE_BOUND('',#4359,.T.);
#4361=ADVANCED_FACE('NONE',(#4360),#4349,.F.);
#4362=CARTESIAN_POINT('',(795.058833916,-147.729122671,328.715573125));
#4363=DIRECTION('',(0.,-1.,0.));
#4364=DIRECTION('',(0.,0.,-1.));
#4365=AXIS2_PLACEMENT_3D('',#4362,#4363,#4364);
#4366=CYLINDRICAL_SURFACE('',#4365,1.6);
#4367=CARTESIAN_POINT('',(795.058833916,-153.729122671,327.115573125));
#4368=DIRECTION('',(-0.,1.,-0.));
#4369=VECTOR('',#4368,6.);
#4370=LINE('',#4367,#4369);
#4371=EDGE_CURVE('',#1144,#2606,#4370,.T.);
#4372=ORIENTED_EDGE('',*,*,#4371,.F.);
#4373=ORIENTED_EDGE('',*,*,#1150,.F.);
#4374=ORIENTED_EDGE('',*,*,#4371,.T.);
#4375=ORIENTED_EDGE('',*,*,#2612,.T.);
#4376=EDGE_LOOP('',(#4372,#4373,#4374,#4375));
#4377=FACE_BOUND('',#4376,.T.);
#4378=ADVANCED_FACE('NONE',(#4377),#4366,.F.);
#4379=CARTESIAN_POINT('',(809.20096954,-147.729122671,342.857708749));
#4380=DIRECTION('',(0.,-1.,0.));
#4381=DIRECTION('',(0.,0.,-1.));
#4382=AXIS2_PLACEMENT_3D('',#4379,#4380,#4381);
#4383=CYLINDRICAL_SURFACE('',#4382,1.6);
#4384=CARTESIAN_POINT('',(809.20096954,-153.729122671,341.257708749));
#4385=DIRECTION('',(-0.,1.,-0.));
#4386=VECTOR('',#4385,6.);
#4387=LINE('',#4384,#4386);
#4388=EDGE_CURVE('',#1111,#2595,#4387,.T.);
#4389=ORIENTED_EDGE('',*,*,#4388,.F.);
#4390=ORIENTED_EDGE('',*,*,#1117,.F.);
#4391=ORIENTED_EDGE('',*,*,#4388,.T.);
#4392=ORIENTED_EDGE('',*,*,#2601,.T.);
#4393=EDGE_LOOP('',(#4389,#4390,#4391,#4392));
#4394=FACE_BOUND('',#4393,.T.);
#4395=ADVANCED_FACE('NONE',(#4394),#4383,.F.);
#4396=CARTESIAN_POINT('',(812.736503446,-147.729122671,325.180039219));
#4397=DIRECTION('',(0.,-1.,0.));
#4398=DIRECTION('',(0.,0.,-1.));
#4399=AXIS2_PLACEMENT_3D('',#4396,#4397,#4398);
#4400=CYLINDRICAL_SURFACE('',#4399,7.5);
#4401=CARTESIAN_POINT('',(812.736503446,-153.729122671,317.680039219));
#4402=DIRECTION('',(-0.,1.,-0.));
#4403=VECTOR('',#4402,6.);
#4404=LINE('',#4401,#4403);
#4405=EDGE_CURVE('',#1155,#2584,#4404,.T.);
#4406=ORIENTED_EDGE('',*,*,#4405,.F.);
#4407=ORIENTED_EDGE('',*,*,#1161,.F.);
#4408=ORIENTED_EDGE('',*,*,#4405,.T.);
#4409=ORIENTED_EDGE('',*,*,#2590,.T.);
#4410=EDGE_LOOP('',(#4406,#4407,#4408,#4409));
#4411=FACE_BOUND('',#4410,.T.);
#4412=ADVANCED_FACE('NONE',(#4411),#4400,.F.);
#4413=CARTESIAN_POINT('',(541.020774693,-147.729122671,325.180039219));
#4414=DIRECTION('',(0.,-1.,0.));
#4415=DIRECTION('',(0.,0.,-1.));
#4416=AXIS2_PLACEMENT_3D('',#4413,#4414,#4415);
#4417=CYLINDRICAL_SURFACE('',#4416,7.5);
#4418=CARTESIAN_POINT('',(541.020774693,-153.729122671,317.680039219));
#4419=DIRECTION('',(-0.,1.,-0.));
#4420=VECTOR('',#4419,6.);
#4421=LINE('',#4418,#4420);
#4422=EDGE_CURVE('',#1166,#2573,#4421,.T.);
#4423=ORIENTED_EDGE('',*,*,#4422,.F.);
#4424=ORIENTED_EDGE('',*,*,#1172,.F.);
#4425=ORIENTED_EDGE('',*,*,#4422,.T.);
#4426=ORIENTED_EDGE('',*,*,#2579,.T.);
#4427=EDGE_LOOP('',(#4423,#4424,#4425,#4426));
#4428=FACE_BOUND('',#4427,.T.);
#4429=ADVANCED_FACE('NONE',(#4428),#4417,.F.);
#4430=CARTESIAN_POINT('',(544.556308599,-147.729122671,342.857708749));
#4431=DIRECTION('',(0.,-1.,0.));
#4432=DIRECTION('',(0.,0.,-1.));
#4433=AXIS2_PLACEMENT_3D('',#4430,#4431,#4432);
#4434=CYLINDRICAL_SURFACE('',#4433,1.6);
#4435=CARTESIAN_POINT('',(544.556308599,-153.729122671,341.257708749));
#4436=DIRECTION('',(-0.,1.,-0.));
#4437=VECTOR('',#4436,6.);
#4438=LINE('',#4435,#4437);
#4439=EDGE_CURVE('',#1100,#2562,#4438,.T.);
#4440=ORIENTED_EDGE('',*,*,#4439,.F.);
#4441=ORIENTED_EDGE('',*,*,#1106,.F.);
#4442=ORIENTED_EDGE('',*,*,#4439,.T.);
#4443=ORIENTED_EDGE('',*,*,#2568,.T.);
#4444=EDGE_LOOP('',(#4440,#4441,#4442,#4443));
#4445=FACE_BOUND('',#4444,.T.);
#4446=ADVANCED_FACE('NONE',(#4445),#4434,.F.);
#4447=CARTESIAN_POINT('',(558.698444223,-147.729122671,328.715573125));
#4448=DIRECTION('',(0.,-1.,0.));
#4449=DIRECTION('',(0.,0.,-1.));
#4450=AXIS2_PLACEMENT_3D('',#4447,#4448,#4449);
#4451=CYLINDRICAL_SURFACE('',#4450,1.6);
#4452=CARTESIAN_POINT('',(558.698444223,-153.729122671,327.115573125));
#4453=DIRECTION('',(-0.,1.,-0.));
#4454=VECTOR('',#4453,6.);
#4455=LINE('',#4452,#4454);
#4456=EDGE_CURVE('',#1177,#2551,#4455,.T.);
#4457=ORIENTED_EDGE('',*,*,#4456,.F.);
#4458=ORIENTED_EDGE('',*,*,#1183,.F.);
#4459=ORIENTED_EDGE('',*,*,#4456,.T.);
#4460=ORIENTED_EDGE('',*,*,#2557,.T.);
#4461=EDGE_LOOP('',(#4457,#4458,#4459,#4460));
#4462=FACE_BOUND('',#4461,.T.);
#4463=ADVANCED_FACE('NONE',(#4462),#4451,.F.);
#4464=CARTESIAN_POINT('',(537.485240787,-147.729122671,307.50236969));
#4465=DIRECTION('',(0.,-1.,0.));
#4466=DIRECTION('',(0.,0.,-1.));
#4467=AXIS2_PLACEMENT_3D('',#4464,#4465,#4466);
#4468=CYLINDRICAL_SURFACE('',#4467,1.6);
#4469=CARTESIAN_POINT('',(537.485240787,-153.729122671,305.90236969));
#4470=DIRECTION('',(-0.,1.,-0.));
#4471=VECTOR('',#4470,6.);
#4472=LINE('',#4469,#4471);
#4473=EDGE_CURVE('',#1089,#2540,#4472,.T.);
#4474=ORIENTED_EDGE('',*,*,#4473,.F.);
#4475=ORIENTED_EDGE('',*,*,#1095,.F.);
#4476=ORIENTED_EDGE('',*,*,#4473,.T.);
#4477=ORIENTED_EDGE('',*,*,#2546,.T.);
#4478=EDGE_LOOP('',(#4474,#4475,#4476,#4477));
#4479=FACE_BOUND('',#4478,.T.);
#4480=ADVANCED_FACE('NONE',(#4479),#4468,.F.);
#4481=CARTESIAN_POINT('',(523.343105164,-147.729122671,321.644505314));
#4482=DIRECTION('',(0.,-1.,0.));
#4483=DIRECTION('',(0.,0.,-1.));
#4484=AXIS2_PLACEMENT_3D('',#4481,#4482,#4483);
#4485=CYLINDRICAL_SURFACE('',#4484,1.6);
#4486=CARTESIAN_POINT('',(523.343105164,-153.729122671,320.044505314));
#4487=DIRECTION('',(-0.,1.,-0.));
#4488=VECTOR('',#4487,6.);
#4489=LINE('',#4486,#4488);
#4490=EDGE_CURVE('',#1188,#2529,#4489,.T.);
#4491=ORIENTED_EDGE('',*,*,#4490,.F.);
#4492=ORIENTED_EDGE('',*,*,#1194,.F.);
#4493=ORIENTED_EDGE('',*,*,#4490,.T.);
#4494=ORIENTED_EDGE('',*,*,#2535,.T.);
#4495=EDGE_LOOP('',(#4491,#4492,#4493,#4494));
#4496=FACE_BOUND('',#4495,.T.);
#4497=ADVANCED_FACE('NONE',(#4496),#4485,.F.);
#4498=CARTESIAN_POINT('',(596.87863907,-147.729122671,289.322174843));
#4499=DIRECTION('',(0.,-1.,0.));
#4500=DIRECTION('',(0.,0.,-1.));
#4501=AXIS2_PLACEMENT_3D('',#4498,#4499,#4500);
#4502=CYLINDRICAL_SURFACE('',#4501,2.6);
#4503=CARTESIAN_POINT('',(596.87863907,-153.729122671,286.722174843));
#4504=DIRECTION('',(-0.,1.,-0.));
#4505=VECTOR('',#4504,6.);
#4506=LINE('',#4503,#4505);
#4507=EDGE_CURVE('',#1199,#2518,#4506,.T.);
#4508=ORIENTED_EDGE('',*,*,#4507,.F.);
#4509=ORIENTED_EDGE('',*,*,#1205,.F.);
#4510=ORIENTED_EDGE('',*,*,#4507,.T.);
#4511=ORIENTED_EDGE('',*,*,#2524,.T.);
#4512=EDGE_LOOP('',(#4508,#4509,#4510,#4511));
#4513=FACE_BOUND('',#4512,.T.);
#4514=ADVANCED_FACE('NONE',(#4513),#4502,.F.);
#4515=CARTESIAN_POINT('',(596.87863907,-147.729122671,331.322174843));
#4516=DIRECTION('',(0.,-1.,0.));
#4517=DIRECTION('',(0.,0.,-1.));
#4518=AXIS2_PLACEMENT_3D('',#4515,#4516,#4517);
#4519=CYLINDRICAL_SURFACE('',#4518,2.6);
#4520=CARTESIAN_POINT('',(596.87863907,-153.729122671,328.722174843));
#4521=DIRECTION('',(-0.,1.,-0.));
#4522=VECTOR('',#4521,6.);
#4523=LINE('',#4520,#4522);
#4524=EDGE_CURVE('',#1078,#2507,#4523,.T.);
#4525=ORIENTED_EDGE('',*,*,#4524,.F.);
#4526=ORIENTED_EDGE('',*,*,#1084,.F.);
#4527=ORIENTED_EDGE('',*,*,#4524,.T.);
#4528=ORIENTED_EDGE('',*,*,#2513,.T.);
#4529=EDGE_LOOP('',(#4525,#4526,#4527,#4528));
#4530=FACE_BOUND('',#4529,.T.);
#4531=ADVANCED_FACE('NONE',(#4530),#4519,.F.);
#4532=CARTESIAN_POINT('',(756.87863907,-147.729122671,331.322174843));
#4533=DIRECTION('',(0.,-1.,0.));
#4534=DIRECTION('',(0.,0.,-1.));
#4535=AXIS2_PLACEMENT_3D('',#4532,#4533,#4534);
#4536=CYLINDRICAL_SURFACE('',#4535,2.6);
#4537=CARTESIAN_POINT('',(756.87863907,-153.729122671,328.722174843));
#4538=DIRECTION('',(-0.,1.,-0.));
#4539=VECTOR('',#4538,6.);
#4540=LINE('',#4537,#4539);
#4541=EDGE_CURVE('',#1210,#2496,#4540,.T.);
#4542=ORIENTED_EDGE('',*,*,#4541,.F.);
#4543=ORIENTED_EDGE('',*,*,#1216,.F.);
#4544=ORIENTED_EDGE('',*,*,#4541,.T.);
#4545=ORIENTED_EDGE('',*,*,#2502,.T.);
#4546=EDGE_LOOP('',(#4542,#4543,#4544,#4545));
#4547=FACE_BOUND('',#4546,.T.);
#4548=ADVANCED_FACE('NONE',(#4547),#4536,.F.);
#4549=CARTESIAN_POINT('',(756.87863907,-147.729122671,289.322174843));
#4550=DIRECTION('',(0.,-1.,0.));
#4551=DIRECTION('',(0.,0.,-1.));
#4552=AXIS2_PLACEMENT_3D('',#4549,#4550,#4551);
#4553=CYLINDRICAL_SURFACE('',#4552,2.6);
#4554=CARTESIAN_POINT('',(756.87863907,-153.729122671,286.722174843));
#4555=DIRECTION('',(-0.,1.,-0.));
#4556=VECTOR('',#4555,6.);
#4557=LINE('',#4554,#4556);
#4558=EDGE_CURVE('',#1067,#2485,#4557,.T.);
#4559=ORIENTED_EDGE('',*,*,#4558,.F.);
#4560=ORIENTED_EDGE('',*,*,#1073,.F.);
#4561=ORIENTED_EDGE('',*,*,#4558,.T.);
#4562=ORIENTED_EDGE('',*,*,#2491,.T.);
#4563=EDGE_LOOP('',(#4559,#4560,#4561,#4562));
#4564=FACE_BOUND('',#4563,.T.);
#4565=ADVANCED_FACE('NONE',(#4564),#4553,.F.);
#4566=CARTESIAN_POINT('',(697.87863907,-147.729122671,279.322174843));
#4567=DIRECTION('',(0.,-1.,0.));
#4568=DIRECTION('',(0.,0.,-1.));
#4569=AXIS2_PLACEMENT_3D('',#4566,#4567,#4568);
#4570=CYLINDRICAL_SURFACE('',#4569,2.6);
#4571=CARTESIAN_POINT('',(697.87863907,-153.729122671,276.722174843));
#4572=DIRECTION('',(-0.,1.,-0.));
#4573=VECTOR('',#4572,6.);
#4574=LINE('',#4571,#4573);
#4575=EDGE_CURVE('',#1221,#2474,#4574,.T.);
#4576=ORIENTED_EDGE('',*,*,#4575,.F.);
#4577=ORIENTED_EDGE('',*,*,#1227,.F.);
#4578=ORIENTED_EDGE('',*,*,#4575,.T.);
#4579=ORIENTED_EDGE('',*,*,#2480,.T.);
#4580=EDGE_LOOP('',(#4576,#4577,#4578,#4579));
#4581=FACE_BOUND('',#4580,.T.);
#4582=ADVANCED_FACE('NONE',(#4581),#4570,.F.);
#4583=CARTESIAN_POINT('',(697.87863907,-147.729122671,209.322174843));
#4584=DIRECTION('',(0.,-1.,0.));
#4585=DIRECTION('',(0.,0.,-1.));
#4586=AXIS2_PLACEMENT_3D('',#4583,#4584,#4585);
#4587=CYLINDRICAL_SURFACE('',#4586,2.6);
#4588=CARTESIAN_POINT('',(697.87863907,-153.729122671,206.722174843));
#4589=DIRECTION('',(-0.,1.,-0.));
#4590=VECTOR('',#4589,6.);
#4591=LINE('',#4588,#4590);
#4592=EDGE_CURVE('',#1056,#2463,#4591,.T.);
#4593=ORIENTED_EDGE('',*,*,#4592,.F.);
#4594=ORIENTED_EDGE('',*,*,#1062,.F.);
#4595=ORIENTED_EDGE('',*,*,#4592,.T.);
#4596=ORIENTED_EDGE('',*,*,#2469,.T.);
#4597=EDGE_LOOP('',(#4593,#4594,#4595,#4596));
#4598=FACE_BOUND('',#4597,.T.);
#4599=ADVANCED_FACE('NONE',(#4598),#4587,.F.);
#4600=CARTESIAN_POINT('',(655.87863907,-147.729122671,279.322174843));
#4601=DIRECTION('',(0.,-1.,0.));
#4602=DIRECTION('',(0.,0.,-1.));
#4603=AXIS2_PLACEMENT_3D('',#4600,#4601,#4602);
#4604=CYLINDRICAL_SURFACE('',#4603,2.6);
#4605=CARTESIAN_POINT('',(655.87863907,-153.729122671,276.722174843));
#4606=DIRECTION('',(-0.,1.,-0.));
#4607=VECTOR('',#4606,6.);
#4608=LINE('',#4605,#4607);
#4609=EDGE_CURVE('',#1232,#2452,#4608,.T.);
#4610=ORIENTED_EDGE('',*,*,#4609,.F.);
#4611=ORIENTED_EDGE('',*,*,#1238,.F.);
#4612=ORIENTED_EDGE('',*,*,#4609,.T.);
#4613=ORIENTED_EDGE('',*,*,#2458,.T.);
#4614=EDGE_LOOP('',(#4610,#4611,#4612,#4613));
#4615=FACE_BOUND('',#4614,.T.);
#4616=ADVANCED_FACE('NONE',(#4615),#4604,.F.);
#4617=CARTESIAN_POINT('',(655.87863907,-147.729122671,209.322174843));
#4618=DIRECTION('',(0.,-1.,0.));
#4619=DIRECTION('',(0.,0.,-1.));
#4620=AXIS2_PLACEMENT_3D('',#4617,#4618,#4619);
#4621=CYLINDRICAL_SURFACE('',#4620,2.6);
#4622=CARTESIAN_POINT('',(655.87863907,-153.729122671,206.722174843));
#4623=DIRECTION('',(-0.,1.,-0.));
#4624=VECTOR('',#4623,6.);
#4625=LINE('',#4622,#4624);
#4626=EDGE_CURVE('',#1045,#2441,#4625,.T.);
#4627=ORIENTED_EDGE('',*,*,#4626,.F.);
#4628=ORIENTED_EDGE('',*,*,#1051,.F.);
#4629=ORIENTED_EDGE('',*,*,#4626,.T.);
#4630=ORIENTED_EDGE('',*,*,#2447,.T.);
#4631=EDGE_LOOP('',(#4627,#4628,#4629,#4630));
#4632=FACE_BOUND('',#4631,.T.);
#4633=ADVANCED_FACE('NONE',(#4632),#4621,.F.);
#4634=CARTESIAN_POINT('',(506.87863907,-147.729122671,305.180039219));
#4635=DIRECTION('',(0.,-1.,0.));
#4636=DIRECTION('',(0.,0.,-1.));
#4637=AXIS2_PLACEMENT_3D('',#4634,#4635,#4636);
#4638=CYLINDRICAL_SURFACE('',#4637,10.);
#4639=ORIENTED_EDGE('',*,*,#1397,.F.);
#4640=ORIENTED_EDGE('',*,*,#3565,.F.);
#4641=ORIENTED_EDGE('',*,*,#125,.F.);
#4642=ORIENTED_EDGE('',*,*,#4146,.F.);
#4643=EDGE_LOOP('',(#4639,#4640,#4641,#4642));
#4644=FACE_BOUND('',#4643,.T.);
#4645=ADVANCED_FACE('',(#4644),#4638,.T.);
#4646=CARTESIAN_POINT('',(846.87863907,-147.729122671,305.180039219));
#4647=DIRECTION('',(0.,-1.,0.));
#4648=DIRECTION('',(0.,0.,-1.));
#4649=AXIS2_PLACEMENT_3D('',#4646,#4647,#4648);
#4650=CYLINDRICAL_SURFACE('',#4649,10.);
#4651=ORIENTED_EDGE('',*,*,#1496,.F.);
#4652=ORIENTED_EDGE('',*,*,#4321,.F.);
#4653=ORIENTED_EDGE('',*,*,#210,.F.);
#4654=ORIENTED_EDGE('',*,*,#2656,.F.);
#4655=EDGE_LOOP('',(#4651,#4652,#4653,#4654));
#4656=FACE_BOUND('',#4655,.T.);
#4657=ADVANCED_FACE('',(#4656),#4650,.T.);
#4658=CARTESIAN_POINT('',(598.878635376,-162.729122671,354.322173963));
#4659=DIRECTION('',(0.,1.,0.));
#4660=DIRECTION('',(0.,-0.,1.));
#4661=AXIS2_PLACEMENT_3D('',#4658,#4659,#4660);
#4662=CYLINDRICAL_SURFACE('',#4661,2.6);
#4663=CARTESIAN_POINT('',(598.878635376,-147.729122671,356.922173963));
#4664=DIRECTION('',(-0.,-1.,-0.));
#4665=VECTOR('',#4664,6.);
#4666=LINE('',#4663,#4665);
#4667=EDGE_CURVE('',#2430,#1243,#4666,.T.);
#4668=ORIENTED_EDGE('',*,*,#4667,.F.);
#4669=ORIENTED_EDGE('',*,*,#2436,.F.);
#4670=ORIENTED_EDGE('',*,*,#4667,.T.);
#4671=ORIENTED_EDGE('',*,*,#1249,.T.);
#4672=EDGE_LOOP('',(#4668,#4669,#4670,#4671));
#4673=FACE_BOUND('',#4672,.T.);
#4674=ADVANCED_FACE('',(#4673),#4662,.F.);
#4675=OVER_RIDING_STYLED_ITEM('',(#4044),#4674,#110);
#4676=CARTESIAN_POINT('',(507.878635376,-162.729122671,204.322173963));
#4677=DIRECTION('',(0.,1.,0.));
#4678=DIRECTION('',(0.,-0.,1.));
#4679=AXIS2_PLACEMENT_3D('',#4676,#4677,#4678);
#4680=CYLINDRICAL_SURFACE('',#4679,2.6);
#4681=CARTESIAN_POINT('',(507.878635376,-147.729122671,206.922173963));
#4682=DIRECTION('',(-0.,-1.,-0.));
#4683=VECTOR('',#4682,6.);
#4684=LINE('',#4681,#4683);
#4685=EDGE_CURVE('',#2419,#1254,#4684,.T.);
#4686=ORIENTED_EDGE('',*,*,#4685,.F.);
#4687=ORIENTED_EDGE('',*,*,#2425,.F.);
#4688=ORIENTED_EDGE('',*,*,#4685,.T.);
#4689=ORIENTED_EDGE('',*,*,#1260,.T.);
#4690=EDGE_LOOP('',(#4686,#4687,#4688,#4689));
#4691=FACE_BOUND('',#4690,.T.);
#4692=ADVANCED_FACE('',(#4691),#4680,.F.);
#4693=OVER_RIDING_STYLED_ITEM('',(#4044),#4692,#110);
#4694=CARTESIAN_POINT('',(507.878635376,-162.729122671,284.322173963));
#4695=DIRECTION('',(0.,1.,0.));
#4696=DIRECTION('',(0.,-0.,1.));
#4697=AXIS2_PLACEMENT_3D('',#4694,#4695,#4696);
#4698=CYLINDRICAL_SURFACE('',#4697,2.6);
#4699=CARTESIAN_POINT('',(507.878635376,-147.729122671,286.922173963));
#4700=DIRECTION('',(-0.,-1.,-0.));
#4701=VECTOR('',#4700,6.);
#4702=LINE('',#4699,#4701);
#4703=EDGE_CURVE('',#2408,#1265,#4702,.T.);
#4704=ORIENTED_EDGE('',*,*,#4703,.F.);
#4705=ORIENTED_EDGE('',*,*,#2414,.F.);
#4706=ORIENTED_EDGE('',*,*,#4703,.T.);
#4707=ORIENTED_EDGE('',*,*,#1271,.T.);
#4708=EDGE_LOOP('',(#4704,#4705,#4706,#4707));
#4709=FACE_BOUND('',#4708,.T.);
#4710=ADVANCED_FACE('',(#4709),#4698,.F.);
#4711=OVER_RIDING_STYLED_ITEM('',(#4044),#4710,#110);
#4712=CARTESIAN_POINT('',(598.878635376,-162.729122671,244.322173963));
#4713=DIRECTION('',(0.,1.,0.));
#4714=DIRECTION('',(0.,-0.,1.));
#4715=AXIS2_PLACEMENT_3D('',#4712,#4713,#4714);
#4716=CYLINDRICAL_SURFACE('',#4715,2.6);
#4717=CARTESIAN_POINT('',(598.878635376,-147.729122671,246.922173963));
#4718=DIRECTION('',(-0.,-1.,-0.));
#4719=VECTOR('',#4718,6.);
#4720=LINE('',#4717,#4719);
#4721=EDGE_CURVE('',#2397,#1276,#4720,.T.);
#4722=ORIENTED_EDGE('',*,*,#4721,.F.);
#4723=ORIENTED_EDGE('',*,*,#2403,.F.);
#4724=ORIENTED_EDGE('',*,*,#4721,.T.);
#4725=ORIENTED_EDGE('',*,*,#1282,.T.);
#4726=EDGE_LOOP('',(#4722,#4723,#4724,#4725));
#4727=FACE_BOUND('',#4726,.T.);
#4728=ADVANCED_FACE('',(#4727),#4716,.F.);
#4729=OVER_RIDING_STYLED_ITEM('',(#4044),#4728,#110);
#4730=CARTESIAN_POINT('',(507.878635376,-162.729122671,244.322173963));
#4731=DIRECTION('',(0.,1.,0.));
#4732=DIRECTION('',(0.,-0.,1.));
#4733=AXIS2_PLACEMENT_3D('',#4730,#4731,#4732);
#4734=CYLINDRICAL_SURFACE('',#4733,2.6);
#4735=CARTESIAN_POINT('',(507.878635376,-147.729122671,246.922173963));
#4736=DIRECTION('',(-0.,-1.,-0.));
#4737=VECTOR('',#4736,6.);
#4738=LINE('',#4735,#4737);
#4739=EDGE_CURVE('',#2386,#1287,#4738,.T.);
#4740=ORIENTED_EDGE('',*,*,#4739,.F.);
#4741=ORIENTED_EDGE('',*,*,#2392,.F.);
#4742=ORIENTED_EDGE('',*,*,#4739,.T.);
#4743=ORIENTED_EDGE('',*,*,#1293,.T.);
#4744=EDGE_LOOP('',(#4740,#4741,#4742,#4743));
#4745=FACE_BOUND('',#4744,.T.);
#4746=ADVANCED_FACE('',(#4745),#4734,.F.);
#4747=OVER_RIDING_STYLED_ITEM('',(#4044),#4746,#110);
#4748=CARTESIAN_POINT('',(598.878635376,-162.729122671,204.322173963));
#4749=DIRECTION('',(0.,1.,0.));
#4750=DIRECTION('',(0.,-0.,1.));
#4751=AXIS2_PLACEMENT_3D('',#4748,#4749,#4750);
#4752=CYLINDRICAL_SURFACE('',#4751,2.6);
#4753=CARTESIAN_POINT('',(598.878635376,-147.729122671,206.922173963));
#4754=DIRECTION('',(-0.,-1.,-0.));
#4755=VECTOR('',#4754,6.);
#4756=LINE('',#4753,#4755);
#4757=EDGE_CURVE('',#2375,#1298,#4756,.T.);
#4758=ORIENTED_EDGE('',*,*,#4757,.F.);
#4759=ORIENTED_EDGE('',*,*,#2381,.F.);
#4760=ORIENTED_EDGE('',*,*,#4757,.T.);
#4761=ORIENTED_EDGE('',*,*,#1304,.T.);
#4762=EDGE_LOOP('',(#4758,#4759,#4760,#4761));
#4763=FACE_BOUND('',#4762,.T.);
#4764=ADVANCED_FACE('',(#4763),#4752,.F.);
#4765=OVER_RIDING_STYLED_ITEM('',(#4044),#4764,#110);
#4766=CLOSED_SHELL('',(#1374,#2638,#2660,#2677,#2694,#2711,#2728,#2745,#2762,#2779,#2798,#2817,#2836,#2870,#2904,#2938,#2960,#2982,#3004,#3026,#3043,#3060,#3077,#3094,#3111,#3128,
#3146,#3164,#3182,#3199,#3216,#3233,#3250,#3267,#3284,#3301,#3318,#3335,#3352,#3369,#3386,#3403,#3420,#3437,#3454,#3471,#3488,#3510,#3532,#3554,#3576,
#3598,#3620,#3642,#3664,#3676,#3688,#3700,#3712,#3724,#3736,#3748,#3760,#3772,#3784,#3796,#3808,#3827,#3846,#3865,#3884,#3901,#3918,#3935,#3952,#3969,
#3986,#4003,#4020,#4037,#4062,#4080,#4098,#4116,#4134,#4157,#4174,#4191,#4208,#4225,#4242,#4259,#4276,#4293,#4310,#4327,#4344,#4361,#4378,#4395,#4412,
#4429,#4446,#4463,#4480,#4497,#4514,#4531,#4548,#4565,#4582,#4599,#4616,#4633,#4645,#4657,#4674,#4692,#4710,#4728,#4746,#4764));
#4767=MANIFOLD_SOLID_BREP('Chamfer1',#4766);
#4768=COLOUR_RGB('',0.690196097,0.611764729,0.529411793);
#4769=FILL_AREA_STYLE_COLOUR('',#4768);
#4770=FILL_AREA_STYLE('',(#4769));
#4771=SURFACE_STYLE_FILL_AREA(#4770);
#4772=SURFACE_SIDE_STYLE('',(#4771));
#4773=SURFACE_STYLE_USAGE(.BOTH.,#4772);
#4774=PRESENTATION_STYLE_ASSIGNMENT((#4773));
#110=STYLED_ITEM('',(#4774),#4767);
#91=SHAPE_REPRESENTATION('t\X2\1EA5\X0\m sau',(#15),#89);
#92=ADVANCED_BREP_SHAPE_REPRESENTATION('t\X2\1EA5\X0\m sau',(#4767),#89);
#4782=SHAPE_REPRESENTATION_RELATIONSHIP('','',#91,#92);
#4783=CARTESIAN_POINT('',(0.,0.,0.));
#4784=DIRECTION('',(0.,0.,1.));
#4785=DIRECTION('',(1.,0.,0.));
#4786=AXIS2_PLACEMENT_3D('',#4783,#4784,#4785);
#4788=MAPPED_ITEM('',#4787,#4786);
#4787=REPRESENTATION_MAP(#4786,#91);
#4789=APPLICATION_CONTEXT('Managed model based 3d engineering');
#4790=APPLICATION_PROTOCOL_DEFINITION('international standard','ap242_managed_model_based_3d_engineering',2014,#4789);
#4791=PRODUCT_CONTEXT('',#4789,'mechanical');
#4792=PRODUCT_DEFINITION_CONTEXT('part definition',#4789,'design');
#99=PRODUCT('t\X2\1EA5\X0\m sau','t\X2\1EA5\X0\m sau','',(#4791));
#4793=PRODUCT_RELATED_PRODUCT_CATEGORY('part','',(#99));
#4794=PRODUCT_DEFINITION_FORMATION_WITH_SPECIFIED_SOURCE('','',#99,.NOT_KNOWN.);
#100=PRODUCT_DEFINITION('design','',#4794,#4792);
#98=PRODUCT_DEFINITION_SHAPE('','',#100);
#4795=SHAPE_DEFINITION_REPRESENTATION(#98,#91);
#90=DRAUGHTING_MODEL('',(#4788),#89);
#63=SHAPE_REPRESENTATION('DEMO_T9_6.7.STEP',(#15,#104),#61);
#4796=CARTESIAN_POINT('',(0.,0.,0.));
#4797=DIRECTION('',(0.,0.,1.));
#4798=DIRECTION('',(1.,0.,0.));
#4799=AXIS2_PLACEMENT_3D('',#4796,#4797,#4798);
#4801=MAPPED_ITEM('',#4800,#4799);
#4800=REPRESENTATION_MAP(#4799,#63);
#71=PRODUCT('DEMO_T9_6.7.STEP','DEMO_T9_6.7.STEP','',(#4791));
#4802=PRODUCT_RELATED_PRODUCT_CATEGORY('part','',(#71));
#4803=PRODUCT_DEFINITION_FORMATION_WITH_SPECIFIED_SOURCE('','',#71,.NOT_KNOWN.);
#72=PRODUCT_DEFINITION('design','',#4803,#4792);
#70=PRODUCT_DEFINITION_SHAPE('','',#72);
#4804=SHAPE_DEFINITION_REPRESENTATION(#70,#63);
#62=DRAUGHTING_MODEL('',(#4801),#61);
#35=SHAPE_REPRESENTATION('full 2 t\X2\1EA5\X0\m.step',(#15,#76),#33);
#4805=CARTESIAN_POINT('',(0.,0.,0.));
#4806=DIRECTION('',(0.,0.,1.));
#4807=DIRECTION('',(1.,0.,0.));
#4808=AXIS2_PLACEMENT_3D('',#4805,#4806,#4807);
#4810=MAPPED_ITEM('',#4809,#4808);
#4809=REPRESENTATION_MAP(#4808,#35);
#43=PRODUCT('full 2 t\X2\1EA5\X0\m.step','full 2 t\X2\1EA5\X0\m.step','',(#4791));
#4811=PRODUCT_RELATED_PRODUCT_CATEGORY('part','',(#43));
#4812=PRODUCT_DEFINITION_FORMATION_WITH_SPECIFIED_SOURCE('','',#43,.NOT_KNOWN.);
#44=PRODUCT_DEFINITION('design','',#4812,#4792);
#42=PRODUCT_DEFINITION_SHAPE('','',#44);
#4813=SHAPE_DEFINITION_REPRESENTATION(#42,#35);
#34=DRAUGHTING_MODEL('',(#4810),#33);
#16=SHAPE_REPRESENTATION('root',(#15,#48),#10);
#4814=CARTESIAN_POINT('',(0.,0.,0.));
#4815=DIRECTION('',(0.,0.,1.));
#4816=DIRECTION('',(1.,0.,0.));
#4817=AXIS2_PLACEMENT_3D('',#4814,#4815,#4816);
#4819=MAPPED_ITEM('',#4818,#4817);
#4818=REPRESENTATION_MAP(#4817,#16);
#24=PRODUCT('root','root','',(#4791));
#4820=PRODUCT_RELATED_PRODUCT_CATEGORY('part','',(#24));
#4821=PRODUCT_DEFINITION_FORMATION_WITH_SPECIFIED_SOURCE('','',#24,.NOT_KNOWN.);
#25=PRODUCT_DEFINITION('design','',#4821,#4792);
#23=PRODUCT_DEFINITION_SHAPE('','',#25);
#4822=SHAPE_DEFINITION_REPRESENTATION(#23,#16);
#11=DRAUGHTING_MODEL('',(#4819),#10);
#4823=DESCRIPTIVE_REPRESENTATION_ITEM('KEY','C:\\Users\\TranHuyBao\\AppData\\Local\\Packages\\Shapr3D.Shapr3D_dvv5p1vgwv6mp\\TempState\\ce310ee3-efde-49cc-87ce-8adfc9a2703f.tmp');
#4824=PROPERTY_DEFINITION('KEY','',#25);
#4825=REPRESENTATION('',(#4823),#10);
#4826=PROPERTY_DEFINITION_REPRESENTATION(#4824,#4825);
#4827=GENERAL_PROPERTY('','KEY','');
#4828=GENERAL_PROPERTY_ASSOCIATION('','',#4827,#4824);
#1=MECHANICAL_DESIGN_GEOMETRIC_PRESENTATION_REPRESENTATION('',(#4045,#4063,#4081,#4099,#4117,#4135,#4675,#4693,#4711,#4729,#4747,#4765,#110),#10);
ENDSEC;
END-ISO-10303-21;
