ISO-10303-21;
HEADER;

/* File generated by Shapr3D Version 26.121.11316.0 */

FILE_DESCRIPTION(('HOOPS Exchange Step'),'2;1');

FILE_NAME('C:\\Users\\TranHuyBao\\AppData\\Local\\Packages\\Shapr3D.Shapr3D_dvv5p1vgwv6mp\\TempState\\export\\temp_export',
'2026-07-23T21:07:17+07:00',
('TR\X2\1EA6\X0\N HUY B\X2\1EA2\X0\O'),
('Shapr3D Limited'),
'HOOPS Exchange 2026.3',
'Shapr3D',
'Authorized');

FILE_SCHEMA( ('AP242_MANAGED_MODEL_BASED_3D_ENGINEERING_MIM_LF {1 0 10303 442 1 1 4}') );

ENDSEC;

DATA;
#3=(NAMED_UNIT(*)PLANE_ANGLE_UNIT()SI_UNIT($,.RADIAN.));
#4=PLANE_ANGLE_MEASURE_WITH_UNIT(PLANE_ANGLE_MEASURE(0.0174532925),#3);
#5=(CONVERSION_BASED_UNIT('DEGREE',#4)NAMED_UNIT(#6)PLANE_ANGLE_UNIT());
#6=DIMENSIONAL_EXPONENTS(0.,0.,0.,0.,0.,0.,0.);
#7=(NAMED_UNIT(*)SI_UNIT($,.STERADIAN.)SOLID_ANGLE_UNIT());
#8=(LENGTH_UNIT()NAMED_UNIT(*)SI_UNIT(.MILLI.,.METRE.));
#9=UNCERTAINTY_MEASURE_WITH_UNIT(LENGTH_MEASURE(1.000000E-03),#8,'DISTANCE_ACCURACY_VALUE','Maximum Tolerance applied to model');
#10=(GEOMETRIC_REPRESENTATION_CONTEXT(3)GLOBAL_UNCERTAINTY_ASSIGNED_CONTEXT((#9))GLOBAL_UNIT_ASSIGNED_CONTEXT((#8,#5,#7))REPRESENTATION_CONTEXT('','root'));
#12=CARTESIAN_POINT('',(0.,0.,0.));
#13=DIRECTION('',(0.,0.,1.));
#14=DIRECTION('',(1.,0.,0.));
#15=AXIS2_PLACEMENT_3D('',#12,#13,#14);
#26=(NAMED_UNIT(*)PLANE_ANGLE_UNIT()SI_UNIT($,.RADIAN.));
#27=PLANE_ANGLE_MEASURE_WITH_UNIT(PLANE_ANGLE_MEASURE(0.0174532925),#26);
#28=(CONVERSION_BASED_UNIT('DEGREE',#27)NAMED_UNIT(#29)PLANE_ANGLE_UNIT());
#29=DIMENSIONAL_EXPONENTS(0.,0.,0.,0.,0.,0.,0.);
#30=(NAMED_UNIT(*)SI_UNIT($,.STERADIAN.)SOLID_ANGLE_UNIT());
#31=(LENGTH_UNIT()NAMED_UNIT(*)SI_UNIT(.MILLI.,.METRE.));
#32=UNCERTAINTY_MEASURE_WITH_UNIT(LENGTH_MEASURE(1.000000E-03),#31,'DISTANCE_ACCURACY_VALUE','Maximum Tolerance applied to model');
#33=(GEOMETRIC_REPRESENTATION_CONTEXT(3)GLOBAL_UNCERTAINTY_ASSIGNED_CONTEXT((#32))GLOBAL_UNIT_ASSIGNED_CONTEXT((#31,#28,#30))REPRESENTATION_CONTEXT('','DEMO_T9_6.7.STEP'));
#45=CARTESIAN_POINT('',(0.,0.,0.));
#46=DIRECTION('',(0.,0.,1.));
#47=DIRECTION('',(1.,0.,-0.));
#48=AXIS2_PLACEMENT_3D('',#45,#46,#47);
#49=ITEM_DEFINED_TRANSFORMATION('','',#48,#15);
#50=(REPRESENTATION_RELATIONSHIP('','',#35,#16)REPRESENTATION_RELATIONSHIP_WITH_TRANSFORMATION(#49)SHAPE_REPRESENTATION_RELATIONSHIP());
#51=NEXT_ASSEMBLY_USAGE_OCCURRENCE('DEMO_T9_6.7.STEP_1','DEMO_T9_6.7.STEP','DEMO_T9_6.7.STEP',#25,#44,$);
#52=PRODUCT_DEFINITION_SHAPE('','',#51);
#53=CONTEXT_DEPENDENT_SHAPE_REPRESENTATION(#50,#52);
#54=(NAMED_UNIT(*)PLANE_ANGLE_UNIT()SI_UNIT($,.RADIAN.));
#55=PLANE_ANGLE_MEASURE_WITH_UNIT(PLANE_ANGLE_MEASURE(0.0174532925),#54);
#56=(CONVERSION_BASED_UNIT('DEGREE',#55)NAMED_UNIT(#57)PLANE_ANGLE_UNIT());
#57=DIMENSIONAL_EXPONENTS(0.,0.,0.,0.,0.,0.,0.);
#58=(NAMED_UNIT(*)SI_UNIT($,.STERADIAN.)SOLID_ANGLE_UNIT());
#59=(LENGTH_UNIT()NAMED_UNIT(*)SI_UNIT(.MILLI.,.METRE.));
#60=UNCERTAINTY_MEASURE_WITH_UNIT(LENGTH_MEASURE(1.000000E-05),#59,'DISTANCE_ACCURACY_VALUE','Maximum Tolerance applied to model');
#61=(GEOMETRIC_REPRESENTATION_CONTEXT(3)GLOBAL_UNCERTAINTY_ASSIGNED_CONTEXT((#60))GLOBAL_UNIT_ASSIGNED_CONTEXT((#59,#56,#58))REPRESENTATION_CONTEXT('','KHUNG_5MM'));
#73=CARTESIAN_POINT('',(0.,0.,0.));
#74=DIRECTION('',(0.,0.,1.));
#75=DIRECTION('',(1.,0.,-0.));
#76=AXIS2_PLACEMENT_3D('',#73,#74,#75);
#77=ITEM_DEFINED_TRANSFORMATION('','',#76,#15);
#78=(REPRESENTATION_RELATIONSHIP('','',#63,#35)REPRESENTATION_RELATIONSHIP_WITH_TRANSFORMATION(#77)SHAPE_REPRESENTATION_RELATIONSHIP());
#79=NEXT_ASSEMBLY_USAGE_OCCURRENCE('KHUNG_5MM_2','KHUNG_5MM','KHUNG_5MM',#44,#72,$);
#80=PRODUCT_DEFINITION_SHAPE('','',#79);
#81=CONTEXT_DEPENDENT_SHAPE_REPRESENTATION(#78,#80);
#83=CARTESIAN_POINT('',(754.924713243,-162.729122671,204.325341779));
#84=DIRECTION('',(-0.,1.,0.));
#85=DIRECTION('',(-0.000040601,-0.,0.999999999));
#86=AXIS2_PLACEMENT_3D('',#83,#84,#85);
#87=CYLINDRICAL_SURFACE('',#86,2.6);
#88=CARTESIAN_POINT('',(754.92460768,-147.729122671,206.925341777));
#89=VERTEX_POINT('',#88);
#90=CARTESIAN_POINT('',(754.92460768,-153.729122671,206.925341777));
#91=VERTEX_POINT('',#90);
#92=CARTESIAN_POINT('',(754.92460768,-147.729122671,206.925341777));
#93=DIRECTION('',(0.,-1.,-0.));
#94=VECTOR('',#93,6.);
#95=LINE('',#92,#94);
#96=EDGE_CURVE('',#89,#91,#95,.T.);
#97=ORIENTED_EDGE('',*,*,#96,.F.);
#98=CARTESIAN_POINT('',(754.924713243,-147.729122671,201.725341779));
#99=VERTEX_POINT('',#98);
#100=CARTESIAN_POINT('',(754.924713243,-147.729122671,204.325341779));
#101=DIRECTION('',(-0.,1.,-0.));
#102=DIRECTION('',(0.,0.,-1.));
#103=AXIS2_PLACEMENT_3D('',#100,#101,#102);
#104=CIRCLE('',#103,2.6);
#105=EDGE_CURVE('',#89,#99,#104,.T.);
#106=ORIENTED_EDGE('',*,*,#105,.T.);
#107=CARTESIAN_POINT('',(754.924713243,-147.729122671,204.325341779));
#108=DIRECTION('',(-0.,1.,-0.));
#109=DIRECTION('',(0.,0.,-1.));
#110=AXIS2_PLACEMENT_3D('',#107,#108,#109);
#111=CIRCLE('',#110,2.6);
#112=EDGE_CURVE('',#99,#89,#111,.T.);
#113=ORIENTED_EDGE('',*,*,#112,.T.);
#114=ORIENTED_EDGE('',*,*,#96,.T.);
#115=CARTESIAN_POINT('',(754.924713243,-153.729122671,201.725341779));
#116=VERTEX_POINT('',#115);
#117=CARTESIAN_POINT('',(754.924713243,-153.729122671,204.325341779));
#118=DIRECTION('',(-0.,1.,-0.));
#119=DIRECTION('',(0.,0.,-1.));
#120=AXIS2_PLACEMENT_3D('',#117,#118,#119);
#121=CIRCLE('',#120,2.6);
#122=EDGE_CURVE('',#116,#91,#121,.T.);
#123=ORIENTED_EDGE('',*,*,#122,.F.);
#124=CARTESIAN_POINT('',(754.924713243,-153.729122671,204.325341779));
#125=DIRECTION('',(-0.,1.,-0.));
#126=DIRECTION('',(0.,0.,-1.));
#127=AXIS2_PLACEMENT_3D('',#124,#125,#126);
#128=CIRCLE('',#127,2.6);
#129=EDGE_CURVE('',#91,#116,#128,.T.);
#130=ORIENTED_EDGE('',*,*,#129,.F.);
#131=EDGE_LOOP('',(#97,#106,#113,#114,#123,#130));
#132=FACE_BOUND('',#131,.T.);
#133=ADVANCED_FACE('',(#132),#87,.F.);
#134=COLOUR_RGB('',0.627451003,0.627451003,0.643137276);
#135=FILL_AREA_STYLE_COLOUR('',#134);
#136=FILL_AREA_STYLE('',(#135));
#137=SURFACE_STYLE_FILL_AREA(#136);
#138=SURFACE_SIDE_STYLE('',(#137));
#139=SURFACE_STYLE_USAGE(.BOTH.,#138);
#140=PRESENTATION_STYLE_ASSIGNMENT((#139));
#141=OVER_RIDING_STYLED_ITEM('',(#140),#133,#82);
#142=CARTESIAN_POINT('',(845.923089127,-162.729122671,244.32903644));
#143=DIRECTION('',(-0.,1.,0.));
#144=DIRECTION('',(-0.000040601,-0.,0.999999999));
#145=AXIS2_PLACEMENT_3D('',#142,#143,#144);
#146=CYLINDRICAL_SURFACE('',#145,2.6);
#147=CARTESIAN_POINT('',(845.922983564,-147.729122671,246.929036437));
#148=VERTEX_POINT('',#147);
#149=CARTESIAN_POINT('',(845.922983564,-153.729122671,246.929036437));
#150=VERTEX_POINT('',#149);
#151=CARTESIAN_POINT('',(845.922983564,-147.729122671,246.929036437));
#152=DIRECTION('',(0.,-1.,-0.));
#153=VECTOR('',#152,6.);
#154=LINE('',#151,#153);
#155=EDGE_CURVE('',#148,#150,#154,.T.);
#156=ORIENTED_EDGE('',*,*,#155,.F.);
#157=CARTESIAN_POINT('',(845.923089127,-147.729122671,241.72903644));
#158=VERTEX_POINT('',#157);
#159=CARTESIAN_POINT('',(845.923089127,-147.729122671,244.32903644));
#160=DIRECTION('',(-0.,1.,-0.));
#161=DIRECTION('',(0.,0.,-1.));
#162=AXIS2_PLACEMENT_3D('',#159,#160,#161);
#163=CIRCLE('',#162,2.6);
#164=EDGE_CURVE('',#148,#158,#163,.T.);
#165=ORIENTED_EDGE('',*,*,#164,.T.);
#166=CARTESIAN_POINT('',(845.923089127,-147.729122671,244.32903644));
#167=DIRECTION('',(-0.,1.,-0.));
#168=DIRECTION('',(0.,0.,-1.));
#169=AXIS2_PLACEMENT_3D('',#166,#167,#168);
#170=CIRCLE('',#169,2.6);
#171=EDGE_CURVE('',#158,#148,#170,.T.);
#172=ORIENTED_EDGE('',*,*,#171,.T.);
#173=ORIENTED_EDGE('',*,*,#155,.T.);
#174=CARTESIAN_POINT('',(845.923089127,-153.729122671,241.72903644));
#175=VERTEX_POINT('',#174);
#176=CARTESIAN_POINT('',(845.923089127,-153.729122671,244.32903644));
#177=DIRECTION('',(-0.,1.,-0.));
#178=DIRECTION('',(0.,0.,-1.));
#179=AXIS2_PLACEMENT_3D('',#176,#177,#178);
#180=CIRCLE('',#179,2.6);
#181=EDGE_CURVE('',#175,#150,#180,.T.);
#182=ORIENTED_EDGE('',*,*,#181,.F.);
#183=CARTESIAN_POINT('',(845.923089127,-153.729122671,244.32903644));
#184=DIRECTION('',(-0.,1.,-0.));
#185=DIRECTION('',(0.,0.,-1.));
#186=AXIS2_PLACEMENT_3D('',#183,#184,#185);
#187=CIRCLE('',#186,2.6);
#188=EDGE_CURVE('',#150,#175,#187,.T.);
#189=ORIENTED_EDGE('',*,*,#188,.F.);
#190=EDGE_LOOP('',(#156,#165,#172,#173,#182,#189));
#191=FACE_BOUND('',#190,.T.);
#192=ADVANCED_FACE('',(#191),#146,.F.);
#193=OVER_RIDING_STYLED_ITEM('',(#140),#192,#82);
#194=CARTESIAN_POINT('',(754.923089202,-162.729122671,244.325341746));
#195=DIRECTION('',(-0.,1.,0.));
#196=DIRECTION('',(-0.000040601,-0.,0.999999999));
#197=AXIS2_PLACEMENT_3D('',#194,#195,#196);
#198=CYLINDRICAL_SURFACE('',#197,2.6);
#199=CARTESIAN_POINT('',(754.922983639,-147.729122671,246.925341744));
#200=VERTEX_POINT('',#199);
#201=CARTESIAN_POINT('',(754.922983639,-153.729122671,246.925341744));
#202=VERTEX_POINT('',#201);
#203=CARTESIAN_POINT('',(754.922983639,-147.729122671,246.925341744));
#204=DIRECTION('',(0.,-1.,-0.));
#205=VECTOR('',#204,6.);
#206=LINE('',#203,#205);
#207=EDGE_CURVE('',#200,#202,#206,.T.);
#208=ORIENTED_EDGE('',*,*,#207,.F.);
#209=CARTESIAN_POINT('',(754.923089202,-147.729122671,241.725341746));
#210=VERTEX_POINT('',#209);
#211=CARTESIAN_POINT('',(754.923089202,-147.729122671,244.325341746));
#212=DIRECTION('',(-0.,1.,-0.));
#213=DIRECTION('',(0.,0.,-1.));
#214=AXIS2_PLACEMENT_3D('',#211,#212,#213);
#215=CIRCLE('',#214,2.6);
#216=EDGE_CURVE('',#200,#210,#215,.T.);
#217=ORIENTED_EDGE('',*,*,#216,.T.);
#218=CARTESIAN_POINT('',(754.923089202,-147.729122671,244.325341746));
#219=DIRECTION('',(-0.,1.,-0.));
#220=DIRECTION('',(0.,0.,-1.));
#221=AXIS2_PLACEMENT_3D('',#218,#219,#220);
#222=CIRCLE('',#221,2.6);
#223=EDGE_CURVE('',#210,#200,#222,.T.);
#224=ORIENTED_EDGE('',*,*,#223,.T.);
#225=ORIENTED_EDGE('',*,*,#207,.T.);
#226=CARTESIAN_POINT('',(754.923089202,-153.729122671,241.725341746));
#227=VERTEX_POINT('',#226);
#228=CARTESIAN_POINT('',(754.923089202,-153.729122671,244.325341746));
#229=DIRECTION('',(-0.,1.,-0.));
#230=DIRECTION('',(0.,0.,-1.));
#231=AXIS2_PLACEMENT_3D('',#228,#229,#230);
#232=CIRCLE('',#231,2.6);
#233=EDGE_CURVE('',#227,#202,#232,.T.);
#234=ORIENTED_EDGE('',*,*,#233,.F.);
#235=CARTESIAN_POINT('',(754.923089202,-153.729122671,244.325341746));
#236=DIRECTION('',(-0.,1.,-0.));
#237=DIRECTION('',(0.,0.,-1.));
#238=AXIS2_PLACEMENT_3D('',#235,#236,#237);
#239=CIRCLE('',#238,2.6);
#240=EDGE_CURVE('',#202,#227,#239,.T.);
#241=ORIENTED_EDGE('',*,*,#240,.F.);
#242=EDGE_LOOP('',(#208,#217,#224,#225,#234,#241));
#243=FACE_BOUND('',#242,.T.);
#244=ADVANCED_FACE('',(#243),#198,.F.);
#245=OVER_RIDING_STYLED_ITEM('',(#140),#244,#82);
#246=CARTESIAN_POINT('',(845.921465086,-162.729122671,284.329036407));
#247=DIRECTION('',(-0.,1.,0.));
#248=DIRECTION('',(-0.000040601,-0.,0.999999999));
#249=AXIS2_PLACEMENT_3D('',#246,#247,#248);
#250=CYLINDRICAL_SURFACE('',#249,2.6);
#251=CARTESIAN_POINT('',(845.921359523,-147.729122671,286.929036405));
#252=VERTEX_POINT('',#251);
#253=CARTESIAN_POINT('',(845.921359523,-153.729122671,286.929036405));
#254=VERTEX_POINT('',#253);
#255=CARTESIAN_POINT('',(845.921359523,-147.729122671,286.929036405));
#256=DIRECTION('',(0.,-1.,-0.));
#257=VECTOR('',#256,6.);
#258=LINE('',#255,#257);
#259=EDGE_CURVE('',#252,#254,#258,.T.);
#260=ORIENTED_EDGE('',*,*,#259,.F.);
#261=CARTESIAN_POINT('',(845.921465086,-147.729122671,281.729036407));
#262=VERTEX_POINT('',#261);
#263=CARTESIAN_POINT('',(845.921465086,-147.729122671,284.329036407));
#264=DIRECTION('',(-0.,1.,-0.));
#265=DIRECTION('',(0.,0.,-1.));
#266=AXIS2_PLACEMENT_3D('',#263,#264,#265);
#267=CIRCLE('',#266,2.6);
#268=EDGE_CURVE('',#252,#262,#267,.T.);
#269=ORIENTED_EDGE('',*,*,#268,.T.);
#270=CARTESIAN_POINT('',(845.921465086,-147.729122671,284.329036407));
#271=DIRECTION('',(-0.,1.,-0.));
#272=DIRECTION('',(0.,0.,-1.));
#273=AXIS2_PLACEMENT_3D('',#270,#271,#272);
#274=CIRCLE('',#273,2.6);
#275=EDGE_CURVE('',#262,#252,#274,.T.);
#276=ORIENTED_EDGE('',*,*,#275,.T.);
#277=ORIENTED_EDGE('',*,*,#259,.T.);
#278=CARTESIAN_POINT('',(845.921465086,-153.729122671,281.729036407));
#279=VERTEX_POINT('',#278);
#280=CARTESIAN_POINT('',(845.921465086,-153.729122671,284.329036407));
#281=DIRECTION('',(-0.,1.,-0.));
#282=DIRECTION('',(0.,0.,-1.));
#283=AXIS2_PLACEMENT_3D('',#280,#281,#282);
#284=CIRCLE('',#283,2.6);
#285=EDGE_CURVE('',#279,#254,#284,.T.);
#286=ORIENTED_EDGE('',*,*,#285,.F.);
#287=CARTESIAN_POINT('',(845.921465086,-153.729122671,284.329036407));
#288=DIRECTION('',(-0.,1.,-0.));
#289=DIRECTION('',(0.,0.,-1.));
#290=AXIS2_PLACEMENT_3D('',#287,#288,#289);
#291=CIRCLE('',#290,2.6);
#292=EDGE_CURVE('',#254,#279,#291,.T.);
#293=ORIENTED_EDGE('',*,*,#292,.F.);
#294=EDGE_LOOP('',(#260,#269,#276,#277,#286,#293));
#295=FACE_BOUND('',#294,.T.);
#296=ADVANCED_FACE('',(#295),#250,.F.);
#297=OVER_RIDING_STYLED_ITEM('',(#140),#296,#82);
#298=CARTESIAN_POINT('',(845.924713168,-162.729122671,204.329036473));
#299=DIRECTION('',(-0.,1.,0.));
#300=DIRECTION('',(-0.000040601,-0.,0.999999999));
#301=AXIS2_PLACEMENT_3D('',#298,#299,#300);
#302=CYLINDRICAL_SURFACE('',#301,2.6);
#303=CARTESIAN_POINT('',(845.924607605,-147.729122671,206.92903647));
#304=VERTEX_POINT('',#303);
#305=CARTESIAN_POINT('',(845.924607605,-153.729122671,206.92903647));
#306=VERTEX_POINT('',#305);
#307=CARTESIAN_POINT('',(845.924607605,-147.729122671,206.92903647));
#308=DIRECTION('',(0.,-1.,-0.));
#309=VECTOR('',#308,6.);
#310=LINE('',#307,#309);
#311=EDGE_CURVE('',#304,#306,#310,.T.);
#312=ORIENTED_EDGE('',*,*,#311,.F.);
#313=CARTESIAN_POINT('',(845.924713168,-147.729122671,201.729036473));
#314=VERTEX_POINT('',#313);
#315=CARTESIAN_POINT('',(845.924713168,-147.729122671,204.329036473));
#316=DIRECTION('',(-0.,1.,-0.));
#317=DIRECTION('',(0.,0.,-1.));
#318=AXIS2_PLACEMENT_3D('',#315,#316,#317);
#319=CIRCLE('',#318,2.6);
#320=EDGE_CURVE('',#304,#314,#319,.T.);
#321=ORIENTED_EDGE('',*,*,#320,.T.);
#322=CARTESIAN_POINT('',(845.924713168,-147.729122671,204.329036473));
#323=DIRECTION('',(-0.,1.,-0.));
#324=DIRECTION('',(0.,0.,-1.));
#325=AXIS2_PLACEMENT_3D('',#322,#323,#324);
#326=CIRCLE('',#325,2.6);
#327=EDGE_CURVE('',#314,#304,#326,.T.);
#328=ORIENTED_EDGE('',*,*,#327,.T.);
#329=ORIENTED_EDGE('',*,*,#311,.T.);
#330=CARTESIAN_POINT('',(845.924713168,-153.729122671,201.729036473));
#331=VERTEX_POINT('',#330);
#332=CARTESIAN_POINT('',(845.924713168,-153.729122671,204.329036473));
#333=DIRECTION('',(-0.,1.,-0.));
#334=DIRECTION('',(0.,0.,-1.));
#335=AXIS2_PLACEMENT_3D('',#332,#333,#334);
#336=CIRCLE('',#335,2.6);
#337=EDGE_CURVE('',#331,#306,#336,.T.);
#338=ORIENTED_EDGE('',*,*,#337,.F.);
#339=CARTESIAN_POINT('',(845.924713168,-153.729122671,204.329036473));
#340=DIRECTION('',(-0.,1.,-0.));
#341=DIRECTION('',(0.,0.,-1.));
#342=AXIS2_PLACEMENT_3D('',#339,#340,#341);
#343=CIRCLE('',#342,2.6);
#344=EDGE_CURVE('',#306,#331,#343,.T.);
#345=ORIENTED_EDGE('',*,*,#344,.F.);
#346=EDGE_LOOP('',(#312,#321,#328,#329,#338,#345));
#347=FACE_BOUND('',#346,.T.);
#348=ADVANCED_FACE('',(#347),#302,.F.);
#349=OVER_RIDING_STYLED_ITEM('',(#140),#348,#82);
#350=CARTESIAN_POINT('',(754.918623088,-162.729122671,354.325341655));
#351=DIRECTION('',(-0.,1.,0.));
#352=DIRECTION('',(-0.000040601,-0.,0.999999999));
#353=AXIS2_PLACEMENT_3D('',#350,#351,#352);
#354=CYLINDRICAL_SURFACE('',#353,2.6);
#355=CARTESIAN_POINT('',(754.918517526,-147.729122671,356.925341653));
#356=VERTEX_POINT('',#355);
#357=CARTESIAN_POINT('',(754.918517526,-153.729122671,356.925341653));
#358=VERTEX_POINT('',#357);
#359=CARTESIAN_POINT('',(754.918517526,-147.729122671,356.925341653));
#360=DIRECTION('',(0.,-1.,-0.));
#361=VECTOR('',#360,6.);
#362=LINE('',#359,#361);
#363=EDGE_CURVE('',#356,#358,#362,.T.);
#364=ORIENTED_EDGE('',*,*,#363,.F.);
#365=CARTESIAN_POINT('',(754.918623088,-147.729122671,351.725341655));
#366=VERTEX_POINT('',#365);
#367=CARTESIAN_POINT('',(754.918623088,-147.729122671,354.325341655));
#368=DIRECTION('',(-0.,1.,-0.));
#369=DIRECTION('',(0.,0.,-1.));
#370=AXIS2_PLACEMENT_3D('',#367,#368,#369);
#371=CIRCLE('',#370,2.6);
#372=EDGE_CURVE('',#356,#366,#371,.T.);
#373=ORIENTED_EDGE('',*,*,#372,.T.);
#374=CARTESIAN_POINT('',(754.918623088,-147.729122671,354.325341655));
#375=DIRECTION('',(-0.,1.,-0.));
#376=DIRECTION('',(0.,0.,-1.));
#377=AXIS2_PLACEMENT_3D('',#374,#375,#376);
#378=CIRCLE('',#377,2.6);
#379=EDGE_CURVE('',#366,#356,#378,.T.);
#380=ORIENTED_EDGE('',*,*,#379,.T.);
#381=ORIENTED_EDGE('',*,*,#363,.T.);
#382=CARTESIAN_POINT('',(754.918623088,-153.729122671,351.725341655));
#383=VERTEX_POINT('',#382);
#384=CARTESIAN_POINT('',(754.918623088,-153.729122671,354.325341655));
#385=DIRECTION('',(-0.,1.,-0.));
#386=DIRECTION('',(0.,0.,-1.));
#387=AXIS2_PLACEMENT_3D('',#384,#385,#386);
#388=CIRCLE('',#387,2.6);
#389=EDGE_CURVE('',#383,#358,#388,.T.);
#390=ORIENTED_EDGE('',*,*,#389,.F.);
#391=CARTESIAN_POINT('',(754.918623088,-153.729122671,354.325341655));
#392=DIRECTION('',(-0.,1.,-0.));
#393=DIRECTION('',(0.,0.,-1.));
#394=AXIS2_PLACEMENT_3D('',#391,#392,#393);
#395=CIRCLE('',#394,2.6);
#396=EDGE_CURVE('',#358,#383,#395,.T.);
#397=ORIENTED_EDGE('',*,*,#396,.F.);
#398=EDGE_LOOP('',(#364,#373,#380,#381,#390,#397));
#399=FACE_BOUND('',#398,.T.);
#400=ADVANCED_FACE('',(#399),#354,.F.);
#401=OVER_RIDING_STYLED_ITEM('',(#140),#400,#82);
#402=CARTESIAN_POINT('',(792.736503446,-153.729122671,359.322174843));
#403=DIRECTION('',(0.,-1.,0.));
#404=DIRECTION('',(0.,0.,-1.));
#405=AXIS2_PLACEMENT_3D('',#402,#403,#404);
#406=PLANE('',#405);
#407=ORIENTED_EDGE('',*,*,#122,.T.);
#408=ORIENTED_EDGE('',*,*,#129,.T.);
#409=EDGE_LOOP('',(#407,#408));
#410=FACE_BOUND('',#409,.T.);
#411=ORIENTED_EDGE('',*,*,#181,.T.);
#412=ORIENTED_EDGE('',*,*,#188,.T.);
#413=EDGE_LOOP('',(#411,#412));
#414=FACE_BOUND('',#413,.T.);
#415=ORIENTED_EDGE('',*,*,#233,.T.);
#416=ORIENTED_EDGE('',*,*,#240,.T.);
#417=EDGE_LOOP('',(#415,#416));
#418=FACE_BOUND('',#417,.T.);
#419=ORIENTED_EDGE('',*,*,#285,.T.);
#420=ORIENTED_EDGE('',*,*,#292,.T.);
#421=EDGE_LOOP('',(#419,#420));
#422=FACE_BOUND('',#421,.T.);
#423=ORIENTED_EDGE('',*,*,#337,.T.);
#424=ORIENTED_EDGE('',*,*,#344,.T.);
#425=EDGE_LOOP('',(#423,#424));
#426=FACE_BOUND('',#425,.T.);
#427=ORIENTED_EDGE('',*,*,#389,.T.);
#428=ORIENTED_EDGE('',*,*,#396,.T.);
#429=EDGE_LOOP('',(#427,#428));
#430=FACE_BOUND('',#429,.T.);
#431=CARTESIAN_POINT('',(598.878635376,-153.729122671,206.922173963));
#432=VERTEX_POINT('',#431);
#433=CARTESIAN_POINT('',(598.878635376,-153.729122671,201.722173963));
#434=VERTEX_POINT('',#433);
#435=CARTESIAN_POINT('',(598.878635376,-153.729122671,204.322173963));
#436=DIRECTION('',(0.,-1.,0.));
#437=DIRECTION('',(0.,0.,-1.));
#438=AXIS2_PLACEMENT_3D('',#435,#436,#437);
#439=CIRCLE('',#438,2.6);
#440=EDGE_CURVE('',#432,#434,#439,.T.);
#441=ORIENTED_EDGE('',*,*,#440,.F.);
#442=CARTESIAN_POINT('',(598.878635376,-153.729122671,204.322173963));
#443=DIRECTION('',(0.,-1.,0.));
#444=DIRECTION('',(0.,0.,-1.));
#445=AXIS2_PLACEMENT_3D('',#442,#443,#444);
#446=CIRCLE('',#445,2.6);
#447=EDGE_CURVE('',#434,#432,#446,.T.);
#448=ORIENTED_EDGE('',*,*,#447,.F.);
#449=EDGE_LOOP('',(#441,#448));
#450=FACE_BOUND('',#449,.T.);
#451=CARTESIAN_POINT('',(507.878635376,-153.729122671,246.922173963));
#452=VERTEX_POINT('',#451);
#453=CARTESIAN_POINT('',(507.878635376,-153.729122671,241.722173963));
#454=VERTEX_POINT('',#453);
#455=CARTESIAN_POINT('',(507.878635376,-153.729122671,244.322173963));
#456=DIRECTION('',(0.,-1.,0.));
#457=DIRECTION('',(0.,0.,-1.));
#458=AXIS2_PLACEMENT_3D('',#455,#456,#457);
#459=CIRCLE('',#458,2.6);
#460=EDGE_CURVE('',#452,#454,#459,.T.);
#461=ORIENTED_EDGE('',*,*,#460,.F.);
#462=CARTESIAN_POINT('',(507.878635376,-153.729122671,244.322173963));
#463=DIRECTION('',(0.,-1.,0.));
#464=DIRECTION('',(0.,0.,-1.));
#465=AXIS2_PLACEMENT_3D('',#462,#463,#464);
#466=CIRCLE('',#465,2.6);
#467=EDGE_CURVE('',#454,#452,#466,.T.);
#468=ORIENTED_EDGE('',*,*,#467,.F.);
#469=EDGE_LOOP('',(#461,#468));
#470=FACE_BOUND('',#469,.T.);
#471=CARTESIAN_POINT('',(598.878635376,-153.729122671,246.922173963));
#472=VERTEX_POINT('',#471);
#473=CARTESIAN_POINT('',(598.878635376,-153.729122671,241.722173963));
#474=VERTEX_POINT('',#473);
#475=CARTESIAN_POINT('',(598.878635376,-153.729122671,244.322173963));
#476=DIRECTION('',(0.,-1.,0.));
#477=DIRECTION('',(0.,0.,-1.));
#478=AXIS2_PLACEMENT_3D('',#475,#476,#477);
#479=CIRCLE('',#478,2.6);
#480=EDGE_CURVE('',#472,#474,#479,.T.);
#481=ORIENTED_EDGE('',*,*,#480,.F.);
#482=CARTESIAN_POINT('',(598.878635376,-153.729122671,244.322173963));
#483=DIRECTION('',(0.,-1.,0.));
#484=DIRECTION('',(0.,0.,-1.));
#485=AXIS2_PLACEMENT_3D('',#482,#483,#484);
#486=CIRCLE('',#485,2.6);
#487=EDGE_CURVE('',#474,#472,#486,.T.);
#488=ORIENTED_EDGE('',*,*,#487,.F.);
#489=EDGE_LOOP('',(#481,#488));
#490=FACE_BOUND('',#489,.T.);
#491=CARTESIAN_POINT('',(507.878635376,-153.729122671,286.922173963));
#492=VERTEX_POINT('',#491);
#493=CARTESIAN_POINT('',(507.878635376,-153.729122671,281.722173963));
#494=VERTEX_POINT('',#493);
#495=CARTESIAN_POINT('',(507.878635376,-153.729122671,284.322173963));
#496=DIRECTION('',(0.,-1.,0.));
#497=DIRECTION('',(0.,0.,-1.));
#498=AXIS2_PLACEMENT_3D('',#495,#496,#497);
#499=CIRCLE('',#498,2.6);
#500=EDGE_CURVE('',#492,#494,#499,.T.);
#501=ORIENTED_EDGE('',*,*,#500,.F.);
#502=CARTESIAN_POINT('',(507.878635376,-153.729122671,284.322173963));
#503=DIRECTION('',(0.,-1.,0.));
#504=DIRECTION('',(0.,0.,-1.));
#505=AXIS2_PLACEMENT_3D('',#502,#503,#504);
#506=CIRCLE('',#505,2.6);
#507=EDGE_CURVE('',#494,#492,#506,.T.);
#508=ORIENTED_EDGE('',*,*,#507,.F.);
#509=EDGE_LOOP('',(#501,#508));
#510=FACE_BOUND('',#509,.T.);
#511=CARTESIAN_POINT('',(507.878635376,-153.729122671,206.922173963));
#512=VERTEX_POINT('',#511);
#513=CARTESIAN_POINT('',(507.878635376,-153.729122671,201.722173963));
#514=VERTEX_POINT('',#513);
#515=CARTESIAN_POINT('',(507.878635376,-153.729122671,204.322173963));
#516=DIRECTION('',(0.,-1.,0.));
#517=DIRECTION('',(0.,0.,-1.));
#518=AXIS2_PLACEMENT_3D('',#515,#516,#517);
#519=CIRCLE('',#518,2.6);
#520=EDGE_CURVE('',#512,#514,#519,.T.);
#521=ORIENTED_EDGE('',*,*,#520,.F.);
#522=CARTESIAN_POINT('',(507.878635376,-153.729122671,204.322173963));
#523=DIRECTION('',(0.,-1.,0.));
#524=DIRECTION('',(0.,0.,-1.));
#525=AXIS2_PLACEMENT_3D('',#522,#523,#524);
#526=CIRCLE('',#525,2.6);
#527=EDGE_CURVE('',#514,#512,#526,.T.);
#528=ORIENTED_EDGE('',*,*,#527,.F.);
#529=EDGE_LOOP('',(#521,#528));
#530=FACE_BOUND('',#529,.T.);
#531=CARTESIAN_POINT('',(598.878635376,-153.729122671,356.922173963));
#532=VERTEX_POINT('',#531);
#533=CARTESIAN_POINT('',(598.878635376,-153.729122671,351.722173963));
#534=VERTEX_POINT('',#533);
#535=CARTESIAN_POINT('',(598.878635376,-153.729122671,354.322173963));
#536=DIRECTION('',(0.,-1.,0.));
#537=DIRECTION('',(0.,0.,-1.));
#538=AXIS2_PLACEMENT_3D('',#535,#536,#537);
#539=CIRCLE('',#538,2.6);
#540=EDGE_CURVE('',#532,#534,#539,.T.);
#541=ORIENTED_EDGE('',*,*,#540,.F.);
#542=CARTESIAN_POINT('',(598.878635376,-153.729122671,354.322173963));
#543=DIRECTION('',(0.,-1.,0.));
#544=DIRECTION('',(0.,0.,-1.));
#545=AXIS2_PLACEMENT_3D('',#542,#543,#544);
#546=CIRCLE('',#545,2.6);
#547=EDGE_CURVE('',#534,#532,#546,.T.);
#548=ORIENTED_EDGE('',*,*,#547,.F.);
#549=EDGE_LOOP('',(#541,#548));
#550=FACE_BOUND('',#549,.T.);
#551=CARTESIAN_POINT('',(655.87863907,-153.729122671,276.722174843));
#552=VERTEX_POINT('',#551);
#553=CARTESIAN_POINT('',(655.87863907,-153.729122671,279.322174843));
#554=DIRECTION('',(-0.,1.,-0.));
#555=DIRECTION('',(0.,0.,-1.));
#556=AXIS2_PLACEMENT_3D('',#553,#554,#555);
#557=CIRCLE('',#556,2.6);
#558=EDGE_CURVE('NONE',#552,#552,#557,.T.);
#559=ORIENTED_EDGE('',*,*,#558,.T.);
#560=EDGE_LOOP('',(#559));
#561=FACE_BOUND('',#560,.T.);
#562=CARTESIAN_POINT('',(697.87863907,-153.729122671,276.722174843));
#563=VERTEX_POINT('',#562);
#564=CARTESIAN_POINT('',(697.87863907,-153.729122671,279.322174843));
#565=DIRECTION('',(-0.,1.,-0.));
#566=DIRECTION('',(0.,0.,-1.));
#567=AXIS2_PLACEMENT_3D('',#564,#565,#566);
#568=CIRCLE('',#567,2.6);
#569=EDGE_CURVE('NONE',#563,#563,#568,.T.);
#570=ORIENTED_EDGE('',*,*,#569,.T.);
#571=EDGE_LOOP('',(#570));
#572=FACE_BOUND('',#571,.T.);
#573=CARTESIAN_POINT('',(756.87863907,-153.729122671,328.722174843));
#574=VERTEX_POINT('',#573);
#575=CARTESIAN_POINT('',(756.87863907,-153.729122671,331.322174843));
#576=DIRECTION('',(-0.,1.,-0.));
#577=DIRECTION('',(0.,0.,-1.));
#578=AXIS2_PLACEMENT_3D('',#575,#576,#577);
#579=CIRCLE('',#578,2.6);
#580=EDGE_CURVE('NONE',#574,#574,#579,.T.);
#581=ORIENTED_EDGE('',*,*,#580,.T.);
#582=EDGE_LOOP('',(#581));
#583=FACE_BOUND('',#582,.T.);
#584=CARTESIAN_POINT('',(596.87863907,-153.729122671,286.722174843));
#585=VERTEX_POINT('',#584);
#586=CARTESIAN_POINT('',(596.87863907,-153.729122671,289.322174843));
#587=DIRECTION('',(-0.,1.,-0.));
#588=DIRECTION('',(0.,0.,-1.));
#589=AXIS2_PLACEMENT_3D('',#586,#587,#588);
#590=CIRCLE('',#589,2.6);
#591=EDGE_CURVE('NONE',#585,#585,#590,.T.);
#592=ORIENTED_EDGE('',*,*,#591,.T.);
#593=EDGE_LOOP('',(#592));
#594=FACE_BOUND('',#593,.T.);
#595=CARTESIAN_POINT('',(523.343105164,-153.729122671,320.044505314));
#596=VERTEX_POINT('',#595);
#597=CARTESIAN_POINT('',(523.343105164,-153.729122671,321.644505314));
#598=DIRECTION('',(-0.,1.,-0.));
#599=DIRECTION('',(0.,0.,-1.));
#600=AXIS2_PLACEMENT_3D('',#597,#598,#599);
#601=CIRCLE('',#600,1.6);
#602=EDGE_CURVE('NONE',#596,#596,#601,.T.);
#603=ORIENTED_EDGE('',*,*,#602,.T.);
#604=EDGE_LOOP('',(#603));
#605=FACE_BOUND('',#604,.T.);
#606=CARTESIAN_POINT('',(558.698444223,-153.729122671,327.115573125));
#607=VERTEX_POINT('',#606);
#608=CARTESIAN_POINT('',(558.698444223,-153.729122671,328.715573125));
#609=DIRECTION('',(-0.,1.,-0.));
#610=DIRECTION('',(0.,0.,-1.));
#611=AXIS2_PLACEMENT_3D('',#608,#609,#610);
#612=CIRCLE('',#611,1.6);
#613=EDGE_CURVE('NONE',#607,#607,#612,.T.);
#614=ORIENTED_EDGE('',*,*,#613,.T.);
#615=EDGE_LOOP('',(#614));
#616=FACE_BOUND('',#615,.T.);
#617=CARTESIAN_POINT('',(541.020774693,-153.729122671,317.680039219));
#618=VERTEX_POINT('',#617);
#619=CARTESIAN_POINT('',(541.020774693,-153.729122671,325.180039219));
#620=DIRECTION('',(-0.,1.,-0.));
#621=DIRECTION('',(0.,0.,-1.));
#622=AXIS2_PLACEMENT_3D('',#619,#620,#621);
#623=CIRCLE('',#622,7.5);
#624=EDGE_CURVE('NONE',#618,#618,#623,.T.);
#625=ORIENTED_EDGE('',*,*,#624,.T.);
#626=EDGE_LOOP('',(#625));
#627=FACE_BOUND('',#626,.T.);
#628=CARTESIAN_POINT('',(812.736503446,-153.729122671,317.680039219));
#629=VERTEX_POINT('',#628);
#630=CARTESIAN_POINT('',(812.736503446,-153.729122671,325.180039219));
#631=DIRECTION('',(-0.,1.,-0.));
#632=DIRECTION('',(0.,0.,-1.));
#633=AXIS2_PLACEMENT_3D('',#630,#631,#632);
#634=CIRCLE('',#633,7.5);
#635=EDGE_CURVE('NONE',#629,#629,#634,.T.);
#636=ORIENTED_EDGE('',*,*,#635,.T.);
#637=EDGE_LOOP('',(#636));
#638=FACE_BOUND('',#637,.T.);
#639=CARTESIAN_POINT('',(795.058833916,-153.729122671,327.115573125));
#640=VERTEX_POINT('',#639);
#641=CARTESIAN_POINT('',(795.058833916,-153.729122671,328.715573125));
#642=DIRECTION('',(-0.,1.,-0.));
#643=DIRECTION('',(0.,0.,-1.));
#644=AXIS2_PLACEMENT_3D('',#641,#642,#643);
#645=CIRCLE('',#644,1.6);
#646=EDGE_CURVE('NONE',#640,#640,#645,.T.);
#647=ORIENTED_EDGE('',*,*,#646,.T.);
#648=EDGE_LOOP('',(#647));
#649=FACE_BOUND('',#648,.T.);
#650=CARTESIAN_POINT('',(830.414172976,-153.729122671,320.044505314));
#651=VERTEX_POINT('',#650);
#652=CARTESIAN_POINT('',(830.414172976,-153.729122671,321.644505314));
#653=DIRECTION('',(-0.,1.,-0.));
#654=DIRECTION('',(0.,0.,-1.));
#655=AXIS2_PLACEMENT_3D('',#652,#653,#654);
#656=CIRCLE('',#655,1.6);
#657=EDGE_CURVE('NONE',#651,#651,#656,.T.);
#658=ORIENTED_EDGE('',*,*,#657,.T.);
#659=EDGE_LOOP('',(#658));
#660=FACE_BOUND('',#659,.T.);
#661=CARTESIAN_POINT('',(816.272037352,-153.729122671,305.90236969));
#662=VERTEX_POINT('',#661);
#663=CARTESIAN_POINT('',(816.272037352,-153.729122671,307.50236969));
#664=DIRECTION('',(-0.,1.,-0.));
#665=DIRECTION('',(0.,0.,-1.));
#666=AXIS2_PLACEMENT_3D('',#663,#664,#665);
#667=CIRCLE('',#666,1.6);
#668=EDGE_CURVE('NONE',#662,#662,#667,.T.);
#669=ORIENTED_EDGE('',*,*,#668,.T.);
#670=EDGE_LOOP('',(#669));
#671=FACE_BOUND('',#670,.T.);
#672=CARTESIAN_POINT('',(809.20096954,-153.729122671,341.257708749));
#673=VERTEX_POINT('',#672);
#674=CARTESIAN_POINT('',(809.20096954,-153.729122671,342.857708749));
#675=DIRECTION('',(-0.,1.,-0.));
#676=DIRECTION('',(0.,0.,-1.));
#677=AXIS2_PLACEMENT_3D('',#674,#675,#676);
#678=CIRCLE('',#677,1.6);
#679=EDGE_CURVE('NONE',#673,#673,#678,.T.);
#680=ORIENTED_EDGE('',*,*,#679,.T.);
#681=EDGE_LOOP('',(#680));
#682=FACE_BOUND('',#681,.T.);
#683=CARTESIAN_POINT('',(544.556308599,-153.729122671,341.257708749));
#684=VERTEX_POINT('',#683);
#685=CARTESIAN_POINT('',(544.556308599,-153.729122671,342.857708749));
#686=DIRECTION('',(-0.,1.,-0.));
#687=DIRECTION('',(0.,0.,-1.));
#688=AXIS2_PLACEMENT_3D('',#685,#686,#687);
#689=CIRCLE('',#688,1.6);
#690=EDGE_CURVE('NONE',#684,#684,#689,.T.);
#691=ORIENTED_EDGE('',*,*,#690,.T.);
#692=EDGE_LOOP('',(#691));
#693=FACE_BOUND('',#692,.T.);
#694=CARTESIAN_POINT('',(537.485240787,-153.729122671,305.90236969));
#695=VERTEX_POINT('',#694);
#696=CARTESIAN_POINT('',(537.485240787,-153.729122671,307.50236969));
#697=DIRECTION('',(-0.,1.,-0.));
#698=DIRECTION('',(0.,0.,-1.));
#699=AXIS2_PLACEMENT_3D('',#696,#697,#698);
#700=CIRCLE('',#699,1.6);
#701=EDGE_CURVE('NONE',#695,#695,#700,.T.);
#702=ORIENTED_EDGE('',*,*,#701,.T.);
#703=EDGE_LOOP('',(#702));
#704=FACE_BOUND('',#703,.T.);
#705=CARTESIAN_POINT('',(596.87863907,-153.729122671,328.722174843));
#706=VERTEX_POINT('',#705);
#707=CARTESIAN_POINT('',(596.87863907,-153.729122671,331.322174843));
#708=DIRECTION('',(-0.,1.,-0.));
#709=DIRECTION('',(0.,0.,-1.));
#710=AXIS2_PLACEMENT_3D('',#707,#708,#709);
#711=CIRCLE('',#710,2.6);
#712=EDGE_CURVE('NONE',#706,#706,#711,.T.);
#713=ORIENTED_EDGE('',*,*,#712,.T.);
#714=EDGE_LOOP('',(#713));
#715=FACE_BOUND('',#714,.T.);
#716=CARTESIAN_POINT('',(756.87863907,-153.729122671,286.722174843));
#717=VERTEX_POINT('',#716);
#718=CARTESIAN_POINT('',(756.87863907,-153.729122671,289.322174843));
#719=DIRECTION('',(-0.,1.,-0.));
#720=DIRECTION('',(0.,0.,-1.));
#721=AXIS2_PLACEMENT_3D('',#718,#719,#720);
#722=CIRCLE('',#721,2.6);
#723=EDGE_CURVE('NONE',#717,#717,#722,.T.);
#724=ORIENTED_EDGE('',*,*,#723,.T.);
#725=EDGE_LOOP('',(#724));
#726=FACE_BOUND('',#725,.T.);
#727=CARTESIAN_POINT('',(697.87863907,-153.729122671,206.722174843));
#728=VERTEX_POINT('',#727);
#729=CARTESIAN_POINT('',(697.87863907,-153.729122671,209.322174843));
#730=DIRECTION('',(-0.,1.,-0.));
#731=DIRECTION('',(0.,0.,-1.));
#732=AXIS2_PLACEMENT_3D('',#729,#730,#731);
#733=CIRCLE('',#732,2.6);
#734=EDGE_CURVE('NONE',#728,#728,#733,.T.);
#735=ORIENTED_EDGE('',*,*,#734,.T.);
#736=EDGE_LOOP('',(#735));
#737=FACE_BOUND('',#736,.T.);
#738=CARTESIAN_POINT('',(655.87863907,-153.729122671,206.722174843));
#739=VERTEX_POINT('',#738);
#740=CARTESIAN_POINT('',(655.87863907,-153.729122671,209.322174843));
#741=DIRECTION('',(-0.,1.,-0.));
#742=DIRECTION('',(0.,0.,-1.));
#743=AXIS2_PLACEMENT_3D('',#740,#741,#742);
#744=CIRCLE('',#743,2.6);
#745=EDGE_CURVE('NONE',#739,#739,#744,.T.);
#746=ORIENTED_EDGE('',*,*,#745,.T.);
#747=EDGE_LOOP('',(#746));
#748=FACE_BOUND('',#747,.T.);
#749=CARTESIAN_POINT('',(499.807571258,-153.729122671,312.251107031));
#750=VERTEX_POINT('',#749);
#751=CARTESIAN_POINT('',(553.949706881,-153.729122671,366.393242655));
#752=VERTEX_POINT('',#751);
#753=CARTESIAN_POINT('',(499.807571258,-153.729122671,312.251107031));
#754=DIRECTION('',(0.707106781,-0.,0.707106781));
#755=VECTOR('',#754,76.568542495);
#756=LINE('',#753,#755);
#757=EDGE_CURVE('',#750,#752,#756,.T.);
#758=ORIENTED_EDGE('',*,*,#757,.F.);
#759=CARTESIAN_POINT('',(496.87863907,-153.729122671,305.180039219));
#760=VERTEX_POINT('',#759);
#761=CARTESIAN_POINT('',(506.87863907,-153.729122671,305.180039219));
#762=DIRECTION('',(0.,-1.,0.));
#763=DIRECTION('',(0.,0.,-1.));
#764=AXIS2_PLACEMENT_3D('',#761,#762,#763);
#765=CIRCLE('',#764,10.);
#766=EDGE_CURVE('',#750,#760,#765,.T.);
#767=ORIENTED_EDGE('',*,*,#766,.T.);
#768=CARTESIAN_POINT('',(496.87863907,-153.729122671,194.322174843));
#769=VERTEX_POINT('',#768);
#770=CARTESIAN_POINT('',(496.87863907,-153.729122671,194.322174843));
#771=DIRECTION('',(-0.,-0.,1.));
#772=VECTOR('',#771,110.857864376);
#773=LINE('',#770,#772);
#774=EDGE_CURVE('NONE',#769,#760,#773,.T.);
#775=ORIENTED_EDGE('',*,*,#774,.F.);
#776=CARTESIAN_POINT('',(856.87863907,-153.729122671,194.322174843));
#777=VERTEX_POINT('',#776);
#778=CARTESIAN_POINT('',(496.87863907,-153.729122671,194.322174843));
#779=DIRECTION('',(1.,0.,-0.));
#780=VECTOR('',#779,360.);
#781=LINE('',#778,#780);
#782=EDGE_CURVE('NONE',#769,#777,#781,.T.);
#783=ORIENTED_EDGE('',*,*,#782,.T.);
#784=CARTESIAN_POINT('',(856.87863907,-153.729122671,305.180039219));
#785=VERTEX_POINT('',#784);
#786=CARTESIAN_POINT('',(856.87863907,-153.729122671,305.180039219));
#787=DIRECTION('',(0.,-0.,-1.));
#788=VECTOR('',#787,110.857864376);
#789=LINE('',#786,#788);
#790=EDGE_CURVE('',#785,#777,#789,.T.);
#791=ORIENTED_EDGE('',*,*,#790,.F.);
#792=CARTESIAN_POINT('',(853.949706881,-153.729122671,312.251107031));
#793=VERTEX_POINT('',#792);
#794=CARTESIAN_POINT('',(846.87863907,-153.729122671,305.180039219));
#795=DIRECTION('',(0.,-1.,0.));
#796=DIRECTION('',(0.,0.,-1.));
#797=AXIS2_PLACEMENT_3D('',#794,#795,#796);
#798=CIRCLE('',#797,10.);
#799=EDGE_CURVE('',#785,#793,#798,.T.);
#800=ORIENTED_EDGE('',*,*,#799,.T.);
#801=CARTESIAN_POINT('',(799.807571258,-153.729122671,366.393242655));
#802=VERTEX_POINT('',#801);
#803=CARTESIAN_POINT('',(799.807571258,-153.729122671,366.393242655));
#804=DIRECTION('',(0.707106781,-0.,-0.707106781));
#805=VECTOR('',#804,76.568542495);
#806=LINE('',#803,#805);
#807=EDGE_CURVE('NONE',#802,#793,#806,.T.);
#808=ORIENTED_EDGE('',*,*,#807,.F.);
#809=CARTESIAN_POINT('',(792.736503446,-153.729122671,369.322174843));
#810=VERTEX_POINT('',#809);
#811=CARTESIAN_POINT('',(792.736503446,-153.729122671,359.322174843));
#812=DIRECTION('',(-0.,1.,-0.));
#813=DIRECTION('',(0.,0.,-1.));
#814=AXIS2_PLACEMENT_3D('',#811,#812,#813);
#815=CIRCLE('',#814,10.);
#816=EDGE_CURVE('NONE',#810,#802,#815,.T.);
#817=ORIENTED_EDGE('',*,*,#816,.F.);
#818=CARTESIAN_POINT('',(736.87863907,-153.729122671,369.322174843));
#819=VERTEX_POINT('',#818);
#820=CARTESIAN_POINT('',(736.87863907,-153.729122671,369.322174843));
#821=DIRECTION('',(1.,-0.,-0.));
#822=VECTOR('',#821,55.857864376);
#823=LINE('',#820,#822);
#824=EDGE_CURVE('NONE',#819,#810,#823,.T.);
#825=ORIENTED_EDGE('',*,*,#824,.F.);
#826=CARTESIAN_POINT('',(736.87863907,-153.729122671,294.322174843));
#827=VERTEX_POINT('',#826);
#828=CARTESIAN_POINT('',(736.87863907,-153.729122671,294.322174843));
#829=DIRECTION('',(-0.,-0.,1.));
#830=VECTOR('',#829,75.);
#831=LINE('',#828,#830);
#832=EDGE_CURVE('NONE',#827,#819,#831,.T.);
#833=ORIENTED_EDGE('',*,*,#832,.F.);
#834=CARTESIAN_POINT('',(731.87863907,-153.729122671,289.322174843));
#835=VERTEX_POINT('',#834);
#836=CARTESIAN_POINT('',(731.87863907,-153.729122671,289.322174843));
#837=DIRECTION('',(0.707106781,-0.,0.707106781));
#838=VECTOR('',#837,7.071067812);
#839=LINE('',#836,#838);
#840=EDGE_CURVE('NONE',#835,#827,#839,.T.);
#841=ORIENTED_EDGE('',*,*,#840,.F.);
#842=CARTESIAN_POINT('',(621.87863907,-153.729122671,289.322174843));
#843=VERTEX_POINT('',#842);
#844=CARTESIAN_POINT('',(621.87863907,-153.729122671,289.322174843));
#845=DIRECTION('',(1.,-0.,-0.));
#846=VECTOR('',#845,110.);
#847=LINE('',#844,#846);
#848=EDGE_CURVE('NONE',#843,#835,#847,.T.);
#849=ORIENTED_EDGE('',*,*,#848,.F.);
#850=CARTESIAN_POINT('',(616.87863907,-153.729122671,294.322174843));
#851=VERTEX_POINT('',#850);
#852=CARTESIAN_POINT('',(616.87863907,-153.729122671,294.322174843));
#853=DIRECTION('',(0.707106781,-0.,-0.707106781));
#854=VECTOR('',#853,7.071067812);
#855=LINE('',#852,#854);
#856=EDGE_CURVE('NONE',#851,#843,#855,.T.);
#857=ORIENTED_EDGE('',*,*,#856,.F.);
#858=CARTESIAN_POINT('',(616.87863907,-153.729122671,369.322174843));
#859=VERTEX_POINT('',#858);
#860=CARTESIAN_POINT('',(616.87863907,-153.729122671,369.322174843));
#861=DIRECTION('',(-0.,-0.,-1.));
#862=VECTOR('',#861,75.);
#863=LINE('',#860,#862);
#864=EDGE_CURVE('NONE',#859,#851,#863,.T.);
#865=ORIENTED_EDGE('',*,*,#864,.F.);
#866=CARTESIAN_POINT('',(561.020774693,-153.729122671,369.322174843));
#867=VERTEX_POINT('',#866);
#868=CARTESIAN_POINT('',(561.020774693,-153.729122671,369.322174843));
#869=DIRECTION('',(1.,-0.,0.));
#870=VECTOR('',#869,55.857864376);
#871=LINE('',#868,#870);
#872=EDGE_CURVE('NONE',#867,#859,#871,.T.);
#873=ORIENTED_EDGE('',*,*,#872,.F.);
#874=CARTESIAN_POINT('',(561.020774693,-153.729122671,359.322174843));
#875=DIRECTION('',(-0.,1.,-0.));
#876=DIRECTION('',(0.,0.,-1.));
#877=AXIS2_PLACEMENT_3D('',#874,#875,#876);
#878=CIRCLE('',#877,10.);
#879=EDGE_CURVE('NONE',#752,#867,#878,.T.);
#880=ORIENTED_EDGE('',*,*,#879,.F.);
#881=EDGE_LOOP('',(#758,#767,#775,#783,#791,#800,#808,#817,#825,#833,#841,#849,#857,#865,#873,#880));
#882=FACE_BOUND('',#881,.T.);
#883=CARTESIAN_POINT('',(651.80971406,-153.729122671,258.732102801));
#884=VERTEX_POINT('',#883);
#885=CARTESIAN_POINT('',(651.80971406,-153.729122671,254.732102801));
#886=VERTEX_POINT('',#885);
#887=CARTESIAN_POINT('',(651.80971406,-153.729122671,258.732102801));
#888=DIRECTION('',(0.,0.,-1.));
#889=VECTOR('',#888,4.);
#890=LINE('',#887,#889);
#891=EDGE_CURVE('',#884,#886,#890,.T.);
#892=ORIENTED_EDGE('',*,*,#891,.T.);
#893=CARTESIAN_POINT('',(648.80971406,-153.729122671,251.732102801));
#894=VERTEX_POINT('',#893);
#895=CARTESIAN_POINT('',(648.80971406,-153.729122671,254.732102801));
#896=DIRECTION('',(-0.,1.,-0.));
#897=DIRECTION('',(0.,0.,-1.));
#898=AXIS2_PLACEMENT_3D('',#895,#896,#897);
#899=CIRCLE('',#898,3.);
#900=EDGE_CURVE('',#886,#894,#899,.T.);
#901=ORIENTED_EDGE('',*,*,#900,.T.);
#902=CARTESIAN_POINT('',(624.80971406,-153.729122671,251.732102801));
#903=VERTEX_POINT('',#902);
#904=CARTESIAN_POINT('',(648.80971406,-153.729122671,251.732102801));
#905=DIRECTION('',(-1.,0.,0.));
#906=VECTOR('',#905,24.);
#907=LINE('',#904,#906);
#908=EDGE_CURVE('',#894,#903,#907,.T.);
#909=ORIENTED_EDGE('',*,*,#908,.T.);
#910=CARTESIAN_POINT('',(621.80971406,-153.729122671,254.732102801));
#911=VERTEX_POINT('',#910);
#912=CARTESIAN_POINT('',(624.80971406,-153.729122671,254.732102801));
#913=DIRECTION('',(-0.,1.,-0.));
#914=DIRECTION('',(0.,0.,-1.));
#915=AXIS2_PLACEMENT_3D('',#912,#913,#914);
#916=CIRCLE('',#915,3.);
#917=EDGE_CURVE('',#903,#911,#916,.T.);
#918=ORIENTED_EDGE('',*,*,#917,.T.);
#919=CARTESIAN_POINT('',(621.80971406,-153.729122671,258.732102801));
#920=VERTEX_POINT('',#919);
#921=CARTESIAN_POINT('',(621.80971406,-153.729122671,254.732102801));
#922=DIRECTION('',(0.,0.,1.));
#923=VECTOR('',#922,4.);
#924=LINE('',#921,#923);
#925=EDGE_CURVE('',#911,#920,#924,.T.);
#926=ORIENTED_EDGE('',*,*,#925,.T.);
#927=CARTESIAN_POINT('',(624.80971406,-153.729122671,261.732102801));
#928=VERTEX_POINT('',#927);
#929=CARTESIAN_POINT('',(624.80971406,-153.729122671,258.732102801));
#930=DIRECTION('',(-0.,1.,-0.));
#931=DIRECTION('',(0.,0.,-1.));
#932=AXIS2_PLACEMENT_3D('',#929,#930,#931);
#933=CIRCLE('',#932,3.);
#934=EDGE_CURVE('',#920,#928,#933,.T.);
#935=ORIENTED_EDGE('',*,*,#934,.T.);
#936=CARTESIAN_POINT('',(648.80971406,-153.729122671,261.732102801));
#937=VERTEX_POINT('',#936);
#938=CARTESIAN_POINT('',(624.80971406,-153.729122671,261.732102801));
#939=DIRECTION('',(1.,0.,-0.));
#940=VECTOR('',#939,24.);
#941=LINE('',#938,#940);
#942=EDGE_CURVE('',#928,#937,#941,.T.);
#943=ORIENTED_EDGE('',*,*,#942,.T.);
#944=CARTESIAN_POINT('',(648.80971406,-153.729122671,258.732102801));
#945=DIRECTION('',(-0.,1.,-0.));
#946=DIRECTION('',(0.,0.,-1.));
#947=AXIS2_PLACEMENT_3D('',#944,#945,#946);
#948=CIRCLE('',#947,3.);
#949=EDGE_CURVE('',#937,#884,#948,.T.);
#950=ORIENTED_EDGE('',*,*,#949,.T.);
#951=EDGE_LOOP('',(#892,#901,#909,#918,#926,#935,#943,#950));
#952=FACE_BOUND('',#951,.T.);
#953=CARTESIAN_POINT('',(731.947564079,-153.729122671,258.732102801));
#954=VERTEX_POINT('',#953);
#955=CARTESIAN_POINT('',(731.947564079,-153.729122671,254.732102801));
#956=VERTEX_POINT('',#955);
#957=CARTESIAN_POINT('',(731.947564079,-153.729122671,258.732102801));
#958=DIRECTION('',(0.,0.,-1.));
#959=VECTOR('',#958,4.);
#960=LINE('',#957,#959);
#961=EDGE_CURVE('',#954,#956,#960,.T.);
#962=ORIENTED_EDGE('',*,*,#961,.T.);
#963=CARTESIAN_POINT('',(728.947564079,-153.729122671,251.732102801));
#964=VERTEX_POINT('',#963);
#965=CARTESIAN_POINT('',(728.947564079,-153.729122671,254.732102801));
#966=DIRECTION('',(-0.,1.,-0.));
#967=DIRECTION('',(0.,0.,-1.));
#968=AXIS2_PLACEMENT_3D('',#965,#966,#967);
#969=CIRCLE('',#968,3.);
#970=EDGE_CURVE('',#956,#964,#969,.T.);
#971=ORIENTED_EDGE('',*,*,#970,.T.);
#972=CARTESIAN_POINT('',(704.947564079,-153.729122671,251.732102801));
#973=VERTEX_POINT('',#972);
#974=CARTESIAN_POINT('',(728.947564079,-153.729122671,251.732102801));
#975=DIRECTION('',(-1.,0.,0.));
#976=VECTOR('',#975,24.);
#977=LINE('',#974,#976);
#978=EDGE_CURVE('',#964,#973,#977,.T.);
#979=ORIENTED_EDGE('',*,*,#978,.T.);
#980=CARTESIAN_POINT('',(701.947564079,-153.729122671,254.732102801));
#981=VERTEX_POINT('',#980);
#982=CARTESIAN_POINT('',(704.947564079,-153.729122671,254.732102801));
#983=DIRECTION('',(-0.,1.,-0.));
#984=DIRECTION('',(0.,0.,-1.));
#985=AXIS2_PLACEMENT_3D('',#982,#983,#984);
#986=CIRCLE('',#985,3.);
#987=EDGE_CURVE('',#973,#981,#986,.T.);
#988=ORIENTED_EDGE('',*,*,#987,.T.);
#989=CARTESIAN_POINT('',(701.947564079,-153.729122671,258.732102801));
#990=VERTEX_POINT('',#989);
#991=CARTESIAN_POINT('',(701.947564079,-153.729122671,254.732102801));
#992=DIRECTION('',(0.,0.,1.));
#993=VECTOR('',#992,4.);
#994=LINE('',#991,#993);
#995=EDGE_CURVE('',#981,#990,#994,.T.);
#996=ORIENTED_EDGE('',*,*,#995,.T.);
#997=CARTESIAN_POINT('',(704.947564079,-153.729122671,261.732102801));
#998=VERTEX_POINT('',#997);
#999=CARTESIAN_POINT('',(704.947564079,-153.729122671,258.732102801));
#1000=DIRECTION('',(-0.,1.,-0.));
#1001=DIRECTION('',(0.,0.,-1.));
#1002=AXIS2_PLACEMENT_3D('',#999,#1000,#1001);
#1003=CIRCLE('',#1002,3.);
#1004=EDGE_CURVE('',#990,#998,#1003,.T.);
#1005=ORIENTED_EDGE('',*,*,#1004,.T.);
#1006=CARTESIAN_POINT('',(728.947564079,-153.729122671,261.732102801));
#1007=VERTEX_POINT('',#1006);
#1008=CARTESIAN_POINT('',(704.947564079,-153.729122671,261.732102801));
#1009=DIRECTION('',(1.,0.,-0.));
#1010=VECTOR('',#1009,24.);
#1011=LINE('',#1008,#1010);
#1012=EDGE_CURVE('',#998,#1007,#1011,.T.);
#1013=ORIENTED_EDGE('',*,*,#1012,.T.);
#1014=CARTESIAN_POINT('',(728.947564079,-153.729122671,258.732102801));
#1015=DIRECTION('',(-0.,1.,-0.));
#1016=DIRECTION('',(0.,0.,-1.));
#1017=AXIS2_PLACEMENT_3D('',#1014,#1015,#1016);
#1018=CIRCLE('',#1017,3.);
#1019=EDGE_CURVE('',#1007,#954,#1018,.T.);
#1020=ORIENTED_EDGE('',*,*,#1019,.T.);
#1021=EDGE_LOOP('',(#962,#971,#979,#988,#996,#1005,#1013,#1020));
#1022=FACE_BOUND('',#1021,.T.);
#1023=ADVANCED_FACE('',(#410,#414,#418,#422,#426,#430,#450,#470,#490,#510,#530,#550,#561,#572,#583,#594,#605,#616,#627,#638,#649,#660,#671,#682,#693,#704,
#715,#726,#737,#748,#882,#952,#1022),#406,.T.);
#1024=CARTESIAN_POINT('',(792.736503446,-147.729122671,359.322174843));
#1025=DIRECTION('',(0.,-1.,0.));
#1026=DIRECTION('',(0.,0.,-1.));
#1027=AXIS2_PLACEMENT_3D('',#1024,#1025,#1026);
#1028=PLANE('',#1027);
#1029=ORIENTED_EDGE('',*,*,#105,.F.);
#1030=ORIENTED_EDGE('',*,*,#112,.F.);
#1031=EDGE_LOOP('',(#1029,#1030));
#1032=FACE_BOUND('',#1031,.T.);
#1033=ORIENTED_EDGE('',*,*,#164,.F.);
#1034=ORIENTED_EDGE('',*,*,#171,.F.);
#1035=EDGE_LOOP('',(#1033,#1034));
#1036=FACE_BOUND('',#1035,.T.);
#1037=ORIENTED_EDGE('',*,*,#216,.F.);
#1038=ORIENTED_EDGE('',*,*,#223,.F.);
#1039=EDGE_LOOP('',(#1037,#1038));
#1040=FACE_BOUND('',#1039,.T.);
#1041=ORIENTED_EDGE('',*,*,#268,.F.);
#1042=ORIENTED_EDGE('',*,*,#275,.F.);
#1043=EDGE_LOOP('',(#1041,#1042));
#1044=FACE_BOUND('',#1043,.T.);
#1045=ORIENTED_EDGE('',*,*,#320,.F.);
#1046=ORIENTED_EDGE('',*,*,#327,.F.);
#1047=EDGE_LOOP('',(#1045,#1046));
#1048=FACE_BOUND('',#1047,.T.);
#1049=ORIENTED_EDGE('',*,*,#372,.F.);
#1050=ORIENTED_EDGE('',*,*,#379,.F.);
#1051=EDGE_LOOP('',(#1049,#1050));
#1052=FACE_BOUND('',#1051,.T.);
#1053=CARTESIAN_POINT('',(598.878635376,-147.729122671,201.722173963));
#1054=VERTEX_POINT('',#1053);
#1055=CARTESIAN_POINT('',(598.878635376,-147.729122671,206.922173963));
#1056=VERTEX_POINT('',#1055);
#1057=CARTESIAN_POINT('',(598.878635376,-147.729122671,204.322173963));
#1058=DIRECTION('',(0.,-1.,0.));
#1059=DIRECTION('',(0.,0.,-1.));
#1060=AXIS2_PLACEMENT_3D('',#1057,#1058,#1059);
#1061=CIRCLE('',#1060,2.6);
#1062=EDGE_CURVE('',#1054,#1056,#1061,.T.);
#1063=ORIENTED_EDGE('',*,*,#1062,.T.);
#1064=CARTESIAN_POINT('',(598.878635376,-147.729122671,204.322173963));
#1065=DIRECTION('',(0.,-1.,0.));
#1066=DIRECTION('',(0.,0.,-1.));
#1067=AXIS2_PLACEMENT_3D('',#1064,#1065,#1066);
#1068=CIRCLE('',#1067,2.6);
#1069=EDGE_CURVE('',#1056,#1054,#1068,.T.);
#1070=ORIENTED_EDGE('',*,*,#1069,.T.);
#1071=EDGE_LOOP('',(#1063,#1070));
#1072=FACE_BOUND('',#1071,.T.);
#1073=CARTESIAN_POINT('',(507.878635376,-147.729122671,241.722173963));
#1074=VERTEX_POINT('',#1073);
#1075=CARTESIAN_POINT('',(507.878635376,-147.729122671,246.922173963));
#1076=VERTEX_POINT('',#1075);
#1077=CARTESIAN_POINT('',(507.878635376,-147.729122671,244.322173963));
#1078=DIRECTION('',(0.,-1.,0.));
#1079=DIRECTION('',(0.,0.,-1.));
#1080=AXIS2_PLACEMENT_3D('',#1077,#1078,#1079);
#1081=CIRCLE('',#1080,2.6);
#1082=EDGE_CURVE('',#1074,#1076,#1081,.T.);
#1083=ORIENTED_EDGE('',*,*,#1082,.T.);
#1084=CARTESIAN_POINT('',(507.878635376,-147.729122671,244.322173963));
#1085=DIRECTION('',(0.,-1.,0.));
#1086=DIRECTION('',(0.,0.,-1.));
#1087=AXIS2_PLACEMENT_3D('',#1084,#1085,#1086);
#1088=CIRCLE('',#1087,2.6);
#1089=EDGE_CURVE('',#1076,#1074,#1088,.T.);
#1090=ORIENTED_EDGE('',*,*,#1089,.T.);
#1091=EDGE_LOOP('',(#1083,#1090));
#1092=FACE_BOUND('',#1091,.T.);
#1093=CARTESIAN_POINT('',(598.878635376,-147.729122671,241.722173963));
#1094=VERTEX_POINT('',#1093);
#1095=CARTESIAN_POINT('',(598.878635376,-147.729122671,246.922173963));
#1096=VERTEX_POINT('',#1095);
#1097=CARTESIAN_POINT('',(598.878635376,-147.729122671,244.322173963));
#1098=DIRECTION('',(0.,-1.,0.));
#1099=DIRECTION('',(0.,0.,-1.));
#1100=AXIS2_PLACEMENT_3D('',#1097,#1098,#1099);
#1101=CIRCLE('',#1100,2.6);
#1102=EDGE_CURVE('',#1094,#1096,#1101,.T.);
#1103=ORIENTED_EDGE('',*,*,#1102,.T.);
#1104=CARTESIAN_POINT('',(598.878635376,-147.729122671,244.322173963));
#1105=DIRECTION('',(0.,-1.,0.));
#1106=DIRECTION('',(0.,0.,-1.));
#1107=AXIS2_PLACEMENT_3D('',#1104,#1105,#1106);
#1108=CIRCLE('',#1107,2.6);
#1109=EDGE_CURVE('',#1096,#1094,#1108,.T.);
#1110=ORIENTED_EDGE('',*,*,#1109,.T.);
#1111=EDGE_LOOP('',(#1103,#1110));
#1112=FACE_BOUND('',#1111,.T.);
#1113=CARTESIAN_POINT('',(507.878635376,-147.729122671,281.722173963));
#1114=VERTEX_POINT('',#1113);
#1115=CARTESIAN_POINT('',(507.878635376,-147.729122671,286.922173963));
#1116=VERTEX_POINT('',#1115);
#1117=CARTESIAN_POINT('',(507.878635376,-147.729122671,284.322173963));
#1118=DIRECTION('',(0.,-1.,0.));
#1119=DIRECTION('',(0.,0.,-1.));
#1120=AXIS2_PLACEMENT_3D('',#1117,#1118,#1119);
#1121=CIRCLE('',#1120,2.6);
#1122=EDGE_CURVE('',#1114,#1116,#1121,.T.);
#1123=ORIENTED_EDGE('',*,*,#1122,.T.);
#1124=CARTESIAN_POINT('',(507.878635376,-147.729122671,284.322173963));
#1125=DIRECTION('',(0.,-1.,0.));
#1126=DIRECTION('',(0.,0.,-1.));
#1127=AXIS2_PLACEMENT_3D('',#1124,#1125,#1126);
#1128=CIRCLE('',#1127,2.6);
#1129=EDGE_CURVE('',#1116,#1114,#1128,.T.);
#1130=ORIENTED_EDGE('',*,*,#1129,.T.);
#1131=EDGE_LOOP('',(#1123,#1130));
#1132=FACE_BOUND('',#1131,.T.);
#1133=CARTESIAN_POINT('',(507.878635376,-147.729122671,201.722173963));
#1134=VERTEX_POINT('',#1133);
#1135=CARTESIAN_POINT('',(507.878635376,-147.729122671,206.922173963));
#1136=VERTEX_POINT('',#1135);
#1137=CARTESIAN_POINT('',(507.878635376,-147.729122671,204.322173963));
#1138=DIRECTION('',(0.,-1.,0.));
#1139=DIRECTION('',(0.,0.,-1.));
#1140=AXIS2_PLACEMENT_3D('',#1137,#1138,#1139);
#1141=CIRCLE('',#1140,2.6);
#1142=EDGE_CURVE('',#1134,#1136,#1141,.T.);
#1143=ORIENTED_EDGE('',*,*,#1142,.T.);
#1144=CARTESIAN_POINT('',(507.878635376,-147.729122671,204.322173963));
#1145=DIRECTION('',(0.,-1.,0.));
#1146=DIRECTION('',(0.,0.,-1.));
#1147=AXIS2_PLACEMENT_3D('',#1144,#1145,#1146);
#1148=CIRCLE('',#1147,2.6);
#1149=EDGE_CURVE('',#1136,#1134,#1148,.T.);
#1150=ORIENTED_EDGE('',*,*,#1149,.T.);
#1151=EDGE_LOOP('',(#1143,#1150));
#1152=FACE_BOUND('',#1151,.T.);
#1153=CARTESIAN_POINT('',(598.878635376,-147.729122671,351.722173963));
#1154=VERTEX_POINT('',#1153);
#1155=CARTESIAN_POINT('',(598.878635376,-147.729122671,356.922173963));
#1156=VERTEX_POINT('',#1155);
#1157=CARTESIAN_POINT('',(598.878635376,-147.729122671,354.322173963));
#1158=DIRECTION('',(0.,-1.,0.));
#1159=DIRECTION('',(0.,0.,-1.));
#1160=AXIS2_PLACEMENT_3D('',#1157,#1158,#1159);
#1161=CIRCLE('',#1160,2.6);
#1162=EDGE_CURVE('',#1154,#1156,#1161,.T.);
#1163=ORIENTED_EDGE('',*,*,#1162,.T.);
#1164=CARTESIAN_POINT('',(598.878635376,-147.729122671,354.322173963));
#1165=DIRECTION('',(0.,-1.,0.));
#1166=DIRECTION('',(0.,0.,-1.));
#1167=AXIS2_PLACEMENT_3D('',#1164,#1165,#1166);
#1168=CIRCLE('',#1167,2.6);
#1169=EDGE_CURVE('',#1156,#1154,#1168,.T.);
#1170=ORIENTED_EDGE('',*,*,#1169,.T.);
#1171=EDGE_LOOP('',(#1163,#1170));
#1172=FACE_BOUND('',#1171,.T.);
#1173=CARTESIAN_POINT('',(621.80971406,-147.729122671,254.732102801));
#1174=VERTEX_POINT('',#1173);
#1175=CARTESIAN_POINT('',(621.80971406,-147.729122671,258.732102801));
#1176=VERTEX_POINT('',#1175);
#1177=CARTESIAN_POINT('',(621.80971406,-147.729122671,254.732102801));
#1178=DIRECTION('',(0.,0.,1.));
#1179=VECTOR('',#1178,4.);
#1180=LINE('',#1177,#1179);
#1181=EDGE_CURVE('',#1174,#1176,#1180,.T.);
#1182=ORIENTED_EDGE('',*,*,#1181,.F.);
#1183=CARTESIAN_POINT('',(624.80971406,-147.729122671,251.732102801));
#1184=VERTEX_POINT('',#1183);
#1185=CARTESIAN_POINT('',(624.80971406,-147.729122671,254.732102801));
#1186=DIRECTION('',(0.,-1.,0.));
#1187=DIRECTION('',(0.,0.,-1.));
#1188=AXIS2_PLACEMENT_3D('',#1185,#1186,#1187);
#1189=CIRCLE('',#1188,3.);
#1190=EDGE_CURVE('',#1174,#1184,#1189,.T.);
#1191=ORIENTED_EDGE('',*,*,#1190,.T.);
#1192=CARTESIAN_POINT('',(648.80971406,-147.729122671,251.732102801));
#1193=VERTEX_POINT('',#1192);
#1194=CARTESIAN_POINT('',(648.80971406,-147.729122671,251.732102801));
#1195=DIRECTION('',(-1.,0.,0.));
#1196=VECTOR('',#1195,24.);
#1197=LINE('',#1194,#1196);
#1198=EDGE_CURVE('',#1193,#1184,#1197,.T.);
#1199=ORIENTED_EDGE('',*,*,#1198,.F.);
#1200=CARTESIAN_POINT('',(651.80971406,-147.729122671,254.732102801));
#1201=VERTEX_POINT('',#1200);
#1202=CARTESIAN_POINT('',(648.80971406,-147.729122671,254.732102801));
#1203=DIRECTION('',(0.,-1.,0.));
#1204=DIRECTION('',(0.,0.,-1.));
#1205=AXIS2_PLACEMENT_3D('',#1202,#1203,#1204);
#1206=CIRCLE('',#1205,3.);
#1207=EDGE_CURVE('',#1193,#1201,#1206,.T.);
#1208=ORIENTED_EDGE('',*,*,#1207,.T.);
#1209=CARTESIAN_POINT('',(651.80971406,-147.729122671,258.732102801));
#1210=VERTEX_POINT('',#1209);
#1211=CARTESIAN_POINT('',(651.80971406,-147.729122671,258.732102801));
#1212=DIRECTION('',(0.,0.,-1.));
#1213=VECTOR('',#1212,4.);
#1214=LINE('',#1211,#1213);
#1215=EDGE_CURVE('',#1210,#1201,#1214,.T.);
#1216=ORIENTED_EDGE('',*,*,#1215,.F.);
#1217=CARTESIAN_POINT('',(648.80971406,-147.729122671,261.732102801));
#1218=VERTEX_POINT('',#1217);
#1219=CARTESIAN_POINT('',(648.80971406,-147.729122671,258.732102801));
#1220=DIRECTION('',(0.,-1.,0.));
#1221=DIRECTION('',(0.,0.,-1.));
#1222=AXIS2_PLACEMENT_3D('',#1219,#1220,#1221);
#1223=CIRCLE('',#1222,3.);
#1224=EDGE_CURVE('',#1210,#1218,#1223,.T.);
#1225=ORIENTED_EDGE('',*,*,#1224,.T.);
#1226=CARTESIAN_POINT('',(624.80971406,-147.729122671,261.732102801));
#1227=VERTEX_POINT('',#1226);
#1228=CARTESIAN_POINT('',(624.80971406,-147.729122671,261.732102801));
#1229=DIRECTION('',(1.,0.,-0.));
#1230=VECTOR('',#1229,24.);
#1231=LINE('',#1228,#1230);
#1232=EDGE_CURVE('',#1227,#1218,#1231,.T.);
#1233=ORIENTED_EDGE('',*,*,#1232,.F.);
#1234=CARTESIAN_POINT('',(624.80971406,-147.729122671,258.732102801));
#1235=DIRECTION('',(0.,-1.,0.));
#1236=DIRECTION('',(0.,0.,-1.));
#1237=AXIS2_PLACEMENT_3D('',#1234,#1235,#1236);
#1238=CIRCLE('',#1237,3.);
#1239=EDGE_CURVE('',#1227,#1176,#1238,.T.);
#1240=ORIENTED_EDGE('',*,*,#1239,.T.);
#1241=EDGE_LOOP('',(#1182,#1191,#1199,#1208,#1216,#1225,#1233,#1240));
#1242=FACE_BOUND('',#1241,.T.);
#1243=CARTESIAN_POINT('',(655.87863907,-147.729122671,206.722174843));
#1244=VERTEX_POINT('',#1243);
#1245=CARTESIAN_POINT('',(655.87863907,-147.729122671,209.322174843));
#1246=DIRECTION('',(-0.,1.,-0.));
#1247=DIRECTION('',(0.,0.,-1.));
#1248=AXIS2_PLACEMENT_3D('',#1245,#1246,#1247);
#1249=CIRCLE('',#1248,2.6);
#1250=EDGE_CURVE('NONE',#1244,#1244,#1249,.T.);
#1251=ORIENTED_EDGE('',*,*,#1250,.F.);
#1252=EDGE_LOOP('',(#1251));
#1253=FACE_BOUND('',#1252,.T.);
#1254=CARTESIAN_POINT('',(655.87863907,-147.729122671,276.722174843));
#1255=VERTEX_POINT('',#1254);
#1256=CARTESIAN_POINT('',(655.87863907,-147.729122671,279.322174843));
#1257=DIRECTION('',(-0.,1.,-0.));
#1258=DIRECTION('',(0.,0.,-1.));
#1259=AXIS2_PLACEMENT_3D('',#1256,#1257,#1258);
#1260=CIRCLE('',#1259,2.6);
#1261=EDGE_CURVE('NONE',#1255,#1255,#1260,.T.);
#1262=ORIENTED_EDGE('',*,*,#1261,.F.);
#1263=EDGE_LOOP('',(#1262));
#1264=FACE_BOUND('',#1263,.T.);
#1265=CARTESIAN_POINT('',(697.87863907,-147.729122671,206.722174843));
#1266=VERTEX_POINT('',#1265);
#1267=CARTESIAN_POINT('',(697.87863907,-147.729122671,209.322174843));
#1268=DIRECTION('',(-0.,1.,-0.));
#1269=DIRECTION('',(0.,0.,-1.));
#1270=AXIS2_PLACEMENT_3D('',#1267,#1268,#1269);
#1271=CIRCLE('',#1270,2.6);
#1272=EDGE_CURVE('NONE',#1266,#1266,#1271,.T.);
#1273=ORIENTED_EDGE('',*,*,#1272,.F.);
#1274=EDGE_LOOP('',(#1273));
#1275=FACE_BOUND('',#1274,.T.);
#1276=CARTESIAN_POINT('',(697.87863907,-147.729122671,276.722174843));
#1277=VERTEX_POINT('',#1276);
#1278=CARTESIAN_POINT('',(697.87863907,-147.729122671,279.322174843));
#1279=DIRECTION('',(-0.,1.,-0.));
#1280=DIRECTION('',(0.,0.,-1.));
#1281=AXIS2_PLACEMENT_3D('',#1278,#1279,#1280);
#1282=CIRCLE('',#1281,2.6);
#1283=EDGE_CURVE('NONE',#1277,#1277,#1282,.T.);
#1284=ORIENTED_EDGE('',*,*,#1283,.F.);
#1285=EDGE_LOOP('',(#1284));
#1286=FACE_BOUND('',#1285,.T.);
#1287=CARTESIAN_POINT('',(756.87863907,-147.729122671,286.722174843));
#1288=VERTEX_POINT('',#1287);
#1289=CARTESIAN_POINT('',(756.87863907,-147.729122671,289.322174843));
#1290=DIRECTION('',(-0.,1.,-0.));
#1291=DIRECTION('',(0.,0.,-1.));
#1292=AXIS2_PLACEMENT_3D('',#1289,#1290,#1291);
#1293=CIRCLE('',#1292,2.6);
#1294=EDGE_CURVE('NONE',#1288,#1288,#1293,.T.);
#1295=ORIENTED_EDGE('',*,*,#1294,.F.);
#1296=EDGE_LOOP('',(#1295));
#1297=FACE_BOUND('',#1296,.T.);
#1298=CARTESIAN_POINT('',(756.87863907,-147.729122671,328.722174843));
#1299=VERTEX_POINT('',#1298);
#1300=CARTESIAN_POINT('',(756.87863907,-147.729122671,331.322174843));
#1301=DIRECTION('',(-0.,1.,-0.));
#1302=DIRECTION('',(0.,0.,-1.));
#1303=AXIS2_PLACEMENT_3D('',#1300,#1301,#1302);
#1304=CIRCLE('',#1303,2.6);
#1305=EDGE_CURVE('NONE',#1299,#1299,#1304,.T.);
#1306=ORIENTED_EDGE('',*,*,#1305,.F.);
#1307=EDGE_LOOP('',(#1306));
#1308=FACE_BOUND('',#1307,.T.);
#1309=CARTESIAN_POINT('',(596.87863907,-147.729122671,328.722174843));
#1310=VERTEX_POINT('',#1309);
#1311=CARTESIAN_POINT('',(596.87863907,-147.729122671,331.322174843));
#1312=DIRECTION('',(-0.,1.,-0.));
#1313=DIRECTION('',(0.,0.,-1.));
#1314=AXIS2_PLACEMENT_3D('',#1311,#1312,#1313);
#1315=CIRCLE('',#1314,2.6);
#1316=EDGE_CURVE('NONE',#1310,#1310,#1315,.T.);
#1317=ORIENTED_EDGE('',*,*,#1316,.F.);
#1318=EDGE_LOOP('',(#1317));
#1319=FACE_BOUND('',#1318,.T.);
#1320=CARTESIAN_POINT('',(596.87863907,-147.729122671,286.722174843));
#1321=VERTEX_POINT('',#1320);
#1322=CARTESIAN_POINT('',(596.87863907,-147.729122671,289.322174843));
#1323=DIRECTION('',(-0.,1.,-0.));
#1324=DIRECTION('',(0.,0.,-1.));
#1325=AXIS2_PLACEMENT_3D('',#1322,#1323,#1324);
#1326=CIRCLE('',#1325,2.6);
#1327=EDGE_CURVE('NONE',#1321,#1321,#1326,.T.);
#1328=ORIENTED_EDGE('',*,*,#1327,.F.);
#1329=EDGE_LOOP('',(#1328));
#1330=FACE_BOUND('',#1329,.T.);
#1331=CARTESIAN_POINT('',(523.343105164,-147.729122671,320.044505314));
#1332=VERTEX_POINT('',#1331);
#1333=CARTESIAN_POINT('',(523.343105164,-147.729122671,321.644505314));
#1334=DIRECTION('',(-0.,1.,-0.));
#1335=DIRECTION('',(0.,0.,-1.));
#1336=AXIS2_PLACEMENT_3D('',#1333,#1334,#1335);
#1337=CIRCLE('',#1336,1.6);
#1338=EDGE_CURVE('NONE',#1332,#1332,#1337,.T.);
#1339=ORIENTED_EDGE('',*,*,#1338,.F.);
#1340=EDGE_LOOP('',(#1339));
#1341=FACE_BOUND('',#1340,.T.);
#1342=CARTESIAN_POINT('',(537.485240787,-147.729122671,305.90236969));
#1343=VERTEX_POINT('',#1342);
#1344=CARTESIAN_POINT('',(537.485240787,-147.729122671,307.50236969));
#1345=DIRECTION('',(-0.,1.,-0.));
#1346=DIRECTION('',(0.,0.,-1.));
#1347=AXIS2_PLACEMENT_3D('',#1344,#1345,#1346);
#1348=CIRCLE('',#1347,1.6);
#1349=EDGE_CURVE('NONE',#1343,#1343,#1348,.T.);
#1350=ORIENTED_EDGE('',*,*,#1349,.F.);
#1351=EDGE_LOOP('',(#1350));
#1352=FACE_BOUND('',#1351,.T.);
#1353=CARTESIAN_POINT('',(558.698444223,-147.729122671,327.115573125));
#1354=VERTEX_POINT('',#1353);
#1355=CARTESIAN_POINT('',(558.698444223,-147.729122671,328.715573125));
#1356=DIRECTION('',(-0.,1.,-0.));
#1357=DIRECTION('',(0.,0.,-1.));
#1358=AXIS2_PLACEMENT_3D('',#1355,#1356,#1357);
#1359=CIRCLE('',#1358,1.6);
#1360=EDGE_CURVE('NONE',#1354,#1354,#1359,.T.);
#1361=ORIENTED_EDGE('',*,*,#1360,.F.);
#1362=EDGE_LOOP('',(#1361));
#1363=FACE_BOUND('',#1362,.T.);
#1364=CARTESIAN_POINT('',(544.556308599,-147.729122671,341.257708749));
#1365=VERTEX_POINT('',#1364);
#1366=CARTESIAN_POINT('',(544.556308599,-147.729122671,342.857708749));
#1367=DIRECTION('',(-0.,1.,-0.));
#1368=DIRECTION('',(0.,0.,-1.));
#1369=AXIS2_PLACEMENT_3D('',#1366,#1367,#1368);
#1370=CIRCLE('',#1369,1.6);
#1371=EDGE_CURVE('NONE',#1365,#1365,#1370,.T.);
#1372=ORIENTED_EDGE('',*,*,#1371,.F.);
#1373=EDGE_LOOP('',(#1372));
#1374=FACE_BOUND('',#1373,.T.);
#1375=CARTESIAN_POINT('',(541.020774693,-147.729122671,317.680039219));
#1376=VERTEX_POINT('',#1375);
#1377=CARTESIAN_POINT('',(541.020774693,-147.729122671,325.180039219));
#1378=DIRECTION('',(-0.,1.,-0.));
#1379=DIRECTION('',(0.,0.,-1.));
#1380=AXIS2_PLACEMENT_3D('',#1377,#1378,#1379);
#1381=CIRCLE('',#1380,7.5);
#1382=EDGE_CURVE('NONE',#1376,#1376,#1381,.T.);
#1383=ORIENTED_EDGE('',*,*,#1382,.F.);
#1384=EDGE_LOOP('',(#1383));
#1385=FACE_BOUND('',#1384,.T.);
#1386=CARTESIAN_POINT('',(812.736503446,-147.729122671,317.680039219));
#1387=VERTEX_POINT('',#1386);
#1388=CARTESIAN_POINT('',(812.736503446,-147.729122671,325.180039219));
#1389=DIRECTION('',(-0.,1.,-0.));
#1390=DIRECTION('',(0.,0.,-1.));
#1391=AXIS2_PLACEMENT_3D('',#1388,#1389,#1390);
#1392=CIRCLE('',#1391,7.5);
#1393=EDGE_CURVE('NONE',#1387,#1387,#1392,.T.);
#1394=ORIENTED_EDGE('',*,*,#1393,.F.);
#1395=EDGE_LOOP('',(#1394));
#1396=FACE_BOUND('',#1395,.T.);
#1397=CARTESIAN_POINT('',(809.20096954,-147.729122671,341.257708749));
#1398=VERTEX_POINT('',#1397);
#1399=CARTESIAN_POINT('',(809.20096954,-147.729122671,342.857708749));
#1400=DIRECTION('',(-0.,1.,-0.));
#1401=DIRECTION('',(0.,0.,-1.));
#1402=AXIS2_PLACEMENT_3D('',#1399,#1400,#1401);
#1403=CIRCLE('',#1402,1.6);
#1404=EDGE_CURVE('NONE',#1398,#1398,#1403,.T.);
#1405=ORIENTED_EDGE('',*,*,#1404,.F.);
#1406=EDGE_LOOP('',(#1405));
#1407=FACE_BOUND('',#1406,.T.);
#1408=CARTESIAN_POINT('',(795.058833916,-147.729122671,327.115573125));
#1409=VERTEX_POINT('',#1408);
#1410=CARTESIAN_POINT('',(795.058833916,-147.729122671,328.715573125));
#1411=DIRECTION('',(-0.,1.,-0.));
#1412=DIRECTION('',(0.,0.,-1.));
#1413=AXIS2_PLACEMENT_3D('',#1410,#1411,#1412);
#1414=CIRCLE('',#1413,1.6);
#1415=EDGE_CURVE('NONE',#1409,#1409,#1414,.T.);
#1416=ORIENTED_EDGE('',*,*,#1415,.F.);
#1417=EDGE_LOOP('',(#1416));
#1418=FACE_BOUND('',#1417,.T.);
#1419=CARTESIAN_POINT('',(816.272037352,-147.729122671,305.90236969));
#1420=VERTEX_POINT('',#1419);
#1421=CARTESIAN_POINT('',(816.272037352,-147.729122671,307.50236969));
#1422=DIRECTION('',(-0.,1.,-0.));
#1423=DIRECTION('',(0.,0.,-1.));
#1424=AXIS2_PLACEMENT_3D('',#1421,#1422,#1423);
#1425=CIRCLE('',#1424,1.6);
#1426=EDGE_CURVE('NONE',#1420,#1420,#1425,.T.);
#1427=ORIENTED_EDGE('',*,*,#1426,.F.);
#1428=EDGE_LOOP('',(#1427));
#1429=FACE_BOUND('',#1428,.T.);
#1430=CARTESIAN_POINT('',(830.414172976,-147.729122671,320.044505314));
#1431=VERTEX_POINT('',#1430);
#1432=CARTESIAN_POINT('',(830.414172976,-147.729122671,321.644505314));
#1433=DIRECTION('',(-0.,1.,-0.));
#1434=DIRECTION('',(0.,0.,-1.));
#1435=AXIS2_PLACEMENT_3D('',#1432,#1433,#1434);
#1436=CIRCLE('',#1435,1.6);
#1437=EDGE_CURVE('NONE',#1431,#1431,#1436,.T.);
#1438=ORIENTED_EDGE('',*,*,#1437,.F.);
#1439=EDGE_LOOP('',(#1438));
#1440=FACE_BOUND('',#1439,.T.);
#1441=CARTESIAN_POINT('',(496.87863907,-147.729122671,194.322174843));
#1442=VERTEX_POINT('',#1441);
#1443=CARTESIAN_POINT('',(496.87863907,-147.729122671,305.180039219));
#1444=VERTEX_POINT('',#1443);
#1445=CARTESIAN_POINT('',(496.87863907,-147.729122671,194.322174843));
#1446=DIRECTION('',(-0.,-0.,1.));
#1447=VECTOR('',#1446,110.857864376);
#1448=LINE('',#1445,#1447);
#1449=EDGE_CURVE('',#1442,#1444,#1448,.T.);
#1450=ORIENTED_EDGE('',*,*,#1449,.T.);
#1451=CARTESIAN_POINT('',(499.807571258,-147.729122671,312.251107031));
#1452=VERTEX_POINT('',#1451);
#1453=CARTESIAN_POINT('',(506.87863907,-147.729122671,305.180039219));
#1454=DIRECTION('',(-0.,1.,-0.));
#1455=DIRECTION('',(0.,0.,-1.));
#1456=AXIS2_PLACEMENT_3D('',#1453,#1454,#1455);
#1457=CIRCLE('',#1456,10.);
#1458=EDGE_CURVE('',#1444,#1452,#1457,.T.);
#1459=ORIENTED_EDGE('',*,*,#1458,.T.);
#1460=CARTESIAN_POINT('',(553.949706881,-147.729122671,366.393242655));
#1461=VERTEX_POINT('',#1460);
#1462=CARTESIAN_POINT('',(499.807571258,-147.729122671,312.251107031));
#1463=DIRECTION('',(0.707106781,0.,0.707106781));
#1464=VECTOR('',#1463,76.568542495);
#1465=LINE('',#1462,#1464);
#1466=EDGE_CURVE('',#1452,#1461,#1465,.T.);
#1467=ORIENTED_EDGE('',*,*,#1466,.T.);
#1468=CARTESIAN_POINT('',(561.020774693,-147.729122671,369.322174843));
#1469=VERTEX_POINT('',#1468);
#1470=CARTESIAN_POINT('',(561.020774693,-147.729122671,359.322174843));
#1471=DIRECTION('',(-0.,1.,-0.));
#1472=DIRECTION('',(0.,0.,-1.));
#1473=AXIS2_PLACEMENT_3D('',#1470,#1471,#1472);
#1474=CIRCLE('',#1473,10.);
#1475=EDGE_CURVE('NONE',#1461,#1469,#1474,.T.);
#1476=ORIENTED_EDGE('',*,*,#1475,.T.);
#1477=CARTESIAN_POINT('',(616.87863907,-147.729122671,369.322174843));
#1478=VERTEX_POINT('',#1477);
#1479=CARTESIAN_POINT('',(561.020774693,-147.729122671,369.322174843));
#1480=DIRECTION('',(1.,0.,-0.));
#1481=VECTOR('',#1480,55.857864376);
#1482=LINE('',#1479,#1481);
#1483=EDGE_CURVE('NONE',#1469,#1478,#1482,.T.);
#1484=ORIENTED_EDGE('',*,*,#1483,.T.);
#1485=CARTESIAN_POINT('',(616.87863907,-147.729122671,294.322174843));
#1486=VERTEX_POINT('',#1485);
#1487=CARTESIAN_POINT('',(616.87863907,-147.729122671,369.322174843));
#1488=DIRECTION('',(0.,0.,-1.));
#1489=VECTOR('',#1488,75.);
#1490=LINE('',#1487,#1489);
#1491=EDGE_CURVE('NONE',#1478,#1486,#1490,.T.);
#1492=ORIENTED_EDGE('',*,*,#1491,.T.);
#1493=CARTESIAN_POINT('',(621.87863907,-147.729122671,289.322174843));
#1494=VERTEX_POINT('',#1493);
#1495=CARTESIAN_POINT('',(616.87863907,-147.729122671,294.322174843));
#1496=DIRECTION('',(0.707106781,0.,-0.707106781));
#1497=VECTOR('',#1496,7.071067812);
#1498=LINE('',#1495,#1497);
#1499=EDGE_CURVE('NONE',#1486,#1494,#1498,.T.);
#1500=ORIENTED_EDGE('',*,*,#1499,.T.);
#1501=CARTESIAN_POINT('',(731.87863907,-147.729122671,289.322174843));
#1502=VERTEX_POINT('',#1501);
#1503=CARTESIAN_POINT('',(621.87863907,-147.729122671,289.322174843));
#1504=DIRECTION('',(1.,0.,-0.));
#1505=VECTOR('',#1504,110.);
#1506=LINE('',#1503,#1505);
#1507=EDGE_CURVE('NONE',#1494,#1502,#1506,.T.);
#1508=ORIENTED_EDGE('',*,*,#1507,.T.);
#1509=CARTESIAN_POINT('',(736.87863907,-147.729122671,294.322174843));
#1510=VERTEX_POINT('',#1509);
#1511=CARTESIAN_POINT('',(731.87863907,-147.729122671,289.322174843));
#1512=DIRECTION('',(0.707106781,0.,0.707106781));
#1513=VECTOR('',#1512,7.071067812);
#1514=LINE('',#1511,#1513);
#1515=EDGE_CURVE('NONE',#1502,#1510,#1514,.T.);
#1516=ORIENTED_EDGE('',*,*,#1515,.T.);
#1517=CARTESIAN_POINT('',(736.87863907,-147.729122671,369.322174843));
#1518=VERTEX_POINT('',#1517);
#1519=CARTESIAN_POINT('',(736.87863907,-147.729122671,294.322174843));
#1520=DIRECTION('',(-0.,-0.,1.));
#1521=VECTOR('',#1520,75.);
#1522=LINE('',#1519,#1521);
#1523=EDGE_CURVE('NONE',#1510,#1518,#1522,.T.);
#1524=ORIENTED_EDGE('',*,*,#1523,.T.);
#1525=CARTESIAN_POINT('',(792.736503446,-147.729122671,369.322174843));
#1526=VERTEX_POINT('',#1525);
#1527=CARTESIAN_POINT('',(736.87863907,-147.729122671,369.322174843));
#1528=DIRECTION('',(1.,0.,-0.));
#1529=VECTOR('',#1528,55.857864376);
#1530=LINE('',#1527,#1529);
#1531=EDGE_CURVE('NONE',#1518,#1526,#1530,.T.);
#1532=ORIENTED_EDGE('',*,*,#1531,.T.);
#1533=CARTESIAN_POINT('',(799.807571258,-147.729122671,366.393242655));
#1534=VERTEX_POINT('',#1533);
#1535=CARTESIAN_POINT('',(792.736503446,-147.729122671,359.322174843));
#1536=DIRECTION('',(-0.,1.,-0.));
#1537=DIRECTION('',(0.,0.,-1.));
#1538=AXIS2_PLACEMENT_3D('',#1535,#1536,#1537);
#1539=CIRCLE('',#1538,10.);
#1540=EDGE_CURVE('NONE',#1526,#1534,#1539,.T.);
#1541=ORIENTED_EDGE('',*,*,#1540,.T.);
#1542=CARTESIAN_POINT('',(853.949706881,-147.729122671,312.251107031));
#1543=VERTEX_POINT('',#1542);
#1544=CARTESIAN_POINT('',(799.807571258,-147.729122671,366.393242655));
#1545=DIRECTION('',(0.707106781,0.,-0.707106781));
#1546=VECTOR('',#1545,76.568542495);
#1547=LINE('',#1544,#1546);
#1548=EDGE_CURVE('NONE',#1534,#1543,#1547,.T.);
#1549=ORIENTED_EDGE('',*,*,#1548,.T.);
#1550=CARTESIAN_POINT('',(856.87863907,-147.729122671,305.180039219));
#1551=VERTEX_POINT('',#1550);
#1552=CARTESIAN_POINT('',(846.87863907,-147.729122671,305.180039219));
#1553=DIRECTION('',(-0.,1.,-0.));
#1554=DIRECTION('',(0.,0.,-1.));
#1555=AXIS2_PLACEMENT_3D('',#1552,#1553,#1554);
#1556=CIRCLE('',#1555,10.);
#1557=EDGE_CURVE('',#1543,#1551,#1556,.T.);
#1558=ORIENTED_EDGE('',*,*,#1557,.T.);
#1559=CARTESIAN_POINT('',(856.87863907,-147.729122671,194.322174843));
#1560=VERTEX_POINT('',#1559);
#1561=CARTESIAN_POINT('',(856.87863907,-147.729122671,305.180039219));
#1562=DIRECTION('',(0.,0.,-1.));
#1563=VECTOR('',#1562,110.857864376);
#1564=LINE('',#1561,#1563);
#1565=EDGE_CURVE('',#1551,#1560,#1564,.T.);
#1566=ORIENTED_EDGE('',*,*,#1565,.T.);
#1567=CARTESIAN_POINT('',(496.87863907,-147.729122671,194.322174843));
#1568=DIRECTION('',(1.,0.,-0.));
#1569=VECTOR('',#1568,360.);
#1570=LINE('',#1567,#1569);
#1571=EDGE_CURVE('NONE',#1442,#1560,#1570,.T.);
#1572=ORIENTED_EDGE('',*,*,#1571,.F.);
#1573=EDGE_LOOP('',(#1450,#1459,#1467,#1476,#1484,#1492,#1500,#1508,#1516,#1524,#1532,#1541,#1549,#1558,#1566,#1572));
#1574=FACE_BOUND('',#1573,.T.);
#1575=CARTESIAN_POINT('',(701.947564079,-147.729122671,254.732102801));
#1576=VERTEX_POINT('',#1575);
#1577=CARTESIAN_POINT('',(701.947564079,-147.729122671,258.732102801));
#1578=VERTEX_POINT('',#1577);
#1579=CARTESIAN_POINT('',(701.947564079,-147.729122671,254.732102801));
#1580=DIRECTION('',(0.,0.,1.));
#1581=VECTOR('',#1580,4.);
#1582=LINE('',#1579,#1581);
#1583=EDGE_CURVE('',#1576,#1578,#1582,.T.);
#1584=ORIENTED_EDGE('',*,*,#1583,.F.);
#1585=CARTESIAN_POINT('',(704.947564079,-147.729122671,251.732102801));
#1586=VERTEX_POINT('',#1585);
#1587=CARTESIAN_POINT('',(704.947564079,-147.729122671,254.732102801));
#1588=DIRECTION('',(0.,-1.,0.));
#1589=DIRECTION('',(0.,0.,-1.));
#1590=AXIS2_PLACEMENT_3D('',#1587,#1588,#1589);
#1591=CIRCLE('',#1590,3.);
#1592=EDGE_CURVE('',#1576,#1586,#1591,.T.);
#1593=ORIENTED_EDGE('',*,*,#1592,.T.);
#1594=CARTESIAN_POINT('',(728.947564079,-147.729122671,251.732102801));
#1595=VERTEX_POINT('',#1594);
#1596=CARTESIAN_POINT('',(728.947564079,-147.729122671,251.732102801));
#1597=DIRECTION('',(-1.,0.,0.));
#1598=VECTOR('',#1597,24.);
#1599=LINE('',#1596,#1598);
#1600=EDGE_CURVE('',#1595,#1586,#1599,.T.);
#1601=ORIENTED_EDGE('',*,*,#1600,.F.);
#1602=CARTESIAN_POINT('',(731.947564079,-147.729122671,254.732102801));
#1603=VERTEX_POINT('',#1602);
#1604=CARTESIAN_POINT('',(728.947564079,-147.729122671,254.732102801));
#1605=DIRECTION('',(0.,-1.,0.));
#1606=DIRECTION('',(0.,0.,-1.));
#1607=AXIS2_PLACEMENT_3D('',#1604,#1605,#1606);
#1608=CIRCLE('',#1607,3.);
#1609=EDGE_CURVE('',#1595,#1603,#1608,.T.);
#1610=ORIENTED_EDGE('',*,*,#1609,.T.);
#1611=CARTESIAN_POINT('',(731.947564079,-147.729122671,258.732102801));
#1612=VERTEX_POINT('',#1611);
#1613=CARTESIAN_POINT('',(731.947564079,-147.729122671,258.732102801));
#1614=DIRECTION('',(0.,0.,-1.));
#1615=VECTOR('',#1614,4.);
#1616=LINE('',#1613,#1615);
#1617=EDGE_CURVE('',#1612,#1603,#1616,.T.);
#1618=ORIENTED_EDGE('',*,*,#1617,.F.);
#1619=CARTESIAN_POINT('',(728.947564079,-147.729122671,261.732102801));
#1620=VERTEX_POINT('',#1619);
#1621=CARTESIAN_POINT('',(728.947564079,-147.729122671,258.732102801));
#1622=DIRECTION('',(0.,-1.,0.));
#1623=DIRECTION('',(0.,0.,-1.));
#1624=AXIS2_PLACEMENT_3D('',#1621,#1622,#1623);
#1625=CIRCLE('',#1624,3.);
#1626=EDGE_CURVE('',#1612,#1620,#1625,.T.);
#1627=ORIENTED_EDGE('',*,*,#1626,.T.);
#1628=CARTESIAN_POINT('',(704.947564079,-147.729122671,261.732102801));
#1629=VERTEX_POINT('',#1628);
#1630=CARTESIAN_POINT('',(704.947564079,-147.729122671,261.732102801));
#1631=DIRECTION('',(1.,0.,-0.));
#1632=VECTOR('',#1631,24.);
#1633=LINE('',#1630,#1632);
#1634=EDGE_CURVE('',#1629,#1620,#1633,.T.);
#1635=ORIENTED_EDGE('',*,*,#1634,.F.);
#1636=CARTESIAN_POINT('',(704.947564079,-147.729122671,258.732102801));
#1637=DIRECTION('',(0.,-1.,0.));
#1638=DIRECTION('',(0.,0.,-1.));
#1639=AXIS2_PLACEMENT_3D('',#1636,#1637,#1638);
#1640=CIRCLE('',#1639,3.);
#1641=EDGE_CURVE('',#1629,#1578,#1640,.T.);
#1642=ORIENTED_EDGE('',*,*,#1641,.T.);
#1643=EDGE_LOOP('',(#1584,#1593,#1601,#1610,#1618,#1627,#1635,#1642));
#1644=FACE_BOUND('',#1643,.T.);
#1645=ADVANCED_FACE('',(#1032,#1036,#1040,#1044,#1048,#1052,#1072,#1092,#1112,#1132,#1152,#1172,#1242,#1253,#1264,#1275,#1286,#1297,#1308,#1319,#1330,#1341,#1352,#1363,#1374,#1385,
#1396,#1407,#1418,#1429,#1440,#1574,#1644),#1028,.F.);
#1646=CARTESIAN_POINT('',(496.87863907,-147.729122671,309.322174843));
#1647=DIRECTION('',(1.,0.,0.));
#1648=DIRECTION('',(0.,0.,-1.));
#1649=AXIS2_PLACEMENT_3D('',#1646,#1647,#1648);
#1650=PLANE('',#1649);
#1651=ORIENTED_EDGE('',*,*,#774,.T.);
#1652=CARTESIAN_POINT('',(496.87863907,-153.729122671,305.180039219));
#1653=DIRECTION('',(-0.,1.,-0.));
#1654=VECTOR('',#1653,6.);
#1655=LINE('',#1652,#1654);
#1656=EDGE_CURVE('',#760,#1444,#1655,.T.);
#1657=ORIENTED_EDGE('',*,*,#1656,.T.);
#1658=ORIENTED_EDGE('',*,*,#1449,.F.);
#1659=CARTESIAN_POINT('',(496.87863907,-153.729122671,194.322174843));
#1660=DIRECTION('',(0.,1.,0.));
#1661=VECTOR('',#1660,6.);
#1662=LINE('',#1659,#1661);
#1663=EDGE_CURVE('NONE',#769,#1442,#1662,.T.);
#1664=ORIENTED_EDGE('',*,*,#1663,.F.);
#1665=EDGE_LOOP('',(#1651,#1657,#1658,#1664));
#1666=FACE_BOUND('',#1665,.T.);
#1667=ADVANCED_FACE('',(#1666),#1650,.F.);
#1668=CARTESIAN_POINT('',(856.87863907,-147.729122671,309.322174843));
#1669=DIRECTION('',(-1.,0.,-0.));
#1670=DIRECTION('',(-0.,0.,1.));
#1671=AXIS2_PLACEMENT_3D('',#1668,#1669,#1670);
#1672=PLANE('',#1671);
#1673=ORIENTED_EDGE('',*,*,#1565,.F.);
#1674=CARTESIAN_POINT('',(856.87863907,-147.729122671,305.180039219));
#1675=DIRECTION('',(0.,-1.,0.));
#1676=VECTOR('',#1675,6.);
#1677=LINE('',#1674,#1676);
#1678=EDGE_CURVE('',#1551,#785,#1677,.T.);
#1679=ORIENTED_EDGE('',*,*,#1678,.T.);
#1680=ORIENTED_EDGE('',*,*,#790,.T.);
#1681=CARTESIAN_POINT('',(856.87863907,-153.729122671,194.322174843));
#1682=DIRECTION('',(0.,1.,0.));
#1683=VECTOR('',#1682,6.);
#1684=LINE('',#1681,#1683);
#1685=EDGE_CURVE('NONE',#777,#1560,#1684,.T.);
#1686=ORIENTED_EDGE('',*,*,#1685,.T.);
#1687=EDGE_LOOP('',(#1673,#1679,#1680,#1686));
#1688=FACE_BOUND('',#1687,.T.);
#1689=ADVANCED_FACE('',(#1688),#1672,.F.);
#1690=CARTESIAN_POINT('',(496.87863907,-147.729122671,309.322174843));
#1691=DIRECTION('',(0.707106781,0.,-0.707106781));
#1692=DIRECTION('',(-0.707106781,0.,-0.707106781));
#1693=AXIS2_PLACEMENT_3D('',#1690,#1691,#1692);
#1694=PLANE('',#1693);
#1695=ORIENTED_EDGE('',*,*,#1466,.F.);
#1696=CARTESIAN_POINT('',(499.807571258,-147.729122671,312.251107031));
#1697=DIRECTION('',(0.,-1.,0.));
#1698=VECTOR('',#1697,6.);
#1699=LINE('',#1696,#1698);
#1700=EDGE_CURVE('',#1452,#750,#1699,.T.);
#1701=ORIENTED_EDGE('',*,*,#1700,.T.);
#1702=ORIENTED_EDGE('',*,*,#757,.T.);
#1703=CARTESIAN_POINT('',(553.949706881,-147.729122671,366.393242655));
#1704=DIRECTION('',(0.,-1.,0.));
#1705=VECTOR('',#1704,6.);
#1706=LINE('',#1703,#1705);
#1707=EDGE_CURVE('NONE',#1461,#752,#1706,.T.);
#1708=ORIENTED_EDGE('',*,*,#1707,.F.);
#1709=EDGE_LOOP('',(#1695,#1701,#1702,#1708));
#1710=FACE_BOUND('',#1709,.T.);
#1711=ADVANCED_FACE('NONE',(#1710),#1694,.F.);
#1712=CARTESIAN_POINT('',(561.020774693,-147.729122671,359.322174843));
#1713=DIRECTION('',(0.,-1.,0.));
#1714=DIRECTION('',(0.,0.,-1.));
#1715=AXIS2_PLACEMENT_3D('',#1712,#1713,#1714);
#1716=CYLINDRICAL_SURFACE('',#1715,10.);
#1717=ORIENTED_EDGE('',*,*,#879,.T.);
#1718=CARTESIAN_POINT('',(561.020774693,-147.729122671,369.322174843));
#1719=DIRECTION('',(-0.,-1.,-0.));
#1720=VECTOR('',#1719,6.);
#1721=LINE('',#1718,#1720);
#1722=EDGE_CURVE('NONE',#1469,#867,#1721,.T.);
#1723=ORIENTED_EDGE('',*,*,#1722,.F.);
#1724=ORIENTED_EDGE('',*,*,#1475,.F.);
#1725=ORIENTED_EDGE('',*,*,#1707,.T.);
#1726=EDGE_LOOP('',(#1717,#1723,#1724,#1725));
#1727=FACE_BOUND('',#1726,.T.);
#1728=ADVANCED_FACE('NONE',(#1727),#1716,.T.);
#1729=CARTESIAN_POINT('',(561.020774693,-147.729122671,369.322174843));
#1730=DIRECTION('',(0.,0.,-1.));
#1731=DIRECTION('',(-1.,0.,-0.));
#1732=AXIS2_PLACEMENT_3D('',#1729,#1730,#1731);
#1733=PLANE('',#1732);
#1734=ORIENTED_EDGE('',*,*,#872,.T.);
#1735=CARTESIAN_POINT('',(616.87863907,-147.729122671,369.322174843));
#1736=DIRECTION('',(-0.,-1.,-0.));
#1737=VECTOR('',#1736,6.);
#1738=LINE('',#1735,#1737);
#1739=EDGE_CURVE('NONE',#1478,#859,#1738,.T.);
#1740=ORIENTED_EDGE('',*,*,#1739,.F.);
#1741=ORIENTED_EDGE('',*,*,#1483,.F.);
#1742=ORIENTED_EDGE('',*,*,#1722,.T.);
#1743=EDGE_LOOP('',(#1734,#1740,#1741,#1742));
#1744=FACE_BOUND('',#1743,.T.);
#1745=ADVANCED_FACE('NONE',(#1744),#1733,.F.);
#1746=CARTESIAN_POINT('',(616.87863907,-147.729122671,369.322174843));
#1747=DIRECTION('',(-1.,0.,0.));
#1748=DIRECTION('',(0.,0.,1.));
#1749=AXIS2_PLACEMENT_3D('',#1746,#1747,#1748);
#1750=PLANE('',#1749);
#1751=ORIENTED_EDGE('',*,*,#864,.T.);
#1752=CARTESIAN_POINT('',(616.87863907,-147.729122671,294.322174843));
#1753=DIRECTION('',(-0.,-1.,-0.));
#1754=VECTOR('',#1753,6.);
#1755=LINE('',#1752,#1754);
#1756=EDGE_CURVE('NONE',#1486,#851,#1755,.T.);
#1757=ORIENTED_EDGE('',*,*,#1756,.F.);
#1758=ORIENTED_EDGE('',*,*,#1491,.F.);
#1759=ORIENTED_EDGE('',*,*,#1739,.T.);
#1760=EDGE_LOOP('',(#1751,#1757,#1758,#1759));
#1761=FACE_BOUND('',#1760,.T.);
#1762=ADVANCED_FACE('NONE',(#1761),#1750,.F.);
#1763=CARTESIAN_POINT('',(616.87863907,-147.729122671,294.322174843));
#1764=DIRECTION('',(-0.707106781,0.,-0.707106781));
#1765=DIRECTION('',(-0.707106781,0.,0.707106781));
#1766=AXIS2_PLACEMENT_3D('',#1763,#1764,#1765);
#1767=PLANE('',#1766);
#1768=ORIENTED_EDGE('',*,*,#856,.T.);
#1769=CARTESIAN_POINT('',(621.87863907,-147.729122671,289.322174843));
#1770=DIRECTION('',(-0.,-1.,-0.));
#1771=VECTOR('',#1770,6.);
#1772=LINE('',#1769,#1771);
#1773=EDGE_CURVE('NONE',#1494,#843,#1772,.T.);
#1774=ORIENTED_EDGE('',*,*,#1773,.F.);
#1775=ORIENTED_EDGE('',*,*,#1499,.F.);
#1776=ORIENTED_EDGE('',*,*,#1756,.T.);
#1777=EDGE_LOOP('',(#1768,#1774,#1775,#1776));
#1778=FACE_BOUND('',#1777,.T.);
#1779=ADVANCED_FACE('NONE',(#1778),#1767,.F.);
#1780=CARTESIAN_POINT('',(621.87863907,-147.729122671,289.322174843));
#1781=DIRECTION('',(0.,0.,-1.));
#1782=DIRECTION('',(-1.,0.,0.));
#1783=AXIS2_PLACEMENT_3D('',#1780,#1781,#1782);
#1784=PLANE('',#1783);
#1785=ORIENTED_EDGE('',*,*,#848,.T.);
#1786=CARTESIAN_POINT('',(731.87863907,-147.729122671,289.322174843));
#1787=DIRECTION('',(-0.,-1.,-0.));
#1788=VECTOR('',#1787,6.);
#1789=LINE('',#1786,#1788);
#1790=EDGE_CURVE('NONE',#1502,#835,#1789,.T.);
#1791=ORIENTED_EDGE('',*,*,#1790,.F.);
#1792=ORIENTED_EDGE('',*,*,#1507,.F.);
#1793=ORIENTED_EDGE('',*,*,#1773,.T.);
#1794=EDGE_LOOP('',(#1785,#1791,#1792,#1793));
#1795=FACE_BOUND('',#1794,.T.);
#1796=ADVANCED_FACE('NONE',(#1795),#1784,.F.);
#1797=CARTESIAN_POINT('',(731.87863907,-147.729122671,289.322174843));
#1798=DIRECTION('',(0.707106781,0.,-0.707106781));
#1799=DIRECTION('',(-0.707106781,0.,-0.707106781));
#1800=AXIS2_PLACEMENT_3D('',#1797,#1798,#1799);
#1801=PLANE('',#1800);
#1802=ORIENTED_EDGE('',*,*,#840,.T.);
#1803=CARTESIAN_POINT('',(736.87863907,-147.729122671,294.322174843));
#1804=DIRECTION('',(-0.,-1.,-0.));
#1805=VECTOR('',#1804,6.);
#1806=LINE('',#1803,#1805);
#1807=EDGE_CURVE('NONE',#1510,#827,#1806,.T.);
#1808=ORIENTED_EDGE('',*,*,#1807,.F.);
#1809=ORIENTED_EDGE('',*,*,#1515,.F.);
#1810=ORIENTED_EDGE('',*,*,#1790,.T.);
#1811=EDGE_LOOP('',(#1802,#1808,#1809,#1810));
#1812=FACE_BOUND('',#1811,.T.);
#1813=ADVANCED_FACE('NONE',(#1812),#1801,.F.);
#1814=CARTESIAN_POINT('',(736.87863907,-147.729122671,369.322174843));
#1815=DIRECTION('',(1.,0.,0.));
#1816=DIRECTION('',(0.,0.,-1.));
#1817=AXIS2_PLACEMENT_3D('',#1814,#1815,#1816);
#1818=PLANE('',#1817);
#1819=ORIENTED_EDGE('',*,*,#832,.T.);
#1820=CARTESIAN_POINT('',(736.87863907,-147.729122671,369.322174843));
#1821=DIRECTION('',(-0.,-1.,-0.));
#1822=VECTOR('',#1821,6.);
#1823=LINE('',#1820,#1822);
#1824=EDGE_CURVE('NONE',#1518,#819,#1823,.T.);
#1825=ORIENTED_EDGE('',*,*,#1824,.F.);
#1826=ORIENTED_EDGE('',*,*,#1523,.F.);
#1827=ORIENTED_EDGE('',*,*,#1807,.T.);
#1828=EDGE_LOOP('',(#1819,#1825,#1826,#1827));
#1829=FACE_BOUND('',#1828,.T.);
#1830=ADVANCED_FACE('NONE',(#1829),#1818,.F.);
#1831=CARTESIAN_POINT('',(792.736503446,-147.729122671,369.322174843));
#1832=DIRECTION('',(-0.,0.,-1.));
#1833=DIRECTION('',(-1.,0.,0.));
#1834=AXIS2_PLACEMENT_3D('',#1831,#1832,#1833);
#1835=PLANE('',#1834);
#1836=ORIENTED_EDGE('',*,*,#824,.T.);
#1837=CARTESIAN_POINT('',(792.736503446,-147.729122671,369.322174843));
#1838=DIRECTION('',(0.,-1.,0.));
#1839=VECTOR('',#1838,6.);
#1840=LINE('',#1837,#1839);
#1841=EDGE_CURVE('NONE',#1526,#810,#1840,.T.);
#1842=ORIENTED_EDGE('',*,*,#1841,.F.);
#1843=ORIENTED_EDGE('',*,*,#1531,.F.);
#1844=ORIENTED_EDGE('',*,*,#1824,.T.);
#1845=EDGE_LOOP('',(#1836,#1842,#1843,#1844));
#1846=FACE_BOUND('',#1845,.T.);
#1847=ADVANCED_FACE('NONE',(#1846),#1835,.F.);
#1848=CARTESIAN_POINT('',(792.736503446,-147.729122671,359.322174843));
#1849=DIRECTION('',(0.,-1.,0.));
#1850=DIRECTION('',(0.,0.,-1.));
#1851=AXIS2_PLACEMENT_3D('',#1848,#1849,#1850);
#1852=CYLINDRICAL_SURFACE('',#1851,10.);
#1853=ORIENTED_EDGE('',*,*,#816,.T.);
#1854=CARTESIAN_POINT('',(799.807571258,-147.729122671,366.393242655));
#1855=DIRECTION('',(-0.,-1.,-0.));
#1856=VECTOR('',#1855,6.);
#1857=LINE('',#1854,#1856);
#1858=EDGE_CURVE('NONE',#1534,#802,#1857,.T.);
#1859=ORIENTED_EDGE('',*,*,#1858,.F.);
#1860=ORIENTED_EDGE('',*,*,#1540,.F.);
#1861=ORIENTED_EDGE('',*,*,#1841,.T.);
#1862=EDGE_LOOP('',(#1853,#1859,#1860,#1861));
#1863=FACE_BOUND('',#1862,.T.);
#1864=ADVANCED_FACE('NONE',(#1863),#1852,.T.);
#1865=CARTESIAN_POINT('',(799.807571258,-147.729122671,366.393242655));
#1866=DIRECTION('',(-0.707106781,0.,-0.707106781));
#1867=DIRECTION('',(-0.707106781,0.,0.707106781));
#1868=AXIS2_PLACEMENT_3D('',#1865,#1866,#1867);
#1869=PLANE('',#1868);
#1870=ORIENTED_EDGE('',*,*,#807,.T.);
#1871=CARTESIAN_POINT('',(853.949706881,-153.729122671,312.251107031));
#1872=DIRECTION('',(-0.,1.,-0.));
#1873=VECTOR('',#1872,6.);
#1874=LINE('',#1871,#1873);
#1875=EDGE_CURVE('',#793,#1543,#1874,.T.);
#1876=ORIENTED_EDGE('',*,*,#1875,.T.);
#1877=ORIENTED_EDGE('',*,*,#1548,.F.);
#1878=ORIENTED_EDGE('',*,*,#1858,.T.);
#1879=EDGE_LOOP('',(#1870,#1876,#1877,#1878));
#1880=FACE_BOUND('',#1879,.T.);
#1881=ADVANCED_FACE('NONE',(#1880),#1869,.F.);
#1882=CARTESIAN_POINT('',(830.414172976,-147.729122671,321.644505314));
#1883=DIRECTION('',(0.,-1.,0.));
#1884=DIRECTION('',(0.,0.,-1.));
#1885=AXIS2_PLACEMENT_3D('',#1882,#1883,#1884);
#1886=CYLINDRICAL_SURFACE('',#1885,1.6);
#1887=CARTESIAN_POINT('',(830.414172976,-153.729122671,320.044505314));
#1888=DIRECTION('',(-0.,1.,-0.));
#1889=VECTOR('',#1888,6.);
#1890=LINE('',#1887,#1889);
#1891=EDGE_CURVE('',#651,#1431,#1890,.T.);
#1892=ORIENTED_EDGE('',*,*,#1891,.F.);
#1893=ORIENTED_EDGE('',*,*,#657,.F.);
#1894=ORIENTED_EDGE('',*,*,#1891,.T.);
#1895=ORIENTED_EDGE('',*,*,#1437,.T.);
#1896=EDGE_LOOP('',(#1892,#1893,#1894,#1895));
#1897=FACE_BOUND('',#1896,.T.);
#1898=ADVANCED_FACE('NONE',(#1897),#1886,.F.);
#1899=CARTESIAN_POINT('',(816.272037352,-147.729122671,307.50236969));
#1900=DIRECTION('',(0.,-1.,0.));
#1901=DIRECTION('',(0.,0.,-1.));
#1902=AXIS2_PLACEMENT_3D('',#1899,#1900,#1901);
#1903=CYLINDRICAL_SURFACE('',#1902,1.6);
#1904=CARTESIAN_POINT('',(816.272037352,-153.729122671,305.90236969));
#1905=DIRECTION('',(-0.,1.,-0.));
#1906=VECTOR('',#1905,6.);
#1907=LINE('',#1904,#1906);
#1908=EDGE_CURVE('',#662,#1420,#1907,.T.);
#1909=ORIENTED_EDGE('',*,*,#1908,.F.);
#1910=ORIENTED_EDGE('',*,*,#668,.F.);
#1911=ORIENTED_EDGE('',*,*,#1908,.T.);
#1912=ORIENTED_EDGE('',*,*,#1426,.T.);
#1913=EDGE_LOOP('',(#1909,#1910,#1911,#1912));
#1914=FACE_BOUND('',#1913,.T.);
#1915=ADVANCED_FACE('NONE',(#1914),#1903,.F.);
#1916=CARTESIAN_POINT('',(795.058833916,-147.729122671,328.715573125));
#1917=DIRECTION('',(0.,-1.,0.));
#1918=DIRECTION('',(0.,0.,-1.));
#1919=AXIS2_PLACEMENT_3D('',#1916,#1917,#1918);
#1920=CYLINDRICAL_SURFACE('',#1919,1.6);
#1921=CARTESIAN_POINT('',(795.058833916,-153.729122671,327.115573125));
#1922=DIRECTION('',(-0.,1.,-0.));
#1923=VECTOR('',#1922,6.);
#1924=LINE('',#1921,#1923);
#1925=EDGE_CURVE('',#640,#1409,#1924,.T.);
#1926=ORIENTED_EDGE('',*,*,#1925,.F.);
#1927=ORIENTED_EDGE('',*,*,#646,.F.);
#1928=ORIENTED_EDGE('',*,*,#1925,.T.);
#1929=ORIENTED_EDGE('',*,*,#1415,.T.);
#1930=EDGE_LOOP('',(#1926,#1927,#1928,#1929));
#1931=FACE_BOUND('',#1930,.T.);
#1932=ADVANCED_FACE('NONE',(#1931),#1920,.F.);
#1933=CARTESIAN_POINT('',(809.20096954,-147.729122671,342.857708749));
#1934=DIRECTION('',(0.,-1.,0.));
#1935=DIRECTION('',(0.,0.,-1.));
#1936=AXIS2_PLACEMENT_3D('',#1933,#1934,#1935);
#1937=CYLINDRICAL_SURFACE('',#1936,1.6);
#1938=CARTESIAN_POINT('',(809.20096954,-153.729122671,341.257708749));
#1939=DIRECTION('',(-0.,1.,-0.));
#1940=VECTOR('',#1939,6.);
#1941=LINE('',#1938,#1940);
#1942=EDGE_CURVE('',#673,#1398,#1941,.T.);
#1943=ORIENTED_EDGE('',*,*,#1942,.F.);
#1944=ORIENTED_EDGE('',*,*,#679,.F.);
#1945=ORIENTED_EDGE('',*,*,#1942,.T.);
#1946=ORIENTED_EDGE('',*,*,#1404,.T.);
#1947=EDGE_LOOP('',(#1943,#1944,#1945,#1946));
#1948=FACE_BOUND('',#1947,.T.);
#1949=ADVANCED_FACE('NONE',(#1948),#1937,.F.);
#1950=CARTESIAN_POINT('',(812.736503446,-147.729122671,325.180039219));
#1951=DIRECTION('',(0.,-1.,0.));
#1952=DIRECTION('',(0.,0.,-1.));
#1953=AXIS2_PLACEMENT_3D('',#1950,#1951,#1952);
#1954=CYLINDRICAL_SURFACE('',#1953,7.5);
#1955=CARTESIAN_POINT('',(812.736503446,-153.729122671,317.680039219));
#1956=DIRECTION('',(-0.,1.,-0.));
#1957=VECTOR('',#1956,6.);
#1958=LINE('',#1955,#1957);
#1959=EDGE_CURVE('',#629,#1387,#1958,.T.);
#1960=ORIENTED_EDGE('',*,*,#1959,.F.);
#1961=ORIENTED_EDGE('',*,*,#635,.F.);
#1962=ORIENTED_EDGE('',*,*,#1959,.T.);
#1963=ORIENTED_EDGE('',*,*,#1393,.T.);
#1964=EDGE_LOOP('',(#1960,#1961,#1962,#1963));
#1965=FACE_BOUND('',#1964,.T.);
#1966=ADVANCED_FACE('NONE',(#1965),#1954,.F.);
#1967=CARTESIAN_POINT('',(541.020774693,-147.729122671,325.180039219));
#1968=DIRECTION('',(0.,-1.,0.));
#1969=DIRECTION('',(0.,0.,-1.));
#1970=AXIS2_PLACEMENT_3D('',#1967,#1968,#1969);
#1971=CYLINDRICAL_SURFACE('',#1970,7.5);
#1972=CARTESIAN_POINT('',(541.020774693,-153.729122671,317.680039219));
#1973=DIRECTION('',(-0.,1.,-0.));
#1974=VECTOR('',#1973,6.);
#1975=LINE('',#1972,#1974);
#1976=EDGE_CURVE('',#618,#1376,#1975,.T.);
#1977=ORIENTED_EDGE('',*,*,#1976,.F.);
#1978=ORIENTED_EDGE('',*,*,#624,.F.);
#1979=ORIENTED_EDGE('',*,*,#1976,.T.);
#1980=ORIENTED_EDGE('',*,*,#1382,.T.);
#1981=EDGE_LOOP('',(#1977,#1978,#1979,#1980));
#1982=FACE_BOUND('',#1981,.T.);
#1983=ADVANCED_FACE('NONE',(#1982),#1971,.F.);
#1984=CARTESIAN_POINT('',(544.556308599,-147.729122671,342.857708749));
#1985=DIRECTION('',(0.,-1.,0.));
#1986=DIRECTION('',(0.,0.,-1.));
#1987=AXIS2_PLACEMENT_3D('',#1984,#1985,#1986);
#1988=CYLINDRICAL_SURFACE('',#1987,1.6);
#1989=CARTESIAN_POINT('',(544.556308599,-153.729122671,341.257708749));
#1990=DIRECTION('',(-0.,1.,-0.));
#1991=VECTOR('',#1990,6.);
#1992=LINE('',#1989,#1991);
#1993=EDGE_CURVE('',#684,#1365,#1992,.T.);
#1994=ORIENTED_EDGE('',*,*,#1993,.F.);
#1995=ORIENTED_EDGE('',*,*,#690,.F.);
#1996=ORIENTED_EDGE('',*,*,#1993,.T.);
#1997=ORIENTED_EDGE('',*,*,#1371,.T.);
#1998=EDGE_LOOP('',(#1994,#1995,#1996,#1997));
#1999=FACE_BOUND('',#1998,.T.);
#2000=ADVANCED_FACE('NONE',(#1999),#1988,.F.);
#2001=CARTESIAN_POINT('',(558.698444223,-147.729122671,328.715573125));
#2002=DIRECTION('',(0.,-1.,0.));
#2003=DIRECTION('',(0.,0.,-1.));
#2004=AXIS2_PLACEMENT_3D('',#2001,#2002,#2003);
#2005=CYLINDRICAL_SURFACE('',#2004,1.6);
#2006=CARTESIAN_POINT('',(558.698444223,-153.729122671,327.115573125));
#2007=DIRECTION('',(-0.,1.,-0.));
#2008=VECTOR('',#2007,6.);
#2009=LINE('',#2006,#2008);
#2010=EDGE_CURVE('',#607,#1354,#2009,.T.);
#2011=ORIENTED_EDGE('',*,*,#2010,.F.);
#2012=ORIENTED_EDGE('',*,*,#613,.F.);
#2013=ORIENTED_EDGE('',*,*,#2010,.T.);
#2014=ORIENTED_EDGE('',*,*,#1360,.T.);
#2015=EDGE_LOOP('',(#2011,#2012,#2013,#2014));
#2016=FACE_BOUND('',#2015,.T.);
#2017=ADVANCED_FACE('NONE',(#2016),#2005,.F.);
#2018=CARTESIAN_POINT('',(537.485240787,-147.729122671,307.50236969));
#2019=DIRECTION('',(0.,-1.,0.));
#2020=DIRECTION('',(0.,0.,-1.));
#2021=AXIS2_PLACEMENT_3D('',#2018,#2019,#2020);
#2022=CYLINDRICAL_SURFACE('',#2021,1.6);
#2023=CARTESIAN_POINT('',(537.485240787,-153.729122671,305.90236969));
#2024=DIRECTION('',(-0.,1.,-0.));
#2025=VECTOR('',#2024,6.);
#2026=LINE('',#2023,#2025);
#2027=EDGE_CURVE('',#695,#1343,#2026,.T.);
#2028=ORIENTED_EDGE('',*,*,#2027,.F.);
#2029=ORIENTED_EDGE('',*,*,#701,.F.);
#2030=ORIENTED_EDGE('',*,*,#2027,.T.);
#2031=ORIENTED_EDGE('',*,*,#1349,.T.);
#2032=EDGE_LOOP('',(#2028,#2029,#2030,#2031));
#2033=FACE_BOUND('',#2032,.T.);
#2034=ADVANCED_FACE('NONE',(#2033),#2022,.F.);
#2035=CARTESIAN_POINT('',(523.343105164,-147.729122671,321.644505314));
#2036=DIRECTION('',(0.,-1.,0.));
#2037=DIRECTION('',(0.,0.,-1.));
#2038=AXIS2_PLACEMENT_3D('',#2035,#2036,#2037);
#2039=CYLINDRICAL_SURFACE('',#2038,1.6);
#2040=CARTESIAN_POINT('',(523.343105164,-153.729122671,320.044505314));
#2041=DIRECTION('',(-0.,1.,-0.));
#2042=VECTOR('',#2041,6.);
#2043=LINE('',#2040,#2042);
#2044=EDGE_CURVE('',#596,#1332,#2043,.T.);
#2045=ORIENTED_EDGE('',*,*,#2044,.F.);
#2046=ORIENTED_EDGE('',*,*,#602,.F.);
#2047=ORIENTED_EDGE('',*,*,#2044,.T.);
#2048=ORIENTED_EDGE('',*,*,#1338,.T.);
#2049=EDGE_LOOP('',(#2045,#2046,#2047,#2048));
#2050=FACE_BOUND('',#2049,.T.);
#2051=ADVANCED_FACE('NONE',(#2050),#2039,.F.);
#2052=CARTESIAN_POINT('',(596.87863907,-147.729122671,289.322174843));
#2053=DIRECTION('',(0.,-1.,0.));
#2054=DIRECTION('',(0.,0.,-1.));
#2055=AXIS2_PLACEMENT_3D('',#2052,#2053,#2054);
#2056=CYLINDRICAL_SURFACE('',#2055,2.6);
#2057=CARTESIAN_POINT('',(596.87863907,-153.729122671,286.722174843));
#2058=DIRECTION('',(-0.,1.,-0.));
#2059=VECTOR('',#2058,6.);
#2060=LINE('',#2057,#2059);
#2061=EDGE_CURVE('',#585,#1321,#2060,.T.);
#2062=ORIENTED_EDGE('',*,*,#2061,.F.);
#2063=ORIENTED_EDGE('',*,*,#591,.F.);
#2064=ORIENTED_EDGE('',*,*,#2061,.T.);
#2065=ORIENTED_EDGE('',*,*,#1327,.T.);
#2066=EDGE_LOOP('',(#2062,#2063,#2064,#2065));
#2067=FACE_BOUND('',#2066,.T.);
#2068=ADVANCED_FACE('NONE',(#2067),#2056,.F.);
#2069=CARTESIAN_POINT('',(596.87863907,-147.729122671,331.322174843));
#2070=DIRECTION('',(0.,-1.,0.));
#2071=DIRECTION('',(0.,0.,-1.));
#2072=AXIS2_PLACEMENT_3D('',#2069,#2070,#2071);
#2073=CYLINDRICAL_SURFACE('',#2072,2.6);
#2074=CARTESIAN_POINT('',(596.87863907,-153.729122671,328.722174843));
#2075=DIRECTION('',(-0.,1.,-0.));
#2076=VECTOR('',#2075,6.);
#2077=LINE('',#2074,#2076);
#2078=EDGE_CURVE('',#706,#1310,#2077,.T.);
#2079=ORIENTED_EDGE('',*,*,#2078,.F.);
#2080=ORIENTED_EDGE('',*,*,#712,.F.);
#2081=ORIENTED_EDGE('',*,*,#2078,.T.);
#2082=ORIENTED_EDGE('',*,*,#1316,.T.);
#2083=EDGE_LOOP('',(#2079,#2080,#2081,#2082));
#2084=FACE_BOUND('',#2083,.T.);
#2085=ADVANCED_FACE('NONE',(#2084),#2073,.F.);
#2086=CARTESIAN_POINT('',(756.87863907,-147.729122671,331.322174843));
#2087=DIRECTION('',(0.,-1.,0.));
#2088=DIRECTION('',(0.,0.,-1.));
#2089=AXIS2_PLACEMENT_3D('',#2086,#2087,#2088);
#2090=CYLINDRICAL_SURFACE('',#2089,2.6);
#2091=CARTESIAN_POINT('',(756.87863907,-153.729122671,328.722174843));
#2092=DIRECTION('',(-0.,1.,-0.));
#2093=VECTOR('',#2092,6.);
#2094=LINE('',#2091,#2093);
#2095=EDGE_CURVE('',#574,#1299,#2094,.T.);
#2096=ORIENTED_EDGE('',*,*,#2095,.F.);
#2097=ORIENTED_EDGE('',*,*,#580,.F.);
#2098=ORIENTED_EDGE('',*,*,#2095,.T.);
#2099=ORIENTED_EDGE('',*,*,#1305,.T.);
#2100=EDGE_LOOP('',(#2096,#2097,#2098,#2099));
#2101=FACE_BOUND('',#2100,.T.);
#2102=ADVANCED_FACE('NONE',(#2101),#2090,.F.);
#2103=CARTESIAN_POINT('',(756.87863907,-147.729122671,289.322174843));
#2104=DIRECTION('',(0.,-1.,0.));
#2105=DIRECTION('',(0.,0.,-1.));
#2106=AXIS2_PLACEMENT_3D('',#2103,#2104,#2105);
#2107=CYLINDRICAL_SURFACE('',#2106,2.6);
#2108=CARTESIAN_POINT('',(756.87863907,-153.729122671,286.722174843));
#2109=DIRECTION('',(-0.,1.,-0.));
#2110=VECTOR('',#2109,6.);
#2111=LINE('',#2108,#2110);
#2112=EDGE_CURVE('',#717,#1288,#2111,.T.);
#2113=ORIENTED_EDGE('',*,*,#2112,.F.);
#2114=ORIENTED_EDGE('',*,*,#723,.F.);
#2115=ORIENTED_EDGE('',*,*,#2112,.T.);
#2116=ORIENTED_EDGE('',*,*,#1294,.T.);
#2117=EDGE_LOOP('',(#2113,#2114,#2115,#2116));
#2118=FACE_BOUND('',#2117,.T.);
#2119=ADVANCED_FACE('NONE',(#2118),#2107,.F.);
#2120=CARTESIAN_POINT('',(697.87863907,-147.729122671,279.322174843));
#2121=DIRECTION('',(0.,-1.,0.));
#2122=DIRECTION('',(0.,0.,-1.));
#2123=AXIS2_PLACEMENT_3D('',#2120,#2121,#2122);
#2124=CYLINDRICAL_SURFACE('',#2123,2.6);
#2125=CARTESIAN_POINT('',(697.87863907,-153.729122671,276.722174843));
#2126=DIRECTION('',(-0.,1.,-0.));
#2127=VECTOR('',#2126,6.);
#2128=LINE('',#2125,#2127);
#2129=EDGE_CURVE('',#563,#1277,#2128,.T.);
#2130=ORIENTED_EDGE('',*,*,#2129,.F.);
#2131=ORIENTED_EDGE('',*,*,#569,.F.);
#2132=ORIENTED_EDGE('',*,*,#2129,.T.);
#2133=ORIENTED_EDGE('',*,*,#1283,.T.);
#2134=EDGE_LOOP('',(#2130,#2131,#2132,#2133));
#2135=FACE_BOUND('',#2134,.T.);
#2136=ADVANCED_FACE('NONE',(#2135),#2124,.F.);
#2137=CARTESIAN_POINT('',(697.87863907,-147.729122671,209.322174843));
#2138=DIRECTION('',(0.,-1.,0.));
#2139=DIRECTION('',(0.,0.,-1.));
#2140=AXIS2_PLACEMENT_3D('',#2137,#2138,#2139);
#2141=CYLINDRICAL_SURFACE('',#2140,2.6);
#2142=CARTESIAN_POINT('',(697.87863907,-153.729122671,206.722174843));
#2143=DIRECTION('',(-0.,1.,-0.));
#2144=VECTOR('',#2143,6.);
#2145=LINE('',#2142,#2144);
#2146=EDGE_CURVE('',#728,#1266,#2145,.T.);
#2147=ORIENTED_EDGE('',*,*,#2146,.F.);
#2148=ORIENTED_EDGE('',*,*,#734,.F.);
#2149=ORIENTED_EDGE('',*,*,#2146,.T.);
#2150=ORIENTED_EDGE('',*,*,#1272,.T.);
#2151=EDGE_LOOP('',(#2147,#2148,#2149,#2150));
#2152=FACE_BOUND('',#2151,.T.);
#2153=ADVANCED_FACE('NONE',(#2152),#2141,.F.);
#2154=CARTESIAN_POINT('',(655.87863907,-147.729122671,279.322174843));
#2155=DIRECTION('',(0.,-1.,0.));
#2156=DIRECTION('',(0.,0.,-1.));
#2157=AXIS2_PLACEMENT_3D('',#2154,#2155,#2156);
#2158=CYLINDRICAL_SURFACE('',#2157,2.6);
#2159=CARTESIAN_POINT('',(655.87863907,-153.729122671,276.722174843));
#2160=DIRECTION('',(-0.,1.,-0.));
#2161=VECTOR('',#2160,6.);
#2162=LINE('',#2159,#2161);
#2163=EDGE_CURVE('',#552,#1255,#2162,.T.);
#2164=ORIENTED_EDGE('',*,*,#2163,.F.);
#2165=ORIENTED_EDGE('',*,*,#558,.F.);
#2166=ORIENTED_EDGE('',*,*,#2163,.T.);
#2167=ORIENTED_EDGE('',*,*,#1261,.T.);
#2168=EDGE_LOOP('',(#2164,#2165,#2166,#2167));
#2169=FACE_BOUND('',#2168,.T.);
#2170=ADVANCED_FACE('NONE',(#2169),#2158,.F.);
#2171=CARTESIAN_POINT('',(655.87863907,-147.729122671,209.322174843));
#2172=DIRECTION('',(0.,-1.,0.));
#2173=DIRECTION('',(0.,0.,-1.));
#2174=AXIS2_PLACEMENT_3D('',#2171,#2172,#2173);
#2175=CYLINDRICAL_SURFACE('',#2174,2.6);
#2176=CARTESIAN_POINT('',(655.87863907,-153.729122671,206.722174843));
#2177=DIRECTION('',(-0.,1.,-0.));
#2178=VECTOR('',#2177,6.);
#2179=LINE('',#2176,#2178);
#2180=EDGE_CURVE('',#739,#1244,#2179,.T.);
#2181=ORIENTED_EDGE('',*,*,#2180,.F.);
#2182=ORIENTED_EDGE('',*,*,#745,.F.);
#2183=ORIENTED_EDGE('',*,*,#2180,.T.);
#2184=ORIENTED_EDGE('',*,*,#1250,.T.);
#2185=EDGE_LOOP('',(#2181,#2182,#2183,#2184));
#2186=FACE_BOUND('',#2185,.T.);
#2187=ADVANCED_FACE('NONE',(#2186),#2175,.F.);
#2188=CARTESIAN_POINT('',(496.881416837,-148.729122671,194.322174843));
#2189=DIRECTION('',(0.,0.,1.));
#2190=DIRECTION('',(1.,0.,0.));
#2191=AXIS2_PLACEMENT_3D('',#2188,#2189,#2190);
#2192=PLANE('',#2191);
#2193=ORIENTED_EDGE('',*,*,#1571,.T.);
#2194=ORIENTED_EDGE('',*,*,#1685,.F.);
#2195=ORIENTED_EDGE('',*,*,#782,.F.);
#2196=ORIENTED_EDGE('',*,*,#1663,.T.);
#2197=EDGE_LOOP('',(#2193,#2194,#2195,#2196));
#2198=FACE_BOUND('',#2197,.T.);
#2199=ADVANCED_FACE('NONE',(#2198),#2192,.F.);
#2200=CARTESIAN_POINT('',(506.87863907,-147.729122671,305.180039219));
#2201=DIRECTION('',(0.,-1.,0.));
#2202=DIRECTION('',(0.,0.,-1.));
#2203=AXIS2_PLACEMENT_3D('',#2200,#2201,#2202);
#2204=CYLINDRICAL_SURFACE('',#2203,10.);
#2205=ORIENTED_EDGE('',*,*,#1458,.F.);
#2206=ORIENTED_EDGE('',*,*,#1656,.F.);
#2207=ORIENTED_EDGE('',*,*,#766,.F.);
#2208=ORIENTED_EDGE('',*,*,#1700,.F.);
#2209=EDGE_LOOP('',(#2205,#2206,#2207,#2208));
#2210=FACE_BOUND('',#2209,.T.);
#2211=ADVANCED_FACE('',(#2210),#2204,.T.);
#2212=CARTESIAN_POINT('',(846.87863907,-147.729122671,305.180039219));
#2213=DIRECTION('',(0.,-1.,0.));
#2214=DIRECTION('',(0.,0.,-1.));
#2215=AXIS2_PLACEMENT_3D('',#2212,#2213,#2214);
#2216=CYLINDRICAL_SURFACE('',#2215,10.);
#2217=ORIENTED_EDGE('',*,*,#1557,.F.);
#2218=ORIENTED_EDGE('',*,*,#1875,.F.);
#2219=ORIENTED_EDGE('',*,*,#799,.F.);
#2220=ORIENTED_EDGE('',*,*,#1678,.F.);
#2221=EDGE_LOOP('',(#2217,#2218,#2219,#2220));
#2222=FACE_BOUND('',#2221,.T.);
#2223=ADVANCED_FACE('',(#2222),#2216,.T.);
#2224=CARTESIAN_POINT('',(621.80971406,-142.729122671,256.732102801));
#2225=DIRECTION('',(1.,0.,0.));
#2226=DIRECTION('',(0.,0.,-1.));
#2227=AXIS2_PLACEMENT_3D('',#2224,#2225,#2226);
#2228=PLANE('',#2227);
#2229=ORIENTED_EDGE('',*,*,#925,.F.);
#2230=CARTESIAN_POINT('',(621.80971406,-153.729122671,254.732102801));
#2231=DIRECTION('',(-0.,1.,-0.));
#2232=VECTOR('',#2231,6.);
#2233=LINE('',#2230,#2232);
#2234=EDGE_CURVE('',#911,#1174,#2233,.T.);
#2235=ORIENTED_EDGE('',*,*,#2234,.T.);
#2236=ORIENTED_EDGE('',*,*,#1181,.T.);
#2237=CARTESIAN_POINT('',(621.80971406,-147.729122671,258.732102801));
#2238=DIRECTION('',(0.,-1.,0.));
#2239=VECTOR('',#2238,6.);
#2240=LINE('',#2237,#2239);
#2241=EDGE_CURVE('',#1176,#920,#2240,.T.);
#2242=ORIENTED_EDGE('',*,*,#2241,.T.);
#2243=EDGE_LOOP('',(#2229,#2235,#2236,#2242));
#2244=FACE_BOUND('',#2243,.T.);
#2245=ADVANCED_FACE('',(#2244),#2228,.T.);
#2246=CARTESIAN_POINT('',(636.80971406,-142.729122671,251.732102801));
#2247=DIRECTION('',(0.,0.,1.));
#2248=DIRECTION('',(1.,0.,0.));
#2249=AXIS2_PLACEMENT_3D('',#2246,#2247,#2248);
#2250=PLANE('',#2249);
#2251=ORIENTED_EDGE('',*,*,#1198,.T.);
#2252=CARTESIAN_POINT('',(624.80971406,-147.729122671,251.732102801));
#2253=DIRECTION('',(0.,-1.,0.));
#2254=VECTOR('',#2253,6.);
#2255=LINE('',#2252,#2254);
#2256=EDGE_CURVE('',#1184,#903,#2255,.T.);
#2257=ORIENTED_EDGE('',*,*,#2256,.T.);
#2258=ORIENTED_EDGE('',*,*,#908,.F.);
#2259=CARTESIAN_POINT('',(648.80971406,-153.729122671,251.732102801));
#2260=DIRECTION('',(-0.,1.,-0.));
#2261=VECTOR('',#2260,6.);
#2262=LINE('',#2259,#2261);
#2263=EDGE_CURVE('',#894,#1193,#2262,.T.);
#2264=ORIENTED_EDGE('',*,*,#2263,.T.);
#2265=EDGE_LOOP('',(#2251,#2257,#2258,#2264));
#2266=FACE_BOUND('',#2265,.T.);
#2267=ADVANCED_FACE('',(#2266),#2250,.T.);
#2268=CARTESIAN_POINT('',(651.80971406,-142.729122671,256.732102801));
#2269=DIRECTION('',(-1.,0.,0.));
#2270=DIRECTION('',(0.,0.,1.));
#2271=AXIS2_PLACEMENT_3D('',#2268,#2269,#2270);
#2272=PLANE('',#2271);
#2273=ORIENTED_EDGE('',*,*,#891,.F.);
#2274=CARTESIAN_POINT('',(651.80971406,-153.729122671,258.732102801));
#2275=DIRECTION('',(-0.,1.,-0.));
#2276=VECTOR('',#2275,6.);
#2277=LINE('',#2274,#2276);
#2278=EDGE_CURVE('',#884,#1210,#2277,.T.);
#2279=ORIENTED_EDGE('',*,*,#2278,.T.);
#2280=ORIENTED_EDGE('',*,*,#1215,.T.);
#2281=CARTESIAN_POINT('',(651.80971406,-147.729122671,254.732102801));
#2282=DIRECTION('',(0.,-1.,0.));
#2283=VECTOR('',#2282,6.);
#2284=LINE('',#2281,#2283);
#2285=EDGE_CURVE('',#1201,#886,#2284,.T.);
#2286=ORIENTED_EDGE('',*,*,#2285,.T.);
#2287=EDGE_LOOP('',(#2273,#2279,#2280,#2286));
#2288=FACE_BOUND('',#2287,.T.);
#2289=ADVANCED_FACE('',(#2288),#2272,.T.);
#2290=CARTESIAN_POINT('',(636.80971406,-142.729122671,261.732102801));
#2291=DIRECTION('',(0.,0.,-1.));
#2292=DIRECTION('',(-1.,0.,0.));
#2293=AXIS2_PLACEMENT_3D('',#2290,#2291,#2292);
#2294=PLANE('',#2293);
#2295=ORIENTED_EDGE('',*,*,#1232,.T.);
#2296=CARTESIAN_POINT('',(648.80971406,-147.729122671,261.732102801));
#2297=DIRECTION('',(0.,-1.,0.));
#2298=VECTOR('',#2297,6.);
#2299=LINE('',#2296,#2298);
#2300=EDGE_CURVE('',#1218,#937,#2299,.T.);
#2301=ORIENTED_EDGE('',*,*,#2300,.T.);
#2302=ORIENTED_EDGE('',*,*,#942,.F.);
#2303=CARTESIAN_POINT('',(624.80971406,-153.729122671,261.732102801));
#2304=DIRECTION('',(-0.,1.,-0.));
#2305=VECTOR('',#2304,6.);
#2306=LINE('',#2303,#2305);
#2307=EDGE_CURVE('',#928,#1227,#2306,.T.);
#2308=ORIENTED_EDGE('',*,*,#2307,.T.);
#2309=EDGE_LOOP('',(#2295,#2301,#2302,#2308));
#2310=FACE_BOUND('',#2309,.T.);
#2311=ADVANCED_FACE('',(#2310),#2294,.T.);
#2312=CARTESIAN_POINT('',(701.947564079,-142.729122671,256.732102801));
#2313=DIRECTION('',(1.,0.,0.));
#2314=DIRECTION('',(0.,0.,-1.));
#2315=AXIS2_PLACEMENT_3D('',#2312,#2313,#2314);
#2316=PLANE('',#2315);
#2317=ORIENTED_EDGE('',*,*,#1583,.T.);
#2318=CARTESIAN_POINT('',(701.947564079,-147.729122671,258.732102801));
#2319=DIRECTION('',(0.,-1.,0.));
#2320=VECTOR('',#2319,6.);
#2321=LINE('',#2318,#2320);
#2322=EDGE_CURVE('',#1578,#990,#2321,.T.);
#2323=ORIENTED_EDGE('',*,*,#2322,.T.);
#2324=ORIENTED_EDGE('',*,*,#995,.F.);
#2325=CARTESIAN_POINT('',(701.947564079,-153.729122671,254.732102801));
#2326=DIRECTION('',(-0.,1.,-0.));
#2327=VECTOR('',#2326,6.);
#2328=LINE('',#2325,#2327);
#2329=EDGE_CURVE('',#981,#1576,#2328,.T.);
#2330=ORIENTED_EDGE('',*,*,#2329,.T.);
#2331=EDGE_LOOP('',(#2317,#2323,#2324,#2330));
#2332=FACE_BOUND('',#2331,.T.);
#2333=ADVANCED_FACE('',(#2332),#2316,.T.);
#2334=CARTESIAN_POINT('',(716.947564079,-142.729122671,251.732102801));
#2335=DIRECTION('',(0.,0.,1.));
#2336=DIRECTION('',(1.,0.,0.));
#2337=AXIS2_PLACEMENT_3D('',#2334,#2335,#2336);
#2338=PLANE('',#2337);
#2339=ORIENTED_EDGE('',*,*,#1600,.T.);
#2340=CARTESIAN_POINT('',(704.947564079,-147.729122671,251.732102801));
#2341=DIRECTION('',(0.,-1.,0.));
#2342=VECTOR('',#2341,6.);
#2343=LINE('',#2340,#2342);
#2344=EDGE_CURVE('',#1586,#973,#2343,.T.);
#2345=ORIENTED_EDGE('',*,*,#2344,.T.);
#2346=ORIENTED_EDGE('',*,*,#978,.F.);
#2347=CARTESIAN_POINT('',(728.947564079,-153.729122671,251.732102801));
#2348=DIRECTION('',(-0.,1.,-0.));
#2349=VECTOR('',#2348,6.);
#2350=LINE('',#2347,#2349);
#2351=EDGE_CURVE('',#964,#1595,#2350,.T.);
#2352=ORIENTED_EDGE('',*,*,#2351,.T.);
#2353=EDGE_LOOP('',(#2339,#2345,#2346,#2352));
#2354=FACE_BOUND('',#2353,.T.);
#2355=ADVANCED_FACE('',(#2354),#2338,.T.);
#2356=CARTESIAN_POINT('',(731.947564079,-142.729122671,256.732102801));
#2357=DIRECTION('',(-1.,0.,0.));
#2358=DIRECTION('',(0.,0.,1.));
#2359=AXIS2_PLACEMENT_3D('',#2356,#2357,#2358);
#2360=PLANE('',#2359);
#2361=ORIENTED_EDGE('',*,*,#961,.F.);
#2362=CARTESIAN_POINT('',(731.947564079,-153.729122671,258.732102801));
#2363=DIRECTION('',(-0.,1.,-0.));
#2364=VECTOR('',#2363,6.);
#2365=LINE('',#2362,#2364);
#2366=EDGE_CURVE('',#954,#1612,#2365,.T.);
#2367=ORIENTED_EDGE('',*,*,#2366,.T.);
#2368=ORIENTED_EDGE('',*,*,#1617,.T.);
#2369=CARTESIAN_POINT('',(731.947564079,-147.729122671,254.732102801));
#2370=DIRECTION('',(0.,-1.,0.));
#2371=VECTOR('',#2370,6.);
#2372=LINE('',#2369,#2371);
#2373=EDGE_CURVE('',#1603,#956,#2372,.T.);
#2374=ORIENTED_EDGE('',*,*,#2373,.T.);
#2375=EDGE_LOOP('',(#2361,#2367,#2368,#2374));
#2376=FACE_BOUND('',#2375,.T.);
#2377=ADVANCED_FACE('',(#2376),#2360,.T.);
#2378=CARTESIAN_POINT('',(716.947564079,-142.729122671,261.732102801));
#2379=DIRECTION('',(0.,0.,-1.));
#2380=DIRECTION('',(-1.,0.,0.));
#2381=AXIS2_PLACEMENT_3D('',#2378,#2379,#2380);
#2382=PLANE('',#2381);
#2383=ORIENTED_EDGE('',*,*,#1012,.F.);
#2384=CARTESIAN_POINT('',(704.947564079,-153.729122671,261.732102801));
#2385=DIRECTION('',(-0.,1.,-0.));
#2386=VECTOR('',#2385,6.);
#2387=LINE('',#2384,#2386);
#2388=EDGE_CURVE('',#998,#1629,#2387,.T.);
#2389=ORIENTED_EDGE('',*,*,#2388,.T.);
#2390=ORIENTED_EDGE('',*,*,#1634,.T.);
#2391=CARTESIAN_POINT('',(728.947564079,-147.729122671,261.732102801));
#2392=DIRECTION('',(0.,-1.,0.));
#2393=VECTOR('',#2392,6.);
#2394=LINE('',#2391,#2393);
#2395=EDGE_CURVE('',#1620,#1007,#2394,.T.);
#2396=ORIENTED_EDGE('',*,*,#2395,.T.);
#2397=EDGE_LOOP('',(#2383,#2389,#2390,#2396));
#2398=FACE_BOUND('',#2397,.T.);
#2399=ADVANCED_FACE('',(#2398),#2382,.T.);
#2400=CARTESIAN_POINT('',(704.947564079,-142.729122671,258.732102801));
#2401=DIRECTION('',(0.,1.,0.));
#2402=DIRECTION('',(0.,-0.,1.));
#2403=AXIS2_PLACEMENT_3D('',#2400,#2401,#2402);
#2404=CYLINDRICAL_SURFACE('',#2403,3.);
#2405=ORIENTED_EDGE('',*,*,#1641,.F.);
#2406=ORIENTED_EDGE('',*,*,#2388,.F.);
#2407=ORIENTED_EDGE('',*,*,#1004,.F.);
#2408=ORIENTED_EDGE('',*,*,#2322,.F.);
#2409=EDGE_LOOP('',(#2405,#2406,#2407,#2408));
#2410=FACE_BOUND('',#2409,.T.);
#2411=ADVANCED_FACE('',(#2410),#2404,.F.);
#2412=CARTESIAN_POINT('',(704.947564079,-142.729122671,254.732102801));
#2413=DIRECTION('',(0.,1.,0.));
#2414=DIRECTION('',(0.,-0.,1.));
#2415=AXIS2_PLACEMENT_3D('',#2412,#2413,#2414);
#2416=CYLINDRICAL_SURFACE('',#2415,3.);
#2417=ORIENTED_EDGE('',*,*,#1592,.F.);
#2418=ORIENTED_EDGE('',*,*,#2329,.F.);
#2419=ORIENTED_EDGE('',*,*,#987,.F.);
#2420=ORIENTED_EDGE('',*,*,#2344,.F.);
#2421=EDGE_LOOP('',(#2417,#2418,#2419,#2420));
#2422=FACE_BOUND('',#2421,.T.);
#2423=ADVANCED_FACE('',(#2422),#2416,.F.);
#2424=CARTESIAN_POINT('',(728.947564079,-142.729122671,258.732102801));
#2425=DIRECTION('',(0.,1.,0.));
#2426=DIRECTION('',(0.,-0.,1.));
#2427=AXIS2_PLACEMENT_3D('',#2424,#2425,#2426);
#2428=CYLINDRICAL_SURFACE('',#2427,3.);
#2429=ORIENTED_EDGE('',*,*,#1626,.F.);
#2430=ORIENTED_EDGE('',*,*,#2366,.F.);
#2431=ORIENTED_EDGE('',*,*,#1019,.F.);
#2432=ORIENTED_EDGE('',*,*,#2395,.F.);
#2433=EDGE_LOOP('',(#2429,#2430,#2431,#2432));
#2434=FACE_BOUND('',#2433,.T.);
#2435=ADVANCED_FACE('',(#2434),#2428,.F.);
#2436=CARTESIAN_POINT('',(648.80971406,-142.729122671,258.732102801));
#2437=DIRECTION('',(0.,1.,0.));
#2438=DIRECTION('',(0.,-0.,1.));
#2439=AXIS2_PLACEMENT_3D('',#2436,#2437,#2438);
#2440=CYLINDRICAL_SURFACE('',#2439,3.);
#2441=ORIENTED_EDGE('',*,*,#1224,.F.);
#2442=ORIENTED_EDGE('',*,*,#2278,.F.);
#2443=ORIENTED_EDGE('',*,*,#949,.F.);
#2444=ORIENTED_EDGE('',*,*,#2300,.F.);
#2445=EDGE_LOOP('',(#2441,#2442,#2443,#2444));
#2446=FACE_BOUND('',#2445,.T.);
#2447=ADVANCED_FACE('',(#2446),#2440,.F.);
#2448=CARTESIAN_POINT('',(624.80971406,-142.729122671,254.732102801));
#2449=DIRECTION('',(0.,1.,0.));
#2450=DIRECTION('',(0.,-0.,1.));
#2451=AXIS2_PLACEMENT_3D('',#2448,#2449,#2450);
#2452=CYLINDRICAL_SURFACE('',#2451,3.);
#2453=ORIENTED_EDGE('',*,*,#1190,.F.);
#2454=ORIENTED_EDGE('',*,*,#2234,.F.);
#2455=ORIENTED_EDGE('',*,*,#917,.F.);
#2456=ORIENTED_EDGE('',*,*,#2256,.F.);
#2457=EDGE_LOOP('',(#2453,#2454,#2455,#2456));
#2458=FACE_BOUND('',#2457,.T.);
#2459=ADVANCED_FACE('',(#2458),#2452,.F.);
#2460=CARTESIAN_POINT('',(728.947564079,-142.729122671,254.732102801));
#2461=DIRECTION('',(0.,1.,0.));
#2462=DIRECTION('',(0.,-0.,1.));
#2463=AXIS2_PLACEMENT_3D('',#2460,#2461,#2462);
#2464=CYLINDRICAL_SURFACE('',#2463,3.);
#2465=ORIENTED_EDGE('',*,*,#1609,.F.);
#2466=ORIENTED_EDGE('',*,*,#2351,.F.);
#2467=ORIENTED_EDGE('',*,*,#970,.F.);
#2468=ORIENTED_EDGE('',*,*,#2373,.F.);
#2469=EDGE_LOOP('',(#2465,#2466,#2467,#2468));
#2470=FACE_BOUND('',#2469,.T.);
#2471=ADVANCED_FACE('',(#2470),#2464,.F.);
#2472=CARTESIAN_POINT('',(648.80971406,-142.729122671,254.732102801));
#2473=DIRECTION('',(0.,1.,0.));
#2474=DIRECTION('',(0.,-0.,1.));
#2475=AXIS2_PLACEMENT_3D('',#2472,#2473,#2474);
#2476=CYLINDRICAL_SURFACE('',#2475,3.);
#2477=ORIENTED_EDGE('',*,*,#1207,.F.);
#2478=ORIENTED_EDGE('',*,*,#2263,.F.);
#2479=ORIENTED_EDGE('',*,*,#900,.F.);
#2480=ORIENTED_EDGE('',*,*,#2285,.F.);
#2481=EDGE_LOOP('',(#2477,#2478,#2479,#2480));
#2482=FACE_BOUND('',#2481,.T.);
#2483=ADVANCED_FACE('',(#2482),#2476,.F.);
#2484=CARTESIAN_POINT('',(624.80971406,-142.729122671,258.732102801));
#2485=DIRECTION('',(0.,1.,0.));
#2486=DIRECTION('',(0.,-0.,1.));
#2487=AXIS2_PLACEMENT_3D('',#2484,#2485,#2486);
#2488=CYLINDRICAL_SURFACE('',#2487,3.);
#2489=ORIENTED_EDGE('',*,*,#1239,.F.);
#2490=ORIENTED_EDGE('',*,*,#2307,.F.);
#2491=ORIENTED_EDGE('',*,*,#934,.F.);
#2492=ORIENTED_EDGE('',*,*,#2241,.F.);
#2493=EDGE_LOOP('',(#2489,#2490,#2491,#2492));
#2494=FACE_BOUND('',#2493,.T.);
#2495=ADVANCED_FACE('',(#2494),#2488,.F.);
#2496=CARTESIAN_POINT('',(598.878635376,-162.729122671,354.322173963));
#2497=DIRECTION('',(-0.,1.,0.));
#2498=DIRECTION('',(0.,-0.,1.));
#2499=AXIS2_PLACEMENT_3D('',#2496,#2497,#2498);
#2500=CYLINDRICAL_SURFACE('',#2499,2.6);
#2501=CARTESIAN_POINT('',(598.878635376,-147.729122671,356.922173963));
#2502=DIRECTION('',(0.,-1.,-0.));
#2503=VECTOR('',#2502,6.);
#2504=LINE('',#2501,#2503);
#2505=EDGE_CURVE('',#1156,#532,#2504,.T.);
#2506=ORIENTED_EDGE('',*,*,#2505,.F.);
#2507=ORIENTED_EDGE('',*,*,#1162,.F.);
#2508=ORIENTED_EDGE('',*,*,#1169,.F.);
#2509=ORIENTED_EDGE('',*,*,#2505,.T.);
#2510=ORIENTED_EDGE('',*,*,#540,.T.);
#2511=ORIENTED_EDGE('',*,*,#547,.T.);
#2512=EDGE_LOOP('',(#2506,#2507,#2508,#2509,#2510,#2511));
#2513=FACE_BOUND('',#2512,.T.);
#2514=ADVANCED_FACE('',(#2513),#2500,.F.);
#2515=OVER_RIDING_STYLED_ITEM('',(#140),#2514,#82);
#2516=CARTESIAN_POINT('',(507.878635376,-162.729122671,204.322173963));
#2517=DIRECTION('',(-0.,1.,0.));
#2518=DIRECTION('',(0.,-0.,1.));
#2519=AXIS2_PLACEMENT_3D('',#2516,#2517,#2518);
#2520=CYLINDRICAL_SURFACE('',#2519,2.6);
#2521=CARTESIAN_POINT('',(507.878635376,-147.729122671,206.922173963));
#2522=DIRECTION('',(0.,-1.,-0.));
#2523=VECTOR('',#2522,6.);
#2524=LINE('',#2521,#2523);
#2525=EDGE_CURVE('',#1136,#512,#2524,.T.);
#2526=ORIENTED_EDGE('',*,*,#2525,.F.);
#2527=ORIENTED_EDGE('',*,*,#1142,.F.);
#2528=ORIENTED_EDGE('',*,*,#1149,.F.);
#2529=ORIENTED_EDGE('',*,*,#2525,.T.);
#2530=ORIENTED_EDGE('',*,*,#520,.T.);
#2531=ORIENTED_EDGE('',*,*,#527,.T.);
#2532=EDGE_LOOP('',(#2526,#2527,#2528,#2529,#2530,#2531));
#2533=FACE_BOUND('',#2532,.T.);
#2534=ADVANCED_FACE('',(#2533),#2520,.F.);
#2535=OVER_RIDING_STYLED_ITEM('',(#140),#2534,#82);
#2536=CARTESIAN_POINT('',(507.878635376,-162.729122671,284.322173963));
#2537=DIRECTION('',(-0.,1.,0.));
#2538=DIRECTION('',(0.,-0.,1.));
#2539=AXIS2_PLACEMENT_3D('',#2536,#2537,#2538);
#2540=CYLINDRICAL_SURFACE('',#2539,2.6);
#2541=CARTESIAN_POINT('',(507.878635376,-147.729122671,286.922173963));
#2542=DIRECTION('',(0.,-1.,-0.));
#2543=VECTOR('',#2542,6.);
#2544=LINE('',#2541,#2543);
#2545=EDGE_CURVE('',#1116,#492,#2544,.T.);
#2546=ORIENTED_EDGE('',*,*,#2545,.F.);
#2547=ORIENTED_EDGE('',*,*,#1122,.F.);
#2548=ORIENTED_EDGE('',*,*,#1129,.F.);
#2549=ORIENTED_EDGE('',*,*,#2545,.T.);
#2550=ORIENTED_EDGE('',*,*,#500,.T.);
#2551=ORIENTED_EDGE('',*,*,#507,.T.);
#2552=EDGE_LOOP('',(#2546,#2547,#2548,#2549,#2550,#2551));
#2553=FACE_BOUND('',#2552,.T.);
#2554=ADVANCED_FACE('',(#2553),#2540,.F.);
#2555=OVER_RIDING_STYLED_ITEM('',(#140),#2554,#82);
#2556=CARTESIAN_POINT('',(598.878635376,-162.729122671,244.322173963));
#2557=DIRECTION('',(-0.,1.,0.));
#2558=DIRECTION('',(0.,-0.,1.));
#2559=AXIS2_PLACEMENT_3D('',#2556,#2557,#2558);
#2560=CYLINDRICAL_SURFACE('',#2559,2.6);
#2561=CARTESIAN_POINT('',(598.878635376,-147.729122671,246.922173963));
#2562=DIRECTION('',(0.,-1.,-0.));
#2563=VECTOR('',#2562,6.);
#2564=LINE('',#2561,#2563);
#2565=EDGE_CURVE('',#1096,#472,#2564,.T.);
#2566=ORIENTED_EDGE('',*,*,#2565,.F.);
#2567=ORIENTED_EDGE('',*,*,#1102,.F.);
#2568=ORIENTED_EDGE('',*,*,#1109,.F.);
#2569=ORIENTED_EDGE('',*,*,#2565,.T.);
#2570=ORIENTED_EDGE('',*,*,#480,.T.);
#2571=ORIENTED_EDGE('',*,*,#487,.T.);
#2572=EDGE_LOOP('',(#2566,#2567,#2568,#2569,#2570,#2571));
#2573=FACE_BOUND('',#2572,.T.);
#2574=ADVANCED_FACE('',(#2573),#2560,.F.);
#2575=OVER_RIDING_STYLED_ITEM('',(#140),#2574,#82);
#2576=CARTESIAN_POINT('',(507.878635376,-162.729122671,244.322173963));
#2577=DIRECTION('',(-0.,1.,0.));
#2578=DIRECTION('',(0.,-0.,1.));
#2579=AXIS2_PLACEMENT_3D('',#2576,#2577,#2578);
#2580=CYLINDRICAL_SURFACE('',#2579,2.6);
#2581=CARTESIAN_POINT('',(507.878635376,-147.729122671,246.922173963));
#2582=DIRECTION('',(0.,-1.,-0.));
#2583=VECTOR('',#2582,6.);
#2584=LINE('',#2581,#2583);
#2585=EDGE_CURVE('',#1076,#452,#2584,.T.);
#2586=ORIENTED_EDGE('',*,*,#2585,.F.);
#2587=ORIENTED_EDGE('',*,*,#1082,.F.);
#2588=ORIENTED_EDGE('',*,*,#1089,.F.);
#2589=ORIENTED_EDGE('',*,*,#2585,.T.);
#2590=ORIENTED_EDGE('',*,*,#460,.T.);
#2591=ORIENTED_EDGE('',*,*,#467,.T.);
#2592=EDGE_LOOP('',(#2586,#2587,#2588,#2589,#2590,#2591));
#2593=FACE_BOUND('',#2592,.T.);
#2594=ADVANCED_FACE('',(#2593),#2580,.F.);
#2595=OVER_RIDING_STYLED_ITEM('',(#140),#2594,#82);
#2596=CARTESIAN_POINT('',(598.878635376,-162.729122671,204.322173963));
#2597=DIRECTION('',(-0.,1.,0.));
#2598=DIRECTION('',(0.,-0.,1.));
#2599=AXIS2_PLACEMENT_3D('',#2596,#2597,#2598);
#2600=CYLINDRICAL_SURFACE('',#2599,2.6);
#2601=CARTESIAN_POINT('',(598.878635376,-147.729122671,206.922173963));
#2602=DIRECTION('',(0.,-1.,-0.));
#2603=VECTOR('',#2602,6.);
#2604=LINE('',#2601,#2603);
#2605=EDGE_CURVE('',#1056,#432,#2604,.T.);
#2606=ORIENTED_EDGE('',*,*,#2605,.F.);
#2607=ORIENTED_EDGE('',*,*,#1062,.F.);
#2608=ORIENTED_EDGE('',*,*,#1069,.F.);
#2609=ORIENTED_EDGE('',*,*,#2605,.T.);
#2610=ORIENTED_EDGE('',*,*,#440,.T.);
#2611=ORIENTED_EDGE('',*,*,#447,.T.);
#2612=EDGE_LOOP('',(#2606,#2607,#2608,#2609,#2610,#2611));
#2613=FACE_BOUND('',#2612,.T.);
#2614=ADVANCED_FACE('',(#2613),#2600,.F.);
#2615=OVER_RIDING_STYLED_ITEM('',(#140),#2614,#82);
#2616=CLOSED_SHELL('',(#133,#192,#244,#296,#348,#400,#1023,#1645,#1667,#1689,#1711,#1728,#1745,#1762,#1779,#1796,#1813,#1830,#1847,#1864,#1881,#1898,#1915,#1932,#1949,#1966,
#1983,#2000,#2017,#2034,#2051,#2068,#2085,#2102,#2119,#2136,#2153,#2170,#2187,#2199,#2211,#2223,#2245,#2267,#2289,#2311,#2333,#2355,#2377,#2399,#2411,
#2423,#2435,#2447,#2459,#2471,#2483,#2495,#2514,#2534,#2554,#2574,#2594,#2614));
#2617=MANIFOLD_SOLID_BREP('Chamfer1',#2616);
#2618=COLOUR_RGB('',0.690196097,0.611764729,0.529411793);
#2619=FILL_AREA_STYLE_COLOUR('',#2618);
#2620=FILL_AREA_STYLE('',(#2619));
#2621=SURFACE_STYLE_FILL_AREA(#2620);
#2622=SURFACE_SIDE_STYLE('',(#2621));
#2623=SURFACE_STYLE_USAGE(.BOTH.,#2622);
#2624=PRESENTATION_STYLE_ASSIGNMENT((#2623));
#82=STYLED_ITEM('',(#2624),#2617);
#63=SHAPE_REPRESENTATION('KHUNG_5MM',(#15),#61);
#64=ADVANCED_BREP_SHAPE_REPRESENTATION('KHUNG_5MM',(#2617),#61);
#2632=SHAPE_REPRESENTATION_RELATIONSHIP('','',#63,#64);
#2633=CARTESIAN_POINT('',(0.,0.,0.));
#2634=DIRECTION('',(0.,0.,1.));
#2635=DIRECTION('',(1.,0.,0.));
#2636=AXIS2_PLACEMENT_3D('',#2633,#2634,#2635);
#2638=MAPPED_ITEM('',#2637,#2636);
#2637=REPRESENTATION_MAP(#2636,#63);
#2639=APPLICATION_CONTEXT('Managed model based 3d engineering');
#2640=APPLICATION_PROTOCOL_DEFINITION('international standard','ap242_managed_model_based_3d_engineering',2014,#2639);
#2641=PRODUCT_CONTEXT('',#2639,'mechanical');
#2642=PRODUCT_DEFINITION_CONTEXT('part definition',#2639,'design');
#71=PRODUCT('KHUNG_5MM','KHUNG_5MM','',(#2641));
#2643=PRODUCT_RELATED_PRODUCT_CATEGORY('part','',(#71));
#2644=PRODUCT_DEFINITION_FORMATION_WITH_SPECIFIED_SOURCE('','',#71,.NOT_KNOWN.);
#72=PRODUCT_DEFINITION('design','',#2644,#2642);
#70=PRODUCT_DEFINITION_SHAPE('','',#72);
#2645=SHAPE_DEFINITION_REPRESENTATION(#70,#63);
#62=DRAUGHTING_MODEL('',(#2638),#61);
#35=SHAPE_REPRESENTATION('DEMO_T9_6.7.STEP',(#15,#76),#33);
#2646=CARTESIAN_POINT('',(0.,0.,0.));
#2647=DIRECTION('',(0.,0.,1.));
#2648=DIRECTION('',(1.,0.,0.));
#2649=AXIS2_PLACEMENT_3D('',#2646,#2647,#2648);
#2651=MAPPED_ITEM('',#2650,#2649);
#2650=REPRESENTATION_MAP(#2649,#35);
#43=PRODUCT('DEMO_T9_6.7.STEP','DEMO_T9_6.7.STEP','',(#2641));
#2652=PRODUCT_RELATED_PRODUCT_CATEGORY('part','',(#43));
#2653=PRODUCT_DEFINITION_FORMATION_WITH_SPECIFIED_SOURCE('','',#43,.NOT_KNOWN.);
#44=PRODUCT_DEFINITION('design','',#2653,#2642);
#42=PRODUCT_DEFINITION_SHAPE('','',#44);
#2654=SHAPE_DEFINITION_REPRESENTATION(#42,#35);
#34=DRAUGHTING_MODEL('',(#2651),#33);
#16=SHAPE_REPRESENTATION('root',(#15,#48),#10);
#2655=CARTESIAN_POINT('',(0.,0.,0.));
#2656=DIRECTION('',(0.,0.,1.));
#2657=DIRECTION('',(1.,0.,0.));
#2658=AXIS2_PLACEMENT_3D('',#2655,#2656,#2657);
#2660=MAPPED_ITEM('',#2659,#2658);
#2659=REPRESENTATION_MAP(#2658,#16);
#24=PRODUCT('root','root','',(#2641));
#2661=PRODUCT_RELATED_PRODUCT_CATEGORY('part','',(#24));
#2662=PRODUCT_DEFINITION_FORMATION_WITH_SPECIFIED_SOURCE('','',#24,.NOT_KNOWN.);
#25=PRODUCT_DEFINITION('design','',#2662,#2642);
#23=PRODUCT_DEFINITION_SHAPE('','',#25);
#2663=SHAPE_DEFINITION_REPRESENTATION(#23,#16);
#11=DRAUGHTING_MODEL('',(#2660),#10);
#2664=DESCRIPTIVE_REPRESENTATION_ITEM('KEY','C:\\Users\\TranHuyBao\\AppData\\Local\\Packages\\Shapr3D.Shapr3D_dvv5p1vgwv6mp\\TempState\\a0bcea3a-cd50-4277-a909-0e709ab97a15.tmp');
#2665=PROPERTY_DEFINITION('KEY','',#25);
#2666=REPRESENTATION('',(#2664),#10);
#2667=PROPERTY_DEFINITION_REPRESENTATION(#2665,#2666);
#2668=GENERAL_PROPERTY('','KEY','');
#2669=GENERAL_PROPERTY_ASSOCIATION('','',#2668,#2665);
#1=MECHANICAL_DESIGN_GEOMETRIC_PRESENTATION_REPRESENTATION('',(#141,#193,#245,#297,#349,#401,#2515,#2535,#2555,#2575,#2595,#2615,#82),#10);
ENDSEC;
END-ISO-10303-21;
