ISO-10303-21;
HEADER;

/* File generated by Shapr3D Version 26.121.11316.0 */

FILE_DESCRIPTION(('HOOPS Exchange Step'),'2;1');

FILE_NAME('C:\\Users\\TranHuyBao\\AppData\\Local\\Packages\\Shapr3D.Shapr3D_dvv5p1vgwv6mp\\TempState\\export\\temp_export',
'2026-07-23T21:25:07+07:00',
('TR\X2\1EA6\X0\N HUY B\X2\1EA2\X0\O'),
('Shapr3D Limited'),
'HOOPS Exchange 2026.3',
'Shapr3D',
'Authorized');

FILE_SCHEMA( ('AP242_MANAGED_MODEL_BASED_3D_ENGINEERING_MIM_LF {1 0 10303 442 1 1 4}') );

ENDSEC;

DATA;
#3=(NAMED_UNIT(*)PLANE_ANGLE_UNIT()SI_UNIT($,.RADIAN.));
#4=PLANE_ANGLE_MEASURE_WITH_UNIT(PLANE_ANGLE_MEASURE(0.0174532925),#3);
#5=(CONVERSION_BASED_UNIT('DEGREE',#4)NAMED_UNIT(#6)PLANE_ANGLE_UNIT());
#6=DIMENSIONAL_EXPONENTS(0.,0.,0.,0.,0.,0.,0.);
#7=(NAMED_UNIT(*)SI_UNIT($,.STERADIAN.)SOLID_ANGLE_UNIT());
#8=(LENGTH_UNIT()NAMED_UNIT(*)SI_UNIT(.MILLI.,.METRE.));
#9=UNCERTAINTY_MEASURE_WITH_UNIT(LENGTH_MEASURE(1.000000E-03),#8,'DISTANCE_ACCURACY_VALUE','Maximum Tolerance applied to model');
#10=(GEOMETRIC_REPRESENTATION_CONTEXT(3)GLOBAL_UNCERTAINTY_ASSIGNED_CONTEXT((#9))GLOBAL_UNIT_ASSIGNED_CONTEXT((#8,#5,#7))REPRESENTATION_CONTEXT('','root'));
#12=CARTESIAN_POINT('',(0.,0.,0.));
#13=DIRECTION('',(0.,0.,1.));
#14=DIRECTION('',(1.,0.,0.));
#15=AXIS2_PLACEMENT_3D('',#12,#13,#14);
#26=(NAMED_UNIT(*)PLANE_ANGLE_UNIT()SI_UNIT($,.RADIAN.));
#27=PLANE_ANGLE_MEASURE_WITH_UNIT(PLANE_ANGLE_MEASURE(0.0174532925),#26);
#28=(CONVERSION_BASED_UNIT('DEGREE',#27)NAMED_UNIT(#29)PLANE_ANGLE_UNIT());
#29=DIMENSIONAL_EXPONENTS(0.,0.,0.,0.,0.,0.,0.);
#30=(NAMED_UNIT(*)SI_UNIT($,.STERADIAN.)SOLID_ANGLE_UNIT());
#31=(LENGTH_UNIT()NAMED_UNIT(*)SI_UNIT(.MILLI.,.METRE.));
#32=UNCERTAINTY_MEASURE_WITH_UNIT(LENGTH_MEASURE(1.000000E-03),#31,'DISTANCE_ACCURACY_VALUE','Maximum Tolerance applied to model');
#33=(GEOMETRIC_REPRESENTATION_CONTEXT(3)GLOBAL_UNCERTAINTY_ASSIGNED_CONTEXT((#32))GLOBAL_UNIT_ASSIGNED_CONTEXT((#31,#28,#30))REPRESENTATION_CONTEXT('','DEMO_T9_6.7.STEP'));
#45=CARTESIAN_POINT('',(0.,0.,0.));
#46=DIRECTION('',(0.,0.,1.));
#47=DIRECTION('',(1.,0.,-0.));
#48=AXIS2_PLACEMENT_3D('',#45,#46,#47);
#49=ITEM_DEFINED_TRANSFORMATION('','',#48,#15);
#50=(REPRESENTATION_RELATIONSHIP('','',#35,#16)REPRESENTATION_RELATIONSHIP_WITH_TRANSFORMATION(#49)SHAPE_REPRESENTATION_RELATIONSHIP());
#51=NEXT_ASSEMBLY_USAGE_OCCURRENCE('DEMO_T9_6.7.STEP_1','DEMO_T9_6.7.STEP','DEMO_T9_6.7.STEP',#25,#44,$);
#52=PRODUCT_DEFINITION_SHAPE('','',#51);
#53=CONTEXT_DEPENDENT_SHAPE_REPRESENTATION(#50,#52);
#54=(NAMED_UNIT(*)PLANE_ANGLE_UNIT()SI_UNIT($,.RADIAN.));
#55=PLANE_ANGLE_MEASURE_WITH_UNIT(PLANE_ANGLE_MEASURE(0.0174532925),#54);
#56=(CONVERSION_BASED_UNIT('DEGREE',#55)NAMED_UNIT(#57)PLANE_ANGLE_UNIT());
#57=DIMENSIONAL_EXPONENTS(0.,0.,0.,0.,0.,0.,0.);
#58=(NAMED_UNIT(*)SI_UNIT($,.STERADIAN.)SOLID_ANGLE_UNIT());
#59=(LENGTH_UNIT()NAMED_UNIT(*)SI_UNIT(.MILLI.,.METRE.));
#60=UNCERTAINTY_MEASURE_WITH_UNIT(LENGTH_MEASURE(1.000000E-05),#59,'DISTANCE_ACCURACY_VALUE','Maximum Tolerance applied to model');
#61=(GEOMETRIC_REPRESENTATION_CONTEXT(3)GLOBAL_UNCERTAINTY_ASSIGNED_CONTEXT((#60))GLOBAL_UNIT_ASSIGNED_CONTEXT((#59,#56,#58))REPRESENTATION_CONTEXT('','t\X2\1EA5\X0\m sau'));
#73=CARTESIAN_POINT('',(0.,0.,0.));
#74=DIRECTION('',(0.,0.,1.));
#75=DIRECTION('',(1.,0.,-0.));
#76=AXIS2_PLACEMENT_3D('',#73,#74,#75);
#77=ITEM_DEFINED_TRANSFORMATION('','',#76,#15);
#78=(REPRESENTATION_RELATIONSHIP('','',#63,#35)REPRESENTATION_RELATIONSHIP_WITH_TRANSFORMATION(#77)SHAPE_REPRESENTATION_RELATIONSHIP());
#79=NEXT_ASSEMBLY_USAGE_OCCURRENCE('t\X2\1EA5\X0\m sau_2','t\X2\1EA5\X0\m sau','t\X2\1EA5\X0\m sau',#44,#72,$);
#80=PRODUCT_DEFINITION_SHAPE('','',#79);
#81=CONTEXT_DEPENDENT_SHAPE_REPRESENTATION(#78,#80);
#83=CARTESIAN_POINT('',(792.736503446,-153.729122671,359.322174843));
#84=DIRECTION('',(0.,-1.,0.));
#85=DIRECTION('',(0.,0.,-1.));
#86=AXIS2_PLACEMENT_3D('',#83,#84,#85);
#87=PLANE('',#86);
#88=CARTESIAN_POINT('',(716.87863907,-153.729122671,124.322174843));
#89=VERTEX_POINT('',#88);
#90=CARTESIAN_POINT('',(711.87863907,-153.729122671,129.322174843));
#91=VERTEX_POINT('',#90);
#92=CARTESIAN_POINT('',(716.87863907,-153.729122671,129.322174843));
#93=DIRECTION('',(-0.,1.,-0.));
#94=DIRECTION('',(0.,0.,-1.));
#95=AXIS2_PLACEMENT_3D('',#92,#93,#94);
#96=CIRCLE('',#95,5.);
#97=EDGE_CURVE('NONE',#89,#91,#96,.T.);
#98=ORIENTED_EDGE('',*,*,#97,.T.);
#99=CARTESIAN_POINT('',(721.87863907,-153.729122671,129.322174843));
#100=VERTEX_POINT('',#99);
#101=CARTESIAN_POINT('',(716.87863907,-153.729122671,129.322174843));
#102=DIRECTION('',(-0.,1.,-0.));
#103=DIRECTION('',(0.,0.,-1.));
#104=AXIS2_PLACEMENT_3D('',#101,#102,#103);
#105=CIRCLE('',#104,5.);
#106=EDGE_CURVE('',#91,#100,#105,.T.);
#107=ORIENTED_EDGE('',*,*,#106,.T.);
#108=CARTESIAN_POINT('',(716.87863907,-153.729122671,129.322174843));
#109=DIRECTION('',(-0.,1.,-0.));
#110=DIRECTION('',(0.,0.,-1.));
#111=AXIS2_PLACEMENT_3D('',#108,#109,#110);
#112=CIRCLE('',#111,5.);
#113=EDGE_CURVE('',#100,#89,#112,.T.);
#114=ORIENTED_EDGE('',*,*,#113,.T.);
#115=EDGE_LOOP('',(#98,#107,#114));
#116=FACE_BOUND('',#115,.T.);
#117=CARTESIAN_POINT('',(716.87863907,-153.729122671,137.322174843));
#118=VERTEX_POINT('',#117);
#119=CARTESIAN_POINT('',(708.87863907,-153.729122671,129.322174843));
#120=VERTEX_POINT('',#119);
#121=CARTESIAN_POINT('',(716.87863907,-153.729122671,137.322174843));
#122=CARTESIAN_POINT('',(716.485900128,-153.729122671,137.322174843));
#123=CARTESIAN_POINT('',(716.094501947,-153.729122671,137.283652657));
#124=CARTESIAN_POINT('',(715.703924331,-153.729122671,137.245211232));
#125=CARTESIAN_POINT('',(715.317916493,-153.729122671,137.168457086));
#126=CARTESIAN_POINT('',(714.932987534,-153.729122671,137.091917466));
#127=CARTESIAN_POINT('',(714.556361652,-153.729122671,136.977697529));
#128=CARTESIAN_POINT('',(714.180788425,-153.729122671,136.863796832));
#129=CARTESIAN_POINT('',(713.817171611,-153.729122671,136.713211103));
#130=CARTESIAN_POINT('',(713.454571093,-153.729122671,136.563046256));
#131=CARTESIAN_POINT('',(713.107465175,-153.729122671,136.377544958));
#132=CARTESIAN_POINT('',(712.761329406,-153.729122671,136.19256213));
#133=CARTESIAN_POINT('',(712.434077205,-153.729122671,135.973931742));
#134=CARTESIAN_POINT('',(712.107739663,-153.729122671,135.755912418));
#135=CARTESIAN_POINT('',(711.803492796,-153.729122671,135.50625847));
#136=CARTESIAN_POINT('',(711.500096289,-153.729122671,135.257302296));
#137=CARTESIAN_POINT('',(711.22178482,-153.729122671,134.979029093));
#138=CARTESIAN_POINT('',(710.944251222,-153.729122671,134.701533653));
#139=CARTESIAN_POINT('',(710.694555443,-153.729122671,134.397321117));
#140=CARTESIAN_POINT('',(710.445557554,-153.729122671,134.093958843));
#141=CARTESIAN_POINT('',(710.226882171,-153.729122671,133.766736707));
#142=CARTESIAN_POINT('',(710.008817978,-153.729122671,133.440429146));
#143=CARTESIAN_POINT('',(709.823268955,-153.729122671,133.093348738));
#144=CARTESIAN_POINT('',(709.638238535,-153.729122671,132.747238408));
#145=CARTESIAN_POINT('',(709.487602809,-153.729122671,132.383642302));
#146=CARTESIAN_POINT('',(709.337388106,-153.729122671,132.021062435));
#147=CARTESIAN_POINT('',(709.223116384,-153.729122671,131.644452261));
#148=CARTESIAN_POINT('',(709.109164047,-153.729122671,131.2688947));
#149=CARTESIAN_POINT('',(709.032356826,-153.729122671,130.882897419));
#150=CARTESIAN_POINT('',(708.955764279,-153.729122671,130.497978988));
#151=CARTESIAN_POINT('',(708.917161256,-153.729122671,130.106311966));
#152=CARTESIAN_POINT('',(708.878666127,-153.729122671,129.71573964));
#153=CARTESIAN_POINT('',(708.87863907,-153.729122671,129.322174843));
#154=B_SPLINE_CURVE_WITH_KNOTS('',2,(#121,#122,#123,#124,#125,#126,#127,#128,#129,#130,#131,#132,#133,#134,#135,#136,#137,#138,#139,#140,#141,#142,#143,#144,#145,#146,
#147,#148,#149,#150,#151,#152,#153),.UNSPECIFIED.,.F.,.F.,(3,2,2,2,2,2,2,2,2,2,2,2,2,2,2,2,3),(0.,0.015625,0.03125,0.046875,0.0625,0.078125,0.09375,0.109375,0.125,0.140625,0.15625,0.171875,0.1875,0.203125,0.21875,0.234375,0.25),.UNSPECIFIED.);
#155=EDGE_CURVE('',#118,#120,#154,.T.);
#156=ORIENTED_EDGE('',*,*,#155,.T.);
#157=CARTESIAN_POINT('',(724.87863907,-153.729122671,129.322174843));
#158=VERTEX_POINT('',#157);
#159=CARTESIAN_POINT('',(708.87863907,-153.729122671,129.322174843));
#160=CARTESIAN_POINT('',(708.878612088,-153.729122671,128.929710047));
#161=CARTESIAN_POINT('',(708.917161256,-153.729122671,128.538037721));
#162=CARTESIAN_POINT('',(708.955602681,-153.729122671,128.147460105));
#163=CARTESIAN_POINT('',(709.032356826,-153.729122671,127.761452267));
#164=CARTESIAN_POINT('',(709.108896446,-153.729122671,127.376523308));
#165=CARTESIAN_POINT('',(709.223116384,-153.729122671,126.999897425));
#166=CARTESIAN_POINT('',(709.33701708,-153.729122671,126.624324199));
#167=CARTESIAN_POINT('',(709.487602809,-153.729122671,126.260707384));
#168=CARTESIAN_POINT('',(709.637767657,-153.729122671,125.898106866));
#169=CARTESIAN_POINT('',(709.823268955,-153.729122671,125.551000949));
#170=CARTESIAN_POINT('',(710.008251783,-153.729122671,125.20486518));
#171=CARTESIAN_POINT('',(710.226882171,-153.729122671,124.877612979));
#172=CARTESIAN_POINT('',(710.444901495,-153.729122671,124.551275436));
#173=CARTESIAN_POINT('',(710.694555443,-153.729122671,124.24702857));
#174=CARTESIAN_POINT('',(710.943511616,-153.729122671,123.943632063));
#175=CARTESIAN_POINT('',(711.22178482,-153.729122671,123.665320594));
#176=CARTESIAN_POINT('',(711.49928026,-153.729122671,123.387786996));
#177=CARTESIAN_POINT('',(711.803492796,-153.729122671,123.138091216));
#178=CARTESIAN_POINT('',(712.106855069,-153.729122671,122.889093328));
#179=CARTESIAN_POINT('',(712.434077205,-153.729122671,122.670417945));
#180=CARTESIAN_POINT('',(712.760384767,-153.729122671,122.452353752));
#181=CARTESIAN_POINT('',(713.107465175,-153.729122671,122.266804728));
#182=CARTESIAN_POINT('',(713.453575505,-153.729122671,122.081774308));
#183=CARTESIAN_POINT('',(713.817171611,-153.729122671,121.931138583));
#184=CARTESIAN_POINT('',(714.179751478,-153.729122671,121.78092388));
#185=CARTESIAN_POINT('',(714.556361652,-153.729122671,121.666652157));
#186=CARTESIAN_POINT('',(714.931919213,-153.729122671,121.552699821));
#187=CARTESIAN_POINT('',(715.317916493,-153.729122671,121.4758926));
#188=CARTESIAN_POINT('',(715.702834925,-153.729122671,121.399300053));
#189=CARTESIAN_POINT('',(716.094501947,-153.729122671,121.36069703));
#190=CARTESIAN_POINT('',(716.485074273,-153.729122671,121.322201901));
#191=CARTESIAN_POINT('',(716.87863907,-153.729122671,121.322174843));
#192=CARTESIAN_POINT('',(717.271103866,-153.729122671,121.322147861));
#193=CARTESIAN_POINT('',(717.662776192,-153.729122671,121.36069703));
#194=CARTESIAN_POINT('',(718.053353808,-153.729122671,121.399138455));
#195=CARTESIAN_POINT('',(718.439361646,-153.729122671,121.4758926));
#196=CARTESIAN_POINT('',(718.824290605,-153.729122671,121.55243222));
#197=CARTESIAN_POINT('',(719.200916488,-153.729122671,121.666652157));
#198=CARTESIAN_POINT('',(719.576489714,-153.729122671,121.780552854));
#199=CARTESIAN_POINT('',(719.940106529,-153.729122671,121.931138583));
#200=CARTESIAN_POINT('',(720.302707047,-153.729122671,122.08130343));
#201=CARTESIAN_POINT('',(720.649812964,-153.729122671,122.266804728));
#202=CARTESIAN_POINT('',(720.995948733,-153.729122671,122.451787557));
#203=CARTESIAN_POINT('',(721.323200934,-153.729122671,122.670417945));
#204=CARTESIAN_POINT('',(721.649538476,-153.729122671,122.888437268));
#205=CARTESIAN_POINT('',(721.953785343,-153.729122671,123.138091216));
#206=CARTESIAN_POINT('',(722.25718185,-153.729122671,123.38704739));
#207=CARTESIAN_POINT('',(722.535493319,-153.729122671,123.665320594));
#208=CARTESIAN_POINT('',(722.813026917,-153.729122671,123.942816033));
#209=CARTESIAN_POINT('',(723.062722696,-153.729122671,124.24702857));
#210=CARTESIAN_POINT('',(723.311720585,-153.729122671,124.550390843));
#211=CARTESIAN_POINT('',(723.530395968,-153.729122671,124.877612979));
#212=CARTESIAN_POINT('',(723.748460161,-153.729122671,125.203920541));
#213=CARTESIAN_POINT('',(723.934009184,-153.729122671,125.551000949));
#214=CARTESIAN_POINT('',(724.119039605,-153.729122671,125.897111279));
#215=CARTESIAN_POINT('',(724.26967533,-153.729122671,126.260707384));
#216=CARTESIAN_POINT('',(724.419890033,-153.729122671,126.623287251));
#217=CARTESIAN_POINT('',(724.534161755,-153.729122671,126.999897425));
#218=CARTESIAN_POINT('',(724.648114092,-153.729122671,127.375454987));
#219=CARTESIAN_POINT('',(724.724921313,-153.729122671,127.761452267));
#220=CARTESIAN_POINT('',(724.80151386,-153.729122671,128.146370699));
#221=CARTESIAN_POINT('',(724.840116883,-153.729122671,128.538037721));
#222=CARTESIAN_POINT('',(724.878612012,-153.729122671,128.928610047));
#223=CARTESIAN_POINT('',(724.87863907,-153.729122671,129.322174843));
#224=B_SPLINE_CURVE_WITH_KNOTS('',2,(#159,#160,#161,#162,#163,#164,#165,#166,#167,#168,#169,#170,#171,#172,#173,#174,#175,#176,#177,#178,#179,#180,#181,#182,#183,#184,
#185,#186,#187,#188,#189,#190,#191,#192,#193,#194,#195,#196,#197,#198,#199,#200,#201,#202,#203,#204,#205,#206,#207,#208,#209,
#210,#211,#212,#213,#214,#215,#216,#217,#218,#219,#220,#221,#222,#223),.UNSPECIFIED.,.F.,.F.,(3,2,2,2,2,2,2,2,2,2,2,2,2,2,2,2,2,2,2,2,2,2,2,2,2,2,
2,2,2,2,2,2,3),(0.25,0.265625,0.28125,0.296875,0.3125,0.328125,0.34375,0.359375,0.375,0.390625,0.40625,0.421875,0.4375,0.453125,0.46875,0.484375,0.5,0.515625,0.53125,0.546875,0.5625,0.578125,0.59375,0.609375,0.625,0.640625,
0.65625,0.671875,0.6875,0.703125,0.71875,0.734375,0.75),.UNSPECIFIED.);
#225=EDGE_CURVE('',#120,#158,#224,.T.);
#226=ORIENTED_EDGE('',*,*,#225,.T.);
#227=CARTESIAN_POINT('',(724.87863907,-153.729122671,129.322174843));
#228=CARTESIAN_POINT('',(724.878666052,-153.729122671,129.714639639));
#229=CARTESIAN_POINT('',(724.840116883,-153.729122671,130.106311966));
#230=CARTESIAN_POINT('',(724.801675458,-153.729122671,130.496889581));
#231=CARTESIAN_POINT('',(724.724921313,-153.729122671,130.882897419));
#232=CARTESIAN_POINT('',(724.648381693,-153.729122671,131.267826378));
#233=CARTESIAN_POINT('',(724.534161755,-153.729122671,131.644452261));
#234=CARTESIAN_POINT('',(724.420261059,-153.729122671,132.020025488));
#235=CARTESIAN_POINT('',(724.26967533,-153.729122671,132.383642302));
#236=CARTESIAN_POINT('',(724.119510482,-153.729122671,132.74624282));
#237=CARTESIAN_POINT('',(723.934009184,-153.729122671,133.093348738));
#238=CARTESIAN_POINT('',(723.749026356,-153.729122671,133.439484506));
#239=CARTESIAN_POINT('',(723.530395968,-153.729122671,133.766736707));
#240=CARTESIAN_POINT('',(723.312376644,-153.729122671,134.09307425));
#241=CARTESIAN_POINT('',(723.062722696,-153.729122671,134.397321117));
#242=CARTESIAN_POINT('',(722.813766523,-153.729122671,134.700717624));
#243=CARTESIAN_POINT('',(722.535493319,-153.729122671,134.979029093));
#244=CARTESIAN_POINT('',(722.257997879,-153.729122671,135.256562691));
#245=CARTESIAN_POINT('',(721.953785343,-153.729122671,135.50625847));
#246=CARTESIAN_POINT('',(721.65042307,-153.729122671,135.755256359));
#247=CARTESIAN_POINT('',(721.323200934,-153.729122671,135.973931742));
#248=CARTESIAN_POINT('',(720.996893372,-153.729122671,136.191995935));
#249=CARTESIAN_POINT('',(720.649812964,-153.729122671,136.377544958));
#250=CARTESIAN_POINT('',(720.303702634,-153.729122671,136.562575378));
#251=CARTESIAN_POINT('',(719.940106529,-153.729122671,136.713211103));
#252=CARTESIAN_POINT('',(719.577526662,-153.729122671,136.863425807));
#253=CARTESIAN_POINT('',(719.200916488,-153.729122671,136.977697529));
#254=CARTESIAN_POINT('',(718.825358926,-153.729122671,137.091649866));
#255=CARTESIAN_POINT('',(718.439361646,-153.729122671,137.168457086));
#256=CARTESIAN_POINT('',(718.054443214,-153.729122671,137.245049633));
#257=CARTESIAN_POINT('',(717.662776192,-153.729122671,137.283652657));
#258=CARTESIAN_POINT('',(717.271929339,-153.729122671,137.322174843));
#259=CARTESIAN_POINT('',(716.87863907,-153.729122671,137.322174843));
#260=B_SPLINE_CURVE_WITH_KNOTS('',2,(#227,#228,#229,#230,#231,#232,#233,#234,#235,#236,#237,#238,#239,#240,#241,#242,#243,#244,#245,#246,#247,#248,#249,#250,#251,#252,
#253,#254,#255,#256,#257,#258,#259),.UNSPECIFIED.,.F.,.F.,(3,2,2,2,2,2,2,2,2,2,2,2,2,2,2,2,3),(0.75,0.765625,0.78125,0.796875,0.8125,0.828125,0.84375,0.859375,0.875,0.890625,0.90625,0.921875,0.9375,0.953125,0.96875,0.984375,1.),.UNSPECIFIED.);
#261=EDGE_CURVE('',#158,#118,#260,.T.);
#262=ORIENTED_EDGE('',*,*,#261,.T.);
#263=EDGE_LOOP('',(#156,#226,#262));
#264=FACE_BOUND('',#263,.T.);
#265=ADVANCED_FACE('',(#116,#264),#87,.T.);
#266=CARTESIAN_POINT('',(792.736503446,-153.729122671,359.322174843));
#267=DIRECTION('',(0.,-1.,0.));
#268=DIRECTION('',(0.,0.,-1.));
#269=AXIS2_PLACEMENT_3D('',#266,#267,#268);
#270=PLANE('',#269);
#271=CARTESIAN_POINT('',(676.87863907,-153.729122671,134.322174843));
#272=VERTEX_POINT('',#271);
#273=CARTESIAN_POINT('',(671.87863907,-153.729122671,139.322174843));
#274=VERTEX_POINT('',#273);
#275=CARTESIAN_POINT('',(676.87863907,-153.729122671,139.322174843));
#276=DIRECTION('',(-0.,1.,-0.));
#277=DIRECTION('',(0.,0.,-1.));
#278=AXIS2_PLACEMENT_3D('',#275,#276,#277);
#279=CIRCLE('',#278,5.);
#280=EDGE_CURVE('NONE',#272,#274,#279,.T.);
#281=ORIENTED_EDGE('',*,*,#280,.T.);
#282=CARTESIAN_POINT('',(681.87863907,-153.729122671,139.322174843));
#283=VERTEX_POINT('',#282);
#284=CARTESIAN_POINT('',(676.87863907,-153.729122671,139.322174843));
#285=DIRECTION('',(-0.,1.,-0.));
#286=DIRECTION('',(0.,0.,-1.));
#287=AXIS2_PLACEMENT_3D('',#284,#285,#286);
#288=CIRCLE('',#287,5.);
#289=EDGE_CURVE('',#274,#283,#288,.T.);
#290=ORIENTED_EDGE('',*,*,#289,.T.);
#291=CARTESIAN_POINT('',(676.87863907,-153.729122671,139.322174843));
#292=DIRECTION('',(-0.,1.,-0.));
#293=DIRECTION('',(0.,0.,-1.));
#294=AXIS2_PLACEMENT_3D('',#291,#292,#293);
#295=CIRCLE('',#294,5.);
#296=EDGE_CURVE('',#283,#272,#295,.T.);
#297=ORIENTED_EDGE('',*,*,#296,.T.);
#298=EDGE_LOOP('',(#281,#290,#297));
#299=FACE_BOUND('',#298,.T.);
#300=CARTESIAN_POINT('',(676.87863907,-153.729122671,147.322174843));
#301=VERTEX_POINT('',#300);
#302=CARTESIAN_POINT('',(668.87863907,-153.729122671,139.322174843));
#303=VERTEX_POINT('',#302);
#304=CARTESIAN_POINT('',(676.87863907,-153.729122671,147.322174843));
#305=CARTESIAN_POINT('',(676.485900128,-153.729122671,147.322174843));
#306=CARTESIAN_POINT('',(676.094501947,-153.729122671,147.283652657));
#307=CARTESIAN_POINT('',(675.703924331,-153.729122671,147.245211232));
#308=CARTESIAN_POINT('',(675.317916493,-153.729122671,147.168457086));
#309=CARTESIAN_POINT('',(674.932987534,-153.729122671,147.091917466));
#310=CARTESIAN_POINT('',(674.556361652,-153.729122671,146.977697529));
#311=CARTESIAN_POINT('',(674.180788425,-153.729122671,146.863796832));
#312=CARTESIAN_POINT('',(673.817171611,-153.729122671,146.713211103));
#313=CARTESIAN_POINT('',(673.454571092,-153.729122671,146.563046256));
#314=CARTESIAN_POINT('',(673.107465175,-153.729122671,146.377544958));
#315=CARTESIAN_POINT('',(672.761329406,-153.729122671,146.19256213));
#316=CARTESIAN_POINT('',(672.434077205,-153.729122671,145.973931742));
#317=CARTESIAN_POINT('',(672.107739663,-153.729122671,145.755912418));
#318=CARTESIAN_POINT('',(671.803492796,-153.729122671,145.50625847));
#319=CARTESIAN_POINT('',(671.500096289,-153.729122671,145.257302296));
#320=CARTESIAN_POINT('',(671.22178482,-153.729122671,144.979029093));
#321=CARTESIAN_POINT('',(670.944251222,-153.729122671,144.701533653));
#322=CARTESIAN_POINT('',(670.694555443,-153.729122671,144.397321117));
#323=CARTESIAN_POINT('',(670.445557554,-153.729122671,144.093958843));
#324=CARTESIAN_POINT('',(670.226882171,-153.729122671,143.766736707));
#325=CARTESIAN_POINT('',(670.008817978,-153.729122671,143.440429146));
#326=CARTESIAN_POINT('',(669.823268955,-153.729122671,143.093348738));
#327=CARTESIAN_POINT('',(669.638238535,-153.729122671,142.747238408));
#328=CARTESIAN_POINT('',(669.487602809,-153.729122671,142.383642302));
#329=CARTESIAN_POINT('',(669.337388106,-153.729122671,142.021062436));
#330=CARTESIAN_POINT('',(669.223116384,-153.729122671,141.644452261));
#331=CARTESIAN_POINT('',(669.109164047,-153.729122671,141.2688947));
#332=CARTESIAN_POINT('',(669.032356826,-153.729122671,140.882897419));
#333=CARTESIAN_POINT('',(668.955764279,-153.729122671,140.497978988));
#334=CARTESIAN_POINT('',(668.917161256,-153.729122671,140.106311966));
#335=CARTESIAN_POINT('',(668.878666127,-153.729122671,139.71573964));
#336=CARTESIAN_POINT('',(668.87863907,-153.729122671,139.322174843));
#337=B_SPLINE_CURVE_WITH_KNOTS('',2,(#304,#305,#306,#307,#308,#309,#310,#311,#312,#313,#314,#315,#316,#317,#318,#319,#320,#321,#322,#323,#324,#325,#326,#327,#328,#329,
#330,#331,#332,#333,#334,#335,#336),.UNSPECIFIED.,.F.,.F.,(3,2,2,2,2,2,2,2,2,2,2,2,2,2,2,2,3),(0.,0.015625,0.03125,0.046875,0.0625,0.078125,0.09375,0.109375,0.125,0.140625,0.15625,0.171875,0.1875,0.203125,0.21875,0.234375,0.25),.UNSPECIFIED.);
#338=EDGE_CURVE('',#301,#303,#337,.T.);
#339=ORIENTED_EDGE('',*,*,#338,.T.);
#340=CARTESIAN_POINT('',(684.87863907,-153.729122671,139.322174843));
#341=VERTEX_POINT('',#340);
#342=CARTESIAN_POINT('',(668.87863907,-153.729122671,139.322174843));
#343=CARTESIAN_POINT('',(668.878612088,-153.729122671,138.929710047));
#344=CARTESIAN_POINT('',(668.917161256,-153.729122671,138.538037721));
#345=CARTESIAN_POINT('',(668.955602681,-153.729122671,138.147460105));
#346=CARTESIAN_POINT('',(669.032356826,-153.729122671,137.761452267));
#347=CARTESIAN_POINT('',(669.108896446,-153.729122671,137.376523308));
#348=CARTESIAN_POINT('',(669.223116384,-153.729122671,136.999897425));
#349=CARTESIAN_POINT('',(669.33701708,-153.729122671,136.624324199));
#350=CARTESIAN_POINT('',(669.487602809,-153.729122671,136.260707384));
#351=CARTESIAN_POINT('',(669.637767657,-153.729122671,135.898106867));
#352=CARTESIAN_POINT('',(669.823268955,-153.729122671,135.551000949));
#353=CARTESIAN_POINT('',(670.008251783,-153.729122671,135.20486518));
#354=CARTESIAN_POINT('',(670.226882171,-153.729122671,134.877612979));
#355=CARTESIAN_POINT('',(670.444901495,-153.729122671,134.551275436));
#356=CARTESIAN_POINT('',(670.694555443,-153.729122671,134.24702857));
#357=CARTESIAN_POINT('',(670.943511617,-153.729122671,133.943632062));
#358=CARTESIAN_POINT('',(671.22178482,-153.729122671,133.665320594));
#359=CARTESIAN_POINT('',(671.49928026,-153.729122671,133.387786996));
#360=CARTESIAN_POINT('',(671.803492796,-153.729122671,133.138091216));
#361=CARTESIAN_POINT('',(672.106855069,-153.729122671,132.889093328));
#362=CARTESIAN_POINT('',(672.434077205,-153.729122671,132.670417945));
#363=CARTESIAN_POINT('',(672.760384767,-153.729122671,132.452353752));
#364=CARTESIAN_POINT('',(673.107465175,-153.729122671,132.266804728));
#365=CARTESIAN_POINT('',(673.453575505,-153.729122671,132.081774308));
#366=CARTESIAN_POINT('',(673.817171611,-153.729122671,131.931138583));
#367=CARTESIAN_POINT('',(674.179751478,-153.729122671,131.78092388));
#368=CARTESIAN_POINT('',(674.556361652,-153.729122671,131.666652157));
#369=CARTESIAN_POINT('',(674.931919213,-153.729122671,131.552699821));
#370=CARTESIAN_POINT('',(675.317916493,-153.729122671,131.4758926));
#371=CARTESIAN_POINT('',(675.702834925,-153.729122671,131.399300053));
#372=CARTESIAN_POINT('',(676.094501947,-153.729122671,131.36069703));
#373=CARTESIAN_POINT('',(676.485074273,-153.729122671,131.322201901));
#374=CARTESIAN_POINT('',(676.87863907,-153.729122671,131.322174843));
#375=CARTESIAN_POINT('',(677.271103866,-153.729122671,131.322147861));
#376=CARTESIAN_POINT('',(677.662776192,-153.729122671,131.36069703));
#377=CARTESIAN_POINT('',(678.053353808,-153.729122671,131.399138455));
#378=CARTESIAN_POINT('',(678.439361646,-153.729122671,131.4758926));
#379=CARTESIAN_POINT('',(678.824290605,-153.729122671,131.55243222));
#380=CARTESIAN_POINT('',(679.200916488,-153.729122671,131.666652157));
#381=CARTESIAN_POINT('',(679.576489714,-153.729122671,131.780552854));
#382=CARTESIAN_POINT('',(679.940106529,-153.729122671,131.931138583));
#383=CARTESIAN_POINT('',(680.302707047,-153.729122671,132.08130343));
#384=CARTESIAN_POINT('',(680.649812964,-153.729122671,132.266804728));
#385=CARTESIAN_POINT('',(680.995948733,-153.729122671,132.451787557));
#386=CARTESIAN_POINT('',(681.323200934,-153.729122671,132.670417945));
#387=CARTESIAN_POINT('',(681.649538476,-153.729122671,132.888437268));
#388=CARTESIAN_POINT('',(681.953785343,-153.729122671,133.138091216));
#389=CARTESIAN_POINT('',(682.25718185,-153.729122671,133.38704739));
#390=CARTESIAN_POINT('',(682.535493319,-153.729122671,133.665320594));
#391=CARTESIAN_POINT('',(682.813026917,-153.729122671,133.942816033));
#392=CARTESIAN_POINT('',(683.062722696,-153.729122671,134.24702857));
#393=CARTESIAN_POINT('',(683.311720585,-153.729122671,134.550390843));
#394=CARTESIAN_POINT('',(683.530395968,-153.729122671,134.877612979));
#395=CARTESIAN_POINT('',(683.748460161,-153.729122671,135.203920541));
#396=CARTESIAN_POINT('',(683.934009184,-153.729122671,135.551000949));
#397=CARTESIAN_POINT('',(684.119039604,-153.729122671,135.897111278));
#398=CARTESIAN_POINT('',(684.26967533,-153.729122671,136.260707384));
#399=CARTESIAN_POINT('',(684.419890033,-153.729122671,136.623287251));
#400=CARTESIAN_POINT('',(684.534161755,-153.729122671,136.999897425));
#401=CARTESIAN_POINT('',(684.648114092,-153.729122671,137.375454986));
#402=CARTESIAN_POINT('',(684.724921313,-153.729122671,137.761452267));
#403=CARTESIAN_POINT('',(684.80151386,-153.729122671,138.146370699));
#404=CARTESIAN_POINT('',(684.840116883,-153.729122671,138.538037721));
#405=CARTESIAN_POINT('',(684.878612012,-153.729122671,138.928610047));
#406=CARTESIAN_POINT('',(684.87863907,-153.729122671,139.322174843));
#407=B_SPLINE_CURVE_WITH_KNOTS('',2,(#342,#343,#344,#345,#346,#347,#348,#349,#350,#351,#352,#353,#354,#355,#356,#357,#358,#359,#360,#361,#362,#363,#364,#365,#366,#367,
#368,#369,#370,#371,#372,#373,#374,#375,#376,#377,#378,#379,#380,#381,#382,#383,#384,#385,#386,#387,#388,#389,#390,#391,#392,
#393,#394,#395,#396,#397,#398,#399,#400,#401,#402,#403,#404,#405,#406),.UNSPECIFIED.,.F.,.F.,(3,2,2,2,2,2,2,2,2,2,2,2,2,2,2,2,2,2,2,2,2,2,2,2,2,2,
2,2,2,2,2,2,3),(0.25,0.265625,0.28125,0.296875,0.3125,0.328125,0.34375,0.359375,0.375,0.390625,0.40625,0.421875,0.4375,0.453125,0.46875,0.484375,0.5,0.515625,0.53125,0.546875,0.5625,0.578125,0.59375,0.609375,0.625,0.640625,
0.65625,0.671875,0.6875,0.703125,0.71875,0.734375,0.75),.UNSPECIFIED.);
#408=EDGE_CURVE('',#303,#341,#407,.T.);
#409=ORIENTED_EDGE('',*,*,#408,.T.);
#410=CARTESIAN_POINT('',(684.87863907,-153.729122671,139.322174843));
#411=CARTESIAN_POINT('',(684.878666052,-153.729122671,139.714639639));
#412=CARTESIAN_POINT('',(684.840116883,-153.729122671,140.106311966));
#413=CARTESIAN_POINT('',(684.801675458,-153.729122671,140.496889581));
#414=CARTESIAN_POINT('',(684.724921313,-153.729122671,140.882897419));
#415=CARTESIAN_POINT('',(684.648381693,-153.729122671,141.267826378));
#416=CARTESIAN_POINT('',(684.534161755,-153.729122671,141.644452261));
#417=CARTESIAN_POINT('',(684.420261059,-153.729122671,142.020025488));
#418=CARTESIAN_POINT('',(684.26967533,-153.729122671,142.383642302));
#419=CARTESIAN_POINT('',(684.119510483,-153.729122671,142.74624282));
#420=CARTESIAN_POINT('',(683.934009184,-153.729122671,143.093348738));
#421=CARTESIAN_POINT('',(683.749026356,-153.729122671,143.439484506));
#422=CARTESIAN_POINT('',(683.530395968,-153.729122671,143.766736707));
#423=CARTESIAN_POINT('',(683.312376644,-153.729122671,144.09307425));
#424=CARTESIAN_POINT('',(683.062722696,-153.729122671,144.397321117));
#425=CARTESIAN_POINT('',(682.813766523,-153.729122671,144.700717624));
#426=CARTESIAN_POINT('',(682.535493319,-153.729122671,144.979029093));
#427=CARTESIAN_POINT('',(682.257997879,-153.729122671,145.256562691));
#428=CARTESIAN_POINT('',(681.953785343,-153.729122671,145.50625847));
#429=CARTESIAN_POINT('',(681.65042307,-153.729122671,145.755256359));
#430=CARTESIAN_POINT('',(681.323200934,-153.729122671,145.973931742));
#431=CARTESIAN_POINT('',(680.996893372,-153.729122671,146.191995935));
#432=CARTESIAN_POINT('',(680.649812964,-153.729122671,146.377544958));
#433=CARTESIAN_POINT('',(680.303702634,-153.729122671,146.562575378));
#434=CARTESIAN_POINT('',(679.940106529,-153.729122671,146.713211103));
#435=CARTESIAN_POINT('',(679.577526661,-153.729122671,146.863425807));
#436=CARTESIAN_POINT('',(679.200916488,-153.729122671,146.977697529));
#437=CARTESIAN_POINT('',(678.825358926,-153.729122671,147.091649866));
#438=CARTESIAN_POINT('',(678.439361646,-153.729122671,147.168457086));
#439=CARTESIAN_POINT('',(678.054443214,-153.729122671,147.245049633));
#440=CARTESIAN_POINT('',(677.662776192,-153.729122671,147.283652657));
#441=CARTESIAN_POINT('',(677.271929339,-153.729122671,147.322174843));
#442=CARTESIAN_POINT('',(676.87863907,-153.729122671,147.322174843));
#443=B_SPLINE_CURVE_WITH_KNOTS('',2,(#410,#411,#412,#413,#414,#415,#416,#417,#418,#419,#420,#421,#422,#423,#424,#425,#426,#427,#428,#429,#430,#431,#432,#433,#434,#435,
#436,#437,#438,#439,#440,#441,#442),.UNSPECIFIED.,.F.,.F.,(3,2,2,2,2,2,2,2,2,2,2,2,2,2,2,2,3),(0.75,0.765625,0.78125,0.796875,0.8125,0.828125,0.84375,0.859375,0.875,0.890625,0.90625,0.921875,0.9375,0.953125,0.96875,0.984375,1.),.UNSPECIFIED.);
#444=EDGE_CURVE('',#341,#301,#443,.T.);
#445=ORIENTED_EDGE('',*,*,#444,.T.);
#446=EDGE_LOOP('',(#339,#409,#445));
#447=FACE_BOUND('',#446,.T.);
#448=ADVANCED_FACE('',(#299,#447),#270,.T.);
#449=CARTESIAN_POINT('',(792.736503446,-153.729122671,359.322174843));
#450=DIRECTION('',(0.,-1.,0.));
#451=DIRECTION('',(0.,0.,-1.));
#452=AXIS2_PLACEMENT_3D('',#449,#450,#451);
#453=PLANE('',#452);
#454=CARTESIAN_POINT('',(636.87863907,-153.729122671,124.322174843));
#455=VERTEX_POINT('',#454);
#456=CARTESIAN_POINT('',(631.87863907,-153.729122671,129.322174843));
#457=VERTEX_POINT('',#456);
#458=CARTESIAN_POINT('',(636.87863907,-153.729122671,129.322174843));
#459=DIRECTION('',(-0.,1.,-0.));
#460=DIRECTION('',(0.,0.,-1.));
#461=AXIS2_PLACEMENT_3D('',#458,#459,#460);
#462=CIRCLE('',#461,5.);
#463=EDGE_CURVE('NONE',#455,#457,#462,.T.);
#464=ORIENTED_EDGE('',*,*,#463,.T.);
#465=CARTESIAN_POINT('',(641.87863907,-153.729122671,129.322174843));
#466=VERTEX_POINT('',#465);
#467=CARTESIAN_POINT('',(636.87863907,-153.729122671,129.322174843));
#468=DIRECTION('',(-0.,1.,-0.));
#469=DIRECTION('',(0.,0.,-1.));
#470=AXIS2_PLACEMENT_3D('',#467,#468,#469);
#471=CIRCLE('',#470,5.);
#472=EDGE_CURVE('',#457,#466,#471,.T.);
#473=ORIENTED_EDGE('',*,*,#472,.T.);
#474=CARTESIAN_POINT('',(636.87863907,-153.729122671,129.322174843));
#475=DIRECTION('',(-0.,1.,-0.));
#476=DIRECTION('',(0.,0.,-1.));
#477=AXIS2_PLACEMENT_3D('',#474,#475,#476);
#478=CIRCLE('',#477,5.);
#479=EDGE_CURVE('',#466,#455,#478,.T.);
#480=ORIENTED_EDGE('',*,*,#479,.T.);
#481=EDGE_LOOP('',(#464,#473,#480));
#482=FACE_BOUND('',#481,.T.);
#483=CARTESIAN_POINT('',(636.87863907,-153.729122671,137.322174843));
#484=VERTEX_POINT('',#483);
#485=CARTESIAN_POINT('',(628.87863907,-153.729122671,129.322174843));
#486=VERTEX_POINT('',#485);
#487=CARTESIAN_POINT('',(636.87863907,-153.729122671,137.322174843));
#488=CARTESIAN_POINT('',(636.485900128,-153.729122671,137.322174843));
#489=CARTESIAN_POINT('',(636.094501947,-153.729122671,137.283652657));
#490=CARTESIAN_POINT('',(635.703924331,-153.729122671,137.245211232));
#491=CARTESIAN_POINT('',(635.317916493,-153.729122671,137.168457086));
#492=CARTESIAN_POINT('',(634.932987534,-153.729122671,137.091917466));
#493=CARTESIAN_POINT('',(634.556361652,-153.729122671,136.977697529));
#494=CARTESIAN_POINT('',(634.180788425,-153.729122671,136.863796832));
#495=CARTESIAN_POINT('',(633.817171611,-153.729122671,136.713211103));
#496=CARTESIAN_POINT('',(633.454571092,-153.729122671,136.563046256));
#497=CARTESIAN_POINT('',(633.107465175,-153.729122671,136.377544958));
#498=CARTESIAN_POINT('',(632.761329406,-153.729122671,136.19256213));
#499=CARTESIAN_POINT('',(632.434077205,-153.729122671,135.973931742));
#500=CARTESIAN_POINT('',(632.107739663,-153.729122671,135.755912418));
#501=CARTESIAN_POINT('',(631.803492796,-153.729122671,135.50625847));
#502=CARTESIAN_POINT('',(631.500096289,-153.729122671,135.257302296));
#503=CARTESIAN_POINT('',(631.22178482,-153.729122671,134.979029093));
#504=CARTESIAN_POINT('',(630.944251222,-153.729122671,134.701533653));
#505=CARTESIAN_POINT('',(630.694555443,-153.729122671,134.397321117));
#506=CARTESIAN_POINT('',(630.445557554,-153.729122671,134.093958843));
#507=CARTESIAN_POINT('',(630.226882171,-153.729122671,133.766736707));
#508=CARTESIAN_POINT('',(630.008817978,-153.729122671,133.440429146));
#509=CARTESIAN_POINT('',(629.823268955,-153.729122671,133.093348738));
#510=CARTESIAN_POINT('',(629.638238535,-153.729122671,132.747238408));
#511=CARTESIAN_POINT('',(629.487602809,-153.729122671,132.383642302));
#512=CARTESIAN_POINT('',(629.337388106,-153.729122671,132.021062436));
#513=CARTESIAN_POINT('',(629.223116384,-153.729122671,131.644452261));
#514=CARTESIAN_POINT('',(629.109164047,-153.729122671,131.2688947));
#515=CARTESIAN_POINT('',(629.032356826,-153.729122671,130.882897419));
#516=CARTESIAN_POINT('',(628.955764279,-153.729122671,130.497978988));
#517=CARTESIAN_POINT('',(628.917161256,-153.729122671,130.106311966));
#518=CARTESIAN_POINT('',(628.878666127,-153.729122671,129.715739639));
#519=CARTESIAN_POINT('',(628.87863907,-153.729122671,129.322174843));
#520=B_SPLINE_CURVE_WITH_KNOTS('',2,(#487,#488,#489,#490,#491,#492,#493,#494,#495,#496,#497,#498,#499,#500,#501,#502,#503,#504,#505,#506,#507,#508,#509,#510,#511,#512,
#513,#514,#515,#516,#517,#518,#519),.UNSPECIFIED.,.F.,.F.,(3,2,2,2,2,2,2,2,2,2,2,2,2,2,2,2,3),(0.,0.015625,0.03125,0.046875,0.0625,0.078125,0.09375,0.109375,0.125,0.140625,0.15625,0.171875,0.1875,0.203125,0.21875,0.234375,0.25),.UNSPECIFIED.);
#521=EDGE_CURVE('',#484,#486,#520,.T.);
#522=ORIENTED_EDGE('',*,*,#521,.T.);
#523=CARTESIAN_POINT('',(644.87863907,-153.729122671,129.322174843));
#524=VERTEX_POINT('',#523);
#525=CARTESIAN_POINT('',(628.87863907,-153.729122671,129.322174843));
#526=CARTESIAN_POINT('',(628.878612088,-153.729122671,128.929710047));
#527=CARTESIAN_POINT('',(628.917161256,-153.729122671,128.538037721));
#528=CARTESIAN_POINT('',(628.955602681,-153.729122671,128.147460105));
#529=CARTESIAN_POINT('',(629.032356826,-153.729122671,127.761452267));
#530=CARTESIAN_POINT('',(629.108896446,-153.729122671,127.376523308));
#531=CARTESIAN_POINT('',(629.223116384,-153.729122671,126.999897425));
#532=CARTESIAN_POINT('',(629.33701708,-153.729122671,126.624324199));
#533=CARTESIAN_POINT('',(629.487602809,-153.729122671,126.260707384));
#534=CARTESIAN_POINT('',(629.637767657,-153.729122671,125.898106867));
#535=CARTESIAN_POINT('',(629.823268955,-153.729122671,125.551000949));
#536=CARTESIAN_POINT('',(630.008251783,-153.729122671,125.20486518));
#537=CARTESIAN_POINT('',(630.226882171,-153.729122671,124.877612979));
#538=CARTESIAN_POINT('',(630.444901495,-153.729122671,124.551275436));
#539=CARTESIAN_POINT('',(630.694555443,-153.729122671,124.24702857));
#540=CARTESIAN_POINT('',(630.943511616,-153.729122671,123.943632063));
#541=CARTESIAN_POINT('',(631.22178482,-153.729122671,123.665320594));
#542=CARTESIAN_POINT('',(631.49928026,-153.729122671,123.387786996));
#543=CARTESIAN_POINT('',(631.803492796,-153.729122671,123.138091216));
#544=CARTESIAN_POINT('',(632.106855069,-153.729122671,122.889093328));
#545=CARTESIAN_POINT('',(632.434077205,-153.729122671,122.670417945));
#546=CARTESIAN_POINT('',(632.760384767,-153.729122671,122.452353752));
#547=CARTESIAN_POINT('',(633.107465175,-153.729122671,122.266804728));
#548=CARTESIAN_POINT('',(633.453575505,-153.729122671,122.081774308));
#549=CARTESIAN_POINT('',(633.817171611,-153.729122671,121.931138583));
#550=CARTESIAN_POINT('',(634.179751478,-153.729122671,121.78092388));
#551=CARTESIAN_POINT('',(634.556361652,-153.729122671,121.666652157));
#552=CARTESIAN_POINT('',(634.931919213,-153.729122671,121.552699821));
#553=CARTESIAN_POINT('',(635.317916493,-153.729122671,121.4758926));
#554=CARTESIAN_POINT('',(635.702834925,-153.729122671,121.399300053));
#555=CARTESIAN_POINT('',(636.094501947,-153.729122671,121.36069703));
#556=CARTESIAN_POINT('',(636.485074273,-153.729122671,121.322201901));
#557=CARTESIAN_POINT('',(636.87863907,-153.729122671,121.322174843));
#558=CARTESIAN_POINT('',(637.271103866,-153.729122671,121.322147861));
#559=CARTESIAN_POINT('',(637.662776192,-153.729122671,121.36069703));
#560=CARTESIAN_POINT('',(638.053353808,-153.729122671,121.399138455));
#561=CARTESIAN_POINT('',(638.439361646,-153.729122671,121.4758926));
#562=CARTESIAN_POINT('',(638.824290605,-153.729122671,121.55243222));
#563=CARTESIAN_POINT('',(639.200916488,-153.729122671,121.666652157));
#564=CARTESIAN_POINT('',(639.576489714,-153.729122671,121.780552854));
#565=CARTESIAN_POINT('',(639.940106529,-153.729122671,121.931138583));
#566=CARTESIAN_POINT('',(640.302707047,-153.729122671,122.08130343));
#567=CARTESIAN_POINT('',(640.649812964,-153.729122671,122.266804728));
#568=CARTESIAN_POINT('',(640.995948733,-153.729122671,122.451787557));
#569=CARTESIAN_POINT('',(641.323200934,-153.729122671,122.670417945));
#570=CARTESIAN_POINT('',(641.649538476,-153.729122671,122.888437268));
#571=CARTESIAN_POINT('',(641.953785343,-153.729122671,123.138091216));
#572=CARTESIAN_POINT('',(642.25718185,-153.729122671,123.38704739));
#573=CARTESIAN_POINT('',(642.535493319,-153.729122671,123.665320594));
#574=CARTESIAN_POINT('',(642.813026917,-153.729122671,123.942816033));
#575=CARTESIAN_POINT('',(643.062722696,-153.729122671,124.24702857));
#576=CARTESIAN_POINT('',(643.311720585,-153.729122671,124.550390843));
#577=CARTESIAN_POINT('',(643.530395968,-153.729122671,124.877612979));
#578=CARTESIAN_POINT('',(643.748460161,-153.729122671,125.203920541));
#579=CARTESIAN_POINT('',(643.934009184,-153.729122671,125.551000949));
#580=CARTESIAN_POINT('',(644.119039605,-153.729122671,125.897111279));
#581=CARTESIAN_POINT('',(644.26967533,-153.729122671,126.260707384));
#582=CARTESIAN_POINT('',(644.419890033,-153.729122671,126.623287251));
#583=CARTESIAN_POINT('',(644.534161755,-153.729122671,126.999897425));
#584=CARTESIAN_POINT('',(644.648114092,-153.729122671,127.375454986));
#585=CARTESIAN_POINT('',(644.724921313,-153.729122671,127.761452267));
#586=CARTESIAN_POINT('',(644.80151386,-153.729122671,128.146370699));
#587=CARTESIAN_POINT('',(644.840116883,-153.729122671,128.538037721));
#588=CARTESIAN_POINT('',(644.878612012,-153.729122671,128.928610047));
#589=CARTESIAN_POINT('',(644.87863907,-153.729122671,129.322174843));
#590=B_SPLINE_CURVE_WITH_KNOTS('',2,(#525,#526,#527,#528,#529,#530,#531,#532,#533,#534,#535,#536,#537,#538,#539,#540,#541,#542,#543,#544,#545,#546,#547,#548,#549,#550,
#551,#552,#553,#554,#555,#556,#557,#558,#559,#560,#561,#562,#563,#564,#565,#566,#567,#568,#569,#570,#571,#572,#573,#574,#575,
#576,#577,#578,#579,#580,#581,#582,#583,#584,#585,#586,#587,#588,#589),.UNSPECIFIED.,.F.,.F.,(3,2,2,2,2,2,2,2,2,2,2,2,2,2,2,2,2,2,2,2,2,2,2,2,2,2,
2,2,2,2,2,2,3),(0.25,0.265625,0.28125,0.296875,0.3125,0.328125,0.34375,0.359375,0.375,0.390625,0.40625,0.421875,0.4375,0.453125,0.46875,0.484375,0.5,0.515625,0.53125,0.546875,0.5625,0.578125,0.59375,0.609375,0.625,0.640625,
0.65625,0.671875,0.6875,0.703125,0.71875,0.734375,0.75),.UNSPECIFIED.);
#591=EDGE_CURVE('',#486,#524,#590,.T.);
#592=ORIENTED_EDGE('',*,*,#591,.T.);
#593=CARTESIAN_POINT('',(644.87863907,-153.729122671,129.322174843));
#594=CARTESIAN_POINT('',(644.878666052,-153.729122671,129.71463964));
#595=CARTESIAN_POINT('',(644.840116883,-153.729122671,130.106311966));
#596=CARTESIAN_POINT('',(644.801675458,-153.729122671,130.496889581));
#597=CARTESIAN_POINT('',(644.724921313,-153.729122671,130.882897419));
#598=CARTESIAN_POINT('',(644.648381693,-153.729122671,131.267826378));
#599=CARTESIAN_POINT('',(644.534161755,-153.729122671,131.644452261));
#600=CARTESIAN_POINT('',(644.420261059,-153.729122671,132.020025488));
#601=CARTESIAN_POINT('',(644.26967533,-153.729122671,132.383642302));
#602=CARTESIAN_POINT('',(644.119510483,-153.729122671,132.74624282));
#603=CARTESIAN_POINT('',(643.934009184,-153.729122671,133.093348738));
#604=CARTESIAN_POINT('',(643.749026356,-153.729122671,133.439484506));
#605=CARTESIAN_POINT('',(643.530395968,-153.729122671,133.766736707));
#606=CARTESIAN_POINT('',(643.312376644,-153.729122671,134.09307425));
#607=CARTESIAN_POINT('',(643.062722696,-153.729122671,134.397321117));
#608=CARTESIAN_POINT('',(642.813766523,-153.729122671,134.700717624));
#609=CARTESIAN_POINT('',(642.535493319,-153.729122671,134.979029093));
#610=CARTESIAN_POINT('',(642.257997879,-153.729122671,135.256562691));
#611=CARTESIAN_POINT('',(641.953785343,-153.729122671,135.50625847));
#612=CARTESIAN_POINT('',(641.65042307,-153.729122671,135.755256359));
#613=CARTESIAN_POINT('',(641.323200934,-153.729122671,135.973931742));
#614=CARTESIAN_POINT('',(640.996893372,-153.729122671,136.191995935));
#615=CARTESIAN_POINT('',(640.649812964,-153.729122671,136.377544958));
#616=CARTESIAN_POINT('',(640.303702634,-153.729122671,136.562575378));
#617=CARTESIAN_POINT('',(639.940106529,-153.729122671,136.713211103));
#618=CARTESIAN_POINT('',(639.577526661,-153.729122671,136.863425807));
#619=CARTESIAN_POINT('',(639.200916488,-153.729122671,136.977697529));
#620=CARTESIAN_POINT('',(638.825358926,-153.729122671,137.091649866));
#621=CARTESIAN_POINT('',(638.439361646,-153.729122671,137.168457086));
#622=CARTESIAN_POINT('',(638.054443214,-153.729122671,137.245049633));
#623=CARTESIAN_POINT('',(637.662776192,-153.729122671,137.283652657));
#624=CARTESIAN_POINT('',(637.271929339,-153.729122671,137.322174843));
#625=CARTESIAN_POINT('',(636.87863907,-153.729122671,137.322174843));
#626=B_SPLINE_CURVE_WITH_KNOTS('',2,(#593,#594,#595,#596,#597,#598,#599,#600,#601,#602,#603,#604,#605,#606,#607,#608,#609,#610,#611,#612,#613,#614,#615,#616,#617,#618,
#619,#620,#621,#622,#623,#624,#625),.UNSPECIFIED.,.F.,.F.,(3,2,2,2,2,2,2,2,2,2,2,2,2,2,2,2,3),(0.75,0.765625,0.78125,0.796875,0.8125,0.828125,0.84375,0.859375,0.875,0.890625,0.90625,0.921875,0.9375,0.953125,0.96875,0.984375,1.),.UNSPECIFIED.);
#627=EDGE_CURVE('',#524,#484,#626,.T.);
#628=ORIENTED_EDGE('',*,*,#627,.T.);
#629=EDGE_LOOP('',(#522,#592,#628));
#630=FACE_BOUND('',#629,.T.);
#631=ADVANCED_FACE('',(#482,#630),#453,.T.);
#632=CARTESIAN_POINT('',(531.835917209,-155.729122671,89.322174843));
#633=DIRECTION('',(0.,1.,0.));
#634=DIRECTION('',(0.,-0.,1.));
#635=AXIS2_PLACEMENT_3D('',#632,#633,#634);
#636=CYLINDRICAL_SURFACE('',#635,2.6);
#637=CARTESIAN_POINT('',(531.835917209,-147.729122671,91.922174843));
#638=VERTEX_POINT('',#637);
#639=CARTESIAN_POINT('',(531.835917209,-153.729122671,91.922174843));
#640=VERTEX_POINT('',#639);
#641=CARTESIAN_POINT('',(531.835917209,-147.729122671,91.922174843));
#642=DIRECTION('',(-0.,-1.,-0.));
#643=VECTOR('',#642,6.);
#644=LINE('',#641,#643);
#645=EDGE_CURVE('',#638,#640,#644,.T.);
#646=ORIENTED_EDGE('',*,*,#645,.F.);
#647=CARTESIAN_POINT('',(534.435917209,-147.729122671,89.322174843));
#648=VERTEX_POINT('',#647);
#649=CARTESIAN_POINT('',(531.835917209,-147.729122671,89.322174843));
#650=DIRECTION('',(-0.,1.,-0.));
#651=DIRECTION('',(0.,0.,-1.));
#652=AXIS2_PLACEMENT_3D('',#649,#650,#651);
#653=CIRCLE('',#652,2.6);
#654=EDGE_CURVE('',#638,#648,#653,.T.);
#655=ORIENTED_EDGE('',*,*,#654,.T.);
#656=CARTESIAN_POINT('',(529.235917209,-147.729122671,89.322174843));
#657=VERTEX_POINT('',#656);
#658=CARTESIAN_POINT('',(531.835917209,-147.729122671,89.322174843));
#659=DIRECTION('',(-0.,1.,-0.));
#660=DIRECTION('',(0.,0.,-1.));
#661=AXIS2_PLACEMENT_3D('',#658,#659,#660);
#662=CIRCLE('',#661,2.6);
#663=EDGE_CURVE('',#648,#657,#662,.T.);
#664=ORIENTED_EDGE('',*,*,#663,.T.);
#665=CARTESIAN_POINT('',(531.835917209,-147.729122671,89.322174843));
#666=DIRECTION('',(-0.,1.,-0.));
#667=DIRECTION('',(0.,0.,-1.));
#668=AXIS2_PLACEMENT_3D('',#665,#666,#667);
#669=CIRCLE('',#668,2.6);
#670=EDGE_CURVE('',#657,#638,#669,.T.);
#671=ORIENTED_EDGE('',*,*,#670,.T.);
#672=ORIENTED_EDGE('',*,*,#645,.T.);
#673=CARTESIAN_POINT('',(529.235917209,-153.729122671,89.322174843));
#674=VERTEX_POINT('',#673);
#675=CARTESIAN_POINT('',(531.835917209,-153.729122671,89.322174843));
#676=DIRECTION('',(-0.,1.,-0.));
#677=DIRECTION('',(0.,0.,-1.));
#678=AXIS2_PLACEMENT_3D('',#675,#676,#677);
#679=CIRCLE('',#678,2.6);
#680=EDGE_CURVE('',#674,#640,#679,.T.);
#681=ORIENTED_EDGE('',*,*,#680,.F.);
#682=CARTESIAN_POINT('',(534.435917209,-153.729122671,89.322174843));
#683=VERTEX_POINT('',#682);
#684=CARTESIAN_POINT('',(531.835917209,-153.729122671,89.322174843));
#685=DIRECTION('',(-0.,1.,-0.));
#686=DIRECTION('',(0.,0.,-1.));
#687=AXIS2_PLACEMENT_3D('',#684,#685,#686);
#688=CIRCLE('',#687,2.6);
#689=EDGE_CURVE('',#683,#674,#688,.T.);
#690=ORIENTED_EDGE('',*,*,#689,.F.);
#691=CARTESIAN_POINT('',(531.835917209,-153.729122671,89.322174843));
#692=DIRECTION('',(-0.,1.,-0.));
#693=DIRECTION('',(0.,0.,-1.));
#694=AXIS2_PLACEMENT_3D('',#691,#692,#693);
#695=CIRCLE('',#694,2.6);
#696=EDGE_CURVE('',#640,#683,#695,.T.);
#697=ORIENTED_EDGE('',*,*,#696,.F.);
#698=EDGE_LOOP('',(#646,#655,#664,#671,#672,#681,#690,#697));
#699=FACE_BOUND('',#698,.T.);
#700=ADVANCED_FACE('',(#699),#636,.F.);
#701=CARTESIAN_POINT('',(581.835917209,-155.729122671,149.322174843));
#702=DIRECTION('',(0.,1.,0.));
#703=DIRECTION('',(0.,-0.,1.));
#704=AXIS2_PLACEMENT_3D('',#701,#702,#703);
#705=CYLINDRICAL_SURFACE('',#704,2.6);
#706=CARTESIAN_POINT('',(581.835917209,-147.729122671,151.922174843));
#707=VERTEX_POINT('',#706);
#708=CARTESIAN_POINT('',(581.835917209,-153.729122671,151.922174843));
#709=VERTEX_POINT('',#708);
#710=CARTESIAN_POINT('',(581.835917209,-147.729122671,151.922174843));
#711=DIRECTION('',(-0.,-1.,-0.));
#712=VECTOR('',#711,6.);
#713=LINE('',#710,#712);
#714=EDGE_CURVE('',#707,#709,#713,.T.);
#715=ORIENTED_EDGE('',*,*,#714,.F.);
#716=CARTESIAN_POINT('',(584.435917209,-147.729122671,149.322174843));
#717=VERTEX_POINT('',#716);
#718=CARTESIAN_POINT('',(581.835917209,-147.729122671,149.322174843));
#719=DIRECTION('',(-0.,1.,-0.));
#720=DIRECTION('',(0.,0.,-1.));
#721=AXIS2_PLACEMENT_3D('',#718,#719,#720);
#722=CIRCLE('',#721,2.6);
#723=EDGE_CURVE('',#707,#717,#722,.T.);
#724=ORIENTED_EDGE('',*,*,#723,.T.);
#725=CARTESIAN_POINT('',(579.235917209,-147.729122671,149.322174843));
#726=VERTEX_POINT('',#725);
#727=CARTESIAN_POINT('',(581.835917209,-147.729122671,149.322174843));
#728=DIRECTION('',(-0.,1.,-0.));
#729=DIRECTION('',(0.,0.,-1.));
#730=AXIS2_PLACEMENT_3D('',#727,#728,#729);
#731=CIRCLE('',#730,2.6);
#732=EDGE_CURVE('',#717,#726,#731,.T.);
#733=ORIENTED_EDGE('',*,*,#732,.T.);
#734=CARTESIAN_POINT('',(581.835917209,-147.729122671,149.322174843));
#735=DIRECTION('',(-0.,1.,-0.));
#736=DIRECTION('',(0.,0.,-1.));
#737=AXIS2_PLACEMENT_3D('',#734,#735,#736);
#738=CIRCLE('',#737,2.6);
#739=EDGE_CURVE('',#726,#707,#738,.T.);
#740=ORIENTED_EDGE('',*,*,#739,.T.);
#741=ORIENTED_EDGE('',*,*,#714,.T.);
#742=CARTESIAN_POINT('',(579.235917209,-153.729122671,149.322174843));
#743=VERTEX_POINT('',#742);
#744=CARTESIAN_POINT('',(581.835917209,-153.729122671,149.322174843));
#745=DIRECTION('',(-0.,1.,-0.));
#746=DIRECTION('',(0.,0.,-1.));
#747=AXIS2_PLACEMENT_3D('',#744,#745,#746);
#748=CIRCLE('',#747,2.6);
#749=EDGE_CURVE('',#743,#709,#748,.T.);
#750=ORIENTED_EDGE('',*,*,#749,.F.);
#751=CARTESIAN_POINT('',(584.435917209,-153.729122671,149.322174843));
#752=VERTEX_POINT('',#751);
#753=CARTESIAN_POINT('',(581.835917209,-153.729122671,149.322174843));
#754=DIRECTION('',(-0.,1.,-0.));
#755=DIRECTION('',(0.,0.,-1.));
#756=AXIS2_PLACEMENT_3D('',#753,#754,#755);
#757=CIRCLE('',#756,2.6);
#758=EDGE_CURVE('',#752,#743,#757,.T.);
#759=ORIENTED_EDGE('',*,*,#758,.F.);
#760=CARTESIAN_POINT('',(581.835917209,-153.729122671,149.322174843));
#761=DIRECTION('',(-0.,1.,-0.));
#762=DIRECTION('',(0.,0.,-1.));
#763=AXIS2_PLACEMENT_3D('',#760,#761,#762);
#764=CIRCLE('',#763,2.6);
#765=EDGE_CURVE('',#709,#752,#764,.T.);
#766=ORIENTED_EDGE('',*,*,#765,.F.);
#767=EDGE_LOOP('',(#715,#724,#733,#740,#741,#750,#759,#766));
#768=FACE_BOUND('',#767,.T.);
#769=ADVANCED_FACE('',(#768),#705,.F.);
#770=CARTESIAN_POINT('',(556.835917209,-155.729122671,119.322174843));
#771=DIRECTION('',(0.,1.,0.));
#772=DIRECTION('',(0.,-0.,1.));
#773=AXIS2_PLACEMENT_3D('',#770,#771,#772);
#774=CYLINDRICAL_SURFACE('',#773,2.1);
#775=CARTESIAN_POINT('',(556.835917209,-147.729122671,121.422174843));
#776=VERTEX_POINT('',#775);
#777=CARTESIAN_POINT('',(556.835917209,-153.729122671,121.422174843));
#778=VERTEX_POINT('',#777);
#779=CARTESIAN_POINT('',(556.835917209,-147.729122671,121.422174843));
#780=DIRECTION('',(-0.,-1.,-0.));
#781=VECTOR('',#780,6.);
#782=LINE('',#779,#781);
#783=EDGE_CURVE('',#776,#778,#782,.T.);
#784=ORIENTED_EDGE('',*,*,#783,.F.);
#785=CARTESIAN_POINT('',(558.935917209,-147.729122671,119.322174843));
#786=VERTEX_POINT('',#785);
#787=CARTESIAN_POINT('',(556.835917209,-147.729122671,119.322174843));
#788=DIRECTION('',(0.,1.,0.));
#789=DIRECTION('',(0.,0.,-1.));
#790=AXIS2_PLACEMENT_3D('',#787,#788,#789);
#791=CIRCLE('',#790,2.1);
#792=EDGE_CURVE('',#776,#786,#791,.T.);
#793=ORIENTED_EDGE('',*,*,#792,.T.);
#794=CARTESIAN_POINT('',(554.735917209,-147.729122671,119.322174843));
#795=VERTEX_POINT('',#794);
#796=CARTESIAN_POINT('',(556.835917209,-147.729122671,119.322174843));
#797=DIRECTION('',(0.,1.,0.));
#798=DIRECTION('',(0.,0.,-1.));
#799=AXIS2_PLACEMENT_3D('',#796,#797,#798);
#800=CIRCLE('',#799,2.1);
#801=EDGE_CURVE('',#786,#795,#800,.T.);
#802=ORIENTED_EDGE('',*,*,#801,.T.);
#803=CARTESIAN_POINT('',(556.835917209,-147.729122671,119.322174843));
#804=DIRECTION('',(0.,1.,0.));
#805=DIRECTION('',(0.,0.,-1.));
#806=AXIS2_PLACEMENT_3D('',#803,#804,#805);
#807=CIRCLE('',#806,2.1);
#808=EDGE_CURVE('',#795,#776,#807,.T.);
#809=ORIENTED_EDGE('',*,*,#808,.T.);
#810=ORIENTED_EDGE('',*,*,#783,.T.);
#811=CARTESIAN_POINT('',(554.735917209,-153.729122671,119.322174843));
#812=VERTEX_POINT('',#811);
#813=CARTESIAN_POINT('',(556.835917209,-153.729122671,119.322174843));
#814=DIRECTION('',(0.,1.,0.));
#815=DIRECTION('',(0.,0.,-1.));
#816=AXIS2_PLACEMENT_3D('',#813,#814,#815);
#817=CIRCLE('',#816,2.1);
#818=EDGE_CURVE('',#812,#778,#817,.T.);
#819=ORIENTED_EDGE('',*,*,#818,.F.);
#820=CARTESIAN_POINT('',(558.935917209,-153.729122671,119.322174843));
#821=VERTEX_POINT('',#820);
#822=CARTESIAN_POINT('',(556.835917209,-153.729122671,119.322174843));
#823=DIRECTION('',(0.,1.,0.));
#824=DIRECTION('',(0.,0.,-1.));
#825=AXIS2_PLACEMENT_3D('',#822,#823,#824);
#826=CIRCLE('',#825,2.1);
#827=EDGE_CURVE('',#821,#812,#826,.T.);
#828=ORIENTED_EDGE('',*,*,#827,.F.);
#829=CARTESIAN_POINT('',(556.835917209,-153.729122671,119.322174843));
#830=DIRECTION('',(0.,1.,0.));
#831=DIRECTION('',(0.,0.,-1.));
#832=AXIS2_PLACEMENT_3D('',#829,#830,#831);
#833=CIRCLE('',#832,2.1);
#834=EDGE_CURVE('',#778,#821,#833,.T.);
#835=ORIENTED_EDGE('',*,*,#834,.F.);
#836=EDGE_LOOP('',(#784,#793,#802,#809,#810,#819,#828,#835));
#837=FACE_BOUND('',#836,.T.);
#838=ADVANCED_FACE('',(#837),#774,.F.);
#839=CARTESIAN_POINT('',(531.835917209,-155.729122671,149.322174843));
#840=DIRECTION('',(0.,1.,0.));
#841=DIRECTION('',(0.,-0.,1.));
#842=AXIS2_PLACEMENT_3D('',#839,#840,#841);
#843=CYLINDRICAL_SURFACE('',#842,2.6);
#844=CARTESIAN_POINT('',(531.835917209,-147.729122671,151.922174843));
#845=VERTEX_POINT('',#844);
#846=CARTESIAN_POINT('',(531.835917209,-153.729122671,151.922174843));
#847=VERTEX_POINT('',#846);
#848=CARTESIAN_POINT('',(531.835917209,-147.729122671,151.922174843));
#849=DIRECTION('',(-0.,-1.,-0.));
#850=VECTOR('',#849,6.);
#851=LINE('',#848,#850);
#852=EDGE_CURVE('',#845,#847,#851,.T.);
#853=ORIENTED_EDGE('',*,*,#852,.F.);
#854=CARTESIAN_POINT('',(534.435917209,-147.729122671,149.322174843));
#855=VERTEX_POINT('',#854);
#856=CARTESIAN_POINT('',(531.835917209,-147.729122671,149.322174843));
#857=DIRECTION('',(-0.,1.,-0.));
#858=DIRECTION('',(0.,0.,-1.));
#859=AXIS2_PLACEMENT_3D('',#856,#857,#858);
#860=CIRCLE('',#859,2.6);
#861=EDGE_CURVE('',#845,#855,#860,.T.);
#862=ORIENTED_EDGE('',*,*,#861,.T.);
#863=CARTESIAN_POINT('',(529.235917209,-147.729122671,149.322174843));
#864=VERTEX_POINT('',#863);
#865=CARTESIAN_POINT('',(531.835917209,-147.729122671,149.322174843));
#866=DIRECTION('',(-0.,1.,-0.));
#867=DIRECTION('',(0.,0.,-1.));
#868=AXIS2_PLACEMENT_3D('',#865,#866,#867);
#869=CIRCLE('',#868,2.6);
#870=EDGE_CURVE('',#855,#864,#869,.T.);
#871=ORIENTED_EDGE('',*,*,#870,.T.);
#872=CARTESIAN_POINT('',(531.835917209,-147.729122671,149.322174843));
#873=DIRECTION('',(-0.,1.,-0.));
#874=DIRECTION('',(0.,0.,-1.));
#875=AXIS2_PLACEMENT_3D('',#872,#873,#874);
#876=CIRCLE('',#875,2.6);
#877=EDGE_CURVE('',#864,#845,#876,.T.);
#878=ORIENTED_EDGE('',*,*,#877,.T.);
#879=ORIENTED_EDGE('',*,*,#852,.T.);
#880=CARTESIAN_POINT('',(529.235917209,-153.729122671,149.322174843));
#881=VERTEX_POINT('',#880);
#882=CARTESIAN_POINT('',(531.835917209,-153.729122671,149.322174843));
#883=DIRECTION('',(-0.,1.,-0.));
#884=DIRECTION('',(0.,0.,-1.));
#885=AXIS2_PLACEMENT_3D('',#882,#883,#884);
#886=CIRCLE('',#885,2.6);
#887=EDGE_CURVE('',#881,#847,#886,.T.);
#888=ORIENTED_EDGE('',*,*,#887,.F.);
#889=CARTESIAN_POINT('',(534.435917209,-153.729122671,149.322174843));
#890=VERTEX_POINT('',#889);
#891=CARTESIAN_POINT('',(531.835917209,-153.729122671,149.322174843));
#892=DIRECTION('',(-0.,1.,-0.));
#893=DIRECTION('',(0.,0.,-1.));
#894=AXIS2_PLACEMENT_3D('',#891,#892,#893);
#895=CIRCLE('',#894,2.6);
#896=EDGE_CURVE('',#890,#881,#895,.T.);
#897=ORIENTED_EDGE('',*,*,#896,.F.);
#898=CARTESIAN_POINT('',(531.835917209,-153.729122671,149.322174843));
#899=DIRECTION('',(-0.,1.,-0.));
#900=DIRECTION('',(0.,0.,-1.));
#901=AXIS2_PLACEMENT_3D('',#898,#899,#900);
#902=CIRCLE('',#901,2.6);
#903=EDGE_CURVE('',#847,#890,#902,.T.);
#904=ORIENTED_EDGE('',*,*,#903,.F.);
#905=EDGE_LOOP('',(#853,#862,#871,#878,#879,#888,#897,#904));
#906=FACE_BOUND('',#905,.T.);
#907=ADVANCED_FACE('',(#906),#843,.F.);
#908=CARTESIAN_POINT('',(580.835917209,-155.729122671,119.222174843));
#909=DIRECTION('',(0.,1.,0.));
#910=DIRECTION('',(0.,-0.,1.));
#911=AXIS2_PLACEMENT_3D('',#908,#909,#910);
#912=CYLINDRICAL_SURFACE('',#911,2.6);
#913=CARTESIAN_POINT('',(580.835917209,-147.729122671,121.822174843));
#914=VERTEX_POINT('',#913);
#915=CARTESIAN_POINT('',(580.835917209,-153.729122671,121.822174843));
#916=VERTEX_POINT('',#915);
#917=CARTESIAN_POINT('',(580.835917209,-147.729122671,121.822174843));
#918=DIRECTION('',(-0.,-1.,-0.));
#919=VECTOR('',#918,6.);
#920=LINE('',#917,#919);
#921=EDGE_CURVE('',#914,#916,#920,.T.);
#922=ORIENTED_EDGE('',*,*,#921,.F.);
#923=CARTESIAN_POINT('',(583.435917209,-147.729122671,119.222174843));
#924=VERTEX_POINT('',#923);
#925=CARTESIAN_POINT('',(580.835917209,-147.729122671,119.222174843));
#926=DIRECTION('',(-0.,1.,-0.));
#927=DIRECTION('',(0.,0.,-1.));
#928=AXIS2_PLACEMENT_3D('',#925,#926,#927);
#929=CIRCLE('',#928,2.6);
#930=EDGE_CURVE('',#914,#924,#929,.T.);
#931=ORIENTED_EDGE('',*,*,#930,.T.);
#932=CARTESIAN_POINT('',(578.235917209,-147.729122671,119.222174843));
#933=VERTEX_POINT('',#932);
#934=CARTESIAN_POINT('',(580.835917209,-147.729122671,119.222174843));
#935=DIRECTION('',(-0.,1.,-0.));
#936=DIRECTION('',(0.,0.,-1.));
#937=AXIS2_PLACEMENT_3D('',#934,#935,#936);
#938=CIRCLE('',#937,2.6);
#939=EDGE_CURVE('',#924,#933,#938,.T.);
#940=ORIENTED_EDGE('',*,*,#939,.T.);
#941=CARTESIAN_POINT('',(580.835917209,-147.729122671,119.222174843));
#942=DIRECTION('',(-0.,1.,-0.));
#943=DIRECTION('',(0.,0.,-1.));
#944=AXIS2_PLACEMENT_3D('',#941,#942,#943);
#945=CIRCLE('',#944,2.6);
#946=EDGE_CURVE('',#933,#914,#945,.T.);
#947=ORIENTED_EDGE('',*,*,#946,.T.);
#948=ORIENTED_EDGE('',*,*,#921,.T.);
#949=CARTESIAN_POINT('',(578.235917209,-153.729122671,119.222174843));
#950=VERTEX_POINT('',#949);
#951=CARTESIAN_POINT('',(580.835917209,-153.729122671,119.222174843));
#952=DIRECTION('',(-0.,1.,-0.));
#953=DIRECTION('',(0.,0.,-1.));
#954=AXIS2_PLACEMENT_3D('',#951,#952,#953);
#955=CIRCLE('',#954,2.6);
#956=EDGE_CURVE('',#950,#916,#955,.T.);
#957=ORIENTED_EDGE('',*,*,#956,.F.);
#958=CARTESIAN_POINT('',(583.435917209,-153.729122671,119.222174843));
#959=VERTEX_POINT('',#958);
#960=CARTESIAN_POINT('',(580.835917209,-153.729122671,119.222174843));
#961=DIRECTION('',(-0.,1.,-0.));
#962=DIRECTION('',(0.,0.,-1.));
#963=AXIS2_PLACEMENT_3D('',#960,#961,#962);
#964=CIRCLE('',#963,2.6);
#965=EDGE_CURVE('',#959,#950,#964,.T.);
#966=ORIENTED_EDGE('',*,*,#965,.F.);
#967=CARTESIAN_POINT('',(580.835917209,-153.729122671,119.222174843));
#968=DIRECTION('',(-0.,1.,-0.));
#969=DIRECTION('',(0.,0.,-1.));
#970=AXIS2_PLACEMENT_3D('',#967,#968,#969);
#971=CIRCLE('',#970,2.6);
#972=EDGE_CURVE('',#916,#959,#971,.T.);
#973=ORIENTED_EDGE('',*,*,#972,.F.);
#974=EDGE_LOOP('',(#922,#931,#940,#947,#948,#957,#966,#973));
#975=FACE_BOUND('',#974,.T.);
#976=ADVANCED_FACE('',(#975),#912,.F.);
#977=CARTESIAN_POINT('',(556.735917209,-155.729122671,95.322174843));
#978=DIRECTION('',(0.,1.,0.));
#979=DIRECTION('',(0.,-0.,1.));
#980=AXIS2_PLACEMENT_3D('',#977,#978,#979);
#981=CYLINDRICAL_SURFACE('',#980,2.6);
#982=CARTESIAN_POINT('',(556.735917209,-147.729122671,97.922174843));
#983=VERTEX_POINT('',#982);
#984=CARTESIAN_POINT('',(556.735917209,-153.729122671,97.922174843));
#985=VERTEX_POINT('',#984);
#986=CARTESIAN_POINT('',(556.735917209,-147.729122671,97.922174843));
#987=DIRECTION('',(-0.,-1.,-0.));
#988=VECTOR('',#987,6.);
#989=LINE('',#986,#988);
#990=EDGE_CURVE('',#983,#985,#989,.T.);
#991=ORIENTED_EDGE('',*,*,#990,.F.);
#992=CARTESIAN_POINT('',(559.335917209,-147.729122671,95.322174843));
#993=VERTEX_POINT('',#992);
#994=CARTESIAN_POINT('',(556.735917209,-147.729122671,95.322174843));
#995=DIRECTION('',(-0.,1.,-0.));
#996=DIRECTION('',(0.,0.,-1.));
#997=AXIS2_PLACEMENT_3D('',#994,#995,#996);
#998=CIRCLE('',#997,2.6);
#999=EDGE_CURVE('',#983,#993,#998,.T.);
#1000=ORIENTED_EDGE('',*,*,#999,.T.);
#1001=CARTESIAN_POINT('',(554.135917209,-147.729122671,95.322174843));
#1002=VERTEX_POINT('',#1001);
#1003=CARTESIAN_POINT('',(556.735917209,-147.729122671,95.322174843));
#1004=DIRECTION('',(-0.,1.,-0.));
#1005=DIRECTION('',(0.,0.,-1.));
#1006=AXIS2_PLACEMENT_3D('',#1003,#1004,#1005);
#1007=CIRCLE('',#1006,2.6);
#1008=EDGE_CURVE('',#993,#1002,#1007,.T.);
#1009=ORIENTED_EDGE('',*,*,#1008,.T.);
#1010=CARTESIAN_POINT('',(556.735917209,-147.729122671,95.322174843));
#1011=DIRECTION('',(-0.,1.,-0.));
#1012=DIRECTION('',(0.,0.,-1.));
#1013=AXIS2_PLACEMENT_3D('',#1010,#1011,#1012);
#1014=CIRCLE('',#1013,2.6);
#1015=EDGE_CURVE('',#1002,#983,#1014,.T.);
#1016=ORIENTED_EDGE('',*,*,#1015,.T.);
#1017=ORIENTED_EDGE('',*,*,#990,.T.);
#1018=CARTESIAN_POINT('',(554.135917209,-153.729122671,95.322174843));
#1019=VERTEX_POINT('',#1018);
#1020=CARTESIAN_POINT('',(556.735917209,-153.729122671,95.322174843));
#1021=DIRECTION('',(-0.,1.,-0.));
#1022=DIRECTION('',(0.,0.,-1.));
#1023=AXIS2_PLACEMENT_3D('',#1020,#1021,#1022);
#1024=CIRCLE('',#1023,2.6);
#1025=EDGE_CURVE('',#1019,#985,#1024,.T.);
#1026=ORIENTED_EDGE('',*,*,#1025,.F.);
#1027=CARTESIAN_POINT('',(559.335917209,-153.729122671,95.322174843));
#1028=VERTEX_POINT('',#1027);
#1029=CARTESIAN_POINT('',(556.735917209,-153.729122671,95.322174843));
#1030=DIRECTION('',(-0.,1.,-0.));
#1031=DIRECTION('',(0.,0.,-1.));
#1032=AXIS2_PLACEMENT_3D('',#1029,#1030,#1031);
#1033=CIRCLE('',#1032,2.6);
#1034=EDGE_CURVE('',#1028,#1019,#1033,.T.);
#1035=ORIENTED_EDGE('',*,*,#1034,.F.);
#1036=CARTESIAN_POINT('',(556.735917209,-153.729122671,95.322174843));
#1037=DIRECTION('',(-0.,1.,-0.));
#1038=DIRECTION('',(0.,0.,-1.));
#1039=AXIS2_PLACEMENT_3D('',#1036,#1037,#1038);
#1040=CIRCLE('',#1039,2.6);
#1041=EDGE_CURVE('',#985,#1028,#1040,.T.);
#1042=ORIENTED_EDGE('',*,*,#1041,.F.);
#1043=EDGE_LOOP('',(#991,#1000,#1009,#1016,#1017,#1026,#1035,#1042));
#1044=FACE_BOUND('',#1043,.T.);
#1045=ADVANCED_FACE('',(#1044),#981,.F.);
#1046=CARTESIAN_POINT('',(556.935917209,-155.729122671,143.322174843));
#1047=DIRECTION('',(0.,1.,0.));
#1048=DIRECTION('',(0.,-0.,1.));
#1049=AXIS2_PLACEMENT_3D('',#1046,#1047,#1048);
#1050=CYLINDRICAL_SURFACE('',#1049,2.6);
#1051=CARTESIAN_POINT('',(556.935917209,-147.729122671,145.922174843));
#1052=VERTEX_POINT('',#1051);
#1053=CARTESIAN_POINT('',(556.935917209,-153.729122671,145.922174843));
#1054=VERTEX_POINT('',#1053);
#1055=CARTESIAN_POINT('',(556.935917209,-147.729122671,145.922174843));
#1056=DIRECTION('',(-0.,-1.,-0.));
#1057=VECTOR('',#1056,6.);
#1058=LINE('',#1055,#1057);
#1059=EDGE_CURVE('',#1052,#1054,#1058,.T.);
#1060=ORIENTED_EDGE('',*,*,#1059,.F.);
#1061=CARTESIAN_POINT('',(559.535917209,-147.729122671,143.322174843));
#1062=VERTEX_POINT('',#1061);
#1063=CARTESIAN_POINT('',(556.935917209,-147.729122671,143.322174843));
#1064=DIRECTION('',(-0.,1.,-0.));
#1065=DIRECTION('',(0.,0.,-1.));
#1066=AXIS2_PLACEMENT_3D('',#1063,#1064,#1065);
#1067=CIRCLE('',#1066,2.6);
#1068=EDGE_CURVE('',#1052,#1062,#1067,.T.);
#1069=ORIENTED_EDGE('',*,*,#1068,.T.);
#1070=CARTESIAN_POINT('',(554.335917209,-147.729122671,143.322174843));
#1071=VERTEX_POINT('',#1070);
#1072=CARTESIAN_POINT('',(556.935917209,-147.729122671,143.322174843));
#1073=DIRECTION('',(-0.,1.,-0.));
#1074=DIRECTION('',(0.,0.,-1.));
#1075=AXIS2_PLACEMENT_3D('',#1072,#1073,#1074);
#1076=CIRCLE('',#1075,2.6);
#1077=EDGE_CURVE('',#1062,#1071,#1076,.T.);
#1078=ORIENTED_EDGE('',*,*,#1077,.T.);
#1079=CARTESIAN_POINT('',(556.935917209,-147.729122671,143.322174843));
#1080=DIRECTION('',(-0.,1.,-0.));
#1081=DIRECTION('',(0.,0.,-1.));
#1082=AXIS2_PLACEMENT_3D('',#1079,#1080,#1081);
#1083=CIRCLE('',#1082,2.6);
#1084=EDGE_CURVE('',#1071,#1052,#1083,.T.);
#1085=ORIENTED_EDGE('',*,*,#1084,.T.);
#1086=ORIENTED_EDGE('',*,*,#1059,.T.);
#1087=CARTESIAN_POINT('',(554.335917209,-153.729122671,143.322174843));
#1088=VERTEX_POINT('',#1087);
#1089=CARTESIAN_POINT('',(556.935917209,-153.729122671,143.322174843));
#1090=DIRECTION('',(-0.,1.,-0.));
#1091=DIRECTION('',(0.,0.,-1.));
#1092=AXIS2_PLACEMENT_3D('',#1089,#1090,#1091);
#1093=CIRCLE('',#1092,2.6);
#1094=EDGE_CURVE('',#1088,#1054,#1093,.T.);
#1095=ORIENTED_EDGE('',*,*,#1094,.F.);
#1096=CARTESIAN_POINT('',(559.535917209,-153.729122671,143.322174843));
#1097=VERTEX_POINT('',#1096);
#1098=CARTESIAN_POINT('',(556.935917209,-153.729122671,143.322174843));
#1099=DIRECTION('',(-0.,1.,-0.));
#1100=DIRECTION('',(0.,0.,-1.));
#1101=AXIS2_PLACEMENT_3D('',#1098,#1099,#1100);
#1102=CIRCLE('',#1101,2.6);
#1103=EDGE_CURVE('',#1097,#1088,#1102,.T.);
#1104=ORIENTED_EDGE('',*,*,#1103,.F.);
#1105=CARTESIAN_POINT('',(556.935917209,-153.729122671,143.322174843));
#1106=DIRECTION('',(-0.,1.,-0.));
#1107=DIRECTION('',(0.,0.,-1.));
#1108=AXIS2_PLACEMENT_3D('',#1105,#1106,#1107);
#1109=CIRCLE('',#1108,2.6);
#1110=EDGE_CURVE('',#1054,#1097,#1109,.T.);
#1111=ORIENTED_EDGE('',*,*,#1110,.F.);
#1112=EDGE_LOOP('',(#1060,#1069,#1078,#1085,#1086,#1095,#1104,#1111));
#1113=FACE_BOUND('',#1112,.T.);
#1114=ADVANCED_FACE('',(#1113),#1050,.F.);
#1115=CARTESIAN_POINT('',(792.736503446,-153.729122671,359.322174843));
#1116=DIRECTION('',(0.,-1.,0.));
#1117=DIRECTION('',(0.,0.,-1.));
#1118=AXIS2_PLACEMENT_3D('',#1115,#1116,#1117);
#1119=PLANE('',#1118);
#1120=ORIENTED_EDGE('',*,*,#155,.F.);
#1121=ORIENTED_EDGE('',*,*,#261,.F.);
#1122=ORIENTED_EDGE('',*,*,#225,.F.);
#1123=EDGE_LOOP('',(#1120,#1121,#1122));
#1124=FACE_BOUND('',#1123,.T.);
#1125=ORIENTED_EDGE('',*,*,#338,.F.);
#1126=ORIENTED_EDGE('',*,*,#444,.F.);
#1127=ORIENTED_EDGE('',*,*,#408,.F.);
#1128=EDGE_LOOP('',(#1125,#1126,#1127));
#1129=FACE_BOUND('',#1128,.T.);
#1130=ORIENTED_EDGE('',*,*,#521,.F.);
#1131=ORIENTED_EDGE('',*,*,#627,.F.);
#1132=ORIENTED_EDGE('',*,*,#591,.F.);
#1133=EDGE_LOOP('',(#1130,#1131,#1132));
#1134=FACE_BOUND('',#1133,.T.);
#1135=ORIENTED_EDGE('',*,*,#680,.T.);
#1136=ORIENTED_EDGE('',*,*,#696,.T.);
#1137=ORIENTED_EDGE('',*,*,#689,.T.);
#1138=EDGE_LOOP('',(#1135,#1136,#1137));
#1139=FACE_BOUND('',#1138,.T.);
#1140=ORIENTED_EDGE('',*,*,#749,.T.);
#1141=ORIENTED_EDGE('',*,*,#765,.T.);
#1142=ORIENTED_EDGE('',*,*,#758,.T.);
#1143=EDGE_LOOP('',(#1140,#1141,#1142));
#1144=FACE_BOUND('',#1143,.T.);
#1145=ORIENTED_EDGE('',*,*,#818,.T.);
#1146=ORIENTED_EDGE('',*,*,#834,.T.);
#1147=ORIENTED_EDGE('',*,*,#827,.T.);
#1148=EDGE_LOOP('',(#1145,#1146,#1147));
#1149=FACE_BOUND('',#1148,.T.);
#1150=ORIENTED_EDGE('',*,*,#887,.T.);
#1151=ORIENTED_EDGE('',*,*,#903,.T.);
#1152=ORIENTED_EDGE('',*,*,#896,.T.);
#1153=EDGE_LOOP('',(#1150,#1151,#1152));
#1154=FACE_BOUND('',#1153,.T.);
#1155=ORIENTED_EDGE('',*,*,#956,.T.);
#1156=ORIENTED_EDGE('',*,*,#972,.T.);
#1157=ORIENTED_EDGE('',*,*,#965,.T.);
#1158=EDGE_LOOP('',(#1155,#1156,#1157));
#1159=FACE_BOUND('',#1158,.T.);
#1160=ORIENTED_EDGE('',*,*,#1025,.T.);
#1161=ORIENTED_EDGE('',*,*,#1041,.T.);
#1162=ORIENTED_EDGE('',*,*,#1034,.T.);
#1163=EDGE_LOOP('',(#1160,#1161,#1162));
#1164=FACE_BOUND('',#1163,.T.);
#1165=ORIENTED_EDGE('',*,*,#1094,.T.);
#1166=ORIENTED_EDGE('',*,*,#1110,.T.);
#1167=ORIENTED_EDGE('',*,*,#1103,.T.);
#1168=EDGE_LOOP('',(#1165,#1166,#1167));
#1169=FACE_BOUND('',#1168,.T.);
#1170=CARTESIAN_POINT('',(775.52136093,-153.729122671,119.222174843));
#1171=VERTEX_POINT('',#1170);
#1172=CARTESIAN_POINT('',(772.92136093,-153.729122671,121.822174843));
#1173=VERTEX_POINT('',#1172);
#1174=CARTESIAN_POINT('',(772.92136093,-153.729122671,119.222174843));
#1175=DIRECTION('',(0.,-1.,0.));
#1176=DIRECTION('',(0.,0.,-1.));
#1177=AXIS2_PLACEMENT_3D('',#1174,#1175,#1176);
#1178=CIRCLE('',#1177,2.6);
#1179=EDGE_CURVE('',#1171,#1173,#1178,.T.);
#1180=ORIENTED_EDGE('',*,*,#1179,.F.);
#1181=CARTESIAN_POINT('',(770.32136093,-153.729122671,119.222174843));
#1182=VERTEX_POINT('',#1181);
#1183=CARTESIAN_POINT('',(772.92136093,-153.729122671,119.222174843));
#1184=DIRECTION('',(0.,-1.,0.));
#1185=DIRECTION('',(0.,0.,-1.));
#1186=AXIS2_PLACEMENT_3D('',#1183,#1184,#1185);
#1187=CIRCLE('',#1186,2.6);
#1188=EDGE_CURVE('',#1182,#1171,#1187,.T.);
#1189=ORIENTED_EDGE('',*,*,#1188,.F.);
#1190=CARTESIAN_POINT('',(772.92136093,-153.729122671,119.222174843));
#1191=DIRECTION('',(0.,-1.,0.));
#1192=DIRECTION('',(0.,0.,-1.));
#1193=AXIS2_PLACEMENT_3D('',#1190,#1191,#1192);
#1194=CIRCLE('',#1193,2.6);
#1195=EDGE_CURVE('',#1173,#1182,#1194,.T.);
#1196=ORIENTED_EDGE('',*,*,#1195,.F.);
#1197=EDGE_LOOP('',(#1180,#1189,#1196));
#1198=FACE_BOUND('',#1197,.T.);
#1199=CARTESIAN_POINT('',(745.947564079,-153.729122671,171.732102801));
#1200=VERTEX_POINT('',#1199);
#1201=CARTESIAN_POINT('',(745.947564079,-153.729122671,167.732102801));
#1202=VERTEX_POINT('',#1201);
#1203=CARTESIAN_POINT('',(745.947564079,-153.729122671,171.732102801));
#1204=DIRECTION('',(0.,0.,-1.));
#1205=VECTOR('',#1204,4.);
#1206=LINE('',#1203,#1205);
#1207=EDGE_CURVE('',#1200,#1202,#1206,.T.);
#1208=ORIENTED_EDGE('',*,*,#1207,.T.);
#1209=CARTESIAN_POINT('',(742.947564079,-153.729122671,164.732102801));
#1210=VERTEX_POINT('',#1209);
#1211=CARTESIAN_POINT('',(742.947564079,-153.729122671,167.732102801));
#1212=DIRECTION('',(-0.,1.,-0.));
#1213=DIRECTION('',(0.,0.,-1.));
#1214=AXIS2_PLACEMENT_3D('',#1211,#1212,#1213);
#1215=CIRCLE('',#1214,3.);
#1216=EDGE_CURVE('',#1202,#1210,#1215,.T.);
#1217=ORIENTED_EDGE('',*,*,#1216,.T.);
#1218=CARTESIAN_POINT('',(718.947564079,-153.729122671,164.732102801));
#1219=VERTEX_POINT('',#1218);
#1220=CARTESIAN_POINT('',(742.947564079,-153.729122671,164.732102801));
#1221=DIRECTION('',(-1.,0.,0.));
#1222=VECTOR('',#1221,24.);
#1223=LINE('',#1220,#1222);
#1224=EDGE_CURVE('',#1210,#1219,#1223,.T.);
#1225=ORIENTED_EDGE('',*,*,#1224,.T.);
#1226=CARTESIAN_POINT('',(715.947564079,-153.729122671,167.732102801));
#1227=VERTEX_POINT('',#1226);
#1228=CARTESIAN_POINT('',(718.947564079,-153.729122671,167.732102801));
#1229=DIRECTION('',(-0.,1.,-0.));
#1230=DIRECTION('',(0.,0.,-1.));
#1231=AXIS2_PLACEMENT_3D('',#1228,#1229,#1230);
#1232=CIRCLE('',#1231,3.);
#1233=EDGE_CURVE('',#1219,#1227,#1232,.T.);
#1234=ORIENTED_EDGE('',*,*,#1233,.T.);
#1235=CARTESIAN_POINT('',(715.947564079,-153.729122671,171.732102801));
#1236=VERTEX_POINT('',#1235);
#1237=CARTESIAN_POINT('',(715.947564079,-153.729122671,167.732102801));
#1238=DIRECTION('',(0.,0.,1.));
#1239=VECTOR('',#1238,4.);
#1240=LINE('',#1237,#1239);
#1241=EDGE_CURVE('',#1227,#1236,#1240,.T.);
#1242=ORIENTED_EDGE('',*,*,#1241,.T.);
#1243=CARTESIAN_POINT('',(718.947564079,-153.729122671,174.732102801));
#1244=VERTEX_POINT('',#1243);
#1245=CARTESIAN_POINT('',(718.947564079,-153.729122671,171.732102801));
#1246=DIRECTION('',(-0.,1.,-0.));
#1247=DIRECTION('',(0.,0.,-1.));
#1248=AXIS2_PLACEMENT_3D('',#1245,#1246,#1247);
#1249=CIRCLE('',#1248,3.);
#1250=EDGE_CURVE('',#1236,#1244,#1249,.T.);
#1251=ORIENTED_EDGE('',*,*,#1250,.T.);
#1252=CARTESIAN_POINT('',(742.947564079,-153.729122671,174.732102801));
#1253=VERTEX_POINT('',#1252);
#1254=CARTESIAN_POINT('',(718.947564079,-153.729122671,174.732102801));
#1255=DIRECTION('',(1.,0.,-0.));
#1256=VECTOR('',#1255,24.);
#1257=LINE('',#1254,#1256);
#1258=EDGE_CURVE('',#1244,#1253,#1257,.T.);
#1259=ORIENTED_EDGE('',*,*,#1258,.T.);
#1260=CARTESIAN_POINT('',(742.947564079,-153.729122671,171.732102801));
#1261=DIRECTION('',(-0.,1.,-0.));
#1262=DIRECTION('',(0.,0.,-1.));
#1263=AXIS2_PLACEMENT_3D('',#1260,#1261,#1262);
#1264=CIRCLE('',#1263,3.);
#1265=EDGE_CURVE('',#1253,#1200,#1264,.T.);
#1266=ORIENTED_EDGE('',*,*,#1265,.T.);
#1267=EDGE_LOOP('',(#1208,#1217,#1225,#1234,#1242,#1251,#1259,#1266));
#1268=FACE_BOUND('',#1267,.T.);
#1269=CARTESIAN_POINT('',(717.415978631,-153.729122671,32.500668673));
#1270=VERTEX_POINT('',#1269);
#1271=CARTESIAN_POINT('',(717.415978631,-153.729122671,95.606446091));
#1272=VERTEX_POINT('',#1271);
#1273=CARTESIAN_POINT('',(717.415978631,-153.729122671,32.500668673));
#1274=DIRECTION('',(0.,0.,1.));
#1275=VECTOR('',#1274,63.105777418);
#1276=LINE('',#1273,#1275);
#1277=EDGE_CURVE('',#1270,#1272,#1276,.T.);
#1278=ORIENTED_EDGE('',*,*,#1277,.T.);
#1279=CARTESIAN_POINT('',(719.415978631,-153.729122671,97.606446091));
#1280=VERTEX_POINT('',#1279);
#1281=CARTESIAN_POINT('',(719.415978631,-153.729122671,95.606446091));
#1282=DIRECTION('',(-0.,1.,-0.));
#1283=DIRECTION('',(0.,0.,-1.));
#1284=AXIS2_PLACEMENT_3D('',#1281,#1282,#1283);
#1285=CIRCLE('',#1284,2.);
#1286=EDGE_CURVE('',#1272,#1280,#1285,.T.);
#1287=ORIENTED_EDGE('',*,*,#1286,.T.);
#1288=CARTESIAN_POINT('',(724.341299508,-153.729122671,97.606446091));
#1289=VERTEX_POINT('',#1288);
#1290=CARTESIAN_POINT('',(719.415978631,-153.729122671,97.606446091));
#1291=DIRECTION('',(1.,0.,-0.));
#1292=VECTOR('',#1291,4.925320877);
#1293=LINE('',#1290,#1292);
#1294=EDGE_CURVE('',#1280,#1289,#1293,.T.);
#1295=ORIENTED_EDGE('',*,*,#1294,.T.);
#1296=CARTESIAN_POINT('',(726.341299508,-153.729122671,95.606446091));
#1297=VERTEX_POINT('',#1296);
#1298=CARTESIAN_POINT('',(724.341299508,-153.729122671,95.606446091));
#1299=DIRECTION('',(-0.,1.,-0.));
#1300=DIRECTION('',(0.,0.,-1.));
#1301=AXIS2_PLACEMENT_3D('',#1298,#1299,#1300);
#1302=CIRCLE('',#1301,2.);
#1303=EDGE_CURVE('',#1289,#1297,#1302,.T.);
#1304=ORIENTED_EDGE('',*,*,#1303,.T.);
#1305=CARTESIAN_POINT('',(726.341299508,-153.729122671,32.500668673));
#1306=VERTEX_POINT('',#1305);
#1307=CARTESIAN_POINT('',(726.341299508,-153.729122671,95.606446091));
#1308=DIRECTION('',(0.,0.,-1.));
#1309=VECTOR('',#1308,63.105777418);
#1310=LINE('',#1307,#1309);
#1311=EDGE_CURVE('',#1297,#1306,#1310,.T.);
#1312=ORIENTED_EDGE('',*,*,#1311,.T.);
#1313=CARTESIAN_POINT('',(724.341299508,-153.729122671,30.500668673));
#1314=VERTEX_POINT('',#1313);
#1315=CARTESIAN_POINT('',(724.341299508,-153.729122671,32.500668673));
#1316=DIRECTION('',(-0.,1.,-0.));
#1317=DIRECTION('',(0.,0.,-1.));
#1318=AXIS2_PLACEMENT_3D('',#1315,#1316,#1317);
#1319=CIRCLE('',#1318,2.);
#1320=EDGE_CURVE('',#1306,#1314,#1319,.T.);
#1321=ORIENTED_EDGE('',*,*,#1320,.T.);
#1322=CARTESIAN_POINT('',(719.415978631,-153.729122671,30.500668673));
#1323=VERTEX_POINT('',#1322);
#1324=CARTESIAN_POINT('',(724.341299508,-153.729122671,30.500668673));
#1325=DIRECTION('',(-1.,0.,0.));
#1326=VECTOR('',#1325,4.925320877);
#1327=LINE('',#1324,#1326);
#1328=EDGE_CURVE('',#1314,#1323,#1327,.T.);
#1329=ORIENTED_EDGE('',*,*,#1328,.T.);
#1330=CARTESIAN_POINT('',(719.415978631,-153.729122671,32.500668673));
#1331=DIRECTION('',(-0.,1.,-0.));
#1332=DIRECTION('',(0.,0.,-1.));
#1333=AXIS2_PLACEMENT_3D('',#1330,#1331,#1332);
#1334=CIRCLE('',#1333,2.);
#1335=EDGE_CURVE('',#1323,#1270,#1334,.T.);
#1336=ORIENTED_EDGE('',*,*,#1335,.T.);
#1337=EDGE_LOOP('',(#1278,#1287,#1295,#1304,#1312,#1321,#1329,#1336));
#1338=FACE_BOUND('',#1337,.T.);
#1339=CARTESIAN_POINT('',(636.341299508,-153.729122671,95.606446091));
#1340=VERTEX_POINT('',#1339);
#1341=CARTESIAN_POINT('',(636.341299508,-153.729122671,32.500668673));
#1342=VERTEX_POINT('',#1341);
#1343=CARTESIAN_POINT('',(636.341299508,-153.729122671,95.606446091));
#1344=DIRECTION('',(0.,0.,-1.));
#1345=VECTOR('',#1344,63.105777418);
#1346=LINE('',#1343,#1345);
#1347=EDGE_CURVE('',#1340,#1342,#1346,.T.);
#1348=ORIENTED_EDGE('',*,*,#1347,.T.);
#1349=CARTESIAN_POINT('',(634.341299508,-153.729122671,30.500668673));
#1350=VERTEX_POINT('',#1349);
#1351=CARTESIAN_POINT('',(634.341299508,-153.729122671,32.500668673));
#1352=DIRECTION('',(-0.,1.,-0.));
#1353=DIRECTION('',(0.,0.,-1.));
#1354=AXIS2_PLACEMENT_3D('',#1351,#1352,#1353);
#1355=CIRCLE('',#1354,2.);
#1356=EDGE_CURVE('',#1342,#1350,#1355,.T.);
#1357=ORIENTED_EDGE('',*,*,#1356,.T.);
#1358=CARTESIAN_POINT('',(629.415978631,-153.729122671,30.500668673));
#1359=VERTEX_POINT('',#1358);
#1360=CARTESIAN_POINT('',(634.341299508,-153.729122671,30.500668673));
#1361=DIRECTION('',(-1.,-0.,0.));
#1362=VECTOR('',#1361,4.925320877);
#1363=LINE('',#1360,#1362);
#1364=EDGE_CURVE('',#1350,#1359,#1363,.T.);
#1365=ORIENTED_EDGE('',*,*,#1364,.T.);
#1366=CARTESIAN_POINT('',(627.415978631,-153.729122671,32.500668673));
#1367=VERTEX_POINT('',#1366);
#1368=CARTESIAN_POINT('',(629.415978631,-153.729122671,32.500668673));
#1369=DIRECTION('',(-0.,1.,-0.));
#1370=DIRECTION('',(0.,0.,-1.));
#1371=AXIS2_PLACEMENT_3D('',#1368,#1369,#1370);
#1372=CIRCLE('',#1371,2.);
#1373=EDGE_CURVE('',#1359,#1367,#1372,.T.);
#1374=ORIENTED_EDGE('',*,*,#1373,.T.);
#1375=CARTESIAN_POINT('',(627.415978631,-153.729122671,95.606446091));
#1376=VERTEX_POINT('',#1375);
#1377=CARTESIAN_POINT('',(627.415978631,-153.729122671,32.500668673));
#1378=DIRECTION('',(-0.,-0.,1.));
#1379=VECTOR('',#1378,63.105777418);
#1380=LINE('',#1377,#1379);
#1381=EDGE_CURVE('',#1367,#1376,#1380,.T.);
#1382=ORIENTED_EDGE('',*,*,#1381,.T.);
#1383=CARTESIAN_POINT('',(629.415978631,-153.729122671,97.606446091));
#1384=VERTEX_POINT('',#1383);
#1385=CARTESIAN_POINT('',(629.415978631,-153.729122671,95.606446091));
#1386=DIRECTION('',(-0.,1.,-0.));
#1387=DIRECTION('',(0.,0.,-1.));
#1388=AXIS2_PLACEMENT_3D('',#1385,#1386,#1387);
#1389=CIRCLE('',#1388,2.);
#1390=EDGE_CURVE('',#1376,#1384,#1389,.T.);
#1391=ORIENTED_EDGE('',*,*,#1390,.T.);
#1392=CARTESIAN_POINT('',(634.341299508,-153.729122671,97.606446091));
#1393=VERTEX_POINT('',#1392);
#1394=CARTESIAN_POINT('',(629.415978631,-153.729122671,97.606446091));
#1395=DIRECTION('',(1.,0.,-0.));
#1396=VECTOR('',#1395,4.925320877);
#1397=LINE('',#1394,#1396);
#1398=EDGE_CURVE('',#1384,#1393,#1397,.T.);
#1399=ORIENTED_EDGE('',*,*,#1398,.T.);
#1400=CARTESIAN_POINT('',(634.341299508,-153.729122671,95.606446091));
#1401=DIRECTION('',(-0.,1.,-0.));
#1402=DIRECTION('',(0.,0.,-1.));
#1403=AXIS2_PLACEMENT_3D('',#1400,#1401,#1402);
#1404=CIRCLE('',#1403,2.);
#1405=EDGE_CURVE('',#1393,#1340,#1404,.T.);
#1406=ORIENTED_EDGE('',*,*,#1405,.T.);
#1407=EDGE_LOOP('',(#1348,#1357,#1365,#1374,#1382,#1391,#1399,#1406));
#1408=FACE_BOUND('',#1407,.T.);
#1409=CARTESIAN_POINT('',(676.87863907,-153.729122671,171.322174843));
#1410=VERTEX_POINT('',#1409);
#1411=CARTESIAN_POINT('',(671.87863907,-153.729122671,176.322174843));
#1412=VERTEX_POINT('',#1411);
#1413=CARTESIAN_POINT('',(676.87863907,-153.729122671,176.322174843));
#1414=DIRECTION('',(-0.,1.,-0.));
#1415=DIRECTION('',(0.,0.,-1.));
#1416=AXIS2_PLACEMENT_3D('',#1413,#1414,#1415);
#1417=CIRCLE('',#1416,5.);
#1418=EDGE_CURVE('NONE',#1410,#1412,#1417,.T.);
#1419=ORIENTED_EDGE('',*,*,#1418,.T.);
#1420=CARTESIAN_POINT('',(681.87863907,-153.729122671,176.322174843));
#1421=VERTEX_POINT('',#1420);
#1422=CARTESIAN_POINT('',(676.87863907,-153.729122671,176.322174843));
#1423=DIRECTION('',(-0.,1.,-0.));
#1424=DIRECTION('',(0.,0.,-1.));
#1425=AXIS2_PLACEMENT_3D('',#1422,#1423,#1424);
#1426=CIRCLE('',#1425,5.);
#1427=EDGE_CURVE('',#1412,#1421,#1426,.T.);
#1428=ORIENTED_EDGE('',*,*,#1427,.T.);
#1429=CARTESIAN_POINT('',(676.87863907,-153.729122671,176.322174843));
#1430=DIRECTION('',(-0.,1.,-0.));
#1431=DIRECTION('',(0.,0.,-1.));
#1432=AXIS2_PLACEMENT_3D('',#1429,#1430,#1431);
#1433=CIRCLE('',#1432,5.);
#1434=EDGE_CURVE('',#1421,#1410,#1433,.T.);
#1435=ORIENTED_EDGE('',*,*,#1434,.T.);
#1436=EDGE_LOOP('',(#1419,#1428,#1435));
#1437=FACE_BOUND('',#1436,.T.);
#1438=CARTESIAN_POINT('',(636.87863907,-153.729122671,108.722174843));
#1439=VERTEX_POINT('',#1438);
#1440=CARTESIAN_POINT('',(634.77863907,-153.729122671,110.822174843));
#1441=VERTEX_POINT('',#1440);
#1442=CARTESIAN_POINT('',(636.87863907,-153.729122671,110.822174843));
#1443=DIRECTION('',(-0.,1.,-0.));
#1444=DIRECTION('',(0.,0.,-1.));
#1445=AXIS2_PLACEMENT_3D('',#1442,#1443,#1444);
#1446=CIRCLE('',#1445,2.1);
#1447=EDGE_CURVE('NONE',#1439,#1441,#1446,.T.);
#1448=ORIENTED_EDGE('',*,*,#1447,.T.);
#1449=CARTESIAN_POINT('',(638.97863907,-153.729122671,110.822174843));
#1450=VERTEX_POINT('',#1449);
#1451=CARTESIAN_POINT('',(636.87863907,-153.729122671,110.822174843));
#1452=DIRECTION('',(-0.,1.,-0.));
#1453=DIRECTION('',(0.,0.,-1.));
#1454=AXIS2_PLACEMENT_3D('',#1451,#1452,#1453);
#1455=CIRCLE('',#1454,2.1);
#1456=EDGE_CURVE('',#1441,#1450,#1455,.T.);
#1457=ORIENTED_EDGE('',*,*,#1456,.T.);
#1458=CARTESIAN_POINT('',(636.87863907,-153.729122671,110.822174843));
#1459=DIRECTION('',(-0.,1.,-0.));
#1460=DIRECTION('',(0.,0.,-1.));
#1461=AXIS2_PLACEMENT_3D('',#1458,#1459,#1460);
#1462=CIRCLE('',#1461,2.1);
#1463=EDGE_CURVE('',#1450,#1439,#1462,.T.);
#1464=ORIENTED_EDGE('',*,*,#1463,.T.);
#1465=EDGE_LOOP('',(#1448,#1457,#1464));
#1466=FACE_BOUND('',#1465,.T.);
#1467=CARTESIAN_POINT('',(716.87863907,-153.729122671,108.722174843));
#1468=VERTEX_POINT('',#1467);
#1469=CARTESIAN_POINT('',(714.77863907,-153.729122671,110.822174843));
#1470=VERTEX_POINT('',#1469);
#1471=CARTESIAN_POINT('',(716.87863907,-153.729122671,110.822174843));
#1472=DIRECTION('',(-0.,1.,-0.));
#1473=DIRECTION('',(0.,0.,-1.));
#1474=AXIS2_PLACEMENT_3D('',#1471,#1472,#1473);
#1475=CIRCLE('',#1474,2.1);
#1476=EDGE_CURVE('NONE',#1468,#1470,#1475,.T.);
#1477=ORIENTED_EDGE('',*,*,#1476,.T.);
#1478=CARTESIAN_POINT('',(718.97863907,-153.729122671,110.822174843));
#1479=VERTEX_POINT('',#1478);
#1480=CARTESIAN_POINT('',(716.87863907,-153.729122671,110.822174843));
#1481=DIRECTION('',(-0.,1.,-0.));
#1482=DIRECTION('',(0.,0.,-1.));
#1483=AXIS2_PLACEMENT_3D('',#1480,#1481,#1482);
#1484=CIRCLE('',#1483,2.1);
#1485=EDGE_CURVE('',#1470,#1479,#1484,.T.);
#1486=ORIENTED_EDGE('',*,*,#1485,.T.);
#1487=CARTESIAN_POINT('',(716.87863907,-153.729122671,110.822174843));
#1488=DIRECTION('',(-0.,1.,-0.));
#1489=DIRECTION('',(0.,0.,-1.));
#1490=AXIS2_PLACEMENT_3D('',#1487,#1488,#1489);
#1491=CIRCLE('',#1490,2.1);
#1492=EDGE_CURVE('',#1479,#1468,#1491,.T.);
#1493=ORIENTED_EDGE('',*,*,#1492,.T.);
#1494=EDGE_LOOP('',(#1477,#1486,#1493));
#1495=FACE_BOUND('',#1494,.T.);
#1496=CARTESIAN_POINT('',(596.87863907,-153.729122671,44.722174843));
#1497=VERTEX_POINT('',#1496);
#1498=CARTESIAN_POINT('',(594.27863907,-153.729122671,47.322174843));
#1499=VERTEX_POINT('',#1498);
#1500=CARTESIAN_POINT('',(596.87863907,-153.729122671,47.322174843));
#1501=DIRECTION('',(-0.,1.,-0.));
#1502=DIRECTION('',(0.,0.,-1.));
#1503=AXIS2_PLACEMENT_3D('',#1500,#1501,#1502);
#1504=CIRCLE('',#1503,2.6);
#1505=EDGE_CURVE('NONE',#1497,#1499,#1504,.T.);
#1506=ORIENTED_EDGE('',*,*,#1505,.T.);
#1507=CARTESIAN_POINT('',(599.47863907,-153.729122671,47.322174843));
#1508=VERTEX_POINT('',#1507);
#1509=CARTESIAN_POINT('',(596.87863907,-153.729122671,47.322174843));
#1510=DIRECTION('',(-0.,1.,-0.));
#1511=DIRECTION('',(0.,0.,-1.));
#1512=AXIS2_PLACEMENT_3D('',#1509,#1510,#1511);
#1513=CIRCLE('',#1512,2.6);
#1514=EDGE_CURVE('',#1499,#1508,#1513,.T.);
#1515=ORIENTED_EDGE('',*,*,#1514,.T.);
#1516=CARTESIAN_POINT('',(596.87863907,-153.729122671,47.322174843));
#1517=DIRECTION('',(-0.,1.,-0.));
#1518=DIRECTION('',(0.,0.,-1.));
#1519=AXIS2_PLACEMENT_3D('',#1516,#1517,#1518);
#1520=CIRCLE('',#1519,2.6);
#1521=EDGE_CURVE('',#1508,#1497,#1520,.T.);
#1522=ORIENTED_EDGE('',*,*,#1521,.T.);
#1523=EDGE_LOOP('',(#1506,#1515,#1522));
#1524=FACE_BOUND('',#1523,.T.);
#1525=CARTESIAN_POINT('',(655.87863907,-153.729122671,161.722174843));
#1526=VERTEX_POINT('',#1525);
#1527=CARTESIAN_POINT('',(653.27863907,-153.729122671,164.322174843));
#1528=VERTEX_POINT('',#1527);
#1529=CARTESIAN_POINT('',(655.87863907,-153.729122671,164.322174843));
#1530=DIRECTION('',(-0.,1.,-0.));
#1531=DIRECTION('',(0.,0.,-1.));
#1532=AXIS2_PLACEMENT_3D('',#1529,#1530,#1531);
#1533=CIRCLE('',#1532,2.6);
#1534=EDGE_CURVE('NONE',#1526,#1528,#1533,.T.);
#1535=ORIENTED_EDGE('',*,*,#1534,.T.);
#1536=CARTESIAN_POINT('',(658.47863907,-153.729122671,164.322174843));
#1537=VERTEX_POINT('',#1536);
#1538=CARTESIAN_POINT('',(655.87863907,-153.729122671,164.322174843));
#1539=DIRECTION('',(-0.,1.,-0.));
#1540=DIRECTION('',(0.,0.,-1.));
#1541=AXIS2_PLACEMENT_3D('',#1538,#1539,#1540);
#1542=CIRCLE('',#1541,2.6);
#1543=EDGE_CURVE('',#1528,#1537,#1542,.T.);
#1544=ORIENTED_EDGE('',*,*,#1543,.T.);
#1545=CARTESIAN_POINT('',(655.87863907,-153.729122671,164.322174843));
#1546=DIRECTION('',(-0.,1.,-0.));
#1547=DIRECTION('',(0.,0.,-1.));
#1548=AXIS2_PLACEMENT_3D('',#1545,#1546,#1547);
#1549=CIRCLE('',#1548,2.6);
#1550=EDGE_CURVE('',#1537,#1526,#1549,.T.);
#1551=ORIENTED_EDGE('',*,*,#1550,.T.);
#1552=EDGE_LOOP('',(#1535,#1544,#1551));
#1553=FACE_BOUND('',#1552,.T.);
#1554=CARTESIAN_POINT('',(697.87863907,-153.729122671,161.722174843));
#1555=VERTEX_POINT('',#1554);
#1556=CARTESIAN_POINT('',(695.27863907,-153.729122671,164.322174843));
#1557=VERTEX_POINT('',#1556);
#1558=CARTESIAN_POINT('',(697.87863907,-153.729122671,164.322174843));
#1559=DIRECTION('',(-0.,1.,-0.));
#1560=DIRECTION('',(0.,0.,-1.));
#1561=AXIS2_PLACEMENT_3D('',#1558,#1559,#1560);
#1562=CIRCLE('',#1561,2.6);
#1563=EDGE_CURVE('NONE',#1555,#1557,#1562,.T.);
#1564=ORIENTED_EDGE('',*,*,#1563,.T.);
#1565=CARTESIAN_POINT('',(700.47863907,-153.729122671,164.322174843));
#1566=VERTEX_POINT('',#1565);
#1567=CARTESIAN_POINT('',(697.87863907,-153.729122671,164.322174843));
#1568=DIRECTION('',(-0.,1.,-0.));
#1569=DIRECTION('',(0.,0.,-1.));
#1570=AXIS2_PLACEMENT_3D('',#1567,#1568,#1569);
#1571=CIRCLE('',#1570,2.6);
#1572=EDGE_CURVE('',#1557,#1566,#1571,.T.);
#1573=ORIENTED_EDGE('',*,*,#1572,.T.);
#1574=CARTESIAN_POINT('',(697.87863907,-153.729122671,164.322174843));
#1575=DIRECTION('',(-0.,1.,-0.));
#1576=DIRECTION('',(0.,0.,-1.));
#1577=AXIS2_PLACEMENT_3D('',#1574,#1575,#1576);
#1578=CIRCLE('',#1577,2.6);
#1579=EDGE_CURVE('',#1566,#1555,#1578,.T.);
#1580=ORIENTED_EDGE('',*,*,#1579,.T.);
#1581=EDGE_LOOP('',(#1564,#1573,#1580));
#1582=FACE_BOUND('',#1581,.T.);
#1583=CARTESIAN_POINT('',(756.87863907,-153.729122671,86.722174843));
#1584=VERTEX_POINT('',#1583);
#1585=CARTESIAN_POINT('',(754.27863907,-153.729122671,89.322174843));
#1586=VERTEX_POINT('',#1585);
#1587=CARTESIAN_POINT('',(756.87863907,-153.729122671,89.322174843));
#1588=DIRECTION('',(-0.,1.,-0.));
#1589=DIRECTION('',(0.,0.,-1.));
#1590=AXIS2_PLACEMENT_3D('',#1587,#1588,#1589);
#1591=CIRCLE('',#1590,2.6);
#1592=EDGE_CURVE('NONE',#1584,#1586,#1591,.T.);
#1593=ORIENTED_EDGE('',*,*,#1592,.T.);
#1594=CARTESIAN_POINT('',(759.47863907,-153.729122671,89.322174843));
#1595=VERTEX_POINT('',#1594);
#1596=CARTESIAN_POINT('',(756.87863907,-153.729122671,89.322174843));
#1597=DIRECTION('',(-0.,1.,-0.));
#1598=DIRECTION('',(0.,0.,-1.));
#1599=AXIS2_PLACEMENT_3D('',#1596,#1597,#1598);
#1600=CIRCLE('',#1599,2.6);
#1601=EDGE_CURVE('',#1586,#1595,#1600,.T.);
#1602=ORIENTED_EDGE('',*,*,#1601,.T.);
#1603=CARTESIAN_POINT('',(756.87863907,-153.729122671,89.322174843));
#1604=DIRECTION('',(-0.,1.,-0.));
#1605=DIRECTION('',(0.,0.,-1.));
#1606=AXIS2_PLACEMENT_3D('',#1603,#1604,#1605);
#1607=CIRCLE('',#1606,2.6);
#1608=EDGE_CURVE('',#1595,#1584,#1607,.T.);
#1609=ORIENTED_EDGE('',*,*,#1608,.T.);
#1610=EDGE_LOOP('',(#1593,#1602,#1609));
#1611=FACE_BOUND('',#1610,.T.);
#1612=CARTESIAN_POINT('',(544.556308599,-153.729122671,34.186640937));
#1613=VERTEX_POINT('',#1612);
#1614=CARTESIAN_POINT('',(542.956308599,-153.729122671,35.786640937));
#1615=VERTEX_POINT('',#1614);
#1616=CARTESIAN_POINT('',(544.556308599,-153.729122671,35.786640937));
#1617=DIRECTION('',(-0.,1.,-0.));
#1618=DIRECTION('',(0.,0.,-1.));
#1619=AXIS2_PLACEMENT_3D('',#1616,#1617,#1618);
#1620=CIRCLE('',#1619,1.6);
#1621=EDGE_CURVE('NONE',#1613,#1615,#1620,.T.);
#1622=ORIENTED_EDGE('',*,*,#1621,.T.);
#1623=CARTESIAN_POINT('',(546.156308599,-153.729122671,35.786640937));
#1624=VERTEX_POINT('',#1623);
#1625=CARTESIAN_POINT('',(544.556308599,-153.729122671,35.786640937));
#1626=DIRECTION('',(-0.,1.,-0.));
#1627=DIRECTION('',(0.,0.,-1.));
#1628=AXIS2_PLACEMENT_3D('',#1625,#1626,#1627);
#1629=CIRCLE('',#1628,1.6);
#1630=EDGE_CURVE('',#1615,#1624,#1629,.T.);
#1631=ORIENTED_EDGE('',*,*,#1630,.T.);
#1632=CARTESIAN_POINT('',(544.556308599,-153.729122671,35.786640937));
#1633=DIRECTION('',(-0.,1.,-0.));
#1634=DIRECTION('',(0.,0.,-1.));
#1635=AXIS2_PLACEMENT_3D('',#1632,#1633,#1634);
#1636=CIRCLE('',#1635,1.6);
#1637=EDGE_CURVE('',#1624,#1613,#1636,.T.);
#1638=ORIENTED_EDGE('',*,*,#1637,.T.);
#1639=EDGE_LOOP('',(#1622,#1631,#1638));
#1640=FACE_BOUND('',#1639,.T.);
#1641=CARTESIAN_POINT('',(537.485240787,-153.729122671,69.541979997));
#1642=VERTEX_POINT('',#1641);
#1643=CARTESIAN_POINT('',(535.885240787,-153.729122671,71.141979997));
#1644=VERTEX_POINT('',#1643);
#1645=CARTESIAN_POINT('',(537.485240787,-153.729122671,71.141979997));
#1646=DIRECTION('',(-0.,1.,-0.));
#1647=DIRECTION('',(0.,0.,-1.));
#1648=AXIS2_PLACEMENT_3D('',#1645,#1646,#1647);
#1649=CIRCLE('',#1648,1.6);
#1650=EDGE_CURVE('NONE',#1642,#1644,#1649,.T.);
#1651=ORIENTED_EDGE('',*,*,#1650,.T.);
#1652=CARTESIAN_POINT('',(539.085240787,-153.729122671,71.141979997));
#1653=VERTEX_POINT('',#1652);
#1654=CARTESIAN_POINT('',(537.485240787,-153.729122671,71.141979997));
#1655=DIRECTION('',(-0.,1.,-0.));
#1656=DIRECTION('',(0.,0.,-1.));
#1657=AXIS2_PLACEMENT_3D('',#1654,#1655,#1656);
#1658=CIRCLE('',#1657,1.6);
#1659=EDGE_CURVE('',#1644,#1653,#1658,.T.);
#1660=ORIENTED_EDGE('',*,*,#1659,.T.);
#1661=CARTESIAN_POINT('',(537.485240787,-153.729122671,71.141979997));
#1662=DIRECTION('',(-0.,1.,-0.));
#1663=DIRECTION('',(0.,0.,-1.));
#1664=AXIS2_PLACEMENT_3D('',#1661,#1662,#1663);
#1665=CIRCLE('',#1664,1.6);
#1666=EDGE_CURVE('',#1653,#1642,#1665,.T.);
#1667=ORIENTED_EDGE('',*,*,#1666,.T.);
#1668=EDGE_LOOP('',(#1651,#1660,#1667));
#1669=FACE_BOUND('',#1668,.T.);
#1670=CARTESIAN_POINT('',(816.272037352,-153.729122671,69.541979997));
#1671=VERTEX_POINT('',#1670);
#1672=CARTESIAN_POINT('',(814.672037352,-153.729122671,71.141979997));
#1673=VERTEX_POINT('',#1672);
#1674=CARTESIAN_POINT('',(816.272037352,-153.729122671,71.141979997));
#1675=DIRECTION('',(-0.,1.,-0.));
#1676=DIRECTION('',(0.,0.,-1.));
#1677=AXIS2_PLACEMENT_3D('',#1674,#1675,#1676);
#1678=CIRCLE('',#1677,1.6);
#1679=EDGE_CURVE('NONE',#1671,#1673,#1678,.T.);
#1680=ORIENTED_EDGE('',*,*,#1679,.T.);
#1681=CARTESIAN_POINT('',(817.872037352,-153.729122671,71.141979997));
#1682=VERTEX_POINT('',#1681);
#1683=CARTESIAN_POINT('',(816.272037352,-153.729122671,71.141979997));
#1684=DIRECTION('',(-0.,1.,-0.));
#1685=DIRECTION('',(0.,0.,-1.));
#1686=AXIS2_PLACEMENT_3D('',#1683,#1684,#1685);
#1687=CIRCLE('',#1686,1.6);
#1688=EDGE_CURVE('',#1673,#1682,#1687,.T.);
#1689=ORIENTED_EDGE('',*,*,#1688,.T.);
#1690=CARTESIAN_POINT('',(816.272037352,-153.729122671,71.141979997));
#1691=DIRECTION('',(-0.,1.,-0.));
#1692=DIRECTION('',(0.,0.,-1.));
#1693=AXIS2_PLACEMENT_3D('',#1690,#1691,#1692);
#1694=CIRCLE('',#1693,1.6);
#1695=EDGE_CURVE('',#1682,#1671,#1694,.T.);
#1696=ORIENTED_EDGE('',*,*,#1695,.T.);
#1697=EDGE_LOOP('',(#1680,#1689,#1696));
#1698=FACE_BOUND('',#1697,.T.);
#1699=CARTESIAN_POINT('',(809.20096954,-153.729122671,34.186640937));
#1700=VERTEX_POINT('',#1699);
#1701=CARTESIAN_POINT('',(807.60096954,-153.729122671,35.786640937));
#1702=VERTEX_POINT('',#1701);
#1703=CARTESIAN_POINT('',(809.20096954,-153.729122671,35.786640937));
#1704=DIRECTION('',(-0.,1.,-0.));
#1705=DIRECTION('',(0.,0.,-1.));
#1706=AXIS2_PLACEMENT_3D('',#1703,#1704,#1705);
#1707=CIRCLE('',#1706,1.6);
#1708=EDGE_CURVE('NONE',#1700,#1702,#1707,.T.);
#1709=ORIENTED_EDGE('',*,*,#1708,.T.);
#1710=CARTESIAN_POINT('',(810.80096954,-153.729122671,35.786640937));
#1711=VERTEX_POINT('',#1710);
#1712=CARTESIAN_POINT('',(809.20096954,-153.729122671,35.786640937));
#1713=DIRECTION('',(-0.,1.,-0.));
#1714=DIRECTION('',(0.,0.,-1.));
#1715=AXIS2_PLACEMENT_3D('',#1712,#1713,#1714);
#1716=CIRCLE('',#1715,1.6);
#1717=EDGE_CURVE('',#1702,#1711,#1716,.T.);
#1718=ORIENTED_EDGE('',*,*,#1717,.T.);
#1719=CARTESIAN_POINT('',(809.20096954,-153.729122671,35.786640937));
#1720=DIRECTION('',(-0.,1.,-0.));
#1721=DIRECTION('',(0.,0.,-1.));
#1722=AXIS2_PLACEMENT_3D('',#1719,#1720,#1721);
#1723=CIRCLE('',#1722,1.6);
#1724=EDGE_CURVE('',#1711,#1700,#1723,.T.);
#1725=ORIENTED_EDGE('',*,*,#1724,.T.);
#1726=EDGE_LOOP('',(#1709,#1718,#1725));
#1727=FACE_BOUND('',#1726,.T.);
#1728=CARTESIAN_POINT('',(496.87863907,-153.729122671,73.464310467));
#1729=VERTEX_POINT('',#1728);
#1730=CARTESIAN_POINT('',(496.87863907,-153.729122671,193.322174843));
#1731=VERTEX_POINT('',#1730);
#1732=CARTESIAN_POINT('',(496.87863907,-153.729122671,73.464310467));
#1733=DIRECTION('',(-0.,-0.,1.));
#1734=VECTOR('',#1733,119.857864376);
#1735=LINE('',#1732,#1734);
#1736=EDGE_CURVE('',#1729,#1731,#1735,.T.);
#1737=ORIENTED_EDGE('',*,*,#1736,.F.);
#1738=CARTESIAN_POINT('',(499.807571258,-153.729122671,66.393242655));
#1739=VERTEX_POINT('',#1738);
#1740=CARTESIAN_POINT('',(506.87863907,-153.729122671,73.464310467));
#1741=DIRECTION('',(0.,-1.,0.));
#1742=DIRECTION('',(0.,0.,-1.));
#1743=AXIS2_PLACEMENT_3D('',#1740,#1741,#1742);
#1744=CIRCLE('',#1743,10.);
#1745=EDGE_CURVE('',#1729,#1739,#1744,.T.);
#1746=ORIENTED_EDGE('',*,*,#1745,.T.);
#1747=CARTESIAN_POINT('',(553.949706881,-153.729122671,12.251107031));
#1748=VERTEX_POINT('',#1747);
#1749=CARTESIAN_POINT('',(553.949706881,-153.729122671,12.251107031));
#1750=DIRECTION('',(-0.707106781,-0.,0.707106781));
#1751=VECTOR('',#1750,76.568542495);
#1752=LINE('',#1749,#1751);
#1753=EDGE_CURVE('',#1748,#1739,#1752,.T.);
#1754=ORIENTED_EDGE('',*,*,#1753,.F.);
#1755=CARTESIAN_POINT('',(561.020774693,-153.729122671,9.322174843));
#1756=VERTEX_POINT('',#1755);
#1757=CARTESIAN_POINT('',(561.020774693,-153.729122671,19.322174843));
#1758=DIRECTION('',(0.,-1.,0.));
#1759=DIRECTION('',(0.,0.,-1.));
#1760=AXIS2_PLACEMENT_3D('',#1757,#1758,#1759);
#1761=CIRCLE('',#1760,10.);
#1762=EDGE_CURVE('',#1748,#1756,#1761,.T.);
#1763=ORIENTED_EDGE('',*,*,#1762,.T.);
#1764=CARTESIAN_POINT('',(792.736503446,-153.729122671,9.322174843));
#1765=VERTEX_POINT('',#1764);
#1766=CARTESIAN_POINT('',(792.736503446,-153.729122671,9.322174843));
#1767=DIRECTION('',(-1.,-0.,-0.));
#1768=VECTOR('',#1767,231.715728753);
#1769=LINE('',#1766,#1768);
#1770=EDGE_CURVE('',#1765,#1756,#1769,.T.);
#1771=ORIENTED_EDGE('',*,*,#1770,.F.);
#1772=CARTESIAN_POINT('',(799.807571258,-153.729122671,12.251107031));
#1773=VERTEX_POINT('',#1772);
#1774=CARTESIAN_POINT('',(792.736503446,-153.729122671,19.322174843));
#1775=DIRECTION('',(0.,-1.,0.));
#1776=DIRECTION('',(0.,0.,-1.));
#1777=AXIS2_PLACEMENT_3D('',#1774,#1775,#1776);
#1778=CIRCLE('',#1777,10.);
#1779=EDGE_CURVE('',#1765,#1773,#1778,.T.);
#1780=ORIENTED_EDGE('',*,*,#1779,.T.);
#1781=CARTESIAN_POINT('',(853.949706881,-153.729122671,66.393242655));
#1782=VERTEX_POINT('',#1781);
#1783=CARTESIAN_POINT('',(853.949706881,-153.729122671,66.393242655));
#1784=DIRECTION('',(-0.707106781,-0.,-0.707106781));
#1785=VECTOR('',#1784,76.568542495);
#1786=LINE('',#1783,#1785);
#1787=EDGE_CURVE('',#1782,#1773,#1786,.T.);
#1788=ORIENTED_EDGE('',*,*,#1787,.F.);
#1789=CARTESIAN_POINT('',(856.87863907,-153.729122671,73.464310467));
#1790=VERTEX_POINT('',#1789);
#1791=CARTESIAN_POINT('',(846.87863907,-153.729122671,73.464310467));
#1792=DIRECTION('',(0.,-1.,0.));
#1793=DIRECTION('',(0.,0.,-1.));
#1794=AXIS2_PLACEMENT_3D('',#1791,#1792,#1793);
#1795=CIRCLE('',#1794,10.);
#1796=EDGE_CURVE('',#1782,#1790,#1795,.T.);
#1797=ORIENTED_EDGE('',*,*,#1796,.T.);
#1798=CARTESIAN_POINT('',(856.87863907,-153.729122671,193.322174843));
#1799=VERTEX_POINT('',#1798);
#1800=CARTESIAN_POINT('',(856.87863907,-153.729122671,193.322174843));
#1801=DIRECTION('',(0.,-0.,-1.));
#1802=VECTOR('',#1801,119.857864376);
#1803=LINE('',#1800,#1802);
#1804=EDGE_CURVE('',#1799,#1790,#1803,.T.);
#1805=ORIENTED_EDGE('',*,*,#1804,.F.);
#1806=CARTESIAN_POINT('',(856.87863907,-153.729122671,193.322174843));
#1807=DIRECTION('',(-1.,0.,0.));
#1808=VECTOR('',#1807,360.);
#1809=LINE('',#1806,#1808);
#1810=EDGE_CURVE('NONE',#1799,#1731,#1809,.T.);
#1811=ORIENTED_EDGE('',*,*,#1810,.T.);
#1812=EDGE_LOOP('',(#1737,#1746,#1754,#1763,#1771,#1780,#1788,#1797,#1805,#1811));
#1813=FACE_BOUND('',#1812,.T.);
#1814=CARTESIAN_POINT('',(812.736503446,-153.729122671,45.964310467));
#1815=VERTEX_POINT('',#1814);
#1816=CARTESIAN_POINT('',(805.236503446,-153.729122671,53.464310467));
#1817=VERTEX_POINT('',#1816);
#1818=CARTESIAN_POINT('',(812.736503446,-153.729122671,53.464310467));
#1819=DIRECTION('',(-0.,1.,-0.));
#1820=DIRECTION('',(0.,0.,-1.));
#1821=AXIS2_PLACEMENT_3D('',#1818,#1819,#1820);
#1822=CIRCLE('',#1821,7.5);
#1823=EDGE_CURVE('NONE',#1815,#1817,#1822,.T.);
#1824=ORIENTED_EDGE('',*,*,#1823,.T.);
#1825=CARTESIAN_POINT('',(820.236503446,-153.729122671,53.464310467));
#1826=VERTEX_POINT('',#1825);
#1827=CARTESIAN_POINT('',(812.736503446,-153.729122671,53.464310467));
#1828=DIRECTION('',(-0.,1.,-0.));
#1829=DIRECTION('',(0.,0.,-1.));
#1830=AXIS2_PLACEMENT_3D('',#1827,#1828,#1829);
#1831=CIRCLE('',#1830,7.5);
#1832=EDGE_CURVE('',#1817,#1826,#1831,.T.);
#1833=ORIENTED_EDGE('',*,*,#1832,.T.);
#1834=CARTESIAN_POINT('',(812.736503446,-153.729122671,53.464310467));
#1835=DIRECTION('',(-0.,1.,-0.));
#1836=DIRECTION('',(0.,0.,-1.));
#1837=AXIS2_PLACEMENT_3D('',#1834,#1835,#1836);
#1838=CIRCLE('',#1837,7.5);
#1839=EDGE_CURVE('',#1826,#1815,#1838,.T.);
#1840=ORIENTED_EDGE('',*,*,#1839,.T.);
#1841=EDGE_LOOP('',(#1824,#1833,#1840));
#1842=FACE_BOUND('',#1841,.T.);
#1843=CARTESIAN_POINT('',(795.058833916,-153.729122671,48.328776561));
#1844=VERTEX_POINT('',#1843);
#1845=CARTESIAN_POINT('',(793.458833916,-153.729122671,49.928776561));
#1846=VERTEX_POINT('',#1845);
#1847=CARTESIAN_POINT('',(795.058833916,-153.729122671,49.928776561));
#1848=DIRECTION('',(-0.,1.,-0.));
#1849=DIRECTION('',(0.,0.,-1.));
#1850=AXIS2_PLACEMENT_3D('',#1847,#1848,#1849);
#1851=CIRCLE('',#1850,1.6);
#1852=EDGE_CURVE('NONE',#1844,#1846,#1851,.T.);
#1853=ORIENTED_EDGE('',*,*,#1852,.T.);
#1854=CARTESIAN_POINT('',(796.658833916,-153.729122671,49.928776561));
#1855=VERTEX_POINT('',#1854);
#1856=CARTESIAN_POINT('',(795.058833916,-153.729122671,49.928776561));
#1857=DIRECTION('',(-0.,1.,-0.));
#1858=DIRECTION('',(0.,0.,-1.));
#1859=AXIS2_PLACEMENT_3D('',#1856,#1857,#1858);
#1860=CIRCLE('',#1859,1.6);
#1861=EDGE_CURVE('',#1846,#1855,#1860,.T.);
#1862=ORIENTED_EDGE('',*,*,#1861,.T.);
#1863=CARTESIAN_POINT('',(795.058833916,-153.729122671,49.928776561));
#1864=DIRECTION('',(-0.,1.,-0.));
#1865=DIRECTION('',(0.,0.,-1.));
#1866=AXIS2_PLACEMENT_3D('',#1863,#1864,#1865);
#1867=CIRCLE('',#1866,1.6);
#1868=EDGE_CURVE('',#1855,#1844,#1867,.T.);
#1869=ORIENTED_EDGE('',*,*,#1868,.T.);
#1870=EDGE_LOOP('',(#1853,#1862,#1869));
#1871=FACE_BOUND('',#1870,.T.);
#1872=CARTESIAN_POINT('',(830.414172976,-153.729122671,55.399844373));
#1873=VERTEX_POINT('',#1872);
#1874=CARTESIAN_POINT('',(828.814172976,-153.729122671,56.999844373));
#1875=VERTEX_POINT('',#1874);
#1876=CARTESIAN_POINT('',(830.414172976,-153.729122671,56.999844373));
#1877=DIRECTION('',(-0.,1.,-0.));
#1878=DIRECTION('',(0.,0.,-1.));
#1879=AXIS2_PLACEMENT_3D('',#1876,#1877,#1878);
#1880=CIRCLE('',#1879,1.6);
#1881=EDGE_CURVE('NONE',#1873,#1875,#1880,.T.);
#1882=ORIENTED_EDGE('',*,*,#1881,.T.);
#1883=CARTESIAN_POINT('',(832.014172976,-153.729122671,56.999844373));
#1884=VERTEX_POINT('',#1883);
#1885=CARTESIAN_POINT('',(830.414172976,-153.729122671,56.999844373));
#1886=DIRECTION('',(-0.,1.,-0.));
#1887=DIRECTION('',(0.,0.,-1.));
#1888=AXIS2_PLACEMENT_3D('',#1885,#1886,#1887);
#1889=CIRCLE('',#1888,1.6);
#1890=EDGE_CURVE('',#1875,#1884,#1889,.T.);
#1891=ORIENTED_EDGE('',*,*,#1890,.T.);
#1892=CARTESIAN_POINT('',(830.414172976,-153.729122671,56.999844373));
#1893=DIRECTION('',(-0.,1.,-0.));
#1894=DIRECTION('',(0.,0.,-1.));
#1895=AXIS2_PLACEMENT_3D('',#1892,#1893,#1894);
#1896=CIRCLE('',#1895,1.6);
#1897=EDGE_CURVE('',#1884,#1873,#1896,.T.);
#1898=ORIENTED_EDGE('',*,*,#1897,.T.);
#1899=EDGE_LOOP('',(#1882,#1891,#1898));
#1900=FACE_BOUND('',#1899,.T.);
#1901=CARTESIAN_POINT('',(541.020774693,-153.729122671,45.964310467));
#1902=VERTEX_POINT('',#1901);
#1903=CARTESIAN_POINT('',(533.520774693,-153.729122671,53.464310467));
#1904=VERTEX_POINT('',#1903);
#1905=CARTESIAN_POINT('',(541.020774693,-153.729122671,53.464310467));
#1906=DIRECTION('',(-0.,1.,-0.));
#1907=DIRECTION('',(0.,0.,-1.));
#1908=AXIS2_PLACEMENT_3D('',#1905,#1906,#1907);
#1909=CIRCLE('',#1908,7.5);
#1910=EDGE_CURVE('NONE',#1902,#1904,#1909,.T.);
#1911=ORIENTED_EDGE('',*,*,#1910,.T.);
#1912=CARTESIAN_POINT('',(548.520774693,-153.729122671,53.464310467));
#1913=VERTEX_POINT('',#1912);
#1914=CARTESIAN_POINT('',(541.020774693,-153.729122671,53.464310467));
#1915=DIRECTION('',(-0.,1.,-0.));
#1916=DIRECTION('',(0.,0.,-1.));
#1917=AXIS2_PLACEMENT_3D('',#1914,#1915,#1916);
#1918=CIRCLE('',#1917,7.5);
#1919=EDGE_CURVE('',#1904,#1913,#1918,.T.);
#1920=ORIENTED_EDGE('',*,*,#1919,.T.);
#1921=CARTESIAN_POINT('',(541.020774693,-153.729122671,53.464310467));
#1922=DIRECTION('',(-0.,1.,-0.));
#1923=DIRECTION('',(0.,0.,-1.));
#1924=AXIS2_PLACEMENT_3D('',#1921,#1922,#1923);
#1925=CIRCLE('',#1924,7.5);
#1926=EDGE_CURVE('',#1913,#1902,#1925,.T.);
#1927=ORIENTED_EDGE('',*,*,#1926,.T.);
#1928=EDGE_LOOP('',(#1911,#1920,#1927));
#1929=FACE_BOUND('',#1928,.T.);
#1930=CARTESIAN_POINT('',(523.343105164,-153.729122671,55.399844373));
#1931=VERTEX_POINT('',#1930);
#1932=CARTESIAN_POINT('',(521.743105164,-153.729122671,56.999844373));
#1933=VERTEX_POINT('',#1932);
#1934=CARTESIAN_POINT('',(523.343105164,-153.729122671,56.999844373));
#1935=DIRECTION('',(-0.,1.,-0.));
#1936=DIRECTION('',(0.,0.,-1.));
#1937=AXIS2_PLACEMENT_3D('',#1934,#1935,#1936);
#1938=CIRCLE('',#1937,1.6);
#1939=EDGE_CURVE('NONE',#1931,#1933,#1938,.T.);
#1940=ORIENTED_EDGE('',*,*,#1939,.T.);
#1941=CARTESIAN_POINT('',(524.943105164,-153.729122671,56.999844373));
#1942=VERTEX_POINT('',#1941);
#1943=CARTESIAN_POINT('',(523.343105164,-153.729122671,56.999844373));
#1944=DIRECTION('',(-0.,1.,-0.));
#1945=DIRECTION('',(0.,0.,-1.));
#1946=AXIS2_PLACEMENT_3D('',#1943,#1944,#1945);
#1947=CIRCLE('',#1946,1.6);
#1948=EDGE_CURVE('',#1933,#1942,#1947,.T.);
#1949=ORIENTED_EDGE('',*,*,#1948,.T.);
#1950=CARTESIAN_POINT('',(523.343105164,-153.729122671,56.999844373));
#1951=DIRECTION('',(-0.,1.,-0.));
#1952=DIRECTION('',(0.,0.,-1.));
#1953=AXIS2_PLACEMENT_3D('',#1950,#1951,#1952);
#1954=CIRCLE('',#1953,1.6);
#1955=EDGE_CURVE('',#1942,#1931,#1954,.T.);
#1956=ORIENTED_EDGE('',*,*,#1955,.T.);
#1957=EDGE_LOOP('',(#1940,#1949,#1956));
#1958=FACE_BOUND('',#1957,.T.);
#1959=CARTESIAN_POINT('',(558.698444223,-153.729122671,48.328776561));
#1960=VERTEX_POINT('',#1959);
#1961=CARTESIAN_POINT('',(557.098444223,-153.729122671,49.928776561));
#1962=VERTEX_POINT('',#1961);
#1963=CARTESIAN_POINT('',(558.698444223,-153.729122671,49.928776561));
#1964=DIRECTION('',(-0.,1.,-0.));
#1965=DIRECTION('',(0.,0.,-1.));
#1966=AXIS2_PLACEMENT_3D('',#1963,#1964,#1965);
#1967=CIRCLE('',#1966,1.6);
#1968=EDGE_CURVE('NONE',#1960,#1962,#1967,.T.);
#1969=ORIENTED_EDGE('',*,*,#1968,.T.);
#1970=CARTESIAN_POINT('',(560.298444223,-153.729122671,49.928776561));
#1971=VERTEX_POINT('',#1970);
#1972=CARTESIAN_POINT('',(558.698444223,-153.729122671,49.928776561));
#1973=DIRECTION('',(-0.,1.,-0.));
#1974=DIRECTION('',(0.,0.,-1.));
#1975=AXIS2_PLACEMENT_3D('',#1972,#1973,#1974);
#1976=CIRCLE('',#1975,1.6);
#1977=EDGE_CURVE('',#1962,#1971,#1976,.T.);
#1978=ORIENTED_EDGE('',*,*,#1977,.T.);
#1979=CARTESIAN_POINT('',(558.698444223,-153.729122671,49.928776561));
#1980=DIRECTION('',(-0.,1.,-0.));
#1981=DIRECTION('',(0.,0.,-1.));
#1982=AXIS2_PLACEMENT_3D('',#1979,#1980,#1981);
#1983=CIRCLE('',#1982,1.6);
#1984=EDGE_CURVE('',#1971,#1960,#1983,.T.);
#1985=ORIENTED_EDGE('',*,*,#1984,.T.);
#1986=EDGE_LOOP('',(#1969,#1978,#1985));
#1987=FACE_BOUND('',#1986,.T.);
#1988=CARTESIAN_POINT('',(756.87863907,-153.729122671,44.722174843));
#1989=VERTEX_POINT('',#1988);
#1990=CARTESIAN_POINT('',(754.27863907,-153.729122671,47.322174843));
#1991=VERTEX_POINT('',#1990);
#1992=CARTESIAN_POINT('',(756.87863907,-153.729122671,47.322174843));
#1993=DIRECTION('',(-0.,1.,-0.));
#1994=DIRECTION('',(0.,0.,-1.));
#1995=AXIS2_PLACEMENT_3D('',#1992,#1993,#1994);
#1996=CIRCLE('',#1995,2.6);
#1997=EDGE_CURVE('NONE',#1989,#1991,#1996,.T.);
#1998=ORIENTED_EDGE('',*,*,#1997,.T.);
#1999=CARTESIAN_POINT('',(759.47863907,-153.729122671,47.322174843));
#2000=VERTEX_POINT('',#1999);
#2001=CARTESIAN_POINT('',(756.87863907,-153.729122671,47.322174843));
#2002=DIRECTION('',(-0.,1.,-0.));
#2003=DIRECTION('',(0.,0.,-1.));
#2004=AXIS2_PLACEMENT_3D('',#2001,#2002,#2003);
#2005=CIRCLE('',#2004,2.6);
#2006=EDGE_CURVE('',#1991,#2000,#2005,.T.);
#2007=ORIENTED_EDGE('',*,*,#2006,.T.);
#2008=CARTESIAN_POINT('',(756.87863907,-153.729122671,47.322174843));
#2009=DIRECTION('',(-0.,1.,-0.));
#2010=DIRECTION('',(0.,0.,-1.));
#2011=AXIS2_PLACEMENT_3D('',#2008,#2009,#2010);
#2012=CIRCLE('',#2011,2.6);
#2013=EDGE_CURVE('',#2000,#1989,#2012,.T.);
#2014=ORIENTED_EDGE('',*,*,#2013,.T.);
#2015=EDGE_LOOP('',(#1998,#2007,#2014));
#2016=FACE_BOUND('',#2015,.T.);
#2017=CARTESIAN_POINT('',(596.87863907,-153.729122671,86.722174843));
#2018=VERTEX_POINT('',#2017);
#2019=CARTESIAN_POINT('',(594.27863907,-153.729122671,89.322174843));
#2020=VERTEX_POINT('',#2019);
#2021=CARTESIAN_POINT('',(596.87863907,-153.729122671,89.322174843));
#2022=DIRECTION('',(-0.,1.,-0.));
#2023=DIRECTION('',(0.,0.,-1.));
#2024=AXIS2_PLACEMENT_3D('',#2021,#2022,#2023);
#2025=CIRCLE('',#2024,2.6);
#2026=EDGE_CURVE('NONE',#2018,#2020,#2025,.T.);
#2027=ORIENTED_EDGE('',*,*,#2026,.T.);
#2028=CARTESIAN_POINT('',(599.47863907,-153.729122671,89.322174843));
#2029=VERTEX_POINT('',#2028);
#2030=CARTESIAN_POINT('',(596.87863907,-153.729122671,89.322174843));
#2031=DIRECTION('',(-0.,1.,-0.));
#2032=DIRECTION('',(0.,0.,-1.));
#2033=AXIS2_PLACEMENT_3D('',#2030,#2031,#2032);
#2034=CIRCLE('',#2033,2.6);
#2035=EDGE_CURVE('',#2020,#2029,#2034,.T.);
#2036=ORIENTED_EDGE('',*,*,#2035,.T.);
#2037=CARTESIAN_POINT('',(596.87863907,-153.729122671,89.322174843));
#2038=DIRECTION('',(-0.,1.,-0.));
#2039=DIRECTION('',(0.,0.,-1.));
#2040=AXIS2_PLACEMENT_3D('',#2037,#2038,#2039);
#2041=CIRCLE('',#2040,2.6);
#2042=EDGE_CURVE('',#2029,#2018,#2041,.T.);
#2043=ORIENTED_EDGE('',*,*,#2042,.T.);
#2044=EDGE_LOOP('',(#2027,#2036,#2043));
#2045=FACE_BOUND('',#2044,.T.);
#2046=CARTESIAN_POINT('',(697.87863907,-153.729122671,106.722174843));
#2047=VERTEX_POINT('',#2046);
#2048=CARTESIAN_POINT('',(695.27863907,-153.729122671,109.322174843));
#2049=VERTEX_POINT('',#2048);
#2050=CARTESIAN_POINT('',(697.87863907,-153.729122671,109.322174843));
#2051=DIRECTION('',(-0.,1.,-0.));
#2052=DIRECTION('',(0.,0.,-1.));
#2053=AXIS2_PLACEMENT_3D('',#2050,#2051,#2052);
#2054=CIRCLE('',#2053,2.6);
#2055=EDGE_CURVE('NONE',#2047,#2049,#2054,.T.);
#2056=ORIENTED_EDGE('',*,*,#2055,.T.);
#2057=CARTESIAN_POINT('',(700.47863907,-153.729122671,109.322174843));
#2058=VERTEX_POINT('',#2057);
#2059=CARTESIAN_POINT('',(697.87863907,-153.729122671,109.322174843));
#2060=DIRECTION('',(-0.,1.,-0.));
#2061=DIRECTION('',(0.,0.,-1.));
#2062=AXIS2_PLACEMENT_3D('',#2059,#2060,#2061);
#2063=CIRCLE('',#2062,2.6);
#2064=EDGE_CURVE('',#2049,#2058,#2063,.T.);
#2065=ORIENTED_EDGE('',*,*,#2064,.T.);
#2066=CARTESIAN_POINT('',(697.87863907,-153.729122671,109.322174843));
#2067=DIRECTION('',(-0.,1.,-0.));
#2068=DIRECTION('',(0.,0.,-1.));
#2069=AXIS2_PLACEMENT_3D('',#2066,#2067,#2068);
#2070=CIRCLE('',#2069,2.6);
#2071=EDGE_CURVE('',#2058,#2047,#2070,.T.);
#2072=ORIENTED_EDGE('',*,*,#2071,.T.);
#2073=EDGE_LOOP('',(#2056,#2065,#2072));
#2074=FACE_BOUND('',#2073,.T.);
#2075=CARTESIAN_POINT('',(655.87863907,-153.729122671,106.722174843));
#2076=VERTEX_POINT('',#2075);
#2077=CARTESIAN_POINT('',(653.27863907,-153.729122671,109.322174843));
#2078=VERTEX_POINT('',#2077);
#2079=CARTESIAN_POINT('',(655.87863907,-153.729122671,109.322174843));
#2080=DIRECTION('',(-0.,1.,-0.));
#2081=DIRECTION('',(0.,0.,-1.));
#2082=AXIS2_PLACEMENT_3D('',#2079,#2080,#2081);
#2083=CIRCLE('',#2082,2.6);
#2084=EDGE_CURVE('NONE',#2076,#2078,#2083,.T.);
#2085=ORIENTED_EDGE('',*,*,#2084,.T.);
#2086=CARTESIAN_POINT('',(658.47863907,-153.729122671,109.322174843));
#2087=VERTEX_POINT('',#2086);
#2088=CARTESIAN_POINT('',(655.87863907,-153.729122671,109.322174843));
#2089=DIRECTION('',(-0.,1.,-0.));
#2090=DIRECTION('',(0.,0.,-1.));
#2091=AXIS2_PLACEMENT_3D('',#2088,#2089,#2090);
#2092=CIRCLE('',#2091,2.6);
#2093=EDGE_CURVE('',#2078,#2087,#2092,.T.);
#2094=ORIENTED_EDGE('',*,*,#2093,.T.);
#2095=CARTESIAN_POINT('',(655.87863907,-153.729122671,109.322174843));
#2096=DIRECTION('',(-0.,1.,-0.));
#2097=DIRECTION('',(0.,0.,-1.));
#2098=AXIS2_PLACEMENT_3D('',#2095,#2096,#2097);
#2099=CIRCLE('',#2098,2.6);
#2100=EDGE_CURVE('',#2087,#2076,#2099,.T.);
#2101=ORIENTED_EDGE('',*,*,#2100,.T.);
#2102=EDGE_LOOP('',(#2085,#2094,#2101));
#2103=FACE_BOUND('',#2102,.T.);
#2104=CARTESIAN_POINT('',(716.87863907,-153.729122671,145.722174843));
#2105=VERTEX_POINT('',#2104);
#2106=CARTESIAN_POINT('',(714.77863907,-153.729122671,147.822174843));
#2107=VERTEX_POINT('',#2106);
#2108=CARTESIAN_POINT('',(716.87863907,-153.729122671,147.822174843));
#2109=DIRECTION('',(-0.,1.,-0.));
#2110=DIRECTION('',(0.,0.,-1.));
#2111=AXIS2_PLACEMENT_3D('',#2108,#2109,#2110);
#2112=CIRCLE('',#2111,2.1);
#2113=EDGE_CURVE('NONE',#2105,#2107,#2112,.T.);
#2114=ORIENTED_EDGE('',*,*,#2113,.T.);
#2115=CARTESIAN_POINT('',(718.97863907,-153.729122671,147.822174843));
#2116=VERTEX_POINT('',#2115);
#2117=CARTESIAN_POINT('',(716.87863907,-153.729122671,147.822174843));
#2118=DIRECTION('',(-0.,1.,-0.));
#2119=DIRECTION('',(0.,0.,-1.));
#2120=AXIS2_PLACEMENT_3D('',#2117,#2118,#2119);
#2121=CIRCLE('',#2120,2.1);
#2122=EDGE_CURVE('',#2107,#2116,#2121,.T.);
#2123=ORIENTED_EDGE('',*,*,#2122,.T.);
#2124=CARTESIAN_POINT('',(716.87863907,-153.729122671,147.822174843));
#2125=DIRECTION('',(-0.,1.,-0.));
#2126=DIRECTION('',(0.,0.,-1.));
#2127=AXIS2_PLACEMENT_3D('',#2124,#2125,#2126);
#2128=CIRCLE('',#2127,2.1);
#2129=EDGE_CURVE('',#2116,#2105,#2128,.T.);
#2130=ORIENTED_EDGE('',*,*,#2129,.T.);
#2131=EDGE_LOOP('',(#2114,#2123,#2130));
#2132=FACE_BOUND('',#2131,.T.);
#2133=CARTESIAN_POINT('',(636.87863907,-153.729122671,145.722174843));
#2134=VERTEX_POINT('',#2133);
#2135=CARTESIAN_POINT('',(634.77863907,-153.729122671,147.822174843));
#2136=VERTEX_POINT('',#2135);
#2137=CARTESIAN_POINT('',(636.87863907,-153.729122671,147.822174843));
#2138=DIRECTION('',(-0.,1.,-0.));
#2139=DIRECTION('',(0.,0.,-1.));
#2140=AXIS2_PLACEMENT_3D('',#2137,#2138,#2139);
#2141=CIRCLE('',#2140,2.1);
#2142=EDGE_CURVE('NONE',#2134,#2136,#2141,.T.);
#2143=ORIENTED_EDGE('',*,*,#2142,.T.);
#2144=CARTESIAN_POINT('',(638.97863907,-153.729122671,147.822174843));
#2145=VERTEX_POINT('',#2144);
#2146=CARTESIAN_POINT('',(636.87863907,-153.729122671,147.822174843));
#2147=DIRECTION('',(-0.,1.,-0.));
#2148=DIRECTION('',(0.,0.,-1.));
#2149=AXIS2_PLACEMENT_3D('',#2146,#2147,#2148);
#2150=CIRCLE('',#2149,2.1);
#2151=EDGE_CURVE('',#2136,#2145,#2150,.T.);
#2152=ORIENTED_EDGE('',*,*,#2151,.T.);
#2153=CARTESIAN_POINT('',(636.87863907,-153.729122671,147.822174843));
#2154=DIRECTION('',(-0.,1.,-0.));
#2155=DIRECTION('',(0.,0.,-1.));
#2156=AXIS2_PLACEMENT_3D('',#2153,#2154,#2155);
#2157=CIRCLE('',#2156,2.1);
#2158=EDGE_CURVE('',#2145,#2134,#2157,.T.);
#2159=ORIENTED_EDGE('',*,*,#2158,.T.);
#2160=EDGE_LOOP('',(#2143,#2152,#2159));
#2161=FACE_BOUND('',#2160,.T.);
#2162=CARTESIAN_POINT('',(676.87863907,-153.729122671,162.722174843));
#2163=VERTEX_POINT('',#2162);
#2164=CARTESIAN_POINT('',(675.27863907,-153.729122671,164.322174843));
#2165=VERTEX_POINT('',#2164);
#2166=CARTESIAN_POINT('',(676.87863907,-153.729122671,164.322174843));
#2167=DIRECTION('',(-0.,1.,-0.));
#2168=DIRECTION('',(0.,0.,-1.));
#2169=AXIS2_PLACEMENT_3D('',#2166,#2167,#2168);
#2170=CIRCLE('',#2169,1.6);
#2171=EDGE_CURVE('NONE',#2163,#2165,#2170,.T.);
#2172=ORIENTED_EDGE('',*,*,#2171,.T.);
#2173=CARTESIAN_POINT('',(678.47863907,-153.729122671,164.322174843));
#2174=VERTEX_POINT('',#2173);
#2175=CARTESIAN_POINT('',(676.87863907,-153.729122671,164.322174843));
#2176=DIRECTION('',(-0.,1.,-0.));
#2177=DIRECTION('',(0.,0.,-1.));
#2178=AXIS2_PLACEMENT_3D('',#2175,#2176,#2177);
#2179=CIRCLE('',#2178,1.6);
#2180=EDGE_CURVE('',#2165,#2174,#2179,.T.);
#2181=ORIENTED_EDGE('',*,*,#2180,.T.);
#2182=CARTESIAN_POINT('',(676.87863907,-153.729122671,164.322174843));
#2183=DIRECTION('',(-0.,1.,-0.));
#2184=DIRECTION('',(0.,0.,-1.));
#2185=AXIS2_PLACEMENT_3D('',#2182,#2183,#2184);
#2186=CIRCLE('',#2185,1.6);
#2187=EDGE_CURVE('',#2174,#2163,#2186,.T.);
#2188=ORIENTED_EDGE('',*,*,#2187,.T.);
#2189=EDGE_LOOP('',(#2172,#2181,#2188));
#2190=FACE_BOUND('',#2189,.T.);
#2191=CARTESIAN_POINT('',(634.80971406,-153.729122671,174.732102801));
#2192=VERTEX_POINT('',#2191);
#2193=CARTESIAN_POINT('',(610.80971406,-153.729122671,174.732102801));
#2194=VERTEX_POINT('',#2193);
#2195=CARTESIAN_POINT('',(634.80971406,-153.729122671,174.732102801));
#2196=DIRECTION('',(-1.,0.,0.));
#2197=VECTOR('',#2196,24.);
#2198=LINE('',#2195,#2197);
#2199=EDGE_CURVE('',#2192,#2194,#2198,.T.);
#2200=ORIENTED_EDGE('',*,*,#2199,.F.);
#2201=CARTESIAN_POINT('',(637.80971406,-153.729122671,171.732102801));
#2202=VERTEX_POINT('',#2201);
#2203=CARTESIAN_POINT('',(634.80971406,-153.729122671,171.732102801));
#2204=DIRECTION('',(-0.,1.,-0.));
#2205=DIRECTION('',(0.,0.,-1.));
#2206=AXIS2_PLACEMENT_3D('',#2203,#2204,#2205);
#2207=CIRCLE('',#2206,3.);
#2208=EDGE_CURVE('',#2192,#2202,#2207,.T.);
#2209=ORIENTED_EDGE('',*,*,#2208,.T.);
#2210=CARTESIAN_POINT('',(637.80971406,-153.729122671,167.732102801));
#2211=VERTEX_POINT('',#2210);
#2212=CARTESIAN_POINT('',(637.80971406,-153.729122671,167.732102801));
#2213=DIRECTION('',(0.,0.,1.));
#2214=VECTOR('',#2213,4.);
#2215=LINE('',#2212,#2214);
#2216=EDGE_CURVE('',#2211,#2202,#2215,.T.);
#2217=ORIENTED_EDGE('',*,*,#2216,.F.);
#2218=CARTESIAN_POINT('',(634.80971406,-153.729122671,164.732102801));
#2219=VERTEX_POINT('',#2218);
#2220=CARTESIAN_POINT('',(634.80971406,-153.729122671,167.732102801));
#2221=DIRECTION('',(-0.,1.,-0.));
#2222=DIRECTION('',(0.,0.,-1.));
#2223=AXIS2_PLACEMENT_3D('',#2220,#2221,#2222);
#2224=CIRCLE('',#2223,3.);
#2225=EDGE_CURVE('',#2211,#2219,#2224,.T.);
#2226=ORIENTED_EDGE('',*,*,#2225,.T.);
#2227=CARTESIAN_POINT('',(610.80971406,-153.729122671,164.732102801));
#2228=VERTEX_POINT('',#2227);
#2229=CARTESIAN_POINT('',(610.80971406,-153.729122671,164.732102801));
#2230=DIRECTION('',(1.,0.,-0.));
#2231=VECTOR('',#2230,24.);
#2232=LINE('',#2229,#2231);
#2233=EDGE_CURVE('',#2228,#2219,#2232,.T.);
#2234=ORIENTED_EDGE('',*,*,#2233,.F.);
#2235=CARTESIAN_POINT('',(607.80971406,-153.729122671,167.732102801));
#2236=VERTEX_POINT('',#2235);
#2237=CARTESIAN_POINT('',(610.80971406,-153.729122671,167.732102801));
#2238=DIRECTION('',(-0.,1.,-0.));
#2239=DIRECTION('',(0.,0.,-1.));
#2240=AXIS2_PLACEMENT_3D('',#2237,#2238,#2239);
#2241=CIRCLE('',#2240,3.);
#2242=EDGE_CURVE('',#2228,#2236,#2241,.T.);
#2243=ORIENTED_EDGE('',*,*,#2242,.T.);
#2244=CARTESIAN_POINT('',(607.80971406,-153.729122671,171.732102801));
#2245=VERTEX_POINT('',#2244);
#2246=CARTESIAN_POINT('',(607.80971406,-153.729122671,171.732102801));
#2247=DIRECTION('',(0.,0.,-1.));
#2248=VECTOR('',#2247,4.);
#2249=LINE('',#2246,#2248);
#2250=EDGE_CURVE('',#2245,#2236,#2249,.T.);
#2251=ORIENTED_EDGE('',*,*,#2250,.F.);
#2252=CARTESIAN_POINT('',(610.80971406,-153.729122671,171.732102801));
#2253=DIRECTION('',(-0.,1.,-0.));
#2254=DIRECTION('',(0.,0.,-1.));
#2255=AXIS2_PLACEMENT_3D('',#2252,#2253,#2254);
#2256=CIRCLE('',#2255,3.);
#2257=EDGE_CURVE('',#2245,#2194,#2256,.T.);
#2258=ORIENTED_EDGE('',*,*,#2257,.T.);
#2259=EDGE_LOOP('',(#2200,#2209,#2217,#2226,#2234,#2243,#2251,#2258));
#2260=FACE_BOUND('',#2259,.T.);
#2261=CARTESIAN_POINT('',(663.27863907,-153.729122671,176.322174843));
#2262=VERTEX_POINT('',#2261);
#2263=CARTESIAN_POINT('',(666.47863907,-153.729122671,176.322174843));
#2264=VERTEX_POINT('',#2263);
#2265=CARTESIAN_POINT('',(664.87863907,-153.729122671,176.322174843));
#2266=DIRECTION('',(-0.,1.,-0.));
#2267=DIRECTION('',(0.,0.,-1.));
#2268=AXIS2_PLACEMENT_3D('',#2265,#2266,#2267);
#2269=CIRCLE('',#2268,1.6);
#2270=EDGE_CURVE('NONE',#2262,#2264,#2269,.T.);
#2271=ORIENTED_EDGE('',*,*,#2270,.T.);
#2272=CARTESIAN_POINT('',(664.87863907,-153.729122671,176.322174843));
#2273=DIRECTION('',(-0.,1.,-0.));
#2274=DIRECTION('',(0.,0.,-1.));
#2275=AXIS2_PLACEMENT_3D('',#2272,#2273,#2274);
#2276=CIRCLE('',#2275,1.6);
#2277=EDGE_CURVE('',#2264,#2262,#2276,.T.);
#2278=ORIENTED_EDGE('',*,*,#2277,.T.);
#2279=EDGE_LOOP('',(#2271,#2278));
#2280=FACE_BOUND('',#2279,.T.);
#2281=CARTESIAN_POINT('',(675.27863907,-153.729122671,188.322174843));
#2282=VERTEX_POINT('',#2281);
#2283=CARTESIAN_POINT('',(676.87863907,-153.729122671,189.922174843));
#2284=VERTEX_POINT('',#2283);
#2285=CARTESIAN_POINT('',(676.87863907,-153.729122671,188.322174843));
#2286=DIRECTION('',(-0.,1.,-0.));
#2287=DIRECTION('',(0.,0.,-1.));
#2288=AXIS2_PLACEMENT_3D('',#2285,#2286,#2287);
#2289=CIRCLE('',#2288,1.6);
#2290=EDGE_CURVE('NONE',#2282,#2284,#2289,.T.);
#2291=ORIENTED_EDGE('',*,*,#2290,.T.);
#2292=CARTESIAN_POINT('',(678.47863907,-153.729122671,188.322174843));
#2293=VERTEX_POINT('',#2292);
#2294=CARTESIAN_POINT('',(676.87863907,-153.729122671,188.322174843));
#2295=DIRECTION('',(-0.,1.,-0.));
#2296=DIRECTION('',(0.,0.,-1.));
#2297=AXIS2_PLACEMENT_3D('',#2294,#2295,#2296);
#2298=CIRCLE('',#2297,1.6);
#2299=EDGE_CURVE('',#2284,#2293,#2298,.T.);
#2300=ORIENTED_EDGE('',*,*,#2299,.T.);
#2301=CARTESIAN_POINT('',(676.87863907,-153.729122671,188.322174843));
#2302=DIRECTION('',(-0.,1.,-0.));
#2303=DIRECTION('',(0.,0.,-1.));
#2304=AXIS2_PLACEMENT_3D('',#2301,#2302,#2303);
#2305=CIRCLE('',#2304,1.6);
#2306=EDGE_CURVE('',#2293,#2282,#2305,.T.);
#2307=ORIENTED_EDGE('',*,*,#2306,.T.);
#2308=EDGE_LOOP('',(#2291,#2300,#2307));
#2309=FACE_BOUND('',#2308,.T.);
#2310=CARTESIAN_POINT('',(687.27863907,-153.729122671,176.322174843));
#2311=VERTEX_POINT('',#2310);
#2312=CARTESIAN_POINT('',(690.47863907,-153.729122671,176.322174843));
#2313=VERTEX_POINT('',#2312);
#2314=CARTESIAN_POINT('',(688.87863907,-153.729122671,176.322174843));
#2315=DIRECTION('',(-0.,1.,-0.));
#2316=DIRECTION('',(0.,0.,-1.));
#2317=AXIS2_PLACEMENT_3D('',#2314,#2315,#2316);
#2318=CIRCLE('',#2317,1.6);
#2319=EDGE_CURVE('NONE',#2311,#2313,#2318,.T.);
#2320=ORIENTED_EDGE('',*,*,#2319,.T.);
#2321=CARTESIAN_POINT('',(688.87863907,-153.729122671,176.322174843));
#2322=DIRECTION('',(-0.,1.,-0.));
#2323=DIRECTION('',(0.,0.,-1.));
#2324=AXIS2_PLACEMENT_3D('',#2321,#2322,#2323);
#2325=CIRCLE('',#2324,1.6);
#2326=EDGE_CURVE('',#2313,#2311,#2325,.T.);
#2327=ORIENTED_EDGE('',*,*,#2326,.T.);
#2328=EDGE_LOOP('',(#2320,#2327));
#2329=FACE_BOUND('',#2328,.T.);
#2330=CARTESIAN_POINT('',(690.55,-153.729122671,123.65));
#2331=VERTEX_POINT('',#2330);
#2332=CARTESIAN_POINT('',(693.95,-153.729122671,123.65));
#2333=VERTEX_POINT('',#2332);
#2334=CARTESIAN_POINT('',(692.25,-153.729122671,123.65));
#2335=DIRECTION('',(-0.,1.,-0.));
#2336=DIRECTION('',(0.,0.,-1.));
#2337=AXIS2_PLACEMENT_3D('',#2334,#2335,#2336);
#2338=CIRCLE('',#2337,1.7);
#2339=EDGE_CURVE('',#2331,#2333,#2338,.T.);
#2340=ORIENTED_EDGE('',*,*,#2339,.T.);
#2341=CARTESIAN_POINT('',(692.25,-153.729122671,123.65));
#2342=DIRECTION('',(-0.,1.,-0.));
#2343=DIRECTION('',(0.,0.,-1.));
#2344=AXIS2_PLACEMENT_3D('',#2341,#2342,#2343);
#2345=CIRCLE('',#2344,1.7);
#2346=EDGE_CURVE('',#2333,#2331,#2345,.T.);
#2347=ORIENTED_EDGE('',*,*,#2346,.T.);
#2348=EDGE_LOOP('',(#2340,#2347));
#2349=FACE_BOUND('',#2348,.T.);
#2350=CARTESIAN_POINT('',(659.55,-153.729122671,123.65));
#2351=VERTEX_POINT('',#2350);
#2352=CARTESIAN_POINT('',(662.95,-153.729122671,123.65));
#2353=VERTEX_POINT('',#2352);
#2354=CARTESIAN_POINT('',(661.25,-153.729122671,123.65));
#2355=DIRECTION('',(-0.,1.,-0.));
#2356=DIRECTION('',(0.,0.,-1.));
#2357=AXIS2_PLACEMENT_3D('',#2354,#2355,#2356);
#2358=CIRCLE('',#2357,1.7);
#2359=EDGE_CURVE('',#2351,#2353,#2358,.T.);
#2360=ORIENTED_EDGE('',*,*,#2359,.T.);
#2361=CARTESIAN_POINT('',(661.25,-153.729122671,123.65));
#2362=DIRECTION('',(-0.,1.,-0.));
#2363=DIRECTION('',(0.,0.,-1.));
#2364=AXIS2_PLACEMENT_3D('',#2361,#2362,#2363);
#2365=CIRCLE('',#2364,1.7);
#2366=EDGE_CURVE('',#2353,#2351,#2365,.T.);
#2367=ORIENTED_EDGE('',*,*,#2366,.T.);
#2368=EDGE_LOOP('',(#2360,#2367));
#2369=FACE_BOUND('',#2368,.T.);
#2370=CARTESIAN_POINT('',(690.55,-153.729122671,154.65));
#2371=VERTEX_POINT('',#2370);
#2372=CARTESIAN_POINT('',(693.95,-153.729122671,154.65));
#2373=VERTEX_POINT('',#2372);
#2374=CARTESIAN_POINT('',(692.25,-153.729122671,154.65));
#2375=DIRECTION('',(-0.,1.,-0.));
#2376=DIRECTION('',(0.,0.,-1.));
#2377=AXIS2_PLACEMENT_3D('',#2374,#2375,#2376);
#2378=CIRCLE('',#2377,1.7);
#2379=EDGE_CURVE('',#2371,#2373,#2378,.T.);
#2380=ORIENTED_EDGE('',*,*,#2379,.T.);
#2381=CARTESIAN_POINT('',(692.25,-153.729122671,154.65));
#2382=DIRECTION('',(-0.,1.,-0.));
#2383=DIRECTION('',(0.,0.,-1.));
#2384=AXIS2_PLACEMENT_3D('',#2381,#2382,#2383);
#2385=CIRCLE('',#2384,1.7);
#2386=EDGE_CURVE('',#2373,#2371,#2385,.T.);
#2387=ORIENTED_EDGE('',*,*,#2386,.T.);
#2388=EDGE_LOOP('',(#2380,#2387));
#2389=FACE_BOUND('',#2388,.T.);
#2390=CARTESIAN_POINT('',(659.55,-153.729122671,154.65));
#2391=VERTEX_POINT('',#2390);
#2392=CARTESIAN_POINT('',(662.95,-153.729122671,154.65));
#2393=VERTEX_POINT('',#2392);
#2394=CARTESIAN_POINT('',(661.25,-153.729122671,154.65));
#2395=DIRECTION('',(-0.,1.,-0.));
#2396=DIRECTION('',(0.,0.,-1.));
#2397=AXIS2_PLACEMENT_3D('',#2394,#2395,#2396);
#2398=CIRCLE('',#2397,1.7);
#2399=EDGE_CURVE('',#2391,#2393,#2398,.T.);
#2400=ORIENTED_EDGE('',*,*,#2399,.T.);
#2401=CARTESIAN_POINT('',(661.25,-153.729122671,154.65));
#2402=DIRECTION('',(-0.,1.,-0.));
#2403=DIRECTION('',(0.,0.,-1.));
#2404=AXIS2_PLACEMENT_3D('',#2401,#2402,#2403);
#2405=CIRCLE('',#2404,1.7);
#2406=EDGE_CURVE('',#2393,#2391,#2405,.T.);
#2407=ORIENTED_EDGE('',*,*,#2406,.T.);
#2408=EDGE_LOOP('',(#2400,#2407));
#2409=FACE_BOUND('',#2408,.T.);
#2410=CARTESIAN_POINT('',(799.62136093,-153.729122671,95.322174843));
#2411=VERTEX_POINT('',#2410);
#2412=CARTESIAN_POINT('',(797.02136093,-153.729122671,97.922174843));
#2413=VERTEX_POINT('',#2412);
#2414=CARTESIAN_POINT('',(797.02136093,-153.729122671,95.322174843));
#2415=DIRECTION('',(0.,-1.,0.));
#2416=DIRECTION('',(0.,0.,-1.));
#2417=AXIS2_PLACEMENT_3D('',#2414,#2415,#2416);
#2418=CIRCLE('',#2417,2.6);
#2419=EDGE_CURVE('',#2411,#2413,#2418,.T.);
#2420=ORIENTED_EDGE('',*,*,#2419,.F.);
#2421=CARTESIAN_POINT('',(794.42136093,-153.729122671,95.322174843));
#2422=VERTEX_POINT('',#2421);
#2423=CARTESIAN_POINT('',(797.02136093,-153.729122671,95.322174843));
#2424=DIRECTION('',(0.,-1.,0.));
#2425=DIRECTION('',(0.,0.,-1.));
#2426=AXIS2_PLACEMENT_3D('',#2423,#2424,#2425);
#2427=CIRCLE('',#2426,2.6);
#2428=EDGE_CURVE('',#2422,#2411,#2427,.T.);
#2429=ORIENTED_EDGE('',*,*,#2428,.F.);
#2430=CARTESIAN_POINT('',(797.02136093,-153.729122671,95.322174843));
#2431=DIRECTION('',(0.,-1.,0.));
#2432=DIRECTION('',(0.,0.,-1.));
#2433=AXIS2_PLACEMENT_3D('',#2430,#2431,#2432);
#2434=CIRCLE('',#2433,2.6);
#2435=EDGE_CURVE('',#2413,#2422,#2434,.T.);
#2436=ORIENTED_EDGE('',*,*,#2435,.F.);
#2437=EDGE_LOOP('',(#2420,#2429,#2436));
#2438=FACE_BOUND('',#2437,.T.);
#2439=CARTESIAN_POINT('',(824.52136093,-153.729122671,149.322174843));
#2440=VERTEX_POINT('',#2439);
#2441=CARTESIAN_POINT('',(821.92136093,-153.729122671,151.922174843));
#2442=VERTEX_POINT('',#2441);
#2443=CARTESIAN_POINT('',(821.92136093,-153.729122671,149.322174843));
#2444=DIRECTION('',(0.,-1.,0.));
#2445=DIRECTION('',(0.,0.,-1.));
#2446=AXIS2_PLACEMENT_3D('',#2443,#2444,#2445);
#2447=CIRCLE('',#2446,2.6);
#2448=EDGE_CURVE('',#2440,#2442,#2447,.T.);
#2449=ORIENTED_EDGE('',*,*,#2448,.F.);
#2450=CARTESIAN_POINT('',(819.32136093,-153.729122671,149.322174843));
#2451=VERTEX_POINT('',#2450);
#2452=CARTESIAN_POINT('',(821.92136093,-153.729122671,149.322174843));
#2453=DIRECTION('',(0.,-1.,0.));
#2454=DIRECTION('',(0.,0.,-1.));
#2455=AXIS2_PLACEMENT_3D('',#2452,#2453,#2454);
#2456=CIRCLE('',#2455,2.6);
#2457=EDGE_CURVE('',#2451,#2440,#2456,.T.);
#2458=ORIENTED_EDGE('',*,*,#2457,.F.);
#2459=CARTESIAN_POINT('',(821.92136093,-153.729122671,149.322174843));
#2460=DIRECTION('',(0.,-1.,0.));
#2461=DIRECTION('',(0.,0.,-1.));
#2462=AXIS2_PLACEMENT_3D('',#2459,#2460,#2461);
#2463=CIRCLE('',#2462,2.6);
#2464=EDGE_CURVE('',#2442,#2451,#2463,.T.);
#2465=ORIENTED_EDGE('',*,*,#2464,.F.);
#2466=EDGE_LOOP('',(#2449,#2458,#2465));
#2467=FACE_BOUND('',#2466,.T.);
#2468=CARTESIAN_POINT('',(774.52136093,-153.729122671,149.322174843));
#2469=VERTEX_POINT('',#2468);
#2470=CARTESIAN_POINT('',(771.92136093,-153.729122671,151.922174843));
#2471=VERTEX_POINT('',#2470);
#2472=CARTESIAN_POINT('',(771.92136093,-153.729122671,149.322174843));
#2473=DIRECTION('',(0.,-1.,0.));
#2474=DIRECTION('',(0.,0.,-1.));
#2475=AXIS2_PLACEMENT_3D('',#2472,#2473,#2474);
#2476=CIRCLE('',#2475,2.6);
#2477=EDGE_CURVE('',#2469,#2471,#2476,.T.);
#2478=ORIENTED_EDGE('',*,*,#2477,.F.);
#2479=CARTESIAN_POINT('',(769.32136093,-153.729122671,149.322174843));
#2480=VERTEX_POINT('',#2479);
#2481=CARTESIAN_POINT('',(771.92136093,-153.729122671,149.322174843));
#2482=DIRECTION('',(0.,-1.,0.));
#2483=DIRECTION('',(0.,0.,-1.));
#2484=AXIS2_PLACEMENT_3D('',#2481,#2482,#2483);
#2485=CIRCLE('',#2484,2.6);
#2486=EDGE_CURVE('',#2480,#2469,#2485,.T.);
#2487=ORIENTED_EDGE('',*,*,#2486,.F.);
#2488=CARTESIAN_POINT('',(771.92136093,-153.729122671,149.322174843));
#2489=DIRECTION('',(0.,-1.,0.));
#2490=DIRECTION('',(0.,0.,-1.));
#2491=AXIS2_PLACEMENT_3D('',#2488,#2489,#2490);
#2492=CIRCLE('',#2491,2.6);
#2493=EDGE_CURVE('',#2471,#2480,#2492,.T.);
#2494=ORIENTED_EDGE('',*,*,#2493,.F.);
#2495=EDGE_LOOP('',(#2478,#2487,#2494));
#2496=FACE_BOUND('',#2495,.T.);
#2497=CARTESIAN_POINT('',(824.52136093,-153.729122671,89.322174843));
#2498=VERTEX_POINT('',#2497);
#2499=CARTESIAN_POINT('',(821.92136093,-153.729122671,91.922174843));
#2500=VERTEX_POINT('',#2499);
#2501=CARTESIAN_POINT('',(821.92136093,-153.729122671,89.322174843));
#2502=DIRECTION('',(0.,-1.,0.));
#2503=DIRECTION('',(0.,0.,-1.));
#2504=AXIS2_PLACEMENT_3D('',#2501,#2502,#2503);
#2505=CIRCLE('',#2504,2.6);
#2506=EDGE_CURVE('',#2498,#2500,#2505,.T.);
#2507=ORIENTED_EDGE('',*,*,#2506,.F.);
#2508=CARTESIAN_POINT('',(819.32136093,-153.729122671,89.322174843));
#2509=VERTEX_POINT('',#2508);
#2510=CARTESIAN_POINT('',(821.92136093,-153.729122671,89.322174843));
#2511=DIRECTION('',(0.,-1.,0.));
#2512=DIRECTION('',(0.,0.,-1.));
#2513=AXIS2_PLACEMENT_3D('',#2510,#2511,#2512);
#2514=CIRCLE('',#2513,2.6);
#2515=EDGE_CURVE('',#2509,#2498,#2514,.T.);
#2516=ORIENTED_EDGE('',*,*,#2515,.F.);
#2517=CARTESIAN_POINT('',(821.92136093,-153.729122671,89.322174843));
#2518=DIRECTION('',(0.,-1.,0.));
#2519=DIRECTION('',(0.,0.,-1.));
#2520=AXIS2_PLACEMENT_3D('',#2517,#2518,#2519);
#2521=CIRCLE('',#2520,2.6);
#2522=EDGE_CURVE('',#2500,#2509,#2521,.T.);
#2523=ORIENTED_EDGE('',*,*,#2522,.F.);
#2524=EDGE_LOOP('',(#2507,#2516,#2523));
#2525=FACE_BOUND('',#2524,.T.);
#2526=CARTESIAN_POINT('',(774.52136093,-153.729122671,89.322174843));
#2527=VERTEX_POINT('',#2526);
#2528=CARTESIAN_POINT('',(771.92136093,-153.729122671,91.922174843));
#2529=VERTEX_POINT('',#2528);
#2530=CARTESIAN_POINT('',(771.92136093,-153.729122671,89.322174843));
#2531=DIRECTION('',(0.,-1.,0.));
#2532=DIRECTION('',(0.,0.,-1.));
#2533=AXIS2_PLACEMENT_3D('',#2530,#2531,#2532);
#2534=CIRCLE('',#2533,2.6);
#2535=EDGE_CURVE('',#2527,#2529,#2534,.T.);
#2536=ORIENTED_EDGE('',*,*,#2535,.F.);
#2537=CARTESIAN_POINT('',(769.32136093,-153.729122671,89.322174843));
#2538=VERTEX_POINT('',#2537);
#2539=CARTESIAN_POINT('',(771.92136093,-153.729122671,89.322174843));
#2540=DIRECTION('',(0.,-1.,0.));
#2541=DIRECTION('',(0.,0.,-1.));
#2542=AXIS2_PLACEMENT_3D('',#2539,#2540,#2541);
#2543=CIRCLE('',#2542,2.6);
#2544=EDGE_CURVE('',#2538,#2527,#2543,.T.);
#2545=ORIENTED_EDGE('',*,*,#2544,.F.);
#2546=CARTESIAN_POINT('',(771.92136093,-153.729122671,89.322174843));
#2547=DIRECTION('',(0.,-1.,0.));
#2548=DIRECTION('',(0.,0.,-1.));
#2549=AXIS2_PLACEMENT_3D('',#2546,#2547,#2548);
#2550=CIRCLE('',#2549,2.6);
#2551=EDGE_CURVE('',#2529,#2538,#2550,.T.);
#2552=ORIENTED_EDGE('',*,*,#2551,.F.);
#2553=EDGE_LOOP('',(#2536,#2545,#2552));
#2554=FACE_BOUND('',#2553,.T.);
#2555=CARTESIAN_POINT('',(799.02136093,-153.729122671,119.322174843));
#2556=VERTEX_POINT('',#2555);
#2557=CARTESIAN_POINT('',(796.92136093,-153.729122671,121.422174843));
#2558=VERTEX_POINT('',#2557);
#2559=CARTESIAN_POINT('',(796.92136093,-153.729122671,119.322174843));
#2560=DIRECTION('',(0.,-1.,0.));
#2561=DIRECTION('',(0.,0.,-1.));
#2562=AXIS2_PLACEMENT_3D('',#2559,#2560,#2561);
#2563=CIRCLE('',#2562,2.1);
#2564=EDGE_CURVE('',#2556,#2558,#2563,.T.);
#2565=ORIENTED_EDGE('',*,*,#2564,.F.);
#2566=CARTESIAN_POINT('',(794.82136093,-153.729122671,119.322174843));
#2567=VERTEX_POINT('',#2566);
#2568=CARTESIAN_POINT('',(796.92136093,-153.729122671,119.322174843));
#2569=DIRECTION('',(0.,-1.,0.));
#2570=DIRECTION('',(0.,0.,-1.));
#2571=AXIS2_PLACEMENT_3D('',#2568,#2569,#2570);
#2572=CIRCLE('',#2571,2.1);
#2573=EDGE_CURVE('',#2567,#2556,#2572,.T.);
#2574=ORIENTED_EDGE('',*,*,#2573,.F.);
#2575=CARTESIAN_POINT('',(796.92136093,-153.729122671,119.322174843));
#2576=DIRECTION('',(0.,-1.,0.));
#2577=DIRECTION('',(0.,0.,-1.));
#2578=AXIS2_PLACEMENT_3D('',#2575,#2576,#2577);
#2579=CIRCLE('',#2578,2.1);
#2580=EDGE_CURVE('',#2558,#2567,#2579,.T.);
#2581=ORIENTED_EDGE('',*,*,#2580,.F.);
#2582=EDGE_LOOP('',(#2565,#2574,#2581));
#2583=FACE_BOUND('',#2582,.T.);
#2584=CARTESIAN_POINT('',(799.42136093,-153.729122671,143.322174843));
#2585=VERTEX_POINT('',#2584);
#2586=CARTESIAN_POINT('',(796.82136093,-153.729122671,145.922174843));
#2587=VERTEX_POINT('',#2586);
#2588=CARTESIAN_POINT('',(796.82136093,-153.729122671,143.322174843));
#2589=DIRECTION('',(0.,-1.,0.));
#2590=DIRECTION('',(0.,0.,-1.));
#2591=AXIS2_PLACEMENT_3D('',#2588,#2589,#2590);
#2592=CIRCLE('',#2591,2.6);
#2593=EDGE_CURVE('',#2585,#2587,#2592,.T.);
#2594=ORIENTED_EDGE('',*,*,#2593,.F.);
#2595=CARTESIAN_POINT('',(794.22136093,-153.729122671,143.322174843));
#2596=VERTEX_POINT('',#2595);
#2597=CARTESIAN_POINT('',(796.82136093,-153.729122671,143.322174843));
#2598=DIRECTION('',(0.,-1.,0.));
#2599=DIRECTION('',(0.,0.,-1.));
#2600=AXIS2_PLACEMENT_3D('',#2597,#2598,#2599);
#2601=CIRCLE('',#2600,2.6);
#2602=EDGE_CURVE('',#2596,#2585,#2601,.T.);
#2603=ORIENTED_EDGE('',*,*,#2602,.F.);
#2604=CARTESIAN_POINT('',(796.82136093,-153.729122671,143.322174843));
#2605=DIRECTION('',(0.,-1.,0.));
#2606=DIRECTION('',(0.,0.,-1.));
#2607=AXIS2_PLACEMENT_3D('',#2604,#2605,#2606);
#2608=CIRCLE('',#2607,2.6);
#2609=EDGE_CURVE('',#2587,#2596,#2608,.T.);
#2610=ORIENTED_EDGE('',*,*,#2609,.F.);
#2611=EDGE_LOOP('',(#2594,#2603,#2610));
#2612=FACE_BOUND('',#2611,.T.);
#2613=ADVANCED_FACE('',(#1124,#1129,#1134,#1139,#1144,#1149,#1154,#1159,#1164,#1169,#1198,#1268,#1338,#1408,#1437,#1466,#1495,#1524,#1553,#1582,#1611,#1640,#1669,#1698,#1727,#1813,
#1842,#1871,#1900,#1929,#1958,#1987,#2016,#2045,#2074,#2103,#2132,#2161,#2190,#2260,#2280,#2309,#2329,#2349,#2369,#2389,#2409,#2438,#2467,#2496,#2525,
#2554,#2583,#2612),#1119,.T.);
#2614=CARTESIAN_POINT('',(792.736503446,-147.729122671,359.322174843));
#2615=DIRECTION('',(0.,-1.,0.));
#2616=DIRECTION('',(0.,0.,-1.));
#2617=AXIS2_PLACEMENT_3D('',#2614,#2615,#2616);
#2618=PLANE('',#2617);
#2619=ORIENTED_EDGE('',*,*,#670,.F.);
#2620=ORIENTED_EDGE('',*,*,#663,.F.);
#2621=ORIENTED_EDGE('',*,*,#654,.F.);
#2622=EDGE_LOOP('',(#2619,#2620,#2621));
#2623=FACE_BOUND('',#2622,.T.);
#2624=ORIENTED_EDGE('',*,*,#739,.F.);
#2625=ORIENTED_EDGE('',*,*,#732,.F.);
#2626=ORIENTED_EDGE('',*,*,#723,.F.);
#2627=EDGE_LOOP('',(#2624,#2625,#2626));
#2628=FACE_BOUND('',#2627,.T.);
#2629=ORIENTED_EDGE('',*,*,#808,.F.);
#2630=ORIENTED_EDGE('',*,*,#801,.F.);
#2631=ORIENTED_EDGE('',*,*,#792,.F.);
#2632=EDGE_LOOP('',(#2629,#2630,#2631));
#2633=FACE_BOUND('',#2632,.T.);
#2634=ORIENTED_EDGE('',*,*,#877,.F.);
#2635=ORIENTED_EDGE('',*,*,#870,.F.);
#2636=ORIENTED_EDGE('',*,*,#861,.F.);
#2637=EDGE_LOOP('',(#2634,#2635,#2636));
#2638=FACE_BOUND('',#2637,.T.);
#2639=ORIENTED_EDGE('',*,*,#946,.F.);
#2640=ORIENTED_EDGE('',*,*,#939,.F.);
#2641=ORIENTED_EDGE('',*,*,#930,.F.);
#2642=EDGE_LOOP('',(#2639,#2640,#2641));
#2643=FACE_BOUND('',#2642,.T.);
#2644=ORIENTED_EDGE('',*,*,#1015,.F.);
#2645=ORIENTED_EDGE('',*,*,#1008,.F.);
#2646=ORIENTED_EDGE('',*,*,#999,.F.);
#2647=EDGE_LOOP('',(#2644,#2645,#2646));
#2648=FACE_BOUND('',#2647,.T.);
#2649=ORIENTED_EDGE('',*,*,#1084,.F.);
#2650=ORIENTED_EDGE('',*,*,#1077,.F.);
#2651=ORIENTED_EDGE('',*,*,#1068,.F.);
#2652=EDGE_LOOP('',(#2649,#2650,#2651));
#2653=FACE_BOUND('',#2652,.T.);
#2654=CARTESIAN_POINT('',(775.52136093,-147.729122671,119.222174843));
#2655=VERTEX_POINT('',#2654);
#2656=CARTESIAN_POINT('',(772.92136093,-147.729122671,121.822174843));
#2657=VERTEX_POINT('',#2656);
#2658=CARTESIAN_POINT('',(772.92136093,-147.729122671,119.222174843));
#2659=DIRECTION('',(0.,-1.,0.));
#2660=DIRECTION('',(0.,0.,-1.));
#2661=AXIS2_PLACEMENT_3D('',#2658,#2659,#2660);
#2662=CIRCLE('',#2661,2.6);
#2663=EDGE_CURVE('',#2655,#2657,#2662,.T.);
#2664=ORIENTED_EDGE('',*,*,#2663,.T.);
#2665=CARTESIAN_POINT('',(770.32136093,-147.729122671,119.222174843));
#2666=VERTEX_POINT('',#2665);
#2667=CARTESIAN_POINT('',(772.92136093,-147.729122671,119.222174843));
#2668=DIRECTION('',(0.,-1.,0.));
#2669=DIRECTION('',(0.,0.,-1.));
#2670=AXIS2_PLACEMENT_3D('',#2667,#2668,#2669);
#2671=CIRCLE('',#2670,2.6);
#2672=EDGE_CURVE('',#2657,#2666,#2671,.T.);
#2673=ORIENTED_EDGE('',*,*,#2672,.T.);
#2674=CARTESIAN_POINT('',(772.92136093,-147.729122671,119.222174843));
#2675=DIRECTION('',(0.,-1.,0.));
#2676=DIRECTION('',(0.,0.,-1.));
#2677=AXIS2_PLACEMENT_3D('',#2674,#2675,#2676);
#2678=CIRCLE('',#2677,2.6);
#2679=EDGE_CURVE('',#2666,#2655,#2678,.T.);
#2680=ORIENTED_EDGE('',*,*,#2679,.T.);
#2681=EDGE_LOOP('',(#2664,#2673,#2680));
#2682=FACE_BOUND('',#2681,.T.);
#2683=CARTESIAN_POINT('',(675.27863907,-147.729122671,188.322174843));
#2684=VERTEX_POINT('',#2683);
#2685=CARTESIAN_POINT('',(676.87863907,-147.729122671,189.922174843));
#2686=VERTEX_POINT('',#2685);
#2687=CARTESIAN_POINT('',(676.87863907,-147.729122671,188.322174843));
#2688=DIRECTION('',(-0.,1.,-0.));
#2689=DIRECTION('',(0.,0.,-1.));
#2690=AXIS2_PLACEMENT_3D('',#2687,#2688,#2689);
#2691=CIRCLE('',#2690,1.6);
#2692=EDGE_CURVE('NONE',#2684,#2686,#2691,.T.);
#2693=ORIENTED_EDGE('',*,*,#2692,.F.);
#2694=CARTESIAN_POINT('',(678.47863907,-147.729122671,188.322174843));
#2695=VERTEX_POINT('',#2694);
#2696=CARTESIAN_POINT('',(676.87863907,-147.729122671,188.322174843));
#2697=DIRECTION('',(-0.,1.,-0.));
#2698=DIRECTION('',(0.,0.,-1.));
#2699=AXIS2_PLACEMENT_3D('',#2696,#2697,#2698);
#2700=CIRCLE('',#2699,1.6);
#2701=EDGE_CURVE('',#2695,#2684,#2700,.T.);
#2702=ORIENTED_EDGE('',*,*,#2701,.F.);
#2703=CARTESIAN_POINT('',(676.87863907,-147.729122671,188.322174843));
#2704=DIRECTION('',(-0.,1.,-0.));
#2705=DIRECTION('',(0.,0.,-1.));
#2706=AXIS2_PLACEMENT_3D('',#2703,#2704,#2705);
#2707=CIRCLE('',#2706,1.6);
#2708=EDGE_CURVE('',#2686,#2695,#2707,.T.);
#2709=ORIENTED_EDGE('',*,*,#2708,.F.);
#2710=EDGE_LOOP('',(#2693,#2702,#2709));
#2711=FACE_BOUND('',#2710,.T.);
#2712=CARTESIAN_POINT('',(715.947564079,-147.729122671,167.732102801));
#2713=VERTEX_POINT('',#2712);
#2714=CARTESIAN_POINT('',(715.947564079,-147.729122671,171.732102801));
#2715=VERTEX_POINT('',#2714);
#2716=CARTESIAN_POINT('',(715.947564079,-147.729122671,167.732102801));
#2717=DIRECTION('',(0.,0.,1.));
#2718=VECTOR('',#2717,4.);
#2719=LINE('',#2716,#2718);
#2720=EDGE_CURVE('',#2713,#2715,#2719,.T.);
#2721=ORIENTED_EDGE('',*,*,#2720,.F.);
#2722=CARTESIAN_POINT('',(718.947564079,-147.729122671,164.732102801));
#2723=VERTEX_POINT('',#2722);
#2724=CARTESIAN_POINT('',(718.947564079,-147.729122671,167.732102801));
#2725=DIRECTION('',(0.,-1.,0.));
#2726=DIRECTION('',(0.,0.,-1.));
#2727=AXIS2_PLACEMENT_3D('',#2724,#2725,#2726);
#2728=CIRCLE('',#2727,3.);
#2729=EDGE_CURVE('',#2713,#2723,#2728,.T.);
#2730=ORIENTED_EDGE('',*,*,#2729,.T.);
#2731=CARTESIAN_POINT('',(742.947564079,-147.729122671,164.732102801));
#2732=VERTEX_POINT('',#2731);
#2733=CARTESIAN_POINT('',(742.947564079,-147.729122671,164.732102801));
#2734=DIRECTION('',(-1.,0.,0.));
#2735=VECTOR('',#2734,24.);
#2736=LINE('',#2733,#2735);
#2737=EDGE_CURVE('',#2732,#2723,#2736,.T.);
#2738=ORIENTED_EDGE('',*,*,#2737,.F.);
#2739=CARTESIAN_POINT('',(745.947564079,-147.729122671,167.732102801));
#2740=VERTEX_POINT('',#2739);
#2741=CARTESIAN_POINT('',(742.947564079,-147.729122671,167.732102801));
#2742=DIRECTION('',(0.,-1.,0.));
#2743=DIRECTION('',(0.,0.,-1.));
#2744=AXIS2_PLACEMENT_3D('',#2741,#2742,#2743);
#2745=CIRCLE('',#2744,3.);
#2746=EDGE_CURVE('',#2732,#2740,#2745,.T.);
#2747=ORIENTED_EDGE('',*,*,#2746,.T.);
#2748=CARTESIAN_POINT('',(745.947564079,-147.729122671,171.732102801));
#2749=VERTEX_POINT('',#2748);
#2750=CARTESIAN_POINT('',(745.947564079,-147.729122671,171.732102801));
#2751=DIRECTION('',(0.,0.,-1.));
#2752=VECTOR('',#2751,4.);
#2753=LINE('',#2750,#2752);
#2754=EDGE_CURVE('',#2749,#2740,#2753,.T.);
#2755=ORIENTED_EDGE('',*,*,#2754,.F.);
#2756=CARTESIAN_POINT('',(742.947564079,-147.729122671,174.732102801));
#2757=VERTEX_POINT('',#2756);
#2758=CARTESIAN_POINT('',(742.947564079,-147.729122671,171.732102801));
#2759=DIRECTION('',(0.,-1.,0.));
#2760=DIRECTION('',(0.,0.,-1.));
#2761=AXIS2_PLACEMENT_3D('',#2758,#2759,#2760);
#2762=CIRCLE('',#2761,3.);
#2763=EDGE_CURVE('',#2749,#2757,#2762,.T.);
#2764=ORIENTED_EDGE('',*,*,#2763,.T.);
#2765=CARTESIAN_POINT('',(718.947564079,-147.729122671,174.732102801));
#2766=VERTEX_POINT('',#2765);
#2767=CARTESIAN_POINT('',(718.947564079,-147.729122671,174.732102801));
#2768=DIRECTION('',(1.,0.,-0.));
#2769=VECTOR('',#2768,24.);
#2770=LINE('',#2767,#2769);
#2771=EDGE_CURVE('',#2766,#2757,#2770,.T.);
#2772=ORIENTED_EDGE('',*,*,#2771,.F.);
#2773=CARTESIAN_POINT('',(718.947564079,-147.729122671,171.732102801));
#2774=DIRECTION('',(0.,-1.,0.));
#2775=DIRECTION('',(0.,0.,-1.));
#2776=AXIS2_PLACEMENT_3D('',#2773,#2774,#2775);
#2777=CIRCLE('',#2776,3.);
#2778=EDGE_CURVE('',#2766,#2715,#2777,.T.);
#2779=ORIENTED_EDGE('',*,*,#2778,.T.);
#2780=EDGE_LOOP('',(#2721,#2730,#2738,#2747,#2755,#2764,#2772,#2779));
#2781=FACE_BOUND('',#2780,.T.);
#2782=CARTESIAN_POINT('',(726.341299508,-147.729122671,95.606446091));
#2783=VERTEX_POINT('',#2782);
#2784=CARTESIAN_POINT('',(726.341299508,-147.729122671,32.500668673));
#2785=VERTEX_POINT('',#2784);
#2786=CARTESIAN_POINT('',(726.341299508,-147.729122671,95.606446091));
#2787=DIRECTION('',(0.,0.,-1.));
#2788=VECTOR('',#2787,63.105777418);
#2789=LINE('',#2786,#2788);
#2790=EDGE_CURVE('',#2783,#2785,#2789,.T.);
#2791=ORIENTED_EDGE('',*,*,#2790,.F.);
#2792=CARTESIAN_POINT('',(724.341299508,-147.729122671,97.606446091));
#2793=VERTEX_POINT('',#2792);
#2794=CARTESIAN_POINT('',(724.341299508,-147.729122671,95.606446091));
#2795=DIRECTION('',(0.,-1.,0.));
#2796=DIRECTION('',(0.,0.,-1.));
#2797=AXIS2_PLACEMENT_3D('',#2794,#2795,#2796);
#2798=CIRCLE('',#2797,2.);
#2799=EDGE_CURVE('',#2783,#2793,#2798,.T.);
#2800=ORIENTED_EDGE('',*,*,#2799,.T.);
#2801=CARTESIAN_POINT('',(719.415978631,-147.729122671,97.606446091));
#2802=VERTEX_POINT('',#2801);
#2803=CARTESIAN_POINT('',(719.415978631,-147.729122671,97.606446091));
#2804=DIRECTION('',(1.,0.,-0.));
#2805=VECTOR('',#2804,4.925320877);
#2806=LINE('',#2803,#2805);
#2807=EDGE_CURVE('',#2802,#2793,#2806,.T.);
#2808=ORIENTED_EDGE('',*,*,#2807,.F.);
#2809=CARTESIAN_POINT('',(717.415978631,-147.729122671,95.606446091));
#2810=VERTEX_POINT('',#2809);
#2811=CARTESIAN_POINT('',(719.415978631,-147.729122671,95.606446091));
#2812=DIRECTION('',(0.,-1.,0.));
#2813=DIRECTION('',(0.,0.,-1.));
#2814=AXIS2_PLACEMENT_3D('',#2811,#2812,#2813);
#2815=CIRCLE('',#2814,2.);
#2816=EDGE_CURVE('',#2802,#2810,#2815,.T.);
#2817=ORIENTED_EDGE('',*,*,#2816,.T.);
#2818=CARTESIAN_POINT('',(717.415978631,-147.729122671,32.500668673));
#2819=VERTEX_POINT('',#2818);
#2820=CARTESIAN_POINT('',(717.415978631,-147.729122671,32.500668673));
#2821=DIRECTION('',(0.,0.,1.));
#2822=VECTOR('',#2821,63.105777418);
#2823=LINE('',#2820,#2822);
#2824=EDGE_CURVE('',#2819,#2810,#2823,.T.);
#2825=ORIENTED_EDGE('',*,*,#2824,.F.);
#2826=CARTESIAN_POINT('',(719.415978631,-147.729122671,30.500668673));
#2827=VERTEX_POINT('',#2826);
#2828=CARTESIAN_POINT('',(719.415978631,-147.729122671,32.500668673));
#2829=DIRECTION('',(0.,-1.,0.));
#2830=DIRECTION('',(0.,0.,-1.));
#2831=AXIS2_PLACEMENT_3D('',#2828,#2829,#2830);
#2832=CIRCLE('',#2831,2.);
#2833=EDGE_CURVE('',#2819,#2827,#2832,.T.);
#2834=ORIENTED_EDGE('',*,*,#2833,.T.);
#2835=CARTESIAN_POINT('',(724.341299508,-147.729122671,30.500668673));
#2836=VERTEX_POINT('',#2835);
#2837=CARTESIAN_POINT('',(724.341299508,-147.729122671,30.500668673));
#2838=DIRECTION('',(-1.,0.,0.));
#2839=VECTOR('',#2838,4.925320877);
#2840=LINE('',#2837,#2839);
#2841=EDGE_CURVE('',#2836,#2827,#2840,.T.);
#2842=ORIENTED_EDGE('',*,*,#2841,.F.);
#2843=CARTESIAN_POINT('',(724.341299508,-147.729122671,32.500668673));
#2844=DIRECTION('',(0.,-1.,0.));
#2845=DIRECTION('',(0.,0.,-1.));
#2846=AXIS2_PLACEMENT_3D('',#2843,#2844,#2845);
#2847=CIRCLE('',#2846,2.);
#2848=EDGE_CURVE('',#2836,#2785,#2847,.T.);
#2849=ORIENTED_EDGE('',*,*,#2848,.T.);
#2850=EDGE_LOOP('',(#2791,#2800,#2808,#2817,#2825,#2834,#2842,#2849));
#2851=FACE_BOUND('',#2850,.T.);
#2852=CARTESIAN_POINT('',(627.415978631,-147.729122671,32.500668673));
#2853=VERTEX_POINT('',#2852);
#2854=CARTESIAN_POINT('',(627.415978631,-147.729122671,95.606446091));
#2855=VERTEX_POINT('',#2854);
#2856=CARTESIAN_POINT('',(627.415978631,-147.729122671,32.500668673));
#2857=DIRECTION('',(-0.,-0.,1.));
#2858=VECTOR('',#2857,63.105777418);
#2859=LINE('',#2856,#2858);
#2860=EDGE_CURVE('',#2853,#2855,#2859,.T.);
#2861=ORIENTED_EDGE('',*,*,#2860,.F.);
#2862=CARTESIAN_POINT('',(629.415978631,-147.729122671,30.500668673));
#2863=VERTEX_POINT('',#2862);
#2864=CARTESIAN_POINT('',(629.415978631,-147.729122671,32.500668673));
#2865=DIRECTION('',(0.,-1.,0.));
#2866=DIRECTION('',(0.,0.,-1.));
#2867=AXIS2_PLACEMENT_3D('',#2864,#2865,#2866);
#2868=CIRCLE('',#2867,2.);
#2869=EDGE_CURVE('',#2853,#2863,#2868,.T.);
#2870=ORIENTED_EDGE('',*,*,#2869,.T.);
#2871=CARTESIAN_POINT('',(634.341299508,-147.729122671,30.500668673));
#2872=VERTEX_POINT('',#2871);
#2873=CARTESIAN_POINT('',(634.341299508,-147.729122671,30.500668673));
#2874=DIRECTION('',(-1.,-0.,0.));
#2875=VECTOR('',#2874,4.925320877);
#2876=LINE('',#2873,#2875);
#2877=EDGE_CURVE('',#2872,#2863,#2876,.T.);
#2878=ORIENTED_EDGE('',*,*,#2877,.F.);
#2879=CARTESIAN_POINT('',(636.341299508,-147.729122671,32.500668673));
#2880=VERTEX_POINT('',#2879);
#2881=CARTESIAN_POINT('',(634.341299508,-147.729122671,32.500668673));
#2882=DIRECTION('',(0.,-1.,0.));
#2883=DIRECTION('',(0.,0.,-1.));
#2884=AXIS2_PLACEMENT_3D('',#2881,#2882,#2883);
#2885=CIRCLE('',#2884,2.);
#2886=EDGE_CURVE('',#2872,#2880,#2885,.T.);
#2887=ORIENTED_EDGE('',*,*,#2886,.T.);
#2888=CARTESIAN_POINT('',(636.341299508,-147.729122671,95.606446091));
#2889=VERTEX_POINT('',#2888);
#2890=CARTESIAN_POINT('',(636.341299508,-147.729122671,95.606446091));
#2891=DIRECTION('',(-0.,-0.,-1.));
#2892=VECTOR('',#2891,63.105777418);
#2893=LINE('',#2890,#2892);
#2894=EDGE_CURVE('',#2889,#2880,#2893,.T.);
#2895=ORIENTED_EDGE('',*,*,#2894,.F.);
#2896=CARTESIAN_POINT('',(634.341299508,-147.729122671,97.606446091));
#2897=VERTEX_POINT('',#2896);
#2898=CARTESIAN_POINT('',(634.341299508,-147.729122671,95.606446091));
#2899=DIRECTION('',(0.,-1.,0.));
#2900=DIRECTION('',(0.,0.,-1.));
#2901=AXIS2_PLACEMENT_3D('',#2898,#2899,#2900);
#2902=CIRCLE('',#2901,2.);
#2903=EDGE_CURVE('',#2889,#2897,#2902,.T.);
#2904=ORIENTED_EDGE('',*,*,#2903,.T.);
#2905=CARTESIAN_POINT('',(629.415978631,-147.729122671,97.606446091));
#2906=VERTEX_POINT('',#2905);
#2907=CARTESIAN_POINT('',(629.415978631,-147.729122671,97.606446091));
#2908=DIRECTION('',(1.,-0.,-0.));
#2909=VECTOR('',#2908,4.925320877);
#2910=LINE('',#2907,#2909);
#2911=EDGE_CURVE('',#2906,#2897,#2910,.T.);
#2912=ORIENTED_EDGE('',*,*,#2911,.F.);
#2913=CARTESIAN_POINT('',(629.415978631,-147.729122671,95.606446091));
#2914=DIRECTION('',(0.,-1.,0.));
#2915=DIRECTION('',(0.,0.,-1.));
#2916=AXIS2_PLACEMENT_3D('',#2913,#2914,#2915);
#2917=CIRCLE('',#2916,2.);
#2918=EDGE_CURVE('',#2906,#2855,#2917,.T.);
#2919=ORIENTED_EDGE('',*,*,#2918,.T.);
#2920=EDGE_LOOP('',(#2861,#2870,#2878,#2887,#2895,#2904,#2912,#2919));
#2921=FACE_BOUND('',#2920,.T.);
#2922=CARTESIAN_POINT('',(812.736503446,-147.729122671,45.964310467));
#2923=VERTEX_POINT('',#2922);
#2924=CARTESIAN_POINT('',(805.236503446,-147.729122671,53.464310467));
#2925=VERTEX_POINT('',#2924);
#2926=CARTESIAN_POINT('',(812.736503446,-147.729122671,53.464310467));
#2927=DIRECTION('',(-0.,1.,-0.));
#2928=DIRECTION('',(0.,0.,-1.));
#2929=AXIS2_PLACEMENT_3D('',#2926,#2927,#2928);
#2930=CIRCLE('',#2929,7.5);
#2931=EDGE_CURVE('NONE',#2923,#2925,#2930,.T.);
#2932=ORIENTED_EDGE('',*,*,#2931,.F.);
#2933=CARTESIAN_POINT('',(820.236503446,-147.729122671,53.464310467));
#2934=VERTEX_POINT('',#2933);
#2935=CARTESIAN_POINT('',(812.736503446,-147.729122671,53.464310467));
#2936=DIRECTION('',(-0.,1.,-0.));
#2937=DIRECTION('',(0.,0.,-1.));
#2938=AXIS2_PLACEMENT_3D('',#2935,#2936,#2937);
#2939=CIRCLE('',#2938,7.5);
#2940=EDGE_CURVE('',#2934,#2923,#2939,.T.);
#2941=ORIENTED_EDGE('',*,*,#2940,.F.);
#2942=CARTESIAN_POINT('',(812.736503446,-147.729122671,53.464310467));
#2943=DIRECTION('',(-0.,1.,-0.));
#2944=DIRECTION('',(0.,0.,-1.));
#2945=AXIS2_PLACEMENT_3D('',#2942,#2943,#2944);
#2946=CIRCLE('',#2945,7.5);
#2947=EDGE_CURVE('',#2925,#2934,#2946,.T.);
#2948=ORIENTED_EDGE('',*,*,#2947,.F.);
#2949=EDGE_LOOP('',(#2932,#2941,#2948));
#2950=FACE_BOUND('',#2949,.T.);
#2951=CARTESIAN_POINT('',(809.20096954,-147.729122671,34.186640937));
#2952=VERTEX_POINT('',#2951);
#2953=CARTESIAN_POINT('',(807.60096954,-147.729122671,35.786640937));
#2954=VERTEX_POINT('',#2953);
#2955=CARTESIAN_POINT('',(809.20096954,-147.729122671,35.786640937));
#2956=DIRECTION('',(-0.,1.,-0.));
#2957=DIRECTION('',(0.,0.,-1.));
#2958=AXIS2_PLACEMENT_3D('',#2955,#2956,#2957);
#2959=CIRCLE('',#2958,1.6);
#2960=EDGE_CURVE('NONE',#2952,#2954,#2959,.T.);
#2961=ORIENTED_EDGE('',*,*,#2960,.F.);
#2962=CARTESIAN_POINT('',(810.80096954,-147.729122671,35.786640937));
#2963=VERTEX_POINT('',#2962);
#2964=CARTESIAN_POINT('',(809.20096954,-147.729122671,35.786640937));
#2965=DIRECTION('',(-0.,1.,-0.));
#2966=DIRECTION('',(0.,0.,-1.));
#2967=AXIS2_PLACEMENT_3D('',#2964,#2965,#2966);
#2968=CIRCLE('',#2967,1.6);
#2969=EDGE_CURVE('',#2963,#2952,#2968,.T.);
#2970=ORIENTED_EDGE('',*,*,#2969,.F.);
#2971=CARTESIAN_POINT('',(809.20096954,-147.729122671,35.786640937));
#2972=DIRECTION('',(-0.,1.,-0.));
#2973=DIRECTION('',(0.,0.,-1.));
#2974=AXIS2_PLACEMENT_3D('',#2971,#2972,#2973);
#2975=CIRCLE('',#2974,1.6);
#2976=EDGE_CURVE('',#2954,#2963,#2975,.T.);
#2977=ORIENTED_EDGE('',*,*,#2976,.F.);
#2978=EDGE_LOOP('',(#2961,#2970,#2977));
#2979=FACE_BOUND('',#2978,.T.);
#2980=CARTESIAN_POINT('',(795.058833916,-147.729122671,48.328776561));
#2981=VERTEX_POINT('',#2980);
#2982=CARTESIAN_POINT('',(793.458833916,-147.729122671,49.928776561));
#2983=VERTEX_POINT('',#2982);
#2984=CARTESIAN_POINT('',(795.058833916,-147.729122671,49.928776561));
#2985=DIRECTION('',(-0.,1.,-0.));
#2986=DIRECTION('',(0.,0.,-1.));
#2987=AXIS2_PLACEMENT_3D('',#2984,#2985,#2986);
#2988=CIRCLE('',#2987,1.6);
#2989=EDGE_CURVE('NONE',#2981,#2983,#2988,.T.);
#2990=ORIENTED_EDGE('',*,*,#2989,.F.);
#2991=CARTESIAN_POINT('',(796.658833916,-147.729122671,49.928776561));
#2992=VERTEX_POINT('',#2991);
#2993=CARTESIAN_POINT('',(795.058833916,-147.729122671,49.928776561));
#2994=DIRECTION('',(-0.,1.,-0.));
#2995=DIRECTION('',(0.,0.,-1.));
#2996=AXIS2_PLACEMENT_3D('',#2993,#2994,#2995);
#2997=CIRCLE('',#2996,1.6);
#2998=EDGE_CURVE('',#2992,#2981,#2997,.T.);
#2999=ORIENTED_EDGE('',*,*,#2998,.F.);
#3000=CARTESIAN_POINT('',(795.058833916,-147.729122671,49.928776561));
#3001=DIRECTION('',(-0.,1.,-0.));
#3002=DIRECTION('',(0.,0.,-1.));
#3003=AXIS2_PLACEMENT_3D('',#3000,#3001,#3002);
#3004=CIRCLE('',#3003,1.6);
#3005=EDGE_CURVE('',#2983,#2992,#3004,.T.);
#3006=ORIENTED_EDGE('',*,*,#3005,.F.);
#3007=EDGE_LOOP('',(#2990,#2999,#3006));
#3008=FACE_BOUND('',#3007,.T.);
#3009=CARTESIAN_POINT('',(816.272037352,-147.729122671,69.541979997));
#3010=VERTEX_POINT('',#3009);
#3011=CARTESIAN_POINT('',(814.672037352,-147.729122671,71.141979997));
#3012=VERTEX_POINT('',#3011);
#3013=CARTESIAN_POINT('',(816.272037352,-147.729122671,71.141979997));
#3014=DIRECTION('',(-0.,1.,-0.));
#3015=DIRECTION('',(0.,0.,-1.));
#3016=AXIS2_PLACEMENT_3D('',#3013,#3014,#3015);
#3017=CIRCLE('',#3016,1.6);
#3018=EDGE_CURVE('NONE',#3010,#3012,#3017,.T.);
#3019=ORIENTED_EDGE('',*,*,#3018,.F.);
#3020=CARTESIAN_POINT('',(817.872037352,-147.729122671,71.141979997));
#3021=VERTEX_POINT('',#3020);
#3022=CARTESIAN_POINT('',(816.272037352,-147.729122671,71.141979997));
#3023=DIRECTION('',(-0.,1.,-0.));
#3024=DIRECTION('',(0.,0.,-1.));
#3025=AXIS2_PLACEMENT_3D('',#3022,#3023,#3024);
#3026=CIRCLE('',#3025,1.6);
#3027=EDGE_CURVE('',#3021,#3010,#3026,.T.);
#3028=ORIENTED_EDGE('',*,*,#3027,.F.);
#3029=CARTESIAN_POINT('',(816.272037352,-147.729122671,71.141979997));
#3030=DIRECTION('',(-0.,1.,-0.));
#3031=DIRECTION('',(0.,0.,-1.));
#3032=AXIS2_PLACEMENT_3D('',#3029,#3030,#3031);
#3033=CIRCLE('',#3032,1.6);
#3034=EDGE_CURVE('',#3012,#3021,#3033,.T.);
#3035=ORIENTED_EDGE('',*,*,#3034,.F.);
#3036=EDGE_LOOP('',(#3019,#3028,#3035));
#3037=FACE_BOUND('',#3036,.T.);
#3038=CARTESIAN_POINT('',(830.414172976,-147.729122671,55.399844373));
#3039=VERTEX_POINT('',#3038);
#3040=CARTESIAN_POINT('',(828.814172976,-147.729122671,56.999844373));
#3041=VERTEX_POINT('',#3040);
#3042=CARTESIAN_POINT('',(830.414172976,-147.729122671,56.999844373));
#3043=DIRECTION('',(-0.,1.,-0.));
#3044=DIRECTION('',(0.,0.,-1.));
#3045=AXIS2_PLACEMENT_3D('',#3042,#3043,#3044);
#3046=CIRCLE('',#3045,1.6);
#3047=EDGE_CURVE('NONE',#3039,#3041,#3046,.T.);
#3048=ORIENTED_EDGE('',*,*,#3047,.F.);
#3049=CARTESIAN_POINT('',(832.014172976,-147.729122671,56.999844373));
#3050=VERTEX_POINT('',#3049);
#3051=CARTESIAN_POINT('',(830.414172976,-147.729122671,56.999844373));
#3052=DIRECTION('',(-0.,1.,-0.));
#3053=DIRECTION('',(0.,0.,-1.));
#3054=AXIS2_PLACEMENT_3D('',#3051,#3052,#3053);
#3055=CIRCLE('',#3054,1.6);
#3056=EDGE_CURVE('',#3050,#3039,#3055,.T.);
#3057=ORIENTED_EDGE('',*,*,#3056,.F.);
#3058=CARTESIAN_POINT('',(830.414172976,-147.729122671,56.999844373));
#3059=DIRECTION('',(-0.,1.,-0.));
#3060=DIRECTION('',(0.,0.,-1.));
#3061=AXIS2_PLACEMENT_3D('',#3058,#3059,#3060);
#3062=CIRCLE('',#3061,1.6);
#3063=EDGE_CURVE('',#3041,#3050,#3062,.T.);
#3064=ORIENTED_EDGE('',*,*,#3063,.F.);
#3065=EDGE_LOOP('',(#3048,#3057,#3064));
#3066=FACE_BOUND('',#3065,.T.);
#3067=CARTESIAN_POINT('',(541.020774693,-147.729122671,45.964310467));
#3068=VERTEX_POINT('',#3067);
#3069=CARTESIAN_POINT('',(533.520774693,-147.729122671,53.464310467));
#3070=VERTEX_POINT('',#3069);
#3071=CARTESIAN_POINT('',(541.020774693,-147.729122671,53.464310467));
#3072=DIRECTION('',(-0.,1.,-0.));
#3073=DIRECTION('',(0.,0.,-1.));
#3074=AXIS2_PLACEMENT_3D('',#3071,#3072,#3073);
#3075=CIRCLE('',#3074,7.5);
#3076=EDGE_CURVE('NONE',#3068,#3070,#3075,.T.);
#3077=ORIENTED_EDGE('',*,*,#3076,.F.);
#3078=CARTESIAN_POINT('',(548.520774693,-147.729122671,53.464310467));
#3079=VERTEX_POINT('',#3078);
#3080=CARTESIAN_POINT('',(541.020774693,-147.729122671,53.464310467));
#3081=DIRECTION('',(-0.,1.,-0.));
#3082=DIRECTION('',(0.,0.,-1.));
#3083=AXIS2_PLACEMENT_3D('',#3080,#3081,#3082);
#3084=CIRCLE('',#3083,7.5);
#3085=EDGE_CURVE('',#3079,#3068,#3084,.T.);
#3086=ORIENTED_EDGE('',*,*,#3085,.F.);
#3087=CARTESIAN_POINT('',(541.020774693,-147.729122671,53.464310467));
#3088=DIRECTION('',(-0.,1.,-0.));
#3089=DIRECTION('',(0.,0.,-1.));
#3090=AXIS2_PLACEMENT_3D('',#3087,#3088,#3089);
#3091=CIRCLE('',#3090,7.5);
#3092=EDGE_CURVE('',#3070,#3079,#3091,.T.);
#3093=ORIENTED_EDGE('',*,*,#3092,.F.);
#3094=EDGE_LOOP('',(#3077,#3086,#3093));
#3095=FACE_BOUND('',#3094,.T.);
#3096=CARTESIAN_POINT('',(523.343105164,-147.729122671,55.399844373));
#3097=VERTEX_POINT('',#3096);
#3098=CARTESIAN_POINT('',(521.743105164,-147.729122671,56.999844373));
#3099=VERTEX_POINT('',#3098);
#3100=CARTESIAN_POINT('',(523.343105164,-147.729122671,56.999844373));
#3101=DIRECTION('',(-0.,1.,-0.));
#3102=DIRECTION('',(0.,0.,-1.));
#3103=AXIS2_PLACEMENT_3D('',#3100,#3101,#3102);
#3104=CIRCLE('',#3103,1.6);
#3105=EDGE_CURVE('NONE',#3097,#3099,#3104,.T.);
#3106=ORIENTED_EDGE('',*,*,#3105,.F.);
#3107=CARTESIAN_POINT('',(524.943105164,-147.729122671,56.999844373));
#3108=VERTEX_POINT('',#3107);
#3109=CARTESIAN_POINT('',(523.343105164,-147.729122671,56.999844373));
#3110=DIRECTION('',(-0.,1.,-0.));
#3111=DIRECTION('',(0.,0.,-1.));
#3112=AXIS2_PLACEMENT_3D('',#3109,#3110,#3111);
#3113=CIRCLE('',#3112,1.6);
#3114=EDGE_CURVE('',#3108,#3097,#3113,.T.);
#3115=ORIENTED_EDGE('',*,*,#3114,.F.);
#3116=CARTESIAN_POINT('',(523.343105164,-147.729122671,56.999844373));
#3117=DIRECTION('',(-0.,1.,-0.));
#3118=DIRECTION('',(0.,0.,-1.));
#3119=AXIS2_PLACEMENT_3D('',#3116,#3117,#3118);
#3120=CIRCLE('',#3119,1.6);
#3121=EDGE_CURVE('',#3099,#3108,#3120,.T.);
#3122=ORIENTED_EDGE('',*,*,#3121,.F.);
#3123=EDGE_LOOP('',(#3106,#3115,#3122));
#3124=FACE_BOUND('',#3123,.T.);
#3125=CARTESIAN_POINT('',(537.485240787,-147.729122671,69.541979997));
#3126=VERTEX_POINT('',#3125);
#3127=CARTESIAN_POINT('',(535.885240787,-147.729122671,71.141979997));
#3128=VERTEX_POINT('',#3127);
#3129=CARTESIAN_POINT('',(537.485240787,-147.729122671,71.141979997));
#3130=DIRECTION('',(-0.,1.,-0.));
#3131=DIRECTION('',(0.,0.,-1.));
#3132=AXIS2_PLACEMENT_3D('',#3129,#3130,#3131);
#3133=CIRCLE('',#3132,1.6);
#3134=EDGE_CURVE('NONE',#3126,#3128,#3133,.T.);
#3135=ORIENTED_EDGE('',*,*,#3134,.F.);
#3136=CARTESIAN_POINT('',(539.085240787,-147.729122671,71.141979997));
#3137=VERTEX_POINT('',#3136);
#3138=CARTESIAN_POINT('',(537.485240787,-147.729122671,71.141979997));
#3139=DIRECTION('',(-0.,1.,-0.));
#3140=DIRECTION('',(0.,0.,-1.));
#3141=AXIS2_PLACEMENT_3D('',#3138,#3139,#3140);
#3142=CIRCLE('',#3141,1.6);
#3143=EDGE_CURVE('',#3137,#3126,#3142,.T.);
#3144=ORIENTED_EDGE('',*,*,#3143,.F.);
#3145=CARTESIAN_POINT('',(537.485240787,-147.729122671,71.141979997));
#3146=DIRECTION('',(-0.,1.,-0.));
#3147=DIRECTION('',(0.,0.,-1.));
#3148=AXIS2_PLACEMENT_3D('',#3145,#3146,#3147);
#3149=CIRCLE('',#3148,1.6);
#3150=EDGE_CURVE('',#3128,#3137,#3149,.T.);
#3151=ORIENTED_EDGE('',*,*,#3150,.F.);
#3152=EDGE_LOOP('',(#3135,#3144,#3151));
#3153=FACE_BOUND('',#3152,.T.);
#3154=CARTESIAN_POINT('',(558.698444223,-147.729122671,48.328776561));
#3155=VERTEX_POINT('',#3154);
#3156=CARTESIAN_POINT('',(557.098444223,-147.729122671,49.928776561));
#3157=VERTEX_POINT('',#3156);
#3158=CARTESIAN_POINT('',(558.698444223,-147.729122671,49.928776561));
#3159=DIRECTION('',(-0.,1.,-0.));
#3160=DIRECTION('',(0.,0.,-1.));
#3161=AXIS2_PLACEMENT_3D('',#3158,#3159,#3160);
#3162=CIRCLE('',#3161,1.6);
#3163=EDGE_CURVE('NONE',#3155,#3157,#3162,.T.);
#3164=ORIENTED_EDGE('',*,*,#3163,.F.);
#3165=CARTESIAN_POINT('',(560.298444223,-147.729122671,49.928776561));
#3166=VERTEX_POINT('',#3165);
#3167=CARTESIAN_POINT('',(558.698444223,-147.729122671,49.928776561));
#3168=DIRECTION('',(-0.,1.,-0.));
#3169=DIRECTION('',(0.,0.,-1.));
#3170=AXIS2_PLACEMENT_3D('',#3167,#3168,#3169);
#3171=CIRCLE('',#3170,1.6);
#3172=EDGE_CURVE('',#3166,#3155,#3171,.T.);
#3173=ORIENTED_EDGE('',*,*,#3172,.F.);
#3174=CARTESIAN_POINT('',(558.698444223,-147.729122671,49.928776561));
#3175=DIRECTION('',(-0.,1.,-0.));
#3176=DIRECTION('',(0.,0.,-1.));
#3177=AXIS2_PLACEMENT_3D('',#3174,#3175,#3176);
#3178=CIRCLE('',#3177,1.6);
#3179=EDGE_CURVE('',#3157,#3166,#3178,.T.);
#3180=ORIENTED_EDGE('',*,*,#3179,.F.);
#3181=EDGE_LOOP('',(#3164,#3173,#3180));
#3182=FACE_BOUND('',#3181,.T.);
#3183=CARTESIAN_POINT('',(544.556308599,-147.729122671,34.186640937));
#3184=VERTEX_POINT('',#3183);
#3185=CARTESIAN_POINT('',(542.956308599,-147.729122671,35.786640937));
#3186=VERTEX_POINT('',#3185);
#3187=CARTESIAN_POINT('',(544.556308599,-147.729122671,35.786640937));
#3188=DIRECTION('',(-0.,1.,-0.));
#3189=DIRECTION('',(0.,0.,-1.));
#3190=AXIS2_PLACEMENT_3D('',#3187,#3188,#3189);
#3191=CIRCLE('',#3190,1.6);
#3192=EDGE_CURVE('NONE',#3184,#3186,#3191,.T.);
#3193=ORIENTED_EDGE('',*,*,#3192,.F.);
#3194=CARTESIAN_POINT('',(546.156308599,-147.729122671,35.786640937));
#3195=VERTEX_POINT('',#3194);
#3196=CARTESIAN_POINT('',(544.556308599,-147.729122671,35.786640937));
#3197=DIRECTION('',(-0.,1.,-0.));
#3198=DIRECTION('',(0.,0.,-1.));
#3199=AXIS2_PLACEMENT_3D('',#3196,#3197,#3198);
#3200=CIRCLE('',#3199,1.6);
#3201=EDGE_CURVE('',#3195,#3184,#3200,.T.);
#3202=ORIENTED_EDGE('',*,*,#3201,.F.);
#3203=CARTESIAN_POINT('',(544.556308599,-147.729122671,35.786640937));
#3204=DIRECTION('',(-0.,1.,-0.));
#3205=DIRECTION('',(0.,0.,-1.));
#3206=AXIS2_PLACEMENT_3D('',#3203,#3204,#3205);
#3207=CIRCLE('',#3206,1.6);
#3208=EDGE_CURVE('',#3186,#3195,#3207,.T.);
#3209=ORIENTED_EDGE('',*,*,#3208,.F.);
#3210=EDGE_LOOP('',(#3193,#3202,#3209));
#3211=FACE_BOUND('',#3210,.T.);
#3212=CARTESIAN_POINT('',(756.87863907,-147.729122671,44.722174843));
#3213=VERTEX_POINT('',#3212);
#3214=CARTESIAN_POINT('',(754.27863907,-147.729122671,47.322174843));
#3215=VERTEX_POINT('',#3214);
#3216=CARTESIAN_POINT('',(756.87863907,-147.729122671,47.322174843));
#3217=DIRECTION('',(-0.,1.,-0.));
#3218=DIRECTION('',(0.,0.,-1.));
#3219=AXIS2_PLACEMENT_3D('',#3216,#3217,#3218);
#3220=CIRCLE('',#3219,2.6);
#3221=EDGE_CURVE('NONE',#3213,#3215,#3220,.T.);
#3222=ORIENTED_EDGE('',*,*,#3221,.F.);
#3223=CARTESIAN_POINT('',(759.47863907,-147.729122671,47.322174843));
#3224=VERTEX_POINT('',#3223);
#3225=CARTESIAN_POINT('',(756.87863907,-147.729122671,47.322174843));
#3226=DIRECTION('',(-0.,1.,-0.));
#3227=DIRECTION('',(0.,0.,-1.));
#3228=AXIS2_PLACEMENT_3D('',#3225,#3226,#3227);
#3229=CIRCLE('',#3228,2.6);
#3230=EDGE_CURVE('',#3224,#3213,#3229,.T.);
#3231=ORIENTED_EDGE('',*,*,#3230,.F.);
#3232=CARTESIAN_POINT('',(756.87863907,-147.729122671,47.322174843));
#3233=DIRECTION('',(-0.,1.,-0.));
#3234=DIRECTION('',(0.,0.,-1.));
#3235=AXIS2_PLACEMENT_3D('',#3232,#3233,#3234);
#3236=CIRCLE('',#3235,2.6);
#3237=EDGE_CURVE('',#3215,#3224,#3236,.T.);
#3238=ORIENTED_EDGE('',*,*,#3237,.F.);
#3239=EDGE_LOOP('',(#3222,#3231,#3238));
#3240=FACE_BOUND('',#3239,.T.);
#3241=CARTESIAN_POINT('',(756.87863907,-147.729122671,86.722174843));
#3242=VERTEX_POINT('',#3241);
#3243=CARTESIAN_POINT('',(754.27863907,-147.729122671,89.322174843));
#3244=VERTEX_POINT('',#3243);
#3245=CARTESIAN_POINT('',(756.87863907,-147.729122671,89.322174843));
#3246=DIRECTION('',(-0.,1.,-0.));
#3247=DIRECTION('',(0.,0.,-1.));
#3248=AXIS2_PLACEMENT_3D('',#3245,#3246,#3247);
#3249=CIRCLE('',#3248,2.6);
#3250=EDGE_CURVE('NONE',#3242,#3244,#3249,.T.);
#3251=ORIENTED_EDGE('',*,*,#3250,.F.);
#3252=CARTESIAN_POINT('',(759.47863907,-147.729122671,89.322174843));
#3253=VERTEX_POINT('',#3252);
#3254=CARTESIAN_POINT('',(756.87863907,-147.729122671,89.322174843));
#3255=DIRECTION('',(-0.,1.,-0.));
#3256=DIRECTION('',(0.,0.,-1.));
#3257=AXIS2_PLACEMENT_3D('',#3254,#3255,#3256);
#3258=CIRCLE('',#3257,2.6);
#3259=EDGE_CURVE('',#3253,#3242,#3258,.T.);
#3260=ORIENTED_EDGE('',*,*,#3259,.F.);
#3261=CARTESIAN_POINT('',(756.87863907,-147.729122671,89.322174843));
#3262=DIRECTION('',(-0.,1.,-0.));
#3263=DIRECTION('',(0.,0.,-1.));
#3264=AXIS2_PLACEMENT_3D('',#3261,#3262,#3263);
#3265=CIRCLE('',#3264,2.6);
#3266=EDGE_CURVE('',#3244,#3253,#3265,.T.);
#3267=ORIENTED_EDGE('',*,*,#3266,.F.);
#3268=EDGE_LOOP('',(#3251,#3260,#3267));
#3269=FACE_BOUND('',#3268,.T.);
#3270=CARTESIAN_POINT('',(596.87863907,-147.729122671,86.722174843));
#3271=VERTEX_POINT('',#3270);
#3272=CARTESIAN_POINT('',(594.27863907,-147.729122671,89.322174843));
#3273=VERTEX_POINT('',#3272);
#3274=CARTESIAN_POINT('',(596.87863907,-147.729122671,89.322174843));
#3275=DIRECTION('',(-0.,1.,-0.));
#3276=DIRECTION('',(0.,0.,-1.));
#3277=AXIS2_PLACEMENT_3D('',#3274,#3275,#3276);
#3278=CIRCLE('',#3277,2.6);
#3279=EDGE_CURVE('NONE',#3271,#3273,#3278,.T.);
#3280=ORIENTED_EDGE('',*,*,#3279,.F.);
#3281=CARTESIAN_POINT('',(599.47863907,-147.729122671,89.322174843));
#3282=VERTEX_POINT('',#3281);
#3283=CARTESIAN_POINT('',(596.87863907,-147.729122671,89.322174843));
#3284=DIRECTION('',(-0.,1.,-0.));
#3285=DIRECTION('',(0.,0.,-1.));
#3286=AXIS2_PLACEMENT_3D('',#3283,#3284,#3285);
#3287=CIRCLE('',#3286,2.6);
#3288=EDGE_CURVE('',#3282,#3271,#3287,.T.);
#3289=ORIENTED_EDGE('',*,*,#3288,.F.);
#3290=CARTESIAN_POINT('',(596.87863907,-147.729122671,89.322174843));
#3291=DIRECTION('',(-0.,1.,-0.));
#3292=DIRECTION('',(0.,0.,-1.));
#3293=AXIS2_PLACEMENT_3D('',#3290,#3291,#3292);
#3294=CIRCLE('',#3293,2.6);
#3295=EDGE_CURVE('',#3273,#3282,#3294,.T.);
#3296=ORIENTED_EDGE('',*,*,#3295,.F.);
#3297=EDGE_LOOP('',(#3280,#3289,#3296));
#3298=FACE_BOUND('',#3297,.T.);
#3299=CARTESIAN_POINT('',(697.87863907,-147.729122671,161.722174843));
#3300=VERTEX_POINT('',#3299);
#3301=CARTESIAN_POINT('',(695.27863907,-147.729122671,164.322174843));
#3302=VERTEX_POINT('',#3301);
#3303=CARTESIAN_POINT('',(697.87863907,-147.729122671,164.322174843));
#3304=DIRECTION('',(-0.,1.,-0.));
#3305=DIRECTION('',(0.,0.,-1.));
#3306=AXIS2_PLACEMENT_3D('',#3303,#3304,#3305);
#3307=CIRCLE('',#3306,2.6);
#3308=EDGE_CURVE('NONE',#3300,#3302,#3307,.T.);
#3309=ORIENTED_EDGE('',*,*,#3308,.F.);
#3310=CARTESIAN_POINT('',(700.47863907,-147.729122671,164.322174843));
#3311=VERTEX_POINT('',#3310);
#3312=CARTESIAN_POINT('',(697.87863907,-147.729122671,164.322174843));
#3313=DIRECTION('',(-0.,1.,-0.));
#3314=DIRECTION('',(0.,0.,-1.));
#3315=AXIS2_PLACEMENT_3D('',#3312,#3313,#3314);
#3316=CIRCLE('',#3315,2.6);
#3317=EDGE_CURVE('',#3311,#3300,#3316,.T.);
#3318=ORIENTED_EDGE('',*,*,#3317,.F.);
#3319=CARTESIAN_POINT('',(697.87863907,-147.729122671,164.322174843));
#3320=DIRECTION('',(-0.,1.,-0.));
#3321=DIRECTION('',(0.,0.,-1.));
#3322=AXIS2_PLACEMENT_3D('',#3319,#3320,#3321);
#3323=CIRCLE('',#3322,2.6);
#3324=EDGE_CURVE('',#3302,#3311,#3323,.T.);
#3325=ORIENTED_EDGE('',*,*,#3324,.F.);
#3326=EDGE_LOOP('',(#3309,#3318,#3325));
#3327=FACE_BOUND('',#3326,.T.);
#3328=CARTESIAN_POINT('',(697.87863907,-147.729122671,106.722174843));
#3329=VERTEX_POINT('',#3328);
#3330=CARTESIAN_POINT('',(695.27863907,-147.729122671,109.322174843));
#3331=VERTEX_POINT('',#3330);
#3332=CARTESIAN_POINT('',(697.87863907,-147.729122671,109.322174843));
#3333=DIRECTION('',(-0.,1.,-0.));
#3334=DIRECTION('',(0.,0.,-1.));
#3335=AXIS2_PLACEMENT_3D('',#3332,#3333,#3334);
#3336=CIRCLE('',#3335,2.6);
#3337=EDGE_CURVE('NONE',#3329,#3331,#3336,.T.);
#3338=ORIENTED_EDGE('',*,*,#3337,.F.);
#3339=CARTESIAN_POINT('',(700.47863907,-147.729122671,109.322174843));
#3340=VERTEX_POINT('',#3339);
#3341=CARTESIAN_POINT('',(697.87863907,-147.729122671,109.322174843));
#3342=DIRECTION('',(-0.,1.,-0.));
#3343=DIRECTION('',(0.,0.,-1.));
#3344=AXIS2_PLACEMENT_3D('',#3341,#3342,#3343);
#3345=CIRCLE('',#3344,2.6);
#3346=EDGE_CURVE('',#3340,#3329,#3345,.T.);
#3347=ORIENTED_EDGE('',*,*,#3346,.F.);
#3348=CARTESIAN_POINT('',(697.87863907,-147.729122671,109.322174843));
#3349=DIRECTION('',(-0.,1.,-0.));
#3350=DIRECTION('',(0.,0.,-1.));
#3351=AXIS2_PLACEMENT_3D('',#3348,#3349,#3350);
#3352=CIRCLE('',#3351,2.6);
#3353=EDGE_CURVE('',#3331,#3340,#3352,.T.);
#3354=ORIENTED_EDGE('',*,*,#3353,.F.);
#3355=EDGE_LOOP('',(#3338,#3347,#3354));
#3356=FACE_BOUND('',#3355,.T.);
#3357=CARTESIAN_POINT('',(655.87863907,-147.729122671,161.722174843));
#3358=VERTEX_POINT('',#3357);
#3359=CARTESIAN_POINT('',(653.27863907,-147.729122671,164.322174843));
#3360=VERTEX_POINT('',#3359);
#3361=CARTESIAN_POINT('',(655.87863907,-147.729122671,164.322174843));
#3362=DIRECTION('',(-0.,1.,-0.));
#3363=DIRECTION('',(0.,0.,-1.));
#3364=AXIS2_PLACEMENT_3D('',#3361,#3362,#3363);
#3365=CIRCLE('',#3364,2.6);
#3366=EDGE_CURVE('NONE',#3358,#3360,#3365,.T.);
#3367=ORIENTED_EDGE('',*,*,#3366,.F.);
#3368=CARTESIAN_POINT('',(658.47863907,-147.729122671,164.322174843));
#3369=VERTEX_POINT('',#3368);
#3370=CARTESIAN_POINT('',(655.87863907,-147.729122671,164.322174843));
#3371=DIRECTION('',(-0.,1.,-0.));
#3372=DIRECTION('',(0.,0.,-1.));
#3373=AXIS2_PLACEMENT_3D('',#3370,#3371,#3372);
#3374=CIRCLE('',#3373,2.6);
#3375=EDGE_CURVE('',#3369,#3358,#3374,.T.);
#3376=ORIENTED_EDGE('',*,*,#3375,.F.);
#3377=CARTESIAN_POINT('',(655.87863907,-147.729122671,164.322174843));
#3378=DIRECTION('',(-0.,1.,-0.));
#3379=DIRECTION('',(0.,0.,-1.));
#3380=AXIS2_PLACEMENT_3D('',#3377,#3378,#3379);
#3381=CIRCLE('',#3380,2.6);
#3382=EDGE_CURVE('',#3360,#3369,#3381,.T.);
#3383=ORIENTED_EDGE('',*,*,#3382,.F.);
#3384=EDGE_LOOP('',(#3367,#3376,#3383));
#3385=FACE_BOUND('',#3384,.T.);
#3386=CARTESIAN_POINT('',(655.87863907,-147.729122671,106.722174843));
#3387=VERTEX_POINT('',#3386);
#3388=CARTESIAN_POINT('',(653.27863907,-147.729122671,109.322174843));
#3389=VERTEX_POINT('',#3388);
#3390=CARTESIAN_POINT('',(655.87863907,-147.729122671,109.322174843));
#3391=DIRECTION('',(-0.,1.,-0.));
#3392=DIRECTION('',(0.,0.,-1.));
#3393=AXIS2_PLACEMENT_3D('',#3390,#3391,#3392);
#3394=CIRCLE('',#3393,2.6);
#3395=EDGE_CURVE('NONE',#3387,#3389,#3394,.T.);
#3396=ORIENTED_EDGE('',*,*,#3395,.F.);
#3397=CARTESIAN_POINT('',(658.47863907,-147.729122671,109.322174843));
#3398=VERTEX_POINT('',#3397);
#3399=CARTESIAN_POINT('',(655.87863907,-147.729122671,109.322174843));
#3400=DIRECTION('',(-0.,1.,-0.));
#3401=DIRECTION('',(0.,0.,-1.));
#3402=AXIS2_PLACEMENT_3D('',#3399,#3400,#3401);
#3403=CIRCLE('',#3402,2.6);
#3404=EDGE_CURVE('',#3398,#3387,#3403,.T.);
#3405=ORIENTED_EDGE('',*,*,#3404,.F.);
#3406=CARTESIAN_POINT('',(655.87863907,-147.729122671,109.322174843));
#3407=DIRECTION('',(-0.,1.,-0.));
#3408=DIRECTION('',(0.,0.,-1.));
#3409=AXIS2_PLACEMENT_3D('',#3406,#3407,#3408);
#3410=CIRCLE('',#3409,2.6);
#3411=EDGE_CURVE('',#3389,#3398,#3410,.T.);
#3412=ORIENTED_EDGE('',*,*,#3411,.F.);
#3413=EDGE_LOOP('',(#3396,#3405,#3412));
#3414=FACE_BOUND('',#3413,.T.);
#3415=CARTESIAN_POINT('',(596.87863907,-147.729122671,44.722174843));
#3416=VERTEX_POINT('',#3415);
#3417=CARTESIAN_POINT('',(594.27863907,-147.729122671,47.322174843));
#3418=VERTEX_POINT('',#3417);
#3419=CARTESIAN_POINT('',(596.87863907,-147.729122671,47.322174843));
#3420=DIRECTION('',(-0.,1.,-0.));
#3421=DIRECTION('',(0.,0.,-1.));
#3422=AXIS2_PLACEMENT_3D('',#3419,#3420,#3421);
#3423=CIRCLE('',#3422,2.6);
#3424=EDGE_CURVE('NONE',#3416,#3418,#3423,.T.);
#3425=ORIENTED_EDGE('',*,*,#3424,.F.);
#3426=CARTESIAN_POINT('',(599.47863907,-147.729122671,47.322174843));
#3427=VERTEX_POINT('',#3426);
#3428=CARTESIAN_POINT('',(596.87863907,-147.729122671,47.322174843));
#3429=DIRECTION('',(-0.,1.,-0.));
#3430=DIRECTION('',(0.,0.,-1.));
#3431=AXIS2_PLACEMENT_3D('',#3428,#3429,#3430);
#3432=CIRCLE('',#3431,2.6);
#3433=EDGE_CURVE('',#3427,#3416,#3432,.T.);
#3434=ORIENTED_EDGE('',*,*,#3433,.F.);
#3435=CARTESIAN_POINT('',(596.87863907,-147.729122671,47.322174843));
#3436=DIRECTION('',(-0.,1.,-0.));
#3437=DIRECTION('',(0.,0.,-1.));
#3438=AXIS2_PLACEMENT_3D('',#3435,#3436,#3437);
#3439=CIRCLE('',#3438,2.6);
#3440=EDGE_CURVE('',#3418,#3427,#3439,.T.);
#3441=ORIENTED_EDGE('',*,*,#3440,.F.);
#3442=EDGE_LOOP('',(#3425,#3434,#3441));
#3443=FACE_BOUND('',#3442,.T.);
#3444=CARTESIAN_POINT('',(716.87863907,-147.729122671,108.722174843));
#3445=VERTEX_POINT('',#3444);
#3446=CARTESIAN_POINT('',(714.77863907,-147.729122671,110.822174843));
#3447=VERTEX_POINT('',#3446);
#3448=CARTESIAN_POINT('',(716.87863907,-147.729122671,110.822174843));
#3449=DIRECTION('',(-0.,1.,-0.));
#3450=DIRECTION('',(0.,0.,-1.));
#3451=AXIS2_PLACEMENT_3D('',#3448,#3449,#3450);
#3452=CIRCLE('',#3451,2.1);
#3453=EDGE_CURVE('NONE',#3445,#3447,#3452,.T.);
#3454=ORIENTED_EDGE('',*,*,#3453,.F.);
#3455=CARTESIAN_POINT('',(718.97863907,-147.729122671,110.822174843));
#3456=VERTEX_POINT('',#3455);
#3457=CARTESIAN_POINT('',(716.87863907,-147.729122671,110.822174843));
#3458=DIRECTION('',(-0.,1.,-0.));
#3459=DIRECTION('',(0.,0.,-1.));
#3460=AXIS2_PLACEMENT_3D('',#3457,#3458,#3459);
#3461=CIRCLE('',#3460,2.1);
#3462=EDGE_CURVE('',#3456,#3445,#3461,.T.);
#3463=ORIENTED_EDGE('',*,*,#3462,.F.);
#3464=CARTESIAN_POINT('',(716.87863907,-147.729122671,110.822174843));
#3465=DIRECTION('',(-0.,1.,-0.));
#3466=DIRECTION('',(0.,0.,-1.));
#3467=AXIS2_PLACEMENT_3D('',#3464,#3465,#3466);
#3468=CIRCLE('',#3467,2.1);
#3469=EDGE_CURVE('',#3447,#3456,#3468,.T.);
#3470=ORIENTED_EDGE('',*,*,#3469,.F.);
#3471=EDGE_LOOP('',(#3454,#3463,#3470));
#3472=FACE_BOUND('',#3471,.T.);
#3473=CARTESIAN_POINT('',(716.87863907,-147.729122671,145.722174843));
#3474=VERTEX_POINT('',#3473);
#3475=CARTESIAN_POINT('',(714.77863907,-147.729122671,147.822174843));
#3476=VERTEX_POINT('',#3475);
#3477=CARTESIAN_POINT('',(716.87863907,-147.729122671,147.822174843));
#3478=DIRECTION('',(-0.,1.,-0.));
#3479=DIRECTION('',(0.,0.,-1.));
#3480=AXIS2_PLACEMENT_3D('',#3477,#3478,#3479);
#3481=CIRCLE('',#3480,2.1);
#3482=EDGE_CURVE('NONE',#3474,#3476,#3481,.T.);
#3483=ORIENTED_EDGE('',*,*,#3482,.F.);
#3484=CARTESIAN_POINT('',(718.97863907,-147.729122671,147.822174843));
#3485=VERTEX_POINT('',#3484);
#3486=CARTESIAN_POINT('',(716.87863907,-147.729122671,147.822174843));
#3487=DIRECTION('',(-0.,1.,-0.));
#3488=DIRECTION('',(0.,0.,-1.));
#3489=AXIS2_PLACEMENT_3D('',#3486,#3487,#3488);
#3490=CIRCLE('',#3489,2.1);
#3491=EDGE_CURVE('',#3485,#3474,#3490,.T.);
#3492=ORIENTED_EDGE('',*,*,#3491,.F.);
#3493=CARTESIAN_POINT('',(716.87863907,-147.729122671,147.822174843));
#3494=DIRECTION('',(-0.,1.,-0.));
#3495=DIRECTION('',(0.,0.,-1.));
#3496=AXIS2_PLACEMENT_3D('',#3493,#3494,#3495);
#3497=CIRCLE('',#3496,2.1);
#3498=EDGE_CURVE('',#3476,#3485,#3497,.T.);
#3499=ORIENTED_EDGE('',*,*,#3498,.F.);
#3500=EDGE_LOOP('',(#3483,#3492,#3499));
#3501=FACE_BOUND('',#3500,.T.);
#3502=CARTESIAN_POINT('',(636.87863907,-147.729122671,108.722174843));
#3503=VERTEX_POINT('',#3502);
#3504=CARTESIAN_POINT('',(634.77863907,-147.729122671,110.822174843));
#3505=VERTEX_POINT('',#3504);
#3506=CARTESIAN_POINT('',(636.87863907,-147.729122671,110.822174843));
#3507=DIRECTION('',(-0.,1.,-0.));
#3508=DIRECTION('',(0.,0.,-1.));
#3509=AXIS2_PLACEMENT_3D('',#3506,#3507,#3508);
#3510=CIRCLE('',#3509,2.1);
#3511=EDGE_CURVE('NONE',#3503,#3505,#3510,.T.);
#3512=ORIENTED_EDGE('',*,*,#3511,.F.);
#3513=CARTESIAN_POINT('',(638.97863907,-147.729122671,110.822174843));
#3514=VERTEX_POINT('',#3513);
#3515=CARTESIAN_POINT('',(636.87863907,-147.729122671,110.822174843));
#3516=DIRECTION('',(-0.,1.,-0.));
#3517=DIRECTION('',(0.,0.,-1.));
#3518=AXIS2_PLACEMENT_3D('',#3515,#3516,#3517);
#3519=CIRCLE('',#3518,2.1);
#3520=EDGE_CURVE('',#3514,#3503,#3519,.T.);
#3521=ORIENTED_EDGE('',*,*,#3520,.F.);
#3522=CARTESIAN_POINT('',(636.87863907,-147.729122671,110.822174843));
#3523=DIRECTION('',(-0.,1.,-0.));
#3524=DIRECTION('',(0.,0.,-1.));
#3525=AXIS2_PLACEMENT_3D('',#3522,#3523,#3524);
#3526=CIRCLE('',#3525,2.1);
#3527=EDGE_CURVE('',#3505,#3514,#3526,.T.);
#3528=ORIENTED_EDGE('',*,*,#3527,.F.);
#3529=EDGE_LOOP('',(#3512,#3521,#3528));
#3530=FACE_BOUND('',#3529,.T.);
#3531=CARTESIAN_POINT('',(636.87863907,-147.729122671,145.722174843));
#3532=VERTEX_POINT('',#3531);
#3533=CARTESIAN_POINT('',(634.77863907,-147.729122671,147.822174843));
#3534=VERTEX_POINT('',#3533);
#3535=CARTESIAN_POINT('',(636.87863907,-147.729122671,147.822174843));
#3536=DIRECTION('',(-0.,1.,-0.));
#3537=DIRECTION('',(0.,0.,-1.));
#3538=AXIS2_PLACEMENT_3D('',#3535,#3536,#3537);
#3539=CIRCLE('',#3538,2.1);
#3540=EDGE_CURVE('NONE',#3532,#3534,#3539,.T.);
#3541=ORIENTED_EDGE('',*,*,#3540,.F.);
#3542=CARTESIAN_POINT('',(638.97863907,-147.729122671,147.822174843));
#3543=VERTEX_POINT('',#3542);
#3544=CARTESIAN_POINT('',(636.87863907,-147.729122671,147.822174843));
#3545=DIRECTION('',(-0.,1.,-0.));
#3546=DIRECTION('',(0.,0.,-1.));
#3547=AXIS2_PLACEMENT_3D('',#3544,#3545,#3546);
#3548=CIRCLE('',#3547,2.1);
#3549=EDGE_CURVE('',#3543,#3532,#3548,.T.);
#3550=ORIENTED_EDGE('',*,*,#3549,.F.);
#3551=CARTESIAN_POINT('',(636.87863907,-147.729122671,147.822174843));
#3552=DIRECTION('',(-0.,1.,-0.));
#3553=DIRECTION('',(0.,0.,-1.));
#3554=AXIS2_PLACEMENT_3D('',#3551,#3552,#3553);
#3555=CIRCLE('',#3554,2.1);
#3556=EDGE_CURVE('',#3534,#3543,#3555,.T.);
#3557=ORIENTED_EDGE('',*,*,#3556,.F.);
#3558=EDGE_LOOP('',(#3541,#3550,#3557));
#3559=FACE_BOUND('',#3558,.T.);
#3560=CARTESIAN_POINT('',(676.87863907,-147.729122671,171.322174843));
#3561=VERTEX_POINT('',#3560);
#3562=CARTESIAN_POINT('',(671.87863907,-147.729122671,176.322174843));
#3563=VERTEX_POINT('',#3562);
#3564=CARTESIAN_POINT('',(676.87863907,-147.729122671,176.322174843));
#3565=DIRECTION('',(-0.,1.,-0.));
#3566=DIRECTION('',(0.,0.,-1.));
#3567=AXIS2_PLACEMENT_3D('',#3564,#3565,#3566);
#3568=CIRCLE('',#3567,5.);
#3569=EDGE_CURVE('NONE',#3561,#3563,#3568,.T.);
#3570=ORIENTED_EDGE('',*,*,#3569,.F.);
#3571=CARTESIAN_POINT('',(681.87863907,-147.729122671,176.322174843));
#3572=VERTEX_POINT('',#3571);
#3573=CARTESIAN_POINT('',(676.87863907,-147.729122671,176.322174843));
#3574=DIRECTION('',(-0.,1.,-0.));
#3575=DIRECTION('',(0.,0.,-1.));
#3576=AXIS2_PLACEMENT_3D('',#3573,#3574,#3575);
#3577=CIRCLE('',#3576,5.);
#3578=EDGE_CURVE('',#3572,#3561,#3577,.T.);
#3579=ORIENTED_EDGE('',*,*,#3578,.F.);
#3580=CARTESIAN_POINT('',(676.87863907,-147.729122671,176.322174843));
#3581=DIRECTION('',(-0.,1.,-0.));
#3582=DIRECTION('',(0.,0.,-1.));
#3583=AXIS2_PLACEMENT_3D('',#3580,#3581,#3582);
#3584=CIRCLE('',#3583,5.);
#3585=EDGE_CURVE('',#3563,#3572,#3584,.T.);
#3586=ORIENTED_EDGE('',*,*,#3585,.F.);
#3587=EDGE_LOOP('',(#3570,#3579,#3586));
#3588=FACE_BOUND('',#3587,.T.);
#3589=CARTESIAN_POINT('',(676.87863907,-147.729122671,162.722174843));
#3590=VERTEX_POINT('',#3589);
#3591=CARTESIAN_POINT('',(675.27863907,-147.729122671,164.322174843));
#3592=VERTEX_POINT('',#3591);
#3593=CARTESIAN_POINT('',(676.87863907,-147.729122671,164.322174843));
#3594=DIRECTION('',(-0.,1.,-0.));
#3595=DIRECTION('',(0.,0.,-1.));
#3596=AXIS2_PLACEMENT_3D('',#3593,#3594,#3595);
#3597=CIRCLE('',#3596,1.6);
#3598=EDGE_CURVE('NONE',#3590,#3592,#3597,.T.);
#3599=ORIENTED_EDGE('',*,*,#3598,.F.);
#3600=CARTESIAN_POINT('',(678.47863907,-147.729122671,164.322174843));
#3601=VERTEX_POINT('',#3600);
#3602=CARTESIAN_POINT('',(676.87863907,-147.729122671,164.322174843));
#3603=DIRECTION('',(-0.,1.,-0.));
#3604=DIRECTION('',(0.,0.,-1.));
#3605=AXIS2_PLACEMENT_3D('',#3602,#3603,#3604);
#3606=CIRCLE('',#3605,1.6);
#3607=EDGE_CURVE('',#3601,#3590,#3606,.T.);
#3608=ORIENTED_EDGE('',*,*,#3607,.F.);
#3609=CARTESIAN_POINT('',(676.87863907,-147.729122671,164.322174843));
#3610=DIRECTION('',(-0.,1.,-0.));
#3611=DIRECTION('',(0.,0.,-1.));
#3612=AXIS2_PLACEMENT_3D('',#3609,#3610,#3611);
#3613=CIRCLE('',#3612,1.6);
#3614=EDGE_CURVE('',#3592,#3601,#3613,.T.);
#3615=ORIENTED_EDGE('',*,*,#3614,.F.);
#3616=EDGE_LOOP('',(#3599,#3608,#3615));
#3617=FACE_BOUND('',#3616,.T.);
#3618=CARTESIAN_POINT('',(636.87863907,-147.729122671,137.322174843));
#3619=VERTEX_POINT('',#3618);
#3620=CARTESIAN_POINT('',(628.87863907,-147.729122671,129.322174843));
#3621=VERTEX_POINT('',#3620);
#3622=CARTESIAN_POINT('',(636.87863907,-147.729122671,129.322174843));
#3623=DIRECTION('',(-0.,-1.,-0.));
#3624=DIRECTION('',(0.,-0.,1.));
#3625=AXIS2_PLACEMENT_3D('',#3622,#3623,#3624);
#3626=CIRCLE('',#3625,8.);
#3627=EDGE_CURVE('NONE',#3619,#3621,#3626,.T.);
#3628=ORIENTED_EDGE('',*,*,#3627,.T.);
#3629=CARTESIAN_POINT('',(644.87863907,-147.729122671,129.322174843));
#3630=VERTEX_POINT('',#3629);
#3631=CARTESIAN_POINT('',(636.87863907,-147.729122671,129.322174843));
#3632=DIRECTION('',(-0.,-1.,-0.));
#3633=DIRECTION('',(0.,-0.,1.));
#3634=AXIS2_PLACEMENT_3D('',#3631,#3632,#3633);
#3635=CIRCLE('',#3634,8.);
#3636=EDGE_CURVE('',#3621,#3630,#3635,.T.);
#3637=ORIENTED_EDGE('',*,*,#3636,.T.);
#3638=CARTESIAN_POINT('',(636.87863907,-147.729122671,129.322174843));
#3639=DIRECTION('',(-0.,-1.,-0.));
#3640=DIRECTION('',(0.,-0.,1.));
#3641=AXIS2_PLACEMENT_3D('',#3638,#3639,#3640);
#3642=CIRCLE('',#3641,8.);
#3643=EDGE_CURVE('',#3630,#3619,#3642,.T.);
#3644=ORIENTED_EDGE('',*,*,#3643,.T.);
#3645=EDGE_LOOP('',(#3628,#3637,#3644));
#3646=FACE_BOUND('',#3645,.T.);
#3647=CARTESIAN_POINT('',(676.87863907,-147.729122671,147.322174843));
#3648=VERTEX_POINT('',#3647);
#3649=CARTESIAN_POINT('',(668.87863907,-147.729122671,139.322174843));
#3650=VERTEX_POINT('',#3649);
#3651=CARTESIAN_POINT('',(676.87863907,-147.729122671,139.322174843));
#3652=DIRECTION('',(-0.,-1.,-0.));
#3653=DIRECTION('',(0.,-0.,1.));
#3654=AXIS2_PLACEMENT_3D('',#3651,#3652,#3653);
#3655=CIRCLE('',#3654,8.);
#3656=EDGE_CURVE('NONE',#3648,#3650,#3655,.T.);
#3657=ORIENTED_EDGE('',*,*,#3656,.T.);
#3658=CARTESIAN_POINT('',(684.87863907,-147.729122671,139.322174843));
#3659=VERTEX_POINT('',#3658);
#3660=CARTESIAN_POINT('',(676.87863907,-147.729122671,139.322174843));
#3661=DIRECTION('',(-0.,-1.,-0.));
#3662=DIRECTION('',(0.,-0.,1.));
#3663=AXIS2_PLACEMENT_3D('',#3660,#3661,#3662);
#3664=CIRCLE('',#3663,8.);
#3665=EDGE_CURVE('',#3650,#3659,#3664,.T.);
#3666=ORIENTED_EDGE('',*,*,#3665,.T.);
#3667=CARTESIAN_POINT('',(676.87863907,-147.729122671,139.322174843));
#3668=DIRECTION('',(-0.,-1.,-0.));
#3669=DIRECTION('',(0.,-0.,1.));
#3670=AXIS2_PLACEMENT_3D('',#3667,#3668,#3669);
#3671=CIRCLE('',#3670,8.);
#3672=EDGE_CURVE('',#3659,#3648,#3671,.T.);
#3673=ORIENTED_EDGE('',*,*,#3672,.T.);
#3674=EDGE_LOOP('',(#3657,#3666,#3673));
#3675=FACE_BOUND('',#3674,.T.);
#3676=CARTESIAN_POINT('',(716.87863907,-147.729122671,137.322174843));
#3677=VERTEX_POINT('',#3676);
#3678=CARTESIAN_POINT('',(708.87863907,-147.729122671,129.322174843));
#3679=VERTEX_POINT('',#3678);
#3680=CARTESIAN_POINT('',(716.87863907,-147.729122671,129.322174843));
#3681=DIRECTION('',(-0.,-1.,-0.));
#3682=DIRECTION('',(0.,-0.,1.));
#3683=AXIS2_PLACEMENT_3D('',#3680,#3681,#3682);
#3684=CIRCLE('',#3683,8.);
#3685=EDGE_CURVE('NONE',#3677,#3679,#3684,.T.);
#3686=ORIENTED_EDGE('',*,*,#3685,.T.);
#3687=CARTESIAN_POINT('',(724.87863907,-147.729122671,129.322174843));
#3688=VERTEX_POINT('',#3687);
#3689=CARTESIAN_POINT('',(716.87863907,-147.729122671,129.322174843));
#3690=DIRECTION('',(-0.,-1.,-0.));
#3691=DIRECTION('',(0.,-0.,1.));
#3692=AXIS2_PLACEMENT_3D('',#3689,#3690,#3691);
#3693=CIRCLE('',#3692,8.);
#3694=EDGE_CURVE('',#3679,#3688,#3693,.T.);
#3695=ORIENTED_EDGE('',*,*,#3694,.T.);
#3696=CARTESIAN_POINT('',(716.87863907,-147.729122671,129.322174843));
#3697=DIRECTION('',(-0.,-1.,-0.));
#3698=DIRECTION('',(0.,-0.,1.));
#3699=AXIS2_PLACEMENT_3D('',#3696,#3697,#3698);
#3700=CIRCLE('',#3699,8.);
#3701=EDGE_CURVE('',#3688,#3677,#3700,.T.);
#3702=ORIENTED_EDGE('',*,*,#3701,.T.);
#3703=EDGE_LOOP('',(#3686,#3695,#3702));
#3704=FACE_BOUND('',#3703,.T.);
#3705=CARTESIAN_POINT('',(553.949706881,-147.729122671,12.251107031));
#3706=VERTEX_POINT('',#3705);
#3707=CARTESIAN_POINT('',(499.807571258,-147.729122671,66.393242655));
#3708=VERTEX_POINT('',#3707);
#3709=CARTESIAN_POINT('',(553.949706881,-147.729122671,12.251107031));
#3710=DIRECTION('',(-0.707106781,0.,0.707106781));
#3711=VECTOR('',#3710,76.568542495);
#3712=LINE('',#3709,#3711);
#3713=EDGE_CURVE('',#3706,#3708,#3712,.T.);
#3714=ORIENTED_EDGE('',*,*,#3713,.T.);
#3715=CARTESIAN_POINT('',(496.87863907,-147.729122671,73.464310467));
#3716=VERTEX_POINT('',#3715);
#3717=CARTESIAN_POINT('',(506.87863907,-147.729122671,73.464310467));
#3718=DIRECTION('',(-0.,1.,-0.));
#3719=DIRECTION('',(0.,0.,-1.));
#3720=AXIS2_PLACEMENT_3D('',#3717,#3718,#3719);
#3721=CIRCLE('',#3720,10.);
#3722=EDGE_CURVE('',#3708,#3716,#3721,.T.);
#3723=ORIENTED_EDGE('',*,*,#3722,.T.);
#3724=CARTESIAN_POINT('',(496.87863907,-147.729122671,193.322174843));
#3725=VERTEX_POINT('',#3724);
#3726=CARTESIAN_POINT('',(496.87863907,-147.729122671,73.464310467));
#3727=DIRECTION('',(-0.,-0.,1.));
#3728=VECTOR('',#3727,119.857864376);
#3729=LINE('',#3726,#3728);
#3730=EDGE_CURVE('',#3716,#3725,#3729,.T.);
#3731=ORIENTED_EDGE('',*,*,#3730,.T.);
#3732=CARTESIAN_POINT('',(856.87863907,-147.729122671,193.322174843));
#3733=VERTEX_POINT('',#3732);
#3734=CARTESIAN_POINT('',(856.87863907,-147.729122671,193.322174843));
#3735=DIRECTION('',(-1.,0.,0.));
#3736=VECTOR('',#3735,360.);
#3737=LINE('',#3734,#3736);
#3738=EDGE_CURVE('NONE',#3733,#3725,#3737,.T.);
#3739=ORIENTED_EDGE('',*,*,#3738,.F.);
#3740=CARTESIAN_POINT('',(856.87863907,-147.729122671,73.464310467));
#3741=VERTEX_POINT('',#3740);
#3742=CARTESIAN_POINT('',(856.87863907,-147.729122671,193.322174843));
#3743=DIRECTION('',(0.,0.,-1.));
#3744=VECTOR('',#3743,119.857864376);
#3745=LINE('',#3742,#3744);
#3746=EDGE_CURVE('NONE',#3733,#3741,#3745,.T.);
#3747=ORIENTED_EDGE('',*,*,#3746,.T.);
#3748=CARTESIAN_POINT('',(853.949706881,-147.729122671,66.393242655));
#3749=VERTEX_POINT('',#3748);
#3750=CARTESIAN_POINT('',(846.87863907,-147.729122671,73.464310467));
#3751=DIRECTION('',(-0.,1.,-0.));
#3752=DIRECTION('',(0.,0.,-1.));
#3753=AXIS2_PLACEMENT_3D('',#3750,#3751,#3752);
#3754=CIRCLE('',#3753,10.);
#3755=EDGE_CURVE('',#3741,#3749,#3754,.T.);
#3756=ORIENTED_EDGE('',*,*,#3755,.T.);
#3757=CARTESIAN_POINT('',(799.807571258,-147.729122671,12.251107031));
#3758=VERTEX_POINT('',#3757);
#3759=CARTESIAN_POINT('',(853.949706881,-147.729122671,66.393242655));
#3760=DIRECTION('',(-0.707106781,0.,-0.707106781));
#3761=VECTOR('',#3760,76.568542495);
#3762=LINE('',#3759,#3761);
#3763=EDGE_CURVE('',#3749,#3758,#3762,.T.);
#3764=ORIENTED_EDGE('',*,*,#3763,.T.);
#3765=CARTESIAN_POINT('',(792.736503446,-147.729122671,9.322174843));
#3766=VERTEX_POINT('',#3765);
#3767=CARTESIAN_POINT('',(792.736503446,-147.729122671,19.322174843));
#3768=DIRECTION('',(-0.,1.,-0.));
#3769=DIRECTION('',(0.,0.,-1.));
#3770=AXIS2_PLACEMENT_3D('',#3767,#3768,#3769);
#3771=CIRCLE('',#3770,10.);
#3772=EDGE_CURVE('',#3758,#3766,#3771,.T.);
#3773=ORIENTED_EDGE('',*,*,#3772,.T.);
#3774=CARTESIAN_POINT('',(561.020774693,-147.729122671,9.322174843));
#3775=VERTEX_POINT('',#3774);
#3776=CARTESIAN_POINT('',(792.736503446,-147.729122671,9.322174843));
#3777=DIRECTION('',(-1.,-0.,0.));
#3778=VECTOR('',#3777,231.715728753);
#3779=LINE('',#3776,#3778);
#3780=EDGE_CURVE('',#3766,#3775,#3779,.T.);
#3781=ORIENTED_EDGE('',*,*,#3780,.T.);
#3782=CARTESIAN_POINT('',(561.020774693,-147.729122671,19.322174843));
#3783=DIRECTION('',(-0.,1.,-0.));
#3784=DIRECTION('',(0.,0.,-1.));
#3785=AXIS2_PLACEMENT_3D('',#3782,#3783,#3784);
#3786=CIRCLE('',#3785,10.);
#3787=EDGE_CURVE('',#3775,#3706,#3786,.T.);
#3788=ORIENTED_EDGE('',*,*,#3787,.T.);
#3789=EDGE_LOOP('',(#3714,#3723,#3731,#3739,#3747,#3756,#3764,#3773,#3781,#3788));
#3790=FACE_BOUND('',#3789,.T.);
#3791=CARTESIAN_POINT('',(610.80971406,-147.729122671,164.732102801));
#3792=VERTEX_POINT('',#3791);
#3793=CARTESIAN_POINT('',(634.80971406,-147.729122671,164.732102801));
#3794=VERTEX_POINT('',#3793);
#3795=CARTESIAN_POINT('',(610.80971406,-147.729122671,164.732102801));
#3796=DIRECTION('',(1.,0.,-0.));
#3797=VECTOR('',#3796,24.);
#3798=LINE('',#3795,#3797);
#3799=EDGE_CURVE('',#3792,#3794,#3798,.T.);
#3800=ORIENTED_EDGE('',*,*,#3799,.T.);
#3801=CARTESIAN_POINT('',(637.80971406,-147.729122671,167.732102801));
#3802=VERTEX_POINT('',#3801);
#3803=CARTESIAN_POINT('',(634.80971406,-147.729122671,167.732102801));
#3804=DIRECTION('',(0.,-1.,0.));
#3805=DIRECTION('',(0.,0.,-1.));
#3806=AXIS2_PLACEMENT_3D('',#3803,#3804,#3805);
#3807=CIRCLE('',#3806,3.);
#3808=EDGE_CURVE('',#3794,#3802,#3807,.T.);
#3809=ORIENTED_EDGE('',*,*,#3808,.T.);
#3810=CARTESIAN_POINT('',(637.80971406,-147.729122671,171.732102801));
#3811=VERTEX_POINT('',#3810);
#3812=CARTESIAN_POINT('',(637.80971406,-147.729122671,167.732102801));
#3813=DIRECTION('',(0.,0.,1.));
#3814=VECTOR('',#3813,4.);
#3815=LINE('',#3812,#3814);
#3816=EDGE_CURVE('',#3802,#3811,#3815,.T.);
#3817=ORIENTED_EDGE('',*,*,#3816,.T.);
#3818=CARTESIAN_POINT('',(634.80971406,-147.729122671,174.732102801));
#3819=VERTEX_POINT('',#3818);
#3820=CARTESIAN_POINT('',(634.80971406,-147.729122671,171.732102801));
#3821=DIRECTION('',(0.,-1.,0.));
#3822=DIRECTION('',(0.,0.,-1.));
#3823=AXIS2_PLACEMENT_3D('',#3820,#3821,#3822);
#3824=CIRCLE('',#3823,3.);
#3825=EDGE_CURVE('',#3811,#3819,#3824,.T.);
#3826=ORIENTED_EDGE('',*,*,#3825,.T.);
#3827=CARTESIAN_POINT('',(610.80971406,-147.729122671,174.732102801));
#3828=VERTEX_POINT('',#3827);
#3829=CARTESIAN_POINT('',(634.80971406,-147.729122671,174.732102801));
#3830=DIRECTION('',(-1.,0.,0.));
#3831=VECTOR('',#3830,24.);
#3832=LINE('',#3829,#3831);
#3833=EDGE_CURVE('',#3819,#3828,#3832,.T.);
#3834=ORIENTED_EDGE('',*,*,#3833,.T.);
#3835=CARTESIAN_POINT('',(607.80971406,-147.729122671,171.732102801));
#3836=VERTEX_POINT('',#3835);
#3837=CARTESIAN_POINT('',(610.80971406,-147.729122671,171.732102801));
#3838=DIRECTION('',(0.,-1.,0.));
#3839=DIRECTION('',(0.,0.,-1.));
#3840=AXIS2_PLACEMENT_3D('',#3837,#3838,#3839);
#3841=CIRCLE('',#3840,3.);
#3842=EDGE_CURVE('',#3828,#3836,#3841,.T.);
#3843=ORIENTED_EDGE('',*,*,#3842,.T.);
#3844=CARTESIAN_POINT('',(607.80971406,-147.729122671,167.732102801));
#3845=VERTEX_POINT('',#3844);
#3846=CARTESIAN_POINT('',(607.80971406,-147.729122671,171.732102801));
#3847=DIRECTION('',(0.,0.,-1.));
#3848=VECTOR('',#3847,4.);
#3849=LINE('',#3846,#3848);
#3850=EDGE_CURVE('',#3836,#3845,#3849,.T.);
#3851=ORIENTED_EDGE('',*,*,#3850,.T.);
#3852=CARTESIAN_POINT('',(610.80971406,-147.729122671,167.732102801));
#3853=DIRECTION('',(0.,-1.,0.));
#3854=DIRECTION('',(0.,0.,-1.));
#3855=AXIS2_PLACEMENT_3D('',#3852,#3853,#3854);
#3856=CIRCLE('',#3855,3.);
#3857=EDGE_CURVE('',#3845,#3792,#3856,.T.);
#3858=ORIENTED_EDGE('',*,*,#3857,.T.);
#3859=EDGE_LOOP('',(#3800,#3809,#3817,#3826,#3834,#3843,#3851,#3858));
#3860=FACE_BOUND('',#3859,.T.);
#3861=CARTESIAN_POINT('',(663.27863907,-147.729122671,176.322174843));
#3862=VERTEX_POINT('',#3861);
#3863=CARTESIAN_POINT('',(666.47863907,-147.729122671,176.322174843));
#3864=VERTEX_POINT('',#3863);
#3865=CARTESIAN_POINT('',(664.87863907,-147.729122671,176.322174843));
#3866=DIRECTION('',(-0.,1.,-0.));
#3867=DIRECTION('',(0.,0.,-1.));
#3868=AXIS2_PLACEMENT_3D('',#3865,#3866,#3867);
#3869=CIRCLE('',#3868,1.6);
#3870=EDGE_CURVE('NONE',#3862,#3864,#3869,.T.);
#3871=ORIENTED_EDGE('',*,*,#3870,.F.);
#3872=CARTESIAN_POINT('',(664.87863907,-147.729122671,176.322174843));
#3873=DIRECTION('',(-0.,1.,-0.));
#3874=DIRECTION('',(0.,0.,-1.));
#3875=AXIS2_PLACEMENT_3D('',#3872,#3873,#3874);
#3876=CIRCLE('',#3875,1.6);
#3877=EDGE_CURVE('',#3864,#3862,#3876,.T.);
#3878=ORIENTED_EDGE('',*,*,#3877,.F.);
#3879=EDGE_LOOP('',(#3871,#3878));
#3880=FACE_BOUND('',#3879,.T.);
#3881=CARTESIAN_POINT('',(687.27863907,-147.729122671,176.322174843));
#3882=VERTEX_POINT('',#3881);
#3883=CARTESIAN_POINT('',(690.47863907,-147.729122671,176.322174843));
#3884=VERTEX_POINT('',#3883);
#3885=CARTESIAN_POINT('',(688.87863907,-147.729122671,176.322174843));
#3886=DIRECTION('',(-0.,1.,-0.));
#3887=DIRECTION('',(0.,0.,-1.));
#3888=AXIS2_PLACEMENT_3D('',#3885,#3886,#3887);
#3889=CIRCLE('',#3888,1.6);
#3890=EDGE_CURVE('NONE',#3882,#3884,#3889,.T.);
#3891=ORIENTED_EDGE('',*,*,#3890,.F.);
#3892=CARTESIAN_POINT('',(688.87863907,-147.729122671,176.322174843));
#3893=DIRECTION('',(-0.,1.,-0.));
#3894=DIRECTION('',(0.,0.,-1.));
#3895=AXIS2_PLACEMENT_3D('',#3892,#3893,#3894);
#3896=CIRCLE('',#3895,1.6);
#3897=EDGE_CURVE('',#3884,#3882,#3896,.T.);
#3898=ORIENTED_EDGE('',*,*,#3897,.F.);
#3899=EDGE_LOOP('',(#3891,#3898));
#3900=FACE_BOUND('',#3899,.T.);
#3901=CARTESIAN_POINT('',(693.95,-147.729122671,123.65));
#3902=VERTEX_POINT('',#3901);
#3903=CARTESIAN_POINT('',(690.55,-147.729122671,123.65));
#3904=VERTEX_POINT('',#3903);
#3905=CARTESIAN_POINT('',(692.25,-147.729122671,123.65));
#3906=DIRECTION('',(0.,-1.,0.));
#3907=DIRECTION('',(0.,0.,-1.));
#3908=AXIS2_PLACEMENT_3D('',#3905,#3906,#3907);
#3909=CIRCLE('',#3908,1.7);
#3910=EDGE_CURVE('',#3902,#3904,#3909,.T.);
#3911=ORIENTED_EDGE('',*,*,#3910,.T.);
#3912=CARTESIAN_POINT('',(692.25,-147.729122671,123.65));
#3913=DIRECTION('',(0.,-1.,0.));
#3914=DIRECTION('',(0.,0.,-1.));
#3915=AXIS2_PLACEMENT_3D('',#3912,#3913,#3914);
#3916=CIRCLE('',#3915,1.7);
#3917=EDGE_CURVE('',#3904,#3902,#3916,.T.);
#3918=ORIENTED_EDGE('',*,*,#3917,.T.);
#3919=EDGE_LOOP('',(#3911,#3918));
#3920=FACE_BOUND('',#3919,.T.);
#3921=CARTESIAN_POINT('',(662.95,-147.729122671,123.65));
#3922=VERTEX_POINT('',#3921);
#3923=CARTESIAN_POINT('',(659.55,-147.729122671,123.65));
#3924=VERTEX_POINT('',#3923);
#3925=CARTESIAN_POINT('',(661.25,-147.729122671,123.65));
#3926=DIRECTION('',(0.,-1.,0.));
#3927=DIRECTION('',(0.,0.,-1.));
#3928=AXIS2_PLACEMENT_3D('',#3925,#3926,#3927);
#3929=CIRCLE('',#3928,1.7);
#3930=EDGE_CURVE('',#3922,#3924,#3929,.T.);
#3931=ORIENTED_EDGE('',*,*,#3930,.T.);
#3932=CARTESIAN_POINT('',(661.25,-147.729122671,123.65));
#3933=DIRECTION('',(0.,-1.,0.));
#3934=DIRECTION('',(0.,0.,-1.));
#3935=AXIS2_PLACEMENT_3D('',#3932,#3933,#3934);
#3936=CIRCLE('',#3935,1.7);
#3937=EDGE_CURVE('',#3924,#3922,#3936,.T.);
#3938=ORIENTED_EDGE('',*,*,#3937,.T.);
#3939=EDGE_LOOP('',(#3931,#3938));
#3940=FACE_BOUND('',#3939,.T.);
#3941=CARTESIAN_POINT('',(693.95,-147.729122671,154.65));
#3942=VERTEX_POINT('',#3941);
#3943=CARTESIAN_POINT('',(690.55,-147.729122671,154.65));
#3944=VERTEX_POINT('',#3943);
#3945=CARTESIAN_POINT('',(692.25,-147.729122671,154.65));
#3946=DIRECTION('',(0.,-1.,0.));
#3947=DIRECTION('',(0.,0.,-1.));
#3948=AXIS2_PLACEMENT_3D('',#3945,#3946,#3947);
#3949=CIRCLE('',#3948,1.7);
#3950=EDGE_CURVE('',#3942,#3944,#3949,.T.);
#3951=ORIENTED_EDGE('',*,*,#3950,.T.);
#3952=CARTESIAN_POINT('',(692.25,-147.729122671,154.65));
#3953=DIRECTION('',(0.,-1.,0.));
#3954=DIRECTION('',(0.,0.,-1.));
#3955=AXIS2_PLACEMENT_3D('',#3952,#3953,#3954);
#3956=CIRCLE('',#3955,1.7);
#3957=EDGE_CURVE('',#3944,#3942,#3956,.T.);
#3958=ORIENTED_EDGE('',*,*,#3957,.T.);
#3959=EDGE_LOOP('',(#3951,#3958));
#3960=FACE_BOUND('',#3959,.T.);
#3961=CARTESIAN_POINT('',(662.95,-147.729122671,154.65));
#3962=VERTEX_POINT('',#3961);
#3963=CARTESIAN_POINT('',(659.55,-147.729122671,154.65));
#3964=VERTEX_POINT('',#3963);
#3965=CARTESIAN_POINT('',(661.25,-147.729122671,154.65));
#3966=DIRECTION('',(0.,-1.,0.));
#3967=DIRECTION('',(0.,0.,-1.));
#3968=AXIS2_PLACEMENT_3D('',#3965,#3966,#3967);
#3969=CIRCLE('',#3968,1.7);
#3970=EDGE_CURVE('',#3962,#3964,#3969,.T.);
#3971=ORIENTED_EDGE('',*,*,#3970,.T.);
#3972=CARTESIAN_POINT('',(661.25,-147.729122671,154.65));
#3973=DIRECTION('',(0.,-1.,0.));
#3974=DIRECTION('',(0.,0.,-1.));
#3975=AXIS2_PLACEMENT_3D('',#3972,#3973,#3974);
#3976=CIRCLE('',#3975,1.7);
#3977=EDGE_CURVE('',#3964,#3962,#3976,.T.);
#3978=ORIENTED_EDGE('',*,*,#3977,.T.);
#3979=EDGE_LOOP('',(#3971,#3978));
#3980=FACE_BOUND('',#3979,.T.);
#3981=CARTESIAN_POINT('',(799.62136093,-147.729122671,95.322174843));
#3982=VERTEX_POINT('',#3981);
#3983=CARTESIAN_POINT('',(797.02136093,-147.729122671,97.922174843));
#3984=VERTEX_POINT('',#3983);
#3985=CARTESIAN_POINT('',(797.02136093,-147.729122671,95.322174843));
#3986=DIRECTION('',(0.,-1.,0.));
#3987=DIRECTION('',(0.,0.,-1.));
#3988=AXIS2_PLACEMENT_3D('',#3985,#3986,#3987);
#3989=CIRCLE('',#3988,2.6);
#3990=EDGE_CURVE('',#3982,#3984,#3989,.T.);
#3991=ORIENTED_EDGE('',*,*,#3990,.T.);
#3992=CARTESIAN_POINT('',(794.42136093,-147.729122671,95.322174843));
#3993=VERTEX_POINT('',#3992);
#3994=CARTESIAN_POINT('',(797.02136093,-147.729122671,95.322174843));
#3995=DIRECTION('',(0.,-1.,0.));
#3996=DIRECTION('',(0.,0.,-1.));
#3997=AXIS2_PLACEMENT_3D('',#3994,#3995,#3996);
#3998=CIRCLE('',#3997,2.6);
#3999=EDGE_CURVE('',#3984,#3993,#3998,.T.);
#4000=ORIENTED_EDGE('',*,*,#3999,.T.);
#4001=CARTESIAN_POINT('',(797.02136093,-147.729122671,95.322174843));
#4002=DIRECTION('',(0.,-1.,0.));
#4003=DIRECTION('',(0.,0.,-1.));
#4004=AXIS2_PLACEMENT_3D('',#4001,#4002,#4003);
#4005=CIRCLE('',#4004,2.6);
#4006=EDGE_CURVE('',#3993,#3982,#4005,.T.);
#4007=ORIENTED_EDGE('',*,*,#4006,.T.);
#4008=EDGE_LOOP('',(#3991,#4000,#4007));
#4009=FACE_BOUND('',#4008,.T.);
#4010=CARTESIAN_POINT('',(824.52136093,-147.729122671,149.322174843));
#4011=VERTEX_POINT('',#4010);
#4012=CARTESIAN_POINT('',(821.92136093,-147.729122671,151.922174843));
#4013=VERTEX_POINT('',#4012);
#4014=CARTESIAN_POINT('',(821.92136093,-147.729122671,149.322174843));
#4015=DIRECTION('',(0.,-1.,0.));
#4016=DIRECTION('',(0.,0.,-1.));
#4017=AXIS2_PLACEMENT_3D('',#4014,#4015,#4016);
#4018=CIRCLE('',#4017,2.6);
#4019=EDGE_CURVE('',#4011,#4013,#4018,.T.);
#4020=ORIENTED_EDGE('',*,*,#4019,.T.);
#4021=CARTESIAN_POINT('',(819.32136093,-147.729122671,149.322174843));
#4022=VERTEX_POINT('',#4021);
#4023=CARTESIAN_POINT('',(821.92136093,-147.729122671,149.322174843));
#4024=DIRECTION('',(0.,-1.,0.));
#4025=DIRECTION('',(0.,0.,-1.));
#4026=AXIS2_PLACEMENT_3D('',#4023,#4024,#4025);
#4027=CIRCLE('',#4026,2.6);
#4028=EDGE_CURVE('',#4013,#4022,#4027,.T.);
#4029=ORIENTED_EDGE('',*,*,#4028,.T.);
#4030=CARTESIAN_POINT('',(821.92136093,-147.729122671,149.322174843));
#4031=DIRECTION('',(0.,-1.,0.));
#4032=DIRECTION('',(0.,0.,-1.));
#4033=AXIS2_PLACEMENT_3D('',#4030,#4031,#4032);
#4034=CIRCLE('',#4033,2.6);
#4035=EDGE_CURVE('',#4022,#4011,#4034,.T.);
#4036=ORIENTED_EDGE('',*,*,#4035,.T.);
#4037=EDGE_LOOP('',(#4020,#4029,#4036));
#4038=FACE_BOUND('',#4037,.T.);
#4039=CARTESIAN_POINT('',(774.52136093,-147.729122671,149.322174843));
#4040=VERTEX_POINT('',#4039);
#4041=CARTESIAN_POINT('',(771.92136093,-147.729122671,151.922174843));
#4042=VERTEX_POINT('',#4041);
#4043=CARTESIAN_POINT('',(771.92136093,-147.729122671,149.322174843));
#4044=DIRECTION('',(0.,-1.,0.));
#4045=DIRECTION('',(0.,0.,-1.));
#4046=AXIS2_PLACEMENT_3D('',#4043,#4044,#4045);
#4047=CIRCLE('',#4046,2.6);
#4048=EDGE_CURVE('',#4040,#4042,#4047,.T.);
#4049=ORIENTED_EDGE('',*,*,#4048,.T.);
#4050=CARTESIAN_POINT('',(769.32136093,-147.729122671,149.322174843));
#4051=VERTEX_POINT('',#4050);
#4052=CARTESIAN_POINT('',(771.92136093,-147.729122671,149.322174843));
#4053=DIRECTION('',(0.,-1.,0.));
#4054=DIRECTION('',(0.,0.,-1.));
#4055=AXIS2_PLACEMENT_3D('',#4052,#4053,#4054);
#4056=CIRCLE('',#4055,2.6);
#4057=EDGE_CURVE('',#4042,#4051,#4056,.T.);
#4058=ORIENTED_EDGE('',*,*,#4057,.T.);
#4059=CARTESIAN_POINT('',(771.92136093,-147.729122671,149.322174843));
#4060=DIRECTION('',(0.,-1.,0.));
#4061=DIRECTION('',(0.,0.,-1.));
#4062=AXIS2_PLACEMENT_3D('',#4059,#4060,#4061);
#4063=CIRCLE('',#4062,2.6);
#4064=EDGE_CURVE('',#4051,#4040,#4063,.T.);
#4065=ORIENTED_EDGE('',*,*,#4064,.T.);
#4066=EDGE_LOOP('',(#4049,#4058,#4065));
#4067=FACE_BOUND('',#4066,.T.);
#4068=CARTESIAN_POINT('',(824.52136093,-147.729122671,89.322174843));
#4069=VERTEX_POINT('',#4068);
#4070=CARTESIAN_POINT('',(821.92136093,-147.729122671,91.922174843));
#4071=VERTEX_POINT('',#4070);
#4072=CARTESIAN_POINT('',(821.92136093,-147.729122671,89.322174843));
#4073=DIRECTION('',(0.,-1.,0.));
#4074=DIRECTION('',(0.,0.,-1.));
#4075=AXIS2_PLACEMENT_3D('',#4072,#4073,#4074);
#4076=CIRCLE('',#4075,2.6);
#4077=EDGE_CURVE('',#4069,#4071,#4076,.T.);
#4078=ORIENTED_EDGE('',*,*,#4077,.T.);
#4079=CARTESIAN_POINT('',(819.32136093,-147.729122671,89.322174843));
#4080=VERTEX_POINT('',#4079);
#4081=CARTESIAN_POINT('',(821.92136093,-147.729122671,89.322174843));
#4082=DIRECTION('',(0.,-1.,0.));
#4083=DIRECTION('',(0.,0.,-1.));
#4084=AXIS2_PLACEMENT_3D('',#4081,#4082,#4083);
#4085=CIRCLE('',#4084,2.6);
#4086=EDGE_CURVE('',#4071,#4080,#4085,.T.);
#4087=ORIENTED_EDGE('',*,*,#4086,.T.);
#4088=CARTESIAN_POINT('',(821.92136093,-147.729122671,89.322174843));
#4089=DIRECTION('',(0.,-1.,0.));
#4090=DIRECTION('',(0.,0.,-1.));
#4091=AXIS2_PLACEMENT_3D('',#4088,#4089,#4090);
#4092=CIRCLE('',#4091,2.6);
#4093=EDGE_CURVE('',#4080,#4069,#4092,.T.);
#4094=ORIENTED_EDGE('',*,*,#4093,.T.);
#4095=EDGE_LOOP('',(#4078,#4087,#4094));
#4096=FACE_BOUND('',#4095,.T.);
#4097=CARTESIAN_POINT('',(774.52136093,-147.729122671,89.322174843));
#4098=VERTEX_POINT('',#4097);
#4099=CARTESIAN_POINT('',(771.92136093,-147.729122671,91.922174843));
#4100=VERTEX_POINT('',#4099);
#4101=CARTESIAN_POINT('',(771.92136093,-147.729122671,89.322174843));
#4102=DIRECTION('',(0.,-1.,0.));
#4103=DIRECTION('',(0.,0.,-1.));
#4104=AXIS2_PLACEMENT_3D('',#4101,#4102,#4103);
#4105=CIRCLE('',#4104,2.6);
#4106=EDGE_CURVE('',#4098,#4100,#4105,.T.);
#4107=ORIENTED_EDGE('',*,*,#4106,.T.);
#4108=CARTESIAN_POINT('',(769.32136093,-147.729122671,89.322174843));
#4109=VERTEX_POINT('',#4108);
#4110=CARTESIAN_POINT('',(771.92136093,-147.729122671,89.322174843));
#4111=DIRECTION('',(0.,-1.,0.));
#4112=DIRECTION('',(0.,0.,-1.));
#4113=AXIS2_PLACEMENT_3D('',#4110,#4111,#4112);
#4114=CIRCLE('',#4113,2.6);
#4115=EDGE_CURVE('',#4100,#4109,#4114,.T.);
#4116=ORIENTED_EDGE('',*,*,#4115,.T.);
#4117=CARTESIAN_POINT('',(771.92136093,-147.729122671,89.322174843));
#4118=DIRECTION('',(0.,-1.,0.));
#4119=DIRECTION('',(0.,0.,-1.));
#4120=AXIS2_PLACEMENT_3D('',#4117,#4118,#4119);
#4121=CIRCLE('',#4120,2.6);
#4122=EDGE_CURVE('',#4109,#4098,#4121,.T.);
#4123=ORIENTED_EDGE('',*,*,#4122,.T.);
#4124=EDGE_LOOP('',(#4107,#4116,#4123));
#4125=FACE_BOUND('',#4124,.T.);
#4126=CARTESIAN_POINT('',(799.02136093,-147.729122671,119.322174843));
#4127=VERTEX_POINT('',#4126);
#4128=CARTESIAN_POINT('',(796.92136093,-147.729122671,121.422174843));
#4129=VERTEX_POINT('',#4128);
#4130=CARTESIAN_POINT('',(796.92136093,-147.729122671,119.322174843));
#4131=DIRECTION('',(0.,-1.,0.));
#4132=DIRECTION('',(0.,0.,-1.));
#4133=AXIS2_PLACEMENT_3D('',#4130,#4131,#4132);
#4134=CIRCLE('',#4133,2.1);
#4135=EDGE_CURVE('',#4127,#4129,#4134,.T.);
#4136=ORIENTED_EDGE('',*,*,#4135,.T.);
#4137=CARTESIAN_POINT('',(794.82136093,-147.729122671,119.322174843));
#4138=VERTEX_POINT('',#4137);
#4139=CARTESIAN_POINT('',(796.92136093,-147.729122671,119.322174843));
#4140=DIRECTION('',(0.,-1.,0.));
#4141=DIRECTION('',(0.,0.,-1.));
#4142=AXIS2_PLACEMENT_3D('',#4139,#4140,#4141);
#4143=CIRCLE('',#4142,2.1);
#4144=EDGE_CURVE('',#4129,#4138,#4143,.T.);
#4145=ORIENTED_EDGE('',*,*,#4144,.T.);
#4146=CARTESIAN_POINT('',(796.92136093,-147.729122671,119.322174843));
#4147=DIRECTION('',(0.,-1.,0.));
#4148=DIRECTION('',(0.,0.,-1.));
#4149=AXIS2_PLACEMENT_3D('',#4146,#4147,#4148);
#4150=CIRCLE('',#4149,2.1);
#4151=EDGE_CURVE('',#4138,#4127,#4150,.T.);
#4152=ORIENTED_EDGE('',*,*,#4151,.T.);
#4153=EDGE_LOOP('',(#4136,#4145,#4152));
#4154=FACE_BOUND('',#4153,.T.);
#4155=CARTESIAN_POINT('',(799.42136093,-147.729122671,143.322174843));
#4156=VERTEX_POINT('',#4155);
#4157=CARTESIAN_POINT('',(796.82136093,-147.729122671,145.922174843));
#4158=VERTEX_POINT('',#4157);
#4159=CARTESIAN_POINT('',(796.82136093,-147.729122671,143.322174843));
#4160=DIRECTION('',(0.,-1.,0.));
#4161=DIRECTION('',(0.,0.,-1.));
#4162=AXIS2_PLACEMENT_3D('',#4159,#4160,#4161);
#4163=CIRCLE('',#4162,2.6);
#4164=EDGE_CURVE('',#4156,#4158,#4163,.T.);
#4165=ORIENTED_EDGE('',*,*,#4164,.T.);
#4166=CARTESIAN_POINT('',(794.22136093,-147.729122671,143.322174843));
#4167=VERTEX_POINT('',#4166);
#4168=CARTESIAN_POINT('',(796.82136093,-147.729122671,143.322174843));
#4169=DIRECTION('',(0.,-1.,0.));
#4170=DIRECTION('',(0.,0.,-1.));
#4171=AXIS2_PLACEMENT_3D('',#4168,#4169,#4170);
#4172=CIRCLE('',#4171,2.6);
#4173=EDGE_CURVE('',#4158,#4167,#4172,.T.);
#4174=ORIENTED_EDGE('',*,*,#4173,.T.);
#4175=CARTESIAN_POINT('',(796.82136093,-147.729122671,143.322174843));
#4176=DIRECTION('',(0.,-1.,0.));
#4177=DIRECTION('',(0.,0.,-1.));
#4178=AXIS2_PLACEMENT_3D('',#4175,#4176,#4177);
#4179=CIRCLE('',#4178,2.6);
#4180=EDGE_CURVE('',#4167,#4156,#4179,.T.);
#4181=ORIENTED_EDGE('',*,*,#4180,.T.);
#4182=EDGE_LOOP('',(#4165,#4174,#4181));
#4183=FACE_BOUND('',#4182,.T.);
#4184=ADVANCED_FACE('',(#2623,#2628,#2633,#2638,#2643,#2648,#2653,#2682,#2711,#2781,#2851,#2921,#2950,#2979,#3008,#3037,#3066,#3095,#3124,#3153,#3182,#3211,#3240,#3269,#3298,#3327,
#3356,#3385,#3414,#3443,#3472,#3501,#3530,#3559,#3588,#3617,#3646,#3675,#3704,#3790,#3860,#3880,#3900,#3920,#3940,#3960,#3980,#4009,#4038,#4067,#4096,
#4125,#4154,#4183),#2618,.F.);
#4185=CARTESIAN_POINT('',(688.87863907,-147.729122671,176.322174843));
#4186=DIRECTION('',(0.,-1.,0.));
#4187=DIRECTION('',(1.,0.,0.));
#4188=AXIS2_PLACEMENT_3D('',#4185,#4186,#4187);
#4189=CYLINDRICAL_SURFACE('',#4188,1.6);
#4190=CARTESIAN_POINT('',(690.47863907,-153.729122671,176.322174843));
#4191=DIRECTION('',(-0.,1.,-0.));
#4192=VECTOR('',#4191,6.);
#4193=LINE('',#4190,#4192);
#4194=EDGE_CURVE('',#2313,#3884,#4193,.T.);
#4195=ORIENTED_EDGE('',*,*,#4194,.F.);
#4196=ORIENTED_EDGE('',*,*,#2319,.F.);
#4197=ORIENTED_EDGE('',*,*,#2326,.F.);
#4198=ORIENTED_EDGE('',*,*,#4194,.T.);
#4199=ORIENTED_EDGE('',*,*,#3897,.T.);
#4200=ORIENTED_EDGE('',*,*,#3890,.T.);
#4201=EDGE_LOOP('',(#4195,#4196,#4197,#4198,#4199,#4200));
#4202=FACE_BOUND('',#4201,.T.);
#4203=ADVANCED_FACE('NONE',(#4202),#4189,.F.);
#4204=CARTESIAN_POINT('',(676.87863907,-147.729122671,188.322174843));
#4205=DIRECTION('',(0.,-1.,0.));
#4206=DIRECTION('',(-0.,0.,1.));
#4207=AXIS2_PLACEMENT_3D('',#4204,#4205,#4206);
#4208=CYLINDRICAL_SURFACE('',#4207,1.6);
#4209=CARTESIAN_POINT('',(676.87863907,-153.729122671,189.922174843));
#4210=DIRECTION('',(-0.,1.,-0.));
#4211=VECTOR('',#4210,6.);
#4212=LINE('',#4209,#4211);
#4213=EDGE_CURVE('',#2284,#2686,#4212,.T.);
#4214=ORIENTED_EDGE('',*,*,#4213,.F.);
#4215=ORIENTED_EDGE('',*,*,#2290,.F.);
#4216=ORIENTED_EDGE('',*,*,#2306,.F.);
#4217=ORIENTED_EDGE('',*,*,#2299,.F.);
#4218=ORIENTED_EDGE('',*,*,#4213,.T.);
#4219=ORIENTED_EDGE('',*,*,#2708,.T.);
#4220=ORIENTED_EDGE('',*,*,#2701,.T.);
#4221=ORIENTED_EDGE('',*,*,#2692,.T.);
#4222=EDGE_LOOP('',(#4214,#4215,#4216,#4217,#4218,#4219,#4220,#4221));
#4223=FACE_BOUND('',#4222,.T.);
#4224=ADVANCED_FACE('NONE',(#4223),#4208,.F.);
#4225=CARTESIAN_POINT('',(664.87863907,-147.729122671,176.322174843));
#4226=DIRECTION('',(0.,-1.,-0.));
#4227=DIRECTION('',(-1.,0.,-0.));
#4228=AXIS2_PLACEMENT_3D('',#4225,#4226,#4227);
#4229=CYLINDRICAL_SURFACE('',#4228,1.6);
#4230=CARTESIAN_POINT('',(663.27863907,-153.729122671,176.322174843));
#4231=DIRECTION('',(-0.,1.,-0.));
#4232=VECTOR('',#4231,6.);
#4233=LINE('',#4230,#4232);
#4234=EDGE_CURVE('',#2262,#3862,#4233,.T.);
#4235=ORIENTED_EDGE('',*,*,#4234,.F.);
#4236=ORIENTED_EDGE('',*,*,#2277,.F.);
#4237=ORIENTED_EDGE('',*,*,#2270,.F.);
#4238=ORIENTED_EDGE('',*,*,#4234,.T.);
#4239=ORIENTED_EDGE('',*,*,#3870,.T.);
#4240=ORIENTED_EDGE('',*,*,#3877,.T.);
#4241=EDGE_LOOP('',(#4235,#4236,#4237,#4238,#4239,#4240));
#4242=FACE_BOUND('',#4241,.T.);
#4243=ADVANCED_FACE('NONE',(#4242),#4229,.F.);
#4244=CARTESIAN_POINT('',(636.87863907,-150.729122671,129.322174843));
#4245=DIRECTION('',(0.,1.,0.));
#4246=DIRECTION('',(0.,-0.,1.));
#4247=AXIS2_PLACEMENT_3D('',#4244,#4245,#4246);
#4248=CONICAL_SURFACE('',#4247,5.,45.);
#4249=CARTESIAN_POINT('',(636.87863907,-150.729122671,134.322174843));
#4250=VERTEX_POINT('',#4249);
#4251=CARTESIAN_POINT('',(636.87863907,-147.729122671,137.322174843));
#4252=DIRECTION('',(-0.,-0.707106781,-0.707106781));
#4253=VECTOR('',#4252,4.242640687);
#4254=LINE('',#4251,#4253);
#4255=EDGE_CURVE('',#3619,#4250,#4254,.T.);
#4256=ORIENTED_EDGE('',*,*,#4255,.F.);
#4257=ORIENTED_EDGE('',*,*,#3643,.F.);
#4258=ORIENTED_EDGE('',*,*,#3636,.F.);
#4259=ORIENTED_EDGE('',*,*,#3627,.F.);
#4260=ORIENTED_EDGE('',*,*,#4255,.T.);
#4261=CARTESIAN_POINT('',(636.87863907,-150.729122671,124.322174843));
#4262=VERTEX_POINT('',#4261);
#4263=CARTESIAN_POINT('',(636.87863907,-150.729122671,129.322174843));
#4264=DIRECTION('',(-0.,1.,-0.));
#4265=DIRECTION('',(0.,0.,-1.));
#4266=AXIS2_PLACEMENT_3D('',#4263,#4264,#4265);
#4267=CIRCLE('',#4266,5.);
#4268=EDGE_CURVE('NONE',#4262,#4250,#4267,.T.);
#4269=ORIENTED_EDGE('',*,*,#4268,.F.);
#4270=CARTESIAN_POINT('',(636.87863907,-150.729122671,129.322174843));
#4271=DIRECTION('',(-0.,1.,-0.));
#4272=DIRECTION('',(0.,0.,-1.));
#4273=AXIS2_PLACEMENT_3D('',#4270,#4271,#4272);
#4274=CIRCLE('',#4273,5.);
#4275=EDGE_CURVE('NONE',#4250,#4262,#4274,.T.);
#4276=ORIENTED_EDGE('',*,*,#4275,.F.);
#4277=EDGE_LOOP('',(#4256,#4257,#4258,#4259,#4260,#4269,#4276));
#4278=FACE_BOUND('',#4277,.T.);
#4279=ADVANCED_FACE('NONE',(#4278),#4248,.F.);
#4280=CARTESIAN_POINT('',(676.87863907,-150.729122671,139.322174843));
#4281=DIRECTION('',(0.,1.,0.));
#4282=DIRECTION('',(0.,-0.,1.));
#4283=AXIS2_PLACEMENT_3D('',#4280,#4281,#4282);
#4284=CONICAL_SURFACE('',#4283,5.,45.);
#4285=CARTESIAN_POINT('',(676.87863907,-150.729122671,144.322174843));
#4286=VERTEX_POINT('',#4285);
#4287=CARTESIAN_POINT('',(676.87863907,-147.729122671,147.322174843));
#4288=DIRECTION('',(-0.,-0.707106781,-0.707106781));
#4289=VECTOR('',#4288,4.242640687);
#4290=LINE('',#4287,#4289);
#4291=EDGE_CURVE('',#3648,#4286,#4290,.T.);
#4292=ORIENTED_EDGE('',*,*,#4291,.F.);
#4293=ORIENTED_EDGE('',*,*,#3672,.F.);
#4294=ORIENTED_EDGE('',*,*,#3665,.F.);
#4295=ORIENTED_EDGE('',*,*,#3656,.F.);
#4296=ORIENTED_EDGE('',*,*,#4291,.T.);
#4297=CARTESIAN_POINT('',(676.87863907,-150.729122671,134.322174843));
#4298=VERTEX_POINT('',#4297);
#4299=CARTESIAN_POINT('',(676.87863907,-150.729122671,139.322174843));
#4300=DIRECTION('',(-0.,1.,-0.));
#4301=DIRECTION('',(0.,0.,-1.));
#4302=AXIS2_PLACEMENT_3D('',#4299,#4300,#4301);
#4303=CIRCLE('',#4302,5.);
#4304=EDGE_CURVE('NONE',#4298,#4286,#4303,.T.);
#4305=ORIENTED_EDGE('',*,*,#4304,.F.);
#4306=CARTESIAN_POINT('',(676.87863907,-150.729122671,139.322174843));
#4307=DIRECTION('',(-0.,1.,-0.));
#4308=DIRECTION('',(0.,0.,-1.));
#4309=AXIS2_PLACEMENT_3D('',#4306,#4307,#4308);
#4310=CIRCLE('',#4309,5.);
#4311=EDGE_CURVE('NONE',#4286,#4298,#4310,.T.);
#4312=ORIENTED_EDGE('',*,*,#4311,.F.);
#4313=EDGE_LOOP('',(#4292,#4293,#4294,#4295,#4296,#4305,#4312));
#4314=FACE_BOUND('',#4313,.T.);
#4315=ADVANCED_FACE('NONE',(#4314),#4284,.F.);
#4316=CARTESIAN_POINT('',(716.87863907,-150.729122671,129.322174843));
#4317=DIRECTION('',(0.,1.,0.));
#4318=DIRECTION('',(0.,-0.,1.));
#4319=AXIS2_PLACEMENT_3D('',#4316,#4317,#4318);
#4320=CONICAL_SURFACE('',#4319,5.,45.);
#4321=CARTESIAN_POINT('',(716.87863907,-150.729122671,134.322174843));
#4322=VERTEX_POINT('',#4321);
#4323=CARTESIAN_POINT('',(716.87863907,-147.729122671,137.322174843));
#4324=DIRECTION('',(-0.,-0.707106781,-0.707106781));
#4325=VECTOR('',#4324,4.242640687);
#4326=LINE('',#4323,#4325);
#4327=EDGE_CURVE('',#3677,#4322,#4326,.T.);
#4328=ORIENTED_EDGE('',*,*,#4327,.F.);
#4329=ORIENTED_EDGE('',*,*,#3701,.F.);
#4330=ORIENTED_EDGE('',*,*,#3694,.F.);
#4331=ORIENTED_EDGE('',*,*,#3685,.F.);
#4332=ORIENTED_EDGE('',*,*,#4327,.T.);
#4333=CARTESIAN_POINT('',(716.87863907,-150.729122671,124.322174843));
#4334=VERTEX_POINT('',#4333);
#4335=CARTESIAN_POINT('',(716.87863907,-150.729122671,129.322174843));
#4336=DIRECTION('',(-0.,1.,-0.));
#4337=DIRECTION('',(0.,0.,-1.));
#4338=AXIS2_PLACEMENT_3D('',#4335,#4336,#4337);
#4339=CIRCLE('',#4338,5.);
#4340=EDGE_CURVE('NONE',#4334,#4322,#4339,.T.);
#4341=ORIENTED_EDGE('',*,*,#4340,.F.);
#4342=CARTESIAN_POINT('',(716.87863907,-150.729122671,129.322174843));
#4343=DIRECTION('',(-0.,1.,-0.));
#4344=DIRECTION('',(0.,0.,-1.));
#4345=AXIS2_PLACEMENT_3D('',#4342,#4343,#4344);
#4346=CIRCLE('',#4345,5.);
#4347=EDGE_CURVE('NONE',#4322,#4334,#4346,.T.);
#4348=ORIENTED_EDGE('',*,*,#4347,.F.);
#4349=EDGE_LOOP('',(#4328,#4329,#4330,#4331,#4332,#4341,#4348));
#4350=FACE_BOUND('',#4349,.T.);
#4351=ADVANCED_FACE('NONE',(#4350),#4320,.F.);
#4352=CARTESIAN_POINT('',(496.881416837,-148.729122671,193.322174843));
#4353=DIRECTION('',(0.,0.,-1.));
#4354=DIRECTION('',(-1.,0.,0.));
#4355=AXIS2_PLACEMENT_3D('',#4352,#4353,#4354);
#4356=PLANE('',#4355);
#4357=ORIENTED_EDGE('',*,*,#3738,.T.);
#4358=CARTESIAN_POINT('',(496.87863907,-153.729122671,193.322174843));
#4359=DIRECTION('',(0.,1.,0.));
#4360=VECTOR('',#4359,6.);
#4361=LINE('',#4358,#4360);
#4362=EDGE_CURVE('NONE',#1731,#3725,#4361,.T.);
#4363=ORIENTED_EDGE('',*,*,#4362,.F.);
#4364=ORIENTED_EDGE('',*,*,#1810,.F.);
#4365=CARTESIAN_POINT('',(856.87863907,-153.729122671,193.322174843));
#4366=DIRECTION('',(0.,1.,0.));
#4367=VECTOR('',#4366,6.);
#4368=LINE('',#4365,#4367);
#4369=EDGE_CURVE('NONE',#1799,#3733,#4368,.T.);
#4370=ORIENTED_EDGE('',*,*,#4369,.T.);
#4371=EDGE_LOOP('',(#4357,#4363,#4364,#4370));
#4372=FACE_BOUND('',#4371,.T.);
#4373=ADVANCED_FACE('NONE',(#4372),#4356,.F.);
#4374=CARTESIAN_POINT('',(627.415978631,-147.729122671,30.500668673));
#4375=DIRECTION('',(0.,0.,1.));
#4376=DIRECTION('',(1.,0.,0.));
#4377=AXIS2_PLACEMENT_3D('',#4374,#4375,#4376);
#4378=PLANE('',#4377);
#4379=ORIENTED_EDGE('',*,*,#1364,.F.);
#4380=CARTESIAN_POINT('',(634.341299508,-153.729122671,30.500668673));
#4381=DIRECTION('',(-0.,1.,-0.));
#4382=VECTOR('',#4381,6.);
#4383=LINE('',#4380,#4382);
#4384=EDGE_CURVE('',#1350,#2872,#4383,.T.);
#4385=ORIENTED_EDGE('',*,*,#4384,.T.);
#4386=ORIENTED_EDGE('',*,*,#2877,.T.);
#4387=CARTESIAN_POINT('',(629.415978631,-147.729122671,30.500668673));
#4388=DIRECTION('',(0.,-1.,0.));
#4389=VECTOR('',#4388,6.);
#4390=LINE('',#4387,#4389);
#4391=EDGE_CURVE('',#2863,#1359,#4390,.T.);
#4392=ORIENTED_EDGE('',*,*,#4391,.T.);
#4393=EDGE_LOOP('',(#4379,#4385,#4386,#4392));
#4394=FACE_BOUND('',#4393,.T.);
#4395=ADVANCED_FACE('NONE',(#4394),#4378,.T.);
#4396=CARTESIAN_POINT('',(636.341299508,-147.729122671,30.500668673));
#4397=DIRECTION('',(-1.,0.,0.));
#4398=DIRECTION('',(0.,0.,1.));
#4399=AXIS2_PLACEMENT_3D('',#4396,#4397,#4398);
#4400=PLANE('',#4399);
#4401=ORIENTED_EDGE('',*,*,#1347,.F.);
#4402=CARTESIAN_POINT('',(636.341299508,-153.729122671,95.606446091));
#4403=DIRECTION('',(-0.,1.,-0.));
#4404=VECTOR('',#4403,6.);
#4405=LINE('',#4402,#4404);
#4406=EDGE_CURVE('',#1340,#2889,#4405,.T.);
#4407=ORIENTED_EDGE('',*,*,#4406,.T.);
#4408=ORIENTED_EDGE('',*,*,#2894,.T.);
#4409=CARTESIAN_POINT('',(636.341299508,-147.729122671,32.500668673));
#4410=DIRECTION('',(0.,-1.,0.));
#4411=VECTOR('',#4410,6.);
#4412=LINE('',#4409,#4411);
#4413=EDGE_CURVE('',#2880,#1342,#4412,.T.);
#4414=ORIENTED_EDGE('',*,*,#4413,.T.);
#4415=EDGE_LOOP('',(#4401,#4407,#4408,#4414));
#4416=FACE_BOUND('',#4415,.T.);
#4417=ADVANCED_FACE('NONE',(#4416),#4400,.T.);
#4418=CARTESIAN_POINT('',(627.415978631,-147.729122671,97.606446091));
#4419=DIRECTION('',(0.,0.,-1.));
#4420=DIRECTION('',(-1.,0.,0.));
#4421=AXIS2_PLACEMENT_3D('',#4418,#4419,#4420);
#4422=PLANE('',#4421);
#4423=ORIENTED_EDGE('',*,*,#2911,.T.);
#4424=CARTESIAN_POINT('',(634.341299508,-147.729122671,97.606446091));
#4425=DIRECTION('',(0.,-1.,0.));
#4426=VECTOR('',#4425,6.);
#4427=LINE('',#4424,#4426);
#4428=EDGE_CURVE('',#2897,#1393,#4427,.T.);
#4429=ORIENTED_EDGE('',*,*,#4428,.T.);
#4430=ORIENTED_EDGE('',*,*,#1398,.F.);
#4431=CARTESIAN_POINT('',(629.415978631,-153.729122671,97.606446091));
#4432=DIRECTION('',(-0.,1.,-0.));
#4433=VECTOR('',#4432,6.);
#4434=LINE('',#4431,#4433);
#4435=EDGE_CURVE('',#1384,#2906,#4434,.T.);
#4436=ORIENTED_EDGE('',*,*,#4435,.T.);
#4437=EDGE_LOOP('',(#4423,#4429,#4430,#4436));
#4438=FACE_BOUND('',#4437,.T.);
#4439=ADVANCED_FACE('NONE',(#4438),#4422,.T.);
#4440=CARTESIAN_POINT('',(627.415978631,-147.729122671,30.500668673));
#4441=DIRECTION('',(1.,0.,0.));
#4442=DIRECTION('',(0.,0.,-1.));
#4443=AXIS2_PLACEMENT_3D('',#4440,#4441,#4442);
#4444=PLANE('',#4443);
#4445=ORIENTED_EDGE('',*,*,#1381,.F.);
#4446=CARTESIAN_POINT('',(627.415978631,-153.729122671,32.500668673));
#4447=DIRECTION('',(-0.,1.,-0.));
#4448=VECTOR('',#4447,6.);
#4449=LINE('',#4446,#4448);
#4450=EDGE_CURVE('',#1367,#2853,#4449,.T.);
#4451=ORIENTED_EDGE('',*,*,#4450,.T.);
#4452=ORIENTED_EDGE('',*,*,#2860,.T.);
#4453=CARTESIAN_POINT('',(627.415978631,-147.729122671,95.606446091));
#4454=DIRECTION('',(0.,-1.,0.));
#4455=VECTOR('',#4454,6.);
#4456=LINE('',#4453,#4455);
#4457=EDGE_CURVE('',#2855,#1376,#4456,.T.);
#4458=ORIENTED_EDGE('',*,*,#4457,.T.);
#4459=EDGE_LOOP('',(#4445,#4451,#4452,#4458));
#4460=FACE_BOUND('',#4459,.T.);
#4461=ADVANCED_FACE('NONE',(#4460),#4444,.T.);
#4462=CARTESIAN_POINT('',(676.87863907,-147.729122671,164.322174843));
#4463=DIRECTION('',(0.,-1.,0.));
#4464=DIRECTION('',(0.,0.,-1.));
#4465=AXIS2_PLACEMENT_3D('',#4462,#4463,#4464);
#4466=CYLINDRICAL_SURFACE('',#4465,1.6);
#4467=CARTESIAN_POINT('',(676.87863907,-153.729122671,162.722174843));
#4468=DIRECTION('',(-0.,1.,-0.));
#4469=VECTOR('',#4468,6.);
#4470=LINE('',#4467,#4469);
#4471=EDGE_CURVE('',#2163,#3590,#4470,.T.);
#4472=ORIENTED_EDGE('',*,*,#4471,.F.);
#4473=ORIENTED_EDGE('',*,*,#2187,.F.);
#4474=ORIENTED_EDGE('',*,*,#2180,.F.);
#4475=ORIENTED_EDGE('',*,*,#2171,.F.);
#4476=ORIENTED_EDGE('',*,*,#4471,.T.);
#4477=ORIENTED_EDGE('',*,*,#3598,.T.);
#4478=ORIENTED_EDGE('',*,*,#3614,.T.);
#4479=ORIENTED_EDGE('',*,*,#3607,.T.);
#4480=EDGE_LOOP('',(#4472,#4473,#4474,#4475,#4476,#4477,#4478,#4479));
#4481=FACE_BOUND('',#4480,.T.);
#4482=ADVANCED_FACE('NONE',(#4481),#4466,.F.);
#4483=CARTESIAN_POINT('',(676.87863907,-147.729122671,176.322174843));
#4484=DIRECTION('',(0.,-1.,0.));
#4485=DIRECTION('',(0.,0.,-1.));
#4486=AXIS2_PLACEMENT_3D('',#4483,#4484,#4485);
#4487=CYLINDRICAL_SURFACE('',#4486,5.);
#4488=CARTESIAN_POINT('',(676.87863907,-153.729122671,171.322174843));
#4489=DIRECTION('',(-0.,1.,-0.));
#4490=VECTOR('',#4489,6.);
#4491=LINE('',#4488,#4490);
#4492=EDGE_CURVE('',#1410,#3561,#4491,.T.);
#4493=ORIENTED_EDGE('',*,*,#4492,.F.);
#4494=ORIENTED_EDGE('',*,*,#1434,.F.);
#4495=ORIENTED_EDGE('',*,*,#1427,.F.);
#4496=ORIENTED_EDGE('',*,*,#1418,.F.);
#4497=ORIENTED_EDGE('',*,*,#4492,.T.);
#4498=ORIENTED_EDGE('',*,*,#3569,.T.);
#4499=ORIENTED_EDGE('',*,*,#3585,.T.);
#4500=ORIENTED_EDGE('',*,*,#3578,.T.);
#4501=EDGE_LOOP('',(#4493,#4494,#4495,#4496,#4497,#4498,#4499,#4500));
#4502=FACE_BOUND('',#4501,.T.);
#4503=ADVANCED_FACE('NONE',(#4502),#4487,.F.);
#4504=CARTESIAN_POINT('',(636.87863907,-147.729122671,147.822174843));
#4505=DIRECTION('',(0.,-1.,0.));
#4506=DIRECTION('',(0.,0.,-1.));
#4507=AXIS2_PLACEMENT_3D('',#4504,#4505,#4506);
#4508=CYLINDRICAL_SURFACE('',#4507,2.1);
#4509=CARTESIAN_POINT('',(636.87863907,-153.729122671,145.722174843));
#4510=DIRECTION('',(-0.,1.,-0.));
#4511=VECTOR('',#4510,6.);
#4512=LINE('',#4509,#4511);
#4513=EDGE_CURVE('',#2134,#3532,#4512,.T.);
#4514=ORIENTED_EDGE('',*,*,#4513,.F.);
#4515=ORIENTED_EDGE('',*,*,#2158,.F.);
#4516=ORIENTED_EDGE('',*,*,#2151,.F.);
#4517=ORIENTED_EDGE('',*,*,#2142,.F.);
#4518=ORIENTED_EDGE('',*,*,#4513,.T.);
#4519=ORIENTED_EDGE('',*,*,#3540,.T.);
#4520=ORIENTED_EDGE('',*,*,#3556,.T.);
#4521=ORIENTED_EDGE('',*,*,#3549,.T.);
#4522=EDGE_LOOP('',(#4514,#4515,#4516,#4517,#4518,#4519,#4520,#4521));
#4523=FACE_BOUND('',#4522,.T.);
#4524=ADVANCED_FACE('NONE',(#4523),#4508,.F.);
#4525=CARTESIAN_POINT('',(636.87863907,-147.729122671,110.822174843));
#4526=DIRECTION('',(0.,-1.,0.));
#4527=DIRECTION('',(0.,0.,-1.));
#4528=AXIS2_PLACEMENT_3D('',#4525,#4526,#4527);
#4529=CYLINDRICAL_SURFACE('',#4528,2.1);
#4530=CARTESIAN_POINT('',(636.87863907,-153.729122671,108.722174843));
#4531=DIRECTION('',(-0.,1.,-0.));
#4532=VECTOR('',#4531,6.);
#4533=LINE('',#4530,#4532);
#4534=EDGE_CURVE('',#1439,#3503,#4533,.T.);
#4535=ORIENTED_EDGE('',*,*,#4534,.F.);
#4536=ORIENTED_EDGE('',*,*,#1463,.F.);
#4537=ORIENTED_EDGE('',*,*,#1456,.F.);
#4538=ORIENTED_EDGE('',*,*,#1447,.F.);
#4539=ORIENTED_EDGE('',*,*,#4534,.T.);
#4540=ORIENTED_EDGE('',*,*,#3511,.T.);
#4541=ORIENTED_EDGE('',*,*,#3527,.T.);
#4542=ORIENTED_EDGE('',*,*,#3520,.T.);
#4543=EDGE_LOOP('',(#4535,#4536,#4537,#4538,#4539,#4540,#4541,#4542));
#4544=FACE_BOUND('',#4543,.T.);
#4545=ADVANCED_FACE('NONE',(#4544),#4529,.F.);
#4546=CARTESIAN_POINT('',(716.87863907,-147.729122671,147.822174843));
#4547=DIRECTION('',(0.,-1.,0.));
#4548=DIRECTION('',(0.,0.,-1.));
#4549=AXIS2_PLACEMENT_3D('',#4546,#4547,#4548);
#4550=CYLINDRICAL_SURFACE('',#4549,2.1);
#4551=CARTESIAN_POINT('',(716.87863907,-153.729122671,145.722174843));
#4552=DIRECTION('',(-0.,1.,-0.));
#4553=VECTOR('',#4552,6.);
#4554=LINE('',#4551,#4553);
#4555=EDGE_CURVE('',#2105,#3474,#4554,.T.);
#4556=ORIENTED_EDGE('',*,*,#4555,.F.);
#4557=ORIENTED_EDGE('',*,*,#2129,.F.);
#4558=ORIENTED_EDGE('',*,*,#2122,.F.);
#4559=ORIENTED_EDGE('',*,*,#2113,.F.);
#4560=ORIENTED_EDGE('',*,*,#4555,.T.);
#4561=ORIENTED_EDGE('',*,*,#3482,.T.);
#4562=ORIENTED_EDGE('',*,*,#3498,.T.);
#4563=ORIENTED_EDGE('',*,*,#3491,.T.);
#4564=EDGE_LOOP('',(#4556,#4557,#4558,#4559,#4560,#4561,#4562,#4563));
#4565=FACE_BOUND('',#4564,.T.);
#4566=ADVANCED_FACE('NONE',(#4565),#4550,.F.);
#4567=CARTESIAN_POINT('',(716.87863907,-147.729122671,110.822174843));
#4568=DIRECTION('',(0.,-1.,0.));
#4569=DIRECTION('',(0.,0.,-1.));
#4570=AXIS2_PLACEMENT_3D('',#4567,#4568,#4569);
#4571=CYLINDRICAL_SURFACE('',#4570,2.1);
#4572=CARTESIAN_POINT('',(716.87863907,-153.729122671,108.722174843));
#4573=DIRECTION('',(-0.,1.,-0.));
#4574=VECTOR('',#4573,6.);
#4575=LINE('',#4572,#4574);
#4576=EDGE_CURVE('',#1468,#3445,#4575,.T.);
#4577=ORIENTED_EDGE('',*,*,#4576,.F.);
#4578=ORIENTED_EDGE('',*,*,#1492,.F.);
#4579=ORIENTED_EDGE('',*,*,#1485,.F.);
#4580=ORIENTED_EDGE('',*,*,#1476,.F.);
#4581=ORIENTED_EDGE('',*,*,#4576,.T.);
#4582=ORIENTED_EDGE('',*,*,#3453,.T.);
#4583=ORIENTED_EDGE('',*,*,#3469,.T.);
#4584=ORIENTED_EDGE('',*,*,#3462,.T.);
#4585=EDGE_LOOP('',(#4577,#4578,#4579,#4580,#4581,#4582,#4583,#4584));
#4586=FACE_BOUND('',#4585,.T.);
#4587=ADVANCED_FACE('NONE',(#4586),#4571,.F.);
#4588=CARTESIAN_POINT('',(676.87863907,-147.729122671,139.322174843));
#4589=DIRECTION('',(0.,-1.,0.));
#4590=DIRECTION('',(0.,0.,-1.));
#4591=AXIS2_PLACEMENT_3D('',#4588,#4589,#4590);
#4592=CYLINDRICAL_SURFACE('',#4591,5.);
#4593=CARTESIAN_POINT('',(676.87863907,-153.729122671,134.322174843));
#4594=DIRECTION('',(-0.,1.,-0.));
#4595=VECTOR('',#4594,3.);
#4596=LINE('',#4593,#4595);
#4597=EDGE_CURVE('',#272,#4298,#4596,.T.);
#4598=ORIENTED_EDGE('',*,*,#4597,.F.);
#4599=ORIENTED_EDGE('',*,*,#296,.F.);
#4600=ORIENTED_EDGE('',*,*,#289,.F.);
#4601=ORIENTED_EDGE('',*,*,#280,.F.);
#4602=ORIENTED_EDGE('',*,*,#4597,.T.);
#4603=ORIENTED_EDGE('',*,*,#4304,.T.);
#4604=ORIENTED_EDGE('',*,*,#4311,.T.);
#4605=EDGE_LOOP('',(#4598,#4599,#4600,#4601,#4602,#4603,#4604));
#4606=FACE_BOUND('',#4605,.T.);
#4607=ADVANCED_FACE('NONE',(#4606),#4592,.F.);
#4608=CARTESIAN_POINT('',(716.87863907,-147.729122671,129.322174843));
#4609=DIRECTION('',(0.,-1.,0.));
#4610=DIRECTION('',(0.,0.,-1.));
#4611=AXIS2_PLACEMENT_3D('',#4608,#4609,#4610);
#4612=CYLINDRICAL_SURFACE('',#4611,5.);
#4613=CARTESIAN_POINT('',(716.87863907,-153.729122671,124.322174843));
#4614=DIRECTION('',(-0.,1.,-0.));
#4615=VECTOR('',#4614,3.);
#4616=LINE('',#4613,#4615);
#4617=EDGE_CURVE('',#89,#4334,#4616,.T.);
#4618=ORIENTED_EDGE('',*,*,#4617,.F.);
#4619=ORIENTED_EDGE('',*,*,#113,.F.);
#4620=ORIENTED_EDGE('',*,*,#106,.F.);
#4621=ORIENTED_EDGE('',*,*,#97,.F.);
#4622=ORIENTED_EDGE('',*,*,#4617,.T.);
#4623=ORIENTED_EDGE('',*,*,#4340,.T.);
#4624=ORIENTED_EDGE('',*,*,#4347,.T.);
#4625=EDGE_LOOP('',(#4618,#4619,#4620,#4621,#4622,#4623,#4624));
#4626=FACE_BOUND('',#4625,.T.);
#4627=ADVANCED_FACE('NONE',(#4626),#4612,.F.);
#4628=CARTESIAN_POINT('',(636.87863907,-147.729122671,129.322174843));
#4629=DIRECTION('',(0.,-1.,0.));
#4630=DIRECTION('',(0.,0.,-1.));
#4631=AXIS2_PLACEMENT_3D('',#4628,#4629,#4630);
#4632=CYLINDRICAL_SURFACE('',#4631,5.);
#4633=CARTESIAN_POINT('',(636.87863907,-153.729122671,124.322174843));
#4634=DIRECTION('',(-0.,1.,-0.));
#4635=VECTOR('',#4634,3.);
#4636=LINE('',#4633,#4635);
#4637=EDGE_CURVE('',#455,#4262,#4636,.T.);
#4638=ORIENTED_EDGE('',*,*,#4637,.F.);
#4639=ORIENTED_EDGE('',*,*,#479,.F.);
#4640=ORIENTED_EDGE('',*,*,#472,.F.);
#4641=ORIENTED_EDGE('',*,*,#463,.F.);
#4642=ORIENTED_EDGE('',*,*,#4637,.T.);
#4643=ORIENTED_EDGE('',*,*,#4268,.T.);
#4644=ORIENTED_EDGE('',*,*,#4275,.T.);
#4645=EDGE_LOOP('',(#4638,#4639,#4640,#4641,#4642,#4643,#4644));
#4646=FACE_BOUND('',#4645,.T.);
#4647=ADVANCED_FACE('NONE',(#4646),#4632,.F.);
#4648=CARTESIAN_POINT('',(596.87863907,-147.729122671,47.322174843));
#4649=DIRECTION('',(0.,-1.,0.));
#4650=DIRECTION('',(0.,0.,-1.));
#4651=AXIS2_PLACEMENT_3D('',#4648,#4649,#4650);
#4652=CYLINDRICAL_SURFACE('',#4651,2.6);
#4653=CARTESIAN_POINT('',(596.87863907,-153.729122671,44.722174843));
#4654=DIRECTION('',(-0.,1.,-0.));
#4655=VECTOR('',#4654,6.);
#4656=LINE('',#4653,#4655);
#4657=EDGE_CURVE('',#1497,#3416,#4656,.T.);
#4658=ORIENTED_EDGE('',*,*,#4657,.F.);
#4659=ORIENTED_EDGE('',*,*,#1521,.F.);
#4660=ORIENTED_EDGE('',*,*,#1514,.F.);
#4661=ORIENTED_EDGE('',*,*,#1505,.F.);
#4662=ORIENTED_EDGE('',*,*,#4657,.T.);
#4663=ORIENTED_EDGE('',*,*,#3424,.T.);
#4664=ORIENTED_EDGE('',*,*,#3440,.T.);
#4665=ORIENTED_EDGE('',*,*,#3433,.T.);
#4666=EDGE_LOOP('',(#4658,#4659,#4660,#4661,#4662,#4663,#4664,#4665));
#4667=FACE_BOUND('',#4666,.T.);
#4668=ADVANCED_FACE('NONE',(#4667),#4652,.F.);
#4669=CARTESIAN_POINT('',(655.87863907,-147.729122671,109.322174843));
#4670=DIRECTION('',(0.,-1.,0.));
#4671=DIRECTION('',(0.,0.,-1.));
#4672=AXIS2_PLACEMENT_3D('',#4669,#4670,#4671);
#4673=CYLINDRICAL_SURFACE('',#4672,2.6);
#4674=CARTESIAN_POINT('',(655.87863907,-153.729122671,106.722174843));
#4675=DIRECTION('',(-0.,1.,-0.));
#4676=VECTOR('',#4675,6.);
#4677=LINE('',#4674,#4676);
#4678=EDGE_CURVE('',#2076,#3387,#4677,.T.);
#4679=ORIENTED_EDGE('',*,*,#4678,.F.);
#4680=ORIENTED_EDGE('',*,*,#2100,.F.);
#4681=ORIENTED_EDGE('',*,*,#2093,.F.);
#4682=ORIENTED_EDGE('',*,*,#2084,.F.);
#4683=ORIENTED_EDGE('',*,*,#4678,.T.);
#4684=ORIENTED_EDGE('',*,*,#3395,.T.);
#4685=ORIENTED_EDGE('',*,*,#3411,.T.);
#4686=ORIENTED_EDGE('',*,*,#3404,.T.);
#4687=EDGE_LOOP('',(#4679,#4680,#4681,#4682,#4683,#4684,#4685,#4686));
#4688=FACE_BOUND('',#4687,.T.);
#4689=ADVANCED_FACE('NONE',(#4688),#4673,.F.);
#4690=CARTESIAN_POINT('',(655.87863907,-147.729122671,164.322174843));
#4691=DIRECTION('',(0.,-1.,0.));
#4692=DIRECTION('',(0.,0.,-1.));
#4693=AXIS2_PLACEMENT_3D('',#4690,#4691,#4692);
#4694=CYLINDRICAL_SURFACE('',#4693,2.6);
#4695=CARTESIAN_POINT('',(655.87863907,-153.729122671,161.722174843));
#4696=DIRECTION('',(-0.,1.,-0.));
#4697=VECTOR('',#4696,6.);
#4698=LINE('',#4695,#4697);
#4699=EDGE_CURVE('',#1526,#3358,#4698,.T.);
#4700=ORIENTED_EDGE('',*,*,#4699,.F.);
#4701=ORIENTED_EDGE('',*,*,#1550,.F.);
#4702=ORIENTED_EDGE('',*,*,#1543,.F.);
#4703=ORIENTED_EDGE('',*,*,#1534,.F.);
#4704=ORIENTED_EDGE('',*,*,#4699,.T.);
#4705=ORIENTED_EDGE('',*,*,#3366,.T.);
#4706=ORIENTED_EDGE('',*,*,#3382,.T.);
#4707=ORIENTED_EDGE('',*,*,#3375,.T.);
#4708=EDGE_LOOP('',(#4700,#4701,#4702,#4703,#4704,#4705,#4706,#4707));
#4709=FACE_BOUND('',#4708,.T.);
#4710=ADVANCED_FACE('NONE',(#4709),#4694,.F.);
#4711=CARTESIAN_POINT('',(697.87863907,-147.729122671,109.322174843));
#4712=DIRECTION('',(0.,-1.,0.));
#4713=DIRECTION('',(0.,0.,-1.));
#4714=AXIS2_PLACEMENT_3D('',#4711,#4712,#4713);
#4715=CYLINDRICAL_SURFACE('',#4714,2.6);
#4716=CARTESIAN_POINT('',(697.87863907,-153.729122671,106.722174843));
#4717=DIRECTION('',(-0.,1.,-0.));
#4718=VECTOR('',#4717,6.);
#4719=LINE('',#4716,#4718);
#4720=EDGE_CURVE('',#2047,#3329,#4719,.T.);
#4721=ORIENTED_EDGE('',*,*,#4720,.F.);
#4722=ORIENTED_EDGE('',*,*,#2071,.F.);
#4723=ORIENTED_EDGE('',*,*,#2064,.F.);
#4724=ORIENTED_EDGE('',*,*,#2055,.F.);
#4725=ORIENTED_EDGE('',*,*,#4720,.T.);
#4726=ORIENTED_EDGE('',*,*,#3337,.T.);
#4727=ORIENTED_EDGE('',*,*,#3353,.T.);
#4728=ORIENTED_EDGE('',*,*,#3346,.T.);
#4729=EDGE_LOOP('',(#4721,#4722,#4723,#4724,#4725,#4726,#4727,#4728));
#4730=FACE_BOUND('',#4729,.T.);
#4731=ADVANCED_FACE('NONE',(#4730),#4715,.F.);
#4732=CARTESIAN_POINT('',(697.87863907,-147.729122671,164.322174843));
#4733=DIRECTION('',(0.,-1.,0.));
#4734=DIRECTION('',(0.,0.,-1.));
#4735=AXIS2_PLACEMENT_3D('',#4732,#4733,#4734);
#4736=CYLINDRICAL_SURFACE('',#4735,2.6);
#4737=CARTESIAN_POINT('',(697.87863907,-153.729122671,161.722174843));
#4738=DIRECTION('',(-0.,1.,-0.));
#4739=VECTOR('',#4738,6.);
#4740=LINE('',#4737,#4739);
#4741=EDGE_CURVE('',#1555,#3300,#4740,.T.);
#4742=ORIENTED_EDGE('',*,*,#4741,.F.);
#4743=ORIENTED_EDGE('',*,*,#1579,.F.);
#4744=ORIENTED_EDGE('',*,*,#1572,.F.);
#4745=ORIENTED_EDGE('',*,*,#1563,.F.);
#4746=ORIENTED_EDGE('',*,*,#4741,.T.);
#4747=ORIENTED_EDGE('',*,*,#3308,.T.);
#4748=ORIENTED_EDGE('',*,*,#3324,.T.);
#4749=ORIENTED_EDGE('',*,*,#3317,.T.);
#4750=EDGE_LOOP('',(#4742,#4743,#4744,#4745,#4746,#4747,#4748,#4749));
#4751=FACE_BOUND('',#4750,.T.);
#4752=ADVANCED_FACE('NONE',(#4751),#4736,.F.);
#4753=CARTESIAN_POINT('',(596.87863907,-147.729122671,89.322174843));
#4754=DIRECTION('',(0.,-1.,0.));
#4755=DIRECTION('',(0.,0.,-1.));
#4756=AXIS2_PLACEMENT_3D('',#4753,#4754,#4755);
#4757=CYLINDRICAL_SURFACE('',#4756,2.6);
#4758=CARTESIAN_POINT('',(596.87863907,-153.729122671,86.722174843));
#4759=DIRECTION('',(-0.,1.,-0.));
#4760=VECTOR('',#4759,6.);
#4761=LINE('',#4758,#4760);
#4762=EDGE_CURVE('',#2018,#3271,#4761,.T.);
#4763=ORIENTED_EDGE('',*,*,#4762,.F.);
#4764=ORIENTED_EDGE('',*,*,#2042,.F.);
#4765=ORIENTED_EDGE('',*,*,#2035,.F.);
#4766=ORIENTED_EDGE('',*,*,#2026,.F.);
#4767=ORIENTED_EDGE('',*,*,#4762,.T.);
#4768=ORIENTED_EDGE('',*,*,#3279,.T.);
#4769=ORIENTED_EDGE('',*,*,#3295,.T.);
#4770=ORIENTED_EDGE('',*,*,#3288,.T.);
#4771=EDGE_LOOP('',(#4763,#4764,#4765,#4766,#4767,#4768,#4769,#4770));
#4772=FACE_BOUND('',#4771,.T.);
#4773=ADVANCED_FACE('NONE',(#4772),#4757,.F.);
#4774=CARTESIAN_POINT('',(756.87863907,-147.729122671,89.322174843));
#4775=DIRECTION('',(0.,-1.,0.));
#4776=DIRECTION('',(0.,0.,-1.));
#4777=AXIS2_PLACEMENT_3D('',#4774,#4775,#4776);
#4778=CYLINDRICAL_SURFACE('',#4777,2.6);
#4779=CARTESIAN_POINT('',(756.87863907,-153.729122671,86.722174843));
#4780=DIRECTION('',(-0.,1.,-0.));
#4781=VECTOR('',#4780,6.);
#4782=LINE('',#4779,#4781);
#4783=EDGE_CURVE('',#1584,#3242,#4782,.T.);
#4784=ORIENTED_EDGE('',*,*,#4783,.F.);
#4785=ORIENTED_EDGE('',*,*,#1608,.F.);
#4786=ORIENTED_EDGE('',*,*,#1601,.F.);
#4787=ORIENTED_EDGE('',*,*,#1592,.F.);
#4788=ORIENTED_EDGE('',*,*,#4783,.T.);
#4789=ORIENTED_EDGE('',*,*,#3250,.T.);
#4790=ORIENTED_EDGE('',*,*,#3266,.T.);
#4791=ORIENTED_EDGE('',*,*,#3259,.T.);
#4792=EDGE_LOOP('',(#4784,#4785,#4786,#4787,#4788,#4789,#4790,#4791));
#4793=FACE_BOUND('',#4792,.T.);
#4794=ADVANCED_FACE('NONE',(#4793),#4778,.F.);
#4795=CARTESIAN_POINT('',(756.87863907,-147.729122671,47.322174843));
#4796=DIRECTION('',(0.,-1.,0.));
#4797=DIRECTION('',(0.,0.,-1.));
#4798=AXIS2_PLACEMENT_3D('',#4795,#4796,#4797);
#4799=CYLINDRICAL_SURFACE('',#4798,2.6);
#4800=CARTESIAN_POINT('',(756.87863907,-153.729122671,44.722174843));
#4801=DIRECTION('',(-0.,1.,-0.));
#4802=VECTOR('',#4801,6.);
#4803=LINE('',#4800,#4802);
#4804=EDGE_CURVE('',#1989,#3213,#4803,.T.);
#4805=ORIENTED_EDGE('',*,*,#4804,.F.);
#4806=ORIENTED_EDGE('',*,*,#2013,.F.);
#4807=ORIENTED_EDGE('',*,*,#2006,.F.);
#4808=ORIENTED_EDGE('',*,*,#1997,.F.);
#4809=ORIENTED_EDGE('',*,*,#4804,.T.);
#4810=ORIENTED_EDGE('',*,*,#3221,.T.);
#4811=ORIENTED_EDGE('',*,*,#3237,.T.);
#4812=ORIENTED_EDGE('',*,*,#3230,.T.);
#4813=EDGE_LOOP('',(#4805,#4806,#4807,#4808,#4809,#4810,#4811,#4812));
#4814=FACE_BOUND('',#4813,.T.);
#4815=ADVANCED_FACE('NONE',(#4814),#4799,.F.);
#4816=CARTESIAN_POINT('',(544.556308599,-147.729122671,35.786640937));
#4817=DIRECTION('',(0.,-1.,0.));
#4818=DIRECTION('',(0.,0.,-1.));
#4819=AXIS2_PLACEMENT_3D('',#4816,#4817,#4818);
#4820=CYLINDRICAL_SURFACE('',#4819,1.6);
#4821=CARTESIAN_POINT('',(544.556308599,-153.729122671,34.186640937));
#4822=DIRECTION('',(-0.,1.,-0.));
#4823=VECTOR('',#4822,6.);
#4824=LINE('',#4821,#4823);
#4825=EDGE_CURVE('',#1613,#3184,#4824,.T.);
#4826=ORIENTED_EDGE('',*,*,#4825,.F.);
#4827=ORIENTED_EDGE('',*,*,#1637,.F.);
#4828=ORIENTED_EDGE('',*,*,#1630,.F.);
#4829=ORIENTED_EDGE('',*,*,#1621,.F.);
#4830=ORIENTED_EDGE('',*,*,#4825,.T.);
#4831=ORIENTED_EDGE('',*,*,#3192,.T.);
#4832=ORIENTED_EDGE('',*,*,#3208,.T.);
#4833=ORIENTED_EDGE('',*,*,#3201,.T.);
#4834=EDGE_LOOP('',(#4826,#4827,#4828,#4829,#4830,#4831,#4832,#4833));
#4835=FACE_BOUND('',#4834,.T.);
#4836=ADVANCED_FACE('NONE',(#4835),#4820,.F.);
#4837=CARTESIAN_POINT('',(558.698444223,-147.729122671,49.928776561));
#4838=DIRECTION('',(0.,-1.,0.));
#4839=DIRECTION('',(0.,0.,-1.));
#4840=AXIS2_PLACEMENT_3D('',#4837,#4838,#4839);
#4841=CYLINDRICAL_SURFACE('',#4840,1.6);
#4842=CARTESIAN_POINT('',(558.698444223,-153.729122671,48.328776561));
#4843=DIRECTION('',(-0.,1.,-0.));
#4844=VECTOR('',#4843,6.);
#4845=LINE('',#4842,#4844);
#4846=EDGE_CURVE('',#1960,#3155,#4845,.T.);
#4847=ORIENTED_EDGE('',*,*,#4846,.F.);
#4848=ORIENTED_EDGE('',*,*,#1984,.F.);
#4849=ORIENTED_EDGE('',*,*,#1977,.F.);
#4850=ORIENTED_EDGE('',*,*,#1968,.F.);
#4851=ORIENTED_EDGE('',*,*,#4846,.T.);
#4852=ORIENTED_EDGE('',*,*,#3163,.T.);
#4853=ORIENTED_EDGE('',*,*,#3179,.T.);
#4854=ORIENTED_EDGE('',*,*,#3172,.T.);
#4855=EDGE_LOOP('',(#4847,#4848,#4849,#4850,#4851,#4852,#4853,#4854));
#4856=FACE_BOUND('',#4855,.T.);
#4857=ADVANCED_FACE('NONE',(#4856),#4841,.F.);
#4858=CARTESIAN_POINT('',(537.485240787,-147.729122671,71.141979997));
#4859=DIRECTION('',(0.,-1.,0.));
#4860=DIRECTION('',(0.,0.,-1.));
#4861=AXIS2_PLACEMENT_3D('',#4858,#4859,#4860);
#4862=CYLINDRICAL_SURFACE('',#4861,1.6);
#4863=CARTESIAN_POINT('',(537.485240787,-153.729122671,69.541979997));
#4864=DIRECTION('',(-0.,1.,-0.));
#4865=VECTOR('',#4864,6.);
#4866=LINE('',#4863,#4865);
#4867=EDGE_CURVE('',#1642,#3126,#4866,.T.);
#4868=ORIENTED_EDGE('',*,*,#4867,.F.);
#4869=ORIENTED_EDGE('',*,*,#1666,.F.);
#4870=ORIENTED_EDGE('',*,*,#1659,.F.);
#4871=ORIENTED_EDGE('',*,*,#1650,.F.);
#4872=ORIENTED_EDGE('',*,*,#4867,.T.);
#4873=ORIENTED_EDGE('',*,*,#3134,.T.);
#4874=ORIENTED_EDGE('',*,*,#3150,.T.);
#4875=ORIENTED_EDGE('',*,*,#3143,.T.);
#4876=EDGE_LOOP('',(#4868,#4869,#4870,#4871,#4872,#4873,#4874,#4875));
#4877=FACE_BOUND('',#4876,.T.);
#4878=ADVANCED_FACE('NONE',(#4877),#4862,.F.);
#4879=CARTESIAN_POINT('',(523.343105164,-147.729122671,56.999844373));
#4880=DIRECTION('',(0.,-1.,0.));
#4881=DIRECTION('',(0.,0.,-1.));
#4882=AXIS2_PLACEMENT_3D('',#4879,#4880,#4881);
#4883=CYLINDRICAL_SURFACE('',#4882,1.6);
#4884=CARTESIAN_POINT('',(523.343105164,-153.729122671,55.399844373));
#4885=DIRECTION('',(-0.,1.,-0.));
#4886=VECTOR('',#4885,6.);
#4887=LINE('',#4884,#4886);
#4888=EDGE_CURVE('',#1931,#3097,#4887,.T.);
#4889=ORIENTED_EDGE('',*,*,#4888,.F.);
#4890=ORIENTED_EDGE('',*,*,#1955,.F.);
#4891=ORIENTED_EDGE('',*,*,#1948,.F.);
#4892=ORIENTED_EDGE('',*,*,#1939,.F.);
#4893=ORIENTED_EDGE('',*,*,#4888,.T.);
#4894=ORIENTED_EDGE('',*,*,#3105,.T.);
#4895=ORIENTED_EDGE('',*,*,#3121,.T.);
#4896=ORIENTED_EDGE('',*,*,#3114,.T.);
#4897=EDGE_LOOP('',(#4889,#4890,#4891,#4892,#4893,#4894,#4895,#4896));
#4898=FACE_BOUND('',#4897,.T.);
#4899=ADVANCED_FACE('NONE',(#4898),#4883,.F.);
#4900=CARTESIAN_POINT('',(541.020774693,-147.729122671,53.464310467));
#4901=DIRECTION('',(0.,-1.,0.));
#4902=DIRECTION('',(0.,0.,-1.));
#4903=AXIS2_PLACEMENT_3D('',#4900,#4901,#4902);
#4904=CYLINDRICAL_SURFACE('',#4903,7.5);
#4905=CARTESIAN_POINT('',(541.020774693,-153.729122671,45.964310467));
#4906=DIRECTION('',(-0.,1.,-0.));
#4907=VECTOR('',#4906,6.);
#4908=LINE('',#4905,#4907);
#4909=EDGE_CURVE('',#1902,#3068,#4908,.T.);
#4910=ORIENTED_EDGE('',*,*,#4909,.F.);
#4911=ORIENTED_EDGE('',*,*,#1926,.F.);
#4912=ORIENTED_EDGE('',*,*,#1919,.F.);
#4913=ORIENTED_EDGE('',*,*,#1910,.F.);
#4914=ORIENTED_EDGE('',*,*,#4909,.T.);
#4915=ORIENTED_EDGE('',*,*,#3076,.T.);
#4916=ORIENTED_EDGE('',*,*,#3092,.T.);
#4917=ORIENTED_EDGE('',*,*,#3085,.T.);
#4918=EDGE_LOOP('',(#4910,#4911,#4912,#4913,#4914,#4915,#4916,#4917));
#4919=FACE_BOUND('',#4918,.T.);
#4920=ADVANCED_FACE('NONE',(#4919),#4904,.F.);
#4921=CARTESIAN_POINT('',(830.414172976,-147.729122671,56.999844373));
#4922=DIRECTION('',(0.,-1.,0.));
#4923=DIRECTION('',(0.,0.,-1.));
#4924=AXIS2_PLACEMENT_3D('',#4921,#4922,#4923);
#4925=CYLINDRICAL_SURFACE('',#4924,1.6);
#4926=CARTESIAN_POINT('',(830.414172976,-153.729122671,55.399844373));
#4927=DIRECTION('',(-0.,1.,-0.));
#4928=VECTOR('',#4927,6.);
#4929=LINE('',#4926,#4928);
#4930=EDGE_CURVE('',#1873,#3039,#4929,.T.);
#4931=ORIENTED_EDGE('',*,*,#4930,.F.);
#4932=ORIENTED_EDGE('',*,*,#1897,.F.);
#4933=ORIENTED_EDGE('',*,*,#1890,.F.);
#4934=ORIENTED_EDGE('',*,*,#1881,.F.);
#4935=ORIENTED_EDGE('',*,*,#4930,.T.);
#4936=ORIENTED_EDGE('',*,*,#3047,.T.);
#4937=ORIENTED_EDGE('',*,*,#3063,.T.);
#4938=ORIENTED_EDGE('',*,*,#3056,.T.);
#4939=EDGE_LOOP('',(#4931,#4932,#4933,#4934,#4935,#4936,#4937,#4938));
#4940=FACE_BOUND('',#4939,.T.);
#4941=ADVANCED_FACE('NONE',(#4940),#4925,.F.);
#4942=CARTESIAN_POINT('',(816.272037352,-147.729122671,71.141979997));
#4943=DIRECTION('',(0.,-1.,0.));
#4944=DIRECTION('',(0.,0.,-1.));
#4945=AXIS2_PLACEMENT_3D('',#4942,#4943,#4944);
#4946=CYLINDRICAL_SURFACE('',#4945,1.6);
#4947=CARTESIAN_POINT('',(816.272037352,-153.729122671,69.541979997));
#4948=DIRECTION('',(-0.,1.,-0.));
#4949=VECTOR('',#4948,6.);
#4950=LINE('',#4947,#4949);
#4951=EDGE_CURVE('',#1671,#3010,#4950,.T.);
#4952=ORIENTED_EDGE('',*,*,#4951,.F.);
#4953=ORIENTED_EDGE('',*,*,#1695,.F.);
#4954=ORIENTED_EDGE('',*,*,#1688,.F.);
#4955=ORIENTED_EDGE('',*,*,#1679,.F.);
#4956=ORIENTED_EDGE('',*,*,#4951,.T.);
#4957=ORIENTED_EDGE('',*,*,#3018,.T.);
#4958=ORIENTED_EDGE('',*,*,#3034,.T.);
#4959=ORIENTED_EDGE('',*,*,#3027,.T.);
#4960=EDGE_LOOP('',(#4952,#4953,#4954,#4955,#4956,#4957,#4958,#4959));
#4961=FACE_BOUND('',#4960,.T.);
#4962=ADVANCED_FACE('NONE',(#4961),#4946,.F.);
#4963=CARTESIAN_POINT('',(795.058833916,-147.729122671,49.928776561));
#4964=DIRECTION('',(0.,-1.,0.));
#4965=DIRECTION('',(0.,0.,-1.));
#4966=AXIS2_PLACEMENT_3D('',#4963,#4964,#4965);
#4967=CYLINDRICAL_SURFACE('',#4966,1.6);
#4968=CARTESIAN_POINT('',(795.058833916,-153.729122671,48.328776561));
#4969=DIRECTION('',(-0.,1.,-0.));
#4970=VECTOR('',#4969,6.);
#4971=LINE('',#4968,#4970);
#4972=EDGE_CURVE('',#1844,#2981,#4971,.T.);
#4973=ORIENTED_EDGE('',*,*,#4972,.F.);
#4974=ORIENTED_EDGE('',*,*,#1868,.F.);
#4975=ORIENTED_EDGE('',*,*,#1861,.F.);
#4976=ORIENTED_EDGE('',*,*,#1852,.F.);
#4977=ORIENTED_EDGE('',*,*,#4972,.T.);
#4978=ORIENTED_EDGE('',*,*,#2989,.T.);
#4979=ORIENTED_EDGE('',*,*,#3005,.T.);
#4980=ORIENTED_EDGE('',*,*,#2998,.T.);
#4981=EDGE_LOOP('',(#4973,#4974,#4975,#4976,#4977,#4978,#4979,#4980));
#4982=FACE_BOUND('',#4981,.T.);
#4983=ADVANCED_FACE('NONE',(#4982),#4967,.F.);
#4984=CARTESIAN_POINT('',(809.20096954,-147.729122671,35.786640937));
#4985=DIRECTION('',(0.,-1.,0.));
#4986=DIRECTION('',(0.,0.,-1.));
#4987=AXIS2_PLACEMENT_3D('',#4984,#4985,#4986);
#4988=CYLINDRICAL_SURFACE('',#4987,1.6);
#4989=CARTESIAN_POINT('',(809.20096954,-153.729122671,34.186640937));
#4990=DIRECTION('',(-0.,1.,-0.));
#4991=VECTOR('',#4990,6.);
#4992=LINE('',#4989,#4991);
#4993=EDGE_CURVE('',#1700,#2952,#4992,.T.);
#4994=ORIENTED_EDGE('',*,*,#4993,.F.);
#4995=ORIENTED_EDGE('',*,*,#1724,.F.);
#4996=ORIENTED_EDGE('',*,*,#1717,.F.);
#4997=ORIENTED_EDGE('',*,*,#1708,.F.);
#4998=ORIENTED_EDGE('',*,*,#4993,.T.);
#4999=ORIENTED_EDGE('',*,*,#2960,.T.);
#5000=ORIENTED_EDGE('',*,*,#2976,.T.);
#5001=ORIENTED_EDGE('',*,*,#2969,.T.);
#5002=EDGE_LOOP('',(#4994,#4995,#4996,#4997,#4998,#4999,#5000,#5001));
#5003=FACE_BOUND('',#5002,.T.);
#5004=ADVANCED_FACE('NONE',(#5003),#4988,.F.);
#5005=CARTESIAN_POINT('',(812.736503446,-147.729122671,53.464310467));
#5006=DIRECTION('',(0.,-1.,0.));
#5007=DIRECTION('',(0.,0.,-1.));
#5008=AXIS2_PLACEMENT_3D('',#5005,#5006,#5007);
#5009=CYLINDRICAL_SURFACE('',#5008,7.5);
#5010=CARTESIAN_POINT('',(812.736503446,-153.729122671,45.964310467));
#5011=DIRECTION('',(-0.,1.,-0.));
#5012=VECTOR('',#5011,6.);
#5013=LINE('',#5010,#5012);
#5014=EDGE_CURVE('',#1815,#2923,#5013,.T.);
#5015=ORIENTED_EDGE('',*,*,#5014,.F.);
#5016=ORIENTED_EDGE('',*,*,#1839,.F.);
#5017=ORIENTED_EDGE('',*,*,#1832,.F.);
#5018=ORIENTED_EDGE('',*,*,#1823,.F.);
#5019=ORIENTED_EDGE('',*,*,#5014,.T.);
#5020=ORIENTED_EDGE('',*,*,#2931,.T.);
#5021=ORIENTED_EDGE('',*,*,#2947,.T.);
#5022=ORIENTED_EDGE('',*,*,#2940,.T.);
#5023=EDGE_LOOP('',(#5015,#5016,#5017,#5018,#5019,#5020,#5021,#5022));
#5024=FACE_BOUND('',#5023,.T.);
#5025=ADVANCED_FACE('NONE',(#5024),#5009,.F.);
#5026=CARTESIAN_POINT('',(556.87863907,-147.729122671,9.322174843));
#5027=DIRECTION('',(-0.,0.,1.));
#5028=DIRECTION('',(1.,0.,0.));
#5029=AXIS2_PLACEMENT_3D('',#5026,#5027,#5028);
#5030=PLANE('',#5029);
#5031=ORIENTED_EDGE('',*,*,#3780,.F.);
#5032=CARTESIAN_POINT('',(792.736503446,-147.729122671,9.322174843));
#5033=DIRECTION('',(0.,-1.,0.));
#5034=VECTOR('',#5033,6.);
#5035=LINE('',#5032,#5034);
#5036=EDGE_CURVE('',#3766,#1765,#5035,.T.);
#5037=ORIENTED_EDGE('',*,*,#5036,.T.);
#5038=ORIENTED_EDGE('',*,*,#1770,.T.);
#5039=CARTESIAN_POINT('',(561.020774693,-153.729122671,9.322174843));
#5040=DIRECTION('',(-0.,1.,-0.));
#5041=VECTOR('',#5040,6.);
#5042=LINE('',#5039,#5041);
#5043=EDGE_CURVE('',#1756,#3775,#5042,.T.);
#5044=ORIENTED_EDGE('',*,*,#5043,.T.);
#5045=EDGE_LOOP('',(#5031,#5037,#5038,#5044));
#5046=FACE_BOUND('',#5045,.T.);
#5047=ADVANCED_FACE('NONE',(#5046),#5030,.F.);
#5048=CARTESIAN_POINT('',(796.87863907,-147.729122671,9.322174843));
#5049=DIRECTION('',(-0.707106781,0.,0.707106781));
#5050=DIRECTION('',(0.707106781,0.,0.707106781));
#5051=AXIS2_PLACEMENT_3D('',#5048,#5049,#5050);
#5052=PLANE('',#5051);
#5053=ORIENTED_EDGE('',*,*,#1787,.T.);
#5054=CARTESIAN_POINT('',(799.807571258,-153.729122671,12.251107031));
#5055=DIRECTION('',(-0.,1.,-0.));
#5056=VECTOR('',#5055,6.);
#5057=LINE('',#5054,#5056);
#5058=EDGE_CURVE('',#1773,#3758,#5057,.T.);
#5059=ORIENTED_EDGE('',*,*,#5058,.T.);
#5060=ORIENTED_EDGE('',*,*,#3763,.F.);
#5061=CARTESIAN_POINT('',(853.949706881,-147.729122671,66.393242655));
#5062=DIRECTION('',(0.,-1.,0.));
#5063=VECTOR('',#5062,6.);
#5064=LINE('',#5061,#5063);
#5065=EDGE_CURVE('',#3749,#1782,#5064,.T.);
#5066=ORIENTED_EDGE('',*,*,#5065,.T.);
#5067=EDGE_LOOP('',(#5053,#5059,#5060,#5066));
#5068=FACE_BOUND('',#5067,.T.);
#5069=ADVANCED_FACE('NONE',(#5068),#5052,.F.);
#5070=CARTESIAN_POINT('',(856.87863907,-147.729122671,309.322174843));
#5071=DIRECTION('',(-1.,0.,-0.));
#5072=DIRECTION('',(-0.,0.,1.));
#5073=AXIS2_PLACEMENT_3D('',#5070,#5071,#5072);
#5074=PLANE('',#5073);
#5075=ORIENTED_EDGE('',*,*,#1804,.T.);
#5076=CARTESIAN_POINT('',(856.87863907,-153.729122671,73.464310467));
#5077=DIRECTION('',(-0.,1.,-0.));
#5078=VECTOR('',#5077,6.);
#5079=LINE('',#5076,#5078);
#5080=EDGE_CURVE('',#1790,#3741,#5079,.T.);
#5081=ORIENTED_EDGE('',*,*,#5080,.T.);
#5082=ORIENTED_EDGE('',*,*,#3746,.F.);
#5083=ORIENTED_EDGE('',*,*,#4369,.F.);
#5084=EDGE_LOOP('',(#5075,#5081,#5082,#5083));
#5085=FACE_BOUND('',#5084,.T.);
#5086=ADVANCED_FACE('NONE',(#5085),#5074,.F.);
#5087=CARTESIAN_POINT('',(496.87863907,-147.729122671,69.322174843));
#5088=DIRECTION('',(0.707106781,0.,0.707106781));
#5089=DIRECTION('',(0.707106781,0.,-0.707106781));
#5090=AXIS2_PLACEMENT_3D('',#5087,#5088,#5089);
#5091=PLANE('',#5090);
#5092=ORIENTED_EDGE('',*,*,#1753,.T.);
#5093=CARTESIAN_POINT('',(499.807571258,-153.729122671,66.393242655));
#5094=DIRECTION('',(-0.,1.,-0.));
#5095=VECTOR('',#5094,6.);
#5096=LINE('',#5093,#5095);
#5097=EDGE_CURVE('',#1739,#3708,#5096,.T.);
#5098=ORIENTED_EDGE('',*,*,#5097,.T.);
#5099=ORIENTED_EDGE('',*,*,#3713,.F.);
#5100=CARTESIAN_POINT('',(553.949706881,-147.729122671,12.251107031));
#5101=DIRECTION('',(0.,-1.,0.));
#5102=VECTOR('',#5101,6.);
#5103=LINE('',#5100,#5102);
#5104=EDGE_CURVE('',#3706,#1748,#5103,.T.);
#5105=ORIENTED_EDGE('',*,*,#5104,.T.);
#5106=EDGE_LOOP('',(#5092,#5098,#5099,#5105));
#5107=FACE_BOUND('',#5106,.T.);
#5108=ADVANCED_FACE('NONE',(#5107),#5091,.F.);
#5109=CARTESIAN_POINT('',(496.87863907,-147.729122671,309.322174843));
#5110=DIRECTION('',(1.,0.,0.));
#5111=DIRECTION('',(0.,0.,-1.));
#5112=AXIS2_PLACEMENT_3D('',#5109,#5110,#5111);
#5113=PLANE('',#5112);
#5114=ORIENTED_EDGE('',*,*,#3730,.F.);
#5115=CARTESIAN_POINT('',(496.87863907,-147.729122671,73.464310467));
#5116=DIRECTION('',(0.,-1.,0.));
#5117=VECTOR('',#5116,6.);
#5118=LINE('',#5115,#5117);
#5119=EDGE_CURVE('',#3716,#1729,#5118,.T.);
#5120=ORIENTED_EDGE('',*,*,#5119,.T.);
#5121=ORIENTED_EDGE('',*,*,#1736,.T.);
#5122=ORIENTED_EDGE('',*,*,#4362,.T.);
#5123=EDGE_LOOP('',(#5114,#5120,#5121,#5122));
#5124=FACE_BOUND('',#5123,.T.);
#5125=ADVANCED_FACE('',(#5124),#5113,.F.);
#5126=CARTESIAN_POINT('',(726.341299508,-9.729122671,64.053557382));
#5127=DIRECTION('',(-1.,0.,-0.));
#5128=DIRECTION('',(-0.,0.,1.));
#5129=AXIS2_PLACEMENT_3D('',#5126,#5127,#5128);
#5130=PLANE('',#5129);
#5131=ORIENTED_EDGE('',*,*,#2790,.T.);
#5132=CARTESIAN_POINT('',(726.341299508,-147.729122671,32.500668673));
#5133=DIRECTION('',(0.,-1.,0.));
#5134=VECTOR('',#5133,6.);
#5135=LINE('',#5132,#5134);
#5136=EDGE_CURVE('',#2785,#1306,#5135,.T.);
#5137=ORIENTED_EDGE('',*,*,#5136,.T.);
#5138=ORIENTED_EDGE('',*,*,#1311,.F.);
#5139=CARTESIAN_POINT('',(726.341299508,-153.729122671,95.606446091));
#5140=DIRECTION('',(-0.,1.,-0.));
#5141=VECTOR('',#5140,6.);
#5142=LINE('',#5139,#5141);
#5143=EDGE_CURVE('',#1297,#2783,#5142,.T.);
#5144=ORIENTED_EDGE('',*,*,#5143,.T.);
#5145=EDGE_LOOP('',(#5131,#5137,#5138,#5144));
#5146=FACE_BOUND('',#5145,.T.);
#5147=ADVANCED_FACE('',(#5146),#5130,.T.);
#5148=CARTESIAN_POINT('',(721.87863907,-9.729122671,97.606446091));
#5149=DIRECTION('',(0.,0.,-1.));
#5150=DIRECTION('',(-1.,0.,0.));
#5151=AXIS2_PLACEMENT_3D('',#5148,#5149,#5150);
#5152=PLANE('',#5151);
#5153=ORIENTED_EDGE('',*,*,#2807,.T.);
#5154=CARTESIAN_POINT('',(724.341299508,-147.729122671,97.606446091));
#5155=DIRECTION('',(0.,-1.,0.));
#5156=VECTOR('',#5155,6.);
#5157=LINE('',#5154,#5156);
#5158=EDGE_CURVE('',#2793,#1289,#5157,.T.);
#5159=ORIENTED_EDGE('',*,*,#5158,.T.);
#5160=ORIENTED_EDGE('',*,*,#1294,.F.);
#5161=CARTESIAN_POINT('',(719.415978631,-153.729122671,97.606446091));
#5162=DIRECTION('',(-0.,1.,-0.));
#5163=VECTOR('',#5162,6.);
#5164=LINE('',#5161,#5163);
#5165=EDGE_CURVE('',#1280,#2802,#5164,.T.);
#5166=ORIENTED_EDGE('',*,*,#5165,.T.);
#5167=EDGE_LOOP('',(#5153,#5159,#5160,#5166));
#5168=FACE_BOUND('',#5167,.T.);
#5169=ADVANCED_FACE('',(#5168),#5152,.T.);
#5170=CARTESIAN_POINT('',(717.415978631,-9.729122671,64.053557382));
#5171=DIRECTION('',(1.,0.,0.));
#5172=DIRECTION('',(0.,0.,-1.));
#5173=AXIS2_PLACEMENT_3D('',#5170,#5171,#5172);
#5174=PLANE('',#5173);
#5175=ORIENTED_EDGE('',*,*,#1277,.F.);
#5176=CARTESIAN_POINT('',(717.415978631,-153.729122671,32.500668673));
#5177=DIRECTION('',(-0.,1.,-0.));
#5178=VECTOR('',#5177,6.);
#5179=LINE('',#5176,#5178);
#5180=EDGE_CURVE('',#1270,#2819,#5179,.T.);
#5181=ORIENTED_EDGE('',*,*,#5180,.T.);
#5182=ORIENTED_EDGE('',*,*,#2824,.T.);
#5183=CARTESIAN_POINT('',(717.415978631,-147.729122671,95.606446091));
#5184=DIRECTION('',(0.,-1.,0.));
#5185=VECTOR('',#5184,6.);
#5186=LINE('',#5183,#5185);
#5187=EDGE_CURVE('',#2810,#1272,#5186,.T.);
#5188=ORIENTED_EDGE('',*,*,#5187,.T.);
#5189=EDGE_LOOP('',(#5175,#5181,#5182,#5188));
#5190=FACE_BOUND('',#5189,.T.);
#5191=ADVANCED_FACE('',(#5190),#5174,.T.);
#5192=CARTESIAN_POINT('',(721.87863907,-9.729122671,30.500668673));
#5193=DIRECTION('',(0.,0.,1.));
#5194=DIRECTION('',(1.,0.,0.));
#5195=AXIS2_PLACEMENT_3D('',#5192,#5193,#5194);
#5196=PLANE('',#5195);
#5197=ORIENTED_EDGE('',*,*,#1328,.F.);
#5198=CARTESIAN_POINT('',(724.341299508,-153.729122671,30.500668673));
#5199=DIRECTION('',(-0.,1.,-0.));
#5200=VECTOR('',#5199,6.);
#5201=LINE('',#5198,#5200);
#5202=EDGE_CURVE('',#1314,#2836,#5201,.T.);
#5203=ORIENTED_EDGE('',*,*,#5202,.T.);
#5204=ORIENTED_EDGE('',*,*,#2841,.T.);
#5205=CARTESIAN_POINT('',(719.415978631,-147.729122671,30.500668673));
#5206=DIRECTION('',(0.,-1.,0.));
#5207=VECTOR('',#5206,6.);
#5208=LINE('',#5205,#5207);
#5209=EDGE_CURVE('',#2827,#1323,#5208,.T.);
#5210=ORIENTED_EDGE('',*,*,#5209,.T.);
#5211=EDGE_LOOP('',(#5197,#5203,#5204,#5210));
#5212=FACE_BOUND('',#5211,.T.);
#5213=ADVANCED_FACE('',(#5212),#5196,.T.);
#5214=CARTESIAN_POINT('',(506.87863907,-147.729122671,73.464310467));
#5215=DIRECTION('',(0.,-1.,0.));
#5216=DIRECTION('',(0.,0.,-1.));
#5217=AXIS2_PLACEMENT_3D('',#5214,#5215,#5216);
#5218=CYLINDRICAL_SURFACE('',#5217,10.);
#5219=ORIENTED_EDGE('',*,*,#3722,.F.);
#5220=ORIENTED_EDGE('',*,*,#5097,.F.);
#5221=ORIENTED_EDGE('',*,*,#1745,.F.);
#5222=ORIENTED_EDGE('',*,*,#5119,.F.);
#5223=EDGE_LOOP('',(#5219,#5220,#5221,#5222));
#5224=FACE_BOUND('',#5223,.T.);
#5225=ADVANCED_FACE('',(#5224),#5218,.T.);
#5226=CARTESIAN_POINT('',(792.736503446,-147.729122671,19.322174843));
#5227=DIRECTION('',(0.,-1.,0.));
#5228=DIRECTION('',(0.,0.,-1.));
#5229=AXIS2_PLACEMENT_3D('',#5226,#5227,#5228);
#5230=CYLINDRICAL_SURFACE('',#5229,10.);
#5231=ORIENTED_EDGE('',*,*,#3772,.F.);
#5232=ORIENTED_EDGE('',*,*,#5058,.F.);
#5233=ORIENTED_EDGE('',*,*,#1779,.F.);
#5234=ORIENTED_EDGE('',*,*,#5036,.F.);
#5235=EDGE_LOOP('',(#5231,#5232,#5233,#5234));
#5236=FACE_BOUND('',#5235,.T.);
#5237=ADVANCED_FACE('',(#5236),#5230,.T.);
#5238=CARTESIAN_POINT('',(846.87863907,-147.729122671,73.464310467));
#5239=DIRECTION('',(0.,-1.,0.));
#5240=DIRECTION('',(0.,0.,-1.));
#5241=AXIS2_PLACEMENT_3D('',#5238,#5239,#5240);
#5242=CYLINDRICAL_SURFACE('',#5241,10.);
#5243=ORIENTED_EDGE('',*,*,#3755,.F.);
#5244=ORIENTED_EDGE('',*,*,#5080,.F.);
#5245=ORIENTED_EDGE('',*,*,#1796,.F.);
#5246=ORIENTED_EDGE('',*,*,#5065,.F.);
#5247=EDGE_LOOP('',(#5243,#5244,#5245,#5246));
#5248=FACE_BOUND('',#5247,.T.);
#5249=ADVANCED_FACE('',(#5248),#5242,.T.);
#5250=CARTESIAN_POINT('',(561.020774693,-147.729122671,19.322174843));
#5251=DIRECTION('',(0.,-1.,0.));
#5252=DIRECTION('',(0.,0.,-1.));
#5253=AXIS2_PLACEMENT_3D('',#5250,#5251,#5252);
#5254=CYLINDRICAL_SURFACE('',#5253,10.);
#5255=ORIENTED_EDGE('',*,*,#3787,.F.);
#5256=ORIENTED_EDGE('',*,*,#5043,.F.);
#5257=ORIENTED_EDGE('',*,*,#1762,.F.);
#5258=ORIENTED_EDGE('',*,*,#5104,.F.);
#5259=EDGE_LOOP('',(#5255,#5256,#5257,#5258));
#5260=FACE_BOUND('',#5259,.T.);
#5261=ADVANCED_FACE('',(#5260),#5254,.T.);
#5262=CARTESIAN_POINT('',(715.947564079,-142.729122671,169.732102801));
#5263=DIRECTION('',(1.,0.,0.));
#5264=DIRECTION('',(0.,0.,-1.));
#5265=AXIS2_PLACEMENT_3D('',#5262,#5263,#5264);
#5266=PLANE('',#5265);
#5267=ORIENTED_EDGE('',*,*,#2720,.T.);
#5268=CARTESIAN_POINT('',(715.947564079,-147.729122671,171.732102801));
#5269=DIRECTION('',(0.,-1.,0.));
#5270=VECTOR('',#5269,6.);
#5271=LINE('',#5268,#5270);
#5272=EDGE_CURVE('',#2715,#1236,#5271,.T.);
#5273=ORIENTED_EDGE('',*,*,#5272,.T.);
#5274=ORIENTED_EDGE('',*,*,#1241,.F.);
#5275=CARTESIAN_POINT('',(715.947564079,-153.729122671,167.732102801));
#5276=DIRECTION('',(-0.,1.,-0.));
#5277=VECTOR('',#5276,6.);
#5278=LINE('',#5275,#5277);
#5279=EDGE_CURVE('',#1227,#2713,#5278,.T.);
#5280=ORIENTED_EDGE('',*,*,#5279,.T.);
#5281=EDGE_LOOP('',(#5267,#5273,#5274,#5280));
#5282=FACE_BOUND('',#5281,.T.);
#5283=ADVANCED_FACE('',(#5282),#5266,.T.);
#5284=CARTESIAN_POINT('',(730.947564079,-142.729122671,164.732102801));
#5285=DIRECTION('',(0.,0.,1.));
#5286=DIRECTION('',(1.,0.,0.));
#5287=AXIS2_PLACEMENT_3D('',#5284,#5285,#5286);
#5288=PLANE('',#5287);
#5289=ORIENTED_EDGE('',*,*,#1224,.F.);
#5290=CARTESIAN_POINT('',(742.947564079,-153.729122671,164.732102801));
#5291=DIRECTION('',(-0.,1.,-0.));
#5292=VECTOR('',#5291,6.);
#5293=LINE('',#5290,#5292);
#5294=EDGE_CURVE('',#1210,#2732,#5293,.T.);
#5295=ORIENTED_EDGE('',*,*,#5294,.T.);
#5296=ORIENTED_EDGE('',*,*,#2737,.T.);
#5297=CARTESIAN_POINT('',(718.947564079,-147.729122671,164.732102801));
#5298=DIRECTION('',(0.,-1.,0.));
#5299=VECTOR('',#5298,6.);
#5300=LINE('',#5297,#5299);
#5301=EDGE_CURVE('',#2723,#1219,#5300,.T.);
#5302=ORIENTED_EDGE('',*,*,#5301,.T.);
#5303=EDGE_LOOP('',(#5289,#5295,#5296,#5302));
#5304=FACE_BOUND('',#5303,.T.);
#5305=ADVANCED_FACE('',(#5304),#5288,.T.);
#5306=CARTESIAN_POINT('',(745.947564079,-142.729122671,169.732102801));
#5307=DIRECTION('',(-1.,0.,0.));
#5308=DIRECTION('',(0.,0.,1.));
#5309=AXIS2_PLACEMENT_3D('',#5306,#5307,#5308);
#5310=PLANE('',#5309);
#5311=ORIENTED_EDGE('',*,*,#1207,.F.);
#5312=CARTESIAN_POINT('',(745.947564079,-153.729122671,171.732102801));
#5313=DIRECTION('',(-0.,1.,-0.));
#5314=VECTOR('',#5313,6.);
#5315=LINE('',#5312,#5314);
#5316=EDGE_CURVE('',#1200,#2749,#5315,.T.);
#5317=ORIENTED_EDGE('',*,*,#5316,.T.);
#5318=ORIENTED_EDGE('',*,*,#2754,.T.);
#5319=CARTESIAN_POINT('',(745.947564079,-147.729122671,167.732102801));
#5320=DIRECTION('',(0.,-1.,0.));
#5321=VECTOR('',#5320,6.);
#5322=LINE('',#5319,#5321);
#5323=EDGE_CURVE('',#2740,#1202,#5322,.T.);
#5324=ORIENTED_EDGE('',*,*,#5323,.T.);
#5325=EDGE_LOOP('',(#5311,#5317,#5318,#5324));
#5326=FACE_BOUND('',#5325,.T.);
#5327=ADVANCED_FACE('',(#5326),#5310,.T.);
#5328=CARTESIAN_POINT('',(730.947564079,-142.729122671,174.732102801));
#5329=DIRECTION('',(0.,0.,-1.));
#5330=DIRECTION('',(-1.,0.,0.));
#5331=AXIS2_PLACEMENT_3D('',#5328,#5329,#5330);
#5332=PLANE('',#5331);
#5333=ORIENTED_EDGE('',*,*,#2771,.T.);
#5334=CARTESIAN_POINT('',(742.947564079,-147.729122671,174.732102801));
#5335=DIRECTION('',(0.,-1.,0.));
#5336=VECTOR('',#5335,6.);
#5337=LINE('',#5334,#5336);
#5338=EDGE_CURVE('',#2757,#1253,#5337,.T.);
#5339=ORIENTED_EDGE('',*,*,#5338,.T.);
#5340=ORIENTED_EDGE('',*,*,#1258,.F.);
#5341=CARTESIAN_POINT('',(718.947564079,-153.729122671,174.732102801));
#5342=DIRECTION('',(-0.,1.,-0.));
#5343=VECTOR('',#5342,6.);
#5344=LINE('',#5341,#5343);
#5345=EDGE_CURVE('',#1244,#2766,#5344,.T.);
#5346=ORIENTED_EDGE('',*,*,#5345,.T.);
#5347=EDGE_LOOP('',(#5333,#5339,#5340,#5346));
#5348=FACE_BOUND('',#5347,.T.);
#5349=ADVANCED_FACE('',(#5348),#5332,.T.);
#5350=CARTESIAN_POINT('',(622.80971406,-142.729122671,174.732102801));
#5351=DIRECTION('',(0.,0.,1.));
#5352=DIRECTION('',(1.,0.,0.));
#5353=AXIS2_PLACEMENT_3D('',#5350,#5351,#5352);
#5354=PLANE('',#5353);
#5355=ORIENTED_EDGE('',*,*,#3833,.F.);
#5356=CARTESIAN_POINT('',(634.80971406,-147.729122671,174.732102801));
#5357=DIRECTION('',(0.,-1.,0.));
#5358=VECTOR('',#5357,6.);
#5359=LINE('',#5356,#5358);
#5360=EDGE_CURVE('',#3819,#2192,#5359,.T.);
#5361=ORIENTED_EDGE('',*,*,#5360,.T.);
#5362=ORIENTED_EDGE('',*,*,#2199,.T.);
#5363=CARTESIAN_POINT('',(610.80971406,-153.729122671,174.732102801));
#5364=DIRECTION('',(-0.,1.,-0.));
#5365=VECTOR('',#5364,6.);
#5366=LINE('',#5363,#5365);
#5367=EDGE_CURVE('',#2194,#3828,#5366,.T.);
#5368=ORIENTED_EDGE('',*,*,#5367,.T.);
#5369=EDGE_LOOP('',(#5355,#5361,#5362,#5368));
#5370=FACE_BOUND('',#5369,.T.);
#5371=ADVANCED_FACE('',(#5370),#5354,.F.);
#5372=CARTESIAN_POINT('',(607.80971406,-142.729122671,169.732102801));
#5373=DIRECTION('',(-1.,0.,0.));
#5374=DIRECTION('',(0.,0.,1.));
#5375=AXIS2_PLACEMENT_3D('',#5372,#5373,#5374);
#5376=PLANE('',#5375);
#5377=ORIENTED_EDGE('',*,*,#3850,.F.);
#5378=CARTESIAN_POINT('',(607.80971406,-147.729122671,171.732102801));
#5379=DIRECTION('',(0.,-1.,0.));
#5380=VECTOR('',#5379,6.);
#5381=LINE('',#5378,#5380);
#5382=EDGE_CURVE('',#3836,#2245,#5381,.T.);
#5383=ORIENTED_EDGE('',*,*,#5382,.T.);
#5384=ORIENTED_EDGE('',*,*,#2250,.T.);
#5385=CARTESIAN_POINT('',(607.80971406,-153.729122671,167.732102801));
#5386=DIRECTION('',(-0.,1.,-0.));
#5387=VECTOR('',#5386,6.);
#5388=LINE('',#5385,#5387);
#5389=EDGE_CURVE('',#2236,#3845,#5388,.T.);
#5390=ORIENTED_EDGE('',*,*,#5389,.T.);
#5391=EDGE_LOOP('',(#5377,#5383,#5384,#5390));
#5392=FACE_BOUND('',#5391,.T.);
#5393=ADVANCED_FACE('',(#5392),#5376,.F.);
#5394=CARTESIAN_POINT('',(622.80971406,-142.729122671,164.732102801));
#5395=DIRECTION('',(0.,0.,-1.));
#5396=DIRECTION('',(-1.,0.,0.));
#5397=AXIS2_PLACEMENT_3D('',#5394,#5395,#5396);
#5398=PLANE('',#5397);
#5399=ORIENTED_EDGE('',*,*,#2233,.T.);
#5400=CARTESIAN_POINT('',(634.80971406,-153.729122671,164.732102801));
#5401=DIRECTION('',(-0.,1.,-0.));
#5402=VECTOR('',#5401,6.);
#5403=LINE('',#5400,#5402);
#5404=EDGE_CURVE('',#2219,#3794,#5403,.T.);
#5405=ORIENTED_EDGE('',*,*,#5404,.T.);
#5406=ORIENTED_EDGE('',*,*,#3799,.F.);
#5407=CARTESIAN_POINT('',(610.80971406,-147.729122671,164.732102801));
#5408=DIRECTION('',(0.,-1.,0.));
#5409=VECTOR('',#5408,6.);
#5410=LINE('',#5407,#5409);
#5411=EDGE_CURVE('',#3792,#2228,#5410,.T.);
#5412=ORIENTED_EDGE('',*,*,#5411,.T.);
#5413=EDGE_LOOP('',(#5399,#5405,#5406,#5412));
#5414=FACE_BOUND('',#5413,.T.);
#5415=ADVANCED_FACE('',(#5414),#5398,.F.);
#5416=CARTESIAN_POINT('',(637.80971406,-142.729122671,169.732102801));
#5417=DIRECTION('',(1.,0.,0.));
#5418=DIRECTION('',(0.,0.,-1.));
#5419=AXIS2_PLACEMENT_3D('',#5416,#5417,#5418);
#5420=PLANE('',#5419);
#5421=ORIENTED_EDGE('',*,*,#2216,.T.);
#5422=CARTESIAN_POINT('',(637.80971406,-153.729122671,171.732102801));
#5423=DIRECTION('',(-0.,1.,-0.));
#5424=VECTOR('',#5423,6.);
#5425=LINE('',#5422,#5424);
#5426=EDGE_CURVE('',#2202,#3811,#5425,.T.);
#5427=ORIENTED_EDGE('',*,*,#5426,.T.);
#5428=ORIENTED_EDGE('',*,*,#3816,.F.);
#5429=CARTESIAN_POINT('',(637.80971406,-147.729122671,167.732102801));
#5430=DIRECTION('',(0.,-1.,0.));
#5431=VECTOR('',#5430,6.);
#5432=LINE('',#5429,#5431);
#5433=EDGE_CURVE('',#3802,#2211,#5432,.T.);
#5434=ORIENTED_EDGE('',*,*,#5433,.T.);
#5435=EDGE_LOOP('',(#5421,#5427,#5428,#5434));
#5436=FACE_BOUND('',#5435,.T.);
#5437=ADVANCED_FACE('',(#5436),#5420,.F.);
#5438=CARTESIAN_POINT('',(742.947564079,-142.729122671,171.732102801));
#5439=DIRECTION('',(0.,1.,0.));
#5440=DIRECTION('',(0.,-0.,1.));
#5441=AXIS2_PLACEMENT_3D('',#5438,#5439,#5440);
#5442=CYLINDRICAL_SURFACE('',#5441,3.);
#5443=ORIENTED_EDGE('',*,*,#2763,.F.);
#5444=ORIENTED_EDGE('',*,*,#5316,.F.);
#5445=ORIENTED_EDGE('',*,*,#1265,.F.);
#5446=ORIENTED_EDGE('',*,*,#5338,.F.);
#5447=EDGE_LOOP('',(#5443,#5444,#5445,#5446));
#5448=FACE_BOUND('',#5447,.T.);
#5449=ADVANCED_FACE('',(#5448),#5442,.F.);
#5450=CARTESIAN_POINT('',(634.80971406,-142.729122671,171.732102801));
#5451=DIRECTION('',(0.,1.,0.));
#5452=DIRECTION('',(0.,-0.,1.));
#5453=AXIS2_PLACEMENT_3D('',#5450,#5451,#5452);
#5454=CYLINDRICAL_SURFACE('',#5453,3.);
#5455=ORIENTED_EDGE('',*,*,#3825,.F.);
#5456=ORIENTED_EDGE('',*,*,#5426,.F.);
#5457=ORIENTED_EDGE('',*,*,#2208,.F.);
#5458=ORIENTED_EDGE('',*,*,#5360,.F.);
#5459=EDGE_LOOP('',(#5455,#5456,#5457,#5458));
#5460=FACE_BOUND('',#5459,.T.);
#5461=ADVANCED_FACE('',(#5460),#5454,.F.);
#5462=CARTESIAN_POINT('',(718.947564079,-142.729122671,171.732102801));
#5463=DIRECTION('',(0.,1.,0.));
#5464=DIRECTION('',(0.,-0.,1.));
#5465=AXIS2_PLACEMENT_3D('',#5462,#5463,#5464);
#5466=CYLINDRICAL_SURFACE('',#5465,3.);
#5467=ORIENTED_EDGE('',*,*,#2778,.F.);
#5468=ORIENTED_EDGE('',*,*,#5345,.F.);
#5469=ORIENTED_EDGE('',*,*,#1250,.F.);
#5470=ORIENTED_EDGE('',*,*,#5272,.F.);
#5471=EDGE_LOOP('',(#5467,#5468,#5469,#5470));
#5472=FACE_BOUND('',#5471,.T.);
#5473=ADVANCED_FACE('',(#5472),#5466,.F.);
#5474=CARTESIAN_POINT('',(742.947564079,-142.729122671,167.732102801));
#5475=DIRECTION('',(0.,1.,0.));
#5476=DIRECTION('',(0.,-0.,1.));
#5477=AXIS2_PLACEMENT_3D('',#5474,#5475,#5476);
#5478=CYLINDRICAL_SURFACE('',#5477,3.);
#5479=ORIENTED_EDGE('',*,*,#2746,.F.);
#5480=ORIENTED_EDGE('',*,*,#5294,.F.);
#5481=ORIENTED_EDGE('',*,*,#1216,.F.);
#5482=ORIENTED_EDGE('',*,*,#5323,.F.);
#5483=EDGE_LOOP('',(#5479,#5480,#5481,#5482));
#5484=FACE_BOUND('',#5483,.T.);
#5485=ADVANCED_FACE('',(#5484),#5478,.F.);
#5486=CARTESIAN_POINT('',(634.80971406,-142.729122671,167.732102801));
#5487=DIRECTION('',(0.,1.,0.));
#5488=DIRECTION('',(0.,-0.,1.));
#5489=AXIS2_PLACEMENT_3D('',#5486,#5487,#5488);
#5490=CYLINDRICAL_SURFACE('',#5489,3.);
#5491=ORIENTED_EDGE('',*,*,#3808,.F.);
#5492=ORIENTED_EDGE('',*,*,#5404,.F.);
#5493=ORIENTED_EDGE('',*,*,#2225,.F.);
#5494=ORIENTED_EDGE('',*,*,#5433,.F.);
#5495=EDGE_LOOP('',(#5491,#5492,#5493,#5494));
#5496=FACE_BOUND('',#5495,.T.);
#5497=ADVANCED_FACE('',(#5496),#5490,.F.);
#5498=CARTESIAN_POINT('',(610.80971406,-142.729122671,171.732102801));
#5499=DIRECTION('',(0.,1.,0.));
#5500=DIRECTION('',(0.,-0.,1.));
#5501=AXIS2_PLACEMENT_3D('',#5498,#5499,#5500);
#5502=CYLINDRICAL_SURFACE('',#5501,3.);
#5503=ORIENTED_EDGE('',*,*,#3842,.F.);
#5504=ORIENTED_EDGE('',*,*,#5367,.F.);
#5505=ORIENTED_EDGE('',*,*,#2257,.F.);
#5506=ORIENTED_EDGE('',*,*,#5382,.F.);
#5507=EDGE_LOOP('',(#5503,#5504,#5505,#5506));
#5508=FACE_BOUND('',#5507,.T.);
#5509=ADVANCED_FACE('',(#5508),#5502,.F.);
#5510=CARTESIAN_POINT('',(718.947564079,-142.729122671,167.732102801));
#5511=DIRECTION('',(0.,1.,0.));
#5512=DIRECTION('',(0.,-0.,1.));
#5513=AXIS2_PLACEMENT_3D('',#5510,#5511,#5512);
#5514=CYLINDRICAL_SURFACE('',#5513,3.);
#5515=ORIENTED_EDGE('',*,*,#2729,.F.);
#5516=ORIENTED_EDGE('',*,*,#5279,.F.);
#5517=ORIENTED_EDGE('',*,*,#1233,.F.);
#5518=ORIENTED_EDGE('',*,*,#5301,.F.);
#5519=EDGE_LOOP('',(#5515,#5516,#5517,#5518));
#5520=FACE_BOUND('',#5519,.T.);
#5521=ADVANCED_FACE('',(#5520),#5514,.F.);
#5522=CARTESIAN_POINT('',(610.80971406,-142.729122671,167.732102801));
#5523=DIRECTION('',(0.,1.,0.));
#5524=DIRECTION('',(0.,-0.,1.));
#5525=AXIS2_PLACEMENT_3D('',#5522,#5523,#5524);
#5526=CYLINDRICAL_SURFACE('',#5525,3.);
#5527=ORIENTED_EDGE('',*,*,#3857,.F.);
#5528=ORIENTED_EDGE('',*,*,#5389,.F.);
#5529=ORIENTED_EDGE('',*,*,#2242,.F.);
#5530=ORIENTED_EDGE('',*,*,#5411,.F.);
#5531=EDGE_LOOP('',(#5527,#5528,#5529,#5530));
#5532=FACE_BOUND('',#5531,.T.);
#5533=ADVANCED_FACE('',(#5532),#5526,.F.);
#5534=CARTESIAN_POINT('',(724.341299508,-9.729122671,32.500668673));
#5535=DIRECTION('',(0.,1.,0.));
#5536=DIRECTION('',(0.,-0.,1.));
#5537=AXIS2_PLACEMENT_3D('',#5534,#5535,#5536);
#5538=CYLINDRICAL_SURFACE('',#5537,2.);
#5539=ORIENTED_EDGE('',*,*,#2848,.F.);
#5540=ORIENTED_EDGE('',*,*,#5202,.F.);
#5541=ORIENTED_EDGE('',*,*,#1320,.F.);
#5542=ORIENTED_EDGE('',*,*,#5136,.F.);
#5543=EDGE_LOOP('',(#5539,#5540,#5541,#5542));
#5544=FACE_BOUND('',#5543,.T.);
#5545=ADVANCED_FACE('',(#5544),#5538,.F.);
#5546=CARTESIAN_POINT('',(634.341299508,-147.729122671,95.606446091));
#5547=DIRECTION('',(0.,1.,0.));
#5548=DIRECTION('',(0.,-0.,1.));
#5549=AXIS2_PLACEMENT_3D('',#5546,#5547,#5548);
#5550=CYLINDRICAL_SURFACE('',#5549,2.);
#5551=ORIENTED_EDGE('',*,*,#2903,.F.);
#5552=ORIENTED_EDGE('',*,*,#4406,.F.);
#5553=ORIENTED_EDGE('',*,*,#1405,.F.);
#5554=ORIENTED_EDGE('',*,*,#4428,.F.);
#5555=EDGE_LOOP('',(#5551,#5552,#5553,#5554));
#5556=FACE_BOUND('',#5555,.T.);
#5557=ADVANCED_FACE('',(#5556),#5550,.F.);
#5558=CARTESIAN_POINT('',(724.341299508,-9.729122671,95.606446091));
#5559=DIRECTION('',(0.,1.,0.));
#5560=DIRECTION('',(0.,-0.,1.));
#5561=AXIS2_PLACEMENT_3D('',#5558,#5559,#5560);
#5562=CYLINDRICAL_SURFACE('',#5561,2.);
#5563=ORIENTED_EDGE('',*,*,#2799,.F.);
#5564=ORIENTED_EDGE('',*,*,#5143,.F.);
#5565=ORIENTED_EDGE('',*,*,#1303,.F.);
#5566=ORIENTED_EDGE('',*,*,#5158,.F.);
#5567=EDGE_LOOP('',(#5563,#5564,#5565,#5566));
#5568=FACE_BOUND('',#5567,.T.);
#5569=ADVANCED_FACE('',(#5568),#5562,.F.);
#5570=CARTESIAN_POINT('',(634.341299508,-147.729122671,32.500668673));
#5571=DIRECTION('',(0.,1.,0.));
#5572=DIRECTION('',(0.,-0.,1.));
#5573=AXIS2_PLACEMENT_3D('',#5570,#5571,#5572);
#5574=CYLINDRICAL_SURFACE('',#5573,2.);
#5575=ORIENTED_EDGE('',*,*,#2886,.F.);
#5576=ORIENTED_EDGE('',*,*,#4384,.F.);
#5577=ORIENTED_EDGE('',*,*,#1356,.F.);
#5578=ORIENTED_EDGE('',*,*,#4413,.F.);
#5579=EDGE_LOOP('',(#5575,#5576,#5577,#5578));
#5580=FACE_BOUND('',#5579,.T.);
#5581=ADVANCED_FACE('',(#5580),#5574,.F.);
#5582=CARTESIAN_POINT('',(629.415978631,-147.729122671,32.500668673));
#5583=DIRECTION('',(0.,1.,0.));
#5584=DIRECTION('',(0.,-0.,1.));
#5585=AXIS2_PLACEMENT_3D('',#5582,#5583,#5584);
#5586=CYLINDRICAL_SURFACE('',#5585,2.);
#5587=ORIENTED_EDGE('',*,*,#2869,.F.);
#5588=ORIENTED_EDGE('',*,*,#4450,.F.);
#5589=ORIENTED_EDGE('',*,*,#1373,.F.);
#5590=ORIENTED_EDGE('',*,*,#4391,.F.);
#5591=EDGE_LOOP('',(#5587,#5588,#5589,#5590));
#5592=FACE_BOUND('',#5591,.T.);
#5593=ADVANCED_FACE('',(#5592),#5586,.F.);
#5594=CARTESIAN_POINT('',(719.415978631,-9.729122671,32.500668673));
#5595=DIRECTION('',(0.,1.,0.));
#5596=DIRECTION('',(0.,-0.,1.));
#5597=AXIS2_PLACEMENT_3D('',#5594,#5595,#5596);
#5598=CYLINDRICAL_SURFACE('',#5597,2.);
#5599=ORIENTED_EDGE('',*,*,#2833,.F.);
#5600=ORIENTED_EDGE('',*,*,#5180,.F.);
#5601=ORIENTED_EDGE('',*,*,#1335,.F.);
#5602=ORIENTED_EDGE('',*,*,#5209,.F.);
#5603=EDGE_LOOP('',(#5599,#5600,#5601,#5602));
#5604=FACE_BOUND('',#5603,.T.);
#5605=ADVANCED_FACE('',(#5604),#5598,.F.);
#5606=CARTESIAN_POINT('',(719.415978631,-9.729122671,95.606446091));
#5607=DIRECTION('',(0.,1.,0.));
#5608=DIRECTION('',(0.,-0.,1.));
#5609=AXIS2_PLACEMENT_3D('',#5606,#5607,#5608);
#5610=CYLINDRICAL_SURFACE('',#5609,2.);
#5611=ORIENTED_EDGE('',*,*,#2816,.F.);
#5612=ORIENTED_EDGE('',*,*,#5165,.F.);
#5613=ORIENTED_EDGE('',*,*,#1286,.F.);
#5614=ORIENTED_EDGE('',*,*,#5187,.F.);
#5615=EDGE_LOOP('',(#5611,#5612,#5613,#5614));
#5616=FACE_BOUND('',#5615,.T.);
#5617=ADVANCED_FACE('',(#5616),#5610,.F.);
#5618=CARTESIAN_POINT('',(629.415978631,-147.729122671,95.606446091));
#5619=DIRECTION('',(0.,1.,0.));
#5620=DIRECTION('',(0.,-0.,1.));
#5621=AXIS2_PLACEMENT_3D('',#5618,#5619,#5620);
#5622=CYLINDRICAL_SURFACE('',#5621,2.);
#5623=ORIENTED_EDGE('',*,*,#2918,.F.);
#5624=ORIENTED_EDGE('',*,*,#4435,.F.);
#5625=ORIENTED_EDGE('',*,*,#1390,.F.);
#5626=ORIENTED_EDGE('',*,*,#4457,.F.);
#5627=EDGE_LOOP('',(#5623,#5624,#5625,#5626));
#5628=FACE_BOUND('',#5627,.T.);
#5629=ADVANCED_FACE('',(#5628),#5622,.F.);
#5630=CARTESIAN_POINT('',(692.25,-156.25,123.65));
#5631=DIRECTION('',(-0.,1.,0.));
#5632=DIRECTION('',(-1.,-0.,0.));
#5633=AXIS2_PLACEMENT_3D('',#5630,#5631,#5632);
#5634=CYLINDRICAL_SURFACE('',#5633,1.7);
#5635=CARTESIAN_POINT('',(690.55,-147.729122671,123.65));
#5636=DIRECTION('',(0.,-1.,-0.));
#5637=VECTOR('',#5636,6.);
#5638=LINE('',#5635,#5637);
#5639=EDGE_CURVE('',#3904,#2331,#5638,.T.);
#5640=ORIENTED_EDGE('',*,*,#5639,.F.);
#5641=ORIENTED_EDGE('',*,*,#3910,.F.);
#5642=ORIENTED_EDGE('',*,*,#3917,.F.);
#5643=ORIENTED_EDGE('',*,*,#5639,.T.);
#5644=ORIENTED_EDGE('',*,*,#2346,.F.);
#5645=ORIENTED_EDGE('',*,*,#2339,.F.);
#5646=EDGE_LOOP('',(#5640,#5641,#5642,#5643,#5644,#5645));
#5647=FACE_BOUND('',#5646,.T.);
#5648=ADVANCED_FACE('',(#5647),#5634,.F.);
#5649=CARTESIAN_POINT('',(661.25,-156.25,123.65));
#5650=DIRECTION('',(-0.,1.,0.));
#5651=DIRECTION('',(-1.,-0.,0.));
#5652=AXIS2_PLACEMENT_3D('',#5649,#5650,#5651);
#5653=CYLINDRICAL_SURFACE('',#5652,1.7);
#5654=CARTESIAN_POINT('',(659.55,-147.729122671,123.65));
#5655=DIRECTION('',(0.,-1.,-0.));
#5656=VECTOR('',#5655,6.);
#5657=LINE('',#5654,#5656);
#5658=EDGE_CURVE('',#3924,#2351,#5657,.T.);
#5659=ORIENTED_EDGE('',*,*,#5658,.F.);
#5660=ORIENTED_EDGE('',*,*,#3930,.F.);
#5661=ORIENTED_EDGE('',*,*,#3937,.F.);
#5662=ORIENTED_EDGE('',*,*,#5658,.T.);
#5663=ORIENTED_EDGE('',*,*,#2366,.F.);
#5664=ORIENTED_EDGE('',*,*,#2359,.F.);
#5665=EDGE_LOOP('',(#5659,#5660,#5661,#5662,#5663,#5664));
#5666=FACE_BOUND('',#5665,.T.);
#5667=ADVANCED_FACE('',(#5666),#5653,.F.);
#5668=CARTESIAN_POINT('',(692.25,-156.25,154.65));
#5669=DIRECTION('',(-0.,1.,0.));
#5670=DIRECTION('',(-1.,-0.,0.));
#5671=AXIS2_PLACEMENT_3D('',#5668,#5669,#5670);
#5672=CYLINDRICAL_SURFACE('',#5671,1.7);
#5673=CARTESIAN_POINT('',(690.55,-147.729122671,154.65));
#5674=DIRECTION('',(0.,-1.,-0.));
#5675=VECTOR('',#5674,6.);
#5676=LINE('',#5673,#5675);
#5677=EDGE_CURVE('',#3944,#2371,#5676,.T.);
#5678=ORIENTED_EDGE('',*,*,#5677,.F.);
#5679=ORIENTED_EDGE('',*,*,#3950,.F.);
#5680=ORIENTED_EDGE('',*,*,#3957,.F.);
#5681=ORIENTED_EDGE('',*,*,#5677,.T.);
#5682=ORIENTED_EDGE('',*,*,#2386,.F.);
#5683=ORIENTED_EDGE('',*,*,#2379,.F.);
#5684=EDGE_LOOP('',(#5678,#5679,#5680,#5681,#5682,#5683));
#5685=FACE_BOUND('',#5684,.T.);
#5686=ADVANCED_FACE('',(#5685),#5672,.F.);
#5687=CARTESIAN_POINT('',(661.25,-156.25,154.65));
#5688=DIRECTION('',(-0.,1.,0.));
#5689=DIRECTION('',(-1.,-0.,0.));
#5690=AXIS2_PLACEMENT_3D('',#5687,#5688,#5689);
#5691=CYLINDRICAL_SURFACE('',#5690,1.7);
#5692=CARTESIAN_POINT('',(659.55,-147.729122671,154.65));
#5693=DIRECTION('',(0.,-1.,-0.));
#5694=VECTOR('',#5693,6.);
#5695=LINE('',#5692,#5694);
#5696=EDGE_CURVE('',#3964,#2391,#5695,.T.);
#5697=ORIENTED_EDGE('',*,*,#5696,.F.);
#5698=ORIENTED_EDGE('',*,*,#3970,.F.);
#5699=ORIENTED_EDGE('',*,*,#3977,.F.);
#5700=ORIENTED_EDGE('',*,*,#5696,.T.);
#5701=ORIENTED_EDGE('',*,*,#2406,.F.);
#5702=ORIENTED_EDGE('',*,*,#2399,.F.);
#5703=EDGE_LOOP('',(#5697,#5698,#5699,#5700,#5701,#5702));
#5704=FACE_BOUND('',#5703,.T.);
#5705=ADVANCED_FACE('',(#5704),#5691,.F.);
#5706=CARTESIAN_POINT('',(797.02136093,-155.729122671,95.322174843));
#5707=DIRECTION('',(0.,1.,0.));
#5708=DIRECTION('',(0.,-0.,1.));
#5709=AXIS2_PLACEMENT_3D('',#5706,#5707,#5708);
#5710=CYLINDRICAL_SURFACE('',#5709,2.6);
#5711=CARTESIAN_POINT('',(797.02136093,-147.729122671,97.922174843));
#5712=DIRECTION('',(-0.,-1.,-0.));
#5713=VECTOR('',#5712,6.);
#5714=LINE('',#5711,#5713);
#5715=EDGE_CURVE('',#3984,#2413,#5714,.T.);
#5716=ORIENTED_EDGE('',*,*,#5715,.F.);
#5717=ORIENTED_EDGE('',*,*,#3990,.F.);
#5718=ORIENTED_EDGE('',*,*,#4006,.F.);
#5719=ORIENTED_EDGE('',*,*,#3999,.F.);
#5720=ORIENTED_EDGE('',*,*,#5715,.T.);
#5721=ORIENTED_EDGE('',*,*,#2435,.T.);
#5722=ORIENTED_EDGE('',*,*,#2428,.T.);
#5723=ORIENTED_EDGE('',*,*,#2419,.T.);
#5724=EDGE_LOOP('',(#5716,#5717,#5718,#5719,#5720,#5721,#5722,#5723));
#5725=FACE_BOUND('',#5724,.T.);
#5726=ADVANCED_FACE('',(#5725),#5710,.F.);
#5727=CARTESIAN_POINT('',(772.92136093,-155.729122671,119.222174843));
#5728=DIRECTION('',(0.,1.,0.));
#5729=DIRECTION('',(0.,-0.,1.));
#5730=AXIS2_PLACEMENT_3D('',#5727,#5728,#5729);
#5731=CYLINDRICAL_SURFACE('',#5730,2.6);
#5732=CARTESIAN_POINT('',(772.92136093,-147.729122671,121.822174843));
#5733=DIRECTION('',(-0.,-1.,-0.));
#5734=VECTOR('',#5733,6.);
#5735=LINE('',#5732,#5734);
#5736=EDGE_CURVE('',#2657,#1173,#5735,.T.);
#5737=ORIENTED_EDGE('',*,*,#5736,.F.);
#5738=ORIENTED_EDGE('',*,*,#2663,.F.);
#5739=ORIENTED_EDGE('',*,*,#2679,.F.);
#5740=ORIENTED_EDGE('',*,*,#2672,.F.);
#5741=ORIENTED_EDGE('',*,*,#5736,.T.);
#5742=ORIENTED_EDGE('',*,*,#1195,.T.);
#5743=ORIENTED_EDGE('',*,*,#1188,.T.);
#5744=ORIENTED_EDGE('',*,*,#1179,.T.);
#5745=EDGE_LOOP('',(#5737,#5738,#5739,#5740,#5741,#5742,#5743,#5744));
#5746=FACE_BOUND('',#5745,.T.);
#5747=ADVANCED_FACE('',(#5746),#5731,.F.);
#5748=CARTESIAN_POINT('',(821.92136093,-155.729122671,149.322174843));
#5749=DIRECTION('',(0.,1.,0.));
#5750=DIRECTION('',(0.,-0.,1.));
#5751=AXIS2_PLACEMENT_3D('',#5748,#5749,#5750);
#5752=CYLINDRICAL_SURFACE('',#5751,2.6);
#5753=CARTESIAN_POINT('',(821.92136093,-147.729122671,151.922174843));
#5754=DIRECTION('',(-0.,-1.,-0.));
#5755=VECTOR('',#5754,6.);
#5756=LINE('',#5753,#5755);
#5757=EDGE_CURVE('',#4013,#2442,#5756,.T.);
#5758=ORIENTED_EDGE('',*,*,#5757,.F.);
#5759=ORIENTED_EDGE('',*,*,#4019,.F.);
#5760=ORIENTED_EDGE('',*,*,#4035,.F.);
#5761=ORIENTED_EDGE('',*,*,#4028,.F.);
#5762=ORIENTED_EDGE('',*,*,#5757,.T.);
#5763=ORIENTED_EDGE('',*,*,#2464,.T.);
#5764=ORIENTED_EDGE('',*,*,#2457,.T.);
#5765=ORIENTED_EDGE('',*,*,#2448,.T.);
#5766=EDGE_LOOP('',(#5758,#5759,#5760,#5761,#5762,#5763,#5764,#5765));
#5767=FACE_BOUND('',#5766,.T.);
#5768=ADVANCED_FACE('',(#5767),#5752,.F.);
#5769=CARTESIAN_POINT('',(771.92136093,-155.729122671,149.322174843));
#5770=DIRECTION('',(0.,1.,0.));
#5771=DIRECTION('',(0.,-0.,1.));
#5772=AXIS2_PLACEMENT_3D('',#5769,#5770,#5771);
#5773=CYLINDRICAL_SURFACE('',#5772,2.6);
#5774=CARTESIAN_POINT('',(771.92136093,-147.729122671,151.922174843));
#5775=DIRECTION('',(-0.,-1.,-0.));
#5776=VECTOR('',#5775,6.);
#5777=LINE('',#5774,#5776);
#5778=EDGE_CURVE('',#4042,#2471,#5777,.T.);
#5779=ORIENTED_EDGE('',*,*,#5778,.F.);
#5780=ORIENTED_EDGE('',*,*,#4048,.F.);
#5781=ORIENTED_EDGE('',*,*,#4064,.F.);
#5782=ORIENTED_EDGE('',*,*,#4057,.F.);
#5783=ORIENTED_EDGE('',*,*,#5778,.T.);
#5784=ORIENTED_EDGE('',*,*,#2493,.T.);
#5785=ORIENTED_EDGE('',*,*,#2486,.T.);
#5786=ORIENTED_EDGE('',*,*,#2477,.T.);
#5787=EDGE_LOOP('',(#5779,#5780,#5781,#5782,#5783,#5784,#5785,#5786));
#5788=FACE_BOUND('',#5787,.T.);
#5789=ADVANCED_FACE('',(#5788),#5773,.F.);
#5790=CARTESIAN_POINT('',(821.92136093,-155.729122671,89.322174843));
#5791=DIRECTION('',(0.,1.,0.));
#5792=DIRECTION('',(0.,-0.,1.));
#5793=AXIS2_PLACEMENT_3D('',#5790,#5791,#5792);
#5794=CYLINDRICAL_SURFACE('',#5793,2.6);
#5795=CARTESIAN_POINT('',(821.92136093,-147.729122671,91.922174843));
#5796=DIRECTION('',(-0.,-1.,-0.));
#5797=VECTOR('',#5796,6.);
#5798=LINE('',#5795,#5797);
#5799=EDGE_CURVE('',#4071,#2500,#5798,.T.);
#5800=ORIENTED_EDGE('',*,*,#5799,.F.);
#5801=ORIENTED_EDGE('',*,*,#4077,.F.);
#5802=ORIENTED_EDGE('',*,*,#4093,.F.);
#5803=ORIENTED_EDGE('',*,*,#4086,.F.);
#5804=ORIENTED_EDGE('',*,*,#5799,.T.);
#5805=ORIENTED_EDGE('',*,*,#2522,.T.);
#5806=ORIENTED_EDGE('',*,*,#2515,.T.);
#5807=ORIENTED_EDGE('',*,*,#2506,.T.);
#5808=EDGE_LOOP('',(#5800,#5801,#5802,#5803,#5804,#5805,#5806,#5807));
#5809=FACE_BOUND('',#5808,.T.);
#5810=ADVANCED_FACE('',(#5809),#5794,.F.);
#5811=CARTESIAN_POINT('',(771.92136093,-155.729122671,89.322174843));
#5812=DIRECTION('',(0.,1.,0.));
#5813=DIRECTION('',(0.,-0.,1.));
#5814=AXIS2_PLACEMENT_3D('',#5811,#5812,#5813);
#5815=CYLINDRICAL_SURFACE('',#5814,2.6);
#5816=CARTESIAN_POINT('',(771.92136093,-147.729122671,91.922174843));
#5817=DIRECTION('',(-0.,-1.,-0.));
#5818=VECTOR('',#5817,6.);
#5819=LINE('',#5816,#5818);
#5820=EDGE_CURVE('',#4100,#2529,#5819,.T.);
#5821=ORIENTED_EDGE('',*,*,#5820,.F.);
#5822=ORIENTED_EDGE('',*,*,#4106,.F.);
#5823=ORIENTED_EDGE('',*,*,#4122,.F.);
#5824=ORIENTED_EDGE('',*,*,#4115,.F.);
#5825=ORIENTED_EDGE('',*,*,#5820,.T.);
#5826=ORIENTED_EDGE('',*,*,#2551,.T.);
#5827=ORIENTED_EDGE('',*,*,#2544,.T.);
#5828=ORIENTED_EDGE('',*,*,#2535,.T.);
#5829=EDGE_LOOP('',(#5821,#5822,#5823,#5824,#5825,#5826,#5827,#5828));
#5830=FACE_BOUND('',#5829,.T.);
#5831=ADVANCED_FACE('',(#5830),#5815,.F.);
#5832=CARTESIAN_POINT('',(796.92136093,-155.729122671,119.322174843));
#5833=DIRECTION('',(0.,1.,0.));
#5834=DIRECTION('',(0.,-0.,1.));
#5835=AXIS2_PLACEMENT_3D('',#5832,#5833,#5834);
#5836=CYLINDRICAL_SURFACE('',#5835,2.1);
#5837=CARTESIAN_POINT('',(796.92136093,-147.729122671,121.422174843));
#5838=DIRECTION('',(-0.,-1.,-0.));
#5839=VECTOR('',#5838,6.);
#5840=LINE('',#5837,#5839);
#5841=EDGE_CURVE('',#4129,#2558,#5840,.T.);
#5842=ORIENTED_EDGE('',*,*,#5841,.F.);
#5843=ORIENTED_EDGE('',*,*,#4135,.F.);
#5844=ORIENTED_EDGE('',*,*,#4151,.F.);
#5845=ORIENTED_EDGE('',*,*,#4144,.F.);
#5846=ORIENTED_EDGE('',*,*,#5841,.T.);
#5847=ORIENTED_EDGE('',*,*,#2580,.T.);
#5848=ORIENTED_EDGE('',*,*,#2573,.T.);
#5849=ORIENTED_EDGE('',*,*,#2564,.T.);
#5850=EDGE_LOOP('',(#5842,#5843,#5844,#5845,#5846,#5847,#5848,#5849));
#5851=FACE_BOUND('',#5850,.T.);
#5852=ADVANCED_FACE('',(#5851),#5836,.F.);
#5853=CARTESIAN_POINT('',(796.82136093,-155.729122671,143.322174843));
#5854=DIRECTION('',(0.,1.,0.));
#5855=DIRECTION('',(0.,-0.,1.));
#5856=AXIS2_PLACEMENT_3D('',#5853,#5854,#5855);
#5857=CYLINDRICAL_SURFACE('',#5856,2.6);
#5858=CARTESIAN_POINT('',(796.82136093,-147.729122671,145.922174843));
#5859=DIRECTION('',(-0.,-1.,-0.));
#5860=VECTOR('',#5859,6.);
#5861=LINE('',#5858,#5860);
#5862=EDGE_CURVE('',#4158,#2587,#5861,.T.);
#5863=ORIENTED_EDGE('',*,*,#5862,.F.);
#5864=ORIENTED_EDGE('',*,*,#4164,.F.);
#5865=ORIENTED_EDGE('',*,*,#4180,.F.);
#5866=ORIENTED_EDGE('',*,*,#4173,.F.);
#5867=ORIENTED_EDGE('',*,*,#5862,.T.);
#5868=ORIENTED_EDGE('',*,*,#2609,.T.);
#5869=ORIENTED_EDGE('',*,*,#2602,.T.);
#5870=ORIENTED_EDGE('',*,*,#2593,.T.);
#5871=EDGE_LOOP('',(#5863,#5864,#5865,#5866,#5867,#5868,#5869,#5870));
#5872=FACE_BOUND('',#5871,.T.);
#5873=ADVANCED_FACE('',(#5872),#5857,.F.);
#5874=CLOSED_SHELL('',(#265,#448,#631,#700,#769,#838,#907,#976,#1045,#1114,#2613,#4184,#4203,#4224,#4243,#4279,#4315,#4351,#4373,#4395,#4417,#4439,#4461,#4482,#4503,#4524,
#4545,#4566,#4587,#4607,#4627,#4647,#4668,#4689,#4710,#4731,#4752,#4773,#4794,#4815,#4836,#4857,#4878,#4899,#4920,#4941,#4962,#4983,#5004,#5025,#5047,
#5069,#5086,#5108,#5125,#5147,#5169,#5191,#5213,#5225,#5237,#5249,#5261,#5283,#5305,#5327,#5349,#5371,#5393,#5415,#5437,#5449,#5461,#5473,#5485,#5497,
#5509,#5521,#5533,#5545,#5557,#5569,#5581,#5593,#5605,#5617,#5629,#5648,#5667,#5686,#5705,#5726,#5747,#5768,#5789,#5810,#5831,#5852,#5873));
#5875=MANIFOLD_SOLID_BREP('Chamfer1',#5874);
#5876=COLOUR_RGB('',0.690196097,0.611764729,0.529411793);
#5877=FILL_AREA_STYLE_COLOUR('',#5876);
#5878=FILL_AREA_STYLE('',(#5877));
#5879=SURFACE_STYLE_FILL_AREA(#5878);
#5880=SURFACE_SIDE_STYLE('',(#5879));
#5881=SURFACE_STYLE_USAGE(.BOTH.,#5880);
#5882=PRESENTATION_STYLE_ASSIGNMENT((#5881));
#82=STYLED_ITEM('',(#5882),#5875);
#63=SHAPE_REPRESENTATION('t\X2\1EA5\X0\m sau',(#15),#61);
#64=ADVANCED_BREP_SHAPE_REPRESENTATION('t\X2\1EA5\X0\m sau',(#5875),#61);
#5890=SHAPE_REPRESENTATION_RELATIONSHIP('','',#63,#64);
#5891=CARTESIAN_POINT('',(0.,0.,0.));
#5892=DIRECTION('',(0.,0.,1.));
#5893=DIRECTION('',(1.,0.,0.));
#5894=AXIS2_PLACEMENT_3D('',#5891,#5892,#5893);
#5896=MAPPED_ITEM('',#5895,#5894);
#5895=REPRESENTATION_MAP(#5894,#63);
#5897=APPLICATION_CONTEXT('Managed model based 3d engineering');
#5898=APPLICATION_PROTOCOL_DEFINITION('international standard','ap242_managed_model_based_3d_engineering',2014,#5897);
#5899=PRODUCT_CONTEXT('',#5897,'mechanical');
#5900=PRODUCT_DEFINITION_CONTEXT('part definition',#5897,'design');
#71=PRODUCT('t\X2\1EA5\X0\m sau','t\X2\1EA5\X0\m sau','',(#5899));
#5901=PRODUCT_RELATED_PRODUCT_CATEGORY('part','',(#71));
#5902=PRODUCT_DEFINITION_FORMATION_WITH_SPECIFIED_SOURCE('','',#71,.NOT_KNOWN.);
#72=PRODUCT_DEFINITION('design','',#5902,#5900);
#70=PRODUCT_DEFINITION_SHAPE('','',#72);
#5903=SHAPE_DEFINITION_REPRESENTATION(#70,#63);
#62=DRAUGHTING_MODEL('',(#5896),#61);
#35=SHAPE_REPRESENTATION('DEMO_T9_6.7.STEP',(#15,#76),#33);
#5904=CARTESIAN_POINT('',(0.,0.,0.));
#5905=DIRECTION('',(0.,0.,1.));
#5906=DIRECTION('',(1.,0.,0.));
#5907=AXIS2_PLACEMENT_3D('',#5904,#5905,#5906);
#5909=MAPPED_ITEM('',#5908,#5907);
#5908=REPRESENTATION_MAP(#5907,#35);
#43=PRODUCT('DEMO_T9_6.7.STEP','DEMO_T9_6.7.STEP','',(#5899));
#5910=PRODUCT_RELATED_PRODUCT_CATEGORY('part','',(#43));
#5911=PRODUCT_DEFINITION_FORMATION_WITH_SPECIFIED_SOURCE('','',#43,.NOT_KNOWN.);
#44=PRODUCT_DEFINITION('design','',#5911,#5900);
#42=PRODUCT_DEFINITION_SHAPE('','',#44);
#5912=SHAPE_DEFINITION_REPRESENTATION(#42,#35);
#34=DRAUGHTING_MODEL('',(#5909),#33);
#16=SHAPE_REPRESENTATION('root',(#15,#48),#10);
#5913=CARTESIAN_POINT('',(0.,0.,0.));
#5914=DIRECTION('',(0.,0.,1.));
#5915=DIRECTION('',(1.,0.,0.));
#5916=AXIS2_PLACEMENT_3D('',#5913,#5914,#5915);
#5918=MAPPED_ITEM('',#5917,#5916);
#5917=REPRESENTATION_MAP(#5916,#16);
#24=PRODUCT('root','root','',(#5899));
#5919=PRODUCT_RELATED_PRODUCT_CATEGORY('part','',(#24));
#5920=PRODUCT_DEFINITION_FORMATION_WITH_SPECIFIED_SOURCE('','',#24,.NOT_KNOWN.);
#25=PRODUCT_DEFINITION('design','',#5920,#5900);
#23=PRODUCT_DEFINITION_SHAPE('','',#25);
#5921=SHAPE_DEFINITION_REPRESENTATION(#23,#16);
#11=DRAUGHTING_MODEL('',(#5918),#10);
#5922=DESCRIPTIVE_REPRESENTATION_ITEM('KEY','C:\\Users\\TranHuyBao\\AppData\\Local\\Packages\\Shapr3D.Shapr3D_dvv5p1vgwv6mp\\TempState\\982e1b6f-be97-414e-a6c0-f321235549f0.tmp');
#5923=PROPERTY_DEFINITION('KEY','',#25);
#5924=REPRESENTATION('',(#5922),#10);
#5925=PROPERTY_DEFINITION_REPRESENTATION(#5923,#5924);
#5926=GENERAL_PROPERTY('','KEY','');
#5927=GENERAL_PROPERTY_ASSOCIATION('','',#5926,#5923);
#1=MECHANICAL_DESIGN_GEOMETRIC_PRESENTATION_REPRESENTATION('',(#82),#10);
ENDSEC;
END-ISO-10303-21;
