ISO-10303-21;
HEADER;
FILE_DESCRIPTION (( 'STEP AP214' ),
    '1' );
FILE_NAME ('FemaleHeader.STEP',
    '2026-06-19T17:58:37',
    ( 'NGUYEN QUOC TOAN' ),
    ( '' ),
    'SwSTEP 2.0',
    'SolidWorks 2022',
    '' );
FILE_SCHEMA (( 'AUTOMOTIVE_DESIGN' ));
ENDSEC;

DATA;
#1 = SURFACE_STYLE_USAGE ( .BOTH. , #1350 ) ;
#2 = FACE_OUTER_BOUND ( 'NONE', #653, .T. ) ;
#3 = EDGE_CURVE ( 'NONE', #1177, #1331, #1359, .T. ) ;
#4 = ORIENTED_EDGE ( 'NONE', *, *, #542, .F. ) ;
#5 = LINE ( 'NONE', #993, #1142 ) ;
#6 = VERTEX_POINT ( 'NONE', #8 ) ;
#7 = DIRECTION ( 'NONE',  ( 8.340016711426957754E-17, -1.000000000000000000, 0.000000000000000000 ) ) ;
#8 = CARTESIAN_POINT ( 'NONE',  ( 0.2999999999999999889, 0.3000000000000000444, 3.000000000000000000 ) ) ;
#9 = VECTOR ( 'NONE', #160, 1000.000000000000114 ) ;
#10 = CARTESIAN_POINT ( 'NONE',  ( 3.810000000000000941, 0.6000000000000004219, 0.2999999999999999334 ) ) ;
#11 = AXIS2_PLACEMENT_3D ( 'NONE', #234, #127, #460 ) ;
#12 = VECTOR ( 'NONE', #931, 1000.000000000000114 ) ;
#13 = ADVANCED_FACE ( 'NONE', ( #804 ), #556, .F. ) ;
#14 = AXIS2_PLACEMENT_3D ( 'NONE', #689, #1257, #243 ) ;
#15 = VECTOR ( 'NONE', #51, 1000.000000000000000 ) ;
#16 = AXIS2_PLACEMENT_3D ( 'NONE', #532, #58, #427 ) ;
#17 = ADVANCED_FACE ( 'NONE', ( #2 ), #1255, .F. ) ;
#18 = LINE ( 'NONE', #572, #1339 ) ;
#19 = VECTOR ( 'NONE', #612, 1000.000000000000114 ) ;
#20 = CARTESIAN_POINT ( 'NONE',  ( 3.810000000000000941, 1.269999999999999796, 0.000000000000000000 ) ) ;
#21 = VERTEX_POINT ( 'NONE', #787 ) ;
#22 = DIRECTION ( 'NONE',  ( -0.000000000000000000, 0.000000000000000000, 1.000000000000000000 ) ) ;
#23 = ADVANCED_FACE ( 'NONE', ( #551 ), #451, .F. ) ;
#24 = DIRECTION ( 'NONE',  ( -0.000000000000000000, 1.000000000000000000, 0.000000000000000000 ) ) ;
#25 = FACE_OUTER_BOUND ( 'NONE', #200, .T. ) ;
#26 = ORIENTED_EDGE ( 'NONE', *, *, #514, .T. ) ;
#27 = ORIENTED_EDGE ( 'NONE', *, *, #915, .F. ) ;
#28 = UNCERTAINTY_MEASURE_WITH_UNIT (LENGTH_MEASURE( 1.000000000000000082E-05 ), #390, 'distance_accuracy_value', 'NONE');
#29 = CARTESIAN_POINT ( 'NONE',  ( 2.689999999999999059, 0.1499999999999993006, -3.000000000000000000 ) ) ;
#30 = LINE ( 'NONE', #1373, #1101 ) ;
#31 = ADVANCED_FACE ( 'NONE', ( #444 ), #1113, .T. ) ;
#32 = ORIENTED_EDGE ( 'NONE', *, *, #1424, .F. ) ;
#33 = COLOUR_RGB ( '',0.7019607843137254388, 0.2156862745098039325, 0.000000000000000000 ) ;
#34 = LINE ( 'NONE', #1394, #424 ) ;
#35 = DIRECTION ( 'NONE',  ( -1.000000000000000000, 0.000000000000000000, 0.000000000000000000 ) ) ;
#36 = CARTESIAN_POINT ( 'NONE',  ( 0.000000000000000000, 0.000000000000000000, 0.000000000000000000 ) ) ;
#37 = VECTOR ( 'NONE', #1032, 1000.000000000000000 ) ;
#38 = LINE ( 'NONE', #815, #305 ) ;
#39 = AXIS2_PLACEMENT_3D ( 'NONE', #1046, #505, #371 ) ;
#40 = DIRECTION ( 'NONE',  ( -1.000000000000000000, 0.000000000000000000, -0.000000000000000000 ) ) ;
#41 = DIRECTION ( 'NONE',  ( 8.340016711426957754E-17, -1.000000000000000000, 0.000000000000000000 ) ) ;
#42 = AXIS2_PLACEMENT_3D ( 'NONE', #174, #61, #1073 ) ;
#43 = ORIENTED_EDGE ( 'NONE', *, *, #999, .T. ) ;
#44 = ORIENTED_EDGE ( 'NONE', *, *, #224, .F. ) ;
#45 = EDGE_CURVE ( 'NONE', #438, #944, #904, .T. ) ;
#46 = UNCERTAINTY_MEASURE_WITH_UNIT (LENGTH_MEASURE( 1.000000000000000082E-05 ), #892, 'distance_accuracy_value', 'NONE');
#47 = LINE ( 'NONE', #1167, #19 ) ;
#48 = PLANE ( 'NONE',  #1198 ) ;
#49 = FILL_AREA_STYLE ('',( #1053 ) ) ;
#50 = LINE ( 'NONE', #1423, #539 ) ;
#51 = DIRECTION ( 'NONE',  ( -0.000000000000000000, -0.000000000000000000, -1.000000000000000000 ) ) ;
#52 = SURFACE_STYLE_USAGE ( .BOTH. , #732 ) ;
#53 = CARTESIAN_POINT ( 'NONE',  ( -0.3250000000000000666, 0.3250000000000000111, 7.850000000000001421 ) ) ;
#54 = FILL_AREA_STYLE_COLOUR ( '', #448 ) ;
#55 = VERTEX_POINT ( 'NONE', #691 ) ;
#56 = EDGE_CURVE ( 'NONE', #363, #1193, #221, .T. ) ;
#57 = LINE ( 'NONE', #605, #362 ) ;
#58 = DIRECTION ( 'NONE',  ( -0.7071067811865465735, -5.897282371859124094E-17, 0.7071067811865484609 ) ) ;
#59 = CARTESIAN_POINT ( 'NONE',  ( 2.214999999999999858, -0.3250000000000000111, 0.000000000000000000 ) ) ;
#60 = CARTESIAN_POINT ( 'NONE',  ( -0.3250000000000000666, 0.3250000000000000111, 0.2999999999999999334 ) ) ;
#61 = DIRECTION ( 'NONE',  ( 0.000000000000000000, -0.7071067811865465735, 0.7071067811865484609 ) ) ;
#62 = ORIENTED_EDGE ( 'NONE', *, *, #1345, .T. ) ;
#63 = DIRECTION ( 'NONE',  ( -0.000000000000000000, 1.000000000000000000, -0.000000000000000000 ) ) ;
#64 = DIRECTION ( 'NONE',  ( -1.000000000000000000, 0.000000000000000000, -0.000000000000000000 ) ) ;
#65 = EDGE_CURVE ( 'NONE', #1177, #1448, #1460, .T. ) ;
#66 = LINE ( 'NONE', #746, #1047 ) ;
#67 = FACE_OUTER_BOUND ( 'NONE', #113, .T. ) ;
#68 = VECTOR ( 'NONE', #575, 1000.000000000000000 ) ;
#69 = VECTOR ( 'NONE', #479, 1000.000000000000000 ) ;
#70 = LINE ( 'NONE', #1191, #213 ) ;
#71 = LINE ( 'NONE', #626, #1207 ) ;
#72 = STYLED_ITEM ( 'NONE', ( #1354 ), #644 ) ;
#73 = STYLED_ITEM ( 'NONE', ( #271 ), #132 ) ;
#74 = VECTOR ( 'NONE', #1245, 1000.000000000000000 ) ;
#75 = EDGE_LOOP ( 'NONE', ( #1246, #812, #767, #858 ) ) ;
#76 = VERTEX_POINT ( 'NONE', #336 ) ;
#77 = SURFACE_STYLE_FILL_AREA ( #501 ) ;
#78 = LINE ( 'NONE', #998, #237 ) ;
#79 =( LENGTH_UNIT ( ) NAMED_UNIT ( * ) SI_UNIT ( .MILLI., .METRE. ) );
#80 = DIRECTION ( 'NONE',  ( -1.000000000000000000, 0.000000000000000000, 0.000000000000000000 ) ) ;
#81 = EDGE_CURVE ( 'NONE', #184, #1448, #1244, .T. ) ;
#82 = EDGE_LOOP ( 'NONE', ( #358, #83, #1015, #871 ) ) ;
#83 = ORIENTED_EDGE ( 'NONE', *, *, #1150, .F. ) ;
#84 = LINE ( 'NONE', #1235, #604 ) ;
#85 = CARTESIAN_POINT ( 'NONE',  ( 3.810000000000000941, -0.5999999999999995337, 1.705622791995265824E-16 ) ) ;
#86 = EDGE_LOOP ( 'NONE', ( #1417, #1223, #880, #1089 ) ) ;
#87 = ADVANCED_FACE ( 'NONE', ( #1413 ), #1405, .F. ) ;
#88 = ORIENTED_EDGE ( 'NONE', *, *, #598, .T. ) ;
#89 = FILL_AREA_STYLE ('',( #208 ) ) ;
#90 = ORIENTED_EDGE ( 'NONE', *, *, #126, .F. ) ;
#91 = VECTOR ( 'NONE', #1290, 1000.000000000000000 ) ;
#92 = APPLICATION_PROTOCOL_DEFINITION ( 'draft international standard', 'automotive_design', 1998, #621 ) ;
#93 = FACE_OUTER_BOUND ( 'NONE', #1278, .T. ) ;
#94 = EDGE_LOOP ( 'NONE', ( #890, #90, #1426, #175 ) ) ;
#95 = STYLED_ITEM ( 'NONE', ( #441 ), #677 ) ;
#96 = ORIENTED_EDGE ( 'NONE', *, *, #139, .T. ) ;
#97 = VECTOR ( 'NONE', #885, 1000.000000000000000 ) ;
#98 = LINE ( 'NONE', #202, #446 ) ;
#99 = AXIS2_PLACEMENT_3D ( 'NONE', #1238, #1452, #992 ) ;
#100 = ORIENTED_EDGE ( 'NONE', *, *, #695, .T. ) ;
#101 = VECTOR ( 'NONE', #384, 1000.000000000000000 ) ;
#102 = DIRECTION ( 'NONE',  ( -1.000000000000000000, -8.537024980200823790E-17, -0.000000000000000000 ) ) ;
#103 = VERTEX_POINT ( 'NONE', #1147 ) ;
#104 = ORIENTED_EDGE ( 'NONE', *, *, #1307, .F. ) ;
#105 = SURFACE_STYLE_USAGE ( .BOTH. , #540 ) ;
#106 = ORIENTED_EDGE ( 'NONE', *, *, #764, .F. ) ;
#107 = ADVANCED_FACE ( 'NONE', ( #377 ), #837, .T. ) ;
#108 = COLOUR_RGB ( '',0.7019607843137254388, 0.2156862745098039325, 0.000000000000000000 ) ;
#109 =( LENGTH_UNIT ( ) NAMED_UNIT ( * ) SI_UNIT ( .MILLI., .METRE. ) );
#110 = LINE ( 'NONE', #1138, #276 ) ;
#111 = ORIENTED_EDGE ( 'NONE', *, *, #1038, .T. ) ;
#112 = DIRECTION ( 'NONE',  ( -0.000000000000000000, 1.000000000000000000, 0.000000000000000000 ) ) ;
#113 = EDGE_LOOP ( 'NONE', ( #1034, #639, #964, #1213 ) ) ;
#114 = PRESENTATION_STYLE_ASSIGNMENT (( #1243 ) ) ;
#115 = EDGE_CURVE ( 'NONE', #435, #407, #1398, .T. ) ;
#116 = DIRECTION ( 'NONE',  ( 1.000000000000000000, 0.000000000000000000, 0.000000000000000000 ) ) ;
#117 = PRESENTATION_LAYER_ASSIGNMENT (  '', '', ( #754 ) ) ;
#118 = DIRECTION ( 'NONE',  ( -0.000000000000000000, 1.000000000000000000, -0.000000000000000000 ) ) ;
#119 = EDGE_LOOP ( 'NONE', ( #201, #753, #423, #96 ) ) ;
#120 =( GEOMETRIC_REPRESENTATION_CONTEXT ( 3 ) GLOBAL_UNCERTAINTY_ASSIGNED_CONTEXT ( ( #811 ) ) GLOBAL_UNIT_ASSIGNED_CONTEXT ( ( #859, #1410, #311 ) ) REPRESENTATION_CONTEXT ( 'NONE', 'WORKASPACE' ) );
#121 = PRESENTATION_LAYER_ASSIGNMENT (  '', '', ( #73 ) ) ;
#122 = VECTOR ( 'NONE', #724, 1000.000000000000000 ) ;
#123 = FILL_AREA_STYLE ('',( #676 ) ) ;
#124 = STYLED_ITEM ( 'NONE', ( #946 ), #1314 ) ;
#125 = DIRECTION ( 'NONE',  ( -8.340016711426957754E-17, 1.000000000000000000, 0.000000000000000000 ) ) ;
#126 = EDGE_CURVE ( 'NONE', #1313, #944, #1045, .T. ) ;
#127 = DIRECTION ( 'NONE',  ( -0.000000000000000000, 0.000000000000000000, 1.000000000000000000 ) ) ;
#128 =( LENGTH_UNIT ( ) NAMED_UNIT ( * ) SI_UNIT ( .MILLI., .METRE. ) );
#129 = ORIENTED_EDGE ( 'NONE', *, *, #147, .F. ) ;
#130 = DIRECTION ( 'NONE',  ( 0.000000000000000000, 0.000000000000000000, -1.000000000000000000 ) ) ;
#131 = VERTEX_POINT ( 'NONE', #370 ) ;
#132 = ADVANCED_FACE ( 'NONE', ( #830 ), #599, .T. ) ;
#133 = FACE_OUTER_BOUND ( 'NONE', #413, .T. ) ;
#134 = CARTESIAN_POINT ( 'NONE',  ( 3.515000000000001013, 0.9750000000000013101, 8.500000000000000000 ) ) ;
#135 = CARTESIAN_POINT ( 'NONE',  ( 2.865000000000000213, -0.3250000000000000111, 0.2999999999999999334 ) ) ;
#136 = ORIENTED_EDGE ( 'NONE', *, *, #406, .F. ) ;
#137 = ORIENTED_EDGE ( 'NONE', *, *, #434, .F. ) ;
#138 = AXIS2_PLACEMENT_3D ( 'NONE', #1260, #467, #324 ) ;
#139 = EDGE_CURVE ( 'NONE', #874, #363, #718, .T. ) ;
#140 = VECTOR ( 'NONE', #816, 1000.000000000000000 ) ;
#141 = MECHANICAL_DESIGN_GEOMETRIC_PRESENTATION_REPRESENTATION (  '', ( #576 ), #513 ) ;
#142 = FACE_OUTER_BOUND ( 'NONE', #854, .T. ) ;
#143 = LINE ( 'NONE', #909, #903 ) ;
#144 = FILL_AREA_STYLE_COLOUR ( '', #701 ) ;
#145 = LINE ( 'NONE', #1352, #74 ) ;
#146 = FACE_OUTER_BOUND ( 'NONE', #710, .T. ) ;
#147 = EDGE_CURVE ( 'NONE', #21, #325, #70, .T. ) ;
#148 = DIRECTION ( 'NONE',  ( -1.807003620809174139E-16, -1.000000000000000000, 0.000000000000000000 ) ) ;
#149 = LINE ( 'NONE', #376, #1025 ) ;
#150 =( NAMED_UNIT ( * ) SI_UNIT ( $, .STERADIAN. ) SOLID_ANGLE_UNIT ( ) );
#151 = ORIENTED_EDGE ( 'NONE', *, *, #514, .F. ) ;
#152 = DIRECTION ( 'NONE',  ( -1.807003620809173892E-16, -1.000000000000000000, 0.000000000000000000 ) ) ;
#153 = LINE ( 'NONE', #391, #91 ) ;
#154 = CARTESIAN_POINT ( 'NONE',  ( 3.515000000000001013, -0.3249999999999999556, 8.500000000000000000 ) ) ;
#155 = CARTESIAN_POINT ( 'NONE',  ( 3.810000000000000941, 1.269999999999999796, 8.500000000000000000 ) ) ;
#156 = CARTESIAN_POINT ( 'NONE',  ( 3.810000000000000941, 1.269999999999999796, 8.500000000000000000 ) ) ;
#157 = CARTESIAN_POINT ( 'NONE',  ( -0.3250000000000000111, -0.3250000000000000111, 7.850000000000001421 ) ) ;
#158 = VECTOR ( 'NONE', #267, 1000.000000000000000 ) ;
#159 = LINE ( 'NONE', #602, #1027 ) ;
#160 = DIRECTION ( 'NONE',  ( 0.5773502691896247319, 0.5773502691896246208, -0.5773502691896279515 ) ) ;
#161 = DIRECTION ( 'NONE',  ( 8.340016711426957754E-17, -1.000000000000000000, 0.000000000000000000 ) ) ;
#162 = CARTESIAN_POINT ( 'NONE',  ( 2.839999999999999858, 0.3000000000000001554, 3.000000000000000000 ) ) ;
#163 = DIRECTION ( 'NONE',  ( -1.807003620809174139E-16, -1.000000000000000000, 0.000000000000000000 ) ) ;
#164 = COLOUR_RGB ( '',0.7019607843137254388, 0.2156862745098039325, 0.000000000000000000 ) ;
#165 =( NAMED_UNIT ( * ) PLANE_ANGLE_UNIT ( ) SI_UNIT ( $, .RADIAN. ) );
#166 = PLANE ( 'NONE',  #1232 ) ;
#167 = VERTEX_POINT ( 'NONE', #860 ) ;
#168 = EDGE_CURVE ( 'NONE', #1313, #21, #765, .T. ) ;
#169 = FACE_OUTER_BOUND ( 'NONE', #1325, .T. ) ;
#170 = ORIENTED_EDGE ( 'NONE', *, *, #416, .F. ) ;
#171 = SURFACE_SIDE_STYLE ('',( #1402 ) ) ;
#172 = CARTESIAN_POINT ( 'NONE',  ( -0.3250000000000000666, 0.3250000000000000111, 0.2999999999999999334 ) ) ;
#173 =( LENGTH_UNIT ( ) NAMED_UNIT ( * ) SI_UNIT ( .MILLI., .METRE. ) );
#174 = CARTESIAN_POINT ( 'NONE',  ( 2.214999999999999858, 0.3250000000000000111, 7.850000000000001421 ) ) ;
#175 = ORIENTED_EDGE ( 'NONE', *, *, #1038, .F. ) ;
#176 = ORIENTED_EDGE ( 'NONE', *, *, #835, .T. ) ;
#177 = ADVANCED_FACE ( 'NONE', ( #93 ), #1095, .F. ) ;
#178 = FACE_OUTER_BOUND ( 'NONE', #720, .T. ) ;
#179 = PLANE ( 'NONE',  #1437 ) ;
#180 = DIRECTION ( 'NONE',  ( 0.5773502691896262862, -0.5773502691896261751, 0.5773502691896248429 ) ) ;
#181 = DIRECTION ( 'NONE',  ( -0.5773502691896246208, 0.5773502691896247319, -0.5773502691896280625 ) ) ;
#182 = CARTESIAN_POINT ( 'NONE',  ( 2.240000000000000213, 0.3000000000000001554, -2.849999999999998312 ) ) ;
#183 = ORIENTED_EDGE ( 'NONE', *, *, #908, .F. ) ;
#184 = VERTEX_POINT ( 'NONE', #1072 ) ;
#185 = VECTOR ( 'NONE', #402, 1000.000000000000000 ) ;
#186 = EDGE_CURVE ( 'NONE', #963, #167, #637, .T. ) ;
#187 = LINE ( 'NONE', #632, #343 ) ;
#188 = LINE ( 'NONE', #288, #240 ) ;
#189 = AXIS2_PLACEMENT_3D ( 'NONE', #1266, #251, #1064 ) ;
#190 = PLANE ( 'NONE',  #1269 ) ;
#191 = STYLED_ITEM ( 'NONE', ( #114 ), #614 ) ;
#192 = STYLED_ITEM ( 'NONE', ( #1441 ), #1080 ) ;
#193 = ORIENTED_EDGE ( 'NONE', *, *, #692, .F. ) ;
#194 = ORIENTED_EDGE ( 'NONE', *, *, #484, .T. ) ;
#195 = PLANE ( 'NONE',  #573 ) ;
#196 = CARTESIAN_POINT ( 'NONE',  ( -1.270000000000000240, 0.5999999999999999778, 0.2999999999999999334 ) ) ;
#197 = PLANE ( 'NONE',  #308 ) ;
#198 = ADVANCED_FACE ( 'NONE', ( #534 ), #1425, .F. ) ;
#199 = CARTESIAN_POINT ( 'NONE',  ( -0.9750000000000013101, 0.9750000000000013101, 8.500000000000000000 ) ) ;
#200 = EDGE_LOOP ( 'NONE', ( #528, #1456, #401, #1347 ) ) ;
#201 = ORIENTED_EDGE ( 'NONE', *, *, #56, .T. ) ;
#202 = CARTESIAN_POINT ( 'NONE',  ( 3.810000000000000941, -0.5999999999999995337, 1.705622791995265824E-16 ) ) ;
#203 = FILL_AREA_STYLE_COLOUR ( '', #925 ) ;
#204 =( NAMED_UNIT ( * ) PLANE_ANGLE_UNIT ( ) SI_UNIT ( $, .RADIAN. ) );
#205 = CARTESIAN_POINT ( 'NONE',  ( -0.2999999999999999889, 0.3000000000000000444, 3.000000000000000000 ) ) ;
#206 = VERTEX_POINT ( 'NONE', #418 ) ;
#207 = ORIENTED_EDGE ( 'NONE', *, *, #247, .F. ) ;
#208 = FILL_AREA_STYLE_COLOUR ( '', #882 ) ;
#209 = LINE ( 'NONE', #663, #1249 ) ;
#210 = AXIS2_PLACEMENT_3D ( 'NONE', #374, #1151, #35 ) ;
#211 = ORIENTED_EDGE ( 'NONE', *, *, #937, .T. ) ;
#212 = EDGE_LOOP ( 'NONE', ( #194, #601, #546, #768 ) ) ;
#213 = VECTOR ( 'NONE', #1088, 1000.000000000000000 ) ;
#214 = VECTOR ( 'NONE', #359, 1000.000000000000000 ) ;
#215 = EDGE_CURVE ( 'NONE', #934, #388, #314, .T. ) ;
#216 = AXIS2_PLACEMENT_3D ( 'NONE', #527, #410, #846 ) ;
#217 = DIRECTION ( 'NONE',  ( -0.000000000000000000, -0.000000000000000000, 1.000000000000000000 ) ) ;
#218 =( GEOMETRIC_REPRESENTATION_CONTEXT ( 3 ) GLOBAL_UNCERTAINTY_ASSIGNED_CONTEXT ( ( #28 ) ) GLOBAL_UNIT_ASSIGNED_CONTEXT ( ( #390, #1428, #713 ) ) REPRESENTATION_CONTEXT ( 'NONE', 'WORKASPACE' ) );
#219 = VERTEX_POINT ( 'NONE', #205 ) ;
#220 = PLANE ( 'NONE',  #1341 ) ;
#221 = LINE ( 'NONE', #1139, #68 ) ;
#222 = CARTESIAN_POINT ( 'NONE',  ( 0.2999999999999999889, 0.3000000000000000444, -2.849999999999998312 ) ) ;
#223 = ORIENTED_EDGE ( 'NONE', *, *, #999, .F. ) ;
#224 = EDGE_CURVE ( 'NONE', #316, #206, #853, .T. ) ;
#225 =( NAMED_UNIT ( * ) PLANE_ANGLE_UNIT ( ) SI_UNIT ( $, .RADIAN. ) );
#226 = MECHANICAL_DESIGN_GEOMETRIC_PRESENTATION_REPRESENTATION (  '', ( #667 ), #1166 ) ;
#227 = DIRECTION ( 'NONE',  ( 0.7071067811865495711, -1.277744513902815233E-16, 0.7071067811865454633 ) ) ;
#228 = PLANE ( 'NONE',  #773 ) ;
#229 = ORIENTED_EDGE ( 'NONE', *, *, #1261, .F. ) ;
#230 = SURFACE_SIDE_STYLE ('',( #453 ) ) ;
#231 = ORIENTED_EDGE ( 'NONE', *, *, #1401, .T. ) ;
#232 = ADVANCED_FACE ( 'NONE', ( #1446 ), #976, .F. ) ;
#233 = LINE ( 'NONE', #1000, #1463 ) ;
#234 = CARTESIAN_POINT ( 'NONE',  ( 0.000000000000000000, 0.000000000000000000, 0.000000000000000000 ) ) ;
#235 =( NAMED_UNIT ( * ) SI_UNIT ( $, .STERADIAN. ) SOLID_ANGLE_UNIT ( ) );
#236 = EDGE_LOOP ( 'NONE', ( #886, #100, #1407, #399 ) ) ;
#237 = VECTOR ( 'NONE', #560, 1000.000000000000000 ) ;
#238 = VECTOR ( 'NONE', #726, 1000.000000000000000 ) ;
#239 = FILL_AREA_STYLE ('',( #1116 ) ) ;
#240 = VECTOR ( 'NONE', #960, 1000.000000000000000 ) ;
#241 = EDGE_CURVE ( 'NONE', #711, #995, #986, .T. ) ;
#242 = VERTEX_POINT ( 'NONE', #199 ) ;
#243 = DIRECTION ( 'NONE',  ( 1.000000000000000000, 0.000000000000000000, 0.000000000000000000 ) ) ;
#244 = ORIENTED_EDGE ( 'NONE', *, *, #990, .F. ) ;
#245 =( LENGTH_UNIT ( ) NAMED_UNIT ( * ) SI_UNIT ( .MILLI., .METRE. ) );
#246 = DIRECTION ( 'NONE',  ( 0.5773502691896247319, 0.5773502691896246208, 0.5773502691896279515 ) ) ;
#247 = EDGE_CURVE ( 'NONE', #893, #342, #760, .T. ) ;
#248 = DIRECTION ( 'NONE',  ( 0.000000000000000000, -0.7071067811865495711, 0.7071067811865454633 ) ) ;
#249 = DIRECTION ( 'NONE',  ( 0.000000000000000000, 0.000000000000000000, -1.000000000000000000 ) ) ;
#250 = DIRECTION ( 'NONE',  ( -0.000000000000000000, -0.000000000000000000, 1.000000000000000000 ) ) ;
#251 = DIRECTION ( 'NONE',  ( -1.000000000000000000, -8.340016711426957754E-17, 0.000000000000000000 ) ) ;
#252 = DIRECTION ( 'NONE',  ( -1.000000000000000000, 0.000000000000000000, 0.000000000000000000 ) ) ;
#253 = ADVANCED_FACE ( 'NONE', ( #1438 ), #190, .F. ) ;
#254 = VECTOR ( 'NONE', #1351, 1000.000000000000000 ) ;
#255 = VECTOR ( 'NONE', #1466, 1000.000000000000000 ) ;
#256 =( NAMED_UNIT ( * ) SI_UNIT ( $, .STERADIAN. ) SOLID_ANGLE_UNIT ( ) );
#257 = ORIENTED_EDGE ( 'NONE', *, *, #1321, .F. ) ;
#258 = CARTESIAN_POINT ( 'NONE',  ( 0.2999999999999998779, -0.2999999999999999334, 3.000000000000000000 ) ) ;
#259 = VECTOR ( 'NONE', #403, 1000.000000000000000 ) ;
#260 = CARTESIAN_POINT ( 'NONE',  ( -0.1499999999999992173, -0.1499999999999990785, -3.000000000000000000 ) ) ;
#261 = ORIENTED_EDGE ( 'NONE', *, *, #3, .F. ) ;
#262 = DIRECTION ( 'NONE',  ( 0.000000000000000000, 0.000000000000000000, -1.000000000000000000 ) ) ;
#263 = ADVANCED_FACE ( 'NONE', ( #869 ), #522, .F. ) ;
#264 = DIRECTION ( 'NONE',  ( 0.000000000000000000, 0.000000000000000000, -1.000000000000000000 ) ) ;
#265 = DIRECTION ( 'NONE',  ( -8.340016711426957754E-17, 1.000000000000000000, 0.000000000000000000 ) ) ;
#266 = CARTESIAN_POINT ( 'NONE',  ( -0.2999999999999999889, 0.3000000000000000444, -2.849999999999998312 ) ) ;
#267 = DIRECTION ( 'NONE',  ( -1.000000000000000000, 0.000000000000000000, -0.000000000000000000 ) ) ;
#268 = CARTESIAN_POINT ( 'NONE',  ( 0.9750000000000014211, -0.9750000000000013101, 8.500000000000000000 ) ) ;
#269 = EDGE_CURVE ( 'NONE', #1097, #897, #722, .T. ) ;
#270 = LINE ( 'NONE', #1282, #702 ) ;
#271 = PRESENTATION_STYLE_ASSIGNMENT (( #52 ) ) ;
#272 = ORIENTED_EDGE ( 'NONE', *, *, #928, .F. ) ;
#273 = EDGE_LOOP ( 'NONE', ( #646, #353, #436, #1454 ) ) ;
#274 = SURFACE_STYLE_USAGE ( .BOTH. , #508 ) ;
#275 = DIRECTION ( 'NONE',  ( 1.807003620809173892E-16, 1.000000000000000000, 0.000000000000000000 ) ) ;
#276 = VECTOR ( 'NONE', #130, 1000.000000000000000 ) ;
#277 = CARTESIAN_POINT ( 'NONE',  ( -1.270000000000000240, 1.269999999999999574, 8.500000000000000000 ) ) ;
#278 = CARTESIAN_POINT ( 'NONE',  ( -1.270000000000000240, 1.269999999999999574, 8.500000000000000000 ) ) ;
#279 = DIRECTION ( 'NONE',  ( -1.000000000000000000, -8.340016711426957754E-17, 0.000000000000000000 ) ) ;
#280 = VECTOR ( 'NONE', #1170, 1000.000000000000000 ) ;
#281 = EDGE_CURVE ( 'NONE', #593, #963, #1395, .T. ) ;
#282 = FILL_AREA_STYLE ('',( #144 ) ) ;
#283 = DIRECTION ( 'NONE',  ( 0.5773502691896261751, 0.5773502691896262862, 0.5773502691896248429 ) ) ;
#284 = ORIENTED_EDGE ( 'NONE', *, *, #1098, .F. ) ;
#285 = EDGE_CURVE ( 'NONE', #1447, #1369, #1344, .T. ) ;
#286 = DIRECTION ( 'NONE',  ( 0.000000000000000000, -1.000000000000000000, -0.000000000000000000 ) ) ;
#287 = DIRECTION ( 'NONE',  ( 1.807003620809173892E-16, 1.000000000000000000, 0.000000000000000000 ) ) ;
#288 = CARTESIAN_POINT ( 'NONE',  ( -1.270000000000000018, -1.270000000000000240, 0.000000000000000000 ) ) ;
#289 = DIRECTION ( 'NONE',  ( 1.000000000000000000, 8.537024980200823790E-17, 0.000000000000000000 ) ) ;
#290 = LINE ( 'NONE', #157, #1205 ) ;
#291 = ORIENTED_EDGE ( 'NONE', *, *, #563, .T. ) ;
#292 = EDGE_CURVE ( 'NONE', #103, #55, #57, .T. ) ;
#293 = VERTEX_POINT ( 'NONE', #1068 ) ;
#294 =( NAMED_UNIT ( * ) PLANE_ANGLE_UNIT ( ) SI_UNIT ( $, .RADIAN. ) );
#295 = PLANE ( 'NONE',  #558 ) ;
#296 = CARTESIAN_POINT ( 'NONE',  ( 0.2999999999999998779, -0.2999999999999999334, 3.000000000000000000 ) ) ;
#297 = VERTEX_POINT ( 'NONE', #705 ) ;
#298 = ORIENTED_EDGE ( 'NONE', *, *, #1058, .T. ) ;
#299 = DIRECTION ( 'NONE',  ( -8.340016711426957754E-17, 1.000000000000000000, 0.000000000000000000 ) ) ;
#300 = ADVANCED_FACE ( 'NONE', ( #495 ), #1052, .T. ) ;
#301 = CARTESIAN_POINT ( 'NONE',  ( 2.214999999999999858, -0.3250000000000000111, 7.850000000000001421 ) ) ;
#302 = DIRECTION ( 'NONE',  ( -0.000000000000000000, -0.000000000000000000, -1.000000000000000000 ) ) ;
#303 = CARTESIAN_POINT ( 'NONE',  ( -0.1499999999999991895, 2.710505431213746294E-17, -3.000000000000000000 ) ) ;
#304 = STYLED_ITEM ( 'NONE', ( #982 ), #583 ) ;
#305 = VECTOR ( 'NONE', #265, 1000.000000000000000 ) ;
#306 = EDGE_LOOP ( 'NONE', ( #231, #516, #611, #895 ) ) ;
#307 = ORIENTED_EDGE ( 'NONE', *, *, #898, .T. ) ;
#308 = AXIS2_PLACEMENT_3D ( 'NONE', #950, #642, #867 ) ;
#309 = PRODUCT ( 'FemaleHeader', 'FemaleHeader', '', ( #1094 ) ) ;
#310 = DIRECTION ( 'NONE',  ( -0.5773502691896246208, 0.5773502691896247319, 0.5773502691896280625 ) ) ;
#311 =( NAMED_UNIT ( * ) SI_UNIT ( $, .STERADIAN. ) SOLID_ANGLE_UNIT ( ) );
#312 = SURFACE_STYLE_USAGE ( .BOTH. , #432 ) ;
#313 = ADVANCED_FACE ( 'NONE', ( #146 ), #48, .F. ) ;
#314 = LINE ( 'NONE', #404, #984 ) ;
#315 = VERTEX_POINT ( 'NONE', #938 ) ;
#316 = VERTEX_POINT ( 'NONE', #502 ) ;
#317 = DIRECTION ( 'NONE',  ( -1.000000000000000000, -8.537024980200823790E-17, -0.000000000000000000 ) ) ;
#318 = DIRECTION ( 'NONE',  ( 0.000000000000000000, 0.000000000000000000, -1.000000000000000000 ) ) ;
#319 = ADVANCED_FACE ( 'NONE', ( #947 ), #179, .T. ) ;
#320 = EDGE_LOOP ( 'NONE', ( #1131, #151, #104, #411 ) ) ;
#321 = VERTEX_POINT ( 'NONE', #1400 ) ;
#322 =( NAMED_UNIT ( * ) PLANE_ANGLE_UNIT ( ) SI_UNIT ( $, .RADIAN. ) );
#323 = EDGE_CURVE ( 'NONE', #1312, #206, #381, .T. ) ;
#324 = DIRECTION ( 'NONE',  ( -1.000000000000000000, 0.000000000000000000, 0.000000000000000000 ) ) ;
#325 = VERTEX_POINT ( 'NONE', #714 ) ;
#326 = FACE_OUTER_BOUND ( 'NONE', #619, .T. ) ;
#327 = PRODUCT_DEFINITION_FORMATION_WITH_SPECIFIED_SOURCE ( 'ANY', '', #309, .NOT_KNOWN. ) ;
#328 = ORIENTED_EDGE ( 'NONE', *, *, #285, .F. ) ;
#329 = CARTESIAN_POINT ( 'NONE',  ( 2.839999999999999858, 0.3000000000000001554, 3.000000000000000000 ) ) ;
#330 = CARTESIAN_POINT ( 'NONE',  ( 0.000000000000000000, 0.1499999999999991895, -3.000000000000000000 ) ) ;
#331 = EDGE_LOOP ( 'NONE', ( #1111, #468, #776, #1470 ) ) ;
#332 = EDGE_CURVE ( 'NONE', #972, #963, #153, .T. ) ;
#333 = SURFACE_STYLE_USAGE ( .BOTH. , #785 ) ;
#334 = PRESENTATION_STYLE_ASSIGNMENT (( #312 ) ) ;
#335 = DIRECTION ( 'NONE',  ( -0.000000000000000000, 1.000000000000000000, -0.000000000000000000 ) ) ;
#336 = CARTESIAN_POINT ( 'NONE',  ( -1.270000000000000240, -0.5999999999999999778, 1.705622791995265824E-16 ) ) ;
#337 = FACE_OUTER_BOUND ( 'NONE', #1333, .T. ) ;
#338 = ORIENTED_EDGE ( 'NONE', *, *, #81, .T. ) ;
#339 = UNCERTAINTY_MEASURE_WITH_UNIT (LENGTH_MEASURE( 1.000000000000000082E-05 ), #173, 'distance_accuracy_value', 'NONE');
#340 = EDGE_CURVE ( 'NONE', #500, #934, #738, .T. ) ;
#341 = DIRECTION ( 'NONE',  ( 0.000000000000000000, -0.7071067811865465735, 0.7071067811865484609 ) ) ;
#342 = VERTEX_POINT ( 'NONE', #1035 ) ;
#343 = VECTOR ( 'NONE', #1079, 1000.000000000000000 ) ;
#344 = ORIENTED_EDGE ( 'NONE', *, *, #898, .F. ) ;
#345 =( GEOMETRIC_REPRESENTATION_CONTEXT ( 3 ) GLOBAL_UNCERTAINTY_ASSIGNED_CONTEXT ( ( #712 ) ) GLOBAL_UNIT_ASSIGNED_CONTEXT ( ( #128, #1016, #1108 ) ) REPRESENTATION_CONTEXT ( 'NONE', 'WORKASPACE' ) );
#346 = AXIS2_PLACEMENT_3D ( 'NONE', #85, #650, #289 ) ;
#347 = VECTOR ( 'NONE', #617, 1000.000000000000000 ) ;
#348 = LINE ( 'NONE', #800, #255 ) ;
#349 = ORIENTED_EDGE ( 'NONE', *, *, #962, .T. ) ;
#350 = CARTESIAN_POINT ( 'NONE',  ( -1.270000000000000240, 0.5999999999999997558, -4.987414464699693206E-17 ) ) ;
#351 = DIRECTION ( 'NONE',  ( 0.000000000000000000, 7.228014483236695569E-16, 1.000000000000000000 ) ) ;
#352 =( LENGTH_UNIT ( ) NAMED_UNIT ( * ) SI_UNIT ( .MILLI., .METRE. ) );
#353 = ORIENTED_EDGE ( 'NONE', *, *, #756, .F. ) ;
#354 = CARTESIAN_POINT ( 'NONE',  ( 0.3250000000000000111, -0.3250000000000000111, 0.000000000000000000 ) ) ;
#355 = PLANE ( 'NONE',  #658 ) ;
#356 = EDGE_CURVE ( 'NONE', #1448, #553, #1159, .T. ) ;
#357 = DIRECTION ( 'NONE',  ( 1.807003620809173892E-16, 1.000000000000000000, 0.000000000000000000 ) ) ;
#358 = ORIENTED_EDGE ( 'NONE', *, *, #281, .F. ) ;
#359 = DIRECTION ( 'NONE',  ( -8.340016711426957754E-17, 1.000000000000000000, 0.000000000000000000 ) ) ;
#360 = LINE ( 'NONE', #154, #630 ) ;
#361 = CARTESIAN_POINT ( 'NONE',  ( -1.270000000000000018, -1.270000000000000240, 8.500000000000000000 ) ) ;
#362 = VECTOR ( 'NONE', #1383, 1000.000000000000114 ) ;
#363 = VERTEX_POINT ( 'NONE', #510 ) ;
#364 = ADVANCED_FACE ( 'NONE', ( #959 ), #195, .T. ) ;
#365 = PRODUCT_DEFINITION_CONTEXT ( 'detailed design', #445, 'design' ) ;
#366 = AXIS2_PLACEMENT_3D ( 'NONE', #582, #847, #477 ) ;
#367 = DIRECTION ( 'NONE',  ( 0.000000000000000000, 0.000000000000000000, -1.000000000000000000 ) ) ;
#368 = PLANE ( 'NONE',  #440 ) ;
#369 = CARTESIAN_POINT ( 'NONE',  ( 3.810000000000000941, 0.6000000000000004219, 0.2999999999999999334 ) ) ;
#370 = CARTESIAN_POINT ( 'NONE',  ( -1.270000000000000018, -1.270000000000000240, 0.000000000000000000 ) ) ;
#371 = DIRECTION ( 'NONE',  ( 0.000000000000000000, -0.000000000000000000, 1.000000000000000000 ) ) ;
#372 = VERTEX_POINT ( 'NONE', #329 ) ;
#373 = DIRECTION ( 'NONE',  ( -8.340016711426957754E-17, 1.000000000000000000, 0.000000000000000000 ) ) ;
#374 = CARTESIAN_POINT ( 'NONE',  ( 2.214999999999999858, -0.3250000000000000111, 7.850000000000001421 ) ) ;
#375 = DIRECTION ( 'NONE',  ( -1.000000000000000000, 0.000000000000000000, 0.000000000000000000 ) ) ;
#376 = CARTESIAN_POINT ( 'NONE',  ( 3.810000000000000941, 0.6000000000000004219, 0.2999999999999999334 ) ) ;
#377 = FACE_OUTER_BOUND ( 'NONE', #1440, .T. ) ;
#378 = ORIENTED_EDGE ( 'NONE', *, *, #809, .T. ) ;
#379 = UNCERTAINTY_MEASURE_WITH_UNIT (LENGTH_MEASURE( 1.000000000000000082E-05 ), #827, 'distance_accuracy_value', 'NONE');
#380 = DIRECTION ( 'NONE',  ( -1.000000000000000000, 0.000000000000000000, 0.000000000000000000 ) ) ;
#381 = LINE ( 'NONE', #833, #790 ) ;
#382 = ADVANCED_FACE ( 'NONE', ( #561 ), #1132, .F. ) ;
#383 = LINE ( 'NONE', #1264, #657 ) ;
#384 = DIRECTION ( 'NONE',  ( 0.000000000000000000, 0.000000000000000000, 1.000000000000000000 ) ) ;
#385 = DIRECTION ( 'NONE',  ( -0.000000000000000000, -0.000000000000000000, 1.000000000000000000 ) ) ;
#386 = SURFACE_STYLE_FILL_AREA ( #725 ) ;
#387 = CARTESIAN_POINT ( 'NONE',  ( 2.214999999999999858, 0.3250000000000000111, 0.2999999999999999334 ) ) ;
#388 = VERTEX_POINT ( 'NONE', #1017 ) ;
#389 = VECTOR ( 'NONE', #64, 1000.000000000000000 ) ;
#390 =( LENGTH_UNIT ( ) NAMED_UNIT ( * ) SI_UNIT ( .MILLI., .METRE. ) );
#391 = CARTESIAN_POINT ( 'NONE',  ( -0.3000000000000000999, -0.1499999999999990785, -3.000000000000000000 ) ) ;
#392 = VECTOR ( 'NONE', #7, 1000.000000000000000 ) ;
#393 = DIRECTION ( 'NONE',  ( 1.000000000000000000, 0.000000000000000000, -0.000000000000000000 ) ) ;
#394 = AXIS2_PLACEMENT_3D ( 'NONE', #10, #570, #788 ) ;
#395 = VECTOR ( 'NONE', #643, 1000.000000000000114 ) ;
#396 = VECTOR ( 'NONE', #1190, 1000.000000000000000 ) ;
#397 = SURFACE_STYLE_FILL_AREA ( #1430 ) ;
#398 = DIRECTION ( 'NONE',  ( 1.000000000000000000, 0.000000000000000000, -0.000000000000000000 ) ) ;
#399 = ORIENTED_EDGE ( 'NONE', *, *, #406, .T. ) ;
#400 = CARTESIAN_POINT ( 'NONE',  ( 2.839999999999999858, -0.2999999999999998224, -2.849999999999998312 ) ) ;
#401 = ORIENTED_EDGE ( 'NONE', *, *, #578, .F. ) ;
#402 = DIRECTION ( 'NONE',  ( -0.000000000000000000, 1.000000000000000000, -0.000000000000000000 ) ) ;
#403 = DIRECTION ( 'NONE',  ( -0.000000000000000000, -7.228014483236696555E-16, -1.000000000000000000 ) ) ;
#404 = CARTESIAN_POINT ( 'NONE',  ( -0.3250000000000000111, -0.3250000000000000111, 7.850000000000001421 ) ) ;
#405 = ORIENTED_EDGE ( 'NONE', *, *, #168, .F. ) ;
#406 = EDGE_CURVE ( 'NONE', #6, #893, #5, .T. ) ;
#407 = VERTEX_POINT ( 'NONE', #134 ) ;
#408 = SURFACE_STYLE_FILL_AREA ( #1303 ) ;
#409 = DIRECTION ( 'NONE',  ( -1.000000000000000000, 0.000000000000000000, 0.000000000000000000 ) ) ;
#410 = DIRECTION ( 'NONE',  ( 1.000000000000000000, 8.537024980200823790E-17, -0.000000000000000000 ) ) ;
#411 = ORIENTED_EDGE ( 'NONE', *, *, #1109, .F. ) ;
#412 = ORIENTED_EDGE ( 'NONE', *, *, #332, .T. ) ;
#413 = EDGE_LOOP ( 'NONE', ( #1085, #457, #684, #43 ) ) ;
#414 = AXIS2_PLACEMENT_3D ( 'NONE', #850, #1421, #275 ) ;
#415 = CARTESIAN_POINT ( 'NONE',  ( 3.810000000000000941, -0.5999999999999995337, 0.2999999999999999334 ) ) ;
#416 = EDGE_CURVE ( 'NONE', #743, #818, #496, .T. ) ;
#417 = DIRECTION ( 'NONE',  ( 1.807003620809173892E-16, 1.000000000000000000, 0.000000000000000000 ) ) ;
#418 = CARTESIAN_POINT ( 'NONE',  ( 2.240000000000000213, 0.3000000000000001554, -2.849999999999998312 ) ) ;
#419 = AXIS2_PLACEMENT_3D ( 'NONE', #1183, #1276, #916 ) ;
#420 = AXIS2_PLACEMENT_3D ( 'NONE', #671, #791, #318 ) ;
#421 = VECTOR ( 'NONE', #1390, 1000.000000000000000 ) ;
#422 = EDGE_LOOP ( 'NONE', ( #1450, #1306, #687, #538 ) ) ;
#423 = ORIENTED_EDGE ( 'NONE', *, *, #670, .F. ) ;
#424 = VECTOR ( 'NONE', #373, 1000.000000000000000 ) ;
#425 = FACE_OUTER_BOUND ( 'NONE', #693, .T. ) ;
#426 = EDGE_CURVE ( 'NONE', #1311, #966, #1021, .T. ) ;
#427 = DIRECTION ( 'NONE',  ( 8.340016711426957754E-17, -1.000000000000000000, 0.000000000000000000 ) ) ;
#428 = ORIENTED_EDGE ( 'NONE', *, *, #670, .T. ) ;
#429 = ORIENTED_EDGE ( 'NONE', *, *, #1161, .T. ) ;
#430 = CARTESIAN_POINT ( 'NONE',  ( 0.3249999999999999556, 0.3250000000000000111, 7.850000000000001421 ) ) ;
#431 = ORIENTED_EDGE ( 'NONE', *, *, #635, .T. ) ;
#432 = SURFACE_SIDE_STYLE ('',( #1110 ) ) ;
#433 = EDGE_CURVE ( 'NONE', #893, #1420, #18, .T. ) ;
#434 = EDGE_CURVE ( 'NONE', #372, #1312, #1137, .T. ) ;
#435 = VERTEX_POINT ( 'NONE', #907 ) ;
#436 = ORIENTED_EDGE ( 'NONE', *, *, #962, .F. ) ;
#437 =( NAMED_UNIT ( * ) PLANE_ANGLE_UNIT ( ) SI_UNIT ( $, .RADIAN. ) );
#438 = VERTEX_POINT ( 'NONE', #29 ) ;
#439 = SURFACE_STYLE_USAGE ( .BOTH. , #1231 ) ;
#440 = AXIS2_PLACEMENT_3D ( 'NONE', #258, #1385, #1143 ) ;
#441 = PRESENTATION_STYLE_ASSIGNMENT (( #1 ) ) ;
#442 =( GEOMETRIC_REPRESENTATION_CONTEXT ( 3 ) GLOBAL_UNCERTAINTY_ASSIGNED_CONTEXT ( ( #1149 ) ) GLOBAL_UNIT_ASSIGNED_CONTEXT ( ( #1220, #225, #1451 ) ) REPRESENTATION_CONTEXT ( 'NONE', 'WORKASPACE' ) );
#443 = EDGE_CURVE ( 'NONE', #1338, #500, #588, .T. ) ;
#444 = FACE_OUTER_BOUND ( 'NONE', #320, .T. ) ;
#445 = APPLICATION_CONTEXT ( 'automotive_design' ) ;
#446 = VECTOR ( 'NONE', #317, 1000.000000000000000 ) ;
#447 = LINE ( 'NONE', #196, #535 ) ;
#448 = COLOUR_RGB ( '',0.7019607843137254388, 0.2156862745098039325, 0.000000000000000000 ) ;
#449 =( NAMED_UNIT ( * ) SI_UNIT ( $, .STERADIAN. ) SOLID_ANGLE_UNIT ( ) );
#450 = FACE_OUTER_BOUND ( 'NONE', #94, .T. ) ;
#451 = PLANE ( 'NONE',  #11 ) ;
#452 = EDGE_CURVE ( 'NONE', #456, #1236, #1036, .T. ) ;
#453 = SURFACE_STYLE_FILL_AREA ( #462 ) ;
#454 = VERTEX_POINT ( 'NONE', #579 ) ;
#455 = DIRECTION ( 'NONE',  ( 0.7071067811865495711, -1.277744513902815233E-16, -0.7071067811865454633 ) ) ;
#456 = VERTEX_POINT ( 'NONE', #696 ) ;
#457 = ORIENTED_EDGE ( 'NONE', *, *, #877, .F. ) ;
#458 = ORIENTED_EDGE ( 'NONE', *, *, #1210, .F. ) ;
#459 = CARTESIAN_POINT ( 'NONE',  ( 2.839999999999999858, -0.2999999999999998224, 3.000000000000000000 ) ) ;
#460 = DIRECTION ( 'NONE',  ( 1.000000000000000000, 0.000000000000000000, 0.000000000000000000 ) ) ;
#461 = MECHANICAL_DESIGN_GEOMETRIC_PRESENTATION_REPRESENTATION (  '', ( #191 ), #442 ) ;
#462 = FILL_AREA_STYLE ('',( #1360 ) ) ;
#463 = VECTOR ( 'NONE', #1099, 1000.000000000000000 ) ;
#464 = PRESENTATION_LAYER_ASSIGNMENT (  '', '', ( #124 ) ) ;
#465 = EDGE_CURVE ( 'NONE', #435, #1448, #383, .T. ) ;
#466 = DIRECTION ( 'NONE',  ( 8.537024980200823790E-17, -1.000000000000000000, 0.000000000000000000 ) ) ;
#467 = DIRECTION ( 'NONE',  ( 0.000000000000000000, -0.7071067811865495711, 0.7071067811865454633 ) ) ;
#468 = ORIENTED_EDGE ( 'NONE', *, *, #1268, .T. ) ;
#469 = VERTEX_POINT ( 'NONE', #920 ) ;
#470 =( NAMED_UNIT ( * ) SI_UNIT ( $, .STERADIAN. ) SOLID_ANGLE_UNIT ( ) );
#471 = UNCERTAINTY_MEASURE_WITH_UNIT (LENGTH_MEASURE( 1.000000000000000082E-05 ), #245, 'distance_accuracy_value', 'NONE');
#472 = ORIENTED_EDGE ( 'NONE', *, *, #542, .T. ) ;
#473 = CARTESIAN_POINT ( 'NONE',  ( -0.9750000000000013101, 0.3249999999999999556, 8.500000000000000000 ) ) ;
#474 = ADVANCED_FACE ( 'NONE', ( #606 ), #368, .T. ) ;
#475 = LINE ( 'NONE', #808, #1050 ) ;
#476 = SURFACE_SIDE_STYLE ('',( #386 ) ) ;
#477 = DIRECTION ( 'NONE',  ( -1.807003620809173892E-16, -1.000000000000000000, 0.000000000000000000 ) ) ;
#478 = LINE ( 'NONE', #1346, #1178 ) ;
#479 = DIRECTION ( 'NONE',  ( -0.000000000000000000, -0.000000000000000000, 1.000000000000000000 ) ) ;
#480 = VECTOR ( 'NONE', #949, 1000.000000000000000 ) ;
#481 = DIRECTION ( 'NONE',  ( -1.000000000000000000, -8.537024980200823790E-17, -0.000000000000000000 ) ) ;
#482 = CARTESIAN_POINT ( 'NONE',  ( 2.839999999999999858, 0.3000000000000001554, 3.000000000000000000 ) ) ;
#483 = CARTESIAN_POINT ( 'NONE',  ( -1.270000000000000240, 1.269999999999999574, 0.000000000000000000 ) ) ;
#484 = EDGE_CURVE ( 'NONE', #934, #242, #716, .T. ) ;
#485 = VERTEX_POINT ( 'NONE', #813 ) ;
#486 = AXIS2_PLACEMENT_3D ( 'NONE', #1014, #248, #252 ) ;
#487 =( NAMED_UNIT ( * ) PLANE_ANGLE_UNIT ( ) SI_UNIT ( $, .RADIAN. ) );
#488 = DIRECTION ( 'NONE',  ( 1.000000000000000000, 0.000000000000000000, 0.000000000000000000 ) ) ;
#489 = CARTESIAN_POINT ( 'NONE',  ( -0.3250000000000000666, 0.3250000000000000111, 7.850000000000001421 ) ) ;
#490 = PRESENTATION_STYLE_ASSIGNMENT (( #581 ) ) ;
#491 = LINE ( 'NONE', #1065, #799 ) ;
#492 = ORIENTED_EDGE ( 'NONE', *, *, #571, .F. ) ;
#493 = EDGE_CURVE ( 'NONE', #315, #325, #1286, .T. ) ;
#494 = CARTESIAN_POINT ( 'NONE',  ( -1.270000000000000240, 1.269999999999999574, 0.000000000000000000 ) ) ;
#495 = FACE_OUTER_BOUND ( 'NONE', #1219, .T. ) ;
#496 = LINE ( 'NONE', #1396, #507 ) ;
#497 = FACE_OUTER_BOUND ( 'NONE', #562, .T. ) ;
#498 = CARTESIAN_POINT ( 'NONE',  ( 2.839999999999999858, 0.3000000000000000999, -2.849999999999998312 ) ) ;
#499 = DIRECTION ( 'NONE',  ( -8.340016711426957754E-17, 1.000000000000000000, 0.000000000000000000 ) ) ;
#500 = VERTEX_POINT ( 'NONE', #268 ) ;
#501 = FILL_AREA_STYLE ('',( #54 ) ) ;
#502 = CARTESIAN_POINT ( 'NONE',  ( 2.390000000000001013, 0.1499999999999993006, -3.000000000000000000 ) ) ;
#503 = EDGE_CURVE ( 'NONE', #711, #1313, #834, .T. ) ;
#504 = FACE_OUTER_BOUND ( 'NONE', #306, .T. ) ;
#505 = DIRECTION ( 'NONE',  ( 0.000000000000000000, 1.000000000000000000, 0.000000000000000000 ) ) ;
#506 = ORIENTED_EDGE ( 'NONE', *, *, #544, .F. ) ;
#507 = VECTOR ( 'NONE', #375, 1000.000000000000000 ) ;
#508 = SURFACE_SIDE_STYLE ('',( #77 ) ) ;
#509 = AXIS2_PLACEMENT_3D ( 'NONE', #889, #1234, #795 ) ;
#510 = CARTESIAN_POINT ( 'NONE',  ( 3.810000000000000941, 1.269999999999999796, 0.000000000000000000 ) ) ;
#511 = PRESENTATION_LAYER_ASSIGNMENT (  '', '', ( #1414 ) ) ;
#512 = SURFACE_SIDE_STYLE ('',( #408 ) ) ;
#513 =( GEOMETRIC_REPRESENTATION_CONTEXT ( 3 ) GLOBAL_UNCERTAINTY_ASSIGNED_CONTEXT ( ( #586 ) ) GLOBAL_UNIT_ASSIGNED_CONTEXT ( ( #352, #1263, #235 ) ) REPRESENTATION_CONTEXT ( 'NONE', 'WORKASPACE' ) );
#514 = EDGE_CURVE ( 'NONE', #407, #55, #360, .T. ) ;
#515 = CARTESIAN_POINT ( 'NONE',  ( 2.639999999999999680, -0.09999999999999949207, -3.049999999999999822 ) ) ;
#516 = ORIENTED_EDGE ( 'NONE', *, *, #443, .F. ) ;
#517 = ORIENTED_EDGE ( 'NONE', *, *, #493, .F. ) ;
#518 = CARTESIAN_POINT ( 'NONE',  ( 3.810000000000000941, 1.269999999999999796, 0.000000000000000000 ) ) ;
#519 = ORIENTED_EDGE ( 'NONE', *, *, #56, .F. ) ;
#520 = FILL_AREA_STYLE_COLOUR ( '', #1298 ) ;
#521 = CARTESIAN_POINT ( 'NONE',  ( 3.810000000000000941, -1.270000000000000240, 8.500000000000000000 ) ) ;
#522 = PLANE ( 'NONE',  #414 ) ;
#523 = ORIENTED_EDGE ( 'NONE', *, *, #1227, .F. ) ;
#524 = ORIENTED_EDGE ( 'NONE', *, *, #247, .T. ) ;
#525 = CARTESIAN_POINT ( 'NONE',  ( 2.240000000000000213, -0.2999999999999998224, 3.000000000000000000 ) ) ;
#526 = DIRECTION ( 'NONE',  ( 0.000000000000000000, 0.000000000000000000, 1.000000000000000000 ) ) ;
#527 = CARTESIAN_POINT ( 'NONE',  ( -1.270000000000000240, 1.269999999999999574, 8.500000000000000000 ) ) ;
#528 = ORIENTED_EDGE ( 'NONE', *, *, #1412, .T. ) ;
#529 = EDGE_LOOP ( 'NONE', ( #1009, #978, #344, #565 ) ) ;
#530 = ADVANCED_FACE ( 'NONE', ( #142 ), #1031, .F. ) ;
#531 = SURFACE_STYLE_FILL_AREA ( #89 ) ;
#532 = CARTESIAN_POINT ( 'NONE',  ( 0.3249999999999999556, 0.3250000000000000111, 7.850000000000001421 ) ) ;
#533 = PRESENTATION_LAYER_ASSIGNMENT (  '', '', ( #95 ) ) ;
#534 = FACE_OUTER_BOUND ( 'NONE', #862, .T. ) ;
#535 = VECTOR ( 'NONE', #118, 1000.000000000000000 ) ;
#536 = VECTOR ( 'NONE', #1083, 1000.000000000000000 ) ;
#537 = VERTEX_POINT ( 'NONE', #1378 ) ;
#538 = ORIENTED_EDGE ( 'NONE', *, *, #1013, .T. ) ;
#539 = VECTOR ( 'NONE', #302, 1000.000000000000000 ) ;
#540 = SURFACE_SIDE_STYLE ('',( #531 ) ) ;
#541 = ORIENTED_EDGE ( 'NONE', *, *, #744, .F. ) ;
#542 = EDGE_CURVE ( 'NONE', #76, #485, #913, .T. ) ;
#543 = FACE_OUTER_BOUND ( 'NONE', #86, .T. ) ;
#544 = EDGE_CURVE ( 'NONE', #553, #103, #707, .T. ) ;
#545 = FILL_AREA_STYLE ('',( #1117 ) ) ;
#546 = ORIENTED_EDGE ( 'NONE', *, *, #443, .T. ) ;
#547 = ORIENTED_EDGE ( 'NONE', *, *, #1107, .F. ) ;
#548 =( NAMED_UNIT ( * ) SI_UNIT ( $, .STERADIAN. ) SOLID_ANGLE_UNIT ( ) );
#549 = ORIENTED_EDGE ( 'NONE', *, *, #1210, .T. ) ;
#550 = ADVANCED_FACE ( 'NONE', ( #723 ), #1169, .F. ) ;
#551 = FACE_OUTER_BOUND ( 'NONE', #911, .T. ) ;
#552 = DIRECTION ( 'NONE',  ( 0.000000000000000000, -0.000000000000000000, 1.000000000000000000 ) ) ;
#553 = VERTEX_POINT ( 'NONE', #301 ) ;
#554 = ADVANCED_FACE ( 'NONE', ( #504 ), #757, .T. ) ;
#555 = COLOUR_RGB ( '',0.7019607843137254388, 0.2156862745098039325, 0.000000000000000000 ) ;
#556 = PLANE ( 'NONE',  #656 ) ;
#557 = FACE_BOUND ( 'NONE', #1240, .T. ) ;
#558 = AXIS2_PLACEMENT_3D ( 'NONE', #278, #747, #1197 ) ;
#559 = ORIENTED_EDGE ( 'NONE', *, *, #877, .T. ) ;
#560 = DIRECTION ( 'NONE',  ( 1.000000000000000000, 0.000000000000000000, 0.000000000000000000 ) ) ;
#561 = FACE_OUTER_BOUND ( 'NONE', #82, .T. ) ;
#562 = EDGE_LOOP ( 'NONE', ( #987, #1217, #969, #640 ) ) ;
#563 = EDGE_CURVE ( 'NONE', #1331, #184, #616, .T. ) ;
#564 = LINE ( 'NONE', #1135, #214 ) ;
#565 = ORIENTED_EDGE ( 'NONE', *, *, #484, .F. ) ;
#566 = ORIENTED_EDGE ( 'NONE', *, *, #764, .T. ) ;
#567 = DIRECTION ( 'NONE',  ( -1.807003620809173892E-16, -1.000000000000000000, 0.000000000000000000 ) ) ;
#568 = DIRECTION ( 'NONE',  ( -0.000000000000000000, -0.000000000000000000, -1.000000000000000000 ) ) ;
#569 = EDGE_LOOP ( 'NONE', ( #244, #769, #651, #429 ) ) ;
#570 = DIRECTION ( 'NONE',  ( -0.000000000000000000, 0.000000000000000000, 1.000000000000000000 ) ) ;
#571 = EDGE_CURVE ( 'NONE', #325, #316, #974, .T. ) ;
#572 = CARTESIAN_POINT ( 'NONE',  ( 0.2999999999999998779, -0.2999999999999999334, 3.000000000000000000 ) ) ;
#573 = AXIS2_PLACEMENT_3D ( 'NONE', #1366, #1259, #125 ) ;
#574 = FACE_OUTER_BOUND ( 'NONE', #645, .T. ) ;
#575 = DIRECTION ( 'NONE',  ( -1.000000000000000000, -4.268512490100410046E-17, -0.000000000000000000 ) ) ;
#576 = STYLED_ITEM ( 'NONE', ( #1469 ), #1125 ) ;
#577 = EDGE_CURVE ( 'NONE', #293, #1212, #1322, .T. ) ;
#578 = EDGE_CURVE ( 'NONE', #966, #1377, #967, .T. ) ;
#579 = CARTESIAN_POINT ( 'NONE',  ( 3.810000000000000941, -0.5999999999999994227, 0.000000000000000000 ) ) ;
#580 = LINE ( 'NONE', #489, #1442 ) ;
#581 = SURFACE_STYLE_USAGE ( .BOTH. , #476 ) ;
#582 = CARTESIAN_POINT ( 'NONE',  ( 2.240000000000000213, 0.3000000000000001554, -2.849999999999998312 ) ) ;
#583 = MANIFOLD_SOLID_BREP ( '?????-????????2', #1226 ) ;
#584 = ORIENTED_EDGE ( 'NONE', *, *, #1150, .T. ) ;
#585 = FILL_AREA_STYLE ('',( #683 ) ) ;
#586 = UNCERTAINTY_MEASURE_WITH_UNIT (LENGTH_MEASURE( 1.000000000000000082E-05 ), #352, 'distance_accuracy_value', 'NONE');
#587 = CARTESIAN_POINT ( 'NONE',  ( -0.3250000000000000111, -0.9750000000000013101, 8.500000000000000000 ) ) ;
#588 = LINE ( 'NONE', #1371, #698 ) ;
#589 = AXIS2_PLACEMENT_3D ( 'NONE', #36, #22, #488 ) ;
#590 = EDGE_CURVE ( 'NONE', #316, #438, #66, .T. ) ;
#591 = LINE ( 'NONE', #597, #1364 ) ;
#592 = DIRECTION ( 'NONE',  ( 0.000000000000000000, 0.000000000000000000, 1.000000000000000000 ) ) ;
#593 = VERTEX_POINT ( 'NONE', #1061 ) ;
#594 = DIRECTION ( 'NONE',  ( -0.000000000000000000, 0.000000000000000000, 1.000000000000000000 ) ) ;
#595 = SURFACE_STYLE_USAGE ( .BOTH. , #1316 ) ;
#596 = CARTESIAN_POINT ( 'NONE',  ( -1.270000000000000240, -0.5999999999999999778, 1.705622791995265824E-16 ) ) ;
#597 = CARTESIAN_POINT ( 'NONE',  ( 3.810000000000000941, 1.269999999999999796, 8.500000000000000000 ) ) ;
#598 = EDGE_CURVE ( 'NONE', #6, #219, #187, .T. ) ;
#599 = PLANE ( 'NONE',  #901 ) ;
#600 = CARTESIAN_POINT ( 'NONE',  ( 0.2999999999999999889, 0.3000000000000000444, 3.000000000000000000 ) ) ;
#601 = ORIENTED_EDGE ( 'NONE', *, *, #1216, .T. ) ;
#602 = CARTESIAN_POINT ( 'NONE',  ( -0.3250000000000000111, -0.3250000000000000111, 0.2999999999999999334 ) ) ;
#603 =( GEOMETRIC_REPRESENTATION_CONTEXT ( 3 ) GLOBAL_UNCERTAINTY_ASSIGNED_CONTEXT ( ( #471 ) ) GLOBAL_UNIT_ASSIGNED_CONTEXT ( ( #245, #786, #793 ) ) REPRESENTATION_CONTEXT ( 'NONE', 'WORKASPACE' ) );
#604 = VECTOR ( 'NONE', #217, 1000.000000000000000 ) ;
#605 = CARTESIAN_POINT ( 'NONE',  ( 2.648333333333332984, -0.1083333333333330040, 7.633333333333334636 ) ) ;
#606 = FACE_OUTER_BOUND ( 'NONE', #971, .T. ) ;
#607 = CARTESIAN_POINT ( 'NONE',  ( 0.1499999999999990508, -0.2999999999999999334, -3.000000000000000000 ) ) ;
#608 = DIRECTION ( 'NONE',  ( 1.000000000000000000, 0.000000000000000000, 0.000000000000000000 ) ) ;
#609 = PLANE ( 'NONE',  #1300 ) ;
#610 = ORIENTED_EDGE ( 'NONE', *, *, #915, .T. ) ;
#611 = ORIENTED_EDGE ( 'NONE', *, *, #1242, .F. ) ;
#612 = DIRECTION ( 'NONE',  ( 0.5773502691896261751, 0.5773502691896262862, 0.5773502691896248429 ) ) ;
#613 = ORIENTED_EDGE ( 'NONE', *, *, #1329, .F. ) ;
#614 = MANIFOLD_SOLID_BREP ( '???????? ??????5', #881 ) ;
#615 = CARTESIAN_POINT ( 'NONE',  ( -0.09999999999999965861, -0.09999999999999954758, -3.049999999999999822 ) ) ;
#616 = LINE ( 'NONE', #1327, #480 ) ;
#617 = DIRECTION ( 'NONE',  ( 1.000000000000000000, 0.000000000000000000, 0.000000000000000000 ) ) ;
#618 =( NAMED_UNIT ( * ) PLANE_ANGLE_UNIT ( ) SI_UNIT ( $, .RADIAN. ) );
#619 = EDGE_LOOP ( 'NONE', ( #1427, #349, #994, #945 ) ) ;
#620 = CARTESIAN_POINT ( 'NONE',  ( -0.3250000000000000111, -0.3250000000000000111, 7.850000000000001421 ) ) ;
#621 = APPLICATION_CONTEXT ( 'automotive_design' ) ;
#622 = EDGE_CURVE ( 'NONE', #297, #789, #209, .T. ) ;
#623 = DIRECTION ( 'NONE',  ( 8.340016711426957754E-17, -1.000000000000000000, 0.000000000000000000 ) ) ;
#624 = CARTESIAN_POINT ( 'NONE',  ( 0.3249999999999999556, 0.3250000000000000111, 7.850000000000001421 ) ) ;
#625 = DIRECTION ( 'NONE',  ( 0.000000000000000000, -0.000000000000000000, -1.000000000000000000 ) ) ;
#626 = CARTESIAN_POINT ( 'NONE',  ( 2.839999999999999858, 0.3000000000000001554, 3.000000000000000000 ) ) ;
#627 = ORIENTED_EDGE ( 'NONE', *, *, #1443, .F. ) ;
#628 = ORIENTED_EDGE ( 'NONE', *, *, #590, .T. ) ;
#629 = DIRECTION ( 'NONE',  ( 1.807003620809173892E-16, 1.000000000000000000, -0.000000000000000000 ) ) ;
#630 = VECTOR ( 'NONE', #161, 1000.000000000000000 ) ;
#631 = VECTOR ( 'NONE', #1070, 1000.000000000000000 ) ;
#632 = CARTESIAN_POINT ( 'NONE',  ( 0.2999999999999999889, 0.3000000000000000444, 3.000000000000000000 ) ) ;
#633 = CARTESIAN_POINT ( 'NONE',  ( 0.1083333333333329207, -0.1083333333333330040, 7.633333333333334636 ) ) ;
#634 = VECTOR ( 'NONE', #1387, 1000.000000000000000 ) ;
#635 = EDGE_CURVE ( 'NONE', #388, #1236, #78, .T. ) ;
#636 = AXIS2_PLACEMENT_3D ( 'NONE', #930, #286, #737 ) ;
#637 = LINE ( 'NONE', #303, #1145 ) ;
#638 = ORIENTED_EDGE ( 'NONE', *, *, #1443, .T. ) ;
#639 = ORIENTED_EDGE ( 'NONE', *, *, #416, .T. ) ;
#640 = ORIENTED_EDGE ( 'NONE', *, *, #356, .T. ) ;
#641 =( LENGTH_UNIT ( ) NAMED_UNIT ( * ) SI_UNIT ( .MILLI., .METRE. ) );
#642 = DIRECTION ( 'NONE',  ( 0.000000000000000000, -1.000000000000000000, 0.000000000000000000 ) ) ;
#643 = DIRECTION ( 'NONE',  ( -0.5773502691896246208, 0.5773502691896247319, 0.5773502691896280625 ) ) ;
#644 = ADVANCED_FACE ( 'NONE', ( #543 ), #780, .T. ) ;
#645 = EDGE_LOOP ( 'NONE', ( #1165, #675, #307, #328 ) ) ;
#646 = ORIENTED_EDGE ( 'NONE', *, *, #1372, .F. ) ;
#647 = DIRECTION ( 'NONE',  ( 1.000000000000000000, 0.000000000000000000, -0.000000000000000000 ) ) ;
#648 = EDGE_LOOP ( 'NONE', ( #952, #547, #1241, #884 ) ) ;
#649 = FILL_AREA_STYLE ('',( #203 ) ) ;
#650 = DIRECTION ( 'NONE',  ( 8.537024980200823790E-17, -1.000000000000000000, 0.000000000000000000 ) ) ;
#651 = ORIENTED_EDGE ( 'NONE', *, *, #865, .T. ) ;
#652 = ADVANCED_FACE ( 'NONE', ( #991 ), #1002, .T. ) ;
#653 = EDGE_LOOP ( 'NONE', ( #673, #1455, #1317, #559 ) ) ;
#654 = LINE ( 'NONE', #415, #97 ) ;
#655 = ORIENTED_EDGE ( 'NONE', *, *, #563, .F. ) ;
#656 = AXIS2_PLACEMENT_3D ( 'NONE', #1001, #1007, #357 ) ;
#657 = VECTOR ( 'NONE', #1153, 1000.000000000000000 ) ;
#658 = AXIS2_PLACEMENT_3D ( 'NONE', #823, #279, #1182 ) ;
#659 = AXIS2_PLACEMENT_3D ( 'NONE', #745, #594, #1194 ) ;
#660 = VERTEX_POINT ( 'NONE', #1362 ) ;
#661 = ORIENTED_EDGE ( 'NONE', *, *, #1458, .T. ) ;
#662 = CARTESIAN_POINT ( 'NONE',  ( 2.689999999999999059, -0.2999999999999998224, -3.000000000000000000 ) ) ;
#663 = CARTESIAN_POINT ( 'NONE',  ( 3.810000000000000941, 0.6000000000000001998, -4.987414464699693206E-17 ) ) ;
#664 = CARTESIAN_POINT ( 'NONE',  ( -0.2999999999999999889, 0.3000000000000000444, -2.849999999999998312 ) ) ;
#665 = CARTESIAN_POINT ( 'NONE',  ( 2.214999999999999858, 0.3250000000000000111, 0.000000000000000000 ) ) ;
#666 = ORIENTED_EDGE ( 'NONE', *, *, #577, .F. ) ;
#667 = STYLED_ITEM ( 'NONE', ( #1309 ), #550 ) ;
#668 = DIRECTION ( 'NONE',  ( 1.000000000000000000, 0.000000000000000000, 0.000000000000000000 ) ) ;
#669 = ORIENTED_EDGE ( 'NONE', *, *, #81, .F. ) ;
#670 = EDGE_CURVE ( 'NONE', #874, #1311, #348, .T. ) ;
#671 = CARTESIAN_POINT ( 'NONE',  ( 2.839999999999999858, -0.2999999999999998224, 3.000000000000000000 ) ) ;
#672 = CARTESIAN_POINT ( 'NONE',  ( 0.3249999999999999556, 0.3250000000000000111, 0.2999999999999999334 ) ) ;
#673 = ORIENTED_EDGE ( 'NONE', *, *, #1227, .T. ) ;
#674 = CARTESIAN_POINT ( 'NONE',  ( 2.864999999999999769, 0.3250000000000000111, 0.000000000000000000 ) ) ;
#675 = ORIENTED_EDGE ( 'NONE', *, *, #1216, .F. ) ;
#676 = FILL_AREA_STYLE_COLOUR ( '', #1203 ) ;
#677 = ADVANCED_FACE ( 'NONE', ( #450 ), #228, .T. ) ;
#678 = FILL_AREA_STYLE ('',( #1459 ) ) ;
#679 = AXIS2_PLACEMENT_3D ( 'NONE', #1358, #341, #1368 ) ;
#680 = CARTESIAN_POINT ( 'NONE',  ( 3.810000000000000941, 0.6000000000000001998, -4.987414464699693206E-17 ) ) ;
#681 =( GEOMETRIC_REPRESENTATION_CONTEXT ( 3 ) GLOBAL_UNCERTAINTY_ASSIGNED_CONTEXT ( ( #1376 ) ) GLOBAL_UNIT_ASSIGNED_CONTEXT ( ( #1173, #165, #1163 ) ) REPRESENTATION_CONTEXT ( 'NONE', 'WORKASPACE' ) );
#682 = MECHANICAL_DESIGN_GEOMETRIC_PRESENTATION_REPRESENTATION (  '', ( #1275 ), #1320 ) ;
#683 = FILL_AREA_STYLE_COLOUR ( '', #164 ) ;
#684 = ORIENTED_EDGE ( 'NONE', *, *, #269, .F. ) ;
#685 = LINE ( 'NONE', #20, #953 ) ;
#686 = ADVANCED_FACE ( 'NONE', ( #1336 ), #1254, .F. ) ;
#687 = ORIENTED_EDGE ( 'NONE', *, *, #452, .T. ) ;
#688 =( NAMED_UNIT ( * ) PLANE_ANGLE_UNIT ( ) SI_UNIT ( $, .RADIAN. ) );
#689 = CARTESIAN_POINT ( 'NONE',  ( 2.540000000000000036, -0.1499999999999989952, -3.000000000000000000 ) ) ;
#690 = CARTESIAN_POINT ( 'NONE',  ( 2.689999999999999059, 8.131516293641298046E-17, -3.000000000000000000 ) ) ;
#691 = CARTESIAN_POINT ( 'NONE',  ( 3.515000000000001013, -0.9750000000000013101, 8.500000000000000000 ) ) ;
#692 = EDGE_CURVE ( 'NONE', #297, #363, #685, .T. ) ;
#693 = EDGE_LOOP ( 'NONE', ( #88, #610, #207, #136 ) ) ;
#694 = DIRECTION ( 'NONE',  ( -8.340016711426957754E-17, 1.000000000000000000, 0.000000000000000000 ) ) ;
#695 = EDGE_CURVE ( 'NONE', #1420, #293, #1018, .T. ) ;
#696 = CARTESIAN_POINT ( 'NONE',  ( 0.3249999999999999001, -0.3250000000000000111, 0.2999999999999999334 ) ) ;
#697 = LINE ( 'NONE', #1162, #1076 ) ;
#698 = VECTOR ( 'NONE', #939, 1000.000000000000000 ) ;
#699 = MECHANICAL_DESIGN_GEOMETRIC_PRESENTATION_REPRESENTATION (  '', ( #72 ), #981 ) ;
#700 = PLANE ( 'NONE',  #486 ) ;
#701 = COLOUR_RGB ( '',0.7019607843137254388, 0.2156862745098039325, 0.000000000000000000 ) ;
#702 = VECTOR ( 'NONE', #1044, 1000.000000000000114 ) ;
#703 = COLOUR_RGB ( '',0.2980392156862745057, 0.2980392156862745057, 0.2980392156862745057 ) ;
#704 = EDGE_CURVE ( 'NONE', #1331, #743, #1112, .T. ) ;
#705 = CARTESIAN_POINT ( 'NONE',  ( 3.810000000000000941, 0.6000000000000001998, -4.987414464699693206E-17 ) ) ;
#706 = ORIENTED_EDGE ( 'NONE', *, *, #1048, .T. ) ;
#707 = LINE ( 'NONE', #1043, #1375 ) ;
#708 = CARTESIAN_POINT ( 'NONE',  ( -0.2999999999999999889, 0.3000000000000000444, -2.849999999999998312 ) ) ;
#709 = FACE_OUTER_BOUND ( 'NONE', #749, .T. ) ;
#710 = EDGE_LOOP ( 'NONE', ( #1127, #1258, #106, #766 ) ) ;
#711 = VERTEX_POINT ( 'NONE', #459 ) ;
#712 = UNCERTAINTY_MEASURE_WITH_UNIT (LENGTH_MEASURE( 1.000000000000000082E-05 ), #128, 'distance_accuracy_value', 'NONE');
#713 =( NAMED_UNIT ( * ) SI_UNIT ( $, .STERADIAN. ) SOLID_ANGLE_UNIT ( ) );
#714 = CARTESIAN_POINT ( 'NONE',  ( 2.390000000000001013, -0.1499999999999989952, -3.000000000000000000 ) ) ;
#715 = EDGE_CURVE ( 'NONE', #342, #593, #110, .T. ) ;
#716 = LINE ( 'NONE', #473, #841 ) ;
#717 = DIRECTION ( 'NONE',  ( 8.537024980200823790E-17, -1.000000000000000000, 0.000000000000000000 ) ) ;
#718 = LINE ( 'NONE', #156, #1299 ) ;
#719 = LINE ( 'NONE', #600, #1388 ) ;
#720 = EDGE_LOOP ( 'NONE', ( #661, #1432, #1157, #137 ) ) ;
#721 = CARTESIAN_POINT ( 'NONE',  ( -0.3250000000000000666, 0.3250000000000000111, 7.850000000000001421 ) ) ;
#722 = LINE ( 'NONE', #1168, #185 ) ;
#723 = FACE_OUTER_BOUND ( 'NONE', #1361, .T. ) ;
#724 = DIRECTION ( 'NONE',  ( -1.000000000000000000, 0.000000000000000000, -0.000000000000000000 ) ) ;
#725 = FILL_AREA_STYLE ('',( #1389 ) ) ;
#726 = DIRECTION ( 'NONE',  ( -8.340016711426957754E-17, 1.000000000000000000, 0.000000000000000000 ) ) ;
#727 = ORIENTED_EDGE ( 'NONE', *, *, #465, .F. ) ;
#728 = VECTOR ( 'NONE', #466, 1000.000000000000000 ) ;
#729 = PLANE ( 'NONE',  #636 ) ;
#730 = AXIS2_PLACEMENT_3D ( 'NONE', #620, #832, #380 ) ;
#731 = DIRECTION ( 'NONE',  ( 0.5773502691896262862, -0.5773502691896262862, -0.5773502691896247319 ) ) ;
#732 = SURFACE_SIDE_STYLE ('',( #1380 ) ) ;
#733 = FACE_OUTER_BOUND ( 'NONE', #989, .T. ) ;
#734 = ORIENTED_EDGE ( 'NONE', *, *, #928, .T. ) ;
#735 = EDGE_CURVE ( 'NONE', #1311, #1193, #233, .T. ) ;
#736 = ORIENTED_EDGE ( 'NONE', *, *, #115, .F. ) ;
#737 = DIRECTION ( 'NONE',  ( 0.000000000000000000, 0.000000000000000000, -1.000000000000000000 ) ) ;
#738 = LINE ( 'NONE', #587, #389 ) ;
#739 = LINE ( 'NONE', #940, #280 ) ;
#740 = DIRECTION ( 'NONE',  ( 0.000000000000000000, 0.000000000000000000, 1.000000000000000000 ) ) ;
#741 = DIRECTION ( 'NONE',  ( -1.807003620809174139E-16, -1.000000000000000000, 0.000000000000000000 ) ) ;
#742 = ORIENTED_EDGE ( 'NONE', *, *, #692, .T. ) ;
#743 = VERTEX_POINT ( 'NONE', #135 ) ;
#744 = EDGE_CURVE ( 'NONE', #167, #806, #1126, .T. ) ;
#745 = CARTESIAN_POINT ( 'NONE',  ( 0.000000000000000000, 0.000000000000000000, 8.500000000000000000 ) ) ;
#746 = CARTESIAN_POINT ( 'NONE',  ( 2.540000000000000036, 0.1499999999999993006, -3.000000000000000000 ) ) ;
#747 = DIRECTION ( 'NONE',  ( 4.268512490100410046E-17, -1.000000000000000000, 0.000000000000000000 ) ) ;
#748 = DIRECTION ( 'NONE',  ( -1.000000000000000000, 0.000000000000000000, 0.000000000000000000 ) ) ;
#749 = EDGE_LOOP ( 'NONE', ( #1019, #734, #412, #771 ) ) ;
#750 = ORIENTED_EDGE ( 'NONE', *, *, #1321, .T. ) ;
#751 = STYLED_ITEM ( 'NONE', ( #1042 ), #263 ) ;
#752 = PLANE ( 'NONE',  #819 ) ;
#753 = ORIENTED_EDGE ( 'NONE', *, *, #735, .F. ) ;
#754 = STYLED_ITEM ( 'NONE', ( #490 ), #107 ) ;
#755 = VECTOR ( 'NONE', #888, 1000.000000000000000 ) ;
#756 = EDGE_CURVE ( 'NONE', #537, #456, #1233, .T. ) ;
#757 = PLANE ( 'NONE',  #16 ) ;
#758 = LINE ( 'NONE', #1429, #101 ) ;
#759 = VECTOR ( 'NONE', #1228, 1000.000000000000000 ) ;
#760 = LINE ( 'NONE', #296, #1020 ) ;
#761 = ORIENTED_EDGE ( 'NONE', *, *, #1109, .T. ) ;
#762 = ORIENTED_EDGE ( 'NONE', *, *, #715, .T. ) ;
#763 = CARTESIAN_POINT ( 'NONE',  ( 0.3249999999999999556, 0.3250000000000000111, 0.000000000000000000 ) ) ;
#764 = EDGE_CURVE ( 'NONE', #219, #1212, #1005, .T. ) ;
#765 = LINE ( 'NONE', #515, #954 ) ;
#766 = ORIENTED_EDGE ( 'NONE', *, *, #598, .F. ) ;
#767 = ORIENTED_EDGE ( 'NONE', *, *, #835, .F. ) ;
#768 = ORIENTED_EDGE ( 'NONE', *, *, #340, .T. ) ;
#769 = ORIENTED_EDGE ( 'NONE', *, *, #856, .T. ) ;
#770 = LINE ( 'NONE', #872, #868 ) ;
#771 = ORIENTED_EDGE ( 'NONE', *, *, #186, .T. ) ;
#772 =( NAMED_UNIT ( * ) SI_UNIT ( $, .STERADIAN. ) SOLID_ANGLE_UNIT ( ) );
#773 = AXIS2_PLACEMENT_3D ( 'NONE', #690, #455, #1239 ) ;
#774 = AXIS2_PLACEMENT_3D ( 'NONE', #763, #973, #299 ) ;
#775 = DIRECTION ( 'NONE',  ( 1.000000000000000000, 0.000000000000000000, 0.000000000000000000 ) ) ;
#776 = ORIENTED_EDGE ( 'NONE', *, *, #1434, .F. ) ;
#777 = ADVANCED_FACE ( 'NONE', ( #574 ), #902, .T. ) ;
#778 = PLANE ( 'NONE',  #1004 ) ;
#779 = EDGE_LOOP ( 'NONE', ( #655, #1119, #378, #761 ) ) ;
#780 = PLANE ( 'NONE',  #420 ) ;
#781 = DIRECTION ( 'NONE',  ( 8.340016711426957754E-17, -1.000000000000000000, 0.000000000000000000 ) ) ;
#782 = CARTESIAN_POINT ( 'NONE',  ( 2.214999999999999858, 0.3250000000000000111, 0.2999999999999999334 ) ) ;
#783 = SURFACE_STYLE_USAGE ( .BOTH. , #230 ) ;
#784 = UNCERTAINTY_MEASURE_WITH_UNIT (LENGTH_MEASURE( 1.000000000000000082E-05 ), #79, 'distance_accuracy_value', 'NONE');
#785 = SURFACE_SIDE_STYLE ('',( #1122 ) ) ;
#786 =( NAMED_UNIT ( * ) PLANE_ANGLE_UNIT ( ) SI_UNIT ( $, .RADIAN. ) );
#787 = CARTESIAN_POINT ( 'NONE',  ( 2.689999999999999059, -0.1499999999999989952, -3.000000000000000000 ) ) ;
#788 = DIRECTION ( 'NONE',  ( 1.000000000000000000, 0.000000000000000000, 0.000000000000000000 ) ) ;
#789 = VERTEX_POINT ( 'NONE', #350 ) ;
#790 = VECTOR ( 'NONE', #262, 1000.000000000000000 ) ;
#791 = DIRECTION ( 'NONE',  ( 0.000000000000000000, -1.000000000000000000, -0.000000000000000000 ) ) ;
#792 = ADVANCED_FACE ( 'NONE', ( #1024 ), #220, .F. ) ;
#793 =( NAMED_UNIT ( * ) SI_UNIT ( $, .STERADIAN. ) SOLID_ANGLE_UNIT ( ) );
#794 = PRESENTATION_LAYER_ASSIGNMENT (  '', '', ( #191 ) ) ;
#795 = DIRECTION ( 'NONE',  ( 8.340016711426957754E-17, -1.000000000000000000, 0.000000000000000000 ) ) ;
#796 = AXIS2_PLACEMENT_3D ( 'NONE', #1208, #526, #393 ) ;
#797 = VECTOR ( 'NONE', #668, 1000.000000000000000 ) ;
#798 = SURFACE_SIDE_STYLE ('',( #810 ) ) ;
#799 = VECTOR ( 'NONE', #1056, 1000.000000000000000 ) ;
#800 = CARTESIAN_POINT ( 'NONE',  ( -1.270000000000000240, 1.269999999999999574, 8.500000000000000000 ) ) ;
#801 = EDGE_LOOP ( 'NONE', ( #1462, #129, #405, #1106 ) ) ;
#802 = EDGE_CURVE ( 'NONE', #1193, #789, #697, .T. ) ;
#803 = SURFACE_STYLE_FILL_AREA ( #678 ) ;
#804 = FACE_OUTER_BOUND ( 'NONE', #840, .T. ) ;
#805 = FACE_OUTER_BOUND ( 'NONE', #648, .T. ) ;
#806 = VERTEX_POINT ( 'NONE', #1037 ) ;
#807 = DIRECTION ( 'NONE',  ( -8.340016711426957754E-17, 1.000000000000000000, 0.000000000000000000 ) ) ;
#808 = CARTESIAN_POINT ( 'NONE',  ( -0.3250000000000000666, 0.3250000000000000111, 0.000000000000000000 ) ) ;
#809 = EDGE_CURVE ( 'NONE', #743, #103, #941, .T. ) ;
#810 = SURFACE_STYLE_FILL_AREA ( #585 ) ;
#811 = UNCERTAINTY_MEASURE_WITH_UNIT (LENGTH_MEASURE( 1.000000000000000082E-05 ), #859, 'distance_accuracy_value', 'NONE');
#812 = ORIENTED_EDGE ( 'NONE', *, *, #332, .F. ) ;
#813 = CARTESIAN_POINT ( 'NONE',  ( -1.270000000000000240, -0.5999999999999999778, 0.2999999999999999334 ) ) ;
#814 = MECHANICAL_DESIGN_GEOMETRIC_PRESENTATION_REPRESENTATION (  '', ( #751 ), #1335 ) ;
#815 = CARTESIAN_POINT ( 'NONE',  ( -0.3250000000000000666, 0.3250000000000000111, 0.2999999999999999334 ) ) ;
#816 = DIRECTION ( 'NONE',  ( 1.807003620809173892E-16, 1.000000000000000000, 0.000000000000000000 ) ) ;
#817 = CARTESIAN_POINT ( 'NONE',  ( 1.564999999999998614, 0.3249999999999999556, 8.500000000000000000 ) ) ;
#818 = VERTEX_POINT ( 'NONE', #1154 ) ;
#819 = AXIS2_PLACEMENT_3D ( 'NONE', #876, #996, #647 ) ;
#820 = EDGE_CURVE ( 'NONE', #537, #1447, #30, .T. ) ;
#821 =( GEOMETRIC_REPRESENTATION_CONTEXT ( 3 ) GLOBAL_UNCERTAINTY_ASSIGNED_CONTEXT ( ( #784 ) ) GLOBAL_UNIT_ASSIGNED_CONTEXT ( ( #79, #975, #449 ) ) REPRESENTATION_CONTEXT ( 'NONE', 'WORKASPACE' ) );
#822 = CARTESIAN_POINT ( 'NONE',  ( 2.440000000000000391, -0.09999999999999943656, -3.049999999999999822 ) ) ;
#823 = CARTESIAN_POINT ( 'NONE',  ( 2.214999999999999858, 0.3250000000000000111, 0.000000000000000000 ) ) ;
#824 = DIRECTION ( 'NONE',  ( 1.807003620809173892E-16, 1.000000000000000000, 0.000000000000000000 ) ) ;
#825 = FACE_OUTER_BOUND ( 'NONE', #75, .T. ) ;
#826 = PLANE ( 'NONE',  #659 ) ;
#827 =( LENGTH_UNIT ( ) NAMED_UNIT ( * ) SI_UNIT ( .MILLI., .METRE. ) );
#828 = DIRECTION ( 'NONE',  ( 1.000000000000000000, 0.000000000000000000, 0.000000000000000000 ) ) ;
#829 = CARTESIAN_POINT ( 'NONE',  ( 0.2999999999999998779, -0.2999999999999999334, 3.000000000000000000 ) ) ;
#830 = FACE_OUTER_BOUND ( 'NONE', #1250, .T. ) ;
#831 = ORIENTED_EDGE ( 'NONE', *, *, #3, .T. ) ;
#832 = DIRECTION ( 'NONE',  ( 0.000000000000000000, 0.7071067811865465735, 0.7071067811865484609 ) ) ;
#833 = CARTESIAN_POINT ( 'NONE',  ( 2.240000000000000213, 0.3000000000000001554, 3.000000000000000000 ) ) ;
#834 = LINE ( 'NONE', #1160, #1272 ) ;
#835 = EDGE_CURVE ( 'NONE', #1420, #972, #836, .T. ) ;
#836 = LINE ( 'NONE', #921, #843 ) ;
#837 = PLANE ( 'NONE',  #419 ) ;
#838 = LINE ( 'NONE', #817, #238 ) ;
#839 = ORIENTED_EDGE ( 'NONE', *, *, #1268, .F. ) ;
#840 = EDGE_LOOP ( 'NONE', ( #566, #584, #1134, #27 ) ) ;
#841 = VECTOR ( 'NONE', #807, 1000.000000000000000 ) ;
#842 = COLOUR_RGB ( '',0.7019607843137254388, 0.2156862745098039325, 0.000000000000000000 ) ;
#843 = VECTOR ( 'NONE', #1265, 1000.000000000000114 ) ;
#844 = CARTESIAN_POINT ( 'NONE',  ( 0.2999999999999999889, 0.3000000000000000444, -2.849999999999998312 ) ) ;
#845 = EDGE_CURVE ( 'NONE', #1084, #553, #270, .T. ) ;
#846 = DIRECTION ( 'NONE',  ( -8.537024980200823790E-17, 1.000000000000000000, 0.000000000000000000 ) ) ;
#847 = DIRECTION ( 'NONE',  ( 0.7071067811865495711, -1.277744513902815233E-16, 0.7071067811865454633 ) ) ;
#848 = ORIENTED_EDGE ( 'NONE', *, *, #1453, .T. ) ;
#849 = CARTESIAN_POINT ( 'NONE',  ( 0.1499999999999990785, -2.710505431213744445E-17, -3.000000000000000000 ) ) ;
#850 = CARTESIAN_POINT ( 'NONE',  ( 2.240000000000000213, 0.3000000000000001554, 3.000000000000000000 ) ) ;
#851 = FACE_OUTER_BOUND ( 'NONE', #119, .T. ) ;
#852 = PRESENTATION_LAYER_ASSIGNMENT (  '', '', ( #667 ) ) ;
#853 = LINE ( 'NONE', #1199, #395 ) ;
#854 = EDGE_LOOP ( 'NONE', ( #257, #1049, #613, #1103 ) ) ;
#855 = ORIENTED_EDGE ( 'NONE', *, *, #452, .F. ) ;
#856 = EDGE_CURVE ( 'NONE', #469, #912, #38, .T. ) ;
#857 = CARTESIAN_POINT ( 'NONE',  ( 2.864999999999999769, 0.3250000000000000111, 0.2999999999999999334 ) ) ;
#858 = ORIENTED_EDGE ( 'NONE', *, *, #1048, .F. ) ;
#859 =( LENGTH_UNIT ( ) NAMED_UNIT ( * ) SI_UNIT ( .MILLI., .METRE. ) );
#860 = CARTESIAN_POINT ( 'NONE',  ( -0.1499999999999991618, 0.1499999999999991895, -3.000000000000000000 ) ) ;
#861 = ORIENTED_EDGE ( 'NONE', *, *, #126, .T. ) ;
#862 = EDGE_LOOP ( 'NONE', ( #977, #523, #284, #4, #750, #32, #870, #1129 ) ) ;
#863 = CARTESIAN_POINT ( 'NONE',  ( 0.1499999999999990785, -0.1499999999999990785, -3.000000000000000000 ) ) ;
#864 = EDGE_LOOP ( 'NONE', ( #1374, #831, #291, #338 ) ) ;
#865 = EDGE_CURVE ( 'NONE', #912, #1369, #475, .T. ) ;
#866 = VECTOR ( 'NONE', #417, 1000.000000000000000 ) ;
#867 = DIRECTION ( 'NONE',  ( 0.000000000000000000, -0.000000000000000000, -1.000000000000000000 ) ) ;
#868 = VECTOR ( 'NONE', #1435, 1000.000000000000000 ) ;
#869 = FACE_OUTER_BOUND ( 'NONE', #331, .T. ) ;
#870 = ORIENTED_EDGE ( 'NONE', *, *, #426, .F. ) ;
#871 = ORIENTED_EDGE ( 'NONE', *, *, #186, .F. ) ;
#872 = CARTESIAN_POINT ( 'NONE',  ( 2.839999999999999858, -0.2999999999999998224, -2.849999999999998312 ) ) ;
#873 = EDGE_LOOP ( 'NONE', ( #1066, #1353, #176, #272 ) ) ;
#874 = VERTEX_POINT ( 'NONE', #155 ) ;
#875 = ORIENTED_EDGE ( 'NONE', *, *, #622, .T. ) ;
#876 = CARTESIAN_POINT ( 'NONE',  ( 0.000000000000000000, 0.000000000000000000, 3.000000000000000000 ) ) ;
#877 = EDGE_CURVE ( 'NONE', #897, #321, #149, .T. ) ;
#878 = ORIENTED_EDGE ( 'NONE', *, *, #802, .F. ) ;
#879 = LINE ( 'NONE', #222, #1124 ) ;
#880 = ORIENTED_EDGE ( 'NONE', *, *, #503, .F. ) ;
#881 = CLOSED_SHELL ( 'NONE', ( #1314, #263, #644, #132, #107, #550, #1152, #1125, #652, #677 ) ) ;
#882 = COLOUR_RGB ( '',0.7019607843137254388, 0.2156862745098039325, 0.000000000000000000 ) ;
#883 = VECTOR ( 'NONE', #180, 1000.000000000000114 ) ;
#884 = ORIENTED_EDGE ( 'NONE', *, *, #590, .F. ) ;
#885 = DIRECTION ( 'NONE',  ( -1.000000000000000000, -8.537024980200823790E-17, -0.000000000000000000 ) ) ;
#886 = ORIENTED_EDGE ( 'NONE', *, *, #433, .T. ) ;
#887 = ORIENTED_EDGE ( 'NONE', *, *, #241, .F. ) ;
#888 = DIRECTION ( 'NONE',  ( 0.000000000000000000, 0.000000000000000000, -1.000000000000000000 ) ) ;
#889 = CARTESIAN_POINT ( 'NONE',  ( 2.864999999999999769, 0.3250000000000000111, 7.850000000000001421 ) ) ;
#890 = ORIENTED_EDGE ( 'NONE', *, *, #45, .T. ) ;
#891 = EDGE_CURVE ( 'NONE', #1377, #874, #591, .T. ) ;
#892 =( LENGTH_UNIT ( ) NAMED_UNIT ( * ) SI_UNIT ( .MILLI., .METRE. ) );
#893 = VERTEX_POINT ( 'NONE', #829 ) ;
#894 = CARTESIAN_POINT ( 'NONE',  ( 2.864999999999999769, 0.3250000000000000111, 0.2999999999999999334 ) ) ;
#895 = ORIENTED_EDGE ( 'NONE', *, *, #1013, .F. ) ;
#896 = PLANE ( 'NONE',  #1077 ) ;
#897 = VERTEX_POINT ( 'NONE', #369 ) ;
#898 = EDGE_CURVE ( 'NONE', #242, #1369, #580, .T. ) ;
#899 = CLOSED_SHELL ( 'NONE', ( #313, #13, #474, #319, #1030, #1187, #382, #686, #1224, #1337 ) ) ;
#900 = MECHANICAL_DESIGN_GEOMETRIC_PRESENTATION_REPRESENTATION (  '', ( #1414 ), #345 ) ;
#901 = AXIS2_PLACEMENT_3D ( 'NONE', #482, #922, #824 ) ;
#902 = PLANE ( 'NONE',  #679 ) ;
#903 = VECTOR ( 'NONE', #163, 1000.000000000000000 ) ;
#904 = LINE ( 'NONE', #1262, #1461 ) ;
#905 = VECTOR ( 'NONE', #1051, 1000.000000000000000 ) ;
#906 = PLANE ( 'NONE',  #394 ) ;
#907 = CARTESIAN_POINT ( 'NONE',  ( 1.564999999999998614, 0.9750000000000013101, 8.500000000000000000 ) ) ;
#908 = EDGE_CURVE ( 'NONE', #55, #1084, #1146, .T. ) ;
#909 = CARTESIAN_POINT ( 'NONE',  ( -0.2999999999999999889, 0.3000000000000000444, 3.000000000000000000 ) ) ;
#910 = ORIENTED_EDGE ( 'NONE', *, *, #433, .F. ) ;
#911 = EDGE_LOOP ( 'NONE', ( #193, #875, #878, #519 ) ) ;
#912 = VERTEX_POINT ( 'NONE', #60 ) ;
#913 = LINE ( 'NONE', #596, #1349 ) ;
#914 = CARTESIAN_POINT ( 'NONE',  ( 3.810000000000000941, -1.270000000000000240, 8.500000000000000000 ) ) ;
#915 = EDGE_CURVE ( 'NONE', #219, #342, #143, .T. ) ;
#916 = DIRECTION ( 'NONE',  ( 1.000000000000000000, 0.000000000000000000, -0.000000000000000000 ) ) ;
#917 = DIRECTION ( 'NONE',  ( 0.000000000000000000, 0.000000000000000000, -1.000000000000000000 ) ) ;
#918 = UNCERTAINTY_MEASURE_WITH_UNIT (LENGTH_MEASURE( 1.000000000000000082E-05 ), #109, 'distance_accuracy_value', 'NONE');
#919 = DIRECTION ( 'NONE',  ( 0.000000000000000000, -1.000000000000000000, -0.000000000000000000 ) ) ;
#920 = CARTESIAN_POINT ( 'NONE',  ( -0.3250000000000000111, -0.3250000000000000111, 0.2999999999999999334 ) ) ;
#921 = CARTESIAN_POINT ( 'NONE',  ( 0.09999999999999958922, -0.09999999999999960310, -3.049999999999999822 ) ) ;
#922 = DIRECTION ( 'NONE',  ( 1.000000000000000000, -1.807003620809173892E-16, 0.000000000000000000 ) ) ;
#923 = MECHANICAL_DESIGN_GEOMETRIC_PRESENTATION_REPRESENTATION (  '', ( #754 ), #681 ) ;
#924 = LINE ( 'NONE', #1174, #421 ) ;
#925 = COLOUR_RGB ( '',0.2980392156862745057, 0.2980392156862745057, 0.2980392156862745057 ) ;
#926 = EDGE_LOOP ( 'NONE', ( #1075, #1340, #1356, #1206 ) ) ;
#927 = AXIS2_PLACEMENT_3D ( 'NONE', #1033, #592, #398 ) ;
#928 = EDGE_CURVE ( 'NONE', #806, #972, #1397, .T. ) ;
#929 = AXIS2_PLACEMENT_3D ( 'NONE', #849, #1308, #629 ) ;
#930 = CARTESIAN_POINT ( 'NONE',  ( 2.839999999999999858, 0.3000000000000001554, 3.000000000000000000 ) ) ;
#931 = DIRECTION ( 'NONE',  ( 0.5773502691896247319, 0.5773502691896246208, -0.5773502691896279515 ) ) ;
#932 = CARTESIAN_POINT ( 'NONE',  ( 2.214999999999999858, -0.9750000000000013101, 8.500000000000000000 ) ) ;
#933 = CARTESIAN_POINT ( 'NONE',  ( 0.3250000000000000111, -0.3250000000000000111, 7.850000000000001421 ) ) ;
#934 = VERTEX_POINT ( 'NONE', #1287 ) ;
#935 = UNCERTAINTY_MEASURE_WITH_UNIT (LENGTH_MEASURE( 1.000000000000000082E-05 ), #1267, 'distance_accuracy_value', 'NONE');
#936 = CARTESIAN_POINT ( 'NONE',  ( 2.240000000000000213, 0.3000000000000001554, 3.000000000000000000 ) ) ;
#937 = EDGE_CURVE ( 'NONE', #1377, #660, #1054, .T. ) ;
#938 = CARTESIAN_POINT ( 'NONE',  ( 2.240000000000000213, -0.2999999999999998224, -2.849999999999998312 ) ) ;
#939 = DIRECTION ( 'NONE',  ( 8.340016711426957754E-17, -1.000000000000000000, 0.000000000000000000 ) ) ;
#940 = CARTESIAN_POINT ( 'NONE',  ( 2.240000000000000213, -0.2999999999999998224, 3.000000000000000000 ) ) ;
#941 = LINE ( 'NONE', #1171, #37 ) ;
#942 = CARTESIAN_POINT ( 'NONE',  ( 2.214999999999999858, 0.3250000000000000111, 7.850000000000001421 ) ) ;
#943 = LINE ( 'NONE', #1406, #1277 ) ;
#944 = VERTEX_POINT ( 'NONE', #1295 ) ;
#945 = ORIENTED_EDGE ( 'NONE', *, *, #285, .T. ) ;
#946 = PRESENTATION_STYLE_ASSIGNMENT (( #274 ) ) ;
#947 = FACE_OUTER_BOUND ( 'NONE', #236, .T. ) ;
#948 = ADVANCED_FACE ( 'NONE', ( #497 ), #355, .F. ) ;
#949 = DIRECTION ( 'NONE',  ( -0.000000000000000000, -0.000000000000000000, 1.000000000000000000 ) ) ;
#950 = CARTESIAN_POINT ( 'NONE',  ( 2.214999999999999858, -0.3250000000000000111, 0.000000000000000000 ) ) ;
#951 = PRODUCT_DEFINITION ( 'UNKNOWN', '', #327, #365 ) ;
#952 = ORIENTED_EDGE ( 'NONE', *, *, #224, .T. ) ;
#953 = VECTOR ( 'NONE', #335, 1000.000000000000000 ) ;
#954 = VECTOR ( 'NONE', #181, 1000.000000000000114 ) ;
#955 = FACE_OUTER_BOUND ( 'NONE', #873, .T. ) ;
#956 =( GEOMETRIC_REPRESENTATION_CONTEXT ( 3 ) GLOBAL_UNCERTAINTY_ASSIGNED_CONTEXT ( ( #1348 ) ) GLOBAL_UNIT_ASSIGNED_CONTEXT ( ( #1105, #437, #548 ) ) REPRESENTATION_CONTEXT ( 'NONE', 'WORKASPACE' ) );
#957 = ORIENTED_EDGE ( 'NONE', *, *, #434, .T. ) ;
#958 = MECHANICAL_DESIGN_GEOMETRIC_PRESENTATION_REPRESENTATION (  '', ( #124 ), #218 ) ;
#959 = FACE_OUTER_BOUND ( 'NONE', #1074, .T. ) ;
#960 = DIRECTION ( 'NONE',  ( 1.000000000000000000, 0.000000000000000000, 0.000000000000000000 ) ) ;
#961 = DIRECTION ( 'NONE',  ( 0.000000000000000000, -1.000000000000000000, 0.000000000000000000 ) ) ;
#962 = EDGE_CURVE ( 'NONE', #912, #537, #1379, .T. ) ;
#963 = VERTEX_POINT ( 'NONE', #260 ) ;
#964 = ORIENTED_EDGE ( 'NONE', *, *, #1382, .T. ) ;
#965 = CARTESIAN_POINT ( 'NONE',  ( 0.9750000000000013101, 0.9750000000000013101, 8.500000000000000000 ) ) ;
#966 = VERTEX_POINT ( 'NONE', #361 ) ;
#967 = LINE ( 'NONE', #1422, #631 ) ;
#968 = DIRECTION ( 'NONE',  ( 1.807003620809173892E-16, 1.000000000000000000, 0.000000000000000000 ) ) ;
#969 = ORIENTED_EDGE ( 'NONE', *, *, #65, .T. ) ;
#970 = EDGE_CURVE ( 'NONE', #167, #1212, #1274, .T. ) ;
#971 = EDGE_LOOP ( 'NONE', ( #762, #706, #910, #524 ) ) ;
#972 = VERTEX_POINT ( 'NONE', #863 ) ;
#973 = DIRECTION ( 'NONE',  ( 1.000000000000000000, 8.340016711426957754E-17, 0.000000000000000000 ) ) ;
#974 = LINE ( 'NONE', #1436, #866 ) ;
#975 =( NAMED_UNIT ( * ) PLANE_ANGLE_UNIT ( ) SI_UNIT ( $, .RADIAN. ) );
#976 = PLANE ( 'NONE',  #346 ) ;
#977 = ORIENTED_EDGE ( 'NONE', *, *, #802, .T. ) ;
#978 = ORIENTED_EDGE ( 'NONE', *, *, #1161, .F. ) ;
#979 = LINE ( 'NONE', #662, #759 ) ;
#980 = EDGE_CURVE ( 'NONE', #315, #1313, #770, .T. ) ;
#981 =( GEOMETRIC_REPRESENTATION_CONTEXT ( 3 ) GLOBAL_UNCERTAINTY_ASSIGNED_CONTEXT ( ( #46 ) ) GLOBAL_UNIT_ASSIGNED_CONTEXT ( ( #892, #322, #772 ) ) REPRESENTATION_CONTEXT ( 'NONE', 'WORKASPACE' ) );
#982 = PRESENTATION_STYLE_ASSIGNMENT (( #1093 ) ) ;
#983 = APPLICATION_PROTOCOL_DEFINITION ( 'draft international standard', 'automotive_design', 1998, #445 ) ;
#984 = VECTOR ( 'NONE', #1215, 1000.000000000000114 ) ;
#985 = PRESENTATION_LAYER_ASSIGNMENT (  '', '', ( #1275 ) ) ;
#986 = LINE ( 'NONE', #1310, #536 ) ;
#987 = ORIENTED_EDGE ( 'NONE', *, *, #1382, .F. ) ;
#988 = ORIENTED_EDGE ( 'NONE', *, *, #139, .F. ) ;
#989 = EDGE_LOOP ( 'NONE', ( #1115, #736, #1202, #669 ) ) ;
#990 = EDGE_CURVE ( 'NONE', #469, #388, #84, .T. ) ;
#991 = FACE_OUTER_BOUND ( 'NONE', #801, .T. ) ;
#992 = DIRECTION ( 'NONE',  ( 1.000000000000000000, 0.000000000000000000, 0.000000000000000000 ) ) ;
#993 = CARTESIAN_POINT ( 'NONE',  ( 0.2999999999999999889, 0.3000000000000000444, 3.000000000000000000 ) ) ;
#994 = ORIENTED_EDGE ( 'NONE', *, *, #820, .T. ) ;
#995 = VERTEX_POINT ( 'NONE', #525 ) ;
#996 = DIRECTION ( 'NONE',  ( 0.000000000000000000, 0.000000000000000000, 1.000000000000000000 ) ) ;
#997 = ORIENTED_EDGE ( 'NONE', *, *, #269, .T. ) ;
#998 = CARTESIAN_POINT ( 'NONE',  ( 0.3250000000000000111, -0.3250000000000000111, 7.850000000000001421 ) ) ;
#999 = EDGE_CURVE ( 'NONE', #1097, #485, #654, .T. ) ;
#1000 = CARTESIAN_POINT ( 'NONE',  ( -1.270000000000000240, 1.269999999999999574, 8.500000000000000000 ) ) ;
#1001 = CARTESIAN_POINT ( 'NONE',  ( -0.2999999999999999889, 0.3000000000000000444, 3.000000000000000000 ) ) ;
#1002 = PLANE ( 'NONE',  #14 ) ;
#1003 = PRESENTATION_LAYER_ASSIGNMENT (  '', '', ( #304 ) ) ;
#1004 = AXIS2_PLACEMENT_3D ( 'NONE', #1114, #112, #552 ) ;
#1005 = LINE ( 'NONE', #1011, #755 ) ;
#1006 = ADVANCED_FACE ( 'NONE', ( #1449 ), #1332, .F. ) ;
#1007 = DIRECTION ( 'NONE',  ( 1.000000000000000000, -1.807003620809173892E-16, 0.000000000000000000 ) ) ;
#1008 = DIRECTION ( 'NONE',  ( 1.000000000000000000, 8.340016711426957754E-17, 0.000000000000000000 ) ) ;
#1009 = ORIENTED_EDGE ( 'NONE', *, *, #215, .T. ) ;
#1010 = SURFACE_SIDE_STYLE ('',( #1247 ) ) ;
#1011 = CARTESIAN_POINT ( 'NONE',  ( -0.2999999999999999889, 0.3000000000000000444, 3.000000000000000000 ) ) ;
#1012 = ORIENTED_EDGE ( 'NONE', *, *, #891, .F. ) ;
#1013 = EDGE_CURVE ( 'NONE', #1236, #1447, #1326, .T. ) ;
#1014 = CARTESIAN_POINT ( 'NONE',  ( 2.839999999999999858, 0.3000000000000001554, -2.849999999999998312 ) ) ;
#1015 = ORIENTED_EDGE ( 'NONE', *, *, #970, .F. ) ;
#1016 =( NAMED_UNIT ( * ) PLANE_ANGLE_UNIT ( ) SI_UNIT ( $, .RADIAN. ) );
#1017 = CARTESIAN_POINT ( 'NONE',  ( -0.3250000000000000111, -0.3250000000000000111, 7.850000000000001421 ) ) ;
#1018 = LINE ( 'NONE', #1343, #1144 ) ;
#1019 = ORIENTED_EDGE ( 'NONE', *, *, #744, .T. ) ;
#1020 = VECTOR ( 'NONE', #748, 1000.000000000000000 ) ;
#1021 = LINE ( 'NONE', #277, #728 ) ;
#1022 = VECTOR ( 'NONE', #781, 1000.000000000000000 ) ;
#1023 = AXIS2_PLACEMENT_3D ( 'NONE', #1211, #961, #625 ) ;
#1024 = FACE_OUTER_BOUND ( 'NONE', #864, .T. ) ;
#1025 = VECTOR ( 'NONE', #481, 1000.000000000000000 ) ;
#1026 = CARTESIAN_POINT ( 'NONE',  ( 2.214999999999999858, 0.3250000000000000111, 0.000000000000000000 ) ) ;
#1027 = VECTOR ( 'NONE', #409, 1000.000000000000000 ) ;
#1028 = ORIENTED_EDGE ( 'NONE', *, *, #578, .T. ) ;
#1029 = PRESENTATION_STYLE_ASSIGNMENT (( #1128 ) ) ;
#1030 = ADVANCED_FACE ( 'NONE', ( #425 ), #752, .T. ) ;
#1031 = PLANE ( 'NONE',  #589 ) ;
#1032 = DIRECTION ( 'NONE',  ( -0.000000000000000000, -0.000000000000000000, 1.000000000000000000 ) ) ;
#1033 = CARTESIAN_POINT ( 'NONE',  ( 0.000000000000000000, 0.000000000000000000, -3.000000000000000000 ) ) ;
#1034 = ORIENTED_EDGE ( 'NONE', *, *, #809, .F. ) ;
#1035 = CARTESIAN_POINT ( 'NONE',  ( -0.3000000000000000999, -0.2999999999999999334, 3.000000000000000000 ) ) ;
#1036 = LINE ( 'NONE', #354, #69 ) ;
#1037 = CARTESIAN_POINT ( 'NONE',  ( 0.1499999999999991063, 0.1499999999999991895, -3.000000000000000000 ) ) ;
#1038 = EDGE_CURVE ( 'NONE', #438, #21, #979, .T. ) ;
#1039 = EDGE_LOOP ( 'NONE', ( #549, #1318, #26, #1057 ) ) ;
#1040 = DIRECTION ( 'NONE',  ( 8.537024980200823790E-17, -1.000000000000000000, 0.000000000000000000 ) ) ;
#1041 = PRESENTATION_LAYER_ASSIGNMENT (  '', '', ( #751 ) ) ;
#1042 = PRESENTATION_STYLE_ASSIGNMENT (( #595 ) ) ;
#1043 = CARTESIAN_POINT ( 'NONE',  ( 2.865000000000000213, -0.3250000000000000111, 7.850000000000001421 ) ) ;
#1044 = DIRECTION ( 'NONE',  ( 0.5773502691896261751, 0.5773502691896262862, -0.5773502691896248429 ) ) ;
#1045 = LINE ( 'NONE', #498, #140 ) ;
#1046 = CARTESIAN_POINT ( 'NONE',  ( -1.270000000000000018, -1.270000000000000240, 8.500000000000000000 ) ) ;
#1047 = VECTOR ( 'NONE', #1445, 1000.000000000000000 ) ;
#1048 = EDGE_CURVE ( 'NONE', #593, #1420, #1319, .T. ) ;
#1049 = ORIENTED_EDGE ( 'NONE', *, *, #1058, .F. ) ;
#1050 = VECTOR ( 'NONE', #250, 1000.000000000000000 ) ;
#1051 = DIRECTION ( 'NONE',  ( -1.807003620809174139E-16, -1.000000000000000000, 0.000000000000000000 ) ) ;
#1052 = PLANE ( 'NONE',  #210 ) ;
#1053 = FILL_AREA_STYLE_COLOUR ( '', #108 ) ;
#1054 = LINE ( 'NONE', #914, #15 ) ;
#1055 = DIRECTION ( 'NONE',  ( -0.000000000000000000, -0.000000000000000000, -1.000000000000000000 ) ) ;
#1056 = DIRECTION ( 'NONE',  ( -0.000000000000000000, -7.228014483236696555E-16, -1.000000000000000000 ) ) ;
#1057 = ORIENTED_EDGE ( 'NONE', *, *, #908, .T. ) ;
#1058 = EDGE_CURVE ( 'NONE', #454, #76, #98, .T. ) ;
#1059 = FACE_BOUND ( 'NONE', #1039, .T. ) ;
#1060 = ORIENTED_EDGE ( 'NONE', *, *, #704, .F. ) ;
#1061 = CARTESIAN_POINT ( 'NONE',  ( -0.3000000000000000999, -0.2999999999999999334, -2.849999999999998312 ) ) ;
#1062 = LINE ( 'NONE', #59, #396 ) ;
#1063 = DIRECTION ( 'NONE',  ( 0.000000000000000000, -0.000000000000000000, 1.000000000000000000 ) ) ;
#1064 = DIRECTION ( 'NONE',  ( 8.340016711426957754E-17, -1.000000000000000000, 0.000000000000000000 ) ) ;
#1065 = CARTESIAN_POINT ( 'NONE',  ( -1.270000000000000240, 0.5999999999999997558, -4.987414464699693206E-17 ) ) ;
#1066 = ORIENTED_EDGE ( 'NONE', *, *, #1069, .T. ) ;
#1067 = LINE ( 'NONE', #494, #1465 ) ;
#1068 = CARTESIAN_POINT ( 'NONE',  ( 0.2999999999999999889, 0.3000000000000000444, -2.849999999999998312 ) ) ;
#1069 = EDGE_CURVE ( 'NONE', #806, #293, #879, .T. ) ;
#1070 = DIRECTION ( 'NONE',  ( 1.000000000000000000, 0.000000000000000000, 0.000000000000000000 ) ) ;
#1071 = CARTESIAN_POINT ( 'NONE',  ( 3.810000000000000941, 0.6000000000000001998, -4.987414464699693206E-17 ) ) ;
#1072 = CARTESIAN_POINT ( 'NONE',  ( 2.864999999999999769, 0.3250000000000000111, 7.850000000000001421 ) ) ;
#1073 = DIRECTION ( 'NONE',  ( 1.000000000000000000, 0.000000000000000000, 0.000000000000000000 ) ) ;
#1074 = EDGE_LOOP ( 'NONE', ( #1104, #1156, #727, #458 ) ) ;
#1075 = ORIENTED_EDGE ( 'NONE', *, *, #215, .F. ) ;
#1076 = VECTOR ( 'NONE', #717, 1000.000000000000000 ) ;
#1077 = AXIS2_PLACEMENT_3D ( 'NONE', #674, #1008, #694 ) ;
#1078 =( GEOMETRIC_REPRESENTATION_CONTEXT ( 3 ) GLOBAL_UNCERTAINTY_ASSIGNED_CONTEXT ( ( #918 ) ) GLOBAL_UNIT_ASSIGNED_CONTEXT ( ( #109, #204, #1328 ) ) REPRESENTATION_CONTEXT ( 'NONE', 'WORKASPACE' ) );
#1079 = DIRECTION ( 'NONE',  ( -1.000000000000000000, 0.000000000000000000, 0.000000000000000000 ) ) ;
#1080 = MANIFOLD_SOLID_BREP ( '?????4', #899 ) ;
#1081 = LINE ( 'NONE', #1071, #259 ) ;
#1082 = ADVANCED_FACE ( 'NONE', ( #326 ), #778, .F. ) ;
#1083 = DIRECTION ( 'NONE',  ( -1.000000000000000000, 0.000000000000000000, 0.000000000000000000 ) ) ;
#1084 = VERTEX_POINT ( 'NONE', #1086 ) ;
#1085 = ORIENTED_EDGE ( 'NONE', *, *, #1098, .T. ) ;
#1086 = CARTESIAN_POINT ( 'NONE',  ( 1.564999999999998836, -0.9750000000000013101, 8.500000000000000000 ) ) ;
#1087 =( NAMED_UNIT ( * ) SI_UNIT ( $, .STERADIAN. ) SOLID_ANGLE_UNIT ( ) );
#1088 = DIRECTION ( 'NONE',  ( -1.000000000000000000, 0.000000000000000000, 0.000000000000000000 ) ) ;
#1089 = ORIENTED_EDGE ( 'NONE', *, *, #241, .T. ) ;
#1090 = ORIENTED_EDGE ( 'NONE', *, *, #571, .T. ) ;
#1091 = DIRECTION ( 'NONE',  ( 0.5773502691896247319, 0.5773502691896246208, 0.5773502691896279515 ) ) ;
#1092 = ORIENTED_EDGE ( 'NONE', *, *, #1372, .T. ) ;
#1093 = SURFACE_STYLE_USAGE ( .BOTH. , #512 ) ;
#1094 = PRODUCT_CONTEXT ( 'NONE', #621, 'mechanical' ) ;
#1095 = PLANE ( 'NONE',  #1023 ) ;
#1096 = ORIENTED_EDGE ( 'NONE', *, *, #1069, .F. ) ;
#1097 = VERTEX_POINT ( 'NONE', #1204 ) ;
#1098 = EDGE_CURVE ( 'NONE', #485, #321, #447, .T. ) ;
#1099 = DIRECTION ( 'NONE',  ( -8.340016711426957754E-17, 1.000000000000000000, 0.000000000000000000 ) ) ;
#1100 = MECHANICAL_DESIGN_GEOMETRIC_PRESENTATION_REPRESENTATION (  '', ( #304 ), #120 ) ;
#1101 = VECTOR ( 'NONE', #385, 1000.000000000000000 ) ;
#1102 = VECTOR ( 'NONE', #152, 1000.000000000000000 ) ;
#1103 = ORIENTED_EDGE ( 'NONE', *, *, #1412, .F. ) ;
#1104 = ORIENTED_EDGE ( 'NONE', *, *, #845, .T. ) ;
#1105 =( LENGTH_UNIT ( ) NAMED_UNIT ( * ) SI_UNIT ( .MILLI., .METRE. ) );
#1106 = ORIENTED_EDGE ( 'NONE', *, *, #980, .F. ) ;
#1107 = EDGE_CURVE ( 'NONE', #944, #206, #478, .T. ) ;
#1108 =( NAMED_UNIT ( * ) SI_UNIT ( $, .STERADIAN. ) SOLID_ANGLE_UNIT ( ) );
#1109 = EDGE_CURVE ( 'NONE', #103, #184, #564, .T. ) ;
#1110 = SURFACE_STYLE_FILL_AREA ( #545 ) ;
#1111 = ORIENTED_EDGE ( 'NONE', *, *, #323, .T. ) ;
#1112 = LINE ( 'NONE', #894, #392 ) ;
#1113 = PLANE ( 'NONE',  #509 ) ;
#1114 = CARTESIAN_POINT ( 'NONE',  ( -0.3250000000000000666, 0.3250000000000000111, 0.000000000000000000 ) ) ;
#1115 = ORIENTED_EDGE ( 'NONE', *, *, #1307, .T. ) ;
#1116 = FILL_AREA_STYLE_COLOUR ( '', #555 ) ;
#1117 = FILL_AREA_STYLE_COLOUR ( '', #703 ) ;
#1118 = ADVANCED_FACE ( 'NONE', ( #133, #557, #1120 ), #906, .F. ) ;
#1119 = ORIENTED_EDGE ( 'NONE', *, *, #704, .T. ) ;
#1120 = FACE_BOUND ( 'NONE', #273, .T. ) ;
#1121 = EDGE_LOOP ( 'NONE', ( #472, #223, #627, #298 ) ) ;
#1122 = SURFACE_STYLE_FILL_AREA ( #123 ) ;
#1123 = MECHANICAL_DESIGN_GEOMETRIC_PRESENTATION_REPRESENTATION (  '', ( #73 ), #1248 ) ;
#1124 = VECTOR ( 'NONE', #1091, 1000.000000000000114 ) ;
#1125 = ADVANCED_FACE ( 'NONE', ( #805 ), #700, .F. ) ;
#1126 = LINE ( 'NONE', #330, #1386 ) ;
#1127 = ORIENTED_EDGE ( 'NONE', *, *, #1172, .T. ) ;
#1128 = SURFACE_STYLE_USAGE ( .BOTH. , #798 ) ;
#1129 = ORIENTED_EDGE ( 'NONE', *, *, #735, .T. ) ;
#1130 = PRESENTATION_STYLE_ASSIGNMENT (( #439 ) ) ;
#1131 = ORIENTED_EDGE ( 'NONE', *, *, #292, .T. ) ;
#1132 = PLANE ( 'NONE',  #1408 ) ;
#1133 = DIRECTION ( 'NONE',  ( 1.807003620809173892E-16, 1.000000000000000000, 0.000000000000000000 ) ) ;
#1134 = ORIENTED_EDGE ( 'NONE', *, *, #715, .F. ) ;
#1135 = CARTESIAN_POINT ( 'NONE',  ( 2.864999999999999769, 0.3250000000000000111, 7.850000000000001421 ) ) ;
#1136 = ORIENTED_EDGE ( 'NONE', *, *, #147, .T. ) ;
#1137 = LINE ( 'NONE', #1281, #1294 ) ;
#1138 = CARTESIAN_POINT ( 'NONE',  ( -0.3000000000000000999, -0.2999999999999999334, 3.000000000000000000 ) ) ;
#1139 = CARTESIAN_POINT ( 'NONE',  ( -1.270000000000000240, 1.269999999999999574, 0.000000000000000000 ) ) ;
#1140 = PLANE ( 'NONE',  #366 ) ;
#1141 = ADVANCED_FACE ( 'NONE', ( #1256 ), #896, .F. ) ;
#1142 = VECTOR ( 'NONE', #148, 1000.000000000000000 ) ;
#1143 = DIRECTION ( 'NONE',  ( 0.000000000000000000, 0.000000000000000000, -1.000000000000000000 ) ) ;
#1144 = VECTOR ( 'NONE', #1133, 1000.000000000000000 ) ;
#1145 = VECTOR ( 'NONE', #968, 1000.000000000000000 ) ;
#1146 = LINE ( 'NONE', #932, #122 ) ;
#1147 = CARTESIAN_POINT ( 'NONE',  ( 2.865000000000000213, -0.3250000000000000111, 7.850000000000001421 ) ) ;
#1148 = ORIENTED_EDGE ( 'NONE', *, *, #503, .T. ) ;
#1149 = UNCERTAINTY_MEASURE_WITH_UNIT (LENGTH_MEASURE( 1.000000000000000082E-05 ), #1220, 'distance_accuracy_value', 'NONE');
#1150 = EDGE_CURVE ( 'NONE', #1212, #593, #145, .T. ) ;
#1151 = DIRECTION ( 'NONE',  ( 0.000000000000000000, 0.7071067811865465735, 0.7071067811865484609 ) ) ;
#1152 = ADVANCED_FACE ( 'NONE', ( #337 ), #1140, .F. ) ;
#1153 = DIRECTION ( 'NONE',  ( 0.5773502691896262862, -0.5773502691896262862, -0.5773502691896247319 ) ) ;
#1154 = CARTESIAN_POINT ( 'NONE',  ( 2.214999999999999858, -0.3250000000000000111, 0.2999999999999999334 ) ) ;
#1155 = PLANE ( 'NONE',  #927 ) ;
#1156 = ORIENTED_EDGE ( 'NONE', *, *, #356, .F. ) ;
#1157 = ORIENTED_EDGE ( 'NONE', *, *, #323, .F. ) ;
#1158 = LINE ( 'NONE', #1284, #905 ) ;
#1159 = LINE ( 'NONE', #1189, #1222 ) ;
#1160 = CARTESIAN_POINT ( 'NONE',  ( 2.839999999999999858, -0.2999999999999998224, 3.000000000000000000 ) ) ;
#1161 = EDGE_CURVE ( 'NONE', #1369, #388, #290, .T. ) ;
#1162 = CARTESIAN_POINT ( 'NONE',  ( -1.270000000000000240, 1.269999999999999574, 0.000000000000000000 ) ) ;
#1163 =( NAMED_UNIT ( * ) SI_UNIT ( $, .STERADIAN. ) SOLID_ANGLE_UNIT ( ) );
#1164 = DIRECTION ( 'NONE',  ( 1.000000000000000000, 0.000000000000000000, 0.000000000000000000 ) ) ;
#1165 = ORIENTED_EDGE ( 'NONE', *, *, #1242, .T. ) ;
#1166 =( GEOMETRIC_REPRESENTATION_CONTEXT ( 3 ) GLOBAL_UNCERTAINTY_ASSIGNED_CONTEXT ( ( #1457 ) ) GLOBAL_UNIT_ASSIGNED_CONTEXT ( ( #641, #294, #1087 ) ) REPRESENTATION_CONTEXT ( 'NONE', 'WORKASPACE' ) );
#1167 = CARTESIAN_POINT ( 'NONE',  ( 2.648333333333332984, 0.1083333333333329485, 7.633333333333334636 ) ) ;
#1168 = CARTESIAN_POINT ( 'NONE',  ( 3.810000000000000941, 0.6000000000000004219, 0.2999999999999999334 ) ) ;
#1169 = PLANE ( 'NONE',  #796 ) ;
#1170 = DIRECTION ( 'NONE',  ( 0.000000000000000000, 0.000000000000000000, -1.000000000000000000 ) ) ;
#1171 = CARTESIAN_POINT ( 'NONE',  ( 2.865000000000000213, -0.3250000000000000111, 0.000000000000000000 ) ) ;
#1172 = EDGE_CURVE ( 'NONE', #6, #293, #719, .T. ) ;
#1173 =( LENGTH_UNIT ( ) NAMED_UNIT ( * ) SI_UNIT ( .MILLI., .METRE. ) );
#1174 = CARTESIAN_POINT ( 'NONE',  ( 0.3249999999999999556, 0.9750000000000013101, 8.500000000000000000 ) ) ;
#1175 = MECHANICAL_DESIGN_GEOMETRIC_PRESENTATION_REPRESENTATION (  '', ( #95 ), #603 ) ;
#1176 = ORIENTED_EDGE ( 'NONE', *, *, #970, .T. ) ;
#1177 = VERTEX_POINT ( 'NONE', #387 ) ;
#1178 = VECTOR ( 'NONE', #1370, 1000.000000000000000 ) ;
#1179 = FACE_OUTER_BOUND ( 'NONE', #926, .T. ) ;
#1180 = CARTESIAN_POINT ( 'NONE',  ( -0.3250000000000000666, 0.3250000000000000111, 7.850000000000001421 ) ) ;
#1181 = SURFACE_STYLE_USAGE ( .BOTH. , #171 ) ;
#1182 = DIRECTION ( 'NONE',  ( 8.340016711426957754E-17, -1.000000000000000000, 0.000000000000000000 ) ) ;
#1183 = CARTESIAN_POINT ( 'NONE',  ( 2.540000000000000036, 1.084202172485504187E-16, 3.000000000000000000 ) ) ;
#1184 = PLANE ( 'NONE',  #42 ) ;
#1185 = ORIENTED_EDGE ( 'NONE', *, *, #1365, .F. ) ;
#1186 = ORIENTED_EDGE ( 'NONE', *, *, #990, .T. ) ;
#1187 = ADVANCED_FACE ( 'NONE', ( #709 ), #1155, .F. ) ;
#1188 = LINE ( 'NONE', #518, #1367 ) ;
#1189 = CARTESIAN_POINT ( 'NONE',  ( 2.214999999999999858, -0.3250000000000000111, 7.850000000000001421 ) ) ;
#1190 = DIRECTION ( 'NONE',  ( -0.000000000000000000, -0.000000000000000000, 1.000000000000000000 ) ) ;
#1191 = CARTESIAN_POINT ( 'NONE',  ( 2.240000000000000213, -0.1499999999999989952, -3.000000000000000000 ) ) ;
#1192 = LINE ( 'NONE', #182, #1102 ) ;
#1193 = VERTEX_POINT ( 'NONE', #483 ) ;
#1194 = DIRECTION ( 'NONE',  ( 1.000000000000000000, 0.000000000000000000, 0.000000000000000000 ) ) ;
#1195 = ADVANCED_FACE ( 'NONE', ( #25 ), #1381, .F. ) ;
#1196 = DIRECTION ( 'NONE',  ( -1.000000000000000000, 0.000000000000000000, 0.000000000000000000 ) ) ;
#1197 = DIRECTION ( 'NONE',  ( 1.000000000000000000, 4.268512490100410046E-17, 0.000000000000000000 ) ) ;
#1198 = AXIS2_PLACEMENT_3D ( 'NONE', #1302, #919, #367 ) ;
#1199 = CARTESIAN_POINT ( 'NONE',  ( 2.240000000000000213, 0.3000000000000001554, -2.849999999999998312 ) ) ;
#1200 = ORIENTED_EDGE ( 'NONE', *, *, #891, .T. ) ;
#1201 = AXIS2_PLACEMENT_3D ( 'NONE', #680, #1467, #351 ) ;
#1202 = ORIENTED_EDGE ( 'NONE', *, *, #465, .T. ) ;
#1203 = COLOUR_RGB ( '',0.7019607843137254388, 0.2156862745098039325, 0.000000000000000000 ) ;
#1204 = CARTESIAN_POINT ( 'NONE',  ( 3.810000000000000941, -0.5999999999999995337, 0.2999999999999999334 ) ) ;
#1205 = VECTOR ( 'NONE', #41, 1000.000000000000000 ) ;
#1206 = ORIENTED_EDGE ( 'NONE', *, *, #635, .F. ) ;
#1207 = VECTOR ( 'NONE', #741, 1000.000000000000000 ) ;
#1208 = CARTESIAN_POINT ( 'NONE',  ( 2.540000000000000036, 1.084202172485504187E-16, -3.000000000000000000 ) ) ;
#1209 = CARTESIAN_POINT ( 'NONE',  ( 2.214999999999999858, 0.3250000000000000111, 7.850000000000001421 ) ) ;
#1210 = EDGE_CURVE ( 'NONE', #1084, #435, #838, .T. ) ;
#1211 = CARTESIAN_POINT ( 'NONE',  ( -0.3250000000000000111, -0.3250000000000000111, 0.000000000000000000 ) ) ;
#1212 = VERTEX_POINT ( 'NONE', #266 ) ;
#1213 = ORIENTED_EDGE ( 'NONE', *, *, #544, .T. ) ;
#1214 = CARTESIAN_POINT ( 'NONE',  ( 0.2999999999999998779, -0.2999999999999999334, -2.849999999999998312 ) ) ;
#1215 = DIRECTION ( 'NONE',  ( 0.5773502691896261751, 0.5773502691896262862, -0.5773502691896248429 ) ) ;
#1216 = EDGE_CURVE ( 'NONE', #242, #1338, #924, .T. ) ;
#1217 = ORIENTED_EDGE ( 'NONE', *, *, #1365, .T. ) ;
#1218 = EDGE_LOOP ( 'NONE', ( #997, #848, #742, #988, #1012, #211, #1324, #638 ) ) ;
#1219 = EDGE_LOOP ( 'NONE', ( #1330, #183, #1439, #506 ) ) ;
#1220 =( LENGTH_UNIT ( ) NAMED_UNIT ( * ) SI_UNIT ( .MILLI., .METRE. ) );
#1221 = SHAPE_DEFINITION_REPRESENTATION ( #1431, #1357 ) ;
#1222 = VECTOR ( 'NONE', #623, 1000.000000000000000 ) ;
#1223 = ORIENTED_EDGE ( 'NONE', *, *, #980, .T. ) ;
#1224 = ADVANCED_FACE ( 'NONE', ( #825 ), #609, .T. ) ;
#1225 = ORIENTED_EDGE ( 'NONE', *, *, #426, .T. ) ;
#1226 = CLOSED_SHELL ( 'NONE', ( #23, #198, #1195, #253, #1468, #1279, #530, #87, #1082, #1006, #177, #1285, #554, #1237, #777, #948, #792, #1141, #1393, #300, #31, #364, #1252, #1118, #17, #232 ) ) ;
#1227 = EDGE_CURVE ( 'NONE', #321, #789, #491, .T. ) ;
#1228 = DIRECTION ( 'NONE',  ( -1.807003620809173892E-16, -1.000000000000000000, 0.000000000000000000 ) ) ;
#1229 = ORIENTED_EDGE ( 'NONE', *, *, #1458, .F. ) ;
#1230 = COLOUR_RGB ( '',0.7019607843137254388, 0.2156862745098039325, 0.000000000000000000 ) ;
#1231 = SURFACE_SIDE_STYLE ('',( #1334 ) ) ;
#1232 = AXIS2_PLACEMENT_3D ( 'NONE', #53, #1305, #499 ) ;
#1233 = LINE ( 'NONE', #672, #1022 ) ;
#1234 = DIRECTION ( 'NONE',  ( -0.7071067811865465735, -5.897282371859124094E-17, 0.7071067811865484609 ) ) ;
#1235 = CARTESIAN_POINT ( 'NONE',  ( -0.3250000000000000111, -0.3250000000000000111, 0.000000000000000000 ) ) ;
#1236 = VERTEX_POINT ( 'NONE', #933 ) ;
#1237 = ADVANCED_FACE ( 'NONE', ( #1288 ), #166, .T. ) ;
#1238 = CARTESIAN_POINT ( 'NONE',  ( 0.000000000000000000, 0.000000000000000000, 0.000000000000000000 ) ) ;
#1239 = DIRECTION ( 'NONE',  ( 1.807003620809173892E-16, 1.000000000000000000, -0.000000000000000000 ) ) ;
#1240 = EDGE_LOOP ( 'NONE', ( #170, #1060, #261, #1185 ) ) ;
#1241 = ORIENTED_EDGE ( 'NONE', *, *, #45, .F. ) ;
#1242 = EDGE_CURVE ( 'NONE', #1447, #1338, #943, .T. ) ;
#1243 = SURFACE_STYLE_USAGE ( .BOTH. , #1010 ) ;
#1244 = LINE ( 'NONE', #942, #1270 ) ;
#1245 = DIRECTION ( 'NONE',  ( -1.807003620809173892E-16, -1.000000000000000000, 0.000000000000000000 ) ) ;
#1246 = ORIENTED_EDGE ( 'NONE', *, *, #281, .T. ) ;
#1247 = SURFACE_STYLE_FILL_AREA ( #649 ) ;
#1248 =( GEOMETRIC_REPRESENTATION_CONTEXT ( 3 ) GLOBAL_UNCERTAINTY_ASSIGNED_CONTEXT ( ( #339 ) ) GLOBAL_UNIT_ASSIGNED_CONTEXT ( ( #173, #618, #150 ) ) REPRESENTATION_CONTEXT ( 'NONE', 'WORKASPACE' ) );
#1249 = VECTOR ( 'NONE', #102, 1000.000000000000000 ) ;
#1250 = EDGE_LOOP ( 'NONE', ( #1148, #861, #1229, #1392 ) ) ;
#1251 = MECHANICAL_DESIGN_GEOMETRIC_PRESENTATION_REPRESENTATION (  '', ( #192 ), #956 ) ;
#1252 = ADVANCED_FACE ( 'NONE', ( #733 ), #1184, .T. ) ;
#1253 = VECTOR ( 'NONE', #1403, 1000.000000000000000 ) ;
#1254 = PLANE ( 'NONE',  #138 ) ;
#1255 = PLANE ( 'NONE',  #1201 ) ;
#1256 = FACE_OUTER_BOUND ( 'NONE', #779, .T. ) ;
#1257 = DIRECTION ( 'NONE',  ( 0.000000000000000000, -0.7071067811865495711, -0.7071067811865454633 ) ) ;
#1258 = ORIENTED_EDGE ( 'NONE', *, *, #577, .T. ) ;
#1259 = DIRECTION ( 'NONE',  ( 0.7071067811865465735, 5.897282371859124094E-17, 0.7071067811865484609 ) ) ;
#1260 = CARTESIAN_POINT ( 'NONE',  ( 0.2999999999999999889, 0.3000000000000000444, -2.849999999999998312 ) ) ;
#1261 = EDGE_CURVE ( 'NONE', #372, #711, #71, .T. ) ;
#1262 = CARTESIAN_POINT ( 'NONE',  ( 2.839999999999999858, 0.3000000000000001554, -2.849999999999998312 ) ) ;
#1263 =( NAMED_UNIT ( * ) PLANE_ANGLE_UNIT ( ) SI_UNIT ( $, .RADIAN. ) );
#1264 = CARTESIAN_POINT ( 'NONE',  ( 2.214999999999999858, 0.3250000000000000111, 7.850000000000001421 ) ) ;
#1265 = DIRECTION ( 'NONE',  ( -0.5773502691896246208, 0.5773502691896247319, -0.5773502691896280625 ) ) ;
#1266 = CARTESIAN_POINT ( 'NONE',  ( -0.3250000000000000666, 0.3250000000000000111, 0.000000000000000000 ) ) ;
#1267 =( LENGTH_UNIT ( ) NAMED_UNIT ( * ) SI_UNIT ( .MILLI., .METRE. ) );
#1268 = EDGE_CURVE ( 'NONE', #206, #315, #1192, .T. ) ;
#1269 = AXIS2_PLACEMENT_3D ( 'NONE', #1304, #80, #740 ) ;
#1270 = VECTOR ( 'NONE', #40, 1000.000000000000000 ) ;
#1271 = DIRECTION ( 'NONE',  ( 0.000000000000000000, 0.000000000000000000, 1.000000000000000000 ) ) ;
#1272 = VECTOR ( 'NONE', #264, 1000.000000000000000 ) ;
#1273 = VECTOR ( 'NONE', #1196, 1000.000000000000000 ) ;
#1274 = LINE ( 'NONE', #708, #1464 ) ;
#1275 = STYLED_ITEM ( 'NONE', ( #1029 ), #1152 ) ;
#1276 = DIRECTION ( 'NONE',  ( 0.000000000000000000, 0.000000000000000000, 1.000000000000000000 ) ) ;
#1277 = VECTOR ( 'NONE', #283, 1000.000000000000114 ) ;
#1278 = EDGE_LOOP ( 'NONE', ( #855, #1092, #1186, #431 ) ) ;
#1279 = ADVANCED_FACE ( 'NONE', ( #1059, #1399, #169 ), #826, .T. ) ;
#1280 = DIRECTION ( 'NONE',  ( 1.000000000000000000, -1.807003620809173892E-16, 0.000000000000000000 ) ) ;
#1281 = CARTESIAN_POINT ( 'NONE',  ( 2.839999999999999858, 0.3000000000000001554, 3.000000000000000000 ) ) ;
#1282 = CARTESIAN_POINT ( 'NONE',  ( 2.214999999999999858, -0.3250000000000000111, 7.850000000000001421 ) ) ;
#1283 = CARTESIAN_POINT ( 'NONE',  ( 0.000000000000000000, -0.1499999999999990785, -3.000000000000000000 ) ) ;
#1284 = CARTESIAN_POINT ( 'NONE',  ( 2.240000000000000213, 0.3000000000000001554, 3.000000000000000000 ) ) ;
#1285 = ADVANCED_FACE ( 'NONE', ( #1179 ), #1301, .T. ) ;
#1286 = LINE ( 'NONE', #822, #12 ) ;
#1287 = CARTESIAN_POINT ( 'NONE',  ( -0.9750000000000011990, -0.9750000000000013101, 8.500000000000000000 ) ) ;
#1288 = FACE_OUTER_BOUND ( 'NONE', #529, .T. ) ;
#1289 = CARTESIAN_POINT ( 'NONE',  ( -1.270000000000000240, 1.269999999999999574, 8.500000000000000000 ) ) ;
#1290 = DIRECTION ( 'NONE',  ( -1.000000000000000000, 0.000000000000000000, 0.000000000000000000 ) ) ;
#1291 = DIRECTION ( 'NONE',  ( -1.000000000000000000, 0.000000000000000000, 0.000000000000000000 ) ) ;
#1292 = LINE ( 'NONE', #162, #1253 ) ;
#1293 = VECTOR ( 'NONE', #116, 1000.000000000000000 ) ;
#1294 = VECTOR ( 'NONE', #1291, 1000.000000000000000 ) ;
#1295 = CARTESIAN_POINT ( 'NONE',  ( 2.839999999999999858, 0.3000000000000001554, -2.849999999999998312 ) ) ;
#1296 = CARTESIAN_POINT ( 'NONE',  ( 2.864999999999999769, 0.9750000000000013101, 8.500000000000000000 ) ) ;
#1297 = DIRECTION ( 'NONE',  ( 0.000000000000000000, -0.7071067811865495711, -0.7071067811865454633 ) ) ;
#1298 = COLOUR_RGB ( '',0.2980392156862745057, 0.2980392156862745057, 0.2980392156862745057 ) ;
#1299 = VECTOR ( 'NONE', #1055, 1000.000000000000000 ) ;
#1300 = AXIS2_PLACEMENT_3D ( 'NONE', #1283, #1297, #1164 ) ;
#1301 = PLANE ( 'NONE',  #730 ) ;
#1302 = CARTESIAN_POINT ( 'NONE',  ( 0.2999999999999999889, 0.3000000000000000444, 3.000000000000000000 ) ) ;
#1303 = FILL_AREA_STYLE ('',( #520 ) ) ;
#1304 = CARTESIAN_POINT ( 'NONE',  ( 3.810000000000000941, 1.269999999999999796, 8.500000000000000000 ) ) ;
#1305 = DIRECTION ( 'NONE',  ( 0.7071067811865465735, 5.897282371859124094E-17, 0.7071067811865484609 ) ) ;
#1306 = ORIENTED_EDGE ( 'NONE', *, *, #756, .T. ) ;
#1307 = EDGE_CURVE ( 'NONE', #184, #407, #47, .T. ) ;
#1308 = DIRECTION ( 'NONE',  ( 0.7071067811865495711, -1.277744513902815233E-16, -0.7071067811865454633 ) ) ;
#1309 = PRESENTATION_STYLE_ASSIGNMENT (( #1181 ) ) ;
#1310 = CARTESIAN_POINT ( 'NONE',  ( 2.839999999999999858, -0.2999999999999998224, 3.000000000000000000 ) ) ;
#1311 = VERTEX_POINT ( 'NONE', #1289 ) ;
#1312 = VERTEX_POINT ( 'NONE', #936 ) ;
#1313 = VERTEX_POINT ( 'NONE', #400 ) ;
#1314 = ADVANCED_FACE ( 'NONE', ( #178 ), #729, .F. ) ;
#1315 = CARTESIAN_POINT ( 'NONE',  ( 0.2999999999999998779, -0.2999999999999999334, -2.849999999999998312 ) ) ;
#1316 = SURFACE_SIDE_STYLE ('',( #397 ) ) ;
#1317 = ORIENTED_EDGE ( 'NONE', *, *, #1453, .F. ) ;
#1318 = ORIENTED_EDGE ( 'NONE', *, *, #115, .T. ) ;
#1319 = LINE ( 'NONE', #1214, #797 ) ;
#1320 =( GEOMETRIC_REPRESENTATION_CONTEXT ( 3 ) GLOBAL_UNCERTAINTY_ASSIGNED_CONTEXT ( ( #935 ) ) GLOBAL_UNIT_ASSIGNED_CONTEXT ( ( #1267, #688, #470 ) ) REPRESENTATION_CONTEXT ( 'NONE', 'WORKASPACE' ) );
#1321 = EDGE_CURVE ( 'NONE', #76, #131, #1067, .T. ) ;
#1322 = LINE ( 'NONE', #844, #1273 ) ;
#1323 = FILL_AREA_STYLE_COLOUR ( '', #33 ) ;
#1324 = ORIENTED_EDGE ( 'NONE', *, *, #1329, .T. ) ;
#1325 = EDGE_LOOP ( 'NONE', ( #1225, #1028, #1200, #428 ) ) ;
#1326 = LINE ( 'NONE', #430, #463 ) ;
#1327 = CARTESIAN_POINT ( 'NONE',  ( 2.864999999999999769, 0.3250000000000000111, 0.000000000000000000 ) ) ;
#1328 =( NAMED_UNIT ( * ) SI_UNIT ( $, .STERADIAN. ) SOLID_ANGLE_UNIT ( ) );
#1329 = EDGE_CURVE ( 'NONE', #660, #454, #1188, .T. ) ;
#1330 = ORIENTED_EDGE ( 'NONE', *, *, #845, .F. ) ;
#1331 = VERTEX_POINT ( 'NONE', #857 ) ;
#1332 = PLANE ( 'NONE',  #774 ) ;
#1333 = EDGE_LOOP ( 'NONE', ( #517, #839, #44, #492 ) ) ;
#1334 = SURFACE_STYLE_FILL_AREA ( #239 ) ;
#1335 =( GEOMETRIC_REPRESENTATION_CONTEXT ( 3 ) GLOBAL_UNCERTAINTY_ASSIGNED_CONTEXT ( ( #379 ) ) GLOBAL_UNIT_ASSIGNED_CONTEXT ( ( #827, #487, #256 ) ) REPRESENTATION_CONTEXT ( 'NONE', 'WORKASPACE' ) );
#1336 = FACE_OUTER_BOUND ( 'NONE', #1433, .T. ) ;
#1337 = ADVANCED_FACE ( 'NONE', ( #955 ), #1419, .T. ) ;
#1338 = VERTEX_POINT ( 'NONE', #965 ) ;
#1339 = VECTOR ( 'NONE', #249, 1000.000000000000000 ) ;
#1340 = ORIENTED_EDGE ( 'NONE', *, *, #340, .F. ) ;
#1341 = AXIS2_PLACEMENT_3D ( 'NONE', #665, #24, #1063 ) ;
#1342 = PRESENTATION_LAYER_ASSIGNMENT (  '', '', ( #192 ) ) ;
#1343 = CARTESIAN_POINT ( 'NONE',  ( 0.2999999999999999889, 0.2999999999999999889, -2.849999999999998312 ) ) ;
#1344 = LINE ( 'NONE', #1180, #158 ) ;
#1345 = EDGE_CURVE ( 'NONE', #1312, #995, #1158, .T. ) ;
#1346 = CARTESIAN_POINT ( 'NONE',  ( 2.839999999999999858, 0.3000000000000001554, -2.849999999999998312 ) ) ;
#1347 = ORIENTED_EDGE ( 'NONE', *, *, #1424, .T. ) ;
#1348 = UNCERTAINTY_MEASURE_WITH_UNIT (LENGTH_MEASURE( 1.000000000000000082E-05 ), #1105, 'distance_accuracy_value', 'NONE');
#1349 = VECTOR ( 'NONE', #1271, 1000.000000000000000 ) ;
#1350 = SURFACE_SIDE_STYLE ('',( #803 ) ) ;
#1351 = DIRECTION ( 'NONE',  ( -0.000000000000000000, -0.000000000000000000, 1.000000000000000000 ) ) ;
#1352 = CARTESIAN_POINT ( 'NONE',  ( -0.2999999999999999889, 0.3000000000000000444, -2.849999999999998312 ) ) ;
#1353 = ORIENTED_EDGE ( 'NONE', *, *, #695, .F. ) ;
#1354 = PRESENTATION_STYLE_ASSIGNMENT (( #333 ) ) ;
#1355 = PRODUCT_RELATED_PRODUCT_CATEGORY ( 'part', '', ( #309 ) ) ;
#1356 = ORIENTED_EDGE ( 'NONE', *, *, #1401, .F. ) ;
#1357 = ADVANCED_BREP_SHAPE_REPRESENTATION ( 'FemaleHeader', ( #583, #1080, #614, #99 ), #821 ) ;
#1358 = CARTESIAN_POINT ( 'NONE',  ( -0.3250000000000000666, 0.3250000000000000111, 7.850000000000001421 ) ) ;
#1359 = LINE ( 'NONE', #782, #1293 ) ;
#1360 = FILL_AREA_STYLE_COLOUR ( '', #1230 ) ;
#1361 = EDGE_LOOP ( 'NONE', ( #628, #111, #1136, #1090 ) ) ;
#1362 = CARTESIAN_POINT ( 'NONE',  ( 3.810000000000000941, -1.270000000000000240, 0.000000000000000000 ) ) ;
#1363 = PRESENTATION_LAYER_ASSIGNMENT (  '', '', ( #72 ) ) ;
#1364 = VECTOR ( 'NONE', #1404, 1000.000000000000000 ) ;
#1365 = EDGE_CURVE ( 'NONE', #818, #1177, #34, .T. ) ;
#1366 = CARTESIAN_POINT ( 'NONE',  ( 2.214999999999999858, 0.3250000000000000111, 7.850000000000001421 ) ) ;
#1367 = VECTOR ( 'NONE', #63, 1000.000000000000000 ) ;
#1368 = DIRECTION ( 'NONE',  ( 1.000000000000000000, 0.000000000000000000, 0.000000000000000000 ) ) ;
#1369 = VERTEX_POINT ( 'NONE', #721 ) ;
#1370 = DIRECTION ( 'NONE',  ( -1.000000000000000000, 0.000000000000000000, 0.000000000000000000 ) ) ;
#1371 = CARTESIAN_POINT ( 'NONE',  ( 0.9750000000000013101, -0.3249999999999999556, 8.500000000000000000 ) ) ;
#1372 = EDGE_CURVE ( 'NONE', #456, #469, #159, .T. ) ;
#1373 = CARTESIAN_POINT ( 'NONE',  ( 0.3249999999999999556, 0.3250000000000000111, 0.000000000000000000 ) ) ;
#1374 = ORIENTED_EDGE ( 'NONE', *, *, #65, .F. ) ;
#1375 = VECTOR ( 'NONE', #828, 1000.000000000000000 ) ;
#1376 = UNCERTAINTY_MEASURE_WITH_UNIT (LENGTH_MEASURE( 1.000000000000000082E-05 ), #1173, 'distance_accuracy_value', 'NONE');
#1377 = VERTEX_POINT ( 'NONE', #521 ) ;
#1378 = CARTESIAN_POINT ( 'NONE',  ( 0.3249999999999999556, 0.3250000000000000111, 0.2999999999999999334 ) ) ;
#1379 = LINE ( 'NONE', #172, #347 ) ;
#1380 = SURFACE_STYLE_FILL_AREA ( #282 ) ;
#1381 = PLANE ( 'NONE',  #39 ) ;
#1382 = EDGE_CURVE ( 'NONE', #818, #553, #1062, .T. ) ;
#1383 = DIRECTION ( 'NONE',  ( 0.5773502691896262862, -0.5773502691896261751, 0.5773502691896248429 ) ) ;
#1384 = COLOUR_RGB ( '',0.7019607843137254388, 0.2156862745098039325, 0.000000000000000000 ) ;
#1385 = DIRECTION ( 'NONE',  ( 0.000000000000000000, -1.000000000000000000, -0.000000000000000000 ) ) ;
#1386 = VECTOR ( 'NONE', #775, 1000.000000000000000 ) ;
#1387 = DIRECTION ( 'NONE',  ( -1.807003620809173892E-16, -1.000000000000000000, 0.000000000000000000 ) ) ;
#1388 = VECTOR ( 'NONE', #917, 1000.000000000000000 ) ;
#1389 = FILL_AREA_STYLE_COLOUR ( '', #1384 ) ;
#1390 = DIRECTION ( 'NONE',  ( 1.000000000000000000, 0.000000000000000000, 0.000000000000000000 ) ) ;
#1391 = MECHANICAL_DESIGN_GEOMETRIC_PRESENTATION_REPRESENTATION (  '', ( #1418 ), #1078 ) ;
#1392 = ORIENTED_EDGE ( 'NONE', *, *, #1261, .T. ) ;
#1393 = ADVANCED_FACE ( 'NONE', ( #67 ), #197, .F. ) ;
#1394 = CARTESIAN_POINT ( 'NONE',  ( 2.214999999999999858, 0.3250000000000000111, 0.2999999999999999334 ) ) ;
#1395 = LINE ( 'NONE', #615, #9 ) ;
#1396 = CARTESIAN_POINT ( 'NONE',  ( 2.214999999999999858, -0.3250000000000000111, 0.2999999999999999334 ) ) ;
#1397 = LINE ( 'NONE', #607, #634 ) ;
#1398 = LINE ( 'NONE', #1296, #1415 ) ;
#1399 = FACE_BOUND ( 'NONE', #212, .T. ) ;
#1400 = CARTESIAN_POINT ( 'NONE',  ( -1.270000000000000240, 0.5999999999999999778, 0.2999999999999999334 ) ) ;
#1401 = EDGE_CURVE ( 'NONE', #1236, #500, #1411, .T. ) ;
#1402 = SURFACE_STYLE_FILL_AREA ( #49 ) ;
#1403 = DIRECTION ( 'NONE',  ( 0.000000000000000000, 0.000000000000000000, -1.000000000000000000 ) ) ;
#1404 = DIRECTION ( 'NONE',  ( -0.000000000000000000, 1.000000000000000000, -0.000000000000000000 ) ) ;
#1405 = PLANE ( 'NONE',  #189 ) ;
#1406 = CARTESIAN_POINT ( 'NONE',  ( 0.1083333333333329485, 0.1083333333333329485, 7.633333333333334636 ) ) ;
#1407 = ORIENTED_EDGE ( 'NONE', *, *, #1172, .F. ) ;
#1408 = AXIS2_PLACEMENT_3D ( 'NONE', #664, #227, #567 ) ;
#1409 = CARTESIAN_POINT ( 'NONE',  ( 0.2999999999999999889, 0.3000000000000000444, 3.000000000000000000 ) ) ;
#1410 =( NAMED_UNIT ( * ) PLANE_ANGLE_UNIT ( ) SI_UNIT ( $, .RADIAN. ) );
#1411 = LINE ( 'NONE', #633, #883 ) ;
#1412 = EDGE_CURVE ( 'NONE', #131, #660, #188, .T. ) ;
#1413 = FACE_OUTER_BOUND ( 'NONE', #569, .T. ) ;
#1414 = STYLED_ITEM ( 'NONE', ( #1130 ), #652 ) ;
#1415 = VECTOR ( 'NONE', #608, 1000.000000000000000 ) ;
#1416 = PRESENTATION_LAYER_ASSIGNMENT (  '', '', ( #576 ) ) ;
#1417 = ORIENTED_EDGE ( 'NONE', *, *, #1434, .T. ) ;
#1418 = STYLED_ITEM ( 'NONE', ( #334 ), #1357 ) ;
#1419 = PLANE ( 'NONE',  #929 ) ;
#1420 = VERTEX_POINT ( 'NONE', #1315 ) ;
#1421 = DIRECTION ( 'NONE',  ( 1.000000000000000000, -1.807003620809173892E-16, 0.000000000000000000 ) ) ;
#1422 = CARTESIAN_POINT ( 'NONE',  ( -1.270000000000000018, -1.270000000000000240, 8.500000000000000000 ) ) ;
#1423 = CARTESIAN_POINT ( 'NONE',  ( -1.270000000000000018, -1.270000000000000240, 8.500000000000000000 ) ) ;
#1424 = EDGE_CURVE ( 'NONE', #966, #131, #50, .T. ) ;
#1425 = PLANE ( 'NONE',  #216 ) ;
#1426 = ORIENTED_EDGE ( 'NONE', *, *, #168, .T. ) ;
#1427 = ORIENTED_EDGE ( 'NONE', *, *, #865, .F. ) ;
#1428 =( NAMED_UNIT ( * ) PLANE_ANGLE_UNIT ( ) SI_UNIT ( $, .RADIAN. ) );
#1429 = CARTESIAN_POINT ( 'NONE',  ( 3.810000000000000941, -0.5999999999999995337, 1.705622791995265824E-16 ) ) ;
#1430 = FILL_AREA_STYLE ('',( #1323 ) ) ;
#1431 = PRODUCT_DEFINITION_SHAPE ( 'NONE', 'NONE',  #951 ) ;
#1432 = ORIENTED_EDGE ( 'NONE', *, *, #1107, .T. ) ;
#1433 = EDGE_LOOP ( 'NONE', ( #1176, #666, #1096, #541 ) ) ;
#1434 = EDGE_CURVE ( 'NONE', #995, #315, #739, .T. ) ;
#1435 = DIRECTION ( 'NONE',  ( 1.000000000000000000, 0.000000000000000000, 0.000000000000000000 ) ) ;
#1436 = CARTESIAN_POINT ( 'NONE',  ( 2.390000000000001013, 1.355252715606878817E-16, -3.000000000000000000 ) ) ;
#1437 = AXIS2_PLACEMENT_3D ( 'NONE', #1409, #1280, #287 ) ;
#1438 = FACE_OUTER_BOUND ( 'NONE', #1218, .T. ) ;
#1439 = ORIENTED_EDGE ( 'NONE', *, *, #292, .F. ) ;
#1440 = EDGE_LOOP ( 'NONE', ( #957, #62, #887, #229 ) ) ;
#1441 = PRESENTATION_STYLE_ASSIGNMENT (( #105 ) ) ;
#1442 = VECTOR ( 'NONE', #731, 1000.000000000000000 ) ;
#1443 = EDGE_CURVE ( 'NONE', #454, #1097, #758, .T. ) ;
#1444 = PRESENTATION_LAYER_ASSIGNMENT (  '', '', ( #1418 ) ) ;
#1445 = DIRECTION ( 'NONE',  ( 1.000000000000000000, 0.000000000000000000, 0.000000000000000000 ) ) ;
#1446 = FACE_OUTER_BOUND ( 'NONE', #1121, .T. ) ;
#1447 = VERTEX_POINT ( 'NONE', #624 ) ;
#1448 = VERTEX_POINT ( 'NONE', #1209 ) ;
#1449 = FACE_OUTER_BOUND ( 'NONE', #422, .T. ) ;
#1450 = ORIENTED_EDGE ( 'NONE', *, *, #820, .F. ) ;
#1451 =( NAMED_UNIT ( * ) SI_UNIT ( $, .STERADIAN. ) SOLID_ANGLE_UNIT ( ) );
#1452 = DIRECTION ( 'NONE',  ( 0.000000000000000000, 0.000000000000000000, 1.000000000000000000 ) ) ;
#1453 = EDGE_CURVE ( 'NONE', #897, #297, #1081, .T. ) ;
#1454 = ORIENTED_EDGE ( 'NONE', *, *, #856, .F. ) ;
#1455 = ORIENTED_EDGE ( 'NONE', *, *, #622, .F. ) ;
#1456 = ORIENTED_EDGE ( 'NONE', *, *, #937, .F. ) ;
#1457 = UNCERTAINTY_MEASURE_WITH_UNIT (LENGTH_MEASURE( 1.000000000000000082E-05 ), #641, 'distance_accuracy_value', 'NONE');
#1458 = EDGE_CURVE ( 'NONE', #372, #944, #1292, .T. ) ;
#1459 = FILL_AREA_STYLE_COLOUR ( '', #842 ) ;
#1460 = LINE ( 'NONE', #1026, #254 ) ;
#1461 = VECTOR ( 'NONE', #246, 1000.000000000000114 ) ;
#1462 = ORIENTED_EDGE ( 'NONE', *, *, #493, .T. ) ;
#1463 = VECTOR ( 'NONE', #568, 1000.000000000000000 ) ;
#1464 = VECTOR ( 'NONE', #310, 1000.000000000000114 ) ;
#1465 = VECTOR ( 'NONE', #1040, 1000.000000000000000 ) ;
#1466 = DIRECTION ( 'NONE',  ( -1.000000000000000000, -4.268512490100410046E-17, -0.000000000000000000 ) ) ;
#1467 = DIRECTION ( 'NONE',  ( -8.537024980200823790E-17, 1.000000000000000000, -7.228014483236695569E-16 ) ) ;
#1468 = ADVANCED_FACE ( 'NONE', ( #851 ), #295, .F. ) ;
#1469 = PRESENTATION_STYLE_ASSIGNMENT (( #783 ) ) ;
#1470 = ORIENTED_EDGE ( 'NONE', *, *, #1345, .F. ) ;
ENDSEC;
END-ISO-10303-21;
