Added Component: Designator=C1(FP-OS-CON-TH-C9-d_0_6-MFG)
Add component (AddParameter): Name = "Capacitance"; Value = "100uF"; VariantName = "[No Variations]"
Add component (AddParameter): Name = "Case/Package"; Value = "Radial"; VariantName = "[No Variations]"
Add component (AddParameter): Name = "Diameter"; Value = "6.3mm"; VariantName = "[No Variations]"
Add component (AddParameter): Name = "Dissipation Factor"; Value = "10%"; VariantName = "[No Variations]"
Add component (AddParameter): Name = "ESR (Equivalent Series Resistance)"; Value = "10mR"; VariantName = "[No Variations]"
Add component (AddParameter): Name = "Height"; Value = "9mm"; VariantName = "[No Variations]"
Add component (AddParameter): Name = "Height - Seated (Max)"; Value = "0.354inch"; VariantName = "[No Variations]"
Add component (AddParameter): Name = "Lead Diameter"; Value = "0.6mm"; VariantName = "[No Variations]"
Add component (AddParameter): Name = "Lead Free"; Value = "Lead Free"; VariantName = "[No Variations]"
Add component (AddParameter): Name = "Lead Pitch"; Value = "2.5mm"; VariantName = "[No Variations]"
Add component (AddParameter): Name = "Leakage Current"; Value = "500uA"; VariantName = "[No Variations]"
Add component (AddParameter): Name = "Length"; Value = "9mm"; VariantName = "[No Variations]"
Add component (AddParameter): Name = "Life (Hours)"; Value = "2000Hour"; VariantName = "[No Variations]"
Add component (AddParameter): Name = "Max Operating Temperature"; Value = "105°C"; VariantName = "[No Variations]"
Add component (AddParameter): Name = "Min Operating Temperature"; Value = "-55°C"; VariantName = "[No Variations]"
Add component (AddParameter): Name = "Mount"; Value = "Through Hole"; VariantName = "[No Variations]"
Add component (AddParameter): Name = "Package Quantity"; Value = "500"; VariantName = "[No Variations]"
Add component (AddParameter): Name = "Packaging"; Value = "Bulk"; VariantName = "[No Variations]"
Add component (AddParameter): Name = "Polarity"; Value = "Polar"; VariantName = "[No Variations]"
Add component (AddParameter): Name = "Radiation Hardening"; Value = "No"; VariantName = "[No Variations]"
Add component (AddParameter): Name = "REACH SVHC"; Value = "No SVHC"; VariantName = "[No Variations]"
Add component (AddParameter): Name = "Ripple Current"; Value = "4.68A"; VariantName = "[No Variations]"
Add component (AddParameter): Name = "RoHS Compliant"; Value = "Yes"; VariantName = "[No Variations]"
Add component (AddParameter): Name = "Series"; Value = "OS-CON, SEPC"; VariantName = "[No Variations]"
Add component (AddParameter): Name = "Termination"; Value = "Radial"; VariantName = "[No Variations]"
Add component (AddParameter): Name = "Tolerance"; Value = "20%"; VariantName = "[No Variations]"
Add component (AddParameter): Name = "Voltage Rating"; Value = "16V"; VariantName = "[No Variations]"
Add component (AddParameter): Name = "Voltage Rating (DC)"; Value = "16V"; VariantName = "[No Variations]"
Added Component: Designator=C2(FP-OS-CON-TH-C9-d_0_6-MFG)
Add component (AddParameter): Name = "Capacitance"; Value = "100uF"; VariantName = "[No Variations]"
Add component (AddParameter): Name = "Case/Package"; Value = "Radial"; VariantName = "[No Variations]"
Add component (AddParameter): Name = "Diameter"; Value = "6.3mm"; VariantName = "[No Variations]"
Add component (AddParameter): Name = "Dissipation Factor"; Value = "10%"; VariantName = "[No Variations]"
Add component (AddParameter): Name = "ESR (Equivalent Series Resistance)"; Value = "10mR"; VariantName = "[No Variations]"
Add component (AddParameter): Name = "Height"; Value = "9mm"; VariantName = "[No Variations]"
Add component (AddParameter): Name = "Height - Seated (Max)"; Value = "0.354inch"; VariantName = "[No Variations]"
Add component (AddParameter): Name = "Lead Diameter"; Value = "0.6mm"; VariantName = "[No Variations]"
Add component (AddParameter): Name = "Lead Free"; Value = "Lead Free"; VariantName = "[No Variations]"
Add component (AddParameter): Name = "Lead Pitch"; Value = "2.5mm"; VariantName = "[No Variations]"
Add component (AddParameter): Name = "Leakage Current"; Value = "500uA"; VariantName = "[No Variations]"
Add component (AddParameter): Name = "Length"; Value = "9mm"; VariantName = "[No Variations]"
Add component (AddParameter): Name = "Life (Hours)"; Value = "2000Hour"; VariantName = "[No Variations]"
Add component (AddParameter): Name = "Max Operating Temperature"; Value = "105°C"; VariantName = "[No Variations]"
Add component (AddParameter): Name = "Min Operating Temperature"; Value = "-55°C"; VariantName = "[No Variations]"
Add component (AddParameter): Name = "Mount"; Value = "Through Hole"; VariantName = "[No Variations]"
Add component (AddParameter): Name = "Package Quantity"; Value = "500"; VariantName = "[No Variations]"
Add component (AddParameter): Name = "Packaging"; Value = "Bulk"; VariantName = "[No Variations]"
Add component (AddParameter): Name = "Polarity"; Value = "Polar"; VariantName = "[No Variations]"
Add component (AddParameter): Name = "Radiation Hardening"; Value = "No"; VariantName = "[No Variations]"
Add component (AddParameter): Name = "REACH SVHC"; Value = "No SVHC"; VariantName = "[No Variations]"
Add component (AddParameter): Name = "Ripple Current"; Value = "4.68A"; VariantName = "[No Variations]"
Add component (AddParameter): Name = "RoHS Compliant"; Value = "Yes"; VariantName = "[No Variations]"
Add component (AddParameter): Name = "Series"; Value = "OS-CON, SEPC"; VariantName = "[No Variations]"
Add component (AddParameter): Name = "Termination"; Value = "Radial"; VariantName = "[No Variations]"
Add component (AddParameter): Name = "Tolerance"; Value = "20%"; VariantName = "[No Variations]"
Add component (AddParameter): Name = "Voltage Rating"; Value = "16V"; VariantName = "[No Variations]"
Add component (AddParameter): Name = "Voltage Rating (DC)"; Value = "16V"; VariantName = "[No Variations]"
Added Component: Designator=C3(CAPC2013X145X50NL20T20)
Add component (AddParameter): Name = "Manufacturer"; Value = "Vitramon"; VariantName = "[No Variations]"
Add component (AddParameter): Name = "Part Number"; Value = "VJ0805Y105KXQRW1BC"; VariantName = "[No Variations]"
Added Component: Designator=C4(CAPC2013X145X50NL20T20)
Add component (AddParameter): Name = "Manufacturer"; Value = "Vitramon"; VariantName = "[No Variations]"
Add component (AddParameter): Name = "Part Number"; Value = "VJ0805Y105KXQRW1BC"; VariantName = "[No Variations]"
Added Component: Designator=C5(CAPC2013X145X50NL20T20)
Add component (AddParameter): Name = "Manufacturer"; Value = "Vitramon"; VariantName = "[No Variations]"
Add component (AddParameter): Name = "Part Number"; Value = "VJ0805Y105KXQRW1BC"; VariantName = "[No Variations]"
Added Component: Designator=C6(CAPC2013X145X50NL20T20)
Add component (AddParameter): Name = "Manufacturer"; Value = "Vitramon"; VariantName = "[No Variations]"
Add component (AddParameter): Name = "Part Number"; Value = "VJ0805Y105KXQRW1BC"; VariantName = "[No Variations]"
Added Component: Designator=D1(FP-APT3216LSECK-J4-PRV-MFG)
Add component (AddParameter): Name = "Case Code (Imperial)"; Value = "1206"; VariantName = "[No Variations]"
Add component (AddParameter): Name = "Case Code (Metric)"; Value = "3216"; VariantName = "[No Variations]"
Add component (AddParameter): Name = "Case/Package"; Value = "1206"; VariantName = "[No Variations]"
Add component (AddParameter): Name = "Color"; Value = "Orange"; VariantName = "[No Variations]"
Add component (AddParameter): Name = "Dominant Wavelength"; Value = "605nm"; VariantName = "[No Variations]"
Add component (AddParameter): Name = "Forward Voltage"; Value = "1.8V"; VariantName = "[No Variations]"
Add component (AddParameter): Name = "Height"; Value = "0.75mm"; VariantName = "[No Variations]"
Add component (AddParameter): Name = "Length"; Value = "3.2mm"; VariantName = "[No Variations]"
Add component (AddParameter): Name = "Lens Color"; Value = "Colorless"; VariantName = "[No Variations]"
Add component (AddParameter): Name = "Lens Transparency"; Value = "Clear"; VariantName = "[No Variations]"
Add component (AddParameter): Name = "Luminous Intensity"; Value = "50mcd"; VariantName = "[No Variations]"
Add component (AddParameter): Name = "Mount"; Value = "Surface Mount"; VariantName = "[No Variations]"
Add component (AddParameter): Name = "Packaging"; Value = "Tape and Reel"; VariantName = "[No Variations]"
Add component (AddParameter): Name = "RoHS Compliant"; Value = "Yes"; VariantName = "[No Variations]"
Add component (AddParameter): Name = "Test Current"; Value = "2mA"; VariantName = "[No Variations]"
Add component (AddParameter): Name = "Viewing Angle"; Value = "120°"; VariantName = "[No Variations]"
Add component (AddParameter): Name = "Width"; Value = "1.6mm"; VariantName = "[No Variations]"
Added Component: Designator=D2(FP-APT3216LSECK-J4-PRV-MFG)
Add component (AddParameter): Name = "Case Code (Imperial)"; Value = "1206"; VariantName = "[No Variations]"
Add component (AddParameter): Name = "Case Code (Metric)"; Value = "3216"; VariantName = "[No Variations]"
Add component (AddParameter): Name = "Case/Package"; Value = "1206"; VariantName = "[No Variations]"
Add component (AddParameter): Name = "Color"; Value = "Orange"; VariantName = "[No Variations]"
Add component (AddParameter): Name = "Dominant Wavelength"; Value = "605nm"; VariantName = "[No Variations]"
Add component (AddParameter): Name = "Forward Voltage"; Value = "1.8V"; VariantName = "[No Variations]"
Add component (AddParameter): Name = "Height"; Value = "0.75mm"; VariantName = "[No Variations]"
Add component (AddParameter): Name = "Length"; Value = "3.2mm"; VariantName = "[No Variations]"
Add component (AddParameter): Name = "Lens Color"; Value = "Colorless"; VariantName = "[No Variations]"
Add component (AddParameter): Name = "Lens Transparency"; Value = "Clear"; VariantName = "[No Variations]"
Add component (AddParameter): Name = "Luminous Intensity"; Value = "50mcd"; VariantName = "[No Variations]"
Add component (AddParameter): Name = "Mount"; Value = "Surface Mount"; VariantName = "[No Variations]"
Add component (AddParameter): Name = "Packaging"; Value = "Tape and Reel"; VariantName = "[No Variations]"
Add component (AddParameter): Name = "RoHS Compliant"; Value = "Yes"; VariantName = "[No Variations]"
Add component (AddParameter): Name = "Test Current"; Value = "2mA"; VariantName = "[No Variations]"
Add component (AddParameter): Name = "Viewing Angle"; Value = "120°"; VariantName = "[No Variations]"
Add component (AddParameter): Name = "Width"; Value = "1.6mm"; VariantName = "[No Variations]"
Added Component: Designator=D3(FP-403AE-MFG)
Add component (AddParameter): Name = "Automotive"; Value = "No"; VariantName = "[No Variations]"
Add component (AddParameter): Name = "Category"; Value = "Diode"; VariantName = "[No Variations]"
Add component (AddParameter): Name = "ComponentLink2Description"; Value = "Datasheet"; VariantName = "[No Variations]"
Add component (AddParameter): Name = "ComponentLink2URL"; Value = "https://www.onsemi.com/pub/Collateral/SS19-D.PDF"; VariantName = "[No Variations]"
Add component (AddParameter): Name = "Device Class L1"; Value = "Discrete Semiconductors"; VariantName = "[No Variations]"
Add component (AddParameter): Name = "Device Class L2"; Value = "Diodes"; VariantName = "[No Variations]"
Add component (AddParameter): Name = "Device Class L3"; Value = "Schottky Diodes"; VariantName = "[No Variations]"
Add component (AddParameter): Name = "Digikey Description"; Value = "DIODE SCHOTTKY 40V 1A SMA"; VariantName = "[No Variations]"
Add component (AddParameter): Name = "Forward Current"; Value = "1A"; VariantName = "[No Variations]"
Add component (AddParameter): Name = "Height"; Value = "2.5mm"; VariantName = "[No Variations]"
Add component (AddParameter): Name = "Lead Free"; Value = "Yes"; VariantName = "[No Variations]"
Add component (AddParameter): Name = "Manufacturer"; Value = "ON Semiconductor"; VariantName = "[No Variations]"
Add component (AddParameter): Name = "Manufacturer Part Number"; Value = "SS14"; VariantName = "[No Variations]"
Add component (AddParameter): Name = "Max Junction Temp"; Value = "+125°C"; VariantName = "[No Variations]"
Add component (AddParameter): Name = "Max Repetitive Reverse Voltage"; Value = "40V"; VariantName = "[No Variations]"
Add component (AddParameter): Name = "Max Surge Forward Current"; Value = "40A"; VariantName = "[No Variations]"
Add component (AddParameter): Name = "Mouser Description"; Value = "Schottky Diodes & Rectifiers SMA 40V 1.0A"; VariantName = "[No Variations]"
Add component (AddParameter): Name = "Octopart"; Value = "https://octopart.com/ss14-on+semiconductor-29205033"; VariantName = "[No Variations]"
Add component (AddParameter): Name = "Package"; Value = "403AE"; VariantName = "[No Variations]"
Add component (AddParameter): Name = "Peak Reverse Current"; Value = "0.2mA"; VariantName = "[No Variations]"
Add component (AddParameter): Name = "RoHS"; Value = "TRUE"; VariantName = "[No Variations]"
Add component (AddParameter): Name = "Standoff Height"; Value = "0.05mm"; VariantName = "[No Variations]"
Add component (AddParameter): Name = "Temperature"; Value = "-65°C to +125°C"; VariantName = "[No Variations]"
Add component (AddParameter): Name = "Temperature Range High"; Value = "+125°C"; VariantName = "[No Variations]"
Add component (AddParameter): Name = "Temperature Range Low"; Value = "-65°C"; VariantName = "[No Variations]"
Added Component: Designator=D4(KF141_8P)
Add component (AddParameter): Name = "Value"; Value = "DOMINO KF 8P"; VariantName = "[No Variations]"
Added Component: Designator=D5(FP-SS34LWH-MFG)
Add component (AddParameter): Name = "RoHS Compliant"; Value = "Yes"; VariantName = "[No Variations]"
Added Component: Designator=D6(FP-SS34LWH-MFG)
Add component (AddParameter): Name = "RoHS Compliant"; Value = "Yes"; VariantName = "[No Variations]"
Added Component: Designator=D7(FP-APT3216LSECK-J4-PRV-MFG)
Add component (AddParameter): Name = "Case Code (Imperial)"; Value = "1206"; VariantName = "[No Variations]"
Add component (AddParameter): Name = "Case Code (Metric)"; Value = "3216"; VariantName = "[No Variations]"
Add component (AddParameter): Name = "Case/Package"; Value = "1206"; VariantName = "[No Variations]"
Add component (AddParameter): Name = "Color"; Value = "Orange"; VariantName = "[No Variations]"
Add component (AddParameter): Name = "Dominant Wavelength"; Value = "605nm"; VariantName = "[No Variations]"
Add component (AddParameter): Name = "Forward Voltage"; Value = "1.8V"; VariantName = "[No Variations]"
Add component (AddParameter): Name = "Height"; Value = "0.75mm"; VariantName = "[No Variations]"
Add component (AddParameter): Name = "Length"; Value = "3.2mm"; VariantName = "[No Variations]"
Add component (AddParameter): Name = "Lens Color"; Value = "Colorless"; VariantName = "[No Variations]"
Add component (AddParameter): Name = "Lens Transparency"; Value = "Clear"; VariantName = "[No Variations]"
Add component (AddParameter): Name = "Luminous Intensity"; Value = "50mcd"; VariantName = "[No Variations]"
Add component (AddParameter): Name = "Mount"; Value = "Surface Mount"; VariantName = "[No Variations]"
Add component (AddParameter): Name = "Packaging"; Value = "Tape and Reel"; VariantName = "[No Variations]"
Add component (AddParameter): Name = "RoHS Compliant"; Value = "Yes"; VariantName = "[No Variations]"
Add component (AddParameter): Name = "Test Current"; Value = "2mA"; VariantName = "[No Variations]"
Add component (AddParameter): Name = "Viewing Angle"; Value = "120°"; VariantName = "[No Variations]"
Add component (AddParameter): Name = "Width"; Value = "1.6mm"; VariantName = "[No Variations]"
Added Component: Designator=D8(FP-APT3216LSECK-J4-PRV-MFG)
Add component (AddParameter): Name = "Case Code (Imperial)"; Value = "1206"; VariantName = "[No Variations]"
Add component (AddParameter): Name = "Case Code (Metric)"; Value = "3216"; VariantName = "[No Variations]"
Add component (AddParameter): Name = "Case/Package"; Value = "1206"; VariantName = "[No Variations]"
Add component (AddParameter): Name = "Color"; Value = "Orange"; VariantName = "[No Variations]"
Add component (AddParameter): Name = "Dominant Wavelength"; Value = "605nm"; VariantName = "[No Variations]"
Add component (AddParameter): Name = "Forward Voltage"; Value = "1.8V"; VariantName = "[No Variations]"
Add component (AddParameter): Name = "Height"; Value = "0.75mm"; VariantName = "[No Variations]"
Add component (AddParameter): Name = "Length"; Value = "3.2mm"; VariantName = "[No Variations]"
Add component (AddParameter): Name = "Lens Color"; Value = "Colorless"; VariantName = "[No Variations]"
Add component (AddParameter): Name = "Lens Transparency"; Value = "Clear"; VariantName = "[No Variations]"
Add component (AddParameter): Name = "Luminous Intensity"; Value = "50mcd"; VariantName = "[No Variations]"
Add component (AddParameter): Name = "Mount"; Value = "Surface Mount"; VariantName = "[No Variations]"
Add component (AddParameter): Name = "Packaging"; Value = "Tape and Reel"; VariantName = "[No Variations]"
Add component (AddParameter): Name = "RoHS Compliant"; Value = "Yes"; VariantName = "[No Variations]"
Add component (AddParameter): Name = "Test Current"; Value = "2mA"; VariantName = "[No Variations]"
Add component (AddParameter): Name = "Viewing Angle"; Value = "120°"; VariantName = "[No Variations]"
Add component (AddParameter): Name = "Width"; Value = "1.6mm"; VariantName = "[No Variations]"
Added Component: Designator=D9(FP-APT3216LSECK-J4-PRV-MFG)
Add component (AddParameter): Name = "Case Code (Imperial)"; Value = "1206"; VariantName = "[No Variations]"
Add component (AddParameter): Name = "Case Code (Metric)"; Value = "3216"; VariantName = "[No Variations]"
Add component (AddParameter): Name = "Case/Package"; Value = "1206"; VariantName = "[No Variations]"
Add component (AddParameter): Name = "Color"; Value = "Orange"; VariantName = "[No Variations]"
Add component (AddParameter): Name = "Dominant Wavelength"; Value = "605nm"; VariantName = "[No Variations]"
Add component (AddParameter): Name = "Forward Voltage"; Value = "1.8V"; VariantName = "[No Variations]"
Add component (AddParameter): Name = "Height"; Value = "0.75mm"; VariantName = "[No Variations]"
Add component (AddParameter): Name = "Length"; Value = "3.2mm"; VariantName = "[No Variations]"
Add component (AddParameter): Name = "Lens Color"; Value = "Colorless"; VariantName = "[No Variations]"
Add component (AddParameter): Name = "Lens Transparency"; Value = "Clear"; VariantName = "[No Variations]"
Add component (AddParameter): Name = "Luminous Intensity"; Value = "50mcd"; VariantName = "[No Variations]"
Add component (AddParameter): Name = "Mount"; Value = "Surface Mount"; VariantName = "[No Variations]"
Add component (AddParameter): Name = "Packaging"; Value = "Tape and Reel"; VariantName = "[No Variations]"
Add component (AddParameter): Name = "RoHS Compliant"; Value = "Yes"; VariantName = "[No Variations]"
Add component (AddParameter): Name = "Test Current"; Value = "2mA"; VariantName = "[No Variations]"
Add component (AddParameter): Name = "Viewing Angle"; Value = "120°"; VariantName = "[No Variations]"
Add component (AddParameter): Name = "Width"; Value = "1.6mm"; VariantName = "[No Variations]"
Added Component: Designator=D10(FP-APT3216LSECK-J4-PRV-MFG)
Add component (AddParameter): Name = "Case Code (Imperial)"; Value = "1206"; VariantName = "[No Variations]"
Add component (AddParameter): Name = "Case Code (Metric)"; Value = "3216"; VariantName = "[No Variations]"
Add component (AddParameter): Name = "Case/Package"; Value = "1206"; VariantName = "[No Variations]"
Add component (AddParameter): Name = "Color"; Value = "Orange"; VariantName = "[No Variations]"
Add component (AddParameter): Name = "Dominant Wavelength"; Value = "605nm"; VariantName = "[No Variations]"
Add component (AddParameter): Name = "Forward Voltage"; Value = "1.8V"; VariantName = "[No Variations]"
Add component (AddParameter): Name = "Height"; Value = "0.75mm"; VariantName = "[No Variations]"
Add component (AddParameter): Name = "Length"; Value = "3.2mm"; VariantName = "[No Variations]"
Add component (AddParameter): Name = "Lens Color"; Value = "Colorless"; VariantName = "[No Variations]"
Add component (AddParameter): Name = "Lens Transparency"; Value = "Clear"; VariantName = "[No Variations]"
Add component (AddParameter): Name = "Luminous Intensity"; Value = "50mcd"; VariantName = "[No Variations]"
Add component (AddParameter): Name = "Mount"; Value = "Surface Mount"; VariantName = "[No Variations]"
Add component (AddParameter): Name = "Packaging"; Value = "Tape and Reel"; VariantName = "[No Variations]"
Add component (AddParameter): Name = "RoHS Compliant"; Value = "Yes"; VariantName = "[No Variations]"
Add component (AddParameter): Name = "Test Current"; Value = "2mA"; VariantName = "[No Variations]"
Add component (AddParameter): Name = "Viewing Angle"; Value = "120°"; VariantName = "[No Variations]"
Add component (AddParameter): Name = "Width"; Value = "1.6mm"; VariantName = "[No Variations]"
Added Component: Designator=D11(FP-403AE-MFG)
Add component (AddParameter): Name = "Automotive"; Value = "No"; VariantName = "[No Variations]"
Add component (AddParameter): Name = "Category"; Value = "Diode"; VariantName = "[No Variations]"
Add component (AddParameter): Name = "ComponentLink2Description"; Value = "Datasheet"; VariantName = "[No Variations]"
Add component (AddParameter): Name = "ComponentLink2URL"; Value = "https://www.onsemi.com/pub/Collateral/SS19-D.PDF"; VariantName = "[No Variations]"
Add component (AddParameter): Name = "Device Class L1"; Value = "Discrete Semiconductors"; VariantName = "[No Variations]"
Add component (AddParameter): Name = "Device Class L2"; Value = "Diodes"; VariantName = "[No Variations]"
Add component (AddParameter): Name = "Device Class L3"; Value = "Schottky Diodes"; VariantName = "[No Variations]"
Add component (AddParameter): Name = "Digikey Description"; Value = "DIODE SCHOTTKY 40V 1A SMA"; VariantName = "[No Variations]"
Add component (AddParameter): Name = "Forward Current"; Value = "1A"; VariantName = "[No Variations]"
Add component (AddParameter): Name = "Height"; Value = "2.5mm"; VariantName = "[No Variations]"
Add component (AddParameter): Name = "Lead Free"; Value = "Yes"; VariantName = "[No Variations]"
Add component (AddParameter): Name = "Manufacturer"; Value = "ON Semiconductor"; VariantName = "[No Variations]"
Add component (AddParameter): Name = "Manufacturer Part Number"; Value = "SS14"; VariantName = "[No Variations]"
Add component (AddParameter): Name = "Max Junction Temp"; Value = "+125°C"; VariantName = "[No Variations]"
Add component (AddParameter): Name = "Max Repetitive Reverse Voltage"; Value = "40V"; VariantName = "[No Variations]"
Add component (AddParameter): Name = "Max Surge Forward Current"; Value = "40A"; VariantName = "[No Variations]"
Add component (AddParameter): Name = "Mouser Description"; Value = "Schottky Diodes & Rectifiers SMA 40V 1.0A"; VariantName = "[No Variations]"
Add component (AddParameter): Name = "Octopart"; Value = "https://octopart.com/ss14-on+semiconductor-29205033"; VariantName = "[No Variations]"
Add component (AddParameter): Name = "Package"; Value = "403AE"; VariantName = "[No Variations]"
Add component (AddParameter): Name = "Peak Reverse Current"; Value = "0.2mA"; VariantName = "[No Variations]"
Add component (AddParameter): Name = "RoHS"; Value = "TRUE"; VariantName = "[No Variations]"
Add component (AddParameter): Name = "Standoff Height"; Value = "0.05mm"; VariantName = "[No Variations]"
Add component (AddParameter): Name = "Temperature"; Value = "-65°C to +125°C"; VariantName = "[No Variations]"
Add component (AddParameter): Name = "Temperature Range High"; Value = "+125°C"; VariantName = "[No Variations]"
Add component (AddParameter): Name = "Temperature Range Low"; Value = "-65°C"; VariantName = "[No Variations]"
Added Component: Designator=D12(FP-APT3216LSECK-J4-PRV-MFG)
Add component (AddParameter): Name = "Case Code (Imperial)"; Value = "1206"; VariantName = "[No Variations]"
Add component (AddParameter): Name = "Case Code (Metric)"; Value = "3216"; VariantName = "[No Variations]"
Add component (AddParameter): Name = "Case/Package"; Value = "1206"; VariantName = "[No Variations]"
Add component (AddParameter): Name = "Color"; Value = "Orange"; VariantName = "[No Variations]"
Add component (AddParameter): Name = "Dominant Wavelength"; Value = "605nm"; VariantName = "[No Variations]"
Add component (AddParameter): Name = "Forward Voltage"; Value = "1.8V"; VariantName = "[No Variations]"
Add component (AddParameter): Name = "Height"; Value = "0.75mm"; VariantName = "[No Variations]"
Add component (AddParameter): Name = "Length"; Value = "3.2mm"; VariantName = "[No Variations]"
Add component (AddParameter): Name = "Lens Color"; Value = "Colorless"; VariantName = "[No Variations]"
Add component (AddParameter): Name = "Lens Transparency"; Value = "Clear"; VariantName = "[No Variations]"
Add component (AddParameter): Name = "Luminous Intensity"; Value = "50mcd"; VariantName = "[No Variations]"
Add component (AddParameter): Name = "Mount"; Value = "Surface Mount"; VariantName = "[No Variations]"
Add component (AddParameter): Name = "Packaging"; Value = "Tape and Reel"; VariantName = "[No Variations]"
Add component (AddParameter): Name = "RoHS Compliant"; Value = "Yes"; VariantName = "[No Variations]"
Add component (AddParameter): Name = "Test Current"; Value = "2mA"; VariantName = "[No Variations]"
Add component (AddParameter): Name = "Viewing Angle"; Value = "120°"; VariantName = "[No Variations]"
Add component (AddParameter): Name = "Width"; Value = "1.6mm"; VariantName = "[No Variations]"
Added Component: Designator=D13(FP-403AE-MFG)
Add component (AddParameter): Name = "Automotive"; Value = "No"; VariantName = "[No Variations]"
Add component (AddParameter): Name = "Category"; Value = "Diode"; VariantName = "[No Variations]"
Add component (AddParameter): Name = "ComponentLink2Description"; Value = "Datasheet"; VariantName = "[No Variations]"
Add component (AddParameter): Name = "ComponentLink2URL"; Value = "https://www.onsemi.com/pub/Collateral/SS19-D.PDF"; VariantName = "[No Variations]"
Add component (AddParameter): Name = "Device Class L1"; Value = "Discrete Semiconductors"; VariantName = "[No Variations]"
Add component (AddParameter): Name = "Device Class L2"; Value = "Diodes"; VariantName = "[No Variations]"
Add component (AddParameter): Name = "Device Class L3"; Value = "Schottky Diodes"; VariantName = "[No Variations]"
Add component (AddParameter): Name = "Digikey Description"; Value = "DIODE SCHOTTKY 40V 1A SMA"; VariantName = "[No Variations]"
Add component (AddParameter): Name = "Forward Current"; Value = "1A"; VariantName = "[No Variations]"
Add component (AddParameter): Name = "Height"; Value = "2.5mm"; VariantName = "[No Variations]"
Add component (AddParameter): Name = "Lead Free"; Value = "Yes"; VariantName = "[No Variations]"
Add component (AddParameter): Name = "Manufacturer"; Value = "ON Semiconductor"; VariantName = "[No Variations]"
Add component (AddParameter): Name = "Manufacturer Part Number"; Value = "SS14"; VariantName = "[No Variations]"
Add component (AddParameter): Name = "Max Junction Temp"; Value = "+125°C"; VariantName = "[No Variations]"
Add component (AddParameter): Name = "Max Repetitive Reverse Voltage"; Value = "40V"; VariantName = "[No Variations]"
Add component (AddParameter): Name = "Max Surge Forward Current"; Value = "40A"; VariantName = "[No Variations]"
Add component (AddParameter): Name = "Mouser Description"; Value = "Schottky Diodes & Rectifiers SMA 40V 1.0A"; VariantName = "[No Variations]"
Add component (AddParameter): Name = "Octopart"; Value = "https://octopart.com/ss14-on+semiconductor-29205033"; VariantName = "[No Variations]"
Add component (AddParameter): Name = "Package"; Value = "403AE"; VariantName = "[No Variations]"
Add component (AddParameter): Name = "Peak Reverse Current"; Value = "0.2mA"; VariantName = "[No Variations]"
Add component (AddParameter): Name = "RoHS"; Value = "TRUE"; VariantName = "[No Variations]"
Add component (AddParameter): Name = "Standoff Height"; Value = "0.05mm"; VariantName = "[No Variations]"
Add component (AddParameter): Name = "Temperature"; Value = "-65°C to +125°C"; VariantName = "[No Variations]"
Add component (AddParameter): Name = "Temperature Range High"; Value = "+125°C"; VariantName = "[No Variations]"
Add component (AddParameter): Name = "Temperature Range Low"; Value = "-65°C"; VariantName = "[No Variations]"
Added Component: Designator=D14(FP-APT3216LSECK-J4-PRV-MFG)
Add component (AddParameter): Name = "Case Code (Imperial)"; Value = "1206"; VariantName = "[No Variations]"
Add component (AddParameter): Name = "Case Code (Metric)"; Value = "3216"; VariantName = "[No Variations]"
Add component (AddParameter): Name = "Case/Package"; Value = "1206"; VariantName = "[No Variations]"
Add component (AddParameter): Name = "Color"; Value = "Orange"; VariantName = "[No Variations]"
Add component (AddParameter): Name = "Dominant Wavelength"; Value = "605nm"; VariantName = "[No Variations]"
Add component (AddParameter): Name = "Forward Voltage"; Value = "1.8V"; VariantName = "[No Variations]"
Add component (AddParameter): Name = "Height"; Value = "0.75mm"; VariantName = "[No Variations]"
Add component (AddParameter): Name = "Length"; Value = "3.2mm"; VariantName = "[No Variations]"
Add component (AddParameter): Name = "Lens Color"; Value = "Colorless"; VariantName = "[No Variations]"
Add component (AddParameter): Name = "Lens Transparency"; Value = "Clear"; VariantName = "[No Variations]"
Add component (AddParameter): Name = "Luminous Intensity"; Value = "50mcd"; VariantName = "[No Variations]"
Add component (AddParameter): Name = "Mount"; Value = "Surface Mount"; VariantName = "[No Variations]"
Add component (AddParameter): Name = "Packaging"; Value = "Tape and Reel"; VariantName = "[No Variations]"
Add component (AddParameter): Name = "RoHS Compliant"; Value = "Yes"; VariantName = "[No Variations]"
Add component (AddParameter): Name = "Test Current"; Value = "2mA"; VariantName = "[No Variations]"
Add component (AddParameter): Name = "Viewing Angle"; Value = "120°"; VariantName = "[No Variations]"
Add component (AddParameter): Name = "Width"; Value = "1.6mm"; VariantName = "[No Variations]"
Added Component: Designator=D15(FP-APT3216LSECK-J4-PRV-MFG)
Add component (AddParameter): Name = "Case Code (Imperial)"; Value = "1206"; VariantName = "[No Variations]"
Add component (AddParameter): Name = "Case Code (Metric)"; Value = "3216"; VariantName = "[No Variations]"
Add component (AddParameter): Name = "Case/Package"; Value = "1206"; VariantName = "[No Variations]"
Add component (AddParameter): Name = "Color"; Value = "Orange"; VariantName = "[No Variations]"
Add component (AddParameter): Name = "Dominant Wavelength"; Value = "605nm"; VariantName = "[No Variations]"
Add component (AddParameter): Name = "Forward Voltage"; Value = "1.8V"; VariantName = "[No Variations]"
Add component (AddParameter): Name = "Height"; Value = "0.75mm"; VariantName = "[No Variations]"
Add component (AddParameter): Name = "Length"; Value = "3.2mm"; VariantName = "[No Variations]"
Add component (AddParameter): Name = "Lens Color"; Value = "Colorless"; VariantName = "[No Variations]"
Add component (AddParameter): Name = "Lens Transparency"; Value = "Clear"; VariantName = "[No Variations]"
Add component (AddParameter): Name = "Luminous Intensity"; Value = "50mcd"; VariantName = "[No Variations]"
Add component (AddParameter): Name = "Mount"; Value = "Surface Mount"; VariantName = "[No Variations]"
Add component (AddParameter): Name = "Packaging"; Value = "Tape and Reel"; VariantName = "[No Variations]"
Add component (AddParameter): Name = "RoHS Compliant"; Value = "Yes"; VariantName = "[No Variations]"
Add component (AddParameter): Name = "Test Current"; Value = "2mA"; VariantName = "[No Variations]"
Add component (AddParameter): Name = "Viewing Angle"; Value = "120°"; VariantName = "[No Variations]"
Add component (AddParameter): Name = "Width"; Value = "1.6mm"; VariantName = "[No Variations]"
Added Component: Designator=D16(FP-403AE-MFG)
Add component (AddParameter): Name = "Automotive"; Value = "No"; VariantName = "[No Variations]"
Add component (AddParameter): Name = "Category"; Value = "Diode"; VariantName = "[No Variations]"
Add component (AddParameter): Name = "ComponentLink2Description"; Value = "Datasheet"; VariantName = "[No Variations]"
Add component (AddParameter): Name = "ComponentLink2URL"; Value = "https://www.onsemi.com/pub/Collateral/SS19-D.PDF"; VariantName = "[No Variations]"
Add component (AddParameter): Name = "Device Class L1"; Value = "Discrete Semiconductors"; VariantName = "[No Variations]"
Add component (AddParameter): Name = "Device Class L2"; Value = "Diodes"; VariantName = "[No Variations]"
Add component (AddParameter): Name = "Device Class L3"; Value = "Schottky Diodes"; VariantName = "[No Variations]"
Add component (AddParameter): Name = "Digikey Description"; Value = "DIODE SCHOTTKY 40V 1A SMA"; VariantName = "[No Variations]"
Add component (AddParameter): Name = "Forward Current"; Value = "1A"; VariantName = "[No Variations]"
Add component (AddParameter): Name = "Height"; Value = "2.5mm"; VariantName = "[No Variations]"
Add component (AddParameter): Name = "Lead Free"; Value = "Yes"; VariantName = "[No Variations]"
Add component (AddParameter): Name = "Manufacturer"; Value = "ON Semiconductor"; VariantName = "[No Variations]"
Add component (AddParameter): Name = "Manufacturer Part Number"; Value = "SS14"; VariantName = "[No Variations]"
Add component (AddParameter): Name = "Max Junction Temp"; Value = "+125°C"; VariantName = "[No Variations]"
Add component (AddParameter): Name = "Max Repetitive Reverse Voltage"; Value = "40V"; VariantName = "[No Variations]"
Add component (AddParameter): Name = "Max Surge Forward Current"; Value = "40A"; VariantName = "[No Variations]"
Add component (AddParameter): Name = "Mouser Description"; Value = "Schottky Diodes & Rectifiers SMA 40V 1.0A"; VariantName = "[No Variations]"
Add component (AddParameter): Name = "Octopart"; Value = "https://octopart.com/ss14-on+semiconductor-29205033"; VariantName = "[No Variations]"
Add component (AddParameter): Name = "Package"; Value = "403AE"; VariantName = "[No Variations]"
Add component (AddParameter): Name = "Peak Reverse Current"; Value = "0.2mA"; VariantName = "[No Variations]"
Add component (AddParameter): Name = "RoHS"; Value = "TRUE"; VariantName = "[No Variations]"
Add component (AddParameter): Name = "Standoff Height"; Value = "0.05mm"; VariantName = "[No Variations]"
Add component (AddParameter): Name = "Temperature"; Value = "-65°C to +125°C"; VariantName = "[No Variations]"
Add component (AddParameter): Name = "Temperature Range High"; Value = "+125°C"; VariantName = "[No Variations]"
Add component (AddParameter): Name = "Temperature Range Low"; Value = "-65°C"; VariantName = "[No Variations]"
Added Component: Designator=D17(FP-APT3216LSECK-J4-PRV-MFG)
Add component (AddParameter): Name = "Case Code (Imperial)"; Value = "1206"; VariantName = "[No Variations]"
Add component (AddParameter): Name = "Case Code (Metric)"; Value = "3216"; VariantName = "[No Variations]"
Add component (AddParameter): Name = "Case/Package"; Value = "1206"; VariantName = "[No Variations]"
Add component (AddParameter): Name = "Color"; Value = "Orange"; VariantName = "[No Variations]"
Add component (AddParameter): Name = "Dominant Wavelength"; Value = "605nm"; VariantName = "[No Variations]"
Add component (AddParameter): Name = "Forward Voltage"; Value = "1.8V"; VariantName = "[No Variations]"
Add component (AddParameter): Name = "Height"; Value = "0.75mm"; VariantName = "[No Variations]"
Add component (AddParameter): Name = "Length"; Value = "3.2mm"; VariantName = "[No Variations]"
Add component (AddParameter): Name = "Lens Color"; Value = "Colorless"; VariantName = "[No Variations]"
Add component (AddParameter): Name = "Lens Transparency"; Value = "Clear"; VariantName = "[No Variations]"
Add component (AddParameter): Name = "Luminous Intensity"; Value = "50mcd"; VariantName = "[No Variations]"
Add component (AddParameter): Name = "Mount"; Value = "Surface Mount"; VariantName = "[No Variations]"
Add component (AddParameter): Name = "Packaging"; Value = "Tape and Reel"; VariantName = "[No Variations]"
Add component (AddParameter): Name = "RoHS Compliant"; Value = "Yes"; VariantName = "[No Variations]"
Add component (AddParameter): Name = "Test Current"; Value = "2mA"; VariantName = "[No Variations]"
Add component (AddParameter): Name = "Viewing Angle"; Value = "120°"; VariantName = "[No Variations]"
Add component (AddParameter): Name = "Width"; Value = "1.6mm"; VariantName = "[No Variations]"
Added Component: Designator=D18(FP-APT3216LSECK-J4-PRV-MFG)
Add component (AddParameter): Name = "Case Code (Imperial)"; Value = "1206"; VariantName = "[No Variations]"
Add component (AddParameter): Name = "Case Code (Metric)"; Value = "3216"; VariantName = "[No Variations]"
Add component (AddParameter): Name = "Case/Package"; Value = "1206"; VariantName = "[No Variations]"
Add component (AddParameter): Name = "Color"; Value = "Orange"; VariantName = "[No Variations]"
Add component (AddParameter): Name = "Dominant Wavelength"; Value = "605nm"; VariantName = "[No Variations]"
Add component (AddParameter): Name = "Forward Voltage"; Value = "1.8V"; VariantName = "[No Variations]"
Add component (AddParameter): Name = "Height"; Value = "0.75mm"; VariantName = "[No Variations]"
Add component (AddParameter): Name = "Length"; Value = "3.2mm"; VariantName = "[No Variations]"
Add component (AddParameter): Name = "Lens Color"; Value = "Colorless"; VariantName = "[No Variations]"
Add component (AddParameter): Name = "Lens Transparency"; Value = "Clear"; VariantName = "[No Variations]"
Add component (AddParameter): Name = "Luminous Intensity"; Value = "50mcd"; VariantName = "[No Variations]"
Add component (AddParameter): Name = "Mount"; Value = "Surface Mount"; VariantName = "[No Variations]"
Add component (AddParameter): Name = "Packaging"; Value = "Tape and Reel"; VariantName = "[No Variations]"
Add component (AddParameter): Name = "RoHS Compliant"; Value = "Yes"; VariantName = "[No Variations]"
Add component (AddParameter): Name = "Test Current"; Value = "2mA"; VariantName = "[No Variations]"
Add component (AddParameter): Name = "Viewing Angle"; Value = "120°"; VariantName = "[No Variations]"
Add component (AddParameter): Name = "Width"; Value = "1.6mm"; VariantName = "[No Variations]"
Added Component: Designator=D19(FP-403AE-MFG)
Add component (AddParameter): Name = "Automotive"; Value = "No"; VariantName = "[No Variations]"
Add component (AddParameter): Name = "Category"; Value = "Diode"; VariantName = "[No Variations]"
Add component (AddParameter): Name = "ComponentLink2Description"; Value = "Datasheet"; VariantName = "[No Variations]"
Add component (AddParameter): Name = "ComponentLink2URL"; Value = "https://www.onsemi.com/pub/Collateral/SS19-D.PDF"; VariantName = "[No Variations]"
Add component (AddParameter): Name = "Device Class L1"; Value = "Discrete Semiconductors"; VariantName = "[No Variations]"
Add component (AddParameter): Name = "Device Class L2"; Value = "Diodes"; VariantName = "[No Variations]"
Add component (AddParameter): Name = "Device Class L3"; Value = "Schottky Diodes"; VariantName = "[No Variations]"
Add component (AddParameter): Name = "Digikey Description"; Value = "DIODE SCHOTTKY 40V 1A SMA"; VariantName = "[No Variations]"
Add component (AddParameter): Name = "Forward Current"; Value = "1A"; VariantName = "[No Variations]"
Add component (AddParameter): Name = "Height"; Value = "2.5mm"; VariantName = "[No Variations]"
Add component (AddParameter): Name = "Lead Free"; Value = "Yes"; VariantName = "[No Variations]"
Add component (AddParameter): Name = "Manufacturer"; Value = "ON Semiconductor"; VariantName = "[No Variations]"
Add component (AddParameter): Name = "Manufacturer Part Number"; Value = "SS14"; VariantName = "[No Variations]"
Add component (AddParameter): Name = "Max Junction Temp"; Value = "+125°C"; VariantName = "[No Variations]"
Add component (AddParameter): Name = "Max Repetitive Reverse Voltage"; Value = "40V"; VariantName = "[No Variations]"
Add component (AddParameter): Name = "Max Surge Forward Current"; Value = "40A"; VariantName = "[No Variations]"
Add component (AddParameter): Name = "Mouser Description"; Value = "Schottky Diodes & Rectifiers SMA 40V 1.0A"; VariantName = "[No Variations]"
Add component (AddParameter): Name = "Octopart"; Value = "https://octopart.com/ss14-on+semiconductor-29205033"; VariantName = "[No Variations]"
Add component (AddParameter): Name = "Package"; Value = "403AE"; VariantName = "[No Variations]"
Add component (AddParameter): Name = "Peak Reverse Current"; Value = "0.2mA"; VariantName = "[No Variations]"
Add component (AddParameter): Name = "RoHS"; Value = "TRUE"; VariantName = "[No Variations]"
Add component (AddParameter): Name = "Standoff Height"; Value = "0.05mm"; VariantName = "[No Variations]"
Add component (AddParameter): Name = "Temperature"; Value = "-65°C to +125°C"; VariantName = "[No Variations]"
Add component (AddParameter): Name = "Temperature Range High"; Value = "+125°C"; VariantName = "[No Variations]"
Add component (AddParameter): Name = "Temperature Range Low"; Value = "-65°C"; VariantName = "[No Variations]"
Added Component: Designator=D20(FP-APT3216LSECK-J4-PRV-MFG)
Add component (AddParameter): Name = "Case Code (Imperial)"; Value = "1206"; VariantName = "[No Variations]"
Add component (AddParameter): Name = "Case Code (Metric)"; Value = "3216"; VariantName = "[No Variations]"
Add component (AddParameter): Name = "Case/Package"; Value = "1206"; VariantName = "[No Variations]"
Add component (AddParameter): Name = "Color"; Value = "Orange"; VariantName = "[No Variations]"
Add component (AddParameter): Name = "Dominant Wavelength"; Value = "605nm"; VariantName = "[No Variations]"
Add component (AddParameter): Name = "Forward Voltage"; Value = "1.8V"; VariantName = "[No Variations]"
Add component (AddParameter): Name = "Height"; Value = "0.75mm"; VariantName = "[No Variations]"
Add component (AddParameter): Name = "Length"; Value = "3.2mm"; VariantName = "[No Variations]"
Add component (AddParameter): Name = "Lens Color"; Value = "Colorless"; VariantName = "[No Variations]"
Add component (AddParameter): Name = "Lens Transparency"; Value = "Clear"; VariantName = "[No Variations]"
Add component (AddParameter): Name = "Luminous Intensity"; Value = "50mcd"; VariantName = "[No Variations]"
Add component (AddParameter): Name = "Mount"; Value = "Surface Mount"; VariantName = "[No Variations]"
Add component (AddParameter): Name = "Packaging"; Value = "Tape and Reel"; VariantName = "[No Variations]"
Add component (AddParameter): Name = "RoHS Compliant"; Value = "Yes"; VariantName = "[No Variations]"
Add component (AddParameter): Name = "Test Current"; Value = "2mA"; VariantName = "[No Variations]"
Add component (AddParameter): Name = "Viewing Angle"; Value = "120°"; VariantName = "[No Variations]"
Add component (AddParameter): Name = "Width"; Value = "1.6mm"; VariantName = "[No Variations]"
Added Component: Designator=D21(FP-APT3216LSECK-J4-PRV-MFG)
Add component (AddParameter): Name = "Case Code (Imperial)"; Value = "1206"; VariantName = "[No Variations]"
Add component (AddParameter): Name = "Case Code (Metric)"; Value = "3216"; VariantName = "[No Variations]"
Add component (AddParameter): Name = "Case/Package"; Value = "1206"; VariantName = "[No Variations]"
Add component (AddParameter): Name = "Color"; Value = "Orange"; VariantName = "[No Variations]"
Add component (AddParameter): Name = "Dominant Wavelength"; Value = "605nm"; VariantName = "[No Variations]"
Add component (AddParameter): Name = "Forward Voltage"; Value = "1.8V"; VariantName = "[No Variations]"
Add component (AddParameter): Name = "Height"; Value = "0.75mm"; VariantName = "[No Variations]"
Add component (AddParameter): Name = "Length"; Value = "3.2mm"; VariantName = "[No Variations]"
Add component (AddParameter): Name = "Lens Color"; Value = "Colorless"; VariantName = "[No Variations]"
Add component (AddParameter): Name = "Lens Transparency"; Value = "Clear"; VariantName = "[No Variations]"
Add component (AddParameter): Name = "Luminous Intensity"; Value = "50mcd"; VariantName = "[No Variations]"
Add component (AddParameter): Name = "Mount"; Value = "Surface Mount"; VariantName = "[No Variations]"
Add component (AddParameter): Name = "Packaging"; Value = "Tape and Reel"; VariantName = "[No Variations]"
Add component (AddParameter): Name = "RoHS Compliant"; Value = "Yes"; VariantName = "[No Variations]"
Add component (AddParameter): Name = "Test Current"; Value = "2mA"; VariantName = "[No Variations]"
Add component (AddParameter): Name = "Viewing Angle"; Value = "120°"; VariantName = "[No Variations]"
Add component (AddParameter): Name = "Width"; Value = "1.6mm"; VariantName = "[No Variations]"
Added Component: Designator=D22(FP-403AE-MFG)
Add component (AddParameter): Name = "Automotive"; Value = "No"; VariantName = "[No Variations]"
Add component (AddParameter): Name = "Category"; Value = "Diode"; VariantName = "[No Variations]"
Add component (AddParameter): Name = "ComponentLink2Description"; Value = "Datasheet"; VariantName = "[No Variations]"
Add component (AddParameter): Name = "ComponentLink2URL"; Value = "https://www.onsemi.com/pub/Collateral/SS19-D.PDF"; VariantName = "[No Variations]"
Add component (AddParameter): Name = "Device Class L1"; Value = "Discrete Semiconductors"; VariantName = "[No Variations]"
Add component (AddParameter): Name = "Device Class L2"; Value = "Diodes"; VariantName = "[No Variations]"
Add component (AddParameter): Name = "Device Class L3"; Value = "Schottky Diodes"; VariantName = "[No Variations]"
Add component (AddParameter): Name = "Digikey Description"; Value = "DIODE SCHOTTKY 40V 1A SMA"; VariantName = "[No Variations]"
Add component (AddParameter): Name = "Forward Current"; Value = "1A"; VariantName = "[No Variations]"
Add component (AddParameter): Name = "Height"; Value = "2.5mm"; VariantName = "[No Variations]"
Add component (AddParameter): Name = "Lead Free"; Value = "Yes"; VariantName = "[No Variations]"
Add component (AddParameter): Name = "Manufacturer"; Value = "ON Semiconductor"; VariantName = "[No Variations]"
Add component (AddParameter): Name = "Manufacturer Part Number"; Value = "SS14"; VariantName = "[No Variations]"
Add component (AddParameter): Name = "Max Junction Temp"; Value = "+125°C"; VariantName = "[No Variations]"
Add component (AddParameter): Name = "Max Repetitive Reverse Voltage"; Value = "40V"; VariantName = "[No Variations]"
Add component (AddParameter): Name = "Max Surge Forward Current"; Value = "40A"; VariantName = "[No Variations]"
Add component (AddParameter): Name = "Mouser Description"; Value = "Schottky Diodes & Rectifiers SMA 40V 1.0A"; VariantName = "[No Variations]"
Add component (AddParameter): Name = "Octopart"; Value = "https://octopart.com/ss14-on+semiconductor-29205033"; VariantName = "[No Variations]"
Add component (AddParameter): Name = "Package"; Value = "403AE"; VariantName = "[No Variations]"
Add component (AddParameter): Name = "Peak Reverse Current"; Value = "0.2mA"; VariantName = "[No Variations]"
Add component (AddParameter): Name = "RoHS"; Value = "TRUE"; VariantName = "[No Variations]"
Add component (AddParameter): Name = "Standoff Height"; Value = "0.05mm"; VariantName = "[No Variations]"
Add component (AddParameter): Name = "Temperature"; Value = "-65°C to +125°C"; VariantName = "[No Variations]"
Add component (AddParameter): Name = "Temperature Range High"; Value = "+125°C"; VariantName = "[No Variations]"
Add component (AddParameter): Name = "Temperature Range Low"; Value = "-65°C"; VariantName = "[No Variations]"
Added Component: Designator=D23(FP-APT3216LSECK-J4-PRV-MFG)
Add component (AddParameter): Name = "Case Code (Imperial)"; Value = "1206"; VariantName = "[No Variations]"
Add component (AddParameter): Name = "Case Code (Metric)"; Value = "3216"; VariantName = "[No Variations]"
Add component (AddParameter): Name = "Case/Package"; Value = "1206"; VariantName = "[No Variations]"
Add component (AddParameter): Name = "Color"; Value = "Orange"; VariantName = "[No Variations]"
Add component (AddParameter): Name = "Dominant Wavelength"; Value = "605nm"; VariantName = "[No Variations]"
Add component (AddParameter): Name = "Forward Voltage"; Value = "1.8V"; VariantName = "[No Variations]"
Add component (AddParameter): Name = "Height"; Value = "0.75mm"; VariantName = "[No Variations]"
Add component (AddParameter): Name = "Length"; Value = "3.2mm"; VariantName = "[No Variations]"
Add component (AddParameter): Name = "Lens Color"; Value = "Colorless"; VariantName = "[No Variations]"
Add component (AddParameter): Name = "Lens Transparency"; Value = "Clear"; VariantName = "[No Variations]"
Add component (AddParameter): Name = "Luminous Intensity"; Value = "50mcd"; VariantName = "[No Variations]"
Add component (AddParameter): Name = "Mount"; Value = "Surface Mount"; VariantName = "[No Variations]"
Add component (AddParameter): Name = "Packaging"; Value = "Tape and Reel"; VariantName = "[No Variations]"
Add component (AddParameter): Name = "RoHS Compliant"; Value = "Yes"; VariantName = "[No Variations]"
Add component (AddParameter): Name = "Test Current"; Value = "2mA"; VariantName = "[No Variations]"
Add component (AddParameter): Name = "Viewing Angle"; Value = "120°"; VariantName = "[No Variations]"
Add component (AddParameter): Name = "Width"; Value = "1.6mm"; VariantName = "[No Variations]"
Added Component: Designator=L1(FP-DS75LC-MFG)
Add component (AddParameter): Name = "Case/Package"; Value = "Nonstandard"; VariantName = "[No Variations]"
Add component (AddParameter): Name = "Core Material"; Value = "Ferrite"; VariantName = "[No Variations]"
Add component (AddParameter): Name = "Current Rating"; Value = "1.3A"; VariantName = "[No Variations]"
Add component (AddParameter): Name = "DC Resistance (DCR)"; Value = "200mR"; VariantName = "[No Variations]"
Add component (AddParameter): Name = "Height - Seated (Max)"; Value = "0.197inch"; VariantName = "[No Variations]"
Add component (AddParameter): Name = "Inductance"; Value = "47uH"; VariantName = "[No Variations]"
Add component (AddParameter): Name = "Length"; Value = "0.299inch"; VariantName = "[No Variations]"
Add component (AddParameter): Name = "Max Operating Temperature"; Value = "85°C"; VariantName = "[No Variations]"
Add component (AddParameter): Name = "Min Operating Temperature"; Value = "-40°C"; VariantName = "[No Variations]"
Add component (AddParameter): Name = "Mount"; Value = "Surface Mount"; VariantName = "[No Variations]"
Add component (AddParameter): Name = "Packaging"; Value = "Cut Tape"; VariantName = "[No Variations]"
Add component (AddParameter): Name = "Resistor Type"; Value = "Wirewound"; VariantName = "[No Variations]"
Add component (AddParameter): Name = "RoHS Compliant"; Value = "Yes"; VariantName = "[No Variations]"
Add component (AddParameter): Name = "Saturation Current"; Value = "1.38A"; VariantName = "[No Variations]"
Add component (AddParameter): Name = "Shielding"; Value = "Shielded"; VariantName = "[No Variations]"
Add component (AddParameter): Name = "Test Frequency"; Value = "100kHz"; VariantName = "[No Variations]"
Add component (AddParameter): Name = "Tolerance"; Value = "20%"; VariantName = "[No Variations]"
Add component (AddParameter): Name = "Width"; Value = "0.299inch"; VariantName = "[No Variations]"
Added Component: Designator=L2(FP-DS75LC-MFG)
Add component (AddParameter): Name = "Case/Package"; Value = "Nonstandard"; VariantName = "[No Variations]"
Add component (AddParameter): Name = "Core Material"; Value = "Ferrite"; VariantName = "[No Variations]"
Add component (AddParameter): Name = "Current Rating"; Value = "1.3A"; VariantName = "[No Variations]"
Add component (AddParameter): Name = "DC Resistance (DCR)"; Value = "200mR"; VariantName = "[No Variations]"
Add component (AddParameter): Name = "Height - Seated (Max)"; Value = "0.197inch"; VariantName = "[No Variations]"
Add component (AddParameter): Name = "Inductance"; Value = "47uH"; VariantName = "[No Variations]"
Add component (AddParameter): Name = "Length"; Value = "0.299inch"; VariantName = "[No Variations]"
Add component (AddParameter): Name = "Max Operating Temperature"; Value = "85°C"; VariantName = "[No Variations]"
Add component (AddParameter): Name = "Min Operating Temperature"; Value = "-40°C"; VariantName = "[No Variations]"
Add component (AddParameter): Name = "Mount"; Value = "Surface Mount"; VariantName = "[No Variations]"
Add component (AddParameter): Name = "Packaging"; Value = "Cut Tape"; VariantName = "[No Variations]"
Add component (AddParameter): Name = "Resistor Type"; Value = "Wirewound"; VariantName = "[No Variations]"
Add component (AddParameter): Name = "RoHS Compliant"; Value = "Yes"; VariantName = "[No Variations]"
Add component (AddParameter): Name = "Saturation Current"; Value = "1.38A"; VariantName = "[No Variations]"
Add component (AddParameter): Name = "Shielding"; Value = "Shielded"; VariantName = "[No Variations]"
Add component (AddParameter): Name = "Test Frequency"; Value = "100kHz"; VariantName = "[No Variations]"
Add component (AddParameter): Name = "Tolerance"; Value = "20%"; VariantName = "[No Variations]"
Add component (AddParameter): Name = "Width"; Value = "0.299inch"; VariantName = "[No Variations]"
Added Component: Designator=Q1(FP-PG-TO263-3-MFG)
Add component (AddParameter): Name = "Case/Package"; Value = "D2PAK"; VariantName = "[No Variations]"
Add component (AddParameter): Name = "Contact Plating"; Value = "Tin"; VariantName = "[No Variations]"
Add component (AddParameter): Name = "Continuous Drain Current (ID)"; Value = "33A"; VariantName = "[No Variations]"
Add component (AddParameter): Name = "Current Rating"; Value = "33A"; VariantName = "[No Variations]"
Add component (AddParameter): Name = "Drain to Source Breakdown Voltage"; Value = "100V"; VariantName = "[No Variations]"
Add component (AddParameter): Name = "Drain to Source Resistance"; Value = "44mO"; VariantName = "[No Variations]"
Add component (AddParameter): Name = "Drain to Source Voltage (Vdss)"; Value = "100V"; VariantName = "[No Variations]"
Add component (AddParameter): Name = "Dual Supply Voltage"; Value = "100V"; VariantName = "[No Variations]"
Add component (AddParameter): Name = "Element Configuration"; Value = "Single"; VariantName = "[No Variations]"
Add component (AddParameter): Name = "Fall Time"; Value = "35ns"; VariantName = "[No Variations]"
Add component (AddParameter): Name = "Gate to Source Voltage (Vgs)"; Value = "20V"; VariantName = "[No Variations]"
Add component (AddParameter): Name = "Height"; Value = "4.826mm"; VariantName = "[No Variations]"
Add component (AddParameter): Name = "Input Capacitance"; Value = "1.96nF"; VariantName = "[No Variations]"
Add component (AddParameter): Name = "Lead Free"; Value = "Lead Free"; VariantName = "[No Variations]"
Add component (AddParameter): Name = "Length"; Value = "10.668mm"; VariantName = "[No Variations]"
Add component (AddParameter): Name = "Lifecycle Status"; Value = "NRND"; VariantName = "[No Variations]"
Add component (AddParameter): Name = "Max Junction Temperature (Tj)"; Value = "175°C"; VariantName = "[No Variations]"
Add component (AddParameter): Name = "Max Operating Temperature"; Value = "175°C"; VariantName = "[No Variations]"
Add component (AddParameter): Name = "Max Power Dissipation"; Value = "3.8W"; VariantName = "[No Variations]"
Add component (AddParameter): Name = "Min Operating Temperature"; Value = "-55°C"; VariantName = "[No Variations]"
Add component (AddParameter): Name = "Mount"; Value = "Surface Mount"; VariantName = "[No Variations]"
Add component (AddParameter): Name = "NexarPartId"; Value = "65873407"; VariantName = "[No Variations]"
Add component (AddParameter): Name = "Nominal Vgs"; Value = "4V"; VariantName = "[No Variations]"
Add component (AddParameter): Name = "Number of Channels"; Value = "1"; VariantName = "[No Variations]"
Add component (AddParameter): Name = "Number of Elements"; Value = "1"; VariantName = "[No Variations]"
Add component (AddParameter): Name = "Number of Pins"; Value = "3"; VariantName = "[No Variations]"
Add component (AddParameter): Name = "On-State Resistance"; Value = "44mO"; VariantName = "[No Variations]"
Add component (AddParameter): Name = "Package Quantity"; Value = "800"; VariantName = "[No Variations]"
Add component (AddParameter): Name = "Packaging"; Value = "Bulk"; VariantName = "[No Variations]"
Add component (AddParameter): Name = "Power Dissipation"; Value = "3.8W"; VariantName = "[No Variations]"
Add component (AddParameter): Name = "Radiation Hardening"; Value = "No"; VariantName = "[No Variations]"
Add component (AddParameter): Name = "Rds On Max"; Value = "8.4mO"; VariantName = "[No Variations]"
Add component (AddParameter): Name = "REACH SVHC"; Value = "No SVHC"; VariantName = "[No Variations]"
Add component (AddParameter): Name = "Recovery Time"; Value = "170ns"; VariantName = "[No Variations]"
Add component (AddParameter): Name = "Resistance"; Value = "44MO"; VariantName = "[No Variations]"
Add component (AddParameter): Name = "Rise Time"; Value = "35ns"; VariantName = "[No Variations]"
Add component (AddParameter): Name = "RoHS"; Value = "Compliant"; VariantName = "[No Variations]"
Add component (AddParameter): Name = "Schedule B"; Value = "8541290080, 8541290080"; VariantName = "[No Variations]"
Add component (AddParameter): Name = "Termination"; Value = "SMD/SMT"; VariantName = "[No Variations]"
Add component (AddParameter): Name = "Threshold Voltage"; Value = "4V"; VariantName = "[No Variations]"
Add component (AddParameter): Name = "Turn-Off Delay Time"; Value = "39ns"; VariantName = "[No Variations]"
Add component (AddParameter): Name = "Turn-On Delay Time"; Value = "11ns"; VariantName = "[No Variations]"
Add component (AddParameter): Name = "Voltage Rating (DC)"; Value = "100V"; VariantName = "[No Variations]"
Add component (AddParameter): Name = "Width"; Value = "9.65mm"; VariantName = "[No Variations]"
Added Component: Designator=Q2(FP-PG-TO263-3-MFG)
Add component (AddParameter): Name = "Case/Package"; Value = "D2PAK"; VariantName = "[No Variations]"
Add component (AddParameter): Name = "Contact Plating"; Value = "Tin"; VariantName = "[No Variations]"
Add component (AddParameter): Name = "Continuous Drain Current (ID)"; Value = "33A"; VariantName = "[No Variations]"
Add component (AddParameter): Name = "Current Rating"; Value = "33A"; VariantName = "[No Variations]"
Add component (AddParameter): Name = "Drain to Source Breakdown Voltage"; Value = "100V"; VariantName = "[No Variations]"
Add component (AddParameter): Name = "Drain to Source Resistance"; Value = "44mO"; VariantName = "[No Variations]"
Add component (AddParameter): Name = "Drain to Source Voltage (Vdss)"; Value = "100V"; VariantName = "[No Variations]"
Add component (AddParameter): Name = "Dual Supply Voltage"; Value = "100V"; VariantName = "[No Variations]"
Add component (AddParameter): Name = "Element Configuration"; Value = "Single"; VariantName = "[No Variations]"
Add component (AddParameter): Name = "Fall Time"; Value = "35ns"; VariantName = "[No Variations]"
Add component (AddParameter): Name = "Gate to Source Voltage (Vgs)"; Value = "20V"; VariantName = "[No Variations]"
Add component (AddParameter): Name = "Height"; Value = "4.826mm"; VariantName = "[No Variations]"
Add component (AddParameter): Name = "Input Capacitance"; Value = "1.96nF"; VariantName = "[No Variations]"
Add component (AddParameter): Name = "Lead Free"; Value = "Lead Free"; VariantName = "[No Variations]"
Add component (AddParameter): Name = "Length"; Value = "10.668mm"; VariantName = "[No Variations]"
Add component (AddParameter): Name = "Lifecycle Status"; Value = "NRND"; VariantName = "[No Variations]"
Add component (AddParameter): Name = "Max Junction Temperature (Tj)"; Value = "175°C"; VariantName = "[No Variations]"
Add component (AddParameter): Name = "Max Operating Temperature"; Value = "175°C"; VariantName = "[No Variations]"
Add component (AddParameter): Name = "Max Power Dissipation"; Value = "3.8W"; VariantName = "[No Variations]"
Add component (AddParameter): Name = "Min Operating Temperature"; Value = "-55°C"; VariantName = "[No Variations]"
Add component (AddParameter): Name = "Mount"; Value = "Surface Mount"; VariantName = "[No Variations]"
Add component (AddParameter): Name = "NexarPartId"; Value = "65873407"; VariantName = "[No Variations]"
Add component (AddParameter): Name = "Nominal Vgs"; Value = "4V"; VariantName = "[No Variations]"
Add component (AddParameter): Name = "Number of Channels"; Value = "1"; VariantName = "[No Variations]"
Add component (AddParameter): Name = "Number of Elements"; Value = "1"; VariantName = "[No Variations]"
Add component (AddParameter): Name = "Number of Pins"; Value = "3"; VariantName = "[No Variations]"
Add component (AddParameter): Name = "On-State Resistance"; Value = "44mO"; VariantName = "[No Variations]"
Add component (AddParameter): Name = "Package Quantity"; Value = "800"; VariantName = "[No Variations]"
Add component (AddParameter): Name = "Packaging"; Value = "Bulk"; VariantName = "[No Variations]"
Add component (AddParameter): Name = "Power Dissipation"; Value = "3.8W"; VariantName = "[No Variations]"
Add component (AddParameter): Name = "Radiation Hardening"; Value = "No"; VariantName = "[No Variations]"
Add component (AddParameter): Name = "Rds On Max"; Value = "8.4mO"; VariantName = "[No Variations]"
Add component (AddParameter): Name = "REACH SVHC"; Value = "No SVHC"; VariantName = "[No Variations]"
Add component (AddParameter): Name = "Recovery Time"; Value = "170ns"; VariantName = "[No Variations]"
Add component (AddParameter): Name = "Resistance"; Value = "44MO"; VariantName = "[No Variations]"
Add component (AddParameter): Name = "Rise Time"; Value = "35ns"; VariantName = "[No Variations]"
Add component (AddParameter): Name = "RoHS"; Value = "Compliant"; VariantName = "[No Variations]"
Add component (AddParameter): Name = "Schedule B"; Value = "8541290080, 8541290080"; VariantName = "[No Variations]"
Add component (AddParameter): Name = "Termination"; Value = "SMD/SMT"; VariantName = "[No Variations]"
Add component (AddParameter): Name = "Threshold Voltage"; Value = "4V"; VariantName = "[No Variations]"
Add component (AddParameter): Name = "Turn-Off Delay Time"; Value = "39ns"; VariantName = "[No Variations]"
Add component (AddParameter): Name = "Turn-On Delay Time"; Value = "11ns"; VariantName = "[No Variations]"
Add component (AddParameter): Name = "Voltage Rating (DC)"; Value = "100V"; VariantName = "[No Variations]"
Add component (AddParameter): Name = "Width"; Value = "9.65mm"; VariantName = "[No Variations]"
Added Component: Designator=Q3(FP-PG-TO263-3-MFG)
Add component (AddParameter): Name = "Case/Package"; Value = "D2PAK"; VariantName = "[No Variations]"
Add component (AddParameter): Name = "Contact Plating"; Value = "Tin"; VariantName = "[No Variations]"
Add component (AddParameter): Name = "Continuous Drain Current (ID)"; Value = "33A"; VariantName = "[No Variations]"
Add component (AddParameter): Name = "Current Rating"; Value = "33A"; VariantName = "[No Variations]"
Add component (AddParameter): Name = "Drain to Source Breakdown Voltage"; Value = "100V"; VariantName = "[No Variations]"
Add component (AddParameter): Name = "Drain to Source Resistance"; Value = "44mO"; VariantName = "[No Variations]"
Add component (AddParameter): Name = "Drain to Source Voltage (Vdss)"; Value = "100V"; VariantName = "[No Variations]"
Add component (AddParameter): Name = "Dual Supply Voltage"; Value = "100V"; VariantName = "[No Variations]"
Add component (AddParameter): Name = "Element Configuration"; Value = "Single"; VariantName = "[No Variations]"
Add component (AddParameter): Name = "Fall Time"; Value = "35ns"; VariantName = "[No Variations]"
Add component (AddParameter): Name = "Gate to Source Voltage (Vgs)"; Value = "20V"; VariantName = "[No Variations]"
Add component (AddParameter): Name = "Height"; Value = "4.826mm"; VariantName = "[No Variations]"
Add component (AddParameter): Name = "Input Capacitance"; Value = "1.96nF"; VariantName = "[No Variations]"
Add component (AddParameter): Name = "Lead Free"; Value = "Lead Free"; VariantName = "[No Variations]"
Add component (AddParameter): Name = "Length"; Value = "10.668mm"; VariantName = "[No Variations]"
Add component (AddParameter): Name = "Lifecycle Status"; Value = "NRND"; VariantName = "[No Variations]"
Add component (AddParameter): Name = "Max Junction Temperature (Tj)"; Value = "175°C"; VariantName = "[No Variations]"
Add component (AddParameter): Name = "Max Operating Temperature"; Value = "175°C"; VariantName = "[No Variations]"
Add component (AddParameter): Name = "Max Power Dissipation"; Value = "3.8W"; VariantName = "[No Variations]"
Add component (AddParameter): Name = "Min Operating Temperature"; Value = "-55°C"; VariantName = "[No Variations]"
Add component (AddParameter): Name = "Mount"; Value = "Surface Mount"; VariantName = "[No Variations]"
Add component (AddParameter): Name = "NexarPartId"; Value = "65873407"; VariantName = "[No Variations]"
Add component (AddParameter): Name = "Nominal Vgs"; Value = "4V"; VariantName = "[No Variations]"
Add component (AddParameter): Name = "Number of Channels"; Value = "1"; VariantName = "[No Variations]"
Add component (AddParameter): Name = "Number of Elements"; Value = "1"; VariantName = "[No Variations]"
Add component (AddParameter): Name = "Number of Pins"; Value = "3"; VariantName = "[No Variations]"
Add component (AddParameter): Name = "On-State Resistance"; Value = "44mO"; VariantName = "[No Variations]"
Add component (AddParameter): Name = "Package Quantity"; Value = "800"; VariantName = "[No Variations]"
Add component (AddParameter): Name = "Packaging"; Value = "Bulk"; VariantName = "[No Variations]"
Add component (AddParameter): Name = "Power Dissipation"; Value = "3.8W"; VariantName = "[No Variations]"
Add component (AddParameter): Name = "Radiation Hardening"; Value = "No"; VariantName = "[No Variations]"
Add component (AddParameter): Name = "Rds On Max"; Value = "8.4mO"; VariantName = "[No Variations]"
Add component (AddParameter): Name = "REACH SVHC"; Value = "No SVHC"; VariantName = "[No Variations]"
Add component (AddParameter): Name = "Recovery Time"; Value = "170ns"; VariantName = "[No Variations]"
Add component (AddParameter): Name = "Resistance"; Value = "44MO"; VariantName = "[No Variations]"
Add component (AddParameter): Name = "Rise Time"; Value = "35ns"; VariantName = "[No Variations]"
Add component (AddParameter): Name = "RoHS"; Value = "Compliant"; VariantName = "[No Variations]"
Add component (AddParameter): Name = "Schedule B"; Value = "8541290080, 8541290080"; VariantName = "[No Variations]"
Add component (AddParameter): Name = "Termination"; Value = "SMD/SMT"; VariantName = "[No Variations]"
Add component (AddParameter): Name = "Threshold Voltage"; Value = "4V"; VariantName = "[No Variations]"
Add component (AddParameter): Name = "Turn-Off Delay Time"; Value = "39ns"; VariantName = "[No Variations]"
Add component (AddParameter): Name = "Turn-On Delay Time"; Value = "11ns"; VariantName = "[No Variations]"
Add component (AddParameter): Name = "Voltage Rating (DC)"; Value = "100V"; VariantName = "[No Variations]"
Add component (AddParameter): Name = "Width"; Value = "9.65mm"; VariantName = "[No Variations]"
Added Component: Designator=Q4(FP-PG-TO263-3-MFG)
Add component (AddParameter): Name = "Case/Package"; Value = "D2PAK"; VariantName = "[No Variations]"
Add component (AddParameter): Name = "Contact Plating"; Value = "Tin"; VariantName = "[No Variations]"
Add component (AddParameter): Name = "Continuous Drain Current (ID)"; Value = "33A"; VariantName = "[No Variations]"
Add component (AddParameter): Name = "Current Rating"; Value = "33A"; VariantName = "[No Variations]"
Add component (AddParameter): Name = "Drain to Source Breakdown Voltage"; Value = "100V"; VariantName = "[No Variations]"
Add component (AddParameter): Name = "Drain to Source Resistance"; Value = "44mO"; VariantName = "[No Variations]"
Add component (AddParameter): Name = "Drain to Source Voltage (Vdss)"; Value = "100V"; VariantName = "[No Variations]"
Add component (AddParameter): Name = "Dual Supply Voltage"; Value = "100V"; VariantName = "[No Variations]"
Add component (AddParameter): Name = "Element Configuration"; Value = "Single"; VariantName = "[No Variations]"
Add component (AddParameter): Name = "Fall Time"; Value = "35ns"; VariantName = "[No Variations]"
Add component (AddParameter): Name = "Gate to Source Voltage (Vgs)"; Value = "20V"; VariantName = "[No Variations]"
Add component (AddParameter): Name = "Height"; Value = "4.826mm"; VariantName = "[No Variations]"
Add component (AddParameter): Name = "Input Capacitance"; Value = "1.96nF"; VariantName = "[No Variations]"
Add component (AddParameter): Name = "Lead Free"; Value = "Lead Free"; VariantName = "[No Variations]"
Add component (AddParameter): Name = "Length"; Value = "10.668mm"; VariantName = "[No Variations]"
Add component (AddParameter): Name = "Lifecycle Status"; Value = "NRND"; VariantName = "[No Variations]"
Add component (AddParameter): Name = "Max Junction Temperature (Tj)"; Value = "175°C"; VariantName = "[No Variations]"
Add component (AddParameter): Name = "Max Operating Temperature"; Value = "175°C"; VariantName = "[No Variations]"
Add component (AddParameter): Name = "Max Power Dissipation"; Value = "3.8W"; VariantName = "[No Variations]"
Add component (AddParameter): Name = "Min Operating Temperature"; Value = "-55°C"; VariantName = "[No Variations]"
Add component (AddParameter): Name = "Mount"; Value = "Surface Mount"; VariantName = "[No Variations]"
Add component (AddParameter): Name = "NexarPartId"; Value = "65873407"; VariantName = "[No Variations]"
Add component (AddParameter): Name = "Nominal Vgs"; Value = "4V"; VariantName = "[No Variations]"
Add component (AddParameter): Name = "Number of Channels"; Value = "1"; VariantName = "[No Variations]"
Add component (AddParameter): Name = "Number of Elements"; Value = "1"; VariantName = "[No Variations]"
Add component (AddParameter): Name = "Number of Pins"; Value = "3"; VariantName = "[No Variations]"
Add component (AddParameter): Name = "On-State Resistance"; Value = "44mO"; VariantName = "[No Variations]"
Add component (AddParameter): Name = "Package Quantity"; Value = "800"; VariantName = "[No Variations]"
Add component (AddParameter): Name = "Packaging"; Value = "Bulk"; VariantName = "[No Variations]"
Add component (AddParameter): Name = "Power Dissipation"; Value = "3.8W"; VariantName = "[No Variations]"
Add component (AddParameter): Name = "Radiation Hardening"; Value = "No"; VariantName = "[No Variations]"
Add component (AddParameter): Name = "Rds On Max"; Value = "8.4mO"; VariantName = "[No Variations]"
Add component (AddParameter): Name = "REACH SVHC"; Value = "No SVHC"; VariantName = "[No Variations]"
Add component (AddParameter): Name = "Recovery Time"; Value = "170ns"; VariantName = "[No Variations]"
Add component (AddParameter): Name = "Resistance"; Value = "44MO"; VariantName = "[No Variations]"
Add component (AddParameter): Name = "Rise Time"; Value = "35ns"; VariantName = "[No Variations]"
Add component (AddParameter): Name = "RoHS"; Value = "Compliant"; VariantName = "[No Variations]"
Add component (AddParameter): Name = "Schedule B"; Value = "8541290080, 8541290080"; VariantName = "[No Variations]"
Add component (AddParameter): Name = "Termination"; Value = "SMD/SMT"; VariantName = "[No Variations]"
Add component (AddParameter): Name = "Threshold Voltage"; Value = "4V"; VariantName = "[No Variations]"
Add component (AddParameter): Name = "Turn-Off Delay Time"; Value = "39ns"; VariantName = "[No Variations]"
Add component (AddParameter): Name = "Turn-On Delay Time"; Value = "11ns"; VariantName = "[No Variations]"
Add component (AddParameter): Name = "Voltage Rating (DC)"; Value = "100V"; VariantName = "[No Variations]"
Add component (AddParameter): Name = "Width"; Value = "9.65mm"; VariantName = "[No Variations]"
Added Component: Designator=Q5(FP-PG-TO263-3-MFG)
Add component (AddParameter): Name = "Case/Package"; Value = "D2PAK"; VariantName = "[No Variations]"
Add component (AddParameter): Name = "Contact Plating"; Value = "Tin"; VariantName = "[No Variations]"
Add component (AddParameter): Name = "Continuous Drain Current (ID)"; Value = "33A"; VariantName = "[No Variations]"
Add component (AddParameter): Name = "Current Rating"; Value = "33A"; VariantName = "[No Variations]"
Add component (AddParameter): Name = "Drain to Source Breakdown Voltage"; Value = "100V"; VariantName = "[No Variations]"
Add component (AddParameter): Name = "Drain to Source Resistance"; Value = "44mO"; VariantName = "[No Variations]"
Add component (AddParameter): Name = "Drain to Source Voltage (Vdss)"; Value = "100V"; VariantName = "[No Variations]"
Add component (AddParameter): Name = "Dual Supply Voltage"; Value = "100V"; VariantName = "[No Variations]"
Add component (AddParameter): Name = "Element Configuration"; Value = "Single"; VariantName = "[No Variations]"
Add component (AddParameter): Name = "Fall Time"; Value = "35ns"; VariantName = "[No Variations]"
Add component (AddParameter): Name = "Gate to Source Voltage (Vgs)"; Value = "20V"; VariantName = "[No Variations]"
Add component (AddParameter): Name = "Height"; Value = "4.826mm"; VariantName = "[No Variations]"
Add component (AddParameter): Name = "Input Capacitance"; Value = "1.96nF"; VariantName = "[No Variations]"
Add component (AddParameter): Name = "Lead Free"; Value = "Lead Free"; VariantName = "[No Variations]"
Add component (AddParameter): Name = "Length"; Value = "10.668mm"; VariantName = "[No Variations]"
Add component (AddParameter): Name = "Lifecycle Status"; Value = "NRND"; VariantName = "[No Variations]"
Add component (AddParameter): Name = "Max Junction Temperature (Tj)"; Value = "175°C"; VariantName = "[No Variations]"
Add component (AddParameter): Name = "Max Operating Temperature"; Value = "175°C"; VariantName = "[No Variations]"
Add component (AddParameter): Name = "Max Power Dissipation"; Value = "3.8W"; VariantName = "[No Variations]"
Add component (AddParameter): Name = "Min Operating Temperature"; Value = "-55°C"; VariantName = "[No Variations]"
Add component (AddParameter): Name = "Mount"; Value = "Surface Mount"; VariantName = "[No Variations]"
Add component (AddParameter): Name = "NexarPartId"; Value = "65873407"; VariantName = "[No Variations]"
Add component (AddParameter): Name = "Nominal Vgs"; Value = "4V"; VariantName = "[No Variations]"
Add component (AddParameter): Name = "Number of Channels"; Value = "1"; VariantName = "[No Variations]"
Add component (AddParameter): Name = "Number of Elements"; Value = "1"; VariantName = "[No Variations]"
Add component (AddParameter): Name = "Number of Pins"; Value = "3"; VariantName = "[No Variations]"
Add component (AddParameter): Name = "On-State Resistance"; Value = "44mO"; VariantName = "[No Variations]"
Add component (AddParameter): Name = "Package Quantity"; Value = "800"; VariantName = "[No Variations]"
Add component (AddParameter): Name = "Packaging"; Value = "Bulk"; VariantName = "[No Variations]"
Add component (AddParameter): Name = "Power Dissipation"; Value = "3.8W"; VariantName = "[No Variations]"
Add component (AddParameter): Name = "Radiation Hardening"; Value = "No"; VariantName = "[No Variations]"
Add component (AddParameter): Name = "Rds On Max"; Value = "8.4mO"; VariantName = "[No Variations]"
Add component (AddParameter): Name = "REACH SVHC"; Value = "No SVHC"; VariantName = "[No Variations]"
Add component (AddParameter): Name = "Recovery Time"; Value = "170ns"; VariantName = "[No Variations]"
Add component (AddParameter): Name = "Resistance"; Value = "44MO"; VariantName = "[No Variations]"
Add component (AddParameter): Name = "Rise Time"; Value = "35ns"; VariantName = "[No Variations]"
Add component (AddParameter): Name = "RoHS"; Value = "Compliant"; VariantName = "[No Variations]"
Add component (AddParameter): Name = "Schedule B"; Value = "8541290080, 8541290080"; VariantName = "[No Variations]"
Add component (AddParameter): Name = "Termination"; Value = "SMD/SMT"; VariantName = "[No Variations]"
Add component (AddParameter): Name = "Threshold Voltage"; Value = "4V"; VariantName = "[No Variations]"
Add component (AddParameter): Name = "Turn-Off Delay Time"; Value = "39ns"; VariantName = "[No Variations]"
Add component (AddParameter): Name = "Turn-On Delay Time"; Value = "11ns"; VariantName = "[No Variations]"
Add component (AddParameter): Name = "Voltage Rating (DC)"; Value = "100V"; VariantName = "[No Variations]"
Add component (AddParameter): Name = "Width"; Value = "9.65mm"; VariantName = "[No Variations]"
Added Component: Designator=Q6(FP-PG-TO263-3-MFG)
Add component (AddParameter): Name = "Case/Package"; Value = "D2PAK"; VariantName = "[No Variations]"
Add component (AddParameter): Name = "Contact Plating"; Value = "Tin"; VariantName = "[No Variations]"
Add component (AddParameter): Name = "Continuous Drain Current (ID)"; Value = "33A"; VariantName = "[No Variations]"
Add component (AddParameter): Name = "Current Rating"; Value = "33A"; VariantName = "[No Variations]"
Add component (AddParameter): Name = "Drain to Source Breakdown Voltage"; Value = "100V"; VariantName = "[No Variations]"
Add component (AddParameter): Name = "Drain to Source Resistance"; Value = "44mO"; VariantName = "[No Variations]"
Add component (AddParameter): Name = "Drain to Source Voltage (Vdss)"; Value = "100V"; VariantName = "[No Variations]"
Add component (AddParameter): Name = "Dual Supply Voltage"; Value = "100V"; VariantName = "[No Variations]"
Add component (AddParameter): Name = "Element Configuration"; Value = "Single"; VariantName = "[No Variations]"
Add component (AddParameter): Name = "Fall Time"; Value = "35ns"; VariantName = "[No Variations]"
Add component (AddParameter): Name = "Gate to Source Voltage (Vgs)"; Value = "20V"; VariantName = "[No Variations]"
Add component (AddParameter): Name = "Height"; Value = "4.826mm"; VariantName = "[No Variations]"
Add component (AddParameter): Name = "Input Capacitance"; Value = "1.96nF"; VariantName = "[No Variations]"
Add component (AddParameter): Name = "Lead Free"; Value = "Lead Free"; VariantName = "[No Variations]"
Add component (AddParameter): Name = "Length"; Value = "10.668mm"; VariantName = "[No Variations]"
Add component (AddParameter): Name = "Lifecycle Status"; Value = "NRND"; VariantName = "[No Variations]"
Add component (AddParameter): Name = "Max Junction Temperature (Tj)"; Value = "175°C"; VariantName = "[No Variations]"
Add component (AddParameter): Name = "Max Operating Temperature"; Value = "175°C"; VariantName = "[No Variations]"
Add component (AddParameter): Name = "Max Power Dissipation"; Value = "3.8W"; VariantName = "[No Variations]"
Add component (AddParameter): Name = "Min Operating Temperature"; Value = "-55°C"; VariantName = "[No Variations]"
Add component (AddParameter): Name = "Mount"; Value = "Surface Mount"; VariantName = "[No Variations]"
Add component (AddParameter): Name = "NexarPartId"; Value = "65873407"; VariantName = "[No Variations]"
Add component (AddParameter): Name = "Nominal Vgs"; Value = "4V"; VariantName = "[No Variations]"
Add component (AddParameter): Name = "Number of Channels"; Value = "1"; VariantName = "[No Variations]"
Add component (AddParameter): Name = "Number of Elements"; Value = "1"; VariantName = "[No Variations]"
Add component (AddParameter): Name = "Number of Pins"; Value = "3"; VariantName = "[No Variations]"
Add component (AddParameter): Name = "On-State Resistance"; Value = "44mO"; VariantName = "[No Variations]"
Add component (AddParameter): Name = "Package Quantity"; Value = "800"; VariantName = "[No Variations]"
Add component (AddParameter): Name = "Packaging"; Value = "Bulk"; VariantName = "[No Variations]"
Add component (AddParameter): Name = "Power Dissipation"; Value = "3.8W"; VariantName = "[No Variations]"
Add component (AddParameter): Name = "Radiation Hardening"; Value = "No"; VariantName = "[No Variations]"
Add component (AddParameter): Name = "Rds On Max"; Value = "8.4mO"; VariantName = "[No Variations]"
Add component (AddParameter): Name = "REACH SVHC"; Value = "No SVHC"; VariantName = "[No Variations]"
Add component (AddParameter): Name = "Recovery Time"; Value = "170ns"; VariantName = "[No Variations]"
Add component (AddParameter): Name = "Resistance"; Value = "44MO"; VariantName = "[No Variations]"
Add component (AddParameter): Name = "Rise Time"; Value = "35ns"; VariantName = "[No Variations]"
Add component (AddParameter): Name = "RoHS"; Value = "Compliant"; VariantName = "[No Variations]"
Add component (AddParameter): Name = "Schedule B"; Value = "8541290080, 8541290080"; VariantName = "[No Variations]"
Add component (AddParameter): Name = "Termination"; Value = "SMD/SMT"; VariantName = "[No Variations]"
Add component (AddParameter): Name = "Threshold Voltage"; Value = "4V"; VariantName = "[No Variations]"
Add component (AddParameter): Name = "Turn-Off Delay Time"; Value = "39ns"; VariantName = "[No Variations]"
Add component (AddParameter): Name = "Turn-On Delay Time"; Value = "11ns"; VariantName = "[No Variations]"
Add component (AddParameter): Name = "Voltage Rating (DC)"; Value = "100V"; VariantName = "[No Variations]"
Add component (AddParameter): Name = "Width"; Value = "9.65mm"; VariantName = "[No Variations]"
Added Component: Designator=R1(RESC2013X50X30ML20T20)
Add component (AddParameter): Name = "Manufacturer"; Value = "Vishay Dale"; VariantName = "[No Variations]"
Add component (AddParameter): Name = "Part Number"; Value = "CRCW08051K00FKTC"; VariantName = "[No Variations]"
Added Component: Designator=R2(RESC2013X50X30ML20T20)
Add component (AddParameter): Name = "Manufacturer"; Value = "Vishay Dale"; VariantName = "[No Variations]"
Add component (AddParameter): Name = "Part Number"; Value = "CRCW08051K00FKTC"; VariantName = "[No Variations]"
Added Component: Designator=R3(RESC2013X50X30ML20T20)
Add component (AddParameter): Name = "Manufacturer"; Value = "Vishay Dale"; VariantName = "[No Variations]"
Add component (AddParameter): Name = "Part Number"; Value = "CRCW08051K00FKTC"; VariantName = "[No Variations]"
Added Component: Designator=R4(RESC2013X50X30ML20T20)
Add component (AddParameter): Name = "Manufacturer"; Value = "Vishay Dale"; VariantName = "[No Variations]"
Add component (AddParameter): Name = "Part Number"; Value = "CRCW08051K00FKTC"; VariantName = "[No Variations]"
Added Component: Designator=R5(RESC2013X50X30ML20T20)
Add component (AddParameter): Name = "Manufacturer"; Value = "Vishay Dale"; VariantName = "[No Variations]"
Add component (AddParameter): Name = "Part Number"; Value = "CRCW08051K00FKTC"; VariantName = "[No Variations]"
Added Component: Designator=R6(RESC2013X50X30ML20T20)
Add component (AddParameter): Name = "Manufacturer"; Value = "Vishay Dale"; VariantName = "[No Variations]"
Add component (AddParameter): Name = "Part Number"; Value = "CRCW08051K00FKTC"; VariantName = "[No Variations]"
Added Component: Designator=R7(RESC2013X50X30ML20T20)
Add component (AddParameter): Name = "Manufacturer"; Value = "Vishay Dale"; VariantName = "[No Variations]"
Add component (AddParameter): Name = "Part Number"; Value = "CRCW08051K00FKTC"; VariantName = "[No Variations]"
Added Component: Designator=R8(RESC2013X50X30ML20T20)
Add component (AddParameter): Name = "Manufacturer"; Value = "Vishay Dale"; VariantName = "[No Variations]"
Add component (AddParameter): Name = "Part Number"; Value = "CRCW08051K00FKTC"; VariantName = "[No Variations]"
Added Component: Designator=R9(RESC2013X50X30ML20T20)
Add component (AddParameter): Name = "Manufacturer"; Value = "Vishay Dale"; VariantName = "[No Variations]"
Add component (AddParameter): Name = "Part Number"; Value = "CRCW08051K00FKTC"; VariantName = "[No Variations]"
Added Component: Designator=R10(RESC2013X50X30ML20T20)
Add component (AddParameter): Name = "Manufacturer"; Value = "Vishay Dale"; VariantName = "[No Variations]"
Add component (AddParameter): Name = "Part Number"; Value = "CRCW08051K00FKTC"; VariantName = "[No Variations]"
Added Component: Designator=R11(RESC2013X50X30ML20T20)
Add component (AddParameter): Name = "Manufacturer"; Value = "Vishay Dale"; VariantName = "[No Variations]"
Add component (AddParameter): Name = "Part Number"; Value = "CRCW08051K00FKTC"; VariantName = "[No Variations]"
Added Component: Designator=R12(RESC2013X50X30ML20T20)
Add component (AddParameter): Name = "Manufacturer"; Value = "Vishay Dale"; VariantName = "[No Variations]"
Add component (AddParameter): Name = "Part Number"; Value = "CRCW08051K00FKTC"; VariantName = "[No Variations]"
Added Component: Designator=R13(RESC2013X50X30ML20T20)
Add component (AddParameter): Name = "Manufacturer"; Value = "Vishay Dale"; VariantName = "[No Variations]"
Add component (AddParameter): Name = "Part Number"; Value = "CRCW08051K00FKTC"; VariantName = "[No Variations]"
Added Component: Designator=R14(RESC2013X50X30ML20T20)
Add component (AddParameter): Name = "Manufacturer"; Value = "Vishay Dale"; VariantName = "[No Variations]"
Add component (AddParameter): Name = "Part Number"; Value = "CRCW08051K00FKTC"; VariantName = "[No Variations]"
Added Component: Designator=R15(RESC2013X50X30ML20T20)
Add component (AddParameter): Name = "Manufacturer"; Value = "Vishay Dale"; VariantName = "[No Variations]"
Add component (AddParameter): Name = "Part Number"; Value = "CRCW08051K00FKTC"; VariantName = "[No Variations]"
Added Component: Designator=R16(RESC2013X50X30ML20T20)
Add component (AddParameter): Name = "Manufacturer"; Value = "Vishay Dale"; VariantName = "[No Variations]"
Add component (AddParameter): Name = "Part Number"; Value = "CRCW08051K00FKTC"; VariantName = "[No Variations]"
Added Component: Designator=R17(RESC2013X50X30ML20T20)
Add component (AddParameter): Name = "Manufacturer"; Value = "Vishay Dale"; VariantName = "[No Variations]"
Add component (AddParameter): Name = "Part Number"; Value = "CRCW08051K00FKTC"; VariantName = "[No Variations]"
Added Component: Designator=R18(RESC2013X50X30ML20T20)
Add component (AddParameter): Name = "Manufacturer"; Value = "Vishay Dale"; VariantName = "[No Variations]"
Add component (AddParameter): Name = "Part Number"; Value = "CRCW08051K00FKTC"; VariantName = "[No Variations]"
Added Component: Designator=R19(RESC2013X50X30ML20T20)
Add component (AddParameter): Name = "Manufacturer"; Value = "Vishay Dale"; VariantName = "[No Variations]"
Add component (AddParameter): Name = "Part Number"; Value = "CRCW08051K00FKTC"; VariantName = "[No Variations]"
Added Component: Designator=R20(RESC2013X50X30ML20T20)
Add component (AddParameter): Name = "Manufacturer"; Value = "Vishay Dale"; VariantName = "[No Variations]"
Add component (AddParameter): Name = "Part Number"; Value = "CRCW08051K00FKTC"; VariantName = "[No Variations]"
Added Component: Designator=R21(RESC2013X50X30ML20T20)
Add component (AddParameter): Name = "Manufacturer"; Value = "Vishay Dale"; VariantName = "[No Variations]"
Add component (AddParameter): Name = "Part Number"; Value = "CRCW08051K00FKTC"; VariantName = "[No Variations]"
Added Component: Designator=R22(RESC2013X50X30ML20T20)
Add component (AddParameter): Name = "Manufacturer"; Value = "Vishay Dale"; VariantName = "[No Variations]"
Add component (AddParameter): Name = "Part Number"; Value = "CRCW08051K00FKTC"; VariantName = "[No Variations]"
Added Component: Designator=R23(RESC2013X50X30ML20T20)
Add component (AddParameter): Name = "Manufacturer"; Value = "Vishay Dale"; VariantName = "[No Variations]"
Add component (AddParameter): Name = "Part Number"; Value = "CRCW08051K00FKTC"; VariantName = "[No Variations]"
Added Component: Designator=R24(RESC2013X50X30ML20T20)
Add component (AddParameter): Name = "Manufacturer"; Value = "Vishay Dale"; VariantName = "[No Variations]"
Add component (AddParameter): Name = "Part Number"; Value = "CRCW08051K00FKTC"; VariantName = "[No Variations]"
Added Component: Designator=R25(RESC2013X50X30ML20T20)
Add component (AddParameter): Name = "Manufacturer"; Value = "Vishay Dale"; VariantName = "[No Variations]"
Add component (AddParameter): Name = "Part Number"; Value = "CRCW08051K00FKTC"; VariantName = "[No Variations]"
Added Component: Designator=R26(RESC2013X50X30ML20T20)
Add component (AddParameter): Name = "Manufacturer"; Value = "Vishay Dale"; VariantName = "[No Variations]"
Add component (AddParameter): Name = "Part Number"; Value = "CRCW08051K00FKTC"; VariantName = "[No Variations]"
Added Component: Designator=R27(RESC2013X50X30ML20T20)
Add component (AddParameter): Name = "Manufacturer"; Value = "Vishay Dale"; VariantName = "[No Variations]"
Add component (AddParameter): Name = "Part Number"; Value = "CRCW08051K00FKTC"; VariantName = "[No Variations]"
Added Component: Designator=R28(RESC2013X50X30ML20T20)
Add component (AddParameter): Name = "Manufacturer"; Value = "Vishay Dale"; VariantName = "[No Variations]"
Add component (AddParameter): Name = "Part Number"; Value = "CRCW08051K00FKTC"; VariantName = "[No Variations]"
Added Component: Designator=R29(RESC2013X50X30ML20T20)
Add component (AddParameter): Name = "Manufacturer"; Value = "Vishay Dale"; VariantName = "[No Variations]"
Add component (AddParameter): Name = "Part Number"; Value = "CRCW08051K00FKTC"; VariantName = "[No Variations]"
Added Component: Designator=R30(RESC2013X50X30ML20T20)
Add component (AddParameter): Name = "Manufacturer"; Value = "Vishay Dale"; VariantName = "[No Variations]"
Add component (AddParameter): Name = "Part Number"; Value = "CRCW08051K00FKTC"; VariantName = "[No Variations]"
Added Component: Designator=R31(RESC2013X50X30ML20T20)
Add component (AddParameter): Name = "Manufacturer"; Value = "Vishay Dale"; VariantName = "[No Variations]"
Add component (AddParameter): Name = "Part Number"; Value = "CRCW08051K00FKTC"; VariantName = "[No Variations]"
Added Component: Designator=R32(RESC2013X50X30ML20T20)
Add component (AddParameter): Name = "Manufacturer"; Value = "Vishay Dale"; VariantName = "[No Variations]"
Add component (AddParameter): Name = "Part Number"; Value = "CRCW08051K00FKTC"; VariantName = "[No Variations]"
Added Component: Designator=R33(RESC2013X50X30ML20T20)
Add component (AddParameter): Name = "Manufacturer"; Value = "Vishay Dale"; VariantName = "[No Variations]"
Add component (AddParameter): Name = "Part Number"; Value = "CRCW08051K00FKTC"; VariantName = "[No Variations]"
Added Component: Designator=R34(RESC2013X50X30ML20T20)
Add component (AddParameter): Name = "Manufacturer"; Value = "Vishay Dale"; VariantName = "[No Variations]"
Add component (AddParameter): Name = "Part Number"; Value = "CRCW08051K00FKTC"; VariantName = "[No Variations]"
Added Component: Designator=T1(BIEN TRO VI CHINH NAM)
Add component (AddParameter): Name = "Chung_Loai"; Value = "C?m"; VariantName = "[No Variations]"
Add component (AddParameter): Name = "Don_Vi"; Value = "Con"; VariantName = "[No Variations]"
Add component (AddParameter): Name = "Ghi_Chu"; Value = ""; VariantName = "[No Variations]"
Add component (AddParameter): Name = "Kieu_Chan"; Value = ""; VariantName = "[No Variations]"
Add component (AddParameter): Name = "Ma_Hang"; Value = "MH003232"; VariantName = "[No Variations]"
Add component (AddParameter): Name = "Ten_Linh_Kien"; Value = "Bi?n Tr? VR 103-10K 3296W"; VariantName = "[No Variations]"
Added Component: Designator=T2(BIEN TRO VI CHINH NAM)
Add component (AddParameter): Name = "Chung_Loai"; Value = "C?m"; VariantName = "[No Variations]"
Add component (AddParameter): Name = "Don_Vi"; Value = "Con"; VariantName = "[No Variations]"
Add component (AddParameter): Name = "Ghi_Chu"; Value = ""; VariantName = "[No Variations]"
Add component (AddParameter): Name = "Kieu_Chan"; Value = ""; VariantName = "[No Variations]"
Add component (AddParameter): Name = "Ma_Hang"; Value = "MH003232"; VariantName = "[No Variations]"
Add component (AddParameter): Name = "Ten_Linh_Kien"; Value = "Bi?n Tr? VR 103-10K 3296W"; VariantName = "[No Variations]"
Added Component: Designator=U1(SOIC254P960X420-4N)
Add component (AddParameter): Name = "Check_prices"; Value = "https://www.snapeda.com/parts/PC817X2NIP1B/Sharp+Microelectronics/view-part/?ref=eda"; VariantName = "[No Variations]"
Add component (AddParameter): Name = "MF"; Value = "Sharp Microelectronics"; VariantName = "[No Variations]"
Add component (AddParameter): Name = "MP"; Value = "PC817X2NIP1B"; VariantName = "[No Variations]"
Add component (AddParameter): Name = "Package"; Value = "SMD-4 Sharp Microelectronics"; VariantName = "[No Variations]"
Add component (AddParameter): Name = "SnapEDA_Link"; Value = "https://www.snapeda.com/parts/PC817X2NIP1B/Sharp+Microelectronics/view-part/?ref=snap"; VariantName = "[No Variations]"
Add component (AddParameter): Name = "Value"; Value = ""; VariantName = "[No Variations]"
Added Component: Designator=U2(FP-KTT0005B-MFG)
Add component (AddParameter): Name = "Automotive"; Value = "No"; VariantName = "[No Variations]"
Add component (AddParameter): Name = "Category"; Value = "IC"; VariantName = "[No Variations]"
Add component (AddParameter): Name = "ComponentLink2Description"; Value = "Datasheet"; VariantName = "[No Variations]"
Add component (AddParameter): Name = "ComponentLink2URL"; Value = "http://www.ti.com/lit/ds/symlink/lm2596.pdf"; VariantName = "[No Variations]"
Add component (AddParameter): Name = "Device Class L1"; Value = "Integrated Circuits (ICs)"; VariantName = "[No Variations]"
Add component (AddParameter): Name = "Device Class L2"; Value = "Power Management ICs"; VariantName = "[No Variations]"
Add component (AddParameter): Name = "Device Class L3"; Value = "Voltage Regulators - Switching"; VariantName = "[No Variations]"
Add component (AddParameter): Name = "Digikey Description"; Value = "IC REG BUCK 12V 3A TO263-5"; VariantName = "[No Variations]"
Add component (AddParameter): Name = "Height"; Value = "4.8mm"; VariantName = "[No Variations]"
Add component (AddParameter): Name = "Lead Free"; Value = "Yes"; VariantName = "[No Variations]"
Add component (AddParameter): Name = "Manufacturer"; Value = "Texas Instruments"; VariantName = "[No Variations]"
Add component (AddParameter): Name = "Manufacturer Part Number"; Value = "LM2596SX-12/NOPB"; VariantName = "[No Variations]"
Add component (AddParameter): Name = "Max Duty Cycle"; Value = "100%"; VariantName = "[No Variations]"
Add component (AddParameter): Name = "Max Junction Temp"; Value = "+150°C"; VariantName = "[No Variations]"
Add component (AddParameter): Name = "Max Supply Voltage"; Value = "40V"; VariantName = "[No Variations]"
Add component (AddParameter): Name = "Min Supply Voltage"; Value = "4.5V"; VariantName = "[No Variations]"
Add component (AddParameter): Name = "Mouser Description"; Value = "SIMPLE SWITCHER® 4.5V to 40V, 3A Low Component Count Step-Down Regulator 5-DDPAK/TO-263"; VariantName = "[No Variations]"
Add component (AddParameter): Name = "Nominal Supply Current"; Value = "5mA"; VariantName = "[No Variations]"
Add component (AddParameter): Name = "Number Of Outputs"; Value = "1"; VariantName = "[No Variations]"
Add component (AddParameter): Name = "Octopart"; Value = "https://octopart.com/lm2596sx-12%2Fnopb-texas+instruments-24812942"; VariantName = "[No Variations]"
Add component (AddParameter): Name = "Output Current"; Value = "3A"; VariantName = "[No Variations]"
Add component (AddParameter): Name = "Output Type"; Value = "Fixed"; VariantName = "[No Variations]"
Add component (AddParameter): Name = "Output Voltage"; Value = "12V"; VariantName = "[No Variations]"
Add component (AddParameter): Name = "Package"; Value = "KTT0005B"; VariantName = "[No Variations]"
Add component (AddParameter): Name = "RoHS"; Value = "TRUE"; VariantName = "[No Variations]"
Add component (AddParameter): Name = "Standoff Height"; Value = "0mm"; VariantName = "[No Variations]"
Add component (AddParameter): Name = "Switching Frequency"; Value = "150kHz"; VariantName = "[No Variations]"
Add component (AddParameter): Name = "Switching Topology"; Value = "Buck"; VariantName = "[No Variations]"
Add component (AddParameter): Name = "Temperature"; Value = "-40°C to +125°C"; VariantName = "[No Variations]"
Add component (AddParameter): Name = "Temperature Range High"; Value = "+125°C"; VariantName = "[No Variations]"
Add component (AddParameter): Name = "Temperature Range Low"; Value = "-40°C"; VariantName = "[No Variations]"
Added Component: Designator=U3(FP-KTT0005B-MFG)
Add component (AddParameter): Name = "Automotive"; Value = "No"; VariantName = "[No Variations]"
Add component (AddParameter): Name = "Category"; Value = "IC"; VariantName = "[No Variations]"
Add component (AddParameter): Name = "ComponentLink2Description"; Value = "Datasheet"; VariantName = "[No Variations]"
Add component (AddParameter): Name = "ComponentLink2URL"; Value = "http://www.ti.com/lit/ds/symlink/lm2596.pdf"; VariantName = "[No Variations]"
Add component (AddParameter): Name = "Device Class L1"; Value = "Integrated Circuits (ICs)"; VariantName = "[No Variations]"
Add component (AddParameter): Name = "Device Class L2"; Value = "Power Management ICs"; VariantName = "[No Variations]"
Add component (AddParameter): Name = "Device Class L3"; Value = "Voltage Regulators - Switching"; VariantName = "[No Variations]"
Add component (AddParameter): Name = "Digikey Description"; Value = "IC REG BUCK 12V 3A TO263-5"; VariantName = "[No Variations]"
Add component (AddParameter): Name = "Height"; Value = "4.8mm"; VariantName = "[No Variations]"
Add component (AddParameter): Name = "Lead Free"; Value = "Yes"; VariantName = "[No Variations]"
Add component (AddParameter): Name = "Manufacturer"; Value = "Texas Instruments"; VariantName = "[No Variations]"
Add component (AddParameter): Name = "Manufacturer Part Number"; Value = "LM2596SX-12/NOPB"; VariantName = "[No Variations]"
Add component (AddParameter): Name = "Max Duty Cycle"; Value = "100%"; VariantName = "[No Variations]"
Add component (AddParameter): Name = "Max Junction Temp"; Value = "+150°C"; VariantName = "[No Variations]"
Add component (AddParameter): Name = "Max Supply Voltage"; Value = "40V"; VariantName = "[No Variations]"
Add component (AddParameter): Name = "Min Supply Voltage"; Value = "4.5V"; VariantName = "[No Variations]"
Add component (AddParameter): Name = "Mouser Description"; Value = "SIMPLE SWITCHER® 4.5V to 40V, 3A Low Component Count Step-Down Regulator 5-DDPAK/TO-263"; VariantName = "[No Variations]"
Add component (AddParameter): Name = "Nominal Supply Current"; Value = "5mA"; VariantName = "[No Variations]"
Add component (AddParameter): Name = "Number Of Outputs"; Value = "1"; VariantName = "[No Variations]"
Add component (AddParameter): Name = "Octopart"; Value = "https://octopart.com/lm2596sx-12%2Fnopb-texas+instruments-24812942"; VariantName = "[No Variations]"
Add component (AddParameter): Name = "Output Current"; Value = "3A"; VariantName = "[No Variations]"
Add component (AddParameter): Name = "Output Type"; Value = "Fixed"; VariantName = "[No Variations]"
Add component (AddParameter): Name = "Output Voltage"; Value = "12V"; VariantName = "[No Variations]"
Add component (AddParameter): Name = "Package"; Value = "KTT0005B"; VariantName = "[No Variations]"
Add component (AddParameter): Name = "RoHS"; Value = "TRUE"; VariantName = "[No Variations]"
Add component (AddParameter): Name = "Standoff Height"; Value = "0mm"; VariantName = "[No Variations]"
Add component (AddParameter): Name = "Switching Frequency"; Value = "150kHz"; VariantName = "[No Variations]"
Add component (AddParameter): Name = "Switching Topology"; Value = "Buck"; VariantName = "[No Variations]"
Add component (AddParameter): Name = "Temperature"; Value = "-40°C to +125°C"; VariantName = "[No Variations]"
Add component (AddParameter): Name = "Temperature Range High"; Value = "+125°C"; VariantName = "[No Variations]"
Add component (AddParameter): Name = "Temperature Range Low"; Value = "-40°C"; VariantName = "[No Variations]"
Added Component: Designator=U4(SOIC254P960X420-4N)
Add component (AddParameter): Name = "Check_prices"; Value = "https://www.snapeda.com/parts/PC817X2NIP1B/Sharp+Microelectronics/view-part/?ref=eda"; VariantName = "[No Variations]"
Add component (AddParameter): Name = "MF"; Value = "Sharp Microelectronics"; VariantName = "[No Variations]"
Add component (AddParameter): Name = "MP"; Value = "PC817X2NIP1B"; VariantName = "[No Variations]"
Add component (AddParameter): Name = "Package"; Value = "SMD-4 Sharp Microelectronics"; VariantName = "[No Variations]"
Add component (AddParameter): Name = "SnapEDA_Link"; Value = "https://www.snapeda.com/parts/PC817X2NIP1B/Sharp+Microelectronics/view-part/?ref=snap"; VariantName = "[No Variations]"
Add component (AddParameter): Name = "Value"; Value = ""; VariantName = "[No Variations]"
Added Component: Designator=U5(SOIC254P960X420-4N)
Add component (AddParameter): Name = "Check_prices"; Value = "https://www.snapeda.com/parts/PC817X2NIP1B/Sharp+Microelectronics/view-part/?ref=eda"; VariantName = "[No Variations]"
Add component (AddParameter): Name = "MF"; Value = "Sharp Microelectronics"; VariantName = "[No Variations]"
Add component (AddParameter): Name = "MP"; Value = "PC817X2NIP1B"; VariantName = "[No Variations]"
Add component (AddParameter): Name = "Package"; Value = "SMD-4 Sharp Microelectronics"; VariantName = "[No Variations]"
Add component (AddParameter): Name = "SnapEDA_Link"; Value = "https://www.snapeda.com/parts/PC817X2NIP1B/Sharp+Microelectronics/view-part/?ref=snap"; VariantName = "[No Variations]"
Add component (AddParameter): Name = "Value"; Value = ""; VariantName = "[No Variations]"
Added Component: Designator=U6(SOIC254P960X420-4N)
Add component (AddParameter): Name = "Check_prices"; Value = "https://www.snapeda.com/parts/PC817X2NIP1B/Sharp+Microelectronics/view-part/?ref=eda"; VariantName = "[No Variations]"
Add component (AddParameter): Name = "MF"; Value = "Sharp Microelectronics"; VariantName = "[No Variations]"
Add component (AddParameter): Name = "MP"; Value = "PC817X2NIP1B"; VariantName = "[No Variations]"
Add component (AddParameter): Name = "Package"; Value = "SMD-4 Sharp Microelectronics"; VariantName = "[No Variations]"
Add component (AddParameter): Name = "SnapEDA_Link"; Value = "https://www.snapeda.com/parts/PC817X2NIP1B/Sharp+Microelectronics/view-part/?ref=snap"; VariantName = "[No Variations]"
Add component (AddParameter): Name = "Value"; Value = ""; VariantName = "[No Variations]"
Added Component: Designator=U7(SOIC254P960X420-4N)
Add component (AddParameter): Name = "Check_prices"; Value = "https://www.snapeda.com/parts/PC817X2NIP1B/Sharp+Microelectronics/view-part/?ref=eda"; VariantName = "[No Variations]"
Add component (AddParameter): Name = "MF"; Value = "Sharp Microelectronics"; VariantName = "[No Variations]"
Add component (AddParameter): Name = "MP"; Value = "PC817X2NIP1B"; VariantName = "[No Variations]"
Add component (AddParameter): Name = "Package"; Value = "SMD-4 Sharp Microelectronics"; VariantName = "[No Variations]"
Add component (AddParameter): Name = "SnapEDA_Link"; Value = "https://www.snapeda.com/parts/PC817X2NIP1B/Sharp+Microelectronics/view-part/?ref=snap"; VariantName = "[No Variations]"
Add component (AddParameter): Name = "Value"; Value = ""; VariantName = "[No Variations]"
Added Component: Designator=U8(SOIC254P960X420-4N)
Add component (AddParameter): Name = "Check_prices"; Value = "https://www.snapeda.com/parts/PC817X2NIP1B/Sharp+Microelectronics/view-part/?ref=eda"; VariantName = "[No Variations]"
Add component (AddParameter): Name = "MF"; Value = "Sharp Microelectronics"; VariantName = "[No Variations]"
Add component (AddParameter): Name = "MP"; Value = "PC817X2NIP1B"; VariantName = "[No Variations]"
Add component (AddParameter): Name = "Package"; Value = "SMD-4 Sharp Microelectronics"; VariantName = "[No Variations]"
Add component (AddParameter): Name = "SnapEDA_Link"; Value = "https://www.snapeda.com/parts/PC817X2NIP1B/Sharp+Microelectronics/view-part/?ref=snap"; VariantName = "[No Variations]"
Add component (AddParameter): Name = "Value"; Value = ""; VariantName = "[No Variations]"
Added Pin To Net: NetName=+5_MCU Pin=C5-2
Added Pin To Net: NetName=+5_MCU Pin=L1-2
Added Pin To Net: NetName=+5_MCU Pin=R5-2
Added Pin To Net: NetName=+5_MCU Pin=T1-3
Added Net: Name=+5_MCU
Added Pin To Net: NetName=+5 Pin=C6-2
Added Pin To Net: NetName=+5 Pin=L2-2
Added Pin To Net: NetName=+5 Pin=R6-2
Added Pin To Net: NetName=+5 Pin=T2-3
Added Net: Name=+5
Added Pin To Net: NetName=+12 Pin=C1-2
Added Pin To Net: NetName=+12 Pin=C2-2
Added Pin To Net: NetName=+12 Pin=C3-2
Added Pin To Net: NetName=+12 Pin=C4-2
Added Pin To Net: NetName=+12 Pin=U1-4
Added Pin To Net: NetName=+12 Pin=U2-1
Added Pin To Net: NetName=+12 Pin=U3-1
Added Pin To Net: NetName=+12 Pin=U4-4
Added Pin To Net: NetName=+12 Pin=U5-4
Added Pin To Net: NetName=+12 Pin=U6-4
Added Pin To Net: NetName=+12 Pin=U7-4
Added Pin To Net: NetName=+12 Pin=U8-4
Added Net: Name=+12
Added Pin To Net: NetName=+24 Pin=D3-2
Added Pin To Net: NetName=+24 Pin=D11-2
Added Pin To Net: NetName=+24 Pin=D13-2
Added Pin To Net: NetName=+24 Pin=D16-2
Added Pin To Net: NetName=+24 Pin=D19-2
Added Pin To Net: NetName=+24 Pin=D22-2
Added Net: Name=+24
Added Pin To Net: NetName=COIN_1 Pin=D4-9
Added Net: Name=COIN_1
Added Pin To Net: NetName=COIN_2 Pin=D4-10
Added Net: Name=COIN_2
Added Pin To Net: NetName=COIN_3 Pin=D4-11
Added Net: Name=COIN_3
Added Pin To Net: NetName=COIN_4 Pin=D4-12
Added Net: Name=COIN_4
Added Pin To Net: NetName=COIN_5 Pin=D4-13
Added Net: Name=COIN_5
Added Pin To Net: NetName=COIN_6 Pin=D4-14
Added Net: Name=COIN_6
Added Pin To Net: NetName=FBack Pin=R7-2
Added Pin To Net: NetName=FBack Pin=R8-2
Added Pin To Net: NetName=FBack Pin=T1-1
Added Pin To Net: NetName=FBack Pin=T1-2
Added Pin To Net: NetName=FBack Pin=T2-1
Added Pin To Net: NetName=FBack Pin=T2-2
Added Pin To Net: NetName=FBack Pin=U2-4
Added Pin To Net: NetName=FBack Pin=U3-4
Added Net: Name=FBack
Added Pin To Net: NetName=GND Pin=C1-1
Added Pin To Net: NetName=GND Pin=C2-1
Added Pin To Net: NetName=GND Pin=C3-1
Added Pin To Net: NetName=GND Pin=C4-1
Added Pin To Net: NetName=GND Pin=C5-1
Added Pin To Net: NetName=GND Pin=C6-1
Added Pin To Net: NetName=GND Pin=D2-1
Added Pin To Net: NetName=GND Pin=D5-2
Added Pin To Net: NetName=GND Pin=D6-2
Added Pin To Net: NetName=GND Pin=D7-1
Added Pin To Net: NetName=GND Pin=D8-1
Added Pin To Net: NetName=GND Pin=D9-1
Added Pin To Net: NetName=GND Pin=D14-1
Added Pin To Net: NetName=GND Pin=D17-1
Added Pin To Net: NetName=GND Pin=D20-1
Added Pin To Net: NetName=GND Pin=D23-1
Added Pin To Net: NetName=GND Pin=Q1-3
Added Pin To Net: NetName=GND Pin=Q2-3
Added Pin To Net: NetName=GND Pin=Q3-3
Added Pin To Net: NetName=GND Pin=Q4-3
Added Pin To Net: NetName=GND Pin=Q5-3
Added Pin To Net: NetName=GND Pin=Q6-3
Added Pin To Net: NetName=GND Pin=R1-2
Added Pin To Net: NetName=GND Pin=R2-2
Added Pin To Net: NetName=GND Pin=R7-1
Added Pin To Net: NetName=GND Pin=R8-1
Added Pin To Net: NetName=GND Pin=R10-2
Added Pin To Net: NetName=GND Pin=R11-2
Added Pin To Net: NetName=GND Pin=R17-2
Added Pin To Net: NetName=GND Pin=R18-2
Added Pin To Net: NetName=GND Pin=R22-2
Added Pin To Net: NetName=GND Pin=R23-2
Added Pin To Net: NetName=GND Pin=R27-2
Added Pin To Net: NetName=GND Pin=R28-2
Added Pin To Net: NetName=GND Pin=R32-2
Added Pin To Net: NetName=GND Pin=R33-2
Added Pin To Net: NetName=GND Pin=U2-3
Added Pin To Net: NetName=GND Pin=U2-5
Added Pin To Net: NetName=GND Pin=U2-6
Added Pin To Net: NetName=GND Pin=U3-3
Added Pin To Net: NetName=GND Pin=U3-5
Added Pin To Net: NetName=GND Pin=U3-6
Added Net: Name=GND
Added Pin To Net: NetName=NetD1_1 Pin=D1-1
Added Pin To Net: NetName=NetD1_1 Pin=D3-1
Added Pin To Net: NetName=NetD1_1 Pin=D10-1
Added Pin To Net: NetName=NetD1_1 Pin=D11-1
Added Pin To Net: NetName=NetD1_1 Pin=D12-1
Added Pin To Net: NetName=NetD1_1 Pin=D13-1
Added Pin To Net: NetName=NetD1_1 Pin=D15-1
Added Pin To Net: NetName=NetD1_1 Pin=D16-1
Added Pin To Net: NetName=NetD1_1 Pin=D18-1
Added Pin To Net: NetName=NetD1_1 Pin=D19-1
Added Pin To Net: NetName=NetD1_1 Pin=D21-1
Added Pin To Net: NetName=NetD1_1 Pin=D22-1
Added Pin To Net: NetName=NetD1_1 Pin=Q1-4
Added Pin To Net: NetName=NetD1_1 Pin=Q2-4
Added Pin To Net: NetName=NetD1_1 Pin=Q3-4
Added Pin To Net: NetName=NetD1_1 Pin=Q4-4
Added Pin To Net: NetName=NetD1_1 Pin=Q5-4
Added Pin To Net: NetName=NetD1_1 Pin=Q6-4
Added Net: Name=NetD1_1
Added Pin To Net: NetName=NetD1_2 Pin=D1-2
Added Pin To Net: NetName=NetD1_2 Pin=R12-1
Added Net: Name=NetD1_2
Added Pin To Net: NetName=NetD2_2 Pin=D2-2
Added Pin To Net: NetName=NetD2_2 Pin=R3-2
Added Net: Name=NetD2_2
Added Pin To Net: NetName=NetD5_1 Pin=D5-1
Added Pin To Net: NetName=NetD5_1 Pin=L1-1
Added Pin To Net: NetName=NetD5_1 Pin=U2-2
Added Net: Name=NetD5_1
Added Pin To Net: NetName=NetD6_1 Pin=D6-1
Added Pin To Net: NetName=NetD6_1 Pin=L2-1
Added Pin To Net: NetName=NetD6_1 Pin=U3-2
Added Net: Name=NetD6_1
Added Pin To Net: NetName=NetD7_2 Pin=D7-2
Added Pin To Net: NetName=NetD7_2 Pin=R5-1
Added Net: Name=NetD7_2
Added Pin To Net: NetName=NetD8_2 Pin=D8-2
Added Pin To Net: NetName=NetD8_2 Pin=R6-1
Added Net: Name=NetD8_2
Added Pin To Net: NetName=NetD9_2 Pin=D9-2
Added Pin To Net: NetName=NetD9_2 Pin=R9-2
Added Net: Name=NetD9_2
Added Pin To Net: NetName=NetD10_2 Pin=D10-2
Added Pin To Net: NetName=NetD10_2 Pin=R14-1
Added Net: Name=NetD10_2
Added Pin To Net: NetName=NetD12_2 Pin=D12-2
Added Pin To Net: NetName=NetD12_2 Pin=R19-1
Added Net: Name=NetD12_2
Added Pin To Net: NetName=NetD14_2 Pin=D14-2
Added Pin To Net: NetName=NetD14_2 Pin=R16-2
Added Net: Name=NetD14_2
Added Pin To Net: NetName=NetD15_2 Pin=D15-2
Added Pin To Net: NetName=NetD15_2 Pin=R24-1
Added Net: Name=NetD15_2
Added Pin To Net: NetName=NetD17_2 Pin=D17-2
Added Pin To Net: NetName=NetD17_2 Pin=R21-2
Added Net: Name=NetD17_2
Added Pin To Net: NetName=NetD18_2 Pin=D18-2
Added Pin To Net: NetName=NetD18_2 Pin=R29-1
Added Net: Name=NetD18_2
Added Pin To Net: NetName=NetD20_2 Pin=D20-2
Added Pin To Net: NetName=NetD20_2 Pin=R26-2
Added Net: Name=NetD20_2
Added Pin To Net: NetName=NetD21_2 Pin=D21-2
Added Pin To Net: NetName=NetD21_2 Pin=R34-1
Added Net: Name=NetD21_2
Added Pin To Net: NetName=NetD23_2 Pin=D23-2
Added Pin To Net: NetName=NetD23_2 Pin=R31-2
Added Net: Name=NetD23_2
Added Pin To Net: NetName=NetQ1_1 Pin=Q1-1
Added Pin To Net: NetName=NetQ1_1 Pin=R2-1
Added Pin To Net: NetName=NetQ1_1 Pin=R13-2
Added Net: Name=NetQ1_1
Added Pin To Net: NetName=NetQ2_1 Pin=Q2-1
Added Pin To Net: NetName=NetQ2_1 Pin=R4-2
Added Pin To Net: NetName=NetQ2_1 Pin=R10-1
Added Net: Name=NetQ2_1
Added Pin To Net: NetName=NetQ3_1 Pin=Q3-1
Added Pin To Net: NetName=NetQ3_1 Pin=R15-2
Added Pin To Net: NetName=NetQ3_1 Pin=R17-1
Added Net: Name=NetQ3_1
Added Pin To Net: NetName=NetQ4_1 Pin=Q4-1
Added Pin To Net: NetName=NetQ4_1 Pin=R20-2
Added Pin To Net: NetName=NetQ4_1 Pin=R22-1
Added Net: Name=NetQ4_1
Added Pin To Net: NetName=NetQ5_1 Pin=Q5-1
Added Pin To Net: NetName=NetQ5_1 Pin=R25-2
Added Pin To Net: NetName=NetQ5_1 Pin=R27-1
Added Net: Name=NetQ5_1
Added Pin To Net: NetName=NetQ6_1 Pin=Q6-1
Added Pin To Net: NetName=NetQ6_1 Pin=R30-2
Added Pin To Net: NetName=NetQ6_1 Pin=R32-1
Added Net: Name=NetQ6_1
Added Pin To Net: NetName=NetR1_1 Pin=R1-1
Added Pin To Net: NetName=NetR1_1 Pin=U1-2
Added Net: Name=NetR1_1
Added Pin To Net: NetName=NetR3_1 Pin=R3-1
Added Pin To Net: NetName=NetR3_1 Pin=R9-1
Added Pin To Net: NetName=NetR3_1 Pin=R16-1
Added Pin To Net: NetName=NetR3_1 Pin=R21-1
Added Pin To Net: NetName=NetR3_1 Pin=R26-1
Added Pin To Net: NetName=NetR3_1 Pin=R31-1
Added Pin To Net: NetName=NetR3_1 Pin=U1-1
Added Pin To Net: NetName=NetR3_1 Pin=U4-1
Added Pin To Net: NetName=NetR3_1 Pin=U5-1
Added Pin To Net: NetName=NetR3_1 Pin=U6-1
Added Pin To Net: NetName=NetR3_1 Pin=U7-1
Added Pin To Net: NetName=NetR3_1 Pin=U8-1
Added Net: Name=NetR3_1
Added Pin To Net: NetName=NetR4_1 Pin=R4-1
Added Pin To Net: NetName=NetR4_1 Pin=U4-3
Added Net: Name=NetR4_1
Added Pin To Net: NetName=NetR11_1 Pin=R11-1
Added Pin To Net: NetName=NetR11_1 Pin=U4-2
Added Net: Name=NetR11_1
Added Pin To Net: NetName=NetR13_1 Pin=R13-1
Added Pin To Net: NetName=NetR13_1 Pin=U1-3
Added Net: Name=NetR13_1
Added Pin To Net: NetName=NetR15_1 Pin=R15-1
Added Pin To Net: NetName=NetR15_1 Pin=U5-3
Added Net: Name=NetR15_1
Added Pin To Net: NetName=NetR18_1 Pin=R18-1
Added Pin To Net: NetName=NetR18_1 Pin=U5-2
Added Net: Name=NetR18_1
Added Pin To Net: NetName=NetR20_1 Pin=R20-1
Added Pin To Net: NetName=NetR20_1 Pin=U6-3
Added Net: Name=NetR20_1
Added Pin To Net: NetName=NetR23_1 Pin=R23-1
Added Pin To Net: NetName=NetR23_1 Pin=U6-2
Added Net: Name=NetR23_1
Added Pin To Net: NetName=NetR25_1 Pin=R25-1
Added Pin To Net: NetName=NetR25_1 Pin=U7-3
Added Net: Name=NetR25_1
Added Pin To Net: NetName=NetR28_1 Pin=R28-1
Added Pin To Net: NetName=NetR28_1 Pin=U7-2
Added Net: Name=NetR28_1
Added Pin To Net: NetName=NetR30_1 Pin=R30-1
Added Pin To Net: NetName=NetR30_1 Pin=U8-3
Added Net: Name=NetR30_1
Added Pin To Net: NetName=NetR33_1 Pin=R33-1
Added Pin To Net: NetName=NetR33_1 Pin=U8-2
Added Net: Name=NetR33_1
Added Class: Name=Sheet2
