pc_time_iso,phase,command_vy_mm_s,telemetry
2026-09-03T22:27:48.287+00:00,LEFT_100,100,"TEL,1017242,0.00,0.00,0.00,0.00,90.96,-0.402,0.0"
2026-09-03T22:27:48.288+00:00,LEFT_100,100,"WHEEL,FL,0.00,0.00,0,-351"
2026-09-03T22:27:48.288+00:00,LEFT_100,100,"WHEEL,FR,0.00,0.00,0,820"
2026-09-03T22:27:48.288+00:00,LEFT_100,100,"WHEEL,BL,0.00,0.00,0,1971"
2026-09-03T22:27:48.288+00:00,LEFT_100,100,"WHEEL,BR,0.00,0.00,0,-301"
2026-09-03T22:27:48.288+00:00,LEFT_100,100,"POSE,437.4,1440.8,90.96,0"
2026-09-03T22:27:48.288+00:00,LEFT_100,100,"SYS,WAIT_START,0,0,0,MANUAL,RED,0"
2026-09-03T22:27:48.288+00:00,LEFT_100,100,"HDG,90.96,89.05,-1.92,1,1"
2026-09-03T22:27:48.288+00:00,LEFT_100,100,"TOF,460.0,0,170,-290.0"
2026-09-03T22:27:48.290+00:00,LEFT_100,100,"TOFI,0,0,0,1"
2026-09-03T22:27:48.290+00:00,LEFT_100,100,"AUTO,2,0,0,0,0,NONE,NONE,0,3"
2026-09-03T22:27:48.290+00:00,LEFT_100,100,"MOTION,1017290,0,0.00,0.00,0.0000,0.00,0.00"
2026-09-03T22:27:48.290+00:00,LEFT_100,100,"ACK,RESET"
2026-09-03T22:27:48.290+00:00,LEFT_100,100,"STATE,WAIT_START"
2026-09-03T22:27:48.290+00:00,LEFT_100,100,"TEL,1017443,0.00,0.00,0.00,0.00,90.96,-0.402,0.0"
2026-09-03T22:27:48.290+00:00,LEFT_100,100,"WHEEL,FL,0.00,0.00,0,-351"
2026-09-03T22:27:48.290+00:00,LEFT_100,100,"WHEEL,FR,0.00,0.00,0,820"
2026-09-03T22:27:48.290+00:00,LEFT_100,100,"WHEEL,BL,0.00,0.00,0,1971"
2026-09-03T22:27:48.290+00:00,LEFT_100,100,"WHEEL,BR,0.00,0.00,0,-301"
2026-09-03T22:27:48.290+00:00,LEFT_100,100,"POSE,437.4,1440.8,90.96,0"
2026-09-03T22:27:48.290+00:00,LEFT_100,100,"SYS,WAIT_START,0,0,0,MANUAL,RED,0"
2026-09-03T22:27:48.290+00:00,LEFT_100,100,"HDG,90.96,89.05,-1.92,1,1"
2026-09-03T22:27:48.290+00:00,LEFT_100,100,"TOF,460.0,0,170,-290.0"
2026-09-03T22:27:48.290+00:00,LEFT_100,100,"TOFI,0,0,0,1"
2026-09-03T22:27:48.290+00:00,LEFT_100,100,"AUTO,2,0,0,0,0,NONE,NONE,0,3"
2026-09-03T22:27:48.290+00:00,LEFT_100,100,"MOTION,1017491,0,0.00,0.00,0.0000,0.00,0.00"
2026-09-03T22:27:48.290+00:00,LEFT_100,100,"STATE,WAIT_START"
2026-09-03T22:27:48.290+00:00,LEFT_100,100,"ACK,MODE,MANUAL"
2026-09-03T22:27:48.290+00:00,LEFT_100,100,"TEL,1017643,0.00,0.00,0.00,0.00,90.95,-0.402,0.0"
2026-09-03T22:27:48.290+00:00,LEFT_100,100,"WHEEL,FL,0.00,0.00,0,-351"
2026-09-03T22:27:48.290+00:00,LEFT_100,100,"WHEEL,FR,0.00,0.00,0,820"
2026-09-03T22:27:48.290+00:00,LEFT_100,100,"WHEEL,BL,0.00,0.00,0,1971"
2026-09-03T22:27:48.290+00:00,LEFT_100,100,"WHEEL,BR,0.00,0.00,0,-301"
2026-09-03T22:27:48.290+00:00,LEFT_100,100,"POSE,437.4,1440.8,90.95,0"
2026-09-03T22:27:48.290+00:00,LEFT_100,100,"SYS,WAIT_START,0,0,0,MANUAL,RED,0"
2026-09-03T22:27:48.290+00:00,LEFT_100,100,"HDG,90.95,89.05,-1.91,1,1"
2026-09-03T22:27:48.290+00:00,LEFT_100,100,"TOF,460.0,0,170,-290.0"
2026-09-03T22:27:48.290+00:00,LEFT_100,100,"TOFI,0,0,0,1"
2026-09-03T22:27:48.290+00:00,LEFT_100,100,"AUTO,2,0,0,0,0,NONE,NONE,0,3"
2026-09-03T22:27:48.290+00:00,LEFT_100,100,"MOTION,1017691,0,0.00,0.00,0.0000,0.00,0.00"
2026-09-03T22:27:48.290+00:00,LEFT_100,100,"ACK,SET_PID,0"
2026-09-03T22:27:48.290+00:00,LEFT_100,100,"TEL,1017843,0.00,0.00,0.00,0.00,90.96,-0.402,0.0"
2026-09-03T22:27:48.290+00:00,LEFT_100,100,"WHEEL,FL,0.00,0.00,0,-351"
2026-09-03T22:27:48.290+00:00,LEFT_100,100,"WHEEL,FR,0.00,0.00,0,820"
2026-09-03T22:27:48.290+00:00,LEFT_100,100,"WHEEL,BL,0.00,0.00,0,1971"
2026-09-03T22:27:48.290+00:00,LEFT_100,100,"WHEEL,BR,0.00,0.00,0,-301"
2026-09-03T22:27:48.290+00:00,LEFT_100,100,"POSE,437.4,1440.8,90.96,0"
2026-09-03T22:27:48.290+00:00,LEFT_100,100,"SYS,WAIT_START,0,0,0,MANUAL,RED,0"
2026-09-03T22:27:48.290+00:00,LEFT_100,100,"HDG,90.96,89.05,-1.92,1,1"
2026-09-03T22:27:48.290+00:00,LEFT_100,100,"TOF,460.0,0,170,-290.0"
2026-09-03T22:27:48.290+00:00,LEFT_100,100,"TOFI,0,0,0,1"
2026-09-03T22:27:48.290+00:00,LEFT_100,100,"AUTO,2,0,0,0,0,NONE,NONE,0,3"
2026-09-03T22:27:48.290+00:00,LEFT_100,100,"MOTION,1017892,0,0.00,0.00,0.0000,0.00,0.00"
2026-09-03T22:27:48.290+00:00,LEFT_100,100,"ACK,SET_PID,1"
2026-09-03T22:27:48.290+00:00,LEFT_100,100,"TEL,1018043,0.00,0.00,0.00,0.00,90.96,-0.402,0.0"
2026-09-03T22:27:48.291+00:00,LEFT_100,100,"WHEEL,FL,0.00,0.00,0,-351"
2026-09-03T22:27:48.291+00:00,LEFT_100,100,"WHEEL,FR,0.00,0.00,0,820"
2026-09-03T22:27:48.291+00:00,LEFT_100,100,"WHEEL,BL,0.00,0.00,0,1971"
2026-09-03T22:27:48.291+00:00,LEFT_100,100,"WHEEL,BR,0.00,0.00,0,-301"
2026-09-03T22:27:48.291+00:00,LEFT_100,100,"POSE,437.4,1440.8,90.96,0"
2026-09-03T22:27:48.291+00:00,LEFT_100,100,"SYS,WAIT_START,0,0,0,MANUAL,RED,0"
2026-09-03T22:27:48.291+00:00,LEFT_100,100,"HDG,90.96,89.05,-1.92,1,1"
2026-09-03T22:27:48.291+00:00,LEFT_100,100,"TOF,460.0,0,170,-290.0"
2026-09-03T22:27:48.291+00:00,LEFT_100,100,"TOFI,0,0,0,1"
2026-09-03T22:27:48.291+00:00,LEFT_100,100,"AUTO,2,0,0,0,0,NONE,NONE,0,3"
2026-09-03T22:27:48.291+00:00,LEFT_100,100,"MOTION,1018091,0,0.00,0.00,0.0000,0.00,0.00"
2026-09-03T22:27:48.291+00:00,LEFT_100,100,"ACK,SET_PID,2"
2026-09-03T22:27:48.291+00:00,LEFT_100,100,"TEL,1018243,0.00,0.00,0.00,0.00,90.96,-0.402,0.0"
2026-09-03T22:27:48.291+00:00,LEFT_100,100,"WHEEL,FL,0.00,0.00,0,-351"
2026-09-03T22:27:48.291+00:00,LEFT_100,100,"WHEEL,FR,0.00,0.00,0,820"
2026-09-03T22:27:48.291+00:00,LEFT_100,100,"WHEEL,BL,0.00,0.00,0,1971"
2026-09-03T22:27:48.314+00:00,LEFT_100,100,"WHEEL,BR,0.00,0.00,0,-301"
2026-09-03T22:27:48.314+00:00,LEFT_100,100,"POSE,437.4,1440.8,90.96,0"
2026-09-03T22:27:48.314+00:00,LEFT_100,100,"SYS,WAIT_START,0,0,0,MANUAL,RED,0"
2026-09-03T22:27:48.314+00:00,LEFT_100,100,"HDG,90.96,89.05,-1.92,1,1"
2026-09-03T22:27:48.314+00:00,LEFT_100,100,"TOF,460.0,0,170,-290.0"
2026-09-03T22:27:48.314+00:00,LEFT_100,100,"TOFI,0,0,0,1"
2026-09-03T22:27:48.314+00:00,LEFT_100,100,"AUTO,2,0,0,0,0,NONE,NONE,0,3"
2026-09-03T22:27:48.345+00:00,LEFT_100,100,"MOTION,1018291,0,0.00,0.00,0.0000,0.00,0.00"
2026-09-03T22:27:48.345+00:00,LEFT_100,100,"ACK,SET_PID,3"
2026-09-03T22:27:48.345+00:00,LEFT_100,100,"STATE,WAIT_START"
2026-09-03T22:27:48.345+00:00,LEFT_100,100,"ACK,DRIVE"
2026-09-03T22:27:48.423+00:00,LEFT_100,100,"TEL,1018444,-14.26,18.32,19.37,-5.10,90.97,-0.402,0.0"
2026-09-03T22:27:48.423+00:00,LEFT_100,100,"WHEEL,FL,-19.10,-14.26,-50,-354"
2026-09-03T22:27:48.423+00:00,LEFT_100,100,"WHEEL,FR,19.10,18.32,44,824"
2026-09-03T22:27:48.423+00:00,LEFT_100,100,"WHEEL,BL,19.10,19.37,37,1975"
2026-09-03T22:27:48.454+00:00,LEFT_100,100,"WHEEL,BR,-19.10,-5.10,-49,-302"
2026-09-03T22:27:48.532+00:00,LEFT_100,100,"POSE,434.2,1441.8,90.97,0"
2026-09-03T22:27:48.532+00:00,LEFT_100,100,"SYS,WAIT_START,0,1,8,MANUAL,RED,0"
2026-09-03T22:27:48.532+00:00,LEFT_100,100,"HDG,90.97,90.96,-0.00,1,1"
2026-09-03T22:27:48.532+00:00,LEFT_100,100,"TOF,460.0,0,170,-290.0"
2026-09-03T22:27:48.532+00:00,LEFT_100,100,"TOFI,0,0,0,1"
2026-09-03T22:27:48.532+00:00,LEFT_100,100,"AUTO,2,0,0,0,0,NONE,NONE,0,3"
2026-09-03T22:27:48.532+00:00,LEFT_100,100,"MOTION,1018496,1,0.00,100.00,0.0000,0.00,0.00"
2026-09-03T22:27:48.624+00:00,LEFT_100,100,"TEL,1018647,-29.14,12.62,20.83,-28.37,91.34,-0.402,0.0"
2026-09-03T22:27:48.624+00:00,LEFT_100,100,"WHEEL,FL,-19.10,-29.14,-38,-380"
2026-09-03T22:27:48.656+00:00,LEFT_100,100,"WHEEL,FR,19.10,12.62,49,835"
2026-09-03T22:27:48.686+00:00,LEFT_100,100,"WHEEL,BL,19.10,20.83,36,2009"
2026-09-03T22:27:48.686+00:00,LEFT_100,100,"WHEEL,BR,-19.10,-28.37,-31,-325"
2026-09-03T22:27:48.686+00:00,LEFT_100,100,"POSE,409.6,1440.2,91.37,0"
2026-09-03T22:27:48.686+00:00,LEFT_100,100,"SYS,WAIT_START,0,1,8,MANUAL,RED,0"
2026-09-03T22:27:48.717+00:00,LEFT_100,100,"HDG,91.34,90.96,-0.37,1,1"
2026-09-03T22:27:48.718+00:00,LEFT_100,100,"TOF,460.0,0,170,-290.0"
2026-09-03T22:27:48.748+00:00,LEFT_100,100,"TOFI,0,0,0,1"
2026-09-03T22:27:48.749+00:00,LEFT_100,100,"AUTO,2,0,0,0,0,NONE,NONE,0,3"
2026-09-03T22:27:48.749+00:00,LEFT_100,100,"MOTION,1018700,1,0.00,100.00,0.0000,0.00,0.00"
2026-09-03T22:27:48.889+00:00,LEFT_100,100,"TEL,1018848,-9.18,18.22,28.04,-12.51,91.92,-0.402,0.0"
2026-09-03T22:27:48.889+00:00,LEFT_100,100,"WHEEL,FL,-8.61,-9.18,-43,-401"
2026-09-03T22:27:48.889+00:00,LEFT_100,100,"WHEEL,FR,8.61,18.22,33,856"
2026-09-03T22:27:48.890+00:00,LEFT_100,100,"WHEEL,BL,29.58,28.04,41,2028"
2026-09-03T22:27:48.890+00:00,LEFT_100,100,"WHEEL,BR,-29.58,-12.51,-54,-340"
2026-09-03T22:27:48.890+00:00,LEFT_100,100,"POSE,389.7,1440.5,91.98,0"
2026-09-03T22:27:48.890+00:00,LEFT_100,100,"SYS,WAIT_START,0,1,8,MANUAL,RED,0"
2026-09-03T22:27:48.920+00:00,LEFT_100,100,"HDG,91.92,90.96,-0.96,1,1"
2026-09-03T22:27:48.921+00:00,LEFT_100,100,"TOF,460.0,0,170,-290.0"
2026-09-03T22:27:48.921+00:00,LEFT_100,100,"TOFI,0,0,0,1"
2026-09-03T22:27:48.921+00:00,LEFT_100,100,"AUTO,2,0,0,0,0,NONE,NONE,0,3"
2026-09-03T22:27:48.997+00:00,LEFT_100,100,"MOTION,1018899,1,0.00,100.00,-0.1800,0.00,0.00"
2026-09-03T22:27:49.029+00:00,LEFT_100,100,"TEL,1019063,-28.71,19.04,17.02,-25.16,90.72,-0.402,0.0"
2026-09-03T22:27:49.030+00:00,LEFT_100,100,"WHEEL,FL,-19.10,-28.71,-38,-423"
2026-09-03T22:27:49.060+00:00,LEFT_100,100,"WHEEL,FR,19.10,19.04,43,870"
2026-09-03T22:27:49.061+00:00,LEFT_100,100,"WHEEL,BL,19.10,17.02,39,2060"
2026-09-03T22:27:49.061+00:00,LEFT_100,100,"WHEEL,BR,-19.10,-25.16,-33,-373"
2026-09-03T22:27:49.092+00:00,LEFT_100,100,"POSE,363.3,1437.7,90.72,0"
2026-09-03T22:27:49.092+00:00,LEFT_100,100,"SYS,WAIT_START,0,1,8,MANUAL,RED,0"
2026-09-03T22:27:49.122+00:00,LEFT_100,100,"HDG,90.72,90.96,0.25,1,1"
2026-09-03T22:27:49.122+00:00,LEFT_100,100,"TOF,460.0,0,170,-290.0"
2026-09-03T22:27:49.123+00:00,LEFT_100,100,"TOFI,0,0,0,1"
2026-09-03T22:27:49.123+00:00,LEFT_100,100,"AUTO,2,0,0,0,0,NONE,NONE,0,3"
2026-09-03T22:27:49.153+00:00,LEFT_100,100,"MOTION,1019115,1,0.00,100.00,0.0000,0.00,0.00"
2026-09-03T22:27:49.231+00:00,LEFT_100,100,"TEL,1019263,-11.64,19.81,19.77,-7.45,91.17,-0.402,0.0"
2026-09-03T22:27:49.231+00:00,LEFT_100,100,"WHEEL,FL,-19.10,-11.64,-52,-433"
2026-09-03T22:27:49.261+00:00,LEFT_100,100,"WHEEL,FR,19.10,19.81,43,889"
2026-09-03T22:27:49.261+00:00,LEFT_100,100,"WHEEL,BL,19.10,19.77,37,2077"
2026-09-03T22:27:49.261+00:00,LEFT_100,100,"WHEEL,BR,-19.10,-7.45,-48,-377"
2026-09-03T22:27:49.339+00:00,LEFT_100,100,"POSE,350.1,1443.3,91.17,0"
2026-09-03T22:27:49.339+00:00,LEFT_100,100,"SYS,WAIT_START,0,1,8,MANUAL,RED,0"
2026-09-03T22:27:49.339+00:00,LEFT_100,100,"HDG,91.17,90.96,-0.20,1,1"
2026-09-03T22:27:49.339+00:00,LEFT_100,100,"TOF,460.0,0,170,-290.0"
2026-09-03T22:27:49.339+00:00,LEFT_100,100,"TOFI,0,0,0,1"
2026-09-03T22:27:49.339+00:00,LEFT_100,100,"AUTO,2,0,0,0,0,NONE,NONE,0,3"
2026-09-03T22:27:49.339+00:00,LEFT_100,100,"MOTION,1019315,1,0.00,100.00,0.0000,0.00,0.00"
2026-09-03T22:27:49.448+00:00,LEFT_100,100,"TEL,1019463,-22.78,1.00,24.18,-34.89,91.67,-0.402,0.0"
2026-09-03T22:27:49.449+00:00,LEFT_100,100,"WHEEL,FL,-8.61,-22.78,-32,-463"
2026-09-03T22:27:49.449+00:00,LEFT_100,100,"WHEEL,FR,8.61,1.00,47,900"
2026-09-03T22:27:49.449+00:00,LEFT_100,100,"WHEEL,BL,29.58,24.18,44,2104"
2026-09-03T22:27:49.480+00:00,LEFT_100,100,"WHEEL,BR,-29.58,-34.89,-37,-404"
2026-09-03T22:27:49.480+00:00,LEFT_100,100,"POSE,325.4,1437.5,91.67,0"
2026-09-03T22:27:49.480+00:00,LEFT_100,100,"SYS,WAIT_START,0,1,8,MANUAL,RED,0"
2026-09-03T22:27:49.511+00:00,LEFT_100,100,"HDG,91.67,90.96,-0.70,1,1"
2026-09-03T22:27:49.511+00:00,LEFT_100,100,"TOF,460.0,0,170,-290.0"
2026-09-03T22:27:49.542+00:00,LEFT_100,100,"TOFI,0,0,0,1"
2026-09-03T22:27:49.542+00:00,LEFT_100,100,"AUTO,2,0,0,0,0,NONE,NONE,0,3"
2026-09-03T22:27:49.542+00:00,LEFT_100,100,"MOTION,1019514,1,0.00,100.00,-0.1800,0.00,0.00"
2026-09-03T22:27:49.684+00:00,LEFT_100,100,"TEL,1019668,-30.95,24.57,20.39,-21.25,91.17,-0.402,0.0"
2026-09-03T22:27:49.684+00:00,LEFT_100,100,"WHEEL,FL,-19.10,-30.95,-36,-483"
2026-09-03T22:27:49.684+00:00,LEFT_100,100,"WHEEL,FR,19.10,24.57,39,923"
2026-09-03T22:27:49.684+00:00,LEFT_100,100,"WHEEL,BL,19.10,20.39,36,2130"
2026-09-03T22:27:49.684+00:00,LEFT_100,100,"WHEEL,BR,-19.10,-21.25,-37,-423"
2026-09-03T22:27:49.714+00:00,LEFT_100,100,"POSE,302.4,1439.9,91.17,0"
2026-09-03T22:27:49.714+00:00,LEFT_100,100,"SYS,WAIT_START,0,1,8,MANUAL,RED,0"
2026-09-03T22:27:49.792+00:00,LEFT_100,100,"HDG,91.17,90.96,-0.21,1,1"
2026-09-03T22:27:49.792+00:00,LEFT_100,100,"TOF,460.0,0,170,-290.0"
2026-09-03T22:27:49.792+00:00,LEFT_100,100,"TOFI,0,0,0,1"
2026-09-03T22:27:49.792+00:00,LEFT_100,100,"AUTO,2,0,0,0,0,NONE,NONE,0,3"
2026-09-03T22:27:49.792+00:00,LEFT_100,100,"MOTION,1019721,1,0.00,100.00,0.0000,0.00,0.00"
2026-09-03T22:27:49.900+00:00,LEFT_100,100,"TEL,1019869,-25.38,18.17,18.55,-18.30,91.25,-0.402,0.0"
2026-09-03T22:27:49.900+00:00,LEFT_100,100,"WHEEL,FL,-19.10,-25.38,-40,-504"
2026-09-03T22:27:49.900+00:00,LEFT_100,100,"WHEEL,FR,19.10,18.17,44,943"
2026-09-03T22:27:49.901+00:00,LEFT_100,100,"WHEEL,BL,19.10,18.55,37,2151"
2026-09-03T22:27:49.901+00:00,LEFT_100,100,"WHEEL,BR,-19.10,-18.30,-39,-442"
2026-09-03T22:27:49.901+00:00,LEFT_100,100,"POSE,281.2,1439.6,91.25,0"
2026-09-03T22:27:49.901+00:00,LEFT_100,100,"SYS,WAIT_START,0,1,8,MANUAL,RED,0"
2026-09-03T22:27:49.932+00:00,LEFT_100,100,"HDG,91.25,90.96,-0.28,1,1"
2026-09-03T22:27:49.932+00:00,LEFT_100,100,"TOF,460.0,0,170,-290.0"
2026-09-03T22:27:49.964+00:00,LEFT_100,100,"TOFI,0,0,0,1"
2026-09-03T22:27:49.964+00:00,LEFT_100,100,"AUTO,2,0,0,0,0,NONE,NONE,0,3"
2026-09-03T22:27:49.964+00:00,LEFT_100,100,"MOTION,1019921,1,0.00,100.00,0.0000,0.00,0.00"
2026-09-03T22:27:50.057+00:00,LEFT_100,100,"TEL,1020069,-6.99,10.04,33.86,-30.63,91.74,-0.402,0.0"
2026-09-03T22:27:50.057+00:00,LEFT_100,100,"WHEEL,FL,-21.89,-6.99,-56,-524"
2026-09-03T22:27:50.089+00:00,LEFT_100,100,"WHEEL,FR,21.89,10.04,53,964"
2026-09-03T22:27:50.089+00:00,LEFT_100,100,"WHEEL,BL,16.31,33.86,23,2173"
2026-09-03T22:27:50.089+00:00,LEFT_100,100,"WHEEL,BR,-16.31,-30.63,-27,-460"
2026-09-03T22:27:50.120+00:00,LEFT_100,100,"POSE,259.9,1440.2,91.74,0"
2026-09-03T22:27:50.120+00:00,LEFT_100,100,"SYS,WAIT_START,0,1,8,MANUAL,RED,0"
2026-09-03T22:27:50.120+00:00,LEFT_100,100,"HDG,91.74,90.96,-0.78,1,1"
2026-09-03T22:27:50.120+00:00,LEFT_100,100,"TOF,460.0,0,170,-290.0"
2026-09-03T22:27:50.151+00:00,LEFT_100,100,"TOFI,0,0,0,1"
2026-09-03T22:27:50.151+00:00,LEFT_100,100,"AUTO,2,0,0,0,0,NONE,NONE,0,3"
2026-09-03T22:27:50.182+00:00,LEFT_100,100,"MOTION,1020121,1,0.00,100.00,0.0479,0.00,0.00"
2026-09-03T22:27:50.244+00:00,LEFT_100,100,"TEL,1020270,-10.47,9.76,28.46,-21.49,91.17,-0.402,0.0"
2026-09-03T22:27:50.244+00:00,LEFT_100,100,"WHEEL,FL,-19.10,-10.47,-51,-536"
2026-09-03T22:27:50.276+00:00,REST,0,"9.10,9.76,50,980"
2026-09-03T22:27:50.276+00:00,REST,0,"WHEEL,BL,19.10,28.46,30,2193"
2026-09-03T22:27:50.306+00:00,REST,0,"WHEEL,BR,-19.10,-21.49,-37,-474"
2026-09-03T22:27:50.306+00:00,REST,0,"POSE,243.6,1442.4,91.17,0"
2026-09-03T22:27:50.306+00:00,REST,0,"SYS,WAIT_START,0,1,8,MANUAL,RED,0"
2026-09-03T22:27:50.338+00:00,REST,0,"HDG,91.17,90.96,-0.21,1,1"
2026-09-03T22:27:50.339+00:00,REST,0,"TOF,460.0,0,170,-290.0"
2026-09-03T22:27:50.370+00:00,REST,0,"TOFI,0,0,0,1"
2026-09-03T22:27:50.370+00:00,REST,0,"AUTO,2,0,0,0,0,NONE,NONE,0,3"
2026-09-03T22:27:50.370+00:00,REST,0,"MOTION,1020322,1,0.00,100.00,0.0000,0.00,0.00"
2026-09-03T22:27:50.465+00:00,REST,0,"TEL,1020471,-11.38,10.13,23.15,-18.49,92.06,-0.402,0.0"
2026-09-03T22:27:50.465+00:00,REST,0,"WHEEL,FL,0.00,-11.38,0,-559"
2026-09-03T22:27:50.465+00:00,REST,0,"WHEEL,FR,0.00,10.13,0,1004"
2026-09-03T22:27:50.465+00:00,REST,0,"WHEEL,BL,0.00,23.15,0,2213"
2026-09-03T22:27:50.497+00:00,REST,0,"WHEEL,BR,0.00,-18.49,0,-487"
2026-09-03T22:27:50.576+00:00,REST,0,"POSE,222.6,1443.8,92.06,0"
2026-09-03T22:27:50.576+00:00,REST,0,"SYS,WAIT_START,0,1,8,MANUAL,RED,0"
2026-09-03T22:27:50.576+00:00,REST,0,"HDG,92.06,90.96,-1.09,1,1"
2026-09-03T22:27:50.576+00:00,REST,0,"TOF,460.0,0,170,-290.0"
2026-09-03T22:27:50.576+00:00,REST,0,"TOFI,0,0,0,1"
2026-09-03T22:27:50.576+00:00,REST,0,"AUTO,2,0,0,0,0,NONE,NONE,0,3"
2026-09-03T22:27:50.576+00:00,REST,0,"MOTION,1020521,0,0.00,0.00,0.0000,0.00,0.00"
2026-09-03T22:27:50.684+00:00,REST,0,"TEL,1020674,-0.15,-0.80,0.33,-1.41,91.61,-0.402,0.0"
2026-09-03T22:27:50.685+00:00,REST,0,"WHEEL,FL,0.00,-0.15,0,-559"
2026-09-03T22:27:50.685+00:00,REST,0,"WHEEL,FR,0.00,-0.80,0,1002"
2026-09-03T22:27:50.685+00:00,REST,0,"WHEEL,BL,0.00,0.33,0,2214"
2026-09-03T22:27:50.685+00:00,REST,0,"WHEEL,BR,0.00,-1.41,0,-490"
2026-09-03T22:27:50.685+00:00,REST,0,"POSE,222.1,1442.7,91.61,0"
2026-09-03T22:27:50.716+00:00,REST,0,"SYS,WAIT_START,0,1,8,MANUAL,RED,0"
2026-09-03T22:27:50.746+00:00,REST,0,"HDG,91.61,90.96,-0.64,1,1"
2026-09-03T22:27:50.747+00:00,REST,0,"TOF,460.0,0,170,-290.0"
2026-09-03T22:27:50.747+00:00,REST,0,"TOFI,0,0,0,1"
2026-09-03T22:27:50.747+00:00,REST,0,"AUTO,2,0,0,0,0,NONE,NONE,0,3"
2026-09-03T22:27:50.777+00:00,REST,0,"MOTION,1020723,0,0.00,0.00,0.0000,0.00,0.00"
2026-09-03T22:27:50.870+00:00,REST,0,"TEL,1020874,-0.00,-0.04,0.01,-0.03,91.57,-0.402,0.0"
2026-09-03T22:27:50.870+00:00,REST,0,"WHEEL,FL,0.00,-0.00,0,-559"
2026-09-03T22:27:50.870+00:00,REST,0,"WHEEL,FR,0.00,-0.04,0,1001"
2026-09-03T22:27:50.870+00:00,REST,0,"WHEEL,BL,0.00,0.01,0,2214"
2026-09-03T22:27:50.901+00:00,REST,0,"WHEEL,BR,0.00,-0.03,0,-490"
2026-09-03T22:27:50.901+00:00,REST,0,"POSE,222.4,1442.5,91.56,0"
2026-09-03T22:27:50.901+00:00,REST,0,"SYS,WAIT_START,0,1,8,MANUAL,RED,0"
2026-09-03T22:27:50.933+00:00,REST,0,"HDG,91.57,90.96,-0.60,1,1"
2026-09-03T22:27:50.933+00:00,REST,0,"TOF,460.0,0,170,-290.0"
2026-09-03T22:27:50.933+00:00,REST,0,"TOFI,0,0,0,1"
2026-09-03T22:27:50.965+00:00,REST,0,"AUTO,2,0,0,0,0,NONE,NONE,0,3"
2026-09-03T22:27:50.965+00:00,REST,0,"MOTION,1020924,0,0.00,0.00,0.0000,0.00,0.00"
2026-09-03T22:27:51.044+00:00,REST,0,"TEL,1021075,-0.00,-0.00,0.00,-0.00,91.56,-0.402,0.0"
2026-09-03T22:27:51.044+00:00,REST,0,"WHEEL,FL,0.00,-0.00,0,-559"
2026-09-03T22:27:51.075+00:00,REST,0,"WHEEL,FR,0.00,-0.00,0,1001"
2026-09-03T22:27:51.075+00:00,REST,0,"WHEEL,BL,0.00,0.00,0,2214"
2026-09-03T22:27:51.106+00:00,RIGHT_100,-100,"00,-0.00,0,-490"
2026-09-03T22:27:51.106+00:00,RIGHT_100,-100,"POSE,222.4,1442.5,91.55,0"
2026-09-03T22:27:51.106+00:00,RIGHT_100,-100,"SYS,WAIT_START,0,1,8,MANUAL,RED,0"
2026-09-03T22:27:51.138+00:00,RIGHT_100,-100,"HDG,91.56,90.96,-0.59,1,1"
2026-09-03T22:27:51.138+00:00,RIGHT_100,-100,"TOF,460.0,0,170,-290.0"
2026-09-03T22:27:51.138+00:00,RIGHT_100,-100,"TOFI,0,0,0,1"
2026-09-03T22:27:51.169+00:00,RIGHT_100,-100,"AUTO,2,0,0,0,0,NONE,NONE,0,3"
2026-09-03T22:27:51.169+00:00,RIGHT_100,-100,"MOTION,1021124,0,0.00,0.00,0.0000,0.00,0.00"
2026-09-03T22:27:51.278+00:00,RIGHT_100,-100,"TEL,1021275,12.20,-12.20,0.00,-0.00,91.55,-0.402,0.0"
2026-09-03T22:27:51.278+00:00,RIGHT_100,-100,"WHEEL,FL,29.58,12.20,62,-557"
2026-09-03T22:27:51.278+00:00,RIGHT_100,-100,"WHEEL,FR,-29.58,-12.20,-60,999"
2026-09-03T22:27:51.278+00:00,RIGHT_100,-100,"WHEEL,BL,-8.61,0.00,-42,2214"
2026-09-03T22:27:51.309+00:00,RIGHT_100,-100,"WHEEL,BR,8.61,-0.00,42,-490"
2026-09-03T22:27:51.309+00:00,RIGHT_100,-100,"POSE,223.4,1442.5,91.55,0"
2026-09-03T22:27:51.309+00:00,RIGHT_100,-100,"SYS,WAIT_START,0,1,8,MANUAL,RED,0"
2026-09-03T22:27:51.341+00:00,RIGHT_100,-100,"HDG,91.55,90.96,-0.58,1,1"
2026-09-03T22:27:51.341+00:00,RIGHT_100,-100,"TOF,460.0,0,170,-290.0"
2026-09-03T22:27:51.341+00:00,RIGHT_100,-100,"TOFI,0,0,0,1"
2026-09-03T22:27:51.341+00:00,RIGHT_100,-100,"AUTO,2,0,0,0,0,NONE,NONE,0,3"
2026-09-03T22:27:51.372+00:00,RIGHT_100,-100,"MOTION,1021326,1,0.00,-100.00,-0.1800,0.00,0.00"
2026-09-03T22:27:51.513+00:00,RIGHT_100,-100,"TEL,1021475,30.84,-17.59,-20.95,39.75,90.09,-0.402,0.0"
2026-09-03T22:27:51.513+00:00,RIGHT_100,-100,"WHEEL,FL,8.61,30.84,27,-520"
2026-09-03T22:27:51.513+00:00,RIGHT_100,-100,"WHEEL,FR,-8.61,-17.59,-34,957"
2026-09-03T22:27:51.513+00:00,RIGHT_100,-100,"WHEEL,BL,-29.58,-20.95,-47,2200"
2026-09-03T22:27:51.513+00:00,RIGHT_100,-100,"WHEEL,BR,29.58,39.75,32,-464"
2026-09-03T22:27:51.513+00:00,RIGHT_100,-100,"POSE,254.6,1444.5,90.09,0"
2026-09-03T22:27:51.513+00:00,RIGHT_100,-100,"SYS,WAIT_START,0,1,8,MANUAL,RED,0"
2026-09-03T22:27:51.544+00:00,RIGHT_100,-100,"HDG,90.09,90.96,0.87,1,1"
2026-09-03T22:27:51.544+00:00,RIGHT_100,-100,"TOF,460.0,0,170,-290.0"
2026-09-03T22:27:51.544+00:00,RIGHT_100,-100,"TOFI,0,0,0,1"
2026-09-03T22:27:51.544+00:00,RIGHT_100,-100,"AUTO,2,0,0,0,0,NONE,NONE,0,3"
2026-09-03T22:27:51.621+00:00,RIGHT_100,-100,"MOTION,1021526,1,0.00,-100.00,0.1800,0.00,0.00"
2026-09-03T22:27:51.652+00:00,RIGHT_100,-100,"TEL,1021675,23.65,-24.62,-15.36,11.69,91.50,-0.402,0.0"
2026-09-03T22:27:51.652+00:00,RIGHT_100,-100,"WHEEL,FL,29.58,23.65,53,-506"
2026-09-03T22:27:51.684+00:00,RIGHT_100,-100,"WHEEL,FR,-29.58,-24.62,-50,946"
2026-09-03T22:27:51.684+00:00,RIGHT_100,-100,"WHEEL,BL,-8.61,-15.36,-31,2179"
2026-09-03T22:27:51.684+00:00,RIGHT_100,-100,"WHEEL,BR,8.61,11.69,33,-439"
2026-09-03T22:27:51.716+00:00,RIGHT_100,-100,"POSE,273.2,1446.8,91.50,0"
2026-09-03T22:27:51.716+00:00,RIGHT_100,-100,"SYS,WAIT_START,0,1,8,MANUAL,RED,0"
2026-09-03T22:27:51.746+00:00,RIGHT_100,-100,"HDG,91.50,90.96,-0.54,1,1"
2026-09-03T22:27:51.746+00:00,RIGHT_100,-100,"TOF,460.0,0,170,-290.0"
2026-09-03T22:27:51.746+00:00,RIGHT_100,-100,"TOFI,0,0,0,1"
2026-09-03T22:27:51.746+00:00,RIGHT_100,-100,"AUTO,2,0,0,0,0,NONE,NONE,0,3"
2026-09-03T22:27:51.778+00:00,RIGHT_100,-100,"MOTION,1021727,1,0.00,-100.00,-0.1800,0.00,0.00"
2026-09-03T22:27:51.855+00:00,RIGHT_100,-100,"TEL,1021875,22.88,-12.29,-31.64,31.16,90.40,-0.402,0.0"
2026-09-03T22:27:51.855+00:00,RIGHT_100,-100,"WHEEL,FL,8.61,22.88,32,-478"
2026-09-03T22:27:51.886+00:00,RIGHT_100,-100,"WHEEL,FR,-8.61,-12.29,-38,921"
2026-09-03T22:27:51.886+00:00,RIGHT_100,-100,"WHEEL,BL,-29.58,-31.64,-38,2161"
2026-09-03T22:27:51.886+00:00,RIGHT_100,-100,"WHEEL,BR,29.58,31.16,38,-422"
2026-09-03T22:27:51.964+00:00,RIGHT_100,-100,"POSE,296.2,1447.5,90.40,0"
2026-09-03T22:27:51.964+00:00,RIGHT_100,-100,"SYS,WAIT_START,0,1,8,MANUAL,RED,0"
2026-09-03T22:27:51.964+00:00,RIGHT_100,-100,"HDG,90.40,90.96,0.57,1,1"
2026-09-03T22:27:51.964+00:00,RIGHT_100,-100,"TOF,460.0,0,170,-290.0"
2026-09-03T22:27:51.964+00:00,RIGHT_100,-100,"TOFI,0,0,0,1"
2026-09-03T22:27:51.964+00:00,RIGHT_100,-100,"AUTO,2,0,0,0,0,NONE,NONE,0,3"
2026-09-03T22:27:51.964+00:00,RIGHT_100,-100,"MOTION,1021927,1,0.00,-100.00,0.1800,0.00,0.00"
2026-09-03T22:27:52.074+00:00,RIGHT_100,-100,"TEL,1022075,23.29,-22.28,-9.87,14.18,91.46,-0.402,0.0"
2026-09-03T22:27:52.074+00:00,RIGHT_100,-100,"WHEEL,FL,19.10,23.29,42,-469"
2026-09-03T22:27:52.075+00:00,RIGHT_100,-100,"WHEEL,FR,-19.10,-22.28,-41,913"
2026-09-03T22:27:52.105+00:00,RIGHT_100,-100,"WHEEL,BL,-19.10,-9.87,-45,2146"
2026-09-03T22:27:52.105+00:00,RIGHT_100,-100,"WHEEL,BR,19.10,14.18,41,-404"
2026-09-03T22:27:52.105+00:00,RIGHT_100,-100,"POSE,309.3,1448.8,91.46,0"
2026-09-03T22:27:52.105+00:00,RIGHT_100,-100,"SYS,WAIT_START,0,1,8,MANUAL,RED,0"
2026-09-03T22:27:52.184+00:00,RIGHT_100,-100,"HDG,91.46,90.96,-0.50,1,1"
2026-09-03T22:27:52.184+00:00,RIGHT_100,-100,"TOF,460.0,0,170,-290.0"
2026-09-03T22:27:52.184+00:00,RIGHT_100,-100,"TOFI,0,0,0,1"
2026-09-03T22:27:52.184+00:00,RIGHT_100,-100,"AUTO,2,0,0,0,0,NONE,NONE,0,3"
2026-09-03T22:27:52.184+00:00,RIGHT_100,-100,"MOTION,1022127,1,0.00,-100.00,0.0000,0.00,0.00"
2026-09-03T22:27:52.247+00:00,RIGHT_100,-100,"TEL,1022275,25.51,-24.89,-10.22,6.88,90.86,-0.402,0.0"
2026-09-03T22:27:52.247+00:00,RIGHT_100,-100,"WHEEL,FL,19.10,25.51,41,-447"
2026-09-03T22:27:52.278+00:00,RIGHT_100,-100,"WHEEL,FR,-19.10,-24.89,-39,893"
2026-09-03T22:27:52.310+00:00,RIGHT_100,-100,"WHEEL,BL,-19.10,-10.22,-45,2131"
2026-09-03T22:27:52.310+00:00,RIGHT_100,-100,"WHEEL,BR,19.10,6.88,47,-387"
2026-09-03T22:27:52.310+00:00,RIGHT_100,-100,"POSE,328.6,1450.3,91.00,0"
2026-09-03T22:27:52.310+00:00,RIGHT_100,-100,"SYS,WAIT_START,0,1,8,MANUAL,RED,0"
2026-09-03T22:27:52.341+00:00,RIGHT_100,-100,"HDG,90.86,90.96,0.11,1,1"
2026-09-03T22:27:52.341+00:00,RIGHT_100,-100,"TOF,460.0,0,170,-290.0"
2026-09-03T22:27:52.373+00:00,RIGHT_100,-100,"TOFI,0,0,0,1"
2026-09-03T22:27:52.373+00:00,RIGHT_100,-100,"AUTO,2,0,0,0,0,NONE,NONE,0,3"
2026-09-03T22:27:52.374+00:00,RIGHT_100,-100,"MOTION,1022327,1,0.00,-100.00,0.0000,0.00,0.00"
2026-09-03T22:27:52.467+00:00,RIGHT_100,-100,"TEL,1022475,25.63,-21.81,-7.62,15.94,92.25,-0.402,0.0"
2026-09-03T22:27:52.467+00:00,RIGHT_100,-100,"WHEEL,FL,29.58,25.63,51,-431"
2026-09-03T22:27:52.467+00:00,RIGHT_100,-100,"WHEEL,FR,-29.58,-21.81,-53,878"
2026-09-03T22:27:52.545+00:00,RIGHT_100,-100,"WHEEL,BL,-8.61,-7.62,-37,2110"
2026-09-03T22:27:52.545+00:00,RIGHT_100,-100,"WHEEL,BR,8.61,15.94,29,-359"
2026-09-03T22:27:52.545+00:00,RIGHT_100,-100,"POSE,349.5,1453.0,92.25,0"
2026-09-03T22:27:52.545+00:00,RIGHT_100,-100,"SYS,WAIT_START,0,1,8,MANUAL,RED,0"
2026-09-03T22:27:52.545+00:00,RIGHT_100,-100,"HDG,92.25,90.96,-1.28,1,1"
2026-09-03T22:27:52.545+00:00,RIGHT_100,-100,"TOF,460.0,0,170,-290.0"
2026-09-03T22:27:52.546+00:00,RIGHT_100,-100,"TOFI,0,0,0,1"
2026-09-03T22:27:52.546+00:00,RIGHT_100,-100,"AUTO,2,0,0,0,0,NONE,NONE,0,3"
2026-09-03T22:27:52.577+00:00,RIGHT_100,-100,"MOTION,1022527,1,0.00,-100.00,-0.1800,0.00,0.00"
2026-09-03T22:27:52.671+00:00,RIGHT_100,-100,"TEL,1022675,12.65,-9.44,-23.96,28.51,90.64,-0.402,0.0"
2026-09-03T22:27:52.671+00:00,RIGHT_100,-100,"WHEEL,FL,19.10,12.65,52,-406"
2026-09-03T22:27:52.671+00:00,RIGHT_100,-100,"WHEEL,FR,-19.10,-9.44,-51,853"
2026-09-03T22:27:52.703+00:00,RIGHT_100,-100,"WHEEL,BL,-19.10,-23.96,-35,2095"
2026-09-03T22:27:52.703+00:00,RIGHT_100,-100,"WHEEL,BR,19.10,28.51,30,-344"
2026-09-03T22:27:52.703+00:00,RIGHT_100,-100,"POSE,370.4,1453.2,90.64,0"
2026-09-03T22:27:52.703+00:00,RIGHT_100,-100,"SYS,WAIT_START,0,1,8,MANUAL,RED,0"
2026-09-03T22:27:52.735+00:00,RIGHT_100,-100,"HDG,90.64,90.96,0.32,1,1"
2026-09-03T22:27:52.735+00:00,RIGHT_100,-100,"TOF,460.0,0,170,-290.0"
2026-09-03T22:27:52.767+00:00,RIGHT_100,-100,"TOFI,0,0,0,1"
2026-09-03T22:27:52.767+00:00,RIGHT_100,-100,"AUTO,2,0,0,0,0,NONE,NONE,0,3"
2026-09-03T22:27:52.767+00:00,RIGHT_100,-100,"MOTION,1022727,1,0.00,-100.00,0.0000,0.00,0.00"
2026-09-03T22:27:52.909+00:00,RIGHT_100,-100,"TEL,1022875,27.55,-19.03,-12.73,18.09,90.69,-0.402,0.0"
2026-09-03T22:27:52.909+00:00,RIGHT_100,-100,"WHEEL,FL,19.10,27.55,40,-384"
2026-09-03T22:27:52.909+00:00,RIGHT_100,-100,"WHEEL,FR,-19.10,-19.03,-44,838"
2026-09-03T22:27:52.909+00:00,RIGHT_100,-100,"WHEEL,BL,-19.10,-12.73,-44,2085"
2026-09-03T22:27:52.909+00:00,RIGHT_100,-100,"WHEEL,BR,19.10,18.09,38,-323"
2026-09-03T22:27:52.909+00:00,RIGHT_100,-100,"POSE,388.1,1458.3,90.69,0"
2026-09-03T22:27:52.909+00:00,RIGHT_100,-100,"SYS,WAIT_START,0,1,8,MANUAL,RED,0"
2026-09-03T22:27:52.941+00:00,RIGHT_100,-100,"HDG,90.69,90.96,0.27,1,1"
2026-09-03T22:27:52.941+00:00,RIGHT_100,-100,"TOF,460.0,0,170,-290.0"
2026-09-03T22:27:52.971+00:00,RIGHT_100,-100,"TOFI,0,0,0,1"
2026-09-03T22:27:52.971+00:00,RIGHT_100,-100,"AUTO,2,0,0,0,0,NONE,NONE,0,3"
2026-09-03T22:27:52.971+00:00,RIGHT_100,-100,"MOTION,1022927,1,0.00,-100.00,0.0000,0.00,0.00"
2026-09-03T22:27:53.065+00:00,RIGHT_100,-100,"TEL,1023075,1.62,-21.12,-22.16,28.99,90.64,-0.402,0.0"
2026-09-03T22:27:53.065+00:00,RIGHT_100,-100,"WHEEL,FL,19.10,1.62,60,-373"
2026-09-03T22:27:53.065+00:00,RIGHT_100,-100,"WHEEL,FR,-19.10,-21.12,-42,821"
2026-09-03T22:27:53.096+00:00,RIGHT_100,-100,"WHEEL,BL,-19.10,-22.16,-37,2066"
2026-09-03T22:27:53.096+00:00,RIGHT_100,-100,"WHEEL,BR,19.10,28.99,30,-308"
2026-09-03T22:27:53.128+00:00,REST,0,",90.64,0"
2026-09-03T22:27:53.128+00:00,REST,0,"SYS,WAIT_START,0,1,8,MANUAL,RED,0"
2026-09-03T22:27:53.128+00:00,REST,0,"HDG,90.64,90.96,0.33,1,1"
2026-09-03T22:27:53.128+00:00,REST,0,"TOF,460.0,0,170,-290.0"
2026-09-03T22:27:53.159+00:00,REST,0,"TOFI,0,0,0,1"
2026-09-03T22:27:53.159+00:00,REST,0,"AUTO,2,0,0,0,0,NONE,NONE,0,3"
2026-09-03T22:27:53.191+00:00,REST,0,"MOTION,1023127,1,0.00,-100.00,0.0000,0.00,0.00"
2026-09-03T22:27:53.299+00:00,REST,0,"TEL,1023276,27.14,-10.58,-13.47,19.97,90.56,-0.402,0.0"
2026-09-03T22:27:53.299+00:00,REST,0,"WHEEL,FL,0.00,27.14,0,-347"
2026-09-03T22:27:53.299+00:00,REST,0,"WHEEL,FR,0.00,-10.58,0,809"
2026-09-03T22:27:53.299+00:00,REST,0,"WHEEL,BL,0.00,-13.47,0,2060"
2026-09-03T22:27:53.299+00:00,REST,0,"WHEEL,BR,0.00,19.97,0,-286"
2026-09-03T22:27:53.299+00:00,REST,0,"POSE,421.5,1463.9,90.56,0"
2026-09-03T22:27:53.331+00:00,REST,0,"SYS,WAIT_START,0,1,8,MANUAL,RED,0"
2026-09-03T22:27:53.331+00:00,REST,0,"HDG,90.56,90.96,0.41,1,1"
2026-09-03T22:27:53.331+00:00,REST,0,"TOF,460.0,0,170,-290.0"
2026-09-03T22:27:53.363+00:00,REST,0,"TOFI,0,0,0,1"
2026-09-03T22:27:53.363+00:00,REST,0,"AUTO,2,0,0,0,0,NONE,NONE,0,3"
2026-09-03T22:27:53.363+00:00,REST,0,"MOTION,1023326,0,0.00,0.00,0.0000,0.00,0.00"
2026-09-03T22:27:53.455+00:00,REST,0,"TEL,1023476,0.63,-0.51,-0.23,-1.03,89.97,-0.402,0.0"
2026-09-03T22:27:53.455+00:00,REST,0,"WHEEL,FL,0.00,0.63,0,-344"
2026-09-03T22:27:53.534+00:00,REST,0,"WHEEL,FR,0.00,-0.51,0,807"
2026-09-03T22:27:53.534+00:00,REST,0,"WHEEL,BL,0.00,-0.23,0,2062"
2026-09-03T22:27:53.534+00:00,REST,0,"WHEEL,BR,0.00,-1.03,0,-288"
2026-09-03T22:27:53.534+00:00,REST,0,"POSE,421.8,1464.1,89.97,0"
2026-09-03T22:27:53.534+00:00,REST,0,"SYS,WAIT_START,0,1,8,MANUAL,RED,0"
2026-09-03T22:27:53.534+00:00,REST,0,"HDG,89.97,90.96,0.99,1,1"
2026-09-03T22:27:53.534+00:00,REST,0,"TOF,460.0,0,170,-290.0"
2026-09-03T22:27:53.534+00:00,REST,0,"TOFI,0,0,0,1"
2026-09-03T22:27:53.566+00:00,REST,0,"AUTO,2,0,0,0,0,NONE,NONE,0,3"
2026-09-03T22:27:53.566+00:00,REST,0,"MOTION,1023524,0,0.00,0.00,0.0000,0.00,0.00"
2026-09-03T22:27:53.660+00:00,REST,0,"TEL,1023679,0.01,-0.01,-0.00,-0.01,89.97,-0.402,0.0"
2026-09-03T22:27:53.661+00:00,REST,0,"WHEEL,FL,0.00,0.01,0,-344"
2026-09-03T22:27:53.692+00:00,REST,0,"WHEEL,FR,0.00,-0.01,0,807"
2026-09-03T22:27:53.692+00:00,REST,0,"WHEEL,BL,0.00,-0.00,0,2062"
2026-09-03T22:27:53.692+00:00,REST,0,"WHEEL,BR,0.00,-0.01,0,-288"
2026-09-03T22:27:53.692+00:00,REST,0,"POSE,421.8,1464.1,89.97,0"
2026-09-03T22:27:53.772+00:00,REST,0,"SYS,WAIT_START,0,1,8,MANUAL,RED,0"
2026-09-03T22:27:53.772+00:00,REST,0,"HDG,89.97,90.96,0.99,1,1"
2026-09-03T22:27:53.772+00:00,REST,0,"TOF,460.0,0,170,-290.0"
2026-09-03T22:27:53.772+00:00,REST,0,"TOFI,0,0,0,1"
2026-09-03T22:27:53.772+00:00,REST,0,"AUTO,2,0,0,0,0,NONE,NONE,0,3"
2026-09-03T22:27:53.772+00:00,REST,0,"MOTION,1023728,0,0.00,0.00,0.0000,0.00,0.00"
2026-09-03T22:27:53.867+00:00,REST,0,"TEL,1023880,0.00,-0.00,-0.00,-0.00,89.98,-0.402,0.0"
2026-09-03T22:27:53.867+00:00,REST,0,"WHEEL,FL,0.00,0.00,0,-344"
2026-09-03T22:27:53.867+00:00,REST,0,"WHEEL,FR,0.00,-0.00,0,807"
2026-09-03T22:27:53.867+00:00,REST,0,"WHEEL,BL,0.00,-0.00,0,2062"
2026-09-03T22:27:53.898+00:00,REST,0,"WHEEL,BR,0.00,-0.00,0,-288"
2026-09-03T22:27:53.898+00:00,REST,0,"POSE,421.8,1464.1,89.98,0"
2026-09-03T22:27:53.930+00:00,LEFT_200,200,"IT_START,0,1,8,MANUAL,RED,0"
2026-09-03T22:27:53.930+00:00,LEFT_200,200,"HDG,89.98,90.96,0.98,1,1"
2026-09-03T22:27:53.930+00:00,LEFT_200,200,"TOF,460.0,0,170,-290.0"
2026-09-03T22:27:53.930+00:00,LEFT_200,200,"TOFI,0,0,0,1"
2026-09-03T22:27:53.962+00:00,LEFT_200,200,"AUTO,2,0,0,0,0,NONE,NONE,0,3"
2026-09-03T22:27:53.962+00:00,LEFT_200,200,"MOTION,1023929,0,0.00,0.00,0.0000,0.00,0.00"
2026-09-03T22:27:54.101+00:00,LEFT_200,200,"TEL,1024080,-20.55,13.70,6.85,-6.85,89.99,-0.402,0.0"
2026-09-03T22:27:54.102+00:00,LEFT_200,200,"WHEEL,FL,-48.68,-20.55,-74,-347"
2026-09-03T22:27:54.102+00:00,LEFT_200,200,"WHEEL,FR,48.68,13.70,78,809"
2026-09-03T22:27:54.102+00:00,LEFT_200,200,"WHEEL,BL,27.71,6.85,55,2063"
2026-09-03T22:27:54.102+00:00,LEFT_200,200,"WHEEL,BR,-27.71,-6.85,-55,-289"
2026-09-03T22:27:54.133+00:00,LEFT_200,200,"POSE,419.9,1463.9,89.98,0"
2026-09-03T22:27:54.133+00:00,LEFT_200,200,"SYS,WAIT_START,0,1,8,MANUAL,RED,0"
2026-09-03T22:27:54.133+00:00,LEFT_200,200,"HDG,89.99,90.96,0.97,1,1"
2026-09-03T22:27:54.133+00:00,LEFT_200,200,"TOF,460.0,0,170,-290.0"
2026-09-03T22:27:54.211+00:00,LEFT_200,200,"TOFI,0,0,0,1"
2026-09-03T22:27:54.212+00:00,LEFT_200,200,"AUTO,2,0,0,0,0,NONE,NONE,0,3"
2026-09-03T22:27:54.212+00:00,LEFT_200,200,"MOTION,1024132,1,0.00,200.00,0.1800,0.00,0.00"
2026-09-03T22:27:54.320+00:00,LEFT_200,200,"TEL,1024281,-51.74,30.32,53.12,-53.36,92.41,-0.402,0.0"
2026-09-03T22:27:54.320+00:00,LEFT_200,200,"WHEEL,FL,-27.71,-51.74,-29,-415"
2026-09-03T22:27:54.320+00:00,LEFT_200,200,"WHEEL,FR,27.71,30.32,43,869"
2026-09-03T22:27:54.320+00:00,LEFT_200,200,"WHEEL,BL,48.68,53.12,39,2141"
2026-09-03T22:27:54.320+00:00,LEFT_200,200,"WHEEL,BR,-48.68,-53.36,-40,-329"
2026-09-03T22:27:54.320+00:00,LEFT_200,200,"POSE,355.5,1469.5,92.46,0"
2026-09-03T22:27:54.320+00:00,LEFT_200,200,"SYS,WAIT_START,0,1,8,MANUAL,RED,0"
2026-09-03T22:27:54.351+00:00,LEFT_200,200,"HDG,92.41,90.96,-1.44,1,1"
2026-09-03T22:27:54.351+00:00,LEFT_200,200,"TOF,460.0,0,170,-290.0"
2026-09-03T22:27:54.351+00:00,LEFT_200,200,"TOFI,0,0,0,1"
2026-09-03T22:27:54.351+00:00,LEFT_200,200,"AUTO,2,0,0,0,0,NONE,NONE,0,3"
2026-09-03T22:27:54.428+00:00,LEFT_200,200,"MOTION,1024333,1,0.00,200.00,-0.1800,0.00,0.00"
2026-09-03T22:27:54.460+00:00,LEFT_200,200,"TEL,1024482,-42.63,36.01,42.65,-31.91,91.33,-0.402,0.0"
2026-09-03T22:27:54.460+00:00,LEFT_200,200,"WHEEL,FL,-38.20,-42.63,-45,-448"
2026-09-03T22:27:54.538+00:00,LEFT_200,200,"WHEEL,FR,38.20,36.01,50,902"
2026-09-03T22:27:54.538+00:00,LEFT_200,200,"WHEEL,BL,38.20,42.65,37,2184"
2026-09-03T22:27:54.538+00:00,LEFT_200,200,"WHEEL,BR,-38.20,-31.91,-47,-369"
2026-09-03T22:27:54.538+00:00,LEFT_200,200,"POSE,316.4,1469.1,91.33,0"
2026-09-03T22:27:54.538+00:00,LEFT_200,200,"SYS,WAIT_START,0,1,8,MANUAL,RED,0"
2026-09-03T22:27:54.538+00:00,LEFT_200,200,"HDG,91.33,90.96,-0.36,1,1"
2026-09-03T22:27:54.538+00:00,LEFT_200,200,"TOF,460.0,0,170,-290.0"
2026-09-03T22:27:54.568+00:00,LEFT_200,200,"TOFI,0,0,0,1"
2026-09-03T22:27:54.568+00:00,LEFT_200,200,"AUTO,2,0,0,0,0,NONE,NONE,0,3"
2026-09-03T22:27:54.568+00:00,LEFT_200,200,"MOTION,1024535,1,0.00,200.00,0.0000,0.00,0.00"
2026-09-03T22:27:54.664+00:00,LEFT_200,200,"TEL,1024682,-39.54,30.62,44.02,-45.25,91.69,-0.402,0.0"
2026-09-03T22:27:54.664+00:00,LEFT_200,200,"WHEEL,FL,-27.71,-39.54,-37,-489"
2026-09-03T22:27:54.664+00:00,LEFT_200,200,"WHEEL,FR,27.71,30.62,43,935"
2026-09-03T22:27:54.694+00:00,LEFT_200,200,"WHEEL,BL,48.68,44.02,46,2227"
2026-09-03T22:27:54.694+00:00,LEFT_200,200,"WHEEL,BR,-48.68,-45.25,-47,-408"
2026-09-03T22:27:54.724+00:00,LEFT_200,200,"POSE,275.7,1466.6,91.69,0"
2026-09-03T22:27:54.724+00:00,LEFT_200,200,"SYS,WAIT_START,0,1,8,MANUAL,RED,0"
2026-09-03T22:27:54.724+00:00,LEFT_200,200,"HDG,91.69,90.96,-0.72,1,1"
2026-09-03T22:27:54.724+00:00,LEFT_200,200,"TOF,460.0,0,170,-290.0"
2026-09-03T22:27:54.755+00:00,LEFT_200,200,"TOFI,0,0,0,1"
2026-09-03T22:27:54.755+00:00,LEFT_200,200,"AUTO,2,0,0,0,0,NONE,NONE,0,3"
2026-09-03T22:27:54.785+00:00,LEFT_200,200,"MOTION,1024735,1,0.00,200.00,-0.1800,0.00,0.00"
2026-09-03T22:27:54.849+00:00,LEFT_200,200,"TEL,1024882,-30.83,47.13,37.73,-30.65,91.04,-0.402,0.0"
2026-09-03T22:27:54.849+00:00,LEFT_200,200,"WHEEL,FL,-38.20,-30.83,-54,-525"
2026-09-03T22:27:54.881+00:00,LEFT_200,200,"WHEEL,FR,38.20,47.13,41,968"
2026-09-03T22:27:54.913+00:00,LEFT_200,200,"WHEEL,BL,38.20,37.73,41,2267"
2026-09-03T22:27:54.913+00:00,LEFT_200,200,"WHEEL,BR,-38.20,-30.65,-48,-446"
2026-09-03T22:27:54.913+00:00,LEFT_200,200,"POSE,237.2,1465.9,91.09,0"
2026-09-03T22:27:54.913+00:00,LEFT_200,200,"SYS,WAIT_START,0,1,8,MANUAL,RED,0"
2026-09-03T22:27:54.944+00:00,LEFT_200,200,"HDG,91.04,90.96,-0.07,1,1"
2026-09-03T22:27:54.944+00:00,LEFT_200,200,"TOF,460.0,0,170,-290.0"
2026-09-03T22:27:54.944+00:00,LEFT_200,200,"TOFI,0,0,0,1"
2026-09-03T22:27:54.944+00:00,LEFT_200,200,"AUTO,2,0,0,0,0,NONE,NONE,0,3"
2026-09-03T22:27:54.976+00:00,LEFT_200,200,"MOTION,1024935,1,0.00,200.00,0.0000,0.00,0.00"
2026-09-03T22:27:55.070+00:00,LEFT_200,200,"TEL,1025082,-47.16,38.20,36.66,-35.10,91.06,-0.402,0.0"
2026-09-03T22:27:55.071+00:00,LEFT_200,200,"WHEEL,FL,-38.20,-47.16,-42,-564"
2026-09-03T22:27:55.071+00:00,LEFT_200,200,"WHEEL,FR,38.20,38.20,48,1003"
2026-09-03T22:27:55.100+00:00,LEFT_200,200,"WHEEL,BL,38.20,36.66,41,2305"
2026-09-03T22:27:55.100+00:00,LEFT_200,200,"WHEEL,BR,-38.20,-35.10,-44,-480"
2026-09-03T22:27:55.131+00:00,LEFT_200,200,"POSE,199.0,1465.6,91.02,0"
2026-09-03T22:27:55.131+00:00,LEFT_200,200,"SYS,WAIT_START,0,1,8,MANUAL,RED,0"
2026-09-03T22:27:55.131+00:00,LEFT_200,200,"HDG,91.06,90.96,-0.10,1,1"
2026-09-03T22:27:55.162+00:00,LEFT_200,200,"TOF,460.0,0,170,-290.0"
2026-09-03T22:27:55.162+00:00,LEFT_200,200,"TOFI,0,0,0,1"
2026-09-03T22:27:55.162+00:00,LEFT_200,200,"AUTO,2,0,0,0,0,NONE,NONE,0,3"
2026-09-03T22:27:55.192+00:00,LEFT_200,200,"MOTION,1025134,1,0.00,200.00,0.0000,0.00,0.00"
2026-09-03T22:27:55.255+00:00,LEFT_200,200,"TEL,1025282,-37.59,32.96,38.33,-36.03,90.75,-0.402,0.0"
2026-09-03T22:27:55.255+00:00,LEFT_200,200,"WHEEL,FL,-38.20,-37.59,-49,-597"
2026-09-03T22:27:55.287+00:00,LEFT_200,200,"WHEEL,FR,38.20,32.96,52,1044"
2026-09-03T22:27:55.287+00:00,LEFT_200,200,"WHEEL,BL,38.20,38.33,40,2348"
2026-09-03T22:27:55.287+00:00,LEFT_200,200,"WHEEL,BR,-38.20,-36.03,-44,-513"
2026-09-03T22:27:55.318+00:00,LEFT_200,200,"POSE,159.6,1469.9,90.75,0"
2026-09-03T22:27:55.318+00:00,LEFT_200,200,"SYS,WAIT_START,0,1,8,MANUAL,RED,0"
2026-09-03T22:27:55.350+00:00,LEFT_200,200,"HDG,90.75,90.96,0.21,1,1"
2026-09-03T22:27:55.352+00:00,LEFT_200,200,"TOF,460.0,0,170,-290.0"
2026-09-03T22:27:55.352+00:00,LEFT_200,200,"TOFI,0,0,0,1"
2026-09-03T22:27:55.352+00:00,LEFT_200,200,"AUTO,2,0,0,0,0,NONE,NONE,0,3"
2026-09-03T22:27:55.381+00:00,LEFT_200,200,"MOTION,1025334,1,0.00,200.00,0.0000,0.00,0.00"
2026-09-03T22:27:55.521+00:00,LEFT_200,200,"TEL,1025482,-31.07,36.98,52.42,-51.49,91.28,-0.402,0.0"
2026-09-03T22:27:55.521+00:00,LEFT_200,200,"WHEEL,FL,-38.20,-31.07,-54,-636"
2026-09-03T22:27:55.521+00:00,LEFT_200,200,"WHEEL,FR,38.20,36.98,49,1092"
2026-09-03T22:27:55.521+00:00,LEFT_200,200,"WHEEL,BL,38.20,52.42,29,2392"
2026-09-03T22:27:55.521+00:00,LEFT_200,200,"WHEEL,BR,-38.20,-51.49,-32,-549"
2026-09-03T22:27:55.521+00:00,LEFT_200,200,"POSE,115.8,1473.5,91.28,0"
2026-09-03T22:27:55.521+00:00,LEFT_200,200,"SYS,WAIT_START,0,1,8,MANUAL,RED,0"
2026-09-03T22:27:55.551+00:00,LEFT_200,200,"HDG,91.28,90.96,-0.32,1,1"
2026-09-03T22:27:55.551+00:00,LEFT_200,200,"TOF,460.0,0,170,-290.0"
2026-09-03T22:27:55.551+00:00,LEFT_200,200,"TOFI,0,0,0,1"
2026-09-03T22:27:55.551+00:00,LEFT_200,200,"AUTO,2,0,0,0,0,NONE,NONE,0,3"
2026-09-03T22:27:55.583+00:00,LEFT_200,200,"MOTION,1025535,1,0.00,200.00,0.0000,0.00,0.00"
2026-09-03T22:27:55.646+00:00,LEFT_200,200,"TEL,1025682,-42.25,24.15,50.46,-42.34,92.17,-0.402,0.0"
2026-09-03T22:27:55.646+00:00,LEFT_200,200,"WHEEL,FL,-27.71,-42.25,-35,-682"
2026-09-03T22:27:55.679+00:00,LEFT_200,200,"WHEEL,FR,27.71,24.15,47,1136"
2026-09-03T22:27:55.709+00:00,LEFT_200,200,"WHEEL,BL,48.68,50.46,41,2432"
2026-09-03T22:27:55.709+00:00,LEFT_200,200,"WHEEL,BR,-48.68,-42.34,-50,-582"
2026-09-03T22:27:55.709+00:00,LEFT_200,200,"POSE,73.1,1473.3,92.17,0"
2026-09-03T22:27:55.709+00:00,LEFT_200,200,"SYS,WAIT_START,0,1,8,MANUAL,RED,0"
2026-09-03T22:27:55.740+00:00,LEFT_200,200,"HDG,92.17,90.96,-1.21,1,1"
2026-09-03T22:27:55.740+00:00,LEFT_200,200,"TOF,460.0,0,170,-290.0"
2026-09-03T22:27:55.771+00:00,LEFT_200,200,"TOFI,0,0,0,1"
2026-09-03T22:27:55.771+00:00,LEFT_200,200,"AUTO,2,0,0,0,0,NONE,NONE,0,3"
2026-09-03T22:27:55.771+00:00,LEFT_200,200,"MOTION,1025735,1,0.00,200.00,-0.1800,0.00,0.00"
2026-09-03T22:27:55.881+00:00,LEFT_200,200,"TEL,1025882,-43.77,41.32,40.97,-30.47,90.74,-0.402,0.0"
2026-09-03T22:27:55.881+00:00,LEFT_200,200,"WHEEL,FL,-38.20,-43.77,-43,-712"
2026-09-03T22:27:55.881+00:00,LEFT_200,200,"WHEEL,FR,38.20,41.32,45,1171"
2026-09-03T22:27:55.912+00:00,LEFT_200,200,"WHEEL,BL,38.20,40.97,38,2477"
2026-09-03T22:27:55.912+00:00,LEFT_200,200,"WHEEL,BR,-38.20,-30.47,-49,-624"
2026-09-03T22:27:55.912+00:00,LEFT_200,200,"POSE,33.3,1474.5,90.74,0"
2026-09-03T22:27:55.912+00:00,LEFT_200,200,"SYS,WAIT_START,0,1,8,MANUAL,RED,0"
2026-09-03T22:27:55.943+00:00,REST,0,"G,90.74,90.96,0.22,1,1"
2026-09-03T22:27:55.943+00:00,REST,0,"TOF,460.0,0,170,-290.0"
2026-09-03T22:27:55.975+00:00,REST,0,"TOFI,0,0,0,1"
2026-09-03T22:27:55.975+00:00,REST,0,"AUTO,2,0,0,0,0,NONE,NONE,0,3"
2026-09-03T22:27:55.975+00:00,REST,0,"MOTION,1025934,1,0.00,200.00,0.0000,0.00,0.00"
2026-09-03T22:27:56.114+00:00,REST,0,"TEL,1026098,-43.05,30.65,44.32,-38.92,91.03,-0.402,0.0"
2026-09-03T22:27:56.114+00:00,REST,0,"WHEEL,FL,-38.20,-43.05,-44,-755"
2026-09-03T22:27:56.114+00:00,REST,0,"WHEEL,FR,38.20,30.65,53,1205"
2026-09-03T22:27:56.114+00:00,REST,0,"WHEEL,BL,38.20,44.32,35,2517"
2026-09-03T22:27:56.114+00:00,REST,0,"WHEEL,BR,-38.20,-38.92,-43,-664"
2026-09-03T22:27:56.146+00:00,REST,0,"POSE,-7.7,1471.4,91.03,0"
2026-09-03T22:27:56.146+00:00,REST,0,"SYS,WAIT_START,0,1,8,MANUAL,RED,0"
2026-09-03T22:27:56.146+00:00,REST,0,"HDG,91.03,90.96,-0.06,1,1"
2026-09-03T22:27:56.146+00:00,REST,0,"TOF,460.0,0,170,-290.0"
2026-09-03T22:27:56.223+00:00,REST,0,"TOFI,0,0,0,1"
2026-09-03T22:27:56.223+00:00,REST,0,"AUTO,2,0,0,0,0,NONE,NONE,0,3"
2026-09-03T22:27:56.223+00:00,REST,0,"MOTION,1026150,1,0.00,200.00,0.0000,0.00,0.00"
2026-09-03T22:27:56.287+00:00,REST,0,"TEL,1026307,-9.14,10.47,-4.23,0.85,92.92,-0.402,0.0"
2026-09-03T22:27:56.287+00:00,REST,0,"WHEEL,FL,0.00,-9.14,0,-786"
2026-09-03T22:27:56.287+00:00,REST,0,"WHEEL,FR,0.00,10.47,0,1233"
2026-09-03T22:27:56.287+00:00,REST,0,"WHEEL,BL,0.00,-4.23,0,2529"
2026-09-03T22:27:56.318+00:00,REST,0,"WHEEL,BR,0.00,0.85,0,-675"
2026-09-03T22:27:56.318+00:00,REST,0,"POSE,-29.2,1470.2,92.92,0"
2026-09-03T22:27:56.349+00:00,REST,0,"SYS,WAIT_START,0,1,8,MANUAL,RED,0"
2026-09-03T22:27:56.349+00:00,REST,0,"HDG,92.92,90.96,-1.96,1,1"
2026-09-03T22:27:56.349+00:00,REST,0,"TOF,460.0,0,170,-290.0"
2026-09-03T22:27:56.349+00:00,REST,0,"TOFI,0,0,0,1"
2026-09-03T22:27:56.380+00:00,REST,0,"AUTO,2,0,0,0,0,NONE,NONE,0,3"
2026-09-03T22:27:56.380+00:00,REST,0,"MOTION,1026356,0,0.00,0.00,0.0000,0.00,0.00"
2026-09-03T22:27:56.489+00:00,REST,0,"TEL,1026507,-0.14,0.14,-0.06,0.01,93.06,-0.402,0.0"
2026-09-03T22:27:56.489+00:00,REST,0,"WHEEL,FL,0.00,-0.14,0,-787"
2026-09-03T22:27:56.489+00:00,REST,0,"WHEEL,FR,0.00,0.14,0,1233"
2026-09-03T22:27:56.489+00:00,REST,0,"WHEEL,BL,0.00,-0.06,0,2529"
2026-09-03T22:27:56.566+00:00,REST,0,"WHEEL,BR,0.00,0.01,0,-675"
2026-09-03T22:27:56.566+00:00,REST,0,"POSE,-29.4,1469.9,93.06,0"
2026-09-03T22:27:56.566+00:00,REST,0,"SYS,WAIT_START,0,1,8,MANUAL,RED,0"
2026-09-03T22:27:56.566+00:00,REST,0,"HDG,93.06,90.96,-2.09,1,1"
2026-09-03T22:27:56.566+00:00,REST,0,"TOF,460.0,0,170,-290.0"
2026-09-03T22:27:56.566+00:00,REST,0,"TOFI,0,0,0,1"
2026-09-03T22:27:56.566+00:00,REST,0,"AUTO,2,0,0,0,0,NONE,NONE,0,3"
2026-09-03T22:27:56.597+00:00,REST,0,"MOTION,1026556,0,0.00,0.00,0.0000,0.00,0.00"
2026-09-03T22:27:56.691+00:00,REST,0,"TEL,1026707,-0.00,0.00,-0.00,0.00,93.07,-0.402,0.0"
2026-09-03T22:27:56.691+00:00,REST,0,"WHEEL,FL,0.00,-0.00,0,-787"
2026-09-03T22:27:56.691+00:00,REST,0,"WHEEL,FR,0.00,0.00,0,1233"
2026-09-03T22:27:56.691+00:00,REST,0,"WHEEL,BL,0.00,-0.00,0,2529"
2026-09-03T22:27:56.723+00:00,REST,0,"WHEEL,BR,0.00,0.00,0,-675"
2026-09-03T22:27:56.723+00:00,REST,0,"POSE,-29.4,1469.9,93.07,0"
2026-09-03T22:27:56.754+00:00,RIGHT_200,-200,"T_START,0,1,8,MANUAL,RED,0"
2026-09-03T22:27:56.754+00:00,RIGHT_200,-200,"HDG,93.07,90.96,-2.10,1,1"
2026-09-03T22:27:56.754+00:00,RIGHT_200,-200,"TOF,460.0,0,170,-290.0"
2026-09-03T22:27:56.754+00:00,RIGHT_200,-200,"TOFI,0,0,0,1"
2026-09-03T22:27:56.786+00:00,RIGHT_200,-200,"AUTO,2,0,0,0,0,NONE,NONE,0,3"
2026-09-03T22:27:56.786+00:00,RIGHT_200,-200,"MOTION,1026756,0,0.00,0.00,0.0000,0.00,0.00"
2026-09-03T22:27:56.926+00:00,RIGHT_200,-200,"TEL,1026908,-0.00,0.00,-0.00,0.00,93.07,-0.402,0.0"
2026-09-03T22:27:56.926+00:00,RIGHT_200,-200,"WHEEL,FL,0.00,-0.00,0,-787"
2026-09-03T22:27:56.926+00:00,RIGHT_200,-200,"WHEEL,FR,0.00,0.00,0,1233"
2026-09-03T22:27:56.926+00:00,RIGHT_200,-200,"WHEEL,BL,0.00,-0.00,0,2529"
2026-09-03T22:27:56.926+00:00,RIGHT_200,-200,"WHEEL,BR,0.00,0.00,0,-675"
2026-09-03T22:27:56.926+00:00,RIGHT_200,-200,"POSE,-29.4,1469.9,93.07,0"
2026-09-03T22:27:56.926+00:00,RIGHT_200,-200,"SYS,WAIT_START,0,1,8,MANUAL,RED,0"
2026-09-03T22:27:56.958+00:00,RIGHT_200,-200,"HDG,93.07,90.96,-2.10,1,1"
2026-09-03T22:27:56.958+00:00,RIGHT_200,-200,"TOF,460.0,0,170,-290.0"
2026-09-03T22:27:56.958+00:00,RIGHT_200,-200,"TOFI,0,0,0,1"
2026-09-03T22:27:56.989+00:00,RIGHT_200,-200,"AUTO,2,0,0,0,0,NONE,NONE,0,3"
2026-09-03T22:27:56.989+00:00,RIGHT_200,-200,"MOTION,1026957,0,0.00,0.00,0.0000,0.00,0.00"
2026-09-03T22:27:57.084+00:00,RIGHT_200,-200,"TEL,1027108,43.69,-52.41,-25.04,23.31,92.70,-0.402,0.0"
2026-09-03T22:27:57.084+00:00,RIGHT_200,-200,"WHEEL,FL,48.68,43.69,58,-767"
2026-09-03T22:27:57.164+00:00,RIGHT_200,-200,"WHEEL,FR,-48.68,-52.41,-49,1204"
2026-09-03T22:27:57.164+00:00,RIGHT_200,-200,"WHEEL,BL,-27.71,-25.04,-42,2519"
2026-09-03T22:27:57.164+00:00,RIGHT_200,-200,"WHEEL,BR,27.71,23.31,43,-661"
2026-09-03T22:27:57.164+00:00,RIGHT_200,-200,"POSE,-10.3,1469.6,92.84,0"
2026-09-03T22:27:57.164+00:00,RIGHT_200,-200,"SYS,WAIT_START,0,1,8,MANUAL,RED,0"
2026-09-03T22:27:57.164+00:00,RIGHT_200,-200,"HDG,92.70,90.96,-1.74,1,1"
2026-09-03T22:27:57.195+00:00,RIGHT_200,-200,"TOF,460.0,0,170,-290.0"
2026-09-03T22:27:57.195+00:00,RIGHT_200,-200,"TOFI,0,0,0,1"
2026-09-03T22:27:57.195+00:00,RIGHT_200,-200,"AUTO,2,0,0,0,0,NONE,NONE,0,3"
2026-09-03T22:27:57.195+00:00,RIGHT_200,-200,"MOTION,1027161,1,0.00,-200.00,-0.1800,0.00,0.00"
2026-09-03T22:27:57.289+00:00,RIGHT_200,-200,"TEL,1027308,42.17,-36.27,-44.81,37.90,90.91,-0.402,0.0"
2026-09-03T22:27:57.289+00:00,RIGHT_200,-200,"WHEEL,FL,38.20,42.17,49,-714"
2026-09-03T22:27:57.289+00:00,RIGHT_200,-200,"WHEEL,FR,-38.20,-36.27,-51,1168"
2026-09-03T22:27:57.320+00:00,RIGHT_200,-200,"WHEEL,BL,-38.20,-44.81,-37,2496"
2026-09-03T22:27:57.320+00:00,RIGHT_200,-200,"WHEEL,BR,38.20,37.90,42,-621"
2026-09-03T22:27:57.397+00:00,RIGHT_200,-200,"POSE,29.3,1479.4,91.01,0"
2026-09-03T22:27:57.397+00:00,RIGHT_200,-200,"SYS,WAIT_START,0,1,8,MANUAL,RED,0"
2026-09-03T22:27:57.398+00:00,RIGHT_200,-200,"HDG,90.91,90.96,0.06,1,1"
2026-09-03T22:27:57.398+00:00,RIGHT_200,-200,"TOF,460.0,0,170,-290.0"
2026-09-03T22:27:57.398+00:00,RIGHT_200,-200,"TOFI,0,0,0,1"
2026-09-03T22:27:57.398+00:00,RIGHT_200,-200,"AUTO,2,0,0,0,0,NONE,NONE,0,3"
2026-09-03T22:27:57.398+00:00,RIGHT_200,-200,"MOTION,1027360,1,0.00,-200.00,0.0000,0.00,0.00"
2026-09-03T22:27:57.506+00:00,RIGHT_200,-200,"TEL,1027508,38.80,-44.15,-37.88,44.73,90.57,-0.402,0.0"
2026-09-03T22:27:57.506+00:00,RIGHT_200,-200,"WHEEL,FL,38.20,38.80,51,-671"
2026-09-03T22:27:57.506+00:00,RIGHT_200,-200,"WHEEL,FR,-38.20,-44.15,-45,1129"
2026-09-03T22:27:57.506+00:00,RIGHT_200,-200,"WHEEL,BL,-38.20,-37.88,-42,2462"
2026-09-03T22:27:57.506+00:00,RIGHT_200,-200,"WHEEL,BR,38.20,44.73,36,-578"
2026-09-03T22:27:57.536+00:00,RIGHT_200,-200,"POSE,70.9,1483.2,90.57,0"
2026-09-03T22:27:57.536+00:00,RIGHT_200,-200,"SYS,WAIT_START,0,1,8,MANUAL,RED,0"
2026-09-03T22:27:57.568+00:00,RIGHT_200,-200,"HDG,90.57,90.96,0.40,1,1"
2026-09-03T22:27:57.568+00:00,RIGHT_200,-200,"TOF,460.0,0,170,-290.0"
2026-09-03T22:27:57.568+00:00,RIGHT_200,-200,"TOFI,0,0,0,1"
2026-09-03T22:27:57.568+00:00,RIGHT_200,-200,"AUTO,2,0,0,0,0,NONE,NONE,0,3"
2026-09-03T22:27:57.599+00:00,RIGHT_200,-200,"MOTION,1027560,1,0.00,-200.00,0.0000,0.00,0.00"
2026-09-03T22:27:57.694+00:00,RIGHT_200,-200,"TEL,1027708,36.61,-44.01,-31.89,51.36,90.67,-0.402,0.0"
2026-09-03T22:27:57.694+00:00,RIGHT_200,-200,"WHEEL,FL,38.20,36.61,53,-633"
2026-09-03T22:27:57.694+00:00,RIGHT_200,-200,"WHEEL,FR,-38.20,-44.01,-45,1098"
2026-09-03T22:27:57.726+00:00,RIGHT_200,-200,"WHEEL,BL,-38.20,-31.89,-47,2430"
2026-09-03T22:27:57.726+00:00,RIGHT_200,-200,"WHEEL,BR,38.20,51.36,31,-537"
2026-09-03T22:27:57.726+00:00,RIGHT_200,-200,"POSE,108.0,1487.7,90.67,0"
2026-09-03T22:27:57.726+00:00,RIGHT_200,-200,"SYS,WAIT_START,0,1,8,MANUAL,RED,0"
2026-09-03T22:27:57.758+00:00,RIGHT_200,-200,"HDG,90.67,90.96,0.29,1,1"
2026-09-03T22:27:57.758+00:00,RIGHT_200,-200,"TOF,460.0,0,170,-290.0"
2026-09-03T22:27:57.789+00:00,RIGHT_200,-200,"TOFI,0,0,0,1"
2026-09-03T22:27:57.790+00:00,RIGHT_200,-200,"AUTO,2,0,0,0,0,NONE,NONE,0,3"
2026-09-03T22:27:57.790+00:00,RIGHT_200,-200,"MOTION,1027760,1,0.00,-200.00,0.0000,0.00,0.00"
2026-09-03T22:27:57.867+00:00,RIGHT_200,-200,"TEL,1027908,44.82,-42.69,-25.09,33.20,90.85,-0.402,0.0"
2026-09-03T22:27:57.867+00:00,RIGHT_200,-200,"WHEEL,FL,38.20,44.82,46,-589"
2026-09-03T22:27:57.900+00:00,RIGHT_200,-200,"WHEEL,FR,-38.20,-42.69,-46,1073"
2026-09-03T22:27:57.978+00:00,RIGHT_200,-200,"WHEEL,BL,-38.20,-25.09,-53,2403"
2026-09-03T22:27:57.978+00:00,RIGHT_200,-200,"WHEEL,BR,38.20,33.20,45,-494"
2026-09-03T22:27:57.978+00:00,RIGHT_200,-200,"POSE,144.2,1497.5,90.85,0"
2026-09-03T22:27:57.978+00:00,RIGHT_200,-200,"SYS,WAIT_START,0,1,8,MANUAL,RED,0"
2026-09-03T22:27:57.978+00:00,RIGHT_200,-200,"HDG,90.85,90.96,0.12,1,1"
2026-09-03T22:27:57.978+00:00,RIGHT_200,-200,"TOF,460.0,0,170,-290.0"
2026-09-03T22:27:57.978+00:00,RIGHT_200,-200,"TOFI,0,0,0,1"
2026-09-03T22:27:57.978+00:00,RIGHT_200,-200,"AUTO,2,0,0,0,0,NONE,NONE,0,3"
2026-09-03T22:27:58.009+00:00,RIGHT_200,-200,"MOTION,1027961,1,0.00,-200.00,0.0000,0.00,0.00"
2026-09-03T22:27:58.085+00:00,RIGHT_200,-200,"TEL,1028108,46.32,-53.90,-26.43,30.12,91.13,-0.402,0.0"
2026-09-03T22:27:58.085+00:00,RIGHT_200,-200,"WHEEL,FL,38.20,46.32,45,-550"
2026-09-03T22:27:58.085+00:00,RIGHT_200,-200,"WHEEL,FR,-38.20,-53.90,-37,1032"
2026-09-03T22:27:58.117+00:00,RIGHT_200,-200,"WHEEL,BL,-38.20,-26.43,-52,2363"
2026-09-03T22:27:58.118+00:00,RIGHT_200,-200,"WHEEL,BR,38.20,30.12,47,-454"
2026-09-03T22:27:58.149+00:00,RIGHT_200,-200,"POSE,186.1,1497.7,91.13,0"
2026-09-03T22:27:58.149+00:00,RIGHT_200,-200,"SYS,WAIT_START,0,1,8,MANUAL,RED,0"
2026-09-03T22:27:58.149+00:00,RIGHT_200,-200,"HDG,91.13,90.96,-0.17,1,1"
2026-09-03T22:27:58.180+00:00,RIGHT_200,-200,"TOF,460.0,0,170,-290.0"
2026-09-03T22:27:58.181+00:00,RIGHT_200,-200,"TOFI,0,0,0,1"
2026-09-03T22:27:58.181+00:00,RIGHT_200,-200,"AUTO,2,0,0,0,0,NONE,NONE,0,3"
2026-09-03T22:27:58.211+00:00,RIGHT_200,-200,"MOTION,1028160,1,0.00,-200.00,0.0000,0.00,0.00"
2026-09-03T22:27:58.319+00:00,RIGHT_200,-200,"TEL,1028308,48.57,-34.43,-23.15,43.84,91.31,-0.402,0.0"
2026-09-03T22:27:58.319+00:00,RIGHT_200,-200,"WHEEL,FL,38.20,48.57,43,-507"
2026-09-03T22:27:58.319+00:00,RIGHT_200,-200,"WHEEL,FR,-38.20,-34.43,-53,1002"
2026-09-03T22:27:58.319+00:00,RIGHT_200,-200,"WHEEL,BL,-38.20,-23.15,-55,2328"
2026-09-03T22:27:58.319+00:00,RIGHT_200,-200,"WHEEL,BR,38.20,43.84,36,-407"
2026-09-03T22:27:58.350+00:00,RIGHT_200,-200,"POSE,226.6,1505.1,91.31,0"
2026-09-03T22:27:58.350+00:00,RIGHT_200,-200,"SYS,WAIT_START,0,1,8,MANUAL,RED,0"
2026-09-03T22:27:58.350+00:00,RIGHT_200,-200,"HDG,91.31,90.96,-0.35,1,1"
2026-09-03T22:27:58.382+00:00,RIGHT_200,-200,"TOF,460.0,0,170,-290.0"
2026-09-03T22:27:58.382+00:00,RIGHT_200,-200,"TOFI,0,0,0,1"
2026-09-03T22:27:58.382+00:00,RIGHT_200,-200,"AUTO,2,0,0,0,0,NONE,NONE,0,3"
2026-09-03T22:27:58.413+00:00,RIGHT_200,-200,"MOTION,1028360,1,0.00,-200.00,0.0000,0.00,0.00"
2026-09-03T22:27:58.475+00:00,RIGHT_200,-200,"TEL,1028509,40.57,-42.81,-34.53,27.92,91.03,-0.402,0.0"
2026-09-03T22:27:58.475+00:00,RIGHT_200,-200,"WHEEL,FL,38.20,40.57,49,-470"
2026-09-03T22:27:58.506+00:00,RIGHT_200,-200,"WHEEL,FR,-38.20,-42.81,-46,959"
2026-09-03T22:27:58.506+00:00,RIGHT_200,-200,"WHEEL,BL,-38.20,-34.53,-46,2286"
2026-09-03T22:27:58.506+00:00,RIGHT_200,-200,"WHEEL,BR,38.20,27.92,49,-374"
2026-09-03T22:27:58.538+00:00,RIGHT_200,-200,"POSE,267.2,1502.3,91.03,0"
2026-09-03T22:27:58.538+00:00,RIGHT_200,-200,"SYS,WAIT_START,0,1,8,MANUAL,RED,0"
2026-09-03T22:27:58.570+00:00,RIGHT_200,-200,"HDG,91.03,90.96,-0.06,1,1"
2026-09-03T22:27:58.570+00:00,RIGHT_200,-200,"TOF,460.0,0,170,-290.0"
2026-09-03T22:27:58.570+00:00,RIGHT_200,-200,"TOFI,0,0,0,1"
2026-09-03T22:27:58.570+00:00,RIGHT_200,-200,"AUTO,2,0,0,0,0,NONE,NONE,0,3"
2026-09-03T22:27:58.602+00:00,RIGHT_200,-200,"MOTION,1028561,1,0.00,-200.00,0.0000,0.00,0.00"
2026-09-03T22:27:58.696+00:00,RIGHT_200,-200,"TEL,1028711,52.46,-44.46,-30.37,36.69,91.23,-0.402,0.0"
2026-09-03T22:27:58.696+00:00,RIGHT_200,-200,"WHEEL,FL,38.20,52.46,40,-422"
2026-09-03T22:27:58.728+00:00,RIGHT_200,-200,"WHEEL,FR,-38.20,-44.46,-45,922"
2026-09-03T22:27:58.728+00:00,RIGHT_200,-200,"WHEEL,BL,-38.20,-30.37,-49,2252"
2026-09-03T22:27:58.729+00:00,RIGHT_200,-200,"WHEEL,BR,38.20,36.69,41,-323"
2026-09-03T22:27:58.807+00:00,REST,0,".7,91.35,0"
2026-09-03T22:27:58.807+00:00,REST,0,"SYS,WAIT_START,0,1,8,MANUAL,RED,0"
2026-09-03T22:27:58.807+00:00,REST,0,"HDG,91.23,90.96,-0.26,1,1"
2026-09-03T22:27:58.807+00:00,REST,0,"TOF,460.0,0,170,-290.0"
2026-09-03T22:27:58.807+00:00,REST,0,"TOFI,0,0,0,1"
2026-09-03T22:27:58.807+00:00,REST,0,"AUTO,2,0,0,0,0,NONE,NONE,0,3"
2026-09-03T22:27:58.807+00:00,REST,0,"MOTION,1028763,1,0.00,-200.00,0.0000,0.00,0.00"
2026-09-03T22:27:58.917+00:00,REST,0,"TEL,1028912,42.86,-52.47,-28.54,28.13,91.38,-0.402,0.0"
2026-09-03T22:27:58.917+00:00,REST,0,"WHEEL,FL,48.68,42.86,58,-390"
2026-09-03T22:27:58.917+00:00,REST,0,"WHEEL,FR,-48.68,-52.47,-49,879"
2026-09-03T22:27:58.949+00:00,REST,0,"WHEEL,BL,-27.71,-28.54,-41,2220"
2026-09-03T22:27:58.949+00:00,REST,0,"WHEEL,BR,27.71,28.13,38,-289"
2026-09-03T22:27:58.949+00:00,REST,0,"POSE,348.5,1509.2,91.50,0"
2026-09-03T22:27:58.949+00:00,REST,0,"SYS,WAIT_START,0,1,8,MANUAL,RED,0"
2026-09-03T22:27:59.028+00:00,REST,0,"HDG,91.38,90.96,-0.41,1,1"
2026-09-03T22:27:59.028+00:00,REST,0,"TOF,460.0,0,170,-290.0"
2026-09-03T22:27:59.028+00:00,REST,0,"TOFI,0,0,0,1"
2026-09-03T22:27:59.028+00:00,REST,0,"AUTO,2,0,0,0,0,NONE,NONE,0,3"
2026-09-03T22:27:59.028+00:00,REST,0,"MOTION,1028964,1,0.00,-200.00,-0.1800,0.00,0.00"
2026-09-03T22:27:59.137+00:00,REST,0,"TEL,1029113,24.08,-4.77,-1.04,12.54,88.19,-0.402,0.0"
2026-09-03T22:27:59.137+00:00,REST,0,"WHEEL,FL,0.00,24.08,0,-345"
2026-09-03T22:27:59.137+00:00,REST,0,"WHEEL,FR,0.00,-4.77,0,851"
2026-09-03T22:27:59.137+00:00,REST,0,"WHEEL,BL,0.00,-1.04,0,2213"
2026-09-03T22:27:59.137+00:00,REST,0,"WHEEL,BR,0.00,12.54,0,-274"
2026-09-03T22:27:59.137+00:00,REST,0,"POSE,373.5,1515.7,88.22,0"
2026-09-03T22:27:59.168+00:00,REST,0,"SYS,WAIT_START,0,1,8,MANUAL,RED,0"
2026-09-03T22:27:59.169+00:00,REST,0,"HDG,88.19,90.96,2.77,1,1"
2026-09-03T22:27:59.169+00:00,REST,0,"TOF,460.0,0,170,-290.0"
2026-09-03T22:27:59.169+00:00,REST,0,"TOFI,0,0,0,1"
2026-09-03T22:27:59.199+00:00,REST,0,"AUTO,2,0,0,0,0,NONE,NONE,0,3"
2026-09-03T22:27:59.230+00:00,REST,0,"MOTION,1029162,0,0.00,0.00,0.0000,0.00,0.00"
2026-09-03T22:27:59.292+00:00,REST,0,"TEL,1029313,0.52,-0.03,-0.02,0.37,88.70,-0.402,0.0"
2026-09-03T22:27:59.293+00:00,REST,0,"WHEEL,FL,0.00,0.52,0,-344"
2026-09-03T22:27:59.324+00:00,REST,0,"WHEEL,FR,0.00,-0.03,0,854"
2026-09-03T22:27:59.324+00:00,REST,0,"WHEEL,BL,0.00,-0.02,0,2213"
2026-09-03T22:27:59.355+00:00,REST,0,"WHEEL,BR,0.00,0.37,0,-269"
2026-09-03T22:27:59.355+00:00,REST,0,"POSE,374.3,1518.0,88.69,0"
2026-09-03T22:27:59.355+00:00,REST,0,"SYS,WAIT_START,0,1,8,MANUAL,RED,0"
2026-09-03T22:27:59.386+00:00,REST,0,"HDG,88.70,90.96,2.27,1,1"
2026-09-03T22:27:59.386+00:00,REST,0,"TOF,460.0,0,170,-290.0"
2026-09-03T22:27:59.386+00:00,REST,0,"TOFI,0,0,0,1"
2026-09-03T22:27:59.386+00:00,REST,0,"AUTO,2,0,0,0,0,NONE,NONE,0,3"
2026-09-03T22:27:59.417+00:00,REST,0,"MOTION,1029362,0,0.00,0.00,0.0000,0.00,0.00"
2026-09-03T22:27:59.511+00:00,REST,0,"TEL,1029514,0.01,-0.00,-0.00,0.01,88.76,-0.402,0.0"
2026-09-03T22:27:59.511+00:00,REST,0,"WHEEL,FL,0.00,0.01,0,-344"
2026-09-03T22:27:59.511+00:00,REST,0,"WHEEL,FR,0.00,-0.00,0,854"
2026-09-03T22:27:59.511+00:00,REST,0,"WHEEL,BL,0.00,-0.00,0,2213"
2026-09-03T22:27:59.542+00:00,REST,0,"WHEEL,BR,0.00,0.01,0,-269"
2026-09-03T22:27:59.542+00:00,REST,0,"POSE,374.3,1518.0,88.76,0"
2026-09-03T22:27:59.574+00:00,LEFT_300,300,"_START,0,1,8,MANUAL,RED,0"
2026-09-03T22:27:59.574+00:00,LEFT_300,300,"HDG,88.76,90.96,2.21,1,1"
2026-09-03T22:27:59.574+00:00,LEFT_300,300,"TOF,460.0,0,170,-290.0"
2026-09-03T22:27:59.574+00:00,LEFT_300,300,"TOFI,0,0,0,1"
2026-09-03T22:27:59.604+00:00,LEFT_300,300,"AUTO,2,0,0,0,0,NONE,NONE,0,3"
2026-09-03T22:27:59.604+00:00,LEFT_300,300,"MOTION,1029562,0,0.00,0.00,0.0000,0.00,0.00"
2026-09-03T22:27:59.746+00:00,LEFT_300,300,"TEL,1029714,0.00,-0.00,-0.00,0.00,88.76,-0.402,0.0"
2026-09-03T22:27:59.746+00:00,LEFT_300,300,"WHEEL,FL,-115.09,0.00,-155,-344"
2026-09-03T22:27:59.746+00:00,LEFT_300,300,"WHEEL,FR,115.09,-0.00,157,854"
2026-09-03T22:27:59.746+00:00,LEFT_300,300,"WHEEL,BL,-0.49,-0.00,-34,2213"
2026-09-03T22:27:59.746+00:00,LEFT_300,300,"WHEEL,BR,0.49,0.00,34,-269"
2026-09-03T22:27:59.777+00:00,LEFT_300,300,"POSE,374.3,1518.0,88.76,0"
2026-09-03T22:27:59.777+00:00,LEFT_300,300,"SYS,WAIT_START,0,1,8,MANUAL,RED,0"
2026-09-03T22:27:59.777+00:00,LEFT_300,300,"HDG,88.76,90.96,2.20,1,1"
2026-09-03T22:27:59.777+00:00,LEFT_300,300,"TOF,460.0,0,170,-290.0"
2026-09-03T22:27:59.856+00:00,LEFT_300,300,"TOFI,0,0,0,1"
2026-09-03T22:27:59.856+00:00,LEFT_300,300,"AUTO,2,0,0,0,0,NONE,NONE,0,3"
2026-09-03T22:27:59.856+00:00,LEFT_300,300,"MOTION,1029765,1,0.00,300.00,0.9921,0.00,0.00"
2026-09-03T22:27:59.888+00:00,LEFT_300,300,"TEL,1029914,-42.27,35.36,60.85,-58.48,93.92,-0.402,0.0"
2026-09-03T22:27:59.888+00:00,LEFT_300,300,"WHEEL,FL,-43.75,-42.27,-51,-490"
2026-09-03T22:27:59.965+00:00,LEFT_300,300,"WHEEL,FR,43.75,35.36,54,1010"
2026-09-03T22:27:59.966+00:00,LEFT_300,300,"WHEEL,BL,70.84,60.85,56,2263"
2026-09-03T22:27:59.966+00:00,LEFT_300,300,"WHEEL,BR,-70.84,-58.48,-58,-300"
2026-09-03T22:27:59.966+00:00,LEFT_300,300,"POSE,274.0,1521.9,93.92,0"
2026-09-03T22:27:59.966+00:00,LEFT_300,300,"SYS,WAIT_START,0,1,8,MANUAL,RED,0"
2026-09-03T22:27:59.997+00:00,LEFT_300,300,"HDG,93.92,90.96,-2.95,1,1"
2026-09-03T22:27:59.997+00:00,LEFT_300,300,"TOF,460.0,0,170,-290.0"
2026-09-03T22:27:59.997+00:00,LEFT_300,300,"TOFI,0,0,0,1"
2026-09-03T22:27:59.997+00:00,LEFT_300,300,"AUTO,2,0,0,0,0,NONE,NONE,0,3"
2026-09-03T22:28:00.076+00:00,LEFT_300,300,"MOTION,1029966,1,0.00,300.00,-0.2326,0.00,0.00"
2026-09-03T22:28:00.108+00:00,LEFT_300,300,"TEL,1030115,-59.89,48.46,67.82,-69.63,92.43,-0.402,0.0"
2026-09-03T22:28:00.108+00:00,LEFT_300,300,"WHEEL,FL,-46.81,-59.89,-39,-549"
2026-09-03T22:28:00.108+00:00,LEFT_300,300,"WHEEL,FR,46.81,48.46,47,1057"
2026-09-03T22:28:00.139+00:00,LEFT_300,300,"WHEEL,BL,67.78,67.82,48,2331"
2026-09-03T22:28:00.139+00:00,LEFT_300,300,"WHEEL,BR,-67.78,-69.63,-47,-366"
2026-09-03T22:28:00.171+00:00,LEFT_300,300,"POSE,211.4,1515.1,92.46,0"
2026-09-03T22:28:00.171+00:00,LEFT_300,300,"SYS,WAIT_START,0,1,8,MANUAL,RED,0"
2026-09-03T22:28:00.171+00:00,LEFT_300,300,"HDG,92.43,90.96,-1.46,1,1"
2026-09-03T22:28:00.202+00:00,LEFT_300,300,"TOF,460.0,0,170,-290.0"
2026-09-03T22:28:00.202+00:00,LEFT_300,300,"TOFI,0,0,0,1"
2026-09-03T22:28:00.202+00:00,LEFT_300,300,"AUTO,2,0,0,0,0,NONE,NONE,0,3"
2026-09-03T22:28:00.234+00:00,LEFT_300,300,"MOTION,1030167,1,0.00,300.00,-0.1800,0.00,0.00"
2026-09-03T22:28:00.297+00:00,LEFT_300,300,"TEL,1030315,-50.95,60.70,66.68,-56.36,91.33,-0.402,0.0"
2026-09-03T22:28:00.297+00:00,LEFT_300,300,"WHEEL,FL,-57.30,-50.95,-56,-595"
2026-09-03T22:28:00.328+00:00,LEFT_300,300,"WHEEL,FR,57.30,60.70,48,1117"
2026-09-03T22:28:00.329+00:00,LEFT_300,300,"WHEEL,BL,57.30,66.68,38,2402"
2026-09-03T22:28:00.329+00:00,LEFT_300,300,"WHEEL,BR,-57.30,-56.36,-48,-421"
2026-09-03T22:28:00.360+00:00,LEFT_300,300,"POSE,150.5,1521.1,91.33,0"
2026-09-03T22:28:00.360+00:00,LEFT_300,300,"SYS,WAIT_START,0,1,8,MANUAL,RED,0"
2026-09-03T22:28:00.391+00:00,LEFT_300,300,"HDG,91.33,90.96,-0.36,1,1"
2026-09-03T22:28:00.391+00:00,LEFT_300,300,"TOF,460.0,0,170,-290.0"
2026-09-03T22:28:00.391+00:00,LEFT_300,300,"TOFI,0,0,0,1"
2026-09-03T22:28:00.391+00:00,LEFT_300,300,"AUTO,2,0,0,0,0,NONE,NONE,0,3"
2026-09-03T22:28:00.424+00:00,LEFT_300,300,"MOTION,1030367,1,0.00,300.00,0.0000,0.00,0.00"
2026-09-03T22:28:00.487+00:00,LEFT_300,300,"TEL,1030515,-54.39,51.38,69.04,-67.88,91.71,-0.402,0.0"
2026-09-03T22:28:00.487+00:00,LEFT_300,300,"WHEEL,FL,-46.81,-54.39,-43,-652"
2026-09-03T22:28:00.519+00:00,LEFT_300,300,"WHEEL,FR,46.81,51.38,44,1176"
2026-09-03T22:28:00.551+00:00,LEFT_300,300,"WHEEL,BL,67.78,69.04,47,2464"
2026-09-03T22:28:00.551+00:00,LEFT_300,300,"WHEEL,BR,-67.78,-67.88,-49,-478"
2026-09-03T22:28:00.551+00:00,LEFT_300,300,"POSE,88.9,1521.0,91.71,0"
2026-09-03T22:28:00.551+00:00,LEFT_300,300,"SYS,WAIT_START,0,1,8,MANUAL,RED,0"
2026-09-03T22:28:00.580+00:00,LEFT_300,300,"HDG,91.71,90.96,-0.74,1,1"
2026-09-03T22:28:00.580+00:00,LEFT_300,300,"TOF,460.0,0,170,-290.0"
2026-09-03T22:28:00.612+00:00,LEFT_300,300,"TOFI,0,0,0,1"
2026-09-03T22:28:00.612+00:00,LEFT_300,300,"AUTO,2,0,0,0,0,NONE,NONE,0,3"
2026-09-03T22:28:00.612+00:00,LEFT_300,300,"MOTION,1030567,1,0.00,300.00,-0.1800,0.00,0.00"
2026-09-03T22:28:00.690+00:00,LEFT_300,300,"TEL,1030717,-62.07,63.65,56.22,-56.19,90.99,-0.402,0.0"
2026-09-03T22:28:00.690+00:00,LEFT_300,300,"WHEEL,FL,-57.30,-62.07,-48,-702"
2026-09-03T22:28:00.721+00:00,LEFT_300,300,"WHEEL,FR,57.30,63.65,45,1230"
2026-09-03T22:28:00.752+00:00,LEFT_300,300,"WHEEL,BL,57.30,56.22,46,2531"
2026-09-03T22:28:00.753+00:00,LEFT_300,300,"WHEEL,BR,-57.30,-56.19,-48,-534"
2026-09-03T22:28:00.753+00:00,LEFT_300,300,"POSE,29.4,1524.0,90.90,0"
2026-09-03T22:28:00.753+00:00,LEFT_300,300,"SYS,WAIT_START,0,1,8,MANUAL,RED,0"
2026-09-03T22:28:00.784+00:00,LEFT_300,300,"HDG,90.99,90.96,-0.03,1,1"
2026-09-03T22:28:00.785+00:00,LEFT_300,300,"TOF,460.0,0,170,-290.0"
2026-09-03T22:28:00.816+00:00,LEFT_300,300,"TOFI,0,0,0,1"
2026-09-03T22:28:00.816+00:00,LEFT_300,300,"AUTO,2,0,0,0,0,NONE,NONE,0,3"
2026-09-03T22:28:00.816+00:00,LEFT_300,300,"MOTION,1030770,1,0.00,300.00,0.0000,0.00,0.00"
2026-09-03T22:28:00.927+00:00,LEFT_300,300,"TEL,1030918,-59.91,46.18,54.30,-53.20,91.29,-0.402,0.0"
2026-09-03T22:28:00.927+00:00,LEFT_300,300,"WHEEL,FL,-57.30,-59.91,-49,-763"
2026-09-03T22:28:00.927+00:00,LEFT_300,300,"WHEEL,FR,57.30,46.18,59,1281"
2026-09-03T22:28:00.958+00:00,LEFT_300,300,"WHEEL,BL,57.30,54.30,48,2597"
2026-09-03T22:28:00.958+00:00,LEFT_300,300,"WHEEL,BR,-57.30,-53.20,-51,-588"
2026-09-03T22:28:00.958+00:00,LEFT_300,300,"POSE,-31.3,1522.8,91.29,0"
2026-09-03T22:28:00.958+00:00,LEFT_300,300,"SYS,WAIT_START,0,1,8,MANUAL,RED,0"
2026-09-03T22:28:00.990+00:00,LEFT_300,300,"HDG,91.29,90.96,-0.32,1,1"
2026-09-03T22:28:00.990+00:00,LEFT_300,300,"TOF,460.0,0,170,-290.0"
2026-09-03T22:28:00.990+00:00,LEFT_300,300,"TOFI,0,0,0,1"
2026-09-03T22:28:00.990+00:00,LEFT_300,300,"AUTO,2,0,0,0,0,NONE,NONE,0,3"
2026-09-03T22:28:01.019+00:00,LEFT_300,300,"MOTION,1030970,1,0.00,300.00,0.0000,0.00,0.00"
2026-09-03T22:28:01.113+00:00,LEFT_300,300,"TEL,1031118,-64.00,54.78,55.89,-56.27,91.41,-0.402,0.0"
2026-09-03T22:28:01.113+00:00,LEFT_300,300,"WHEEL,FL,-57.30,-64.00,-45,-824"
2026-09-03T22:28:01.113+00:00,LEFT_300,300,"WHEEL,FR,57.30,54.78,52,1348"
2026-09-03T22:28:01.145+00:00,LEFT_300,300,"WHEEL,BL,57.30,55.89,46,2662"
2026-09-03T22:28:01.145+00:00,LEFT_300,300,"WHEEL,BR,-57.30,-56.27,-48,-645"
2026-09-03T22:28:01.177+00:00,LEFT_300,300,"POSE,-96.8,1525.0,91.39,0"
2026-09-03T22:28:01.177+00:00,LEFT_300,300,"SYS,WAIT_START,0,1,8,MANUAL,RED,0"
2026-09-03T22:28:01.177+00:00,LEFT_300,300,"HDG,91.41,90.96,-0.44,1,1"
2026-09-03T22:28:01.209+00:00,LEFT_300,300,"TOF,460.0,0,170,-290.0"
2026-09-03T22:28:01.209+00:00,LEFT_300,300,"TOFI,0,0,0,1"
2026-09-03T22:28:01.209+00:00,LEFT_300,300,"AUTO,2,0,0,0,0,NONE,NONE,0,3"
2026-09-03T22:28:01.209+00:00,LEFT_300,300,"MOTION,1031171,1,0.00,300.00,0.0000,0.00,0.00"
2026-09-03T22:28:01.288+00:00,LEFT_300,300,"TEL,1031318,-57.77,66.50,56.18,-55.63,90.93,-0.402,0.0"
2026-09-03T22:28:01.288+00:00,LEFT_300,300,"WHEEL,FL,-57.30,-57.77,-50,-872"
2026-09-03T22:28:01.320+00:00,LEFT_300,300,"WHEEL,FR,57.30,66.50,42,1411"
2026-09-03T22:28:01.397+00:00,LEFT_300,300,"WHEEL,BL,57.30,56.18,46,2727"
2026-09-03T22:28:01.398+00:00,LEFT_300,300,"WHEEL,BR,-57.30,-55.63,-49,-698"
2026-09-03T22:28:01.398+00:00,LEFT_300,300,"POSE,-156.9,1531.1,90.93,0"
2026-09-03T22:28:01.398+00:00,LEFT_300,300,"SYS,WAIT_START,0,1,8,MANUAL,RED,0"
2026-09-03T22:28:01.398+00:00,LEFT_300,300,"HDG,90.93,90.96,0.04,1,1"
2026-09-03T22:28:01.398+00:00,LEFT_300,300,"TOF,460.0,0,170,-290.0"
2026-09-03T22:28:01.398+00:00,LEFT_300,300,"TOFI,0,0,0,1"
2026-09-03T22:28:01.398+00:00,LEFT_300,300,"AUTO,2,0,0,0,0,NONE,NONE,0,3"
2026-09-03T22:28:01.429+00:00,LEFT_300,300,"MOTION,1031370,1,0.00,300.00,0.0000,0.00,0.00"
2026-09-03T22:28:01.493+00:00,LEFT_300,300,"TEL,1031519,-69.63,64.13,45.72,-46.17,90.68,-0.402,0.0"
2026-09-03T22:28:01.493+00:00,LEFT_300,300,"WHEEL,FL,-57.30,-69.63,-41,-933"
2026-09-03T22:28:01.523+00:00,LEFT_300,300,"WHEEL,FR,57.30,64.13,44,1468"
2026-09-03T22:28:01.554+00:00,LEFT_300,300,"WHEEL,BL,57.30,45.72,53,2788"
2026-09-03T22:28:01.554+00:00,LEFT_300,300,"WHEEL,BR,-57.30,-46.17,-56,-754"
2026-09-03T22:28:01.554+00:00,LEFT_300,300,"POSE,-218.4,1531.0,90.68,0"
2026-09-03T22:28:01.554+00:00,LEFT_300,300,"SYS,WAIT_START,0,1,8,MANUAL,RED,0"
2026-09-03T22:28:01.633+00:00,REST,0,"HDG,90.68,90.96,0.29,1,1"
2026-09-03T22:28:01.633+00:00,REST,0,"TOF,460.0,0,170,-290.0"
2026-09-03T22:28:01.633+00:00,REST,0,"TOFI,0,0,0,1"
2026-09-03T22:28:01.633+00:00,REST,0,"AUTO,2,0,0,0,0,NONE,NONE,0,3"
2026-09-03T22:28:01.633+00:00,REST,0,"MOTION,1031571,1,0.00,300.00,0.0000,0.00,0.00"
2026-09-03T22:28:01.742+00:00,REST,0,"TEL,1031719,-71.59,71.07,53.01,-52.42,90.27,-0.402,0.0"
2026-09-03T22:28:01.743+00:00,REST,0,"WHEEL,FL,-67.78,-71.59,-50,-990"
2026-09-03T22:28:01.743+00:00,REST,0,"WHEEL,FR,67.78,71.07,50,1524"
2026-09-03T22:28:01.743+00:00,REST,0,"WHEEL,BL,46.81,53.01,37,2864"
2026-09-03T22:28:01.743+00:00,REST,0,"WHEEL,BR,-46.81,-52.42,-41,-817"
2026-09-03T22:28:01.775+00:00,REST,0,"POSE,-284.4,1533.5,90.18,0"
2026-09-03T22:28:01.775+00:00,REST,0,"SYS,WAIT_START,0,1,8,MANUAL,RED,0"
2026-09-03T22:28:01.775+00:00,REST,0,"HDG,90.27,90.96,0.69,1,1"
2026-09-03T22:28:01.853+00:00,REST,0,"TOF,460.0,0,170,-290.0"
2026-09-03T22:28:01.853+00:00,REST,0,"TOFI,0,0,0,1"
2026-09-03T22:28:01.853+00:00,REST,0,"AUTO,2,0,0,0,0,NONE,NONE,0,3"
2026-09-03T22:28:01.853+00:00,REST,0,"MOTION,1031771,1,0.00,300.00,0.1800,0.00,0.00"
2026-09-03T22:28:01.963+00:00,REST,0,"TEL,1031920,-19.44,30.89,6.72,-7.96,93.62,-0.402,0.0"
2026-09-03T22:28:01.963+00:00,REST,0,"WHEEL,FL,0.00,-19.44,0,-1042"
2026-09-03T22:28:01.963+00:00,REST,0,"WHEEL,FR,0.00,30.89,0,1573"
2026-09-03T22:28:01.963+00:00,REST,0,"WHEEL,BL,0.00,6.72,0,2886"
2026-09-03T22:28:01.963+00:00,REST,0,"WHEEL,BR,0.00,-7.96,0,-838"
2026-09-03T22:28:01.963+00:00,REST,0,"POSE,-322.1,1531.7,93.58,0"
2026-09-03T22:28:01.963+00:00,REST,0,"SYS,WAIT_START,0,1,8,MANUAL,RED,0"
2026-09-03T22:28:01.994+00:00,REST,0,"HDG,93.62,90.96,-2.65,1,1"
2026-09-03T22:28:01.994+00:00,REST,0,"TOF,460.0,0,170,-290.0"
2026-09-03T22:28:01.994+00:00,REST,0,"TOFI,0,0,0,1"
2026-09-03T22:28:01.994+00:00,REST,0,"AUTO,2,0,0,0,0,NONE,NONE,0,3"
2026-09-03T22:28:02.027+00:00,REST,0,"MOTION,1031970,0,0.00,0.00,0.0000,0.00,0.00"
2026-09-03T22:28:02.090+00:00,REST,0,"TEL,1032120,-0.06,0.43,0.12,0.07,93.54,-0.402,0.0"
2026-09-03T22:28:02.090+00:00,REST,0,"WHEEL,FL,0.00,-0.06,0,-1040"
2026-09-03T22:28:02.122+00:00,REST,0,"WHEEL,FR,0.00,0.43,0,1574"
2026-09-03T22:28:02.122+00:00,REST,0,"WHEEL,BL,0.00,0.12,0,2888"
2026-09-03T22:28:02.153+00:00,REST,0,"WHEEL,BR,0.00,0.07,0,-837"
2026-09-03T22:28:02.153+00:00,REST,0,"POSE,-322.2,1533.3,93.54,0"
2026-09-03T22:28:02.153+00:00,REST,0,"SYS,WAIT_START,0,1,8,MANUAL,RED,0"
2026-09-03T22:28:02.183+00:00,REST,0,"HDG,93.54,90.96,-2.57,1,1"
2026-09-03T22:28:02.184+00:00,REST,0,"TOF,460.0,0,170,-290.0"
2026-09-03T22:28:02.184+00:00,REST,0,"TOFI,0,0,0,1"
2026-09-03T22:28:02.214+00:00,REST,0,"AUTO,2,0,0,0,0,NONE,NONE,0,3"
2026-09-03T22:28:02.214+00:00,REST,0,"MOTION,1032169,0,0.00,0.00,0.0000,0.00,0.00"
2026-09-03T22:28:02.324+00:00,REST,0,"TEL,1032320,-0.00,0.01,0.00,0.00,93.47,-0.402,0.0"
2026-09-03T22:28:02.324+00:00,REST,0,"WHEEL,FL,0.00,-0.00,0,-1040"
2026-09-03T22:28:02.324+00:00,REST,0,"WHEEL,FR,0.00,0.01,0,1574"
2026-09-03T22:28:02.324+00:00,REST,0,"WHEEL,BL,0.00,0.00,0,2888"
2026-09-03T22:28:02.355+00:00,REST,0,"WHEEL,BR,0.00,0.00,0,-837"
2026-09-03T22:28:02.355+00:00,REST,0,"POSE,-322.2,1533.3,93.47,0"
2026-09-03T22:28:02.355+00:00,REST,0,"SYS,WAIT_START,0,1,8,MANUAL,RED,0"
2026-09-03T22:28:02.433+00:00,RIGHT_300,-300,",1,1"
2026-09-03T22:28:02.433+00:00,RIGHT_300,-300,"TOF,460.0,0,170,-290.0"
2026-09-03T22:28:02.433+00:00,RIGHT_300,-300,"TOFI,0,0,0,1"
2026-09-03T22:28:02.433+00:00,RIGHT_300,-300,"AUTO,2,0,0,0,0,NONE,NONE,0,3"
2026-09-03T22:28:02.433+00:00,RIGHT_300,-300,"MOTION,1032369,0,0.00,0.00,0.0000,0.00,0.00"
2026-09-03T22:28:02.496+00:00,RIGHT_300,-300,"TEL,1032520,-0.00,0.00,0.00,0.00,93.47,-0.402,0.0"
2026-09-03T22:28:02.496+00:00,RIGHT_300,-300,"WHEEL,FL,0.00,-0.00,0,-1040"
2026-09-03T22:28:02.528+00:00,RIGHT_300,-300,"WHEEL,FR,0.00,0.00,0,1574"
2026-09-03T22:28:02.528+00:00,RIGHT_300,-300,"WHEEL,BL,0.00,0.00,0,2888"
2026-09-03T22:28:02.559+00:00,RIGHT_300,-300,"WHEEL,BR,0.00,0.00,0,-837"
2026-09-03T22:28:02.560+00:00,RIGHT_300,-300,"POSE,-322.2,1533.3,93.47,0"
2026-09-03T22:28:02.560+00:00,RIGHT_300,-300,"SYS,WAIT_START,0,1,8,MANUAL,RED,0"
2026-09-03T22:28:02.591+00:00,RIGHT_300,-300,"HDG,93.47,90.96,-2.50,1,1"
2026-09-03T22:28:02.591+00:00,RIGHT_300,-300,"TOF,460.0,0,170,-290.0"
2026-09-03T22:28:02.591+00:00,RIGHT_300,-300,"TOFI,0,0,0,1"
2026-09-03T22:28:02.591+00:00,RIGHT_300,-300,"AUTO,2,0,0,0,0,NONE,NONE,0,3"
2026-09-03T22:28:02.670+00:00,RIGHT_300,-300,"MOTION,1032569,0,0.00,0.00,0.0000,0.00,0.00"
2026-09-03T22:28:02.779+00:00,RIGHT_300,-300,"TEL,1032737,70.49,-63.46,-41.27,48.41,93.41,-0.402,0.0"
2026-09-03T22:28:02.779+00:00,RIGHT_300,-300,"WHEEL,FL,71.70,70.49,60,-1000"
2026-09-03T22:28:02.779+00:00,RIGHT_300,-300,"WHEEL,FR,-71.70,-63.46,-64,1515"
2026-09-03T22:28:02.779+00:00,RIGHT_300,-300,"WHEEL,BL,-42.89,-41.27,-44,2865"
2026-09-03T22:28:02.779+00:00,RIGHT_300,-300,"WHEEL,BR,42.89,48.41,38,-805"
2026-09-03T22:28:02.779+00:00,RIGHT_300,-300,"POSE,-281.8,1533.1,93.41,0"
2026-09-03T22:28:02.811+00:00,RIGHT_300,-300,"SYS,WAIT_START,0,1,8,MANUAL,RED,0"
2026-09-03T22:28:02.811+00:00,RIGHT_300,-300,"HDG,93.41,90.96,-2.45,1,1"
2026-09-03T22:28:02.811+00:00,RIGHT_300,-300,"TOF,460.0,0,170,-290.0"
2026-09-03T22:28:02.811+00:00,RIGHT_300,-300,"TOFI,0,0,0,1"
2026-09-03T22:28:02.811+00:00,RIGHT_300,-300,"AUTO,2,0,0,0,0,NONE,NONE,0,3"
2026-09-03T22:28:02.842+00:00,RIGHT_300,-300,"MOTION,1032789,1,0.00,-300.00,-0.2473,0.00,0.00"
2026-09-03T22:28:02.937+00:00,RIGHT_300,-300,"TEL,1032945,62.26,-55.86,-54.15,66.98,90.28,-0.402,0.0"
2026-09-03T22:28:02.937+00:00,RIGHT_300,-300,"WHEEL,FL,46.81,62.26,41,-924"
2026-09-03T22:28:02.937+00:00,RIGHT_300,-300,"WHEEL,FR,-46.81,-55.86,-44,1443"
2026-09-03T22:28:02.968+00:00,RIGHT_300,-300,"WHEEL,BL,-67.78,-54.15,-59,2817"
2026-09-03T22:28:02.968+00:00,RIGHT_300,-300,"WHEEL,BR,67.78,66.98,48,-749"
2026-09-03T22:28:02.999+00:00,RIGHT_300,-300,"POSE,-215.9,1537.4,90.28,0"
2026-09-03T22:28:02.999+00:00,RIGHT_300,-300,"SYS,WAIT_START,0,1,8,MANUAL,RED,0"
2026-09-03T22:28:02.999+00:00,RIGHT_300,-300,"HDG,90.28,90.96,0.68,1,1"
2026-09-03T22:28:03.030+00:00,RIGHT_300,-300,"TOF,460.0,0,170,-290.0"
2026-09-03T22:28:03.030+00:00,RIGHT_300,-300,"TOFI,0,0,0,1"
2026-09-03T22:28:03.030+00:00,RIGHT_300,-300,"AUTO,2,0,0,0,0,NONE,NONE,0,3"
2026-09-03T22:28:03.030+00:00,RIGHT_300,-300,"MOTION,1032998,1,0.00,-300.00,0.1800,0.00,0.00"
2026-09-03T22:28:03.140+00:00,RIGHT_300,-300,"TEL,1033146,74.91,-70.71,-48.76,52.15,91.31,-0.402,0.0"
2026-09-03T22:28:03.140+00:00,RIGHT_300,-300,"WHEEL,FL,57.30,74.91,42,-864"
2026-09-03T22:28:03.140+00:00,RIGHT_300,-300,"WHEEL,FR,-57.30,-70.71,-44,1390"
2026-09-03T22:28:03.171+00:00,RIGHT_300,-300,"WHEEL,BL,-57.30,-48.76,-52,2750"
2026-09-03T22:28:03.171+00:00,RIGHT_300,-300,"WHEEL,BR,57.30,52.15,49,-683"
2026-09-03T22:28:03.171+00:00,RIGHT_300,-300,"POSE,-151.5,1540.7,91.31,0"
2026-09-03T22:28:03.171+00:00,RIGHT_300,-300,"SYS,WAIT_START,0,1,8,MANUAL,RED,0"
2026-09-03T22:28:03.249+00:00,RIGHT_300,-300,"HDG,91.31,90.96,-0.35,1,1"
2026-09-03T22:28:03.249+00:00,RIGHT_300,-300,"TOF,460.0,0,170,-290.0"
2026-09-03T22:28:03.249+00:00,RIGHT_300,-300,"TOFI,0,0,0,1"
2026-09-03T22:28:03.249+00:00,RIGHT_300,-300,"AUTO,2,0,0,0,0,NONE,NONE,0,3"
2026-09-03T22:28:03.249+00:00,RIGHT_300,-300,"MOTION,1033198,1,0.00,-300.00,0.0000,0.00,0.00"
2026-09-03T22:28:03.313+00:00,RIGHT_300,-300,"TEL,1033347,53.72,-52.32,-52.97,59.96,91.52,-0.402,0.0"
2026-09-03T22:28:03.313+00:00,RIGHT_300,-300,"WHEEL,FL,72.06,53.72,72,-808"
2026-09-03T22:28:03.345+00:00,RIGHT_300,-300,"WHEEL,FR,-72.06,-52.32,-73,1345"
2026-09-03T22:28:03.376+00:00,RIGHT_300,-300,"WHEEL,BL,-42.54,-52.97,-35,2702"
2026-09-03T22:28:03.376+00:00,RIGHT_300,-300,"WHEEL,BR,42.54,59.96,28,-619"
2026-09-03T22:28:03.376+00:00,RIGHT_300,-300,"POSE,-95.9,1548.9,91.52,0"
2026-09-03T22:28:03.376+00:00,RIGHT_300,-300,"SYS,WAIT_START,0,1,8,MANUAL,RED,0"
2026-09-03T22:28:03.406+00:00,RIGHT_300,-300,"HDG,91.52,90.96,-0.56,1,1"
2026-09-03T22:28:03.437+00:00,RIGHT_300,-300,"TOF,460.0,0,170,-290.0"
2026-09-03T22:28:03.437+00:00,RIGHT_300,-300,"TOFI,0,0,0,1"
2026-09-03T22:28:03.437+00:00,RIGHT_300,-300,"AUTO,2,0,0,0,0,NONE,NONE,0,3"
2026-09-03T22:28:03.437+00:00,RIGHT_300,-300,"MOTION,1033399,1,0.00,-300.00,-0.2534,0.00,0.00"
2026-09-03T22:28:03.532+00:00,RIGHT_300,-300,"TEL,1033548,55.09,-56.04,-67.86,64.71,89.30,-0.402,0.0"
2026-09-03T22:28:03.532+00:00,RIGHT_300,-300,"WHEEL,FL,46.81,55.09,46,-736"
2026-09-03T22:28:03.532+00:00,RIGHT_300,-300,"WHEEL,FR,-46.81,-56.04,-44,1270"
2026-09-03T22:28:03.612+00:00,RIGHT_300,-300,"WHEEL,BL,-67.78,-67.86,-49,2654"
2026-09-03T22:28:03.612+00:00,RIGHT_300,-300,"WHEEL,BR,67.78,64.71,49,-569"
2026-09-03T22:28:03.612+00:00,RIGHT_300,-300,"POSE,-31.7,1548.2,89.30,0"
2026-09-03T22:28:03.612+00:00,RIGHT_300,-300,"SYS,WAIT_START,0,1,8,MANUAL,RED,0"
2026-09-03T22:28:03.612+00:00,RIGHT_300,-300,"HDG,89.30,90.96,1.67,1,1"
2026-09-03T22:28:03.612+00:00,RIGHT_300,-300,"TOF,460.0,0,170,-290.0"
2026-09-03T22:28:03.612+00:00,RIGHT_300,-300,"TOFI,0,0,0,1"
2026-09-03T22:28:03.612+00:00,RIGHT_300,-300,"AUTO,2,0,0,0,0,NONE,NONE,0,3"
2026-09-03T22:28:03.642+00:00,RIGHT_300,-300,"MOTION,1033600,1,0.00,-300.00,0.1800,0.00,0.00"
2026-09-03T22:28:03.736+00:00,RIGHT_300,-300,"TEL,1033748,63.77,-50.68,-46.96,60.65,91.03,-0.402,0.0"
2026-09-03T22:28:03.736+00:00,RIGHT_300,-300,"WHEEL,FL,57.30,63.77,49,-686"
2026-09-03T22:28:03.736+00:00,RIGHT_300,-300,"WHEEL,FR,-57.30,-50.68,-59,1223"
2026-09-03T22:28:03.767+00:00,RIGHT_300,-300,"WHEEL,BL,-57.30,-46.96,-55,2597"
2026-09-03T22:28:03.767+00:00,RIGHT_300,-300,"WHEEL,BR,57.30,60.65,42,-501"
2026-09-03T22:28:03.845+00:00,RIGHT_300,-300,"POSE,26.4,1552.3,91.03,0"
2026-09-03T22:28:03.845+00:00,RIGHT_300,-300,"SYS,WAIT_START,0,1,8,MANUAL,RED,0"
2026-09-03T22:28:03.845+00:00,RIGHT_300,-300,"HDG,91.03,90.96,-0.06,1,1"
2026-09-03T22:28:03.845+00:00,RIGHT_300,-300,"TOF,460.0,0,170,-290.0"
2026-09-03T22:28:03.845+00:00,RIGHT_300,-300,"TOFI,0,0,0,1"
2026-09-03T22:28:03.845+00:00,RIGHT_300,-300,"AUTO,2,0,0,0,0,NONE,NONE,0,3"
2026-09-03T22:28:03.845+00:00,RIGHT_300,-300,"MOTION,1033800,1,0.00,-300.00,0.0000,0.00,0.00"
2026-09-03T22:28:03.941+00:00,RIGHT_300,-300,"TEL,1033948,61.05,-63.93,-57.49,59.37,90.77,-0.402,0.0"
2026-09-03T22:28:03.941+00:00,RIGHT_300,-300,"WHEEL,FL,57.30,61.05,51,-631"
2026-09-03T22:28:03.941+00:00,RIGHT_300,-300,"WHEEL,FR,-57.30,-63.93,-48,1157"
2026-09-03T22:28:03.971+00:00,RIGHT_300,-300,"WHEEL,BL,-57.30,-57.49,-47,2535"
2026-09-03T22:28:03.971+00:00,RIGHT_300,-300,"WHEEL,BR,57.30,59.37,43,-447"
2026-09-03T22:28:03.971+00:00,RIGHT_300,-300,"POSE,88.5,1548.3,90.81,0"
2026-09-03T22:28:03.971+00:00,RIGHT_300,-300,"SYS,WAIT_START,0,1,8,MANUAL,RED,0"
2026-09-03T22:28:04.002+00:00,RIGHT_300,-300,"HDG,90.77,90.96,0.19,1,1"
2026-09-03T22:28:04.002+00:00,RIGHT_300,-300,"TOF,460.0,0,170,-290.0"
2026-09-03T22:28:04.081+00:00,RIGHT_300,-300,"TOFI,0,0,0,1"
2026-09-03T22:28:04.081+00:00,RIGHT_300,-300,"AUTO,2,0,0,0,0,NONE,NONE,0,3"
2026-09-03T22:28:04.081+00:00,RIGHT_300,-300,"MOTION,1034000,1,0.00,-300.00,0.0000,0.00,0.00"
2026-09-03T22:28:04.112+00:00,RIGHT_300,-300,"TEL,1034148,47.28,-48.82,-61.14,63.61,90.76,-0.402,0.0"
2026-09-03T22:28:04.112+00:00,RIGHT_300,-300,"WHEEL,FL,57.30,47.28,62,-574"
2026-09-03T22:28:04.144+00:00,RIGHT_300,-300,"WHEEL,FR,-57.30,-48.82,-60,1102"
2026-09-03T22:28:04.176+00:00,RIGHT_300,-300,"WHEEL,BL,-57.30,-61.14,-44,2475"
2026-09-03T22:28:04.176+00:00,RIGHT_300,-300,"WHEEL,BR,57.30,63.61,40,-383"
2026-09-03T22:28:04.176+00:00,RIGHT_300,-300,"POSE,150.2,1550.4,90.76,0"
2026-09-03T22:28:04.176+00:00,RIGHT_300,-300,"SYS,WAIT_START,0,1,8,MANUAL,RED,0"
2026-09-03T22:28:04.207+00:00,RIGHT_300,-300,"HDG,90.76,90.96,0.21,1,1"
2026-09-03T22:28:04.207+00:00,RIGHT_300,-300,"TOF,460.0,0,170,-290.0"
2026-09-03T22:28:04.237+00:00,RIGHT_300,-300,"TOFI,0,0,0,1"
2026-09-03T22:28:04.237+00:00,RIGHT_300,-300,"AUTO,2,0,0,0,0,NONE,NONE,0,3"
2026-09-03T22:28:04.237+00:00,RIGHT_300,-300,"MOTION,1034201,1,0.00,-300.00,0.0000,0.00,0.00"
2026-09-03T22:28:04.332+00:00,RIGHT_300,-300,"TEL,1034351,58.32,-42.90,-58.77,64.14,90.04,-0.402,0.0"
2026-09-03T22:28:04.332+00:00,RIGHT_300,-300,"WHEEL,FL,46.81,58.32,43,-512"
2026-09-03T22:28:04.332+00:00,RIGHT_300,-300,"WHEEL,FR,-46.81,-42.90,-53,1039"
2026-09-03T22:28:04.363+00:00,RIGHT_300,-300,"WHEEL,BL,-67.78,-58.77,-56,2424"
2026-09-03T22:28:04.363+00:00,RIGHT_300,-300,"WHEEL,BR,67.78,64.14,49,-324"
2026-09-03T22:28:04.442+00:00,REST,0,"2.6,90.02,0"
2026-09-03T22:28:04.442+00:00,REST,0,"SYS,WAIT_START,0,1,8,MANUAL,RED,0"
2026-09-03T22:28:04.442+00:00,REST,0,"HDG,90.04,90.96,0.93,1,1"
2026-09-03T22:28:04.442+00:00,REST,0,"TOF,460.0,0,170,-290.0"
2026-09-03T22:28:04.442+00:00,REST,0,"TOFI,0,0,0,1"
2026-09-03T22:28:04.442+00:00,REST,0,"AUTO,2,0,0,0,0,NONE,NONE,0,3"
2026-09-03T22:28:04.442+00:00,REST,0,"MOTION,1034403,1,0.00,-300.00,0.1800,0.00,0.00"
2026-09-03T22:28:04.551+00:00,REST,0,"TEL,1034551,77.25,-55.93,-56.00,56.59,91.46,-0.402,0.0"
2026-09-03T22:28:04.551+00:00,REST,0,"WHEEL,FL,0.00,77.25,0,-458"
2026-09-03T22:28:04.551+00:00,REST,0,"WHEEL,FR,0.00,-55.93,0,986"
2026-09-03T22:28:04.551+00:00,REST,0,"WHEEL,BL,0.00,-56.00,0,2362"
2026-09-03T22:28:04.551+00:00,REST,0,"WHEEL,BR,0.00,56.59,0,-259"
2026-09-03T22:28:04.551+00:00,REST,0,"POSE,273.0,1555.0,91.48,0"
2026-09-03T22:28:04.582+00:00,REST,0,"SYS,WAIT_START,0,1,8,MANUAL,RED,0"
2026-09-03T22:28:04.659+00:00,REST,0,"HDG,91.46,90.96,-0.50,1,1"
2026-09-03T22:28:04.659+00:00,REST,0,"TOF,460.0,0,170,-290.0"
2026-09-03T22:28:04.659+00:00,REST,0,"TOFI,0,0,0,1"
2026-09-03T22:28:04.659+00:00,REST,0,"AUTO,2,0,0,0,0,NONE,NONE,0,3"
2026-09-03T22:28:04.659+00:00,REST,0,"MOTION,1034601,0,0.00,0.00,0.0000,0.00,0.00"
2026-09-03T22:28:04.722+00:00,REST,0,"TEL,1034751,1.93,-4.94,-2.63,-0.46,90.89,-0.402,0.0"
2026-09-03T22:28:04.722+00:00,REST,0,"WHEEL,FL,0.00,1.93,0,-444"
2026-09-03T22:28:04.753+00:00,REST,0,"WHEEL,FR,0.00,-4.94,0,969"
2026-09-03T22:28:04.753+00:00,REST,0,"WHEEL,BL,0.00,-2.63,0,2354"
2026-09-03T22:28:04.753+00:00,REST,0,"WHEEL,BR,0.00,-0.46,0,-251"
2026-09-03T22:28:04.753+00:00,REST,0,"POSE,285.3,1554.5,90.90,0"
2026-09-03T22:28:04.784+00:00,REST,0,"SYS,WAIT_START,0,1,8,MANUAL,RED,0"
2026-09-03T22:28:04.815+00:00,REST,0,"HDG,90.89,90.96,0.07,1,1"
2026-09-03T22:28:04.816+00:00,REST,0,"TOF,460.0,0,170,-290.0"
2026-09-03T22:28:04.816+00:00,REST,0,"TOFI,0,0,0,1"
2026-09-03T22:28:04.816+00:00,REST,0,"AUTO,2,0,0,0,0,NONE,NONE,0,3"
2026-09-03T22:28:04.847+00:00,REST,0,"MOTION,1034800,0,0.00,0.00,0.0000,0.00,0.00"
2026-09-03T22:28:04.940+00:00,REST,0,"TEL,1034951,0.02,-0.15,-0.08,-0.06,90.78,-0.402,0.0"
2026-09-03T22:28:04.941+00:00,REST,0,"WHEEL,FL,0.00,0.02,0,-445"
2026-09-03T22:28:04.941+00:00,REST,0,"WHEEL,FR,0.00,-0.15,0,967"
2026-09-03T22:28:04.941+00:00,REST,0,"WHEEL,BL,0.00,-0.08,0,2353"
2026-09-03T22:28:05.018+00:00,REST,0,"WHEEL,BR,0.00,-0.06,0,-253"
2026-09-03T22:28:05.018+00:00,REST,0,"POSE,285.4,1552.9,90.78,0"
2026-09-03T22:28:05.018+00:00,REST,0,"SYS,WAIT_START,0,1,8,MANUAL,RED,0"
2026-09-03T22:28:05.018+00:00,REST,0,"HDG,90.78,90.96,0.18,1,1"
2026-09-03T22:28:05.018+00:00,REST,0,"TOF,460.0,0,170,-290.0"
2026-09-03T22:28:05.018+00:00,REST,0,"TOFI,0,0,0,1"
2026-09-03T22:28:05.018+00:00,REST,0,"AUTO,2,0,0,0,0,NONE,NONE,0,3"
2026-09-03T22:28:05.049+00:00,REST,0,"MOTION,1034999,0,0.00,0.00,0.0000,0.00,0.00"
2026-09-03T22:28:05.127+00:00,REST,0,"TEL,1035152,0.00,-0.00,-0.00,-0.00,90.78,-0.402,0.0"
2026-09-03T22:28:05.127+00:00,REST,0,"WHEEL,FL,0.00,0.00,0,-445"
2026-09-03T22:28:05.158+00:00,REST,0,"WHEEL,FR,0.00,-0.00,0,967"
2026-09-03T22:28:05.158+00:00,REST,0,"WHEEL,BL,0.00,-0.00,0,2353"
2026-09-03T22:28:05.158+00:00,REST,0,"WHEEL,BR,0.00,-0.00,0,-253"
2026-09-03T22:28:05.158+00:00,REST,0,"POSE,285.4,1552.9,90.78,0"
2026-09-03T22:28:05.188+00:00,REST,0,"SYS,WAIT_START,0,1,8,MANUAL,RED,0"
2026-09-03T22:28:05.219+00:00,LEFT_400,400,",1,1"
2026-09-03T22:28:05.219+00:00,LEFT_400,400,"TOF,460.0,0,170,-290.0"
2026-09-03T22:28:05.219+00:00,LEFT_400,400,"TOFI,0,0,0,1"
2026-09-03T22:28:05.219+00:00,LEFT_400,400,"AUTO,2,0,0,0,0,NONE,NONE,0,3"
2026-09-03T22:28:05.250+00:00,LEFT_400,400,"MOTION,1035201,0,0.00,0.00,0.0000,0.00,0.00"
2026-09-03T22:28:05.313+00:00,LEFT_400,400,"TEL,1035353,0.00,-0.00,-0.00,-0.00,90.77,-0.402,0.0"
2026-09-03T22:28:05.313+00:00,LEFT_400,400,"WHEEL,FL,0.00,0.00,0,-445"
2026-09-03T22:28:05.344+00:00,LEFT_400,400,"WHEEL,FR,0.00,-0.00,0,967"
2026-09-03T22:28:05.344+00:00,LEFT_400,400,"WHEEL,BL,0.00,-0.00,0,2353"
2026-09-03T22:28:05.375+00:00,LEFT_400,400,"WHEEL,BR,0.00,-0.00,0,-253"
2026-09-03T22:28:05.375+00:00,LEFT_400,400,"POSE,285.4,1552.9,90.77,0"
2026-09-03T22:28:05.375+00:00,LEFT_400,400,"SYS,WAIT_START,0,1,8,MANUAL,RED,0"
2026-09-03T22:28:05.405+00:00,LEFT_400,400,"HDG,90.77,90.96,0.19,1,1"
2026-09-03T22:28:05.405+00:00,LEFT_400,400,"TOF,460.0,0,170,-290.0"
2026-09-03T22:28:05.405+00:00,LEFT_400,400,"TOFI,0,0,0,1"
2026-09-03T22:28:05.438+00:00,LEFT_400,400,"AUTO,2,0,0,0,0,NONE,NONE,0,3"
2026-09-03T22:28:05.438+00:00,LEFT_400,400,"MOTION,1035402,0,0.00,0.00,0.0000,0.00,0.00"
2026-09-03T22:28:05.532+00:00,LEFT_400,400,"TEL,1035554,-73.80,67.38,62.85,-60.19,91.62,-0.402,0.0"
2026-09-03T22:28:05.532+00:00,LEFT_400,400,"WHEEL,FL,-63.02,-73.80,-48,-488"
2026-09-03T22:28:05.532+00:00,LEFT_400,400,"WHEEL,FR,63.02,67.38,53,1009"
2026-09-03T22:28:05.563+00:00,LEFT_400,400,"WHEEL,BL,89.77,62.85,73,2396"
2026-09-03T22:28:05.563+00:00,LEFT_400,400,"WHEEL,BR,-89.77,-60.19,-76,-286"
2026-09-03T22:28:05.595+00:00,LEFT_400,400,"POSE,243.2,1554.5,91.47,0"
2026-09-03T22:28:05.595+00:00,LEFT_400,400,"SYS,WAIT_START,0,1,8,MANUAL,RED,0"
2026-09-03T22:28:05.595+00:00,LEFT_400,400,"HDG,91.62,90.96,-0.65,1,1"
2026-09-03T22:28:05.626+00:00,LEFT_400,400,"TOF,460.0,0,170,-290.0"
2026-09-03T22:28:05.626+00:00,LEFT_400,400,"TOFI,0,0,0,1"
2026-09-03T22:28:05.626+00:00,LEFT_400,400,"AUTO,2,0,0,0,0,NONE,NONE,0,3"
2026-09-03T22:28:05.658+00:00,LEFT_400,400,"MOTION,1035606,1,0.00,400.00,-0.2296,0.00,0.00"
2026-09-03T22:28:05.769+00:00,LEFT_400,400,"TEL,1035754,-89.15,76.73,60.27,-69.24,90.49,-0.402,0.0"
2026-09-03T22:28:05.769+00:00,LEFT_400,400,"WHEEL,FL,-76.39,-89.15,-49,-564"
2026-09-03T22:28:05.769+00:00,LEFT_400,400,"WHEEL,FR,76.39,76.73,59,1082"
2026-09-03T22:28:05.769+00:00,LEFT_400,400,"WHEEL,BL,76.39,60.27,62,2509"
2026-09-03T22:28:05.769+00:00,LEFT_400,400,"WHEEL,BR,-76.39,-69.24,-55,-383"
2026-09-03T22:28:05.800+00:00,LEFT_400,400,"POSE,149.1,1556.5,90.49,0"
2026-09-03T22:28:05.800+00:00,LEFT_400,400,"SYS,WAIT_START,0,1,8,MANUAL,RED,0"
2026-09-03T22:28:05.800+00:00,LEFT_400,400,"HDG,90.49,90.96,0.48,1,1"
2026-09-03T22:28:05.800+00:00,LEFT_400,400,"TOF,460.0,0,170,-290.0"
2026-09-03T22:28:05.831+00:00,LEFT_400,400,"TOFI,0,0,0,1"
2026-09-03T22:28:05.831+00:00,LEFT_400,400,"AUTO,2,0,0,0,0,NONE,NONE,0,3"
2026-09-03T22:28:05.831+00:00,LEFT_400,400,"MOTION,1035807,1,0.00,400.00,0.0000,0.00,0.00"
2026-09-03T22:28:05.925+00:00,LEFT_400,400,"TEL,1035954,-78.57,83.10,77.63,-77.84,90.70,-0.402,0.0"
2026-09-03T22:28:05.925+00:00,LEFT_400,400,"WHEEL,FL,-76.39,-78.57,-58,-641"
2026-09-03T22:28:06.003+00:00,LEFT_400,400,"WHEEL,FR,76.39,83.10,54,1177"
2026-09-03T22:28:06.003+00:00,LEFT_400,400,"WHEEL,BL,76.39,77.63,47,2599"
2026-09-03T22:28:06.003+00:00,LEFT_400,400,"WHEEL,BR,-76.39,-77.84,-49,-451"
2026-09-03T22:28:06.003+00:00,LEFT_400,400,"POSE,62.7,1566.4,90.70,0"
2026-09-03T22:28:06.003+00:00,LEFT_400,400,"SYS,WAIT_START,0,1,8,MANUAL,RED,0"
2026-09-03T22:28:06.003+00:00,LEFT_400,400,"HDG,90.70,90.96,0.27,1,1"
2026-09-03T22:28:06.003+00:00,LEFT_400,400,"TOF,460.0,0,170,-290.0"
2026-09-03T22:28:06.035+00:00,LEFT_400,400,"TOFI,0,0,0,1"
2026-09-03T22:28:06.035+00:00,LEFT_400,400,"AUTO,2,0,0,0,0,NONE,NONE,0,3"
2026-09-03T22:28:06.035+00:00,LEFT_400,400,"MOTION,1036006,1,0.00,400.00,0.0000,0.00,0.00"
2026-09-03T22:28:06.128+00:00,LEFT_400,400,"TEL,1036154,-79.62,77.10,92.27,-72.78,91.09,-0.402,0.0"
2026-09-03T22:28:06.128+00:00,LEFT_400,400,"WHEEL,FL,-76.39,-79.62,-57,-720"
2026-09-03T22:28:06.160+00:00,LEFT_400,400,"WHEEL,FR,76.39,77.10,58,1260"
2026-09-03T22:28:06.160+00:00,LEFT_400,400,"WHEEL,BL,76.39,92.27,36,2686"
2026-09-03T22:28:06.160+00:00,LEFT_400,400,"WHEEL,BR,-76.39,-72.78,-53,-523"
2026-09-03T22:28:06.236+00:00,LEFT_400,400,"POSE,-21.4,1569.4,91.09,0"
2026-09-03T22:28:06.236+00:00,LEFT_400,400,"SYS,WAIT_START,0,1,8,MANUAL,RED,0"
2026-09-03T22:28:06.236+00:00,LEFT_400,400,"HDG,91.09,90.96,-0.13,1,1"
2026-09-03T22:28:06.236+00:00,LEFT_400,400,"TOF,460.0,0,170,-290.0"
2026-09-03T22:28:06.236+00:00,LEFT_400,400,"TOFI,0,0,0,1"
2026-09-03T22:28:06.236+00:00,LEFT_400,400,"AUTO,2,0,0,0,0,NONE,NONE,0,3"
2026-09-03T22:28:06.236+00:00,LEFT_400,400,"MOTION,1036206,1,0.00,400.00,0.0000,0.00,0.00"
2026-09-03T22:28:06.344+00:00,LEFT_400,400,"TEL,1036355,-71.67,80.48,82.17,-97.04,92.02,-0.402,0.0"
2026-09-03T22:28:06.345+00:00,LEFT_400,400,"WHEEL,FL,-65.91,-71.67,-52,-806"
2026-09-03T22:28:06.345+00:00,LEFT_400,400,"WHEEL,FR,65.91,80.48,44,1346"
2026-09-03T22:28:06.376+00:00,LEFT_400,400,"WHEEL,BL,86.88,82.17,54,2767"
2026-09-03T22:28:06.376+00:00,LEFT_400,400,"WHEEL,BR,-86.88,-97.04,-44,-602"
2026-09-03T22:28:06.376+00:00,LEFT_400,400,"POSE,-108.3,1567.0,92.02,0"
2026-09-03T22:28:06.377+00:00,LEFT_400,400,"SYS,WAIT_START,0,1,8,MANUAL,RED,0"
2026-09-03T22:28:06.408+00:00,LEFT_400,400,"HDG,92.02,90.96,-1.05,1,1"
2026-09-03T22:28:06.439+00:00,LEFT_400,400,"TOF,460.0,0,170,-290.0"
2026-09-03T22:28:06.439+00:00,LEFT_400,400,"TOFI,0,0,0,1"
2026-09-03T22:28:06.439+00:00,LEFT_400,400,"AUTO,2,0,0,0,0,NONE,NONE,0,3"
2026-09-03T22:28:06.439+00:00,LEFT_400,400,"MOTION,1036407,1,0.00,400.00,-0.1800,0.00,0.00"
2026-09-03T22:28:06.533+00:00,LEFT_400,400,"TEL,1036558,-80.26,84.39,85.82,-73.61,91.01,-0.402,0.0"
2026-09-03T22:28:06.533+00:00,LEFT_400,400,"WHEEL,FL,-76.39,-80.26,-55,-881"
2026-09-03T22:28:06.564+00:00,LEFT_400,400,"WHEEL,FR,76.39,84.39,52,1419"
2026-09-03T22:28:06.596+00:00,LEFT_400,400,"WHEEL,BL,76.39,85.82,40,2853"
2026-09-03T22:28:06.596+00:00,LEFT_400,400,"WHEEL,BR,-76.39,-73.61,-53,-671"
2026-09-03T22:28:06.596+00:00,LEFT_400,400,"POSE,-187.7,1569.4,91.15,0"
2026-09-03T22:28:06.596+00:00,LEFT_400,400,"SYS,WAIT_START,0,1,8,MANUAL,RED,0"
2026-09-03T22:28:06.627+00:00,LEFT_400,400,"HDG,91.01,90.96,-0.05,1,1"
2026-09-03T22:28:06.706+00:00,LEFT_400,400,"TOF,460.0,0,170,-290.0"
2026-09-03T22:28:06.707+00:00,LEFT_400,400,"TOFI,0,0,0,1"
2026-09-03T22:28:06.707+00:00,LEFT_400,400,"AUTO,2,0,0,0,0,NONE,NONE,0,3"
2026-09-03T22:28:06.707+00:00,LEFT_400,400,"MOTION,1036611,1,0.00,400.00,0.0000,0.00,0.00"
2026-09-03T22:28:06.737+00:00,LEFT_400,400,"TEL,1036758,-81.77,66.76,83.95,-78.90,91.12,-0.402,0.0"
2026-09-03T22:28:06.737+00:00,LEFT_400,400,"WHEEL,FL,-76.39,-81.77,-54,-960"
2026-09-03T22:28:06.815+00:00,LEFT_400,400,"WHEEL,FR,76.39,66.76,66,1491"
2026-09-03T22:28:06.815+00:00,LEFT_400,400,"WHEEL,BL,76.39,83.95,42,2927"
2026-09-03T22:28:06.815+00:00,LEFT_400,400,"WHEEL,BR,-76.39,-78.90,-49,-748"
2026-09-03T22:28:06.815+00:00,LEFT_400,400,"POSE,-266.7,1564.8,91.07,0"
2026-09-03T22:28:06.815+00:00,LEFT_400,400,"SYS,WAIT_START,0,1,8,MANUAL,RED,0"
2026-09-03T22:28:06.815+00:00,LEFT_400,400,"HDG,91.12,90.96,-0.15,1,1"
2026-09-03T22:28:06.846+00:00,LEFT_400,400,"TOF,460.0,0,170,-290.0"
2026-09-03T22:28:06.846+00:00,LEFT_400,400,"TOFI,0,0,0,1"
2026-09-03T22:28:06.847+00:00,LEFT_400,400,"AUTO,2,0,0,0,0,NONE,NONE,0,3"
2026-09-03T22:28:06.924+00:00,LEFT_400,400,"MOTION,1036811,1,0.00,400.00,0.0000,0.00,0.00"
2026-09-03T22:28:06.956+00:00,LEFT_400,400,"TEL,1036959,-70.98,71.72,85.52,-83.87,91.90,-0.402,0.0"
2026-09-03T22:28:06.956+00:00,LEFT_400,400,"WHEEL,FL,-65.91,-70.98,-51,-1039"
2026-09-03T22:28:06.956+00:00,LEFT_400,400,"WHEEL,FR,65.91,71.72,50,1583"
2026-09-03T22:28:06.986+00:00,LEFT_400,400,"WHEEL,BL,86.88,85.52,51,3005"
2026-09-03T22:28:06.986+00:00,LEFT_400,400,"WHEEL,BR,-86.88,-83.87,-55,-824"
2026-09-03T22:28:07.018+00:00,LEFT_400,400,"POSE,-351.9,1566.0,91.96,0"
2026-09-03T22:28:07.018+00:00,LEFT_400,400,"SYS,WAIT_START,0,1,8,MANUAL,RED,0"
2026-09-03T22:28:07.018+00:00,LEFT_400,400,"HDG,91.90,90.96,-0.93,1,1"
2026-09-03T22:28:07.049+00:00,LEFT_400,400,"TOF,460.0,0,170,-290.0"
2026-09-03T22:28:07.049+00:00,LEFT_400,400,"TOFI,0,0,0,1"
2026-09-03T22:28:07.049+00:00,LEFT_400,400,"AUTO,2,0,0,0,0,NONE,NONE,0,3"
2026-09-03T22:28:07.081+00:00,LEFT_400,400,"MOTION,1037012,1,0.00,400.00,-0.1800,0.00,0.00"
2026-09-03T22:28:07.159+00:00,LEFT_400,400,"TEL,1037159,-84.46,80.98,79.82,-89.11,90.90,-0.402,0.0"
2026-09-03T22:28:07.159+00:00,LEFT_400,400,"WHEEL,FL,-76.39,-84.46,-51,-1119"
2026-09-03T22:28:07.159+00:00,LEFT_400,400,"WHEEL,FR,76.39,80.98,54,1660"
2026-09-03T22:28:07.190+00:00,LEFT_400,400,"WHEEL,BL,76.39,79.82,45,3092"
2026-09-03T22:28:07.190+00:00,LEFT_400,400,"WHEEL,BR,-76.39,-89.11,-41,-909"
2026-09-03T22:28:07.221+00:00,REST,0,"564.3,90.92,0"
2026-09-03T22:28:07.221+00:00,REST,0,"SYS,WAIT_START,0,1,8,MANUAL,RED,0"
2026-09-03T22:28:07.221+00:00,REST,0,"HDG,90.90,90.96,0.06,1,1"
2026-09-03T22:28:07.253+00:00,REST,0,"TOF,460.0,0,170,-290.0"
2026-09-03T22:28:07.253+00:00,REST,0,"TOFI,0,0,0,1"
2026-09-03T22:28:07.253+00:00,REST,0,"AUTO,2,0,0,0,0,NONE,NONE,0,3"
2026-09-03T22:28:07.253+00:00,REST,0,"MOTION,1037212,1,0.00,400.00,0.0000,0.00,0.00"
2026-09-03T22:28:07.348+00:00,REST,0,"TEL,1037359,-57.46,76.92,98.28,-87.64,91.33,-0.402,0.0"
2026-09-03T22:28:07.349+00:00,REST,0,"WHEEL,FL,-77.34,-57.46,-73,-1189"
2026-09-03T22:28:07.380+00:00,REST,0,"WHEEL,FR,77.34,76.92,57,1738"
2026-09-03T22:28:07.380+00:00,REST,0,"WHEEL,BL,75.45,98.28,29,3176"
2026-09-03T22:28:07.380+00:00,REST,0,"WHEEL,BR,-75.45,-87.64,-41,-974"
2026-09-03T22:28:07.411+00:00,REST,0,"POSE,-515.9,1569.0,91.48,0"
2026-09-03T22:28:07.443+00:00,REST,0,"SYS,WAIT_START,0,1,8,MANUAL,RED,0"
2026-09-03T22:28:07.443+00:00,REST,0,"HDG,91.33,90.96,-0.36,1,1"
2026-09-03T22:28:07.443+00:00,REST,0,"TOF,460.0,0,170,-290.0"
2026-09-03T22:28:07.443+00:00,REST,0,"TOFI,0,0,0,1"
2026-09-03T22:28:07.443+00:00,REST,0,"AUTO,2,0,0,0,0,NONE,NONE,0,3"
2026-09-03T22:28:07.475+00:00,REST,0,"MOTION,1037412,1,0.00,400.00,0.0162,0.00,0.00"
2026-09-03T22:28:07.537+00:00,REST,0,"TEL,1037559,-58.87,22.21,16.18,-17.35,95.09,-0.402,0.0"
2026-09-03T22:28:07.537+00:00,REST,0,"WHEEL,FL,0.00,-58.87,0,-1271"
2026-09-03T22:28:07.568+00:00,REST,0,"WHEEL,FR,0.00,22.21,0,1801"
2026-09-03T22:28:07.568+00:00,REST,0,"WHEEL,BL,0.00,16.18,0,3209"
2026-09-03T22:28:07.647+00:00,REST,0,"WHEEL,BR,0.00,-17.35,0,-1011"
2026-09-03T22:28:07.647+00:00,REST,0,"POSE,-571.8,1560.5,94.81,0"
2026-09-03T22:28:07.647+00:00,REST,0,"SYS,WAIT_START,0,1,8,MANUAL,RED,0"
2026-09-03T22:28:07.647+00:00,REST,0,"HDG,95.09,90.96,-4.13,1,1"
2026-09-03T22:28:07.647+00:00,REST,0,"TOF,454.0,1,170,-284.0"
2026-09-03T22:28:07.647+00:00,REST,0,"TOFI,0,0,0,1"
2026-09-03T22:28:07.647+00:00,REST,0,"AUTO,2,0,0,0,0,NONE,NONE,0,3"
2026-09-03T22:28:07.679+00:00,REST,0,"MOTION,1037610,0,0.00,0.00,0.0000,0.00,0.00"
2026-09-03T22:28:07.755+00:00,REST,0,"TEL,1037760,2.58,0.75,1.88,-0.36,96.07,-0.402,0.0"
2026-09-03T22:28:07.755+00:00,REST,0,"WHEEL,FL,0.00,2.58,0,-1279"
2026-09-03T22:28:07.755+00:00,REST,0,"WHEEL,FR,0.00,0.75,0,1814"
2026-09-03T22:28:07.755+00:00,REST,0,"WHEEL,BL,0.00,1.88,0,3213"
2026-09-03T22:28:07.787+00:00,REST,0,"WHEEL,BR,0.00,-0.36,0,-1011"
2026-09-03T22:28:07.787+00:00,REST,0,"POSE,-578.5,1562.2,96.10,0"
2026-09-03T22:28:07.865+00:00,REST,0,"SYS,WAIT_START,0,1,8,MANUAL,RED,0"
2026-09-03T22:28:07.865+00:00,REST,0,"HDG,96.07,90.96,-5.10,1,1"
2026-09-03T22:28:07.865+00:00,REST,0,"TOF,334.0,1,170,-164.0"
2026-09-03T22:28:07.865+00:00,REST,0,"TOFI,0,0,0,1"
2026-09-03T22:28:07.865+00:00,REST,0,"AUTO,2,0,0,0,0,NONE,NONE,0,3"
2026-09-03T22:28:07.865+00:00,REST,0,"MOTION,1037809,0,0.00,0.00,0.0000,0.00,0.00"
2026-09-03T22:28:07.976+00:00,REST,0,"TEL,1037961,0.03,0.01,0.03,-0.00,96.04,-0.402,0.0"
2026-09-03T22:28:07.976+00:00,REST,0,"WHEEL,FL,0.00,0.03,0,-1279"
2026-09-03T22:28:07.976+00:00,REST,0,"WHEEL,FR,0.00,0.01,0,1814"
2026-09-03T22:28:07.976+00:00,REST,0,"WHEEL,BL,0.00,0.03,0,3213"
2026-09-03T22:28:07.976+00:00,REST,0,"WHEEL,BR,0.00,-0.00,0,-1011"
2026-09-03T22:28:07.976+00:00,REST,0,"POSE,-578.5,1562.2,96.04,0"
2026-09-03T22:28:08.007+00:00,REST,0,"SYS,WAIT_START,0,1,8,MANUAL,RED,0"
2026-09-03T22:28:08.039+00:00,RIGHT_400,-400,"7,1,1"
2026-09-03T22:28:08.039+00:00,RIGHT_400,-400,"TOF,320.0,1,170,-150.0"
2026-09-03T22:28:08.039+00:00,RIGHT_400,-400,"TOFI,0,0,0,1"
2026-09-03T22:28:08.039+00:00,RIGHT_400,-400,"AUTO,2,0,0,0,0,NONE,NONE,0,3"
2026-09-03T22:28:08.071+00:00,RIGHT_400,-400,"MOTION,1038010,0,0.00,0.00,0.0000,0.00,0.00"
2026-09-03T22:28:08.132+00:00,RIGHT_400,-400,"TEL,1038161,0.00,0.00,0.00,-0.00,96.03,-0.402,0.0"
2026-09-03T22:28:08.133+00:00,RIGHT_400,-400,"WHEEL,FL,0.00,0.00,0,-1279"
2026-09-03T22:28:08.163+00:00,RIGHT_400,-400,"WHEEL,FR,0.00,0.00,0,1814"
2026-09-03T22:28:08.163+00:00,RIGHT_400,-400,"WHEEL,BL,0.00,0.00,0,3213"
2026-09-03T22:28:08.195+00:00,RIGHT_400,-400,"WHEEL,BR,0.00,-0.00,0,-1011"
2026-09-03T22:28:08.195+00:00,RIGHT_400,-400,"POSE,-578.5,1562.2,96.03,0"
2026-09-03T22:28:08.195+00:00,RIGHT_400,-400,"SYS,WAIT_START,0,1,8,MANUAL,RED,0"
2026-09-03T22:28:08.226+00:00,RIGHT_400,-400,"HDG,96.03,90.96,-5.07,1,1"
2026-09-03T22:28:08.226+00:00,RIGHT_400,-400,"TOF,321.0,1,170,-151.0"
2026-09-03T22:28:08.226+00:00,RIGHT_400,-400,"TOFI,0,0,0,1"
2026-09-03T22:28:08.257+00:00,RIGHT_400,-400,"AUTO,2,0,0,0,0,NONE,NONE,0,3"
2026-09-03T22:28:08.257+00:00,RIGHT_400,-400,"MOTION,1038210,0,0.00,0.00,0.0000,0.00,0.00"
2026-09-03T22:28:08.337+00:00,RIGHT_400,-400,"TEL,1038362,73.57,-98.53,-32.22,51.26,95.60,-0.402,0.0"
2026-09-03T22:28:08.337+00:00,RIGHT_400,-400,"WHEEL,FL,102.98,73.57,89,-1224"
2026-09-03T22:28:08.367+00:00,RIGHT_400,-400,"WHEEL,FR,-102.98,-98.53,-69,1733"
2026-09-03T22:28:08.445+00:00,RIGHT_400,-400,"WHEEL,BL,-49.80,-32.22,-58,3189"
2026-09-03T22:28:08.445+00:00,RIGHT_400,-400,"WHEEL,BR,49.80,51.26,43,-978"
2026-09-03T22:28:08.445+00:00,RIGHT_400,-400,"POSE,-527.8,1562.8,95.60,0"
2026-09-03T22:28:08.445+00:00,RIGHT_400,-400,"SYS,WAIT_START,0,1,8,MANUAL,RED,0"
2026-09-03T22:28:08.445+00:00,RIGHT_400,-400,"HDG,95.60,90.96,-4.63,1,1"
2026-09-03T22:28:08.445+00:00,RIGHT_400,-400,"TOF,325.0,1,170,-155.0"
2026-09-03T22:28:08.445+00:00,RIGHT_400,-400,"TOFI,0,0,0,1"
2026-09-03T22:28:08.445+00:00,RIGHT_400,-400,"AUTO,2,0,0,0,0,NONE,NONE,0,3"
2026-09-03T22:28:08.477+00:00,RIGHT_400,-400,"MOTION,1038415,1,0.00,-400.00,-0.4565,0.00,0.00"
2026-09-03T22:28:08.540+00:00,RIGHT_400,-400,"TEL,1038566,97.05,-81.41,-51.11,75.16,91.89,-0.402,0.0"
2026-09-03T22:28:08.540+00:00,RIGHT_400,-400,"WHEEL,FL,86.88,97.05,54,-1111"
2026-09-03T22:28:08.571+00:00,RIGHT_400,-400,"WHEEL,FR,-86.88,-81.41,-66,1647"
2026-09-03T22:28:08.603+00:00,RIGHT_400,-400,"WHEEL,BL,-65.91,-51.11,-59,3123"
2026-09-03T22:28:08.603+00:00,RIGHT_400,-400,"WHEEL,BR,65.91,75.16,39,-904"
2026-09-03T22:28:08.603+00:00,RIGHT_400,-400,"POSE,-439.7,1576.8,91.96,0"
2026-09-03T22:28:08.682+00:00,RIGHT_400,-400,"SYS,WAIT_START,0,1,8,MANUAL,RED,0"
2026-09-03T22:28:08.682+00:00,RIGHT_400,-400,"HDG,91.89,90.96,-0.93,1,1"
2026-09-03T22:28:08.682+00:00,RIGHT_400,-400,"TOF,325.0,1,170,-155.0"
2026-09-03T22:28:08.682+00:00,RIGHT_400,-400,"TOFI,0,0,0,1"
2026-09-03T22:28:08.682+00:00,RIGHT_400,-400,"AUTO,2,0,0,0,0,NONE,NONE,0,3"
2026-09-03T22:28:08.682+00:00,RIGHT_400,-400,"MOTION,1038619,1,0.00,-400.00,-0.1800,0.00,0.00"
2026-09-03T22:28:08.793+00:00,RIGHT_400,-400,"TEL,1038781,75.46,-82.24,-75.68,80.01,90.87,-0.402,0.0"
2026-09-03T22:28:08.793+00:00,RIGHT_400,-400,"WHEEL,FL,76.39,75.46,60,-1021"
2026-09-03T22:28:08.793+00:00,RIGHT_400,-400,"WHEEL,FR,-76.39,-82.24,-54,1553"
2026-09-03T22:28:08.793+00:00,RIGHT_400,-400,"WHEEL,BL,-76.39,-75.68,-51,3037"
2026-09-03T22:28:08.793+00:00,RIGHT_400,-400,"WHEEL,BR,76.39,80.01,46,-824"
2026-09-03T22:28:08.824+00:00,RIGHT_400,-400,"POSE,-348.1,1575.5,90.87,0"
2026-09-03T22:28:08.901+00:00,RIGHT_400,-400,"SYS,WAIT_START,0,1,8,MANUAL,RED,0"
2026-09-03T22:28:08.901+00:00,RIGHT_400,-400,"HDG,90.87,90.96,0.10,1,1"
2026-09-03T22:28:08.901+00:00,RIGHT_400,-400,"TOF,339.0,1,170,-169.0"
2026-09-03T22:28:08.901+00:00,RIGHT_400,-400,"TOFI,0,0,0,1"
2026-09-03T22:28:08.901+00:00,RIGHT_400,-400,"AUTO,2,0,0,0,0,NONE,NONE,0,3"
2026-09-03T22:28:08.901+00:00,RIGHT_400,-400,"MOTION,1038834,1,0.00,-400.00,0.0000,0.00,0.00"
2026-09-03T22:28:09.011+00:00,RIGHT_400,-400,"TEL,1038987,79.54,-90.21,-63.48,83.77,90.67,-0.402,0.0"
2026-09-03T22:28:09.011+00:00,RIGHT_400,-400,"WHEEL,FL,76.39,79.54,57,-941"
2026-09-03T22:28:09.011+00:00,RIGHT_400,-400,"WHEEL,FR,-76.39,-90.21,-48,1470"
2026-09-03T22:28:09.011+00:00,RIGHT_400,-400,"WHEEL,BL,-76.39,-63.48,-60,2969"
2026-09-03T22:28:09.011+00:00,RIGHT_400,-400,"WHEEL,BR,76.39,83.77,43,-744"
2026-09-03T22:28:09.041+00:00,RIGHT_400,-400,"POSE,-266.7,1579.1,90.62,0"
2026-09-03T22:28:09.041+00:00,RIGHT_400,-400,"SYS,WAIT_START,0,1,8,MANUAL,RED,0"
2026-09-03T22:28:09.041+00:00,RIGHT_400,-400,"HDG,90.67,90.96,0.30,1,1"
2026-09-03T22:28:09.073+00:00,RIGHT_400,-400,"TOF,339.0,1,170,-169.0"
2026-09-03T22:28:09.073+00:00,RIGHT_400,-400,"TOFI,0,0,0,1"
2026-09-03T22:28:09.073+00:00,RIGHT_400,-400,"AUTO,2,0,0,0,0,NONE,NONE,0,3"
2026-09-03T22:28:09.073+00:00,RIGHT_400,-400,"MOTION,1039040,1,0.00,-400.00,0.0000,0.00,0.00"
2026-09-03T22:28:09.168+00:00,RIGHT_400,-400,"TEL,1039187,76.44,-76.38,-73.80,78.43,91.48,-0.402,0.0"
2026-09-03T22:28:09.168+00:00,RIGHT_400,-400,"WHEEL,FL,76.39,76.44,60,-867"
2026-09-03T22:28:09.199+00:00,RIGHT_400,-400,"WHEEL,FR,-76.39,-76.38,-59,1399"
2026-09-03T22:28:09.199+00:00,RIGHT_400,-400,"WHEEL,BL,-76.39,-73.80,-53,2889"
2026-09-03T22:28:09.199+00:00,RIGHT_400,-400,"WHEEL,BR,76.39,78.43,47,-664"
2026-09-03T22:28:09.231+00:00,RIGHT_400,-400,"POSE,-186.9,1581.4,91.46,0"
2026-09-03T22:28:09.231+00:00,RIGHT_400,-400,"SYS,WAIT_START,0,1,8,MANUAL,RED,0"
2026-09-03T22:28:09.261+00:00,RIGHT_400,-400,"HDG,91.48,90.96,-0.52,1,1"
2026-09-03T22:28:09.261+00:00,RIGHT_400,-400,"TOF,339.0,1,170,-169.0"
2026-09-03T22:28:09.261+00:00,RIGHT_400,-400,"TOFI,0,0,0,1"
2026-09-03T22:28:09.261+00:00,RIGHT_400,-400,"AUTO,2,0,0,0,0,NONE,NONE,0,3"
2026-09-03T22:28:09.291+00:00,RIGHT_400,-400,"MOTION,1039240,1,0.00,-400.00,0.0000,0.00,0.00"
2026-09-03T22:28:09.370+00:00,RIGHT_400,-400,"TEL,1039387,81.73,-84.05,-79.61,86.49,91.26,-0.402,0.0"
2026-09-03T22:28:09.370+00:00,RIGHT_400,-400,"WHEEL,FL,76.39,81.73,56,-782"
2026-09-03T22:28:09.401+00:00,RIGHT_400,-400,"WHEEL,FR,-76.39,-84.05,-53,1310"
2026-09-03T22:28:09.402+00:00,RIGHT_400,-400,"WHEEL,BL,-76.39,-79.61,-48,2819"
2026-09-03T22:28:09.402+00:00,RIGHT_400,-400,"WHEEL,BR,76.39,86.49,40,-579"
2026-09-03T22:28:09.433+00:00,RIGHT_400,-400,"POSE,-100.8,1586.4,91.26,0"
2026-09-03T22:28:09.433+00:00,RIGHT_400,-400,"SYS,WAIT_START,0,1,8,MANUAL,RED,0"
2026-09-03T22:28:09.463+00:00,RIGHT_400,-400,"HDG,91.26,90.96,-0.29,1,1"
2026-09-03T22:28:09.463+00:00,RIGHT_400,-400,"TOF,339.0,1,170,-169.0"
2026-09-03T22:28:09.463+00:00,RIGHT_400,-400,"TOFI,0,0,0,1"
2026-09-03T22:28:09.463+00:00,RIGHT_400,-400,"AUTO,2,0,0,0,0,NONE,NONE,0,3"
2026-09-03T22:28:09.495+00:00,RIGHT_400,-400,"MOTION,1039440,1,0.00,-400.00,0.0000,0.00,0.00"
2026-09-03T22:28:09.604+00:00,RIGHT_400,-400,"TEL,1039587,67.98,-94.79,-77.36,72.99,91.20,-0.402,0.0"
2026-09-03T22:28:09.604+00:00,RIGHT_400,-400,"WHEEL,FL,76.39,67.98,67,-710"
2026-09-03T22:28:09.604+00:00,RIGHT_400,-400,"WHEEL,FR,-76.39,-94.79,-44,1228"
2026-09-03T22:28:09.604+00:00,RIGHT_400,-400,"WHEEL,BL,-76.39,-77.36,-50,2759"
2026-09-03T22:28:09.604+00:00,RIGHT_400,-400,"WHEEL,BR,76.39,72.99,50,-512"
2026-09-03T22:28:09.636+00:00,RIGHT_400,-400,"POSE,-27.3,1587.6,91.20,0"
2026-09-03T22:28:09.636+00:00,RIGHT_400,-400,"SYS,WAIT_START,0,1,8,MANUAL,RED,0"
2026-09-03T22:28:09.636+00:00,RIGHT_400,-400,"HDG,91.20,90.96,-0.24,1,1"
2026-09-03T22:28:09.716+00:00,RIGHT_400,-400,"TOF,339.0,1,170,-169.0"
2026-09-03T22:28:09.716+00:00,RIGHT_400,-400,"TOFI,0,0,0,1"
2026-09-03T22:28:09.716+00:00,RIGHT_400,-400,"AUTO,2,0,0,0,0,NONE,NONE,0,3"
2026-09-03T22:28:09.716+00:00,RIGHT_400,-400,"MOTION,1039639,1,0.00,-400.00,0.0000,0.00,0.00"
2026-09-03T22:28:09.826+00:00,RIGHT_400,-400,"TEL,1039787,78.83,-78.30,-65.20,78.20,91.10,-0.402,0.0"
2026-09-03T22:28:09.826+00:00,RIGHT_400,-400,"WHEEL,FL,76.39,78.83,58,-624"
2026-09-03T22:28:09.826+00:00,RIGHT_400,-400,"WHEEL,FR,-76.39,-78.30,-57,1166"
2026-09-03T22:28:09.826+00:00,RIGHT_400,-400,"WHEEL,BL,-76.39,-65.20,-60,2695"
2026-09-03T22:28:09.826+00:00,RIGHT_400,-400,"WHEEL,BR,76.39,78.20,46,-429"
2026-09-03T22:28:09.826+00:00,RIGHT_400,-400,"POSE,49.7,1600.5,91.10,0"
2026-09-03T22:28:09.826+00:00,RIGHT_400,-400,"SYS,WAIT_START,0,1,8,MANUAL,RED,0"
2026-09-03T22:28:09.857+00:00,RIGHT_400,-400,"HDG,91.10,90.96,-0.14,1,1"
2026-09-03T22:28:09.857+00:00,RIGHT_400,-400,"TOF,339.0,1,170,-169.0"
2026-09-03T22:28:09.858+00:00,RIGHT_400,-400,"TOFI,0,0,0,1"
2026-09-03T22:28:09.858+00:00,RIGHT_400,-400,"AUTO,2,0,0,0,0,NONE,NONE,0,3"
2026-09-03T22:28:09.936+00:00,RIGHT_400,-400,"MOTION,1039840,1,0.00,-400.00,0.0000,0.00,0.00"
2026-09-03T22:28:09.967+00:00,RIGHT_400,-400,"TEL,1039987,74.82,-74.64,-85.34,73.06,90.46,-0.402,0.0"
2026-09-03T22:28:09.967+00:00,RIGHT_400,-400,"WHEEL,FL,63.68,74.82,49,-543"
2026-09-03T22:28:10.046+00:00,RIGHT_400,-400,"WHEEL,FR,-63.68,-74.64,-47,1087"
2026-09-03T22:28:10.046+00:00,RIGHT_400,-400,"WHEEL,BL,-89.11,-85.34,-56,2613"
2026-09-03T22:28:10.046+00:00,RIGHT_400,-400,"WHEEL,BR,89.11,73.06,62,-352"
2026-09-03T22:28:10.046+00:00,RIGHT_400,-400,"POSE,133.2,1600.6,90.46,0"
2026-09-03T22:28:10.046+00:00,RIGHT_400,-400,"SYS,WAIT_START,0,1,8,MANUAL,RED,0"
2026-09-03T22:28:10.046+00:00,RIGHT_400,-400,"HDG,90.46,90.96,0.51,1,1"
2026-09-03T22:28:10.046+00:00,RIGHT_400,-400,"TOF,339.0,1,170,-169.0"
2026-09-03T22:28:10.077+00:00,REST,0,"TOFI,0,0,0,1"
2026-09-03T22:28:10.077+00:00,REST,0,"AUTO,2,0,0,0,0,NONE,NONE,0,3"
2026-09-03T22:28:10.077+00:00,REST,0,"MOTION,1040040,1,0.00,-400.00,0.2183,0.00,0.00"
2026-09-03T22:28:10.171+00:00,REST,0,"TEL,1040187,78.71,-83.58,-61.40,68.30,91.71,-0.402,0.0"
2026-09-03T22:28:10.171+00:00,REST,0,"WHEEL,FL,86.88,78.71,68,-471"
2026-09-03T22:28:10.203+00:00,REST,0,"WHEEL,FR,-86.88,-83.58,-64,1013"
2026-09-03T22:28:10.203+00:00,REST,0,"WHEEL,BL,-65.91,-61.40,-52,2537"
2026-09-03T22:28:10.203+00:00,REST,0,"WHEEL,BR,65.91,68.30,43,-259"
2026-09-03T22:28:10.235+00:00,REST,0,"POSE,215.6,1606.6,91.71,0"
2026-09-03T22:28:10.235+00:00,REST,0,"SYS,WAIT_START,0,1,8,MANUAL,RED,0"
2026-09-03T22:28:10.235+00:00,REST,0,"HDG,91.71,90.96,-0.74,1,1"
2026-09-03T22:28:10.267+00:00,REST,0,"TOF,339.0,1,170,-169.0"
2026-09-03T22:28:10.267+00:00,REST,0,"TOFI,0,0,0,1"
2026-09-03T22:28:10.267+00:00,REST,0,"AUTO,2,0,0,0,0,NONE,NONE,0,3"
2026-09-03T22:28:10.298+00:00,REST,0,"MOTION,1040239,1,0.00,-400.00,-0.1800,0.00,0.00"
2026-09-03T22:28:10.376+00:00,REST,0,"TEL,1040387,27.52,-28.23,-5.01,30.44,89.81,-0.402,0.0"
2026-09-03T22:28:10.376+00:00,REST,0,"WHEEL,FL,0.00,27.52,0,-406"
2026-09-03T22:28:10.376+00:00,REST,0,"WHEEL,FR,0.00,-28.23,0,946"
2026-09-03T22:28:10.376+00:00,REST,0,"WHEEL,BL,0.00,-5.01,0,2501"
2026-09-03T22:28:10.408+00:00,REST,0,"WHEEL,BR,0.00,30.44,0,-216"
2026-09-03T22:28:10.408+00:00,REST,0,"POSE,270.8,1608.2,89.81,0"
2026-09-03T22:28:10.439+00:00,REST,0,"SYS,WAIT_START,0,1,8,MANUAL,RED,0"
2026-09-03T22:28:10.439+00:00,REST,0,"HDG,89.81,90.96,1.16,1,1"
2026-09-03T22:28:10.439+00:00,REST,0,"TOF,339.0,0,170,-169.0"
2026-09-03T22:28:10.439+00:00,REST,0,"TOFI,0,0,0,1"
2026-09-03T22:28:10.470+00:00,REST,0,"AUTO,2,0,0,0,0,NONE,NONE,0,3"
2026-09-03T22:28:10.470+00:00,REST,0,"MOTION,1040437,0,0.00,0.00,0.0000,0.00,0.00"
2026-09-03T22:28:10.612+00:00,REST,0,"TEL,1040587,0.62,-3.23,-0.10,-0.55,89.72,-0.402,0.0"
2026-09-03T22:28:10.612+00:00,REST,0,"WHEEL,FL,0.00,0.62,0,-404"
2026-09-03T22:28:10.612+00:00,REST,0,"WHEEL,FR,0.00,-3.23,0,942"
2026-09-03T22:28:10.612+00:00,REST,0,"WHEEL,BL,0.00,-0.10,0,2501"
2026-09-03T22:28:10.612+00:00,REST,0,"WHEEL,BR,0.00,-0.55,0,-215"
2026-09-03T22:28:10.612+00:00,REST,0,"POSE,272.7,1608.0,89.73,0"
2026-09-03T22:28:10.644+00:00,REST,0,"SYS,WAIT_START,0,1,8,MANUAL,RED,0"
2026-09-03T22:28:10.644+00:00,REST,0,"HDG,89.72,90.96,1.25,1,1"
2026-09-03T22:28:10.644+00:00,REST,0,"TOF,339.0,0,170,-169.0"
2026-09-03T22:28:10.644+00:00,REST,0,"TOFI,0,0,0,1"
2026-09-03T22:28:10.676+00:00,REST,0,"AUTO,2,0,0,0,0,NONE,NONE,0,3"
2026-09-03T22:28:10.676+00:00,REST,0,"MOTION,1040636,0,0.00,0.00,0.0000,0.00,0.00"
2026-09-03T22:28:10.771+00:00,REST,0,"TEL,1040787,0.01,-0.04,-0.00,-0.01,89.75,-0.402,0.0"
2026-09-03T22:28:10.771+00:00,REST,0,"WHEEL,FL,0.00,0.01,0,-404"
2026-09-03T22:28:10.849+00:00,REST,0,"WHEEL,FR,0.00,-0.04,0,942"
2026-09-03T22:28:10.849+00:00,REST,0,"WHEEL,BL,0.00,-0.00,0,2501"
2026-09-03T22:28:10.849+00:00,REST,0,"WHEEL,BR,0.00,-0.01,0,-215"
2026-09-03T22:28:10.849+00:00,REST,0,"POSE,272.7,1608.0,89.75,0"
2026-09-03T22:28:10.849+00:00,REST,0,"SYS,WAIT_START,0,1,8,MANUAL,RED,0"
2026-09-03T22:28:10.849+00:00,REST,0,"HDG,89.75,90.96,1.21,1,1"
2026-09-03T22:28:10.849+00:00,REST,0,"TOF,418.0,1,170,-248.0"
2026-09-03T22:28:10.849+00:00,REST,0,"TOFI,0,0,0,1"
