pc_time_iso,phase,command_vy_mm_s,telemetry
2026-09-03T22:30:59.760+00:00,LEFT_100,100,941
2026-09-03T22:30:59.760+00:00,LEFT_100,100,"WHEEL,BL,0.00,0.00,0,2501"
2026-09-03T22:30:59.760+00:00,LEFT_100,100,"WHEEL,BR,0.00,0.00,0,-216"
2026-09-03T22:30:59.761+00:00,LEFT_100,100,"POSE,272.4,1607.2,89.84,0"
2026-09-03T22:30:59.761+00:00,LEFT_100,100,"SYS,WAIT_START,0,0,0,MANUAL,RED,0"
2026-09-03T22:30:59.761+00:00,LEFT_100,100,"HDG,89.84,90.96,1.12,1,1"
2026-09-03T22:30:59.761+00:00,LEFT_100,100,"TOF,431.0,1,170,-261.0"
2026-09-03T22:30:59.761+00:00,LEFT_100,100,"TOFI,0,0,0,1"
2026-09-03T22:30:59.761+00:00,LEFT_100,100,"AUTO,2,0,0,0,0,NONE,NONE,0,3"
2026-09-03T22:30:59.761+00:00,LEFT_100,100,"MOTION,1208627,0,0.00,0.00,0.0000,0.00,0.00"
2026-09-03T22:30:59.763+00:00,LEFT_100,100,"ACK,RESET"
2026-09-03T22:30:59.763+00:00,LEFT_100,100,"STATE,WAIT_START"
2026-09-03T22:30:59.763+00:00,LEFT_100,100,"TEL,1208779,0.00,0.00,0.00,0.00,89.84,-0.402,0.0"
2026-09-03T22:30:59.763+00:00,LEFT_100,100,"WHEEL,FL,0.00,0.00,0,-405"
2026-09-03T22:30:59.763+00:00,LEFT_100,100,"WHEEL,FR,0.00,0.00,0,941"
2026-09-03T22:30:59.763+00:00,LEFT_100,100,"WHEEL,BL,0.00,0.00,0,2501"
2026-09-03T22:30:59.763+00:00,LEFT_100,100,"WHEEL,BR,0.00,0.00,0,-216"
2026-09-03T22:30:59.763+00:00,LEFT_100,100,"POSE,272.4,1607.2,89.84,0"
2026-09-03T22:30:59.763+00:00,LEFT_100,100,"SYS,WAIT_START,0,0,0,MANUAL,RED,0"
2026-09-03T22:30:59.763+00:00,LEFT_100,100,"HDG,89.84,90.96,1.12,1,1"
2026-09-03T22:30:59.763+00:00,LEFT_100,100,"TOF,452.0,1,170,-282.0"
2026-09-03T22:30:59.763+00:00,LEFT_100,100,"TOFI,0,0,0,1"
2026-09-03T22:30:59.763+00:00,LEFT_100,100,"AUTO,2,0,0,0,0,NONE,NONE,0,3"
2026-09-03T22:30:59.763+00:00,LEFT_100,100,"MOTION,1208827,0,0.00,0.00,0.0000,0.00,0.00"
2026-09-03T22:30:59.763+00:00,LEFT_100,100,"TEL,1208979,0.00,0.00,0.00,0.00,89.84,-0.402,0.0"
2026-09-03T22:30:59.763+00:00,LEFT_100,100,"WHEEL,FL,0.00,0.00,0,-405"
2026-09-03T22:30:59.763+00:00,LEFT_100,100,"WHEEL,FR,0.00,0.00,0,941"
2026-09-03T22:30:59.763+00:00,LEFT_100,100,"WHEEL,BL,0.00,0.00,0,2501"
2026-09-03T22:30:59.763+00:00,LEFT_100,100,"WHEEL,BR,0.00,0.00,0,-216"
2026-09-03T22:30:59.763+00:00,LEFT_100,100,"POSE,272.4,1607.2,89.84,0"
2026-09-03T22:30:59.763+00:00,LEFT_100,100,"SYS,WAIT_START,0,0,0,MANUAL,RED,0"
2026-09-03T22:30:59.763+00:00,LEFT_100,100,"HDG,89.84,90.96,1.12,1,1"
2026-09-03T22:30:59.763+00:00,LEFT_100,100,"TOF,452.0,1,170,-282.0"
2026-09-03T22:30:59.764+00:00,LEFT_100,100,"TOFI,0,0,0,1"
2026-09-03T22:30:59.764+00:00,LEFT_100,100,"AUTO,2,0,0,0,0,NONE,NONE,0,3"
2026-09-03T22:30:59.764+00:00,LEFT_100,100,"MOTION,1209027,0,0.00,0.00,0.0000,0.00,0.00"
2026-09-03T22:30:59.764+00:00,LEFT_100,100,"STATE,WAIT_START"
2026-09-03T22:30:59.764+00:00,LEFT_100,100,"ACK,MODE,MANUAL"
2026-09-03T22:30:59.764+00:00,LEFT_100,100,"TEL,1209180,0.00,0.00,0.00,0.00,89.85,-0.402,0.0"
2026-09-03T22:30:59.764+00:00,LEFT_100,100,"WHEEL,FL,0.00,0.00,0,-405"
2026-09-03T22:30:59.764+00:00,LEFT_100,100,"WHEEL,FR,0.00,0.00,0,941"
2026-09-03T22:30:59.764+00:00,LEFT_100,100,"WHEEL,BL,0.00,0.00,0,2501"
2026-09-03T22:30:59.764+00:00,LEFT_100,100,"WHEEL,BR,0.00,0.00,0,-216"
2026-09-03T22:30:59.764+00:00,LEFT_100,100,"POSE,272.4,1607.2,89.84,0"
2026-09-03T22:30:59.764+00:00,LEFT_100,100,"SYS,WAIT_START,0,0,0,MANUAL,RED,0"
2026-09-03T22:30:59.764+00:00,LEFT_100,100,"HDG,89.85,90.96,1.11,1,1"
2026-09-03T22:30:59.764+00:00,LEFT_100,100,"TOF,452.0,1,170,-282.0"
2026-09-03T22:30:59.764+00:00,LEFT_100,100,"TOFI,0,0,0,1"
2026-09-03T22:30:59.764+00:00,LEFT_100,100,"AUTO,2,0,0,0,0,NONE,NONE,0,3"
2026-09-03T22:30:59.764+00:00,LEFT_100,100,"MOTION,1209228,0,0.00,0.00,0.0000,0.00,0.00"
2026-09-03T22:30:59.764+00:00,LEFT_100,100,"ERR,UNKNOWN_COMMAND"
2026-09-03T22:30:59.764+00:00,LEFT_100,100,"TEL,1209381,0.00,0.00,0.00,0.00,89.85,-0.402,0.0"
2026-09-03T22:30:59.764+00:00,LEFT_100,100,"WHEEL,FL,0.00,0.00,0,-405"
2026-09-03T22:30:59.764+00:00,LEFT_100,100,"WHEEL,FR,0.00,0.00,0,941"
2026-09-03T22:30:59.764+00:00,LEFT_100,100,"WHEEL,BL,0.00,0.00,0,2501"
2026-09-03T22:30:59.764+00:00,LEFT_100,100,"WHEEL,BR,0.00,0.00,0,-216"
2026-09-03T22:30:59.764+00:00,LEFT_100,100,"POSE,272.4,1607.2,89.85,0"
2026-09-03T22:30:59.764+00:00,LEFT_100,100,"SYS,WAIT_START,0,0,0,MANUAL,RED,0"
2026-09-03T22:30:59.764+00:00,LEFT_100,100,"HDG,89.85,90.96,1.11,1,1"
2026-09-03T22:30:59.764+00:00,LEFT_100,100,"TOF,452.0,1,170,-282.0"
2026-09-03T22:30:59.764+00:00,LEFT_100,100,"TOFI,0,0,0,1"
2026-09-03T22:30:59.764+00:00,LEFT_100,100,"AUTO,2,0,0,0,0,NONE,NONE,0,3"
2026-09-03T22:30:59.764+00:00,LEFT_100,100,"MOTION,1209429,0,0.00,0.00,0.0000,0.00,0.00"
2026-09-03T22:30:59.764+00:00,LEFT_100,100,"ERR,UNKNOWN_COMMAND"
2026-09-03T22:30:59.764+00:00,LEFT_100,100,"TEL,1209581,0.00,0.00,0.00,0.00,89.84,-0.402,0.0"
2026-09-03T22:30:59.764+00:00,LEFT_100,100,"WHEEL,FL,0.00,0.00,0,-405"
2026-09-03T22:30:59.764+00:00,LEFT_100,100,"WHEEL,FR,0.00,0.00,0,941"
2026-09-03T22:30:59.764+00:00,LEFT_100,100,"WHEEL,BL,0.00,0.00,0,2501"
2026-09-03T22:30:59.764+00:00,LEFT_100,100,"WHEEL,BR,0.00,0.00,0,-216"
2026-09-03T22:30:59.764+00:00,LEFT_100,100,"POSE,272.4,1607.2,89.84,0"
2026-09-03T22:30:59.764+00:00,LEFT_100,100,"SYS,WAIT_START,0,0,0,MANUAL,RED,0"
2026-09-03T22:30:59.764+00:00,LEFT_100,100,"HDG,89.84,90.96,1.12,1,1"
2026-09-03T22:30:59.791+00:00,LEFT_100,100,"TOF,452.0,1,170,-282.0"
2026-09-03T22:30:59.791+00:00,LEFT_100,100,"TOFI,0,0,0,1"
2026-09-03T22:30:59.791+00:00,LEFT_100,100,"AUTO,2,0,0,0,0,NONE,NONE,0,3"
2026-09-03T22:30:59.791+00:00,LEFT_100,100,"MOTION,1209629,0,0.00,0.00,0.0000,0.00,0.00"
2026-09-03T22:30:59.791+00:00,LEFT_100,100,"ERR,UNKNOWN_COMMAND"
2026-09-03T22:30:59.791+00:00,LEFT_100,100,"ERR,UNKNOWN_COMMAND"
2026-09-03T22:30:59.791+00:00,LEFT_100,100,"TEL,1209781,0.00,0.00,0.00,0.00,89.84,-0.402,0.0"
2026-09-03T22:30:59.791+00:00,LEFT_100,100,"WHEEL,FL,0.00,0.00,0,-405"
2026-09-03T22:30:59.791+00:00,LEFT_100,100,"WHEEL,FR,0.00,0.00,0,941"
2026-09-03T22:30:59.791+00:00,LEFT_100,100,"WHEEL,BL,0.00,0.00,0,2501"
2026-09-03T22:30:59.822+00:00,LEFT_100,100,"WHEEL,BR,0.00,0.00,0,-216"
2026-09-03T22:30:59.823+00:00,LEFT_100,100,"POSE,272.4,1607.2,89.84,0"
2026-09-03T22:30:59.823+00:00,LEFT_100,100,"SYS,WAIT_START,0,0,0,MANUAL,RED,0"
2026-09-03T22:30:59.823+00:00,LEFT_100,100,"HDG,89.84,90.96,1.12,1,1"
2026-09-03T22:30:59.853+00:00,LEFT_100,100,"TOF,452.0,1,170,-282.0"
2026-09-03T22:30:59.853+00:00,LEFT_100,100,"TOFI,0,0,0,1"
2026-09-03T22:30:59.853+00:00,LEFT_100,100,"AUTO,2,0,0,0,0,NONE,NONE,0,3"
2026-09-03T22:30:59.883+00:00,LEFT_100,100,"MOTION,1209828,0,0.00,0.00,0.0000,0.00,0.00"
2026-09-03T22:30:59.883+00:00,LEFT_100,100,"STATE,WAIT_START"
2026-09-03T22:30:59.883+00:00,LEFT_100,100,"ACK,DRIVE"
2026-09-03T22:31:00.024+00:00,LEFT_100,100,"TEL,1209981,-18.68,17.35,18.19,-14.84,90.30,-0.402,0.0"
2026-09-03T22:31:00.024+00:00,LEFT_100,100,"WHEEL,FL,-19.10,-18.68,-47,-416"
2026-09-03T22:31:00.024+00:00,LEFT_100,100,"WHEEL,FR,19.10,17.35,45,950"
2026-09-03T22:31:00.024+00:00,LEFT_100,100,"WHEEL,BL,19.10,18.19,38,2515"
2026-09-03T22:31:00.024+00:00,LEFT_100,100,"WHEEL,BR,-19.10,-14.84,-41,-223"
2026-09-03T22:31:00.024+00:00,LEFT_100,100,"POSE,261.7,1608.5,90.30,0"
2026-09-03T22:31:00.024+00:00,LEFT_100,100,"SYS,WAIT_START,0,1,8,MANUAL,RED,0"
2026-09-03T22:31:00.054+00:00,LEFT_100,100,"HDG,90.30,89.85,-0.45,1,1"
2026-09-03T22:31:00.054+00:00,LEFT_100,100,"TOF,452.0,1,170,-282.0"
2026-09-03T22:31:00.054+00:00,LEFT_100,100,"TOFI,0,0,0,1"
2026-09-03T22:31:00.054+00:00,LEFT_100,100,"AUTO,2,0,0,0,0,NONE,NONE,0,3"
2026-09-03T22:31:00.132+00:00,LEFT_100,100,"MOTION,1210033,1,0.00,100.00,0.0000,0.00,0.00"
2026-09-03T22:31:00.162+00:00,LEFT_100,100,"TEL,1210181,-5.83,13.86,36.15,-21.39,90.30,-0.402,0.0"
2026-09-03T22:31:00.162+00:00,LEFT_100,100,"WHEEL,FL,-19.10,-5.83,-57,-435"
2026-09-03T22:31:00.242+00:00,LEFT_100,100,"WHEEL,FR,19.10,13.86,47,971"
2026-09-03T22:31:00.242+00:00,LEFT_100,100,"WHEEL,BL,19.10,36.15,24,2541"
2026-09-03T22:31:00.242+00:00,LEFT_100,100,"WHEEL,BR,-19.10,-21.39,-36,-242"
2026-09-03T22:31:00.242+00:00,LEFT_100,100,"POSE,239.4,1610.5,90.30,0"
2026-09-03T22:31:00.242+00:00,LEFT_100,100,"SYS,WAIT_START,0,1,8,MANUAL,RED,0"
2026-09-03T22:31:00.242+00:00,LEFT_100,100,"HDG,90.30,89.85,-0.45,1,1"
2026-09-03T22:31:00.242+00:00,LEFT_100,100,"TOF,452.0,1,170,-282.0"
2026-09-03T22:31:00.273+00:00,LEFT_100,100,"TOFI,0,0,0,1"
2026-09-03T22:31:00.273+00:00,LEFT_100,100,"AUTO,2,0,0,0,0,NONE,NONE,0,3"
2026-09-03T22:31:00.273+00:00,LEFT_100,100,"MOTION,1210233,1,0.00,100.00,0.0000,0.00,0.00"
2026-09-03T22:31:00.366+00:00,LEFT_100,100,"TEL,1210381,-28.01,23.93,29.48,-26.74,90.77,-0.402,0.0"
2026-09-03T22:31:00.367+00:00,LEFT_100,100,"WHEEL,FL,-8.61,-28.01,-28,-463"
2026-09-03T22:31:00.398+00:00,LEFT_100,100,"WHEEL,FR,8.61,23.93,28,992"
2026-09-03T22:31:00.398+00:00,LEFT_100,100,"WHEEL,BL,29.58,29.48,40,2559"
2026-09-03T22:31:00.398+00:00,LEFT_100,100,"WHEEL,BR,-29.58,-26.74,-43,-262"
2026-09-03T22:31:00.476+00:00,LEFT_100,100,"POSE,216.6,1607.8,90.77,0"
2026-09-03T22:31:00.477+00:00,LEFT_100,100,"SYS,WAIT_START,0,1,8,MANUAL,RED,0"
2026-09-03T22:31:00.477+00:00,LEFT_100,100,"HDG,90.77,89.85,-0.92,1,1"
2026-09-03T22:31:00.477+00:00,LEFT_100,100,"TOF,449.0,1,170,-279.0"
2026-09-03T22:31:00.477+00:00,LEFT_100,100,"TOFI,0,0,0,1"
2026-09-03T22:31:00.477+00:00,LEFT_100,100,"AUTO,2,0,0,0,0,NONE,NONE,0,3"
2026-09-03T22:31:00.477+00:00,LEFT_100,100,"MOTION,1210433,1,0.00,100.00,-0.1800,0.00,0.00"
2026-09-03T22:31:00.584+00:00,LEFT_100,100,"TEL,1210581,-25.52,25.75,15.80,-12.44,89.92,-0.402,0.0"
2026-09-03T22:31:00.584+00:00,LEFT_100,100,"WHEEL,FL,-19.10,-25.52,-41,-474"
2026-09-03T22:31:00.584+00:00,LEFT_100,100,"WHEEL,FR,19.10,25.75,38,1003"
2026-09-03T22:31:00.616+00:00,LEFT_100,100,"WHEEL,BL,19.10,15.80,40,2580"
2026-09-03T22:31:00.616+00:00,LEFT_100,100,"WHEEL,BR,-19.10,-12.44,-44,-279"
2026-09-03T22:31:00.616+00:00,LEFT_100,100,"POSE,200.9,1608.8,89.92,0"
2026-09-03T22:31:00.616+00:00,LEFT_100,100,"SYS,WAIT_START,0,1,8,MANUAL,RED,0"
2026-09-03T22:31:00.695+00:00,LEFT_100,100,"HDG,89.92,89.85,-0.06,1,1"
2026-09-03T22:31:00.695+00:00,LEFT_100,100,"TOF,449.0,1,170,-279.0"
2026-09-03T22:31:00.695+00:00,LEFT_100,100,"TOFI,0,0,0,1"
2026-09-03T22:31:00.695+00:00,LEFT_100,100,"AUTO,2,0,0,0,0,NONE,NONE,0,3"
2026-09-03T22:31:00.695+00:00,LEFT_100,100,"MOTION,1210633,1,0.00,100.00,0.0000,0.00,0.00"
2026-09-03T22:31:00.804+00:00,LEFT_100,100,"TEL,1210784,-22.73,22.38,16.69,-23.04,89.81,-0.402,0.0"
2026-09-03T22:31:00.804+00:00,LEFT_100,100,"WHEEL,FL,-19.10,-22.73,-43,-492"
2026-09-03T22:31:00.804+00:00,LEFT_100,100,"WHEEL,FR,19.10,22.38,40,1019"
2026-09-03T22:31:00.804+00:00,LEFT_100,100,"WHEEL,BL,19.10,16.69,39,2600"
2026-09-03T22:31:00.804+00:00,LEFT_100,100,"WHEEL,BR,-19.10,-23.04,-36,-299"
2026-09-03T22:31:00.836+00:00,LEFT_100,100,"POSE,181.6,1608.3,89.77,0"
2026-09-03T22:31:00.836+00:00,LEFT_100,100,"SYS,WAIT_START,0,1,8,MANUAL,RED,0"
2026-09-03T22:31:00.836+00:00,LEFT_100,100,"HDG,89.81,89.85,0.05,1,1"
2026-09-03T22:31:00.836+00:00,LEFT_100,100,"TOF,449.0,1,170,-279.0"
2026-09-03T22:31:00.867+00:00,LEFT_100,100,"TOFI,0,0,0,1"
2026-09-03T22:31:00.868+00:00,LEFT_100,100,"AUTO,2,0,0,0,0,NONE,NONE,0,3"
2026-09-03T22:31:00.899+00:00,LEFT_100,100,"MOTION,1210836,1,0.00,100.00,0.0000,0.00,0.00"
2026-09-03T22:31:00.962+00:00,LEFT_100,100,"TEL,1210984,-17.66,9.90,31.81,-31.55,90.22,-0.402,0.0"
2026-09-03T22:31:00.962+00:00,LEFT_100,100,"WHEEL,FL,-19.10,-17.66,-46,-514"
2026-09-03T22:31:01.038+00:00,LEFT_100,100,"WHEEL,FR,19.10,9.90,50,1042"
2026-09-03T22:31:01.038+00:00,LEFT_100,100,"WHEEL,BL,19.10,31.81,28,2624"
2026-09-03T22:31:01.038+00:00,LEFT_100,100,"WHEEL,BR,-19.10,-31.55,-29,-315"
2026-09-03T22:31:01.039+00:00,LEFT_100,100,"POSE,159.3,1610.5,90.31,0"
2026-09-03T22:31:01.039+00:00,LEFT_100,100,"SYS,WAIT_START,0,1,8,MANUAL,RED,0"
2026-09-03T22:31:01.039+00:00,LEFT_100,100,"HDG,90.22,89.85,-0.37,1,1"
2026-09-03T22:31:01.039+00:00,LEFT_100,100,"TOF,449.0,1,170,-279.0"
2026-09-03T22:31:01.069+00:00,LEFT_100,100,"TOFI,0,0,0,1"
2026-09-03T22:31:01.069+00:00,LEFT_100,100,"AUTO,2,0,0,0,0,NONE,NONE,0,3"
2026-09-03T22:31:01.146+00:00,LEFT_100,100,"MOTION,1211036,1,0.00,100.00,0.0000,0.00,0.00"
2026-09-03T22:31:01.177+00:00,LEFT_100,100,"TEL,1211200,-13.82,18.08,24.44,-17.64,89.98,-0.402,0.0"
2026-09-03T22:31:01.179+00:00,LEFT_100,100,"WHEEL,FL,-19.10,-13.82,-49,-533"
2026-09-03T22:31:01.208+00:00,LEFT_100,100,"WHEEL,FR,19.10,18.08,43,1066"
2026-09-03T22:31:01.240+00:00,LEFT_100,100,"WHEEL,BL,19.10,24.44,33,2647"
2026-09-03T22:31:01.240+00:00,LEFT_100,100,"WHEEL,BR,-19.10,-17.64,-40,-334"
2026-09-03T22:31:01.240+00:00,LEFT_100,100,"POSE,137.0,1612.9,89.98,0"
2026-09-03T22:31:01.240+00:00,LEFT_100,100,"SYS,WAIT_START,0,1,8,MANUAL,RED,0"
2026-09-03T22:31:01.272+00:00,LEFT_100,100,"HDG,89.98,89.85,-0.12,1,1"
2026-09-03T22:31:01.304+00:00,LEFT_100,100,"TOF,453.0,1,170,-283.0"
2026-09-03T22:31:01.304+00:00,LEFT_100,100,"TOFI,0,0,0,1"
2026-09-03T22:31:01.304+00:00,LEFT_100,100,"AUTO,2,0,0,0,0,NONE,NONE,0,3"
2026-09-03T22:31:01.304+00:00,LEFT_100,100,"MOTION,1211252,1,0.00,100.00,0.0000,0.00,0.00"
2026-09-03T22:31:01.396+00:00,LEFT_100,100,"TEL,1211406,-17.34,10.74,21.46,-23.74,90.21,-0.402,0.0"
2026-09-03T22:31:01.396+00:00,LEFT_100,100,"WHEEL,FL,-19.10,-17.34,-47,-553"
2026-09-03T22:31:01.396+00:00,LEFT_100,100,"WHEEL,FR,19.10,10.74,49,1079"
2026-09-03T22:31:01.427+00:00,LEFT_100,100,"WHEEL,BL,19.10,21.46,36,2661"
2026-09-03T22:31:01.427+00:00,LEFT_100,100,"WHEEL,BR,-19.10,-23.74,-35,-349"
2026-09-03T22:31:01.505+00:00,LEFT_100,100,"POSE,120.8,1610.7,90.30,0"
2026-09-03T22:31:01.505+00:00,LEFT_100,100,"SYS,WAIT_START,0,1,8,MANUAL,RED,0"
2026-09-03T22:31:01.505+00:00,LEFT_100,100,"HDG,90.21,89.85,-0.36,1,1"
2026-09-03T22:31:01.505+00:00,LEFT_100,100,"TOF,474.0,1,170,-304.0"
2026-09-03T22:31:01.505+00:00,LEFT_100,100,"TOFI,0,0,0,1"
2026-09-03T22:31:01.505+00:00,LEFT_100,100,"AUTO,2,0,0,0,0,NONE,NONE,0,3"
2026-09-03T22:31:01.505+00:00,LEFT_100,100,"MOTION,1211458,1,0.00,100.00,0.0000,0.00,0.00"
2026-09-03T22:31:01.598+00:00,LEFT_100,100,"TEL,1211609,-17.41,23.48,27.78,-16.73,90.06,-0.402,0.0"
2026-09-03T22:31:01.599+00:00,LEFT_100,100,"WHEEL,FL,-19.10,-17.41,-46,-570"
2026-09-03T22:31:01.599+00:00,LEFT_100,100,"WHEEL,FR,19.10,23.48,39,1106"
2026-09-03T22:31:01.631+00:00,LEFT_100,100,"WHEEL,BL,19.10,27.78,31,2687"
2026-09-03T22:31:01.631+00:00,LEFT_100,100,"WHEEL,BR,-19.10,-16.73,-41,-366"
2026-09-03T22:31:01.661+00:00,LEFT_100,100,"POSE,98.0,1615.5,89.99,0"
2026-09-03T22:31:01.661+00:00,LEFT_100,100,"SYS,WAIT_START,0,1,8,MANUAL,RED,0"
2026-09-03T22:31:01.661+00:00,LEFT_100,100,"HDG,90.06,89.85,-0.20,1,1"
2026-09-03T22:31:01.661+00:00,LEFT_100,100,"TOF,474.0,1,170,-304.0"
2026-09-03T22:31:01.693+00:00,LEFT_100,100,"TOFI,0,0,0,1"
2026-09-03T22:31:01.693+00:00,LEFT_100,100,"AUTO,2,0,0,0,0,NONE,NONE,0,3"
2026-09-03T22:31:01.693+00:00,LEFT_100,100,"MOTION,1211661,1,0.00,100.00,0.0000,0.00,0.00"
2026-09-03T22:31:01.784+00:00,REST,0,"TEL,1211809,-15.60,16.23,35.28,-27.48,90.63,-0.402,0.0"
2026-09-03T22:31:01.784+00:00,REST,0,"WHEEL,FL,-8.61,-15.60,-37,-590"
2026-09-03T22:31:01.815+00:00,REST,0,"WHEEL,FR,8.61,16.23,34,1121"
2026-09-03T22:31:01.815+00:00,REST,0,"WHEEL,BL,29.58,35.28,35,2706"
2026-09-03T22:31:01.815+00:00,REST,0,"WHEEL,BR,-29.58,-27.48,-43,-385"
2026-09-03T22:31:01.846+00:00,REST,0,"POSE,78.9,1614.1,90.63,0"
2026-09-03T22:31:01.846+00:00,REST,0,"SYS,WAIT_START,0,1,8,MANUAL,RED,0"
2026-09-03T22:31:01.923+00:00,REST,0,"HDG,90.63,89.85,-0.78,1,1"
2026-09-03T22:31:01.923+00:00,REST,0,"TOF,474.0,1,170,-304.0"
2026-09-03T22:31:01.923+00:00,REST,0,"TOFI,0,0,0,1"
2026-09-03T22:31:01.923+00:00,REST,0,"AUTO,2,0,0,0,0,NONE,NONE,0,3"
2026-09-03T22:31:01.923+00:00,REST,0,"MOTION,1211861,1,0.00,100.00,-0.1800,0.00,0.00"
2026-09-03T22:31:01.986+00:00,REST,0,"TEL,1212009,-4.20,8.70,6.90,-0.33,89.21,-0.402,0.0"
2026-09-03T22:31:01.986+00:00,REST,0,"WHEEL,FL,0.00,-4.20,0,-598"
2026-09-03T22:31:02.017+00:00,REST,0,"WHEEL,FR,0.00,8.70,0,1134"
2026-09-03T22:31:02.017+00:00,REST,0,"WHEEL,BL,0.00,6.90,0,2728"
2026-09-03T22:31:02.017+00:00,REST,0,"WHEEL,BR,0.00,-0.33,0,-402"
2026-09-03T22:31:02.017+00:00,REST,0,"POSE,63.2,1616.9,89.21,0"
2026-09-03T22:31:02.048+00:00,REST,0,"SYS,WAIT_START,0,1,8,MANUAL,RED,0"
2026-09-03T22:31:02.079+00:00,REST,0,"HDG,89.21,89.85,0.65,1,1"
2026-09-03T22:31:02.079+00:00,REST,0,"TOF,474.0,1,170,-304.0"
2026-09-03T22:31:02.079+00:00,REST,0,"TOFI,0,0,0,1"
2026-09-03T22:31:02.079+00:00,REST,0,"AUTO,2,0,0,0,0,NONE,NONE,0,3"
2026-09-03T22:31:02.110+00:00,REST,0,"MOTION,1212057,0,0.00,0.00,0.0000,0.00,0.00"
2026-09-03T22:31:02.204+00:00,REST,0,"TEL,1212212,-0.02,0.18,0.17,-0.01,88.92,-0.402,0.0"
2026-09-03T22:31:02.204+00:00,REST,0,"WHEEL,FL,0.00,-0.02,0,-595"
2026-09-03T22:31:02.204+00:00,REST,0,"WHEEL,FR,0.00,0.18,0,1134"
2026-09-03T22:31:02.204+00:00,REST,0,"WHEEL,BL,0.00,0.17,0,2729"
2026-09-03T22:31:02.234+00:00,REST,0,"WHEEL,BR,0.00,-0.01,0,-402"
2026-09-03T22:31:02.235+00:00,REST,0,"POSE,63.8,1617.9,88.92,0"
2026-09-03T22:31:02.235+00:00,REST,0,"SYS,WAIT_START,0,1,8,MANUAL,RED,0"
2026-09-03T22:31:02.266+00:00,REST,0,"HDG,88.92,89.85,0.94,1,1"
2026-09-03T22:31:02.266+00:00,REST,0,"TOF,474.0,1,170,-304.0"
2026-09-03T22:31:02.266+00:00,REST,0,"TOFI,0,0,0,1"
2026-09-03T22:31:02.297+00:00,REST,0,"AUTO,2,0,0,0,0,NONE,NONE,0,3"
2026-09-03T22:31:02.297+00:00,REST,0,"MOTION,1212261,0,0.00,0.00,0.0000,0.00,0.00"
2026-09-03T22:31:02.391+00:00,REST,0,"TEL,1212412,-0.00,0.00,0.00,-0.00,88.91,-0.402,0.0"
2026-09-03T22:31:02.391+00:00,REST,0,"WHEEL,FL,0.00,-0.00,0,-595"
2026-09-03T22:31:02.422+00:00,REST,0,"WHEEL,FR,0.00,0.00,0,1134"
2026-09-03T22:31:02.422+00:00,REST,0,"WHEEL,BL,0.00,0.00,0,2729"
2026-09-03T22:31:02.422+00:00,REST,0,"WHEEL,BR,0.00,-0.00,0,-402"
2026-09-03T22:31:02.422+00:00,REST,0,"POSE,63.8,1617.9,88.91,0"
2026-09-03T22:31:02.453+00:00,REST,0,"SYS,WAIT_START,0,1,8,MANUAL,RED,0"
2026-09-03T22:31:02.485+00:00,REST,0,"HDG,88.91,89.85,0.95,1,1"
2026-09-03T22:31:02.485+00:00,REST,0,"TOF,474.0,1,170,-304.0"
2026-09-03T22:31:02.485+00:00,REST,0,"TOFI,0,0,0,1"
2026-09-03T22:31:02.486+00:00,REST,0,"AUTO,2,0,0,0,0,NONE,NONE,0,3"
2026-09-03T22:31:02.516+00:00,REST,0,"MOTION,1212460,0,0.00,0.00,0.0000,0.00,0.00"
2026-09-03T22:31:02.578+00:00,RIGHT_100,-100,"TEL,1212613,-0.00,0.00,0.00,-0.00,88.91,-0.402,0.0"
2026-09-03T22:31:02.578+00:00,RIGHT_100,-100,"WHEEL,FL,0.00,-0.00,0,-595"
2026-09-03T22:31:02.611+00:00,RIGHT_100,-100,"WHEEL,FR,0.00,0.00,0,1134"
2026-09-03T22:31:02.611+00:00,RIGHT_100,-100,"WHEEL,BL,0.00,0.00,0,2729"
2026-09-03T22:31:02.642+00:00,RIGHT_100,-100,"WHEEL,BR,0.00,-0.00,0,-402"
2026-09-03T22:31:02.642+00:00,RIGHT_100,-100,"POSE,63.8,1617.9,88.91,0"
2026-09-03T22:31:02.642+00:00,RIGHT_100,-100,"SYS,WAIT_START,0,1,8,MANUAL,RED,0"
2026-09-03T22:31:02.674+00:00,RIGHT_100,-100,"HDG,88.91,89.85,0.94,1,1"
2026-09-03T22:31:02.674+00:00,RIGHT_100,-100,"TOF,474.0,1,170,-304.0"
2026-09-03T22:31:02.674+00:00,RIGHT_100,-100,"TOFI,0,0,0,1"
2026-09-03T22:31:02.752+00:00,RIGHT_100,-100,"AUTO,2,0,0,0,0,NONE,NONE,0,3"
2026-09-03T22:31:02.752+00:00,RIGHT_100,-100,"MOTION,1212661,0,0.00,0.00,0.0000,0.00,0.00"
2026-09-03T22:31:02.860+00:00,RIGHT_100,-100,"TEL,1212814,12.25,-6.46,-18.76,20.74,89.49,-0.402,0.0"
2026-09-03T22:31:02.860+00:00,RIGHT_100,-100,"WHEEL,FL,19.10,12.25,52,-592"
2026-09-03T22:31:02.861+00:00,RIGHT_100,-100,"WHEEL,FR,-19.10,-6.46,-54,1131"
2026-09-03T22:31:02.861+00:00,RIGHT_100,-100,"WHEEL,BL,-19.10,-18.76,-38,2720"
2026-09-03T22:31:02.861+00:00,RIGHT_100,-100,"WHEEL,BR,19.10,20.74,36,-389"
2026-09-03T22:31:02.861+00:00,RIGHT_100,-100,"POSE,71.1,1618.9,89.49,0"
2026-09-03T22:31:02.861+00:00,RIGHT_100,-100,"SYS,WAIT_START,0,1,8,MANUAL,RED,0"
2026-09-03T22:31:02.892+00:00,RIGHT_100,-100,"HDG,89.49,89.85,0.36,1,1"
2026-09-03T22:31:02.892+00:00,RIGHT_100,-100,"TOF,474.0,1,170,-304.0"
2026-09-03T22:31:02.923+00:00,RIGHT_100,-100,"TOFI,0,0,0,1"
2026-09-03T22:31:02.923+00:00,RIGHT_100,-100,"AUTO,2,0,0,0,0,NONE,NONE,0,3"
2026-09-03T22:31:02.923+00:00,RIGHT_100,-100,"MOTION,1212866,1,0.00,-100.00,0.0000,0.00,0.00"
2026-09-03T22:31:03.016+00:00,RIGHT_100,-100,"TEL,1213014,14.09,-13.83,-22.11,28.39,89.13,-0.402,0.0"
2026-09-03T22:31:03.016+00:00,RIGHT_100,-100,"WHEEL,FL,8.61,14.09,40,-574"
2026-09-03T22:31:03.016+00:00,RIGHT_100,-100,"WHEEL,FR,-8.61,-13.83,-37,1110"
2026-09-03T22:31:03.094+00:00,RIGHT_100,-100,"WHEEL,BL,-29.58,-22.11,-46,2705"
2026-09-03T22:31:03.094+00:00,RIGHT_100,-100,"WHEEL,BR,29.58,28.39,41,-371"
2026-09-03T22:31:03.094+00:00,RIGHT_100,-100,"POSE,90.0,1618.5,89.05,0"
2026-09-03T22:31:03.094+00:00,RIGHT_100,-100,"SYS,WAIT_START,0,1,8,MANUAL,RED,0"
2026-09-03T22:31:03.094+00:00,RIGHT_100,-100,"HDG,89.13,89.85,0.73,1,1"
2026-09-03T22:31:03.094+00:00,RIGHT_100,-100,"TOF,474.0,0,170,-304.0"
2026-09-03T22:31:03.126+00:00,RIGHT_100,-100,"TOFI,0,0,0,1"
2026-09-03T22:31:03.126+00:00,RIGHT_100,-100,"AUTO,2,0,0,0,0,NONE,NONE,0,3"
2026-09-03T22:31:03.126+00:00,RIGHT_100,-100,"MOTION,1213066,1,0.00,-100.00,0.1800,0.00,0.00"
2026-09-03T22:31:03.218+00:00,RIGHT_100,-100,"TEL,1213214,32.97,-22.78,-1.56,13.13,89.62,-0.402,0.0"
2026-09-03T22:31:03.218+00:00,RIGHT_100,-100,"WHEEL,FL,19.10,32.97,36,-555"
2026-09-03T22:31:03.218+00:00,RIGHT_100,-100,"WHEEL,FR,-19.10,-22.78,-41,1093"
2026-09-03T22:31:03.250+00:00,RIGHT_100,-100,"WHEEL,BL,-19.10,-1.56,-52,2686"
2026-09-03T22:31:03.250+00:00,RIGHT_100,-100,"WHEEL,BR,19.10,13.13,42,-349"
2026-09-03T22:31:03.327+00:00,RIGHT_100,-100,"POSE,110.1,1619.8,89.62,0"
2026-09-03T22:31:03.327+00:00,RIGHT_100,-100,"SYS,WAIT_START,0,1,8,MANUAL,RED,0"
2026-09-03T22:31:03.327+00:00,RIGHT_100,-100,"HDG,89.62,89.85,0.24,1,1"
2026-09-03T22:31:03.327+00:00,RIGHT_100,-100,"TOF,474.0,0,170,-304.0"
2026-09-03T22:31:03.327+00:00,RIGHT_100,-100,"TOFI,0,0,0,1"
2026-09-03T22:31:03.327+00:00,RIGHT_100,-100,"AUTO,2,0,0,0,0,NONE,NONE,0,3"
2026-09-03T22:31:03.327+00:00,RIGHT_100,-100,"MOTION,1213266,1,0.00,-100.00,0.0000,0.00,0.00"
2026-09-03T22:31:03.421+00:00,RIGHT_100,-100,"TEL,1213415,32.63,-22.00,-2.79,7.94,90.60,-0.402,0.0"
2026-09-03T22:31:03.421+00:00,RIGHT_100,-100,"WHEEL,FL,29.58,32.63,46,-538"
2026-09-03T22:31:03.421+00:00,RIGHT_100,-100,"WHEEL,FR,-29.58,-22.00,-53,1083"
2026-09-03T22:31:03.453+00:00,RIGHT_100,-100,"WHEEL,BL,-8.61,-2.79,-41,2670"
2026-09-03T22:31:03.453+00:00,RIGHT_100,-100,"WHEEL,BR,8.61,7.94,36,-323"
2026-09-03T22:31:03.485+00:00,RIGHT_100,-100,"POSE,128.2,1624.4,90.60,0"
2026-09-03T22:31:03.485+00:00,RIGHT_100,-100,"SYS,WAIT_START,0,1,8,MANUAL,RED,0"
2026-09-03T22:31:03.485+00:00,RIGHT_100,-100,"HDG,90.60,89.85,-0.74,1,1"
2026-09-03T22:31:03.485+00:00,RIGHT_100,-100,"TOF,474.0,0,170,-304.0"
2026-09-03T22:31:03.561+00:00,RIGHT_100,-100,"TOFI,0,0,0,1"
2026-09-03T22:31:03.562+00:00,RIGHT_100,-100,"AUTO,2,0,0,0,0,NONE,NONE,0,3"
2026-09-03T22:31:03.562+00:00,RIGHT_100,-100,"MOTION,1213466,1,0.00,-100.00,-0.1800,0.00,0.00"
2026-09-03T22:31:03.671+00:00,RIGHT_100,-100,"TEL,1213616,8.16,-9.76,-22.62,38.02,89.08,-0.402,0.0"
2026-09-03T22:31:03.671+00:00,RIGHT_100,-100,"WHEEL,FL,8.61,8.16,44,-514"
2026-09-03T22:31:03.671+00:00,RIGHT_100,-100,"WHEEL,FR,-8.61,-9.76,-40,1058"
2026-09-03T22:31:03.671+00:00,RIGHT_100,-100,"WHEEL,BL,-29.58,-22.62,-46,2657"
2026-09-03T22:31:03.671+00:00,RIGHT_100,-100,"WHEEL,BR,29.58,38.02,33,-303"
2026-09-03T22:31:03.671+00:00,RIGHT_100,-100,"POSE,149.7,1625.5,89.08,0"
2026-09-03T22:31:03.671+00:00,RIGHT_100,-100,"SYS,WAIT_START,0,1,8,MANUAL,RED,0"
2026-09-03T22:31:03.703+00:00,RIGHT_100,-100,"HDG,89.08,89.85,0.77,1,1"
2026-09-03T22:31:03.703+00:00,RIGHT_100,-100,"TOF,474.0,0,170,-304.0"
2026-09-03T22:31:03.703+00:00,RIGHT_100,-100,"TOFI,0,0,0,1"
2026-09-03T22:31:03.703+00:00,RIGHT_100,-100,"AUTO,2,0,0,0,0,NONE,NONE,0,3"
2026-09-03T22:31:03.782+00:00,RIGHT_100,-100,"MOTION,1213667,1,0.00,-100.00,0.1800,0.00,0.00"
2026-09-03T22:31:03.813+00:00,RIGHT_100,-100,"TEL,1213819,20.83,-19.29,-7.15,9.86,89.82,-0.402,0.0"
2026-09-03T22:31:03.813+00:00,RIGHT_100,-100,"WHEEL,FL,19.10,20.83,45,-502"
2026-09-03T22:31:03.890+00:00,RIGHT_100,-100,"WHEEL,FR,-19.10,-19.29,-44,1048"
2026-09-03T22:31:03.890+00:00,RIGHT_100,-100,"WHEEL,BL,-19.10,-7.15,-48,2641"
2026-09-03T22:31:03.890+00:00,RIGHT_100,-100,"WHEEL,BR,19.10,9.86,44,-284"
2026-09-03T22:31:03.890+00:00,RIGHT_100,-100,"POSE,164.6,1626.9,89.89,0"
2026-09-03T22:31:03.890+00:00,RIGHT_100,-100,"SYS,WAIT_START,0,1,8,MANUAL,RED,0"
2026-09-03T22:31:03.890+00:00,RIGHT_100,-100,"HDG,89.82,89.85,0.04,1,1"
2026-09-03T22:31:03.890+00:00,RIGHT_100,-100,"TOF,474.0,1,170,-304.0"
2026-09-03T22:31:03.922+00:00,RIGHT_100,-100,"TOFI,0,0,0,1"
2026-09-03T22:31:03.922+00:00,RIGHT_100,-100,"AUTO,2,0,0,0,0,NONE,NONE,0,3"
2026-09-03T22:31:03.922+00:00,RIGHT_100,-100,"MOTION,1213871,1,0.00,-100.00,0.0000,0.00,0.00"
2026-09-03T22:31:04.014+00:00,RIGHT_100,-100,"TEL,1214019,31.98,-28.80,-14.81,17.10,89.99,-0.402,0.0"
2026-09-03T22:31:04.014+00:00,RIGHT_100,-100,"WHEEL,FL,19.10,31.98,36,-477"
2026-09-03T22:31:04.046+00:00,RIGHT_100,-100,"WHEEL,FR,-19.10,-28.80,-36,1027"
2026-09-03T22:31:04.046+00:00,RIGHT_100,-100,"WHEEL,BL,-19.10,-14.81,-42,2621"
2026-09-03T22:31:04.046+00:00,RIGHT_100,-100,"WHEEL,BR,19.10,17.10,39,-259"
2026-09-03T22:31:04.125+00:00,RIGHT_100,-100,"POSE,188.4,1629.4,90.11,0"
2026-09-03T22:31:04.125+00:00,RIGHT_100,-100,"SYS,WAIT_START,0,1,8,MANUAL,RED,0"
2026-09-03T22:31:04.125+00:00,RIGHT_100,-100,"HDG,89.99,89.85,-0.13,1,1"
2026-09-03T22:31:04.125+00:00,RIGHT_100,-100,"TOF,474.0,1,170,-304.0"
2026-09-03T22:31:04.125+00:00,RIGHT_100,-100,"TOFI,0,0,0,1"
2026-09-03T22:31:04.125+00:00,RIGHT_100,-100,"AUTO,2,0,0,0,0,NONE,NONE,0,3"
2026-09-03T22:31:04.125+00:00,RIGHT_100,-100,"MOTION,1214071,1,0.00,-100.00,0.0000,0.00,0.00"
2026-09-03T22:31:04.233+00:00,RIGHT_100,-100,"TEL,1214219,17.56,-21.78,-7.48,15.02,90.47,-0.402,0.0"
2026-09-03T22:31:04.233+00:00,RIGHT_100,-100,"WHEEL,FL,29.58,17.56,58,-466"
2026-09-03T22:31:04.233+00:00,RIGHT_100,-100,"WHEEL,FR,-29.58,-21.78,-53,1016"
2026-09-03T22:31:04.264+00:00,RIGHT_100,-100,"WHEEL,BL,-8.61,-7.48,-38,2607"
2026-09-03T22:31:04.265+00:00,RIGHT_100,-100,"WHEEL,BR,8.61,15.02,30,-243"
2026-09-03T22:31:04.265+00:00,RIGHT_100,-100,"POSE,202.0,1629.9,90.55,0"
2026-09-03T22:31:04.265+00:00,RIGHT_100,-100,"SYS,WAIT_START,0,1,8,MANUAL,RED,0"
2026-09-03T22:31:04.295+00:00,RIGHT_100,-100,"HDG,90.47,89.85,-0.62,1,1"
2026-09-03T22:31:04.295+00:00,RIGHT_100,-100,"TOF,474.0,1,170,-304.0"
2026-09-03T22:31:04.328+00:00,RIGHT_100,-100,"TOFI,0,0,0,1"
2026-09-03T22:31:04.328+00:00,RIGHT_100,-100,"AUTO,2,0,0,0,0,NONE,NONE,0,3"
2026-09-03T22:31:04.328+00:00,RIGHT_100,-100,"MOTION,1214270,1,0.00,-100.00,-0.1800,0.00,0.00"
2026-09-03T22:31:04.419+00:00,RIGHT_100,-100,"TEL,1214420,11.37,-8.56,-30.43,31.92,89.16,-0.402,0.0"
2026-09-03T22:31:04.419+00:00,RIGHT_100,-100,"WHEEL,FL,8.61,11.37,42,-435"
2026-09-03T22:31:04.419+00:00,RIGHT_100,-100,"WHEEL,FR,-8.61,-8.56,-41,990"
2026-09-03T22:31:04.419+00:00,RIGHT_100,-100,"WHEEL,BL,-29.58,-30.43,-41,2589"
2026-09-03T22:31:04.451+00:00,RIGHT_100,-100,"WHEEL,BR,29.58,31.92,37,-221"
2026-09-03T22:31:04.482+00:00,RIGHT_100,-100,"POSE,227.5,1631.7,89.10,0"
2026-09-03T22:31:04.482+00:00,RIGHT_100,-100,"SYS,WAIT_START,0,1,8,MANUAL,RED,0"
2026-09-03T22:31:04.482+00:00,RIGHT_100,-100,"HDG,89.16,89.85,0.70,1,1"
2026-09-03T22:31:04.482+00:00,RIGHT_100,-100,"TOF,474.0,1,170,-304.0"
2026-09-03T22:31:04.514+00:00,RIGHT_100,-100,"TOFI,0,0,0,1"
2026-09-03T22:31:04.514+00:00,RIGHT_100,-100,"AUTO,2,0,0,0,0,NONE,NONE,0,3"
2026-09-03T22:31:04.590+00:00,RIGHT_100,-100,"MOTION,1214471,1,0.00,-100.00,0.1800,0.00,0.00"
2026-09-03T22:31:04.620+00:00,REST,0,0.0
2026-09-03T22:31:04.620+00:00,REST,0,"WHEEL,FL,19.10,21.30,44,-425"
2026-09-03T22:31:04.620+00:00,REST,0,"WHEEL,FR,-19.10,-8.35,-53,985"
2026-09-03T22:31:04.620+00:00,REST,0,"WHEEL,BL,-19.10,-7.12,-49,2575"
2026-09-03T22:31:04.652+00:00,REST,0,"WHEEL,BR,19.10,23.33,34,-201"
2026-09-03T22:31:04.683+00:00,REST,0,"POSE,240.3,1634.6,90.17,0"
2026-09-03T22:31:04.683+00:00,REST,0,"SYS,WAIT_START,0,1,8,MANUAL,RED,0"
2026-09-03T22:31:04.683+00:00,REST,0,"HDG,90.16,89.85,-0.30,1,1"
2026-09-03T22:31:04.683+00:00,REST,0,"TOF,474.0,1,170,-304.0"
2026-09-03T22:31:04.714+00:00,REST,0,"TOFI,0,0,0,1"
2026-09-03T22:31:04.714+00:00,REST,0,"AUTO,2,0,0,0,0,NONE,NONE,0,3"
2026-09-03T22:31:04.792+00:00,REST,0,"MOTION,1214671,1,0.00,-100.00,0.0000,0.00,0.00"
2026-09-03T22:31:04.822+00:00,REST,0,"TEL,1214821,13.15,-22.77,-9.15,2.88,89.68,-0.402,0.0"
2026-09-03T22:31:04.822+00:00,REST,0,"WHEEL,FL,0.00,13.15,0,-405"
2026-09-03T22:31:04.822+00:00,REST,0,"WHEEL,FR,0.00,-22.77,0,957"
2026-09-03T22:31:04.822+00:00,REST,0,"WHEEL,BL,0.00,-9.15,0,2556"
2026-09-03T22:31:04.854+00:00,REST,0,"WHEEL,BR,0.00,2.88,0,-186"
2026-09-03T22:31:04.854+00:00,REST,0,"POSE,261.8,1631.6,89.68,0"
2026-09-03T22:31:04.886+00:00,REST,0,"SYS,WAIT_START,0,1,8,MANUAL,RED,0"
2026-09-03T22:31:04.886+00:00,REST,0,"HDG,89.68,89.85,0.17,1,1"
2026-09-03T22:31:04.886+00:00,REST,0,"TOF,470.0,1,170,-300.0"
2026-09-03T22:31:04.886+00:00,REST,0,"TOFI,0,0,0,1"
2026-09-03T22:31:04.917+00:00,REST,0,"AUTO,2,0,0,0,0,NONE,NONE,0,3"
2026-09-03T22:31:04.917+00:00,REST,0,"MOTION,1214870,0,0.00,0.00,0.0000,0.00,0.00"
2026-09-03T22:31:05.012+00:00,REST,0,"TEL,1215022,-0.04,-0.32,-0.14,2.50,89.71,-0.402,0.0"
2026-09-03T22:31:05.012+00:00,REST,0,"WHEEL,FL,0.00,-0.04,0,-407"
2026-09-03T22:31:05.044+00:00,REST,0,"WHEEL,FR,0.00,-0.32,0,956"
2026-09-03T22:31:05.044+00:00,REST,0,"WHEEL,BL,0.00,-0.14,0,2555"
2026-09-03T22:31:05.044+00:00,REST,0,"WHEEL,BR,0.00,2.50,0,-187"
2026-09-03T22:31:05.044+00:00,REST,0,"POSE,261.5,1630.3,89.71,0"
2026-09-03T22:31:05.075+00:00,REST,0,"SYS,WAIT_START,0,1,8,MANUAL,RED,0"
2026-09-03T22:31:05.153+00:00,REST,0,"HDG,89.71,89.85,0.15,1,1"
2026-09-03T22:31:05.153+00:00,REST,0,"TOF,467.0,1,170,-297.0"
2026-09-03T22:31:05.153+00:00,REST,0,"TOFI,0,0,0,1"
2026-09-03T22:31:05.153+00:00,REST,0,"AUTO,2,0,0,0,0,NONE,NONE,0,3"
2026-09-03T22:31:05.153+00:00,REST,0,"MOTION,1215071,0,0.00,0.00,0.0000,0.00,0.00"
2026-09-03T22:31:05.263+00:00,REST,0,"TEL,1215223,-0.00,-0.00,-0.00,0.03,89.69,-0.402,0.0"
2026-09-03T22:31:05.263+00:00,REST,0,"WHEEL,FL,0.00,-0.00,0,-407"
2026-09-03T22:31:05.263+00:00,REST,0,"WHEEL,FR,0.00,-0.00,0,956"
2026-09-03T22:31:05.263+00:00,REST,0,"WHEEL,BL,0.00,-0.00,0,2555"
2026-09-03T22:31:05.263+00:00,REST,0,"WHEEL,BR,0.00,0.03,0,-187"
2026-09-03T22:31:05.263+00:00,REST,0,"POSE,261.5,1630.3,89.69,0"
2026-09-03T22:31:05.263+00:00,REST,0,"SYS,WAIT_START,0,1,8,MANUAL,RED,0"
2026-09-03T22:31:05.294+00:00,REST,0,"HDG,89.69,89.85,0.17,1,1"
2026-09-03T22:31:05.294+00:00,REST,0,"TOF,463.0,1,170,-293.0"
2026-09-03T22:31:05.294+00:00,REST,0,"TOFI,0,0,0,1"
2026-09-03T22:31:05.373+00:00,REST,0,"AUTO,2,0,0,0,0,NONE,NONE,0,3"
2026-09-03T22:31:05.373+00:00,REST,0,"MOTION,1215272,0,0.00,0.00,0.0000,0.00,0.00"
2026-09-03T22:31:05.405+00:00,REST,0,"TEL,1215423,-0.00,-0.00,-0.00,0.00,89.69,-0.402,0.0"
2026-09-03T22:31:05.405+00:00,REST,0,"WHEEL,FL,0.00,-0.00,0,-407"
2026-09-03T22:31:05.437+00:00,LEFT_200,200,"00,0,956"
2026-09-03T22:31:05.437+00:00,LEFT_200,200,"WHEEL,BL,0.00,-0.00,0,2555"
2026-09-03T22:31:05.437+00:00,LEFT_200,200,"WHEEL,BR,0.00,0.00,0,-187"
2026-09-03T22:31:05.437+00:00,LEFT_200,200,"POSE,261.5,1630.3,89.69,0"
2026-09-03T22:31:05.468+00:00,LEFT_200,200,"SYS,WAIT_START,0,1,8,MANUAL,RED,0"
2026-09-03T22:31:05.500+00:00,LEFT_200,200,"HDG,89.69,89.85,0.17,1,1"
2026-09-03T22:31:05.500+00:00,LEFT_200,200,"TOF,460.0,1,170,-290.0"
2026-09-03T22:31:05.500+00:00,LEFT_200,200,"TOFI,0,0,0,1"
2026-09-03T22:31:05.500+00:00,LEFT_200,200,"AUTO,2,0,0,0,0,NONE,NONE,0,3"
2026-09-03T22:31:05.531+00:00,LEFT_200,200,"MOTION,1215472,0,0.00,0.00,0.0000,0.00,0.00"
2026-09-03T22:31:05.625+00:00,LEFT_200,200,"TEL,1215624,-15.50,15.50,15.50,-20.67,89.68,-0.402,0.0"
2026-09-03T22:31:05.625+00:00,LEFT_200,200,"WHEEL,FL,-38.20,-15.50,-68,-410"
2026-09-03T22:31:05.625+00:00,LEFT_200,200,"WHEEL,FR,38.20,15.50,66,959"
2026-09-03T22:31:05.657+00:00,LEFT_200,200,"WHEEL,BL,38.20,15.50,59,2558"
2026-09-03T22:31:05.657+00:00,LEFT_200,200,"WHEEL,BR,-38.20,-20.67,-55,-191"
2026-09-03T22:31:05.657+00:00,LEFT_200,200,"POSE,258.1,1630.0,89.68,0"
2026-09-03T22:31:05.657+00:00,LEFT_200,200,"SYS,WAIT_START,0,1,8,MANUAL,RED,0"
2026-09-03T22:31:05.688+00:00,LEFT_200,200,"HDG,89.68,89.85,0.17,1,1"
2026-09-03T22:31:05.688+00:00,LEFT_200,200,"TOF,460.0,1,170,-290.0"
2026-09-03T22:31:05.720+00:00,LEFT_200,200,"TOFI,0,0,0,1"
2026-09-03T22:31:05.720+00:00,LEFT_200,200,"AUTO,2,0,0,0,0,NONE,NONE,0,3"
2026-09-03T22:31:05.720+00:00,LEFT_200,200,"MOTION,1215676,1,0.00,200.00,0.0000,0.00,0.00"
2026-09-03T22:31:05.861+00:00,LEFT_200,200,"TEL,1215826,-36.53,40.89,55.67,-48.76,91.02,-0.402,0.0"
2026-09-03T22:31:05.861+00:00,LEFT_200,200,"WHEEL,FL,-27.71,-36.53,-41,-466"
2026-09-03T22:31:05.861+00:00,LEFT_200,200,"WHEEL,FR,27.71,40.89,35,1003"
2026-09-03T22:31:05.861+00:00,LEFT_200,200,"WHEEL,BL,48.68,55.67,37,2638"
2026-09-03T22:31:05.861+00:00,LEFT_200,200,"WHEEL,BR,-48.68,-48.76,-43,-234"
2026-09-03T22:31:05.861+00:00,LEFT_200,200,"POSE,199.7,1635.7,91.07,0"
2026-09-03T22:31:05.861+00:00,LEFT_200,200,"SYS,WAIT_START,0,1,8,MANUAL,RED,0"
2026-09-03T22:31:05.892+00:00,LEFT_200,200,"HDG,91.02,89.85,-1.17,1,1"
2026-09-03T22:31:05.924+00:00,LEFT_200,200,"TOF,460.0,1,170,-290.0"
2026-09-03T22:31:05.924+00:00,LEFT_200,200,"TOFI,0,0,0,1"
2026-09-03T22:31:05.924+00:00,LEFT_200,200,"AUTO,2,0,0,0,0,NONE,NONE,0,3"
2026-09-03T22:31:05.924+00:00,LEFT_200,200,"MOTION,1215878,1,0.00,200.00,-0.1800,0.00,0.00"
2026-09-03T22:31:06.018+00:00,LEFT_200,200,"TEL,1216026,-41.50,41.83,37.13,-33.14,90.27,-0.402,0.0"
2026-09-03T22:31:06.018+00:00,LEFT_200,200,"WHEEL,FL,-38.20,-41.50,-47,-506"
2026-09-03T22:31:06.018+00:00,LEFT_200,200,"WHEEL,FR,38.20,41.83,45,1032"
2026-09-03T22:31:06.096+00:00,LEFT_200,200,"WHEEL,BL,38.20,37.13,42,2674"
2026-09-03T22:31:06.096+00:00,LEFT_200,200,"WHEEL,BR,-38.20,-33.14,-46,-274"
2026-09-03T22:31:06.096+00:00,LEFT_200,200,"POSE,161.8,1631.6,90.23,0"
2026-09-03T22:31:06.097+00:00,LEFT_200,200,"SYS,WAIT_START,0,1,8,MANUAL,RED,0"
2026-09-03T22:31:06.097+00:00,LEFT_200,200,"HDG,90.27,89.85,-0.42,1,1"
2026-09-03T22:31:06.128+00:00,LEFT_200,200,"TOF,460.0,1,170,-290.0"
2026-09-03T22:31:06.128+00:00,LEFT_200,200,"TOFI,0,0,0,1"
2026-09-03T22:31:06.128+00:00,LEFT_200,200,"AUTO,2,0,0,0,0,NONE,NONE,0,3"
2026-09-03T22:31:06.128+00:00,LEFT_200,200,"MOTION,1216079,1,0.00,200.00,0.0000,0.00,0.00"
2026-09-03T22:31:06.206+00:00,LEFT_200,200,"TEL,1216226,-30.30,37.14,43.77,-30.84,89.78,-0.402,0.0"
2026-09-03T22:31:06.206+00:00,LEFT_200,200,"WHEEL,FL,-38.20,-30.30,-55,-541"
2026-09-03T22:31:06.238+00:00,LEFT_200,200,"WHEEL,FR,38.20,37.14,48,1071"
2026-09-03T22:31:06.238+00:00,LEFT_200,200,"WHEEL,BL,38.20,43.77,37,2718"
2026-09-03T22:31:06.238+00:00,LEFT_200,200,"WHEEL,BR,-38.20,-30.84,-48,-311"
2026-09-03T22:31:06.316+00:00,LEFT_200,200,"POSE,121.2,1634.1,89.80,0"
2026-09-03T22:31:06.316+00:00,LEFT_200,200,"SYS,WAIT_START,0,1,8,MANUAL,RED,0"
2026-09-03T22:31:06.316+00:00,LEFT_200,200,"HDG,89.78,89.85,0.08,1,1"
2026-09-03T22:31:06.316+00:00,LEFT_200,200,"TOF,460.0,1,170,-290.0"
2026-09-03T22:31:06.316+00:00,LEFT_200,200,"TOFI,0,0,0,1"
2026-09-03T22:31:06.316+00:00,LEFT_200,200,"AUTO,2,0,0,0,0,NONE,NONE,0,3"
2026-09-03T22:31:06.316+00:00,LEFT_200,200,"MOTION,1216278,1,0.00,200.00,0.0000,0.00,0.00"
2026-09-03T22:31:06.426+00:00,LEFT_200,200,"TEL,1216427,-35.80,33.38,47.78,-44.42,90.51,-0.402,0.0"
2026-09-03T22:31:06.426+00:00,LEFT_200,200,"WHEEL,FL,-27.71,-35.80,-40,-590"
2026-09-03T22:31:06.426+00:00,LEFT_200,200,"WHEEL,FR,27.71,33.38,40,1112"
2026-09-03T22:31:06.457+00:00,LEFT_200,200,"WHEEL,BL,48.68,47.78,44,2757"
2026-09-03T22:31:06.457+00:00,LEFT_200,200,"WHEEL,BR,-48.68,-44.42,-48,-351"
2026-09-03T22:31:06.489+00:00,LEFT_200,200,"POSE,76.9,1631.5,90.58,0"
2026-09-03T22:31:06.489+00:00,LEFT_200,200,"SYS,WAIT_START,0,1,8,MANUAL,RED,0"
2026-09-03T22:31:06.489+00:00,LEFT_200,200,"HDG,90.51,89.85,-0.65,1,1"
2026-09-03T22:31:06.489+00:00,LEFT_200,200,"TOF,460.0,1,170,-290.0"
2026-09-03T22:31:06.521+00:00,LEFT_200,200,"TOFI,0,0,0,1"
2026-09-03T22:31:06.521+00:00,LEFT_200,200,"AUTO,2,0,0,0,0,NONE,NONE,0,3"
2026-09-03T22:31:06.521+00:00,LEFT_200,200,"MOTION,1216479,1,0.00,200.00,-0.1800,0.00,0.00"
2026-09-03T22:31:06.614+00:00,LEFT_200,200,"TEL,1216628,-48.24,50.44,30.07,-28.50,89.37,-0.402,0.0"
2026-09-03T22:31:06.614+00:00,LEFT_200,200,"WHEEL,FL,-48.68,-48.24,-51,-624"
2026-09-03T22:31:06.645+00:00,LEFT_200,200,"WHEEL,FR,48.68,50.44,48,1153"
2026-09-03T22:31:06.646+00:00,LEFT_200,200,"WHEEL,BL,27.71,30.07,37,2801"
2026-09-03T22:31:06.646+00:00,LEFT_200,200,"WHEEL,BR,-27.71,-28.50,-40,-392"
2026-09-03T22:31:06.676+00:00,LEFT_200,200,"POSE,35.1,1634.7,89.25,0"
2026-09-03T22:31:06.676+00:00,LEFT_200,200,"SYS,WAIT_START,0,1,8,MANUAL,RED,0"
2026-09-03T22:31:06.707+00:00,LEFT_200,200,"HDG,89.37,89.85,0.48,1,1"
2026-09-03T22:31:06.707+00:00,LEFT_200,200,"TOF,460.0,1,170,-290.0"
2026-09-03T22:31:06.707+00:00,LEFT_200,200,"TOFI,0,0,0,1"
2026-09-03T22:31:06.707+00:00,LEFT_200,200,"AUTO,2,0,0,0,0,NONE,NONE,0,3"
2026-09-03T22:31:06.785+00:00,LEFT_200,200,"MOTION,1216680,1,0.00,200.00,0.1800,0.00,0.00"
2026-09-03T22:31:06.816+00:00,LEFT_200,200,"TEL,1216829,-31.39,37.12,53.00,-53.89,91.21,-0.402,0.0"
2026-09-03T22:31:06.816+00:00,LEFT_200,200,"WHEEL,FL,-27.71,-31.39,-43,-673"
2026-09-03T22:31:06.895+00:00,LEFT_200,200,"WHEEL,FR,27.71,37.12,37,1199"
2026-09-03T22:31:06.895+00:00,LEFT_200,200,"WHEEL,BL,48.68,53.00,39,2846"
2026-09-03T22:31:06.895+00:00,LEFT_200,200,"WHEEL,BR,-48.68,-53.89,-41,-428"
2026-09-03T22:31:06.895+00:00,LEFT_200,200,"POSE,-11.0,1635.2,91.21,0"
2026-09-03T22:31:06.895+00:00,LEFT_200,200,"SYS,WAIT_START,0,1,8,MANUAL,RED,0"
2026-09-03T22:31:06.895+00:00,LEFT_200,200,"HDG,91.21,89.85,-1.36,1,1"
2026-09-03T22:31:06.927+00:00,LEFT_200,200,"TOF,460.0,1,170,-290.0"
2026-09-03T22:31:06.927+00:00,LEFT_200,200,"TOFI,0,0,0,1"
2026-09-03T22:31:06.927+00:00,LEFT_200,200,"AUTO,2,0,0,0,0,NONE,NONE,0,3"
2026-09-03T22:31:06.927+00:00,LEFT_200,200,"MOTION,1216882,1,0.00,200.00,-0.1800,0.00,0.00"
2026-09-03T22:31:07.022+00:00,LEFT_200,200,"TEL,1217029,-44.05,35.26,30.72,-29.82,90.07,-0.402,0.0"
2026-09-03T22:31:07.022+00:00,LEFT_200,200,"WHEEL,FL,-38.20,-44.05,-43,-709"
2026-09-03T22:31:07.022+00:00,LEFT_200,200,"WHEEL,FR,38.20,35.26,49,1222"
2026-09-03T22:31:07.052+00:00,LEFT_200,200,"WHEEL,BL,38.20,30.72,47,2881"
2026-09-03T22:31:07.052+00:00,LEFT_200,200,"WHEEL,BR,-38.20,-29.82,-49,-471"
2026-09-03T22:31:07.131+00:00,LEFT_200,200,"POSE,-46.9,1629.7,90.07,0"
2026-09-03T22:31:07.131+00:00,LEFT_200,200,"SYS,WAIT_START,0,1,8,MANUAL,RED,0"
2026-09-03T22:31:07.131+00:00,LEFT_200,200,"HDG,90.07,89.85,-0.21,1,1"
2026-09-03T22:31:07.131+00:00,LEFT_200,200,"TOF,460.0,1,170,-290.0"
2026-09-03T22:31:07.131+00:00,LEFT_200,200,"TOFI,0,0,0,1"
2026-09-03T22:31:07.132+00:00,LEFT_200,200,"AUTO,2,0,0,0,0,NONE,NONE,0,3"
2026-09-03T22:31:07.132+00:00,LEFT_200,200,"MOTION,1217081,1,0.00,200.00,0.0000,0.00,0.00"
2026-09-03T22:31:07.240+00:00,LEFT_200,200,"TEL,1217245,-43.75,44.50,40.68,-33.47,89.92,-0.402,0.0"
2026-09-03T22:31:07.240+00:00,LEFT_200,200,"WHEEL,FL,-38.20,-43.75,-43,-754"
2026-09-03T22:31:07.240+00:00,LEFT_200,200,"WHEEL,FR,38.20,44.50,42,1271"
2026-09-03T22:31:07.271+00:00,LEFT_200,200,"WHEEL,BL,38.20,40.68,39,2931"
2026-09-03T22:31:07.271+00:00,LEFT_200,200,"WHEEL,BR,-38.20,-33.47,-46,-514"
2026-09-03T22:31:07.349+00:00,LEFT_200,200,"POSE,-95.9,1632.5,89.92,0"
2026-09-03T22:31:07.349+00:00,LEFT_200,200,"SYS,WAIT_START,0,1,8,MANUAL,RED,0"
2026-09-03T22:31:07.349+00:00,LEFT_200,200,"HDG,89.92,89.85,-0.07,1,1"
2026-09-03T22:31:07.349+00:00,LEFT_200,200,"TOF,575.0,1,170,-405.0"
2026-09-03T22:31:07.349+00:00,LEFT_200,200,"TOFI,0,0,0,1"
2026-09-03T22:31:07.349+00:00,LEFT_200,200,"AUTO,2,0,0,0,0,NONE,NONE,0,3"
2026-09-03T22:31:07.349+00:00,LEFT_200,200,"MOTION,1217297,1,0.00,200.00,0.0000,0.00,0.00"
2026-09-03T22:31:07.460+00:00,LEFT_200,200,"TEL,1217450,-42.96,41.89,34.63,-34.62,90.13,-0.402,0.0"
2026-09-03T22:31:07.460+00:00,LEFT_200,200,"WHEEL,FL,-38.20,-42.96,-44,-790"
2026-09-03T22:31:07.460+00:00,LEFT_200,200,"WHEEL,FR,38.20,41.89,44,1305"
2026-09-03T22:31:07.460+00:00,LEFT_200,200,"WHEEL,BL,38.20,34.63,44,2963"
2026-09-03T22:31:07.460+00:00,LEFT_200,200,"WHEEL,BR,-38.20,-34.62,-46,-548"
2026-09-03T22:31:07.491+00:00,REST,0,"31.3,90.10,0"
2026-09-03T22:31:07.491+00:00,REST,0,"SYS,WAIT_START,0,1,8,MANUAL,RED,0"
2026-09-03T22:31:07.523+00:00,REST,0,"HDG,90.13,89.85,-0.28,1,1"
2026-09-03T22:31:07.523+00:00,REST,0,"TOF,575.0,1,170,-405.0"
2026-09-03T22:31:07.523+00:00,REST,0,"TOFI,0,0,0,1"
2026-09-03T22:31:07.523+00:00,REST,0,"AUTO,2,0,0,0,0,NONE,NONE,0,3"
2026-09-03T22:31:07.555+00:00,REST,0,"MOTION,1217503,1,0.00,200.00,0.0000,0.00,0.00"
2026-09-03T22:31:07.648+00:00,REST,0,"TEL,1217653,-42.83,44.66,39.24,-35.10,90.20,-0.402,0.0"
2026-09-03T22:31:07.648+00:00,REST,0,"WHEEL,FL,0.00,-42.83,0,-831"
2026-09-03T22:31:07.648+00:00,REST,0,"WHEEL,FR,0.00,44.66,0,1347"
2026-09-03T22:31:07.648+00:00,REST,0,"WHEEL,BL,0.00,39.24,0,3007"
2026-09-03T22:31:07.679+00:00,REST,0,"WHEEL,BR,0.00,-35.10,0,-587"
2026-09-03T22:31:07.679+00:00,REST,0,"POSE,-174.9,1632.8,90.20,0"
2026-09-03T22:31:07.680+00:00,REST,0,"SYS,WAIT_START,0,1,8,MANUAL,RED,0"
2026-09-03T22:31:07.711+00:00,REST,0,"HDG,90.20,89.85,-0.35,1,1"
2026-09-03T22:31:07.711+00:00,REST,0,"TOF,534.0,1,170,-364.0"
2026-09-03T22:31:07.790+00:00,REST,0,"TOFI,0,0,0,1"
2026-09-03T22:31:07.790+00:00,REST,0,"AUTO,2,0,0,0,0,NONE,NONE,0,3"
2026-09-03T22:31:07.790+00:00,REST,0,"MOTION,1217704,0,0.00,0.00,0.0000,0.00,0.00"
2026-09-03T22:31:07.821+00:00,REST,0,"TEL,1217853,3.30,3.59,2.65,-0.52,89.67,-0.402,0.0"
2026-09-03T22:31:07.821+00:00,REST,0,"WHEEL,FL,0.00,3.30,0,-829"
2026-09-03T22:31:07.852+00:00,REST,0,"WHEEL,FR,0.00,3.59,0,1353"
2026-09-03T22:31:07.852+00:00,REST,0,"WHEEL,BL,0.00,2.65,0,3021"
2026-09-03T22:31:07.884+00:00,REST,0,"WHEEL,BR,0.00,-0.52,0,-590"
2026-09-03T22:31:07.884+00:00,REST,0,"POSE,-180.4,1637.7,89.67,0"
2026-09-03T22:31:07.884+00:00,REST,0,"SYS,WAIT_START,0,1,8,MANUAL,RED,0"
2026-09-03T22:31:07.916+00:00,REST,0,"HDG,89.67,89.85,0.19,1,1"
2026-09-03T22:31:07.916+00:00,REST,0,"TOF,489.0,1,170,-319.0"
2026-09-03T22:31:07.916+00:00,REST,0,"TOFI,0,0,0,1"
2026-09-03T22:31:07.947+00:00,REST,0,"AUTO,2,0,0,0,0,NONE,NONE,0,3"
2026-09-03T22:31:07.947+00:00,REST,0,"MOTION,1217901,0,0.00,0.00,0.0000,0.00,0.00"
2026-09-03T22:31:08.026+00:00,REST,0,"TEL,1218053,0.07,0.07,0.05,-0.01,89.55,-0.402,0.0"
2026-09-03T22:31:08.026+00:00,REST,0,"WHEEL,FL,0.00,0.07,0,-829"
2026-09-03T22:31:08.058+00:00,REST,0,"WHEEL,FR,0.00,0.07,0,1353"
2026-09-03T22:31:08.058+00:00,REST,0,"WHEEL,BL,0.00,0.05,0,3021"
2026-09-03T22:31:08.090+00:00,REST,0,"WHEEL,BR,0.00,-0.01,0,-590"
2026-09-03T22:31:08.090+00:00,REST,0,"POSE,-180.4,1637.7,89.57,0"
2026-09-03T22:31:08.090+00:00,REST,0,"SYS,WAIT_START,0,1,8,MANUAL,RED,0"
2026-09-03T22:31:08.121+00:00,REST,0,"HDG,89.55,89.85,0.30,1,1"
2026-09-03T22:31:08.121+00:00,REST,0,"TOF,468.0,1,170,-298.0"
2026-09-03T22:31:08.121+00:00,REST,0,"TOFI,0,0,0,1"
2026-09-03T22:31:08.121+00:00,REST,0,"AUTO,2,0,0,0,0,NONE,NONE,0,3"
2026-09-03T22:31:08.153+00:00,REST,0,"MOTION,1218101,0,0.00,0.00,0.0000,0.00,0.00"
2026-09-03T22:31:08.263+00:00,REST,0,"TEL,1218253,0.00,0.00,0.00,-0.00,89.57,-0.402,0.0"
2026-09-03T22:31:08.264+00:00,REST,0,"WHEEL,FL,0.00,0.00,0,-829"
2026-09-03T22:31:08.264+00:00,REST,0,"WHEEL,FR,0.00,0.00,0,1353"
2026-09-03T22:31:08.264+00:00,REST,0,"WHEEL,BL,0.00,0.00,0,3021"
2026-09-03T22:31:08.264+00:00,REST,0,"WHEEL,BR,0.00,-0.00,0,-590"
2026-09-03T22:31:08.264+00:00,REST,0,"POSE,-180.4,1637.7,89.58,0"
2026-09-03T22:31:08.295+00:00,RIGHT_200,-200,"_START,0,1,8,MANUAL,RED,0"
2026-09-03T22:31:08.326+00:00,RIGHT_200,-200,"HDG,89.57,89.85,0.29,1,1"
2026-09-03T22:31:08.327+00:00,RIGHT_200,-200,"TOF,459.0,1,170,-289.0"
2026-09-03T22:31:08.327+00:00,RIGHT_200,-200,"TOFI,0,0,0,1"
2026-09-03T22:31:08.327+00:00,RIGHT_200,-200,"AUTO,2,0,0,0,0,NONE,NONE,0,3"
2026-09-03T22:31:08.358+00:00,RIGHT_200,-200,"MOTION,1218302,0,0.00,0.00,0.0000,0.00,0.00"
2026-09-03T22:31:08.468+00:00,RIGHT_200,-200,"TEL,1218454,0.00,0.00,0.00,-0.00,89.58,-0.402,0.0"
2026-09-03T22:31:08.468+00:00,RIGHT_200,-200,"WHEEL,FL,38.20,0.00,80,-829"
2026-09-03T22:31:08.468+00:00,RIGHT_200,-200,"WHEEL,FR,-38.20,0.00,-78,1353"
2026-09-03T22:31:08.468+00:00,RIGHT_200,-200,"WHEEL,BL,-38.20,0.00,-71,3021"
2026-09-03T22:31:08.468+00:00,RIGHT_200,-200,"WHEEL,BR,38.20,-0.00,71,-590"
2026-09-03T22:31:08.499+00:00,RIGHT_200,-200,"POSE,-180.4,1637.7,89.58,0"
2026-09-03T22:31:08.500+00:00,RIGHT_200,-200,"SYS,WAIT_START,0,1,8,MANUAL,RED,0"
2026-09-03T22:31:08.500+00:00,RIGHT_200,-200,"HDG,89.58,89.85,0.27,1,1"
2026-09-03T22:31:08.500+00:00,RIGHT_200,-200,"TOF,459.0,1,170,-289.0"
2026-09-03T22:31:08.578+00:00,RIGHT_200,-200,"TOFI,0,0,0,1"
2026-09-03T22:31:08.578+00:00,RIGHT_200,-200,"AUTO,2,0,0,0,0,NONE,NONE,0,3"
2026-09-03T22:31:08.578+00:00,RIGHT_200,-200,"MOTION,1218505,1,0.00,-200.00,0.0000,0.00,0.00"
2026-09-03T22:31:08.641+00:00,RIGHT_200,-200,"TEL,1218654,44.36,-50.98,-28.18,49.23,89.70,-0.402,0.0"
2026-09-03T22:31:08.641+00:00,RIGHT_200,-200,"WHEEL,FL,38.20,44.36,46,-784"
2026-09-03T22:31:08.641+00:00,RIGHT_200,-200,"WHEEL,FR,-38.20,-50.98,-38,1282"
2026-09-03T22:31:08.672+00:00,RIGHT_200,-200,"WHEEL,BL,-38.20,-28.18,-49,2975"
2026-09-03T22:31:08.672+00:00,RIGHT_200,-200,"WHEEL,BR,38.20,49.23,32,-502"
2026-09-03T22:31:08.703+00:00,RIGHT_200,-200,"POSE,-114.9,1641.6,89.70,0"
2026-09-03T22:31:08.704+00:00,RIGHT_200,-200,"SYS,WAIT_START,0,1,8,MANUAL,RED,0"
2026-09-03T22:31:08.704+00:00,RIGHT_200,-200,"HDG,89.70,89.85,0.16,1,1"
2026-09-03T22:31:08.735+00:00,RIGHT_200,-200,"TOF,460.0,1,170,-290.0"
2026-09-03T22:31:08.735+00:00,RIGHT_200,-200,"TOFI,0,0,0,1"
2026-09-03T22:31:08.736+00:00,RIGHT_200,-200,"AUTO,2,0,0,0,0,NONE,NONE,0,3"
2026-09-03T22:31:08.767+00:00,RIGHT_200,-200,"MOTION,1218706,1,0.00,-200.00,0.0000,0.00,0.00"
2026-09-03T22:31:08.831+00:00,RIGHT_200,-200,"TEL,1218854,34.52,-36.02,-27.78,34.27,89.95,-0.402,0.0"
2026-09-03T22:31:08.831+00:00,RIGHT_200,-200,"WHEEL,FL,38.20,34.52,53,-751"
2026-09-03T22:31:08.863+00:00,RIGHT_200,-200,"WHEEL,FR,-38.20,-36.02,-49,1252"
2026-09-03T22:31:08.863+00:00,RIGHT_200,-200,"WHEEL,BL,-38.20,-27.78,-50,2941"
2026-09-03T22:31:08.863+00:00,RIGHT_200,-200,"WHEEL,BR,38.20,34.27,43,-468"
2026-09-03T22:31:08.942+00:00,RIGHT_200,-200,"POSE,-80.7,1642.0,89.95,0"
2026-09-03T22:31:08.942+00:00,RIGHT_200,-200,"SYS,WAIT_START,0,1,8,MANUAL,RED,0"
2026-09-03T22:31:08.942+00:00,RIGHT_200,-200,"HDG,89.95,89.85,-0.10,1,1"
2026-09-03T22:31:08.942+00:00,RIGHT_200,-200,"TOF,457.0,1,170,-287.0"
2026-09-03T22:31:08.942+00:00,RIGHT_200,-200,"TOFI,0,0,0,1"
2026-09-03T22:31:08.942+00:00,RIGHT_200,-200,"AUTO,2,0,0,0,0,NONE,NONE,0,3"
2026-09-03T22:31:08.942+00:00,RIGHT_200,-200,"MOTION,1218906,1,0.00,-200.00,0.0000,0.00,0.00"
2026-09-03T22:31:09.050+00:00,RIGHT_200,-200,"TEL,1219054,37.64,-34.75,-33.08,39.88,89.90,-0.402,0.0"
2026-09-03T22:31:09.050+00:00,RIGHT_200,-200,"WHEEL,FL,38.20,37.64,51,-710"
2026-09-03T22:31:09.050+00:00,RIGHT_200,-200,"WHEEL,FR,-38.20,-34.75,-51,1218"
2026-09-03T22:31:09.082+00:00,RIGHT_200,-200,"WHEEL,BL,-38.20,-33.08,-46,2907"
2026-09-03T22:31:09.082+00:00,RIGHT_200,-200,"WHEEL,BR,38.20,39.88,39,-426"
2026-09-03T22:31:09.082+00:00,RIGHT_200,-200,"POSE,-41.1,1645.8,89.90,0"
2026-09-03T22:31:09.082+00:00,RIGHT_200,-200,"SYS,WAIT_START,0,1,8,MANUAL,RED,0"
2026-09-03T22:31:09.159+00:00,RIGHT_200,-200,"HDG,89.90,89.85,-0.05,1,1"
2026-09-03T22:31:09.159+00:00,RIGHT_200,-200,"TOF,457.0,1,170,-287.0"
2026-09-03T22:31:09.159+00:00,RIGHT_200,-200,"TOFI,0,0,0,1"
2026-09-03T22:31:09.159+00:00,RIGHT_200,-200,"AUTO,2,0,0,0,0,NONE,NONE,0,3"
2026-09-03T22:31:09.159+00:00,RIGHT_200,-200,"MOTION,1219107,1,0.00,-200.00,0.0000,0.00,0.00"
2026-09-03T22:31:09.223+00:00,RIGHT_200,-200,"TEL,1219254,30.62,-29.37,-47.60,50.84,89.83,-0.402,0.0"
2026-09-03T22:31:09.223+00:00,RIGHT_200,-200,"WHEEL,FL,38.20,30.62,56,-675"
2026-09-03T22:31:09.254+00:00,RIGHT_200,-200,"WHEEL,FR,-38.20,-29.37,-55,1184"
2026-09-03T22:31:09.286+00:00,RIGHT_200,-200,"WHEEL,BL,-38.20,-47.60,-35,2871"
2026-09-03T22:31:09.286+00:00,RIGHT_200,-200,"WHEEL,BR,38.20,50.84,30,-389"
2026-09-03T22:31:09.286+00:00,RIGHT_200,-200,"POSE,-3.9,1646.0,89.69,0"
2026-09-03T22:31:09.286+00:00,RIGHT_200,-200,"SYS,WAIT_START,0,1,8,MANUAL,RED,0"
2026-09-03T22:31:09.317+00:00,RIGHT_200,-200,"HDG,89.83,89.85,0.02,1,1"
2026-09-03T22:31:09.317+00:00,RIGHT_200,-200,"TOF,457.0,1,170,-287.0"
2026-09-03T22:31:09.394+00:00,RIGHT_200,-200,"TOFI,0,0,0,1"
2026-09-03T22:31:09.395+00:00,RIGHT_200,-200,"AUTO,2,0,0,0,0,NONE,NONE,0,3"
2026-09-03T22:31:09.395+00:00,RIGHT_200,-200,"MOTION,1219306,1,0.00,-200.00,0.0000,0.00,0.00"
2026-09-03T22:31:09.426+00:00,RIGHT_200,-200,"TEL,1219454,36.67,-34.05,-46.41,45.49,88.95,-0.402,0.0"
2026-09-03T22:31:09.427+00:00,RIGHT_200,-200,"WHEEL,FL,27.71,36.67,41,-632"
2026-09-03T22:31:09.505+00:00,RIGHT_200,-200,"WHEEL,FR,-27.71,-34.05,-40,1142"
2026-09-03T22:31:09.505+00:00,RIGHT_200,-200,"WHEEL,BL,-48.68,-46.41,-47,2838"
2026-09-03T22:31:09.505+00:00,RIGHT_200,-200,"WHEEL,BR,48.68,45.49,45,-353"
2026-09-03T22:31:09.505+00:00,RIGHT_200,-200,"POSE,36.4,1646.5,88.89,0"
2026-09-03T22:31:09.505+00:00,RIGHT_200,-200,"SYS,WAIT_START,0,1,8,MANUAL,RED,0"
2026-09-03T22:31:09.505+00:00,RIGHT_200,-200,"HDG,88.95,89.85,0.90,1,1"
2026-09-03T22:31:09.505+00:00,RIGHT_200,-200,"TOF,456.0,1,170,-286.0"
2026-09-03T22:31:09.537+00:00,RIGHT_200,-200,"TOFI,0,0,0,1"
2026-09-03T22:31:09.537+00:00,RIGHT_200,-200,"AUTO,2,0,0,0,0,NONE,NONE,0,3"
2026-09-03T22:31:09.568+00:00,RIGHT_200,-200,"MOTION,1219506,1,0.00,-200.00,0.1800,0.00,0.00"
2026-09-03T22:31:09.629+00:00,RIGHT_200,-200,"TEL,1219654,45.90,-40.49,-28.05,39.38,89.98,-0.402,0.0"
2026-09-03T22:31:09.629+00:00,RIGHT_200,-200,"WHEEL,FL,38.20,45.90,44,-592"
2026-09-03T22:31:09.659+00:00,RIGHT_200,-200,"WHEEL,FR,-38.20,-40.49,-46,1112"
2026-09-03T22:31:09.660+00:00,RIGHT_200,-200,"WHEEL,BL,-38.20,-28.05,-51,2799"
2026-09-03T22:31:09.660+00:00,RIGHT_200,-200,"WHEEL,BR,38.20,39.38,39,-301"
2026-09-03T22:31:09.691+00:00,RIGHT_200,-200,"POSE,78.6,1652.3,89.98,0"
2026-09-03T22:31:09.691+00:00,RIGHT_200,-200,"SYS,WAIT_START,0,1,8,MANUAL,RED,0"
2026-09-03T22:31:09.722+00:00,RIGHT_200,-200,"HDG,89.98,89.85,-0.13,1,1"
2026-09-03T22:31:09.722+00:00,RIGHT_200,-200,"TOF,457.0,1,170,-287.0"
2026-09-03T22:31:09.722+00:00,RIGHT_200,-200,"TOFI,0,0,0,1"
2026-09-03T22:31:09.722+00:00,RIGHT_200,-200,"AUTO,2,0,0,0,0,NONE,NONE,0,3"
2026-09-03T22:31:09.753+00:00,RIGHT_200,-200,"MOTION,1219707,1,0.00,-200.00,0.0000,0.00,0.00"
2026-09-03T22:31:09.846+00:00,RIGHT_200,-200,"TEL,1219854,42.43,-37.33,-30.10,34.89,90.25,-0.402,0.0"
2026-09-03T22:31:09.846+00:00,RIGHT_200,-200,"WHEEL,FL,38.20,42.43,47,-558"
2026-09-03T22:31:09.846+00:00,RIGHT_200,-200,"WHEEL,FR,-38.20,-37.33,-49,1078"
2026-09-03T22:31:09.878+00:00,RIGHT_200,-200,"WHEEL,BL,-38.20,-30.10,-49,2758"
2026-09-03T22:31:09.879+00:00,RIGHT_200,-200,"WHEEL,BR,38.20,34.89,43,-265"
2026-09-03T22:31:09.909+00:00,RIGHT_200,-200,"POSE,116.5,1651.0,90.25,0"
2026-09-03T22:31:09.909+00:00,RIGHT_200,-200,"SYS,WAIT_START,0,1,8,MANUAL,RED,0"
2026-09-03T22:31:09.909+00:00,RIGHT_200,-200,"HDG,90.25,89.85,-0.40,1,1"
2026-09-03T22:31:09.939+00:00,RIGHT_200,-200,"TOF,443.0,1,170,-273.0"
2026-09-03T22:31:09.939+00:00,RIGHT_200,-200,"TOFI,0,0,0,1"
2026-09-03T22:31:09.939+00:00,RIGHT_200,-200,"AUTO,2,0,0,0,0,NONE,NONE,0,3"
2026-09-03T22:31:09.939+00:00,RIGHT_200,-200,"MOTION,1219907,1,0.00,-200.00,0.0000,0.00,0.00"
2026-09-03T22:31:10.033+00:00,RIGHT_200,-200,"TEL,1220054,53.44,-42.18,-25.96,32.39,90.36,-0.402,0.0"
2026-09-03T22:31:10.033+00:00,RIGHT_200,-200,"WHEEL,FL,48.68,53.44,48,-520"
2026-09-03T22:31:10.064+00:00,RIGHT_200,-200,"WHEEL,FR,-48.68,-42.18,-56,1040"
2026-09-03T22:31:10.064+00:00,RIGHT_200,-200,"WHEEL,BL,-27.71,-25.96,-43,2722"
2026-09-03T22:31:10.064+00:00,RIGHT_200,-200,"WHEEL,BR,27.71,32.39,34,-229"
2026-09-03T22:31:10.095+00:00,RIGHT_200,-200,"POSE,155.3,1651.1,90.36,0"
2026-09-03T22:31:10.095+00:00,RIGHT_200,-200,"SYS,WAIT_START,0,1,8,MANUAL,RED,0"
2026-09-03T22:31:10.127+00:00,RIGHT_200,-200,"HDG,90.36,89.85,-0.50,1,1"
2026-09-03T22:31:10.128+00:00,RIGHT_200,-200,"TOF,448.0,1,170,-278.0"
2026-09-03T22:31:10.128+00:00,RIGHT_200,-200,"TOFI,0,0,0,1"
2026-09-03T22:31:10.128+00:00,RIGHT_200,-200,"AUTO,2,0,0,0,0,NONE,NONE,0,3"
2026-09-03T22:31:10.159+00:00,RIGHT_200,-200,"MOTION,1220106,1,0.00,-200.00,-0.1800,0.00,0.00"
2026-09-03T22:31:10.221+00:00,RIGHT_200,-200,"TEL,1220254,29.26,-33.20,-50.12,48.16,89.07,-0.402,0.0"
2026-09-03T22:31:10.221+00:00,RIGHT_200,-200,"WHEEL,FL,27.71,29.26,46,-481"
2026-09-03T22:31:10.252+00:00,RIGHT_200,-200,"WHEEL,FR,-27.71,-33.20,-41,995"
2026-09-03T22:31:10.282+00:00,RIGHT_200,-200,"WHEEL,BL,-48.68,-50.12,-44,2686"
2026-09-03T22:31:10.282+00:00,RIGHT_200,-200,"WHEEL,BR,48.68,48.16,43,-193"
2026-09-03T22:31:10.282+00:00,RIGHT_200,-200,"POSE,196.1,1648.8,89.07,0"
2026-09-03T22:31:10.282+00:00,RIGHT_200,-200,"SYS,WAIT_START,0,1,8,MANUAL,RED,0"
2026-09-03T22:31:10.361+00:00,REST,0,"G,89.07,89.85,0.78,1,1"
2026-09-03T22:31:10.361+00:00,REST,0,"TOF,448.0,1,170,-278.0"
2026-09-03T22:31:10.361+00:00,REST,0,"TOFI,0,0,0,1"
2026-09-03T22:31:10.361+00:00,REST,0,"AUTO,2,0,0,0,0,NONE,NONE,0,3"
2026-09-03T22:31:10.361+00:00,REST,0,"MOTION,1220306,1,0.00,-200.00,0.1800,0.00,0.00"
2026-09-03T22:31:10.470+00:00,REST,0,"TEL,1220454,44.40,-44.49,-23.55,23.95,90.66,-0.402,0.0"
2026-09-03T22:31:10.470+00:00,REST,0,"WHEEL,FL,48.68,44.40,55,-453"
2026-09-03T22:31:10.470+00:00,REST,0,"WHEEL,FR,-48.68,-44.49,-54,965"
2026-09-03T22:31:10.470+00:00,REST,0,"WHEEL,BL,-27.71,-23.55,-45,2652"
2026-09-03T22:31:10.470+00:00,REST,0,"WHEEL,BR,27.71,23.95,41,-153"
2026-09-03T22:31:10.501+00:00,REST,0,"POSE,230.6,1650.3,90.66,0"
2026-09-03T22:31:10.501+00:00,REST,0,"SYS,WAIT_START,0,1,8,MANUAL,RED,0"
2026-09-03T22:31:10.501+00:00,REST,0,"HDG,90.66,89.85,-0.80,1,1"
2026-09-03T22:31:10.501+00:00,REST,0,"TOF,431.0,1,170,-261.0"
2026-09-03T22:31:10.534+00:00,REST,0,"TOFI,0,0,0,1"
2026-09-03T22:31:10.534+00:00,REST,0,"AUTO,2,0,0,0,0,NONE,NONE,0,3"
2026-09-03T22:31:10.565+00:00,REST,0,"MOTION,1220507,1,0.00,-200.00,-0.1800,0.00,0.00"
2026-09-03T22:31:10.628+00:00,REST,0,"TEL,1220654,21.96,-17.89,-5.23,8.61,89.08,-0.402,0.0"
2026-09-03T22:31:10.628+00:00,REST,0,"WHEEL,FL,0.00,21.96,0,-414"
2026-09-03T22:31:10.706+00:00,REST,0,"WHEEL,FR,0.00,-17.89,0,929"
2026-09-03T22:31:10.706+00:00,REST,0,"WHEEL,BL,0.00,-5.23,0,2636"
2026-09-03T22:31:10.706+00:00,REST,0,"WHEEL,BR,0.00,8.61,0,-129"
2026-09-03T22:31:10.706+00:00,REST,0,"POSE,260.7,1653.1,89.08,0"
2026-09-03T22:31:10.706+00:00,REST,0,"SYS,WAIT_START,0,1,8,MANUAL,RED,0"
2026-09-03T22:31:10.706+00:00,REST,0,"HDG,89.08,89.85,0.78,1,1"
2026-09-03T22:31:10.706+00:00,REST,0,"TOF,431.0,1,170,-261.0"
2026-09-03T22:31:10.706+00:00,REST,0,"TOFI,0,0,0,1"
2026-09-03T22:31:10.736+00:00,REST,0,"AUTO,2,0,0,0,0,NONE,NONE,0,3"
2026-09-03T22:31:10.736+00:00,REST,0,"MOTION,1220703,0,0.00,0.00,0.0000,0.00,0.00"
2026-09-03T22:31:10.830+00:00,REST,0,"TEL,1220854,0.45,-0.37,-0.11,0.20,88.97,-0.402,0.0"
2026-09-03T22:31:10.830+00:00,REST,0,"WHEEL,FL,0.00,0.45,0,-414"
2026-09-03T22:31:10.861+00:00,REST,0,"WHEEL,FR,0.00,-0.37,0,929"
2026-09-03T22:31:10.861+00:00,REST,0,"WHEEL,BL,0.00,-0.11,0,2636"
2026-09-03T22:31:10.861+00:00,REST,0,"WHEEL,BR,0.00,0.20,0,-128"
2026-09-03T22:31:10.861+00:00,REST,0,"POSE,261.0,1653.4,88.97,0"
2026-09-03T22:31:10.893+00:00,REST,0,"SYS,WAIT_START,0,1,8,MANUAL,RED,0"
2026-09-03T22:31:10.925+00:00,REST,0,"HDG,88.97,89.85,0.88,1,1"
2026-09-03T22:31:10.925+00:00,REST,0,"TOF,431.0,1,170,-261.0"
2026-09-03T22:31:10.925+00:00,REST,0,"TOFI,0,0,0,1"
2026-09-03T22:31:10.925+00:00,REST,0,"AUTO,2,0,0,0,0,NONE,NONE,0,3"
2026-09-03T22:31:10.955+00:00,REST,0,"MOTION,1220902,0,0.00,0.00,0.0000,0.00,0.00"
2026-09-03T22:31:11.049+00:00,REST,0,"TEL,1221057,0.01,-0.00,-0.00,0.00,88.98,-0.402,0.0"
2026-09-03T22:31:11.049+00:00,REST,0,"WHEEL,FL,0.00,0.01,0,-414"
2026-09-03T22:31:11.049+00:00,REST,0,"WHEEL,FR,0.00,-0.00,0,929"
2026-09-03T22:31:11.049+00:00,REST,0,"WHEEL,BL,0.00,-0.00,0,2636"
2026-09-03T22:31:11.081+00:00,REST,0,"WHEEL,BR,0.00,0.00,0,-128"
2026-09-03T22:31:11.081+00:00,REST,0,"POSE,261.0,1653.4,88.98,0"
2026-09-03T22:31:11.081+00:00,REST,0,"SYS,WAIT_START,0,1,8,MANUAL,RED,0"
2026-09-03T22:31:11.112+00:00,REST,0,"HDG,88.98,89.85,0.88,1,1"
2026-09-03T22:31:11.112+00:00,REST,0,"TOF,438.0,1,170,-268.0"
2026-09-03T22:31:11.112+00:00,REST,0,"TOFI,0,0,0,1"
2026-09-03T22:31:11.142+00:00,LEFT_300,300,"0,0,0,0,NONE,NONE,0,3"
2026-09-03T22:31:11.142+00:00,LEFT_300,300,"MOTION,1221105,0,0.00,0.00,0.0000,0.00,0.00"
2026-09-03T22:31:11.236+00:00,LEFT_300,300,"TEL,1221257,0.00,-0.00,-0.00,0.00,88.98,-0.402,0.0"
2026-09-03T22:31:11.236+00:00,LEFT_300,300,"WHEEL,FL,0.00,0.00,0,-414"
2026-09-03T22:31:11.266+00:00,LEFT_300,300,"WHEEL,FR,0.00,-0.00,0,929"
2026-09-03T22:31:11.267+00:00,LEFT_300,300,"WHEEL,BL,0.00,-0.00,0,2636"
2026-09-03T22:31:11.267+00:00,LEFT_300,300,"WHEEL,BR,0.00,0.00,0,-128"
2026-09-03T22:31:11.267+00:00,LEFT_300,300,"POSE,261.0,1653.4,88.97,0"
2026-09-03T22:31:11.298+00:00,LEFT_300,300,"SYS,WAIT_START,0,1,8,MANUAL,RED,0"
2026-09-03T22:31:11.329+00:00,LEFT_300,300,"HDG,88.98,89.85,0.87,1,1"
2026-09-03T22:31:11.329+00:00,LEFT_300,300,"TOF,438.0,1,170,-268.0"
2026-09-03T22:31:11.329+00:00,LEFT_300,300,"TOFI,0,0,0,1"
2026-09-03T22:31:11.329+00:00,LEFT_300,300,"AUTO,2,0,0,0,0,NONE,NONE,0,3"
2026-09-03T22:31:11.360+00:00,LEFT_300,300,"MOTION,1221306,0,0.00,0.00,0.0000,0.00,0.00"
2026-09-03T22:31:11.439+00:00,LEFT_300,300,"TEL,1221457,-67.35,56.08,41.76,-49.52,90.31,-0.402,0.0"
2026-09-03T22:31:11.439+00:00,LEFT_300,300,"WHEEL,FL,-57.30,-67.35,-47,-453"
2026-09-03T22:31:11.471+00:00,LEFT_300,300,"WHEEL,FR,57.30,56.08,55,963"
2026-09-03T22:31:11.471+00:00,LEFT_300,300,"WHEEL,BL,57.30,41.76,58,2669"
2026-09-03T22:31:11.471+00:00,LEFT_300,300,"WHEEL,BR,-57.30,-49.52,-52,-149"
2026-09-03T22:31:11.549+00:00,LEFT_300,300,"POSE,227.8,1655.5,90.23,0"
2026-09-03T22:31:11.549+00:00,LEFT_300,300,"SYS,WAIT_START,0,1,8,MANUAL,RED,0"
2026-09-03T22:31:11.549+00:00,LEFT_300,300,"HDG,90.31,89.85,-0.45,1,1"
2026-09-03T22:31:11.549+00:00,LEFT_300,300,"TOF,438.0,1,170,-268.0"
2026-09-03T22:31:11.549+00:00,LEFT_300,300,"TOFI,0,0,0,1"
2026-09-03T22:31:11.549+00:00,LEFT_300,300,"AUTO,2,0,0,0,0,NONE,NONE,0,3"
2026-09-03T22:31:11.549+00:00,LEFT_300,300,"MOTION,1221509,1,0.00,300.00,0.0000,0.00,0.00"
2026-09-03T22:31:11.660+00:00,LEFT_300,300,"TEL,1221658,-71.84,70.65,66.93,-55.21,89.61,-0.402,0.0"
2026-09-03T22:31:11.661+00:00,LEFT_300,300,"WHEEL,FL,-57.30,-71.84,-44,-514"
2026-09-03T22:31:11.661+00:00,LEFT_300,300,"WHEEL,FR,57.30,70.65,44,1026"
2026-09-03T22:31:11.690+00:00,LEFT_300,300,"WHEEL,BL,57.30,66.93,37,2747"
2026-09-03T22:31:11.690+00:00,LEFT_300,300,"WHEEL,BR,-57.30,-55.21,-48,-210"
2026-09-03T22:31:11.690+00:00,LEFT_300,300,"POSE,159.0,1660.7,89.55,0"
2026-09-03T22:31:11.690+00:00,LEFT_300,300,"SYS,WAIT_START,0,1,8,MANUAL,RED,0"
2026-09-03T22:31:11.766+00:00,LEFT_300,300,"HDG,89.61,89.85,0.25,1,1"
2026-09-03T22:31:11.767+00:00,LEFT_300,300,"TOF,438.0,1,170,-268.0"
2026-09-03T22:31:11.767+00:00,LEFT_300,300,"TOFI,0,0,0,1"
2026-09-03T22:31:11.767+00:00,LEFT_300,300,"AUTO,2,0,0,0,0,NONE,NONE,0,3"
2026-09-03T22:31:11.767+00:00,LEFT_300,300,"MOTION,1221710,1,0.00,300.00,0.0000,0.00,0.00"
2026-09-03T22:31:11.876+00:00,LEFT_300,300,"TEL,1221858,-55.44,63.77,63.74,-51.51,89.88,-0.402,0.0"
2026-09-03T22:31:11.876+00:00,LEFT_300,300,"WHEEL,FL,-57.30,-55.44,-56,-566"
2026-09-03T22:31:11.876+00:00,LEFT_300,300,"WHEEL,FR,57.30,63.77,49,1084"
2026-09-03T22:31:11.876+00:00,LEFT_300,300,"WHEEL,BL,57.30,63.74,40,2807"
2026-09-03T22:31:11.876+00:00,LEFT_300,300,"WHEEL,BR,-57.30,-51.51,-51,-261"
2026-09-03T22:31:11.908+00:00,LEFT_300,300,"POSE,101.1,1664.8,89.85,0"
2026-09-03T22:31:11.908+00:00,LEFT_300,300,"SYS,WAIT_START,0,1,8,MANUAL,RED,0"
2026-09-03T22:31:11.908+00:00,LEFT_300,300,"HDG,89.88,89.85,-0.02,1,1"
2026-09-03T22:31:11.938+00:00,LEFT_300,300,"TOF,438.0,1,170,-268.0"
2026-09-03T22:31:11.938+00:00,LEFT_300,300,"TOFI,0,0,0,1"
2026-09-03T22:31:11.938+00:00,LEFT_300,300,"AUTO,2,0,0,0,0,NONE,NONE,0,3"
2026-09-03T22:31:11.969+00:00,LEFT_300,300,"MOTION,1221911,1,0.00,300.00,0.0000,0.00,0.00"
2026-09-03T22:31:12.032+00:00,LEFT_300,300,"TEL,1222059,-58.03,52.12,75.12,-69.80,90.22,-0.402,0.0"
2026-09-03T22:31:12.032+00:00,LEFT_300,300,"WHEEL,FL,-57.30,-58.03,-54,-633"
2026-09-03T22:31:12.110+00:00,LEFT_300,300,"WHEEL,FR,57.30,52.12,58,1145"
2026-09-03T22:31:12.110+00:00,LEFT_300,300,"WHEEL,BL,57.30,75.12,31,2871"
2026-09-03T22:31:12.110+00:00,LEFT_300,300,"WHEEL,BR,-57.30,-69.80,-37,-323"
2026-09-03T22:31:12.110+00:00,LEFT_300,300,"POSE,34.6,1663.3,90.22,0"
2026-09-03T22:31:12.110+00:00,LEFT_300,300,"SYS,WAIT_START,0,1,8,MANUAL,RED,0"
2026-09-03T22:31:12.110+00:00,LEFT_300,300,"HDG,90.22,89.85,-0.36,1,1"
2026-09-03T22:31:12.110+00:00,LEFT_300,300,"TOF,438.0,1,170,-268.0"
2026-09-03T22:31:12.141+00:00,LEFT_300,300,"TOFI,0,0,0,1"
2026-09-03T22:31:12.142+00:00,LEFT_300,300,"AUTO,2,0,0,0,0,NONE,NONE,0,3"
2026-09-03T22:31:12.142+00:00,LEFT_300,300,"MOTION,1222111,1,0.00,300.00,0.0000,0.00,0.00"
2026-09-03T22:31:12.235+00:00,LEFT_300,300,"TEL,1222259,-43.23,56.38,69.69,-65.24,91.49,-0.402,0.0"
2026-09-03T22:31:12.235+00:00,LEFT_300,300,"WHEEL,FL,-46.81,-43.23,-54,-697"
2026-09-03T22:31:12.267+00:00,LEFT_300,300,"WHEEL,FR,46.81,56.38,43,1212"
2026-09-03T22:31:12.268+00:00,LEFT_300,300,"WHEEL,BL,67.78,69.69,45,2931"
2026-09-03T22:31:12.268+00:00,LEFT_300,300,"WHEEL,BR,-67.78,-65.24,-51,-377"
2026-09-03T22:31:12.297+00:00,LEFT_300,300,"POSE,-29.5,1664.3,91.49,0"
2026-09-03T22:31:12.297+00:00,LEFT_300,300,"SYS,WAIT_START,0,1,8,MANUAL,RED,0"
2026-09-03T22:31:12.327+00:00,LEFT_300,300,"HDG,91.49,89.85,-1.63,1,1"
2026-09-03T22:31:12.328+00:00,LEFT_300,300,"TOF,452.0,1,170,-282.0"
2026-09-03T22:31:12.328+00:00,LEFT_300,300,"TOFI,0,0,0,1"
2026-09-03T22:31:12.328+00:00,LEFT_300,300,"AUTO,2,0,0,0,0,NONE,NONE,0,3"
2026-09-03T22:31:12.359+00:00,LEFT_300,300,"MOTION,1222311,1,0.00,300.00,-0.1800,0.00,0.00"
2026-09-03T22:31:12.469+00:00,LEFT_300,300,"TEL,1222460,-65.68,62.03,56.98,-56.55,89.98,-0.402,0.0"
2026-09-03T22:31:12.469+00:00,LEFT_300,300,"WHEEL,FL,-57.30,-65.68,-47,-754"
2026-09-03T22:31:12.469+00:00,LEFT_300,300,"WHEEL,FR,57.30,62.03,49,1259"
2026-09-03T22:31:12.500+00:00,LEFT_300,300,"WHEEL,BL,57.30,56.98,45,2994"
2026-09-03T22:31:12.500+00:00,LEFT_300,300,"WHEEL,BR,-57.30,-56.55,-47,-442"
2026-09-03T22:31:12.578+00:00,LEFT_300,300,"POSE,-90.2,1660.6,89.92,0"
2026-09-03T22:31:12.579+00:00,LEFT_300,300,"SYS,WAIT_START,0,1,8,MANUAL,RED,0"
2026-09-03T22:31:12.579+00:00,LEFT_300,300,"HDG,89.98,89.85,-0.13,1,1"
2026-09-03T22:31:12.579+00:00,LEFT_300,300,"TOF,467.0,1,170,-297.0"
2026-09-03T22:31:12.579+00:00,LEFT_300,300,"TOFI,0,0,0,1"
2026-09-03T22:31:12.579+00:00,LEFT_300,300,"AUTO,2,0,0,0,0,NONE,NONE,0,3"
2026-09-03T22:31:12.579+00:00,LEFT_300,300,"MOTION,1222512,1,0.00,300.00,0.0000,0.00,0.00"
2026-09-03T22:31:12.687+00:00,LEFT_300,300,"TEL,1222660,-59.28,56.06,66.62,-56.06,90.07,-0.402,0.0"
2026-09-03T22:31:12.687+00:00,LEFT_300,300,"WHEEL,FL,-57.30,-59.28,-51,-818"
2026-09-03T22:31:12.687+00:00,LEFT_300,300,"WHEEL,FR,57.30,56.06,53,1320"
2026-09-03T22:31:12.687+00:00,LEFT_300,300,"WHEEL,BL,57.30,66.62,38,3059"
2026-09-03T22:31:12.687+00:00,LEFT_300,300,"WHEEL,BR,-57.30,-56.06,-48,-504"
2026-09-03T22:31:12.687+00:00,LEFT_300,300,"POSE,-156.2,1660.0,90.07,0"
2026-09-03T22:31:12.687+00:00,LEFT_300,300,"SYS,WAIT_START,0,1,8,MANUAL,RED,0"
2026-09-03T22:31:12.718+00:00,LEFT_300,300,"HDG,90.07,89.85,-0.21,1,1"
2026-09-03T22:31:12.796+00:00,LEFT_300,300,"TOF,518.0,1,170,-348.0"
2026-09-03T22:31:12.796+00:00,LEFT_300,300,"TOFI,0,0,0,1"
2026-09-03T22:31:12.796+00:00,LEFT_300,300,"AUTO,2,0,0,0,0,NONE,NONE,0,3"
2026-09-03T22:31:12.796+00:00,LEFT_300,300,"MOTION,1222713,1,0.00,300.00,0.0000,0.00,0.00"
2026-09-03T22:31:12.827+00:00,LEFT_300,300,"TEL,1222860,-55.10,63.76,63.20,-55.79,90.23,-0.402,0.0"
2026-09-03T22:31:12.828+00:00,LEFT_300,300,"WHEEL,FL,-57.30,-55.10,-54,-877"
2026-09-03T22:31:12.906+00:00,LEFT_300,300,"WHEEL,FR,57.30,63.76,47,1383"
2026-09-03T22:31:12.906+00:00,LEFT_300,300,"WHEEL,BL,57.30,63.20,40,3119"
2026-09-03T22:31:12.906+00:00,LEFT_300,300,"WHEEL,BR,-57.30,-55.79,-48,-559"
2026-09-03T22:31:12.906+00:00,LEFT_300,300,"POSE,-218.3,1662.0,90.23,0"
2026-09-03T22:31:12.906+00:00,LEFT_300,300,"SYS,WAIT_START,0,1,8,MANUAL,RED,0"
2026-09-03T22:31:12.906+00:00,LEFT_300,300,"HDG,90.23,89.85,-0.38,1,1"
2026-09-03T22:31:12.938+00:00,LEFT_300,300,"TOF,518.0,1,170,-348.0"
2026-09-03T22:31:12.938+00:00,LEFT_300,300,"TOFI,0,0,0,1"
2026-09-03T22:31:12.938+00:00,LEFT_300,300,"AUTO,2,0,0,0,0,NONE,NONE,0,3"
2026-09-03T22:31:12.968+00:00,LEFT_300,300,"MOTION,1222913,1,0.00,300.00,0.0000,0.00,0.00"
2026-09-03T22:31:13.031+00:00,LEFT_300,300,"TEL,1223060,-53.17,62.46,62.48,-65.27,90.43,-0.402,0.0"
2026-09-03T22:31:13.031+00:00,LEFT_300,300,"WHEEL,FL,-46.81,-53.17,-45,-933"
2026-09-03T22:31:13.062+00:00,LEFT_300,300,"WHEEL,FR,46.81,62.46,37,1438"
2026-09-03T22:31:13.092+00:00,LEFT_300,300,"WHEEL,BL,67.78,62.48,51,3175"
2026-09-03T22:31:13.092+00:00,LEFT_300,300,"WHEEL,BR,-67.78,-65.27,-51,-612"
2026-09-03T22:31:13.092+00:00,LEFT_300,300,"POSE,-275.9,1662.3,90.43,0"
2026-09-03T22:31:13.092+00:00,LEFT_300,300,"SYS,WAIT_START,0,1,8,MANUAL,RED,0"
2026-09-03T22:31:13.124+00:00,LEFT_300,300,"HDG,90.43,89.85,-0.58,1,1"
2026-09-03T22:31:13.124+00:00,LEFT_300,300,"TOF,487.0,1,170,-317.0"
2026-09-03T22:31:13.125+00:00,LEFT_300,300,"TOFI,0,0,0,1"
2026-09-03T22:31:13.125+00:00,LEFT_300,300,"AUTO,2,0,0,0,0,NONE,NONE,0,3"
2026-09-03T22:31:13.155+00:00,REST,0,"ION,1223113,1,0.00,300.00,-0.1800,0.00,0.00"
2026-09-03T22:31:13.218+00:00,REST,0,"TEL,1223260,-63.23,58.22,49.95,-50.66,89.81,-0.402,0.0"
2026-09-03T22:31:13.218+00:00,REST,0,"WHEEL,FL,-57.30,-63.23,-48,-993"
2026-09-03T22:31:13.249+00:00,REST,0,"WHEEL,FR,57.30,58.22,51,1490"
2026-09-03T22:31:13.249+00:00,REST,0,"WHEEL,BL,57.30,49.95,50,3246"
2026-09-03T22:31:13.249+00:00,REST,0,"WHEEL,BR,-57.30,-50.66,-52,-672"
2026-09-03T22:31:13.327+00:00,REST,0,"POSE,-339.5,1663.7,89.81,0"
2026-09-03T22:31:13.327+00:00,REST,0,"SYS,WAIT_START,0,1,8,MANUAL,RED,0"
2026-09-03T22:31:13.327+00:00,REST,0,"HDG,89.81,89.85,0.04,1,1"
2026-09-03T22:31:13.327+00:00,REST,0,"TOF,480.0,1,170,-310.0"
2026-09-03T22:31:13.327+00:00,REST,0,"TOFI,0,0,0,1"
2026-09-03T22:31:13.327+00:00,REST,0,"AUTO,2,0,0,0,0,NONE,NONE,0,3"
2026-09-03T22:31:13.327+00:00,REST,0,"MOTION,1223312,1,0.00,300.00,0.0000,0.00,0.00"
2026-09-03T22:31:13.437+00:00,REST,0,"TEL,1223460,-23.04,28.42,25.07,-21.48,89.36,-0.402,0.0"
2026-09-03T22:31:13.437+00:00,REST,0,"WHEEL,FL,0.00,-23.04,0,-1035"
2026-09-03T22:31:13.437+00:00,REST,0,"WHEEL,FR,0.00,28.42,0,1533"
2026-09-03T22:31:13.437+00:00,REST,0,"WHEEL,BL,0.00,25.07,0,3300"
2026-09-03T22:31:13.468+00:00,REST,0,"WHEEL,BR,0.00,-21.48,0,-716"
2026-09-03T22:31:13.468+00:00,REST,0,"POSE,-387.4,1666.8,89.36,0"
2026-09-03T22:31:13.468+00:00,REST,0,"SYS,WAIT_START,0,1,8,MANUAL,RED,0"
2026-09-03T22:31:13.545+00:00,REST,0,"HDG,89.36,89.85,0.49,1,1"
2026-09-03T22:31:13.545+00:00,REST,0,"TOF,490.0,1,170,-320.0"
2026-09-03T22:31:13.545+00:00,REST,0,"TOFI,0,0,0,1"
2026-09-03T22:31:13.545+00:00,REST,0,"AUTO,2,0,0,0,0,NONE,NONE,0,3"
2026-09-03T22:31:13.545+00:00,REST,0,"MOTION,1223510,0,0.00,0.00,0.0000,0.00,0.00"
2026-09-03T22:31:13.654+00:00,REST,0,"TEL,1223660,-0.34,0.44,0.37,-0.15,89.62,-0.402,0.0"
2026-09-03T22:31:13.654+00:00,REST,0,"WHEEL,FL,0.00,-0.34,0,-1037"
2026-09-03T22:31:13.654+00:00,REST,0,"WHEEL,FR,0.00,0.44,0,1537"
2026-09-03T22:31:13.654+00:00,REST,0,"WHEEL,BL,0.00,0.37,0,3302"
2026-09-03T22:31:13.654+00:00,REST,0,"WHEEL,BR,0.00,-0.15,0,-716"
2026-09-03T22:31:13.654+00:00,REST,0,"POSE,-389.4,1667.8,89.62,0"
2026-09-03T22:31:13.686+00:00,REST,0,"SYS,WAIT_START,0,1,8,MANUAL,RED,0"
2026-09-03T22:31:13.686+00:00,REST,0,"HDG,89.62,89.85,0.23,1,1"
2026-09-03T22:31:13.686+00:00,REST,0,"TOF,535.0,1,170,-365.0"
2026-09-03T22:31:13.686+00:00,REST,0,"TOFI,0,0,0,1"
2026-09-03T22:31:13.717+00:00,REST,0,"AUTO,2,0,0,0,0,NONE,NONE,0,3"
2026-09-03T22:31:13.749+00:00,REST,0,"MOTION,1223709,0,0.00,0.00,0.0000,0.00,0.00"
2026-09-03T22:31:13.842+00:00,REST,0,"TEL,1223863,-0.00,0.01,0.00,-0.00,89.67,-0.402,0.0"
2026-09-03T22:31:13.842+00:00,REST,0,"WHEEL,FL,0.00,-0.00,0,-1037"
2026-09-03T22:31:13.875+00:00,REST,0,"WHEEL,FR,0.00,0.01,0,1537"
2026-09-03T22:31:13.875+00:00,REST,0,"WHEEL,BL,0.00,0.00,0,3302"
2026-09-03T22:31:13.875+00:00,REST,0,"WHEEL,BR,0.00,-0.00,0,-716"
2026-09-03T22:31:13.875+00:00,REST,0,"POSE,-389.4,1667.8,89.67,0"
2026-09-03T22:31:13.906+00:00,REST,0,"SYS,WAIT_START,0,1,8,MANUAL,RED,0"
2026-09-03T22:31:13.906+00:00,REST,0,"HDG,89.67,89.85,0.18,1,1"
2026-09-03T22:31:13.906+00:00,REST,0,"TOF,569.0,1,170,-399.0"
2026-09-03T22:31:13.906+00:00,REST,0,"TOFI,0,0,0,1"
2026-09-03T22:31:13.938+00:00,REST,0,"AUTO,2,0,0,0,0,NONE,NONE,0,3"
2026-09-03T22:31:14.015+00:00,RIGHT_300,-300,".00,0.0000,0.00,0.00"
2026-09-03T22:31:14.047+00:00,RIGHT_300,-300,"TEL,1224063,-0.00,0.00,0.00,-0.00,89.69,-0.402,0.0"
2026-09-03T22:31:14.047+00:00,RIGHT_300,-300,"WHEEL,FL,0.00,-0.00,0,-1037"
2026-09-03T22:31:14.047+00:00,RIGHT_300,-300,"WHEEL,FR,0.00,0.00,0,1537"
2026-09-03T22:31:14.047+00:00,RIGHT_300,-300,"WHEEL,BL,0.00,0.00,0,3302"
2026-09-03T22:31:14.127+00:00,RIGHT_300,-300,"WHEEL,BR,0.00,-0.00,0,-716"
2026-09-03T22:31:14.127+00:00,RIGHT_300,-300,"POSE,-389.4,1667.8,89.69,0"
2026-09-03T22:31:14.127+00:00,RIGHT_300,-300,"SYS,WAIT_START,0,1,8,MANUAL,RED,0"
2026-09-03T22:31:14.127+00:00,RIGHT_300,-300,"HDG,89.69,89.85,0.16,1,1"
2026-09-03T22:31:14.127+00:00,RIGHT_300,-300,"TOF,569.0,1,170,-399.0"
2026-09-03T22:31:14.127+00:00,RIGHT_300,-300,"TOFI,0,0,0,1"
2026-09-03T22:31:14.127+00:00,RIGHT_300,-300,"AUTO,2,0,0,0,0,NONE,NONE,0,3"
2026-09-03T22:31:14.158+00:00,RIGHT_300,-300,"MOTION,1224112,0,0.00,0.00,0.0000,0.00,0.00"
2026-09-03T22:31:14.253+00:00,RIGHT_300,-300,"TEL,1224280,45.53,-41.77,-70.30,60.11,89.45,-0.402,0.0"
2026-09-03T22:31:14.253+00:00,RIGHT_300,-300,"WHEEL,FL,57.30,45.53,64,-1012"
2026-09-03T22:31:14.253+00:00,RIGHT_300,-300,"WHEEL,FR,-57.30,-41.77,-65,1499"
2026-09-03T22:31:14.285+00:00,RIGHT_300,-300,"WHEEL,BL,-57.30,-70.30,-35,3265"
2026-09-03T22:31:14.285+00:00,RIGHT_300,-300,"WHEEL,BR,57.30,60.11,42,-675"
2026-09-03T22:31:14.285+00:00,RIGHT_300,-300,"POSE,-352.6,1665.1,89.45,0"
2026-09-03T22:31:14.364+00:00,RIGHT_300,-300,"SYS,WAIT_START,0,1,8,MANUAL,RED,0"
2026-09-03T22:31:14.364+00:00,RIGHT_300,-300,"HDG,89.45,89.85,0.40,1,1"
2026-09-03T22:31:14.364+00:00,RIGHT_300,-300,"TOF,585.0,1,170,-415.0"
2026-09-03T22:31:14.364+00:00,RIGHT_300,-300,"TOFI,0,0,0,1"
2026-09-03T22:31:14.364+00:00,RIGHT_300,-300,"AUTO,2,0,0,0,0,NONE,NONE,0,3"
2026-09-03T22:31:14.364+00:00,RIGHT_300,-300,"MOTION,1224333,1,0.00,-300.00,0.0000,0.00,0.00"
2026-09-03T22:31:14.458+00:00,RIGHT_300,-300,"TEL,1224485,52.47,-43.81,-73.96,65.56,88.86,-0.402,0.0"
2026-09-03T22:31:14.458+00:00,RIGHT_300,-300,"WHEEL,FL,46.81,52.47,47,-944"
2026-09-03T22:31:14.490+00:00,RIGHT_300,-300,"WHEEL,FR,-46.81,-43.81,-53,1443"
2026-09-03T22:31:14.490+00:00,RIGHT_300,-300,"WHEEL,BL,-67.78,-73.96,-42,3220"
2026-09-03T22:31:14.490+00:00,RIGHT_300,-300,"WHEEL,BR,67.78,65.56,48,-608"
2026-09-03T22:31:14.521+00:00,RIGHT_300,-300,"POSE,-290.7,1673.1,88.82,0"
2026-09-03T22:31:14.521+00:00,RIGHT_300,-300,"SYS,WAIT_START,0,1,8,MANUAL,RED,0"
2026-09-03T22:31:14.600+00:00,RIGHT_300,-300,"HDG,88.86,89.85,0.99,1,1"
2026-09-03T22:31:14.600+00:00,RIGHT_300,-300,"TOF,610.0,1,170,-440.0"
2026-09-03T22:31:14.600+00:00,RIGHT_300,-300,"TOFI,0,0,0,1"
2026-09-03T22:31:14.600+00:00,RIGHT_300,-300,"AUTO,2,0,0,0,0,NONE,NONE,0,3"
2026-09-03T22:31:14.600+00:00,RIGHT_300,-300,"MOTION,1224538,1,0.00,-300.00,0.1800,0.00,0.00"
2026-09-03T22:31:14.663+00:00,RIGHT_300,-300,"TEL,1224685,58.29,-49.82,-53.92,61.27,89.50,-0.402,0.0"
2026-09-03T22:31:14.663+00:00,RIGHT_300,-300,"WHEEL,FL,57.30,58.29,53,-886"
2026-09-03T22:31:14.694+00:00,RIGHT_300,-300,"WHEEL,FR,-57.30,-49.82,-59,1392"
2026-09-03T22:31:14.694+00:00,RIGHT_300,-300,"WHEEL,BL,-57.30,-53.92,-48,3169"
2026-09-03T22:31:14.694+00:00,RIGHT_300,-300,"WHEEL,BR,57.30,61.27,41,-543"
2026-09-03T22:31:14.725+00:00,RIGHT_300,-300,"POSE,-231.7,1677.9,89.42,0"
2026-09-03T22:31:14.726+00:00,RIGHT_300,-300,"SYS,WAIT_START,0,1,8,MANUAL,RED,0"
2026-09-03T22:31:14.726+00:00,RIGHT_300,-300,"HDG,89.50,89.85,0.35,1,1"
2026-09-03T22:31:14.757+00:00,RIGHT_300,-300,"TOF,611.0,1,170,-441.0"
2026-09-03T22:31:14.757+00:00,RIGHT_300,-300,"TOFI,0,0,0,1"
2026-09-03T22:31:14.757+00:00,RIGHT_300,-300,"AUTO,2,0,0,0,0,NONE,NONE,0,3"
2026-09-03T22:31:14.788+00:00,RIGHT_300,-300,"MOTION,1224737,1,0.00,-300.00,0.0000,0.00,0.00"
2026-09-03T22:31:14.851+00:00,RIGHT_300,-300,"TEL,1224886,50.12,-51.48,-63.19,60.82,89.43,-0.402,0.0"
2026-09-03T22:31:14.851+00:00,RIGHT_300,-300,"WHEEL,FL,57.30,50.12,59,-828"
2026-09-03T22:31:14.883+00:00,RIGHT_300,-300,"WHEEL,FR,-57.30,-51.48,-57,1336"
2026-09-03T22:31:14.962+00:00,RIGHT_300,-300,"WHEEL,BL,-57.30,-63.19,-41,3110"
2026-09-03T22:31:14.962+00:00,RIGHT_300,-300,"WHEEL,BR,57.30,60.82,42,-483"
2026-09-03T22:31:14.962+00:00,RIGHT_300,-300,"POSE,-170.7,1677.9,89.43,0"
2026-09-03T22:31:14.962+00:00,RIGHT_300,-300,"SYS,WAIT_START,0,1,8,MANUAL,RED,0"
2026-09-03T22:31:14.962+00:00,RIGHT_300,-300,"HDG,89.43,89.85,0.43,1,1"
2026-09-03T22:31:14.962+00:00,RIGHT_300,-300,"TOF,610.0,1,170,-440.0"
2026-09-03T22:31:14.962+00:00,RIGHT_300,-300,"TOFI,0,0,0,1"
2026-09-03T22:31:14.962+00:00,RIGHT_300,-300,"AUTO,2,0,0,0,0,NONE,NONE,0,3"
2026-09-03T22:31:14.993+00:00,RIGHT_300,-300,"MOTION,1224938,1,0.00,-300.00,0.0000,0.00,0.00"
2026-09-03T22:31:15.072+00:00,RIGHT_300,-300,"TEL,1225086,58.07,-55.53,-53.62,67.02,89.92,-0.402,0.0"
2026-09-03T22:31:15.072+00:00,RIGHT_300,-300,"WHEEL,FL,57.30,58.07,52,-767"
2026-09-03T22:31:15.072+00:00,RIGHT_300,-300,"WHEEL,FR,-57.30,-55.53,-54,1284"
2026-09-03T22:31:15.103+00:00,RIGHT_300,-300,"WHEEL,BL,-57.30,-53.62,-49,3059"
2026-09-03T22:31:15.103+00:00,RIGHT_300,-300,"WHEEL,BR,57.30,67.02,37,-418"
2026-09-03T22:31:15.135+00:00,RIGHT_300,-300,"POSE,-110.7,1683.4,89.92,0"
2026-09-03T22:31:15.135+00:00,RIGHT_300,-300,"SYS,WAIT_START,0,1,8,MANUAL,RED,0"
2026-09-03T22:31:15.135+00:00,RIGHT_300,-300,"HDG,89.92,89.85,-0.07,1,1"
2026-09-03T22:31:15.166+00:00,RIGHT_300,-300,"TOF,596.0,1,170,-426.0"
2026-09-03T22:31:15.167+00:00,RIGHT_300,-300,"TOFI,0,0,0,1"
2026-09-03T22:31:15.167+00:00,RIGHT_300,-300,"AUTO,2,0,0,0,0,NONE,NONE,0,3"
2026-09-03T22:31:15.167+00:00,RIGHT_300,-300,"MOTION,1225139,1,0.00,-300.00,0.0000,0.00,0.00"
2026-09-03T22:31:15.261+00:00,RIGHT_300,-300,"TEL,1225287,56.14,-56.43,-52.90,51.87,89.64,-0.402,0.0"
2026-09-03T22:31:15.261+00:00,RIGHT_300,-300,"WHEEL,FL,57.30,56.14,54,-717"
2026-09-03T22:31:15.292+00:00,RIGHT_300,-300,"WHEEL,FR,-57.30,-56.43,-54,1228"
2026-09-03T22:31:15.292+00:00,RIGHT_300,-300,"WHEEL,BL,-57.30,-52.90,-50,3006"
2026-09-03T22:31:15.292+00:00,RIGHT_300,-300,"WHEEL,BR,57.30,51.87,49,-369"
2026-09-03T22:31:15.325+00:00,RIGHT_300,-300,"POSE,-56.3,1680.3,89.64,0"
2026-09-03T22:31:15.325+00:00,RIGHT_300,-300,"SYS,WAIT_START,0,1,8,MANUAL,RED,0"
2026-09-03T22:31:15.401+00:00,RIGHT_300,-300,"HDG,89.64,89.85,0.21,1,1"
2026-09-03T22:31:15.401+00:00,RIGHT_300,-300,"TOF,585.0,1,170,-415.0"
2026-09-03T22:31:15.402+00:00,RIGHT_300,-300,"TOFI,0,0,0,1"
2026-09-03T22:31:15.402+00:00,RIGHT_300,-300,"AUTO,2,0,0,0,0,NONE,NONE,0,3"
2026-09-03T22:31:15.402+00:00,RIGHT_300,-300,"MOTION,1225339,1,0.00,-300.00,0.0000,0.00,0.00"
2026-09-03T22:31:15.512+00:00,RIGHT_300,-300,"TEL,1225490,59.22,-57.34,-48.18,55.57,89.88,-0.402,0.0"
2026-09-03T22:31:15.512+00:00,RIGHT_300,-300,"WHEEL,FL,57.30,59.22,52,-657"
2026-09-03T22:31:15.512+00:00,RIGHT_300,-300,"WHEEL,FR,-57.30,-57.34,-53,1169"
2026-09-03T22:31:15.512+00:00,RIGHT_300,-300,"WHEEL,BL,-57.30,-48.18,-54,2954"
2026-09-03T22:31:15.512+00:00,RIGHT_300,-300,"WHEEL,BR,57.30,55.57,46,-301"
2026-09-03T22:31:15.512+00:00,RIGHT_300,-300,"POSE,6.3,1684.6,89.87,0"
2026-09-03T22:31:15.512+00:00,RIGHT_300,-300,"SYS,WAIT_START,0,1,8,MANUAL,RED,0"
2026-09-03T22:31:15.544+00:00,RIGHT_300,-300,"HDG,89.88,89.85,-0.03,1,1"
2026-09-03T22:31:15.544+00:00,RIGHT_300,-300,"TOF,579.0,1,170,-409.0"
2026-09-03T22:31:15.621+00:00,RIGHT_300,-300,"TOFI,0,0,0,1"
2026-09-03T22:31:15.621+00:00,RIGHT_300,-300,"AUTO,2,0,0,0,0,NONE,NONE,0,3"
2026-09-03T22:31:15.621+00:00,RIGHT_300,-300,"MOTION,1225542,1,0.00,-300.00,0.0000,0.00,0.00"
2026-09-03T22:31:15.652+00:00,RIGHT_300,-300,"TEL,1225690,66.40,-60.63,-57.19,59.02,89.88,-0.402,0.0"
2026-09-03T22:31:15.652+00:00,RIGHT_300,-300,"WHEEL,FL,57.30,66.40,46,-597"
2026-09-03T22:31:15.683+00:00,RIGHT_300,-300,"WHEEL,FR,-57.30,-60.63,-50,1113"
2026-09-03T22:31:15.715+00:00,RIGHT_300,-300,"WHEEL,BL,-57.30,-57.19,-47,2895"
2026-09-03T22:31:15.715+00:00,RIGHT_300,-300,"WHEEL,BR,57.30,59.02,43,-240"
2026-09-03T22:31:15.715+00:00,RIGHT_300,-300,"POSE,68.1,1686.1,89.96,0"
2026-09-03T22:31:15.715+00:00,RIGHT_300,-300,"SYS,WAIT_START,0,1,8,MANUAL,RED,0"
2026-09-03T22:31:15.747+00:00,RIGHT_300,-300,"HDG,89.88,89.85,-0.03,1,1"
2026-09-03T22:31:15.747+00:00,RIGHT_300,-300,"TOF,566.0,1,170,-396.0"
2026-09-03T22:31:15.747+00:00,RIGHT_300,-300,"TOFI,0,0,0,1"
2026-09-03T22:31:15.747+00:00,RIGHT_300,-300,"AUTO,2,0,0,0,0,NONE,NONE,0,3"
2026-09-03T22:31:15.778+00:00,RIGHT_300,-300,"MOTION,1225742,1,0.00,-300.00,0.0000,0.00,0.00"
2026-09-03T22:31:15.855+00:00,RIGHT_300,-300,"TEL,1225891,55.02,-60.26,-56.57,55.23,90.11,-0.402,0.0"
2026-09-03T22:31:15.855+00:00,RIGHT_300,-300,"WHEEL,FL,57.30,55.02,55,-541"
2026-09-03T22:31:15.886+00:00,RIGHT_300,-300,"WHEEL,FR,-57.30,-60.26,-51,1058"
2026-09-03T22:31:15.886+00:00,RIGHT_300,-300,"WHEEL,BL,-57.30,-56.57,-47,2842"
2026-09-03T22:31:15.886+00:00,RIGHT_300,-300,"WHEEL,BR,57.30,55.23,46,-180"
2026-09-03T22:31:15.964+00:00,RIGHT_300,-300,"POSE,126.8,1688.2,90.17,0"
2026-09-03T22:31:15.964+00:00,RIGHT_300,-300,"SYS,WAIT_START,0,1,8,MANUAL,RED,0"
2026-09-03T22:31:15.964+00:00,RIGHT_300,-300,"HDG,90.11,89.85,-0.25,1,1"
2026-09-03T22:31:15.964+00:00,RIGHT_300,-300,"TOF,513.0,1,170,-343.0"
2026-09-03T22:31:15.964+00:00,RIGHT_300,-300,"TOFI,0,0,0,1"
2026-09-03T22:31:15.964+00:00,RIGHT_300,-300,"AUTO,2,0,0,0,0,NONE,NONE,0,3"
2026-09-03T22:31:16.042+00:00,REST,0,"ON,1225943,1,0.00,-300.00,0.0000,0.00,0.00"
2026-09-03T22:31:16.073+00:00,REST,0,"TEL,1226091,58.15,-51.89,-61.43,52.74,89.63,-0.402,0.0"
2026-09-03T22:31:16.073+00:00,REST,0,"WHEEL,FL,57.30,58.15,52,-479"
2026-09-03T22:31:16.073+00:00,REST,0,"WHEEL,FR,-57.30,-51.89,-57,1003"
2026-09-03T22:31:16.151+00:00,REST,0,"WHEEL,BL,-57.30,-61.43,-44,2791"
2026-09-03T22:31:16.151+00:00,REST,0,"WHEEL,BR,57.30,52.74,48,-121"
2026-09-03T22:31:16.151+00:00,REST,0,"POSE,186.2,1691.9,89.63,0"
2026-09-03T22:31:16.151+00:00,REST,0,"SYS,WAIT_START,0,1,8,MANUAL,RED,0"
2026-09-03T22:31:16.151+00:00,REST,0,"HDG,89.63,89.85,0.23,1,1"
2026-09-03T22:31:16.151+00:00,REST,0,"TOF,501.0,1,170,-331.0"
2026-09-03T22:31:16.151+00:00,REST,0,"TOFI,0,0,0,1"
2026-09-03T22:31:16.151+00:00,REST,0,"AUTO,2,0,0,0,0,NONE,NONE,0,3"
2026-09-03T22:31:16.183+00:00,REST,0,"MOTION,1226143,1,0.00,-300.00,0.0000,0.00,0.00"
2026-09-03T22:31:16.260+00:00,REST,0,"TEL,1226291,14.24,-19.85,-5.20,24.14,90.04,-0.402,0.0"
2026-09-03T22:31:16.260+00:00,REST,0,"WHEEL,FL,0.00,14.24,0,-444"
2026-09-03T22:31:16.291+00:00,REST,0,"WHEEL,FR,0.00,-19.85,0,956"
2026-09-03T22:31:16.291+00:00,REST,0,"WHEEL,BL,0.00,-5.20,0,2759"
2026-09-03T22:31:16.292+00:00,REST,0,"WHEEL,BR,0.00,24.14,0,-81"
2026-09-03T22:31:16.292+00:00,REST,0,"POSE,226.5,1690.7,90.04,0"
2026-09-03T22:31:16.369+00:00,REST,0,"SYS,WAIT_START,0,1,8,MANUAL,RED,0"
2026-09-03T22:31:16.369+00:00,REST,0,"HDG,90.04,89.85,-0.19,1,1"
2026-09-03T22:31:16.369+00:00,REST,0,"TOF,501.0,1,170,-331.0"
2026-09-03T22:31:16.369+00:00,REST,0,"TOFI,0,0,0,1"
2026-09-03T22:31:16.369+00:00,REST,0,"AUTO,2,0,0,0,0,NONE,NONE,0,3"
2026-09-03T22:31:16.369+00:00,REST,0,"MOTION,1226340,0,0.00,0.00,0.0000,0.00,0.00"
2026-09-03T22:31:16.479+00:00,REST,0,"TEL,1226492,-0.06,-0.46,-0.11,-0.31,90.29,-0.402,0.0"
2026-09-03T22:31:16.479+00:00,REST,0,"WHEEL,FL,0.00,-0.06,0,-447"
2026-09-03T22:31:16.479+00:00,REST,0,"WHEEL,FR,0.00,-0.46,0,954"
2026-09-03T22:31:16.479+00:00,REST,0,"WHEEL,BL,0.00,-0.11,0,2759"
2026-09-03T22:31:16.511+00:00,REST,0,"WHEEL,BR,0.00,-0.31,0,-82"
2026-09-03T22:31:16.511+00:00,REST,0,"POSE,226.0,1689.1,90.29,0"
2026-09-03T22:31:16.511+00:00,REST,0,"SYS,WAIT_START,0,1,8,MANUAL,RED,0"
2026-09-03T22:31:16.542+00:00,REST,0,"HDG,90.29,89.85,-0.44,1,1"
2026-09-03T22:31:16.542+00:00,REST,0,"TOF,501.0,1,170,-331.0"
2026-09-03T22:31:16.542+00:00,REST,0,"TOFI,0,0,0,1"
2026-09-03T22:31:16.572+00:00,REST,0,"AUTO,2,0,0,0,0,NONE,NONE,0,3"
2026-09-03T22:31:16.573+00:00,REST,0,"MOTION,1226541,0,0.00,0.00,0.0000,0.00,0.00"
2026-09-03T22:31:16.714+00:00,REST,0,"TEL,1226693,-0.00,-0.01,-0.00,-0.00,90.32,-0.402,0.0"
2026-09-03T22:31:16.714+00:00,REST,0,"WHEEL,FL,0.00,-0.00,0,-447"
2026-09-03T22:31:16.714+00:00,REST,0,"WHEEL,FR,0.00,-0.01,0,954"
2026-09-03T22:31:16.714+00:00,REST,0,"WHEEL,BL,0.00,-0.00,0,2759"
2026-09-03T22:31:16.714+00:00,REST,0,"WHEEL,BR,0.00,-0.00,0,-82"
2026-09-03T22:31:16.714+00:00,REST,0,"POSE,226.0,1689.1,90.32,0"
2026-09-03T22:31:16.714+00:00,REST,0,"SYS,WAIT_START,0,1,8,MANUAL,RED,0"
2026-09-03T22:31:16.746+00:00,REST,0,"HDG,90.32,89.85,-0.46,1,1"
2026-09-03T22:31:16.746+00:00,REST,0,"TOF,501.0,1,170,-331.0"
2026-09-03T22:31:16.746+00:00,REST,0,"TOFI,0,0,0,1"
2026-09-03T22:31:16.746+00:00,REST,0,"AUTO,2,0,0,0,0,NONE,NONE,0,3"
2026-09-03T22:31:16.777+00:00,REST,0,"MOTION,1226742,0,0.00,0.00,0.0000,0.00,0.00"
2026-09-03T22:31:16.870+00:00,LEFT_400,400,"TEL,1226893,-0.00,-0.00,-0.00,-0.00,90.31,-0.402,0.0"
2026-09-03T22:31:16.870+00:00,LEFT_400,400,"WHEEL,FL,0.00,-0.00,0,-447"
2026-09-03T22:31:16.870+00:00,LEFT_400,400,"WHEEL,FR,0.00,-0.00,0,954"
2026-09-03T22:31:16.870+00:00,LEFT_400,400,"WHEEL,BL,0.00,-0.00,0,2759"
2026-09-03T22:31:16.901+00:00,LEFT_400,400,"WHEEL,BR,0.00,-0.00,0,-82"
2026-09-03T22:31:16.901+00:00,LEFT_400,400,"POSE,226.0,1689.1,90.31,0"
2026-09-03T22:31:16.979+00:00,LEFT_400,400,"SYS,WAIT_START,0,1,8,MANUAL,RED,0"
2026-09-03T22:31:16.979+00:00,LEFT_400,400,"HDG,90.31,89.85,-0.46,1,1"
2026-09-03T22:31:16.979+00:00,LEFT_400,400,"TOF,525.0,1,170,-355.0"
2026-09-03T22:31:16.979+00:00,LEFT_400,400,"TOFI,0,0,0,1"
2026-09-03T22:31:16.979+00:00,LEFT_400,400,"AUTO,2,0,0,0,0,NONE,NONE,0,3"
2026-09-03T22:31:16.979+00:00,LEFT_400,400,"MOTION,1226943,0,0.00,0.00,0.0000,0.00,0.00"
2026-09-03T22:31:17.089+00:00,LEFT_400,400,"TEL,1227094,-70.80,45.32,76.08,-81.37,91.02,-0.402,0.0"
2026-09-03T22:31:17.089+00:00,LEFT_400,400,"WHEEL,FL,-65.91,-70.80,-52,-484"
2026-09-03T22:31:17.089+00:00,LEFT_400,400,"WHEEL,FR,65.91,45.32,71,983"
2026-09-03T22:31:17.089+00:00,LEFT_400,400,"WHEEL,BL,86.88,76.08,58,2805"
2026-09-03T22:31:17.089+00:00,LEFT_400,400,"WHEEL,BR,-86.88,-81.37,-55,-118"
2026-09-03T22:31:17.119+00:00,LEFT_400,400,"POSE,187.3,1689.3,91.02,0"
2026-09-03T22:31:17.120+00:00,LEFT_400,400,"SYS,WAIT_START,0,1,8,MANUAL,RED,0"
2026-09-03T22:31:17.198+00:00,LEFT_400,400,"HDG,91.02,89.85,-1.16,1,1"
2026-09-03T22:31:17.198+00:00,LEFT_400,400,"TOF,525.0,1,170,-355.0"
2026-09-03T22:31:17.198+00:00,LEFT_400,400,"TOFI,0,0,0,1"
2026-09-03T22:31:17.198+00:00,LEFT_400,400,"AUTO,2,0,0,0,0,NONE,NONE,0,3"
2026-09-03T22:31:17.198+00:00,LEFT_400,400,"MOTION,1227146,1,0.00,400.00,-0.1800,0.00,0.00"
2026-09-03T22:31:17.306+00:00,LEFT_400,400,"TEL,1227297,-72.57,76.51,86.29,-90.68,90.88,-0.402,0.0"
2026-09-03T22:31:17.307+00:00,LEFT_400,400,"WHEEL,FL,-65.91,-72.57,-50,-556"
2026-09-03T22:31:17.307+00:00,LEFT_400,400,"WHEEL,FR,65.91,76.51,47,1064"
2026-09-03T22:31:17.307+00:00,LEFT_400,400,"WHEEL,BL,86.88,86.29,50,2887"
2026-09-03T22:31:17.307+00:00,LEFT_400,400,"WHEEL,BR,-86.88,-90.68,-48,-194"
2026-09-03T22:31:17.307+00:00,LEFT_400,400,"POSE,105.8,1691.4,90.96,0"
2026-09-03T22:31:17.307+00:00,LEFT_400,400,"SYS,WAIT_START,0,1,8,MANUAL,RED,0"
2026-09-03T22:31:17.338+00:00,LEFT_400,400,"HDG,90.88,89.85,-1.03,1,1"
2026-09-03T22:31:17.418+00:00,LEFT_400,400,"TOF,525.0,1,170,-355.0"
2026-09-03T22:31:17.418+00:00,LEFT_400,400,"TOFI,0,0,0,1"
2026-09-03T22:31:17.418+00:00,LEFT_400,400,"AUTO,2,0,0,0,0,NONE,NONE,0,3"
2026-09-03T22:31:17.418+00:00,LEFT_400,400,"MOTION,1227349,1,0.00,400.00,-0.1800,0.00,0.00"
2026-09-03T22:31:17.449+00:00,LEFT_400,400,"TEL,1227497,-82.07,85.27,74.57,-67.77,89.86,-0.402,0.0"
2026-09-03T22:31:17.449+00:00,LEFT_400,400,"WHEEL,FL,-76.39,-82.07,-53,-626"
2026-09-03T22:31:17.481+00:00,LEFT_400,400,"WHEEL,FR,76.39,85.27,51,1140"
2026-09-03T22:31:17.513+00:00,LEFT_400,400,"WHEEL,BL,76.39,74.57,49,2972"
2026-09-03T22:31:17.513+00:00,LEFT_400,400,"WHEEL,BR,-76.39,-67.77,-56,-266"
2026-09-03T22:31:17.513+00:00,LEFT_400,400,"POSE,26.5,1696.6,89.78,0"
2026-09-03T22:31:17.513+00:00,LEFT_400,400,"SYS,WAIT_START,0,1,8,MANUAL,RED,0"
2026-09-03T22:31:17.544+00:00,LEFT_400,400,"HDG,89.86,89.85,-0.01,1,1"
2026-09-03T22:31:17.544+00:00,LEFT_400,400,"TOF,525.0,1,170,-355.0"
2026-09-03T22:31:17.576+00:00,LEFT_400,400,"TOFI,0,0,0,1"
2026-09-03T22:31:17.576+00:00,LEFT_400,400,"AUTO,2,0,0,0,0,NONE,NONE,0,3"
2026-09-03T22:31:17.576+00:00,LEFT_400,400,"MOTION,1227549,1,0.00,400.00,0.0000,0.00,0.00"
2026-09-03T22:31:17.655+00:00,LEFT_400,400,"TEL,1227697,-77.72,77.01,65.95,-78.55,90.12,-0.402,0.0"
2026-09-03T22:31:17.655+00:00,LEFT_400,400,"WHEEL,FL,-76.39,-77.72,-56,-707"
2026-09-03T22:31:17.686+00:00,LEFT_400,400,"WHEEL,FR,76.39,77.01,57,1219"
2026-09-03T22:31:17.766+00:00,LEFT_400,400,"WHEEL,BL,76.39,65.95,56,3052"
2026-09-03T22:31:17.766+00:00,LEFT_400,400,"WHEEL,BR,-76.39,-78.55,-47,-346"
2026-09-03T22:31:17.766+00:00,LEFT_400,400,"POSE,-57.3,1696.5,90.13,0"
2026-09-03T22:31:17.766+00:00,LEFT_400,400,"SYS,WAIT_START,0,1,8,MANUAL,RED,0"
2026-09-03T22:31:17.766+00:00,LEFT_400,400,"HDG,90.12,89.85,-0.26,1,1"
2026-09-03T22:31:17.766+00:00,LEFT_400,400,"TOF,629.0,1,170,-459.0"
2026-09-03T22:31:17.766+00:00,LEFT_400,400,"TOFI,0,0,0,1"
2026-09-03T22:31:17.766+00:00,LEFT_400,400,"AUTO,2,0,0,0,0,NONE,NONE,0,3"
2026-09-03T22:31:17.797+00:00,LEFT_400,400,"MOTION,1227750,1,0.00,400.00,0.0000,0.00,0.00"
2026-09-03T22:31:17.860+00:00,LEFT_400,400,"TEL,1227897,-75.33,77.98,96.70,-80.74,90.79,-0.402,0.0"
2026-09-03T22:31:17.860+00:00,LEFT_400,400,"WHEEL,FL,-65.91,-75.33,-47,-791"
2026-09-03T22:31:17.892+00:00,LEFT_400,400,"WHEEL,FR,65.91,77.98,44,1309"
2026-09-03T22:31:17.892+00:00,LEFT_400,400,"WHEEL,BL,86.88,96.70,42,3147"
2026-09-03T22:31:17.892+00:00,LEFT_400,400,"WHEEL,BR,-86.88,-80.74,-56,-419"
2026-09-03T22:31:17.924+00:00,LEFT_400,400,"POSE,-146.9,1702.3,90.82,0"
2026-09-03T22:31:17.924+00:00,LEFT_400,400,"SYS,WAIT_START,0,1,8,MANUAL,RED,0"
2026-09-03T22:31:17.955+00:00,LEFT_400,400,"HDG,90.79,89.85,-0.93,1,1"
2026-09-03T22:31:17.955+00:00,LEFT_400,400,"TOF,629.0,1,170,-459.0"
2026-09-03T22:31:17.955+00:00,LEFT_400,400,"TOFI,0,0,0,1"
2026-09-03T22:31:17.955+00:00,LEFT_400,400,"AUTO,2,0,0,0,0,NONE,NONE,0,3"
2026-09-03T22:31:17.986+00:00,LEFT_400,400,"MOTION,1227950,1,0.00,400.00,-0.1800,0.00,0.00"
2026-09-03T22:31:18.048+00:00,LEFT_400,400,"TEL,1228097,-96.09,83.41,62.66,-63.04,89.39,-0.402,0.0"
2026-09-03T22:31:18.048+00:00,LEFT_400,400,"WHEEL,FL,-86.88,-96.09,-51,-865"
2026-09-03T22:31:18.127+00:00,LEFT_400,400,"WHEEL,FR,86.88,83.41,62,1379"
2026-09-03T22:31:18.127+00:00,LEFT_400,400,"WHEEL,BL,65.91,62.66,48,3221"
2026-09-03T22:31:18.127+00:00,LEFT_400,400,"WHEEL,BR,-65.91,-63.04,-49,-502"
2026-09-03T22:31:18.127+00:00,LEFT_400,400,"POSE,-225.7,1699.9,89.21,0"
2026-09-03T22:31:18.127+00:00,LEFT_400,400,"SYS,WAIT_START,0,1,8,MANUAL,RED,0"
2026-09-03T22:31:18.127+00:00,LEFT_400,400,"HDG,89.39,89.85,0.46,1,1"
2026-09-03T22:31:18.157+00:00,LEFT_400,400,"TOF,553.0,1,170,-383.0"
2026-09-03T22:31:18.158+00:00,LEFT_400,400,"TOFI,0,0,0,1"
2026-09-03T22:31:18.158+00:00,LEFT_400,400,"AUTO,2,0,0,0,0,NONE,NONE,0,3"
2026-09-03T22:31:18.189+00:00,LEFT_400,400,"MOTION,1228150,1,0.00,400.00,0.1800,0.00,0.00"
2026-09-03T22:31:18.251+00:00,LEFT_400,400,"TEL,1228297,-69.07,78.28,80.80,-76.98,90.09,-0.402,0.0"
2026-09-03T22:31:18.251+00:00,LEFT_400,400,"WHEEL,FL,-76.39,-69.07,-62,-939"
2026-09-03T22:31:18.283+00:00,LEFT_400,400,"WHEEL,FR,76.39,78.28,55,1465"
2026-09-03T22:31:18.313+00:00,LEFT_400,400,"WHEEL,BL,76.39,80.80,44,3292"
2026-09-03T22:31:18.313+00:00,LEFT_400,400,"WHEEL,BR,-76.39,-76.98,-49,-570"
2026-09-03T22:31:18.313+00:00,LEFT_400,400,"POSE,-304.0,1703.8,90.09,0"
2026-09-03T22:31:18.313+00:00,LEFT_400,400,"SYS,WAIT_START,0,1,8,MANUAL,RED,0"
2026-09-03T22:31:18.344+00:00,LEFT_400,400,"HDG,90.09,89.85,-0.24,1,1"
2026-09-03T22:31:18.377+00:00,LEFT_400,400,"TOF,553.0,1,170,-383.0"
2026-09-03T22:31:18.377+00:00,LEFT_400,400,"TOFI,0,0,0,1"
2026-09-03T22:31:18.377+00:00,LEFT_400,400,"AUTO,2,0,0,0,0,NONE,NONE,0,3"
2026-09-03T22:31:18.377+00:00,LEFT_400,400,"MOTION,1228350,1,0.00,400.00,0.0000,0.00,0.00"
2026-09-03T22:31:18.487+00:00,LEFT_400,400,"TEL,1228497,-77.03,66.96,95.65,-89.21,91.01,-0.402,0.0"
2026-09-03T22:31:18.487+00:00,LEFT_400,400,"WHEEL,FL,-65.91,-77.03,-45,-1021"
2026-09-03T22:31:18.487+00:00,LEFT_400,400,"WHEEL,FR,65.91,66.96,52,1547"
2026-09-03T22:31:18.519+00:00,LEFT_400,400,"WHEEL,BL,86.88,95.65,43,3374"
2026-09-03T22:31:18.519+00:00,LEFT_400,400,"WHEEL,BR,-86.88,-89.21,-50,-642"
2026-09-03T22:31:18.519+00:00,LEFT_400,400,"POSE,-387.3,1704.9,91.14,0"
2026-09-03T22:31:18.550+00:00,LEFT_400,400,"SYS,WAIT_START,0,1,8,MANUAL,RED,0"
2026-09-03T22:31:18.550+00:00,LEFT_400,400,"HDG,91.01,89.85,-1.15,1,1"
2026-09-03T22:31:18.550+00:00,LEFT_400,400,"TOF,553.0,1,170,-383.0"
2026-09-03T22:31:18.550+00:00,LEFT_400,400,"TOFI,0,0,0,1"
2026-09-03T22:31:18.550+00:00,LEFT_400,400,"AUTO,2,0,0,0,0,NONE,NONE,0,3"
2026-09-03T22:31:18.581+00:00,LEFT_400,400,"MOTION,1228549,1,0.00,400.00,-0.1800,0.00,0.00"
2026-09-03T22:31:18.674+00:00,LEFT_400,400,"TEL,1228697,-88.81,80.89,83.01,-66.53,90.54,-0.402,0.0"
2026-09-03T22:31:18.675+00:00,LEFT_400,400,"WHEEL,FL,-61.66,-88.81,-32,-1090"
2026-09-03T22:31:18.675+00:00,LEFT_400,400,"WHEEL,FR,61.66,80.89,37,1620"
2026-09-03T22:31:18.704+00:00,LEFT_400,400,"WHEEL,BL,91.13,83.01,57,3449"
2026-09-03T22:31:18.704+00:00,LEFT_400,400,"WHEEL,BR,-91.13,-66.53,-72,-711"
2026-09-03T22:31:18.735+00:00,LEFT_400,400,"POSE,-462.2,1707.1,90.43,0"
2026-09-03T22:31:18.735+00:00,LEFT_400,400,"SYS,WAIT_START,0,1,8,MANUAL,RED,0"
2026-09-03T22:31:18.735+00:00,LEFT_400,400,"HDG,90.54,89.85,-0.69,1,1"
2026-09-03T22:31:18.766+00:00,LEFT_400,400,"TOF,604.0,1,170,-434.0"
2026-09-03T22:31:18.766+00:00,LEFT_400,400,"TOFI,0,0,0,1"
2026-09-03T22:31:18.766+00:00,LEFT_400,400,"AUTO,2,0,0,0,0,NONE,NONE,0,3"
2026-09-03T22:31:18.798+00:00,LEFT_400,400,"MOTION,1228749,1,0.00,400.00,-0.2529,0.00,0.00"
2026-09-03T22:31:18.860+00:00,REST,0,"TEL,1228897,-89.27,76.56,72.94,-66.42,88.90,-0.402,0.0"
2026-09-03T22:31:18.861+00:00,REST,0,"WHEEL,FL,-86.88,-89.27,-56,-1167"
2026-09-03T22:31:18.892+00:00,REST,0,"WHEEL,FR,86.88,76.56,67,1690"
2026-09-03T22:31:18.892+00:00,REST,0,"WHEEL,BL,65.91,72.94,40,3540"
2026-09-03T22:31:18.893+00:00,REST,0,"WHEEL,BR,-65.91,-66.42,-48,-810"
2026-09-03T22:31:18.924+00:00,REST,0,"POSE,-550.4,1704.6,88.90,0"
2026-09-03T22:31:19.000+00:00,REST,0,"SYS,WAIT_START,0,1,8,MANUAL,RED,0"
2026-09-03T22:31:19.000+00:00,REST,0,"HDG,88.90,89.85,0.95,1,1"
2026-09-03T22:31:19.000+00:00,REST,0,"TOF,607.0,1,170,-437.0"
2026-09-03T22:31:19.000+00:00,REST,0,"TOFI,0,0,0,1"
2026-09-03T22:31:19.000+00:00,REST,0,"AUTO,2,0,0,0,0,NONE,NONE,0,3"
2026-09-03T22:31:19.000+00:00,REST,0,"MOTION,1228950,1,0.00,400.00,0.1800,0.00,0.00"
2026-09-03T22:31:19.063+00:00,REST,0,"TEL,1229097,-41.91,32.13,23.18,-17.21,91.15,-0.402,0.0"
2026-09-03T22:31:19.063+00:00,REST,0,"WHEEL,FL,0.00,-41.91,0,-1232"
2026-09-03T22:31:19.094+00:00,REST,0,"WHEEL,FR,0.00,32.13,0,1765"
2026-09-03T22:31:19.094+00:00,REST,0,"WHEEL,BL,0.00,23.18,0,3581"
2026-09-03T22:31:19.094+00:00,REST,0,"WHEEL,BR,0.00,-17.21,0,-850"
2026-09-03T22:31:19.126+00:00,REST,0,"POSE,-608.3,1707.6,91.05,0"
2026-09-03T22:31:19.126+00:00,REST,0,"SYS,WAIT_START,0,1,8,MANUAL,RED,0"
2026-09-03T22:31:19.157+00:00,REST,0,"HDG,91.15,89.85,-1.29,1,1"
2026-09-03T22:31:19.157+00:00,REST,0,"TOF,600.0,1,170,-430.0"
2026-09-03T22:31:19.157+00:00,REST,0,"TOFI,0,0,0,1"
2026-09-03T22:31:19.157+00:00,REST,0,"AUTO,2,0,0,0,0,NONE,NONE,0,3"
2026-09-03T22:31:19.188+00:00,REST,0,"MOTION,1229148,0,0.00,0.00,0.0000,0.00,0.00"
2026-09-03T22:31:19.250+00:00,REST,0,"TEL,1229297,1.55,3.72,4.65,2.99,92.19,-0.402,0.0"
2026-09-03T22:31:19.250+00:00,REST,0,"WHEEL,FL,0.00,1.55,0,-1238"
2026-09-03T22:31:19.282+00:00,REST,0,"WHEEL,FR,0.00,3.72,0,1781"
2026-09-03T22:31:19.282+00:00,REST,0,"WHEEL,BL,0.00,4.65,0,3592"
2026-09-03T22:31:19.361+00:00,REST,0,"WHEEL,BR,0.00,2.99,0,-847"
2026-09-03T22:31:19.361+00:00,REST,0,"POSE,-616.3,1713.6,92.21,0"
2026-09-03T22:31:19.361+00:00,REST,0,"SYS,WAIT_START,0,1,8,MANUAL,RED,0"
2026-09-03T22:31:19.361+00:00,REST,0,"HDG,92.19,89.85,-2.34,1,1"
2026-09-03T22:31:19.361+00:00,REST,0,"TOF,600.0,1,170,-430.0"
2026-09-03T22:31:19.361+00:00,REST,0,"TOFI,0,0,0,1"
2026-09-03T22:31:19.361+00:00,REST,0,"AUTO,2,0,0,0,0,NONE,NONE,0,3"
2026-09-03T22:31:19.392+00:00,REST,0,"MOTION,1229346,0,0.00,0.00,0.0000,0.00,0.00"
2026-09-03T22:31:19.469+00:00,REST,0,"TEL,1229497,0.06,0.08,0.10,0.09,92.19,-0.402,0.0"
2026-09-03T22:31:19.470+00:00,REST,0,"WHEEL,FL,0.00,0.06,0,-1237"
2026-09-03T22:31:19.470+00:00,REST,0,"WHEEL,FR,0.00,0.08,0,1781"
2026-09-03T22:31:19.470+00:00,REST,0,"WHEEL,BL,0.00,0.10,0,3592"
2026-09-03T22:31:19.500+00:00,REST,0,"WHEEL,BR,0.00,0.09,0,-846"
2026-09-03T22:31:19.500+00:00,REST,0,"POSE,-615.8,1714.1,92.19,0"
2026-09-03T22:31:19.579+00:00,REST,0,"SYS,WAIT_START,0,1,8,MANUAL,RED,0"
2026-09-03T22:31:19.579+00:00,REST,0,"HDG,92.19,89.85,-2.34,1,1"
2026-09-03T22:31:19.579+00:00,REST,0,"TOF,622.0,1,170,-452.0"
2026-09-03T22:31:19.579+00:00,REST,0,"TOFI,0,0,0,1"
2026-09-03T22:31:19.579+00:00,REST,0,"AUTO,2,0,0,0,0,NONE,NONE,0,3"
2026-09-03T22:31:19.579+00:00,REST,0,"MOTION,1229545,0,0.00,0.00,0.0000,0.00,0.00"
2026-09-03T22:31:19.672+00:00,RIGHT_400,-400,"TEL,1229698,0.00,0.00,0.00,0.00,92.19,-0.402,0.0"
2026-09-03T22:31:19.672+00:00,RIGHT_400,-400,"WHEEL,FL,0.00,0.00,0,-1237"
2026-09-03T22:31:19.672+00:00,RIGHT_400,-400,"WHEEL,FR,0.00,0.00,0,1781"
2026-09-03T22:31:19.672+00:00,RIGHT_400,-400,"WHEEL,BL,0.00,0.00,0,3592"
2026-09-03T22:31:19.703+00:00,RIGHT_400,-400,"WHEEL,BR,0.00,0.00,0,-846"
2026-09-03T22:31:19.703+00:00,RIGHT_400,-400,"POSE,-615.8,1714.1,92.19,0"
2026-09-03T22:31:19.733+00:00,RIGHT_400,-400,"SYS,WAIT_START,0,1,8,MANUAL,RED,0"
2026-09-03T22:31:19.733+00:00,RIGHT_400,-400,"HDG,92.19,89.85,-2.34,1,1"
2026-09-03T22:31:19.733+00:00,RIGHT_400,-400,"TOF,650.0,1,170,-480.0"
2026-09-03T22:31:19.733+00:00,RIGHT_400,-400,"TOFI,0,0,0,1"
2026-09-03T22:31:19.812+00:00,RIGHT_400,-400,"AUTO,2,0,0,0,0,NONE,NONE,0,3"
2026-09-03T22:31:19.812+00:00,RIGHT_400,-400,"MOTION,1229747,0,0.00,0.00,0.0000,0.00,0.00"
2026-09-03T22:31:19.875+00:00,RIGHT_400,-400,"TEL,1229898,55.43,-100.77,-54.57,60.27,92.39,-0.402,0.0"
2026-09-03T22:31:19.875+00:00,RIGHT_400,-400,"WHEEL,FL,94.82,55.43,92,-1194"
2026-09-03T22:31:19.875+00:00,RIGHT_400,-400,"WHEEL,FR,-94.82,-100.77,-57,1714"
2026-09-03T22:31:19.905+00:00,RIGHT_400,-400,"WHEEL,BL,-57.97,-54.57,-48,3575"
2026-09-03T22:31:19.905+00:00,RIGHT_400,-400,"WHEEL,BR,57.97,60.27,43,-820"
2026-09-03T22:31:19.937+00:00,RIGHT_400,-400,"POSE,-575.7,1711.6,92.26,0"
2026-09-03T22:31:19.937+00:00,RIGHT_400,-400,"SYS,WAIT_START,0,1,8,MANUAL,RED,0"
2026-09-03T22:31:19.937+00:00,RIGHT_400,-400,"HDG,92.39,89.85,-2.54,1,1"
2026-09-03T22:31:19.967+00:00,RIGHT_400,-400,"TOF,656.0,1,170,-486.0"
2026-09-03T22:31:19.967+00:00,RIGHT_400,-400,"TOFI,0,0,0,1"
2026-09-03T22:31:19.967+00:00,RIGHT_400,-400,"AUTO,2,0,0,0,0,NONE,NONE,0,3"
2026-09-03T22:31:20.046+00:00,RIGHT_400,-400,"MOTION,1229951,1,0.00,-400.00,-0.3163,0.00,0.00"
2026-09-03T22:31:20.078+00:00,RIGHT_400,-400,"TEL,1230098,87.21,-89.42,-50.77,73.23,90.75,-0.402,0.0"
2026-09-03T22:31:20.078+00:00,RIGHT_400,-400,"WHEEL,FL,86.88,87.21,60,-1089"
2026-09-03T22:31:20.078+00:00,RIGHT_400,-400,"WHEEL,FR,-86.88,-89.42,-58,1643"
2026-09-03T22:31:20.109+00:00,RIGHT_400,-400,"WHEEL,BL,-65.91,-50.77,-59,3522"
2026-09-03T22:31:20.109+00:00,RIGHT_400,-400,"WHEEL,BR,65.91,73.23,40,-747"
2026-09-03T22:31:20.109+00:00,RIGHT_400,-400,"POSE,-497.0,1727.7,90.75,0"
2026-09-03T22:31:20.140+00:00,RIGHT_400,-400,"SYS,WAIT_START,0,1,8,MANUAL,RED,0"
2026-09-03T22:31:20.140+00:00,RIGHT_400,-400,"HDG,90.75,89.85,-0.90,1,1"
2026-09-03T22:31:20.171+00:00,RIGHT_400,-400,"TOF,668.0,1,170,-498.0"
2026-09-03T22:31:20.171+00:00,RIGHT_400,-400,"TOFI,0,0,0,1"
2026-09-03T22:31:20.171+00:00,RIGHT_400,-400,"AUTO,2,0,0,0,0,NONE,NONE,0,3"
2026-09-03T22:31:20.171+00:00,RIGHT_400,-400,"MOTION,1230151,1,0.00,-400.00,-0.1800,0.00,0.00"
2026-09-03T22:31:20.281+00:00,RIGHT_400,-400,"TEL,1230299,72.57,-81.96,-86.95,71.82,89.55,-0.402,0.0"
2026-09-03T22:31:20.281+00:00,RIGHT_400,-400,"WHEEL,FL,76.39,72.57,61,-1011"
2026-09-03T22:31:20.281+00:00,RIGHT_400,-400,"WHEEL,FR,-76.39,-81.96,-52,1561"
2026-09-03T22:31:20.312+00:00,RIGHT_400,-400,"WHEEL,BL,-76.39,-86.95,-41,3440"
2026-09-03T22:31:20.312+00:00,RIGHT_400,-400,"WHEEL,BR,76.39,71.82,52,-679"
2026-09-03T22:31:20.312+00:00,RIGHT_400,-400,"POSE,-415.9,1722.4,89.55,0"
2026-09-03T22:31:20.390+00:00,RIGHT_400,-400,"SYS,WAIT_START,0,1,8,MANUAL,RED,0"
2026-09-03T22:31:20.390+00:00,RIGHT_400,-400,"HDG,89.55,89.85,0.30,1,1"
2026-09-03T22:31:20.390+00:00,RIGHT_400,-400,"TOF,681.0,1,170,-511.0"
2026-09-03T22:31:20.390+00:00,RIGHT_400,-400,"TOFI,0,0,0,1"
2026-09-03T22:31:20.390+00:00,RIGHT_400,-400,"AUTO,2,0,0,0,0,NONE,NONE,0,3"
2026-09-03T22:31:20.390+00:00,RIGHT_400,-400,"MOTION,1230351,1,0.00,-400.00,0.0000,0.00,0.00"
2026-09-03T22:31:20.497+00:00,RIGHT_400,-400,"TEL,1230502,82.60,-68.85,-73.61,76.50,89.64,-0.402,0.0"
2026-09-03T22:31:20.498+00:00,RIGHT_400,-400,"WHEEL,FL,76.39,82.60,52,-928"
2026-09-03T22:31:20.498+00:00,RIGHT_400,-400,"WHEEL,FR,-76.39,-68.85,-63,1496"
2026-09-03T22:31:20.498+00:00,RIGHT_400,-400,"WHEEL,BL,-76.39,-73.61,-52,3375"
2026-09-03T22:31:20.498+00:00,RIGHT_400,-400,"WHEEL,BR,76.39,76.50,48,-592"
2026-09-03T22:31:20.528+00:00,RIGHT_400,-400,"POSE,-337.2,1731.9,89.73,0"
2026-09-03T22:31:20.528+00:00,RIGHT_400,-400,"SYS,WAIT_START,0,1,8,MANUAL,RED,0"
2026-09-03T22:31:20.559+00:00,RIGHT_400,-400,"HDG,89.64,89.85,0.21,1,1"
2026-09-03T22:31:20.559+00:00,RIGHT_400,-400,"TOF,681.0,1,170,-511.0"
2026-09-03T22:31:20.559+00:00,RIGHT_400,-400,"TOFI,0,0,0,1"
2026-09-03T22:31:20.559+00:00,RIGHT_400,-400,"AUTO,2,0,0,0,0,NONE,NONE,0,3"
2026-09-03T22:31:20.591+00:00,RIGHT_400,-400,"MOTION,1230554,1,0.00,-400.00,0.0000,0.00,0.00"
2026-09-03T22:31:20.653+00:00,RIGHT_400,-400,"TEL,1230703,71.27,-85.88,-70.61,81.17,90.02,-0.402,0.0"
2026-09-03T22:31:20.653+00:00,RIGHT_400,-400,"WHEEL,FL,76.39,71.27,61,-854"
2026-09-03T22:31:20.732+00:00,RIGHT_400,-400,"WHEEL,FR,-76.39,-85.88,-49,1412"
2026-09-03T22:31:20.732+00:00,RIGHT_400,-400,"WHEEL,BL,-76.39,-70.61,-55,3309"
2026-09-03T22:31:20.732+00:00,RIGHT_400,-400,"WHEEL,BR,76.39,81.17,44,-509"
2026-09-03T22:31:20.732+00:00,RIGHT_400,-400,"POSE,-256.9,1733.4,90.07,0"
2026-09-03T22:31:20.732+00:00,RIGHT_400,-400,"SYS,WAIT_START,0,1,8,MANUAL,RED,0"
2026-09-03T22:31:20.732+00:00,RIGHT_400,-400,"HDG,90.02,89.85,-0.16,1,1"
2026-09-03T22:31:20.764+00:00,RIGHT_400,-400,"TOF,667.0,1,170,-497.0"
2026-09-03T22:31:20.764+00:00,RIGHT_400,-400,"TOFI,0,0,0,1"
2026-09-03T22:31:20.764+00:00,RIGHT_400,-400,"AUTO,2,0,0,0,0,NONE,NONE,0,3"
2026-09-03T22:31:20.841+00:00,RIGHT_400,-400,"MOTION,1230756,1,0.00,-400.00,0.0000,0.00,0.00"
2026-09-03T22:31:20.872+00:00,RIGHT_400,-400,"TEL,1230918,63.24,-75.84,-71.78,76.86,89.86,-0.402,0.0"
2026-09-03T22:31:20.872+00:00,RIGHT_400,-400,"WHEEL,FL,76.39,63.24,68,-776"
2026-09-03T22:31:20.950+00:00,RIGHT_400,-400,"WHEEL,FR,-76.39,-75.84,-57,1337"
2026-09-03T22:31:20.950+00:00,RIGHT_400,-400,"WHEEL,BL,-76.39,-71.78,-54,3232"
2026-09-03T22:31:20.950+00:00,RIGHT_400,-400,"WHEEL,BR,76.39,76.86,48,-426"
2026-09-03T22:31:20.950+00:00,RIGHT_400,-400,"POSE,-174.9,1736.0,89.86,0"
2026-09-03T22:31:20.950+00:00,RIGHT_400,-400,"SYS,WAIT_START,0,1,8,MANUAL,RED,0"
2026-09-03T22:31:20.950+00:00,RIGHT_400,-400,"HDG,89.86,89.85,-0.01,1,1"
2026-09-03T22:31:20.982+00:00,RIGHT_400,-400,"TOF,662.0,1,170,-492.0"
2026-09-03T22:31:20.982+00:00,RIGHT_400,-400,"TOFI,0,0,0,1"
2026-09-03T22:31:20.982+00:00,RIGHT_400,-400,"AUTO,2,0,0,0,0,NONE,NONE,0,3"
2026-09-03T22:31:21.060+00:00,RIGHT_400,-400,"MOTION,1230971,1,0.00,-400.00,0.0000,0.00,0.00"
2026-09-03T22:31:21.091+00:00,RIGHT_400,-400,"TEL,1231118,76.45,-70.37,-79.53,79.10,89.60,-0.402,0.0"
2026-09-03T22:31:21.091+00:00,RIGHT_400,-400,"WHEEL,FL,76.39,76.45,58,-696"
2026-09-03T22:31:21.091+00:00,RIGHT_400,-400,"WHEEL,FR,-76.39,-70.37,-61,1256"
2026-09-03T22:31:21.169+00:00,RIGHT_400,-400,"WHEEL,BL,-76.39,-79.53,-48,3159"
2026-09-03T22:31:21.170+00:00,RIGHT_400,-400,"WHEEL,BR,76.39,79.10,46,-350"
2026-09-03T22:31:21.170+00:00,RIGHT_400,-400,"POSE,-93.8,1736.0,89.60,0"
2026-09-03T22:31:21.170+00:00,RIGHT_400,-400,"SYS,WAIT_START,0,1,8,MANUAL,RED,0"
2026-09-03T22:31:21.170+00:00,RIGHT_400,-400,"HDG,89.60,89.85,0.25,1,1"
2026-09-03T22:31:21.170+00:00,RIGHT_400,-400,"TOF,653.0,1,170,-483.0"
2026-09-03T22:31:21.170+00:00,RIGHT_400,-400,"TOFI,0,0,0,1"
2026-09-03T22:31:21.170+00:00,RIGHT_400,-400,"AUTO,2,0,0,0,0,NONE,NONE,0,3"
2026-09-03T22:31:21.200+00:00,RIGHT_400,-400,"MOTION,1231170,1,0.00,-400.00,0.0000,0.00,0.00"
2026-09-03T22:31:21.295+00:00,RIGHT_400,-400,"TEL,1231318,72.34,-83.20,-89.22,87.96,89.49,-0.402,0.0"
2026-09-03T22:31:21.295+00:00,RIGHT_400,-400,"WHEEL,FL,76.39,72.34,61,-620"
2026-09-03T22:31:21.295+00:00,RIGHT_400,-400,"WHEEL,FR,-76.39,-83.20,-51,1169"
2026-09-03T22:31:21.327+00:00,RIGHT_400,-400,"WHEEL,BL,-76.39,-89.22,-41,3084"
2026-09-03T22:31:21.327+00:00,RIGHT_400,-400,"WHEEL,BR,76.39,87.96,39,-268"
2026-09-03T22:31:21.404+00:00,RIGHT_400,-400,"POSE,-10.0,1734.0,89.49,0"
2026-09-03T22:31:21.404+00:00,RIGHT_400,-400,"SYS,WAIT_START,0,1,8,MANUAL,RED,0"
2026-09-03T22:31:21.404+00:00,RIGHT_400,-400,"HDG,89.49,89.85,0.37,1,1"
2026-09-03T22:31:21.404+00:00,RIGHT_400,-400,"TOF,645.0,1,170,-475.0"
2026-09-03T22:31:21.404+00:00,RIGHT_400,-400,"TOFI,0,0,0,1"
2026-09-03T22:31:21.404+00:00,RIGHT_400,-400,"AUTO,2,0,0,0,0,NONE,NONE,0,3"
2026-09-03T22:31:21.404+00:00,RIGHT_400,-400,"MOTION,1231371,1,0.00,-400.00,0.0000,0.00,0.00"
2026-09-03T22:31:21.514+00:00,RIGHT_400,-400,"TEL,1231523,67.40,-73.58,-65.99,76.09,89.38,-0.402,0.0"
2026-09-03T22:31:21.515+00:00,RIGHT_400,-400,"WHEEL,FL,76.39,67.40,65,-543"
2026-09-03T22:31:21.515+00:00,RIGHT_400,-400,"WHEEL,FR,-76.39,-73.58,-58,1095"
2026-09-03T22:31:21.515+00:00,RIGHT_400,-400,"WHEEL,BL,-76.39,-65.99,-59,3019"
2026-09-03T22:31:21.515+00:00,RIGHT_400,-400,"WHEEL,BR,76.39,76.09,48,-192"
2026-09-03T22:31:21.546+00:00,RIGHT_400,-400,"POSE,66.5,1736.9,89.38,0"
2026-09-03T22:31:21.546+00:00,RIGHT_400,-400,"SYS,WAIT_START,0,1,8,MANUAL,RED,0"
2026-09-03T22:31:21.625+00:00,RIGHT_400,-400,"HDG,89.38,89.85,0.48,1,1"
2026-09-03T22:31:21.625+00:00,RIGHT_400,-400,"TOF,645.0,1,170,-475.0"
2026-09-03T22:31:21.625+00:00,RIGHT_400,-400,"TOFI,0,0,0,1"
2026-09-03T22:31:21.625+00:00,RIGHT_400,-400,"AUTO,2,0,0,0,0,NONE,NONE,0,3"
2026-09-03T22:31:21.625+00:00,RIGHT_400,-400,"MOTION,1231575,1,0.00,-400.00,0.0000,0.00,0.00"
2026-09-03T22:31:21.704+00:00,REST,0,"TEL,1231723,73.05,-66.59,-74.95,64.61,89.77,-0.402,0.0"
2026-09-03T22:31:21.704+00:00,REST,0,"WHEEL,FL,76.39,73.05,60,-465"
2026-09-03T22:31:21.704+00:00,REST,0,"WHEEL,FR,-76.39,-66.59,-64,1027"
2026-09-03T22:31:21.735+00:00,REST,0,"WHEEL,BL,-76.39,-74.95,-53,2944"
2026-09-03T22:31:21.735+00:00,REST,0,"WHEEL,BR,76.39,64.61,57,-112"
2026-09-03T22:31:21.735+00:00,REST,0,"POSE,145.3,1740.0,89.77,0"
2026-09-03T22:31:21.735+00:00,REST,0,"SYS,WAIT_START,0,1,8,MANUAL,RED,0"
2026-09-03T22:31:21.766+00:00,REST,0,"HDG,89.77,89.85,0.08,1,1"
2026-09-03T22:31:21.766+00:00,REST,0,"TOF,651.0,1,170,-481.0"
2026-09-03T22:31:21.797+00:00,REST,0,"TOFI,0,0,0,1"
2026-09-03T22:31:21.797+00:00,REST,0,"AUTO,2,0,0,0,0,NONE,NONE,0,3"
2026-09-03T22:31:21.797+00:00,REST,0,"MOTION,1231776,1,0.00,-400.00,0.0000,0.00,0.00"
2026-09-03T22:31:21.891+00:00,REST,0,"TEL,1231923,29.32,-41.60,-13.87,33.41,90.39,-0.402,0.0"
2026-09-03T22:31:21.891+00:00,REST,0,"WHEEL,FL,0.00,29.32,0,-409"
2026-09-03T22:31:21.891+00:00,REST,0,"WHEEL,FR,0.00,-41.60,0,958"
2026-09-03T22:31:21.891+00:00,REST,0,"WHEEL,BL,0.00,-13.87,0,2892"
2026-09-03T22:31:21.923+00:00,REST,0,"WHEEL,BR,0.00,33.41,0,-45"
2026-09-03T22:31:21.923+00:00,REST,0,"POSE,209.2,1740.5,90.39,0"
2026-09-03T22:31:21.954+00:00,REST,0,"SYS,WAIT_START,0,1,8,MANUAL,RED,0"
2026-09-03T22:31:21.954+00:00,REST,0,"HDG,90.39,89.85,-0.53,1,1"
2026-09-03T22:31:21.954+00:00,REST,0,"TOF,615.0,1,170,-445.0"
2026-09-03T22:31:21.985+00:00,REST,0,"TOFI,0,0,0,1"
2026-09-03T22:31:21.985+00:00,REST,0,"AUTO,2,0,0,0,0,NONE,NONE,0,3"
2026-09-03T22:31:22.062+00:00,REST,0,"MOTION,1231973,0,0.00,0.00,0.0000,0.00,0.00"
2026-09-03T22:31:22.093+00:00,REST,0,"TEL,1232123,0.61,-0.93,-0.31,0.86,91.16,-0.402,0.0"
2026-09-03T22:31:22.093+00:00,REST,0,"WHEEL,FL,0.00,0.61,0,-409"
2026-09-03T22:31:22.093+00:00,REST,0,"WHEEL,FR,0.00,-0.93,0,955"
2026-09-03T22:31:22.093+00:00,REST,0,"WHEEL,BL,0.00,-0.31,0,2891"
2026-09-03T22:31:22.173+00:00,REST,0,"WHEEL,BR,0.00,0.86,0,-38"
2026-09-03T22:31:22.173+00:00,REST,0,"POSE,212.1,1741.3,91.16,0"
2026-09-03T22:31:22.173+00:00,REST,0,"SYS,WAIT_START,0,1,8,MANUAL,RED,0"
2026-09-03T22:31:22.173+00:00,REST,0,"HDG,91.16,89.85,-1.30,1,1"
2026-09-03T22:31:22.173+00:00,REST,0,"TOF,602.0,1,170,-432.0"
2026-09-03T22:31:22.173+00:00,REST,0,"TOFI,0,0,0,1"
2026-09-03T22:31:22.173+00:00,REST,0,"AUTO,2,0,0,0,0,NONE,NONE,0,3"
2026-09-03T22:31:22.204+00:00,REST,0,"MOTION,1232171,0,0.00,0.00,0.0000,0.00,0.00"
2026-09-03T22:31:22.282+00:00,REST,0,"TEL,1232323,0.01,1.54,-0.01,0.04,91.23,-0.402,0.0"
2026-09-03T22:31:22.283+00:00,REST,0,"WHEEL,FL,0.00,0.01,0,-409"
2026-09-03T22:31:22.314+00:00,REST,0,"WHEEL,FR,0.00,1.54,0,957"
2026-09-03T22:31:22.314+00:00,REST,0,"WHEEL,BL,0.00,-0.01,0,2891"
2026-09-03T22:31:22.314+00:00,REST,0,"WHEEL,BR,0.00,0.04,0,-37"
2026-09-03T22:31:22.314+00:00,REST,0,"POSE,211.8,1742.1,91.23,0"
2026-09-03T22:31:22.345+00:00,REST,0,"SYS,WAIT_START,0,1,8,MANUAL,RED,0"
2026-09-03T22:31:22.378+00:00,REST,0,"HDG,91.23,89.85,-1.38,1,1"
2026-09-03T22:31:22.378+00:00,REST,0,"TOF,570.0,1,170,-400.0"
2026-09-03T22:31:22.378+00:00,REST,0,"TOFI,0,0,0,1"
2026-09-03T22:31:22.378+00:00,REST,0,"AUTO,2,0,0,0,0,NONE,NONE,0,3"
2026-09-03T22:31:22.410+00:00,REST,0,"MOTION,1232372,0,0.00,0.00,0.0000,0.00,0.00"
