pc_time_iso,phase,command_vy_mm_s,telemetry
2026-09-03T22:24:07.245+00:00,LEFT_100,100,"TEL,796791,0.00,0.00,0.00,0.00,89.05,-0.402,0.0"
2026-09-03T22:24:07.245+00:00,LEFT_100,100,"WHEEL,FL,0.00,0.00,0,-285"
2026-09-03T22:24:07.245+00:00,LEFT_100,100,"WHEEL,FR,0.00,0.00,0,1230"
2026-09-03T22:24:07.245+00:00,LEFT_100,100,"WHEEL,BL,0.00,0.00,0,1760"
2026-09-03T22:24:07.245+00:00,LEFT_100,100,"WHEEL,BR,0.00,0.00,0,-491"
2026-09-03T22:24:07.245+00:00,LEFT_100,100,"POSE,354.1,1464.1,89.05,0"
2026-09-03T22:24:07.245+00:00,LEFT_100,100,"SYS,WAIT_START,0,0,0,MANUAL,RED,0"
2026-09-03T22:24:07.245+00:00,LEFT_100,100,"HDG,89.05,90.17,1.12,1,1"
2026-09-03T22:24:07.245+00:00,LEFT_100,100,"TOF,298.0,0,170,-128.0"
2026-09-03T22:24:07.247+00:00,LEFT_100,100,"TOFI,0,0,0,1"
2026-09-03T22:24:07.247+00:00,LEFT_100,100,"AUTO,2,0,0,0,0,NONE,NONE,0,3"
2026-09-03T22:24:07.248+00:00,LEFT_100,100,"MOTION,796838,0,0.00,0.00,0.0000,0.00,0.00"
2026-09-03T22:24:07.248+00:00,LEFT_100,100,"ACK,RESET"
2026-09-03T22:24:07.248+00:00,LEFT_100,100,"STATE,WAIT_START"
2026-09-03T22:24:07.248+00:00,LEFT_100,100,"TEL,796992,0.00,0.00,0.00,0.00,89.05,-0.402,0.0"
2026-09-03T22:24:07.248+00:00,LEFT_100,100,"WHEEL,FL,0.00,0.00,0,-285"
2026-09-03T22:24:07.248+00:00,LEFT_100,100,"WHEEL,FR,0.00,0.00,0,1230"
2026-09-03T22:24:07.248+00:00,LEFT_100,100,"WHEEL,BL,0.00,0.00,0,1760"
2026-09-03T22:24:07.248+00:00,LEFT_100,100,"WHEEL,BR,0.00,0.00,0,-491"
2026-09-03T22:24:07.248+00:00,LEFT_100,100,"POSE,354.1,1464.1,89.05,0"
2026-09-03T22:24:07.248+00:00,LEFT_100,100,"SYS,WAIT_START,0,0,0,MANUAL,RED,0"
2026-09-03T22:24:07.248+00:00,LEFT_100,100,"HDG,89.05,90.17,1.12,1,1"
2026-09-03T22:24:07.248+00:00,LEFT_100,100,"TOF,298.0,0,170,-128.0"
2026-09-03T22:24:07.248+00:00,LEFT_100,100,"TOFI,0,0,0,1"
2026-09-03T22:24:07.248+00:00,LEFT_100,100,"AUTO,2,0,0,0,0,NONE,NONE,0,3"
2026-09-03T22:24:07.248+00:00,LEFT_100,100,"MOTION,797040,0,0.00,0.00,0.0000,0.00,0.00"
2026-09-03T22:24:07.248+00:00,LEFT_100,100,"STATE,WAIT_START"
2026-09-03T22:24:07.248+00:00,LEFT_100,100,"ACK,MODE,MANUAL"
2026-09-03T22:24:07.248+00:00,LEFT_100,100,"TEL,797193,0.00,0.00,0.00,0.00,89.05,-0.402,0.0"
2026-09-03T22:24:07.248+00:00,LEFT_100,100,"WHEEL,FL,0.00,0.00,0,-285"
2026-09-03T22:24:07.248+00:00,LEFT_100,100,"WHEEL,FR,0.00,0.00,0,1230"
2026-09-03T22:24:07.248+00:00,LEFT_100,100,"WHEEL,BL,0.00,0.00,0,1760"
2026-09-03T22:24:07.248+00:00,LEFT_100,100,"WHEEL,BR,0.00,0.00,0,-491"
2026-09-03T22:24:07.248+00:00,LEFT_100,100,"POSE,354.1,1464.1,89.05,0"
2026-09-03T22:24:07.248+00:00,LEFT_100,100,"SYS,WAIT_START,0,0,0,MANUAL,RED,0"
2026-09-03T22:24:07.248+00:00,LEFT_100,100,"HDG,89.05,90.17,1.12,1,1"
2026-09-03T22:24:07.275+00:00,LEFT_100,100,"TOF,298.0,0,170,-128.0"
2026-09-03T22:24:07.276+00:00,LEFT_100,100,"TOFI,0,0,0,1"
2026-09-03T22:24:07.276+00:00,LEFT_100,100,"AUTO,2,0,0,0,0,NONE,NONE,0,3"
2026-09-03T22:24:07.306+00:00,LEFT_100,100,"MOTION,797241,0,0.00,0.00,0.0000,0.00,0.00"
2026-09-03T22:24:07.415+00:00,LEFT_100,100,"TEL,797393,0.00,0.00,0.00,0.00,89.05,-0.402,0.0"
2026-09-03T22:24:07.415+00:00,LEFT_100,100,"WHEEL,FL,0.00,0.00,0,-285"
2026-09-03T22:24:07.415+00:00,LEFT_100,100,"WHEEL,FR,0.00,0.00,0,1230"
2026-09-03T22:24:07.415+00:00,LEFT_100,100,"WHEEL,BL,0.00,0.00,0,1760"
2026-09-03T22:24:07.415+00:00,LEFT_100,100,"WHEEL,BR,0.00,0.00,0,-491"
2026-09-03T22:24:07.415+00:00,LEFT_100,100,"POSE,354.1,1464.1,89.05,0"
2026-09-03T22:24:07.447+00:00,LEFT_100,100,"SYS,WAIT_START,0,0,0,MANUAL,RED,0"
2026-09-03T22:24:07.447+00:00,LEFT_100,100,"HDG,89.05,90.17,1.12,1,1"
2026-09-03T22:24:07.525+00:00,LEFT_100,100,"TOF,298.0,0,170,-128.0"
2026-09-03T22:24:07.525+00:00,LEFT_100,100,"TOFI,0,0,0,1"
2026-09-03T22:24:07.525+00:00,LEFT_100,100,"AUTO,2,0,0,0,0,NONE,NONE,0,3"
2026-09-03T22:24:07.525+00:00,LEFT_100,100,"MOTION,797441,0,0.00,0.00,0.0000,0.00,0.00"
2026-09-03T22:24:07.525+00:00,LEFT_100,100,"STATE,WAIT_START"
2026-09-03T22:24:07.525+00:00,LEFT_100,100,"ACK,DRIVE"
2026-09-03T22:24:07.632+00:00,LEFT_100,100,"TEL,797593,-4.29,6.34,8.02,-10.92,89.09,-0.402,0.0"
2026-09-03T22:24:07.632+00:00,LEFT_100,100,"WHEEL,FL,-19.10,-4.29,-48,-289"
2026-09-03T22:24:07.632+00:00,LEFT_100,100,"WHEEL,FR,19.10,6.34,41,1234"
2026-09-03T22:24:07.632+00:00,LEFT_100,100,"WHEEL,BL,19.10,8.02,40,1765"
2026-09-03T22:24:07.632+00:00,LEFT_100,100,"WHEEL,BR,-19.10,-10.92,-36,-496"
2026-09-03T22:24:07.663+00:00,LEFT_100,100,"POSE,349.4,1464.2,89.09,0"
2026-09-03T22:24:07.663+00:00,LEFT_100,100,"SYS,WAIT_START,0,1,8,MANUAL,RED,0"
2026-09-03T22:24:07.663+00:00,LEFT_100,100,"HDG,89.09,89.05,-0.04,1,1"
2026-09-03T22:24:07.663+00:00,LEFT_100,100,"TOF,298.0,0,170,-128.0"
2026-09-03T22:24:07.741+00:00,LEFT_100,100,"TOFI,0,0,0,1"
2026-09-03T22:24:07.741+00:00,LEFT_100,100,"AUTO,2,0,0,0,0,NONE,NONE,0,3"
2026-09-03T22:24:07.741+00:00,LEFT_100,100,"MOTION,797644,1,0.00,100.00,0.0000,0.00,0.00"
2026-09-03T22:24:07.803+00:00,LEFT_100,100,"TEL,797793,-5.54,3.87,13.03,-7.15,88.66,-0.402,0.0"
2026-09-03T22:24:07.804+00:00,LEFT_100,100,"WHEEL,FL,-19.10,-5.54,-48,-295"
2026-09-03T22:24:07.804+00:00,LEFT_100,100,"WHEEL,FR,19.10,3.87,44,1243"
2026-09-03T22:24:07.804+00:00,LEFT_100,100,"WHEEL,BL,19.10,13.03,37,1780"
2026-09-03T22:24:07.834+00:00,LEFT_100,100,"WHEEL,BR,-19.10,-7.15,-39,-505"
2026-09-03T22:24:07.834+00:00,LEFT_100,100,"POSE,339.2,1466.7,88.66,0"
2026-09-03T22:24:07.834+00:00,LEFT_100,100,"SYS,WAIT_START,0,1,8,MANUAL,RED,0"
2026-09-03T22:24:07.865+00:00,LEFT_100,100,"HDG,88.66,89.05,0.39,1,1"
2026-09-03T22:24:07.866+00:00,LEFT_100,100,"TOF,298.0,0,170,-128.0"
2026-09-03T22:24:07.897+00:00,LEFT_100,100,"TOFI,0,0,0,1"
2026-09-03T22:24:07.897+00:00,LEFT_100,100,"AUTO,2,0,0,0,0,NONE,NONE,0,3"
2026-09-03T22:24:07.897+00:00,LEFT_100,100,"MOTION,797844,1,0.00,100.00,0.0000,0.00,0.00"
2026-09-03T22:24:07.974+00:00,LEFT_100,100,"TEL,797993,-18.08,14.85,8.27,-11.64,89.07,-0.402,0.0"
2026-09-03T22:24:07.974+00:00,LEFT_100,100,"WHEEL,FL,-19.10,-18.08,-39,-308"
2026-09-03T22:24:08.005+00:00,LEFT_100,100,"WHEEL,FR,19.10,14.85,36,1256"
2026-09-03T22:24:08.005+00:00,LEFT_100,100,"WHEEL,BL,19.10,8.27,41,1789"
2026-09-03T22:24:08.036+00:00,LEFT_100,100,"WHEEL,BR,-19.10,-11.64,-36,-512"
2026-09-03T22:24:08.036+00:00,LEFT_100,100,"POSE,328.3,1467.5,89.07,0"
2026-09-03T22:24:08.036+00:00,LEFT_100,100,"SYS,WAIT_START,0,1,8,MANUAL,RED,0"
2026-09-03T22:24:08.067+00:00,LEFT_100,100,"HDG,89.07,89.05,-0.03,1,1"
2026-09-03T22:24:08.067+00:00,LEFT_100,100,"TOF,298.0,0,170,-128.0"
2026-09-03T22:24:08.097+00:00,LEFT_100,100,"TOFI,0,0,0,1"
2026-09-03T22:24:08.098+00:00,LEFT_100,100,"AUTO,2,0,0,0,0,NONE,NONE,0,3"
2026-09-03T22:24:08.098+00:00,LEFT_100,100,"MOTION,798045,1,0.00,100.00,0.0000,0.00,0.00"
2026-09-03T22:24:08.206+00:00,LEFT_100,100,"TEL,798193,-6.69,17.56,9.43,-1.95,89.55,-0.402,0.0"
2026-09-03T22:24:08.206+00:00,LEFT_100,100,"WHEEL,FL,-19.10,-6.69,-48,-316"
2026-09-03T22:24:08.206+00:00,LEFT_100,100,"WHEEL,FR,19.10,17.56,34,1275"
2026-09-03T22:24:08.206+00:00,LEFT_100,100,"WHEEL,BL,19.10,9.43,40,1804"
2026-09-03T22:24:08.237+00:00,LEFT_100,100,"WHEEL,BR,-19.10,-1.95,-45,-515"
2026-09-03T22:24:08.237+00:00,LEFT_100,100,"POSE,316.5,1473.6,89.55,0"
2026-09-03T22:24:08.237+00:00,LEFT_100,100,"SYS,WAIT_START,0,1,8,MANUAL,RED,0"
2026-09-03T22:24:08.269+00:00,LEFT_100,100,"HDG,89.55,89.05,-0.50,1,1"
2026-09-03T22:24:08.269+00:00,LEFT_100,100,"TOF,298.0,0,170,-128.0"
2026-09-03T22:24:08.299+00:00,LEFT_100,100,"TOFI,0,0,0,1"
2026-09-03T22:24:08.299+00:00,LEFT_100,100,"AUTO,2,0,0,0,0,NONE,NONE,0,3"
2026-09-03T22:24:08.299+00:00,LEFT_100,100,"MOTION,798244,1,0.00,100.00,0.0000,0.00,0.00"
2026-09-03T22:24:08.439+00:00,LEFT_100,100,"TEL,798412,-16.25,8.60,11.79,-19.03,88.76,-0.402,0.0"
2026-09-03T22:24:08.439+00:00,LEFT_100,100,"WHEEL,FL,-19.10,-16.25,-41,-331"
2026-09-03T22:24:08.439+00:00,LEFT_100,100,"WHEEL,FR,19.10,8.60,41,1281"
2026-09-03T22:24:08.439+00:00,LEFT_100,100,"WHEEL,BL,19.10,11.79,39,1822"
2026-09-03T22:24:08.439+00:00,LEFT_100,100,"WHEEL,BR,-19.10,-19.03,-31,-538"
2026-09-03T22:24:08.470+00:00,LEFT_100,100,"POSE,300.2,1470.2,88.76,0"
2026-09-03T22:24:08.470+00:00,LEFT_100,100,"SYS,WAIT_START,0,1,8,MANUAL,RED,0"
2026-09-03T22:24:08.548+00:00,LEFT_100,100,"HDG,88.76,89.05,0.29,1,1"
2026-09-03T22:24:08.548+00:00,LEFT_100,100,"TOF,298.0,1,170,-128.0"
2026-09-03T22:24:08.548+00:00,LEFT_100,100,"TOFI,0,0,0,1"
2026-09-03T22:24:08.548+00:00,LEFT_100,100,"AUTO,2,0,0,0,0,NONE,NONE,0,3"
2026-09-03T22:24:08.548+00:00,LEFT_100,100,"MOTION,798464,1,0.00,100.00,0.0000,0.00,0.00"
2026-09-03T22:24:08.580+00:00,LEFT_100,100,"TEL,798612,-12.90,17.89,11.92,-5.78,89.27,-0.402,0.0"
2026-09-03T22:24:08.580+00:00,LEFT_100,100,"WHEEL,FL,-19.10,-12.90,-44,-342"
2026-09-03T22:24:08.658+00:00,LEFT_100,100,"WHEEL,FR,19.10,17.89,34,1296"
2026-09-03T22:24:08.659+00:00,LEFT_100,100,"WHEEL,BL,19.10,11.92,39,1833"
2026-09-03T22:24:08.659+00:00,LEFT_100,100,"WHEEL,BR,-19.10,-5.78,-42,-543"
2026-09-03T22:24:08.659+00:00,LEFT_100,100,"POSE,289.3,1473.0,89.27,0"
2026-09-03T22:24:08.659+00:00,LEFT_100,100,"SYS,WAIT_START,0,1,8,MANUAL,RED,0"
2026-09-03T22:24:08.659+00:00,LEFT_100,100,"HDG,89.27,89.05,-0.22,1,1"
2026-09-03T22:24:08.659+00:00,LEFT_100,100,"TOF,298.0,1,170,-128.0"
2026-09-03T22:24:08.690+00:00,LEFT_100,100,"TOFI,0,0,0,1"
2026-09-03T22:24:08.690+00:00,LEFT_100,100,"AUTO,2,0,0,0,0,NONE,NONE,0,3"
2026-09-03T22:24:08.768+00:00,LEFT_100,100,"MOTION,798664,1,0.00,100.00,0.0000,0.00,0.00"
2026-09-03T22:24:08.799+00:00,LEFT_100,100,"TEL,798818,-7.10,4.34,23.12,-17.76,89.70,-0.402,0.0"
2026-09-03T22:24:08.799+00:00,LEFT_100,100,"WHEEL,FL,-19.17,-7.10,-48,-356"
2026-09-03T22:24:08.830+00:00,LEFT_100,100,"WHEEL,FR,19.17,4.34,45,1307"
2026-09-03T22:24:08.830+00:00,LEFT_100,100,"WHEEL,BL,19.02,23.12,30,1859"
2026-09-03T22:24:08.861+00:00,LEFT_100,100,"WHEEL,BR,-19.02,-17.76,-34,-556"
2026-09-03T22:24:08.861+00:00,LEFT_100,100,"POSE,272.6,1475.7,89.70,0"
2026-09-03T22:24:08.861+00:00,LEFT_100,100,"SYS,WAIT_START,0,1,8,MANUAL,RED,0"
2026-09-03T22:24:08.893+00:00,LEFT_100,100,"HDG,89.70,89.05,-0.65,1,1"
2026-09-03T22:24:08.893+00:00,LEFT_100,100,"TOF,298.0,1,170,-128.0"
2026-09-03T22:24:08.925+00:00,LEFT_100,100,"TOFI,0,0,0,1"
2026-09-03T22:24:08.925+00:00,LEFT_100,100,"AUTO,2,0,0,0,0,NONE,NONE,0,3"
2026-09-03T22:24:08.925+00:00,LEFT_100,100,"MOTION,798870,1,0.00,100.00,0.0013,0.00,0.00"
2026-09-03T22:24:09.018+00:00,LEFT_100,100,"TEL,799018,-14.70,10.93,16.22,-13.17,89.27,-0.402,0.0"
2026-09-03T22:24:09.018+00:00,LEFT_100,100,"WHEEL,FL,-19.10,-14.70,-42,-370"
2026-09-03T22:24:09.018+00:00,LEFT_100,100,"WHEEL,FR,19.10,10.93,40,1315"
2026-09-03T22:24:09.050+00:00,LEFT_100,100,"WHEEL,BL,19.10,16.22,36,1873"
2026-09-03T22:24:09.050+00:00,LEFT_100,100,"WHEEL,BR,-19.10,-13.17,-38,-571"
2026-09-03T22:24:09.129+00:00,LEFT_100,100,"POSE,259.2,1473.9,89.27,0"
2026-09-03T22:24:09.129+00:00,LEFT_100,100,"SYS,WAIT_START,0,1,8,MANUAL,RED,0"
2026-09-03T22:24:09.129+00:00,LEFT_100,100,"HDG,89.27,89.05,-0.22,1,1"
2026-09-03T22:24:09.129+00:00,LEFT_100,100,"TOF,298.0,1,170,-128.0"
2026-09-03T22:24:09.129+00:00,LEFT_100,100,"TOFI,0,0,0,1"
2026-09-03T22:24:09.129+00:00,LEFT_100,100,"AUTO,2,0,0,0,0,NONE,NONE,0,3"
2026-09-03T22:24:09.129+00:00,LEFT_100,100,"MOTION,799070,1,0.00,100.00,0.0000,0.00,0.00"
2026-09-03T22:24:09.240+00:00,LEFT_100,100,"TEL,799218,-5.08,8.00,18.82,-14.01,89.34,-0.402,0.0"
2026-09-03T22:24:09.240+00:00,LEFT_100,100,"WHEEL,FL,-19.10,-5.08,-50,-383"
2026-09-03T22:24:09.240+00:00,LEFT_100,100,"WHEEL,FR,19.10,8.00,42,1321"
2026-09-03T22:24:09.240+00:00,LEFT_100,100,"WHEEL,BL,19.10,18.82,35,1885"
2026-09-03T22:24:09.240+00:00,LEFT_100,100,"WHEEL,BR,-19.10,-14.01,-38,-584"
2026-09-03T22:24:09.271+00:00,REST,0,"9.34,0"
2026-09-03T22:24:09.271+00:00,REST,0,"SYS,WAIT_START,0,1,8,MANUAL,RED,0"
2026-09-03T22:24:09.302+00:00,REST,0,"HDG,89.34,89.05,-0.29,1,1"
2026-09-03T22:24:09.302+00:00,REST,0,"TOF,298.0,1,170,-128.0"
2026-09-03T22:24:09.302+00:00,REST,0,"TOFI,0,0,0,1"
2026-09-03T22:24:09.302+00:00,REST,0,"AUTO,2,0,0,0,0,NONE,NONE,0,3"
2026-09-03T22:24:09.334+00:00,REST,0,"MOTION,799270,1,0.00,100.00,0.0000,0.00,0.00"
2026-09-03T22:24:09.395+00:00,REST,0,"TEL,799418,-6.53,-2.46,30.02,-22.11,90.15,-0.402,0.0"
2026-09-03T22:24:09.395+00:00,REST,0,"WHEEL,FL,-8.61,-6.53,-38,-397"
2026-09-03T22:24:09.426+00:00,REST,0,"WHEEL,FR,8.61,-2.46,40,1335"
2026-09-03T22:24:09.426+00:00,REST,0,"WHEEL,BL,29.58,30.02,36,1907"
2026-09-03T22:24:09.457+00:00,REST,0,"WHEEL,BR,-29.58,-22.11,-43,-593"
2026-09-03T22:24:09.457+00:00,REST,0,"POSE,232.2,1475.3,90.15,0"
2026-09-03T22:24:09.457+00:00,REST,0,"SYS,WAIT_START,0,1,8,MANUAL,RED,0"
2026-09-03T22:24:09.488+00:00,REST,0,"HDG,90.15,89.05,-1.10,1,1"
2026-09-03T22:24:09.488+00:00,REST,0,"TOF,298.0,1,170,-128.0"
2026-09-03T22:24:09.567+00:00,REST,0,"TOFI,0,0,0,1"
2026-09-03T22:24:09.567+00:00,REST,0,"AUTO,2,0,0,0,0,NONE,NONE,0,3"
2026-09-03T22:24:09.567+00:00,REST,0,"MOTION,799470,1,0.00,100.00,-0.1800,0.00,0.00"
2026-09-03T22:24:09.598+00:00,REST,0,"TEL,799618,-0.14,-2.48,0.87,3.67,88.40,-0.402,0.0"
2026-09-03T22:24:09.598+00:00,REST,0,"WHEEL,FL,0.00,-0.14,0,-397"
2026-09-03T22:24:09.630+00:00,REST,0,"WHEEL,FR,0.00,-2.48,0,1333"
2026-09-03T22:24:09.630+00:00,REST,0,"WHEEL,BL,0.00,0.87,0,1918"
2026-09-03T22:24:09.661+00:00,REST,0,"WHEEL,BR,0.00,3.67,0,-606"
2026-09-03T22:24:09.661+00:00,REST,0,"POSE,226.4,1474.3,88.40,0"
2026-09-03T22:24:09.661+00:00,REST,0,"SYS,WAIT_START,0,1,8,MANUAL,RED,0"
2026-09-03T22:24:09.693+00:00,REST,0,"HDG,88.40,89.05,0.64,1,1"
2026-09-03T22:24:09.693+00:00,REST,0,"TOF,298.0,1,170,-128.0"
2026-09-03T22:24:09.693+00:00,REST,0,"TOFI,0,0,0,1"
2026-09-03T22:24:09.723+00:00,REST,0,"AUTO,2,0,0,0,0,NONE,NONE,0,3"
2026-09-03T22:24:09.723+00:00,REST,0,"MOTION,799666,0,0.00,0.00,0.0000,0.00,0.00"
2026-09-03T22:24:09.802+00:00,REST,0,"TEL,799819,-0.00,-0.03,0.01,0.05,88.59,-0.402,0.0"
2026-09-03T22:24:09.802+00:00,REST,0,"WHEEL,FL,0.00,-0.00,0,-397"
2026-09-03T22:24:09.833+00:00,REST,0,"WHEEL,FR,0.00,-0.03,0,1333"
2026-09-03T22:24:09.833+00:00,REST,0,"WHEEL,BL,0.00,0.01,0,1918"
2026-09-03T22:24:09.865+00:00,REST,0,"WHEEL,BR,0.00,0.05,0,-606"
2026-09-03T22:24:09.865+00:00,REST,0,"POSE,226.4,1474.3,88.59,0"
2026-09-03T22:24:09.865+00:00,REST,0,"SYS,WAIT_START,0,1,8,MANUAL,RED,0"
2026-09-03T22:24:09.897+00:00,REST,0,"HDG,88.59,89.05,0.46,1,1"
2026-09-03T22:24:09.897+00:00,REST,0,"TOF,298.0,1,170,-128.0"
2026-09-03T22:24:09.897+00:00,REST,0,"TOFI,0,0,0,1"
2026-09-03T22:24:09.897+00:00,REST,0,"AUTO,2,0,0,0,0,NONE,NONE,0,3"
2026-09-03T22:24:09.929+00:00,REST,0,"MOTION,799868,0,0.00,0.00,0.0000,0.00,0.00"
2026-09-03T22:24:10.037+00:00,REST,0,"TEL,800019,-0.00,-0.00,0.00,0.00,88.57,-0.402,0.0"
2026-09-03T22:24:10.039+00:00,REST,0,"WHEEL,FL,0.00,-0.00,0,-397"
2026-09-03T22:24:10.039+00:00,REST,0,"WHEEL,FR,0.00,-0.00,0,1333"
2026-09-03T22:24:10.039+00:00,REST,0,"WHEEL,BL,0.00,0.00,0,1918"
2026-09-03T22:24:10.039+00:00,REST,0,"WHEEL,BR,0.00,0.00,0,-606"
2026-09-03T22:24:10.039+00:00,REST,0,"POSE,226.4,1474.3,88.57,0"
2026-09-03T22:24:10.068+00:00,REST,0,"SYS,WAIT_START,0,1,8,MANUAL,RED,0"
2026-09-03T22:24:10.146+00:00,RIGHT_100,-100,",1"
2026-09-03T22:24:10.146+00:00,RIGHT_100,-100,"TOF,298.0,0,170,-128.0"
2026-09-03T22:24:10.146+00:00,RIGHT_100,-100,"TOFI,0,0,0,1"
2026-09-03T22:24:10.146+00:00,RIGHT_100,-100,"AUTO,2,0,0,0,0,NONE,NONE,0,3"
2026-09-03T22:24:10.146+00:00,RIGHT_100,-100,"MOTION,800067,0,0.00,0.00,0.0000,0.00,0.00"
2026-09-03T22:24:10.256+00:00,RIGHT_100,-100,"TEL,800220,-0.00,-0.00,0.00,0.00,88.55,-0.402,0.0"
2026-09-03T22:24:10.256+00:00,RIGHT_100,-100,"WHEEL,FL,0.00,-0.00,0,-397"
2026-09-03T22:24:10.256+00:00,RIGHT_100,-100,"WHEEL,FR,0.00,-0.00,0,1333"
2026-09-03T22:24:10.256+00:00,RIGHT_100,-100,"WHEEL,BL,0.00,0.00,0,1918"
2026-09-03T22:24:10.256+00:00,RIGHT_100,-100,"WHEEL,BR,0.00,0.00,0,-606"
2026-09-03T22:24:10.256+00:00,RIGHT_100,-100,"POSE,226.4,1474.3,88.55,0"
2026-09-03T22:24:10.256+00:00,RIGHT_100,-100,"SYS,WAIT_START,0,1,8,MANUAL,RED,0"
2026-09-03T22:24:10.288+00:00,RIGHT_100,-100,"HDG,88.55,89.05,0.49,1,1"
2026-09-03T22:24:10.288+00:00,RIGHT_100,-100,"TOF,298.0,0,170,-128.0"
2026-09-03T22:24:10.288+00:00,RIGHT_100,-100,"TOFI,0,0,0,1"
2026-09-03T22:24:10.319+00:00,RIGHT_100,-100,"AUTO,2,0,0,0,0,NONE,NONE,0,3"
2026-09-03T22:24:10.319+00:00,RIGHT_100,-100,"MOTION,800268,0,0.00,0.00,0.0000,0.00,0.00"
2026-09-03T22:24:10.412+00:00,RIGHT_100,-100,"TEL,800423,12.56,-2.13,-6.07,14.23,88.70,-0.402,0.0"
2026-09-03T22:24:10.412+00:00,RIGHT_100,-100,"WHEEL,FL,19.10,12.56,42,-392"
2026-09-03T22:24:10.491+00:00,RIGHT_100,-100,"WHEEL,FR,-19.10,-2.13,-45,1330"
2026-09-03T22:24:10.491+00:00,RIGHT_100,-100,"WHEEL,BL,-19.10,-6.07,-42,1914"
2026-09-03T22:24:10.491+00:00,RIGHT_100,-100,"WHEEL,BR,19.10,14.23,33,-599"
2026-09-03T22:24:10.491+00:00,RIGHT_100,-100,"POSE,231.4,1475.5,88.69,0"
2026-09-03T22:24:10.491+00:00,RIGHT_100,-100,"SYS,WAIT_START,0,1,8,MANUAL,RED,0"
2026-09-03T22:24:10.491+00:00,RIGHT_100,-100,"HDG,88.70,89.05,0.35,1,1"
2026-09-03T22:24:10.491+00:00,RIGHT_100,-100,"TOF,298.0,0,170,-128.0"
2026-09-03T22:24:10.522+00:00,RIGHT_100,-100,"TOFI,0,0,0,1"
2026-09-03T22:24:10.522+00:00,RIGHT_100,-100,"AUTO,2,0,0,0,0,NONE,NONE,0,3"
2026-09-03T22:24:10.522+00:00,RIGHT_100,-100,"MOTION,800474,1,0.00,-100.00,0.0000,0.00,0.00"
2026-09-03T22:24:10.617+00:00,RIGHT_100,-100,"TEL,800623,5.50,-7.11,-11.29,11.39,88.80,-0.402,0.0"
2026-09-03T22:24:10.617+00:00,RIGHT_100,-100,"WHEEL,FL,19.10,5.50,47,-382"
2026-09-03T22:24:10.617+00:00,RIGHT_100,-100,"WHEEL,FR,-19.10,-7.11,-41,1323"
2026-09-03T22:24:10.617+00:00,RIGHT_100,-100,"WHEEL,BL,-19.10,-11.29,-39,1903"
2026-09-03T22:24:10.648+00:00,RIGHT_100,-100,"WHEEL,BR,19.10,11.39,36,-588"
2026-09-03T22:24:10.679+00:00,RIGHT_100,-100,"POSE,241.6,1476.0,88.80,0"
2026-09-03T22:24:10.679+00:00,RIGHT_100,-100,"SYS,WAIT_START,0,1,8,MANUAL,RED,0"
2026-09-03T22:24:10.679+00:00,RIGHT_100,-100,"HDG,88.80,89.05,0.25,1,1"
2026-09-03T22:24:10.679+00:00,RIGHT_100,-100,"TOF,298.0,0,170,-128.0"
2026-09-03T22:24:10.710+00:00,RIGHT_100,-100,"TOFI,0,0,0,1"
2026-09-03T22:24:10.711+00:00,RIGHT_100,-100,"AUTO,2,0,0,0,0,NONE,NONE,0,3"
2026-09-03T22:24:10.742+00:00,RIGHT_100,-100,"MOTION,800674,1,0.00,-100.00,0.0000,0.00,0.00"
2026-09-03T22:24:10.805+00:00,RIGHT_100,-100,"TEL,800824,11.62,-0.15,-4.90,20.13,89.22,-0.402,0.0"
2026-09-03T22:24:10.805+00:00,RIGHT_100,-100,"WHEEL,FL,19.10,11.62,43,-372"
2026-09-03T22:24:10.837+00:00,RIGHT_100,-100,"WHEEL,FR,-19.10,-0.15,-47,1323"
2026-09-03T22:24:10.837+00:00,RIGHT_100,-100,"WHEEL,BL,-19.10,-4.90,-44,1899"
2026-09-03T22:24:10.837+00:00,RIGHT_100,-100,"WHEEL,BR,19.10,20.13,29,-572"
2026-09-03T22:24:10.867+00:00,RIGHT_100,-100,"POSE,249.6,1481.6,89.22,0"
2026-09-03T22:24:10.867+00:00,RIGHT_100,-100,"SYS,WAIT_START,0,1,8,MANUAL,RED,0"
2026-09-03T22:24:10.898+00:00,RIGHT_100,-100,"HDG,89.22,89.05,-0.18,1,1"
2026-09-03T22:24:10.898+00:00,RIGHT_100,-100,"TOF,298.0,0,170,-128.0"
2026-09-03T22:24:10.898+00:00,RIGHT_100,-100,"TOFI,0,0,0,1"
2026-09-03T22:24:10.898+00:00,RIGHT_100,-100,"AUTO,2,0,0,0,0,NONE,NONE,0,3"
2026-09-03T22:24:10.977+00:00,RIGHT_100,-100,"MOTION,800876,1,0.00,-100.00,0.0000,0.00,0.00"
2026-09-03T22:24:11.009+00:00,RIGHT_100,-100,"TEL,801024,16.32,-18.19,-7.31,7.18,89.14,-0.402,0.0"
2026-09-03T22:24:11.009+00:00,RIGHT_100,-100,"WHEEL,FL,19.10,16.32,40,-365"
2026-09-03T22:24:11.087+00:00,RIGHT_100,-100,"WHEEL,FR,-19.10,-18.19,-34,1311"
2026-09-03T22:24:11.087+00:00,RIGHT_100,-100,"WHEEL,BL,-19.10,-7.31,-43,1891"
2026-09-03T22:24:11.087+00:00,RIGHT_100,-100,"WHEEL,BR,19.10,7.18,40,-567"
2026-09-03T22:24:11.087+00:00,RIGHT_100,-100,"POSE,258.0,1479.5,89.14,0"
2026-09-03T22:24:11.087+00:00,RIGHT_100,-100,"SYS,WAIT_START,0,1,8,MANUAL,RED,0"
2026-09-03T22:24:11.087+00:00,RIGHT_100,-100,"HDG,89.14,89.05,-0.09,1,1"
2026-09-03T22:24:11.087+00:00,RIGHT_100,-100,"TOF,298.0,0,170,-128.0"
2026-09-03T22:24:11.118+00:00,RIGHT_100,-100,"TOFI,0,0,0,1"
2026-09-03T22:24:11.118+00:00,RIGHT_100,-100,"AUTO,2,0,0,0,0,NONE,NONE,0,3"
2026-09-03T22:24:11.118+00:00,RIGHT_100,-100,"MOTION,801075,1,0.00,-100.00,0.0000,0.00,0.00"
2026-09-03T22:24:11.226+00:00,RIGHT_100,-100,"TEL,801225,19.05,-6.34,-16.27,10.27,89.04,-0.402,0.0"
2026-09-03T22:24:11.226+00:00,RIGHT_100,-100,"WHEEL,FL,19.10,19.05,38,-350"
2026-09-03T22:24:11.226+00:00,RIGHT_100,-100,"WHEEL,FR,-19.10,-6.34,-44,1305"
2026-09-03T22:24:11.306+00:00,RIGHT_100,-100,"WHEEL,BL,-19.10,-16.27,-36,1881"
2026-09-03T22:24:11.306+00:00,RIGHT_100,-100,"WHEEL,BR,19.10,10.27,38,-553"
2026-09-03T22:24:11.306+00:00,RIGHT_100,-100,"POSE,269.8,1482.7,89.07,0"
2026-09-03T22:24:11.306+00:00,RIGHT_100,-100,"SYS,WAIT_START,0,1,8,MANUAL,RED,0"
2026-09-03T22:24:11.306+00:00,RIGHT_100,-100,"HDG,89.04,89.05,0.01,1,1"
2026-09-03T22:24:11.306+00:00,RIGHT_100,-100,"TOF,298.0,0,170,-128.0"
2026-09-03T22:24:11.306+00:00,RIGHT_100,-100,"TOFI,0,0,0,1"
2026-09-03T22:24:11.306+00:00,RIGHT_100,-100,"AUTO,2,0,0,0,0,NONE,NONE,0,3"
2026-09-03T22:24:11.338+00:00,RIGHT_100,-100,"MOTION,801276,1,0.00,-100.00,0.0000,0.00,0.00"
2026-09-03T22:24:11.401+00:00,RIGHT_100,-100,"TEL,801425,6.43,-7.09,-10.55,11.84,89.66,-0.402,0.0"
2026-09-03T22:24:11.403+00:00,RIGHT_100,-100,"WHEEL,FL,29.58,6.43,59,-341"
2026-09-03T22:24:11.433+00:00,RIGHT_100,-100,"WHEEL,FR,-29.58,-7.09,-54,1302"
2026-09-03T22:24:11.433+00:00,RIGHT_100,-100,"WHEEL,BL,-8.61,-10.55,-31,1874"
2026-09-03T22:24:11.463+00:00,RIGHT_100,-100,"WHEEL,BR,8.61,11.84,26,-537"
2026-09-03T22:24:11.463+00:00,RIGHT_100,-100,"POSE,279.0,1486.5,89.62,0"
2026-09-03T22:24:11.463+00:00,RIGHT_100,-100,"SYS,WAIT_START,0,1,8,MANUAL,RED,0"
2026-09-03T22:24:11.541+00:00,RIGHT_100,-100,"HDG,89.66,89.05,-0.61,1,1"
2026-09-03T22:24:11.541+00:00,RIGHT_100,-100,"TOF,298.0,0,170,-128.0"
2026-09-03T22:24:11.541+00:00,RIGHT_100,-100,"TOFI,0,0,0,1"
2026-09-03T22:24:11.541+00:00,RIGHT_100,-100,"AUTO,2,0,0,0,0,NONE,NONE,0,3"
2026-09-03T22:24:11.541+00:00,RIGHT_100,-100,"MOTION,801476,1,0.00,-100.00,-0.1800,0.00,0.00"
2026-09-03T22:24:11.651+00:00,RIGHT_100,-100,"TEL,801626,23.46,-18.31,-27.36,26.58,88.11,-0.402,0.0"
2026-09-03T22:24:11.651+00:00,RIGHT_100,-100,"WHEEL,FL,8.61,23.46,25,-311"
2026-09-03T22:24:11.651+00:00,RIGHT_100,-100,"WHEEL,FR,-8.61,-18.31,-25,1273"
2026-09-03T22:24:11.651+00:00,RIGHT_100,-100,"WHEEL,BL,-29.58,-27.36,-38,1860"
2026-09-03T22:24:11.651+00:00,RIGHT_100,-100,"WHEEL,BR,29.58,26.58,36,-521"
2026-09-03T22:24:11.682+00:00,RIGHT_100,-100,"POSE,302.3,1486.7,88.11,0"
2026-09-03T22:24:11.682+00:00,RIGHT_100,-100,"SYS,WAIT_START,0,1,8,MANUAL,RED,0"
2026-09-03T22:24:11.682+00:00,RIGHT_100,-100,"HDG,88.11,89.05,0.94,1,1"
2026-09-03T22:24:11.682+00:00,RIGHT_100,-100,"TOF,298.0,0,170,-128.0"
2026-09-03T22:24:11.761+00:00,RIGHT_100,-100,"TOFI,0,0,0,1"
2026-09-03T22:24:11.761+00:00,RIGHT_100,-100,"AUTO,2,0,0,0,0,NONE,NONE,0,3"
2026-09-03T22:24:11.761+00:00,RIGHT_100,-100,"MOTION,801678,1,0.00,-100.00,0.1800,0.00,0.00"
2026-09-03T22:24:11.869+00:00,RIGHT_100,-100,"TEL,801826,9.33,-8.15,-7.27,14.87,89.34,-0.402,0.0"
2026-09-03T22:24:11.869+00:00,RIGHT_100,-100,"WHEEL,FL,19.10,9.33,46,-304"
2026-09-03T22:24:11.869+00:00,RIGHT_100,-100,"WHEEL,FR,-19.10,-8.15,-43,1270"
2026-09-03T22:24:11.869+00:00,RIGHT_100,-100,"WHEEL,BL,-19.10,-7.27,-44,1846"
2026-09-03T22:24:11.869+00:00,RIGHT_100,-100,"WHEEL,BR,19.10,14.87,35,-501"
2026-09-03T22:24:11.869+00:00,RIGHT_100,-100,"POSE,313.9,1489.1,89.34,0"
2026-09-03T22:24:11.869+00:00,RIGHT_100,-100,"SYS,WAIT_START,0,1,8,MANUAL,RED,0"
2026-09-03T22:24:11.900+00:00,RIGHT_100,-100,"HDG,89.34,89.05,-0.29,1,1"
2026-09-03T22:24:11.900+00:00,RIGHT_100,-100,"TOF,298.0,0,170,-128.0"
2026-09-03T22:24:11.900+00:00,RIGHT_100,-100,"TOFI,0,0,0,1"
2026-09-03T22:24:11.900+00:00,RIGHT_100,-100,"AUTO,2,0,0,0,0,NONE,NONE,0,3"
2026-09-03T22:24:11.932+00:00,RIGHT_100,-100,"MOTION,801878,1,0.00,-100.00,0.0000,0.00,0.00"
2026-09-03T22:24:12.025+00:00,RIGHT_100,-100,"TEL,802026,18.57,-9.32,-10.42,9.23,89.13,-0.402,0.0"
2026-09-03T22:24:12.025+00:00,RIGHT_100,-100,"WHEEL,FL,19.10,18.57,39,-292"
2026-09-03T22:24:12.025+00:00,RIGHT_100,-100,"WHEEL,FR,-19.10,-9.32,-43,1262"
2026-09-03T22:24:12.102+00:00,RIGHT_100,-100,"WHEEL,BL,-19.10,-10.42,-42,1837"
2026-09-03T22:24:12.102+00:00,RIGHT_100,-100,"WHEEL,BR,19.10,9.23,40,-493"
2026-09-03T22:24:12.102+00:00,RIGHT_100,-100,"POSE,323.6,1489.7,89.13,0"
2026-09-03T22:24:12.102+00:00,RIGHT_100,-100,"SYS,WAIT_START,0,1,8,MANUAL,RED,0"
2026-09-03T22:24:12.102+00:00,RIGHT_100,-100,"HDG,89.13,89.05,-0.08,1,1"
2026-09-03T22:24:12.102+00:00,RIGHT_100,-100,"TOF,298.0,0,170,-128.0"
2026-09-03T22:24:12.102+00:00,RIGHT_100,-100,"TOFI,0,0,0,1"
2026-09-03T22:24:12.102+00:00,RIGHT_100,-100,"AUTO,2,0,0,0,0,NONE,NONE,0,3"
2026-09-03T22:24:12.180+00:00,REST,0,"2078,1,0.00,-100.00,0.0000,0.00,0.00"
2026-09-03T22:24:12.210+00:00,REST,0,"TEL,802226,8.06,-1.08,-10.50,19.11,89.18,-0.402,0.0"
2026-09-03T22:24:12.210+00:00,REST,0,"WHEEL,FL,19.10,8.06,48,-279"
2026-09-03T22:24:12.242+00:00,REST,0,"WHEEL,FR,-19.10,-1.08,-50,1257"
2026-09-03T22:24:12.242+00:00,REST,0,"WHEEL,BL,-19.10,-10.50,-43,1831"
2026-09-03T22:24:12.242+00:00,REST,0,"WHEEL,BR,19.10,19.11,32,-476"
2026-09-03T22:24:12.273+00:00,REST,0,"POSE,334.4,1494.5,89.18,0"
2026-09-03T22:24:12.273+00:00,REST,0,"SYS,WAIT_START,0,1,8,MANUAL,RED,0"
2026-09-03T22:24:12.305+00:00,REST,0,"HDG,89.18,89.05,-0.13,1,1"
2026-09-03T22:24:12.305+00:00,REST,0,"TOF,298.0,0,170,-128.0"
2026-09-03T22:24:12.306+00:00,REST,0,"TOFI,0,0,0,1"
2026-09-03T22:24:12.306+00:00,REST,0,"AUTO,2,0,0,0,0,NONE,NONE,0,3"
2026-09-03T22:24:12.336+00:00,REST,0,"MOTION,802278,1,0.00,-100.00,0.0000,0.00,0.00"
2026-09-03T22:24:12.415+00:00,REST,0,"TEL,802426,0.57,4.34,-0.31,0.56,89.46,-0.402,0.0"
2026-09-03T22:24:12.415+00:00,REST,0,"WHEEL,FL,0.00,0.57,0,-272"
2026-09-03T22:24:12.446+00:00,REST,0,"WHEEL,FR,0.00,4.34,0,1254"
2026-09-03T22:24:12.446+00:00,REST,0,"WHEEL,BL,0.00,-0.31,0,1827"
2026-09-03T22:24:12.446+00:00,REST,0,"WHEEL,BR,0.00,0.56,0,-469"
2026-09-03T22:24:12.446+00:00,REST,0,"POSE,339.9,1496.3,89.46,0"
2026-09-03T22:24:12.523+00:00,REST,0,"SYS,WAIT_START,0,1,8,MANUAL,RED,0"
2026-09-03T22:24:12.523+00:00,REST,0,"HDG,89.46,89.05,-0.41,1,1"
2026-09-03T22:24:12.523+00:00,REST,0,"TOF,298.0,0,170,-128.0"
2026-09-03T22:24:12.523+00:00,REST,0,"TOFI,0,0,0,1"
2026-09-03T22:24:12.523+00:00,REST,0,"AUTO,2,0,0,0,0,NONE,NONE,0,3"
2026-09-03T22:24:12.523+00:00,REST,0,"MOTION,802474,0,0.00,0.00,0.0000,0.00,0.00"
2026-09-03T22:24:12.617+00:00,REST,0,"TEL,802626,-0.01,0.06,-0.00,0.01,89.42,-0.402,0.0"
2026-09-03T22:24:12.617+00:00,REST,0,"WHEEL,FL,0.00,-0.01,0,-273"
2026-09-03T22:24:12.617+00:00,REST,0,"WHEEL,FR,0.00,0.06,0,1254"
2026-09-03T22:24:12.617+00:00,REST,0,"WHEEL,BL,0.00,-0.00,0,1827"
2026-09-03T22:24:12.647+00:00,REST,0,"WHEEL,BR,0.00,0.01,0,-469"
2026-09-03T22:24:12.647+00:00,REST,0,"POSE,339.7,1496.0,89.42,0"
2026-09-03T22:24:12.678+00:00,REST,0,"SYS,WAIT_START,0,1,8,MANUAL,RED,0"
2026-09-03T22:24:12.678+00:00,REST,0,"HDG,89.42,89.05,-0.37,1,1"
2026-09-03T22:24:12.678+00:00,REST,0,"TOF,298.0,0,170,-128.0"
2026-09-03T22:24:12.678+00:00,REST,0,"TOFI,0,0,0,1"
2026-09-03T22:24:12.757+00:00,REST,0,"AUTO,2,0,0,0,0,NONE,NONE,0,3"
2026-09-03T22:24:12.757+00:00,REST,0,"MOTION,802674,0,0.00,0.00,0.0000,0.00,0.00"
2026-09-03T22:24:12.820+00:00,REST,0,"TEL,802826,-0.00,0.00,-0.00,0.00,89.43,-0.402,0.0"
2026-09-03T22:24:12.820+00:00,REST,0,"WHEEL,FL,0.00,-0.00,0,-273"
2026-09-03T22:24:12.820+00:00,REST,0,"WHEEL,FR,0.00,0.00,0,1254"
2026-09-03T22:24:12.820+00:00,REST,0,"WHEEL,BL,0.00,-0.00,0,1827"
2026-09-03T22:24:12.851+00:00,REST,0,"WHEEL,BR,0.00,0.00,0,-469"
2026-09-03T22:24:12.851+00:00,REST,0,"POSE,339.7,1496.0,89.43,0"
2026-09-03T22:24:12.883+00:00,REST,0,"SYS,WAIT_START,0,1,8,MANUAL,RED,0"
2026-09-03T22:24:12.883+00:00,REST,0,"HDG,89.43,89.05,-0.38,1,1"
2026-09-03T22:24:12.883+00:00,REST,0,"TOF,298.0,0,170,-128.0"
2026-09-03T22:24:12.883+00:00,REST,0,"TOFI,0,0,0,1"
2026-09-03T22:24:12.915+00:00,REST,0,"AUTO,2,0,0,0,0,NONE,NONE,0,3"
2026-09-03T22:24:12.915+00:00,REST,0,"MOTION,802874,0,0.00,0.00,0.0000,0.00,0.00"
2026-09-03T22:24:13.024+00:00,LEFT_200,200,"TEL,803028,-0.00,0.00,-0.00,0.00,89.44,-0.402,0.0"
2026-09-03T22:24:13.024+00:00,LEFT_200,200,"WHEEL,FL,0.00,-0.00,0,-273"
2026-09-03T22:24:13.024+00:00,LEFT_200,200,"WHEEL,FR,0.00,0.00,0,1254"
2026-09-03T22:24:13.024+00:00,LEFT_200,200,"WHEEL,BL,0.00,-0.00,0,1827"
2026-09-03T22:24:13.056+00:00,LEFT_200,200,"WHEEL,BR,0.00,0.00,0,-469"
2026-09-03T22:24:13.056+00:00,LEFT_200,200,"POSE,339.7,1496.0,89.44,0"
2026-09-03T22:24:13.086+00:00,LEFT_200,200,"SYS,WAIT_START,0,1,8,MANUAL,RED,0"
2026-09-03T22:24:13.086+00:00,LEFT_200,200,"HDG,89.44,89.05,-0.39,1,1"
2026-09-03T22:24:13.086+00:00,LEFT_200,200,"TOF,298.0,0,170,-128.0"
2026-09-03T22:24:13.086+00:00,LEFT_200,200,"TOFI,0,0,0,1"
2026-09-03T22:24:13.117+00:00,LEFT_200,200,"AUTO,2,0,0,0,0,NONE,NONE,0,3"
2026-09-03T22:24:13.117+00:00,LEFT_200,200,"MOTION,803077,0,0.00,0.00,0.0000,0.00,0.00"
2026-09-03T22:24:13.227+00:00,LEFT_200,200,"TEL,803228,-18.29,10.94,36.90,-37.67,89.52,-0.402,0.0"
2026-09-03T22:24:13.227+00:00,LEFT_200,200,"WHEEL,FL,-27.71,-18.29,-45,-286"
2026-09-03T22:24:13.227+00:00,LEFT_200,200,"WHEEL,FR,27.71,10.94,46,1265"
2026-09-03T22:24:13.259+00:00,LEFT_200,200,"WHEEL,BL,48.68,36.90,46,1848"
2026-09-03T22:24:13.259+00:00,LEFT_200,200,"WHEEL,BR,-48.68,-37.67,-43,-483"
2026-09-03T22:24:13.259+00:00,LEFT_200,200,"POSE,324.2,1497.4,89.66,0"
2026-09-03T22:24:13.259+00:00,LEFT_200,200,"SYS,WAIT_START,0,1,8,MANUAL,RED,0"
2026-09-03T22:24:13.290+00:00,LEFT_200,200,"HDG,89.52,89.05,-0.47,1,1"
2026-09-03T22:24:13.290+00:00,LEFT_200,200,"TOF,298.0,0,170,-128.0"
2026-09-03T22:24:13.321+00:00,LEFT_200,200,"TOFI,0,0,0,1"
2026-09-03T22:24:13.321+00:00,LEFT_200,200,"AUTO,2,0,0,0,0,NONE,NONE,0,3"
2026-09-03T22:24:13.321+00:00,LEFT_200,200,"MOTION,803281,1,0.00,200.00,-0.1800,0.00,0.00"
2026-09-03T22:24:13.415+00:00,LEFT_200,200,"TEL,803428,-33.29,37.04,34.77,-25.60,89.03,-0.402,0.0"
2026-09-03T22:24:13.415+00:00,LEFT_200,200,"WHEEL,FL,-38.20,-33.29,-45,-314"
2026-09-03T22:24:13.446+00:00,LEFT_200,200,"WHEEL,FR,38.20,37.04,36,1296"
2026-09-03T22:24:13.446+00:00,LEFT_200,200,"WHEEL,BL,38.20,34.77,37,1889"
2026-09-03T22:24:13.446+00:00,LEFT_200,200,"WHEEL,BR,-38.20,-25.60,-43,-511"
2026-09-03T22:24:13.477+00:00,LEFT_200,200,"POSE,290.8,1502.4,89.01,0"
2026-09-03T22:24:13.477+00:00,LEFT_200,200,"SYS,WAIT_START,0,1,8,MANUAL,RED,0"
2026-09-03T22:24:13.508+00:00,LEFT_200,200,"HDG,89.03,89.05,0.02,1,1"
2026-09-03T22:24:13.508+00:00,LEFT_200,200,"TOF,298.0,0,170,-128.0"
2026-09-03T22:24:13.508+00:00,LEFT_200,200,"TOFI,0,0,0,1"
2026-09-03T22:24:13.508+00:00,LEFT_200,200,"AUTO,2,0,0,0,0,NONE,NONE,0,3"
2026-09-03T22:24:13.540+00:00,LEFT_200,200,"MOTION,803480,1,0.00,200.00,0.0000,0.00,0.00"
2026-09-03T22:24:13.602+00:00,LEFT_200,200,"TEL,803628,-28.32,25.38,31.89,-24.56,88.92,-0.402,0.0"
2026-09-03T22:24:13.602+00:00,LEFT_200,200,"WHEEL,FL,-38.20,-28.32,-49,-339"
2026-09-03T22:24:13.634+00:00,LEFT_200,200,"WHEEL,FR,38.20,25.38,45,1323"
2026-09-03T22:24:13.666+00:00,LEFT_200,200,"WHEEL,BL,38.20,31.89,40,1923"
2026-09-03T22:24:13.666+00:00,LEFT_200,200,"WHEEL,BR,-38.20,-24.56,-45,-536"
2026-09-03T22:24:13.666+00:00,LEFT_200,200,"POSE,261.8,1505.5,88.87,0"
2026-09-03T22:24:13.666+00:00,LEFT_200,200,"SYS,WAIT_START,0,1,8,MANUAL,RED,0"
2026-09-03T22:24:13.698+00:00,LEFT_200,200,"HDG,88.92,89.05,0.13,1,1"
2026-09-03T22:24:13.698+00:00,LEFT_200,200,"TOF,298.0,0,170,-128.0"
2026-09-03T22:24:13.698+00:00,LEFT_200,200,"TOFI,0,0,0,1"
2026-09-03T22:24:13.698+00:00,LEFT_200,200,"AUTO,2,0,0,0,0,NONE,NONE,0,3"
2026-09-03T22:24:13.730+00:00,LEFT_200,200,"MOTION,803680,1,0.00,200.00,0.0000,0.00,0.00"
2026-09-03T22:24:13.836+00:00,LEFT_200,200,"TEL,803828,-37.73,26.30,38.01,-35.06,89.36,-0.402,0.0"
2026-09-03T22:24:13.836+00:00,LEFT_200,200,"WHEEL,FL,-38.20,-37.73,-41,-376"
2026-09-03T22:24:13.836+00:00,LEFT_200,200,"WHEEL,FR,38.20,26.30,45,1353"
2026-09-03T22:24:13.867+00:00,LEFT_200,200,"WHEEL,BL,38.20,38.01,35,1957"
2026-09-03T22:24:13.867+00:00,LEFT_200,200,"WHEEL,BR,-38.20,-35.06,-37,-568"
2026-09-03T22:24:13.867+00:00,LEFT_200,200,"POSE,226.9,1504.5,89.42,0"
2026-09-03T22:24:13.867+00:00,LEFT_200,200,"SYS,WAIT_START,0,1,8,MANUAL,RED,0"
2026-09-03T22:24:13.899+00:00,LEFT_200,200,"HDG,89.36,89.05,-0.31,1,1"
2026-09-03T22:24:13.899+00:00,LEFT_200,200,"TOF,298.0,0,170,-128.0"
2026-09-03T22:24:13.899+00:00,LEFT_200,200,"TOFI,0,0,0,1"
2026-09-03T22:24:13.899+00:00,LEFT_200,200,"AUTO,2,0,0,0,0,NONE,NONE,0,3"
2026-09-03T22:24:13.928+00:00,LEFT_200,200,"MOTION,803881,1,0.00,200.00,0.0000,0.00,0.00"
2026-09-03T22:24:14.070+00:00,LEFT_200,200,"TEL,804028,-21.68,11.07,53.85,-40.41,89.52,-0.402,0.0"
2026-09-03T22:24:14.070+00:00,LEFT_200,200,"WHEEL,FL,-38.20,-21.68,-54,-401"
2026-09-03T22:24:14.070+00:00,LEFT_200,200,"WHEEL,FR,38.20,11.07,57,1380"
2026-09-03T22:24:14.070+00:00,LEFT_200,200,"WHEEL,BL,38.20,53.85,23,1994"
2026-09-03T22:24:14.070+00:00,LEFT_200,200,"WHEEL,BR,-38.20,-40.41,-34,-595"
2026-09-03T22:24:14.070+00:00,LEFT_200,200,"POSE,196.6,1507.9,89.52,0"
2026-09-03T22:24:14.070+00:00,LEFT_200,200,"SYS,WAIT_START,0,1,8,MANUAL,RED,0"
2026-09-03T22:24:14.101+00:00,LEFT_200,200,"HDG,89.52,89.05,-0.47,1,1"
2026-09-03T22:24:14.101+00:00,LEFT_200,200,"TOF,298.0,0,170,-128.0"
2026-09-03T22:24:14.101+00:00,LEFT_200,200,"TOFI,0,0,0,1"
2026-09-03T22:24:14.101+00:00,LEFT_200,200,"AUTO,2,0,0,0,0,NONE,NONE,0,3"
2026-09-03T22:24:14.132+00:00,LEFT_200,200,"MOTION,804081,1,0.00,200.00,0.0000,0.00,0.00"
2026-09-03T22:24:14.225+00:00,LEFT_200,200,"TEL,804229,-33.68,22.47,47.23,-35.44,90.16,-0.402,0.0"
2026-09-03T22:24:14.225+00:00,LEFT_200,200,"WHEEL,FL,-27.71,-33.68,-35,-439"
2026-09-03T22:24:14.225+00:00,LEFT_200,200,"WHEEL,FR,27.71,22.47,39,1413"
2026-09-03T22:24:14.303+00:00,LEFT_200,200,"WHEEL,BL,48.68,47.23,39,2031"
2026-09-03T22:24:14.303+00:00,LEFT_200,200,"WHEEL,BR,-48.68,-35.44,-48,-623"
2026-09-03T22:24:14.303+00:00,LEFT_200,200,"POSE,160.9,1509.0,90.18,0"
2026-09-03T22:24:14.303+00:00,LEFT_200,200,"SYS,WAIT_START,0,1,8,MANUAL,RED,0"
2026-09-03T22:24:14.303+00:00,LEFT_200,200,"HDG,90.16,89.05,-1.11,1,1"
2026-09-03T22:24:14.303+00:00,LEFT_200,200,"TOF,298.0,0,170,-128.0"
2026-09-03T22:24:14.303+00:00,LEFT_200,200,"TOFI,0,0,0,1"
2026-09-03T22:24:14.303+00:00,LEFT_200,200,"AUTO,2,0,0,0,0,NONE,NONE,0,3"
2026-09-03T22:24:14.335+00:00,LEFT_200,200,"MOTION,804281,1,0.00,200.00,-0.1800,0.00,0.00"
2026-09-03T22:24:14.430+00:00,LEFT_200,200,"TEL,804430,-38.98,32.92,27.42,-28.16,89.04,-0.402,0.0"
2026-09-03T22:24:14.430+00:00,LEFT_200,200,"WHEEL,FL,-38.20,-38.98,-41,-471"
2026-09-03T22:24:14.430+00:00,LEFT_200,200,"WHEEL,FR,38.20,32.92,41,1431"
2026-09-03T22:24:14.461+00:00,LEFT_200,200,"WHEEL,BL,38.20,27.42,44,2059"
2026-09-03T22:24:14.461+00:00,LEFT_200,200,"WHEEL,BR,-38.20,-28.16,-44,-663"
2026-09-03T22:24:14.461+00:00,LEFT_200,200,"POSE,130.0,1502.6,89.02,0"
2026-09-03T22:24:14.461+00:00,LEFT_200,200,"SYS,WAIT_START,0,1,8,MANUAL,RED,0"
2026-09-03T22:24:14.493+00:00,LEFT_200,200,"HDG,89.04,89.05,0.00,1,1"
2026-09-03T22:24:14.493+00:00,LEFT_200,200,"TOF,298.0,0,170,-128.0"
2026-09-03T22:24:14.524+00:00,LEFT_200,200,"TOFI,0,0,0,1"
2026-09-03T22:24:14.524+00:00,LEFT_200,200,"AUTO,2,0,0,0,0,NONE,NONE,0,3"
2026-09-03T22:24:14.524+00:00,LEFT_200,200,"MOTION,804482,1,0.00,200.00,0.0000,0.00,0.00"
2026-09-03T22:24:14.666+00:00,LEFT_200,200,"TEL,804630,-34.51,33.05,34.58,-26.61,88.97,-0.402,0.0"
2026-09-03T22:24:14.667+00:00,LEFT_200,200,"WHEEL,FL,-38.20,-34.51,-45,-503"
2026-09-03T22:24:14.667+00:00,LEFT_200,200,"WHEEL,FR,38.20,33.05,42,1461"
2026-09-03T22:24:14.667+00:00,LEFT_200,200,"WHEEL,BL,38.20,34.58,39,2093"
2026-09-03T22:24:14.667+00:00,LEFT_200,200,"WHEEL,BR,-38.20,-26.61,-45,-694"
2026-09-03T22:24:14.667+00:00,LEFT_200,200,"POSE,96.8,1503.4,88.94,0"
2026-09-03T22:24:14.667+00:00,LEFT_200,200,"SYS,WAIT_START,0,1,8,MANUAL,RED,0"
2026-09-03T22:24:14.697+00:00,LEFT_200,200,"HDG,88.97,89.05,0.08,1,1"
2026-09-03T22:24:14.697+00:00,LEFT_200,200,"TOF,298.0,0,170,-128.0"
2026-09-03T22:24:14.729+00:00,LEFT_200,200,"TOFI,0,0,0,1"
2026-09-03T22:24:14.729+00:00,LEFT_200,200,"AUTO,2,0,0,0,0,NONE,NONE,0,3"
2026-09-03T22:24:14.729+00:00,LEFT_200,200,"MOTION,804682,1,0.00,200.00,0.0000,0.00,0.00"
2026-09-03T22:24:14.824+00:00,LEFT_200,200,"TEL,804831,-23.38,18.34,33.86,-25.13,88.85,-0.402,0.0"
2026-09-03T22:24:14.824+00:00,LEFT_200,200,"WHEEL,FL,-38.20,-23.38,-54,-536"
2026-09-03T22:24:14.824+00:00,LEFT_200,200,"WHEEL,FR,38.20,18.34,54,1489"
2026-09-03T22:24:14.902+00:00,LEFT_200,200,"WHEEL,BL,38.20,33.86,40,2124"
2026-09-03T22:24:14.902+00:00,LEFT_200,200,"WHEEL,BR,-38.20,-25.13,-47,-726"
2026-09-03T22:24:14.902+00:00,LEFT_200,200,"POSE,64.3,1502.2,88.85,0"
2026-09-03T22:24:14.902+00:00,LEFT_200,200,"SYS,WAIT_START,0,1,8,MANUAL,RED,0"
2026-09-03T22:24:14.902+00:00,LEFT_200,200,"HDG,88.85,89.05,0.20,1,1"
2026-09-03T22:24:14.902+00:00,LEFT_200,200,"TOF,298.0,0,170,-128.0"
2026-09-03T22:24:14.902+00:00,LEFT_200,200,"TOFI,0,0,0,1"
2026-09-03T22:24:14.902+00:00,LEFT_200,200,"AUTO,2,0,0,0,0,NONE,NONE,0,3"
2026-09-03T22:24:14.934+00:00,LEFT_200,200,"MOTION,804883,1,0.00,200.00,0.0000,0.00,0.00"
2026-09-03T22:24:15.028+00:00,REST,0,"TEL,805031,-42.46,27.43,38.05,-39.22,89.44,-0.402,0.0"
2026-09-03T22:24:15.028+00:00,REST,0,"WHEEL,FL,-38.20,-42.46,-39,-579"
2026-09-03T22:24:15.028+00:00,REST,0,"WHEEL,FR,38.20,27.43,47,1529"
2026-09-03T22:24:15.060+00:00,REST,0,"WHEEL,BL,38.20,38.05,37,2158"
2026-09-03T22:24:15.060+00:00,REST,0,"WHEEL,BR,-38.20,-39.22,-37,-761"
2026-09-03T22:24:15.060+00:00,REST,0,"POSE,24.5,1501.7,89.44,0"
2026-09-03T22:24:15.060+00:00,REST,0,"SYS,WAIT_START,0,1,8,MANUAL,RED,0"
2026-09-03T22:24:15.139+00:00,REST,0,"HDG,89.44,89.05,-0.39,1,1"
2026-09-03T22:24:15.139+00:00,REST,0,"TOF,298.0,0,170,-128.0"
2026-09-03T22:24:15.139+00:00,REST,0,"TOFI,0,0,0,1"
2026-09-03T22:24:15.139+00:00,REST,0,"AUTO,2,0,0,0,0,NONE,NONE,0,3"
2026-09-03T22:24:15.139+00:00,REST,0,"MOTION,805083,1,0.00,200.00,0.0000,0.00,0.00"
2026-09-03T22:24:15.248+00:00,REST,0,"TEL,805231,0.16,9.39,13.23,-2.04,89.53,-0.402,0.0"
2026-09-03T22:24:15.248+00:00,REST,0,"WHEEL,FL,0.00,0.16,0,-597"
2026-09-03T22:24:15.248+00:00,REST,0,"WHEEL,FR,0.00,9.39,0,1555"
2026-09-03T22:24:15.248+00:00,REST,0,"WHEEL,BL,0.00,13.23,0,2182"
2026-09-03T22:24:15.248+00:00,REST,0,"WHEEL,BR,0.00,-2.04,0,-780"
2026-09-03T22:24:15.248+00:00,REST,0,"POSE,1.7,1505.4,89.53,0"
2026-09-03T22:24:15.280+00:00,REST,0,"SYS,WAIT_START,0,1,8,MANUAL,RED,0"
2026-09-03T22:24:15.280+00:00,REST,0,"HDG,89.53,89.05,-0.48,1,1"
2026-09-03T22:24:15.280+00:00,REST,0,"TOF,298.0,0,170,-128.0"
2026-09-03T22:24:15.280+00:00,REST,0,"TOFI,0,0,0,1"
2026-09-03T22:24:15.311+00:00,REST,0,"AUTO,2,0,0,0,0,NONE,NONE,0,3"
2026-09-03T22:24:15.343+00:00,REST,0,"MOTION,805279,0,0.00,0.00,0.0000,0.00,0.00"
2026-09-03T22:24:15.403+00:00,REST,0,"TEL,805446,0.02,0.13,0.19,1.91,89.55,-0.402,0.0"
2026-09-03T22:24:15.481+00:00,REST,0,"WHEEL,FL,0.00,0.02,0,-596"
2026-09-03T22:24:15.481+00:00,REST,0,"WHEEL,FR,0.00,0.13,0,1555"
2026-09-03T22:24:15.481+00:00,REST,0,"WHEEL,BL,0.00,0.19,0,2183"
2026-09-03T22:24:15.481+00:00,REST,0,"WHEEL,BR,0.00,1.91,0,-778"
2026-09-03T22:24:15.481+00:00,REST,0,"POSE,2.3,1506.4,89.55,0"
2026-09-03T22:24:15.483+00:00,REST,0,"SYS,WAIT_START,0,1,8,MANUAL,RED,0"
2026-09-03T22:24:15.483+00:00,REST,0,"HDG,89.55,89.05,-0.50,1,1"
2026-09-03T22:24:15.512+00:00,REST,0,"TOF,298.0,0,170,-128.0"
2026-09-03T22:24:15.512+00:00,REST,0,"TOFI,0,0,0,1"
2026-09-03T22:24:15.544+00:00,REST,0,"AUTO,2,0,0,0,0,NONE,NONE,0,3"
2026-09-03T22:24:15.544+00:00,REST,0,"MOTION,805494,0,0.00,0.00,0.0000,0.00,0.00"
2026-09-03T22:24:15.636+00:00,REST,0,"TEL,805651,0.00,0.00,-0.51,0.03,89.59,-0.402,0.0"
2026-09-03T22:24:15.636+00:00,REST,0,"WHEEL,FL,0.00,0.00,0,-596"
2026-09-03T22:24:15.668+00:00,REST,0,"WHEEL,FR,0.00,0.00,0,1555"
2026-09-03T22:24:15.668+00:00,REST,0,"WHEEL,BL,0.00,-0.51,0,2182"
2026-09-03T22:24:15.668+00:00,REST,0,"WHEEL,BR,0.00,0.03,0,-778"
2026-09-03T22:24:15.668+00:00,REST,0,"POSE,2.5,1506.2,89.60,0"
2026-09-03T22:24:15.699+00:00,REST,0,"SYS,WAIT_START,0,1,8,MANUAL,RED,0"
2026-09-03T22:24:15.700+00:00,REST,0,"HDG,89.59,89.05,-0.54,1,1"
2026-09-03T22:24:15.700+00:00,REST,0,"TOF,298.0,0,170,-128.0"
2026-09-03T22:24:15.700+00:00,REST,0,"TOFI,0,0,0,1"
2026-09-03T22:24:15.731+00:00,REST,0,"AUTO,2,0,0,0,0,NONE,NONE,0,3"
2026-09-03T22:24:15.763+00:00,REST,0,"MOTION,805699,0,0.00,0.00,0.0000,0.00,0.00"
2026-09-03T22:24:15.825+00:00,RIGHT_200,-200,"TEL,805855,0.00,0.00,-0.00,0.00,89.59,-0.402,0.0"
2026-09-03T22:24:15.825+00:00,RIGHT_200,-200,"WHEEL,FL,0.00,0.00,0,-596"
2026-09-03T22:24:15.857+00:00,RIGHT_200,-200,"WHEEL,FR,0.00,0.00,0,1555"
2026-09-03T22:24:15.857+00:00,RIGHT_200,-200,"WHEEL,BL,0.00,-0.00,0,2182"
2026-09-03T22:24:15.889+00:00,RIGHT_200,-200,"WHEEL,BR,0.00,0.00,0,-778"
2026-09-03T22:24:15.889+00:00,RIGHT_200,-200,"POSE,2.5,1506.2,89.59,0"
2026-09-03T22:24:15.889+00:00,RIGHT_200,-200,"SYS,WAIT_START,0,1,8,MANUAL,RED,0"
2026-09-03T22:24:15.968+00:00,RIGHT_200,-200,"HDG,89.59,89.05,-0.54,1,1"
2026-09-03T22:24:15.968+00:00,RIGHT_200,-200,"TOF,298.0,0,170,-128.0"
2026-09-03T22:24:15.968+00:00,RIGHT_200,-200,"TOFI,0,0,0,1"
2026-09-03T22:24:15.968+00:00,RIGHT_200,-200,"AUTO,2,0,0,0,0,NONE,NONE,0,3"
2026-09-03T22:24:15.968+00:00,RIGHT_200,-200,"MOTION,805903,0,0.00,0.00,0.0000,0.00,0.00"
2026-09-03T22:24:16.079+00:00,RIGHT_200,-200,"TEL,806056,24.85,-21.53,-22.46,31.68,89.70,-0.402,0.0"
2026-09-03T22:24:16.079+00:00,RIGHT_200,-200,"WHEEL,FL,55.91,24.85,68,-584"
2026-09-03T22:24:16.079+00:00,RIGHT_200,-200,"WHEEL,FR,-55.91,-21.53,-65,1540"
2026-09-03T22:24:16.079+00:00,RIGHT_200,-200,"WHEEL,BL,-20.48,-22.46,-30,2172"
2026-09-03T22:24:16.079+00:00,RIGHT_200,-200,"WHEEL,BR,20.48,31.68,20,-764"
2026-09-03T22:24:16.110+00:00,RIGHT_200,-200,"POSE,15.9,1506.3,89.67,0"
2026-09-03T22:24:16.110+00:00,RIGHT_200,-200,"SYS,WAIT_START,0,1,8,MANUAL,RED,0"
2026-09-03T22:24:16.110+00:00,RIGHT_200,-200,"HDG,89.70,89.05,-0.65,1,1"
2026-09-03T22:24:16.110+00:00,RIGHT_200,-200,"TOF,298.0,0,170,-128.0"
2026-09-03T22:24:16.189+00:00,RIGHT_200,-200,"TOFI,0,0,0,1"
2026-09-03T22:24:16.189+00:00,RIGHT_200,-200,"AUTO,2,0,0,0,0,NONE,NONE,0,3"
2026-09-03T22:24:16.189+00:00,RIGHT_200,-200,"MOTION,806108,1,0.00,-200.00,-0.3041,0.00,0.00"
2026-09-03T22:24:16.220+00:00,RIGHT_200,-200,"TEL,806256,31.05,-15.47,-35.63,45.59,87.19,-0.402,0.0"
2026-09-03T22:24:16.220+00:00,RIGHT_200,-200,"WHEEL,FL,27.71,31.05,35,-535"
2026-09-03T22:24:16.252+00:00,RIGHT_200,-200,"WHEEL,FR,-27.71,-15.47,-42,1495"
2026-09-03T22:24:16.283+00:00,RIGHT_200,-200,"WHEEL,BL,-48.68,-35.63,-48,2148"
2026-09-03T22:24:16.283+00:00,RIGHT_200,-200,"WHEEL,BR,48.68,45.59,37,-734"
2026-09-03T22:24:16.283+00:00,RIGHT_200,-200,"POSE,54.7,1507.5,87.22,0"
2026-09-03T22:24:16.283+00:00,RIGHT_200,-200,"SYS,WAIT_START,0,1,8,MANUAL,RED,0"
2026-09-03T22:24:16.315+00:00,RIGHT_200,-200,"HDG,87.19,89.05,1.86,1,1"
2026-09-03T22:24:16.315+00:00,RIGHT_200,-200,"TOF,298.0,0,170,-128.0"
2026-09-03T22:24:16.347+00:00,RIGHT_200,-200,"TOFI,0,0,0,1"
2026-09-03T22:24:16.347+00:00,RIGHT_200,-200,"AUTO,2,0,0,0,0,NONE,NONE,0,3"
2026-09-03T22:24:16.347+00:00,RIGHT_200,-200,"MOTION,806308,1,0.00,-200.00,0.1800,0.00,0.00"
2026-09-03T22:24:16.426+00:00,RIGHT_200,-200,"TEL,806456,17.43,-16.02,-36.69,39.22,88.24,-0.402,0.0"
2026-09-03T22:24:16.426+00:00,RIGHT_200,-200,"WHEEL,FL,38.78,17.43,57,-513"
2026-09-03T22:24:16.457+00:00,RIGHT_200,-200,"WHEEL,FR,-38.78,-16.02,-53,1477"
2026-09-03T22:24:16.488+00:00,RIGHT_200,-200,"WHEEL,BL,-37.62,-36.69,-37,2119"
2026-09-03T22:24:16.488+00:00,RIGHT_200,-200,"WHEEL,BR,37.62,39.22,32,-701"
2026-09-03T22:24:16.488+00:00,RIGHT_200,-200,"POSE,81.5,1508.4,88.12,0"
2026-09-03T22:24:16.488+00:00,RIGHT_200,-200,"SYS,WAIT_START,0,1,8,MANUAL,RED,0"
2026-09-03T22:24:16.520+00:00,RIGHT_200,-200,"HDG,88.24,89.05,0.81,1,1"
2026-09-03T22:24:16.520+00:00,RIGHT_200,-200,"TOF,298.0,0,170,-128.0"
2026-09-03T22:24:16.551+00:00,RIGHT_200,-200,"TOFI,0,0,0,1"
2026-09-03T22:24:16.551+00:00,RIGHT_200,-200,"AUTO,2,0,0,0,0,NONE,NONE,0,3"
2026-09-03T22:24:16.551+00:00,RIGHT_200,-200,"MOTION,806508,1,0.00,-200.00,-0.0099,0.00,0.00"
2026-09-03T22:24:16.661+00:00,RIGHT_200,-200,"TEL,806656,27.17,-17.58,-37.26,45.94,88.47,-0.402,0.0"
2026-09-03T22:24:16.661+00:00,RIGHT_200,-200,"WHEEL,FL,41.05,27.17,52,-482"
2026-09-03T22:24:16.661+00:00,RIGHT_200,-200,"WHEEL,FR,-41.05,-17.58,-54,1451"
2026-09-03T22:24:16.661+00:00,RIGHT_200,-200,"WHEEL,BL,-35.34,-37.26,-35,2089"
2026-09-03T22:24:16.661+00:00,RIGHT_200,-200,"WHEEL,BR,35.34,45.94,25,-669"
2026-09-03T22:24:16.693+00:00,RIGHT_200,-200,"POSE,112.7,1509.2,88.37,0"
2026-09-03T22:24:16.693+00:00,RIGHT_200,-200,"SYS,WAIT_START,0,1,8,MANUAL,RED,0"
2026-09-03T22:24:16.725+00:00,RIGHT_200,-200,"HDG,88.47,89.05,0.58,1,1"
2026-09-03T22:24:16.725+00:00,RIGHT_200,-200,"TOF,298.0,0,170,-128.0"
2026-09-03T22:24:16.725+00:00,RIGHT_200,-200,"TOFI,0,0,0,1"
2026-09-03T22:24:16.725+00:00,RIGHT_200,-200,"AUTO,2,0,0,0,0,NONE,NONE,0,3"
2026-09-03T22:24:16.754+00:00,RIGHT_200,-200,"MOTION,806708,1,0.00,-200.00,-0.0490,0.00,0.00"
2026-09-03T22:24:16.896+00:00,RIGHT_200,-200,"TEL,806856,18.71,-17.78,-35.32,40.14,87.82,-0.402,0.0"
2026-09-03T22:24:16.896+00:00,RIGHT_200,-200,"WHEEL,FL,27.71,18.71,45,-452"
2026-09-03T22:24:16.896+00:00,RIGHT_200,-200,"WHEEL,FR,-27.71,-17.78,-41,1418"
2026-09-03T22:24:16.897+00:00,RIGHT_200,-200,"WHEEL,BL,-48.68,-35.32,-51,2060"
2026-09-03T22:24:16.897+00:00,RIGHT_200,-200,"WHEEL,BR,48.68,40.14,43,-641"
2026-09-03T22:24:16.897+00:00,RIGHT_200,-200,"POSE,144.0,1507.0,87.82,0"
2026-09-03T22:24:16.897+00:00,RIGHT_200,-200,"SYS,WAIT_START,0,1,8,MANUAL,RED,0"
2026-09-03T22:24:16.928+00:00,RIGHT_200,-200,"HDG,87.82,89.05,1.23,1,1"
2026-09-03T22:24:16.928+00:00,RIGHT_200,-200,"TOF,298.0,0,170,-128.0"
2026-09-03T22:24:16.928+00:00,RIGHT_200,-200,"TOFI,0,0,0,1"
2026-09-03T22:24:16.928+00:00,RIGHT_200,-200,"AUTO,2,0,0,0,0,NONE,NONE,0,3"
2026-09-03T22:24:16.959+00:00,RIGHT_200,-200,"MOTION,806908,1,0.00,-200.00,0.1800,0.00,0.00"
2026-09-03T22:24:17.022+00:00,RIGHT_200,-200,"TEL,807056,38.47,-35.05,-24.51,25.76,89.57,-0.402,0.0"
2026-09-03T22:24:17.022+00:00,RIGHT_200,-200,"WHEEL,FL,48.68,38.47,51,-428"
2026-09-03T22:24:17.054+00:00,RIGHT_200,-200,"WHEEL,FR,-48.68,-35.05,-49,1396"
2026-09-03T22:24:17.133+00:00,RIGHT_200,-200,"WHEEL,BL,-27.71,-24.51,-39,2025"
2026-09-03T22:24:17.133+00:00,RIGHT_200,-200,"WHEEL,BR,27.71,25.76,34,-603"
2026-09-03T22:24:17.133+00:00,RIGHT_200,-200,"POSE,175.2,1508.0,89.57,0"
2026-09-03T22:24:17.133+00:00,RIGHT_200,-200,"SYS,WAIT_START,0,1,8,MANUAL,RED,0"
2026-09-03T22:24:17.133+00:00,RIGHT_200,-200,"HDG,89.57,89.05,-0.52,1,1"
2026-09-03T22:24:17.133+00:00,RIGHT_200,-200,"TOF,298.0,0,170,-128.0"
2026-09-03T22:24:17.133+00:00,RIGHT_200,-200,"TOFI,0,0,0,1"
2026-09-03T22:24:17.133+00:00,RIGHT_200,-200,"AUTO,2,0,0,0,0,NONE,NONE,0,3"
2026-09-03T22:24:17.164+00:00,RIGHT_200,-200,"MOTION,807109,1,0.00,-200.00,-0.1800,0.00,0.00"
2026-09-03T22:24:17.227+00:00,RIGHT_200,-200,"TEL,807256,28.38,-21.77,-32.74,35.43,88.65,-0.402,0.0"
2026-09-03T22:24:17.227+00:00,RIGHT_200,-200,"WHEEL,FL,38.20,28.38,49,-395"
2026-09-03T22:24:17.259+00:00,RIGHT_200,-200,"WHEEL,FR,-38.20,-21.77,-50,1369"
2026-09-03T22:24:17.290+00:00,RIGHT_200,-200,"WHEEL,BL,-38.20,-32.74,-43,2003"
2026-09-03T22:24:17.290+00:00,RIGHT_200,-200,"WHEEL,BR,38.20,35.43,37,-575"
2026-09-03T22:24:17.290+00:00,RIGHT_200,-200,"POSE,204.1,1510.4,88.65,0"
2026-09-03T22:24:17.290+00:00,RIGHT_200,-200,"SYS,WAIT_START,0,1,8,MANUAL,RED,0"
2026-09-03T22:24:17.322+00:00,RIGHT_200,-200,"HDG,88.65,89.05,0.40,1,1"
2026-09-03T22:24:17.322+00:00,RIGHT_200,-200,"TOF,298.0,0,170,-128.0"
2026-09-03T22:24:17.322+00:00,RIGHT_200,-200,"TOFI,0,0,0,1"
2026-09-03T22:24:17.322+00:00,RIGHT_200,-200,"AUTO,2,0,0,0,0,NONE,NONE,0,3"
2026-09-03T22:24:17.353+00:00,RIGHT_200,-200,"MOTION,807308,1,0.00,-200.00,0.0000,0.00,0.00"
2026-09-03T22:24:17.448+00:00,RIGHT_200,-200,"TEL,807456,30.25,-21.65,-25.61,40.81,89.09,-0.402,0.0"
2026-09-03T22:24:17.448+00:00,RIGHT_200,-200,"WHEEL,FL,38.20,30.25,48,-364"
2026-09-03T22:24:17.448+00:00,RIGHT_200,-200,"WHEEL,FR,-38.20,-21.65,-50,1345"
2026-09-03T22:24:17.480+00:00,RIGHT_200,-200,"WHEEL,BL,-38.20,-25.61,-49,1978"
2026-09-03T22:24:17.480+00:00,RIGHT_200,-200,"WHEEL,BR,38.20,40.81,33,-539"
2026-09-03T22:24:17.511+00:00,RIGHT_200,-200,"POSE,234.5,1514.6,89.09,0"
2026-09-03T22:24:17.511+00:00,RIGHT_200,-200,"SYS,WAIT_START,0,1,8,MANUAL,RED,0"
2026-09-03T22:24:17.511+00:00,RIGHT_200,-200,"HDG,89.09,89.05,-0.04,1,1"
2026-09-03T22:24:17.511+00:00,RIGHT_200,-200,"TOF,298.0,0,170,-128.0"
2026-09-03T22:24:17.541+00:00,RIGHT_200,-200,"TOFI,0,0,0,1"
2026-09-03T22:24:17.541+00:00,RIGHT_200,-200,"AUTO,2,0,0,0,0,NONE,NONE,0,3"
2026-09-03T22:24:17.541+00:00,RIGHT_200,-200,"MOTION,807509,1,0.00,-200.00,0.0000,0.00,0.00"
2026-09-03T22:24:17.636+00:00,RIGHT_200,-200,"TEL,807656,31.74,-32.76,-25.65,34.95,88.99,-0.402,0.0"
2026-09-03T22:24:17.636+00:00,RIGHT_200,-200,"WHEEL,FL,38.20,31.74,47,-332"
2026-09-03T22:24:17.668+00:00,RIGHT_200,-200,"WHEEL,FR,-38.20,-32.76,-42,1313"
2026-09-03T22:24:17.668+00:00,RIGHT_200,-200,"WHEEL,BL,-38.20,-25.65,-50,1947"
2026-09-03T22:24:17.668+00:00,RIGHT_200,-200,"WHEEL,BR,38.20,34.95,38,-507"
2026-09-03T22:24:17.746+00:00,RIGHT_200,-200,"POSE,267.8,1514.4,88.99,0"
2026-09-03T22:24:17.746+00:00,RIGHT_200,-200,"SYS,WAIT_START,0,1,8,MANUAL,RED,0"
2026-09-03T22:24:17.746+00:00,RIGHT_200,-200,"HDG,88.99,89.05,0.05,1,1"
2026-09-03T22:24:17.746+00:00,RIGHT_200,-200,"TOF,298.0,0,170,-128.0"
2026-09-03T22:24:17.746+00:00,RIGHT_200,-200,"TOFI,0,0,0,1"
2026-09-03T22:24:17.746+00:00,RIGHT_200,-200,"AUTO,2,0,0,0,0,NONE,NONE,0,3"
2026-09-03T22:24:17.746+00:00,RIGHT_200,-200,"MOTION,807708,1,0.00,-200.00,0.0000,0.00,0.00"
2026-09-03T22:24:17.841+00:00,REST,0,"TEL,807856,35.59,-24.87,-22.71,36.49,89.32,-0.402,0.0"
2026-09-03T22:24:17.841+00:00,REST,0,"WHEEL,FL,38.20,35.59,45,-302"
2026-09-03T22:24:17.841+00:00,REST,0,"WHEEL,FR,-38.20,-24.87,-49,1289"
2026-09-03T22:24:17.872+00:00,REST,0,"WHEEL,BL,-38.20,-22.71,-53,1914"
2026-09-03T22:24:17.872+00:00,REST,0,"WHEEL,BR,38.20,36.49,37,-474"
2026-09-03T22:24:17.903+00:00,REST,0,"POSE,299.2,1515.5,89.35,0"
2026-09-03T22:24:17.903+00:00,REST,0,"SYS,WAIT_START,0,1,8,MANUAL,RED,0"
2026-09-03T22:24:17.903+00:00,REST,0,"HDG,89.32,89.05,-0.27,1,1"
2026-09-03T22:24:17.903+00:00,REST,0,"TOF,298.0,0,170,-128.0"
2026-09-03T22:24:17.933+00:00,REST,0,"TOFI,0,0,0,1"
2026-09-03T22:24:17.934+00:00,REST,0,"AUTO,2,0,0,0,0,NONE,NONE,0,3"
2026-09-03T22:24:17.965+00:00,REST,0,"MOTION,807908,1,0.00,-200.00,0.0000,0.00,0.00"
2026-09-03T22:24:18.028+00:00,REST,0,"TEL,808056,11.37,-17.62,-6.12,5.44,89.55,-0.402,0.0"
2026-09-03T22:24:18.028+00:00,REST,0,"WHEEL,FL,0.00,11.37,0,-280"
2026-09-03T22:24:18.058+00:00,REST,0,"WHEEL,FR,0.00,-17.62,0,1263"
2026-09-03T22:24:18.058+00:00,REST,0,"WHEEL,BL,0.00,-6.12,0,1886"
2026-09-03T22:24:18.090+00:00,REST,0,"WHEEL,BR,0.00,5.44,0,-452"
2026-09-03T22:24:18.091+00:00,REST,0,"POSE,324.8,1512.7,89.55,0"
2026-09-03T22:24:18.091+00:00,REST,0,"SYS,WAIT_START,0,1,8,MANUAL,RED,0"
2026-09-03T22:24:18.122+00:00,REST,0,"HDG,89.55,89.05,-0.50,1,1"
2026-09-03T22:24:18.122+00:00,REST,0,"TOF,298.0,0,170,-128.0"
2026-09-03T22:24:18.122+00:00,REST,0,"TOFI,0,0,0,1"
2026-09-03T22:24:18.122+00:00,REST,0,"AUTO,2,0,0,0,0,NONE,NONE,0,3"
2026-09-03T22:24:18.153+00:00,REST,0,"MOTION,808106,0,0.00,0.00,0.0000,0.00,0.00"
2026-09-03T22:24:18.231+00:00,REST,0,"TEL,808256,0.15,-0.22,-0.08,0.55,89.54,-0.402,0.0"
2026-09-03T22:24:18.231+00:00,REST,0,"WHEEL,FL,0.00,0.15,0,-280"
2026-09-03T22:24:18.263+00:00,REST,0,"WHEEL,FR,0.00,-0.22,0,1264"
2026-09-03T22:24:18.263+00:00,REST,0,"WHEEL,BL,0.00,-0.08,0,1886"
2026-09-03T22:24:18.263+00:00,REST,0,"WHEEL,BR,0.00,0.55,0,-451"
2026-09-03T22:24:18.263+00:00,REST,0,"POSE,324.8,1513.3,89.54,0"
2026-09-03T22:24:18.342+00:00,REST,0,"SYS,WAIT_START,0,1,8,MANUAL,RED,0"
2026-09-03T22:24:18.342+00:00,REST,0,"HDG,89.54,89.05,-0.49,1,1"
2026-09-03T22:24:18.342+00:00,REST,0,"TOF,298.0,0,170,-128.0"
2026-09-03T22:24:18.342+00:00,REST,0,"TOFI,0,0,0,1"
2026-09-03T22:24:18.342+00:00,REST,0,"AUTO,2,0,0,0,0,NONE,NONE,0,3"
2026-09-03T22:24:18.342+00:00,REST,0,"MOTION,808305,0,0.00,0.00,0.0000,0.00,0.00"
2026-09-03T22:24:18.451+00:00,REST,0,"TEL,808456,0.00,-0.00,-0.00,0.01,89.52,-0.402,0.0"
2026-09-03T22:24:18.451+00:00,REST,0,"WHEEL,FL,0.00,0.00,0,-280"
2026-09-03T22:24:18.451+00:00,REST,0,"WHEEL,FR,0.00,-0.00,0,1264"
2026-09-03T22:24:18.451+00:00,REST,0,"WHEEL,BL,0.00,-0.00,0,1886"
2026-09-03T22:24:18.483+00:00,REST,0,"WHEEL,BR,0.00,0.01,0,-451"
2026-09-03T22:24:18.483+00:00,REST,0,"POSE,324.8,1513.3,89.52,0"
2026-09-03T22:24:18.483+00:00,REST,0,"SYS,WAIT_START,0,1,8,MANUAL,RED,0"
2026-09-03T22:24:18.514+00:00,REST,0,"HDG,89.52,89.05,-0.48,1,1"
2026-09-03T22:24:18.514+00:00,REST,0,"TOF,298.0,0,170,-128.0"
2026-09-03T22:24:18.514+00:00,REST,0,"TOFI,0,0,0,1"
2026-09-03T22:24:18.546+00:00,REST,0,"AUTO,2,0,0,0,0,NONE,NONE,0,3"
2026-09-03T22:24:18.546+00:00,REST,0,"MOTION,808504,0,0.00,0.00,0.0000,0.00,0.00"
2026-09-03T22:24:18.688+00:00,LEFT_300,300,
2026-09-03T22:24:18.688+00:00,LEFT_300,300,"WHEEL,FL,0.00,0.00,0,-280"
2026-09-03T22:24:18.688+00:00,LEFT_300,300,"WHEEL,FR,0.00,-0.00,0,1264"
2026-09-03T22:24:18.688+00:00,LEFT_300,300,"WHEEL,BL,0.00,-0.00,0,1886"
2026-09-03T22:24:18.688+00:00,LEFT_300,300,"WHEEL,BR,0.00,0.00,0,-451"
2026-09-03T22:24:18.688+00:00,LEFT_300,300,"POSE,324.8,1513.3,89.52,0"
2026-09-03T22:24:18.688+00:00,LEFT_300,300,"SYS,WAIT_START,0,1,8,MANUAL,RED,0"
2026-09-03T22:24:18.720+00:00,LEFT_300,300,"HDG,89.52,89.05,-0.47,1,1"
2026-09-03T22:24:18.720+00:00,LEFT_300,300,"TOF,298.0,0,170,-128.0"
2026-09-03T22:24:18.720+00:00,LEFT_300,300,"TOFI,0,0,0,1"
2026-09-03T22:24:18.751+00:00,LEFT_300,300,"AUTO,2,0,0,0,0,NONE,NONE,0,3"
2026-09-03T22:24:18.751+00:00,LEFT_300,300,"MOTION,808704,0,0.00,0.00,0.0000,0.00,0.00"
2026-09-03T22:24:18.845+00:00,LEFT_300,300,"TEL,808859,-37.66,19.85,95.20,-44.91,90.18,-0.402,0.0"
2026-09-03T22:24:18.845+00:00,LEFT_300,300,"WHEEL,FL,-46.81,-37.66,-49,-297"
2026-09-03T22:24:18.846+00:00,LEFT_300,300,"WHEEL,FR,46.81,19.85,57,1278"
2026-09-03T22:24:18.925+00:00,LEFT_300,300,"WHEEL,BL,67.78,95.20,18,1927"
2026-09-03T22:24:18.925+00:00,LEFT_300,300,"WHEEL,BR,-67.78,-44.91,-56,-470"
2026-09-03T22:24:18.925+00:00,LEFT_300,300,"POSE,301.0,1518.3,90.21,0"
2026-09-03T22:24:18.925+00:00,LEFT_300,300,"SYS,WAIT_START,0,1,8,MANUAL,RED,0"
2026-09-03T22:24:18.925+00:00,LEFT_300,300,"HDG,90.18,89.05,-1.13,1,1"
2026-09-03T22:24:18.925+00:00,LEFT_300,300,"TOF,298.0,0,170,-128.0"
2026-09-03T22:24:18.925+00:00,LEFT_300,300,"TOFI,0,0,0,1"
2026-09-03T22:24:18.925+00:00,LEFT_300,300,"AUTO,2,0,0,0,0,NONE,NONE,0,3"
2026-09-03T22:24:18.955+00:00,LEFT_300,300,"MOTION,808911,1,0.00,300.00,-0.1800,0.00,0.00"
2026-09-03T22:24:19.049+00:00,LEFT_300,300,"TEL,809059,-51.38,32.40,57.26,-65.34,90.32,-0.402,0.0"
2026-09-03T22:24:19.049+00:00,LEFT_300,300,"WHEEL,FL,-46.81,-51.38,-38,-353"
2026-09-03T22:24:19.049+00:00,LEFT_300,300,"WHEEL,FR,46.81,32.40,48,1321"
2026-09-03T22:24:19.081+00:00,LEFT_300,300,"WHEEL,BL,67.78,57.26,48,1961"
2026-09-03T22:24:19.081+00:00,LEFT_300,300,"WHEEL,BR,-67.78,-65.34,-41,-527"
2026-09-03T22:24:19.158+00:00,LEFT_300,300,"POSE,251.3,1508.6,90.41,0"
2026-09-03T22:24:19.158+00:00,LEFT_300,300,"SYS,WAIT_START,0,1,8,MANUAL,RED,0"
2026-09-03T22:24:19.158+00:00,LEFT_300,300,"HDG,90.32,89.05,-1.27,1,1"
2026-09-03T22:24:19.158+00:00,LEFT_300,300,"TOF,298.0,0,170,-128.0"
2026-09-03T22:24:19.158+00:00,LEFT_300,300,"TOFI,0,0,0,1"
2026-09-03T22:24:19.158+00:00,LEFT_300,300,"AUTO,2,0,0,0,0,NONE,NONE,0,3"
2026-09-03T22:24:19.158+00:00,LEFT_300,300,"MOTION,809111,1,0.00,300.00,-0.1800,0.00,0.00"
2026-09-03T22:24:19.269+00:00,LEFT_300,300,"TEL,809259,-51.10,51.65,55.71,-51.22,89.10,-0.402,0.0"
2026-09-03T22:24:19.269+00:00,LEFT_300,300,"WHEEL,FL,-57.30,-51.10,-49,-393"
2026-09-03T22:24:19.269+00:00,LEFT_300,300,"WHEEL,FR,57.30,51.65,44,1368"
2026-09-03T22:24:19.269+00:00,LEFT_300,300,"WHEEL,BL,57.30,55.71,40,2023"
2026-09-03T22:24:19.269+00:00,LEFT_300,300,"WHEEL,BR,-57.30,-51.22,-42,-576"
2026-09-03T22:24:19.301+00:00,LEFT_300,300,"POSE,199.5,1514.2,89.08,0"
2026-09-03T22:24:19.301+00:00,LEFT_300,300,"SYS,WAIT_START,0,1,8,MANUAL,RED,0"
2026-09-03T22:24:19.380+00:00,LEFT_300,300,"HDG,89.10,89.05,-0.05,1,1"
2026-09-03T22:24:19.380+00:00,LEFT_300,300,"TOF,298.0,0,170,-128.0"
2026-09-03T22:24:19.380+00:00,LEFT_300,300,"TOFI,0,0,0,1"
2026-09-03T22:24:19.380+00:00,LEFT_300,300,"AUTO,2,0,0,0,0,NONE,NONE,0,3"
2026-09-03T22:24:19.380+00:00,LEFT_300,300,"MOTION,809311,1,0.00,300.00,0.0000,0.00,0.00"
2026-09-03T22:24:19.490+00:00,LEFT_300,300,"TEL,809460,-48.86,40.87,78.03,-47.44,89.39,-0.402,0.0"
2026-09-03T22:24:19.490+00:00,LEFT_300,300,"WHEEL,FL,-57.30,-48.86,-51,-441"
2026-09-03T22:24:19.490+00:00,LEFT_300,300,"WHEEL,FR,57.30,40.87,52,1413"
2026-09-03T22:24:19.490+00:00,LEFT_300,300,"WHEEL,BL,57.30,78.03,23,2074"
2026-09-03T22:24:19.490+00:00,LEFT_300,300,"WHEEL,BR,-57.30,-47.44,-46,-619"
2026-09-03T22:24:19.521+00:00,LEFT_300,300,"POSE,150.6,1516.1,89.49,0"
2026-09-03T22:24:19.521+00:00,LEFT_300,300,"SYS,WAIT_START,0,1,8,MANUAL,RED,0"
2026-09-03T22:24:19.552+00:00,LEFT_300,300,"HDG,89.39,89.05,-0.34,1,1"
2026-09-03T22:24:19.552+00:00,LEFT_300,300,"TOF,298.0,0,170,-128.0"
2026-09-03T22:24:19.552+00:00,LEFT_300,300,"TOFI,0,0,0,1"
2026-09-03T22:24:19.552+00:00,LEFT_300,300,"AUTO,2,0,0,0,0,NONE,NONE,0,3"
2026-09-03T22:24:19.584+00:00,LEFT_300,300,"MOTION,809512,1,0.00,300.00,0.0000,0.00,0.00"
2026-09-03T22:24:19.646+00:00,LEFT_300,300,"TEL,809660,-53.61,30.00,60.57,-63.20,89.87,-0.402,0.0"
2026-09-03T22:24:19.646+00:00,LEFT_300,300,"WHEEL,FL,-46.81,-53.61,-37,-498"
2026-09-03T22:24:19.725+00:00,LEFT_300,300,"WHEEL,FR,46.81,30.00,51,1457"
2026-09-03T22:24:19.725+00:00,LEFT_300,300,"WHEEL,BL,67.78,60.57,47,2119"
2026-09-03T22:24:19.725+00:00,LEFT_300,300,"WHEEL,BR,-67.78,-63.20,-45,-669"
2026-09-03T22:24:19.725+00:00,LEFT_300,300,"POSE,99.3,1511.3,90.00,0"
2026-09-03T22:24:19.726+00:00,LEFT_300,300,"SYS,WAIT_START,0,1,8,MANUAL,RED,0"
2026-09-03T22:24:19.726+00:00,LEFT_300,300,"HDG,89.87,89.05,-0.83,1,1"
2026-09-03T22:24:19.726+00:00,LEFT_300,300,"TOF,298.0,0,170,-128.0"
2026-09-03T22:24:19.757+00:00,LEFT_300,300,"TOFI,0,0,0,1"
2026-09-03T22:24:19.757+00:00,LEFT_300,300,"AUTO,2,0,0,0,0,NONE,NONE,0,3"
2026-09-03T22:24:19.834+00:00,LEFT_300,300,"MOTION,809712,1,0.00,300.00,-0.1800,0.00,0.00"
2026-09-03T22:24:19.866+00:00,LEFT_300,300,"TEL,809860,-57.30,44.41,55.80,-44.98,88.85,-0.402,0.0"
2026-09-03T22:24:19.866+00:00,LEFT_300,300,"WHEEL,FL,-57.30,-57.30,-45,-547"
2026-09-03T22:24:19.866+00:00,LEFT_300,300,"WHEEL,FR,57.30,44.41,51,1509"
2026-09-03T22:24:19.943+00:00,LEFT_300,300,"WHEEL,BL,57.30,55.80,40,2181"
2026-09-03T22:24:19.943+00:00,LEFT_300,300,"WHEEL,BR,-57.30,-44.98,-49,-723"
2026-09-03T22:24:19.943+00:00,LEFT_300,300,"POSE,42.5,1515.1,88.85,0"
2026-09-03T22:24:19.943+00:00,LEFT_300,300,"SYS,WAIT_START,0,1,8,MANUAL,RED,0"
2026-09-03T22:24:19.943+00:00,LEFT_300,300,"HDG,88.85,89.05,0.20,1,1"
2026-09-03T22:24:19.943+00:00,LEFT_300,300,"TOF,298.0,0,170,-128.0"
2026-09-03T22:24:19.943+00:00,LEFT_300,300,"TOFI,0,0,0,1"
2026-09-03T22:24:19.943+00:00,LEFT_300,300,"AUTO,2,0,0,0,0,NONE,NONE,0,3"
2026-09-03T22:24:19.975+00:00,LEFT_300,300,"MOTION,809912,1,0.00,300.00,0.0000,0.00,0.00"
2026-09-03T22:24:20.069+00:00,LEFT_300,300,"TEL,810061,-43.15,53.65,51.98,-47.71,88.88,-0.402,0.0"
2026-09-03T22:24:20.069+00:00,LEFT_300,300,"WHEEL,FL,-57.30,-43.15,-56,-593"
2026-09-03T22:24:20.069+00:00,LEFT_300,300,"WHEEL,FR,57.30,53.65,44,1561"
2026-09-03T22:24:20.099+00:00,LEFT_300,300,"WHEEL,BL,57.30,51.98,43,2235"
2026-09-03T22:24:20.099+00:00,LEFT_300,300,"WHEEL,BR,-57.30,-47.71,-48,-770"
2026-09-03T22:24:20.178+00:00,LEFT_300,300,"POSE,-9.5,1519.5,88.88,0"
2026-09-03T22:24:20.178+00:00,LEFT_300,300,"SYS,WAIT_START,0,1,8,MANUAL,RED,0"
2026-09-03T22:24:20.178+00:00,LEFT_300,300,"HDG,88.88,89.05,0.17,1,1"
2026-09-03T22:24:20.178+00:00,LEFT_300,300,"TOF,298.0,0,170,-128.0"
2026-09-03T22:24:20.178+00:00,LEFT_300,300,"TOFI,0,0,0,1"
2026-09-03T22:24:20.178+00:00,LEFT_300,300,"AUTO,2,0,0,0,0,NONE,NONE,0,3"
2026-09-03T22:24:20.178+00:00,LEFT_300,300,"MOTION,810113,1,0.00,300.00,0.0000,0.00,0.00"
2026-09-03T22:24:20.287+00:00,LEFT_300,300,"TEL,810262,-51.29,41.35,57.08,-58.36,89.63,-0.402,0.0"
2026-09-03T22:24:20.287+00:00,LEFT_300,300,"WHEEL,FL,-46.81,-51.29,-40,-652"
2026-09-03T22:24:20.287+00:00,LEFT_300,300,"WHEEL,FR,46.81,41.35,44,1611"
2026-09-03T22:24:20.287+00:00,LEFT_300,300,"WHEEL,BL,67.78,57.08,50,2286"
2026-09-03T22:24:20.287+00:00,LEFT_300,300,"WHEEL,BR,-67.78,-58.36,-50,-821"
2026-09-03T22:24:20.318+00:00,LEFT_300,300,"POSE,-64.8,1517.9,89.63,0"
2026-09-03T22:24:20.318+00:00,LEFT_300,300,"SYS,WAIT_START,0,1,8,MANUAL,RED,0"
2026-09-03T22:24:20.395+00:00,LEFT_300,300,"HDG,89.63,89.05,-0.59,1,1"
2026-09-03T22:24:20.395+00:00,LEFT_300,300,"TOF,298.0,0,170,-128.0"
2026-09-03T22:24:20.395+00:00,LEFT_300,300,"TOFI,0,0,0,1"
2026-09-03T22:24:20.395+00:00,LEFT_300,300,"AUTO,2,0,0,0,0,NONE,NONE,0,3"
2026-09-03T22:24:20.395+00:00,LEFT_300,300,"MOTION,810315,1,0.00,300.00,-0.1800,0.00,0.00"
2026-09-03T22:24:20.505+00:00,LEFT_300,300,"TEL,810462,-48.96,55.57,53.29,-47.07,88.79,-0.402,0.0"
2026-09-03T22:24:20.506+00:00,LEFT_300,300,"WHEEL,FL,-57.30,-48.96,-52,-697"
2026-09-03T22:24:20.506+00:00,LEFT_300,300,"WHEEL,FR,57.30,55.57,43,1662"
2026-09-03T22:24:20.506+00:00,LEFT_300,300,"WHEEL,BL,57.30,53.29,43,2345"
2026-09-03T22:24:20.506+00:00,LEFT_300,300,"WHEEL,BR,-57.30,-47.07,-49,-873"
2026-09-03T22:24:20.506+00:00,LEFT_300,300,"POSE,-118.9,1522.5,88.79,0"
2026-09-03T22:24:20.506+00:00,LEFT_300,300,"SYS,WAIT_START,0,1,8,MANUAL,RED,0"
2026-09-03T22:24:20.537+00:00,LEFT_300,300,"HDG,88.79,89.05,0.26,1,1"
2026-09-03T22:24:20.537+00:00,LEFT_300,300,"TOF,298.0,0,170,-128.0"
2026-09-03T22:24:20.615+00:00,LEFT_300,300,"TOFI,0,0,0,1"
2026-09-03T22:24:20.615+00:00,LEFT_300,300,"AUTO,2,0,0,0,0,NONE,NONE,0,3"
2026-09-03T22:24:20.615+00:00,LEFT_300,300,"MOTION,810514,1,0.00,300.00,0.0000,0.00,0.00"
2026-09-03T22:24:20.693+00:00,REST,0,"TEL,810662,-62.93,42.92,47.24,-58.33,89.13,-0.402,0.0"
2026-09-03T22:24:20.693+00:00,REST,0,"WHEEL,FL,-57.30,-62.93,-41,-757"
2026-09-03T22:24:20.693+00:00,REST,0,"WHEEL,FR,57.30,42.92,53,1708"
2026-09-03T22:24:20.693+00:00,REST,0,"WHEEL,BL,57.30,47.24,48,2393"
2026-09-03T22:24:20.693+00:00,REST,0,"WHEEL,BR,-57.30,-58.33,-40,-925"
2026-09-03T22:24:20.725+00:00,REST,0,"POSE,-172.9,1518.7,89.13,0"
2026-09-03T22:24:20.725+00:00,REST,0,"SYS,WAIT_START,0,1,8,MANUAL,RED,0"
2026-09-03T22:24:20.725+00:00,REST,0,"HDG,89.13,89.05,-0.08,1,1"
2026-09-03T22:24:20.802+00:00,REST,0,"TOF,298.0,0,170,-128.0"
2026-09-03T22:24:20.802+00:00,REST,0,"TOFI,0,0,0,1"
2026-09-03T22:24:20.802+00:00,REST,0,"AUTO,2,0,0,0,0,NONE,NONE,0,3"
2026-09-03T22:24:20.802+00:00,REST,0,"MOTION,810715,1,0.00,300.00,0.0000,0.00,0.00"
2026-09-03T22:24:20.863+00:00,REST,0,"TEL,810862,-20.51,33.05,36.00,-12.12,88.97,-0.402,0.0"
2026-09-03T22:24:20.864+00:00,REST,0,"WHEEL,FL,0.00,-20.51,0,-798"
2026-09-03T22:24:20.864+00:00,REST,0,"WHEEL,FR,0.00,33.05,0,1758"
2026-09-03T22:24:20.864+00:00,REST,0,"WHEEL,BL,0.00,36.00,0,2447"
2026-09-03T22:24:20.895+00:00,REST,0,"WHEEL,BR,0.00,-12.12,0,-961"
2026-09-03T22:24:20.927+00:00,REST,0,"POSE,-220.2,1526.6,88.97,0"
2026-09-03T22:24:20.927+00:00,REST,0,"SYS,WAIT_START,0,1,8,MANUAL,RED,0"
2026-09-03T22:24:20.927+00:00,REST,0,"HDG,88.97,89.05,0.08,1,1"
2026-09-03T22:24:20.927+00:00,REST,0,"TOF,298.0,0,170,-128.0"
2026-09-03T22:24:20.957+00:00,REST,0,"TOFI,0,0,0,1"
2026-09-03T22:24:20.957+00:00,REST,0,"AUTO,2,0,0,0,0,NONE,NONE,0,3"
2026-09-03T22:24:21.035+00:00,REST,0,"MOTION,810913,0,0.00,0.00,0.0000,0.00,0.00"
2026-09-03T22:24:21.067+00:00,REST,0,"TEL,811062,-0.05,0.75,0.83,-0.20,88.95,-0.402,0.0"
2026-09-03T22:24:21.067+00:00,REST,0,"WHEEL,FL,0.00,-0.05,0,-799"
2026-09-03T22:24:21.067+00:00,REST,0,"WHEEL,FR,0.00,0.75,0,1765"
2026-09-03T22:24:21.067+00:00,REST,0,"WHEEL,BL,0.00,0.83,0,2456"
2026-09-03T22:24:21.144+00:00,REST,0,"WHEEL,BR,0.00,-0.20,0,-963"
2026-09-03T22:24:21.144+00:00,REST,0,"POSE,-225.1,1530.1,88.95,0"
2026-09-03T22:24:21.144+00:00,REST,0,"SYS,WAIT_START,0,1,8,MANUAL,RED,0"
2026-09-03T22:24:21.144+00:00,REST,0,"HDG,88.95,89.05,0.10,1,1"
2026-09-03T22:24:21.144+00:00,REST,0,"TOF,298.0,0,170,-128.0"
2026-09-03T22:24:21.144+00:00,REST,0,"TOFI,0,0,0,1"
2026-09-03T22:24:21.144+00:00,REST,0,"AUTO,2,0,0,0,0,NONE,NONE,0,3"
2026-09-03T22:24:21.176+00:00,REST,0,"MOTION,811111,0,0.00,0.00,0.0000,0.00,0.00"
2026-09-03T22:24:21.270+00:00,REST,0,"TEL,811262,-0.00,0.01,0.01,-0.00,88.95,-0.402,0.0"
2026-09-03T22:24:21.270+00:00,REST,0,"WHEEL,FL,0.00,-0.00,0,-799"
2026-09-03T22:24:21.270+00:00,REST,0,"WHEEL,FR,0.00,0.01,0,1765"
2026-09-03T22:24:21.270+00:00,REST,0,"WHEEL,BL,0.00,0.01,0,2456"
2026-09-03T22:24:21.301+00:00,REST,0,"WHEEL,BR,0.00,-0.00,0,-963"
2026-09-03T22:24:21.301+00:00,REST,0,"POSE,-225.1,1530.1,88.95,0"
2026-09-03T22:24:21.333+00:00,REST,0,"SYS,WAIT_START,0,1,8,MANUAL,RED,0"
2026-09-03T22:24:21.333+00:00,REST,0,"HDG,88.95,89.05,0.10,1,1"
2026-09-03T22:24:21.333+00:00,REST,0,"TOF,298.0,0,170,-128.0"
2026-09-03T22:24:21.333+00:00,REST,0,"TOFI,0,0,0,1"
2026-09-03T22:24:21.364+00:00,REST,0,"AUTO,2,0,0,0,0,NONE,NONE,0,3"
2026-09-03T22:24:21.365+00:00,REST,0,"MOTION,811311,0,0.00,0.00,0.0000,0.00,0.00"
2026-09-03T22:24:21.507+00:00,RIGHT_300,-300,
2026-09-03T22:24:21.507+00:00,RIGHT_300,-300,"WHEEL,FL,0.00,-0.00,0,-799"
2026-09-03T22:24:21.507+00:00,RIGHT_300,-300,"WHEEL,FR,0.00,0.00,0,1765"
2026-09-03T22:24:21.507+00:00,RIGHT_300,-300,"WHEEL,BL,0.00,0.00,0,2456"
2026-09-03T22:24:21.507+00:00,RIGHT_300,-300,"WHEEL,BR,0.00,-0.00,0,-963"
2026-09-03T22:24:21.507+00:00,RIGHT_300,-300,"POSE,-225.1,1530.1,88.94,0"
2026-09-03T22:24:21.507+00:00,RIGHT_300,-300,"SYS,WAIT_START,0,1,8,MANUAL,RED,0"
2026-09-03T22:24:21.538+00:00,RIGHT_300,-300,"HDG,88.94,89.05,0.11,1,1"
2026-09-03T22:24:21.538+00:00,RIGHT_300,-300,"TOF,298.0,0,170,-128.0"
2026-09-03T22:24:21.538+00:00,RIGHT_300,-300,"TOFI,0,0,0,1"
2026-09-03T22:24:21.569+00:00,RIGHT_300,-300,"AUTO,2,0,0,0,0,NONE,NONE,0,3"
2026-09-03T22:24:21.569+00:00,RIGHT_300,-300,"MOTION,811511,0,0.00,0.00,0.0000,0.00,0.00"
2026-09-03T22:24:21.664+00:00,RIGHT_300,-300,"TEL,811664,27.02,-70.41,-27.11,50.69,88.74,-0.402,0.0"
2026-09-03T22:24:21.664+00:00,RIGHT_300,-300,"WHEEL,FL,57.30,27.02,68,-788"
2026-09-03T22:24:21.664+00:00,RIGHT_300,-300,"WHEEL,FR,-57.30,-70.41,-27,1744"
2026-09-03T22:24:21.695+00:00,RIGHT_300,-300,"WHEEL,BL,-57.30,-27.11,-62,2443"
2026-09-03T22:24:21.695+00:00,RIGHT_300,-300,"WHEEL,BR,57.30,50.69,41,-943"
2026-09-03T22:24:21.727+00:00,RIGHT_300,-300,"POSE,-208.1,1529.0,88.70,0"
2026-09-03T22:24:21.727+00:00,RIGHT_300,-300,"SYS,WAIT_START,0,1,8,MANUAL,RED,0"
2026-09-03T22:24:21.727+00:00,RIGHT_300,-300,"HDG,88.74,89.05,0.31,1,1"
2026-09-03T22:24:21.727+00:00,RIGHT_300,-300,"TOF,298.0,0,170,-128.0"
2026-09-03T22:24:21.759+00:00,RIGHT_300,-300,"TOFI,0,0,0,1"
2026-09-03T22:24:21.759+00:00,RIGHT_300,-300,"AUTO,2,0,0,0,0,NONE,NONE,0,3"
2026-09-03T22:24:21.790+00:00,RIGHT_300,-300,"MOTION,811717,1,0.00,-300.00,0.0000,0.00,0.00"
2026-09-03T22:24:21.868+00:00,RIGHT_300,-300,"TEL,811865,48.23,-41.25,-39.80,57.45,89.56,-0.402,0.0"
2026-09-03T22:24:21.869+00:00,RIGHT_300,-300,"WHEEL,FL,57.30,48.23,52,-740"
2026-09-03T22:24:21.869+00:00,RIGHT_300,-300,"WHEEL,FR,-57.30,-41.25,-51,1721"
2026-09-03T22:24:21.900+00:00,RIGHT_300,-300,"WHEEL,BL,-57.30,-39.80,-53,2389"
2026-09-03T22:24:21.900+00:00,RIGHT_300,-300,"WHEEL,BR,57.30,57.45,36,-890"
2026-09-03T22:24:21.932+00:00,RIGHT_300,-300,"POSE,-161.4,1534.6,89.54,0"
2026-09-03T22:24:21.932+00:00,RIGHT_300,-300,"SYS,WAIT_START,0,1,8,MANUAL,RED,0"
2026-09-03T22:24:21.932+00:00,RIGHT_300,-300,"HDG,89.56,89.05,-0.51,1,1"
2026-09-03T22:24:21.963+00:00,RIGHT_300,-300,"TOF,298.0,0,170,-128.0"
2026-09-03T22:24:21.963+00:00,RIGHT_300,-300,"TOFI,0,0,0,1"
2026-09-03T22:24:21.963+00:00,RIGHT_300,-300,"AUTO,2,0,0,0,0,NONE,NONE,0,3"
2026-09-03T22:24:21.963+00:00,RIGHT_300,-300,"MOTION,811917,1,0.00,-300.00,0.0000,0.00,0.00"
2026-09-03T22:24:22.057+00:00,RIGHT_300,-300,"TEL,812066,45.67,-43.62,-53.68,51.97,89.19,-0.402,0.0"
2026-09-03T22:24:22.057+00:00,RIGHT_300,-300,"WHEEL,FL,57.30,45.67,55,-692"
2026-09-03T22:24:22.089+00:00,RIGHT_300,-300,"WHEEL,FR,-57.30,-43.62,-50,1675"
2026-09-03T22:24:22.089+00:00,RIGHT_300,-300,"WHEEL,BL,-57.30,-53.68,-43,2343"
2026-09-03T22:24:22.089+00:00,RIGHT_300,-300,"WHEEL,BR,57.30,51.97,41,-846"
2026-09-03T22:24:22.121+00:00,RIGHT_300,-300,"POSE,-113.2,1534.1,89.17,0"
2026-09-03T22:24:22.121+00:00,RIGHT_300,-300,"SYS,WAIT_START,0,1,8,MANUAL,RED,0"
2026-09-03T22:24:22.152+00:00,RIGHT_300,-300,"HDG,89.19,89.05,-0.14,1,1"
2026-09-03T22:24:22.152+00:00,RIGHT_300,-300,"TOF,298.0,0,170,-128.0"
2026-09-03T22:24:22.152+00:00,RIGHT_300,-300,"TOFI,0,0,0,1"
2026-09-03T22:24:22.152+00:00,RIGHT_300,-300,"AUTO,2,0,0,0,0,NONE,NONE,0,3"
2026-09-03T22:24:22.183+00:00,RIGHT_300,-300,"MOTION,812118,1,0.00,-300.00,0.0000,0.00,0.00"
2026-09-03T22:24:22.246+00:00,RIGHT_300,-300,"TEL,812266,58.97,-46.39,-48.69,52.43,88.62,-0.402,0.0"
2026-09-03T22:24:22.246+00:00,RIGHT_300,-300,"WHEEL,FL,57.30,58.97,44,-632"
2026-09-03T22:24:22.278+00:00,RIGHT_300,-300,"WHEEL,FR,-57.30,-46.39,-48,1632"
2026-09-03T22:24:22.309+00:00,RIGHT_300,-300,"WHEEL,BL,-57.30,-48.69,-47,2306"
2026-09-03T22:24:22.310+00:00,RIGHT_300,-300,"WHEEL,BR,57.30,52.43,40,-791"
2026-09-03T22:24:22.310+00:00,RIGHT_300,-300,"POSE,-62.1,1542.5,88.62,0"
2026-09-03T22:24:22.310+00:00,RIGHT_300,-300,"SYS,WAIT_START,0,1,8,MANUAL,RED,0"
2026-09-03T22:24:22.341+00:00,RIGHT_300,-300,"HDG,88.62,89.05,0.43,1,1"
2026-09-03T22:24:22.341+00:00,RIGHT_300,-300,"TOF,298.0,0,170,-128.0"
2026-09-03T22:24:22.373+00:00,RIGHT_300,-300,"TOFI,0,0,0,1"
2026-09-03T22:24:22.373+00:00,RIGHT_300,-300,"AUTO,2,0,0,0,0,NONE,NONE,0,3"
2026-09-03T22:24:22.373+00:00,RIGHT_300,-300,"MOTION,812318,1,0.00,-300.00,0.0000,0.00,0.00"
2026-09-03T22:24:22.468+00:00,RIGHT_300,-300,"TEL,812482,43.59,-38.83,-49.29,55.95,89.29,-0.402,0.0"
2026-09-03T22:24:22.468+00:00,RIGHT_300,-300,"WHEEL,FL,57.30,43.59,57,-584"
2026-09-03T22:24:22.499+00:00,RIGHT_300,-300,"WHEEL,FR,-57.30,-38.83,-55,1591"
2026-09-03T22:24:22.530+00:00,RIGHT_300,-300,"WHEEL,BL,-57.30,-49.29,-48,2254"
2026-09-03T22:24:22.530+00:00,RIGHT_300,-300,"WHEEL,BR,57.30,55.95,38,-732"
2026-09-03T22:24:22.530+00:00,RIGHT_300,-300,"POSE,-9.6,1544.9,89.29,0"
2026-09-03T22:24:22.530+00:00,RIGHT_300,-300,"SYS,WAIT_START,0,1,8,MANUAL,RED,0"
2026-09-03T22:24:22.561+00:00,RIGHT_300,-300,"HDG,89.29,89.05,-0.25,1,1"
2026-09-03T22:24:22.561+00:00,RIGHT_300,-300,"TOF,298.0,0,170,-128.0"
2026-09-03T22:24:22.593+00:00,RIGHT_300,-300,"TOFI,0,0,0,1"
2026-09-03T22:24:22.593+00:00,RIGHT_300,-300,"AUTO,2,0,0,0,0,NONE,NONE,0,3"
2026-09-03T22:24:22.593+00:00,RIGHT_300,-300,"MOTION,812534,1,0.00,-300.00,0.0000,0.00,0.00"
2026-09-03T22:24:22.733+00:00,RIGHT_300,-300,"TEL,812687,43.40,-43.32,-64.38,61.93,88.85,-0.402,0.0"
2026-09-03T22:24:22.733+00:00,RIGHT_300,-300,"WHEEL,FL,57.30,43.40,57,-532"
2026-09-03T22:24:22.733+00:00,RIGHT_300,-300,"WHEEL,FR,-57.30,-43.32,-52,1540"
2026-09-03T22:24:22.733+00:00,RIGHT_300,-300,"WHEEL,BL,-57.30,-64.38,-36,2206"
2026-09-03T22:24:22.733+00:00,RIGHT_300,-300,"WHEEL,BR,57.30,61.93,34,-683"
2026-09-03T22:24:22.733+00:00,RIGHT_300,-300,"POSE,42.7,1544.3,88.66,0"
2026-09-03T22:24:22.733+00:00,RIGHT_300,-300,"SYS,WAIT_START,0,1,8,MANUAL,RED,0"
2026-09-03T22:24:22.763+00:00,RIGHT_300,-300,"HDG,88.85,89.05,0.20,1,1"
2026-09-03T22:24:22.763+00:00,RIGHT_300,-300,"TOF,298.0,0,170,-128.0"
2026-09-03T22:24:22.842+00:00,RIGHT_300,-300,"TOFI,0,0,0,1"
2026-09-03T22:24:22.842+00:00,RIGHT_300,-300,"AUTO,2,0,0,0,0,NONE,NONE,0,3"
2026-09-03T22:24:22.842+00:00,RIGHT_300,-300,"MOTION,812739,1,0.00,-300.00,0.0000,0.00,0.00"
2026-09-03T22:24:22.874+00:00,RIGHT_300,-300,"TEL,812887,46.34,-25.49,-55.25,65.70,88.41,-0.402,0.0"
2026-09-03T22:24:22.874+00:00,RIGHT_300,-300,"WHEEL,FL,46.81,46.34,44,-476"
2026-09-03T22:24:22.905+00:00,RIGHT_300,-300,"WHEEL,FR,-46.81,-25.49,-56,1499"
2026-09-03T22:24:22.935+00:00,RIGHT_300,-300,"WHEEL,BL,-67.78,-55.25,-54,2163"
2026-09-03T22:24:22.935+00:00,RIGHT_300,-300,"WHEEL,BR,67.78,65.70,41,-629"
2026-09-03T22:24:22.935+00:00,RIGHT_300,-300,"POSE,93.7,1549.6,88.14,0"
2026-09-03T22:24:22.935+00:00,RIGHT_300,-300,"SYS,WAIT_START,0,1,8,MANUAL,RED,0"
2026-09-03T22:24:22.967+00:00,RIGHT_300,-300,"HDG,88.41,89.05,0.64,1,1"
2026-09-03T22:24:22.967+00:00,RIGHT_300,-300,"TOF,298.0,0,170,-128.0"
2026-09-03T22:24:22.967+00:00,RIGHT_300,-300,"TOFI,0,0,0,1"
2026-09-03T22:24:22.967+00:00,RIGHT_300,-300,"AUTO,2,0,0,0,0,NONE,NONE,0,3"
2026-09-03T22:24:22.998+00:00,RIGHT_300,-300,"MOTION,812939,1,0.00,-300.00,0.1800,0.00,0.00"
2026-09-03T22:24:23.091+00:00,RIGHT_300,-300,"TEL,813087,45.60,-46.39,-50.21,54.25,89.36,-0.402,0.0"
2026-09-03T22:24:23.091+00:00,RIGHT_300,-300,"WHEEL,FL,57.30,45.60,56,-436"
2026-09-03T22:24:23.091+00:00,RIGHT_300,-300,"WHEEL,FR,-57.30,-46.39,-51,1448"
2026-09-03T22:24:23.121+00:00,RIGHT_300,-300,"WHEEL,BL,-57.30,-50.21,-48,2107"
2026-09-03T22:24:23.121+00:00,RIGHT_300,-300,"WHEEL,BR,57.30,54.25,40,-578"
2026-09-03T22:24:23.199+00:00,RIGHT_300,-300,"POSE,145.5,1544.9,89.36,0"
2026-09-03T22:24:23.199+00:00,RIGHT_300,-300,"SYS,WAIT_START,0,1,8,MANUAL,RED,0"
2026-09-03T22:24:23.199+00:00,RIGHT_300,-300,"HDG,89.36,89.05,-0.31,1,1"
2026-09-03T22:24:23.199+00:00,RIGHT_300,-300,"TOF,298.0,0,170,-128.0"
2026-09-03T22:24:23.199+00:00,RIGHT_300,-300,"TOFI,0,0,0,1"
2026-09-03T22:24:23.199+00:00,RIGHT_300,-300,"AUTO,2,0,0,0,0,NONE,NONE,0,3"
2026-09-03T22:24:23.199+00:00,RIGHT_300,-300,"MOTION,813140,1,0.00,-300.00,0.0000,0.00,0.00"
2026-09-03T22:24:23.309+00:00,RIGHT_300,-300,"TEL,813287,51.99,-48.72,-43.76,47.94,89.52,-0.402,0.0"
2026-09-03T22:24:23.309+00:00,RIGHT_300,-300,"WHEEL,FL,57.30,51.99,52,-382"
2026-09-03T22:24:23.309+00:00,RIGHT_300,-300,"WHEEL,FR,-57.30,-48.72,-50,1400"
2026-09-03T22:24:23.309+00:00,RIGHT_300,-300,"WHEEL,BL,-57.30,-43.76,-54,2060"
2026-09-03T22:24:23.309+00:00,RIGHT_300,-300,"WHEEL,BR,57.30,47.94,45,-527"
2026-09-03T22:24:23.340+00:00,RIGHT_300,-300,"POSE,197.9,1547.0,89.52,0"
2026-09-03T22:24:23.340+00:00,RIGHT_300,-300,"SYS,WAIT_START,0,1,8,MANUAL,RED,0"
2026-09-03T22:24:23.417+00:00,RIGHT_300,-300,"HDG,89.52,89.05,-0.47,1,1"
2026-09-03T22:24:23.417+00:00,RIGHT_300,-300,"TOF,298.0,0,170,-128.0"
2026-09-03T22:24:23.417+00:00,RIGHT_300,-300,"TOFI,0,0,0,1"
2026-09-03T22:24:23.417+00:00,RIGHT_300,-300,"AUTO,2,0,0,0,0,NONE,NONE,0,3"
2026-09-03T22:24:23.417+00:00,RIGHT_300,-300,"MOTION,813339,1,0.00,-300.00,0.0000,0.00,0.00"
2026-09-03T22:24:23.527+00:00,REST,0,",0.0"
2026-09-03T22:24:23.527+00:00,REST,0,"WHEEL,FL,57.30,65.13,42,-326"
2026-09-03T22:24:23.527+00:00,REST,0,"WHEEL,FR,-57.30,-63.53,-38,1346"
2026-09-03T22:24:23.527+00:00,REST,0,"WHEEL,BL,-57.30,-33.55,-62,2012"
2026-09-03T22:24:23.527+00:00,REST,0,"WHEEL,BR,57.30,47.49,46,-474"
2026-09-03T22:24:23.527+00:00,REST,0,"POSE,253.1,1548.5,89.23,0"
2026-09-03T22:24:23.527+00:00,REST,0,"SYS,WAIT_START,0,1,8,MANUAL,RED,0"
2026-09-03T22:24:23.558+00:00,REST,0,"HDG,89.23,89.05,-0.18,1,1"
2026-09-03T22:24:23.558+00:00,REST,0,"TOF,298.0,0,170,-128.0"
2026-09-03T22:24:23.588+00:00,REST,0,"TOFI,0,0,0,1"
2026-09-03T22:24:23.588+00:00,REST,0,"AUTO,2,0,0,0,0,NONE,NONE,0,3"
2026-09-03T22:24:23.588+00:00,REST,0,"MOTION,813539,1,0.00,-300.00,0.0000,0.00,0.00"
2026-09-03T22:24:23.682+00:00,REST,0,"TEL,813687,21.92,-31.19,-18.39,30.83,90.64,-0.402,0.0"
2026-09-03T22:24:23.682+00:00,REST,0,"WHEEL,FL,0.00,21.92,0,-288"
2026-09-03T22:24:23.759+00:00,REST,0,"WHEEL,FR,0.00,-31.19,0,1310"
2026-09-03T22:24:23.759+00:00,REST,0,"WHEEL,BL,0.00,-18.39,0,1959"
2026-09-03T22:24:23.759+00:00,REST,0,"WHEEL,BR,0.00,30.83,0,-422"
2026-09-03T22:24:23.759+00:00,REST,0,"POSE,300.0,1548.2,90.64,0"
2026-09-03T22:24:23.759+00:00,REST,0,"SYS,WAIT_START,0,1,8,MANUAL,RED,0"
2026-09-03T22:24:23.759+00:00,REST,0,"HDG,90.64,89.05,-1.59,1,1"
2026-09-03T22:24:23.759+00:00,REST,0,"TOF,298.0,0,170,-128.0"
2026-09-03T22:24:23.790+00:00,REST,0,"TOFI,0,0,0,1"
2026-09-03T22:24:23.790+00:00,REST,0,"AUTO,2,0,0,0,0,NONE,NONE,0,3"
2026-09-03T22:24:23.790+00:00,REST,0,"MOTION,813737,0,0.00,0.00,0.0000,0.00,0.00"
2026-09-03T22:24:23.869+00:00,REST,0,"TEL,813887,0.02,-0.81,-0.40,-1.21,90.18,-0.402,0.0"
2026-09-03T22:24:23.869+00:00,REST,0,"WHEEL,FL,0.00,0.02,0,-285"
2026-09-03T22:24:23.900+00:00,REST,0,"WHEEL,FR,0.00,-0.81,0,1303"
2026-09-03T22:24:23.900+00:00,REST,0,"WHEEL,BL,0.00,-0.40,0,1958"
2026-09-03T22:24:23.978+00:00,REST,0,"WHEEL,BR,0.00,-1.21,0,-423"
2026-09-03T22:24:23.978+00:00,REST,0,"POSE,302.6,1546.6,90.18,0"
2026-09-03T22:24:23.978+00:00,REST,0,"SYS,WAIT_START,0,1,8,MANUAL,RED,0"
2026-09-03T22:24:23.978+00:00,REST,0,"HDG,90.18,89.05,-1.13,1,1"
2026-09-03T22:24:23.978+00:00,REST,0,"TOF,298.0,0,170,-128.0"
2026-09-03T22:24:23.978+00:00,REST,0,"TOFI,0,0,0,1"
2026-09-03T22:24:23.978+00:00,REST,0,"AUTO,2,0,0,0,0,NONE,NONE,0,3"
2026-09-03T22:24:24.008+00:00,REST,0,"MOTION,813936,0,0.00,0.00,0.0000,0.00,0.00"
2026-09-03T22:24:24.087+00:00,REST,0,"TEL,814087,0.00,-0.01,-0.01,-0.02,90.17,-0.402,0.0"
2026-09-03T22:24:24.087+00:00,REST,0,"WHEEL,FL,0.00,0.00,0,-285"
2026-09-03T22:24:24.087+00:00,REST,0,"WHEEL,FR,0.00,-0.01,0,1303"
2026-09-03T22:24:24.087+00:00,REST,0,"WHEEL,BL,0.00,-0.01,0,1958"
2026-09-03T22:24:24.118+00:00,REST,0,"WHEEL,BR,0.00,-0.02,0,-423"
2026-09-03T22:24:24.118+00:00,REST,0,"POSE,302.6,1546.6,90.17,0"
2026-09-03T22:24:24.149+00:00,REST,0,"SYS,WAIT_START,0,1,8,MANUAL,RED,0"
2026-09-03T22:24:24.149+00:00,REST,0,"HDG,90.17,89.05,-1.12,1,1"
2026-09-03T22:24:24.149+00:00,REST,0,"TOF,298.0,0,170,-128.0"
2026-09-03T22:24:24.149+00:00,REST,0,"TOFI,0,0,0,1"
2026-09-03T22:24:24.180+00:00,REST,0,"AUTO,2,0,0,0,0,NONE,NONE,0,3"
2026-09-03T22:24:24.211+00:00,REST,0,"MOTION,814136,0,0.00,0.00,0.0000,0.00,0.00"
2026-09-03T22:24:24.321+00:00,REST,0,"TEL,814287,0.00,-0.00,-0.00,-1.13,90.12,-0.402,0.0"
2026-09-03T22:24:24.321+00:00,REST,0,"WHEEL,FL,0.00,0.00,0,-285"
2026-09-03T22:24:24.321+00:00,REST,0,"WHEEL,FR,0.00,-0.00,0,1303"
2026-09-03T22:24:24.321+00:00,REST,0,"WHEEL,BL,0.00,-0.00,0,1958"
2026-09-03T22:24:24.321+00:00,REST,0,"WHEEL,BR,0.00,-1.13,0,-424"
2026-09-03T22:24:24.321+00:00,REST,0,"POSE,302.4,1546.3,90.12,0"
2026-09-03T22:24:24.353+00:00,LEFT_400,400,"IT_START,0,1,8,MANUAL,RED,0"
2026-09-03T22:24:24.353+00:00,LEFT_400,400,"HDG,90.12,89.05,-1.08,1,1"
2026-09-03T22:24:24.353+00:00,LEFT_400,400,"TOF,298.0,0,170,-128.0"
2026-09-03T22:24:24.353+00:00,LEFT_400,400,"TOFI,0,0,0,1"
2026-09-03T22:24:24.385+00:00,LEFT_400,400,"AUTO,2,0,0,0,0,NONE,NONE,0,3"
2026-09-03T22:24:24.385+00:00,LEFT_400,400,"MOTION,814336,0,0.00,0.00,0.0000,0.00,0.00"
2026-09-03T22:24:24.527+00:00,LEFT_400,400,"TEL,814490,0.00,-0.02,-0.00,-0.02,90.06,-0.402,0.0"
2026-09-03T22:24:24.527+00:00,LEFT_400,400,"WHEEL,FL,0.00,0.00,0,-285"
2026-09-03T22:24:24.527+00:00,LEFT_400,400,"WHEEL,FR,0.00,-0.02,0,1302"
2026-09-03T22:24:24.527+00:00,LEFT_400,400,"WHEEL,BL,0.00,-0.00,0,1958"
2026-09-03T22:24:24.527+00:00,LEFT_400,400,"WHEEL,BR,0.00,-0.02,0,-424"
2026-09-03T22:24:24.527+00:00,LEFT_400,400,"POSE,302.6,1546.1,90.06,0"
2026-09-03T22:24:24.527+00:00,LEFT_400,400,"SYS,WAIT_START,0,1,8,MANUAL,RED,0"
2026-09-03T22:24:24.559+00:00,LEFT_400,400,"HDG,90.06,89.05,-1.01,1,1"
2026-09-03T22:24:24.559+00:00,LEFT_400,400,"TOF,298.0,0,170,-128.0"
2026-09-03T22:24:24.559+00:00,LEFT_400,400,"TOFI,0,0,0,1"
2026-09-03T22:24:24.636+00:00,LEFT_400,400,"AUTO,2,0,0,0,0,NONE,NONE,0,3"
2026-09-03T22:24:24.636+00:00,LEFT_400,400,"MOTION,814539,0,0.00,0.00,0.0000,0.00,0.00"
2026-09-03T22:24:24.666+00:00,LEFT_400,400,"TEL,814690,-58.40,44.64,66.60,-72.92,91.04,-0.402,0.0"
2026-09-03T22:24:24.666+00:00,LEFT_400,400,"WHEEL,FL,-62.75,-58.40,-50,-315"
2026-09-03T22:24:24.744+00:00,LEFT_400,400,"WHEEL,FR,62.75,44.64,55,1325"
2026-09-03T22:24:24.744+00:00,LEFT_400,400,"WHEEL,BL,90.03,66.60,65,2009"
2026-09-03T22:24:24.744+00:00,LEFT_400,400,"WHEEL,BR,-90.03,-72.92,-58,-461"
2026-09-03T22:24:24.744+00:00,LEFT_400,400,"POSE,265.7,1547.7,90.93,0"
2026-09-03T22:24:24.744+00:00,LEFT_400,400,"SYS,WAIT_START,0,1,8,MANUAL,RED,0"
2026-09-03T22:24:24.776+00:00,LEFT_400,400,"HDG,91.04,89.05,-1.99,1,1"
2026-09-03T22:24:24.776+00:00,LEFT_400,400,"TOF,298.0,0,170,-128.0"
2026-09-03T22:24:24.776+00:00,LEFT_400,400,"TOFI,0,0,0,1"
2026-09-03T22:24:24.776+00:00,LEFT_400,400,"AUTO,2,0,0,0,0,NONE,NONE,0,3"
2026-09-03T22:24:24.807+00:00,LEFT_400,400,"MOTION,814742,1,0.00,400.00,-0.2342,0.00,0.00"
2026-09-03T22:24:24.871+00:00,LEFT_400,400,"TEL,814891,-55.30,60.61,81.65,-72.68,89.79,-0.402,0.0"
2026-09-03T22:24:24.871+00:00,LEFT_400,400,"WHEEL,FL,-65.91,-55.30,-56,-384"
2026-09-03T22:24:24.902+00:00,LEFT_400,400,"WHEEL,FR,65.91,60.61,46,1389"
2026-09-03T22:24:24.934+00:00,LEFT_400,400,"WHEEL,BL,86.88,81.65,50,2115"
2026-09-03T22:24:24.934+00:00,LEFT_400,400,"WHEEL,BR,-86.88,-72.68,-56,-545"
2026-09-03T22:24:24.934+00:00,LEFT_400,400,"POSE,181.1,1551.2,89.79,0"
2026-09-03T22:24:24.934+00:00,LEFT_400,400,"SYS,WAIT_START,0,1,8,MANUAL,RED,0"
2026-09-03T22:24:24.965+00:00,LEFT_400,400,"HDG,89.79,89.05,-0.74,1,1"
2026-09-03T22:24:24.965+00:00,LEFT_400,400,"TOF,298.0,0,170,-128.0"
2026-09-03T22:24:24.996+00:00,LEFT_400,400,"TOFI,0,0,0,1"
2026-09-03T22:24:24.997+00:00,LEFT_400,400,"AUTO,2,0,0,0,0,NONE,NONE,0,3"
2026-09-03T22:24:24.997+00:00,LEFT_400,400,"MOTION,814944,1,0.00,400.00,-0.1800,0.00,0.00"
2026-09-03T22:24:25.090+00:00,LEFT_400,400,"TEL,815091,-86.25,53.93,63.38,-72.02,89.19,-0.402,0.0"
2026-09-03T22:24:25.090+00:00,LEFT_400,400,"WHEEL,FL,-76.39,-86.25,-42,-463"
2026-09-03T22:24:25.090+00:00,LEFT_400,400,"WHEEL,FR,76.39,53.93,62,1452"
2026-09-03T22:24:25.122+00:00,LEFT_400,400,"WHEEL,BL,76.39,63.38,54,2192"
2026-09-03T22:24:25.122+00:00,LEFT_400,400,"WHEEL,BR,-76.39,-72.02,-46,-623"
2026-09-03T22:24:25.154+00:00,LEFT_400,400,"POSE,103.3,1548.1,89.19,0"
2026-09-03T22:24:25.154+00:00,LEFT_400,400,"SYS,WAIT_START,0,1,8,MANUAL,RED,0"
2026-09-03T22:24:25.154+00:00,LEFT_400,400,"HDG,89.19,89.05,-0.14,1,1"
2026-09-03T22:24:25.154+00:00,LEFT_400,400,"TOF,298.0,0,170,-128.0"
2026-09-03T22:24:25.186+00:00,LEFT_400,400,"TOFI,0,0,0,1"
2026-09-03T22:24:25.186+00:00,LEFT_400,400,"AUTO,2,0,0,0,0,NONE,NONE,0,3"
2026-09-03T22:24:25.186+00:00,LEFT_400,400,"MOTION,815143,1,0.00,400.00,0.0000,0.00,0.00"
2026-09-03T22:24:25.277+00:00,LEFT_400,400,"TEL,815291,-54.41,61.89,85.84,-76.78,89.73,-0.402,0.0"
2026-09-03T22:24:25.277+00:00,LEFT_400,400,"WHEEL,FL,-65.91,-54.41,-56,-525"
2026-09-03T22:24:25.357+00:00,LEFT_400,400,"WHEEL,FR,65.91,61.89,46,1526"
2026-09-03T22:24:25.357+00:00,LEFT_400,400,"WHEEL,BL,86.88,85.84,47,2276"
2026-09-03T22:24:25.357+00:00,LEFT_400,400,"WHEEL,BR,-86.88,-76.78,-53,-686"
2026-09-03T22:24:25.357+00:00,LEFT_400,400,"POSE,29.2,1557.0,89.73,0"
2026-09-03T22:24:25.357+00:00,LEFT_400,400,"SYS,WAIT_START,0,1,8,MANUAL,RED,0"
2026-09-03T22:24:25.357+00:00,LEFT_400,400,"HDG,89.73,89.05,-0.69,1,1"
2026-09-03T22:24:25.357+00:00,LEFT_400,400,"TOF,298.0,0,170,-128.0"
2026-09-03T22:24:25.388+00:00,LEFT_400,400,"TOFI,0,0,0,1"
2026-09-03T22:24:25.389+00:00,LEFT_400,400,"AUTO,2,0,0,0,0,NONE,NONE,0,3"
2026-09-03T22:24:25.389+00:00,LEFT_400,400,"MOTION,815343,1,0.00,400.00,-0.1800,0.00,0.00"
2026-09-03T22:24:25.466+00:00,LEFT_400,400,"TEL,815492,-75.10,61.47,58.28,-75.04,88.80,-0.402,0.0"
2026-09-03T22:24:25.466+00:00,LEFT_400,400,"WHEEL,FL,-76.39,-75.10,-51,-597"
2026-09-03T22:24:25.497+00:00,LEFT_400,400,"WHEEL,FR,76.39,61.47,57,1591"
2026-09-03T22:24:25.576+00:00,LEFT_400,400,"WHEEL,BL,76.39,58.28,58,2346"
2026-09-03T22:24:25.576+00:00,LEFT_400,400,"WHEEL,BR,-76.39,-75.04,-44,-760"
2026-09-03T22:24:25.576+00:00,LEFT_400,400,"POSE,-44.4,1556.2,88.80,0"
2026-09-03T22:24:25.576+00:00,LEFT_400,400,"SYS,WAIT_START,0,1,8,MANUAL,RED,0"
2026-09-03T22:24:25.576+00:00,LEFT_400,400,"HDG,88.80,89.05,0.25,1,1"
2026-09-03T22:24:25.576+00:00,LEFT_400,400,"TOF,298.0,0,170,-128.0"
2026-09-03T22:24:25.576+00:00,LEFT_400,400,"TOFI,0,0,0,1"
2026-09-03T22:24:25.576+00:00,LEFT_400,400,"AUTO,2,0,0,0,0,NONE,NONE,0,3"
2026-09-03T22:24:25.608+00:00,LEFT_400,400,"MOTION,815544,1,0.00,400.00,0.0000,0.00,0.00"
2026-09-03T22:24:25.673+00:00,LEFT_400,400,"TEL,815693,-71.35,79.40,82.06,-70.38,89.16,-0.402,0.0"
2026-09-03T22:24:25.673+00:00,LEFT_400,400,"WHEEL,FL,-76.39,-71.35,-55,-664"
2026-09-03T22:24:25.703+00:00,LEFT_400,400,"WHEEL,FR,76.39,79.40,43,1677"
2026-09-03T22:24:25.735+00:00,LEFT_400,400,"WHEEL,BL,76.39,82.06,39,2434"
2026-09-03T22:24:25.735+00:00,LEFT_400,400,"WHEEL,BR,-76.39,-70.38,-48,-822"
2026-09-03T22:24:25.735+00:00,LEFT_400,400,"POSE,-123.5,1569.4,89.16,0"
2026-09-03T22:24:25.735+00:00,LEFT_400,400,"SYS,WAIT_START,0,1,8,MANUAL,RED,0"
2026-09-03T22:24:25.813+00:00,LEFT_400,400,"HDG,89.16,89.05,-0.11,1,1"
2026-09-03T22:24:25.813+00:00,LEFT_400,400,"TOF,298.0,0,170,-128.0"
2026-09-03T22:24:25.813+00:00,LEFT_400,400,"TOFI,0,0,0,1"
2026-09-03T22:24:25.813+00:00,LEFT_400,400,"AUTO,2,0,0,0,0,NONE,NONE,0,3"
2026-09-03T22:24:25.813+00:00,LEFT_400,400,"MOTION,815745,1,0.00,400.00,0.0000,0.00,0.00"
2026-09-03T22:24:25.923+00:00,LEFT_400,400,"TEL,815893,-65.04,68.31,76.38,-69.64,89.34,-0.402,0.0"
2026-09-03T22:24:25.923+00:00,LEFT_400,400,"WHEEL,FL,-76.39,-65.04,-60,-733"
2026-09-03T22:24:25.923+00:00,LEFT_400,400,"WHEEL,FR,76.39,68.31,52,1740"
2026-09-03T22:24:25.923+00:00,LEFT_400,400,"WHEEL,BL,76.39,76.38,44,2508"
2026-09-03T22:24:25.923+00:00,LEFT_400,400,"WHEEL,BR,-76.39,-69.64,-50,-887"
2026-09-03T22:24:25.955+00:00,LEFT_400,400,"POSE,-194.4,1570.8,89.42,0"
2026-09-03T22:24:25.955+00:00,LEFT_400,400,"SYS,WAIT_START,0,1,8,MANUAL,RED,0"
2026-09-03T22:24:25.955+00:00,LEFT_400,400,"HDG,89.34,89.05,-0.30,1,1"
2026-09-03T22:24:26.033+00:00,LEFT_400,400,"TOF,298.0,0,170,-128.0"
2026-09-03T22:24:26.033+00:00,LEFT_400,400,"TOFI,0,0,0,1"
2026-09-03T22:24:26.033+00:00,LEFT_400,400,"AUTO,2,0,0,0,0,NONE,NONE,0,3"
2026-09-03T22:24:26.033+00:00,LEFT_400,400,"MOTION,815946,1,0.00,400.00,0.0000,0.00,0.00"
2026-09-03T22:24:26.143+00:00,LEFT_400,400,"TEL,816093,-75.29,63.66,81.53,-71.30,90.04,-0.402,0.0"
2026-09-03T22:24:26.143+00:00,LEFT_400,400,"WHEEL,FL,-65.91,-75.29,-41,-818"
2026-09-03T22:24:26.143+00:00,LEFT_400,400,"WHEEL,FR,65.91,63.66,45,1809"
2026-09-03T22:24:26.143+00:00,LEFT_400,400,"WHEEL,BL,86.88,81.53,51,2582"
2026-09-03T22:24:26.143+00:00,LEFT_400,400,"WHEEL,BR,-86.88,-71.30,-59,-960"
2026-09-03T22:24:26.143+00:00,LEFT_400,400,"POSE,-273.2,1566.6,90.04,0"
2026-09-03T22:24:26.143+00:00,LEFT_400,400,"SYS,WAIT_START,0,1,8,MANUAL,RED,0"
2026-09-03T22:24:26.174+00:00,LEFT_400,400,"HDG,90.04,89.05,-0.99,1,1"
2026-09-03T22:24:26.174+00:00,LEFT_400,400,"TOF,298.0,0,170,-128.0"
2026-09-03T22:24:26.174+00:00,LEFT_400,400,"TOFI,0,0,0,1"
2026-09-03T22:24:26.174+00:00,LEFT_400,400,"AUTO,2,0,0,0,0,NONE,NONE,0,3"
2026-09-03T22:24:26.253+00:00,LEFT_400,400,"MOTION,816146,1,0.00,400.00,-0.1800,0.00,0.00"
2026-09-03T22:24:26.285+00:00,LEFT_400,400,"TEL,816293,-63.19,82.87,65.85,-72.35,87.50,-0.402,0.0"
2026-09-03T22:24:26.286+00:00,LEFT_400,400,"WHEEL,FL,-87.52,-63.19,-72,-878"
2026-09-03T22:24:26.316+00:00,LEFT_400,400,"WHEEL,FR,87.52,82.87,52,1870"
2026-09-03T22:24:26.316+00:00,LEFT_400,400,"WHEEL,BL,65.27,65.85,41,2657"
2026-09-03T22:24:26.316+00:00,LEFT_400,400,"WHEEL,BR,-65.27,-72.35,-37,-1038"
2026-09-03T22:24:26.348+00:00,LEFT_400,400,"POSE,-344.9,1568.5,87.50,0"
2026-09-03T22:24:26.348+00:00,LEFT_400,400,"SYS,WAIT_START,0,1,8,MANUAL,RED,0"
2026-09-03T22:24:26.348+00:00,LEFT_400,400,"HDG,87.50,89.05,1.55,1,1"
2026-09-03T22:24:26.380+00:00,REST,0,
2026-09-03T22:24:26.380+00:00,REST,0,"TOFI,0,0,0,1"
2026-09-03T22:24:26.380+00:00,REST,0,"AUTO,2,0,0,0,0,NONE,NONE,0,3"
2026-09-03T22:24:26.412+00:00,REST,0,"MOTION,816346,1,0.00,400.00,0.1909,0.00,0.00"
2026-09-03T22:24:26.474+00:00,REST,0,"TEL,816493,-71.51,68.06,109.44,-67.37,90.06,-0.402,0.0"
2026-09-03T22:24:26.474+00:00,REST,0,"WHEEL,FL,-65.91,-71.51,-45,-963"
2026-09-03T22:24:26.506+00:00,REST,0,"WHEEL,FR,65.91,68.06,43,1948"
2026-09-03T22:24:26.538+00:00,REST,0,"WHEEL,BL,86.88,109.44,28,2730"
2026-09-03T22:24:26.538+00:00,REST,0,"WHEEL,BR,-86.88,-67.37,-63,-1096"
2026-09-03T22:24:26.538+00:00,REST,0,"POSE,-421.8,1571.8,90.06,0"
2026-09-03T22:24:26.570+00:00,REST,0,"SYS,WAIT_START,0,1,8,MANUAL,RED,0"
2026-09-03T22:24:26.570+00:00,REST,0,"HDG,90.06,89.05,-1.01,1,1"
2026-09-03T22:24:26.570+00:00,REST,0,"TOF,298.0,0,170,-128.0"
2026-09-03T22:24:26.570+00:00,REST,0,"TOFI,0,0,0,1"
2026-09-03T22:24:26.570+00:00,REST,0,"AUTO,2,0,0,0,0,NONE,NONE,0,3"
2026-09-03T22:24:26.601+00:00,REST,0,"MOTION,816547,1,0.00,400.00,-0.1800,0.00,0.00"
2026-09-03T22:24:26.679+00:00,REST,0,"TEL,816693,-32.50,5.58,17.22,-29.76,88.05,-0.402,0.0"
2026-09-03T22:24:26.679+00:00,REST,0,"WHEEL,FL,0.00,-32.50,0,-1009"
2026-09-03T22:24:26.711+00:00,REST,0,"WHEEL,FR,0.00,5.58,0,1974"
2026-09-03T22:24:26.711+00:00,REST,0,"WHEEL,BL,0.00,17.22,0,2769"
2026-09-03T22:24:26.711+00:00,REST,0,"WHEEL,BR,0.00,-29.76,0,-1162"
2026-09-03T22:24:26.741+00:00,REST,0,"POSE,-468.4,1560.3,88.05,0"
2026-09-03T22:24:26.741+00:00,REST,0,"SYS,WAIT_START,0,1,8,MANUAL,RED,0"
2026-09-03T22:24:26.773+00:00,REST,0,"HDG,88.05,89.05,1.00,1,1"
2026-09-03T22:24:26.773+00:00,REST,0,"TOF,298.0,0,170,-128.0"
2026-09-03T22:24:26.773+00:00,REST,0,"TOFI,0,0,0,1"
2026-09-03T22:24:26.773+00:00,REST,0,"AUTO,2,0,0,0,0,NONE,NONE,0,3"
2026-09-03T22:24:26.805+00:00,REST,0,"MOTION,816743,0,0.00,0.00,0.0000,0.00,0.00"
2026-09-03T22:24:26.915+00:00,REST,0,"TEL,816893,-0.70,2.92,0.91,4.72,88.35,-0.402,0.0"
2026-09-03T22:24:26.915+00:00,REST,0,"WHEEL,FL,0.00,-0.70,0,-1010"
2026-09-03T22:24:26.915+00:00,REST,0,"WHEEL,FR,0.00,2.92,0,1979"
2026-09-03T22:24:26.915+00:00,REST,0,"WHEEL,BL,0.00,0.91,0,2770"
2026-09-03T22:24:26.915+00:00,REST,0,"WHEEL,BR,0.00,4.72,0,-1160"
2026-09-03T22:24:26.915+00:00,REST,0,"POSE,-469.6,1562.1,88.35,0"
2026-09-03T22:24:26.947+00:00,REST,0,"SYS,WAIT_START,0,1,8,MANUAL,RED,0"
2026-09-03T22:24:26.978+00:00,REST,0,"HDG,88.35,89.05,0.70,1,1"
2026-09-03T22:24:26.978+00:00,REST,0,"TOF,298.0,0,170,-128.0"
2026-09-03T22:24:26.978+00:00,REST,0,"TOFI,0,0,0,1"
2026-09-03T22:24:26.978+00:00,REST,0,"AUTO,2,0,0,0,0,NONE,NONE,0,3"
2026-09-03T22:24:27.010+00:00,REST,0,"MOTION,816942,0,0.00,0.00,0.0000,0.00,0.00"
2026-09-03T22:24:27.072+00:00,REST,0,"TEL,817095,-0.01,0.11,-0.00,0.14,88.53,-0.402,0.0"
2026-09-03T22:24:27.072+00:00,REST,0,"WHEEL,FL,0.00,-0.01,0,-1010"
2026-09-03T22:24:27.103+00:00,REST,0,"WHEEL,FR,0.00,0.11,0,1981"
2026-09-03T22:24:27.103+00:00,REST,0,"WHEEL,BL,0.00,-0.00,0,2769"
2026-09-03T22:24:27.135+00:00,REST,0,"WHEEL,BR,0.00,0.14,0,-1158"
2026-09-03T22:24:27.135+00:00,REST,0,"POSE,-469.3,1562.9,88.53,0"
2026-09-03T22:24:27.135+00:00,REST,0,"SYS,WAIT_START,0,1,8,MANUAL,RED,0"
2026-09-03T22:24:27.167+00:00,REST,0,"HDG,88.53,89.05,0.52,1,1"
2026-09-03T22:24:27.167+00:00,REST,0,"TOF,298.0,0,170,-128.0"
2026-09-03T22:24:27.167+00:00,REST,0,"TOFI,0,0,0,1"
2026-09-03T22:24:27.199+00:00,RIGHT_400,-400,",2,0,0,0,0,NONE,NONE,0,3"
2026-09-03T22:24:27.199+00:00,RIGHT_400,-400,"MOTION,817145,0,0.00,0.00,0.0000,0.00,0.00"
2026-09-03T22:24:27.291+00:00,RIGHT_400,-400,"TEL,817295,-0.00,0.00,-0.00,0.00,88.53,-0.402,0.0"
2026-09-03T22:24:27.291+00:00,RIGHT_400,-400,"WHEEL,FL,0.00,-0.00,0,-1010"
2026-09-03T22:24:27.291+00:00,RIGHT_400,-400,"WHEEL,FR,0.00,0.00,0,1981"
2026-09-03T22:24:27.291+00:00,RIGHT_400,-400,"WHEEL,BL,0.00,-0.00,0,2769"
2026-09-03T22:24:27.371+00:00,RIGHT_400,-400,"WHEEL,BR,0.00,0.00,0,-1158"
2026-09-03T22:24:27.371+00:00,RIGHT_400,-400,"POSE,-469.3,1562.9,88.53,0"
2026-09-03T22:24:27.371+00:00,RIGHT_400,-400,"SYS,WAIT_START,0,1,8,MANUAL,RED,0"
2026-09-03T22:24:27.371+00:00,RIGHT_400,-400,"HDG,88.53,89.05,0.52,1,1"
2026-09-03T22:24:27.371+00:00,RIGHT_400,-400,"TOF,298.0,0,170,-128.0"
2026-09-03T22:24:27.371+00:00,RIGHT_400,-400,"TOFI,0,0,0,1"
2026-09-03T22:24:27.371+00:00,RIGHT_400,-400,"AUTO,2,0,0,0,0,NONE,NONE,0,3"
2026-09-03T22:24:27.402+00:00,RIGHT_400,-400,"MOTION,817345,0,0.00,0.00,0.0000,0.00,0.00"
2026-09-03T22:24:27.481+00:00,RIGHT_400,-400,"TEL,817495,40.18,-59.58,-67.87,70.34,88.68,-0.402,0.0"
2026-09-03T22:24:27.481+00:00,RIGHT_400,-400,"WHEEL,FL,65.91,40.18,68,-986"
2026-09-03T22:24:27.512+00:00,RIGHT_400,-400,"WHEEL,FR,-65.91,-59.58,-45,1941"
2026-09-03T22:24:27.512+00:00,RIGHT_400,-400,"WHEEL,BL,-86.88,-67.87,-61,2730"
2026-09-03T22:24:27.512+00:00,RIGHT_400,-400,"WHEEL,BR,86.88,70.34,57,-1117"
2026-09-03T22:24:27.542+00:00,RIGHT_400,-400,"POSE,-431.8,1558.2,88.53,0"
2026-09-03T22:24:27.542+00:00,RIGHT_400,-400,"SYS,WAIT_START,0,1,8,MANUAL,RED,0"
2026-09-03T22:24:27.573+00:00,RIGHT_400,-400,"HDG,88.68,89.05,0.37,1,1"
2026-09-03T22:24:27.573+00:00,RIGHT_400,-400,"TOF,298.0,0,170,-128.0"
2026-09-03T22:24:27.573+00:00,RIGHT_400,-400,"TOFI,0,0,0,1"
2026-09-03T22:24:27.573+00:00,RIGHT_400,-400,"AUTO,2,0,0,0,0,NONE,NONE,0,3"
2026-09-03T22:24:27.603+00:00,RIGHT_400,-400,"MOTION,817548,1,0.00,-400.00,0.1800,0.00,0.00"
2026-09-03T22:24:27.713+00:00,RIGHT_400,-400,"TEL,817695,88.93,-71.00,-59.79,62.45,89.49,-0.402,0.0"
2026-09-03T22:24:27.713+00:00,RIGHT_400,-400,"WHEEL,FL,86.88,88.93,51,-902"
2026-09-03T22:24:27.713+00:00,RIGHT_400,-400,"WHEEL,FR,-86.88,-71.00,-58,1890"
2026-09-03T22:24:27.713+00:00,RIGHT_400,-400,"WHEEL,BL,-65.91,-59.79,-47,2662"
2026-09-03T22:24:27.713+00:00,RIGHT_400,-400,"WHEEL,BR,65.91,62.45,42,-1029"
2026-09-03T22:24:27.745+00:00,RIGHT_400,-400,"POSE,-355.6,1572.1,89.72,0"
2026-09-03T22:24:27.745+00:00,RIGHT_400,-400,"SYS,WAIT_START,0,1,8,MANUAL,RED,0"
2026-09-03T22:24:27.824+00:00,RIGHT_400,-400,"HDG,89.49,89.05,-0.44,1,1"
2026-09-03T22:24:27.824+00:00,RIGHT_400,-400,"TOF,298.0,0,170,-128.0"
2026-09-03T22:24:27.824+00:00,RIGHT_400,-400,"TOFI,0,0,0,1"
2026-09-03T22:24:27.824+00:00,RIGHT_400,-400,"AUTO,2,0,0,0,0,NONE,NONE,0,3"
2026-09-03T22:24:27.824+00:00,RIGHT_400,-400,"MOTION,817747,1,0.00,-400.00,-0.1800,0.00,0.00"
2026-09-03T22:24:27.887+00:00,RIGHT_400,-400,"TEL,817896,64.63,-64.82,-62.48,84.71,87.79,-0.402,0.0"
2026-09-03T22:24:27.888+00:00,RIGHT_400,-400,"WHEEL,FL,65.91,64.63,49,-827"
2026-09-03T22:24:27.919+00:00,RIGHT_400,-400,"WHEEL,FR,-65.91,-64.82,-43,1829"
2026-09-03T22:24:27.919+00:00,RIGHT_400,-400,"WHEEL,BL,-86.88,-62.48,-66,2599"
2026-09-03T22:24:27.919+00:00,RIGHT_400,-400,"WHEEL,BR,86.88,84.71,45,-950"
2026-09-03T22:24:27.951+00:00,RIGHT_400,-400,"POSE,-282.6,1577.1,87.83,0"
2026-09-03T22:24:27.951+00:00,RIGHT_400,-400,"SYS,WAIT_START,0,1,8,MANUAL,RED,0"
2026-09-03T22:24:27.951+00:00,RIGHT_400,-400,"HDG,87.79,89.05,1.25,1,1"
2026-09-03T22:24:27.951+00:00,RIGHT_400,-400,"TOF,298.0,0,170,-128.0"
2026-09-03T22:24:27.983+00:00,RIGHT_400,-400,"TOFI,0,0,0,1"
2026-09-03T22:24:27.983+00:00,RIGHT_400,-400,"AUTO,2,0,0,0,0,NONE,NONE,0,3"
2026-09-03T22:24:28.014+00:00,RIGHT_400,-400,"MOTION,817948,1,0.00,-400.00,0.1800,0.00,0.00"
2026-09-03T22:24:28.076+00:00,RIGHT_400,-400,"TEL,818096,64.97,-67.69,-52.13,59.54,89.74,-0.402,0.0"
2026-09-03T22:24:28.076+00:00,RIGHT_400,-400,"WHEEL,FL,86.88,64.97,70,-776"
2026-09-03T22:24:28.108+00:00,RIGHT_400,-400,"WHEEL,FR,-86.88,-67.69,-62,1770"
2026-09-03T22:24:28.140+00:00,RIGHT_400,-400,"WHEEL,BL,-65.91,-52.13,-54,2523"
2026-09-03T22:24:28.140+00:00,RIGHT_400,-400,"WHEEL,BR,65.91,59.54,45,-879"
2026-09-03T22:24:28.140+00:00,RIGHT_400,-400,"POSE,-215.3,1572.7,89.74,0"
2026-09-03T22:24:28.140+00:00,RIGHT_400,-400,"SYS,WAIT_START,0,1,8,MANUAL,RED,0"
2026-09-03T22:24:28.171+00:00,RIGHT_400,-400,"HDG,89.74,89.05,-0.69,1,1"
2026-09-03T22:24:28.171+00:00,RIGHT_400,-400,"TOF,298.0,0,170,-128.0"
2026-09-03T22:24:28.171+00:00,RIGHT_400,-400,"TOFI,0,0,0,1"
2026-09-03T22:24:28.171+00:00,RIGHT_400,-400,"AUTO,2,0,0,0,0,NONE,NONE,0,3"
2026-09-03T22:24:28.203+00:00,RIGHT_400,-400,"MOTION,818148,1,0.00,-400.00,-0.1800,0.00,0.00"
2026-09-03T22:24:28.314+00:00,RIGHT_400,-400,"TEL,818296,79.39,-61.07,-84.00,74.32,88.57,-0.402,0.0"
2026-09-03T22:24:28.314+00:00,RIGHT_400,-400,"WHEEL,FL,76.39,79.39,49,-695"
2026-09-03T22:24:28.314+00:00,RIGHT_400,-400,"WHEEL,FR,-76.39,-61.07,-57,1701"
2026-09-03T22:24:28.314+00:00,RIGHT_400,-400,"WHEEL,BL,-76.39,-84.00,-40,2459"
2026-09-03T22:24:28.314+00:00,RIGHT_400,-400,"WHEEL,BR,76.39,74.32,44,-812"
2026-09-03T22:24:28.345+00:00,RIGHT_400,-400,"POSE,-141.7,1575.4,88.65,0"
2026-09-03T22:24:28.345+00:00,RIGHT_400,-400,"SYS,WAIT_START,0,1,8,MANUAL,RED,0"
2026-09-03T22:24:28.377+00:00,RIGHT_400,-400,"HDG,88.57,89.05,0.48,1,1"
2026-09-03T22:24:28.377+00:00,RIGHT_400,-400,"TOF,298.0,0,170,-128.0"
2026-09-03T22:24:28.377+00:00,RIGHT_400,-400,"TOFI,0,0,0,1"
2026-09-03T22:24:28.377+00:00,RIGHT_400,-400,"AUTO,2,0,0,0,0,NONE,NONE,0,3"
2026-09-03T22:24:28.409+00:00,RIGHT_400,-400,"MOTION,818348,1,0.00,-400.00,0.0000,0.00,0.00"
2026-09-03T22:24:28.472+00:00,RIGHT_400,-400,"TEL,818497,67.73,-57.02,-76.91,75.33,88.92,-0.402,0.0"
2026-09-03T22:24:28.472+00:00,RIGHT_400,-400,"WHEEL,FL,76.39,67.73,58,-629"
2026-09-03T22:24:28.550+00:00,RIGHT_400,-400,"WHEEL,FR,-76.39,-57.02,-61,1637"
2026-09-03T22:24:28.551+00:00,RIGHT_400,-400,"WHEEL,BL,-76.39,-76.91,-46,2399"
2026-09-03T22:24:28.551+00:00,RIGHT_400,-400,"WHEEL,BR,76.39,75.33,43,-738"
2026-09-03T22:24:28.551+00:00,RIGHT_400,-400,"POSE,-72.5,1578.0,88.92,0"
2026-09-03T22:24:28.551+00:00,RIGHT_400,-400,"SYS,WAIT_START,0,1,8,MANUAL,RED,0"
2026-09-03T22:24:28.551+00:00,RIGHT_400,-400,"HDG,88.92,89.05,0.13,1,1"
2026-09-03T22:24:28.551+00:00,RIGHT_400,-400,"TOF,298.0,0,170,-128.0"
2026-09-03T22:24:28.582+00:00,RIGHT_400,-400,"TOFI,0,0,0,1"
2026-09-03T22:24:28.582+00:00,RIGHT_400,-400,"AUTO,2,0,0,0,0,NONE,NONE,0,3"
2026-09-03T22:24:28.661+00:00,RIGHT_400,-400,"MOTION,818549,1,0.00,-400.00,0.0000,0.00,0.00"
2026-09-03T22:24:28.692+00:00,RIGHT_400,-400,"TEL,818698,71.68,-57.71,-82.52,86.99,88.64,-0.402,0.0"
2026-09-03T22:24:28.692+00:00,RIGHT_400,-400,"WHEEL,FL,76.39,71.68,55,-555"
2026-09-03T22:24:28.692+00:00,RIGHT_400,-400,"WHEEL,FR,-76.39,-57.71,-61,1570"
2026-09-03T22:24:28.725+00:00,RIGHT_400,-400,"WHEEL,BL,-76.39,-82.52,-43,2334"
2026-09-03T22:24:28.725+00:00,RIGHT_400,-400,"WHEEL,BR,76.39,86.99,35,-662"
2026-09-03T22:24:28.755+00:00,RIGHT_400,-400,"POSE,1.4,1580.7,88.64,0"
2026-09-03T22:24:28.755+00:00,RIGHT_400,-400,"SYS,WAIT_START,0,1,8,MANUAL,RED,0"
2026-09-03T22:24:28.755+00:00,RIGHT_400,-400,"HDG,88.64,89.05,0.41,1,1"
2026-09-03T22:24:28.756+00:00,RIGHT_400,-400,"TOF,298.0,0,170,-128.0"
2026-09-03T22:24:28.787+00:00,RIGHT_400,-400,"TOFI,0,0,0,1"
2026-09-03T22:24:28.787+00:00,RIGHT_400,-400,"AUTO,2,0,0,0,0,NONE,NONE,0,3"
2026-09-03T22:24:28.787+00:00,RIGHT_400,-400,"MOTION,818749,1,0.00,-400.00,0.0000,0.00,0.00"
2026-09-03T22:24:28.881+00:00,RIGHT_400,-400,"TEL,818898,67.55,-62.46,-75.21,75.88,88.26,-0.402,0.0"
2026-09-03T22:24:28.881+00:00,RIGHT_400,-400,"WHEEL,FL,65.91,67.55,48,-486"
2026-09-03T22:24:28.913+00:00,RIGHT_400,-400,"WHEEL,FR,-65.91,-62.46,-47,1501"
2026-09-03T22:24:28.913+00:00,RIGHT_400,-400,"WHEEL,BL,-86.88,-75.21,-59,2269"
2026-09-03T22:24:28.913+00:00,RIGHT_400,-400,"WHEEL,BR,86.88,75.88,54,-586"
2026-09-03T22:24:28.943+00:00,RIGHT_400,-400,"POSE,74.5,1581.7,88.27,0"
2026-09-03T22:24:28.943+00:00,RIGHT_400,-400,"SYS,WAIT_START,0,1,8,MANUAL,RED,0"
2026-09-03T22:24:28.975+00:00,RIGHT_400,-400,"HDG,88.26,89.05,0.79,1,1"
2026-09-03T22:24:28.975+00:00,RIGHT_400,-400,"TOF,298.0,0,170,-128.0"
2026-09-03T22:24:28.975+00:00,RIGHT_400,-400,"TOFI,0,0,0,1"
2026-09-03T22:24:28.975+00:00,RIGHT_400,-400,"AUTO,2,0,0,0,0,NONE,NONE,0,3"
2026-09-03T22:24:29.006+00:00,RIGHT_400,-400,"MOTION,818950,1,0.00,-400.00,0.1800,0.00,0.00"
2026-09-03T22:24:29.070+00:00,RIGHT_400,-400,"TEL,819098,70.53,-80.43,-51.69,60.02,90.18,-0.402,0.0"
2026-09-03T22:24:29.071+00:00,RIGHT_400,-400,"WHEEL,FL,86.88,70.53,67,-427"
2026-09-03T22:24:29.149+00:00,RIGHT_400,-400,"WHEEL,FR,-86.88,-80.43,-54,1431"
2026-09-03T22:24:29.150+00:00,RIGHT_400,-400,"WHEEL,BL,-65.91,-51.69,-57,2193"
2026-09-03T22:24:29.150+00:00,RIGHT_400,-400,"WHEEL,BR,65.91,60.02,45,-508"
2026-09-03T22:24:29.150+00:00,RIGHT_400,-400,"POSE,148.6,1579.5,90.18,0"
2026-09-03T22:24:29.150+00:00,RIGHT_400,-400,"SYS,WAIT_START,0,1,8,MANUAL,RED,0"
2026-09-03T22:24:29.150+00:00,RIGHT_400,-400,"HDG,90.18,89.05,-1.13,1,1"
2026-09-03T22:24:29.150+00:00,RIGHT_400,-400,"TOF,298.0,0,170,-128.0"
2026-09-03T22:24:29.181+00:00,RIGHT_400,-400,"TOFI,0,0,0,1"
2026-09-03T22:24:29.181+00:00,RIGHT_400,-400,"AUTO,2,0,0,0,0,NONE,NONE,0,3"
2026-09-03T22:24:29.213+00:00,REST,0,"N,819150,1,0.00,-400.00,-0.1800,0.00,0.00"
2026-09-03T22:24:29.276+00:00,REST,0,"TEL,819299,68.67,-67.24,-71.54,77.90,88.89,-0.402,0.0"
2026-09-03T22:24:29.276+00:00,REST,0,"WHEEL,FL,76.39,68.67,59,-346"
2026-09-03T22:24:29.308+00:00,REST,0,"WHEEL,FR,-76.39,-67.24,-55,1360"
2026-09-03T22:24:29.339+00:00,REST,0,"WHEEL,BL,-76.39,-71.54,-52,2123"
2026-09-03T22:24:29.339+00:00,REST,0,"WHEEL,BR,76.39,77.90,42,-437"
2026-09-03T22:24:29.339+00:00,REST,0,"POSE,225.3,1581.4,88.89,0"
2026-09-03T22:24:29.339+00:00,REST,0,"SYS,WAIT_START,0,1,8,MANUAL,RED,0"
2026-09-03T22:24:29.370+00:00,REST,0,"HDG,88.89,89.05,0.16,1,1"
2026-09-03T22:24:29.370+00:00,REST,0,"TOF,298.0,0,170,-128.0"
2026-09-03T22:24:29.370+00:00,REST,0,"TOFI,0,0,0,1"
2026-09-03T22:24:29.370+00:00,REST,0,"AUTO,2,0,0,0,0,NONE,NONE,0,3"
2026-09-03T22:24:29.401+00:00,REST,0,"MOTION,819351,1,0.00,-400.00,0.0000,0.00,0.00"
2026-09-03T22:24:29.511+00:00,REST,0,"TEL,819519,28.16,-33.62,-11.83,10.26,87.65,-0.402,0.0"
2026-09-03T22:24:29.511+00:00,REST,0,"WHEEL,FL,0.00,28.16,0,-286"
2026-09-03T22:24:29.511+00:00,REST,0,"WHEEL,FR,0.00,-33.62,0,1302"
2026-09-03T22:24:29.511+00:00,REST,0,"WHEEL,BL,0.00,-11.83,0,2084"
2026-09-03T22:24:29.542+00:00,REST,0,"WHEEL,BR,0.00,10.26,0,-390"
2026-09-03T22:24:29.542+00:00,REST,0,"POSE,278.8,1582.8,87.65,0"
2026-09-03T22:24:29.620+00:00,REST,0,"SYS,WAIT_START,0,1,8,MANUAL,RED,0"
2026-09-03T22:24:29.620+00:00,REST,0,"HDG,87.65,89.05,1.40,1,1"
2026-09-03T22:24:29.620+00:00,REST,0,"TOF,298.0,0,170,-128.0"
2026-09-03T22:24:29.620+00:00,REST,0,"TOFI,0,0,0,1"
2026-09-03T22:24:29.620+00:00,REST,0,"AUTO,2,0,0,0,0,NONE,NONE,0,3"
2026-09-03T22:24:29.620+00:00,REST,0,"MOTION,819568,0,0.00,0.00,0.0000,0.00,0.00"
2026-09-03T22:24:29.728+00:00,REST,0,"TEL,819725,0.35,-0.49,-0.14,0.12,87.05,-0.402,0.0"
2026-09-03T22:24:29.728+00:00,REST,0,"WHEEL,FL,0.00,0.35,0,-284"
2026-09-03T22:24:29.728+00:00,REST,0,"WHEEL,FR,0.00,-0.49,0,1300"
2026-09-03T22:24:29.728+00:00,REST,0,"WHEEL,BL,0.00,-0.14,0,2085"
2026-09-03T22:24:29.759+00:00,REST,0,"WHEEL,BR,0.00,0.12,0,-391"
2026-09-03T22:24:29.759+00:00,REST,0,"POSE,279.3,1582.7,87.05,0"
2026-09-03T22:24:29.759+00:00,REST,0,"SYS,WAIT_START,0,1,8,MANUAL,RED,0"
2026-09-03T22:24:29.791+00:00,REST,0,"HDG,87.05,89.05,2.00,1,1"
2026-09-03T22:24:29.791+00:00,REST,0,"TOF,298.0,0,170,-128.0"
2026-09-03T22:24:29.791+00:00,REST,0,"TOFI,0,0,0,1"
2026-09-03T22:24:29.791+00:00,REST,0,"AUTO,2,0,0,0,0,NONE,NONE,0,3"
2026-09-03T22:24:29.823+00:00,REST,0,"MOTION,819774,0,0.00,0.00,0.0000,0.00,0.00"
2026-09-03T22:24:29.916+00:00,REST,0,"TEL,819926,0.00,-0.01,-0.00,0.00,87.05,-0.402,0.0"
2026-09-03T22:24:29.916+00:00,REST,0,"WHEEL,FL,0.00,0.00,0,-284"
2026-09-03T22:24:29.917+00:00,REST,0,"WHEEL,FR,0.00,-0.01,0,1300"
2026-09-03T22:24:29.917+00:00,REST,0,"WHEEL,BL,0.00,-0.00,0,2085"
2026-09-03T22:24:29.948+00:00,REST,0,"WHEEL,BR,0.00,0.00,0,-391"
2026-09-03T22:24:29.948+00:00,REST,0,"POSE,279.3,1582.7,87.05,0"
2026-09-03T22:24:29.979+00:00,REST,0,"SYS,WAIT_START,0,1,8,MANUAL,RED,0"
2026-09-03T22:24:29.979+00:00,REST,0,"HDG,87.05,89.05,1.99,1,1"
2026-09-03T22:24:29.979+00:00,REST,0,"TOF,298.0,0,170,-128.0"
2026-09-03T22:24:29.979+00:00,REST,0,"TOFI,0,0,0,1"
2026-09-03T22:24:30.011+00:00,REST,0,"AUTO,2,0,0,0,0,NONE,NONE,0,3"
2026-09-03T22:24:30.011+00:00,REST,0,"MOTION,819974,0,0.00,0.00,0.0000,0.00,0.00"
