pc_time_iso,phase,command_vx_mm_s,telemetry
2026-09-03T22:33:37.665+00:00,FORWARD_100,100,"F,466.0,1,170,-296.0"
2026-09-03T22:33:37.666+00:00,FORWARD_100,100,"TOFI,0,0,0,1"
2026-09-03T22:33:37.666+00:00,FORWARD_100,100,"AUTO,2,0,0,0,0,NONE,NONE,0,3"
2026-09-03T22:33:37.666+00:00,FORWARD_100,100,"MOTION,1367163,0,0.00,0.00,0.0000,0.00,0.00"
2026-09-03T22:33:37.666+00:00,FORWARD_100,100,"ACK,RESET"
2026-09-03T22:33:37.666+00:00,FORWARD_100,100,"STATE,WAIT_START"
2026-09-03T22:33:37.666+00:00,FORWARD_100,100,"TEL,1367315,0.00,0.00,0.00,0.00,3.25,-0.402,0.0"
2026-09-03T22:33:37.666+00:00,FORWARD_100,100,"WHEEL,FL,0.00,0.00,0,-351"
2026-09-03T22:33:37.666+00:00,FORWARD_100,100,"WHEEL,FR,0.00,0.00,0,748"
2026-09-03T22:33:37.668+00:00,FORWARD_100,100,"WHEEL,BL,0.00,0.00,0,2640"
2026-09-03T22:33:37.668+00:00,FORWARD_100,100,"WHEEL,BR,0.00,0.00,0,-389"
2026-09-03T22:33:37.668+00:00,FORWARD_100,100,"POSE,218.4,1505.0,3.25,0"
2026-09-03T22:33:37.668+00:00,FORWARD_100,100,"SYS,WAIT_START,0,0,0,MANUAL,RED,0"
2026-09-03T22:33:37.668+00:00,FORWARD_100,100,"HDG,3.25,89.85,86.61,1,1"
2026-09-03T22:33:37.668+00:00,FORWARD_100,100,"TOF,466.0,1,170,-296.0"
2026-09-03T22:33:37.668+00:00,FORWARD_100,100,"TOFI,0,0,0,1"
2026-09-03T22:33:37.668+00:00,FORWARD_100,100,"AUTO,2,0,0,0,0,NONE,NONE,0,3"
2026-09-03T22:33:37.668+00:00,FORWARD_100,100,"MOTION,1367367,0,0.00,0.00,0.0000,0.00,0.00"
2026-09-03T22:33:37.668+00:00,FORWARD_100,100,"TEL,1367515,0.00,0.00,0.00,0.00,3.25,-0.402,0.0"
2026-09-03T22:33:37.668+00:00,FORWARD_100,100,"WHEEL,FL,0.00,0.00,0,-351"
2026-09-03T22:33:37.668+00:00,FORWARD_100,100,"WHEEL,FR,0.00,0.00,0,748"
2026-09-03T22:33:37.668+00:00,FORWARD_100,100,"WHEEL,BL,0.00,0.00,0,2640"
2026-09-03T22:33:37.668+00:00,FORWARD_100,100,"WHEEL,BR,0.00,0.00,0,-389"
2026-09-03T22:33:37.668+00:00,FORWARD_100,100,"POSE,218.4,1505.0,3.25,0"
2026-09-03T22:33:37.668+00:00,FORWARD_100,100,"SYS,WAIT_START,0,0,0,MANUAL,RED,0"
2026-09-03T22:33:37.668+00:00,FORWARD_100,100,"HDG,3.25,89.85,86.60,1,1"
2026-09-03T22:33:37.668+00:00,FORWARD_100,100,"TOF,466.0,1,170,-296.0"
2026-09-03T22:33:37.668+00:00,FORWARD_100,100,"TOFI,0,0,0,1"
2026-09-03T22:33:37.668+00:00,FORWARD_100,100,"AUTO,2,0,0,0,0,NONE,NONE,0,3"
2026-09-03T22:33:37.668+00:00,FORWARD_100,100,"MOTION,1367562,0,0.00,0.00,0.0000,0.00,0.00"
2026-09-03T22:33:37.668+00:00,FORWARD_100,100,"STATE,WAIT_START"
2026-09-03T22:33:37.668+00:00,FORWARD_100,100,"ACK,MODE,MANUAL"
2026-09-03T22:33:37.668+00:00,FORWARD_100,100,"TEL,1367715,0.00,0.00,0.00,0.00,3.25,-0.402,0.0"
2026-09-03T22:33:37.696+00:00,FORWARD_100,100,"WHEEL,FL,0.00,0.00,0,-351"
2026-09-03T22:33:37.696+00:00,FORWARD_100,100,"WHEEL,FR,0.00,0.00,0,748"
2026-09-03T22:33:37.696+00:00,FORWARD_100,100,"WHEEL,BL,0.00,0.00,0,2640"
2026-09-03T22:33:37.728+00:00,FORWARD_100,100,"WHEEL,BR,0.00,0.00,0,-389"
2026-09-03T22:33:37.728+00:00,FORWARD_100,100,"POSE,218.4,1505.0,3.25,0"
2026-09-03T22:33:37.759+00:00,FORWARD_100,100,"SYS,WAIT_START,0,0,0,MANUAL,RED,0"
2026-09-03T22:33:37.760+00:00,FORWARD_100,100,"HDG,3.25,89.85,86.60,1,1"
2026-09-03T22:33:37.760+00:00,FORWARD_100,100,"TOF,466.0,1,170,-296.0"
2026-09-03T22:33:37.760+00:00,FORWARD_100,100,"TOFI,0,0,0,1"
2026-09-03T22:33:37.838+00:00,FORWARD_100,100,"AUTO,2,0,0,0,0,NONE,NONE,0,3"
2026-09-03T22:33:37.838+00:00,FORWARD_100,100,"MOTION,1367763,0,0.00,0.00,0.0000,0.00,0.00"
2026-09-03T22:33:37.838+00:00,FORWARD_100,100,"STATE,WAIT_START"
2026-09-03T22:33:37.838+00:00,FORWARD_100,100,"ACK,DRIVE"
2026-09-03T22:33:37.947+00:00,FORWARD_100,100,"TEL,1367918,16.93,21.89,16.10,17.63,3.12,-0.402,0.0"
2026-09-03T22:33:37.947+00:00,FORWARD_100,100,"WHEEL,FL,19.10,16.93,48,-343"
2026-09-03T22:33:37.947+00:00,FORWARD_100,100,"WHEEL,FR,19.10,21.89,41,764"
2026-09-03T22:33:37.947+00:00,FORWARD_100,100,"WHEEL,BL,19.10,16.10,40,2649"
2026-09-03T22:33:37.947+00:00,FORWARD_100,100,"WHEEL,BR,19.10,17.63,39,-382"
2026-09-03T22:33:37.979+00:00,FORWARD_100,100,"POSE,228.7,1508.2,3.14,0"
2026-09-03T22:33:37.979+00:00,FORWARD_100,100,"SYS,WAIT_START,0,1,8,MANUAL,RED,0"
2026-09-03T22:33:37.979+00:00,FORWARD_100,100,"HDG,3.12,3.25,0.12,1,1"
2026-09-03T22:33:37.980+00:00,FORWARD_100,100,"TOF,466.0,1,170,-296.0"
2026-09-03T22:33:38.057+00:00,FORWARD_100,100,"TOFI,0,0,0,1"
2026-09-03T22:33:38.057+00:00,FORWARD_100,100,"AUTO,2,0,0,0,0,NONE,NONE,0,3"
2026-09-03T22:33:38.057+00:00,FORWARD_100,100,"MOTION,1367968,1,100.00,0.00,0.0000,0.00,0.00"
2026-09-03T22:33:38.166+00:00,FORWARD_100,100,"TEL,1368119,31.39,32.53,26.33,28.14,3.24,-0.402,0.0"
2026-09-03T22:33:38.166+00:00,FORWARD_100,100,"WHEEL,FL,19.10,31.39,37,-312"
2026-09-03T22:33:38.166+00:00,FORWARD_100,100,"WHEEL,FR,19.10,32.53,32,794"
2026-09-03T22:33:38.166+00:00,FORWARD_100,100,"WHEEL,BL,19.10,26.33,32,2676"
2026-09-03T22:33:38.166+00:00,FORWARD_100,100,"WHEEL,BR,19.10,28.14,30,-352"
2026-09-03T22:33:38.166+00:00,FORWARD_100,100,"POSE,259.6,1508.9,3.29,0"
2026-09-03T22:33:38.166+00:00,FORWARD_100,100,"SYS,WAIT_START,0,1,8,MANUAL,RED,0"
2026-09-03T22:33:38.197+00:00,FORWARD_100,100,"HDG,3.24,3.25,0.01,1,1"
2026-09-03T22:33:38.197+00:00,FORWARD_100,100,"TOF,466.0,0,170,-296.0"
2026-09-03T22:33:38.197+00:00,FORWARD_100,100,"TOFI,0,0,0,1"
2026-09-03T22:33:38.197+00:00,FORWARD_100,100,"AUTO,2,0,0,0,0,NONE,NONE,0,3"
2026-09-03T22:33:38.228+00:00,FORWARD_100,100,"MOTION,1368169,1,100.00,0.00,0.0000,0.00,0.00"
2026-09-03T22:33:38.322+00:00,FORWARD_100,100,.0
2026-09-03T22:33:38.322+00:00,FORWARD_100,100,"WHEEL,FL,19.10,27.94,39,-284"
2026-09-03T22:33:38.322+00:00,FORWARD_100,100,"WHEEL,FR,19.10,26.42,37,822"
2026-09-03T22:33:38.322+00:00,FORWARD_100,100,"WHEEL,BL,19.10,28.99,29,2705"
2026-09-03T22:33:38.399+00:00,FORWARD_100,100,"WHEEL,BR,19.10,25.41,32,-322"
2026-09-03T22:33:38.399+00:00,FORWARD_100,100,"POSE,289.7,1510.3,3.42,0"
2026-09-03T22:33:38.399+00:00,FORWARD_100,100,"SYS,WAIT_START,0,1,8,MANUAL,RED,0"
2026-09-03T22:33:38.400+00:00,FORWARD_100,100,"HDG,3.38,3.25,-0.13,1,1"
2026-09-03T22:33:38.400+00:00,FORWARD_100,100,"TOF,466.0,0,170,-296.0"
2026-09-03T22:33:38.400+00:00,FORWARD_100,100,"TOFI,0,0,0,1"
2026-09-03T22:33:38.400+00:00,FORWARD_100,100,"AUTO,2,0,0,0,0,NONE,NONE,0,3"
2026-09-03T22:33:38.430+00:00,FORWARD_100,100,"MOTION,1368370,1,100.00,0.00,0.0000,0.00,0.00"
2026-09-03T22:33:38.492+00:00,FORWARD_100,100,"TEL,1368521,18.61,21.72,17.29,27.04,3.30,-0.402,0.0"
2026-09-03T22:33:38.492+00:00,FORWARD_100,100,"WHEEL,FL,19.10,18.61,46,-264"
2026-09-03T22:33:38.524+00:00,FORWARD_100,100,"WHEEL,FR,19.10,21.72,40,843"
2026-09-03T22:33:38.524+00:00,FORWARD_100,100,"WHEEL,BL,19.10,17.29,38,2726"
2026-09-03T22:33:38.555+00:00,FORWARD_100,100,"WHEEL,BR,19.10,27.04,30,-301"
2026-09-03T22:33:38.555+00:00,FORWARD_100,100,"POSE,311.4,1511.7,3.27,0"
2026-09-03T22:33:38.555+00:00,FORWARD_100,100,"SYS,WAIT_START,0,1,8,MANUAL,RED,0"
2026-09-03T22:33:38.633+00:00,FORWARD_100,100,"HDG,3.30,3.25,-0.05,1,1"
2026-09-03T22:33:38.633+00:00,FORWARD_100,100,"TOF,466.0,0,170,-296.0"
2026-09-03T22:33:38.633+00:00,FORWARD_100,100,"TOFI,0,0,0,1"
2026-09-03T22:33:38.633+00:00,FORWARD_100,100,"AUTO,2,0,0,0,0,NONE,NONE,0,3"
2026-09-03T22:33:38.633+00:00,FORWARD_100,100,"MOTION,1368571,1,100.00,0.00,0.0000,0.00,0.00"
2026-09-03T22:33:38.696+00:00,FORWARD_100,100,"TEL,1368721,21.30,30.48,26.78,20.30,2.81,-0.402,0.0"
2026-09-03T22:33:38.696+00:00,FORWARD_100,100,"WHEEL,FL,19.10,21.30,44,-236"
2026-09-03T22:33:38.727+00:00,FORWARD_100,100,"WHEEL,FR,19.10,30.48,33,870"
2026-09-03T22:33:38.727+00:00,FORWARD_100,100,"WHEEL,BL,19.10,26.78,30,2755"
2026-09-03T22:33:38.758+00:00,FORWARD_100,100,"WHEEL,BR,19.10,20.30,35,-279"
2026-09-03T22:33:38.758+00:00,FORWARD_100,100,"POSE,339.0,1514.8,2.81,0"
2026-09-03T22:33:38.758+00:00,FORWARD_100,100,"SYS,WAIT_START,0,1,8,MANUAL,RED,0"
2026-09-03T22:33:38.789+00:00,FORWARD_100,100,"HDG,2.81,3.25,0.44,1,1"
2026-09-03T22:33:38.789+00:00,FORWARD_100,100,"TOF,466.0,0,170,-296.0"
2026-09-03T22:33:38.868+00:00,FORWARD_100,100,"TOFI,0,0,0,1"
2026-09-03T22:33:38.868+00:00,FORWARD_100,100,"AUTO,2,0,0,0,0,NONE,NONE,0,3"
2026-09-03T22:33:38.868+00:00,FORWARD_100,100,"MOTION,1368771,1,100.00,0.00,0.0000,0.00,0.00"
2026-09-03T22:33:38.900+00:00,FORWARD_100,100,"TEL,1368922,24.85,23.94,29.74,21.27,3.08,-0.402,0.0"
2026-09-03T22:33:38.900+00:00,FORWARD_100,100,"WHEEL,FL,19.10,24.85,41,-210"
2026-09-03T22:33:38.977+00:00,FORWARD_100,100,"WHEEL,FR,19.10,23.94,38,894"
2026-09-03T22:33:38.977+00:00,FORWARD_100,100,"WHEEL,BL,19.10,29.74,28,2778"
2026-09-03T22:33:38.978+00:00,FORWARD_100,100,"WHEEL,BR,19.10,21.27,34,-252"
2026-09-03T22:33:38.978+00:00,FORWARD_100,100,"POSE,365.2,1514.7,3.08,0"
2026-09-03T22:33:38.978+00:00,FORWARD_100,100,"SYS,WAIT_START,0,1,8,MANUAL,RED,0"
2026-09-03T22:33:38.978+00:00,FORWARD_100,100,"HDG,3.08,3.25,0.17,1,1"
2026-09-03T22:33:38.978+00:00,FORWARD_100,100,"TOF,466.0,0,170,-296.0"
2026-09-03T22:33:39.008+00:00,FORWARD_100,100,"TOFI,0,0,0,1"
2026-09-03T22:33:39.008+00:00,FORWARD_100,100,"AUTO,2,0,0,0,0,NONE,NONE,0,3"
2026-09-03T22:33:39.008+00:00,FORWARD_100,100,"MOTION,1368972,1,100.00,0.00,0.0000,0.00,0.00"
2026-09-03T22:33:39.118+00:00,FORWARD_100,100,"TEL,1369123,25.54,18.93,23.48,21.96,3.94,-0.402,0.0"
2026-09-03T22:33:39.118+00:00,FORWARD_100,100,"WHEEL,FL,29.58,25.54,50,-189"
2026-09-03T22:33:39.118+00:00,FORWARD_100,100,"WHEEL,FR,8.61,18.93,30,920"
2026-09-03T22:33:39.118+00:00,FORWARD_100,100,"WHEEL,BL,29.58,23.48,43,2798"
2026-09-03T22:33:39.197+00:00,FORWARD_100,100,"WHEEL,BR,8.61,21.96,23,-225"
2026-09-03T22:33:39.197+00:00,FORWARD_100,100,"POSE,389.8,1515.6,3.94,0"
2026-09-03T22:33:39.197+00:00,FORWARD_100,100,"SYS,WAIT_START,0,1,8,MANUAL,RED,0"
2026-09-03T22:33:39.197+00:00,FORWARD_100,100,"HDG,3.94,3.25,-0.69,1,1"
2026-09-03T22:33:39.197+00:00,FORWARD_100,100,"TOF,466.0,0,170,-296.0"
2026-09-03T22:33:39.197+00:00,FORWARD_100,100,"TOFI,0,0,0,1"
2026-09-03T22:33:39.197+00:00,FORWARD_100,100,"AUTO,2,0,0,0,0,NONE,NONE,0,3"
2026-09-03T22:33:39.227+00:00,FORWARD_100,100,"MOTION,1369172,1,100.00,0.00,-0.1800,0.00,0.00"
2026-09-03T22:33:39.321+00:00,FORWARD_100,100,"TEL,1369325,16.38,25.77,17.87,30.99,2.68,-0.402,0.0"
2026-09-03T22:33:39.321+00:00,FORWARD_100,100,"WHEEL,FL,8.61,16.38,36,-160"
2026-09-03T22:33:39.321+00:00,FORWARD_100,100,"WHEEL,FR,29.58,25.77,47,943"
2026-09-03T22:33:39.321+00:00,FORWARD_100,100,"WHEEL,BL,8.61,17.87,26,2829"
2026-09-03T22:33:39.353+00:00,FORWARD_100,100,"WHEEL,BR,29.58,30.99,37,-204"
2026-09-03T22:33:39.353+00:00,FORWARD_100,100,"POSE,416.9,1518.0,2.59,0"
2026-09-03T22:33:39.353+00:00,FORWARD_100,100,"SYS,WAIT_START,0,1,8,MANUAL,RED,0"
2026-09-03T22:33:39.431+00:00,FORWARD_100,100,"HDG,2.68,3.25,0.57,1,1"
2026-09-03T22:33:39.431+00:00,FORWARD_100,100,"TOF,466.0,0,170,-296.0"
2026-09-03T22:33:39.431+00:00,FORWARD_100,100,"TOFI,0,0,0,1"
2026-09-03T22:33:39.431+00:00,FORWARD_100,100,"AUTO,2,0,0,0,0,NONE,NONE,0,3"
2026-09-03T22:33:39.431+00:00,FORWARD_100,100,"MOTION,1369375,1,100.00,0.00,0.1800,0.00,0.00"
2026-09-03T22:33:39.493+00:00,FORWARD_100,100,"TEL,1369526,25.39,29.72,31.72,23.96,3.44,-0.402,0.0"
2026-09-03T22:33:39.494+00:00,FORWARD_100,100,"WHEEL,FL,19.10,25.39,39,-135"
2026-09-03T22:33:39.525+00:00,FORWARD_100,100,"WHEEL,FR,19.10,29.72,32,969"
2026-09-03T22:33:39.526+00:00,FORWARD_100,100,"WHEEL,BL,19.10,31.72,25,2857"
2026-09-03T22:33:39.557+00:00,FORWARD_100,100,"WHEEL,BR,19.10,23.96,31,-177"
2026-09-03T22:33:39.557+00:00,FORWARD_100,100,"POSE,444.6,1520.3,3.45,0"
2026-09-03T22:33:39.557+00:00,FORWARD_100,100,"SYS,WAIT_START,0,1,8,MANUAL,RED,0"
2026-09-03T22:33:39.589+00:00,FORWARD_100,100,"HDG,3.44,3.25,-0.19,1,1"
2026-09-03T22:33:39.589+00:00,FORWARD_100,100,"TOF,466.0,0,170,-296.0"
2026-09-03T22:33:39.668+00:00,FORWARD_100,100,"TOFI,0,0,0,1"
2026-09-03T22:33:39.668+00:00,FORWARD_100,100,"AUTO,2,0,0,0,0,NONE,NONE,0,3"
2026-09-03T22:33:39.668+00:00,FORWARD_100,100,"MOTION,1369576,1,100.00,0.00,0.0000,0.00,0.00"
2026-09-03T22:33:39.746+00:00,REST,0,"TEL,1369727,25.53,10.85,29.30,16.31,3.44,-0.402,0.0"
2026-09-03T22:33:39.747+00:00,REST,0,"WHEEL,FL,19.10,25.53,39,-116"
2026-09-03T22:33:39.747+00:00,REST,0,"WHEEL,FR,19.10,10.85,47,983"
2026-09-03T22:33:39.747+00:00,REST,0,"WHEEL,BL,19.10,29.30,27,2876"
2026-09-03T22:33:39.747+00:00,REST,0,"WHEEL,BR,19.10,16.31,37,-160"
2026-09-03T22:33:39.778+00:00,REST,0,"POSE,462.7,1520.7,3.44,0"
2026-09-03T22:33:39.778+00:00,REST,0,"SYS,WAIT_START,0,1,8,MANUAL,RED,0"
2026-09-03T22:33:39.778+00:00,REST,0,"HDG,3.44,3.25,-0.19,1,1"
2026-09-03T22:33:39.778+00:00,REST,0,"TOF,466.0,0,170,-296.0"
2026-09-03T22:33:39.810+00:00,REST,0,"TOFI,0,0,0,1"
2026-09-03T22:33:39.810+00:00,REST,0,"AUTO,2,0,0,0,0,NONE,NONE,0,3"
2026-09-03T22:33:39.810+00:00,REST,0,"MOTION,1369777,1,100.00,0.00,0.0000,0.00,0.00"
2026-09-03T22:33:39.983+00:00,REST,0,"TEL,1369943,10.16,18.65,4.58,16.30,4.18,-0.402,0.0"
2026-09-03T22:33:39.983+00:00,REST,0,"WHEEL,FL,0.00,10.16,0,-97"
2026-09-03T22:33:39.983+00:00,REST,0,"WHEEL,FR,0.00,18.65,0,1013"
2026-09-03T22:33:39.983+00:00,REST,0,"WHEEL,BL,0.00,4.58,0,2894"
2026-09-03T22:33:39.983+00:00,REST,0,"WHEEL,BR,0.00,16.30,0,-132"
2026-09-03T22:33:39.983+00:00,REST,0,"POSE,487.5,1522.5,4.18,0"
2026-09-03T22:33:39.983+00:00,REST,0,"SYS,WAIT_START,0,1,8,MANUAL,RED,0"
2026-09-03T22:33:40.013+00:00,REST,0,"HDG,4.18,3.25,-0.93,1,1"
2026-09-03T22:33:40.014+00:00,REST,0,"TOF,466.0,0,170,-296.0"
2026-09-03T22:33:40.014+00:00,REST,0,"TOFI,0,0,0,1"
2026-09-03T22:33:40.014+00:00,REST,0,"AUTO,2,0,0,0,0,NONE,NONE,0,3"
2026-09-03T22:33:40.092+00:00,REST,0,"MOTION,1369992,0,0.00,0.00,0.0000,0.00,0.00"
2026-09-03T22:33:40.123+00:00,REST,0,"TEL,1370149,-2.53,0.27,-1.15,0.26,4.36,-0.402,0.0"
2026-09-03T22:33:40.123+00:00,REST,0,"WHEEL,FL,0.00,-2.53,0,-97"
2026-09-03T22:33:40.155+00:00,REST,0,"WHEEL,FR,0.00,0.27,0,1014"
2026-09-03T22:33:40.155+00:00,REST,0,"WHEEL,BL,0.00,-1.15,0,2895"
2026-09-03T22:33:40.155+00:00,REST,0,"WHEEL,BR,0.00,0.26,0,-130"
2026-09-03T22:33:40.155+00:00,REST,0,"POSE,488.5,1522.6,4.39,0"
2026-09-03T22:33:40.187+00:00,REST,0,"SYS,WAIT_START,0,1,8,MANUAL,RED,0"
2026-09-03T22:33:40.218+00:00,REST,0,"HDG,4.36,3.25,-1.11,1,1"
2026-09-03T22:33:40.218+00:00,REST,0,"TOF,466.0,0,170,-296.0"
2026-09-03T22:33:40.218+00:00,REST,0,"TOFI,0,0,0,1"
2026-09-03T22:33:40.218+00:00,REST,0,"AUTO,2,0,0,0,0,NONE,NONE,0,3"
2026-09-03T22:33:40.249+00:00,REST,0,"MOTION,1370197,0,0.00,0.00,0.0000,0.00,0.00"
2026-09-03T22:33:40.343+00:00,REST,0,"TEL,1370351,-0.03,0.00,-0.02,0.00,4.33,-0.402,0.0"
2026-09-03T22:33:40.343+00:00,REST,0,"WHEEL,FL,0.00,-0.03,0,-97"
2026-09-03T22:33:40.343+00:00,REST,0,"WHEEL,FR,0.00,0.00,0,1014"
2026-09-03T22:33:40.343+00:00,REST,0,"WHEEL,BL,0.00,-0.02,0,2895"
2026-09-03T22:33:40.374+00:00,REST,0,"WHEEL,BR,0.00,0.00,0,-130"
2026-09-03T22:33:40.374+00:00,REST,0,"POSE,488.5,1522.6,4.33,0"
2026-09-03T22:33:40.374+00:00,REST,0,"SYS,WAIT_START,0,1,8,MANUAL,RED,0"
2026-09-03T22:33:40.406+00:00,REST,0,"HDG,4.33,3.25,-1.08,1,1"
2026-09-03T22:33:40.406+00:00,REST,0,"TOF,466.0,0,170,-296.0"
2026-09-03T22:33:40.406+00:00,REST,0,"TOFI,0,0,0,1"
2026-09-03T22:33:40.437+00:00,REST,0,"AUTO,2,0,0,0,0,NONE,NONE,0,3"
2026-09-03T22:33:40.437+00:00,REST,0,"MOTION,1370399,0,0.00,0.00,0.0000,0.00,0.00"
2026-09-03T22:33:40.530+00:00,BACKWARD_100,-100,"TEL,1370552,-0.00,0.00,-0.00,0.00,4.32,-0.402,0.0"
2026-09-03T22:33:40.531+00:00,BACKWARD_100,-100,"WHEEL,FL,0.00,-0.00,0,-97"
2026-09-03T22:33:40.562+00:00,BACKWARD_100,-100,"WHEEL,FR,0.00,0.00,0,1014"
2026-09-03T22:33:40.562+00:00,BACKWARD_100,-100,"WHEEL,BL,0.00,-0.00,0,2895"
2026-09-03T22:33:40.562+00:00,BACKWARD_100,-100,"WHEEL,BR,0.00,0.00,0,-130"
2026-09-03T22:33:40.562+00:00,BACKWARD_100,-100,"POSE,488.5,1522.6,4.32,0"
2026-09-03T22:33:40.593+00:00,BACKWARD_100,-100,"SYS,WAIT_START,0,1,8,MANUAL,RED,0"
2026-09-03T22:33:40.593+00:00,BACKWARD_100,-100,"HDG,4.32,3.25,-1.07,1,1"
2026-09-03T22:33:40.593+00:00,BACKWARD_100,-100,"TOF,466.0,0,170,-296.0"
2026-09-03T22:33:40.593+00:00,BACKWARD_100,-100,"TOFI,0,0,0,1"
2026-09-03T22:33:40.624+00:00,BACKWARD_100,-100,"AUTO,2,0,0,0,0,NONE,NONE,0,3"
2026-09-03T22:33:40.655+00:00,BACKWARD_100,-100,"MOTION,1370600,0,0.00,0.00,0.0000,0.00,0.00"
2026-09-03T22:33:40.719+00:00,BACKWARD_100,-100,"TEL,1370753,-10.30,-16.72,-19.08,-22.40,3.71,-0.402,0.0"
2026-09-03T22:33:40.719+00:00,BACKWARD_100,-100,"WHEEL,FL,-19.10,-10.30,-53,-102"
2026-09-03T22:33:40.750+00:00,BACKWARD_100,-100,"WHEEL,FR,-19.10,-16.72,-45,1000"
2026-09-03T22:33:40.781+00:00,BACKWARD_100,-100,"WHEEL,BL,-19.10,-19.08,-37,2889"
2026-09-03T22:33:40.781+00:00,BACKWARD_100,-100,"WHEEL,BR,-19.10,-22.40,-35,-143"
2026-09-03T22:33:40.781+00:00,BACKWARD_100,-100,"POSE,478.6,1521.4,3.66,0"
2026-09-03T22:33:40.813+00:00,BACKWARD_100,-100,"SYS,WAIT_START,0,1,8,MANUAL,RED,0"
2026-09-03T22:33:40.813+00:00,BACKWARD_100,-100,"HDG,3.71,3.25,-0.46,1,1"
2026-09-03T22:33:40.813+00:00,BACKWARD_100,-100,"TOF,466.0,0,170,-296.0"
2026-09-03T22:33:40.813+00:00,BACKWARD_100,-100,"TOFI,0,0,0,1"
2026-09-03T22:33:40.813+00:00,BACKWARD_100,-100,"AUTO,2,0,0,0,0,NONE,NONE,0,3"
2026-09-03T22:33:40.844+00:00,BACKWARD_100,-100,"MOTION,1370806,1,-100.00,0.00,0.0000,0.00,0.00"
2026-09-03T22:33:40.937+00:00,BACKWARD_100,-100,"TEL,1370953,-29.52,-33.22,-23.67,-34.50,3.88,-0.402,0.0"
2026-09-03T22:33:40.938+00:00,BACKWARD_100,-100,"WHEEL,FL,-8.61,-29.52,-28,-132"
2026-09-03T22:33:40.938+00:00,BACKWARD_100,-100,"WHEEL,FR,-29.58,-33.22,-43,972"
2026-09-03T22:33:40.969+00:00,BACKWARD_100,-100,"WHEEL,BL,-8.61,-23.67,-23,2864"
2026-09-03T22:33:40.969+00:00,BACKWARD_100,-100,"WHEEL,BR,-29.58,-34.50,-36,-171"
2026-09-03T22:33:41.001+00:00,BACKWARD_100,-100,"POSE,449.6,1520.7,3.94,0"
2026-09-03T22:33:41.001+00:00,BACKWARD_100,-100,"SYS,WAIT_START,0,1,8,MANUAL,RED,0"
2026-09-03T22:33:41.001+00:00,BACKWARD_100,-100,"HDG,3.88,3.25,-0.63,1,1"
2026-09-03T22:33:41.032+00:00,BACKWARD_100,-100,"TOF,466.0,1,170,-296.0"
2026-09-03T22:33:41.032+00:00,BACKWARD_100,-100,"TOFI,0,0,0,1"
2026-09-03T22:33:41.032+00:00,BACKWARD_100,-100,"AUTO,2,0,0,0,0,NONE,NONE,0,3"
2026-09-03T22:33:41.032+00:00,BACKWARD_100,-100,"MOTION,1371006,1,-100.00,0.00,-0.1800,0.00,0.00"
2026-09-03T22:33:41.126+00:00,BACKWARD_100,-100,"TEL,1371153,-34.55,-11.69,-27.21,-21.70,2.94,-0.402,0.0"
2026-09-03T22:33:41.127+00:00,BACKWARD_100,-100,"WHEEL,FL,-19.10,-34.55,-33,-159"
2026-09-03T22:33:41.158+00:00,BACKWARD_100,-100,"WHEEL,FR,-19.10,-11.69,-49,944"
2026-09-03T22:33:41.158+00:00,BACKWARD_100,-100,"WHEEL,BL,-19.10,-27.21,-30,2843"
2026-09-03T22:33:41.158+00:00,BACKWARD_100,-100,"WHEEL,BR,-19.10,-21.70,-35,-204"
2026-09-03T22:33:41.190+00:00,BACKWARD_100,-100,"POSE,420.9,1522.1,2.87,0"
2026-09-03T22:33:41.222+00:00,BACKWARD_100,-100,"SYS,WAIT_START,0,1,8,MANUAL,RED,0"
2026-09-03T22:33:41.222+00:00,BACKWARD_100,-100,"HDG,2.94,3.25,0.31,1,1"
2026-09-03T22:33:41.222+00:00,BACKWARD_100,-100,"TOF,465.0,1,170,-295.0"
2026-09-03T22:33:41.222+00:00,BACKWARD_100,-100,"TOFI,0,0,0,1"
2026-09-03T22:33:41.222+00:00,BACKWARD_100,-100,"AUTO,2,0,0,0,0,NONE,NONE,0,3"
2026-09-03T22:33:41.300+00:00,BACKWARD_100,-100,"MOTION,1371206,1,-100.00,0.00,0.0000,0.00,0.00"
2026-09-03T22:33:41.332+00:00,BACKWARD_100,-100,"TEL,1371353,-33.39,-15.86,-29.26,-19.72,3.15,-0.402,0.0"
2026-09-03T22:33:41.332+00:00,BACKWARD_100,-100,"WHEEL,FL,-19.10,-33.39,-34,-185"
2026-09-03T22:33:41.363+00:00,BACKWARD_100,-100,"WHEEL,FR,-19.10,-15.86,-45,917"
2026-09-03T22:33:41.363+00:00,BACKWARD_100,-100,"WHEEL,BL,-19.10,-29.26,-28,2818"
2026-09-03T22:33:41.363+00:00,BACKWARD_100,-100,"WHEEL,BR,-19.10,-19.72,-36,-228"
2026-09-03T22:33:41.394+00:00,BACKWARD_100,-100,"POSE,394.3,1520.2,3.03,0"
2026-09-03T22:33:41.394+00:00,BACKWARD_100,-100,"SYS,WAIT_START,0,1,8,MANUAL,RED,0"
2026-09-03T22:33:41.394+00:00,BACKWARD_100,-100,"HDG,3.15,3.25,0.10,1,1"
2026-09-03T22:33:41.425+00:00,BACKWARD_100,-100,"TOF,459.0,1,170,-289.0"
2026-09-03T22:33:41.425+00:00,BACKWARD_100,-100,"TOFI,0,0,0,1"
2026-09-03T22:33:41.425+00:00,BACKWARD_100,-100,"AUTO,2,0,0,0,0,NONE,NONE,0,3"
2026-09-03T22:33:41.457+00:00,BACKWARD_100,-100,"MOTION,1371406,1,-100.00,0.00,0.0000,0.00,0.00"
2026-09-03T22:33:41.535+00:00,BACKWARD_100,-100,"TEL,1371553,-31.87,-22.12,-22.38,-22.03,3.72,-0.402,0.0"
2026-09-03T22:33:41.535+00:00,BACKWARD_100,-100,"WHEEL,FL,-19.10,-31.87,-35,-213"
2026-09-03T22:33:41.535+00:00,BACKWARD_100,-100,"WHEEL,FR,-19.10,-22.12,-40,894"
2026-09-03T22:33:41.567+00:00,BACKWARD_100,-100,"WHEEL,BL,-19.10,-22.38,-33,2792"
2026-09-03T22:33:41.567+00:00,BACKWARD_100,-100,"WHEEL,BR,-19.10,-22.03,-34,-250"
2026-09-03T22:33:41.598+00:00,BACKWARD_100,-100,"POSE,368.4,1518.8,3.72,0"
2026-09-03T22:33:41.598+00:00,BACKWARD_100,-100,"SYS,WAIT_START,0,1,8,MANUAL,RED,0"
2026-09-03T22:33:41.598+00:00,BACKWARD_100,-100,"HDG,3.72,3.25,-0.47,1,1"
2026-09-03T22:33:41.629+00:00,BACKWARD_100,-100,"TOF,459.0,1,170,-289.0"
2026-09-03T22:33:41.629+00:00,BACKWARD_100,-100,"TOFI,0,0,0,1"
2026-09-03T22:33:41.629+00:00,BACKWARD_100,-100,"AUTO,2,0,0,0,0,NONE,NONE,0,3"
2026-09-03T22:33:41.661+00:00,BACKWARD_100,-100,"MOTION,1371607,1,-100.00,0.00,0.0000,0.00,0.00"
2026-09-03T22:33:41.724+00:00,BACKWARD_100,-100,"TEL,1371753,-19.34,-12.34,-20.06,-11.24,2.57,-0.402,0.0"
2026-09-03T22:33:41.724+00:00,BACKWARD_100,-100,"WHEEL,FL,-29.58,-19.34,-55,-226"
2026-09-03T22:33:41.755+00:00,BACKWARD_100,-100,"WHEEL,FR,-8.61,-12.34,-37,871"
2026-09-03T22:33:41.755+00:00,BACKWARD_100,-100,"WHEEL,BL,-29.58,-20.06,-46,2775"
2026-09-03T22:33:41.755+00:00,BACKWARD_100,-100,"WHEEL,BR,-8.61,-11.24,-32,-272"
2026-09-03T22:33:41.786+00:00,BACKWARD_100,-100,"POSE,348.8,1516.5,2.53,0"
2026-09-03T22:33:41.817+00:00,BACKWARD_100,-100,"SYS,WAIT_START,0,1,8,MANUAL,RED,0"
2026-09-03T22:33:41.817+00:00,BACKWARD_100,-100,"HDG,2.57,3.25,0.68,1,1"
2026-09-03T22:33:41.817+00:00,BACKWARD_100,-100,"TOF,459.0,1,170,-289.0"
2026-09-03T22:33:41.817+00:00,BACKWARD_100,-100,"TOFI,0,0,0,1"
2026-09-03T22:33:41.817+00:00,BACKWARD_100,-100,"AUTO,2,0,0,0,0,NONE,NONE,0,3"
2026-09-03T22:33:41.895+00:00,BACKWARD_100,-100,"MOTION,1371806,1,-100.00,0.00,0.1800,0.00,0.00"
2026-09-03T22:33:41.927+00:00,BACKWARD_100,-100,"TEL,1371953,-26.00,-34.22,-17.30,-30.75,3.96,-0.402,0.0"
2026-09-03T22:33:41.927+00:00,BACKWARD_100,-100,"WHEEL,FL,-8.61,-26.00,-29,-260"
2026-09-03T22:33:42.005+00:00,BACKWARD_100,-100,"WHEEL,FR,-29.58,-34.22,-41,843"
2026-09-03T22:33:42.005+00:00,BACKWARD_100,-100,"WHEEL,BL,-8.61,-17.30,-27,2747"
2026-09-03T22:33:42.005+00:00,BACKWARD_100,-100,"WHEEL,BR,-29.58,-30.75,-37,-295"
2026-09-03T22:33:42.005+00:00,BACKWARD_100,-100,"POSE,319.3,1514.7,3.96,0"
2026-09-03T22:33:42.005+00:00,BACKWARD_100,-100,"SYS,WAIT_START,0,1,8,MANUAL,RED,0"
2026-09-03T22:33:42.005+00:00,BACKWARD_100,-100,"HDG,3.96,3.25,-0.71,1,1"
2026-09-03T22:33:42.037+00:00,BACKWARD_100,-100,"TOF,459.0,1,170,-289.0"
2026-09-03T22:33:42.037+00:00,BACKWARD_100,-100,"TOFI,0,0,0,1"
2026-09-03T22:33:42.037+00:00,BACKWARD_100,-100,"AUTO,2,0,0,0,0,NONE,NONE,0,3"
2026-09-03T22:33:42.037+00:00,BACKWARD_100,-100,"MOTION,1372006,1,-100.00,0.00,-0.1800,0.00,0.00"
2026-09-03T22:33:42.131+00:00,BACKWARD_100,-100,"TEL,1372153,-27.54,-23.32,-19.01,-27.59,2.91,-0.402,0.0"
2026-09-03T22:33:42.131+00:00,BACKWARD_100,-100,"WHEEL,FL,-19.10,-27.54,-37,-281"
2026-09-03T22:33:42.161+00:00,BACKWARD_100,-100,"WHEEL,FR,-19.10,-23.32,-39,815"
2026-09-03T22:33:42.161+00:00,BACKWARD_100,-100,"WHEEL,BL,-19.10,-19.01,-36,2731"
2026-09-03T22:33:42.161+00:00,BACKWARD_100,-100,"WHEEL,BR,-19.10,-27.59,-29,-324"
2026-09-03T22:33:42.192+00:00,BACKWARD_100,-100,"POSE,294.7,1514.9,2.91,0"
2026-09-03T22:33:42.224+00:00,BACKWARD_100,-100,"SYS,WAIT_START,0,1,8,MANUAL,RED,0"
2026-09-03T22:33:42.224+00:00,BACKWARD_100,-100,"HDG,2.91,3.25,0.34,1,1"
2026-09-03T22:33:42.224+00:00,BACKWARD_100,-100,"TOF,459.0,1,170,-289.0"
2026-09-03T22:33:42.224+00:00,BACKWARD_100,-100,"TOFI,0,0,0,1"
2026-09-03T22:33:42.224+00:00,BACKWARD_100,-100,"AUTO,2,0,0,0,0,NONE,NONE,0,3"
2026-09-03T22:33:42.255+00:00,BACKWARD_100,-100,"MOTION,1372206,1,-100.00,0.00,0.0000,0.00,0.00"
2026-09-03T22:33:42.364+00:00,BACKWARD_100,-100,"TEL,1372353,-11.57,-15.31,-19.57,-11.57,3.13,-0.402,0.0"
2026-09-03T22:33:42.364+00:00,BACKWARD_100,-100,"WHEEL,FL,-19.10,-11.57,-50,-298"
2026-09-03T22:33:42.364+00:00,BACKWARD_100,-100,"WHEEL,FR,-19.10,-15.31,-45,796"
2026-09-03T22:33:42.364+00:00,BACKWARD_100,-100,"WHEEL,BL,-19.10,-19.57,-36,2711"
2026-09-03T22:33:42.364+00:00,BACKWARD_100,-100,"WHEEL,BR,-19.10,-11.57,-42,-341"
2026-09-03T22:33:42.396+00:00,BACKWARD_100,-100,"POSE,275.6,1512.6,3.10,0"
2026-09-03T22:33:42.396+00:00,BACKWARD_100,-100,"SYS,WAIT_START,0,1,8,MANUAL,RED,0"
2026-09-03T22:33:42.396+00:00,BACKWARD_100,-100,"HDG,3.13,3.25,0.12,1,1"
2026-09-03T22:33:42.428+00:00,BACKWARD_100,-100,"TOF,459.0,1,170,-289.0"
2026-09-03T22:33:42.428+00:00,BACKWARD_100,-100,"TOFI,0,0,0,1"
2026-09-03T22:33:42.428+00:00,BACKWARD_100,-100,"AUTO,2,0,0,0,0,NONE,NONE,0,3"
2026-09-03T22:33:42.458+00:00,BACKWARD_100,-100,"MOTION,1372405,1,-100.00,0.00,0.0000,0.00,0.00"
2026-09-03T22:33:42.568+00:00,REST,0,"TEL,1372554,-26.07,-32.43,-18.69,-29.22,3.33,-0.402,0.0"
2026-09-03T22:33:42.568+00:00,REST,0,"WHEEL,FL,-19.10,-26.07,-38,-327"
2026-09-03T22:33:42.568+00:00,REST,0,"WHEEL,FR,-19.10,-32.43,-31,773"
2026-09-03T22:33:42.568+00:00,REST,0,"WHEEL,BL,-19.10,-18.69,-36,2688"
2026-09-03T22:33:42.568+00:00,REST,0,"WHEEL,BR,-19.10,-29.22,-28,-367"
2026-09-03T22:33:42.599+00:00,REST,0,"POSE,249.1,1513.3,3.33,0"
2026-09-03T22:33:42.599+00:00,REST,0,"SYS,WAIT_START,0,1,8,MANUAL,RED,0"
2026-09-03T22:33:42.599+00:00,REST,0,"HDG,3.33,3.25,-0.09,1,1"
2026-09-03T22:33:42.632+00:00,REST,0,"TOF,459.0,1,170,-289.0"
2026-09-03T22:33:42.632+00:00,REST,0,"TOFI,0,0,0,1"
2026-09-03T22:33:42.632+00:00,REST,0,"AUTO,2,0,0,0,0,NONE,NONE,0,3"
2026-09-03T22:33:42.662+00:00,REST,0,"MOTION,1372607,1,-100.00,0.00,0.0000,0.00,0.00"
2026-09-03T22:33:42.725+00:00,REST,0,"TEL,1372754,-11.70,-11.25,-10.76,-10.04,3.55,-0.402,0.0"
2026-09-03T22:33:42.725+00:00,REST,0,"WHEEL,FL,0.00,-11.70,0,-346"
2026-09-03T22:33:42.804+00:00,REST,0,"WHEEL,FR,0.00,-11.25,0,756"
2026-09-03T22:33:42.804+00:00,REST,0,"WHEEL,BL,0.00,-10.76,0,2670"
2026-09-03T22:33:42.804+00:00,REST,0,"WHEEL,BR,0.00,-10.04,0,-385"
2026-09-03T22:33:42.804+00:00,REST,0,"POSE,230.2,1512.8,3.55,0"
2026-09-03T22:33:42.804+00:00,REST,0,"SYS,WAIT_START,0,1,8,MANUAL,RED,0"
2026-09-03T22:33:42.804+00:00,REST,0,"HDG,3.55,3.25,-0.30,1,1"
2026-09-03T22:33:42.804+00:00,REST,0,"TOF,459.0,1,170,-289.0"
2026-09-03T22:33:42.835+00:00,REST,0,"TOFI,0,0,0,1"
2026-09-03T22:33:42.835+00:00,REST,0,"AUTO,2,0,0,0,0,NONE,NONE,0,3"
2026-09-03T22:33:42.835+00:00,REST,0,"MOTION,1372804,0,0.00,0.00,0.0000,0.00,0.00"
2026-09-03T22:33:42.930+00:00,REST,0,"TEL,1372955,-0.29,-0.80,-0.22,-0.85,3.18,-0.402,0.0"
2026-09-03T22:33:42.930+00:00,REST,0,"WHEEL,FL,0.00,-0.29,0,-348"
2026-09-03T22:33:42.961+00:00,REST,0,"WHEEL,FR,0.00,-0.80,0,753"
2026-09-03T22:33:42.961+00:00,REST,0,"WHEEL,BL,0.00,-0.22,0,2670"
2026-09-03T22:33:42.961+00:00,REST,0,"WHEEL,BR,0.00,-0.85,0,-391"
2026-09-03T22:33:42.961+00:00,REST,0,"POSE,227.3,1513.9,3.18,0"
2026-09-03T22:33:42.992+00:00,REST,0,"SYS,WAIT_START,0,1,8,MANUAL,RED,0"
2026-09-03T22:33:43.024+00:00,REST,0,"HDG,3.18,3.25,0.07,1,1"
2026-09-03T22:33:43.024+00:00,REST,0,"TOF,459.0,0,170,-289.0"
2026-09-03T22:33:43.024+00:00,REST,0,"TOFI,0,0,0,1"
2026-09-03T22:33:43.024+00:00,REST,0,"AUTO,2,0,0,0,0,NONE,NONE,0,3"
2026-09-03T22:33:43.055+00:00,REST,0,"MOTION,1373003,0,0.00,0.00,0.0000,0.00,0.00"
2026-09-03T22:33:43.164+00:00,REST,0,"TEL,1373155,-0.01,-0.02,-0.00,-0.02,3.13,-0.402,0.0"
2026-09-03T22:33:43.164+00:00,REST,0,"WHEEL,FL,0.00,-0.01,0,-348"
2026-09-03T22:33:43.164+00:00,REST,0,"WHEEL,FR,0.00,-0.02,0,753"
2026-09-03T22:33:43.164+00:00,REST,0,"WHEEL,BL,0.00,-0.00,0,2670"
2026-09-03T22:33:43.164+00:00,REST,0,"WHEEL,BR,0.00,-0.02,0,-391"
2026-09-03T22:33:43.164+00:00,REST,0,"POSE,227.3,1513.9,3.13,0"
2026-09-03T22:33:43.196+00:00,REST,0,"SYS,WAIT_START,0,1,8,MANUAL,RED,0"
2026-09-03T22:33:43.196+00:00,REST,0,"HDG,3.13,3.25,0.12,1,1"
2026-09-03T22:33:43.196+00:00,REST,0,"TOF,459.0,0,170,-289.0"
2026-09-03T22:33:43.196+00:00,REST,0,"TOFI,0,0,0,1"
2026-09-03T22:33:43.226+00:00,REST,0,"AUTO,2,0,0,0,0,NONE,NONE,0,3"
2026-09-03T22:33:43.258+00:00,REST,0,"MOTION,1373204,0,0.00,0.00,0.0000,0.00,0.00"
2026-09-03T22:33:43.369+00:00,FORWARD_200,200,"TEL,1373355,-0.00,-0.00,-0.00,-0.00,3.14,-0.402,0.0"
2026-09-03T22:33:43.369+00:00,FORWARD_200,200,"WHEEL,FL,0.00,-0.00,0,-348"
2026-09-03T22:33:43.369+00:00,FORWARD_200,200,"WHEEL,FR,0.00,-0.00,0,753"
2026-09-03T22:33:43.370+00:00,FORWARD_200,200,"WHEEL,BL,0.00,-0.00,0,2670"
2026-09-03T22:33:43.370+00:00,FORWARD_200,200,"WHEEL,BR,0.00,-0.00,0,-391"
2026-09-03T22:33:43.370+00:00,FORWARD_200,200,"POSE,227.3,1513.9,3.14,0"
2026-09-03T22:33:43.401+00:00,FORWARD_200,200,"SYS,WAIT_START,0,1,8,MANUAL,RED,0"
2026-09-03T22:33:43.401+00:00,FORWARD_200,200,"HDG,3.14,3.25,0.11,1,1"
2026-09-03T22:33:43.401+00:00,FORWARD_200,200,"TOF,459.0,0,170,-289.0"
2026-09-03T22:33:43.401+00:00,FORWARD_200,200,"TOFI,0,0,0,1"
2026-09-03T22:33:43.432+00:00,FORWARD_200,200,"AUTO,2,0,0,0,0,NONE,NONE,0,3"
2026-09-03T22:33:43.432+00:00,FORWARD_200,200,"MOTION,1373404,0,0.00,0.00,0.0000,0.00,0.00"
2026-09-03T22:33:43.526+00:00,FORWARD_200,200,"TEL,1373555,40.56,72.18,33.45,36.89,3.04,-0.402,0.0"
2026-09-03T22:33:43.526+00:00,FORWARD_200,200,"WHEEL,FL,38.20,40.56,48,-335"
2026-09-03T22:33:43.557+00:00,FORWARD_200,200,"WHEEL,FR,38.20,72.18,21,780"
2026-09-03T22:33:43.557+00:00,FORWARD_200,200,"WHEEL,BL,38.20,33.45,45,2687"
2026-09-03T22:33:43.557+00:00,FORWARD_200,200,"WHEEL,BR,38.20,36.89,42,-379"
2026-09-03T22:33:43.589+00:00,FORWARD_200,200,"POSE,245.1,1519.9,3.04,0"
2026-09-03T22:33:43.589+00:00,FORWARD_200,200,"SYS,WAIT_START,0,1,8,MANUAL,RED,0"
2026-09-03T22:33:43.620+00:00,FORWARD_200,200,"HDG,3.04,3.25,0.21,1,1"
2026-09-03T22:33:43.620+00:00,FORWARD_200,200,"TOF,459.0,0,170,-289.0"
2026-09-03T22:33:43.620+00:00,FORWARD_200,200,"TOFI,0,0,0,1"
2026-09-03T22:33:43.620+00:00,FORWARD_200,200,"AUTO,2,0,0,0,0,NONE,NONE,0,3"
2026-09-03T22:33:43.652+00:00,FORWARD_200,200,"MOTION,1373605,1,200.00,0.00,0.0000,0.00,0.00"
2026-09-03T22:33:43.729+00:00,FORWARD_200,200,"TEL,1373758,50.59,45.76,44.23,50.07,2.97,-0.402,0.0"
2026-09-03T22:33:43.729+00:00,FORWARD_200,200,"WHEEL,FL,38.20,50.59,40,-292"
2026-09-03T22:33:43.760+00:00,FORWARD_200,200,"WHEEL,FR,38.20,45.76,41,816"
2026-09-03T22:33:43.761+00:00,FORWARD_200,200,"WHEEL,BL,38.20,44.23,36,2725"
2026-09-03T22:33:43.761+00:00,FORWARD_200,200,"WHEEL,BR,38.20,50.07,32,-335"
2026-09-03T22:33:43.792+00:00,FORWARD_200,200,"POSE,287.3,1518.5,2.92,0"
2026-09-03T22:33:43.792+00:00,FORWARD_200,200,"SYS,WAIT_START,0,1,8,MANUAL,RED,0"
2026-09-03T22:33:43.824+00:00,FORWARD_200,200,"HDG,2.97,3.25,0.28,1,1"
2026-09-03T22:33:43.824+00:00,FORWARD_200,200,"TOF,459.0,0,170,-289.0"
2026-09-03T22:33:43.824+00:00,FORWARD_200,200,"TOFI,0,0,0,1"
2026-09-03T22:33:43.824+00:00,FORWARD_200,200,"AUTO,2,0,0,0,0,NONE,NONE,0,3"
2026-09-03T22:33:43.856+00:00,FORWARD_200,200,"MOTION,1373808,1,200.00,0.00,0.0000,0.00,0.00"
2026-09-03T22:33:43.965+00:00,FORWARD_200,200,"TEL,1373958,45.78,37.37,38.92,38.76,3.05,-0.402,0.0"
2026-09-03T22:33:43.965+00:00,FORWARD_200,200,"WHEEL,FL,38.20,45.78,44,-250"
2026-09-03T22:33:43.965+00:00,FORWARD_200,200,"WHEEL,FR,38.20,37.37,48,860"
2026-09-03T22:33:43.965+00:00,FORWARD_200,200,"WHEEL,BL,38.20,38.92,40,2765"
2026-09-03T22:33:43.965+00:00,FORWARD_200,200,"WHEEL,BR,38.20,38.76,40,-293"
2026-09-03T22:33:43.997+00:00,FORWARD_200,200,"POSE,331.2,1520.9,3.06,0"
2026-09-03T22:33:43.997+00:00,FORWARD_200,200,"SYS,WAIT_START,0,1,8,MANUAL,RED,0"
2026-09-03T22:33:43.997+00:00,FORWARD_200,200,"HDG,3.05,3.25,0.20,1,1"
2026-09-03T22:33:43.997+00:00,FORWARD_200,200,"TOF,459.0,0,170,-289.0"
2026-09-03T22:33:44.075+00:00,FORWARD_200,200,"TOFI,0,0,0,1"
2026-09-03T22:33:44.075+00:00,FORWARD_200,200,"AUTO,2,0,0,0,0,NONE,NONE,0,3"
2026-09-03T22:33:44.075+00:00,FORWARD_200,200,"MOTION,1374008,1,200.00,0.00,0.0000,0.00,0.00"
2026-09-03T22:33:44.137+00:00,FORWARD_200,200,"TEL,1374158,47.90,43.61,42.72,43.26,3.36,-0.402,0.0"
2026-09-03T22:33:44.137+00:00,FORWARD_200,200,"WHEEL,FL,38.20,47.90,42,-206"
2026-09-03T22:33:44.137+00:00,FORWARD_200,200,"WHEEL,FR,38.20,43.61,42,908"
2026-09-03T22:33:44.137+00:00,FORWARD_200,200,"WHEEL,BL,38.20,42.72,37,2809"
2026-09-03T22:33:44.167+00:00,FORWARD_200,200,"WHEEL,BR,38.20,43.26,36,-247"
2026-09-03T22:33:44.199+00:00,FORWARD_200,200,"POSE,378.8,1524.1,3.38,0"
2026-09-03T22:33:44.199+00:00,FORWARD_200,200,"SYS,WAIT_START,0,1,8,MANUAL,RED,0"
2026-09-03T22:33:44.199+00:00,FORWARD_200,200,"HDG,3.36,3.25,-0.11,1,1"
2026-09-03T22:33:44.199+00:00,FORWARD_200,200,"TOF,459.0,0,170,-289.0"
2026-09-03T22:33:44.230+00:00,FORWARD_200,200,"TOFI,0,0,0,1"
2026-09-03T22:33:44.230+00:00,FORWARD_200,200,"AUTO,2,0,0,0,0,NONE,NONE,0,3"
2026-09-03T22:33:44.309+00:00,FORWARD_200,200,"MOTION,1374208,1,200.00,0.00,0.0000,0.00,0.00"
2026-09-03T22:33:44.339+00:00,FORWARD_200,200,"TEL,1374358,42.55,51.56,48.76,45.87,3.43,-0.402,0.0"
2026-09-03T22:33:44.340+00:00,FORWARD_200,200,"WHEEL,FL,38.20,42.55,45,-163"
2026-09-03T22:33:44.340+00:00,FORWARD_200,200,"WHEEL,FR,38.20,51.56,36,954"
2026-09-03T22:33:44.340+00:00,FORWARD_200,200,"WHEEL,BL,38.20,48.76,32,2856"
2026-09-03T22:33:44.417+00:00,FORWARD_200,200,"WHEEL,BR,38.20,45.87,34,-202"
2026-09-03T22:33:44.417+00:00,FORWARD_200,200,"POSE,426.0,1528.4,3.47,0"
2026-09-03T22:33:44.417+00:00,FORWARD_200,200,"SYS,WAIT_START,0,1,8,MANUAL,RED,0"
2026-09-03T22:33:44.417+00:00,FORWARD_200,200,"HDG,3.43,3.25,-0.18,1,1"
2026-09-03T22:33:44.417+00:00,FORWARD_200,200,"TOF,459.0,0,170,-289.0"
2026-09-03T22:33:44.417+00:00,FORWARD_200,200,"TOFI,0,0,0,1"
2026-09-03T22:33:44.417+00:00,FORWARD_200,200,"AUTO,2,0,0,0,0,NONE,NONE,0,3"
2026-09-03T22:33:44.449+00:00,FORWARD_200,200,"MOTION,1374408,1,200.00,0.00,0.0000,0.00,0.00"
2026-09-03T22:33:44.527+00:00,FORWARD_200,200,"TEL,1374559,35.40,43.53,35.80,36.86,3.22,-0.402,0.0"
2026-09-03T22:33:44.527+00:00,FORWARD_200,200,"WHEEL,FL,38.20,35.40,51,-123"
2026-09-03T22:33:44.558+00:00,FORWARD_200,200,"WHEEL,FR,38.20,43.53,42,993"
2026-09-03T22:33:44.558+00:00,FORWARD_200,200,"WHEEL,BL,38.20,35.80,42,2895"
2026-09-03T22:33:44.558+00:00,FORWARD_200,200,"WHEEL,BR,38.20,36.86,41,-165"
2026-09-03T22:33:44.588+00:00,FORWARD_200,200,"POSE,466.5,1530.9,3.19,0"
2026-09-03T22:33:44.588+00:00,FORWARD_200,200,"SYS,WAIT_START,0,1,8,MANUAL,RED,0"
2026-09-03T22:33:44.619+00:00,FORWARD_200,200,"HDG,3.22,3.25,0.03,1,1"
2026-09-03T22:33:44.619+00:00,FORWARD_200,200,"TOF,459.0,0,170,-289.0"
2026-09-03T22:33:44.619+00:00,FORWARD_200,200,"TOFI,0,0,0,1"
2026-09-03T22:33:44.620+00:00,FORWARD_200,200,"AUTO,2,0,0,0,0,NONE,NONE,0,3"
2026-09-03T22:33:44.650+00:00,FORWARD_200,200,"MOTION,1374609,1,200.00,0.00,0.0000,0.00,0.00"
2026-09-03T22:33:44.759+00:00,FORWARD_200,200,"TEL,1374759,46.08,42.68,44.77,46.48,3.26,-0.402,0.0"
2026-09-03T22:33:44.759+00:00,FORWARD_200,200,"WHEEL,FL,38.20,46.08,42,-76"
2026-09-03T22:33:44.759+00:00,FORWARD_200,200,"WHEEL,FR,38.20,42.68,42,1037"
2026-09-03T22:33:44.759+00:00,FORWARD_200,200,"WHEEL,BL,38.20,44.77,35,2939"
2026-09-03T22:33:44.759+00:00,FORWARD_200,200,"WHEEL,BR,38.20,46.48,33,-117"
2026-09-03T22:33:44.790+00:00,FORWARD_200,200,"POSE,514.4,1531.8,3.26,0"
2026-09-03T22:33:44.790+00:00,FORWARD_200,200,"SYS,WAIT_START,0,1,8,MANUAL,RED,0"
2026-09-03T22:33:44.869+00:00,FORWARD_200,200,"HDG,3.26,3.25,-0.01,1,1"
2026-09-03T22:33:44.869+00:00,FORWARD_200,200,"TOF,459.0,0,170,-289.0"
2026-09-03T22:33:44.869+00:00,FORWARD_200,200,"TOFI,0,0,0,1"
2026-09-03T22:33:44.869+00:00,FORWARD_200,200,"AUTO,2,0,0,0,0,NONE,NONE,0,3"
2026-09-03T22:33:44.869+00:00,FORWARD_200,200,"MOTION,1374809,1,200.00,0.00,0.0000,0.00,0.00"
2026-09-03T22:33:44.977+00:00,FORWARD_200,200,"TEL,1374960,43.15,35.75,42.90,39.48,3.05,-0.402,0.0"
2026-09-03T22:33:44.977+00:00,FORWARD_200,200,"WHEEL,FL,38.20,43.15,44,-36"
2026-09-03T22:33:44.977+00:00,FORWARD_200,200,"WHEEL,FR,38.20,35.75,47,1078"
2026-09-03T22:33:44.977+00:00,FORWARD_200,200,"WHEEL,BL,38.20,42.90,36,2981"
2026-09-03T22:33:44.977+00:00,FORWARD_200,200,"WHEEL,BR,38.20,39.48,38,-78"
2026-09-03T22:33:44.977+00:00,FORWARD_200,200,"POSE,556.7,1535.1,3.08,0"
2026-09-03T22:33:44.977+00:00,FORWARD_200,200,"SYS,WAIT_START,0,1,8,MANUAL,RED,0"
2026-09-03T22:33:45.008+00:00,FORWARD_200,200,"HDG,3.05,3.25,0.20,1,1"
2026-09-03T22:33:45.009+00:00,FORWARD_200,200,"TOF,459.0,0,170,-289.0"
2026-09-03T22:33:45.009+00:00,FORWARD_200,200,"TOFI,0,0,0,1"
2026-09-03T22:33:45.088+00:00,FORWARD_200,200,"AUTO,2,0,0,0,0,NONE,NONE,0,3"
2026-09-03T22:33:45.088+00:00,FORWARD_200,200,"MOTION,1375010,1,200.00,0.00,0.0000,0.00,0.00"
2026-09-03T22:33:45.119+00:00,FORWARD_200,200,"TEL,1375160,40.54,47.82,46.27,42.06,3.31,-0.402,0.0"
2026-09-03T22:33:45.119+00:00,FORWARD_200,200,"WHEEL,FL,38.20,40.54,46,4"
2026-09-03T22:33:45.197+00:00,FORWARD_200,200,"WHEEL,FR,38.20,47.82,38,1126"
2026-09-03T22:33:45.197+00:00,FORWARD_200,200,"WHEEL,BL,38.20,46.27,33,3023"
2026-09-03T22:33:45.197+00:00,FORWARD_200,200,"WHEEL,BR,38.20,42.06,36,-35"
2026-09-03T22:33:45.197+00:00,FORWARD_200,200,"POSE,601.9,1539.4,3.30,0"
2026-09-03T22:33:45.197+00:00,FORWARD_200,200,"SYS,WAIT_START,0,1,8,MANUAL,RED,0"
2026-09-03T22:33:45.197+00:00,FORWARD_200,200,"HDG,3.31,3.25,-0.06,1,1"
2026-09-03T22:33:45.197+00:00,FORWARD_200,200,"TOF,459.0,0,170,-289.0"
2026-09-03T22:33:45.197+00:00,FORWARD_200,200,"TOFI,0,0,0,1"
2026-09-03T22:33:45.229+00:00,FORWARD_200,200,"AUTO,2,0,0,0,0,NONE,NONE,0,3"
2026-09-03T22:33:45.260+00:00,FORWARD_200,200,"MOTION,1375209,1,200.00,0.00,0.0000,0.00,0.00"
2026-09-03T22:33:45.370+00:00,REST,0,"TEL,1375361,41.14,46.29,41.95,45.32,3.48,-0.402,0.0"
2026-09-03T22:33:45.370+00:00,REST,0,"WHEEL,FL,38.20,41.14,46,48"
2026-09-03T22:33:45.370+00:00,REST,0,"WHEEL,FR,38.20,46.29,38,1171"
2026-09-03T22:33:45.370+00:00,REST,0,"WHEEL,BL,38.20,41.95,36,3065"
2026-09-03T22:33:45.370+00:00,REST,0,"WHEEL,BR,38.20,45.32,33,12"
2026-09-03T22:33:45.370+00:00,REST,0,"POSE,648.4,1541.1,3.49,0"
2026-09-03T22:33:45.401+00:00,REST,0,"SYS,WAIT_START,0,1,8,MANUAL,RED,0"
2026-09-03T22:33:45.401+00:00,REST,0,"HDG,3.48,3.25,-0.23,1,1"
2026-09-03T22:33:45.401+00:00,REST,0,"TOF,459.0,0,170,-289.0"
2026-09-03T22:33:45.401+00:00,REST,0,"TOFI,0,0,0,1"
2026-09-03T22:33:45.480+00:00,REST,0,"AUTO,2,0,0,0,0,NONE,NONE,0,3"
2026-09-03T22:33:45.480+00:00,REST,0,"MOTION,1375410,1,200.00,0.00,0.0000,0.00,0.00"
2026-09-03T22:33:45.543+00:00,REST,0,"TEL,1375561,36.57,14.10,13.19,21.21,3.07,-0.402,0.0"
2026-09-03T22:33:45.543+00:00,REST,0,"WHEEL,FL,0.00,36.57,0,91"
2026-09-03T22:33:45.543+00:00,REST,0,"WHEEL,FR,0.00,14.10,0,1205"
2026-09-03T22:33:45.543+00:00,REST,0,"WHEEL,BL,0.00,13.19,0,3101"
2026-09-03T22:33:45.574+00:00,REST,0,"WHEEL,BR,0.00,21.21,0,47"
2026-09-03T22:33:45.574+00:00,REST,0,"POSE,687.2,1541.2,3.07,0"
2026-09-03T22:33:45.605+00:00,REST,0,"SYS,WAIT_START,0,1,8,MANUAL,RED,0"
2026-09-03T22:33:45.605+00:00,REST,0,"HDG,3.07,3.25,0.18,1,1"
2026-09-03T22:33:45.605+00:00,REST,0,"TOF,459.0,0,170,-289.0"
2026-09-03T22:33:45.605+00:00,REST,0,"TOFI,0,0,0,1"
2026-09-03T22:33:45.637+00:00,REST,0,"AUTO,2,0,0,0,0,NONE,NONE,0,3"
2026-09-03T22:33:45.637+00:00,REST,0,"MOTION,1375609,0,0.00,0.00,0.0000,0.00,0.00"
2026-09-03T22:33:45.716+00:00,REST,0,"TEL,1375761,0.64,0.02,0.54,0.39,2.51,-0.402,0.0"
2026-09-03T22:33:45.716+00:00,REST,0,"WHEEL,FL,0.00,0.64,0,100"
2026-09-03T22:33:45.747+00:00,REST,0,"WHEEL,FR,0.00,0.02,0,1209"
2026-09-03T22:33:45.747+00:00,REST,0,"WHEEL,BL,0.00,0.54,0,3111"
2026-09-03T22:33:45.825+00:00,REST,0,"WHEEL,BR,0.00,0.39,0,53"
2026-09-03T22:33:45.825+00:00,REST,0,"POSE,694.8,1541.3,2.51,0"
2026-09-03T22:33:45.825+00:00,REST,0,"SYS,WAIT_START,0,1,8,MANUAL,RED,0"
2026-09-03T22:33:45.825+00:00,REST,0,"HDG,2.51,3.25,0.74,1,1"
2026-09-03T22:33:45.825+00:00,REST,0,"TOF,459.0,0,170,-289.0"
2026-09-03T22:33:45.825+00:00,REST,0,"TOFI,0,0,0,1"
2026-09-03T22:33:45.825+00:00,REST,0,"AUTO,2,0,0,0,0,NONE,NONE,0,3"
2026-09-03T22:33:45.857+00:00,REST,0,"MOTION,1375808,0,0.00,0.00,0.0000,0.00,0.00"
2026-09-03T22:33:45.936+00:00,REST,0,"TEL,1375961,0.01,-0.02,-0.01,-0.01,2.48,-0.402,0.0"
2026-09-03T22:33:45.936+00:00,REST,0,"WHEEL,FL,0.00,0.01,0,100"
2026-09-03T22:33:45.967+00:00,REST,0,"WHEEL,FR,0.00,-0.02,0,1208"
2026-09-03T22:33:45.967+00:00,REST,0,"WHEEL,BL,0.00,-0.01,0,3110"
2026-09-03T22:33:45.967+00:00,REST,0,"WHEEL,BR,0.00,-0.01,0,52"
2026-09-03T22:33:45.967+00:00,REST,0,"POSE,694.1,1541.0,2.48,0"
2026-09-03T22:33:46.046+00:00,REST,0,"SYS,WAIT_START,0,1,8,MANUAL,RED,0"
2026-09-03T22:33:46.046+00:00,REST,0,"HDG,2.48,3.25,0.77,1,1"
2026-09-03T22:33:46.046+00:00,REST,0,"TOF,459.0,0,170,-289.0"
2026-09-03T22:33:46.046+00:00,REST,0,"TOFI,0,0,0,1"
2026-09-03T22:33:46.046+00:00,REST,0,"AUTO,2,0,0,0,0,NONE,NONE,0,3"
2026-09-03T22:33:46.046+00:00,REST,0,"MOTION,1376009,0,0.00,0.00,0.0000,0.00,0.00"
2026-09-03T22:33:46.142+00:00,BACKWARD_200,-200,0
2026-09-03T22:33:46.142+00:00,BACKWARD_200,-200,"WHEEL,FL,0.00,0.00,0,100"
2026-09-03T22:33:46.142+00:00,BACKWARD_200,-200,"WHEEL,FR,0.00,-0.00,0,1208"
2026-09-03T22:33:46.142+00:00,BACKWARD_200,-200,"WHEEL,BL,0.00,-0.00,0,3110"
2026-09-03T22:33:46.173+00:00,BACKWARD_200,-200,"WHEEL,BR,0.00,-0.00,0,52"
2026-09-03T22:33:46.173+00:00,BACKWARD_200,-200,"POSE,694.1,1541.0,2.47,0"
2026-09-03T22:33:46.205+00:00,BACKWARD_200,-200,"SYS,WAIT_START,0,1,8,MANUAL,RED,0"
2026-09-03T22:33:46.205+00:00,BACKWARD_200,-200,"HDG,2.47,3.25,0.78,1,1"
2026-09-03T22:33:46.205+00:00,BACKWARD_200,-200,"TOF,459.0,0,170,-289.0"
2026-09-03T22:33:46.205+00:00,BACKWARD_200,-200,"TOFI,0,0,0,1"
2026-09-03T22:33:46.237+00:00,BACKWARD_200,-200,"AUTO,2,0,0,0,0,NONE,NONE,0,3"
2026-09-03T22:33:46.237+00:00,BACKWARD_200,-200,"MOTION,1376209,0,0.00,0.00,0.0000,0.00,0.00"
2026-09-03T22:33:46.345+00:00,BACKWARD_200,-200,"TEL,1376365,-19.20,-23.59,-56.83,-28.69,2.58,-0.402,0.0"
2026-09-03T22:33:46.345+00:00,BACKWARD_200,-200,"WHEEL,FL,-53.44,-19.20,-80,88"
2026-09-03T22:33:46.377+00:00,BACKWARD_200,-200,"WHEEL,FR,-22.96,-23.59,-44,1199"
2026-09-03T22:33:46.378+00:00,BACKWARD_200,-200,"WHEEL,BL,-53.44,-56.83,-41,3089"
2026-09-03T22:33:46.378+00:00,BACKWARD_200,-200,"WHEEL,BR,-22.96,-28.69,-34,42"
2026-09-03T22:33:46.409+00:00,BACKWARD_200,-200,"POSE,680.6,1538.3,2.58,0"
2026-09-03T22:33:46.441+00:00,BACKWARD_200,-200,"SYS,WAIT_START,0,1,8,MANUAL,RED,0"
2026-09-03T22:33:46.441+00:00,BACKWARD_200,-200,"HDG,2.58,3.25,0.67,1,1"
2026-09-03T22:33:46.441+00:00,BACKWARD_200,-200,"TOF,459.0,0,170,-289.0"
2026-09-03T22:33:46.441+00:00,BACKWARD_200,-200,"TOFI,0,0,0,1"
2026-09-03T22:33:46.441+00:00,BACKWARD_200,-200,"AUTO,2,0,0,0,0,NONE,NONE,0,3"
2026-09-03T22:33:46.471+00:00,BACKWARD_200,-200,"MOTION,1376417,1,-200.00,0.00,0.2617,0.00,0.00"
2026-09-03T22:33:46.550+00:00,BACKWARD_200,-200,"TEL,1376565,-41.85,-57.40,-39.45,-51.22,3.67,-0.402,0.0"
2026-09-03T22:33:46.550+00:00,BACKWARD_200,-200,"WHEEL,FL,-38.20,-41.85,-47,32"
2026-09-03T22:33:46.581+00:00,BACKWARD_200,-200,"WHEEL,FR,-38.20,-57.40,-33,1162"
2026-09-03T22:33:46.581+00:00,BACKWARD_200,-200,"WHEEL,BL,-38.20,-39.45,-39,3050"
2026-09-03T22:33:46.581+00:00,BACKWARD_200,-200,"WHEEL,BR,-38.20,-51.22,-31,4"
2026-09-03T22:33:46.612+00:00,BACKWARD_200,-200,"POSE,635.9,1540.4,3.67,0"
2026-09-03T22:33:46.613+00:00,BACKWARD_200,-200,"SYS,WAIT_START,0,1,8,MANUAL,RED,0"
2026-09-03T22:33:46.644+00:00,BACKWARD_200,-200,"HDG,3.67,3.25,-0.42,1,1"
2026-09-03T22:33:46.644+00:00,BACKWARD_200,-200,"TOF,459.0,0,170,-289.0"
2026-09-03T22:33:46.644+00:00,BACKWARD_200,-200,"TOFI,0,0,0,1"
2026-09-03T22:33:46.644+00:00,BACKWARD_200,-200,"AUTO,2,0,0,0,0,NONE,NONE,0,3"
2026-09-03T22:33:46.674+00:00,BACKWARD_200,-200,"MOTION,1376617,1,-200.00,0.00,0.0000,0.00,0.00"
2026-09-03T22:33:46.785+00:00,BACKWARD_200,-200,"TEL,1376780,-39.23,-43.22,-36.84,-40.28,3.63,-0.402,0.0"
2026-09-03T22:33:46.785+00:00,BACKWARD_200,-200,"WHEEL,FL,-38.20,-39.23,-49,-17"
2026-09-03T22:33:46.785+00:00,BACKWARD_200,-200,"WHEEL,FR,-38.20,-43.22,-44,1117"
2026-09-03T22:33:46.785+00:00,BACKWARD_200,-200,"WHEEL,BL,-38.20,-36.84,-41,3008"
2026-09-03T22:33:46.785+00:00,BACKWARD_200,-200,"WHEEL,BR,-38.20,-40.28,-40,-44"
2026-09-03T22:33:46.816+00:00,BACKWARD_200,-200,"POSE,587.7,1539.8,3.63,0"
2026-09-03T22:33:46.894+00:00,BACKWARD_200,-200,"SYS,WAIT_START,0,1,8,MANUAL,RED,0"
2026-09-03T22:33:46.894+00:00,BACKWARD_200,-200,"HDG,3.63,3.25,-0.38,1,1"
2026-09-03T22:33:46.894+00:00,BACKWARD_200,-200,"TOF,459.0,0,170,-289.0"
2026-09-03T22:33:46.894+00:00,BACKWARD_200,-200,"TOFI,0,0,0,1"
2026-09-03T22:33:46.894+00:00,BACKWARD_200,-200,"AUTO,2,0,0,0,0,NONE,NONE,0,3"
2026-09-03T22:33:46.894+00:00,BACKWARD_200,-200,"MOTION,1376833,1,-200.00,0.00,0.0000,0.00,0.00"
2026-09-03T22:33:46.956+00:00,BACKWARD_200,-200,"TEL,1376980,-33.36,-54.69,-30.84,-53.58,3.68,-0.402,0.0"
2026-09-03T22:33:46.956+00:00,BACKWARD_200,-200,"WHEEL,FL,-38.20,-33.36,-53,-57"
2026-09-03T22:33:46.988+00:00,BACKWARD_200,-200,"WHEEL,FR,-38.20,-54.69,-35,1071"
2026-09-03T22:33:46.988+00:00,BACKWARD_200,-200,"WHEEL,BL,-38.20,-30.84,-46,2970"
2026-09-03T22:33:46.988+00:00,BACKWARD_200,-200,"WHEEL,BR,-38.20,-53.58,-29,-89"
2026-09-03T22:33:47.020+00:00,BACKWARD_200,-200,"POSE,543.5,1537.2,3.68,0"
2026-09-03T22:33:47.020+00:00,BACKWARD_200,-200,"SYS,WAIT_START,0,1,8,MANUAL,RED,0"
2026-09-03T22:33:47.020+00:00,BACKWARD_200,-200,"HDG,3.68,3.25,-0.43,1,1"
2026-09-03T22:33:47.052+00:00,BACKWARD_200,-200,"TOF,459.0,0,170,-289.0"
2026-09-03T22:33:47.052+00:00,BACKWARD_200,-200,"TOFI,0,0,0,1"
2026-09-03T22:33:47.052+00:00,BACKWARD_200,-200,"AUTO,2,0,0,0,0,NONE,NONE,0,3"
2026-09-03T22:33:47.129+00:00,BACKWARD_200,-200,"MOTION,1377033,1,-200.00,0.00,0.0000,0.00,0.00"
2026-09-03T22:33:47.161+00:00,BACKWARD_200,-200,"TEL,1377180,-41.59,-56.29,-32.93,-51.43,3.72,-0.402,0.0"
2026-09-03T22:33:47.161+00:00,BACKWARD_200,-200,"WHEEL,FL,-38.20,-41.59,-46,-105"
2026-09-03T22:33:47.161+00:00,BACKWARD_200,-200,"WHEEL,FR,-38.20,-56.29,-34,1026"
2026-09-03T22:33:47.191+00:00,BACKWARD_200,-200,"WHEEL,BL,-38.20,-32.93,-44,2927"
2026-09-03T22:33:47.191+00:00,BACKWARD_200,-200,"WHEEL,BR,-38.20,-51.43,-30,-133"
2026-09-03T22:33:47.223+00:00,BACKWARD_200,-200,"POSE,496.4,1535.3,3.72,0"
2026-09-03T22:33:47.223+00:00,BACKWARD_200,-200,"SYS,WAIT_START,0,1,8,MANUAL,RED,0"
2026-09-03T22:33:47.223+00:00,BACKWARD_200,-200,"HDG,3.72,3.25,-0.47,1,1"
2026-09-03T22:33:47.254+00:00,BACKWARD_200,-200,"TOF,459.0,0,170,-289.0"
2026-09-03T22:33:47.254+00:00,BACKWARD_200,-200,"TOFI,0,0,0,1"
2026-09-03T22:33:47.254+00:00,BACKWARD_200,-200,"AUTO,2,0,0,0,0,NONE,NONE,0,3"
2026-09-03T22:33:47.285+00:00,BACKWARD_200,-200,"MOTION,1377233,1,-200.00,0.00,0.0000,0.00,0.00"
2026-09-03T22:33:47.380+00:00,BACKWARD_200,-200,"TEL,1377386,-32.37,-50.14,-35.09,-43.75,3.70,-0.402,0.0"
2026-09-03T22:33:47.380+00:00,BACKWARD_200,-200,"WHEEL,FL,-38.20,-32.37,-53,-151"
2026-09-03T22:33:47.380+00:00,BACKWARD_200,-200,"WHEEL,FR,-38.20,-50.14,-38,982"
2026-09-03T22:33:47.410+00:00,BACKWARD_200,-200,"WHEEL,BL,-38.20,-35.09,-42,2883"
2026-09-03T22:33:47.410+00:00,BACKWARD_200,-200,"WHEEL,BR,-38.20,-43.75,-36,-178"
2026-09-03T22:33:47.488+00:00,BACKWARD_200,-200,"POSE,449.6,1533.0,3.70,0"
2026-09-03T22:33:47.488+00:00,BACKWARD_200,-200,"SYS,WAIT_START,0,1,8,MANUAL,RED,0"
2026-09-03T22:33:47.488+00:00,BACKWARD_200,-200,"HDG,3.70,3.25,-0.45,1,1"
2026-09-03T22:33:47.488+00:00,BACKWARD_200,-200,"TOF,459.0,0,170,-289.0"
2026-09-03T22:33:47.488+00:00,BACKWARD_200,-200,"TOFI,0,0,0,1"
2026-09-03T22:33:47.488+00:00,BACKWARD_200,-200,"AUTO,2,0,0,0,0,NONE,NONE,0,3"
2026-09-03T22:33:47.488+00:00,BACKWARD_200,-200,"MOTION,1377439,1,-200.00,0.00,0.0000,0.00,0.00"
2026-09-03T22:33:47.598+00:00,BACKWARD_200,-200,"TEL,1377586,-40.40,-52.99,-35.09,-46.85,3.45,-0.402,0.0"
2026-09-03T22:33:47.598+00:00,BACKWARD_200,-200,"WHEEL,FL,-38.20,-40.40,-46,-199"
2026-09-03T22:33:47.598+00:00,BACKWARD_200,-200,"WHEEL,FR,-38.20,-52.99,-36,938"
2026-09-03T22:33:47.598+00:00,BACKWARD_200,-200,"WHEEL,BL,-38.20,-35.09,-42,2843"
2026-09-03T22:33:47.598+00:00,BACKWARD_200,-200,"WHEEL,BR,-38.20,-46.85,-34,-224"
2026-09-03T22:33:47.630+00:00,BACKWARD_200,-200,"POSE,402.9,1532.7,3.45,0"
2026-09-03T22:33:47.709+00:00,BACKWARD_200,-200,"SYS,WAIT_START,0,1,8,MANUAL,RED,0"
2026-09-03T22:33:47.709+00:00,BACKWARD_200,-200,"HDG,3.45,3.25,-0.20,1,1"
2026-09-03T22:33:47.709+00:00,BACKWARD_200,-200,"TOF,459.0,0,170,-289.0"
2026-09-03T22:33:47.709+00:00,BACKWARD_200,-200,"TOFI,0,0,0,1"
2026-09-03T22:33:47.709+00:00,BACKWARD_200,-200,"AUTO,2,0,0,0,0,NONE,NONE,0,3"
2026-09-03T22:33:47.709+00:00,BACKWARD_200,-200,"MOTION,1377639,1,-200.00,0.00,0.0000,0.00,0.00"
2026-09-03T22:33:47.816+00:00,BACKWARD_200,-200,"TEL,1377786,-36.46,-43.35,-29.27,-40.39,3.55,-0.402,0.0"
2026-09-03T22:33:47.816+00:00,BACKWARD_200,-200,"WHEEL,FL,-38.20,-36.46,-49,-240"
2026-09-03T22:33:47.816+00:00,BACKWARD_200,-200,"WHEEL,FR,-38.20,-43.35,-43,900"
2026-09-03T22:33:47.816+00:00,BACKWARD_200,-200,"WHEEL,BL,-38.20,-29.27,-46,2803"
2026-09-03T22:33:47.816+00:00,BACKWARD_200,-200,"WHEEL,BR,-38.20,-40.39,-38,-264"
2026-09-03T22:33:47.848+00:00,BACKWARD_200,-200,"POSE,361.3,1530.8,3.55,0"
2026-09-03T22:33:47.848+00:00,BACKWARD_200,-200,"SYS,WAIT_START,0,1,8,MANUAL,RED,0"
2026-09-03T22:33:47.848+00:00,BACKWARD_200,-200,"HDG,3.55,3.25,-0.30,1,1"
2026-09-03T22:33:47.926+00:00,BACKWARD_200,-200,"TOF,459.0,0,170,-289.0"
2026-09-03T22:33:47.927+00:00,BACKWARD_200,-200,"TOFI,0,0,0,1"
2026-09-03T22:33:47.927+00:00,BACKWARD_200,-200,"AUTO,2,0,0,0,0,NONE,NONE,0,3"
2026-09-03T22:33:47.927+00:00,BACKWARD_200,-200,"MOTION,1377840,1,-200.00,0.00,0.0000,0.00,0.00"
2026-09-03T22:33:47.989+00:00,BACKWARD_200,-200,"TEL,1377986,-43.14,-47.62,-39.33,-44.07,3.24,-0.402,0.0"
2026-09-03T22:33:47.989+00:00,BACKWARD_200,-200,"WHEEL,FL,-38.20,-43.14,-43,-283"
2026-09-03T22:33:47.989+00:00,BACKWARD_200,-200,"WHEEL,FR,-38.20,-47.62,-40,855"
2026-09-03T22:33:48.021+00:00,BACKWARD_200,-200,"WHEEL,BL,-38.20,-39.33,-38,2762"
2026-09-03T22:33:48.021+00:00,BACKWARD_200,-200,"WHEEL,BR,-38.20,-44.07,-36,-306"
2026-09-03T22:33:48.021+00:00,BACKWARD_200,-200,"POSE,316.7,1527.6,3.24,0"
2026-09-03T22:33:48.051+00:00,BACKWARD_200,-200,"SYS,WAIT_START,0,1,8,MANUAL,RED,0"
2026-09-03T22:33:48.051+00:00,BACKWARD_200,-200,"HDG,3.24,3.25,0.01,1,1"
2026-09-03T22:33:48.083+00:00,BACKWARD_200,-200,"TOF,459.0,0,170,-289.0"
2026-09-03T22:33:48.083+00:00,BACKWARD_200,-200,"TOFI,0,0,0,1"
2026-09-03T22:33:48.083+00:00,BACKWARD_200,-200,"AUTO,2,0,0,0,0,NONE,NONE,0,3"
2026-09-03T22:33:48.083+00:00,BACKWARD_200,-200,"MOTION,1378038,1,-200.00,0.00,0.0000,0.00,0.00"
2026-09-03T22:33:48.177+00:00,REST,0,"TEL,1378186,-39.56,-39.22,-47.14,-39.19,3.33,-0.402,0.0"
2026-09-03T22:33:48.178+00:00,REST,0,"WHEEL,FL,-38.20,-39.56,-46,-322"
2026-09-03T22:33:48.209+00:00,REST,0,"WHEEL,FR,-38.20,-39.22,-46,816"
2026-09-03T22:33:48.209+00:00,REST,0,"WHEEL,BL,-38.20,-47.14,-32,2725"
2026-09-03T22:33:48.209+00:00,REST,0,"WHEEL,BR,-38.20,-39.19,-39,-347"
2026-09-03T22:33:48.241+00:00,REST,0,"POSE,275.8,1526.4,3.28,0"
2026-09-03T22:33:48.241+00:00,REST,0,"SYS,WAIT_START,0,1,8,MANUAL,RED,0"
2026-09-03T22:33:48.241+00:00,REST,0,"HDG,3.33,3.25,-0.08,1,1"
2026-09-03T22:33:48.272+00:00,REST,0,"TOF,459.0,0,170,-289.0"
2026-09-03T22:33:48.272+00:00,REST,0,"TOFI,0,0,0,1"
2026-09-03T22:33:48.272+00:00,REST,0,"AUTO,2,0,0,0,0,NONE,NONE,0,3"
2026-09-03T22:33:48.304+00:00,REST,0,"MOTION,1378239,1,-200.00,0.00,0.0000,0.00,0.00"
2026-09-03T22:33:48.367+00:00,REST,0,"TEL,1378386,-14.74,-7.04,-23.89,-22.08,2.97,-0.402,0.0"
2026-09-03T22:33:48.367+00:00,REST,0,"WHEEL,FL,0.00,-14.74,0,-351"
2026-09-03T22:33:48.444+00:00,REST,0,"WHEEL,FR,0.00,-7.04,0,788"
2026-09-03T22:33:48.444+00:00,REST,0,"WHEEL,BL,0.00,-23.89,0,2698"
2026-09-03T22:33:48.444+00:00,REST,0,"WHEEL,BR,0.00,-22.08,0,-380"
2026-09-03T22:33:48.444+00:00,REST,0,"POSE,245.2,1526.5,2.98,0"
2026-09-03T22:33:48.444+00:00,REST,0,"SYS,WAIT_START,0,1,8,MANUAL,RED,0"
2026-09-03T22:33:48.444+00:00,REST,0,"HDG,2.97,3.25,0.28,1,1"
2026-09-03T22:33:48.444+00:00,REST,0,"TOF,459.0,0,170,-289.0"
2026-09-03T22:33:48.445+00:00,REST,0,"TOFI,0,0,0,1"
2026-09-03T22:33:48.475+00:00,REST,0,"AUTO,2,0,0,0,0,NONE,NONE,0,3"
2026-09-03T22:33:48.475+00:00,REST,0,"MOTION,1378436,0,0.00,0.00,0.0000,0.00,0.00"
2026-09-03T22:33:48.585+00:00,REST,0,"TEL,1378586,-8.05,-1.91,-0.58,-1.41,2.42,-0.402,0.0"
2026-09-03T22:33:48.585+00:00,REST,0,"WHEEL,FL,0.00,-8.05,0,-356"
2026-09-03T22:33:48.585+00:00,REST,0,"WHEEL,FR,0.00,-1.91,0,786"
2026-09-03T22:33:48.585+00:00,REST,0,"WHEEL,BL,0.00,-0.58,0,2694"
2026-09-03T22:33:48.663+00:00,REST,0,"WHEEL,BR,0.00,-1.41,0,-389"
2026-09-03T22:33:48.663+00:00,REST,0,"POSE,239.8,1528.4,2.42,0"
2026-09-03T22:33:48.663+00:00,REST,0,"SYS,WAIT_START,0,1,8,MANUAL,RED,0"
2026-09-03T22:33:48.663+00:00,REST,0,"HDG,2.42,3.25,0.83,1,1"
2026-09-03T22:33:48.663+00:00,REST,0,"TOF,459.0,0,170,-289.0"
2026-09-03T22:33:48.663+00:00,REST,0,"TOFI,0,0,0,1"
2026-09-03T22:33:48.663+00:00,REST,0,"AUTO,2,0,0,0,0,NONE,NONE,0,3"
2026-09-03T22:33:48.694+00:00,REST,0,"MOTION,1378634,0,0.00,0.00,0.0000,0.00,0.00"
2026-09-03T22:33:48.774+00:00,REST,0,"TEL,1378787,-0.11,-0.03,-0.01,-0.02,2.42,-0.402,0.0"
2026-09-03T22:33:48.774+00:00,REST,0,"WHEEL,FL,0.00,-0.11,0,-356"
2026-09-03T22:33:48.805+00:00,REST,0,"WHEEL,FR,0.00,-0.03,0,786"
2026-09-03T22:33:48.805+00:00,REST,0,"WHEEL,BL,0.00,-0.01,0,2694"
2026-09-03T22:33:48.805+00:00,REST,0,"WHEEL,BR,0.00,-0.02,0,-389"
2026-09-03T22:33:48.805+00:00,REST,0,"POSE,239.8,1528.4,2.42,0"
2026-09-03T22:33:48.837+00:00,REST,0,"SYS,WAIT_START,0,1,8,MANUAL,RED,0"
2026-09-03T22:33:48.867+00:00,REST,0,"HDG,2.42,3.25,0.83,1,1"
2026-09-03T22:33:48.867+00:00,REST,0,"TOF,459.0,0,170,-289.0"
2026-09-03T22:33:48.867+00:00,REST,0,"TOFI,0,0,0,1"
2026-09-03T22:33:48.867+00:00,REST,0,"AUTO,2,0,0,0,0,NONE,NONE,0,3"
2026-09-03T22:33:48.899+00:00,REST,0,"MOTION,1378835,0,0.00,0.00,0.0000,0.00,0.00"
2026-09-03T22:33:48.959+00:00,FORWARD_300,300,"TEL,1378987,-0.00,-0.00,-0.00,-0.00,2.42,-0.402,0.0"
2026-09-03T22:33:48.959+00:00,FORWARD_300,300,"WHEEL,FL,0.00,-0.00,0,-356"
2026-09-03T22:33:48.990+00:00,FORWARD_300,300,"WHEEL,FR,0.00,-0.00,0,786"
2026-09-03T22:33:48.990+00:00,FORWARD_300,300,"WHEEL,BL,0.00,-0.00,0,2694"
2026-09-03T22:33:49.022+00:00,FORWARD_300,300,"WHEEL,BR,0.00,-0.00,0,-389"
2026-09-03T22:33:49.022+00:00,FORWARD_300,300,"POSE,239.8,1528.4,2.42,0"
2026-09-03T22:33:49.022+00:00,FORWARD_300,300,"SYS,WAIT_START,0,1,8,MANUAL,RED,0"
2026-09-03T22:33:49.052+00:00,FORWARD_300,300,"HDG,2.42,3.25,0.83,1,1"
2026-09-03T22:33:49.052+00:00,FORWARD_300,300,"TOF,459.0,0,170,-289.0"
2026-09-03T22:33:49.052+00:00,FORWARD_300,300,"TOFI,0,0,0,1"
2026-09-03T22:33:49.130+00:00,FORWARD_300,300,"AUTO,2,0,0,0,0,NONE,NONE,0,3"
2026-09-03T22:33:49.130+00:00,FORWARD_300,300,"MOTION,1379036,0,0.00,0.00,0.0000,0.00,0.00"
2026-09-03T22:33:49.162+00:00,FORWARD_300,300,"TEL,1379190,59.03,92.15,36.24,62.53,2.29,-0.402,0.0"
2026-09-03T22:33:49.162+00:00,FORWARD_300,300,"WHEEL,FL,46.81,59.03,42,-334"
2026-09-03T22:33:49.240+00:00,FORWARD_300,300,"WHEEL,FR,67.78,92.15,36,831"
2026-09-03T22:33:49.240+00:00,FORWARD_300,300,"WHEEL,BL,46.81,36.24,51,2710"
2026-09-03T22:33:49.240+00:00,FORWARD_300,300,"WHEEL,BR,67.78,62.53,51,-365"
2026-09-03T22:33:49.240+00:00,FORWARD_300,300,"POSE,267.7,1533.5,2.31,0"
2026-09-03T22:33:49.240+00:00,FORWARD_300,300,"SYS,WAIT_START,0,1,8,MANUAL,RED,0"
2026-09-03T22:33:49.240+00:00,FORWARD_300,300,"HDG,2.29,3.25,0.96,1,1"
2026-09-03T22:33:49.240+00:00,FORWARD_300,300,"TOF,459.0,0,170,-289.0"
2026-09-03T22:33:49.271+00:00,FORWARD_300,300,"TOFI,0,0,0,1"
2026-09-03T22:33:49.271+00:00,FORWARD_300,300,"AUTO,2,0,0,0,0,NONE,NONE,0,3"
2026-09-03T22:33:49.302+00:00,FORWARD_300,300,"MOTION,1379240,1,300.00,0.00,0.1800,0.00,0.00"
2026-09-03T22:33:49.366+00:00,FORWARD_300,300,"TEL,1379391,58.87,70.92,56.89,66.68,2.41,-0.402,0.0"
2026-09-03T22:33:49.366+00:00,FORWARD_300,300,"WHEEL,FL,46.81,58.87,42,-277"
2026-09-03T22:33:49.397+00:00,FORWARD_300,300,"WHEEL,FR,67.78,70.92,52,886"
2026-09-03T22:33:49.397+00:00,FORWARD_300,300,"WHEEL,BL,46.81,56.89,35,2769"
2026-09-03T22:33:49.476+00:00,FORWARD_300,300,"WHEEL,BR,67.78,66.68,48,-302"
2026-09-03T22:33:49.476+00:00,FORWARD_300,300,"POSE,328.9,1534.7,2.37,0"
2026-09-03T22:33:49.476+00:00,FORWARD_300,300,"SYS,WAIT_START,0,1,8,MANUAL,RED,0"
2026-09-03T22:33:49.476+00:00,FORWARD_300,300,"HDG,2.41,3.25,0.84,1,1"
2026-09-03T22:33:49.476+00:00,FORWARD_300,300,"TOF,459.0,0,170,-289.0"
2026-09-03T22:33:49.476+00:00,FORWARD_300,300,"TOFI,0,0,0,1"
2026-09-03T22:33:49.476+00:00,FORWARD_300,300,"AUTO,2,0,0,0,0,NONE,NONE,0,3"
2026-09-03T22:33:49.476+00:00,FORWARD_300,300,"MOTION,1379441,1,300.00,0.00,0.1800,0.00,0.00"
2026-09-03T22:33:49.585+00:00,FORWARD_300,300,"TEL,1379591,83.27,62.18,74.75,62.29,3.90,-0.402,0.0"
2026-09-03T22:33:49.585+00:00,FORWARD_300,300,"WHEEL,FL,67.78,83.27,43,-210"
2026-09-03T22:33:49.585+00:00,FORWARD_300,300,"WHEEL,FR,46.81,62.18,36,963"
2026-09-03T22:33:49.585+00:00,FORWARD_300,300,"WHEEL,BL,67.78,74.75,41,2833"
2026-09-03T22:33:49.616+00:00,FORWARD_300,300,"WHEEL,BR,46.81,62.29,30,-229"
2026-09-03T22:33:49.694+00:00,FORWARD_300,300,"POSE,402.3,1540.0,3.97,0"
2026-09-03T22:33:49.694+00:00,FORWARD_300,300,"SYS,WAIT_START,0,1,8,MANUAL,RED,0"
2026-09-03T22:33:49.694+00:00,FORWARD_300,300,"HDG,3.90,3.25,-0.65,1,1"
2026-09-03T22:33:49.694+00:00,FORWARD_300,300,"TOF,459.0,0,170,-289.0"
2026-09-03T22:33:49.694+00:00,FORWARD_300,300,"TOFI,0,0,0,1"
2026-09-03T22:33:49.694+00:00,FORWARD_300,300,"AUTO,2,0,0,0,0,NONE,NONE,0,3"
2026-09-03T22:33:49.694+00:00,FORWARD_300,300,"MOTION,1379641,1,300.00,0.00,-0.1800,0.00,0.00"
2026-09-03T22:33:49.803+00:00,FORWARD_300,300,"TEL,1379792,56.56,76.89,63.83,61.10,3.69,-0.402,0.0"
2026-09-03T22:33:49.803+00:00,FORWARD_300,300,"WHEEL,FL,57.30,56.56,53,-150"
2026-09-03T22:33:49.803+00:00,FORWARD_300,300,"WHEEL,FR,57.30,76.89,35,1025"
2026-09-03T22:33:49.803+00:00,FORWARD_300,300,"WHEEL,BL,57.30,63.83,39,2896"
2026-09-03T22:33:49.803+00:00,FORWARD_300,300,"WHEEL,BR,57.30,61.10,41,-169"
2026-09-03T22:33:49.834+00:00,FORWARD_300,300,"POSE,466.2,1545.6,3.69,0"
2026-09-03T22:33:49.834+00:00,FORWARD_300,300,"SYS,WAIT_START,0,1,8,MANUAL,RED,0"
2026-09-03T22:33:49.866+00:00,FORWARD_300,300,"HDG,3.69,3.25,-0.44,1,1"
2026-09-03T22:33:49.866+00:00,FORWARD_300,300,"TOF,459.0,0,170,-289.0"
2026-09-03T22:33:49.866+00:00,FORWARD_300,300,"TOFI,0,0,0,1"
2026-09-03T22:33:49.866+00:00,FORWARD_300,300,"AUTO,2,0,0,0,0,NONE,NONE,0,3"
2026-09-03T22:33:49.897+00:00,FORWARD_300,300,"MOTION,1379842,1,300.00,0.00,0.0000,0.00,0.00"
2026-09-03T22:33:49.960+00:00,FORWARD_300,300,"TEL,1379992,61.74,61.50,67.40,68.18,3.54,-0.402,0.0"
2026-09-03T22:33:49.960+00:00,FORWARD_300,300,"WHEEL,FL,57.30,61.74,49,-87"
2026-09-03T22:33:50.038+00:00,FORWARD_300,300,"WHEEL,FR,57.30,61.50,47,1083"
2026-09-03T22:33:50.039+00:00,FORWARD_300,300,"WHEEL,BL,57.30,67.40,36,2954"
2026-09-03T22:33:50.039+00:00,FORWARD_300,300,"WHEEL,BR,57.30,68.18,35,-107"
2026-09-03T22:33:50.039+00:00,FORWARD_300,300,"POSE,529.3,1547.2,3.54,0"
2026-09-03T22:33:50.039+00:00,FORWARD_300,300,"SYS,WAIT_START,0,1,8,MANUAL,RED,0"
2026-09-03T22:33:50.069+00:00,FORWARD_300,300,"HDG,3.54,3.25,-0.29,1,1"
2026-09-03T22:33:50.069+00:00,FORWARD_300,300,"TOF,456.0,1,170,-286.0"
2026-09-03T22:33:50.069+00:00,FORWARD_300,300,"TOFI,0,0,0,1"
2026-09-03T22:33:50.069+00:00,FORWARD_300,300,"AUTO,2,0,0,0,0,NONE,NONE,0,3"
2026-09-03T22:33:50.148+00:00,FORWARD_300,300,"MOTION,1380042,1,300.00,0.00,0.0000,0.00,0.00"
2026-09-03T22:33:50.179+00:00,FORWARD_300,300,"TEL,1380193,55.83,61.26,52.21,59.75,3.36,-0.402,0.0"
2026-09-03T22:33:50.179+00:00,FORWARD_300,300,"WHEEL,FL,57.30,55.83,54,-29"
2026-09-03T22:33:50.179+00:00,FORWARD_300,300,"WHEEL,FR,57.30,61.26,47,1152"
2026-09-03T22:33:50.179+00:00,FORWARD_300,300,"WHEEL,BL,57.30,52.21,48,3011"
2026-09-03T22:33:50.258+00:00,FORWARD_300,300,"WHEEL,BR,57.30,59.75,41,-49"
2026-09-03T22:33:50.259+00:00,FORWARD_300,300,"POSE,592.4,1553.6,3.36,0"
2026-09-03T22:33:50.259+00:00,FORWARD_300,300,"SYS,WAIT_START,0,1,8,MANUAL,RED,0"
2026-09-03T22:33:50.259+00:00,FORWARD_300,300,"HDG,3.36,3.25,-0.11,1,1"
2026-09-03T22:33:50.259+00:00,FORWARD_300,300,"TOF,456.0,1,170,-286.0"
2026-09-03T22:33:50.290+00:00,FORWARD_300,300,"TOFI,0,0,0,1"
2026-09-03T22:33:50.290+00:00,FORWARD_300,300,"AUTO,2,0,0,0,0,NONE,NONE,0,3"
2026-09-03T22:33:50.290+00:00,FORWARD_300,300,"MOTION,1380243,1,300.00,0.00,0.0000,0.00,0.00"
2026-09-03T22:33:50.383+00:00,FORWARD_300,300,"TEL,1380393,58.19,69.28,54.27,71.08,2.87,-0.402,0.0"
2026-09-03T22:33:50.383+00:00,FORWARD_300,300,"WHEEL,FL,57.30,58.19,52,36"
2026-09-03T22:33:50.383+00:00,FORWARD_300,300,"WHEEL,FR,57.30,69.28,40,1219"
2026-09-03T22:33:50.383+00:00,FORWARD_300,300,"WHEEL,BL,57.30,54.27,46,3073"
2026-09-03T22:33:50.414+00:00,FORWARD_300,300,"WHEEL,BR,57.30,71.08,32,15"
2026-09-03T22:33:50.414+00:00,FORWARD_300,300,"POSE,659.9,1557.0,2.87,0"
2026-09-03T22:33:50.492+00:00,FORWARD_300,300,"SYS,WAIT_START,0,1,8,MANUAL,RED,0"
2026-09-03T22:33:50.492+00:00,FORWARD_300,300,"HDG,2.87,3.25,0.38,1,1"
2026-09-03T22:33:50.492+00:00,FORWARD_300,300,"TOF,456.0,1,170,-286.0"
2026-09-03T22:33:50.492+00:00,FORWARD_300,300,"TOFI,0,0,0,1"
2026-09-03T22:33:50.492+00:00,FORWARD_300,300,"AUTO,2,0,0,0,0,NONE,NONE,0,3"
2026-09-03T22:33:50.492+00:00,FORWARD_300,300,"MOTION,1380442,1,300.00,0.00,0.0000,0.00,0.00"
2026-09-03T22:33:50.600+00:00,FORWARD_300,300,"TEL,1380593,46.74,66.87,53.33,70.74,2.76,-0.402,0.0"
2026-09-03T22:33:50.600+00:00,FORWARD_300,300,"WHEEL,FL,57.30,46.74,60,101"
2026-09-03T22:33:50.600+00:00,FORWARD_300,300,"WHEEL,FR,57.30,66.87,42,1287"
2026-09-03T22:33:50.600+00:00,FORWARD_300,300,"WHEEL,BL,57.30,53.33,47,3138"
2026-09-03T22:33:50.600+00:00,FORWARD_300,300,"WHEEL,BR,57.30,70.74,32,79"
2026-09-03T22:33:50.600+00:00,FORWARD_300,300,"POSE,728.3,1561.3,2.76,0"
2026-09-03T22:33:50.632+00:00,FORWARD_300,300,"SYS,WAIT_START,0,1,8,MANUAL,RED,0"
2026-09-03T22:33:50.663+00:00,FORWARD_300,300,"HDG,2.76,3.25,0.49,1,1"
2026-09-03T22:33:50.663+00:00,FORWARD_300,300,"TOF,456.0,1,170,-286.0"
2026-09-03T22:33:50.663+00:00,FORWARD_300,300,"TOFI,0,0,0,1"
2026-09-03T22:33:50.663+00:00,FORWARD_300,300,"AUTO,2,0,0,0,0,NONE,NONE,0,3"
2026-09-03T22:33:50.694+00:00,FORWARD_300,300,"MOTION,1380643,1,300.00,0.00,0.0000,0.00,0.00"
2026-09-03T22:33:50.786+00:00,FORWARD_300,300,"TEL,1380793,49.16,73.46,59.81,66.44,3.12,-0.402,0.0"
2026-09-03T22:33:50.786+00:00,FORWARD_300,300,"WHEEL,FL,57.30,49.16,58,165"
2026-09-03T22:33:50.786+00:00,FORWARD_300,300,"WHEEL,FR,57.30,73.46,36,1355"
2026-09-03T22:33:50.786+00:00,FORWARD_300,300,"WHEEL,BL,57.30,59.81,41,3202"
2026-09-03T22:33:50.818+00:00,FORWARD_300,300,"WHEEL,BR,57.30,66.44,35,144"
2026-09-03T22:33:50.849+00:00,FORWARD_300,300,"POSE,796.5,1565.8,3.12,0"
2026-09-03T22:33:50.850+00:00,FORWARD_300,300,"SYS,WAIT_START,0,1,8,MANUAL,RED,0"
2026-09-03T22:33:50.850+00:00,FORWARD_300,300,"HDG,3.12,3.25,0.13,1,1"
2026-09-03T22:33:50.850+00:00,FORWARD_300,300,"TOF,456.0,1,170,-286.0"
2026-09-03T22:33:50.850+00:00,FORWARD_300,300,"TOFI,0,0,0,1"
2026-09-03T22:33:50.881+00:00,FORWARD_300,300,"AUTO,2,0,0,0,0,NONE,NONE,0,3"
2026-09-03T22:33:50.881+00:00,FORWARD_300,300,"MOTION,1380843,1,300.00,0.00,0.0000,0.00,0.00"
2026-09-03T22:33:50.988+00:00,REST,0,.0
2026-09-03T22:33:50.988+00:00,REST,0,"WHEEL,FL,57.30,59.55,50,228"
2026-09-03T22:33:50.989+00:00,REST,0,"WHEEL,FR,57.30,75.69,34,1423"
2026-09-03T22:33:50.989+00:00,REST,0,"WHEEL,BL,57.30,59.30,41,3263"
2026-09-03T22:33:51.020+00:00,REST,0,"WHEEL,BR,57.30,63.74,37,207"
2026-09-03T22:33:51.020+00:00,REST,0,"POSE,863.2,1570.1,3.15,0"
2026-09-03T22:33:51.020+00:00,REST,0,"SYS,WAIT_START,0,1,8,MANUAL,RED,0"
2026-09-03T22:33:51.052+00:00,REST,0,"HDG,3.15,3.25,0.10,1,1"
2026-09-03T22:33:51.052+00:00,REST,0,"TOF,456.0,1,170,-286.0"
2026-09-03T22:33:51.052+00:00,REST,0,"TOFI,0,0,0,1"
2026-09-03T22:33:51.084+00:00,REST,0,"AUTO,2,0,0,0,0,NONE,NONE,0,3"
2026-09-03T22:33:51.084+00:00,REST,0,"MOTION,1381043,1,300.00,0.00,0.0000,0.00,0.00"
2026-09-03T22:33:51.162+00:00,REST,0,"TEL,1381193,26.27,62.82,23.06,49.30,3.37,-0.402,0.0"
2026-09-03T22:33:51.162+00:00,REST,0,"WHEEL,FL,0.00,26.27,0,280"
2026-09-03T22:33:51.192+00:00,REST,0,"WHEEL,FR,0.00,62.82,0,1485"
2026-09-03T22:33:51.192+00:00,REST,0,"WHEEL,BL,0.00,23.06,0,3313"
2026-09-03T22:33:51.271+00:00,REST,0,"WHEEL,BR,0.00,49.30,0,263"
2026-09-03T22:33:51.271+00:00,REST,0,"POSE,920.6,1574.2,3.37,0"
2026-09-03T22:33:51.271+00:00,REST,0,"SYS,WAIT_START,0,1,8,MANUAL,RED,0"
2026-09-03T22:33:51.271+00:00,REST,0,"HDG,3.37,3.25,-0.13,1,1"
2026-09-03T22:33:51.271+00:00,REST,0,"TOF,456.0,1,170,-286.0"
2026-09-03T22:33:51.271+00:00,REST,0,"TOFI,0,0,0,1"
2026-09-03T22:33:51.271+00:00,REST,0,"AUTO,2,0,0,0,0,NONE,NONE,0,3"
2026-09-03T22:33:51.302+00:00,REST,0,"MOTION,1381241,0,0.00,0.00,0.0000,0.00,0.00"
2026-09-03T22:33:51.366+00:00,REST,0,"TEL,1381393,9.78,8.19,6.28,5.63,3.53,-0.402,0.0"
2026-09-03T22:33:51.366+00:00,REST,0,"WHEEL,FL,0.00,9.78,0,299"
2026-09-03T22:33:51.397+00:00,REST,0,"WHEEL,FR,0.00,8.19,0,1505"
2026-09-03T22:33:51.397+00:00,REST,0,"WHEEL,BL,0.00,6.28,0,3321"
2026-09-03T22:33:51.429+00:00,REST,0,"WHEEL,BR,0.00,5.63,0,282"
2026-09-03T22:33:51.429+00:00,REST,0,"POSE,938.0,1572.6,3.53,0"
2026-09-03T22:33:51.429+00:00,REST,0,"SYS,WAIT_START,0,1,8,MANUAL,RED,0"
2026-09-03T22:33:51.429+00:00,REST,0,"HDG,3.53,3.25,-0.28,1,1"
2026-09-03T22:33:51.460+00:00,REST,0,"TOF,456.0,1,170,-286.0"
2026-09-03T22:33:51.460+00:00,REST,0,"TOFI,0,0,0,1"
2026-09-03T22:33:51.491+00:00,REST,0,"AUTO,2,0,0,0,0,NONE,NONE,0,3"
2026-09-03T22:33:51.491+00:00,REST,0,"MOTION,1381440,0,0.00,0.00,0.0000,0.00,0.00"
2026-09-03T22:33:51.553+00:00,REST,0,"TEL,1381595,0.13,0.11,0.08,0.09,3.50,-0.402,0.0"
2026-09-03T22:33:51.632+00:00,REST,0,"WHEEL,FL,0.00,0.13,0,299"
2026-09-03T22:33:51.632+00:00,REST,0,"WHEEL,FR,0.00,0.11,0,1505"
2026-09-03T22:33:51.632+00:00,REST,0,"WHEEL,BL,0.00,0.08,0,3321"
2026-09-03T22:33:51.632+00:00,REST,0,"WHEEL,BR,0.00,0.09,0,283"
2026-09-03T22:33:51.632+00:00,REST,0,"POSE,938.3,1572.3,3.49,0"
2026-09-03T22:33:51.632+00:00,REST,0,"SYS,WAIT_START,0,1,8,MANUAL,RED,0"
2026-09-03T22:33:51.632+00:00,REST,0,"HDG,3.50,3.25,-0.25,1,1"
2026-09-03T22:33:51.662+00:00,REST,0,"TOF,453.0,1,170,-283.0"
2026-09-03T22:33:51.662+00:00,REST,0,"TOFI,0,0,0,1"
2026-09-03T22:33:51.663+00:00,REST,0,"AUTO,2,0,0,0,0,NONE,NONE,0,3"
2026-09-03T22:33:51.740+00:00,REST,0,"MOTION,1381643,0,0.00,0.00,0.0000,0.00,0.00"
2026-09-03T22:33:51.771+00:00,REST,0,"TEL,1381795,0.00,0.00,0.00,0.00,3.51,-0.402,0.0"
2026-09-03T22:33:51.771+00:00,REST,0,"WHEEL,FL,0.00,0.00,0,299"
2026-09-03T22:33:51.849+00:00,BACKWARD_300,-300,05
2026-09-03T22:33:51.849+00:00,BACKWARD_300,-300,"WHEEL,BL,0.00,0.00,0,3321"
2026-09-03T22:33:51.849+00:00,BACKWARD_300,-300,"WHEEL,BR,0.00,0.00,0,283"
2026-09-03T22:33:51.849+00:00,BACKWARD_300,-300,"POSE,938.3,1572.3,3.51,0"
2026-09-03T22:33:51.849+00:00,BACKWARD_300,-300,"SYS,WAIT_START,0,1,8,MANUAL,RED,0"
2026-09-03T22:33:51.849+00:00,BACKWARD_300,-300,"HDG,3.51,3.25,-0.26,1,1"
2026-09-03T22:33:51.849+00:00,BACKWARD_300,-300,"TOF,396.0,1,170,-226.0"
2026-09-03T22:33:51.849+00:00,BACKWARD_300,-300,"TOFI,0,0,0,1"
2026-09-03T22:33:51.881+00:00,BACKWARD_300,-300,"AUTO,2,0,0,0,0,NONE,NONE,0,3"
2026-09-03T22:33:51.881+00:00,BACKWARD_300,-300,"MOTION,1381842,0,0.00,0.00,0.0000,0.00,0.00"
2026-09-03T22:33:51.989+00:00,BACKWARD_300,-300,"TEL,1381995,-41.92,-45.98,-62.41,-40.44,3.60,-0.402,0.0"
2026-09-03T22:33:51.989+00:00,BACKWARD_300,-300,"WHEEL,FL,-57.30,-41.92,-66,290"
2026-09-03T22:33:51.989+00:00,BACKWARD_300,-300,"WHEEL,FR,-57.30,-45.98,-62,1495"
2026-09-03T22:33:52.020+00:00,BACKWARD_300,-300,"WHEEL,BL,-57.30,-62.41,-41,3309"
2026-09-03T22:33:52.020+00:00,BACKWARD_300,-300,"WHEEL,BR,-57.30,-40.44,-58,274"
2026-09-03T22:33:52.051+00:00,BACKWARD_300,-300,"POSE,927.9,1570.6,3.54,0"
2026-09-03T22:33:52.051+00:00,BACKWARD_300,-300,"SYS,WAIT_START,0,1,8,MANUAL,RED,0"
2026-09-03T22:33:52.051+00:00,BACKWARD_300,-300,"HDG,3.60,3.25,-0.35,1,1"
2026-09-03T22:33:52.083+00:00,BACKWARD_300,-300,"TOF,273.0,1,170,-103.0"
2026-09-03T22:33:52.083+00:00,BACKWARD_300,-300,"TOFI,0,0,0,1"
2026-09-03T22:33:52.083+00:00,BACKWARD_300,-300,"AUTO,2,0,0,0,0,NONE,NONE,0,3"
2026-09-03T22:33:52.083+00:00,BACKWARD_300,-300,"MOTION,1382048,1,-300.00,0.00,0.0000,0.00,0.00"
2026-09-03T22:33:52.190+00:00,BACKWARD_300,-300,"TEL,1382195,-79.62,-69.58,-68.29,-63.44,3.10,-0.402,0.0"
2026-09-03T22:33:52.190+00:00,BACKWARD_300,-300,"WHEEL,FL,-57.30,-79.62,-37,228"
2026-09-03T22:33:52.190+00:00,BACKWARD_300,-300,"WHEEL,FR,-57.30,-69.58,-43,1436"
2026-09-03T22:33:52.221+00:00,BACKWARD_300,-300,"WHEEL,BL,-57.30,-68.29,-36,3237"
2026-09-03T22:33:52.221+00:00,BACKWARD_300,-300,"WHEEL,BR,-57.30,-63.44,-39,206"
2026-09-03T22:33:52.221+00:00,BACKWARD_300,-300,"POSE,859.7,1567.3,3.01,0"
2026-09-03T22:33:52.299+00:00,BACKWARD_300,-300,"SYS,WAIT_START,0,1,8,MANUAL,RED,0"
2026-09-03T22:33:52.299+00:00,BACKWARD_300,-300,"HDG,3.10,3.25,0.15,1,1"
2026-09-03T22:33:52.299+00:00,BACKWARD_300,-300,"TOF,273.0,1,170,-103.0"
2026-09-03T22:33:52.299+00:00,BACKWARD_300,-300,"TOFI,0,0,0,1"
2026-09-03T22:33:52.299+00:00,BACKWARD_300,-300,"AUTO,2,0,0,0,0,NONE,NONE,0,3"
2026-09-03T22:33:52.299+00:00,BACKWARD_300,-300,"MOTION,1382247,1,-300.00,0.00,0.0000,0.00,0.00"
2026-09-03T22:33:52.410+00:00,BACKWARD_300,-300,"TEL,1382396,-71.29,-69.36,-50.18,-63.26,3.08,-0.402,0.0"
2026-09-03T22:33:52.410+00:00,BACKWARD_300,-300,"WHEEL,FL,-57.30,-71.29,-43,163"
2026-09-03T22:33:52.410+00:00,BACKWARD_300,-300,"WHEEL,FR,-57.30,-69.36,-43,1369"
2026-09-03T22:33:52.410+00:00,BACKWARD_300,-300,"WHEEL,BL,-57.30,-50.18,-50,3178"
2026-09-03T22:33:52.410+00:00,BACKWARD_300,-300,"WHEEL,BR,-57.30,-63.26,-39,142"
2026-09-03T22:33:52.442+00:00,BACKWARD_300,-300,"POSE,793.0,1564.4,3.09,0"
2026-09-03T22:33:52.442+00:00,BACKWARD_300,-300,"SYS,WAIT_START,0,1,8,MANUAL,RED,0"
2026-09-03T22:33:52.442+00:00,BACKWARD_300,-300,"HDG,3.08,3.25,0.17,1,1"
2026-09-03T22:33:52.520+00:00,BACKWARD_300,-300,"TOF,273.0,1,170,-103.0"
2026-09-03T22:33:52.520+00:00,BACKWARD_300,-300,"TOFI,0,0,0,1"
2026-09-03T22:33:52.520+00:00,BACKWARD_300,-300,"AUTO,2,0,0,0,0,NONE,NONE,0,3"
2026-09-03T22:33:52.520+00:00,BACKWARD_300,-300,"MOTION,1382449,1,-300.00,0.00,0.0000,0.00,0.00"
2026-09-03T22:33:52.583+00:00,BACKWARD_300,-300,"TEL,1382596,-73.07,-67.71,-57.66,-66.06,3.73,-0.402,0.0"
2026-09-03T22:33:52.583+00:00,BACKWARD_300,-300,"WHEEL,FL,-57.30,-73.07,-41,96"
2026-09-03T22:33:52.583+00:00,BACKWARD_300,-300,"WHEEL,FR,-57.30,-67.71,-44,1308"
2026-09-03T22:33:52.614+00:00,BACKWARD_300,-300,"WHEEL,BL,-57.30,-57.66,-44,3112"
2026-09-03T22:33:52.614+00:00,BACKWARD_300,-300,"WHEEL,BR,-57.30,-66.06,-37,82"
2026-09-03T22:33:52.645+00:00,BACKWARD_300,-300,"POSE,726.6,1560.3,3.73,0"
2026-09-03T22:33:52.645+00:00,BACKWARD_300,-300,"SYS,WAIT_START,0,1,8,MANUAL,RED,0"
2026-09-03T22:33:52.645+00:00,BACKWARD_300,-300,"HDG,3.73,3.25,-0.48,1,1"
2026-09-03T22:33:52.677+00:00,BACKWARD_300,-300,"TOF,273.0,1,170,-103.0"
2026-09-03T22:33:52.677+00:00,BACKWARD_300,-300,"TOFI,0,0,0,1"
2026-09-03T22:33:52.677+00:00,BACKWARD_300,-300,"AUTO,2,0,0,0,0,NONE,NONE,0,3"
2026-09-03T22:33:52.755+00:00,BACKWARD_300,-300,"MOTION,1382649,1,-300.00,0.00,0.0000,0.00,0.00"
2026-09-03T22:33:52.786+00:00,BACKWARD_300,-300,"TEL,1382797,-53.84,-55.30,-59.26,-47.82,3.34,-0.402,0.0"
2026-09-03T22:33:52.786+00:00,BACKWARD_300,-300,"WHEEL,FL,-57.30,-53.84,-56,46"
2026-09-03T22:33:52.786+00:00,BACKWARD_300,-300,"WHEEL,FR,-57.30,-55.30,-53,1252"
2026-09-03T22:33:52.865+00:00,BACKWARD_300,-300,"WHEEL,BL,-57.30,-59.26,-43,3060"
2026-09-03T22:33:52.865+00:00,BACKWARD_300,-300,"WHEEL,BR,-57.30,-47.82,-51,29"
2026-09-03T22:33:52.865+00:00,BACKWARD_300,-300,"POSE,671.5,1555.8,3.29,0"
2026-09-03T22:33:52.865+00:00,BACKWARD_300,-300,"SYS,WAIT_START,0,1,8,MANUAL,RED,0"
2026-09-03T22:33:52.865+00:00,BACKWARD_300,-300,"HDG,3.34,3.25,-0.09,1,1"
2026-09-03T22:33:52.865+00:00,BACKWARD_300,-300,"TOF,273.0,1,170,-103.0"
2026-09-03T22:33:52.865+00:00,BACKWARD_300,-300,"TOFI,0,0,0,1"
2026-09-03T22:33:52.865+00:00,BACKWARD_300,-300,"AUTO,2,0,0,0,0,NONE,NONE,0,3"
2026-09-03T22:33:52.897+00:00,BACKWARD_300,-300,"MOTION,1382849,1,-300.00,0.00,0.0000,0.00,0.00"
2026-09-03T22:33:52.990+00:00,BACKWARD_300,-300,"TEL,1382997,-65.63,-57.11,-67.45,-60.26,3.45,-0.402,0.0"
2026-09-03T22:33:52.990+00:00,BACKWARD_300,-300,"WHEEL,FL,-57.30,-65.63,-46,-23"
2026-09-03T22:33:52.990+00:00,BACKWARD_300,-300,"WHEEL,FR,-57.30,-57.11,-51,1185"
2026-09-03T22:33:53.022+00:00,BACKWARD_300,-300,"WHEEL,BL,-57.30,-67.45,-36,3002"
2026-09-03T22:33:53.022+00:00,BACKWARD_300,-300,"WHEEL,BR,-57.30,-60.26,-41,-37"
2026-09-03T22:33:53.022+00:00,BACKWARD_300,-300,"POSE,603.4,1554.4,3.38,0"
2026-09-03T22:33:53.053+00:00,BACKWARD_300,-300,"SYS,WAIT_START,0,1,8,MANUAL,RED,0"
2026-09-03T22:33:53.054+00:00,BACKWARD_300,-300,"HDG,3.45,3.25,-0.20,1,1"
2026-09-03T22:33:53.086+00:00,BACKWARD_300,-300,"TOF,273.0,1,170,-103.0"
2026-09-03T22:33:53.086+00:00,BACKWARD_300,-300,"TOFI,0,0,0,1"
2026-09-03T22:33:53.086+00:00,BACKWARD_300,-300,"AUTO,2,0,0,0,0,NONE,NONE,0,3"
2026-09-03T22:33:53.086+00:00,BACKWARD_300,-300,"MOTION,1383049,1,-300.00,0.00,0.0000,0.00,0.00"
2026-09-03T22:33:53.226+00:00,BACKWARD_300,-300,"TEL,1383197,-61.67,-64.05,-62.85,-59.36,3.35,-0.402,0.0"
2026-09-03T22:33:53.226+00:00,BACKWARD_300,-300,"WHEEL,FL,-57.30,-61.67,-49,-85"
2026-09-03T22:33:53.226+00:00,BACKWARD_300,-300,"WHEEL,FR,-57.30,-64.05,-46,1116"
2026-09-03T22:33:53.226+00:00,BACKWARD_300,-300,"WHEEL,BL,-57.30,-62.85,-40,2943"
2026-09-03T22:33:53.226+00:00,BACKWARD_300,-300,"WHEEL,BR,-57.30,-59.36,-42,-101"
2026-09-03T22:33:53.226+00:00,BACKWARD_300,-300,"POSE,537.1,1549.8,3.28,0"
2026-09-03T22:33:53.258+00:00,BACKWARD_300,-300,"SYS,WAIT_START,0,1,8,MANUAL,RED,0"
2026-09-03T22:33:53.258+00:00,BACKWARD_300,-300,"HDG,3.35,3.25,-0.10,1,1"
2026-09-03T22:33:53.336+00:00,BACKWARD_300,-300,"TOF,273.0,1,170,-103.0"
2026-09-03T22:33:53.336+00:00,BACKWARD_300,-300,"TOFI,0,0,0,1"
2026-09-03T22:33:53.336+00:00,BACKWARD_300,-300,"AUTO,2,0,0,0,0,NONE,NONE,0,3"
2026-09-03T22:33:53.336+00:00,BACKWARD_300,-300,"MOTION,1383250,1,-300.00,0.00,0.0000,0.00,0.00"
2026-09-03T22:33:53.367+00:00,BACKWARD_300,-300,"TEL,1383398,-58.14,-69.62,-57.56,-72.15,3.47,-0.402,0.0"
2026-09-03T22:33:53.367+00:00,BACKWARD_300,-300,"WHEEL,FL,-57.30,-58.14,-51,-151"
2026-09-03T22:33:53.398+00:00,BACKWARD_300,-300,"WHEEL,FR,-57.30,-69.62,-41,1051"
2026-09-03T22:33:53.429+00:00,BACKWARD_300,-300,"WHEEL,BL,-57.30,-57.56,-43,2881"
2026-09-03T22:33:53.429+00:00,BACKWARD_300,-300,"WHEEL,BR,-57.30,-72.15,-31,-167"
2026-09-03T22:33:53.429+00:00,BACKWARD_300,-300,"POSE,469.4,1546.8,3.58,0"
2026-09-03T22:33:53.459+00:00,BACKWARD_300,-300,"SYS,WAIT_START,0,1,8,MANUAL,RED,0"
2026-09-03T22:33:53.459+00:00,BACKWARD_300,-300,"HDG,3.47,3.25,-0.22,1,1"
2026-09-03T22:33:53.490+00:00,BACKWARD_300,-300,"TOF,273.0,1,170,-103.0"
2026-09-03T22:33:53.490+00:00,BACKWARD_300,-300,"TOFI,0,0,0,1"
2026-09-03T22:33:53.490+00:00,BACKWARD_300,-300,"AUTO,2,0,0,0,0,NONE,NONE,0,3"
2026-09-03T22:33:53.490+00:00,BACKWARD_300,-300,"MOTION,1383451,1,-300.00,0.00,0.0000,0.00,0.00"
2026-09-03T22:33:53.584+00:00,BACKWARD_300,-300,"TEL,1383598,-51.63,-74.48,-50.27,-74.22,4.02,-0.402,0.0"
2026-09-03T22:33:53.584+00:00,BACKWARD_300,-300,"WHEEL,FL,-46.81,-51.63,-45,-219"
2026-09-03T22:33:53.584+00:00,BACKWARD_300,-300,"WHEEL,FR,-67.78,-74.48,-48,989"
2026-09-03T22:33:53.616+00:00,BACKWARD_300,-300,"WHEEL,BL,-46.81,-50.27,-39,2819"
2026-09-03T22:33:53.616+00:00,BACKWARD_300,-300,"WHEEL,BR,-67.78,-74.22,-40,-229"
2026-09-03T22:33:53.692+00:00,BACKWARD_300,-300,"POSE,402.9,1543.8,4.02,0"
2026-09-03T22:33:53.693+00:00,BACKWARD_300,-300,"SYS,WAIT_START,0,1,8,MANUAL,RED,0"
2026-09-03T22:33:53.693+00:00,BACKWARD_300,-300,"HDG,4.02,3.25,-0.77,1,1"
2026-09-03T22:33:53.693+00:00,BACKWARD_300,-300,"TOF,76.0,1,170,94.0"
2026-09-03T22:33:53.693+00:00,BACKWARD_300,-300,"TOFI,0,0,0,1"
2026-09-03T22:33:53.693+00:00,BACKWARD_300,-300,"AUTO,2,0,0,0,0,NONE,NONE,0,3"
2026-09-03T22:33:53.693+00:00,BACKWARD_300,-300,"MOTION,1383650,1,-300.00,0.00,-0.1800,0.00,0.00"
2026-09-03T22:33:53.803+00:00,BACKWARD_300,-300,"TEL,1383798,-62.56,-76.22,-48.79,-51.12,3.39,-0.402,0.0"
2026-09-03T22:33:53.803+00:00,BACKWARD_300,-300,"WHEEL,FL,-57.30,-62.56,-47,-272"
2026-09-03T22:33:53.803+00:00,BACKWARD_300,-300,"WHEEL,FR,-57.30,-76.22,-35,924"
2026-09-03T22:33:53.803+00:00,BACKWARD_300,-300,"WHEEL,BL,-57.30,-48.79,-50,2772"
2026-09-03T22:33:53.803+00:00,BACKWARD_300,-300,"WHEEL,BR,-57.30,-51.12,-47,-282"
2026-09-03T22:33:53.834+00:00,REST,0,".0,1539.3,3.39,0"
2026-09-03T22:33:53.865+00:00,REST,0,"SYS,WAIT_START,0,1,8,MANUAL,RED,0"
2026-09-03T22:33:53.865+00:00,REST,0,"HDG,3.39,3.25,-0.14,1,1"
2026-09-03T22:33:53.865+00:00,REST,0,"TOF,75.0,1,170,95.0"
2026-09-03T22:33:53.865+00:00,REST,0,"TOFI,0,0,0,1"
2026-09-03T22:33:53.865+00:00,REST,0,"AUTO,2,0,0,0,0,NONE,NONE,0,3"
2026-09-03T22:33:53.897+00:00,REST,0,"MOTION,1383850,1,-300.00,0.00,0.0000,0.00,0.00"
2026-09-03T22:33:54.006+00:00,REST,0,"TEL,1384014,-57.94,-56.76,-54.24,-43.47,3.69,-0.402,0.0"
2026-09-03T22:33:54.006+00:00,REST,0,"WHEEL,FL,0.00,-57.94,0,-338"
2026-09-03T22:33:54.006+00:00,REST,0,"WHEEL,FR,0.00,-56.76,0,864"
2026-09-03T22:33:54.006+00:00,REST,0,"WHEEL,BL,0.00,-54.24,0,2707"
2026-09-03T22:33:54.036+00:00,REST,0,"WHEEL,BR,0.00,-43.47,0,-343"
2026-09-03T22:33:54.114+00:00,REST,0,"POSE,280.1,1536.0,3.69,0"
2026-09-03T22:33:54.114+00:00,REST,0,"SYS,WAIT_START,0,1,8,MANUAL,RED,0"
2026-09-03T22:33:54.114+00:00,REST,0,"HDG,3.69,3.25,-0.44,1,1"
2026-09-03T22:33:54.114+00:00,REST,0,"TOF,75.0,1,170,95.0"
2026-09-03T22:33:54.114+00:00,REST,0,"TOFI,0,0,0,1"
2026-09-03T22:33:54.114+00:00,REST,0,"AUTO,2,0,0,0,0,NONE,NONE,0,3"
2026-09-03T22:33:54.115+00:00,REST,0,"MOTION,1384064,0,0.00,0.00,0.0000,0.00,0.00"
2026-09-03T22:33:54.208+00:00,REST,0,"TEL,1384223,-1.85,-2.83,-13.52,-5.79,3.49,-0.402,0.0"
2026-09-03T22:33:54.208+00:00,REST,0,"WHEEL,FL,0.00,-1.85,0,-354"
2026-09-03T22:33:54.208+00:00,REST,0,"WHEEL,FR,0.00,-2.83,0,855"
2026-09-03T22:33:54.208+00:00,REST,0,"WHEEL,BL,0.00,-13.52,0,2686"
2026-09-03T22:33:54.238+00:00,REST,0,"WHEEL,BR,0.00,-5.79,0,-365"
2026-09-03T22:33:54.238+00:00,REST,0,"POSE,262.2,1536.9,3.49,0"
2026-09-03T22:33:54.269+00:00,REST,0,"SYS,WAIT_START,0,1,8,MANUAL,RED,0"
2026-09-03T22:33:54.270+00:00,REST,0,"HDG,3.49,3.25,-0.24,1,1"
2026-09-03T22:33:54.270+00:00,REST,0,"TOF,75.0,1,170,95.0"
2026-09-03T22:33:54.270+00:00,REST,0,"TOFI,0,0,0,1"
2026-09-03T22:33:54.348+00:00,REST,0,"AUTO,2,0,0,0,0,NONE,NONE,0,3"
2026-09-03T22:33:54.348+00:00,REST,0,"MOTION,1384272,0,0.00,0.00,0.0000,0.00,0.00"
2026-09-03T22:33:54.458+00:00,REST,0,"TEL,1384423,1.92,-0.02,-0.12,-0.05,3.51,-0.402,0.0"
2026-09-03T22:33:54.458+00:00,REST,0,"WHEEL,FL,0.00,1.92,0,-354"
2026-09-03T22:33:54.458+00:00,REST,0,"WHEEL,FR,0.00,-0.02,0,855"
2026-09-03T22:33:54.458+00:00,REST,0,"WHEEL,BL,0.00,-0.12,0,2686"
2026-09-03T22:33:54.458+00:00,REST,0,"WHEEL,BR,0.00,-0.05,0,-365"
2026-09-03T22:33:54.458+00:00,REST,0,"POSE,262.2,1536.9,3.51,0"
2026-09-03T22:33:54.458+00:00,REST,0,"SYS,WAIT_START,0,1,8,MANUAL,RED,0"
2026-09-03T22:33:54.490+00:00,REST,0,"HDG,3.51,3.25,-0.26,1,1"
2026-09-03T22:33:54.490+00:00,REST,0,"TOF,75.0,1,170,95.0"
2026-09-03T22:33:54.490+00:00,REST,0,"TOFI,0,0,0,1"
2026-09-03T22:33:54.490+00:00,REST,0,"AUTO,2,0,0,0,0,NONE,NONE,0,3"
2026-09-03T22:33:54.568+00:00,REST,0,"MOTION,1384471,0,0.00,0.00,0.0000,0.00,0.00"
2026-09-03T22:33:54.600+00:00,REST,0,"TEL,1384624,0.02,-0.00,-0.00,-0.00,3.49,-0.402,0.0"
2026-09-03T22:33:54.600+00:00,REST,0,"WHEEL,FL,0.00,0.02,0,-354"
2026-09-03T22:33:54.676+00:00,REST,0,"WHEEL,FR,0.00,-0.00,0,855"
2026-09-03T22:33:54.676+00:00,REST,0,"WHEEL,BL,0.00,-0.00,0,2686"
2026-09-03T22:33:54.676+00:00,REST,0,"WHEEL,BR,0.00,-0.00,0,-365"
2026-09-03T22:33:54.676+00:00,REST,0,"POSE,262.2,1536.9,3.49,0"
2026-09-03T22:33:54.676+00:00,REST,0,"SYS,WAIT_START,0,1,8,MANUAL,RED,0"
2026-09-03T22:33:54.676+00:00,REST,0,"HDG,3.49,3.25,-0.24,1,1"
2026-09-03T22:33:54.676+00:00,REST,0,"TOF,75.0,1,170,95.0"
2026-09-03T22:33:54.676+00:00,REST,0,"TOFI,0,0,0,1"
2026-09-03T22:33:54.754+00:00,FORWARD_400,400,"0,0,NONE,NONE,0,3"
2026-09-03T22:33:54.754+00:00,FORWARD_400,400,"MOTION,1384672,0,0.00,0.00,0.0000,0.00,0.00"
2026-09-03T22:33:54.786+00:00,FORWARD_400,400,"TEL,1384825,0.00,-0.00,-0.00,-0.00,3.49,-0.402,0.0"
2026-09-03T22:33:54.786+00:00,FORWARD_400,400,"WHEEL,FL,0.00,0.00,0,-354"
2026-09-03T22:33:54.864+00:00,FORWARD_400,400,"WHEEL,FR,0.00,-0.00,0,855"
2026-09-03T22:33:54.864+00:00,FORWARD_400,400,"WHEEL,BL,0.00,-0.00,0,2686"
2026-09-03T22:33:54.864+00:00,FORWARD_400,400,"WHEEL,BR,0.00,-0.00,0,-365"
2026-09-03T22:33:54.864+00:00,FORWARD_400,400,"POSE,262.2,1536.9,3.49,0"
2026-09-03T22:33:54.865+00:00,FORWARD_400,400,"SYS,WAIT_START,0,1,8,MANUAL,RED,0"
2026-09-03T22:33:54.865+00:00,FORWARD_400,400,"HDG,3.49,3.25,-0.24,1,1"
2026-09-03T22:33:54.865+00:00,FORWARD_400,400,"TOF,75.0,1,170,95.0"
2026-09-03T22:33:54.865+00:00,FORWARD_400,400,"TOFI,0,0,0,1"
2026-09-03T22:33:54.895+00:00,FORWARD_400,400,"AUTO,2,0,0,0,0,NONE,NONE,0,3"
2026-09-03T22:33:54.926+00:00,FORWARD_400,400,"MOTION,1384873,0,0.00,0.00,0.0000,0.00,0.00"
2026-09-03T22:33:54.989+00:00,FORWARD_400,400,"TEL,1385025,80.09,82.25,67.21,75.27,2.30,-0.402,0.0"
2026-09-03T22:33:54.989+00:00,FORWARD_400,400,"WHEEL,FL,54.90,80.09,35,-306"
2026-09-03T22:33:55.021+00:00,FORWARD_400,400,"WHEEL,FR,97.89,82.25,76,912"
2026-09-03T22:33:55.021+00:00,FORWARD_400,400,"WHEEL,BL,54.90,67.21,36,2725"
2026-09-03T22:33:55.052+00:00,FORWARD_400,400,"WHEEL,BR,97.89,75.27,72,-325"
2026-09-03T22:33:55.052+00:00,FORWARD_400,400,"POSE,310.2,1541.6,2.30,0"
2026-09-03T22:33:55.052+00:00,FORWARD_400,400,"SYS,WAIT_START,0,1,8,MANUAL,RED,0"
2026-09-03T22:33:55.082+00:00,FORWARD_400,400,"HDG,2.30,3.25,0.95,1,1"
2026-09-03T22:33:55.082+00:00,FORWARD_400,400,"TOF,75.0,1,170,95.0"
2026-09-03T22:33:55.082+00:00,FORWARD_400,400,"TOFI,0,0,0,1"
2026-09-03T22:33:55.114+00:00,FORWARD_400,400,"AUTO,2,0,0,0,0,NONE,NONE,0,3"
2026-09-03T22:33:55.114+00:00,FORWARD_400,400,"MOTION,1385074,1,400.00,0.00,0.3689,0.00,0.00"
2026-09-03T22:33:55.224+00:00,FORWARD_400,400,"TEL,1385225,104.81,80.93,99.94,83.72,4.40,-0.402,0.0"
2026-09-03T22:33:55.225+00:00,FORWARD_400,400,"WHEEL,FL,86.88,104.81,47,-227"
2026-09-03T22:33:55.225+00:00,FORWARD_400,400,"WHEEL,FR,65.91,80.93,43,1022"
2026-09-03T22:33:55.225+00:00,FORWARD_400,400,"WHEEL,BL,86.88,99.94,42,2799"
2026-09-03T22:33:55.225+00:00,FORWARD_400,400,"WHEEL,BR,65.91,83.72,33,-227"
2026-09-03T22:33:55.256+00:00,FORWARD_400,400,"POSE,404.3,1550.7,4.40,0"
2026-09-03T22:33:55.256+00:00,FORWARD_400,400,"SYS,WAIT_START,0,1,8,MANUAL,RED,0"
2026-09-03T22:33:55.334+00:00,FORWARD_400,400,"HDG,4.40,3.25,-1.15,1,1"
2026-09-03T22:33:55.334+00:00,FORWARD_400,400,"TOF,75.0,0,170,95.0"
2026-09-03T22:33:55.334+00:00,FORWARD_400,400,"TOFI,0,0,0,1"
2026-09-03T22:33:55.334+00:00,FORWARD_400,400,"AUTO,2,0,0,0,0,NONE,NONE,0,3"
2026-09-03T22:33:55.334+00:00,FORWARD_400,400,"MOTION,1385275,1,400.00,0.00,-0.1800,0.00,0.00"
2026-09-03T22:33:55.398+00:00,FORWARD_400,400,"TEL,1385425,89.71,82.93,84.10,63.90,4.50,-0.402,0.0"
2026-09-03T22:33:55.398+00:00,FORWARD_400,400,"WHEEL,FL,86.88,89.71,58,-147"
2026-09-03T22:33:55.428+00:00,FORWARD_400,400,"WHEEL,FR,65.91,82.93,40,1106"
2026-09-03T22:33:55.428+00:00,FORWARD_400,400,"WHEEL,BL,86.88,84.10,54,2883"
2026-09-03T22:33:55.428+00:00,FORWARD_400,400,"WHEEL,BR,65.91,63.90,48,-153"
2026-09-03T22:33:55.459+00:00,FORWARD_400,400,"POSE,488.0,1561.6,4.50,0"
2026-09-03T22:33:55.459+00:00,FORWARD_400,400,"SYS,WAIT_START,0,1,8,MANUAL,RED,0"
2026-09-03T22:33:55.491+00:00,FORWARD_400,400,"HDG,4.50,3.25,-1.25,1,1"
2026-09-03T22:33:55.491+00:00,FORWARD_400,400,"TOF,75.0,0,170,95.0"
2026-09-03T22:33:55.491+00:00,FORWARD_400,400,"TOFI,0,0,0,1"
2026-09-03T22:33:55.491+00:00,FORWARD_400,400,"AUTO,2,0,0,0,0,NONE,NONE,0,3"
2026-09-03T22:33:55.567+00:00,FORWARD_400,400,"MOTION,1385475,1,400.00,0.00,-0.1800,0.00,0.00"
2026-09-03T22:33:55.598+00:00,FORWARD_400,400,"TEL,1385626,83.13,94.63,84.67,83.70,3.47,-0.402,0.0"
2026-09-03T22:33:55.598+00:00,FORWARD_400,400,"WHEEL,FL,76.39,83.13,53,-58"
2026-09-03T22:33:55.629+00:00,FORWARD_400,400,"WHEEL,FR,76.39,94.63,42,1178"
2026-09-03T22:33:55.629+00:00,FORWARD_400,400,"WHEEL,BL,76.39,84.67,43,2972"
2026-09-03T22:33:55.629+00:00,FORWARD_400,400,"WHEEL,BR,76.39,83.70,43,-74"
2026-09-03T22:33:55.661+00:00,FORWARD_400,400,"POSE,574.1,1565.3,3.47,0"
2026-09-03T22:33:55.661+00:00,FORWARD_400,400,"SYS,WAIT_START,0,1,8,MANUAL,RED,0"
2026-09-03T22:33:55.692+00:00,FORWARD_400,400,"HDG,3.47,3.25,-0.22,1,1"
2026-09-03T22:33:55.692+00:00,FORWARD_400,400,"TOF,75.0,0,170,95.0"
2026-09-03T22:33:55.692+00:00,FORWARD_400,400,"TOFI,0,0,0,1"
2026-09-03T22:33:55.692+00:00,FORWARD_400,400,"AUTO,2,0,0,0,0,NONE,NONE,0,3"
2026-09-03T22:33:55.722+00:00,FORWARD_400,400,"MOTION,1385675,1,400.00,0.00,0.0000,0.00,0.00"
2026-09-03T22:33:55.814+00:00,FORWARD_400,400,"TEL,1385829,80.22,79.60,83.81,83.22,3.23,-0.402,0.0"
2026-09-03T22:33:55.814+00:00,FORWARD_400,400,"WHEEL,FL,76.39,80.22,55,25"
2026-09-03T22:33:55.846+00:00,FORWARD_400,400,"WHEEL,FR,76.39,79.60,53,1258"
2026-09-03T22:33:55.846+00:00,FORWARD_400,400,"WHEEL,BL,76.39,83.81,44,3053"
2026-09-03T22:33:55.846+00:00,FORWARD_400,400,"WHEEL,BR,76.39,83.22,43,9"
2026-09-03T22:33:55.846+00:00,FORWARD_400,400,"POSE,659.6,1569.4,3.25,0"
2026-09-03T22:33:55.923+00:00,FORWARD_400,400,"SYS,WAIT_START,0,1,8,MANUAL,RED,0"
2026-09-03T22:33:55.923+00:00,FORWARD_400,400,"HDG,3.23,3.25,0.02,1,1"
2026-09-03T22:33:55.923+00:00,FORWARD_400,400,"TOF,75.0,0,170,95.0"
2026-09-03T22:33:55.923+00:00,FORWARD_400,400,"TOFI,0,0,0,1"
2026-09-03T22:33:55.923+00:00,FORWARD_400,400,"AUTO,2,0,0,0,0,NONE,NONE,0,3"
2026-09-03T22:33:55.923+00:00,FORWARD_400,400,"MOTION,1385878,1,400.00,0.00,0.0000,0.00,0.00"
2026-09-03T22:33:56.017+00:00,FORWARD_400,400,"TEL,1386030,84.32,88.26,86.28,86.79,3.66,-0.402,0.0"
2026-09-03T22:33:56.017+00:00,FORWARD_400,400,"WHEEL,FL,76.39,84.32,51,114"
2026-09-03T22:33:56.049+00:00,FORWARD_400,400,"WHEEL,FR,76.39,88.26,46,1354"
2026-09-03T22:33:56.049+00:00,FORWARD_400,400,"WHEEL,BL,76.39,86.28,41,3144"
2026-09-03T22:33:56.049+00:00,FORWARD_400,400,"WHEEL,BR,76.39,86.79,39,99"
2026-09-03T22:33:56.049+00:00,FORWARD_400,400,"POSE,755.1,1577.2,3.66,0"
2026-09-03T22:33:56.081+00:00,FORWARD_400,400,"SYS,WAIT_START,0,1,8,MANUAL,RED,0"
2026-09-03T22:33:56.159+00:00,FORWARD_400,400,"HDG,3.66,3.25,-0.41,1,1"
2026-09-03T22:33:56.159+00:00,FORWARD_400,400,"TOF,75.0,0,170,95.0"
2026-09-03T22:33:56.159+00:00,FORWARD_400,400,"TOFI,0,0,0,1"
2026-09-03T22:33:56.159+00:00,FORWARD_400,400,"AUTO,2,0,0,0,0,NONE,NONE,0,3"
2026-09-03T22:33:56.159+00:00,FORWARD_400,400,"MOTION,1386080,1,400.00,0.00,0.0000,0.00,0.00"
2026-09-03T22:33:56.269+00:00,FORWARD_400,400,"TEL,1386230,80.87,87.42,82.49,81.01,3.44,-0.402,0.0"
2026-09-03T22:33:56.269+00:00,FORWARD_400,400,"WHEEL,FL,76.39,80.87,54,196"
2026-09-03T22:33:56.269+00:00,FORWARD_400,400,"WHEEL,FR,76.39,87.42,46,1437"
2026-09-03T22:33:56.269+00:00,FORWARD_400,400,"WHEEL,BL,76.39,82.49,44,3226"
2026-09-03T22:33:56.269+00:00,FORWARD_400,400,"WHEEL,BR,76.39,81.01,44,178"
2026-09-03T22:33:56.269+00:00,FORWARD_400,400,"POSE,840.2,1583.6,3.44,0"
2026-09-03T22:33:56.269+00:00,FORWARD_400,400,"SYS,WAIT_START,0,1,8,MANUAL,RED,0"
2026-09-03T22:33:56.301+00:00,FORWARD_400,400,"HDG,3.44,3.25,-0.19,1,1"
2026-09-03T22:33:56.301+00:00,FORWARD_400,400,"TOF,75.0,0,170,95.0"
2026-09-03T22:33:56.301+00:00,FORWARD_400,400,"TOFI,0,0,0,1"
2026-09-03T22:33:56.332+00:00,FORWARD_400,400,"AUTO,2,0,0,0,0,NONE,NONE,0,3"
2026-09-03T22:33:56.332+00:00,FORWARD_400,400,"MOTION,1386279,1,400.00,0.00,0.0000,0.00,0.00"
2026-09-03T22:33:56.427+00:00,FORWARD_400,400,"TEL,1386430,81.78,91.18,86.83,84.37,3.05,-0.402,0.0"
2026-09-03T22:33:56.427+00:00,FORWARD_400,400,"WHEEL,FL,76.39,81.78,53,278"
2026-09-03T22:33:56.427+00:00,FORWARD_400,400,"WHEEL,FR,76.39,91.18,42,1521"
2026-09-03T22:33:56.427+00:00,FORWARD_400,400,"WHEEL,BL,76.39,86.83,40,3308"
2026-09-03T22:33:56.458+00:00,FORWARD_400,400,"WHEEL,BR,76.39,84.37,41,257"
2026-09-03T22:33:56.489+00:00,FORWARD_400,400,"POSE,925.6,1589.6,3.05,0"
2026-09-03T22:33:56.489+00:00,FORWARD_400,400,"SYS,WAIT_START,0,1,8,MANUAL,RED,0"
2026-09-03T22:33:56.489+00:00,FORWARD_400,400,"HDG,3.05,3.25,0.20,1,1"
2026-09-03T22:33:56.489+00:00,FORWARD_400,400,"TOF,75.0,0,170,95.0"
2026-09-03T22:33:56.489+00:00,FORWARD_400,400,"TOFI,0,0,0,1"
2026-09-03T22:33:56.521+00:00,FORWARD_400,400,"AUTO,2,0,0,0,0,NONE,NONE,0,3"
2026-09-03T22:33:56.521+00:00,FORWARD_400,400,"MOTION,1386479,1,400.00,0.00,0.0000,0.00,0.00"
2026-09-03T22:33:56.628+00:00,FORWARD_400,400,"TEL,1386631,80.30,98.31,74.38,90.81,3.39,-0.402,0.0"
2026-09-03T22:33:56.628+00:00,FORWARD_400,400,"WHEEL,FL,76.39,80.30,53,358"
2026-09-03T22:33:56.628+00:00,FORWARD_400,400,"WHEEL,FR,76.39,98.31,36,1608"
2026-09-03T22:33:56.628+00:00,FORWARD_400,400,"WHEEL,BL,76.39,74.38,49,3384"
2026-09-03T22:33:56.659+00:00,FORWARD_400,400,"WHEEL,BR,76.39,90.81,35,341"
2026-09-03T22:33:56.737+00:00,FORWARD_400,400,"POSE,1011.1,1593.7,3.39,0"
2026-09-03T22:33:56.737+00:00,FORWARD_400,400,"SYS,WAIT_START,0,1,8,MANUAL,RED,0"
2026-09-03T22:33:56.737+00:00,FORWARD_400,400,"HDG,3.39,3.25,-0.14,1,1"
2026-09-03T22:33:56.737+00:00,FORWARD_400,400,"TOF,75.0,0,170,95.0"
2026-09-03T22:33:56.737+00:00,FORWARD_400,400,"TOFI,0,0,0,1"
2026-09-03T22:33:56.737+00:00,FORWARD_400,400,"AUTO,2,0,0,0,0,NONE,NONE,0,3"
2026-09-03T22:33:56.737+00:00,FORWARD_400,400,"MOTION,1386680,1,400.00,0.00,0.0000,0.00,0.00"
2026-09-03T22:33:56.814+00:00,REST,0,"TEL,1386831,71.25,84.89,74.82,87.45,3.41,-0.402,0.0"
2026-09-03T22:33:56.814+00:00,REST,0,"WHEEL,FL,76.39,71.25,60,436"
2026-09-03T22:33:56.846+00:00,REST,0,"WHEEL,FR,76.39,84.89,46,1689"
2026-09-03T22:33:56.846+00:00,REST,0,"WHEEL,BL,76.39,74.82,49,3467"
2026-09-03T22:33:56.846+00:00,REST,0,"WHEEL,BR,76.39,87.45,38,419"
2026-09-03T22:33:56.877+00:00,REST,0,"POSE,1094.7,1600.0,3.32,0"
2026-09-03T22:33:56.877+00:00,REST,0,"SYS,WAIT_START,0,1,8,MANUAL,RED,0"
2026-09-03T22:33:56.908+00:00,REST,0,"HDG,3.41,3.25,-0.16,1,1"
2026-09-03T22:33:56.908+00:00,REST,0,"TOF,75.0,1,170,95.0"
2026-09-03T22:33:56.908+00:00,REST,0,"TOFI,0,0,0,1"
2026-09-03T22:33:56.908+00:00,REST,0,"AUTO,2,0,0,0,0,NONE,NONE,0,3"
2026-09-03T22:33:56.939+00:00,REST,0,"MOTION,1386880,1,400.00,0.00,0.0000,0.00,0.00"
2026-09-03T22:33:57.049+00:00,REST,0,"TEL,1387031,36.88,48.54,19.18,31.10,1.82,-0.402,0.0"
2026-09-03T22:33:57.049+00:00,REST,0,"WHEEL,FL,0.00,36.88,0,508"
2026-09-03T22:33:57.049+00:00,REST,0,"WHEEL,FR,0.00,48.54,0,1752"
2026-09-03T22:33:57.049+00:00,REST,0,"WHEEL,BL,0.00,19.18,0,3534"
2026-09-03T22:33:57.049+00:00,REST,0,"WHEEL,BR,0.00,31.10,0,474"
2026-09-03T22:33:57.049+00:00,REST,0,"POSE,1161.9,1603.7,1.82,0"
2026-09-03T22:33:57.080+00:00,REST,0,"SYS,WAIT_START,0,1,8,MANUAL,RED,0"
2026-09-03T22:33:57.111+00:00,REST,0,"HDG,1.82,3.25,1.43,1,1"
2026-09-03T22:33:57.111+00:00,REST,0,"TOF,76.0,1,170,94.0"
2026-09-03T22:33:57.111+00:00,REST,0,"TOFI,0,0,0,1"
2026-09-03T22:33:57.111+00:00,REST,0,"AUTO,2,0,0,0,0,NONE,NONE,0,3"
2026-09-03T22:33:57.142+00:00,REST,0,"MOTION,1387080,0,0.00,0.00,0.0000,0.00,0.00"
2026-09-03T22:33:57.205+00:00,REST,0,"TEL,1387231,0.97,-1.20,0.52,2.02,2.01,-0.402,0.0"
2026-09-03T22:33:57.205+00:00,REST,0,"WHEEL,FL,0.00,0.97,0,516"
2026-09-03T22:33:57.284+00:00,REST,0,"WHEEL,FR,0.00,-1.20,0,1764"
2026-09-03T22:33:57.284+00:00,REST,0,"WHEEL,BL,0.00,0.52,0,3539"
2026-09-03T22:33:57.284+00:00,REST,0,"WHEEL,BR,0.00,2.02,0,484"
2026-09-03T22:33:57.284+00:00,REST,0,"POSE,1171.1,1603.7,2.01,0"
2026-09-03T22:33:57.284+00:00,REST,0,"SYS,WAIT_START,0,1,8,MANUAL,RED,0"
2026-09-03T22:33:57.284+00:00,REST,0,"HDG,2.01,3.25,1.24,1,1"
2026-09-03T22:33:57.284+00:00,REST,0,"TOF,183.0,1,170,-13.0"
2026-09-03T22:33:57.284+00:00,REST,0,"TOFI,0,0,0,1"
2026-09-03T22:33:57.316+00:00,REST,0,"AUTO,2,0,0,0,0,NONE,NONE,0,3"
2026-09-03T22:33:57.394+00:00,REST,0,"MOTION,1387279,0,0.00,0.00,0.0000,0.00,0.00"
2026-09-03T22:33:57.425+00:00,REST,0,"TEL,1387431,-0.00,-0.02,0.01,0.03,2.11,-0.402,0.0"
2026-09-03T22:33:57.425+00:00,REST,0,"WHEEL,FL,0.00,-0.00,0,515"
2026-09-03T22:33:57.425+00:00,REST,0,"WHEEL,FR,0.00,-0.02,0,1764"
2026-09-03T22:33:57.425+00:00,REST,0,"WHEEL,BL,0.00,0.01,0,3539"
2026-09-03T22:33:57.456+00:00,REST,0,"WHEEL,BR,0.00,0.03,0,484"
2026-09-03T22:33:57.456+00:00,REST,0,"POSE,1170.8,1604.0,2.11,0"
2026-09-03T22:33:57.488+00:00,REST,0,"SYS,WAIT_START,0,1,8,MANUAL,RED,0"
2026-09-03T22:33:57.488+00:00,REST,0,"HDG,2.11,3.25,1.14,1,1"
2026-09-03T22:33:57.488+00:00,REST,0,"TOF,193.0,1,170,-23.0"
2026-09-03T22:33:57.488+00:00,REST,0,"TOFI,0,0,0,1"
2026-09-03T22:33:57.520+00:00,REST,0,"AUTO,2,0,0,0,0,NONE,NONE,0,3"
2026-09-03T22:33:57.520+00:00,REST,0,"MOTION,1387478,0,0.00,0.00,0.0000,0.00,0.00"
2026-09-03T22:33:57.631+00:00,BACKWARD_400,-400,"TEL,1387631,-0.00,-0.00,0.00,0.00,2.12,-0.402,0.0"
2026-09-03T22:33:57.631+00:00,BACKWARD_400,-400,"WHEEL,FL,0.00,-0.00,0,515"
2026-09-03T22:33:57.631+00:00,BACKWARD_400,-400,"WHEEL,FR,0.00,-0.00,0,1764"
2026-09-03T22:33:57.631+00:00,BACKWARD_400,-400,"WHEEL,BL,0.00,0.00,0,3539"
2026-09-03T22:33:57.662+00:00,BACKWARD_400,-400,"WHEEL,BR,0.00,0.00,0,484"
2026-09-03T22:33:57.662+00:00,BACKWARD_400,-400,"POSE,1170.8,1604.0,2.12,0"
2026-09-03T22:33:57.740+00:00,BACKWARD_400,-400,"SYS,WAIT_START,0,1,8,MANUAL,RED,0"
2026-09-03T22:33:57.740+00:00,BACKWARD_400,-400,"HDG,2.12,3.25,1.13,1,1"
2026-09-03T22:33:57.740+00:00,BACKWARD_400,-400,"TOF,290.0,1,170,-120.0"
2026-09-03T22:33:57.740+00:00,BACKWARD_400,-400,"TOFI,0,0,0,1"
2026-09-03T22:33:57.740+00:00,BACKWARD_400,-400,"AUTO,2,0,0,0,0,NONE,NONE,0,3"
2026-09-03T22:33:57.740+00:00,BACKWARD_400,-400,"MOTION,1387679,0,0.00,0.00,0.0000,0.00,0.00"
2026-09-03T22:33:57.850+00:00,BACKWARD_400,-400,"TEL,1387831,-75.78,-44.26,-94.58,-62.06,1.67,-0.402,0.0"
2026-09-03T22:33:57.850+00:00,BACKWARD_400,-400,"WHEEL,FL,-89.65,-75.78,-71,478"
2026-09-03T22:33:57.850+00:00,BACKWARD_400,-400,"WHEEL,FR,-63.14,-44.26,-69,1735"
2026-09-03T22:33:57.850+00:00,BACKWARD_400,-400,"WHEEL,BL,-89.65,-94.58,-46,3487"
2026-09-03T22:33:57.850+00:00,BACKWARD_400,-400,"WHEEL,BR,-63.14,-62.06,-47,453"
2026-09-03T22:33:57.881+00:00,BACKWARD_400,-400,"POSE,1131.9,1599.2,1.67,0"
2026-09-03T22:33:57.959+00:00,BACKWARD_400,-400,"SYS,WAIT_START,0,1,8,MANUAL,RED,0"
2026-09-03T22:33:57.959+00:00,BACKWARD_400,-400,"HDG,1.67,3.25,1.58,1,1"
2026-09-03T22:33:57.959+00:00,BACKWARD_400,-400,"TOF,312.0,1,170,-142.0"
2026-09-03T22:33:57.959+00:00,BACKWARD_400,-400,"TOFI,0,0,0,1"
2026-09-03T22:33:57.959+00:00,BACKWARD_400,-400,"AUTO,2,0,0,0,0,NONE,NONE,0,3"
2026-09-03T22:33:57.959+00:00,BACKWARD_400,-400,"MOTION,1387884,1,-400.00,0.00,0.2276,0.00,0.00"
2026-09-03T22:33:58.022+00:00,BACKWARD_400,-400,"TEL,1388031,-92.38,-77.89,-79.55,-65.96,2.43,-0.402,0.0"
2026-09-03T22:33:58.022+00:00,BACKWARD_400,-400,"WHEEL,FL,-86.88,-92.38,-55,379"
2026-09-03T22:33:58.054+00:00,BACKWARD_400,-400,"WHEEL,FR,-65.91,-77.89,-45,1651"
2026-09-03T22:33:58.054+00:00,BACKWARD_400,-400,"WHEEL,BL,-86.88,-79.55,-56,3419"
2026-09-03T22:33:58.054+00:00,BACKWARD_400,-400,"WHEEL,BR,-65.91,-65.96,-46,391"
2026-09-03T22:33:58.086+00:00,BACKWARD_400,-400,"POSE,1050.0,1599.1,2.40,0"
2026-09-03T22:33:58.086+00:00,BACKWARD_400,-400,"SYS,WAIT_START,0,1,8,MANUAL,RED,0"
2026-09-03T22:33:58.086+00:00,BACKWARD_400,-400,"HDG,2.43,3.25,0.82,1,1"
2026-09-03T22:33:58.117+00:00,BACKWARD_400,-400,"TOF,342.0,1,170,-172.0"
2026-09-03T22:33:58.117+00:00,BACKWARD_400,-400,"TOFI,0,0,0,1"
2026-09-03T22:33:58.117+00:00,BACKWARD_400,-400,"AUTO,2,0,0,0,0,NONE,NONE,0,3"
2026-09-03T22:33:58.147+00:00,BACKWARD_400,-400,"MOTION,1388084,1,-400.00,0.00,0.1800,0.00,0.00"
2026-09-03T22:33:58.211+00:00,BACKWARD_400,-400,"TEL,1388231,-76.56,-88.66,-75.28,-84.39,3.55,-0.402,0.0"
2026-09-03T22:33:58.211+00:00,BACKWARD_400,-400,"WHEEL,FL,-76.39,-76.56,-57,287"
2026-09-03T22:33:58.243+00:00,BACKWARD_400,-400,"WHEEL,FR,-76.39,-88.66,-48,1564"
2026-09-03T22:33:58.322+00:00,BACKWARD_400,-400,"WHEEL,BL,-76.39,-75.28,-49,3336"
2026-09-03T22:33:58.322+00:00,BACKWARD_400,-400,"WHEEL,BR,-76.39,-84.39,-42,309"
2026-09-03T22:33:58.322+00:00,BACKWARD_400,-400,"POSE,960.0,1594.1,3.55,0"
2026-09-03T22:33:58.322+00:00,BACKWARD_400,-400,"SYS,WAIT_START,0,1,8,MANUAL,RED,0"
2026-09-03T22:33:58.322+00:00,BACKWARD_400,-400,"HDG,3.55,3.25,-0.30,1,1"
2026-09-03T22:33:58.322+00:00,BACKWARD_400,-400,"TOF,365.0,1,170,-195.0"
2026-09-03T22:33:58.322+00:00,BACKWARD_400,-400,"TOFI,0,0,0,1"
2026-09-03T22:33:58.322+00:00,BACKWARD_400,-400,"AUTO,2,0,0,0,0,NONE,NONE,0,3"
2026-09-03T22:33:58.353+00:00,BACKWARD_400,-400,"MOTION,1388284,1,-400.00,0.00,0.0000,0.00,0.00"
2026-09-03T22:33:58.432+00:00,BACKWARD_400,-400,"TEL,1388431,-74.63,-95.99,-69.27,-96.91,4.11,-0.402,0.0"
2026-09-03T22:33:58.432+00:00,BACKWARD_400,-400,"WHEEL,FL,-65.91,-74.63,-47,198"
2026-09-03T22:33:58.432+00:00,BACKWARD_400,-400,"WHEEL,FR,-86.88,-95.99,-52,1473"
2026-09-03T22:33:58.464+00:00,BACKWARD_400,-400,"WHEEL,BL,-65.91,-69.27,-43,3257"
2026-09-03T22:33:58.464+00:00,BACKWARD_400,-400,"WHEEL,BR,-86.88,-96.91,-42,222"
2026-09-03T22:33:58.496+00:00,BACKWARD_400,-400,"POSE,869.6,1588.7,4.11,0"
2026-09-03T22:33:58.496+00:00,BACKWARD_400,-400,"SYS,WAIT_START,0,1,8,MANUAL,RED,0"
2026-09-03T22:33:58.496+00:00,BACKWARD_400,-400,"HDG,4.11,3.25,-0.86,1,1"
2026-09-03T22:33:58.526+00:00,BACKWARD_400,-400,"TOF,365.0,1,170,-195.0"
2026-09-03T22:33:58.526+00:00,BACKWARD_400,-400,"TOFI,0,0,0,1"
2026-09-03T22:33:58.526+00:00,BACKWARD_400,-400,"AUTO,2,0,0,0,0,NONE,NONE,0,3"
2026-09-03T22:33:58.526+00:00,BACKWARD_400,-400,"MOTION,1388484,1,-400.00,0.00,-0.1800,0.00,0.00"
2026-09-03T22:33:58.666+00:00,BACKWARD_400,-400,"TEL,1388634,-78.96,-78.52,-75.45,-74.37,3.47,-0.402,0.0"
2026-09-03T22:33:58.666+00:00,BACKWARD_400,-400,"WHEEL,FL,-76.39,-78.96,-54,119"
2026-09-03T22:33:58.666+00:00,BACKWARD_400,-400,"WHEEL,FR,-76.39,-78.52,-55,1392"
2026-09-03T22:33:58.666+00:00,BACKWARD_400,-400,"WHEEL,BL,-76.39,-75.45,-48,3184"
2026-09-03T22:33:58.666+00:00,BACKWARD_400,-400,"WHEEL,BR,-76.39,-74.37,-49,143"
2026-09-03T22:33:58.667+00:00,BACKWARD_400,-400,"POSE,788.0,1584.8,3.49,0"
2026-09-03T22:33:58.698+00:00,BACKWARD_400,-400,"SYS,WAIT_START,0,1,8,MANUAL,RED,0"
2026-09-03T22:33:58.698+00:00,BACKWARD_400,-400,"HDG,3.47,3.25,-0.22,1,1"
2026-09-03T22:33:58.730+00:00,BACKWARD_400,-400,"TOF,365.0,1,170,-195.0"
2026-09-03T22:33:58.730+00:00,BACKWARD_400,-400,"TOFI,0,0,0,1"
2026-09-03T22:33:58.730+00:00,BACKWARD_400,-400,"AUTO,2,0,0,0,0,NONE,NONE,0,3"
2026-09-03T22:33:58.730+00:00,BACKWARD_400,-400,"MOTION,1388687,1,-400.00,0.00,0.0000,0.00,0.00"
2026-09-03T22:33:58.823+00:00,BACKWARD_400,-400,"TEL,1388834,-78.36,-84.53,-79.02,-79.89,3.12,-0.402,0.0"
2026-09-03T22:33:58.823+00:00,BACKWARD_400,-400,"WHEEL,FL,-76.39,-78.36,-54,35"
2026-09-03T22:33:58.854+00:00,BACKWARD_400,-400,"WHEEL,FR,-76.39,-84.53,-50,1306"
2026-09-03T22:33:58.854+00:00,BACKWARD_400,-400,"WHEEL,BL,-76.39,-79.02,-45,3104"
2026-09-03T22:33:58.854+00:00,BACKWARD_400,-400,"WHEEL,BR,-76.39,-79.89,-45,58"
2026-09-03T22:33:58.885+00:00,BACKWARD_400,-400,"POSE,700.4,1580.5,3.08,0"
2026-09-03T22:33:58.915+00:00,BACKWARD_400,-400,"SYS,WAIT_START,0,1,8,MANUAL,RED,0"
2026-09-03T22:33:58.915+00:00,BACKWARD_400,-400,"HDG,3.12,3.25,0.13,1,1"
2026-09-03T22:33:58.915+00:00,BACKWARD_400,-400,"TOF,351.0,1,170,-181.0"
2026-09-03T22:33:58.915+00:00,BACKWARD_400,-400,"TOFI,0,0,0,1"
2026-09-03T22:33:58.915+00:00,BACKWARD_400,-400,"AUTO,2,0,0,0,0,NONE,NONE,0,3"
2026-09-03T22:33:58.945+00:00,BACKWARD_400,-400,"MOTION,1388886,1,-400.00,0.00,0.0000,0.00,0.00"
2026-09-03T22:33:59.024+00:00,BACKWARD_400,-400,"TEL,1389035,-88.56,-87.33,-78.24,-83.61,3.56,-0.402,0.0"
2026-09-03T22:33:59.024+00:00,BACKWARD_400,-400,"WHEEL,FL,-76.39,-88.56,-46,-51"
2026-09-03T22:33:59.055+00:00,BACKWARD_400,-400,"WHEEL,FR,-76.39,-87.33,-47,1225"
2026-09-03T22:33:59.055+00:00,BACKWARD_400,-400,"WHEEL,BL,-76.39,-78.24,-46,3025"
2026-09-03T22:33:59.055+00:00,BACKWARD_400,-400,"WHEEL,BR,-76.39,-83.61,-42,-23"
2026-09-03T22:33:59.133+00:00,BACKWARD_400,-400,"POSE,614.9,1577.3,3.56,0"
2026-09-03T22:33:59.133+00:00,BACKWARD_400,-400,"SYS,WAIT_START,0,1,8,MANUAL,RED,0"
2026-09-03T22:33:59.133+00:00,BACKWARD_400,-400,"HDG,3.56,3.25,-0.31,1,1"
2026-09-03T22:33:59.133+00:00,BACKWARD_400,-400,"TOF,339.0,1,170,-169.0"
2026-09-03T22:33:59.133+00:00,BACKWARD_400,-400,"TOFI,0,0,0,1"
2026-09-03T22:33:59.133+00:00,BACKWARD_400,-400,"AUTO,2,0,0,0,0,NONE,NONE,0,3"
2026-09-03T22:33:59.133+00:00,BACKWARD_400,-400,"MOTION,1389088,1,-400.00,0.00,0.0000,0.00,0.00"
2026-09-03T22:33:59.240+00:00,BACKWARD_400,-400,"TEL,1389235,-71.09,-87.88,-73.89,-82.51,3.23,-0.402,0.0"
2026-09-03T22:33:59.240+00:00,BACKWARD_400,-400,"WHEEL,FL,-76.39,-71.09,-59,-126"
2026-09-03T22:33:59.240+00:00,BACKWARD_400,-400,"WHEEL,FR,-76.39,-87.88,-46,1139"
2026-09-03T22:33:59.272+00:00,BACKWARD_400,-400,"WHEEL,BL,-76.39,-73.89,-49,2949"
2026-09-03T22:33:59.272+00:00,BACKWARD_400,-400,"WHEEL,BR,-76.39,-82.51,-43,-103"
2026-09-03T22:33:59.272+00:00,BACKWARD_400,-400,"POSE,532.2,1570.0,3.32,0"
2026-09-03T22:33:59.350+00:00,BACKWARD_400,-400,"SYS,WAIT_START,0,1,8,MANUAL,RED,0"
2026-09-03T22:33:59.350+00:00,BACKWARD_400,-400,"HDG,3.23,3.25,0.02,1,1"
2026-09-03T22:33:59.350+00:00,BACKWARD_400,-400,"TOF,270.0,1,170,-100.0"
2026-09-03T22:33:59.350+00:00,BACKWARD_400,-400,"TOFI,0,0,0,1"
2026-09-03T22:33:59.350+00:00,BACKWARD_400,-400,"AUTO,2,0,0,0,0,NONE,NONE,0,3"
2026-09-03T22:33:59.350+00:00,BACKWARD_400,-400,"MOTION,1389288,1,-400.00,0.00,0.0000,0.00,0.00"
2026-09-03T22:33:59.460+00:00,BACKWARD_400,-400,"TEL,1389435,-77.01,-99.09,-69.38,-98.16,3.47,-0.402,0.0"
2026-09-03T22:33:59.460+00:00,BACKWARD_400,-400,"WHEEL,FL,-76.39,-77.01,-53,-220"
2026-09-03T22:33:59.460+00:00,BACKWARD_400,-400,"WHEEL,FR,-76.39,-99.09,-38,1056"
2026-09-03T22:33:59.460+00:00,BACKWARD_400,-400,"WHEEL,BL,-76.39,-69.38,-52,2870"
2026-09-03T22:33:59.460+00:00,BACKWARD_400,-400,"WHEEL,BR,-76.39,-98.16,-30,-192"
2026-09-03T22:33:59.492+00:00,BACKWARD_400,-400,"POSE,441.7,1569.1,3.47,0"
2026-09-03T22:33:59.492+00:00,BACKWARD_400,-400,"SYS,WAIT_START,0,1,8,MANUAL,RED,0"
2026-09-03T22:33:59.492+00:00,BACKWARD_400,-400,"HDG,3.47,3.25,-0.22,1,1"
2026-09-03T22:33:59.522+00:00,BACKWARD_400,-400,"TOF,246.0,1,170,-76.0"
2026-09-03T22:33:59.522+00:00,BACKWARD_400,-400,"TOFI,0,0,0,1"
2026-09-03T22:33:59.522+00:00,BACKWARD_400,-400,"AUTO,2,0,0,0,0,NONE,NONE,0,3"
2026-09-03T22:33:59.554+00:00,BACKWARD_400,-400,"MOTION,1389488,1,-400.00,0.00,0.0000,0.00,0.00"
2026-09-03T22:33:59.618+00:00,REST,0,"TEL,1389635,-61.93,-95.92,-59.44,-93.23,3.55,-0.402,0.0"
2026-09-03T22:33:59.618+00:00,REST,0,"WHEEL,FL,-78.05,-61.93,-66,-298"
2026-09-03T22:33:59.648+00:00,REST,0,"WHEEL,FR,-74.74,-95.92,-38,974"
2026-09-03T22:33:59.648+00:00,REST,0,"WHEEL,BL,-78.05,-59.44,-61,2796"
2026-09-03T22:33:59.648+00:00,REST,0,"WHEEL,BR,-74.74,-93.23,-33,-268"
2026-09-03T22:33:59.680+00:00,REST,0,"POSE,360.8,1563.3,3.81,0"
2026-09-03T22:33:59.712+00:00,REST,0,"SYS,WAIT_START,0,1,8,MANUAL,RED,0"
2026-09-03T22:33:59.712+00:00,REST,0,"HDG,3.55,3.25,-0.30,1,1"
2026-09-03T22:33:59.712+00:00,REST,0,"TOF,246.0,1,170,-76.0"
2026-09-03T22:33:59.712+00:00,REST,0,"TOFI,0,0,0,1"
2026-09-03T22:33:59.712+00:00,REST,0,"AUTO,2,0,0,0,0,NONE,NONE,0,3"
2026-09-03T22:33:59.743+00:00,REST,0,"MOTION,1389687,1,-400.00,0.00,0.0284,0.00,0.00"
2026-09-03T22:33:59.838+00:00,REST,0,"TEL,1389835,-45.75,-87.91,-33.13,-67.29,4.78,-0.402,0.0"
2026-09-03T22:33:59.838+00:00,REST,0,"WHEEL,FL,0.00,-45.75,0,-382"
2026-09-03T22:33:59.839+00:00,REST,0,"WHEEL,FR,0.00,-87.91,0,891"
2026-09-03T22:33:59.839+00:00,REST,0,"WHEEL,BL,0.00,-33.13,0,2722"
2026-09-03T22:33:59.915+00:00,REST,0,"WHEEL,BR,0.00,-67.29,0,-337"
2026-09-03T22:33:59.915+00:00,REST,0,"POSE,280.0,1555.6,4.94,0"
2026-09-03T22:33:59.915+00:00,REST,0,"SYS,WAIT_START,0,1,8,MANUAL,RED,0"
2026-09-03T22:33:59.915+00:00,REST,0,"HDG,4.78,3.25,-1.53,1,1"
2026-09-03T22:33:59.915+00:00,REST,0,"TOF,246.0,1,170,-76.0"
2026-09-03T22:33:59.915+00:00,REST,0,"TOFI,0,0,0,1"
2026-09-03T22:33:59.915+00:00,REST,0,"AUTO,2,0,0,0,0,NONE,NONE,0,3"
2026-09-03T22:33:59.947+00:00,REST,0,"MOTION,1389885,0,0.00,0.00,0.0000,0.00,0.00"
2026-09-03T22:34:00.026+00:00,REST,0,"TEL,1390035,-7.54,-9.54,-11.06,-3.47,3.57,-0.402,0.0"
2026-09-03T22:34:00.026+00:00,REST,0,"WHEEL,FL,0.00,-7.54,0,-396"
2026-09-03T22:34:00.057+00:00,REST,0,"WHEEL,FR,0.00,-9.54,0,877"
2026-09-03T22:34:00.057+00:00,REST,0,"WHEEL,BL,0.00,-11.06,0,2699"
2026-09-03T22:34:00.058+00:00,REST,0,"WHEEL,BR,0.00,-3.47,0,-362"
2026-09-03T22:34:00.058+00:00,REST,0,"POSE,260.1,1554.8,3.57,0"
2026-09-03T22:34:00.089+00:00,REST,0,"SYS,WAIT_START,0,1,8,MANUAL,RED,0"
2026-09-03T22:34:00.089+00:00,REST,0,"HDG,3.57,3.25,-0.32,1,1"
2026-09-03T22:34:00.089+00:00,REST,0,"TOF,246.0,1,170,-76.0"
2026-09-03T22:34:00.089+00:00,REST,0,"TOFI,0,0,0,1"
2026-09-03T22:34:00.120+00:00,REST,0,"AUTO,2,0,0,0,0,NONE,NONE,0,3"
2026-09-03T22:34:00.151+00:00,REST,0,"MOTION,1390084,0,0.00,0.00,0.0000,0.00,0.00"
2026-09-03T22:34:00.261+00:00,REST,0,"TEL,1390235,-0.10,-0.14,-0.15,0.73,3.66,-0.402,0.0"
2026-09-03T22:34:00.261+00:00,REST,0,"WHEEL,FL,0.00,-0.10,0,-396"
2026-09-03T22:34:00.261+00:00,REST,0,"WHEEL,FR,0.00,-0.14,0,876"
2026-09-03T22:34:00.261+00:00,REST,0,"WHEEL,BL,0.00,-0.15,0,2699"
2026-09-03T22:34:00.261+00:00,REST,0,"WHEEL,BR,0.00,0.73,0,-362"
2026-09-03T22:34:00.261+00:00,REST,0,"POSE,259.9,1554.5,3.66,0"
2026-09-03T22:34:00.292+00:00,REST,0,"SYS,WAIT_START,0,1,8,MANUAL,RED,0"
2026-09-03T22:34:00.292+00:00,REST,0,"HDG,3.66,3.25,-0.41,1,1"
2026-09-03T22:34:00.292+00:00,REST,0,"TOF,246.0,1,170,-76.0"
2026-09-03T22:34:00.292+00:00,REST,0,"TOFI,0,0,0,1"
2026-09-03T22:34:00.371+00:00,REST,0,"AUTO,2,0,0,0,0,NONE,NONE,0,3"
2026-09-03T22:34:00.371+00:00,REST,0,"MOTION,1390283,0,0.00,0.00,0.0000,0.00,0.00"
