pc_time_iso,phase,command_vx_mm_s,telemetry
2026-09-03T22:34:33.761+00:00,FORWARD_100,100,"WHEEL,FL,0.00,0.00,0,-396"
2026-09-03T22:34:33.762+00:00,FORWARD_100,100,"WHEEL,FR,0.00,0.00,0,876"
2026-09-03T22:34:33.762+00:00,FORWARD_100,100,"WHEEL,BL,0.00,0.00,0,2699"
2026-09-03T22:34:33.762+00:00,FORWARD_100,100,"WHEEL,BR,0.00,0.00,0,-362"
2026-09-03T22:34:33.762+00:00,FORWARD_100,100,"POSE,259.9,1554.5,3.68,0"
2026-09-03T22:34:33.762+00:00,FORWARD_100,100,"SYS,WAIT_START,0,0,0,MANUAL,RED,0"
2026-09-03T22:34:33.762+00:00,FORWARD_100,100,"HDG,3.69,3.25,-0.44,1,1"
2026-09-03T22:34:33.762+00:00,FORWARD_100,100,"TOF,429.0,0,170,-259.0"
2026-09-03T22:34:33.762+00:00,FORWARD_100,100,"TOFI,0,0,0,1"
2026-09-03T22:34:33.764+00:00,FORWARD_100,100,"AUTO,2,0,0,0,0,NONE,NONE,0,3"
2026-09-03T22:34:33.764+00:00,FORWARD_100,100,"MOTION,1422683,0,0.00,0.00,0.0000,0.00,0.00"
2026-09-03T22:34:33.764+00:00,FORWARD_100,100,"ACK,RESET"
2026-09-03T22:34:33.764+00:00,FORWARD_100,100,"STATE,WAIT_START"
2026-09-03T22:34:33.764+00:00,FORWARD_100,100,"TEL,1422839,0.00,0.00,0.00,0.00,3.68,-0.402,0.0"
2026-09-03T22:34:33.764+00:00,FORWARD_100,100,"WHEEL,FL,0.00,0.00,0,-396"
2026-09-03T22:34:33.764+00:00,FORWARD_100,100,"WHEEL,FR,0.00,0.00,0,876"
2026-09-03T22:34:33.764+00:00,FORWARD_100,100,"WHEEL,BL,0.00,0.00,0,2699"
2026-09-03T22:34:33.764+00:00,FORWARD_100,100,"WHEEL,BR,0.00,0.00,0,-362"
2026-09-03T22:34:33.764+00:00,FORWARD_100,100,"POSE,259.9,1554.5,3.68,0"
2026-09-03T22:34:33.764+00:00,FORWARD_100,100,"SYS,WAIT_START,0,0,0,MANUAL,RED,0"
2026-09-03T22:34:33.764+00:00,FORWARD_100,100,"HDG,3.68,3.25,-0.43,1,1"
2026-09-03T22:34:33.764+00:00,FORWARD_100,100,"TOF,429.0,0,170,-259.0"
2026-09-03T22:34:33.764+00:00,FORWARD_100,100,"TOFI,0,0,0,1"
2026-09-03T22:34:33.764+00:00,FORWARD_100,100,"AUTO,2,0,0,0,0,NONE,NONE,0,3"
2026-09-03T22:34:33.764+00:00,FORWARD_100,100,"MOTION,1422886,0,0.00,0.00,0.0000,0.00,0.00"
2026-09-03T22:34:33.764+00:00,FORWARD_100,100,"TEL,1423055,0.00,0.00,0.00,0.00,3.68,-0.402,0.0"
2026-09-03T22:34:33.764+00:00,FORWARD_100,100,"WHEEL,FL,0.00,0.00,0,-396"
2026-09-03T22:34:33.764+00:00,FORWARD_100,100,"WHEEL,FR,0.00,0.00,0,876"
2026-09-03T22:34:33.764+00:00,FORWARD_100,100,"WHEEL,BL,0.00,0.00,0,2699"
2026-09-03T22:34:33.764+00:00,FORWARD_100,100,"WHEEL,BR,0.00,0.00,0,-362"
2026-09-03T22:34:33.764+00:00,FORWARD_100,100,"POSE,259.9,1554.5,3.68,0"
2026-09-03T22:34:33.764+00:00,FORWARD_100,100,"SYS,WAIT_START,0,0,0,MANUAL,RED,0"
2026-09-03T22:34:33.764+00:00,FORWARD_100,100,"HDG,3.68,3.25,-0.43,1,1"
2026-09-03T22:34:33.764+00:00,FORWARD_100,100,"TOF,429.0,0,170,-259.0"
2026-09-03T22:34:33.764+00:00,FORWARD_100,100,"TOFI,0,0,0,1"
2026-09-03T22:34:33.764+00:00,FORWARD_100,100,"AUTO,2,0,0,0,0,NONE,NONE,0,3"
2026-09-03T22:34:33.765+00:00,FORWARD_100,100,"MOTION,1423103,0,0.00,0.00,0.0000,0.00,0.00"
2026-09-03T22:34:33.765+00:00,FORWARD_100,100,"STATE,WAIT_START"
2026-09-03T22:34:33.765+00:00,FORWARD_100,100,"ACK,MODE,MANUAL"
2026-09-03T22:34:33.765+00:00,FORWARD_100,100,"TEL,1423255,0.00,0.00,0.00,0.00,3.68,-0.402,0.0"
2026-09-03T22:34:33.765+00:00,FORWARD_100,100,"WHEEL,FL,0.00,0.00,0,-396"
2026-09-03T22:34:33.765+00:00,FORWARD_100,100,"WHEEL,FR,0.00,0.00,0,876"
2026-09-03T22:34:33.765+00:00,FORWARD_100,100,"WHEEL,BL,0.00,0.00,0,2699"
2026-09-03T22:34:33.765+00:00,FORWARD_100,100,"WHEEL,BR,0.00,0.00,0,-362"
2026-09-03T22:34:33.765+00:00,FORWARD_100,100,"POSE,259.9,1554.5,3.68,0"
2026-09-03T22:34:33.765+00:00,FORWARD_100,100,"SYS,WAIT_START,0,0,0,MANUAL,RED,0"
2026-09-03T22:34:33.765+00:00,FORWARD_100,100,"HDG,3.68,3.25,-0.43,1,1"
2026-09-03T22:34:33.765+00:00,FORWARD_100,100,"TOF,429.0,1,170,-259.0"
2026-09-03T22:34:33.765+00:00,FORWARD_100,100,"TOFI,0,0,0,1"
2026-09-03T22:34:33.765+00:00,FORWARD_100,100,"AUTO,2,0,0,0,0,NONE,NONE,0,3"
2026-09-03T22:34:33.765+00:00,FORWARD_100,100,"MOTION,1423303,0,0.00,0.00,0.0000,0.00,0.00"
2026-09-03T22:34:33.765+00:00,FORWARD_100,100,"ERR,UNKNOWN_COMMAND"
2026-09-03T22:34:33.765+00:00,FORWARD_100,100,"TEL,1423455,0.00,0.00,0.00,0.00,3.68,-0.402,0.0"
2026-09-03T22:34:33.765+00:00,FORWARD_100,100,"WHEEL,FL,0.00,0.00,0,-396"
2026-09-03T22:34:33.765+00:00,FORWARD_100,100,"WHEEL,FR,0.00,0.00,0,876"
2026-09-03T22:34:33.765+00:00,FORWARD_100,100,"WHEEL,BL,0.00,0.00,0,2699"
2026-09-03T22:34:33.765+00:00,FORWARD_100,100,"WHEEL,BR,0.00,0.00,0,-362"
2026-09-03T22:34:33.765+00:00,FORWARD_100,100,"POSE,259.9,1554.5,3.68,0"
2026-09-03T22:34:33.765+00:00,FORWARD_100,100,"SYS,WAIT_START,0,0,0,MANUAL,RED,0"
2026-09-03T22:34:33.765+00:00,FORWARD_100,100,"HDG,3.68,3.25,-0.43,1,1"
2026-09-03T22:34:33.765+00:00,FORWARD_100,100,"TOF,431.0,1,170,-261.0"
2026-09-03T22:34:33.765+00:00,FORWARD_100,100,"TOFI,0,0,0,1"
2026-09-03T22:34:33.765+00:00,FORWARD_100,100,"AUTO,2,0,0,0,0,NONE,NONE,0,3"
2026-09-03T22:34:33.765+00:00,FORWARD_100,100,"MOTION,1423502,0,0.00,0.00,0.0000,0.00,0.00"
2026-09-03T22:34:33.765+00:00,FORWARD_100,100,"ERR,UNKNOWN_COMMAND"
2026-09-03T22:34:33.765+00:00,FORWARD_100,100,"ERR,UNKNOWN_COMMAND"
2026-09-03T22:34:33.765+00:00,FORWARD_100,100,"TEL,1423660,0.00,0.00,0.00,0.00,3.68,-0.402,0.0"
2026-09-03T22:34:33.765+00:00,FORWARD_100,100,"WHEEL,FL,0.00,0.00,0,-396"
2026-09-03T22:34:33.765+00:00,FORWARD_100,100,"WHEEL,FR,0.00,0.00,0,876"
2026-09-03T22:34:33.765+00:00,FORWARD_100,100,"WHEEL,BL,0.00,0.00,0,2699"
2026-09-03T22:34:33.765+00:00,FORWARD_100,100,"WHEEL,BR,0.00,0.00,0,-362"
2026-09-03T22:34:33.765+00:00,FORWARD_100,100,"POSE,259.9,1554.5,3.68,0"
2026-09-03T22:34:33.800+00:00,FORWARD_100,100,"SYS,WAIT_START,0,0,0,MANUAL,RED,0"
2026-09-03T22:34:33.800+00:00,FORWARD_100,100,"HDG,3.68,3.25,-0.43,1,1"
2026-09-03T22:34:33.800+00:00,FORWARD_100,100,"TOF,429.0,1,170,-259.0"
2026-09-03T22:34:33.800+00:00,FORWARD_100,100,"TOFI,0,0,0,1"
2026-09-03T22:34:33.800+00:00,FORWARD_100,100,"AUTO,2,0,0,0,0,NONE,NONE,0,3"
2026-09-03T22:34:33.800+00:00,FORWARD_100,100,"MOTION,1423707,0,0.00,0.00,0.0000,0.00,0.00"
2026-09-03T22:34:33.800+00:00,FORWARD_100,100,"ERR,UNKNOWN_COMMAND"
2026-09-03T22:34:33.831+00:00,FORWARD_100,100,"TEL,1423861,0.00,0.00,0.00,0.00,3.68,-0.402,0.0"
2026-09-03T22:34:33.862+00:00,FORWARD_100,100,"WHEEL,FL,0.00,0.00,0,-396"
2026-09-03T22:34:33.862+00:00,FORWARD_100,100,"WHEEL,FR,0.00,0.00,0,876"
2026-09-03T22:34:33.862+00:00,FORWARD_100,100,"WHEEL,BL,0.00,0.00,0,2699"
2026-09-03T22:34:33.941+00:00,FORWARD_100,100,"WHEEL,BR,0.00,0.00,0,-362"
2026-09-03T22:34:33.941+00:00,FORWARD_100,100,"POSE,259.9,1554.5,3.68,0"
2026-09-03T22:34:33.941+00:00,FORWARD_100,100,"SYS,WAIT_START,0,0,0,MANUAL,RED,0"
2026-09-03T22:34:33.941+00:00,FORWARD_100,100,"HDG,3.68,3.25,-0.43,1,1"
2026-09-03T22:34:33.941+00:00,FORWARD_100,100,"TOF,420.0,1,170,-250.0"
2026-09-03T22:34:33.941+00:00,FORWARD_100,100,"TOFI,0,0,0,1"
2026-09-03T22:34:33.941+00:00,FORWARD_100,100,"AUTO,2,0,0,0,0,NONE,NONE,0,3"
2026-09-03T22:34:33.971+00:00,FORWARD_100,100,"MOTION,1423908,0,0.00,0.00,0.0000,0.00,0.00"
2026-09-03T22:34:33.971+00:00,FORWARD_100,100,"STATE,WAIT_START"
2026-09-03T22:34:33.971+00:00,FORWARD_100,100,"ACK,DRIVE"
2026-09-03T22:34:34.049+00:00,FORWARD_100,100,"TEL,1424062,19.79,27.81,18.59,7.62,3.25,-0.402,0.0"
2026-09-03T22:34:34.049+00:00,FORWARD_100,100,"WHEEL,FL,19.10,19.79,46,-385"
2026-09-03T22:34:34.080+00:00,FORWARD_100,100,"WHEEL,FR,19.10,27.81,37,892"
2026-09-03T22:34:34.080+00:00,FORWARD_100,100,"WHEEL,BL,19.10,18.59,38,2708"
2026-09-03T22:34:34.080+00:00,FORWARD_100,100,"WHEEL,BR,19.10,7.62,47,-355"
2026-09-03T22:34:34.080+00:00,FORWARD_100,100,"POSE,271.0,1557.1,3.25,0"
2026-09-03T22:34:34.158+00:00,FORWARD_100,100,"SYS,WAIT_START,0,1,8,MANUAL,RED,0"
2026-09-03T22:34:34.158+00:00,FORWARD_100,100,"HDG,3.25,3.68,0.43,1,1"
2026-09-03T22:34:34.158+00:00,FORWARD_100,100,"TOF,304.0,1,170,-134.0"
2026-09-03T22:34:34.158+00:00,FORWARD_100,100,"TOFI,0,0,0,1"
2026-09-03T22:34:34.158+00:00,FORWARD_100,100,"AUTO,2,0,0,0,0,NONE,NONE,0,3"
2026-09-03T22:34:34.158+00:00,FORWARD_100,100,"MOTION,1424111,1,100.00,0.00,0.0000,0.00,0.00"
2026-09-03T22:34:34.267+00:00,FORWARD_100,100,"TEL,1424262,36.51,21.60,41.11,22.50,3.72,-0.402,0.0"
2026-09-03T22:34:34.267+00:00,FORWARD_100,100,"WHEEL,FL,19.10,36.51,33,-352"
2026-09-03T22:34:34.267+00:00,FORWARD_100,100,"WHEEL,FR,19.10,21.60,41,920"
2026-09-03T22:34:34.267+00:00,FORWARD_100,100,"WHEEL,BL,19.10,41.11,20,2738"
2026-09-03T22:34:34.297+00:00,FORWARD_100,100,"WHEEL,BR,19.10,22.50,34,-318"
2026-09-03T22:34:34.297+00:00,FORWARD_100,100,"POSE,304.6,1556.1,3.72,0"
2026-09-03T22:34:34.297+00:00,FORWARD_100,100,"SYS,WAIT_START,0,1,8,MANUAL,RED,0"
2026-09-03T22:34:34.375+00:00,FORWARD_100,100,"HDG,3.72,3.68,-0.04,1,1"
2026-09-03T22:34:34.375+00:00,FORWARD_100,100,"TOF,304.0,1,170,-134.0"
2026-09-03T22:34:34.375+00:00,FORWARD_100,100,"TOFI,0,0,0,1"
2026-09-03T22:34:34.375+00:00,FORWARD_100,100,"AUTO,2,0,0,0,0,NONE,NONE,0,3"
2026-09-03T22:34:34.376+00:00,FORWARD_100,100,"MOTION,1424312,1,100.00,0.00,0.0000,0.00,0.00"
2026-09-03T22:34:34.438+00:00,FORWARD_100,100,"TEL,1424462,31.53,23.11,34.26,21.38,4.23,-0.402,0.0"
2026-09-03T22:34:34.438+00:00,FORWARD_100,100,"WHEEL,FL,29.58,31.53,46,-327"
2026-09-03T22:34:34.469+00:00,FORWARD_100,100,"WHEEL,FR,8.61,23.11,29,952"
2026-09-03T22:34:34.469+00:00,FORWARD_100,100,"WHEEL,BL,29.58,34.26,35,2763"
2026-09-03T22:34:34.500+00:00,FORWARD_100,100,"WHEEL,BR,8.61,21.38,25,-290"
2026-09-03T22:34:34.500+00:00,FORWARD_100,100,"POSE,333.3,1558.9,4.23,0"
2026-09-03T22:34:34.500+00:00,FORWARD_100,100,"SYS,WAIT_START,0,1,8,MANUAL,RED,0"
2026-09-03T22:34:34.531+00:00,FORWARD_100,100,"HDG,4.23,3.68,-0.56,1,1"
2026-09-03T22:34:34.531+00:00,FORWARD_100,100,"TOF,304.0,1,170,-134.0"
2026-09-03T22:34:34.531+00:00,FORWARD_100,100,"TOFI,0,0,0,1"
2026-09-03T22:34:34.562+00:00,FORWARD_100,100,"AUTO,2,0,0,0,0,NONE,NONE,0,3"
2026-09-03T22:34:34.562+00:00,FORWARD_100,100,"MOTION,1424512,1,100.00,0.00,-0.1800,0.00,0.00"
2026-09-03T22:34:34.655+00:00,FORWARD_100,100,"TEL,1424662,14.90,33.84,19.80,43.01,3.33,-0.402,0.0"
2026-09-03T22:34:34.655+00:00,FORWARD_100,100,"WHEEL,FL,19.10,14.90,48,-301"
2026-09-03T22:34:34.733+00:00,FORWARD_100,100,"WHEEL,FR,19.10,33.84,31,977"
2026-09-03T22:34:34.733+00:00,FORWARD_100,100,"WHEEL,BL,19.10,19.80,35,2792"
2026-09-03T22:34:34.733+00:00,FORWARD_100,100,"WHEEL,BR,19.10,43.01,18,-269"
2026-09-03T22:34:34.733+00:00,FORWARD_100,100,"POSE,359.7,1561.7,3.33,0"
2026-09-03T22:34:34.733+00:00,FORWARD_100,100,"SYS,WAIT_START,0,1,8,MANUAL,RED,0"
2026-09-03T22:34:34.733+00:00,FORWARD_100,100,"HDG,3.33,3.68,0.35,1,1"
2026-09-03T22:34:34.733+00:00,FORWARD_100,100,"TOF,304.0,1,170,-134.0"
2026-09-03T22:34:34.764+00:00,FORWARD_100,100,"TOFI,0,0,0,1"
2026-09-03T22:34:34.764+00:00,FORWARD_100,100,"AUTO,2,0,0,0,0,NONE,NONE,0,3"
2026-09-03T22:34:34.764+00:00,FORWARD_100,100,"MOTION,1424712,1,100.00,0.00,0.0000,0.00,0.00"
2026-09-03T22:34:34.843+00:00,FORWARD_100,100,"TEL,1424862,15.71,27.15,16.07,23.02,2.63,-0.402,0.0"
2026-09-03T22:34:34.843+00:00,FORWARD_100,100,"WHEEL,FL,8.61,15.71,37,-274"
2026-09-03T22:34:34.875+00:00,FORWARD_100,100,"WHEEL,FR,29.58,27.15,47,1001"
2026-09-03T22:34:34.875+00:00,FORWARD_100,100,"WHEEL,BL,8.61,16.07,27,2815"
2026-09-03T22:34:34.906+00:00,FORWARD_100,100,"WHEEL,BR,29.58,23.02,44,-248"
2026-09-03T22:34:34.907+00:00,FORWARD_100,100,"POSE,384.5,1562.5,2.63,0"
2026-09-03T22:34:34.907+00:00,FORWARD_100,100,"SYS,WAIT_START,0,1,8,MANUAL,RED,0"
2026-09-03T22:34:34.938+00:00,FORWARD_100,100,"HDG,2.63,3.68,1.05,1,1"
2026-09-03T22:34:34.938+00:00,FORWARD_100,100,"TOF,304.0,1,170,-134.0"
2026-09-03T22:34:34.938+00:00,FORWARD_100,100,"TOFI,0,0,0,1"
2026-09-03T22:34:34.938+00:00,FORWARD_100,100,"AUTO,2,0,0,0,0,NONE,NONE,0,3"
2026-09-03T22:34:34.969+00:00,FORWARD_100,100,"MOTION,1424912,1,100.00,0.00,0.1800,0.00,0.00"
2026-09-03T22:34:35.078+00:00,FORWARD_100,100,"TEL,1425062,42.18,7.75,36.93,17.13,3.81,-0.402,0.0"
2026-09-03T22:34:35.078+00:00,FORWARD_100,100,"WHEEL,FL,19.10,42.18,26,-249"
2026-09-03T22:34:35.078+00:00,FORWARD_100,100,"WHEEL,FR,19.10,7.75,50,1039"
2026-09-03T22:34:35.078+00:00,FORWARD_100,100,"WHEEL,BL,19.10,36.93,21,2841"
2026-09-03T22:34:35.078+00:00,FORWARD_100,100,"WHEEL,BR,19.10,17.13,38,-214"
2026-09-03T22:34:35.109+00:00,FORWARD_100,100,"POSE,416.6,1566.1,3.81,0"
2026-09-03T22:34:35.109+00:00,FORWARD_100,100,"SYS,WAIT_START,0,1,8,MANUAL,RED,0"
2026-09-03T22:34:35.186+00:00,FORWARD_100,100,"HDG,3.81,3.68,-0.14,1,1"
2026-09-03T22:34:35.186+00:00,FORWARD_100,100,"TOF,426.0,1,170,-256.0"
2026-09-03T22:34:35.186+00:00,FORWARD_100,100,"TOFI,0,0,0,1"
2026-09-03T22:34:35.186+00:00,FORWARD_100,100,"AUTO,2,0,0,0,0,NONE,NONE,0,3"
2026-09-03T22:34:35.186+00:00,FORWARD_100,100,"MOTION,1425111,1,100.00,0.00,0.0000,0.00,0.00"
2026-09-03T22:34:35.295+00:00,FORWARD_100,100,"TEL,1425265,31.89,23.27,32.35,18.56,4.15,-0.402,0.0"
2026-09-03T22:34:35.295+00:00,FORWARD_100,100,"WHEEL,FL,29.58,31.89,44,-225"
2026-09-03T22:34:35.296+00:00,FORWARD_100,100,"WHEEL,FR,8.61,23.27,29,1071"
2026-09-03T22:34:35.296+00:00,FORWARD_100,100,"WHEEL,BL,29.58,32.35,34,2870"
2026-09-03T22:34:35.296+00:00,FORWARD_100,100,"WHEEL,BR,8.61,18.56,28,-185"
2026-09-03T22:34:35.296+00:00,FORWARD_100,100,"POSE,446.2,1570.5,4.29,0"
2026-09-03T22:34:35.296+00:00,FORWARD_100,100,"SYS,WAIT_START,0,1,8,MANUAL,RED,0"
2026-09-03T22:34:35.327+00:00,FORWARD_100,100,"HDG,4.15,3.68,-0.48,1,1"
2026-09-03T22:34:35.327+00:00,FORWARD_100,100,"TOF,426.0,1,170,-256.0"
2026-09-03T22:34:35.405+00:00,FORWARD_100,100,"TOFI,0,0,0,1"
2026-09-03T22:34:35.406+00:00,FORWARD_100,100,"AUTO,2,0,0,0,0,NONE,NONE,0,3"
2026-09-03T22:34:35.406+00:00,FORWARD_100,100,"MOTION,1425315,1,100.00,0.00,-0.1800,0.00,0.00"
2026-09-03T22:34:35.437+00:00,FORWARD_100,100,"TEL,1425466,2.65,41.45,12.25,34.40,4.31,-0.402,0.0"
2026-09-03T22:34:35.437+00:00,FORWARD_100,100,"WHEEL,FL,37.59,2.65,74,-203"
2026-09-03T22:34:35.469+00:00,FORWARD_100,100,"WHEEL,FR,0.61,41.45,7,1095"
2026-09-03T22:34:35.469+00:00,FORWARD_100,100,"WHEEL,BL,37.59,12.25,57,2892"
2026-09-03T22:34:35.500+00:00,FORWARD_100,100,"WHEEL,BR,0.61,34.40,7,-160"
2026-09-03T22:34:35.500+00:00,FORWARD_100,100,"POSE,470.5,1571.7,4.31,0"
2026-09-03T22:34:35.500+00:00,FORWARD_100,100,"SYS,WAIT_START,0,1,8,MANUAL,RED,0"
2026-09-03T22:34:35.532+00:00,FORWARD_100,100,"HDG,4.31,3.68,-0.63,1,1"
2026-09-03T22:34:35.532+00:00,FORWARD_100,100,"TOF,426.0,1,170,-256.0"
2026-09-03T22:34:35.532+00:00,FORWARD_100,100,"TOFI,0,0,0,1"
2026-09-03T22:34:35.563+00:00,FORWARD_100,100,"AUTO,2,0,0,0,0,NONE,NONE,0,3"
2026-09-03T22:34:35.563+00:00,FORWARD_100,100,"MOTION,1425516,1,100.00,0.00,-0.3175,0.00,0.00"
2026-09-03T22:34:35.641+00:00,FORWARD_100,100,"TEL,1425666,23.60,55.90,30.05,52.88,2.18,-0.402,0.0"
2026-09-03T22:34:35.641+00:00,FORWARD_100,100,"WHEEL,FL,8.61,23.60,29,-166"
2026-09-03T22:34:35.672+00:00,FORWARD_100,100,"WHEEL,FR,29.58,55.90,25,1125"
2026-09-03T22:34:35.672+00:00,FORWARD_100,100,"WHEEL,BL,8.61,30.05,15,2926"
2026-09-03T22:34:35.748+00:00,FORWARD_100,100,"WHEEL,BR,29.58,52.88,20,-129"
2026-09-03T22:34:35.748+00:00,FORWARD_100,100,"POSE,505.1,1572.2,2.18,0"
2026-09-03T22:34:35.748+00:00,FORWARD_100,100,"SYS,WAIT_START,0,1,8,MANUAL,RED,0"
2026-09-03T22:34:35.748+00:00,FORWARD_100,100,"HDG,2.18,3.68,1.49,1,1"
2026-09-03T22:34:35.748+00:00,FORWARD_100,100,"TOF,429.0,1,170,-259.0"
2026-09-03T22:34:35.748+00:00,FORWARD_100,100,"TOFI,0,0,0,1"
2026-09-03T22:34:35.748+00:00,FORWARD_100,100,"AUTO,2,0,0,0,0,NONE,NONE,0,3"
2026-09-03T22:34:35.779+00:00,FORWARD_100,100,"MOTION,1425716,1,100.00,0.00,0.1800,0.00,0.00"
2026-09-03T22:34:35.857+00:00,REST,0,"TEL,1425866,4.90,27.36,8.50,23.94,2.31,-0.402,0.0"
2026-09-03T22:34:35.857+00:00,REST,0,"WHEEL,FL,8.61,4.90,43,-147"
2026-09-03T22:34:35.857+00:00,REST,0,"WHEEL,FR,29.58,27.36,47,1150"
2026-09-03T22:34:35.857+00:00,REST,0,"WHEEL,BL,8.61,8.50,31,2943"
2026-09-03T22:34:35.889+00:00,REST,0,"WHEEL,BR,29.58,23.94,43,-104"
2026-09-03T22:34:35.889+00:00,REST,0,"POSE,527.6,1572.4,2.31,0"
2026-09-03T22:34:35.968+00:00,REST,0,"SYS,WAIT_START,0,1,8,MANUAL,RED,0"
2026-09-03T22:34:35.968+00:00,REST,0,"HDG,2.31,3.68,1.37,1,1"
2026-09-03T22:34:35.968+00:00,REST,0,"TOF,435.0,1,170,-265.0"
2026-09-03T22:34:35.968+00:00,REST,0,"TOFI,0,0,0,1"
2026-09-03T22:34:35.968+00:00,REST,0,"AUTO,2,0,0,0,0,NONE,NONE,0,3"
2026-09-03T22:34:35.968+00:00,REST,0,"MOTION,1425915,1,100.00,0.00,0.1800,0.00,0.00"
2026-09-03T22:34:36.062+00:00,REST,0,"TEL,1426067,5.41,10.29,9.50,16.47,4.74,-0.402,0.0"
2026-09-03T22:34:36.062+00:00,REST,0,"WHEEL,FL,0.00,5.41,0,-138"
2026-09-03T22:34:36.062+00:00,REST,0,"WHEEL,FR,0.00,10.29,0,1181"
2026-09-03T22:34:36.062+00:00,REST,0,"WHEEL,BL,0.00,9.50,0,2952"
2026-09-03T22:34:36.093+00:00,REST,0,"WHEEL,BR,0.00,16.47,0,-72"
2026-09-03T22:34:36.093+00:00,REST,0,"POSE,548.8,1573.6,4.74,0"
2026-09-03T22:34:36.124+00:00,REST,0,"SYS,WAIT_START,0,1,8,MANUAL,RED,0"
2026-09-03T22:34:36.124+00:00,REST,0,"HDG,4.74,3.68,-1.06,1,1"
2026-09-03T22:34:36.124+00:00,REST,0,"TOF,435.0,1,170,-265.0"
2026-09-03T22:34:36.124+00:00,REST,0,"TOFI,0,0,0,1"
2026-09-03T22:34:36.155+00:00,REST,0,"AUTO,2,0,0,0,0,NONE,NONE,0,3"
2026-09-03T22:34:36.155+00:00,REST,0,"MOTION,1426115,0,0.00,0.00,0.0000,0.00,0.00"
2026-09-03T22:34:36.251+00:00,REST,0,"TEL,1426268,-5.07,-0.98,-0.40,-0.08,5.10,-0.402,0.0"
2026-09-03T22:34:36.251+00:00,REST,0,"WHEEL,FL,0.00,-5.07,0,-140"
2026-09-03T22:34:36.328+00:00,REST,0,"WHEEL,FR,0.00,-0.98,0,1182"
2026-09-03T22:34:36.328+00:00,REST,0,"WHEEL,BL,0.00,-0.40,0,2950"
2026-09-03T22:34:36.328+00:00,REST,0,"WHEEL,BR,0.00,-0.08,0,-71"
2026-09-03T22:34:36.328+00:00,REST,0,"POSE,548.3,1573.5,5.12,0"
2026-09-03T22:34:36.328+00:00,REST,0,"SYS,WAIT_START,0,1,8,MANUAL,RED,0"
2026-09-03T22:34:36.328+00:00,REST,0,"HDG,5.10,3.68,-1.42,1,1"
2026-09-03T22:34:36.328+00:00,REST,0,"TOF,435.0,1,170,-265.0"
2026-09-03T22:34:36.328+00:00,REST,0,"TOFI,0,0,0,1"
2026-09-03T22:34:36.360+00:00,REST,0,"AUTO,2,0,0,0,0,NONE,NONE,0,3"
2026-09-03T22:34:36.360+00:00,REST,0,"MOTION,1426317,0,0.00,0.00,0.0000,0.00,0.00"
2026-09-03T22:34:36.438+00:00,REST,0,"TEL,1426468,-0.07,-0.01,-0.01,-0.00,5.11,-0.402,0.0"
2026-09-03T22:34:36.439+00:00,REST,0,"WHEEL,FL,0.00,-0.07,0,-140"
2026-09-03T22:34:36.469+00:00,REST,0,"WHEEL,FR,0.00,-0.01,0,1182"
2026-09-03T22:34:36.469+00:00,REST,0,"WHEEL,BL,0.00,-0.01,0,2950"
2026-09-03T22:34:36.500+00:00,REST,0,"WHEEL,BR,0.00,-0.00,0,-71"
2026-09-03T22:34:36.500+00:00,REST,0,"POSE,548.3,1573.5,5.11,0"
2026-09-03T22:34:36.500+00:00,REST,0,"SYS,WAIT_START,0,1,8,MANUAL,RED,0"
2026-09-03T22:34:36.531+00:00,REST,0,"HDG,5.11,3.68,-1.43,1,1"
2026-09-03T22:34:36.531+00:00,REST,0,"TOF,435.0,1,170,-265.0"
2026-09-03T22:34:36.531+00:00,REST,0,"TOFI,0,0,0,1"
2026-09-03T22:34:36.562+00:00,REST,0,"AUTO,2,0,0,0,0,NONE,NONE,0,3"
2026-09-03T22:34:36.562+00:00,REST,0,"MOTION,1426517,0,0.00,0.00,0.0000,0.00,0.00"
2026-09-03T22:34:36.655+00:00,BACKWARD_100,-100,"TEL,1426669,-0.00,-0.00,-0.00,-0.00,5.11,-0.402,0.0"
2026-09-03T22:34:36.655+00:00,BACKWARD_100,-100,"WHEEL,FL,0.00,-0.00,0,-140"
2026-09-03T22:34:36.687+00:00,BACKWARD_100,-100,"WHEEL,FR,0.00,-0.00,0,1182"
2026-09-03T22:34:36.687+00:00,BACKWARD_100,-100,"WHEEL,BL,0.00,-0.00,0,2950"
2026-09-03T22:34:36.687+00:00,BACKWARD_100,-100,"WHEEL,BR,0.00,-0.00,0,-71"
2026-09-03T22:34:36.687+00:00,BACKWARD_100,-100,"POSE,548.3,1573.5,5.11,0"
2026-09-03T22:34:36.718+00:00,BACKWARD_100,-100,"SYS,WAIT_START,0,1,8,MANUAL,RED,0"
2026-09-03T22:34:36.720+00:00,BACKWARD_100,-100,"HDG,5.11,3.68,-1.43,1,1"
2026-09-03T22:34:36.720+00:00,BACKWARD_100,-100,"TOF,435.0,1,170,-265.0"
2026-09-03T22:34:36.720+00:00,BACKWARD_100,-100,"TOFI,0,0,0,1"
2026-09-03T22:34:36.750+00:00,BACKWARD_100,-100,"AUTO,2,0,0,0,0,NONE,NONE,0,3"
2026-09-03T22:34:36.780+00:00,BACKWARD_100,-100,"MOTION,1426717,0,0.00,0.00,0.0000,0.00,0.00"
2026-09-03T22:34:36.843+00:00,BACKWARD_100,-100,"TEL,1426869,-16.31,-25.30,-26.75,-30.47,4.16,-0.402,0.0"
2026-09-03T22:34:36.843+00:00,BACKWARD_100,-100,"WHEEL,FL,-19.10,-16.31,-49,-146"
2026-09-03T22:34:36.875+00:00,BACKWARD_100,-100,"WHEEL,FR,-19.10,-25.30,-39,1162"
2026-09-03T22:34:36.906+00:00,BACKWARD_100,-100,"WHEEL,BL,-19.10,-26.75,-31,2943"
2026-09-03T22:34:36.906+00:00,BACKWARD_100,-100,"WHEEL,BR,-19.10,-30.47,-29,-86"
2026-09-03T22:34:36.906+00:00,BACKWARD_100,-100,"POSE,535.9,1570.9,4.16,0"
2026-09-03T22:34:36.938+00:00,BACKWARD_100,-100,"SYS,WAIT_START,0,1,8,MANUAL,RED,0"
2026-09-03T22:34:36.939+00:00,BACKWARD_100,-100,"HDG,4.16,3.68,-0.48,1,1"
2026-09-03T22:34:36.939+00:00,BACKWARD_100,-100,"TOF,435.0,1,170,-265.0"
2026-09-03T22:34:36.939+00:00,BACKWARD_100,-100,"TOFI,0,0,0,1"
2026-09-03T22:34:36.939+00:00,BACKWARD_100,-100,"AUTO,2,0,0,0,0,NONE,NONE,0,3"
2026-09-03T22:34:36.970+00:00,BACKWARD_100,-100,"MOTION,1426922,1,-100.00,0.00,0.0000,0.00,0.00"
2026-09-03T22:34:37.046+00:00,BACKWARD_100,-100,"TEL,1427071,-21.13,-45.41,-19.15,-42.18,4.37,-0.402,0.0"
2026-09-03T22:34:37.046+00:00,BACKWARD_100,-100,"WHEEL,FL,-8.61,-21.13,-34,-177"
2026-09-03T22:34:37.077+00:00,BACKWARD_100,-100,"WHEEL,FR,-29.58,-45.41,-34,1136"
2026-09-03T22:34:37.108+00:00,BACKWARD_100,-100,"WHEEL,BL,-8.61,-19.15,-26,2920"
2026-09-03T22:34:37.108+00:00,BACKWARD_100,-100,"WHEEL,BR,-29.58,-42.18,-30,-113"
2026-09-03T22:34:37.108+00:00,BACKWARD_100,-100,"POSE,507.8,1570.9,4.53,0"
2026-09-03T22:34:37.139+00:00,BACKWARD_100,-100,"SYS,WAIT_START,0,1,8,MANUAL,RED,0"
2026-09-03T22:34:37.140+00:00,BACKWARD_100,-100,"HDG,4.37,3.68,-0.69,1,1"
2026-09-03T22:34:37.140+00:00,BACKWARD_100,-100,"TOF,435.0,1,170,-265.0"
2026-09-03T22:34:37.140+00:00,BACKWARD_100,-100,"TOFI,0,0,0,1"
2026-09-03T22:34:37.140+00:00,BACKWARD_100,-100,"AUTO,2,0,0,0,0,NONE,NONE,0,3"
2026-09-03T22:34:37.170+00:00,BACKWARD_100,-100,"MOTION,1427124,1,-100.00,0.00,-0.1800,0.00,0.00"
2026-09-03T22:34:37.279+00:00,BACKWARD_100,-100,"TEL,1427271,-30.94,-15.12,-24.75,-18.57,3.93,-0.402,0.0"
2026-09-03T22:34:37.279+00:00,BACKWARD_100,-100,"WHEEL,FL,-19.10,-30.94,-36,-200"
2026-09-03T22:34:37.279+00:00,BACKWARD_100,-100,"WHEEL,FR,-19.10,-15.12,-46,1111"
2026-09-03T22:34:37.279+00:00,BACKWARD_100,-100,"WHEEL,BL,-19.10,-24.75,-32,2900"
2026-09-03T22:34:37.279+00:00,BACKWARD_100,-100,"WHEEL,BR,-19.10,-18.57,-37,-140"
2026-09-03T22:34:37.311+00:00,BACKWARD_100,-100,"POSE,482.9,1570.8,3.81,0"
2026-09-03T22:34:37.342+00:00,BACKWARD_100,-100,"SYS,WAIT_START,0,1,8,MANUAL,RED,0"
2026-09-03T22:34:37.342+00:00,BACKWARD_100,-100,"HDG,3.93,3.68,-0.25,1,1"
2026-09-03T22:34:37.342+00:00,BACKWARD_100,-100,"TOF,435.0,0,170,-265.0"
2026-09-03T22:34:37.342+00:00,BACKWARD_100,-100,"TOFI,0,0,0,1"
2026-09-03T22:34:37.342+00:00,BACKWARD_100,-100,"AUTO,2,0,0,0,0,NONE,NONE,0,3"
2026-09-03T22:34:37.373+00:00,BACKWARD_100,-100,"MOTION,1427325,1,-100.00,0.00,0.0000,0.00,0.00"
2026-09-03T22:34:37.467+00:00,BACKWARD_100,-100,"TEL,1427471,-24.04,-27.83,-17.82,-29.12,3.34,-0.402,0.0"
2026-09-03T22:34:37.467+00:00,BACKWARD_100,-100,"WHEEL,FL,-19.10,-24.04,-41,-224"
2026-09-03T22:34:37.467+00:00,BACKWARD_100,-100,"WHEEL,FR,-19.10,-27.83,-36,1082"
2026-09-03T22:34:37.498+00:00,BACKWARD_100,-100,"WHEEL,BL,-19.10,-17.82,-37,2878"
2026-09-03T22:34:37.498+00:00,BACKWARD_100,-100,"WHEEL,BR,-19.10,-29.12,-29,-168"
2026-09-03T22:34:37.498+00:00,BACKWARD_100,-100,"POSE,456.0,1569.2,3.36,0"
2026-09-03T22:34:37.528+00:00,BACKWARD_100,-100,"SYS,WAIT_START,0,1,8,MANUAL,RED,0"
2026-09-03T22:34:37.528+00:00,BACKWARD_100,-100,"HDG,3.34,3.68,0.33,1,1"
2026-09-03T22:34:37.558+00:00,BACKWARD_100,-100,"TOF,435.0,0,170,-265.0"
2026-09-03T22:34:37.558+00:00,BACKWARD_100,-100,"TOFI,0,0,0,1"
2026-09-03T22:34:37.558+00:00,BACKWARD_100,-100,"AUTO,2,0,0,0,0,NONE,NONE,0,3"
2026-09-03T22:34:37.558+00:00,BACKWARD_100,-100,"MOTION,1427524,1,-100.00,0.00,0.0000,0.00,0.00"
2026-09-03T22:34:37.669+00:00,BACKWARD_100,-100,"TEL,1427671,-27.50,-24.27,-22.46,-28.70,3.41,-0.402,0.0"
2026-09-03T22:34:37.669+00:00,BACKWARD_100,-100,"WHEEL,FL,-19.10,-27.50,-38,-249"
2026-09-03T22:34:37.669+00:00,BACKWARD_100,-100,"WHEEL,FR,-19.10,-24.27,-38,1059"
2026-09-03T22:34:37.699+00:00,BACKWARD_100,-100,"WHEEL,BL,-19.10,-22.46,-34,2854"
2026-09-03T22:34:37.700+00:00,BACKWARD_100,-100,"WHEEL,BR,-19.10,-28.70,-29,-191"
2026-09-03T22:34:37.700+00:00,BACKWARD_100,-100,"POSE,431.1,1568.0,3.41,0"
2026-09-03T22:34:37.731+00:00,BACKWARD_100,-100,"SYS,WAIT_START,0,1,8,MANUAL,RED,0"
2026-09-03T22:34:37.731+00:00,BACKWARD_100,-100,"HDG,3.41,3.68,0.26,1,1"
2026-09-03T22:34:37.763+00:00,BACKWARD_100,-100,"TOF,435.0,0,170,-265.0"
2026-09-03T22:34:37.763+00:00,BACKWARD_100,-100,"TOFI,0,0,0,1"
2026-09-03T22:34:37.763+00:00,BACKWARD_100,-100,"AUTO,2,0,0,0,0,NONE,NONE,0,3"
2026-09-03T22:34:37.763+00:00,BACKWARD_100,-100,"MOTION,1427724,1,-100.00,0.00,0.0000,0.00,0.00"
2026-09-03T22:34:37.873+00:00,BACKWARD_100,-100,"TEL,1427871,-22.52,-20.74,-22.75,-14.77,3.62,-0.402,0.0"
2026-09-03T22:34:37.873+00:00,BACKWARD_100,-100,"WHEEL,FL,-19.10,-22.52,-42,-270"
2026-09-03T22:34:37.873+00:00,BACKWARD_100,-100,"WHEEL,FR,-19.10,-20.74,-41,1037"
2026-09-03T22:34:37.905+00:00,BACKWARD_100,-100,"WHEEL,BL,-19.10,-22.75,-33,2832"
2026-09-03T22:34:37.905+00:00,BACKWARD_100,-100,"WHEEL,BR,-19.10,-14.77,-39,-210"
2026-09-03T22:34:37.905+00:00,BACKWARD_100,-100,"POSE,409.2,1565.7,3.62,0"
2026-09-03T22:34:37.981+00:00,BACKWARD_100,-100,"SYS,WAIT_START,0,1,8,MANUAL,RED,0"
2026-09-03T22:34:37.981+00:00,BACKWARD_100,-100,"HDG,3.62,3.68,0.06,1,1"
2026-09-03T22:34:37.981+00:00,BACKWARD_100,-100,"TOF,435.0,0,170,-265.0"
2026-09-03T22:34:37.981+00:00,BACKWARD_100,-100,"TOFI,0,0,0,1"
2026-09-03T22:34:37.981+00:00,BACKWARD_100,-100,"AUTO,2,0,0,0,0,NONE,NONE,0,3"
2026-09-03T22:34:37.981+00:00,BACKWARD_100,-100,"MOTION,1427924,1,-100.00,0.00,0.0000,0.00,0.00"
2026-09-03T22:34:38.090+00:00,BACKWARD_100,-100,"TEL,1428071,-17.44,-19.02,-25.70,-21.90,3.54,-0.402,0.0"
2026-09-03T22:34:38.090+00:00,BACKWARD_100,-100,"WHEEL,FL,-19.10,-17.44,-46,-292"
2026-09-03T22:34:38.090+00:00,BACKWARD_100,-100,"WHEEL,FR,-19.10,-19.02,-42,1015"
2026-09-03T22:34:38.090+00:00,BACKWARD_100,-100,"WHEEL,BL,-19.10,-25.70,-31,2812"
2026-09-03T22:34:38.090+00:00,BACKWARD_100,-100,"WHEEL,BR,-19.10,-21.90,-34,-234"
2026-09-03T22:34:38.121+00:00,BACKWARD_100,-100,"POSE,386.2,1565.2,3.54,0"
2026-09-03T22:34:38.121+00:00,BACKWARD_100,-100,"SYS,WAIT_START,0,1,8,MANUAL,RED,0"
2026-09-03T22:34:38.121+00:00,BACKWARD_100,-100,"HDG,3.54,3.68,0.14,1,1"
2026-09-03T22:34:38.197+00:00,BACKWARD_100,-100,"TOF,435.0,0,170,-265.0"
2026-09-03T22:34:38.197+00:00,BACKWARD_100,-100,"TOFI,0,0,0,1"
2026-09-03T22:34:38.197+00:00,BACKWARD_100,-100,"AUTO,2,0,0,0,0,NONE,NONE,0,3"
2026-09-03T22:34:38.197+00:00,BACKWARD_100,-100,"MOTION,1428124,1,-100.00,0.00,0.0000,0.00,0.00"
2026-09-03T22:34:38.261+00:00,BACKWARD_100,-100,"TEL,1428271,-13.14,-35.05,-12.81,-28.05,4.29,-0.402,0.0"
2026-09-03T22:34:38.261+00:00,BACKWARD_100,-100,"WHEEL,FL,-8.61,-13.14,-39,-314"
2026-09-03T22:34:38.261+00:00,BACKWARD_100,-100,"WHEEL,FR,-29.58,-35.05,-40,985"
2026-09-03T22:34:38.292+00:00,BACKWARD_100,-100,"WHEEL,BL,-8.61,-12.81,-31,2793"
2026-09-03T22:34:38.293+00:00,BACKWARD_100,-100,"WHEEL,BR,-29.58,-28.05,-39,-250"
2026-09-03T22:34:38.324+00:00,BACKWARD_100,-100,"POSE,363.7,1560.8,4.42,0"
2026-09-03T22:34:38.324+00:00,BACKWARD_100,-100,"SYS,WAIT_START,0,1,8,MANUAL,RED,0"
2026-09-03T22:34:38.324+00:00,BACKWARD_100,-100,"HDG,4.29,3.68,-0.61,1,1"
2026-09-03T22:34:38.356+00:00,BACKWARD_100,-100,"TOF,435.0,0,170,-265.0"
2026-09-03T22:34:38.356+00:00,BACKWARD_100,-100,"TOFI,0,0,0,1"
2026-09-03T22:34:38.356+00:00,BACKWARD_100,-100,"AUTO,2,0,0,0,0,NONE,NONE,0,3"
2026-09-03T22:34:38.434+00:00,BACKWARD_100,-100,"MOTION,1428324,1,-100.00,0.00,-0.1800,0.00,0.00"
2026-09-03T22:34:38.465+00:00,BACKWARD_100,-100,"TEL,1428472,-31.36,-55.87,-23.14,-14.99,5.11,-0.402,0.0"
2026-09-03T22:34:38.465+00:00,BACKWARD_100,-100,"WHEEL,FL,-3.84,-31.36,-20,-340"
2026-09-03T22:34:38.465+00:00,BACKWARD_100,-100,"WHEEL,FR,-34.36,-55.87,-28,961"
2026-09-03T22:34:38.544+00:00,BACKWARD_100,-100,"WHEEL,BL,-3.84,-23.14,-18,2771"
2026-09-03T22:34:38.544+00:00,BACKWARD_100,-100,"WHEEL,BR,-34.36,-14.99,-54,-269"
2026-09-03T22:34:38.544+00:00,BACKWARD_100,-100,"POSE,339.9,1559.1,4.96,0"
2026-09-03T22:34:38.544+00:00,BACKWARD_100,-100,"SYS,WAIT_START,0,1,8,MANUAL,RED,0"
2026-09-03T22:34:38.544+00:00,BACKWARD_100,-100,"HDG,5.11,3.68,-1.43,1,1"
2026-09-03T22:34:38.544+00:00,BACKWARD_100,-100,"TOF,435.0,0,170,-265.0"
2026-09-03T22:34:38.544+00:00,BACKWARD_100,-100,"TOFI,0,0,0,1"
2026-09-03T22:34:38.544+00:00,BACKWARD_100,-100,"AUTO,2,0,0,0,0,NONE,NONE,0,3"
2026-09-03T22:34:38.574+00:00,BACKWARD_100,-100,"MOTION,1428525,1,-100.00,0.00,-0.2619,0.00,0.00"
2026-09-03T22:34:38.667+00:00,REST,0,"TEL,1428673,-37.66,-42.61,-30.46,-17.26,3.87,-0.402,0.0"
2026-09-03T22:34:38.668+00:00,REST,0,"WHEEL,FL,-19.10,-37.66,-29,-366"
2026-09-03T22:34:38.668+00:00,REST,0,"WHEEL,FR,-19.10,-42.61,-22,938"
2026-09-03T22:34:38.699+00:00,REST,0,"WHEEL,BL,-19.10,-30.46,-27,2756"
2026-09-03T22:34:38.699+00:00,REST,0,"WHEEL,BR,-19.10,-17.26,-37,-300"
2026-09-03T22:34:38.699+00:00,REST,0,"POSE,314.9,1562.7,3.87,0"
2026-09-03T22:34:38.731+00:00,REST,0,"SYS,WAIT_START,0,1,8,MANUAL,RED,0"
2026-09-03T22:34:38.731+00:00,REST,0,"HDG,3.87,3.68,-0.19,1,1"
2026-09-03T22:34:38.763+00:00,REST,0,"TOF,437.0,1,170,-267.0"
2026-09-03T22:34:38.763+00:00,REST,0,"TOFI,0,0,0,1"
2026-09-03T22:34:38.763+00:00,REST,0,"AUTO,2,0,0,0,0,NONE,NONE,0,3"
2026-09-03T22:34:38.763+00:00,REST,0,"MOTION,1428726,1,-100.00,0.00,0.0000,0.00,0.00"
2026-09-03T22:34:38.855+00:00,REST,0,"TEL,1428873,-2.87,-11.20,-4.74,-12.11,3.69,-0.402,0.0"
2026-09-03T22:34:38.855+00:00,REST,0,"WHEEL,FL,0.00,-2.87,0,-383"
2026-09-03T22:34:38.934+00:00,REST,0,"WHEEL,FR,0.00,-11.20,0,921"
2026-09-03T22:34:38.934+00:00,REST,0,"WHEEL,BL,0.00,-4.74,0,2740"
2026-09-03T22:34:38.934+00:00,REST,0,"WHEEL,BR,0.00,-12.11,0,-318"
2026-09-03T22:34:38.934+00:00,REST,0,"POSE,297.1,1562.1,3.69,0"
2026-09-03T22:34:38.934+00:00,REST,0,"SYS,WAIT_START,0,1,8,MANUAL,RED,0"
2026-09-03T22:34:38.934+00:00,REST,0,"HDG,3.69,3.68,-0.01,1,1"
2026-09-03T22:34:38.934+00:00,REST,0,"TOF,437.0,1,170,-267.0"
2026-09-03T22:34:38.934+00:00,REST,0,"TOFI,0,0,0,1"
2026-09-03T22:34:38.966+00:00,REST,0,"AUTO,2,0,0,0,0,NONE,NONE,0,3"
2026-09-03T22:34:38.966+00:00,REST,0,"MOTION,1428923,0,0.00,0.00,0.0000,0.00,0.00"
2026-09-03T22:34:39.043+00:00,REST,0,"TEL,1429073,-0.08,-0.61,-0.07,3.84,3.05,-0.402,0.0"
2026-09-03T22:34:39.043+00:00,REST,0,"WHEEL,FL,0.00,-0.08,0,-384"
2026-09-03T22:34:39.074+00:00,REST,0,"WHEEL,FR,0.00,-0.61,0,916"
2026-09-03T22:34:39.074+00:00,REST,0,"WHEEL,BL,0.00,-0.07,0,2741"
2026-09-03T22:34:39.151+00:00,REST,0,"WHEEL,BR,0.00,3.84,0,-323"
2026-09-03T22:34:39.151+00:00,REST,0,"POSE,294.5,1562.5,3.05,0"
2026-09-03T22:34:39.151+00:00,REST,0,"SYS,WAIT_START,0,1,8,MANUAL,RED,0"
2026-09-03T22:34:39.151+00:00,REST,0,"HDG,3.05,3.68,0.63,1,1"
2026-09-03T22:34:39.151+00:00,REST,0,"TOF,437.0,1,170,-267.0"
2026-09-03T22:34:39.151+00:00,REST,0,"TOFI,0,0,0,1"
2026-09-03T22:34:39.151+00:00,REST,0,"AUTO,2,0,0,0,0,NONE,NONE,0,3"
2026-09-03T22:34:39.182+00:00,REST,0,"MOTION,1429122,0,0.00,0.00,0.0000,0.00,0.00"
2026-09-03T22:34:39.245+00:00,REST,0,"TEL,1429273,-0.00,-0.01,-0.00,0.08,3.03,-0.402,0.0"
2026-09-03T22:34:39.245+00:00,REST,0,"WHEEL,FL,0.00,-0.00,0,-384"
2026-09-03T22:34:39.276+00:00,REST,0,"WHEEL,FR,0.00,-0.01,0,916"
2026-09-03T22:34:39.276+00:00,REST,0,"WHEEL,BL,0.00,-0.00,0,2741"
2026-09-03T22:34:39.307+00:00,REST,0,"WHEEL,BR,0.00,0.08,0,-323"
2026-09-03T22:34:39.307+00:00,REST,0,"POSE,294.5,1562.5,3.03,0"
2026-09-03T22:34:39.307+00:00,REST,0,"SYS,WAIT_START,0,1,8,MANUAL,RED,0"
2026-09-03T22:34:39.385+00:00,REST,0,"HDG,3.03,3.68,0.65,1,1"
2026-09-03T22:34:39.385+00:00,REST,0,"TOF,446.0,1,170,-276.0"
2026-09-03T22:34:39.385+00:00,REST,0,"TOFI,0,0,0,1"
2026-09-03T22:34:39.385+00:00,REST,0,"AUTO,2,0,0,0,0,NONE,NONE,0,3"
2026-09-03T22:34:39.385+00:00,REST,0,"MOTION,1429321,0,0.00,0.00,0.0000,0.00,0.00"
2026-09-03T22:34:39.494+00:00,FORWARD_200,200,"TEL,1429473,-0.00,-0.00,-0.00,0.00,3.02,-0.402,0.0"
2026-09-03T22:34:39.494+00:00,FORWARD_200,200,"WHEEL,FL,0.00,-0.00,0,-384"
2026-09-03T22:34:39.494+00:00,FORWARD_200,200,"WHEEL,FR,0.00,-0.00,0,916"
2026-09-03T22:34:39.494+00:00,FORWARD_200,200,"WHEEL,BL,0.00,-0.00,0,2741"
2026-09-03T22:34:39.494+00:00,FORWARD_200,200,"WHEEL,BR,0.00,0.00,0,-323"
2026-09-03T22:34:39.494+00:00,FORWARD_200,200,"POSE,294.5,1562.5,3.02,0"
2026-09-03T22:34:39.526+00:00,FORWARD_200,200,"SYS,WAIT_START,0,1,8,MANUAL,RED,0"
2026-09-03T22:34:39.526+00:00,FORWARD_200,200,"HDG,3.02,3.68,0.66,1,1"
2026-09-03T22:34:39.526+00:00,FORWARD_200,200,"TOF,457.0,1,170,-287.0"
2026-09-03T22:34:39.526+00:00,FORWARD_200,200,"TOFI,0,0,0,1"
2026-09-03T22:34:39.603+00:00,FORWARD_200,200,"AUTO,2,0,0,0,0,NONE,NONE,0,3"
2026-09-03T22:34:39.603+00:00,FORWARD_200,200,"MOTION,1429521,0,0.00,0.00,0.0000,0.00,0.00"
2026-09-03T22:34:39.667+00:00,FORWARD_200,200,"TEL,1429673,33.60,82.19,23.03,33.90,2.97,-0.402,0.0"
2026-09-03T22:34:39.667+00:00,FORWARD_200,200,"WHEEL,FL,27.71,33.60,44,-373"
2026-09-03T22:34:39.667+00:00,FORWARD_200,200,"WHEEL,FR,48.68,82.19,24,946"
2026-09-03T22:34:39.667+00:00,FORWARD_200,200,"WHEEL,BL,27.71,23.03,43,2749"
2026-09-03T22:34:39.697+00:00,FORWARD_200,200,"WHEEL,BR,48.68,33.90,55,-312"
2026-09-03T22:34:39.729+00:00,FORWARD_200,200,"POSE,310.0,1567.5,2.97,0"
2026-09-03T22:34:39.729+00:00,FORWARD_200,200,"SYS,WAIT_START,0,1,8,MANUAL,RED,0"
2026-09-03T22:34:39.729+00:00,FORWARD_200,200,"HDG,2.97,3.68,0.71,1,1"
2026-09-03T22:34:39.729+00:00,FORWARD_200,200,"TOF,457.0,1,170,-287.0"
2026-09-03T22:34:39.760+00:00,FORWARD_200,200,"TOFI,0,0,0,1"
2026-09-03T22:34:39.760+00:00,FORWARD_200,200,"AUTO,2,0,0,0,0,NONE,NONE,0,3"
2026-09-03T22:34:39.760+00:00,FORWARD_200,200,"MOTION,1429723,1,200.00,0.00,0.1800,0.00,0.00"
2026-09-03T22:34:39.870+00:00,FORWARD_200,200,"TEL,1429873,56.27,44.38,44.82,50.62,3.79,-0.402,0.0"
2026-09-03T22:34:39.870+00:00,FORWARD_200,200,"WHEEL,FL,38.20,56.27,36,-326"
2026-09-03T22:34:39.870+00:00,FORWARD_200,200,"WHEEL,FR,38.20,44.38,42,984"
2026-09-03T22:34:39.870+00:00,FORWARD_200,200,"WHEEL,BL,38.20,44.82,36,2786"
2026-09-03T22:34:39.947+00:00,FORWARD_200,200,"WHEEL,BR,38.20,50.62,31,-255"
2026-09-03T22:34:39.947+00:00,FORWARD_200,200,"POSE,357.2,1563.1,3.79,0"
2026-09-03T22:34:39.947+00:00,FORWARD_200,200,"SYS,WAIT_START,0,1,8,MANUAL,RED,0"
2026-09-03T22:34:39.947+00:00,FORWARD_200,200,"HDG,3.79,3.68,-0.11,1,1"
2026-09-03T22:34:39.947+00:00,FORWARD_200,200,"TOF,452.0,1,170,-282.0"
2026-09-03T22:34:39.947+00:00,FORWARD_200,200,"TOFI,0,0,0,1"
2026-09-03T22:34:39.947+00:00,FORWARD_200,200,"AUTO,2,0,0,0,0,NONE,NONE,0,3"
2026-09-03T22:34:39.979+00:00,FORWARD_200,200,"MOTION,1429924,1,200.00,0.00,0.0000,0.00,0.00"
2026-09-03T22:34:40.058+00:00,FORWARD_200,200,"TEL,1430073,40.67,35.50,41.95,32.38,3.65,-0.402,0.0"
2026-09-03T22:34:40.058+00:00,FORWARD_200,200,"WHEEL,FL,38.20,40.67,47,-283"
2026-09-03T22:34:40.089+00:00,FORWARD_200,200,"WHEEL,FR,38.20,35.50,49,1029"
2026-09-03T22:34:40.089+00:00,FORWARD_200,200,"WHEEL,BL,38.20,41.95,38,2830"
2026-09-03T22:34:40.089+00:00,FORWARD_200,200,"WHEEL,BR,38.20,32.38,45,-214"
2026-09-03T22:34:40.120+00:00,FORWARD_200,200,"POSE,402.3,1567.2,3.65,0"
2026-09-03T22:34:40.120+00:00,FORWARD_200,200,"SYS,WAIT_START,0,1,8,MANUAL,RED,0"
2026-09-03T22:34:40.120+00:00,FORWARD_200,200,"HDG,3.65,3.68,0.03,1,1"
2026-09-03T22:34:40.120+00:00,FORWARD_200,200,"TOF,452.0,1,170,-282.0"
2026-09-03T22:34:40.151+00:00,FORWARD_200,200,"TOFI,0,0,0,1"
2026-09-03T22:34:40.151+00:00,FORWARD_200,200,"AUTO,2,0,0,0,0,NONE,NONE,0,3"
2026-09-03T22:34:40.181+00:00,FORWARD_200,200,"MOTION,1430124,1,200.00,0.00,0.0000,0.00,0.00"
2026-09-03T22:34:40.275+00:00,FORWARD_200,200,"TEL,1430289,56.95,48.39,51.03,47.52,3.56,-0.402,0.0"
2026-09-03T22:34:40.275+00:00,FORWARD_200,200,"WHEEL,FL,38.20,56.95,34,-230"
2026-09-03T22:34:40.306+00:00,FORWARD_200,200,"WHEEL,FR,38.20,48.39,38,1089"
2026-09-03T22:34:40.306+00:00,FORWARD_200,200,"WHEEL,BL,38.20,51.03,31,2882"
2026-09-03T22:34:40.306+00:00,FORWARD_200,200,"WHEEL,BR,38.20,47.52,33,-160"
2026-09-03T22:34:40.337+00:00,FORWARD_200,200,"POSE,459.4,1572.5,3.56,0"
2026-09-03T22:34:40.337+00:00,FORWARD_200,200,"SYS,WAIT_START,0,1,8,MANUAL,RED,0"
2026-09-03T22:34:40.368+00:00,FORWARD_200,200,"HDG,3.56,3.68,0.12,1,1"
2026-09-03T22:34:40.369+00:00,FORWARD_200,200,"TOF,452.0,1,170,-282.0"
2026-09-03T22:34:40.369+00:00,FORWARD_200,200,"TOFI,0,0,0,1"
2026-09-03T22:34:40.369+00:00,FORWARD_200,200,"AUTO,2,0,0,0,0,NONE,NONE,0,3"
2026-09-03T22:34:40.400+00:00,FORWARD_200,200,"MOTION,1430339,1,200.00,0.00,0.0000,0.00,0.00"
2026-09-03T22:34:40.462+00:00,FORWARD_200,200,"TEL,1430498,44.07,36.28,44.69,33.69,4.17,-0.402,0.0"
2026-09-03T22:34:40.462+00:00,FORWARD_200,200,"WHEEL,FL,38.20,44.07,44,-187"
2026-09-03T22:34:40.493+00:00,FORWARD_200,200,"WHEEL,FR,38.20,36.28,47,1135"
2026-09-03T22:34:40.493+00:00,FORWARD_200,200,"WHEEL,BL,38.20,44.69,35,2924"
2026-09-03T22:34:40.525+00:00,FORWARD_200,200,"WHEEL,BR,38.20,33.69,43,-115"
2026-09-03T22:34:40.525+00:00,FORWARD_200,200,"POSE,505.4,1575.6,4.17,0"
2026-09-03T22:34:40.525+00:00,FORWARD_200,200,"SYS,WAIT_START,0,1,8,MANUAL,RED,0"
2026-09-03T22:34:40.556+00:00,FORWARD_200,200,"HDG,4.17,3.68,-0.50,1,1"
2026-09-03T22:34:40.556+00:00,FORWARD_200,200,"TOF,452.0,1,170,-282.0"
2026-09-03T22:34:40.586+00:00,FORWARD_200,200,"TOFI,0,0,0,1"
2026-09-03T22:34:40.586+00:00,FORWARD_200,200,"AUTO,2,0,0,0,0,NONE,NONE,0,3"
2026-09-03T22:34:40.586+00:00,FORWARD_200,200,"MOTION,1430548,1,200.00,0.00,0.0000,0.00,0.00"
2026-09-03T22:34:40.680+00:00,FORWARD_200,200,"TEL,1430698,51.65,33.54,51.01,29.64,3.70,-0.402,0.0"
2026-09-03T22:34:40.681+00:00,FORWARD_200,200,"WHEEL,FL,38.20,51.65,38,-140"
2026-09-03T22:34:40.681+00:00,FORWARD_200,200,"WHEEL,FR,38.20,33.54,49,1177"
2026-09-03T22:34:40.681+00:00,FORWARD_200,200,"WHEEL,BL,38.20,51.01,30,2970"
2026-09-03T22:34:40.710+00:00,FORWARD_200,200,"WHEEL,BR,38.20,29.64,46,-74"
2026-09-03T22:34:40.790+00:00,FORWARD_200,200,"POSE,551.4,1578.7,3.70,0"
2026-09-03T22:34:40.790+00:00,FORWARD_200,200,"SYS,WAIT_START,0,1,8,MANUAL,RED,0"
2026-09-03T22:34:40.790+00:00,FORWARD_200,200,"HDG,3.70,3.68,-0.02,1,1"
2026-09-03T22:34:40.790+00:00,FORWARD_200,200,"TOF,452.0,1,170,-282.0"
2026-09-03T22:34:40.790+00:00,FORWARD_200,200,"TOFI,0,0,0,1"
2026-09-03T22:34:40.790+00:00,FORWARD_200,200,"AUTO,2,0,0,0,0,NONE,NONE,0,3"
2026-09-03T22:34:40.790+00:00,FORWARD_200,200,"MOTION,1430749,1,200.00,0.00,0.0000,0.00,0.00"
2026-09-03T22:34:40.882+00:00,FORWARD_200,200,"TEL,1430899,53.08,44.67,59.52,41.35,3.94,-0.402,0.0"
2026-09-03T22:34:40.883+00:00,FORWARD_200,200,"WHEEL,FL,38.20,53.08,36,-92"
2026-09-03T22:34:40.914+00:00,FORWARD_200,200,"WHEEL,FR,38.20,44.67,39,1233"
2026-09-03T22:34:40.914+00:00,FORWARD_200,200,"WHEEL,BL,38.20,59.52,23,3016"
2026-09-03T22:34:40.945+00:00,FORWARD_200,200,"WHEEL,BR,38.20,41.35,37,-22"
2026-09-03T22:34:40.945+00:00,FORWARD_200,200,"POSE,604.1,1582.7,3.94,0"
2026-09-03T22:34:40.945+00:00,FORWARD_200,200,"SYS,WAIT_START,0,1,8,MANUAL,RED,0"
2026-09-03T22:34:41.024+00:00,FORWARD_200,200,"HDG,3.94,3.68,-0.26,1,1"
2026-09-03T22:34:41.024+00:00,FORWARD_200,200,"TOF,452.0,1,170,-282.0"
2026-09-03T22:34:41.024+00:00,FORWARD_200,200,"TOFI,0,0,0,1"
2026-09-03T22:34:41.024+00:00,FORWARD_200,200,"AUTO,2,0,0,0,0,NONE,NONE,0,3"
2026-09-03T22:34:41.024+00:00,FORWARD_200,200,"MOTION,1430949,1,200.00,0.00,0.0000,0.00,0.00"
2026-09-03T22:34:41.086+00:00,FORWARD_200,200,"TEL,1431099,40.86,38.83,41.59,37.84,3.96,-0.402,0.0"
2026-09-03T22:34:41.086+00:00,FORWARD_200,200,"WHEEL,FL,38.20,40.86,46,-52"
2026-09-03T22:34:41.086+00:00,FORWARD_200,200,"WHEEL,FR,38.20,38.83,44,1272"
2026-09-03T22:34:41.086+00:00,FORWARD_200,200,"WHEEL,BL,38.20,41.59,37,3052"
2026-09-03T22:34:41.117+00:00,FORWARD_200,200,"WHEEL,BR,38.20,37.84,39,20"
2026-09-03T22:34:41.117+00:00,FORWARD_200,200,"POSE,645.2,1583.5,3.96,0"
2026-09-03T22:34:41.148+00:00,FORWARD_200,200,"SYS,WAIT_START,0,1,8,MANUAL,RED,0"
2026-09-03T22:34:41.148+00:00,FORWARD_200,200,"HDG,3.96,3.68,-0.28,1,1"
2026-09-03T22:34:41.148+00:00,FORWARD_200,200,"TOF,467.0,1,170,-297.0"
2026-09-03T22:34:41.148+00:00,FORWARD_200,200,"TOFI,0,0,0,1"
2026-09-03T22:34:41.179+00:00,FORWARD_200,200,"AUTO,2,0,0,0,0,NONE,NONE,0,3"
2026-09-03T22:34:41.179+00:00,FORWARD_200,200,"MOTION,1431149,1,200.00,0.00,0.0000,0.00,0.00"
2026-09-03T22:34:41.287+00:00,FORWARD_200,200,"TEL,1431299,44.14,41.46,44.47,36.52,3.52,-0.402,0.0"
2026-09-03T22:34:41.288+00:00,FORWARD_200,200,"WHEEL,FL,38.20,44.14,43,-8"
2026-09-03T22:34:41.366+00:00,FORWARD_200,200,"WHEEL,FR,38.20,41.46,42,1313"
2026-09-03T22:34:41.366+00:00,FORWARD_200,200,"WHEEL,BL,38.20,44.47,34,3095"
2026-09-03T22:34:41.366+00:00,FORWARD_200,200,"WHEEL,BR,38.20,36.52,40,61"
2026-09-03T22:34:41.366+00:00,FORWARD_200,200,"POSE,689.4,1586.0,3.52,0"
2026-09-03T22:34:41.366+00:00,FORWARD_200,200,"SYS,WAIT_START,0,1,8,MANUAL,RED,0"
2026-09-03T22:34:41.366+00:00,FORWARD_200,200,"HDG,3.52,3.68,0.16,1,1"
2026-09-03T22:34:41.366+00:00,FORWARD_200,200,"TOF,467.0,1,170,-297.0"
2026-09-03T22:34:41.366+00:00,FORWARD_200,200,"TOFI,0,0,0,1"
2026-09-03T22:34:41.396+00:00,FORWARD_200,200,"AUTO,2,0,0,0,0,NONE,NONE,0,3"
2026-09-03T22:34:41.397+00:00,FORWARD_200,200,"MOTION,1431349,1,200.00,0.00,0.0000,0.00,0.00"
2026-09-03T22:34:41.475+00:00,FORWARD_200,200,"TEL,1431499,43.61,48.90,42.28,42.56,4.08,-0.402,0.0"
2026-09-03T22:34:41.475+00:00,FORWARD_200,200,"WHEEL,FL,38.20,43.61,43,34"
2026-09-03T22:34:41.553+00:00,REST,0,".90,35,1359"
2026-09-03T22:34:41.553+00:00,REST,0,"WHEEL,BL,38.20,42.28,36,3135"
2026-09-03T22:34:41.553+00:00,REST,0,"WHEEL,BR,38.20,42.56,35,109"
2026-09-03T22:34:41.553+00:00,REST,0,"POSE,735.5,1588.0,4.07,0"
2026-09-03T22:34:41.554+00:00,REST,0,"SYS,WAIT_START,0,1,8,MANUAL,RED,0"
2026-09-03T22:34:41.554+00:00,REST,0,"HDG,4.08,3.68,-0.40,1,1"
2026-09-03T22:34:41.554+00:00,REST,0,"TOF,467.0,1,170,-297.0"
2026-09-03T22:34:41.554+00:00,REST,0,"TOFI,0,0,0,1"
2026-09-03T22:34:41.585+00:00,REST,0,"AUTO,2,0,0,0,0,NONE,NONE,0,3"
2026-09-03T22:34:41.586+00:00,REST,0,"MOTION,1431549,1,200.00,0.00,0.0000,0.00,0.00"
2026-09-03T22:34:41.663+00:00,REST,0,"TEL,1431699,30.22,45.22,30.04,42.66,3.97,-0.402,0.0"
2026-09-03T22:34:41.663+00:00,REST,0,"WHEEL,FL,0.00,30.22,0,77"
2026-09-03T22:34:41.696+00:00,REST,0,"WHEEL,FR,0.00,45.22,0,1401"
2026-09-03T22:34:41.696+00:00,REST,0,"WHEEL,BL,0.00,30.04,0,3179"
2026-09-03T22:34:41.771+00:00,REST,0,"WHEEL,BR,0.00,42.66,0,153"
2026-09-03T22:34:41.771+00:00,REST,0,"POSE,780.7,1590.9,3.97,0"
2026-09-03T22:34:41.771+00:00,REST,0,"SYS,WAIT_START,0,1,8,MANUAL,RED,0"
2026-09-03T22:34:41.771+00:00,REST,0,"HDG,3.97,3.68,-0.29,1,1"
2026-09-03T22:34:41.771+00:00,REST,0,"TOF,467.0,1,170,-297.0"
2026-09-03T22:34:41.771+00:00,REST,0,"TOFI,0,0,0,1"
2026-09-03T22:34:41.771+00:00,REST,0,"AUTO,2,0,0,0,0,NONE,NONE,0,3"
2026-09-03T22:34:41.802+00:00,REST,0,"MOTION,1431748,0,0.00,0.00,0.0000,0.00,0.00"
2026-09-03T22:34:41.864+00:00,REST,0,"TEL,1431899,8.65,3.34,11.00,6.23,3.81,-0.402,0.0"
2026-09-03T22:34:41.864+00:00,REST,0,"WHEEL,FL,0.00,8.65,0,93"
2026-09-03T22:34:41.895+00:00,REST,0,"WHEEL,FR,0.00,3.34,0,1411"
2026-09-03T22:34:41.895+00:00,REST,0,"WHEEL,BL,0.00,11.00,0,3192"
2026-09-03T22:34:41.926+00:00,REST,0,"WHEEL,BR,0.00,6.23,0,164"
2026-09-03T22:34:41.926+00:00,REST,0,"POSE,793.8,1590.8,3.81,0"
2026-09-03T22:34:41.926+00:00,REST,0,"SYS,WAIT_START,0,1,8,MANUAL,RED,0"
2026-09-03T22:34:41.926+00:00,REST,0,"HDG,3.81,3.68,-0.13,1,1"
2026-09-03T22:34:42.004+00:00,REST,0,"TOF,467.0,1,170,-297.0"
2026-09-03T22:34:42.004+00:00,REST,0,"TOFI,0,0,0,1"
2026-09-03T22:34:42.004+00:00,REST,0,"AUTO,2,0,0,0,0,NONE,NONE,0,3"
2026-09-03T22:34:42.004+00:00,REST,0,"MOTION,1431946,0,0.00,0.00,0.0000,0.00,0.00"
2026-09-03T22:34:42.066+00:00,REST,0,"TEL,1432100,0.10,0.05,0.15,-6.89,3.77,-0.402,0.0"
2026-09-03T22:34:42.066+00:00,REST,0,"WHEEL,FL,0.00,0.10,0,92"
2026-09-03T22:34:42.098+00:00,REST,0,"WHEEL,FR,0.00,0.05,0,1411"
2026-09-03T22:34:42.098+00:00,REST,0,"WHEEL,BL,0.00,0.15,0,3192"
2026-09-03T22:34:42.130+00:00,REST,0,"WHEEL,BR,0.00,-6.89,0,163"
2026-09-03T22:34:42.130+00:00,REST,0,"POSE,793.2,1591.3,3.77,0"
2026-09-03T22:34:42.130+00:00,REST,0,"SYS,WAIT_START,0,1,8,MANUAL,RED,0"
2026-09-03T22:34:42.130+00:00,REST,0,"HDG,3.77,3.68,-0.09,1,1"
2026-09-03T22:34:42.162+00:00,REST,0,"TOF,467.0,1,170,-297.0"
2026-09-03T22:34:42.162+00:00,REST,0,"TOFI,0,0,0,1"
2026-09-03T22:34:42.162+00:00,REST,0,"AUTO,2,0,0,0,0,NONE,NONE,0,3"
2026-09-03T22:34:42.192+00:00,REST,0,"MOTION,1432147,0,0.00,0.00,0.0000,0.00,0.00"
2026-09-03T22:34:42.287+00:00,REST,0,"TEL,1432300,0.00,0.00,0.00,-0.09,3.76,-0.402,0.0"
2026-09-03T22:34:42.287+00:00,REST,0,"WHEEL,FL,0.00,0.00,0,92"
2026-09-03T22:34:42.319+00:00,BACKWARD_200,-200,11
2026-09-03T22:34:42.319+00:00,BACKWARD_200,-200,"WHEEL,BL,0.00,0.00,0,3192"
2026-09-03T22:34:42.350+00:00,BACKWARD_200,-200,"WHEEL,BR,0.00,-0.09,0,163"
2026-09-03T22:34:42.350+00:00,BACKWARD_200,-200,"POSE,793.2,1591.3,3.76,0"
2026-09-03T22:34:42.350+00:00,BACKWARD_200,-200,"SYS,WAIT_START,0,1,8,MANUAL,RED,0"
2026-09-03T22:34:42.350+00:00,BACKWARD_200,-200,"HDG,3.76,3.68,-0.08,1,1"
2026-09-03T22:34:42.380+00:00,BACKWARD_200,-200,"TOF,467.0,1,170,-297.0"
2026-09-03T22:34:42.381+00:00,BACKWARD_200,-200,"TOFI,0,0,0,1"
2026-09-03T22:34:42.411+00:00,BACKWARD_200,-200,"AUTO,2,0,0,0,0,NONE,NONE,0,3"
2026-09-03T22:34:42.411+00:00,BACKWARD_200,-200,"MOTION,1432348,0,0.00,0.00,0.0000,0.00,0.00"
2026-09-03T22:34:42.505+00:00,BACKWARD_200,-200,"TEL,1432503,-10.70,-16.06,-16.06,-16.06,3.75,-0.402,0.0"
2026-09-03T22:34:42.505+00:00,BACKWARD_200,-200,"WHEEL,FL,-38.20,-10.70,-72,90"
2026-09-03T22:34:42.505+00:00,BACKWARD_200,-200,"WHEEL,FR,-38.20,-16.06,-66,1408"
2026-09-03T22:34:42.536+00:00,BACKWARD_200,-200,"WHEEL,BL,-38.20,-16.06,-58,3189"
2026-09-03T22:34:42.536+00:00,BACKWARD_200,-200,"WHEEL,BR,-38.20,-16.06,-58,160"
2026-09-03T22:34:42.613+00:00,BACKWARD_200,-200,"POSE,790.4,1590.8,3.75,0"
2026-09-03T22:34:42.613+00:00,BACKWARD_200,-200,"SYS,WAIT_START,0,1,8,MANUAL,RED,0"
2026-09-03T22:34:42.613+00:00,BACKWARD_200,-200,"HDG,3.75,3.68,-0.07,1,1"
2026-09-03T22:34:42.613+00:00,BACKWARD_200,-200,"TOF,467.0,1,170,-297.0"
2026-09-03T22:34:42.613+00:00,BACKWARD_200,-200,"TOFI,0,0,0,1"
2026-09-03T22:34:42.613+00:00,BACKWARD_200,-200,"AUTO,2,0,0,0,0,NONE,NONE,0,3"
2026-09-03T22:34:42.613+00:00,BACKWARD_200,-200,"MOTION,1432556,1,-200.00,0.00,0.0000,0.00,0.00"
2026-09-03T22:34:42.707+00:00,BACKWARD_200,-200,"TEL,1432703,-57.90,-46.66,-50.69,-43.80,3.72,-0.402,0.0"
2026-09-03T22:34:42.707+00:00,BACKWARD_200,-200,"WHEEL,FL,-38.20,-57.90,-35,33"
2026-09-03T22:34:42.707+00:00,BACKWARD_200,-200,"WHEEL,FR,-38.20,-46.66,-41,1356"
2026-09-03T22:34:42.739+00:00,BACKWARD_200,-200,"WHEEL,BL,-38.20,-50.69,-31,3122"
2026-09-03T22:34:42.739+00:00,BACKWARD_200,-200,"WHEEL,BR,-38.20,-43.80,-36,103"
2026-09-03T22:34:42.770+00:00,BACKWARD_200,-200,"POSE,729.6,1586.0,3.72,0"
2026-09-03T22:34:42.770+00:00,BACKWARD_200,-200,"SYS,WAIT_START,0,1,8,MANUAL,RED,0"
2026-09-03T22:34:42.770+00:00,BACKWARD_200,-200,"HDG,3.72,3.68,-0.04,1,1"
2026-09-03T22:34:42.848+00:00,BACKWARD_200,-200,"TOF,467.0,1,170,-297.0"
2026-09-03T22:34:42.848+00:00,BACKWARD_200,-200,"TOFI,0,0,0,1"
2026-09-03T22:34:42.848+00:00,BACKWARD_200,-200,"AUTO,2,0,0,0,0,NONE,NONE,0,3"
2026-09-03T22:34:42.848+00:00,BACKWARD_200,-200,"MOTION,1432756,1,-200.00,0.00,0.0000,0.00,0.00"
2026-09-03T22:34:42.911+00:00,BACKWARD_200,-200,"TEL,1432903,-51.02,-44.93,-44.26,-30.45,3.81,-0.402,0.0"
2026-09-03T22:34:42.911+00:00,BACKWARD_200,-200,"WHEEL,FL,-38.20,-51.02,-40,-11"
2026-09-03T22:34:42.911+00:00,BACKWARD_200,-200,"WHEEL,FR,-38.20,-44.93,-42,1308"
2026-09-03T22:34:42.943+00:00,BACKWARD_200,-200,"WHEEL,BL,-38.20,-44.26,-36,3079"
2026-09-03T22:34:42.943+00:00,BACKWARD_200,-200,"WHEEL,BR,-38.20,-30.45,-47,59"
2026-09-03T22:34:42.943+00:00,BACKWARD_200,-200,"POSE,682.8,1582.7,3.66,0"
2026-09-03T22:34:42.975+00:00,BACKWARD_200,-200,"SYS,WAIT_START,0,1,8,MANUAL,RED,0"
2026-09-03T22:34:42.975+00:00,BACKWARD_200,-200,"HDG,3.81,3.68,-0.13,1,1"
2026-09-03T22:34:43.005+00:00,BACKWARD_200,-200,"TOF,460.0,1,170,-290.0"
2026-09-03T22:34:43.006+00:00,BACKWARD_200,-200,"TOFI,0,0,0,1"
2026-09-03T22:34:43.006+00:00,BACKWARD_200,-200,"AUTO,2,0,0,0,0,NONE,NONE,0,3"
2026-09-03T22:34:43.006+00:00,BACKWARD_200,-200,"MOTION,1432955,1,-200.00,0.00,0.0000,0.00,0.00"
2026-09-03T22:34:43.101+00:00,BACKWARD_200,-200,"TEL,1433104,-54.62,-36.87,-35.42,-38.57,3.44,-0.402,0.0"
2026-09-03T22:34:43.101+00:00,BACKWARD_200,-200,"WHEEL,FL,-38.20,-54.62,-36,-54"
2026-09-03T22:34:43.131+00:00,BACKWARD_200,-200,"WHEEL,FR,-38.20,-36.87,-48,1265"
2026-09-03T22:34:43.131+00:00,BACKWARD_200,-200,"WHEEL,BL,-38.20,-35.42,-43,3042"
2026-09-03T22:34:43.131+00:00,BACKWARD_200,-200,"WHEEL,BR,-38.20,-38.57,-40,14"
2026-09-03T22:34:43.208+00:00,BACKWARD_200,-200,"POSE,638.8,1582.4,3.37,0"
2026-09-03T22:34:43.208+00:00,BACKWARD_200,-200,"SYS,WAIT_START,0,1,8,MANUAL,RED,0"
2026-09-03T22:34:43.208+00:00,BACKWARD_200,-200,"HDG,3.44,3.68,0.24,1,1"
2026-09-03T22:34:43.208+00:00,BACKWARD_200,-200,"TOF,460.0,1,170,-290.0"
2026-09-03T22:34:43.208+00:00,BACKWARD_200,-200,"TOFI,0,0,0,1"
2026-09-03T22:34:43.208+00:00,BACKWARD_200,-200,"AUTO,2,0,0,0,0,NONE,NONE,0,3"
2026-09-03T22:34:43.208+00:00,BACKWARD_200,-200,"MOTION,1433156,1,-200.00,0.00,0.0000,0.00,0.00"
2026-09-03T22:34:43.302+00:00,BACKWARD_200,-200,"TEL,1433305,-52.50,-36.61,-47.83,-33.16,3.72,-0.402,0.0"
2026-09-03T22:34:43.302+00:00,BACKWARD_200,-200,"WHEEL,FL,-38.20,-52.50,-38,-100"
2026-09-03T22:34:43.302+00:00,BACKWARD_200,-200,"WHEEL,FR,-38.20,-36.61,-48,1218"
2026-09-03T22:34:43.334+00:00,BACKWARD_200,-200,"WHEEL,BL,-38.20,-47.83,-33,2993"
2026-09-03T22:34:43.334+00:00,BACKWARD_200,-200,"WHEEL,BR,-38.20,-33.16,-44,-30"
2026-09-03T22:34:43.365+00:00,BACKWARD_200,-200,"POSE,590.2,1578.1,3.72,0"
2026-09-03T22:34:43.365+00:00,BACKWARD_200,-200,"SYS,WAIT_START,0,1,8,MANUAL,RED,0"
2026-09-03T22:34:43.365+00:00,BACKWARD_200,-200,"HDG,3.72,3.68,-0.04,1,1"
2026-09-03T22:34:43.444+00:00,BACKWARD_200,-200,"TOF,253.0,1,170,-83.0"
2026-09-03T22:34:43.444+00:00,BACKWARD_200,-200,"TOFI,0,0,0,1"
2026-09-03T22:34:43.444+00:00,BACKWARD_200,-200,"AUTO,2,0,0,0,0,NONE,NONE,0,3"
2026-09-03T22:34:43.444+00:00,BACKWARD_200,-200,"MOTION,1433357,1,-200.00,0.00,0.0000,0.00,0.00"
2026-09-03T22:34:43.554+00:00,BACKWARD_200,-200,"TEL,1433506,-56.85,-41.79,-50.94,-41.73,3.72,-0.402,0.0"
2026-09-03T22:34:43.554+00:00,BACKWARD_200,-200,"WHEEL,FL,-38.20,-56.85,-34,-145"
2026-09-03T22:34:43.554+00:00,BACKWARD_200,-200,"WHEEL,FR,-38.20,-41.79,-44,1169"
2026-09-03T22:34:43.554+00:00,BACKWARD_200,-200,"WHEEL,BL,-38.20,-50.94,-30,2949"
2026-09-03T22:34:43.554+00:00,BACKWARD_200,-200,"WHEEL,BR,-38.20,-41.73,-37,-74"
2026-09-03T22:34:43.554+00:00,BACKWARD_200,-200,"POSE,542.8,1573.8,3.72,0"
2026-09-03T22:34:43.585+00:00,BACKWARD_200,-200,"SYS,WAIT_START,0,1,8,MANUAL,RED,0"
2026-09-03T22:34:43.585+00:00,BACKWARD_200,-200,"HDG,3.72,3.68,-0.04,1,1"
2026-09-03T22:34:43.585+00:00,BACKWARD_200,-200,"TOF,241.0,1,170,-71.0"
2026-09-03T22:34:43.585+00:00,BACKWARD_200,-200,"TOFI,0,0,0,1"
2026-09-03T22:34:43.585+00:00,BACKWARD_200,-200,"AUTO,2,0,0,0,0,NONE,NONE,0,3"
2026-09-03T22:34:43.616+00:00,BACKWARD_200,-200,"MOTION,1433559,1,-200.00,0.00,0.0000,0.00,0.00"
2026-09-03T22:34:43.711+00:00,BACKWARD_200,-200,"TEL,1433706,-39.96,-36.75,-33.49,-43.68,3.16,-0.402,0.0"
2026-09-03T22:34:43.711+00:00,BACKWARD_200,-200,"WHEEL,FL,-53.05,-39.96,-61,-185"
2026-09-03T22:34:43.711+00:00,BACKWARD_200,-200,"WHEEL,FR,-23.35,-36.75,-32,1125"
2026-09-03T22:34:43.790+00:00,BACKWARD_200,-200,"WHEEL,BL,-53.05,-33.49,-58,2913"
2026-09-03T22:34:43.790+00:00,BACKWARD_200,-200,"WHEEL,BR,-23.35,-43.68,-21,-119"
2026-09-03T22:34:43.790+00:00,BACKWARD_200,-200,"POSE,499.6,1572.5,3.16,0"
2026-09-03T22:34:43.790+00:00,BACKWARD_200,-200,"SYS,WAIT_START,0,1,8,MANUAL,RED,0"
2026-09-03T22:34:43.790+00:00,BACKWARD_200,-200,"HDG,3.16,3.68,0.52,1,1"
2026-09-03T22:34:43.790+00:00,BACKWARD_200,-200,"TOF,223.0,1,170,-53.0"
2026-09-03T22:34:43.790+00:00,BACKWARD_200,-200,"TOFI,0,0,0,1"
2026-09-03T22:34:43.790+00:00,BACKWARD_200,-200,"AUTO,2,0,0,0,0,NONE,NONE,0,3"
2026-09-03T22:34:43.821+00:00,BACKWARD_200,-200,"MOTION,1433759,1,-200.00,0.00,0.2549,0.00,0.00"
2026-09-03T22:34:43.900+00:00,BACKWARD_200,-200,"TEL,1433906,-36.14,-64.51,-30.96,-50.39,5.02,-0.402,0.0"
2026-09-03T22:34:43.900+00:00,BACKWARD_200,-200,"WHEEL,FL,-27.71,-36.14,-38,-242"
2026-09-03T22:34:43.932+00:00,BACKWARD_200,-200,"WHEEL,FR,-48.68,-64.51,-37,1079"
2026-09-03T22:34:43.932+00:00,BACKWARD_200,-200,"WHEEL,BL,-27.71,-30.96,-34,2860"
2026-09-03T22:34:43.932+00:00,BACKWARD_200,-200,"WHEEL,BR,-48.68,-50.39,-41,-159"
2026-09-03T22:34:44.010+00:00,BACKWARD_200,-200,"POSE,448.6,1567.3,5.02,0"
2026-09-03T22:34:44.010+00:00,BACKWARD_200,-200,"SYS,WAIT_START,0,1,8,MANUAL,RED,0"
2026-09-03T22:34:44.010+00:00,BACKWARD_200,-200,"HDG,5.02,3.68,-1.34,1,1"
2026-09-03T22:34:44.010+00:00,BACKWARD_200,-200,"TOF,241.0,1,170,-71.0"
2026-09-03T22:34:44.010+00:00,BACKWARD_200,-200,"TOFI,0,0,0,1"
2026-09-03T22:34:44.010+00:00,BACKWARD_200,-200,"AUTO,2,0,0,0,0,NONE,NONE,0,3"
2026-09-03T22:34:44.010+00:00,BACKWARD_200,-200,"MOTION,1433959,1,-200.00,0.00,-0.1800,0.00,0.00"
2026-09-03T22:34:44.121+00:00,BACKWARD_200,-200,"TEL,1434106,-50.91,-45.30,-44.88,-33.02,3.78,-0.402,0.0"
2026-09-03T22:34:44.121+00:00,BACKWARD_200,-200,"WHEEL,FL,-38.20,-50.91,-37,-282"
2026-09-03T22:34:44.121+00:00,BACKWARD_200,-200,"WHEEL,FR,-38.20,-45.30,-40,1031"
2026-09-03T22:34:44.151+00:00,BACKWARD_200,-200,"WHEEL,BL,-38.20,-44.88,-34,2824"
2026-09-03T22:34:44.151+00:00,BACKWARD_200,-200,"WHEEL,BR,-38.20,-33.02,-44,-208"
2026-09-03T22:34:44.151+00:00,BACKWARD_200,-200,"POSE,403.3,1565.6,3.78,0"
2026-09-03T22:34:44.182+00:00,BACKWARD_200,-200,"SYS,WAIT_START,0,1,8,MANUAL,RED,0"
2026-09-03T22:34:44.182+00:00,BACKWARD_200,-200,"HDG,3.78,3.68,-0.10,1,1"
2026-09-03T22:34:44.182+00:00,BACKWARD_200,-200,"TOF,241.0,1,170,-71.0"
2026-09-03T22:34:44.182+00:00,BACKWARD_200,-200,"TOFI,0,0,0,1"
2026-09-03T22:34:44.182+00:00,BACKWARD_200,-200,"AUTO,2,0,0,0,0,NONE,NONE,0,3"
2026-09-03T22:34:44.213+00:00,BACKWARD_200,-200,"MOTION,1434159,1,-200.00,0.00,0.0000,0.00,0.00"
2026-09-03T22:34:44.353+00:00,BACKWARD_200,-200,"TEL,1434307,-32.87,-32.21,-36.38,-32.04,3.62,-0.402,0.0"
2026-09-03T22:34:44.353+00:00,BACKWARD_200,-200,"WHEEL,FL,-38.20,-32.87,-51,-317"
2026-09-03T22:34:44.353+00:00,BACKWARD_200,-200,"WHEEL,FR,-38.20,-32.21,-50,991"
2026-09-03T22:34:44.353+00:00,BACKWARD_200,-200,"WHEEL,BL,-38.20,-36.38,-40,2790"
2026-09-03T22:34:44.353+00:00,BACKWARD_200,-200,"WHEEL,BR,-38.20,-32.04,-45,-247"
2026-09-03T22:34:44.353+00:00,BACKWARD_200,-200,"POSE,364.6,1563.2,3.62,0"
2026-09-03T22:34:44.431+00:00,REST,0,",0"
2026-09-03T22:34:44.431+00:00,REST,0,"HDG,3.62,3.68,0.06,1,1"
2026-09-03T22:34:44.431+00:00,REST,0,"TOF,241.0,1,170,-71.0"
2026-09-03T22:34:44.431+00:00,REST,0,"TOFI,0,0,0,1"
2026-09-03T22:34:44.431+00:00,REST,0,"AUTO,2,0,0,0,0,NONE,NONE,0,3"
2026-09-03T22:34:44.431+00:00,REST,0,"MOTION,1434359,1,-200.00,0.00,0.0000,0.00,0.00"
2026-09-03T22:34:44.541+00:00,REST,0,"TEL,1434510,-43.57,-43.08,-33.48,-42.79,3.48,-0.402,0.0"
2026-09-03T22:34:44.541+00:00,REST,0,"WHEEL,FL,-38.20,-43.57,-42,-362"
2026-09-03T22:34:44.541+00:00,REST,0,"WHEEL,FR,-38.20,-43.08,-41,943"
2026-09-03T22:34:44.541+00:00,REST,0,"WHEEL,BL,-38.20,-33.48,-43,2751"
2026-09-03T22:34:44.541+00:00,REST,0,"WHEEL,BR,-38.20,-42.79,-36,-292"
2026-09-03T22:34:44.572+00:00,REST,0,"POSE,318.3,1561.1,3.52,0"
2026-09-03T22:34:44.573+00:00,REST,0,"SYS,WAIT_START,0,1,8,MANUAL,RED,0"
2026-09-03T22:34:44.573+00:00,REST,0,"HDG,3.48,3.68,0.20,1,1"
2026-09-03T22:34:44.651+00:00,REST,0,"TOF,241.0,1,170,-71.0"
2026-09-03T22:34:44.651+00:00,REST,0,"TOFI,0,0,0,1"
2026-09-03T22:34:44.651+00:00,REST,0,"AUTO,2,0,0,0,0,NONE,NONE,0,3"
2026-09-03T22:34:44.651+00:00,REST,0,"MOTION,1434562,1,-200.00,0.00,0.0000,0.00,0.00"
2026-09-03T22:34:44.712+00:00,REST,0,"TEL,1434711,-12.68,-10.52,-12.80,-37.18,2.90,-0.402,0.0"
2026-09-03T22:34:44.712+00:00,REST,0,"WHEEL,FL,0.00,-12.68,0,-392"
2026-09-03T22:34:44.712+00:00,REST,0,"WHEEL,FR,0.00,-10.52,0,915"
2026-09-03T22:34:44.712+00:00,REST,0,"WHEEL,BL,0.00,-12.80,0,2719"
2026-09-03T22:34:44.744+00:00,REST,0,"WHEEL,BR,0.00,-37.18,0,-331"
2026-09-03T22:34:44.745+00:00,REST,0,"POSE,284.5,1561.5,2.96,0"
2026-09-03T22:34:44.745+00:00,REST,0,"SYS,WAIT_START,0,1,8,MANUAL,RED,0"
2026-09-03T22:34:44.776+00:00,REST,0,"HDG,2.90,3.68,0.78,1,1"
2026-09-03T22:34:44.776+00:00,REST,0,"TOF,241.0,1,170,-71.0"
2026-09-03T22:34:44.776+00:00,REST,0,"TOFI,0,0,0,1"
2026-09-03T22:34:44.807+00:00,REST,0,"AUTO,2,0,0,0,0,NONE,NONE,0,3"
2026-09-03T22:34:44.807+00:00,REST,0,"MOTION,1434761,0,0.00,0.00,0.0000,0.00,0.00"
2026-09-03T22:34:44.901+00:00,REST,0,"TEL,1434911,-0.36,-0.33,-0.38,-0.84,2.88,-0.402,0.0"
2026-09-03T22:34:44.901+00:00,REST,0,"WHEEL,FL,0.00,-0.36,0,-396"
2026-09-03T22:34:44.933+00:00,REST,0,"WHEEL,FR,0.00,-0.33,0,910"
2026-09-03T22:34:44.933+00:00,REST,0,"WHEEL,BL,0.00,-0.38,0,2714"
2026-09-03T22:34:44.933+00:00,REST,0,"WHEEL,BR,0.00,-0.84,0,-334"
2026-09-03T22:34:44.933+00:00,REST,0,"POSE,280.1,1560.5,2.89,0"
2026-09-03T22:34:45.011+00:00,REST,0,"SYS,WAIT_START,0,1,8,MANUAL,RED,0"
2026-09-03T22:34:45.011+00:00,REST,0,"HDG,2.88,3.68,0.79,1,1"
2026-09-03T22:34:45.011+00:00,REST,0,"TOF,241.0,1,170,-71.0"
2026-09-03T22:34:45.011+00:00,REST,0,"TOFI,0,0,0,1"
2026-09-03T22:34:45.011+00:00,REST,0,"AUTO,2,0,0,0,0,NONE,NONE,0,3"
2026-09-03T22:34:45.011+00:00,REST,0,"MOTION,1434960,0,0.00,0.00,0.0000,0.00,0.00"
2026-09-03T22:34:45.120+00:00,REST,0,"TEL,1435111,-0.01,-0.01,-0.01,-0.02,2.86,-0.402,0.0"
2026-09-03T22:34:45.120+00:00,REST,0,"WHEEL,FL,0.00,-0.01,0,-396"
2026-09-03T22:34:45.120+00:00,REST,0,"WHEEL,FR,0.00,-0.01,0,910"
2026-09-03T22:34:45.120+00:00,REST,0,"WHEEL,BL,0.00,-0.01,0,2714"
2026-09-03T22:34:45.151+00:00,REST,0,"WHEEL,BR,0.00,-0.02,0,-334"
2026-09-03T22:34:45.151+00:00,REST,0,"POSE,280.1,1560.5,2.86,0"
2026-09-03T22:34:45.152+00:00,REST,0,"SYS,WAIT_START,0,1,8,MANUAL,RED,0"
2026-09-03T22:34:45.230+00:00,REST,0,"HDG,2.86,3.68,0.82,1,1"
2026-09-03T22:34:45.230+00:00,REST,0,"TOF,241.0,1,170,-71.0"
2026-09-03T22:34:45.230+00:00,REST,0,"TOFI,0,0,0,1"
2026-09-03T22:34:45.230+00:00,REST,0,"AUTO,2,0,0,0,0,NONE,NONE,0,3"
2026-09-03T22:34:45.230+00:00,REST,0,"MOTION,1435159,0,0.00,0.00,0.0000,0.00,0.00"
2026-09-03T22:34:45.292+00:00,FORWARD_300,300,"TEL,1435311,-0.00,-0.00,-0.00,-0.00,2.86,-0.402,0.0"
2026-09-03T22:34:45.293+00:00,FORWARD_300,300,"WHEEL,FL,0.00,-0.00,0,-396"
2026-09-03T22:34:45.325+00:00,FORWARD_300,300,"WHEEL,FR,0.00,-0.00,0,910"
2026-09-03T22:34:45.325+00:00,FORWARD_300,300,"WHEEL,BL,0.00,-0.00,0,2714"
2026-09-03T22:34:45.325+00:00,FORWARD_300,300,"WHEEL,BR,0.00,-0.00,0,-334"
2026-09-03T22:34:45.325+00:00,FORWARD_300,300,"POSE,280.1,1560.5,2.86,0"
2026-09-03T22:34:45.356+00:00,FORWARD_300,300,"SYS,WAIT_START,0,1,8,MANUAL,RED,0"
2026-09-03T22:34:45.387+00:00,FORWARD_300,300,"HDG,2.86,3.68,0.82,1,1"
2026-09-03T22:34:45.387+00:00,FORWARD_300,300,"TOF,253.0,1,170,-83.0"
2026-09-03T22:34:45.387+00:00,FORWARD_300,300,"TOFI,0,0,0,1"
2026-09-03T22:34:45.387+00:00,FORWARD_300,300,"AUTO,2,0,0,0,0,NONE,NONE,0,3"
2026-09-03T22:34:45.419+00:00,FORWARD_300,300,"MOTION,1435360,0,0.00,0.00,0.0000,0.00,0.00"
2026-09-03T22:34:45.511+00:00,FORWARD_300,300,"TEL,1435511,44.41,69.73,34.55,67.90,2.35,-0.402,0.0"
2026-09-03T22:34:45.511+00:00,FORWARD_300,300,"WHEEL,FL,46.81,44.41,54,-367"
2026-09-03T22:34:45.511+00:00,FORWARD_300,300,"WHEEL,FR,67.78,69.73,53,965"
2026-09-03T22:34:45.511+00:00,FORWARD_300,300,"WHEEL,BL,46.81,34.55,52,2736"
2026-09-03T22:34:45.542+00:00,FORWARD_300,300,"WHEEL,BR,67.78,67.90,47,-301"
2026-09-03T22:34:45.573+00:00,FORWARD_300,300,"POSE,316.2,1566.1,2.35,0"
2026-09-03T22:34:45.573+00:00,FORWARD_300,300,"SYS,WAIT_START,0,1,8,MANUAL,RED,0"
2026-09-03T22:34:45.573+00:00,FORWARD_300,300,"HDG,2.35,3.68,1.33,1,1"
2026-09-03T22:34:45.573+00:00,FORWARD_300,300,"TOF,302.0,1,170,-132.0"
2026-09-03T22:34:45.605+00:00,FORWARD_300,300,"TOFI,0,0,0,1"
2026-09-03T22:34:45.605+00:00,FORWARD_300,300,"AUTO,2,0,0,0,0,NONE,NONE,0,3"
2026-09-03T22:34:45.605+00:00,FORWARD_300,300,"MOTION,1435561,1,300.00,0.00,0.1800,0.00,0.00"
2026-09-03T22:34:45.684+00:00,FORWARD_300,300,"TEL,1435712,59.29,84.87,55.83,77.62,2.49,-0.402,0.0"
2026-09-03T22:34:45.684+00:00,FORWARD_300,300,"WHEEL,FL,46.81,59.29,41,-304"
2026-09-03T22:34:45.715+00:00,FORWARD_300,300,"WHEEL,FR,67.78,84.87,41,1043"
2026-09-03T22:34:45.715+00:00,FORWARD_300,300,"WHEEL,BL,46.81,55.83,35,2798"
2026-09-03T22:34:45.794+00:00,FORWARD_300,300,"WHEEL,BR,67.78,77.62,39,-233"
2026-09-03T22:34:45.794+00:00,FORWARD_300,300,"POSE,387.0,1571.2,2.35,0"
2026-09-03T22:34:45.794+00:00,FORWARD_300,300,"SYS,WAIT_START,0,1,8,MANUAL,RED,0"
2026-09-03T22:34:45.794+00:00,FORWARD_300,300,"HDG,2.49,3.68,1.19,1,1"
2026-09-03T22:34:45.794+00:00,FORWARD_300,300,"TOF,373.0,1,170,-203.0"
2026-09-03T22:34:45.794+00:00,FORWARD_300,300,"TOFI,0,0,0,1"
2026-09-03T22:34:45.794+00:00,FORWARD_300,300,"AUTO,2,0,0,0,0,NONE,NONE,0,3"
2026-09-03T22:34:45.825+00:00,FORWARD_300,300,"MOTION,1435762,1,300.00,0.00,0.1800,0.00,0.00"
2026-09-03T22:34:45.903+00:00,FORWARD_300,300,"TEL,1435913,64.53,68.79,63.88,64.98,3.23,-0.402,0.0"
2026-09-03T22:34:45.903+00:00,FORWARD_300,300,"WHEEL,FL,57.30,64.53,47,-237"
2026-09-03T22:34:45.934+00:00,FORWARD_300,300,"WHEEL,FR,57.30,68.79,42,1116"
2026-09-03T22:34:45.934+00:00,FORWARD_300,300,"WHEEL,BL,57.30,63.88,39,2861"
2026-09-03T22:34:45.934+00:00,FORWARD_300,300,"WHEEL,BR,57.30,64.98,38,-159"
2026-09-03T22:34:45.966+00:00,FORWARD_300,300,"POSE,459.5,1574.2,3.23,0"
2026-09-03T22:34:45.966+00:00,FORWARD_300,300,"SYS,WAIT_START,0,1,8,MANUAL,RED,0"
2026-09-03T22:34:45.967+00:00,FORWARD_300,300,"HDG,3.23,3.68,0.44,1,1"
2026-09-03T22:34:45.967+00:00,FORWARD_300,300,"TOF,329.0,1,170,-159.0"
2026-09-03T22:34:45.997+00:00,FORWARD_300,300,"TOFI,0,0,0,1"
2026-09-03T22:34:45.997+00:00,FORWARD_300,300,"AUTO,2,0,0,0,0,NONE,NONE,0,3"
2026-09-03T22:34:46.028+00:00,FORWARD_300,300,"MOTION,1435963,1,300.00,0.00,0.0000,0.00,0.00"
2026-09-03T22:34:46.138+00:00,FORWARD_300,300,"TEL,1436114,57.21,60.60,58.27,50.08,3.37,-0.402,0.0"
2026-09-03T22:34:46.138+00:00,FORWARD_300,300,"WHEEL,FL,57.30,57.21,53,-177"
2026-09-03T22:34:46.138+00:00,FORWARD_300,300,"WHEEL,FR,57.30,60.60,48,1175"
2026-09-03T22:34:46.138+00:00,FORWARD_300,300,"WHEEL,BL,57.30,58.27,43,2916"
2026-09-03T22:34:46.138+00:00,FORWARD_300,300,"WHEEL,BR,57.30,50.08,50,-100"
2026-09-03T22:34:46.169+00:00,FORWARD_300,300,"POSE,520.5,1576.6,3.37,0"
2026-09-03T22:34:46.169+00:00,FORWARD_300,300,"SYS,WAIT_START,0,1,8,MANUAL,RED,0"
2026-09-03T22:34:46.169+00:00,FORWARD_300,300,"HDG,3.37,3.68,0.31,1,1"
2026-09-03T22:34:46.169+00:00,FORWARD_300,300,"TOF,373.0,1,170,-203.0"
2026-09-03T22:34:46.246+00:00,FORWARD_300,300,"TOFI,0,0,0,1"
2026-09-03T22:34:46.246+00:00,FORWARD_300,300,"AUTO,2,0,0,0,0,NONE,NONE,0,3"
2026-09-03T22:34:46.246+00:00,FORWARD_300,300,"MOTION,1436164,1,300.00,0.00,0.0000,0.00,0.00"
2026-09-03T22:34:46.357+00:00,FORWARD_300,300,"TEL,1436333,69.18,58.01,67.12,62.16,3.82,-0.402,0.0"
2026-09-03T22:34:46.357+00:00,FORWARD_300,300,"WHEEL,FL,57.30,69.18,43,-102"
2026-09-03T22:34:46.357+00:00,FORWARD_300,300,"WHEEL,FR,57.30,58.01,49,1253"
2026-09-03T22:34:46.357+00:00,FORWARD_300,300,"WHEEL,BL,57.30,67.12,36,2986"
2026-09-03T22:34:46.357+00:00,FORWARD_300,300,"WHEEL,BR,57.30,62.16,40,-22"
2026-09-03T22:34:46.388+00:00,FORWARD_300,300,"POSE,599.2,1580.7,3.82,0"
2026-09-03T22:34:46.388+00:00,FORWARD_300,300,"SYS,WAIT_START,0,1,8,MANUAL,RED,0"
2026-09-03T22:34:46.388+00:00,FORWARD_300,300,"HDG,3.82,3.68,-0.14,1,1"
2026-09-03T22:34:46.388+00:00,FORWARD_300,300,"TOF,373.0,1,170,-203.0"
2026-09-03T22:34:46.467+00:00,FORWARD_300,300,"TOFI,0,0,0,1"
2026-09-03T22:34:46.467+00:00,FORWARD_300,300,"AUTO,2,0,0,0,0,NONE,NONE,0,3"
2026-09-03T22:34:46.467+00:00,FORWARD_300,300,"MOTION,1436384,1,300.00,0.00,0.0000,0.00,0.00"
2026-09-03T22:34:46.531+00:00,FORWARD_300,300,"TEL,1436533,62.68,57.54,63.07,65.30,3.99,-0.402,0.0"
2026-09-03T22:34:46.531+00:00,FORWARD_300,300,"WHEEL,FL,57.30,62.68,48,-44"
2026-09-03T22:34:46.531+00:00,FORWARD_300,300,"WHEEL,FR,57.30,57.54,49,1325"
2026-09-03T22:34:46.531+00:00,FORWARD_300,300,"WHEEL,BL,57.30,63.07,39,3047"
2026-09-03T22:34:46.562+00:00,FORWARD_300,300,"WHEEL,BR,57.30,65.30,37,42"
2026-09-03T22:34:46.562+00:00,FORWARD_300,300,"POSE,665.6,1588.0,3.99,0"
2026-09-03T22:34:46.592+00:00,FORWARD_300,300,"SYS,WAIT_START,0,1,8,MANUAL,RED,0"
2026-09-03T22:34:46.592+00:00,FORWARD_300,300,"HDG,3.99,3.68,-0.31,1,1"
2026-09-03T22:34:46.592+00:00,FORWARD_300,300,"TOF,373.0,1,170,-203.0"
2026-09-03T22:34:46.592+00:00,FORWARD_300,300,"TOFI,0,0,0,1"
2026-09-03T22:34:46.624+00:00,FORWARD_300,300,"AUTO,2,0,0,0,0,NONE,NONE,0,3"
2026-09-03T22:34:46.624+00:00,FORWARD_300,300,"MOTION,1436583,1,300.00,0.00,0.0000,0.00,0.00"
2026-09-03T22:34:46.735+00:00,FORWARD_300,300,"TEL,1436739,71.91,53.73,68.58,58.36,3.36,-0.402,0.0"
2026-09-03T22:34:46.735+00:00,FORWARD_300,300,"WHEEL,FL,57.30,71.91,40,20"
2026-09-03T22:34:46.735+00:00,FORWARD_300,300,"WHEEL,FR,57.30,53.73,52,1392"
2026-09-03T22:34:46.735+00:00,FORWARD_300,300,"WHEEL,BL,57.30,68.58,35,3110"
2026-09-03T22:34:46.814+00:00,FORWARD_300,300,"WHEEL,BR,57.30,58.36,42,102"
2026-09-03T22:34:46.814+00:00,FORWARD_300,300,"POSE,731.8,1594.3,3.60,0"
2026-09-03T22:34:46.814+00:00,FORWARD_300,300,"SYS,WAIT_START,0,1,8,MANUAL,RED,0"
2026-09-03T22:34:46.814+00:00,FORWARD_300,300,"HDG,3.36,3.68,0.32,1,1"
2026-09-03T22:34:46.815+00:00,FORWARD_300,300,"TOF,373.0,1,170,-203.0"
2026-09-03T22:34:46.815+00:00,FORWARD_300,300,"TOFI,0,0,0,1"
2026-09-03T22:34:46.815+00:00,FORWARD_300,300,"AUTO,2,0,0,0,0,NONE,NONE,0,3"
2026-09-03T22:34:46.844+00:00,FORWARD_300,300,"MOTION,1436788,1,300.00,0.00,0.0000,0.00,0.00"
2026-09-03T22:34:46.923+00:00,FORWARD_300,300,"TEL,1436939,69.38,65.94,68.50,62.34,3.81,-0.402,0.0"
2026-09-03T22:34:46.923+00:00,FORWARD_300,300,"WHEEL,FL,57.30,69.38,42,85"
2026-09-03T22:34:46.955+00:00,FORWARD_300,300,"WHEEL,FR,57.30,65.94,42,1465"
2026-09-03T22:34:46.955+00:00,FORWARD_300,300,"WHEEL,BL,57.30,68.50,34,3177"
2026-09-03T22:34:46.955+00:00,FORWARD_300,300,"WHEEL,BR,57.30,62.34,38,169"
2026-09-03T22:34:46.955+00:00,FORWARD_300,300,"POSE,802.7,1601.8,3.81,0"
2026-09-03T22:34:46.986+00:00,FORWARD_300,300,"SYS,WAIT_START,0,1,8,MANUAL,RED,0"
2026-09-03T22:34:46.986+00:00,FORWARD_300,300,"HDG,3.81,3.68,-0.13,1,1"
2026-09-03T22:34:46.986+00:00,FORWARD_300,300,"TOF,373.0,1,170,-203.0"
2026-09-03T22:34:46.986+00:00,FORWARD_300,300,"TOFI,0,0,0,1"
2026-09-03T22:34:47.017+00:00,FORWARD_300,300,"AUTO,2,0,0,0,0,NONE,NONE,0,3"
2026-09-03T22:34:47.049+00:00,FORWARD_300,300,"MOTION,1436989,1,300.00,0.00,0.0000,0.00,0.00"
2026-09-03T22:34:47.160+00:00,FORWARD_300,300,"TEL,1437139,74.87,46.86,74.20,46.14,3.76,-0.402,0.0"
2026-09-03T22:34:47.160+00:00,FORWARD_300,300,"WHEEL,FL,57.30,74.87,38,146"
2026-09-03T22:34:47.160+00:00,FORWARD_300,300,"WHEEL,FR,57.30,46.86,56,1519"
2026-09-03T22:34:47.160+00:00,FORWARD_300,300,"WHEEL,BL,57.30,74.20,30,3236"
2026-09-03T22:34:47.160+00:00,FORWARD_300,300,"WHEEL,BR,57.30,46.14,50,224"
2026-09-03T22:34:47.190+00:00,FORWARD_300,300,"POSE,862.5,1605.5,3.76,0"
2026-09-03T22:34:47.190+00:00,FORWARD_300,300,"SYS,WAIT_START,0,1,8,MANUAL,RED,0"
2026-09-03T22:34:47.190+00:00,FORWARD_300,300,"HDG,3.76,3.68,-0.09,1,1"
2026-09-03T22:34:47.190+00:00,FORWARD_300,300,"TOF,373.0,1,170,-203.0"
2026-09-03T22:34:47.269+00:00,FORWARD_300,300,"TOFI,0,0,0,1"
2026-09-03T22:34:47.269+00:00,FORWARD_300,300,"AUTO,2,0,0,0,0,NONE,NONE,0,3"
2026-09-03T22:34:47.269+00:00,FORWARD_300,300,"MOTION,1437189,1,300.00,0.00,0.0000,0.00,0.00"
2026-09-03T22:34:47.348+00:00,REST,0,"TEL,1437339,81.22,47.29,78.37,51.59,4.06,-0.402,0.0"
2026-09-03T22:34:47.348+00:00,REST,0,"WHEEL,FL,57.30,81.22,33,210"
2026-09-03T22:34:47.348+00:00,REST,0,"WHEEL,FR,57.30,47.29,55,1593"
2026-09-03T22:34:47.348+00:00,REST,0,"WHEEL,BL,57.30,78.37,27,3299"
2026-09-03T22:34:47.348+00:00,REST,0,"WHEEL,BR,57.30,51.59,46,291"
2026-09-03T22:34:47.379+00:00,REST,0,"POSE,932.4,1612.0,4.06,0"
2026-09-03T22:34:47.379+00:00,REST,0,"SYS,WAIT_START,0,1,8,MANUAL,RED,0"
2026-09-03T22:34:47.459+00:00,REST,0,"HDG,4.06,3.68,-0.38,1,1"
2026-09-03T22:34:47.459+00:00,REST,0,"TOF,373.0,1,170,-203.0"
2026-09-03T22:34:47.459+00:00,REST,0,"TOFI,0,0,0,1"
2026-09-03T22:34:47.459+00:00,REST,0,"AUTO,2,0,0,0,0,NONE,NONE,0,3"
2026-09-03T22:34:47.459+00:00,REST,0,"MOTION,1437389,1,300.00,0.00,0.0000,0.00,0.00"
2026-09-03T22:34:47.568+00:00,REST,0,"TEL,1437539,37.30,43.91,8.62,32.87,5.29,-0.402,0.0"
2026-09-03T22:34:47.569+00:00,REST,0,"WHEEL,FL,0.00,37.30,0,252"
2026-09-03T22:34:47.569+00:00,REST,0,"WHEEL,FR,0.00,43.91,0,1665"
2026-09-03T22:34:47.569+00:00,REST,0,"WHEEL,BL,0.00,8.62,0,3333"
2026-09-03T22:34:47.569+00:00,REST,0,"WHEEL,BR,0.00,32.87,0,347"
2026-09-03T22:34:47.569+00:00,REST,0,"POSE,985.6,1617.8,5.29,0"
2026-09-03T22:34:47.569+00:00,REST,0,"SYS,WAIT_START,0,1,8,MANUAL,RED,0"
2026-09-03T22:34:47.600+00:00,REST,0,"HDG,5.29,3.68,-1.61,1,1"
2026-09-03T22:34:47.600+00:00,REST,0,"TOF,373.0,1,170,-203.0"
2026-09-03T22:34:47.600+00:00,REST,0,"TOFI,0,0,0,1"
2026-09-03T22:34:47.678+00:00,REST,0,"AUTO,2,0,0,0,0,NONE,NONE,0,3"
2026-09-03T22:34:47.678+00:00,REST,0,"MOTION,1437587,0,0.00,0.00,0.0000,0.00,0.00"
2026-09-03T22:34:47.709+00:00,REST,0,"TEL,1437739,2.39,1.86,3.13,2.28,4.92,-0.402,0.0"
2026-09-03T22:34:47.709+00:00,REST,0,"WHEEL,FL,0.00,2.39,0,261"
2026-09-03T22:34:47.787+00:00,REST,0,"WHEEL,FR,0.00,1.86,0,1675"
2026-09-03T22:34:47.787+00:00,REST,0,"WHEEL,BL,0.00,3.13,0,3343"
2026-09-03T22:34:47.787+00:00,REST,0,"WHEEL,BR,0.00,2.28,0,355"
2026-09-03T22:34:47.788+00:00,REST,0,"POSE,995.2,1619.4,4.92,0"
2026-09-03T22:34:47.788+00:00,REST,0,"SYS,WAIT_START,0,1,8,MANUAL,RED,0"
2026-09-03T22:34:47.788+00:00,REST,0,"HDG,4.92,3.68,-1.25,1,1"
2026-09-03T22:34:47.788+00:00,REST,0,"TOF,368.0,1,170,-198.0"
2026-09-03T22:34:47.788+00:00,REST,0,"TOFI,0,0,0,1"
2026-09-03T22:34:47.819+00:00,REST,0,"AUTO,2,0,0,0,0,NONE,NONE,0,3"
2026-09-03T22:34:47.819+00:00,REST,0,"MOTION,1437786,0,0.00,0.00,0.0000,0.00,0.00"
2026-09-03T22:34:47.912+00:00,REST,0,"TEL,1437939,0.03,0.03,0.04,0.03,4.83,-0.402,0.0"
2026-09-03T22:34:47.912+00:00,REST,0,"WHEEL,FL,0.00,0.03,0,261"
2026-09-03T22:34:47.943+00:00,REST,0,"WHEEL,FR,0.00,0.03,0,1675"
2026-09-03T22:34:47.943+00:00,REST,0,"WHEEL,BL,0.00,0.04,0,3343"
2026-09-03T22:34:47.973+00:00,REST,0,"WHEEL,BR,0.00,0.03,0,355"
2026-09-03T22:34:47.973+00:00,REST,0,"POSE,995.2,1619.4,4.83,0"
2026-09-03T22:34:47.973+00:00,REST,0,"SYS,WAIT_START,0,1,8,MANUAL,RED,0"
2026-09-03T22:34:47.973+00:00,REST,0,"HDG,4.83,3.68,-1.16,1,1"
2026-09-03T22:34:48.005+00:00,REST,0,"TOF,331.0,1,170,-161.0"
2026-09-03T22:34:48.005+00:00,REST,0,"TOFI,0,0,0,1"
2026-09-03T22:34:48.037+00:00,REST,0,"AUTO,2,0,0,0,0,NONE,NONE,0,3"
2026-09-03T22:34:48.037+00:00,REST,0,"MOTION,1437986,0,0.00,0.00,0.0000,0.00,0.00"
2026-09-03T22:34:48.098+00:00,BACKWARD_300,-300,"TEL,1438139,0.00,0.00,0.00,0.00,4.84,-0.402,0.0"
2026-09-03T22:34:48.131+00:00,BACKWARD_300,-300,"WHEEL,FL,0.00,0.00,0,261"
2026-09-03T22:34:48.131+00:00,BACKWARD_300,-300,"WHEEL,FR,0.00,0.00,0,1675"
2026-09-03T22:34:48.131+00:00,BACKWARD_300,-300,"WHEEL,BL,0.00,0.00,0,3343"
2026-09-03T22:34:48.162+00:00,BACKWARD_300,-300,"WHEEL,BR,0.00,0.00,0,355"
2026-09-03T22:34:48.162+00:00,BACKWARD_300,-300,"POSE,995.2,1619.4,4.84,0"
2026-09-03T22:34:48.193+00:00,BACKWARD_300,-300,"SYS,WAIT_START,0,1,8,MANUAL,RED,0"
2026-09-03T22:34:48.193+00:00,BACKWARD_300,-300,"HDG,4.84,3.68,-1.17,1,1"
2026-09-03T22:34:48.193+00:00,BACKWARD_300,-300,"TOF,368.0,1,170,-198.0"
2026-09-03T22:34:48.193+00:00,BACKWARD_300,-300,"TOFI,0,0,0,1"
2026-09-03T22:34:48.225+00:00,BACKWARD_300,-300,"AUTO,2,0,0,0,0,NONE,NONE,0,3"
2026-09-03T22:34:48.225+00:00,BACKWARD_300,-300,"MOTION,1438186,0,0.00,0.00,0.0000,0.00,0.00"
2026-09-03T22:34:48.318+00:00,BACKWARD_300,-300,"TEL,1438339,-31.32,-53.70,-64.40,-63.84,4.14,-0.402,0.0"
2026-09-03T22:34:48.318+00:00,BACKWARD_300,-300,"WHEEL,FL,-57.30,-31.32,-75,250"
2026-09-03T22:34:48.350+00:00,BACKWARD_300,-300,"WHEEL,FR,-57.30,-53.70,-56,1648"
2026-09-03T22:34:48.350+00:00,BACKWARD_300,-300,"WHEEL,BL,-57.30,-64.40,-39,3316"
2026-09-03T22:34:48.350+00:00,BACKWARD_300,-300,"WHEEL,BR,-57.30,-63.84,-40,327"
2026-09-03T22:34:48.381+00:00,BACKWARD_300,-300,"POSE,971.3,1613.5,4.14,0"
2026-09-03T22:34:48.413+00:00,BACKWARD_300,-300,"SYS,WAIT_START,0,1,8,MANUAL,RED,0"
2026-09-03T22:34:48.413+00:00,BACKWARD_300,-300,"HDG,4.14,3.68,-0.46,1,1"
2026-09-03T22:34:48.413+00:00,BACKWARD_300,-300,"TOF,368.0,1,170,-198.0"
2026-09-03T22:34:48.413+00:00,BACKWARD_300,-300,"TOFI,0,0,0,1"
2026-09-03T22:34:48.413+00:00,BACKWARD_300,-300,"AUTO,2,0,0,0,0,NONE,NONE,0,3"
2026-09-03T22:34:48.444+00:00,BACKWARD_300,-300,"MOTION,1438392,1,-300.00,0.00,0.0000,0.00,0.00"
2026-09-03T22:34:48.523+00:00,BACKWARD_300,-300,"TEL,1438539,-59.75,-74.28,-46.82,-70.27,4.50,-0.402,0.0"
2026-09-03T22:34:48.523+00:00,BACKWARD_300,-300,"WHEEL,FL,-46.81,-59.75,-42,172"
2026-09-03T22:34:48.554+00:00,BACKWARD_300,-300,"WHEEL,FR,-67.78,-74.28,-50,1578"
2026-09-03T22:34:48.554+00:00,BACKWARD_300,-300,"WHEEL,BL,-46.81,-46.82,-42,3263"
2026-09-03T22:34:48.554+00:00,BACKWARD_300,-300,"WHEEL,BR,-67.78,-70.27,-44,265"
2026-09-03T22:34:48.631+00:00,BACKWARD_300,-300,"POSE,902.3,1612.4,4.50,0"
2026-09-03T22:34:48.632+00:00,BACKWARD_300,-300,"SYS,WAIT_START,0,1,8,MANUAL,RED,0"
2026-09-03T22:34:48.632+00:00,BACKWARD_300,-300,"HDG,4.50,3.68,-0.82,1,1"
2026-09-03T22:34:48.632+00:00,BACKWARD_300,-300,"TOF,368.0,1,170,-198.0"
2026-09-03T22:34:48.632+00:00,BACKWARD_300,-300,"TOFI,0,0,0,1"
2026-09-03T22:34:48.632+00:00,BACKWARD_300,-300,"AUTO,2,0,0,0,0,NONE,NONE,0,3"
2026-09-03T22:34:48.632+00:00,BACKWARD_300,-300,"MOTION,1438592,1,-300.00,0.00,-0.1800,0.00,0.00"
2026-09-03T22:34:48.723+00:00,BACKWARD_300,-300,"TEL,1438739,-62.95,-66.45,-55.39,-61.35,3.78,-0.402,0.0"
2026-09-03T22:34:48.724+00:00,BACKWARD_300,-300,"WHEEL,FL,-57.30,-62.95,-49,113"
2026-09-03T22:34:48.755+00:00,BACKWARD_300,-300,"WHEEL,FR,-57.30,-66.45,-45,1510"
2026-09-03T22:34:48.755+00:00,BACKWARD_300,-300,"WHEEL,BL,-57.30,-55.39,-45,3205"
2026-09-03T22:34:48.755+00:00,BACKWARD_300,-300,"WHEEL,BR,-57.30,-61.35,-41,201"
2026-09-03T22:34:48.787+00:00,BACKWARD_300,-300,"POSE,837.3,1606.8,3.78,0"
2026-09-03T22:34:48.787+00:00,BACKWARD_300,-300,"SYS,WAIT_START,0,1,8,MANUAL,RED,0"
2026-09-03T22:34:48.787+00:00,BACKWARD_300,-300,"HDG,3.78,3.68,-0.10,1,1"
2026-09-03T22:34:48.818+00:00,BACKWARD_300,-300,"TOF,368.0,1,170,-198.0"
2026-09-03T22:34:48.819+00:00,BACKWARD_300,-300,"TOFI,0,0,0,1"
2026-09-03T22:34:48.819+00:00,BACKWARD_300,-300,"AUTO,2,0,0,0,0,NONE,NONE,0,3"
2026-09-03T22:34:48.850+00:00,BACKWARD_300,-300,"MOTION,1438791,1,-300.00,0.00,0.0000,0.00,0.00"
2026-09-03T22:34:48.914+00:00,BACKWARD_300,-300,"TEL,1438940,-62.61,-60.87,-60.18,-57.89,3.72,-0.402,0.0"
2026-09-03T22:34:48.914+00:00,BACKWARD_300,-300,"WHEEL,FL,-57.30,-62.61,-49,50"
2026-09-03T22:34:48.946+00:00,BACKWARD_300,-300,"WHEEL,FR,-57.30,-60.87,-50,1449"
2026-09-03T22:34:48.978+00:00,BACKWARD_300,-300,"WHEEL,BL,-57.30,-60.18,-41,3146"
2026-09-03T22:34:48.979+00:00,BACKWARD_300,-300,"WHEEL,BR,-57.30,-57.89,-44,140"
2026-09-03T22:34:48.979+00:00,BACKWARD_300,-300,"POSE,773.5,1603.3,3.72,0"
2026-09-03T22:34:49.009+00:00,BACKWARD_300,-300,"SYS,WAIT_START,0,1,8,MANUAL,RED,0"
2026-09-03T22:34:49.009+00:00,BACKWARD_300,-300,"HDG,3.72,3.68,-0.04,1,1"
2026-09-03T22:34:49.009+00:00,BACKWARD_300,-300,"TOF,368.0,1,170,-198.0"
2026-09-03T22:34:49.009+00:00,BACKWARD_300,-300,"TOFI,0,0,0,1"
2026-09-03T22:34:49.009+00:00,BACKWARD_300,-300,"AUTO,2,0,0,0,0,NONE,NONE,0,3"
2026-09-03T22:34:49.041+00:00,BACKWARD_300,-300,"MOTION,1438992,1,-300.00,0.00,0.0000,0.00,0.00"
2026-09-03T22:34:49.135+00:00,BACKWARD_300,-300,"TEL,1439143,-65.26,-59.98,-59.35,-54.70,3.57,-0.402,0.0"
2026-09-03T22:34:49.135+00:00,BACKWARD_300,-300,"WHEEL,FL,-57.30,-65.26,-46,-17"
2026-09-03T22:34:49.135+00:00,BACKWARD_300,-300,"WHEEL,FR,-57.30,-59.98,-50,1379"
2026-09-03T22:34:49.165+00:00,BACKWARD_300,-300,"WHEEL,BL,-57.30,-59.35,-42,3084"
2026-09-03T22:34:49.165+00:00,BACKWARD_300,-300,"WHEEL,BR,-57.30,-54.70,-46,72"
2026-09-03T22:34:49.243+00:00,BACKWARD_300,-300,"POSE,703.7,1599.7,3.57,0"
2026-09-03T22:34:49.243+00:00,BACKWARD_300,-300,"SYS,WAIT_START,0,1,8,MANUAL,RED,0"
2026-09-03T22:34:49.243+00:00,BACKWARD_300,-300,"HDG,3.57,3.68,0.11,1,1"
2026-09-03T22:34:49.243+00:00,BACKWARD_300,-300,"TOF,328.0,1,170,-158.0"
2026-09-03T22:34:49.243+00:00,BACKWARD_300,-300,"TOFI,0,0,0,1"
2026-09-03T22:34:49.243+00:00,BACKWARD_300,-300,"AUTO,2,0,0,0,0,NONE,NONE,0,3"
2026-09-03T22:34:49.243+00:00,BACKWARD_300,-300,"MOTION,1439195,1,-300.00,0.00,0.0000,0.00,0.00"
2026-09-03T22:34:49.352+00:00,BACKWARD_300,-300,"TEL,1439344,-62.17,-65.98,-62.35,-65.33,3.50,-0.402,0.0"
2026-09-03T22:34:49.353+00:00,BACKWARD_300,-300,"WHEEL,FL,-57.30,-62.17,-48,-77"
2026-09-03T22:34:49.353+00:00,BACKWARD_300,-300,"WHEEL,FR,-57.30,-65.98,-45,1312"
2026-09-03T22:34:49.353+00:00,BACKWARD_300,-300,"WHEEL,BL,-57.30,-62.35,-39,3025"
2026-09-03T22:34:49.353+00:00,BACKWARD_300,-300,"WHEEL,BR,-57.30,-65.33,-38,9"
2026-09-03T22:34:49.384+00:00,BACKWARD_300,-300,"POSE,638.7,1594.8,3.50,0"
2026-09-03T22:34:49.414+00:00,BACKWARD_300,-300,"SYS,WAIT_START,0,1,8,MANUAL,RED,0"
2026-09-03T22:34:49.414+00:00,BACKWARD_300,-300,"HDG,3.50,3.68,0.17,1,1"
2026-09-03T22:34:49.414+00:00,BACKWARD_300,-300,"TOF,322.0,1,170,-152.0"
2026-09-03T22:34:49.414+00:00,BACKWARD_300,-300,"TOFI,0,0,0,1"
2026-09-03T22:34:49.414+00:00,BACKWARD_300,-300,"AUTO,2,0,0,0,0,NONE,NONE,0,3"
2026-09-03T22:34:49.445+00:00,BACKWARD_300,-300,"MOTION,1439396,1,-300.00,0.00,0.0000,0.00,0.00"
2026-09-03T22:34:49.586+00:00,BACKWARD_300,-300,"TEL,1439544,-60.26,-59.67,-62.52,-58.91,3.84,-0.402,0.0"
2026-09-03T22:34:49.586+00:00,BACKWARD_300,-300,"WHEEL,FL,-57.30,-60.26,-49,-143"
2026-09-03T22:34:49.586+00:00,BACKWARD_300,-300,"WHEEL,FR,-57.30,-59.67,-49,1248"
2026-09-03T22:34:49.586+00:00,BACKWARD_300,-300,"WHEEL,BL,-57.30,-62.52,-39,2961"
2026-09-03T22:34:49.586+00:00,BACKWARD_300,-300,"WHEEL,BR,-57.30,-58.91,-42,-53"
2026-09-03T22:34:49.586+00:00,BACKWARD_300,-300,"POSE,571.8,1590.5,3.84,0"
2026-09-03T22:34:49.617+00:00,BACKWARD_300,-300,"SYS,WAIT_START,0,1,8,MANUAL,RED,0"
2026-09-03T22:34:49.618+00:00,BACKWARD_300,-300,"HDG,3.84,3.68,-0.16,1,1"
2026-09-03T22:34:49.618+00:00,BACKWARD_300,-300,"TOF,310.0,1,170,-140.0"
2026-09-03T22:34:49.618+00:00,BACKWARD_300,-300,"TOFI,0,0,0,1"
2026-09-03T22:34:49.618+00:00,BACKWARD_300,-300,"AUTO,2,0,0,0,0,NONE,NONE,0,3"
2026-09-03T22:34:49.695+00:00,BACKWARD_300,-300,"MOTION,1439597,1,-300.00,0.00,0.0000,0.00,0.00"
2026-09-03T22:34:49.726+00:00,BACKWARD_300,-300,"TEL,1439744,-71.51,-70.11,-62.83,-70.02,3.91,-0.402,0.0"
2026-09-03T22:34:49.726+00:00,BACKWARD_300,-300,"WHEEL,FL,-57.30,-71.51,-40,-205"
2026-09-03T22:34:49.804+00:00,BACKWARD_300,-300,"WHEEL,FR,-57.30,-70.11,-41,1187"
2026-09-03T22:34:49.804+00:00,BACKWARD_300,-300,"WHEEL,BL,-57.30,-62.83,-39,2903"
2026-09-03T22:34:49.804+00:00,BACKWARD_300,-300,"WHEEL,BR,-57.30,-70.02,-34,-112"
2026-09-03T22:34:49.804+00:00,BACKWARD_300,-300,"POSE,509.1,1586.7,3.86,0"
2026-09-03T22:34:49.804+00:00,BACKWARD_300,-300,"SYS,WAIT_START,0,1,8,MANUAL,RED,0"
2026-09-03T22:34:49.804+00:00,BACKWARD_300,-300,"HDG,3.91,3.68,-0.24,1,1"
2026-09-03T22:34:49.835+00:00,BACKWARD_300,-300,"TOF,293.0,1,170,-123.0"
2026-09-03T22:34:49.835+00:00,BACKWARD_300,-300,"TOFI,0,0,0,1"
2026-09-03T22:34:49.835+00:00,BACKWARD_300,-300,"AUTO,2,0,0,0,0,NONE,NONE,0,3"
2026-09-03T22:34:49.835+00:00,BACKWARD_300,-300,"MOTION,1439797,1,-300.00,0.00,0.0000,0.00,0.00"
2026-09-03T22:34:49.914+00:00,BACKWARD_300,-300,"TEL,1439944,-58.34,-68.61,-59.74,-56.26,3.76,-0.402,0.0"
2026-09-03T22:34:49.914+00:00,BACKWARD_300,-300,"WHEEL,FL,-57.30,-58.34,-50,-264"
2026-09-03T22:34:49.944+00:00,BACKWARD_300,-300,"WHEEL,FR,-57.30,-68.61,-42,1126"
2026-09-03T22:34:50.022+00:00,BACKWARD_300,-300,"WHEEL,BL,-57.30,-59.74,-41,2846"
2026-09-03T22:34:50.022+00:00,BACKWARD_300,-300,"WHEEL,BR,-57.30,-56.26,-44,-170"
2026-09-03T22:34:50.022+00:00,BACKWARD_300,-300,"POSE,447.7,1582.4,3.76,0"
2026-09-03T22:34:50.023+00:00,BACKWARD_300,-300,"SYS,WAIT_START,0,1,8,MANUAL,RED,0"
2026-09-03T22:34:50.023+00:00,BACKWARD_300,-300,"HDG,3.76,3.68,-0.08,1,1"
2026-09-03T22:34:50.023+00:00,BACKWARD_300,-300,"TOF,293.0,1,170,-123.0"
2026-09-03T22:34:50.023+00:00,BACKWARD_300,-300,"TOFI,0,0,0,1"
2026-09-03T22:34:50.023+00:00,BACKWARD_300,-300,"AUTO,2,0,0,0,0,NONE,NONE,0,3"
2026-09-03T22:34:50.053+00:00,BACKWARD_300,-300,"MOTION,1439997,1,-300.00,0.00,0.0000,0.00,0.00"
2026-09-03T22:34:50.116+00:00,REST,0,"TEL,1440145,-58.12,-57.51,-58.75,-60.20,3.96,-0.402,0.0"
2026-09-03T22:34:50.116+00:00,REST,0,"WHEEL,FL,-57.30,-58.12,-50,-325"
2026-09-03T22:34:50.147+00:00,REST,0,"WHEEL,FR,-57.30,-57.51,-50,1068"
2026-09-03T22:34:50.178+00:00,REST,0,"WHEEL,BL,-57.30,-58.75,-42,2788"
2026-09-03T22:34:50.178+00:00,REST,0,"WHEEL,BR,-57.30,-60.20,-41,-229"
2026-09-03T22:34:50.178+00:00,REST,0,"POSE,386.0,1579.2,3.96,0"
2026-09-03T22:34:50.209+00:00,REST,0,"SYS,WAIT_START,0,1,8,MANUAL,RED,0"
2026-09-03T22:34:50.209+00:00,REST,0,"HDG,3.96,3.68,-0.29,1,1"
2026-09-03T22:34:50.209+00:00,REST,0,"TOF,293.0,1,170,-123.0"
2026-09-03T22:34:50.209+00:00,REST,0,"TOFI,0,0,0,1"
2026-09-03T22:34:50.209+00:00,REST,0,"AUTO,2,0,0,0,0,NONE,NONE,0,3"
2026-09-03T22:34:50.288+00:00,REST,0,"MOTION,1440198,1,-300.00,0.00,0.0000,0.00,0.00"
2026-09-03T22:34:50.319+00:00,REST,0,"TEL,1440345,-29.99,-17.47,-36.52,-48.29,3.91,-0.402,0.0"
2026-09-03T22:34:50.319+00:00,REST,0,"WHEEL,FL,0.00,-29.99,0,-376"
2026-09-03T22:34:50.351+00:00,REST,0,"WHEEL,FR,0.00,-17.47,0,1009"
2026-09-03T22:34:50.353+00:00,REST,0,"WHEEL,BL,0.00,-36.52,0,2740"
2026-09-03T22:34:50.353+00:00,REST,0,"WHEEL,BR,0.00,-48.29,0,-282"
2026-09-03T22:34:50.382+00:00,REST,0,"POSE,331.0,1574.3,3.91,0"
2026-09-03T22:34:50.382+00:00,REST,0,"SYS,WAIT_START,0,1,8,MANUAL,RED,0"
2026-09-03T22:34:50.413+00:00,REST,0,"HDG,3.91,3.68,-0.23,1,1"
2026-09-03T22:34:50.413+00:00,REST,0,"TOF,293.0,1,170,-123.0"
2026-09-03T22:34:50.413+00:00,REST,0,"TOFI,0,0,0,1"
2026-09-03T22:34:50.413+00:00,REST,0,"AUTO,2,0,0,0,0,NONE,NONE,0,3"
2026-09-03T22:34:50.445+00:00,REST,0,"MOTION,1440395,0,0.00,0.00,0.0000,0.00,0.00"
2026-09-03T22:34:50.521+00:00,REST,0,"TEL,1440545,-1.02,-4.54,-1.93,-2.36,3.01,-0.402,0.0"
2026-09-03T22:34:50.521+00:00,REST,0,"WHEEL,FL,0.00,-1.02,0,-383"
2026-09-03T22:34:50.552+00:00,REST,0,"WHEEL,FR,0.00,-4.54,0,999"
2026-09-03T22:34:50.552+00:00,REST,0,"WHEEL,BL,0.00,-1.93,0,2730"
2026-09-03T22:34:50.552+00:00,REST,0,"WHEEL,BR,0.00,-2.36,0,-297"
2026-09-03T22:34:50.552+00:00,REST,0,"POSE,320.0,1574.2,3.01,0"
2026-09-03T22:34:50.631+00:00,REST,0,"SYS,WAIT_START,0,1,8,MANUAL,RED,0"
2026-09-03T22:34:50.631+00:00,REST,0,"HDG,3.01,3.68,0.67,1,1"
2026-09-03T22:34:50.631+00:00,REST,0,"TOF,293.0,1,170,-123.0"
2026-09-03T22:34:50.631+00:00,REST,0,"TOFI,0,0,0,1"
2026-09-03T22:34:50.631+00:00,REST,0,"AUTO,2,0,0,0,0,NONE,NONE,0,3"
2026-09-03T22:34:50.631+00:00,REST,0,"MOTION,1440593,0,0.00,0.00,0.0000,0.00,0.00"
2026-09-03T22:34:50.741+00:00,REST,0,"TEL,1440745,-0.01,-0.06,-0.03,-0.03,2.99,-0.402,0.0"
2026-09-03T22:34:50.741+00:00,REST,0,"WHEEL,FL,0.00,-0.01,0,-383"
2026-09-03T22:34:50.741+00:00,REST,0,"WHEEL,FR,0.00,-0.06,0,999"
2026-09-03T22:34:50.741+00:00,REST,0,"WHEEL,BL,0.00,-0.03,0,2730"
2026-09-03T22:34:50.771+00:00,REST,0,"WHEEL,BR,0.00,-0.03,0,-297"
2026-09-03T22:34:50.771+00:00,REST,0,"POSE,320.0,1574.2,2.99,0"
2026-09-03T22:34:50.771+00:00,REST,0,"SYS,WAIT_START,0,1,8,MANUAL,RED,0"
2026-09-03T22:34:50.802+00:00,REST,0,"HDG,2.99,3.68,0.69,1,1"
2026-09-03T22:34:50.802+00:00,REST,0,"TOF,293.0,1,170,-123.0"
2026-09-03T22:34:50.802+00:00,REST,0,"TOFI,0,0,0,1"
2026-09-03T22:34:50.832+00:00,REST,0,"AUTO,2,0,0,0,0,NONE,NONE,0,3"
2026-09-03T22:34:50.832+00:00,REST,0,"MOTION,1440793,0,0.00,0.00,0.0000,0.00,0.00"
2026-09-03T22:34:50.925+00:00,FORWARD_400,400,.0
2026-09-03T22:34:50.925+00:00,FORWARD_400,400,"WHEEL,FL,0.00,-0.00,0,-383"
2026-09-03T22:34:50.954+00:00,FORWARD_400,400,"WHEEL,FR,0.00,-0.00,0,999"
2026-09-03T22:34:50.955+00:00,FORWARD_400,400,"WHEEL,BL,0.00,-0.00,0,2730"
2026-09-03T22:34:50.955+00:00,FORWARD_400,400,"WHEEL,BR,0.00,-0.00,0,-297"
2026-09-03T22:34:50.955+00:00,FORWARD_400,400,"POSE,320.0,1574.2,2.98,0"
2026-09-03T22:34:50.986+00:00,FORWARD_400,400,"SYS,WAIT_START,0,1,8,MANUAL,RED,0"
2026-09-03T22:34:51.018+00:00,FORWARD_400,400,"HDG,2.98,3.68,0.70,1,1"
2026-09-03T22:34:51.018+00:00,FORWARD_400,400,"TOF,293.0,1,170,-123.0"
2026-09-03T22:34:51.019+00:00,FORWARD_400,400,"TOFI,0,0,0,1"
2026-09-03T22:34:51.019+00:00,FORWARD_400,400,"AUTO,2,0,0,0,0,NONE,NONE,0,3"
2026-09-03T22:34:51.094+00:00,FORWARD_400,400,"MOTION,1440994,0,0.00,0.00,0.0000,0.00,0.00"
2026-09-03T22:34:51.125+00:00,FORWARD_400,400,"TEL,1441145,68.73,133.90,57.59,62.71,3.04,-0.402,0.0"
2026-09-03T22:34:51.125+00:00,FORWARD_400,400,"WHEEL,FL,65.91,68.73,53,-363"
2026-09-03T22:34:51.204+00:00,FORWARD_400,400,"WHEEL,FR,86.88,133.90,23,1038"
2026-09-03T22:34:51.204+00:00,FORWARD_400,400,"WHEEL,BL,65.91,57.59,53,2750"
2026-09-03T22:34:51.204+00:00,FORWARD_400,400,"WHEEL,BR,86.88,62.71,69,-276"
2026-09-03T22:34:51.204+00:00,FORWARD_400,400,"POSE,345.9,1580.2,3.04,0"
2026-09-03T22:34:51.204+00:00,FORWARD_400,400,"SYS,WAIT_START,0,1,8,MANUAL,RED,0"
2026-09-03T22:34:51.204+00:00,FORWARD_400,400,"HDG,3.04,3.68,0.63,1,1"
2026-09-03T22:34:51.204+00:00,FORWARD_400,400,"TOF,293.0,1,170,-123.0"
2026-09-03T22:34:51.235+00:00,FORWARD_400,400,"TOFI,0,0,0,1"
2026-09-03T22:34:51.235+00:00,FORWARD_400,400,"AUTO,2,0,0,0,0,NONE,NONE,0,3"
2026-09-03T22:34:51.235+00:00,FORWARD_400,400,"MOTION,1441196,1,400.00,0.00,0.1800,0.00,0.00"
2026-09-03T22:34:51.312+00:00,FORWARD_400,400,"TEL,1441345,90.55,92.50,71.42,84.27,3.83,-0.402,0.0"
2026-09-03T22:34:51.313+00:00,FORWARD_400,400,"WHEEL,FL,76.39,90.55,46,-285"
2026-09-03T22:34:51.344+00:00,FORWARD_400,400,"WHEEL,FR,76.39,92.50,44,1107"
2026-09-03T22:34:51.344+00:00,FORWARD_400,400,"WHEEL,BL,76.39,71.42,52,2816"
2026-09-03T22:34:51.375+00:00,FORWARD_400,400,"WHEEL,BR,76.39,84.27,42,-188"
2026-09-03T22:34:51.375+00:00,FORWARD_400,400,"POSE,425.0,1576.7,3.83,0"
2026-09-03T22:34:51.375+00:00,FORWARD_400,400,"SYS,WAIT_START,0,1,8,MANUAL,RED,0"
2026-09-03T22:34:51.406+00:00,FORWARD_400,400,"HDG,3.83,3.68,-0.15,1,1"
2026-09-03T22:34:51.407+00:00,FORWARD_400,400,"TOF,293.0,1,170,-123.0"
2026-09-03T22:34:51.439+00:00,FORWARD_400,400,"TOFI,0,0,0,1"
2026-09-03T22:34:51.439+00:00,FORWARD_400,400,"AUTO,2,0,0,0,0,NONE,NONE,0,3"
2026-09-03T22:34:51.439+00:00,FORWARD_400,400,"MOTION,1441395,1,400.00,0.00,0.0000,0.00,0.00"
2026-09-03T22:34:51.548+00:00,FORWARD_400,400,"TEL,1441545,87.65,86.44,75.58,84.82,3.78,-0.402,0.0"
2026-09-03T22:34:51.549+00:00,FORWARD_400,400,"WHEEL,FL,76.39,87.65,48,-204"
2026-09-03T22:34:51.549+00:00,FORWARD_400,400,"WHEEL,FR,76.39,86.44,49,1191"
2026-09-03T22:34:51.549+00:00,FORWARD_400,400,"WHEEL,BL,76.39,75.58,49,2899"
2026-09-03T22:34:51.549+00:00,FORWARD_400,400,"WHEEL,BR,76.39,84.82,42,-108"
2026-09-03T22:34:51.579+00:00,FORWARD_400,400,"POSE,510.7,1583.0,3.78,0"
2026-09-03T22:34:51.580+00:00,FORWARD_400,400,"SYS,WAIT_START,0,1,8,MANUAL,RED,0"
2026-09-03T22:34:51.657+00:00,FORWARD_400,400,"HDG,3.78,3.68,-0.10,1,1"
2026-09-03T22:34:51.657+00:00,FORWARD_400,400,"TOF,293.0,1,170,-123.0"
2026-09-03T22:34:51.657+00:00,FORWARD_400,400,"TOFI,0,0,0,1"
2026-09-03T22:34:51.657+00:00,FORWARD_400,400,"AUTO,2,0,0,0,0,NONE,NONE,0,3"
2026-09-03T22:34:51.657+00:00,FORWARD_400,400,"MOTION,1441595,1,400.00,0.00,0.0000,0.00,0.00"
2026-09-03T22:34:51.767+00:00,FORWARD_400,400,"TEL,1441748,80.32,94.73,81.67,79.13,3.50,-0.402,0.0"
2026-09-03T22:34:51.767+00:00,FORWARD_400,400,"WHEEL,FL,76.39,80.32,53,-128"
2026-09-03T22:34:51.767+00:00,FORWARD_400,400,"WHEEL,FR,76.39,94.73,41,1279"
2026-09-03T22:34:51.767+00:00,FORWARD_400,400,"WHEEL,BL,76.39,81.67,44,2982"
2026-09-03T22:34:51.798+00:00,FORWARD_400,400,"WHEEL,BR,76.39,79.13,46,-31"
2026-09-03T22:34:51.798+00:00,FORWARD_400,400,"POSE,595.1,1592.7,3.44,0"
2026-09-03T22:34:51.798+00:00,FORWARD_400,400,"SYS,WAIT_START,0,1,8,MANUAL,RED,0"
2026-09-03T22:34:51.876+00:00,FORWARD_400,400,"HDG,3.50,3.68,0.18,1,1"
2026-09-03T22:34:51.876+00:00,FORWARD_400,400,"TOF,293.0,1,170,-123.0"
2026-09-03T22:34:51.876+00:00,FORWARD_400,400,"TOFI,0,0,0,1"
2026-09-03T22:34:51.876+00:00,FORWARD_400,400,"AUTO,2,0,0,0,0,NONE,NONE,0,3"
2026-09-03T22:34:51.876+00:00,FORWARD_400,400,"MOTION,1441798,1,400.00,0.00,0.0000,0.00,0.00"
2026-09-03T22:34:51.985+00:00,FORWARD_400,400,"TEL,1441948,83.50,88.82,84.27,82.12,3.24,-0.402,0.0"
2026-09-03T22:34:51.985+00:00,FORWARD_400,400,"WHEEL,FL,76.39,83.50,50,-47"
2026-09-03T22:34:51.985+00:00,FORWARD_400,400,"WHEEL,FR,76.39,88.82,45,1362"
2026-09-03T22:34:51.985+00:00,FORWARD_400,400,"WHEEL,BL,76.39,84.27,41,3061"
2026-09-03T22:34:51.985+00:00,FORWARD_400,400,"WHEEL,BR,76.39,82.12,44,51"
2026-09-03T22:34:51.985+00:00,FORWARD_400,400,"POSE,680.0,1597.6,3.23,0"
2026-09-03T22:34:52.016+00:00,FORWARD_400,400,"SYS,WAIT_START,0,1,8,MANUAL,RED,0"
2026-09-03T22:34:52.017+00:00,FORWARD_400,400,"HDG,3.24,3.68,0.44,1,1"
2026-09-03T22:34:52.017+00:00,FORWARD_400,400,"TOF,293.0,1,170,-123.0"
2026-09-03T22:34:52.017+00:00,FORWARD_400,400,"TOFI,0,0,0,1"
2026-09-03T22:34:52.048+00:00,FORWARD_400,400,"AUTO,2,0,0,0,0,NONE,NONE,0,3"
2026-09-03T22:34:52.048+00:00,FORWARD_400,400,"MOTION,1441997,1,400.00,0.00,0.0000,0.00,0.00"
2026-09-03T22:34:52.142+00:00,FORWARD_400,400,"TEL,1442149,82.06,80.78,77.37,80.44,3.31,-0.402,0.0"
2026-09-03T22:34:52.142+00:00,FORWARD_400,400,"WHEEL,FL,76.39,82.06,51,31"
2026-09-03T22:34:52.220+00:00,FORWARD_400,400,"WHEEL,FR,76.39,80.78,51,1447"
2026-09-03T22:34:52.220+00:00,FORWARD_400,400,"WHEEL,BL,76.39,77.37,46,3135"
2026-09-03T22:34:52.220+00:00,FORWARD_400,400,"WHEEL,BR,76.39,80.44,45,130"
2026-09-03T22:34:52.220+00:00,FORWARD_400,400,"POSE,762.6,1602.7,3.35,0"
2026-09-03T22:34:52.220+00:00,FORWARD_400,400,"SYS,WAIT_START,0,1,8,MANUAL,RED,0"
2026-09-03T22:34:52.220+00:00,FORWARD_400,400,"HDG,3.31,3.68,0.37,1,1"
2026-09-03T22:34:52.220+00:00,FORWARD_400,400,"TOF,293.0,0,170,-123.0"
2026-09-03T22:34:52.220+00:00,FORWARD_400,400,"TOFI,0,0,0,1"
2026-09-03T22:34:52.250+00:00,FORWARD_400,400,"AUTO,2,0,0,0,0,NONE,NONE,0,3"
2026-09-03T22:34:52.250+00:00,FORWARD_400,400,"MOTION,1442199,1,400.00,0.00,0.0000,0.00,0.00"
2026-09-03T22:34:52.329+00:00,FORWARD_400,400,"TEL,1442350,77.82,88.13,80.18,81.60,3.41,-0.402,0.0"
2026-09-03T22:34:52.330+00:00,FORWARD_400,400,"WHEEL,FL,76.39,77.82,54,114"
2026-09-03T22:34:52.360+00:00,FORWARD_400,400,"WHEEL,FR,76.39,88.13,45,1536"
2026-09-03T22:34:52.360+00:00,FORWARD_400,400,"WHEEL,BL,76.39,80.18,44,3218"
2026-09-03T22:34:52.391+00:00,FORWARD_400,400,"WHEEL,BR,76.39,81.60,44,215"
2026-09-03T22:34:52.391+00:00,FORWARD_400,400,"POSE,851.4,1609.0,3.41,0"
2026-09-03T22:34:52.391+00:00,FORWARD_400,400,"SYS,WAIT_START,0,1,8,MANUAL,RED,0"
2026-09-03T22:34:52.421+00:00,FORWARD_400,400,"HDG,3.41,3.68,0.27,1,1"
2026-09-03T22:34:52.422+00:00,FORWARD_400,400,"TOF,293.0,0,170,-123.0"
2026-09-03T22:34:52.422+00:00,FORWARD_400,400,"TOFI,0,0,0,1"
2026-09-03T22:34:52.452+00:00,FORWARD_400,400,"AUTO,2,0,0,0,0,NONE,NONE,0,3"
2026-09-03T22:34:52.452+00:00,FORWARD_400,400,"MOTION,1442400,1,400.00,0.00,0.0000,0.00,0.00"
2026-09-03T22:34:52.545+00:00,FORWARD_400,400,"TEL,1442550,81.18,84.61,80.39,76.30,3.79,-0.402,0.0"
2026-09-03T22:34:52.546+00:00,FORWARD_400,400,"WHEEL,FL,76.39,81.18,51,193"
2026-09-03T22:34:52.577+00:00,FORWARD_400,400,"WHEEL,FR,76.39,84.61,47,1618"
2026-09-03T22:34:52.577+00:00,FORWARD_400,400,"WHEEL,BL,76.39,80.39,44,3297"
2026-09-03T22:34:52.577+00:00,FORWARD_400,400,"WHEEL,BR,76.39,76.30,48,294"
2026-09-03T22:34:52.609+00:00,FORWARD_400,400,"POSE,934.7,1615.3,3.73,0"
2026-09-03T22:34:52.609+00:00,FORWARD_400,400,"SYS,WAIT_START,0,1,8,MANUAL,RED,0"
2026-09-03T22:34:52.609+00:00,FORWARD_400,400,"HDG,3.79,3.68,-0.11,1,1"
2026-09-03T22:34:52.609+00:00,FORWARD_400,400,"TOF,293.0,0,170,-123.0"
2026-09-03T22:34:52.688+00:00,FORWARD_400,400,"TOFI,0,0,0,1"
2026-09-03T22:34:52.688+00:00,FORWARD_400,400,"AUTO,2,0,0,0,0,NONE,NONE,0,3"
2026-09-03T22:34:52.688+00:00,FORWARD_400,400,"MOTION,1442600,1,400.00,0.00,0.0000,0.00,0.00"
2026-09-03T22:34:52.797+00:00,FORWARD_400,400,"TEL,1442750,85.15,74.20,77.84,75.32,3.91,-0.402,0.0"
2026-09-03T22:34:52.797+00:00,FORWARD_400,400,"WHEEL,FL,76.39,85.15,48,270"
2026-09-03T22:34:52.797+00:00,FORWARD_400,400,"WHEEL,FR,76.39,74.20,55,1699"
2026-09-03T22:34:52.797+00:00,FORWARD_400,400,"WHEEL,BL,76.39,77.84,46,3377"
2026-09-03T22:34:52.797+00:00,FORWARD_400,400,"WHEEL,BR,76.39,75.32,48,375"
2026-09-03T22:34:52.797+00:00,FORWARD_400,400,"POSE,1017.9,1621.8,3.91,0"
2026-09-03T22:34:52.797+00:00,FORWARD_400,400,"SYS,WAIT_START,0,1,8,MANUAL,RED,0"
2026-09-03T22:34:52.829+00:00,FORWARD_400,400,"HDG,3.91,3.68,-0.23,1,1"
2026-09-03T22:34:52.829+00:00,FORWARD_400,400,"TOF,293.0,0,170,-123.0"
2026-09-03T22:34:52.829+00:00,FORWARD_400,400,"TOFI,0,0,0,1"
2026-09-03T22:34:52.829+00:00,FORWARD_400,400,"AUTO,2,0,0,0,0,NONE,NONE,0,3"
2026-09-03T22:34:52.906+00:00,FORWARD_400,400,"MOTION,1442800,1,400.00,0.00,0.0000,0.00,0.00"
2026-09-03T22:34:52.936+00:00,REST,0,"TEL,1442951,86.89,84.32,84.96,83.72,3.63,-0.402,0.0"
2026-09-03T22:34:52.936+00:00,REST,0,"WHEEL,FL,76.39,86.89,46,349"
2026-09-03T22:34:52.968+00:00,REST,0,"WHEEL,FR,76.39,84.32,47,1790"
2026-09-03T22:34:52.968+00:00,REST,0,"WHEEL,BL,76.39,84.96,40,3461"
2026-09-03T22:34:52.999+00:00,REST,0,"WHEEL,BR,76.39,83.72,41,456"
2026-09-03T22:34:52.999+00:00,REST,0,"POSE,1105.1,1632.2,3.75,0"
2026-09-03T22:34:52.999+00:00,REST,0,"SYS,WAIT_START,0,1,8,MANUAL,RED,0"
2026-09-03T22:34:53.031+00:00,REST,0,"HDG,3.63,3.68,0.05,1,1"
2026-09-03T22:34:53.031+00:00,REST,0,"TOF,256.0,1,170,-86.0"
2026-09-03T22:34:53.031+00:00,REST,0,"TOFI,0,0,0,1"
2026-09-03T22:34:53.031+00:00,REST,0,"AUTO,2,0,0,0,0,NONE,NONE,0,3"
2026-09-03T22:34:53.107+00:00,REST,0,"MOTION,1443001,1,400.00,0.00,0.0000,0.00,0.00"
2026-09-03T22:34:53.139+00:00,REST,0,"TEL,1443151,39.38,56.62,22.83,44.95,4.17,-0.402,0.0"
2026-09-03T22:34:53.139+00:00,REST,0,"WHEEL,FL,0.00,39.38,0,416"
2026-09-03T22:34:53.171+00:00,REST,0,"WHEEL,FR,0.00,56.62,0,1871"
2026-09-03T22:34:53.171+00:00,REST,0,"WHEEL,BL,0.00,22.83,0,3527"
2026-09-03T22:34:53.171+00:00,REST,0,"WHEEL,BR,0.00,44.95,0,528"
2026-09-03T22:34:53.171+00:00,REST,0,"POSE,1179.7,1639.4,4.17,0"
2026-09-03T22:34:53.201+00:00,REST,0,"SYS,WAIT_START,0,1,8,MANUAL,RED,0"
2026-09-03T22:34:53.233+00:00,REST,0,"HDG,4.17,3.68,-0.49,1,1"
2026-09-03T22:34:53.233+00:00,REST,0,"TOF,242.0,1,170,-72.0"
2026-09-03T22:34:53.233+00:00,REST,0,"TOFI,0,0,0,1"
2026-09-03T22:34:53.233+00:00,REST,0,"AUTO,2,0,0,0,0,NONE,NONE,0,3"
2026-09-03T22:34:53.265+00:00,REST,0,"MOTION,1443200,0,0.00,0.00,0.0000,0.00,0.00"
2026-09-03T22:34:53.328+00:00,REST,0,"TEL,1443351,3.73,2.84,2.82,3.67,3.46,-0.402,0.0"
2026-09-03T22:34:53.359+00:00,REST,0,"WHEEL,FL,0.00,3.73,0,436"
2026-09-03T22:34:53.359+00:00,REST,0,"WHEEL,FR,0.00,2.84,0,1888"
2026-09-03T22:34:53.359+00:00,REST,0,"WHEEL,BL,0.00,2.82,0,3546"
2026-09-03T22:34:53.390+00:00,REST,0,"WHEEL,BR,0.00,3.67,0,541"
2026-09-03T22:34:53.390+00:00,REST,0,"POSE,1197.7,1641.3,3.46,0"
2026-09-03T22:34:53.390+00:00,REST,0,"SYS,WAIT_START,0,1,8,MANUAL,RED,0"
2026-09-03T22:34:53.390+00:00,REST,0,"HDG,3.46,3.68,0.22,1,1"
2026-09-03T22:34:53.421+00:00,REST,0,"TOF,268.0,1,170,-98.0"
2026-09-03T22:34:53.421+00:00,REST,0,"TOFI,0,0,0,1"
2026-09-03T22:34:53.452+00:00,REST,0,"AUTO,2,0,0,0,0,NONE,NONE,0,3"
2026-09-03T22:34:53.452+00:00,REST,0,"MOTION,1443398,0,0.00,0.00,0.0000,0.00,0.00"
2026-09-03T22:34:53.515+00:00,REST,0,"TEL,1443567,0.03,0.02,0.01,0.03,3.40,-0.402,0.0"
2026-09-03T22:34:53.546+00:00,REST,0,"WHEEL,FL,0.00,0.03,0,436"
2026-09-03T22:34:53.578+00:00,REST,0,"WHEEL,FR,0.00,0.02,0,1888"
2026-09-03T22:34:53.578+00:00,REST,0,"WHEEL,BL,0.00,0.01,0,3545"
2026-09-03T22:34:53.578+00:00,REST,0,"WHEEL,BR,0.00,0.03,0,541"
2026-09-03T22:34:53.578+00:00,REST,0,"POSE,1197.4,1641.0,3.40,0"
2026-09-03T22:34:53.609+00:00,REST,0,"SYS,WAIT_START,0,1,8,MANUAL,RED,0"
2026-09-03T22:34:53.609+00:00,REST,0,"HDG,3.40,3.68,0.28,1,1"
2026-09-03T22:34:53.640+00:00,REST,0,"TOF,268.0,1,170,-98.0"
2026-09-03T22:34:53.640+00:00,REST,0,"TOFI,0,0,0,1"
2026-09-03T22:34:53.640+00:00,REST,0,"AUTO,2,0,0,0,0,NONE,NONE,0,3"
2026-09-03T22:34:53.718+00:00,REST,0,"MOTION,1443614,0,0.00,0.00,0.0000,0.00,0.00"
2026-09-03T22:34:53.795+00:00,BACKWARD_400,-400,"TEL,1443776,0.00,0.00,0.00,0.00,3.42,-0.402,0.0"
2026-09-03T22:34:53.795+00:00,BACKWARD_400,-400,"WHEEL,FL,0.00,0.00,0,436"
2026-09-03T22:34:53.795+00:00,BACKWARD_400,-400,"WHEEL,FR,0.00,0.00,0,1888"
2026-09-03T22:34:53.795+00:00,BACKWARD_400,-400,"WHEEL,BL,0.00,0.00,0,3545"
2026-09-03T22:34:53.795+00:00,BACKWARD_400,-400,"WHEEL,BR,0.00,0.00,0,541"
2026-09-03T22:34:53.795+00:00,BACKWARD_400,-400,"POSE,1197.4,1641.0,3.42,0"
2026-09-03T22:34:53.827+00:00,BACKWARD_400,-400,"SYS,WAIT_START,0,1,8,MANUAL,RED,0"
2026-09-03T22:34:53.827+00:00,BACKWARD_400,-400,"HDG,3.42,3.68,0.26,1,1"
2026-09-03T22:34:53.905+00:00,BACKWARD_400,-400,"TOF,381.0,1,170,-211.0"
2026-09-03T22:34:53.905+00:00,BACKWARD_400,-400,"TOFI,0,0,0,1"
2026-09-03T22:34:53.905+00:00,BACKWARD_400,-400,"AUTO,2,0,0,0,0,NONE,NONE,0,3"
2026-09-03T22:34:53.905+00:00,BACKWARD_400,-400,"MOTION,1443823,0,0.00,0.00,0.0000,0.00,0.00"
2026-09-03T22:34:53.967+00:00,BACKWARD_400,-400,"TEL,1443976,-55.72,-62.76,-103.59,-89.87,3.36,-0.402,0.0"
2026-09-03T22:34:53.967+00:00,BACKWARD_400,-400,"WHEEL,FL,-76.39,-55.72,-74,417"
2026-09-03T22:34:53.998+00:00,BACKWARD_400,-400,"WHEEL,FR,-76.39,-62.76,-68,1866"
2026-09-03T22:34:53.998+00:00,BACKWARD_400,-400,"WHEEL,BL,-76.39,-103.59,-27,3513"
2026-09-03T22:34:53.998+00:00,BACKWARD_400,-400,"WHEEL,BR,-76.39,-89.87,-37,513"
2026-09-03T22:34:54.030+00:00,BACKWARD_400,-400,"POSE,1171.1,1637.6,3.36,0"
2026-09-03T22:34:54.030+00:00,BACKWARD_400,-400,"SYS,WAIT_START,0,1,8,MANUAL,RED,0"
2026-09-03T22:34:54.030+00:00,BACKWARD_400,-400,"HDG,3.36,3.68,0.32,1,1"
2026-09-03T22:34:54.061+00:00,BACKWARD_400,-400,"TOF,390.0,1,170,-220.0"
2026-09-03T22:34:54.061+00:00,BACKWARD_400,-400,"TOFI,0,0,0,1"
2026-09-03T22:34:54.061+00:00,BACKWARD_400,-400,"AUTO,2,0,0,0,0,NONE,NONE,0,3"
2026-09-03T22:34:54.092+00:00,BACKWARD_400,-400,"MOTION,1444029,1,-400.00,0.00,0.0000,0.00,0.00"
2026-09-03T22:34:54.155+00:00,BACKWARD_400,-400,"TEL,1444176,-86.32,-63.10,-86.02,-58.71,2.45,-0.402,0.0"
2026-09-03T22:34:54.155+00:00,BACKWARD_400,-400,"WHEEL,FL,-75.05,-86.32,-49,326"
2026-09-03T22:34:54.186+00:00,BACKWARD_400,-400,"WHEEL,FR,-77.74,-63.10,-69,1794"
2026-09-03T22:34:54.218+00:00,BACKWARD_400,-400,"WHEEL,BL,-75.05,-86.02,-39,3450"
2026-09-03T22:34:54.218+00:00,BACKWARD_400,-400,"WHEEL,BR,-77.74,-58.71,-63,450"
2026-09-03T22:34:54.218+00:00,BACKWARD_400,-400,"POSE,1095.3,1639.8,2.45,0"
2026-09-03T22:34:54.250+00:00,BACKWARD_400,-400,"SYS,WAIT_START,0,1,8,MANUAL,RED,0"
2026-09-03T22:34:54.250+00:00,BACKWARD_400,-400,"HDG,2.45,3.68,1.23,1,1"
2026-09-03T22:34:54.250+00:00,BACKWARD_400,-400,"TOF,422.0,1,170,-252.0"
2026-09-03T22:34:54.250+00:00,BACKWARD_400,-400,"TOFI,0,0,0,1"
2026-09-03T22:34:54.250+00:00,BACKWARD_400,-400,"AUTO,2,0,0,0,0,NONE,NONE,0,3"
2026-09-03T22:34:54.281+00:00,BACKWARD_400,-400,"MOTION,1444229,1,-400.00,0.00,-0.0230,0.00,0.00"
2026-09-03T22:34:54.390+00:00,BACKWARD_400,-400,"TEL,1444377,-106.15,-78.07,-100.58,-62.22,2.31,-0.402,0.0"
2026-09-03T22:34:54.390+00:00,BACKWARD_400,-400,"WHEEL,FL,-70.50,-106.15,-29,242"
2026-09-03T22:34:54.390+00:00,BACKWARD_400,-400,"WHEEL,FR,-82.29,-78.07,-61,1694"
2026-09-03T22:34:54.421+00:00,BACKWARD_400,-400,"WHEEL,BL,-70.50,-100.58,-24,3370"
2026-09-03T22:34:54.421+00:00,BACKWARD_400,-400,"WHEEL,BR,-82.29,-62.22,-64,363"
2026-09-03T22:34:54.421+00:00,BACKWARD_400,-400,"POSE,1003.6,1634.7,2.04,0"
2026-09-03T22:34:54.497+00:00,BACKWARD_400,-400,"SYS,WAIT_START,0,1,8,MANUAL,RED,0"
2026-09-03T22:34:54.497+00:00,BACKWARD_400,-400,"HDG,2.31,3.68,1.37,1,1"
2026-09-03T22:34:54.497+00:00,BACKWARD_400,-400,"TOF,422.0,1,170,-252.0"
2026-09-03T22:34:54.497+00:00,BACKWARD_400,-400,"TOFI,0,0,0,1"
2026-09-03T22:34:54.497+00:00,BACKWARD_400,-400,"AUTO,2,0,0,0,0,NONE,NONE,0,3"
2026-09-03T22:34:54.497+00:00,BACKWARD_400,-400,"MOTION,1444430,1,-400.00,0.00,-0.1012,0.00,0.00"
2026-09-03T22:34:54.560+00:00,BACKWARD_400,-400,"TEL,1444577,-114.09,-56.06,-108.95,-55.84,1.26,-0.402,0.0"
2026-09-03T22:34:54.560+00:00,BACKWARD_400,-400,"WHEEL,FL,-75.80,-114.09,-28,151"
2026-09-03T22:34:54.590+00:00,BACKWARD_400,-400,"WHEEL,FR,-76.98,-56.06,-72,1602"
2026-09-03T22:34:54.590+00:00,BACKWARD_400,-400,"WHEEL,BL,-75.80,-108.95,-23,3298"
2026-09-03T22:34:54.590+00:00,BACKWARD_400,-400,"WHEEL,BR,-76.98,-55.84,-63,271"
2026-09-03T22:34:54.621+00:00,BACKWARD_400,-400,"POSE,912.6,1638.3,0.75,0"
2026-09-03T22:34:54.652+00:00,BACKWARD_400,-400,"SYS,WAIT_START,0,1,8,MANUAL,RED,0"
2026-09-03T22:34:54.652+00:00,BACKWARD_400,-400,"HDG,1.26,3.68,2.42,1,1"
2026-09-03T22:34:54.652+00:00,BACKWARD_400,-400,"TOF,428.0,1,170,-258.0"
2026-09-03T22:34:54.652+00:00,BACKWARD_400,-400,"TOFI,0,0,0,1"
2026-09-03T22:34:54.730+00:00,BACKWARD_400,-400,"AUTO,2,0,0,0,0,NONE,NONE,0,3"
2026-09-03T22:34:54.731+00:00,BACKWARD_400,-400,"MOTION,1444630,1,-400.00,0.00,-0.0101,0.00,0.00"
2026-09-03T22:34:54.762+00:00,BACKWARD_400,-400,"TEL,1444777,-120.24,-53.02,-108.01,-54.94,-0.01,-0.402,0.0"
2026-09-03T22:34:54.762+00:00,BACKWARD_400,-400,"WHEEL,FL,-86.88,-120.24,-34,66"
2026-09-03T22:34:54.840+00:00,BACKWARD_400,-400,"WHEEL,FR,-65.91,-53.02,-62,1508"
2026-09-03T22:34:54.840+00:00,BACKWARD_400,-400,"WHEEL,BL,-86.88,-108.01,-34,3224"
2026-09-03T22:34:54.840+00:00,BACKWARD_400,-400,"WHEEL,BR,-65.91,-54.94,-52,188"
2026-09-03T22:34:54.840+00:00,BACKWARD_400,-400,"POSE,824.8,1638.2,-0.33,0"
2026-09-03T22:34:54.840+00:00,BACKWARD_400,-400,"SYS,WAIT_START,0,1,8,MANUAL,RED,0"
2026-09-03T22:34:54.840+00:00,BACKWARD_400,-400,"HDG,-0.01,3.68,3.69,1,1"
2026-09-03T22:34:54.872+00:00,BACKWARD_400,-400,"TOF,428.0,1,170,-258.0"
2026-09-03T22:34:54.872+00:00,BACKWARD_400,-400,"TOFI,0,0,0,1"
2026-09-03T22:34:54.872+00:00,BACKWARD_400,-400,"AUTO,2,0,0,0,0,NONE,NONE,0,3"
2026-09-03T22:34:54.904+00:00,BACKWARD_400,-400,"MOTION,1444830,1,-400.00,0.00,0.1800,0.00,0.00"
2026-09-03T22:34:54.966+00:00,BACKWARD_400,-400,"TEL,1444978,-99.87,-60.89,-93.96,-58.06,1.20,-0.402,0.0"
2026-09-03T22:34:54.966+00:00,BACKWARD_400,-400,"WHEEL,FL,-86.88,-99.87,-49,-24"
2026-09-03T22:34:54.997+00:00,BACKWARD_400,-400,"WHEEL,FR,-65.91,-60.89,-55,1424"
2026-09-03T22:34:54.998+00:00,BACKWARD_400,-400,"WHEEL,BL,-86.88,-93.96,-45,3137"
2026-09-03T22:34:54.998+00:00,BACKWARD_400,-400,"WHEEL,BR,-65.91,-58.06,-49,114"
2026-09-03T22:34:55.029+00:00,BACKWARD_400,-400,"POSE,737.1,1635.8,1.20,0"
2026-09-03T22:34:55.061+00:00,BACKWARD_400,-400,"SYS,WAIT_START,0,1,8,MANUAL,RED,0"
2026-09-03T22:34:55.061+00:00,BACKWARD_400,-400,"HDG,1.20,3.68,2.48,1,1"
2026-09-03T22:34:55.061+00:00,BACKWARD_400,-400,"TOF,414.0,1,170,-244.0"
2026-09-03T22:34:55.061+00:00,BACKWARD_400,-400,"TOFI,0,0,0,1"
2026-09-03T22:34:55.061+00:00,BACKWARD_400,-400,"AUTO,2,0,0,0,0,NONE,NONE,0,3"
2026-09-03T22:34:55.092+00:00,BACKWARD_400,-400,"MOTION,1445031,1,-400.00,0.00,0.1800,0.00,0.00"
2026-09-03T22:34:55.203+00:00,BACKWARD_400,-400,"TEL,1445178,-96.57,-73.37,-95.22,-68.65,2.74,-0.402,0.0"
2026-09-03T22:34:55.203+00:00,BACKWARD_400,-400,"WHEEL,FL,-86.88,-96.57,-51,-115"
2026-09-03T22:34:55.203+00:00,BACKWARD_400,-400,"WHEEL,FR,-65.91,-73.37,-45,1338"
2026-09-03T22:34:55.203+00:00,BACKWARD_400,-400,"WHEEL,BL,-86.88,-95.22,-44,3051"
2026-09-03T22:34:55.203+00:00,BACKWARD_400,-400,"WHEEL,BR,-65.91,-68.65,-41,38"
2026-09-03T22:34:55.235+00:00,BACKWARD_400,-400,"POSE,648.4,1631.2,2.74,0"
2026-09-03T22:34:55.235+00:00,BACKWARD_400,-400,"SYS,WAIT_START,0,1,8,MANUAL,RED,0"
2026-09-03T22:34:55.235+00:00,BACKWARD_400,-400,"HDG,2.74,3.68,0.94,1,1"
2026-09-03T22:34:55.313+00:00,BACKWARD_400,-400,"TOF,289.0,1,170,-119.0"
2026-09-03T22:34:55.313+00:00,BACKWARD_400,-400,"TOFI,0,0,0,1"
2026-09-03T22:34:55.313+00:00,BACKWARD_400,-400,"AUTO,2,0,0,0,0,NONE,NONE,0,3"
2026-09-03T22:34:55.313+00:00,BACKWARD_400,-400,"MOTION,1445231,1,-400.00,0.00,0.1800,0.00,0.00"
2026-09-03T22:34:55.423+00:00,BACKWARD_400,-400,"TEL,1445378,-82.25,-76.67,-75.27,-82.57,3.92,-0.402,0.0"
2026-09-03T22:34:55.423+00:00,BACKWARD_400,-400,"WHEEL,FL,-76.39,-82.25,-52,-202"
2026-09-03T22:34:55.423+00:00,BACKWARD_400,-400,"WHEEL,FR,-76.39,-76.67,-53,1263"
2026-09-03T22:34:55.423+00:00,BACKWARD_400,-400,"WHEEL,BL,-76.39,-75.27,-49,2971"
2026-09-03T22:34:55.423+00:00,BACKWARD_400,-400,"WHEEL,BR,-76.39,-82.57,-40,-38"
2026-09-03T22:34:55.423+00:00,BACKWARD_400,-400,"POSE,565.2,1627.7,3.92,0"
2026-09-03T22:34:55.454+00:00,BACKWARD_400,-400,"SYS,WAIT_START,0,1,8,MANUAL,RED,0"
2026-09-03T22:34:55.454+00:00,BACKWARD_400,-400,"HDG,3.92,3.68,-0.24,1,1"
2026-09-03T22:34:55.454+00:00,BACKWARD_400,-400,"TOF,283.0,1,170,-113.0"
2026-09-03T22:34:55.454+00:00,BACKWARD_400,-400,"TOFI,0,0,0,1"
2026-09-03T22:34:55.454+00:00,BACKWARD_400,-400,"AUTO,2,0,0,0,0,NONE,NONE,0,3"
2026-09-03T22:34:55.486+00:00,BACKWARD_400,-400,"MOTION,1445431,1,-400.00,0.00,0.0000,0.00,0.00"
2026-09-03T22:34:55.580+00:00,BACKWARD_400,-400,"TEL,1445578,-82.02,-75.10,-80.41,-67.55,4.11,-0.402,0.0"
2026-09-03T22:34:55.580+00:00,BACKWARD_400,-400,"WHEEL,FL,-76.39,-82.02,-52,-281"
2026-09-03T22:34:55.580+00:00,BACKWARD_400,-400,"WHEEL,FR,-76.39,-75.10,-54,1181"
2026-09-03T22:34:55.611+00:00,BACKWARD_400,-400,"WHEEL,BL,-76.39,-80.41,-45,2893"
2026-09-03T22:34:55.611+00:00,BACKWARD_400,-400,"WHEEL,BR,-76.39,-67.55,-52,-111"
2026-09-03T22:34:55.611+00:00,BACKWARD_400,-400,"POSE,483.9,1620.1,4.11,0"
2026-09-03T22:34:55.642+00:00,BACKWARD_400,-400,"SYS,WAIT_START,0,1,8,MANUAL,RED,0"
2026-09-03T22:34:55.642+00:00,BACKWARD_400,-400,"HDG,4.11,3.68,-0.43,1,1"
2026-09-03T22:34:55.673+00:00,BACKWARD_400,-400,"TOF,276.0,1,170,-106.0"
2026-09-03T22:34:55.673+00:00,BACKWARD_400,-400,"TOFI,0,0,0,1"
2026-09-03T22:34:55.673+00:00,BACKWARD_400,-400,"AUTO,2,0,0,0,0,NONE,NONE,0,3"
2026-09-03T22:34:55.673+00:00,BACKWARD_400,-400,"MOTION,1445631,1,-400.00,0.00,0.0000,0.00,0.00"
2026-09-03T22:34:55.768+00:00,REST,0,"02,0.0"
2026-09-03T22:34:55.768+00:00,REST,0,"WHEEL,FL,-76.39,-85.80,-48,-361"
2026-09-03T22:34:55.800+00:00,REST,0,"WHEEL,FR,-76.39,-83.15,-47,1092"
2026-09-03T22:34:55.800+00:00,REST,0,"WHEEL,BL,-76.39,-86.32,-40,2817"
2026-09-03T22:34:55.800+00:00,REST,0,"WHEEL,BR,-76.39,-76.39,-45,-190"
2026-09-03T22:34:55.831+00:00,REST,0,"POSE,399.4,1612.6,4.09,0"
2026-09-03T22:34:55.831+00:00,REST,0,"SYS,WAIT_START,0,1,8,MANUAL,RED,0"
2026-09-03T22:34:55.831+00:00,REST,0,"HDG,4.09,3.68,-0.41,1,1"
2026-09-03T22:34:55.863+00:00,REST,0,"TOF,240.0,1,170,-70.0"
2026-09-03T22:34:55.863+00:00,REST,0,"TOFI,0,0,0,1"
2026-09-03T22:34:55.863+00:00,REST,0,"AUTO,2,0,0,0,0,NONE,NONE,0,3"
2026-09-03T22:34:55.894+00:00,REST,0,"MOTION,1445831,1,-400.00,0.00,0.0000,0.00,0.00"
2026-09-03T22:34:55.956+00:00,REST,0,"TEL,1445981,-42.99,-54.66,-43.68,-58.44,3.72,-0.402,0.0"
2026-09-03T22:34:55.956+00:00,REST,0,"WHEEL,FL,0.00,-42.99,0,-430"
2026-09-03T22:34:55.988+00:00,REST,0,"WHEEL,FR,0.00,-54.66,0,1014"
2026-09-03T22:34:55.988+00:00,REST,0,"WHEEL,BL,0.00,-43.68,0,2750"
2026-09-03T22:34:56.067+00:00,REST,0,"WHEEL,BR,0.00,-58.44,0,-266"
2026-09-03T22:34:56.067+00:00,REST,0,"POSE,323.7,1607.0,3.72,0"
2026-09-03T22:34:56.067+00:00,REST,0,"SYS,WAIT_START,0,1,8,MANUAL,RED,0"
2026-09-03T22:34:56.067+00:00,REST,0,"HDG,3.72,3.68,-0.04,1,1"
2026-09-03T22:34:56.067+00:00,REST,0,"TOF,231.0,1,170,-61.0"
2026-09-03T22:34:56.067+00:00,REST,0,"TOFI,0,0,0,1"
2026-09-03T22:34:56.067+00:00,REST,0,"AUTO,2,0,0,0,0,NONE,NONE,0,3"
2026-09-03T22:34:56.099+00:00,REST,0,"MOTION,1446031,0,0.00,0.00,0.0000,0.00,0.00"
2026-09-03T22:34:56.161+00:00,REST,0,"TEL,1446181,-8.53,-14.57,-11.14,-12.94,2.58,-0.402,0.0"
2026-09-03T22:34:56.161+00:00,REST,0,"WHEEL,FL,0.00,-8.53,0,-446"
2026-09-03T22:34:56.192+00:00,REST,0,"WHEEL,FR,0.00,-14.57,0,1001"
2026-09-03T22:34:56.192+00:00,REST,0,"WHEEL,BL,0.00,-11.14,0,2730"
2026-09-03T22:34:56.192+00:00,REST,0,"WHEEL,BR,0.00,-12.94,0,-290"
2026-09-03T22:34:56.224+00:00,REST,0,"POSE,304.5,1607.8,2.58,0"
2026-09-03T22:34:56.224+00:00,REST,0,"SYS,WAIT_START,0,1,8,MANUAL,RED,0"
2026-09-03T22:34:56.302+00:00,REST,0,"HDG,2.58,3.68,1.09,1,1"
2026-09-03T22:34:56.302+00:00,REST,0,"TOF,231.0,1,170,-61.0"
2026-09-03T22:34:56.302+00:00,REST,0,"TOFI,0,0,0,1"
2026-09-03T22:34:56.302+00:00,REST,0,"AUTO,2,0,0,0,0,NONE,NONE,0,3"
2026-09-03T22:34:56.302+00:00,REST,0,"MOTION,1446230,0,0.00,0.00,0.0000,0.00,0.00"
2026-09-03T22:34:56.365+00:00,REST,0,"TEL,1446382,-0.20,-0.35,-0.26,-0.29,2.54,-0.402,0.0"
2026-09-03T22:34:56.365+00:00,REST,0,"WHEEL,FL,0.00,-0.20,0,-447"
2026-09-03T22:34:56.396+00:00,REST,0,"WHEEL,FR,0.00,-0.35,0,999"
2026-09-03T22:34:56.396+00:00,REST,0,"WHEEL,BL,0.00,-0.26,0,2729"
2026-09-03T22:34:56.396+00:00,REST,0,"WHEEL,BR,0.00,-0.29,0,-291"
2026-09-03T22:34:56.396+00:00,REST,0,"POSE,303.2,1607.5,2.54,0"
2026-09-03T22:34:56.428+00:00,REST,0,"SYS,WAIT_START,0,1,8,MANUAL,RED,0"
2026-09-03T22:34:56.459+00:00,REST,0,"HDG,2.54,3.68,1.14,1,1"
2026-09-03T22:34:56.459+00:00,REST,0,"TOF,231.0,1,170,-61.0"
2026-09-03T22:34:56.459+00:00,REST,0,"TOFI,0,0,0,1"
2026-09-03T22:34:56.459+00:00,REST,0,"AUTO,2,0,0,0,0,NONE,NONE,0,3"
2026-09-03T22:34:56.490+00:00,REST,0,"MOTION,1446430,0,0.00,0.00,0.0000,0.00,0.00"
2026-09-03T22:34:56.553+00:00,REST,0,"TEL,1446582,-0.00,-0.01,-0.01,-0.01,2.53,-0.402,0.0"
2026-09-03T22:34:56.553+00:00,REST,0,"WHEEL,FL,0.00,-0.00,0,-447"
