ISO-10303-21;
HEADER;

/* File generated by Shapr3D Version 26.121.11316.0 */

FILE_DESCRIPTION(('HOOPS Exchange Step'),'2;1');

FILE_NAME('C:\\Users\\TranHuyBao\\AppData\\Local\\Packages\\Shapr3D.Shapr3D_dvv5p1vgwv6mp\\TempState\\export\\temp_export',
'2026-07-26T23:40:27+07:00',
('TR\X2\1EA6\X0\N HUY B\X2\1EA2\X0\O'),
('Shapr3D Limited'),
'HOOPS Exchange 2026.3',
'Shapr3D',
'Authorized');

FILE_SCHEMA( ('AP242_MANAGED_MODEL_BASED_3D_ENGINEERING_MIM_LF {1 0 10303 442 1 1 4}') );

ENDSEC;

DATA;
#3=(NAMED_UNIT(*)PLANE_ANGLE_UNIT()SI_UNIT($,.RADIAN.));
#4=PLANE_ANGLE_MEASURE_WITH_UNIT(PLANE_ANGLE_MEASURE(0.0174532925),#3);
#5=(CONVERSION_BASED_UNIT('DEGREE',#4)NAMED_UNIT(#6)PLANE_ANGLE_UNIT());
#6=DIMENSIONAL_EXPONENTS(0.,0.,0.,0.,0.,0.,0.);
#7=(NAMED_UNIT(*)SI_UNIT($,.STERADIAN.)SOLID_ANGLE_UNIT());
#8=(LENGTH_UNIT()NAMED_UNIT(*)SI_UNIT(.MILLI.,.METRE.));
#9=UNCERTAINTY_MEASURE_WITH_UNIT(LENGTH_MEASURE(1.000000E-03),#8,'DISTANCE_ACCURACY_VALUE','Maximum Tolerance applied to model');
#10=(GEOMETRIC_REPRESENTATION_CONTEXT(3)GLOBAL_UNCERTAINTY_ASSIGNED_CONTEXT((#9))GLOBAL_UNIT_ASSIGNED_CONTEXT((#8,#5,#7))REPRESENTATION_CONTEXT('','root'));
#12=CARTESIAN_POINT('',(0.,0.,0.));
#13=DIRECTION('',(0.,0.,1.));
#14=DIRECTION('',(1.,0.,0.));
#15=AXIS2_PLACEMENT_3D('',#12,#13,#14);
#26=(NAMED_UNIT(*)PLANE_ANGLE_UNIT()SI_UNIT($,.RADIAN.));
#27=PLANE_ANGLE_MEASURE_WITH_UNIT(PLANE_ANGLE_MEASURE(0.0174532925),#26);
#28=(CONVERSION_BASED_UNIT('DEGREE',#27)NAMED_UNIT(#29)PLANE_ANGLE_UNIT());
#29=DIMENSIONAL_EXPONENTS(0.,0.,0.,0.,0.,0.,0.);
#30=(NAMED_UNIT(*)SI_UNIT($,.STERADIAN.)SOLID_ANGLE_UNIT());
#31=(LENGTH_UNIT()NAMED_UNIT(*)SI_UNIT(.MILLI.,.METRE.));
#32=UNCERTAINTY_MEASURE_WITH_UNIT(LENGTH_MEASURE(1.000000E-03),#31,'DISTANCE_ACCURACY_VALUE','Maximum Tolerance applied to model');
#33=(GEOMETRIC_REPRESENTATION_CONTEXT(3)GLOBAL_UNCERTAINTY_ASSIGNED_CONTEXT((#32))GLOBAL_UNIT_ASSIGNED_CONTEXT((#31,#28,#30))REPRESENTATION_CONTEXT('','DEMO_T9_6.7.STEP'));
#45=CARTESIAN_POINT('',(0.,0.,0.));
#46=DIRECTION('',(0.,0.,1.));
#47=DIRECTION('',(1.,0.,-0.));
#48=AXIS2_PLACEMENT_3D('',#45,#46,#47);
#49=ITEM_DEFINED_TRANSFORMATION('','',#48,#15);
#50=(REPRESENTATION_RELATIONSHIP('','',#35,#16)REPRESENTATION_RELATIONSHIP_WITH_TRANSFORMATION(#49)SHAPE_REPRESENTATION_RELATIONSHIP());
#51=NEXT_ASSEMBLY_USAGE_OCCURRENCE('DEMO_T9_6.7.STEP_1','DEMO_T9_6.7.STEP','DEMO_T9_6.7.STEP',#25,#44,$);
#52=PRODUCT_DEFINITION_SHAPE('','',#51);
#53=CONTEXT_DEPENDENT_SHAPE_REPRESENTATION(#50,#52);
#54=(NAMED_UNIT(*)PLANE_ANGLE_UNIT()SI_UNIT($,.RADIAN.));
#55=PLANE_ANGLE_MEASURE_WITH_UNIT(PLANE_ANGLE_MEASURE(0.0174532925),#54);
#56=(CONVERSION_BASED_UNIT('DEGREE',#55)NAMED_UNIT(#57)PLANE_ANGLE_UNIT());
#57=DIMENSIONAL_EXPONENTS(0.,0.,0.,0.,0.,0.,0.);
#58=(NAMED_UNIT(*)SI_UNIT($,.STERADIAN.)SOLID_ANGLE_UNIT());
#59=(LENGTH_UNIT()NAMED_UNIT(*)SI_UNIT(.MILLI.,.METRE.));
#60=UNCERTAINTY_MEASURE_WITH_UNIT(LENGTH_MEASURE(1.000000E-05),#59,'DISTANCE_ACCURACY_VALUE','Maximum Tolerance applied to model');
#61=(GEOMETRIC_REPRESENTATION_CONTEXT(3)GLOBAL_UNCERTAINTY_ASSIGNED_CONTEXT((#60))GLOBAL_UNIT_ASSIGNED_CONTEXT((#59,#56,#58))REPRESENTATION_CONTEXT('','t\X2\1EA5\X0\m sau'));
#73=CARTESIAN_POINT('',(0.,0.,0.));
#74=DIRECTION('',(0.,0.,1.));
#75=DIRECTION('',(1.,0.,-0.));
#76=AXIS2_PLACEMENT_3D('',#73,#74,#75);
#77=ITEM_DEFINED_TRANSFORMATION('','',#76,#15);
#78=(REPRESENTATION_RELATIONSHIP('','',#63,#35)REPRESENTATION_RELATIONSHIP_WITH_TRANSFORMATION(#77)SHAPE_REPRESENTATION_RELATIONSHIP());
#79=NEXT_ASSEMBLY_USAGE_OCCURRENCE('t\X2\1EA5\X0\m sau_2','t\X2\1EA5\X0\m sau','t\X2\1EA5\X0\m sau',#44,#72,$);
#80=PRODUCT_DEFINITION_SHAPE('','',#79);
#81=CONTEXT_DEPENDENT_SHAPE_REPRESENTATION(#78,#80);
#83=CARTESIAN_POINT('',(841.657278139,-141.729122671,189.17));
#84=DIRECTION('',(0.,-1.,0.));
#85=DIRECTION('',(0.,0.,-1.));
#86=AXIS2_PLACEMENT_3D('',#83,#84,#85);
#87=CYLINDRICAL_SURFACE('',#86,2.25);
#88=CARTESIAN_POINT('',(841.657278139,-153.729122671,186.92));
#89=VERTEX_POINT('',#88);
#90=CARTESIAN_POINT('',(841.657278139,-147.729122671,186.92));
#91=VERTEX_POINT('',#90);
#92=CARTESIAN_POINT('',(841.657278139,-153.729122671,186.92));
#93=DIRECTION('',(-0.,1.,-0.));
#94=VECTOR('',#93,6.);
#95=LINE('',#92,#94);
#96=EDGE_CURVE('',#89,#91,#95,.T.);
#97=ORIENTED_EDGE('',*,*,#96,.F.);
#98=CARTESIAN_POINT('',(840.457278139,-153.729122671,191.073286631));
#99=VERTEX_POINT('',#98);
#100=CARTESIAN_POINT('',(841.657278139,-153.729122671,189.17));
#101=DIRECTION('',(0.,1.,0.));
#102=DIRECTION('',(-0.533333333,0.,0.845905169));
#103=AXIS2_PLACEMENT_3D('',#100,#101,#102);
#104=CIRCLE('',#103,2.25);
#105=EDGE_CURVE('',#99,#89,#104,.T.);
#106=ORIENTED_EDGE('',*,*,#105,.F.);
#107=CARTESIAN_POINT('',(841.657278139,-153.729122671,189.17));
#108=DIRECTION('',(0.,1.,0.));
#109=DIRECTION('',(-0.533333333,0.,0.845905169));
#110=AXIS2_PLACEMENT_3D('',#107,#108,#109);
#111=CIRCLE('',#110,2.25);
#112=EDGE_CURVE('',#89,#99,#111,.T.);
#113=ORIENTED_EDGE('',*,*,#112,.F.);
#114=ORIENTED_EDGE('',*,*,#96,.T.);
#115=CARTESIAN_POINT('',(841.657278139,-147.729122671,189.17));
#116=DIRECTION('',(0.,1.,0.));
#117=DIRECTION('',(0.,0.,-1.));
#118=AXIS2_PLACEMENT_3D('',#115,#116,#117);
#119=CIRCLE('',#118,2.25);
#120=EDGE_CURVE('',#91,#91,#119,.T.);
#121=ORIENTED_EDGE('',*,*,#120,.T.);
#122=EDGE_LOOP('',(#97,#106,#113,#114,#121));
#123=FACE_BOUND('',#122,.T.);
#124=ADVANCED_FACE('',(#123),#87,.F.);
#125=CARTESIAN_POINT('',(851.857278139,-141.729122671,189.17));
#126=DIRECTION('',(0.,-1.,0.));
#127=DIRECTION('',(0.,0.,-1.));
#128=AXIS2_PLACEMENT_3D('',#125,#126,#127);
#129=CYLINDRICAL_SURFACE('',#128,2.25);
#130=CARTESIAN_POINT('',(851.857278139,-153.729122671,186.92));
#131=VERTEX_POINT('',#130);
#132=CARTESIAN_POINT('',(851.857278139,-147.729122671,186.92));
#133=VERTEX_POINT('',#132);
#134=CARTESIAN_POINT('',(851.857278139,-153.729122671,186.92));
#135=DIRECTION('',(-0.,1.,-0.));
#136=VECTOR('',#135,6.);
#137=LINE('',#134,#136);
#138=EDGE_CURVE('',#131,#133,#137,.T.);
#139=ORIENTED_EDGE('',*,*,#138,.F.);
#140=CARTESIAN_POINT('',(850.657278139,-153.729122671,191.073286631));
#141=VERTEX_POINT('',#140);
#142=CARTESIAN_POINT('',(851.857278139,-153.729122671,189.17));
#143=DIRECTION('',(0.,1.,0.));
#144=DIRECTION('',(-0.533333333,0.,0.845905169));
#145=AXIS2_PLACEMENT_3D('',#142,#143,#144);
#146=CIRCLE('',#145,2.25);
#147=EDGE_CURVE('',#141,#131,#146,.T.);
#148=ORIENTED_EDGE('',*,*,#147,.F.);
#149=CARTESIAN_POINT('',(851.857278139,-153.729122671,189.17));
#150=DIRECTION('',(0.,1.,0.));
#151=DIRECTION('',(-0.533333333,0.,0.845905169));
#152=AXIS2_PLACEMENT_3D('',#149,#150,#151);
#153=CIRCLE('',#152,2.25);
#154=EDGE_CURVE('',#131,#141,#153,.T.);
#155=ORIENTED_EDGE('',*,*,#154,.F.);
#156=ORIENTED_EDGE('',*,*,#138,.T.);
#157=CARTESIAN_POINT('',(851.857278139,-147.729122671,189.17));
#158=DIRECTION('',(0.,1.,0.));
#159=DIRECTION('',(0.,0.,-1.));
#160=AXIS2_PLACEMENT_3D('',#157,#158,#159);
#161=CIRCLE('',#160,2.25);
#162=EDGE_CURVE('',#133,#133,#161,.T.);
#163=ORIENTED_EDGE('',*,*,#162,.T.);
#164=EDGE_LOOP('',(#139,#148,#155,#156,#163));
#165=FACE_BOUND('',#164,.T.);
#166=ADVANCED_FACE('',(#165),#129,.F.);
#167=CARTESIAN_POINT('',(851.857278139,-141.729122671,139.67));
#168=DIRECTION('',(0.,-1.,0.));
#169=DIRECTION('',(0.,0.,-1.));
#170=AXIS2_PLACEMENT_3D('',#167,#168,#169);
#171=CYLINDRICAL_SURFACE('',#170,2.25);
#172=CARTESIAN_POINT('',(851.857278139,-153.729122671,137.42));
#173=VERTEX_POINT('',#172);
#174=CARTESIAN_POINT('',(851.857278139,-147.729122671,137.42));
#175=VERTEX_POINT('',#174);
#176=CARTESIAN_POINT('',(851.857278139,-153.729122671,137.42));
#177=DIRECTION('',(-0.,1.,-0.));
#178=VECTOR('',#177,6.);
#179=LINE('',#176,#178);
#180=EDGE_CURVE('',#173,#175,#179,.T.);
#181=ORIENTED_EDGE('',*,*,#180,.F.);
#182=CARTESIAN_POINT('',(853.057278139,-153.729122671,137.766713369));
#183=VERTEX_POINT('',#182);
#184=CARTESIAN_POINT('',(851.857278139,-153.729122671,139.67));
#185=DIRECTION('',(0.,1.,0.));
#186=DIRECTION('',(0.533333333,0.,-0.845905169));
#187=AXIS2_PLACEMENT_3D('',#184,#185,#186);
#188=CIRCLE('',#187,2.25);
#189=EDGE_CURVE('',#183,#173,#188,.T.);
#190=ORIENTED_EDGE('',*,*,#189,.F.);
#191=CARTESIAN_POINT('',(851.857278139,-153.729122671,139.67));
#192=DIRECTION('',(0.,1.,0.));
#193=DIRECTION('',(0.533333333,0.,-0.845905169));
#194=AXIS2_PLACEMENT_3D('',#191,#192,#193);
#195=CIRCLE('',#194,2.25);
#196=EDGE_CURVE('',#173,#183,#195,.T.);
#197=ORIENTED_EDGE('',*,*,#196,.F.);
#198=ORIENTED_EDGE('',*,*,#180,.T.);
#199=CARTESIAN_POINT('',(851.857278139,-147.729122671,139.67));
#200=DIRECTION('',(0.,1.,0.));
#201=DIRECTION('',(0.,0.,-1.));
#202=AXIS2_PLACEMENT_3D('',#199,#200,#201);
#203=CIRCLE('',#202,2.25);
#204=EDGE_CURVE('',#175,#175,#203,.T.);
#205=ORIENTED_EDGE('',*,*,#204,.T.);
#206=EDGE_LOOP('',(#181,#190,#197,#198,#205));
#207=FACE_BOUND('',#206,.T.);
#208=ADVANCED_FACE('',(#207),#171,.F.);
#209=CARTESIAN_POINT('',(841.657278139,-141.729122671,139.67));
#210=DIRECTION('',(0.,-1.,0.));
#211=DIRECTION('',(0.,0.,-1.));
#212=AXIS2_PLACEMENT_3D('',#209,#210,#211);
#213=CYLINDRICAL_SURFACE('',#212,2.25);
#214=CARTESIAN_POINT('',(841.657278139,-153.729122671,137.42));
#215=VERTEX_POINT('',#214);
#216=CARTESIAN_POINT('',(841.657278139,-147.729122671,137.42));
#217=VERTEX_POINT('',#216);
#218=CARTESIAN_POINT('',(841.657278139,-153.729122671,137.42));
#219=DIRECTION('',(-0.,1.,-0.));
#220=VECTOR('',#219,6.);
#221=LINE('',#218,#220);
#222=EDGE_CURVE('',#215,#217,#221,.T.);
#223=ORIENTED_EDGE('',*,*,#222,.F.);
#224=CARTESIAN_POINT('',(842.857278139,-153.729122671,137.766713369));
#225=VERTEX_POINT('',#224);
#226=CARTESIAN_POINT('',(841.657278139,-153.729122671,139.67));
#227=DIRECTION('',(0.,1.,0.));
#228=DIRECTION('',(0.533333333,0.,-0.845905169));
#229=AXIS2_PLACEMENT_3D('',#226,#227,#228);
#230=CIRCLE('',#229,2.25);
#231=EDGE_CURVE('',#225,#215,#230,.T.);
#232=ORIENTED_EDGE('',*,*,#231,.F.);
#233=CARTESIAN_POINT('',(841.657278139,-153.729122671,139.67));
#234=DIRECTION('',(0.,1.,0.));
#235=DIRECTION('',(0.533333333,0.,-0.845905169));
#236=AXIS2_PLACEMENT_3D('',#233,#234,#235);
#237=CIRCLE('',#236,2.25);
#238=EDGE_CURVE('',#215,#225,#237,.T.);
#239=ORIENTED_EDGE('',*,*,#238,.F.);
#240=ORIENTED_EDGE('',*,*,#222,.T.);
#241=CARTESIAN_POINT('',(841.657278139,-147.729122671,139.67));
#242=DIRECTION('',(0.,1.,0.));
#243=DIRECTION('',(0.,0.,-1.));
#244=AXIS2_PLACEMENT_3D('',#241,#242,#243);
#245=CIRCLE('',#244,2.25);
#246=EDGE_CURVE('',#217,#217,#245,.T.);
#247=ORIENTED_EDGE('',*,*,#246,.T.);
#248=EDGE_LOOP('',(#223,#232,#239,#240,#247));
#249=FACE_BOUND('',#248,.T.);
#250=ADVANCED_FACE('',(#249),#213,.F.);
#251=CARTESIAN_POINT('',(856.87863907,-147.729122671,309.322174843));
#252=DIRECTION('',(-1.,0.,-0.));
#253=DIRECTION('',(-0.,0.,1.));
#254=AXIS2_PLACEMENT_3D('',#251,#252,#253);
#255=PLANE('',#254);
#256=CARTESIAN_POINT('',(856.87863907,-153.729122671,144.12));
#257=VERTEX_POINT('',#256);
#258=CARTESIAN_POINT('',(856.87863907,-147.729122671,144.12));
#259=VERTEX_POINT('',#258);
#260=CARTESIAN_POINT('',(856.87863907,-153.729122671,144.12));
#261=DIRECTION('',(0.,1.,0.));
#262=VECTOR('',#261,6.);
#263=LINE('',#260,#262);
#264=EDGE_CURVE('',#257,#259,#263,.T.);
#265=ORIENTED_EDGE('',*,*,#264,.F.);
#266=CARTESIAN_POINT('',(856.87863907,-153.729122671,73.464310467));
#267=VERTEX_POINT('',#266);
#268=CARTESIAN_POINT('',(856.87863907,-153.729122671,144.12));
#269=DIRECTION('',(0.,-0.,-1.));
#270=VECTOR('',#269,70.655689533);
#271=LINE('',#268,#270);
#272=EDGE_CURVE('',#257,#267,#271,.T.);
#273=ORIENTED_EDGE('',*,*,#272,.T.);
#274=CARTESIAN_POINT('',(856.87863907,-147.729122671,73.464310467));
#275=VERTEX_POINT('',#274);
#276=CARTESIAN_POINT('',(856.87863907,-153.729122671,73.464310467));
#277=DIRECTION('',(-0.,1.,-0.));
#278=VECTOR('',#277,6.);
#279=LINE('',#276,#278);
#280=EDGE_CURVE('',#267,#275,#279,.T.);
#281=ORIENTED_EDGE('',*,*,#280,.T.);
#282=CARTESIAN_POINT('',(856.87863907,-147.729122671,144.12));
#283=DIRECTION('',(0.,0.,-1.));
#284=VECTOR('',#283,70.655689533);
#285=LINE('',#282,#284);
#286=EDGE_CURVE('',#259,#275,#285,.T.);
#287=ORIENTED_EDGE('',*,*,#286,.F.);
#288=EDGE_LOOP('',(#265,#273,#281,#287));
#289=FACE_BOUND('',#288,.T.);
#290=ADVANCED_FACE('',(#289),#255,.F.);
#291=CARTESIAN_POINT('',(792.736503446,-147.729122671,359.322174843));
#292=DIRECTION('',(0.,-1.,0.));
#293=DIRECTION('',(0.,0.,-1.));
#294=AXIS2_PLACEMENT_3D('',#291,#292,#293);
#295=PLANE('',#294);
#296=CARTESIAN_POINT('',(841.92136093,-147.729122671,116.822174843));
#297=VERTEX_POINT('',#296);
#298=CARTESIAN_POINT('',(841.92136093,-147.729122671,121.822174843));
#299=VERTEX_POINT('',#298);
#300=CARTESIAN_POINT('',(841.92136093,-147.729122671,119.322174843));
#301=DIRECTION('',(0.,-1.,0.));
#302=DIRECTION('',(0.,0.,-1.));
#303=AXIS2_PLACEMENT_3D('',#300,#301,#302);
#304=CIRCLE('',#303,2.5);
#305=EDGE_CURVE('',#297,#299,#304,.T.);
#306=ORIENTED_EDGE('',*,*,#305,.T.);
#307=CARTESIAN_POINT('',(841.92136093,-147.729122671,119.322174843));
#308=DIRECTION('',(0.,-1.,0.));
#309=DIRECTION('',(0.,0.,-1.));
#310=AXIS2_PLACEMENT_3D('',#307,#308,#309);
#311=CIRCLE('',#310,2.5);
#312=EDGE_CURVE('',#299,#297,#311,.T.);
#313=ORIENTED_EDGE('',*,*,#312,.T.);
#314=EDGE_LOOP('',(#306,#313));
#315=FACE_BOUND('',#314,.T.);
#316=CARTESIAN_POINT('',(531.835917209,-147.729122671,116.822174843));
#317=VERTEX_POINT('',#316);
#318=CARTESIAN_POINT('',(531.835917209,-147.729122671,121.822174843));
#319=VERTEX_POINT('',#318);
#320=CARTESIAN_POINT('',(531.835917209,-147.729122671,119.322174843));
#321=DIRECTION('',(0.,-1.,0.));
#322=DIRECTION('',(0.,0.,-1.));
#323=AXIS2_PLACEMENT_3D('',#320,#321,#322);
#324=CIRCLE('',#323,2.5);
#325=EDGE_CURVE('',#317,#319,#324,.T.);
#326=ORIENTED_EDGE('',*,*,#325,.T.);
#327=CARTESIAN_POINT('',(531.835917209,-147.729122671,119.322174843));
#328=DIRECTION('',(0.,-1.,0.));
#329=DIRECTION('',(0.,0.,-1.));
#330=AXIS2_PLACEMENT_3D('',#327,#328,#329);
#331=CIRCLE('',#330,2.5);
#332=EDGE_CURVE('',#319,#317,#331,.T.);
#333=ORIENTED_EDGE('',*,*,#332,.T.);
#334=EDGE_LOOP('',(#326,#333));
#335=FACE_BOUND('',#334,.T.);
#336=CARTESIAN_POINT('',(821.92136093,-147.729122671,116.822174843));
#337=VERTEX_POINT('',#336);
#338=CARTESIAN_POINT('',(821.92136093,-147.729122671,121.822174843));
#339=VERTEX_POINT('',#338);
#340=CARTESIAN_POINT('',(821.92136093,-147.729122671,119.322174843));
#341=DIRECTION('',(0.,-1.,0.));
#342=DIRECTION('',(0.,0.,-1.));
#343=AXIS2_PLACEMENT_3D('',#340,#341,#342);
#344=CIRCLE('',#343,2.5);
#345=EDGE_CURVE('',#337,#339,#344,.T.);
#346=ORIENTED_EDGE('',*,*,#345,.T.);
#347=CARTESIAN_POINT('',(821.92136093,-147.729122671,119.322174843));
#348=DIRECTION('',(0.,-1.,0.));
#349=DIRECTION('',(0.,0.,-1.));
#350=AXIS2_PLACEMENT_3D('',#347,#348,#349);
#351=CIRCLE('',#350,2.5);
#352=EDGE_CURVE('',#339,#337,#351,.T.);
#353=ORIENTED_EDGE('',*,*,#352,.T.);
#354=EDGE_LOOP('',(#346,#353));
#355=FACE_BOUND('',#354,.T.);
#356=CARTESIAN_POINT('',(511.835917209,-147.729122671,116.822174843));
#357=VERTEX_POINT('',#356);
#358=CARTESIAN_POINT('',(511.835917209,-147.729122671,121.822174843));
#359=VERTEX_POINT('',#358);
#360=CARTESIAN_POINT('',(511.835917209,-147.729122671,119.322174843));
#361=DIRECTION('',(0.,-1.,0.));
#362=DIRECTION('',(0.,0.,-1.));
#363=AXIS2_PLACEMENT_3D('',#360,#361,#362);
#364=CIRCLE('',#363,2.5);
#365=EDGE_CURVE('',#357,#359,#364,.T.);
#366=ORIENTED_EDGE('',*,*,#365,.T.);
#367=CARTESIAN_POINT('',(511.835917209,-147.729122671,119.322174843));
#368=DIRECTION('',(0.,-1.,0.));
#369=DIRECTION('',(0.,0.,-1.));
#370=AXIS2_PLACEMENT_3D('',#367,#368,#369);
#371=CIRCLE('',#370,2.5);
#372=EDGE_CURVE('',#359,#357,#371,.T.);
#373=ORIENTED_EDGE('',*,*,#372,.T.);
#374=EDGE_LOOP('',(#366,#373));
#375=FACE_BOUND('',#374,.T.);
#376=ORIENTED_EDGE('',*,*,#120,.F.);
#377=EDGE_LOOP('',(#376));
#378=FACE_BOUND('',#377,.T.);
#379=ORIENTED_EDGE('',*,*,#162,.F.);
#380=EDGE_LOOP('',(#379));
#381=FACE_BOUND('',#380,.T.);
#382=ORIENTED_EDGE('',*,*,#204,.F.);
#383=EDGE_LOOP('',(#382));
#384=FACE_BOUND('',#383,.T.);
#385=ORIENTED_EDGE('',*,*,#246,.F.);
#386=EDGE_LOOP('',(#385));
#387=FACE_BOUND('',#386,.T.);
#388=CARTESIAN_POINT('',(512.1,-147.729122671,186.92));
#389=VERTEX_POINT('',#388);
#390=CARTESIAN_POINT('',(512.1,-147.729122671,189.17));
#391=DIRECTION('',(0.,-1.,0.));
#392=DIRECTION('',(0.,0.,-1.));
#393=AXIS2_PLACEMENT_3D('',#390,#391,#392);
#394=CIRCLE('',#393,2.25);
#395=EDGE_CURVE('',#389,#389,#394,.T.);
#396=ORIENTED_EDGE('',*,*,#395,.T.);
#397=EDGE_LOOP('',(#396));
#398=FACE_BOUND('',#397,.T.);
#399=CARTESIAN_POINT('',(501.9,-147.729122671,186.92));
#400=VERTEX_POINT('',#399);
#401=CARTESIAN_POINT('',(501.9,-147.729122671,189.17));
#402=DIRECTION('',(0.,-1.,0.));
#403=DIRECTION('',(0.,0.,-1.));
#404=AXIS2_PLACEMENT_3D('',#401,#402,#403);
#405=CIRCLE('',#404,2.25);
#406=EDGE_CURVE('',#400,#400,#405,.T.);
#407=ORIENTED_EDGE('',*,*,#406,.T.);
#408=EDGE_LOOP('',(#407));
#409=FACE_BOUND('',#408,.T.);
#410=CARTESIAN_POINT('',(501.9,-147.729122671,137.42));
#411=VERTEX_POINT('',#410);
#412=CARTESIAN_POINT('',(501.9,-147.729122671,139.67));
#413=DIRECTION('',(0.,-1.,0.));
#414=DIRECTION('',(0.,0.,-1.));
#415=AXIS2_PLACEMENT_3D('',#412,#413,#414);
#416=CIRCLE('',#415,2.25);
#417=EDGE_CURVE('',#411,#411,#416,.T.);
#418=ORIENTED_EDGE('',*,*,#417,.T.);
#419=EDGE_LOOP('',(#418));
#420=FACE_BOUND('',#419,.T.);
#421=CARTESIAN_POINT('',(512.1,-147.729122671,137.42));
#422=VERTEX_POINT('',#421);
#423=CARTESIAN_POINT('',(512.1,-147.729122671,139.67));
#424=DIRECTION('',(0.,-1.,0.));
#425=DIRECTION('',(0.,0.,-1.));
#426=AXIS2_PLACEMENT_3D('',#423,#424,#425);
#427=CIRCLE('',#426,2.25);
#428=EDGE_CURVE('',#422,#422,#427,.T.);
#429=ORIENTED_EDGE('',*,*,#428,.T.);
#430=EDGE_LOOP('',(#429));
#431=FACE_BOUND('',#430,.T.);
#432=CARTESIAN_POINT('',(799.42136093,-147.729122671,143.322174843));
#433=VERTEX_POINT('',#432);
#434=CARTESIAN_POINT('',(796.82136093,-147.729122671,145.922174843));
#435=VERTEX_POINT('',#434);
#436=CARTESIAN_POINT('',(796.82136093,-147.729122671,143.322174843));
#437=DIRECTION('',(0.,-1.,0.));
#438=DIRECTION('',(0.,0.,-1.));
#439=AXIS2_PLACEMENT_3D('',#436,#437,#438);
#440=CIRCLE('',#439,2.6);
#441=EDGE_CURVE('',#433,#435,#440,.T.);
#442=ORIENTED_EDGE('',*,*,#441,.T.);
#443=CARTESIAN_POINT('',(794.22136093,-147.729122671,143.322174843));
#444=VERTEX_POINT('',#443);
#445=CARTESIAN_POINT('',(796.82136093,-147.729122671,143.322174843));
#446=DIRECTION('',(0.,-1.,0.));
#447=DIRECTION('',(0.,0.,-1.));
#448=AXIS2_PLACEMENT_3D('',#445,#446,#447);
#449=CIRCLE('',#448,2.6);
#450=EDGE_CURVE('',#435,#444,#449,.T.);
#451=ORIENTED_EDGE('',*,*,#450,.T.);
#452=CARTESIAN_POINT('',(796.82136093,-147.729122671,143.322174843));
#453=DIRECTION('',(0.,-1.,0.));
#454=DIRECTION('',(0.,0.,-1.));
#455=AXIS2_PLACEMENT_3D('',#452,#453,#454);
#456=CIRCLE('',#455,2.6);
#457=EDGE_CURVE('',#444,#433,#456,.T.);
#458=ORIENTED_EDGE('',*,*,#457,.T.);
#459=EDGE_LOOP('',(#442,#451,#458));
#460=FACE_BOUND('',#459,.T.);
#461=CARTESIAN_POINT('',(799.02136093,-147.729122671,119.322174843));
#462=VERTEX_POINT('',#461);
#463=CARTESIAN_POINT('',(796.92136093,-147.729122671,121.422174843));
#464=VERTEX_POINT('',#463);
#465=CARTESIAN_POINT('',(796.92136093,-147.729122671,119.322174843));
#466=DIRECTION('',(0.,-1.,0.));
#467=DIRECTION('',(0.,0.,-1.));
#468=AXIS2_PLACEMENT_3D('',#465,#466,#467);
#469=CIRCLE('',#468,2.1);
#470=EDGE_CURVE('',#462,#464,#469,.T.);
#471=ORIENTED_EDGE('',*,*,#470,.T.);
#472=CARTESIAN_POINT('',(794.82136093,-147.729122671,119.322174843));
#473=VERTEX_POINT('',#472);
#474=CARTESIAN_POINT('',(796.92136093,-147.729122671,119.322174843));
#475=DIRECTION('',(0.,-1.,0.));
#476=DIRECTION('',(0.,0.,-1.));
#477=AXIS2_PLACEMENT_3D('',#474,#475,#476);
#478=CIRCLE('',#477,2.1);
#479=EDGE_CURVE('',#464,#473,#478,.T.);
#480=ORIENTED_EDGE('',*,*,#479,.T.);
#481=CARTESIAN_POINT('',(796.92136093,-147.729122671,119.322174843));
#482=DIRECTION('',(0.,-1.,0.));
#483=DIRECTION('',(0.,0.,-1.));
#484=AXIS2_PLACEMENT_3D('',#481,#482,#483);
#485=CIRCLE('',#484,2.1);
#486=EDGE_CURVE('',#473,#462,#485,.T.);
#487=ORIENTED_EDGE('',*,*,#486,.T.);
#488=EDGE_LOOP('',(#471,#480,#487));
#489=FACE_BOUND('',#488,.T.);
#490=CARTESIAN_POINT('',(774.52136093,-147.729122671,89.322174843));
#491=VERTEX_POINT('',#490);
#492=CARTESIAN_POINT('',(771.92136093,-147.729122671,91.922174843));
#493=VERTEX_POINT('',#492);
#494=CARTESIAN_POINT('',(771.92136093,-147.729122671,89.322174843));
#495=DIRECTION('',(0.,-1.,0.));
#496=DIRECTION('',(0.,0.,-1.));
#497=AXIS2_PLACEMENT_3D('',#494,#495,#496);
#498=CIRCLE('',#497,2.6);
#499=EDGE_CURVE('',#491,#493,#498,.T.);
#500=ORIENTED_EDGE('',*,*,#499,.T.);
#501=CARTESIAN_POINT('',(769.32136093,-147.729122671,89.322174843));
#502=VERTEX_POINT('',#501);
#503=CARTESIAN_POINT('',(771.92136093,-147.729122671,89.322174843));
#504=DIRECTION('',(0.,-1.,0.));
#505=DIRECTION('',(0.,0.,-1.));
#506=AXIS2_PLACEMENT_3D('',#503,#504,#505);
#507=CIRCLE('',#506,2.6);
#508=EDGE_CURVE('',#493,#502,#507,.T.);
#509=ORIENTED_EDGE('',*,*,#508,.T.);
#510=CARTESIAN_POINT('',(771.92136093,-147.729122671,89.322174843));
#511=DIRECTION('',(0.,-1.,0.));
#512=DIRECTION('',(0.,0.,-1.));
#513=AXIS2_PLACEMENT_3D('',#510,#511,#512);
#514=CIRCLE('',#513,2.6);
#515=EDGE_CURVE('',#502,#491,#514,.T.);
#516=ORIENTED_EDGE('',*,*,#515,.T.);
#517=EDGE_LOOP('',(#500,#509,#516));
#518=FACE_BOUND('',#517,.T.);
#519=CARTESIAN_POINT('',(824.52136093,-147.729122671,89.322174843));
#520=VERTEX_POINT('',#519);
#521=CARTESIAN_POINT('',(821.92136093,-147.729122671,91.922174843));
#522=VERTEX_POINT('',#521);
#523=CARTESIAN_POINT('',(821.92136093,-147.729122671,89.322174843));
#524=DIRECTION('',(0.,-1.,0.));
#525=DIRECTION('',(0.,0.,-1.));
#526=AXIS2_PLACEMENT_3D('',#523,#524,#525);
#527=CIRCLE('',#526,2.6);
#528=EDGE_CURVE('',#520,#522,#527,.T.);
#529=ORIENTED_EDGE('',*,*,#528,.T.);
#530=CARTESIAN_POINT('',(819.32136093,-147.729122671,89.322174843));
#531=VERTEX_POINT('',#530);
#532=CARTESIAN_POINT('',(821.92136093,-147.729122671,89.322174843));
#533=DIRECTION('',(0.,-1.,0.));
#534=DIRECTION('',(0.,0.,-1.));
#535=AXIS2_PLACEMENT_3D('',#532,#533,#534);
#536=CIRCLE('',#535,2.6);
#537=EDGE_CURVE('',#522,#531,#536,.T.);
#538=ORIENTED_EDGE('',*,*,#537,.T.);
#539=CARTESIAN_POINT('',(821.92136093,-147.729122671,89.322174843));
#540=DIRECTION('',(0.,-1.,0.));
#541=DIRECTION('',(0.,0.,-1.));
#542=AXIS2_PLACEMENT_3D('',#539,#540,#541);
#543=CIRCLE('',#542,2.6);
#544=EDGE_CURVE('',#531,#520,#543,.T.);
#545=ORIENTED_EDGE('',*,*,#544,.T.);
#546=EDGE_LOOP('',(#529,#538,#545));
#547=FACE_BOUND('',#546,.T.);
#548=CARTESIAN_POINT('',(774.52136093,-147.729122671,149.322174843));
#549=VERTEX_POINT('',#548);
#550=CARTESIAN_POINT('',(771.92136093,-147.729122671,151.922174843));
#551=VERTEX_POINT('',#550);
#552=CARTESIAN_POINT('',(771.92136093,-147.729122671,149.322174843));
#553=DIRECTION('',(0.,-1.,0.));
#554=DIRECTION('',(0.,0.,-1.));
#555=AXIS2_PLACEMENT_3D('',#552,#553,#554);
#556=CIRCLE('',#555,2.6);
#557=EDGE_CURVE('',#549,#551,#556,.T.);
#558=ORIENTED_EDGE('',*,*,#557,.T.);
#559=CARTESIAN_POINT('',(769.32136093,-147.729122671,149.322174843));
#560=VERTEX_POINT('',#559);
#561=CARTESIAN_POINT('',(771.92136093,-147.729122671,149.322174843));
#562=DIRECTION('',(0.,-1.,0.));
#563=DIRECTION('',(0.,0.,-1.));
#564=AXIS2_PLACEMENT_3D('',#561,#562,#563);
#565=CIRCLE('',#564,2.6);
#566=EDGE_CURVE('',#551,#560,#565,.T.);
#567=ORIENTED_EDGE('',*,*,#566,.T.);
#568=CARTESIAN_POINT('',(771.92136093,-147.729122671,149.322174843));
#569=DIRECTION('',(0.,-1.,0.));
#570=DIRECTION('',(0.,0.,-1.));
#571=AXIS2_PLACEMENT_3D('',#568,#569,#570);
#572=CIRCLE('',#571,2.6);
#573=EDGE_CURVE('',#560,#549,#572,.T.);
#574=ORIENTED_EDGE('',*,*,#573,.T.);
#575=EDGE_LOOP('',(#558,#567,#574));
#576=FACE_BOUND('',#575,.T.);
#577=CARTESIAN_POINT('',(824.52136093,-147.729122671,149.322174843));
#578=VERTEX_POINT('',#577);
#579=CARTESIAN_POINT('',(821.92136093,-147.729122671,151.922174843));
#580=VERTEX_POINT('',#579);
#581=CARTESIAN_POINT('',(821.92136093,-147.729122671,149.322174843));
#582=DIRECTION('',(0.,-1.,0.));
#583=DIRECTION('',(0.,0.,-1.));
#584=AXIS2_PLACEMENT_3D('',#581,#582,#583);
#585=CIRCLE('',#584,2.6);
#586=EDGE_CURVE('',#578,#580,#585,.T.);
#587=ORIENTED_EDGE('',*,*,#586,.T.);
#588=CARTESIAN_POINT('',(819.32136093,-147.729122671,149.322174843));
#589=VERTEX_POINT('',#588);
#590=CARTESIAN_POINT('',(821.92136093,-147.729122671,149.322174843));
#591=DIRECTION('',(0.,-1.,0.));
#592=DIRECTION('',(0.,0.,-1.));
#593=AXIS2_PLACEMENT_3D('',#590,#591,#592);
#594=CIRCLE('',#593,2.6);
#595=EDGE_CURVE('',#580,#589,#594,.T.);
#596=ORIENTED_EDGE('',*,*,#595,.T.);
#597=CARTESIAN_POINT('',(821.92136093,-147.729122671,149.322174843));
#598=DIRECTION('',(0.,-1.,0.));
#599=DIRECTION('',(0.,0.,-1.));
#600=AXIS2_PLACEMENT_3D('',#597,#598,#599);
#601=CIRCLE('',#600,2.6);
#602=EDGE_CURVE('',#589,#578,#601,.T.);
#603=ORIENTED_EDGE('',*,*,#602,.T.);
#604=EDGE_LOOP('',(#587,#596,#603));
#605=FACE_BOUND('',#604,.T.);
#606=CARTESIAN_POINT('',(799.62136093,-147.729122671,95.322174843));
#607=VERTEX_POINT('',#606);
#608=CARTESIAN_POINT('',(797.02136093,-147.729122671,97.922174843));
#609=VERTEX_POINT('',#608);
#610=CARTESIAN_POINT('',(797.02136093,-147.729122671,95.322174843));
#611=DIRECTION('',(0.,-1.,0.));
#612=DIRECTION('',(0.,0.,-1.));
#613=AXIS2_PLACEMENT_3D('',#610,#611,#612);
#614=CIRCLE('',#613,2.6);
#615=EDGE_CURVE('',#607,#609,#614,.T.);
#616=ORIENTED_EDGE('',*,*,#615,.T.);
#617=CARTESIAN_POINT('',(794.42136093,-147.729122671,95.322174843));
#618=VERTEX_POINT('',#617);
#619=CARTESIAN_POINT('',(797.02136093,-147.729122671,95.322174843));
#620=DIRECTION('',(0.,-1.,0.));
#621=DIRECTION('',(0.,0.,-1.));
#622=AXIS2_PLACEMENT_3D('',#619,#620,#621);
#623=CIRCLE('',#622,2.6);
#624=EDGE_CURVE('',#609,#618,#623,.T.);
#625=ORIENTED_EDGE('',*,*,#624,.T.);
#626=CARTESIAN_POINT('',(797.02136093,-147.729122671,95.322174843));
#627=DIRECTION('',(0.,-1.,0.));
#628=DIRECTION('',(0.,0.,-1.));
#629=AXIS2_PLACEMENT_3D('',#626,#627,#628);
#630=CIRCLE('',#629,2.6);
#631=EDGE_CURVE('',#618,#607,#630,.T.);
#632=ORIENTED_EDGE('',*,*,#631,.T.);
#633=EDGE_LOOP('',(#616,#625,#632));
#634=FACE_BOUND('',#633,.T.);
#635=CARTESIAN_POINT('',(662.95,-147.729122671,154.65));
#636=VERTEX_POINT('',#635);
#637=CARTESIAN_POINT('',(659.55,-147.729122671,154.65));
#638=VERTEX_POINT('',#637);
#639=CARTESIAN_POINT('',(661.25,-147.729122671,154.65));
#640=DIRECTION('',(0.,-1.,0.));
#641=DIRECTION('',(0.,0.,-1.));
#642=AXIS2_PLACEMENT_3D('',#639,#640,#641);
#643=CIRCLE('',#642,1.7);
#644=EDGE_CURVE('',#636,#638,#643,.T.);
#645=ORIENTED_EDGE('',*,*,#644,.T.);
#646=CARTESIAN_POINT('',(661.25,-147.729122671,154.65));
#647=DIRECTION('',(0.,-1.,0.));
#648=DIRECTION('',(0.,0.,-1.));
#649=AXIS2_PLACEMENT_3D('',#646,#647,#648);
#650=CIRCLE('',#649,1.7);
#651=EDGE_CURVE('',#638,#636,#650,.T.);
#652=ORIENTED_EDGE('',*,*,#651,.T.);
#653=EDGE_LOOP('',(#645,#652));
#654=FACE_BOUND('',#653,.T.);
#655=CARTESIAN_POINT('',(693.95,-147.729122671,154.65));
#656=VERTEX_POINT('',#655);
#657=CARTESIAN_POINT('',(690.55,-147.729122671,154.65));
#658=VERTEX_POINT('',#657);
#659=CARTESIAN_POINT('',(692.25,-147.729122671,154.65));
#660=DIRECTION('',(0.,-1.,0.));
#661=DIRECTION('',(0.,0.,-1.));
#662=AXIS2_PLACEMENT_3D('',#659,#660,#661);
#663=CIRCLE('',#662,1.7);
#664=EDGE_CURVE('',#656,#658,#663,.T.);
#665=ORIENTED_EDGE('',*,*,#664,.T.);
#666=CARTESIAN_POINT('',(692.25,-147.729122671,154.65));
#667=DIRECTION('',(0.,-1.,0.));
#668=DIRECTION('',(0.,0.,-1.));
#669=AXIS2_PLACEMENT_3D('',#666,#667,#668);
#670=CIRCLE('',#669,1.7);
#671=EDGE_CURVE('',#658,#656,#670,.T.);
#672=ORIENTED_EDGE('',*,*,#671,.T.);
#673=EDGE_LOOP('',(#665,#672));
#674=FACE_BOUND('',#673,.T.);
#675=CARTESIAN_POINT('',(662.95,-147.729122671,123.65));
#676=VERTEX_POINT('',#675);
#677=CARTESIAN_POINT('',(659.55,-147.729122671,123.65));
#678=VERTEX_POINT('',#677);
#679=CARTESIAN_POINT('',(661.25,-147.729122671,123.65));
#680=DIRECTION('',(0.,-1.,0.));
#681=DIRECTION('',(0.,0.,-1.));
#682=AXIS2_PLACEMENT_3D('',#679,#680,#681);
#683=CIRCLE('',#682,1.7);
#684=EDGE_CURVE('',#676,#678,#683,.T.);
#685=ORIENTED_EDGE('',*,*,#684,.T.);
#686=CARTESIAN_POINT('',(661.25,-147.729122671,123.65));
#687=DIRECTION('',(0.,-1.,0.));
#688=DIRECTION('',(0.,0.,-1.));
#689=AXIS2_PLACEMENT_3D('',#686,#687,#688);
#690=CIRCLE('',#689,1.7);
#691=EDGE_CURVE('',#678,#676,#690,.T.);
#692=ORIENTED_EDGE('',*,*,#691,.T.);
#693=EDGE_LOOP('',(#685,#692));
#694=FACE_BOUND('',#693,.T.);
#695=CARTESIAN_POINT('',(693.95,-147.729122671,123.65));
#696=VERTEX_POINT('',#695);
#697=CARTESIAN_POINT('',(690.55,-147.729122671,123.65));
#698=VERTEX_POINT('',#697);
#699=CARTESIAN_POINT('',(692.25,-147.729122671,123.65));
#700=DIRECTION('',(0.,-1.,0.));
#701=DIRECTION('',(0.,0.,-1.));
#702=AXIS2_PLACEMENT_3D('',#699,#700,#701);
#703=CIRCLE('',#702,1.7);
#704=EDGE_CURVE('',#696,#698,#703,.T.);
#705=ORIENTED_EDGE('',*,*,#704,.T.);
#706=CARTESIAN_POINT('',(692.25,-147.729122671,123.65));
#707=DIRECTION('',(0.,-1.,0.));
#708=DIRECTION('',(0.,0.,-1.));
#709=AXIS2_PLACEMENT_3D('',#706,#707,#708);
#710=CIRCLE('',#709,1.7);
#711=EDGE_CURVE('',#698,#696,#710,.T.);
#712=ORIENTED_EDGE('',*,*,#711,.T.);
#713=EDGE_LOOP('',(#705,#712));
#714=FACE_BOUND('',#713,.T.);
#715=CARTESIAN_POINT('',(687.27863907,-147.729122671,176.322174843));
#716=VERTEX_POINT('',#715);
#717=CARTESIAN_POINT('',(690.47863907,-147.729122671,176.322174843));
#718=VERTEX_POINT('',#717);
#719=CARTESIAN_POINT('',(688.87863907,-147.729122671,176.322174843));
#720=DIRECTION('',(-0.,1.,-0.));
#721=DIRECTION('',(0.,0.,-1.));
#722=AXIS2_PLACEMENT_3D('',#719,#720,#721);
#723=CIRCLE('',#722,1.6);
#724=EDGE_CURVE('NONE',#716,#718,#723,.T.);
#725=ORIENTED_EDGE('',*,*,#724,.F.);
#726=CARTESIAN_POINT('',(688.87863907,-147.729122671,176.322174843));
#727=DIRECTION('',(-0.,1.,-0.));
#728=DIRECTION('',(0.,0.,-1.));
#729=AXIS2_PLACEMENT_3D('',#726,#727,#728);
#730=CIRCLE('',#729,1.6);
#731=EDGE_CURVE('',#718,#716,#730,.T.);
#732=ORIENTED_EDGE('',*,*,#731,.F.);
#733=EDGE_LOOP('',(#725,#732));
#734=FACE_BOUND('',#733,.T.);
#735=CARTESIAN_POINT('',(663.27863907,-147.729122671,176.322174843));
#736=VERTEX_POINT('',#735);
#737=CARTESIAN_POINT('',(666.47863907,-147.729122671,176.322174843));
#738=VERTEX_POINT('',#737);
#739=CARTESIAN_POINT('',(664.87863907,-147.729122671,176.322174843));
#740=DIRECTION('',(-0.,1.,-0.));
#741=DIRECTION('',(0.,0.,-1.));
#742=AXIS2_PLACEMENT_3D('',#739,#740,#741);
#743=CIRCLE('',#742,1.6);
#744=EDGE_CURVE('NONE',#736,#738,#743,.T.);
#745=ORIENTED_EDGE('',*,*,#744,.F.);
#746=CARTESIAN_POINT('',(664.87863907,-147.729122671,176.322174843));
#747=DIRECTION('',(-0.,1.,-0.));
#748=DIRECTION('',(0.,0.,-1.));
#749=AXIS2_PLACEMENT_3D('',#746,#747,#748);
#750=CIRCLE('',#749,1.6);
#751=EDGE_CURVE('',#738,#736,#750,.T.);
#752=ORIENTED_EDGE('',*,*,#751,.F.);
#753=EDGE_LOOP('',(#745,#752));
#754=FACE_BOUND('',#753,.T.);
#755=CARTESIAN_POINT('',(610.80971406,-147.729122671,164.732102801));
#756=VERTEX_POINT('',#755);
#757=CARTESIAN_POINT('',(634.80971406,-147.729122671,164.732102801));
#758=VERTEX_POINT('',#757);
#759=CARTESIAN_POINT('',(610.80971406,-147.729122671,164.732102801));
#760=DIRECTION('',(1.,0.,-0.));
#761=VECTOR('',#760,24.);
#762=LINE('',#759,#761);
#763=EDGE_CURVE('',#756,#758,#762,.T.);
#764=ORIENTED_EDGE('',*,*,#763,.T.);
#765=CARTESIAN_POINT('',(637.80971406,-147.729122671,167.732102801));
#766=VERTEX_POINT('',#765);
#767=CARTESIAN_POINT('',(634.80971406,-147.729122671,167.732102801));
#768=DIRECTION('',(0.,-1.,0.));
#769=DIRECTION('',(0.,0.,-1.));
#770=AXIS2_PLACEMENT_3D('',#767,#768,#769);
#771=CIRCLE('',#770,3.);
#772=EDGE_CURVE('',#758,#766,#771,.T.);
#773=ORIENTED_EDGE('',*,*,#772,.T.);
#774=CARTESIAN_POINT('',(637.80971406,-147.729122671,171.732102801));
#775=VERTEX_POINT('',#774);
#776=CARTESIAN_POINT('',(637.80971406,-147.729122671,167.732102801));
#777=DIRECTION('',(0.,0.,1.));
#778=VECTOR('',#777,4.);
#779=LINE('',#776,#778);
#780=EDGE_CURVE('',#766,#775,#779,.T.);
#781=ORIENTED_EDGE('',*,*,#780,.T.);
#782=CARTESIAN_POINT('',(634.80971406,-147.729122671,174.732102801));
#783=VERTEX_POINT('',#782);
#784=CARTESIAN_POINT('',(634.80971406,-147.729122671,171.732102801));
#785=DIRECTION('',(0.,-1.,0.));
#786=DIRECTION('',(0.,0.,-1.));
#787=AXIS2_PLACEMENT_3D('',#784,#785,#786);
#788=CIRCLE('',#787,3.);
#789=EDGE_CURVE('',#775,#783,#788,.T.);
#790=ORIENTED_EDGE('',*,*,#789,.T.);
#791=CARTESIAN_POINT('',(610.80971406,-147.729122671,174.732102801));
#792=VERTEX_POINT('',#791);
#793=CARTESIAN_POINT('',(634.80971406,-147.729122671,174.732102801));
#794=DIRECTION('',(-1.,0.,0.));
#795=VECTOR('',#794,24.);
#796=LINE('',#793,#795);
#797=EDGE_CURVE('',#783,#792,#796,.T.);
#798=ORIENTED_EDGE('',*,*,#797,.T.);
#799=CARTESIAN_POINT('',(607.80971406,-147.729122671,171.732102801));
#800=VERTEX_POINT('',#799);
#801=CARTESIAN_POINT('',(610.80971406,-147.729122671,171.732102801));
#802=DIRECTION('',(0.,-1.,0.));
#803=DIRECTION('',(0.,0.,-1.));
#804=AXIS2_PLACEMENT_3D('',#801,#802,#803);
#805=CIRCLE('',#804,3.);
#806=EDGE_CURVE('',#792,#800,#805,.T.);
#807=ORIENTED_EDGE('',*,*,#806,.T.);
#808=CARTESIAN_POINT('',(607.80971406,-147.729122671,167.732102801));
#809=VERTEX_POINT('',#808);
#810=CARTESIAN_POINT('',(607.80971406,-147.729122671,171.732102801));
#811=DIRECTION('',(0.,0.,-1.));
#812=VECTOR('',#811,4.);
#813=LINE('',#810,#812);
#814=EDGE_CURVE('',#800,#809,#813,.T.);
#815=ORIENTED_EDGE('',*,*,#814,.T.);
#816=CARTESIAN_POINT('',(610.80971406,-147.729122671,167.732102801));
#817=DIRECTION('',(0.,-1.,0.));
#818=DIRECTION('',(0.,0.,-1.));
#819=AXIS2_PLACEMENT_3D('',#816,#817,#818);
#820=CIRCLE('',#819,3.);
#821=EDGE_CURVE('',#809,#756,#820,.T.);
#822=ORIENTED_EDGE('',*,*,#821,.T.);
#823=EDGE_LOOP('',(#764,#773,#781,#790,#798,#807,#815,#822));
#824=FACE_BOUND('',#823,.T.);
#825=CARTESIAN_POINT('',(716.87863907,-147.729122671,137.322174843));
#826=VERTEX_POINT('',#825);
#827=CARTESIAN_POINT('',(708.87863907,-147.729122671,129.322174843));
#828=VERTEX_POINT('',#827);
#829=CARTESIAN_POINT('',(716.87863907,-147.729122671,129.322174843));
#830=DIRECTION('',(-0.,-1.,-0.));
#831=DIRECTION('',(0.,-0.,1.));
#832=AXIS2_PLACEMENT_3D('',#829,#830,#831);
#833=CIRCLE('',#832,8.);
#834=EDGE_CURVE('NONE',#826,#828,#833,.T.);
#835=ORIENTED_EDGE('',*,*,#834,.T.);
#836=CARTESIAN_POINT('',(724.87863907,-147.729122671,129.322174843));
#837=VERTEX_POINT('',#836);
#838=CARTESIAN_POINT('',(716.87863907,-147.729122671,129.322174843));
#839=DIRECTION('',(-0.,-1.,-0.));
#840=DIRECTION('',(0.,-0.,1.));
#841=AXIS2_PLACEMENT_3D('',#838,#839,#840);
#842=CIRCLE('',#841,8.);
#843=EDGE_CURVE('',#828,#837,#842,.T.);
#844=ORIENTED_EDGE('',*,*,#843,.T.);
#845=CARTESIAN_POINT('',(716.87863907,-147.729122671,129.322174843));
#846=DIRECTION('',(-0.,-1.,-0.));
#847=DIRECTION('',(0.,-0.,1.));
#848=AXIS2_PLACEMENT_3D('',#845,#846,#847);
#849=CIRCLE('',#848,8.);
#850=EDGE_CURVE('',#837,#826,#849,.T.);
#851=ORIENTED_EDGE('',*,*,#850,.T.);
#852=EDGE_LOOP('',(#835,#844,#851));
#853=FACE_BOUND('',#852,.T.);
#854=CARTESIAN_POINT('',(676.87863907,-147.729122671,147.322174843));
#855=VERTEX_POINT('',#854);
#856=CARTESIAN_POINT('',(668.87863907,-147.729122671,139.322174843));
#857=VERTEX_POINT('',#856);
#858=CARTESIAN_POINT('',(676.87863907,-147.729122671,139.322174843));
#859=DIRECTION('',(-0.,-1.,-0.));
#860=DIRECTION('',(0.,-0.,1.));
#861=AXIS2_PLACEMENT_3D('',#858,#859,#860);
#862=CIRCLE('',#861,8.);
#863=EDGE_CURVE('NONE',#855,#857,#862,.T.);
#864=ORIENTED_EDGE('',*,*,#863,.T.);
#865=CARTESIAN_POINT('',(684.87863907,-147.729122671,139.322174843));
#866=VERTEX_POINT('',#865);
#867=CARTESIAN_POINT('',(676.87863907,-147.729122671,139.322174843));
#868=DIRECTION('',(-0.,-1.,-0.));
#869=DIRECTION('',(0.,-0.,1.));
#870=AXIS2_PLACEMENT_3D('',#867,#868,#869);
#871=CIRCLE('',#870,8.);
#872=EDGE_CURVE('',#857,#866,#871,.T.);
#873=ORIENTED_EDGE('',*,*,#872,.T.);
#874=CARTESIAN_POINT('',(676.87863907,-147.729122671,139.322174843));
#875=DIRECTION('',(-0.,-1.,-0.));
#876=DIRECTION('',(0.,-0.,1.));
#877=AXIS2_PLACEMENT_3D('',#874,#875,#876);
#878=CIRCLE('',#877,8.);
#879=EDGE_CURVE('',#866,#855,#878,.T.);
#880=ORIENTED_EDGE('',*,*,#879,.T.);
#881=EDGE_LOOP('',(#864,#873,#880));
#882=FACE_BOUND('',#881,.T.);
#883=CARTESIAN_POINT('',(636.87863907,-147.729122671,137.322174843));
#884=VERTEX_POINT('',#883);
#885=CARTESIAN_POINT('',(628.87863907,-147.729122671,129.322174843));
#886=VERTEX_POINT('',#885);
#887=CARTESIAN_POINT('',(636.87863907,-147.729122671,129.322174843));
#888=DIRECTION('',(-0.,-1.,-0.));
#889=DIRECTION('',(0.,-0.,1.));
#890=AXIS2_PLACEMENT_3D('',#887,#888,#889);
#891=CIRCLE('',#890,8.);
#892=EDGE_CURVE('NONE',#884,#886,#891,.T.);
#893=ORIENTED_EDGE('',*,*,#892,.T.);
#894=CARTESIAN_POINT('',(644.87863907,-147.729122671,129.322174843));
#895=VERTEX_POINT('',#894);
#896=CARTESIAN_POINT('',(636.87863907,-147.729122671,129.322174843));
#897=DIRECTION('',(-0.,-1.,-0.));
#898=DIRECTION('',(0.,-0.,1.));
#899=AXIS2_PLACEMENT_3D('',#896,#897,#898);
#900=CIRCLE('',#899,8.);
#901=EDGE_CURVE('',#886,#895,#900,.T.);
#902=ORIENTED_EDGE('',*,*,#901,.T.);
#903=CARTESIAN_POINT('',(636.87863907,-147.729122671,129.322174843));
#904=DIRECTION('',(-0.,-1.,-0.));
#905=DIRECTION('',(0.,-0.,1.));
#906=AXIS2_PLACEMENT_3D('',#903,#904,#905);
#907=CIRCLE('',#906,8.);
#908=EDGE_CURVE('',#895,#884,#907,.T.);
#909=ORIENTED_EDGE('',*,*,#908,.T.);
#910=EDGE_LOOP('',(#893,#902,#909));
#911=FACE_BOUND('',#910,.T.);
#912=CARTESIAN_POINT('',(676.87863907,-147.729122671,162.722174843));
#913=VERTEX_POINT('',#912);
#914=CARTESIAN_POINT('',(675.27863907,-147.729122671,164.322174843));
#915=VERTEX_POINT('',#914);
#916=CARTESIAN_POINT('',(676.87863907,-147.729122671,164.322174843));
#917=DIRECTION('',(-0.,1.,-0.));
#918=DIRECTION('',(0.,0.,-1.));
#919=AXIS2_PLACEMENT_3D('',#916,#917,#918);
#920=CIRCLE('',#919,1.6);
#921=EDGE_CURVE('NONE',#913,#915,#920,.T.);
#922=ORIENTED_EDGE('',*,*,#921,.F.);
#923=CARTESIAN_POINT('',(678.47863907,-147.729122671,164.322174843));
#924=VERTEX_POINT('',#923);
#925=CARTESIAN_POINT('',(676.87863907,-147.729122671,164.322174843));
#926=DIRECTION('',(-0.,1.,-0.));
#927=DIRECTION('',(0.,0.,-1.));
#928=AXIS2_PLACEMENT_3D('',#925,#926,#927);
#929=CIRCLE('',#928,1.6);
#930=EDGE_CURVE('',#924,#913,#929,.T.);
#931=ORIENTED_EDGE('',*,*,#930,.F.);
#932=CARTESIAN_POINT('',(676.87863907,-147.729122671,164.322174843));
#933=DIRECTION('',(-0.,1.,-0.));
#934=DIRECTION('',(0.,0.,-1.));
#935=AXIS2_PLACEMENT_3D('',#932,#933,#934);
#936=CIRCLE('',#935,1.6);
#937=EDGE_CURVE('',#915,#924,#936,.T.);
#938=ORIENTED_EDGE('',*,*,#937,.F.);
#939=EDGE_LOOP('',(#922,#931,#938));
#940=FACE_BOUND('',#939,.T.);
#941=CARTESIAN_POINT('',(676.87863907,-147.729122671,171.322174843));
#942=VERTEX_POINT('',#941);
#943=CARTESIAN_POINT('',(671.87863907,-147.729122671,176.322174843));
#944=VERTEX_POINT('',#943);
#945=CARTESIAN_POINT('',(676.87863907,-147.729122671,176.322174843));
#946=DIRECTION('',(-0.,1.,-0.));
#947=DIRECTION('',(0.,0.,-1.));
#948=AXIS2_PLACEMENT_3D('',#945,#946,#947);
#949=CIRCLE('',#948,5.);
#950=EDGE_CURVE('NONE',#942,#944,#949,.T.);
#951=ORIENTED_EDGE('',*,*,#950,.F.);
#952=CARTESIAN_POINT('',(681.87863907,-147.729122671,176.322174843));
#953=VERTEX_POINT('',#952);
#954=CARTESIAN_POINT('',(676.87863907,-147.729122671,176.322174843));
#955=DIRECTION('',(-0.,1.,-0.));
#956=DIRECTION('',(0.,0.,-1.));
#957=AXIS2_PLACEMENT_3D('',#954,#955,#956);
#958=CIRCLE('',#957,5.);
#959=EDGE_CURVE('',#953,#942,#958,.T.);
#960=ORIENTED_EDGE('',*,*,#959,.F.);
#961=CARTESIAN_POINT('',(676.87863907,-147.729122671,176.322174843));
#962=DIRECTION('',(-0.,1.,-0.));
#963=DIRECTION('',(0.,0.,-1.));
#964=AXIS2_PLACEMENT_3D('',#961,#962,#963);
#965=CIRCLE('',#964,5.);
#966=EDGE_CURVE('',#944,#953,#965,.T.);
#967=ORIENTED_EDGE('',*,*,#966,.F.);
#968=EDGE_LOOP('',(#951,#960,#967));
#969=FACE_BOUND('',#968,.T.);
#970=CARTESIAN_POINT('',(636.87863907,-147.729122671,145.722174843));
#971=VERTEX_POINT('',#970);
#972=CARTESIAN_POINT('',(634.77863907,-147.729122671,147.822174843));
#973=VERTEX_POINT('',#972);
#974=CARTESIAN_POINT('',(636.87863907,-147.729122671,147.822174843));
#975=DIRECTION('',(-0.,1.,-0.));
#976=DIRECTION('',(0.,0.,-1.));
#977=AXIS2_PLACEMENT_3D('',#974,#975,#976);
#978=CIRCLE('',#977,2.1);
#979=EDGE_CURVE('NONE',#971,#973,#978,.T.);
#980=ORIENTED_EDGE('',*,*,#979,.F.);
#981=CARTESIAN_POINT('',(638.97863907,-147.729122671,147.822174843));
#982=VERTEX_POINT('',#981);
#983=CARTESIAN_POINT('',(636.87863907,-147.729122671,147.822174843));
#984=DIRECTION('',(-0.,1.,-0.));
#985=DIRECTION('',(0.,0.,-1.));
#986=AXIS2_PLACEMENT_3D('',#983,#984,#985);
#987=CIRCLE('',#986,2.1);
#988=EDGE_CURVE('',#982,#971,#987,.T.);
#989=ORIENTED_EDGE('',*,*,#988,.F.);
#990=CARTESIAN_POINT('',(636.87863907,-147.729122671,147.822174843));
#991=DIRECTION('',(-0.,1.,-0.));
#992=DIRECTION('',(0.,0.,-1.));
#993=AXIS2_PLACEMENT_3D('',#990,#991,#992);
#994=CIRCLE('',#993,2.1);
#995=EDGE_CURVE('',#973,#982,#994,.T.);
#996=ORIENTED_EDGE('',*,*,#995,.F.);
#997=EDGE_LOOP('',(#980,#989,#996));
#998=FACE_BOUND('',#997,.T.);
#999=CARTESIAN_POINT('',(636.87863907,-147.729122671,108.722174843));
#1000=VERTEX_POINT('',#999);
#1001=CARTESIAN_POINT('',(634.77863907,-147.729122671,110.822174843));
#1002=VERTEX_POINT('',#1001);
#1003=CARTESIAN_POINT('',(636.87863907,-147.729122671,110.822174843));
#1004=DIRECTION('',(-0.,1.,-0.));
#1005=DIRECTION('',(0.,0.,-1.));
#1006=AXIS2_PLACEMENT_3D('',#1003,#1004,#1005);
#1007=CIRCLE('',#1006,2.1);
#1008=EDGE_CURVE('NONE',#1000,#1002,#1007,.T.);
#1009=ORIENTED_EDGE('',*,*,#1008,.F.);
#1010=CARTESIAN_POINT('',(638.97863907,-147.729122671,110.822174843));
#1011=VERTEX_POINT('',#1010);
#1012=CARTESIAN_POINT('',(636.87863907,-147.729122671,110.822174843));
#1013=DIRECTION('',(-0.,1.,-0.));
#1014=DIRECTION('',(0.,0.,-1.));
#1015=AXIS2_PLACEMENT_3D('',#1012,#1013,#1014);
#1016=CIRCLE('',#1015,2.1);
#1017=EDGE_CURVE('',#1011,#1000,#1016,.T.);
#1018=ORIENTED_EDGE('',*,*,#1017,.F.);
#1019=CARTESIAN_POINT('',(636.87863907,-147.729122671,110.822174843));
#1020=DIRECTION('',(-0.,1.,-0.));
#1021=DIRECTION('',(0.,0.,-1.));
#1022=AXIS2_PLACEMENT_3D('',#1019,#1020,#1021);
#1023=CIRCLE('',#1022,2.1);
#1024=EDGE_CURVE('',#1002,#1011,#1023,.T.);
#1025=ORIENTED_EDGE('',*,*,#1024,.F.);
#1026=EDGE_LOOP('',(#1009,#1018,#1025));
#1027=FACE_BOUND('',#1026,.T.);
#1028=CARTESIAN_POINT('',(716.87863907,-147.729122671,145.722174843));
#1029=VERTEX_POINT('',#1028);
#1030=CARTESIAN_POINT('',(714.77863907,-147.729122671,147.822174843));
#1031=VERTEX_POINT('',#1030);
#1032=CARTESIAN_POINT('',(716.87863907,-147.729122671,147.822174843));
#1033=DIRECTION('',(-0.,1.,-0.));
#1034=DIRECTION('',(0.,0.,-1.));
#1035=AXIS2_PLACEMENT_3D('',#1032,#1033,#1034);
#1036=CIRCLE('',#1035,2.1);
#1037=EDGE_CURVE('NONE',#1029,#1031,#1036,.T.);
#1038=ORIENTED_EDGE('',*,*,#1037,.F.);
#1039=CARTESIAN_POINT('',(718.97863907,-147.729122671,147.822174843));
#1040=VERTEX_POINT('',#1039);
#1041=CARTESIAN_POINT('',(716.87863907,-147.729122671,147.822174843));
#1042=DIRECTION('',(-0.,1.,-0.));
#1043=DIRECTION('',(0.,0.,-1.));
#1044=AXIS2_PLACEMENT_3D('',#1041,#1042,#1043);
#1045=CIRCLE('',#1044,2.1);
#1046=EDGE_CURVE('',#1040,#1029,#1045,.T.);
#1047=ORIENTED_EDGE('',*,*,#1046,.F.);
#1048=CARTESIAN_POINT('',(716.87863907,-147.729122671,147.822174843));
#1049=DIRECTION('',(-0.,1.,-0.));
#1050=DIRECTION('',(0.,0.,-1.));
#1051=AXIS2_PLACEMENT_3D('',#1048,#1049,#1050);
#1052=CIRCLE('',#1051,2.1);
#1053=EDGE_CURVE('',#1031,#1040,#1052,.T.);
#1054=ORIENTED_EDGE('',*,*,#1053,.F.);
#1055=EDGE_LOOP('',(#1038,#1047,#1054));
#1056=FACE_BOUND('',#1055,.T.);
#1057=CARTESIAN_POINT('',(716.87863907,-147.729122671,108.722174843));
#1058=VERTEX_POINT('',#1057);
#1059=CARTESIAN_POINT('',(714.77863907,-147.729122671,110.822174843));
#1060=VERTEX_POINT('',#1059);
#1061=CARTESIAN_POINT('',(716.87863907,-147.729122671,110.822174843));
#1062=DIRECTION('',(-0.,1.,-0.));
#1063=DIRECTION('',(0.,0.,-1.));
#1064=AXIS2_PLACEMENT_3D('',#1061,#1062,#1063);
#1065=CIRCLE('',#1064,2.1);
#1066=EDGE_CURVE('NONE',#1058,#1060,#1065,.T.);
#1067=ORIENTED_EDGE('',*,*,#1066,.F.);
#1068=CARTESIAN_POINT('',(718.97863907,-147.729122671,110.822174843));
#1069=VERTEX_POINT('',#1068);
#1070=CARTESIAN_POINT('',(716.87863907,-147.729122671,110.822174843));
#1071=DIRECTION('',(-0.,1.,-0.));
#1072=DIRECTION('',(0.,0.,-1.));
#1073=AXIS2_PLACEMENT_3D('',#1070,#1071,#1072);
#1074=CIRCLE('',#1073,2.1);
#1075=EDGE_CURVE('',#1069,#1058,#1074,.T.);
#1076=ORIENTED_EDGE('',*,*,#1075,.F.);
#1077=CARTESIAN_POINT('',(716.87863907,-147.729122671,110.822174843));
#1078=DIRECTION('',(-0.,1.,-0.));
#1079=DIRECTION('',(0.,0.,-1.));
#1080=AXIS2_PLACEMENT_3D('',#1077,#1078,#1079);
#1081=CIRCLE('',#1080,2.1);
#1082=EDGE_CURVE('',#1060,#1069,#1081,.T.);
#1083=ORIENTED_EDGE('',*,*,#1082,.F.);
#1084=EDGE_LOOP('',(#1067,#1076,#1083));
#1085=FACE_BOUND('',#1084,.T.);
#1086=CARTESIAN_POINT('',(596.87863907,-147.729122671,44.722174843));
#1087=VERTEX_POINT('',#1086);
#1088=CARTESIAN_POINT('',(594.27863907,-147.729122671,47.322174843));
#1089=VERTEX_POINT('',#1088);
#1090=CARTESIAN_POINT('',(596.87863907,-147.729122671,47.322174843));
#1091=DIRECTION('',(-0.,1.,-0.));
#1092=DIRECTION('',(0.,0.,-1.));
#1093=AXIS2_PLACEMENT_3D('',#1090,#1091,#1092);
#1094=CIRCLE('',#1093,2.6);
#1095=EDGE_CURVE('NONE',#1087,#1089,#1094,.T.);
#1096=ORIENTED_EDGE('',*,*,#1095,.F.);
#1097=CARTESIAN_POINT('',(599.47863907,-147.729122671,47.322174843));
#1098=VERTEX_POINT('',#1097);
#1099=CARTESIAN_POINT('',(596.87863907,-147.729122671,47.322174843));
#1100=DIRECTION('',(-0.,1.,-0.));
#1101=DIRECTION('',(0.,0.,-1.));
#1102=AXIS2_PLACEMENT_3D('',#1099,#1100,#1101);
#1103=CIRCLE('',#1102,2.6);
#1104=EDGE_CURVE('',#1098,#1087,#1103,.T.);
#1105=ORIENTED_EDGE('',*,*,#1104,.F.);
#1106=CARTESIAN_POINT('',(596.87863907,-147.729122671,47.322174843));
#1107=DIRECTION('',(-0.,1.,-0.));
#1108=DIRECTION('',(0.,0.,-1.));
#1109=AXIS2_PLACEMENT_3D('',#1106,#1107,#1108);
#1110=CIRCLE('',#1109,2.6);
#1111=EDGE_CURVE('',#1089,#1098,#1110,.T.);
#1112=ORIENTED_EDGE('',*,*,#1111,.F.);
#1113=EDGE_LOOP('',(#1096,#1105,#1112));
#1114=FACE_BOUND('',#1113,.T.);
#1115=CARTESIAN_POINT('',(655.87863907,-147.729122671,106.722174843));
#1116=VERTEX_POINT('',#1115);
#1117=CARTESIAN_POINT('',(653.27863907,-147.729122671,109.322174843));
#1118=VERTEX_POINT('',#1117);
#1119=CARTESIAN_POINT('',(655.87863907,-147.729122671,109.322174843));
#1120=DIRECTION('',(-0.,1.,-0.));
#1121=DIRECTION('',(0.,0.,-1.));
#1122=AXIS2_PLACEMENT_3D('',#1119,#1120,#1121);
#1123=CIRCLE('',#1122,2.6);
#1124=EDGE_CURVE('NONE',#1116,#1118,#1123,.T.);
#1125=ORIENTED_EDGE('',*,*,#1124,.F.);
#1126=CARTESIAN_POINT('',(658.47863907,-147.729122671,109.322174843));
#1127=VERTEX_POINT('',#1126);
#1128=CARTESIAN_POINT('',(655.87863907,-147.729122671,109.322174843));
#1129=DIRECTION('',(-0.,1.,-0.));
#1130=DIRECTION('',(0.,0.,-1.));
#1131=AXIS2_PLACEMENT_3D('',#1128,#1129,#1130);
#1132=CIRCLE('',#1131,2.6);
#1133=EDGE_CURVE('',#1127,#1116,#1132,.T.);
#1134=ORIENTED_EDGE('',*,*,#1133,.F.);
#1135=CARTESIAN_POINT('',(655.87863907,-147.729122671,109.322174843));
#1136=DIRECTION('',(-0.,1.,-0.));
#1137=DIRECTION('',(0.,0.,-1.));
#1138=AXIS2_PLACEMENT_3D('',#1135,#1136,#1137);
#1139=CIRCLE('',#1138,2.6);
#1140=EDGE_CURVE('',#1118,#1127,#1139,.T.);
#1141=ORIENTED_EDGE('',*,*,#1140,.F.);
#1142=EDGE_LOOP('',(#1125,#1134,#1141));
#1143=FACE_BOUND('',#1142,.T.);
#1144=CARTESIAN_POINT('',(655.87863907,-147.729122671,161.722174843));
#1145=VERTEX_POINT('',#1144);
#1146=CARTESIAN_POINT('',(653.27863907,-147.729122671,164.322174843));
#1147=VERTEX_POINT('',#1146);
#1148=CARTESIAN_POINT('',(655.87863907,-147.729122671,164.322174843));
#1149=DIRECTION('',(-0.,1.,-0.));
#1150=DIRECTION('',(0.,0.,-1.));
#1151=AXIS2_PLACEMENT_3D('',#1148,#1149,#1150);
#1152=CIRCLE('',#1151,2.6);
#1153=EDGE_CURVE('NONE',#1145,#1147,#1152,.T.);
#1154=ORIENTED_EDGE('',*,*,#1153,.F.);
#1155=CARTESIAN_POINT('',(658.47863907,-147.729122671,164.322174843));
#1156=VERTEX_POINT('',#1155);
#1157=CARTESIAN_POINT('',(655.87863907,-147.729122671,164.322174843));
#1158=DIRECTION('',(-0.,1.,-0.));
#1159=DIRECTION('',(0.,0.,-1.));
#1160=AXIS2_PLACEMENT_3D('',#1157,#1158,#1159);
#1161=CIRCLE('',#1160,2.6);
#1162=EDGE_CURVE('',#1156,#1145,#1161,.T.);
#1163=ORIENTED_EDGE('',*,*,#1162,.F.);
#1164=CARTESIAN_POINT('',(655.87863907,-147.729122671,164.322174843));
#1165=DIRECTION('',(-0.,1.,-0.));
#1166=DIRECTION('',(0.,0.,-1.));
#1167=AXIS2_PLACEMENT_3D('',#1164,#1165,#1166);
#1168=CIRCLE('',#1167,2.6);
#1169=EDGE_CURVE('',#1147,#1156,#1168,.T.);
#1170=ORIENTED_EDGE('',*,*,#1169,.F.);
#1171=EDGE_LOOP('',(#1154,#1163,#1170));
#1172=FACE_BOUND('',#1171,.T.);
#1173=CARTESIAN_POINT('',(697.87863907,-147.729122671,106.722174843));
#1174=VERTEX_POINT('',#1173);
#1175=CARTESIAN_POINT('',(695.27863907,-147.729122671,109.322174843));
#1176=VERTEX_POINT('',#1175);
#1177=CARTESIAN_POINT('',(697.87863907,-147.729122671,109.322174843));
#1178=DIRECTION('',(-0.,1.,-0.));
#1179=DIRECTION('',(0.,0.,-1.));
#1180=AXIS2_PLACEMENT_3D('',#1177,#1178,#1179);
#1181=CIRCLE('',#1180,2.6);
#1182=EDGE_CURVE('NONE',#1174,#1176,#1181,.T.);
#1183=ORIENTED_EDGE('',*,*,#1182,.F.);
#1184=CARTESIAN_POINT('',(700.47863907,-147.729122671,109.322174843));
#1185=VERTEX_POINT('',#1184);
#1186=CARTESIAN_POINT('',(697.87863907,-147.729122671,109.322174843));
#1187=DIRECTION('',(-0.,1.,-0.));
#1188=DIRECTION('',(0.,0.,-1.));
#1189=AXIS2_PLACEMENT_3D('',#1186,#1187,#1188);
#1190=CIRCLE('',#1189,2.6);
#1191=EDGE_CURVE('',#1185,#1174,#1190,.T.);
#1192=ORIENTED_EDGE('',*,*,#1191,.F.);
#1193=CARTESIAN_POINT('',(697.87863907,-147.729122671,109.322174843));
#1194=DIRECTION('',(-0.,1.,-0.));
#1195=DIRECTION('',(0.,0.,-1.));
#1196=AXIS2_PLACEMENT_3D('',#1193,#1194,#1195);
#1197=CIRCLE('',#1196,2.6);
#1198=EDGE_CURVE('',#1176,#1185,#1197,.T.);
#1199=ORIENTED_EDGE('',*,*,#1198,.F.);
#1200=EDGE_LOOP('',(#1183,#1192,#1199));
#1201=FACE_BOUND('',#1200,.T.);
#1202=CARTESIAN_POINT('',(697.87863907,-147.729122671,161.722174843));
#1203=VERTEX_POINT('',#1202);
#1204=CARTESIAN_POINT('',(695.27863907,-147.729122671,164.322174843));
#1205=VERTEX_POINT('',#1204);
#1206=CARTESIAN_POINT('',(697.87863907,-147.729122671,164.322174843));
#1207=DIRECTION('',(-0.,1.,-0.));
#1208=DIRECTION('',(0.,0.,-1.));
#1209=AXIS2_PLACEMENT_3D('',#1206,#1207,#1208);
#1210=CIRCLE('',#1209,2.6);
#1211=EDGE_CURVE('NONE',#1203,#1205,#1210,.T.);
#1212=ORIENTED_EDGE('',*,*,#1211,.F.);
#1213=CARTESIAN_POINT('',(700.47863907,-147.729122671,164.322174843));
#1214=VERTEX_POINT('',#1213);
#1215=CARTESIAN_POINT('',(697.87863907,-147.729122671,164.322174843));
#1216=DIRECTION('',(-0.,1.,-0.));
#1217=DIRECTION('',(0.,0.,-1.));
#1218=AXIS2_PLACEMENT_3D('',#1215,#1216,#1217);
#1219=CIRCLE('',#1218,2.6);
#1220=EDGE_CURVE('',#1214,#1203,#1219,.T.);
#1221=ORIENTED_EDGE('',*,*,#1220,.F.);
#1222=CARTESIAN_POINT('',(697.87863907,-147.729122671,164.322174843));
#1223=DIRECTION('',(-0.,1.,-0.));
#1224=DIRECTION('',(0.,0.,-1.));
#1225=AXIS2_PLACEMENT_3D('',#1222,#1223,#1224);
#1226=CIRCLE('',#1225,2.6);
#1227=EDGE_CURVE('',#1205,#1214,#1226,.T.);
#1228=ORIENTED_EDGE('',*,*,#1227,.F.);
#1229=EDGE_LOOP('',(#1212,#1221,#1228));
#1230=FACE_BOUND('',#1229,.T.);
#1231=CARTESIAN_POINT('',(596.87863907,-147.729122671,86.722174843));
#1232=VERTEX_POINT('',#1231);
#1233=CARTESIAN_POINT('',(594.27863907,-147.729122671,89.322174843));
#1234=VERTEX_POINT('',#1233);
#1235=CARTESIAN_POINT('',(596.87863907,-147.729122671,89.322174843));
#1236=DIRECTION('',(-0.,1.,-0.));
#1237=DIRECTION('',(0.,0.,-1.));
#1238=AXIS2_PLACEMENT_3D('',#1235,#1236,#1237);
#1239=CIRCLE('',#1238,2.6);
#1240=EDGE_CURVE('NONE',#1232,#1234,#1239,.T.);
#1241=ORIENTED_EDGE('',*,*,#1240,.F.);
#1242=CARTESIAN_POINT('',(599.47863907,-147.729122671,89.322174843));
#1243=VERTEX_POINT('',#1242);
#1244=CARTESIAN_POINT('',(596.87863907,-147.729122671,89.322174843));
#1245=DIRECTION('',(-0.,1.,-0.));
#1246=DIRECTION('',(0.,0.,-1.));
#1247=AXIS2_PLACEMENT_3D('',#1244,#1245,#1246);
#1248=CIRCLE('',#1247,2.6);
#1249=EDGE_CURVE('',#1243,#1232,#1248,.T.);
#1250=ORIENTED_EDGE('',*,*,#1249,.F.);
#1251=CARTESIAN_POINT('',(596.87863907,-147.729122671,89.322174843));
#1252=DIRECTION('',(-0.,1.,-0.));
#1253=DIRECTION('',(0.,0.,-1.));
#1254=AXIS2_PLACEMENT_3D('',#1251,#1252,#1253);
#1255=CIRCLE('',#1254,2.6);
#1256=EDGE_CURVE('',#1234,#1243,#1255,.T.);
#1257=ORIENTED_EDGE('',*,*,#1256,.F.);
#1258=EDGE_LOOP('',(#1241,#1250,#1257));
#1259=FACE_BOUND('',#1258,.T.);
#1260=CARTESIAN_POINT('',(756.87863907,-147.729122671,86.722174843));
#1261=VERTEX_POINT('',#1260);
#1262=CARTESIAN_POINT('',(754.27863907,-147.729122671,89.322174843));
#1263=VERTEX_POINT('',#1262);
#1264=CARTESIAN_POINT('',(756.87863907,-147.729122671,89.322174843));
#1265=DIRECTION('',(-0.,1.,-0.));
#1266=DIRECTION('',(0.,0.,-1.));
#1267=AXIS2_PLACEMENT_3D('',#1264,#1265,#1266);
#1268=CIRCLE('',#1267,2.6);
#1269=EDGE_CURVE('NONE',#1261,#1263,#1268,.T.);
#1270=ORIENTED_EDGE('',*,*,#1269,.F.);
#1271=CARTESIAN_POINT('',(759.47863907,-147.729122671,89.322174843));
#1272=VERTEX_POINT('',#1271);
#1273=CARTESIAN_POINT('',(756.87863907,-147.729122671,89.322174843));
#1274=DIRECTION('',(-0.,1.,-0.));
#1275=DIRECTION('',(0.,0.,-1.));
#1276=AXIS2_PLACEMENT_3D('',#1273,#1274,#1275);
#1277=CIRCLE('',#1276,2.6);
#1278=EDGE_CURVE('',#1272,#1261,#1277,.T.);
#1279=ORIENTED_EDGE('',*,*,#1278,.F.);
#1280=CARTESIAN_POINT('',(756.87863907,-147.729122671,89.322174843));
#1281=DIRECTION('',(-0.,1.,-0.));
#1282=DIRECTION('',(0.,0.,-1.));
#1283=AXIS2_PLACEMENT_3D('',#1280,#1281,#1282);
#1284=CIRCLE('',#1283,2.6);
#1285=EDGE_CURVE('',#1263,#1272,#1284,.T.);
#1286=ORIENTED_EDGE('',*,*,#1285,.F.);
#1287=EDGE_LOOP('',(#1270,#1279,#1286));
#1288=FACE_BOUND('',#1287,.T.);
#1289=CARTESIAN_POINT('',(756.87863907,-147.729122671,44.722174843));
#1290=VERTEX_POINT('',#1289);
#1291=CARTESIAN_POINT('',(754.27863907,-147.729122671,47.322174843));
#1292=VERTEX_POINT('',#1291);
#1293=CARTESIAN_POINT('',(756.87863907,-147.729122671,47.322174843));
#1294=DIRECTION('',(-0.,1.,-0.));
#1295=DIRECTION('',(0.,0.,-1.));
#1296=AXIS2_PLACEMENT_3D('',#1293,#1294,#1295);
#1297=CIRCLE('',#1296,2.6);
#1298=EDGE_CURVE('NONE',#1290,#1292,#1297,.T.);
#1299=ORIENTED_EDGE('',*,*,#1298,.F.);
#1300=CARTESIAN_POINT('',(759.47863907,-147.729122671,47.322174843));
#1301=VERTEX_POINT('',#1300);
#1302=CARTESIAN_POINT('',(756.87863907,-147.729122671,47.322174843));
#1303=DIRECTION('',(-0.,1.,-0.));
#1304=DIRECTION('',(0.,0.,-1.));
#1305=AXIS2_PLACEMENT_3D('',#1302,#1303,#1304);
#1306=CIRCLE('',#1305,2.6);
#1307=EDGE_CURVE('',#1301,#1290,#1306,.T.);
#1308=ORIENTED_EDGE('',*,*,#1307,.F.);
#1309=CARTESIAN_POINT('',(756.87863907,-147.729122671,47.322174843));
#1310=DIRECTION('',(-0.,1.,-0.));
#1311=DIRECTION('',(0.,0.,-1.));
#1312=AXIS2_PLACEMENT_3D('',#1309,#1310,#1311);
#1313=CIRCLE('',#1312,2.6);
#1314=EDGE_CURVE('',#1292,#1301,#1313,.T.);
#1315=ORIENTED_EDGE('',*,*,#1314,.F.);
#1316=EDGE_LOOP('',(#1299,#1308,#1315));
#1317=FACE_BOUND('',#1316,.T.);
#1318=CARTESIAN_POINT('',(544.556308599,-147.729122671,34.186640937));
#1319=VERTEX_POINT('',#1318);
#1320=CARTESIAN_POINT('',(542.956308599,-147.729122671,35.786640937));
#1321=VERTEX_POINT('',#1320);
#1322=CARTESIAN_POINT('',(544.556308599,-147.729122671,35.786640937));
#1323=DIRECTION('',(-0.,1.,-0.));
#1324=DIRECTION('',(0.,0.,-1.));
#1325=AXIS2_PLACEMENT_3D('',#1322,#1323,#1324);
#1326=CIRCLE('',#1325,1.6);
#1327=EDGE_CURVE('NONE',#1319,#1321,#1326,.T.);
#1328=ORIENTED_EDGE('',*,*,#1327,.F.);
#1329=CARTESIAN_POINT('',(546.156308599,-147.729122671,35.786640937));
#1330=VERTEX_POINT('',#1329);
#1331=CARTESIAN_POINT('',(544.556308599,-147.729122671,35.786640937));
#1332=DIRECTION('',(-0.,1.,-0.));
#1333=DIRECTION('',(0.,0.,-1.));
#1334=AXIS2_PLACEMENT_3D('',#1331,#1332,#1333);
#1335=CIRCLE('',#1334,1.6);
#1336=EDGE_CURVE('',#1330,#1319,#1335,.T.);
#1337=ORIENTED_EDGE('',*,*,#1336,.F.);
#1338=CARTESIAN_POINT('',(544.556308599,-147.729122671,35.786640937));
#1339=DIRECTION('',(-0.,1.,-0.));
#1340=DIRECTION('',(0.,0.,-1.));
#1341=AXIS2_PLACEMENT_3D('',#1338,#1339,#1340);
#1342=CIRCLE('',#1341,1.6);
#1343=EDGE_CURVE('',#1321,#1330,#1342,.T.);
#1344=ORIENTED_EDGE('',*,*,#1343,.F.);
#1345=EDGE_LOOP('',(#1328,#1337,#1344));
#1346=FACE_BOUND('',#1345,.T.);
#1347=CARTESIAN_POINT('',(558.698444223,-147.729122671,48.328776561));
#1348=VERTEX_POINT('',#1347);
#1349=CARTESIAN_POINT('',(557.098444223,-147.729122671,49.928776561));
#1350=VERTEX_POINT('',#1349);
#1351=CARTESIAN_POINT('',(558.698444223,-147.729122671,49.928776561));
#1352=DIRECTION('',(-0.,1.,-0.));
#1353=DIRECTION('',(0.,0.,-1.));
#1354=AXIS2_PLACEMENT_3D('',#1351,#1352,#1353);
#1355=CIRCLE('',#1354,1.6);
#1356=EDGE_CURVE('NONE',#1348,#1350,#1355,.T.);
#1357=ORIENTED_EDGE('',*,*,#1356,.F.);
#1358=CARTESIAN_POINT('',(560.298444223,-147.729122671,49.928776561));
#1359=VERTEX_POINT('',#1358);
#1360=CARTESIAN_POINT('',(558.698444223,-147.729122671,49.928776561));
#1361=DIRECTION('',(-0.,1.,-0.));
#1362=DIRECTION('',(0.,0.,-1.));
#1363=AXIS2_PLACEMENT_3D('',#1360,#1361,#1362);
#1364=CIRCLE('',#1363,1.6);
#1365=EDGE_CURVE('',#1359,#1348,#1364,.T.);
#1366=ORIENTED_EDGE('',*,*,#1365,.F.);
#1367=CARTESIAN_POINT('',(558.698444223,-147.729122671,49.928776561));
#1368=DIRECTION('',(-0.,1.,-0.));
#1369=DIRECTION('',(0.,0.,-1.));
#1370=AXIS2_PLACEMENT_3D('',#1367,#1368,#1369);
#1371=CIRCLE('',#1370,1.6);
#1372=EDGE_CURVE('',#1350,#1359,#1371,.T.);
#1373=ORIENTED_EDGE('',*,*,#1372,.F.);
#1374=EDGE_LOOP('',(#1357,#1366,#1373));
#1375=FACE_BOUND('',#1374,.T.);
#1376=CARTESIAN_POINT('',(537.485240787,-147.729122671,69.541979997));
#1377=VERTEX_POINT('',#1376);
#1378=CARTESIAN_POINT('',(535.885240787,-147.729122671,71.141979997));
#1379=VERTEX_POINT('',#1378);
#1380=CARTESIAN_POINT('',(537.485240787,-147.729122671,71.141979997));
#1381=DIRECTION('',(-0.,1.,-0.));
#1382=DIRECTION('',(0.,0.,-1.));
#1383=AXIS2_PLACEMENT_3D('',#1380,#1381,#1382);
#1384=CIRCLE('',#1383,1.6);
#1385=EDGE_CURVE('NONE',#1377,#1379,#1384,.T.);
#1386=ORIENTED_EDGE('',*,*,#1385,.F.);
#1387=CARTESIAN_POINT('',(539.085240787,-147.729122671,71.141979997));
#1388=VERTEX_POINT('',#1387);
#1389=CARTESIAN_POINT('',(537.485240787,-147.729122671,71.141979997));
#1390=DIRECTION('',(-0.,1.,-0.));
#1391=DIRECTION('',(0.,0.,-1.));
#1392=AXIS2_PLACEMENT_3D('',#1389,#1390,#1391);
#1393=CIRCLE('',#1392,1.6);
#1394=EDGE_CURVE('',#1388,#1377,#1393,.T.);
#1395=ORIENTED_EDGE('',*,*,#1394,.F.);
#1396=CARTESIAN_POINT('',(537.485240787,-147.729122671,71.141979997));
#1397=DIRECTION('',(-0.,1.,-0.));
#1398=DIRECTION('',(0.,0.,-1.));
#1399=AXIS2_PLACEMENT_3D('',#1396,#1397,#1398);
#1400=CIRCLE('',#1399,1.6);
#1401=EDGE_CURVE('',#1379,#1388,#1400,.T.);
#1402=ORIENTED_EDGE('',*,*,#1401,.F.);
#1403=EDGE_LOOP('',(#1386,#1395,#1402));
#1404=FACE_BOUND('',#1403,.T.);
#1405=CARTESIAN_POINT('',(523.343105164,-147.729122671,55.399844373));
#1406=VERTEX_POINT('',#1405);
#1407=CARTESIAN_POINT('',(521.743105164,-147.729122671,56.999844373));
#1408=VERTEX_POINT('',#1407);
#1409=CARTESIAN_POINT('',(523.343105164,-147.729122671,56.999844373));
#1410=DIRECTION('',(-0.,1.,-0.));
#1411=DIRECTION('',(0.,0.,-1.));
#1412=AXIS2_PLACEMENT_3D('',#1409,#1410,#1411);
#1413=CIRCLE('',#1412,1.6);
#1414=EDGE_CURVE('NONE',#1406,#1408,#1413,.T.);
#1415=ORIENTED_EDGE('',*,*,#1414,.F.);
#1416=CARTESIAN_POINT('',(524.943105164,-147.729122671,56.999844373));
#1417=VERTEX_POINT('',#1416);
#1418=CARTESIAN_POINT('',(523.343105164,-147.729122671,56.999844373));
#1419=DIRECTION('',(-0.,1.,-0.));
#1420=DIRECTION('',(0.,0.,-1.));
#1421=AXIS2_PLACEMENT_3D('',#1418,#1419,#1420);
#1422=CIRCLE('',#1421,1.6);
#1423=EDGE_CURVE('',#1417,#1406,#1422,.T.);
#1424=ORIENTED_EDGE('',*,*,#1423,.F.);
#1425=CARTESIAN_POINT('',(523.343105164,-147.729122671,56.999844373));
#1426=DIRECTION('',(-0.,1.,-0.));
#1427=DIRECTION('',(0.,0.,-1.));
#1428=AXIS2_PLACEMENT_3D('',#1425,#1426,#1427);
#1429=CIRCLE('',#1428,1.6);
#1430=EDGE_CURVE('',#1408,#1417,#1429,.T.);
#1431=ORIENTED_EDGE('',*,*,#1430,.F.);
#1432=EDGE_LOOP('',(#1415,#1424,#1431));
#1433=FACE_BOUND('',#1432,.T.);
#1434=CARTESIAN_POINT('',(541.020774693,-147.729122671,45.964310467));
#1435=VERTEX_POINT('',#1434);
#1436=CARTESIAN_POINT('',(533.520774693,-147.729122671,53.464310467));
#1437=VERTEX_POINT('',#1436);
#1438=CARTESIAN_POINT('',(541.020774693,-147.729122671,53.464310467));
#1439=DIRECTION('',(-0.,1.,-0.));
#1440=DIRECTION('',(0.,0.,-1.));
#1441=AXIS2_PLACEMENT_3D('',#1438,#1439,#1440);
#1442=CIRCLE('',#1441,7.5);
#1443=EDGE_CURVE('NONE',#1435,#1437,#1442,.T.);
#1444=ORIENTED_EDGE('',*,*,#1443,.F.);
#1445=CARTESIAN_POINT('',(548.520774693,-147.729122671,53.464310467));
#1446=VERTEX_POINT('',#1445);
#1447=CARTESIAN_POINT('',(541.020774693,-147.729122671,53.464310467));
#1448=DIRECTION('',(-0.,1.,-0.));
#1449=DIRECTION('',(0.,0.,-1.));
#1450=AXIS2_PLACEMENT_3D('',#1447,#1448,#1449);
#1451=CIRCLE('',#1450,7.5);
#1452=EDGE_CURVE('',#1446,#1435,#1451,.T.);
#1453=ORIENTED_EDGE('',*,*,#1452,.F.);
#1454=CARTESIAN_POINT('',(541.020774693,-147.729122671,53.464310467));
#1455=DIRECTION('',(-0.,1.,-0.));
#1456=DIRECTION('',(0.,0.,-1.));
#1457=AXIS2_PLACEMENT_3D('',#1454,#1455,#1456);
#1458=CIRCLE('',#1457,7.5);
#1459=EDGE_CURVE('',#1437,#1446,#1458,.T.);
#1460=ORIENTED_EDGE('',*,*,#1459,.F.);
#1461=EDGE_LOOP('',(#1444,#1453,#1460));
#1462=FACE_BOUND('',#1461,.T.);
#1463=CARTESIAN_POINT('',(830.414172976,-147.729122671,55.399844373));
#1464=VERTEX_POINT('',#1463);
#1465=CARTESIAN_POINT('',(828.814172976,-147.729122671,56.999844373));
#1466=VERTEX_POINT('',#1465);
#1467=CARTESIAN_POINT('',(830.414172976,-147.729122671,56.999844373));
#1468=DIRECTION('',(-0.,1.,-0.));
#1469=DIRECTION('',(0.,0.,-1.));
#1470=AXIS2_PLACEMENT_3D('',#1467,#1468,#1469);
#1471=CIRCLE('',#1470,1.6);
#1472=EDGE_CURVE('NONE',#1464,#1466,#1471,.T.);
#1473=ORIENTED_EDGE('',*,*,#1472,.F.);
#1474=CARTESIAN_POINT('',(832.014172976,-147.729122671,56.999844373));
#1475=VERTEX_POINT('',#1474);
#1476=CARTESIAN_POINT('',(830.414172976,-147.729122671,56.999844373));
#1477=DIRECTION('',(-0.,1.,-0.));
#1478=DIRECTION('',(0.,0.,-1.));
#1479=AXIS2_PLACEMENT_3D('',#1476,#1477,#1478);
#1480=CIRCLE('',#1479,1.6);
#1481=EDGE_CURVE('',#1475,#1464,#1480,.T.);
#1482=ORIENTED_EDGE('',*,*,#1481,.F.);
#1483=CARTESIAN_POINT('',(830.414172976,-147.729122671,56.999844373));
#1484=DIRECTION('',(-0.,1.,-0.));
#1485=DIRECTION('',(0.,0.,-1.));
#1486=AXIS2_PLACEMENT_3D('',#1483,#1484,#1485);
#1487=CIRCLE('',#1486,1.6);
#1488=EDGE_CURVE('',#1466,#1475,#1487,.T.);
#1489=ORIENTED_EDGE('',*,*,#1488,.F.);
#1490=EDGE_LOOP('',(#1473,#1482,#1489));
#1491=FACE_BOUND('',#1490,.T.);
#1492=CARTESIAN_POINT('',(816.272037352,-147.729122671,69.541979997));
#1493=VERTEX_POINT('',#1492);
#1494=CARTESIAN_POINT('',(814.672037352,-147.729122671,71.141979997));
#1495=VERTEX_POINT('',#1494);
#1496=CARTESIAN_POINT('',(816.272037352,-147.729122671,71.141979997));
#1497=DIRECTION('',(-0.,1.,-0.));
#1498=DIRECTION('',(0.,0.,-1.));
#1499=AXIS2_PLACEMENT_3D('',#1496,#1497,#1498);
#1500=CIRCLE('',#1499,1.6);
#1501=EDGE_CURVE('NONE',#1493,#1495,#1500,.T.);
#1502=ORIENTED_EDGE('',*,*,#1501,.F.);
#1503=CARTESIAN_POINT('',(817.872037352,-147.729122671,71.141979997));
#1504=VERTEX_POINT('',#1503);
#1505=CARTESIAN_POINT('',(816.272037352,-147.729122671,71.141979997));
#1506=DIRECTION('',(-0.,1.,-0.));
#1507=DIRECTION('',(0.,0.,-1.));
#1508=AXIS2_PLACEMENT_3D('',#1505,#1506,#1507);
#1509=CIRCLE('',#1508,1.6);
#1510=EDGE_CURVE('',#1504,#1493,#1509,.T.);
#1511=ORIENTED_EDGE('',*,*,#1510,.F.);
#1512=CARTESIAN_POINT('',(816.272037352,-147.729122671,71.141979997));
#1513=DIRECTION('',(-0.,1.,-0.));
#1514=DIRECTION('',(0.,0.,-1.));
#1515=AXIS2_PLACEMENT_3D('',#1512,#1513,#1514);
#1516=CIRCLE('',#1515,1.6);
#1517=EDGE_CURVE('',#1495,#1504,#1516,.T.);
#1518=ORIENTED_EDGE('',*,*,#1517,.F.);
#1519=EDGE_LOOP('',(#1502,#1511,#1518));
#1520=FACE_BOUND('',#1519,.T.);
#1521=CARTESIAN_POINT('',(795.058833916,-147.729122671,48.328776561));
#1522=VERTEX_POINT('',#1521);
#1523=CARTESIAN_POINT('',(793.458833916,-147.729122671,49.928776561));
#1524=VERTEX_POINT('',#1523);
#1525=CARTESIAN_POINT('',(795.058833916,-147.729122671,49.928776561));
#1526=DIRECTION('',(-0.,1.,-0.));
#1527=DIRECTION('',(0.,0.,-1.));
#1528=AXIS2_PLACEMENT_3D('',#1525,#1526,#1527);
#1529=CIRCLE('',#1528,1.6);
#1530=EDGE_CURVE('NONE',#1522,#1524,#1529,.T.);
#1531=ORIENTED_EDGE('',*,*,#1530,.F.);
#1532=CARTESIAN_POINT('',(796.658833916,-147.729122671,49.928776561));
#1533=VERTEX_POINT('',#1532);
#1534=CARTESIAN_POINT('',(795.058833916,-147.729122671,49.928776561));
#1535=DIRECTION('',(-0.,1.,-0.));
#1536=DIRECTION('',(0.,0.,-1.));
#1537=AXIS2_PLACEMENT_3D('',#1534,#1535,#1536);
#1538=CIRCLE('',#1537,1.6);
#1539=EDGE_CURVE('',#1533,#1522,#1538,.T.);
#1540=ORIENTED_EDGE('',*,*,#1539,.F.);
#1541=CARTESIAN_POINT('',(795.058833916,-147.729122671,49.928776561));
#1542=DIRECTION('',(-0.,1.,-0.));
#1543=DIRECTION('',(0.,0.,-1.));
#1544=AXIS2_PLACEMENT_3D('',#1541,#1542,#1543);
#1545=CIRCLE('',#1544,1.6);
#1546=EDGE_CURVE('',#1524,#1533,#1545,.T.);
#1547=ORIENTED_EDGE('',*,*,#1546,.F.);
#1548=EDGE_LOOP('',(#1531,#1540,#1547));
#1549=FACE_BOUND('',#1548,.T.);
#1550=CARTESIAN_POINT('',(809.20096954,-147.729122671,34.186640937));
#1551=VERTEX_POINT('',#1550);
#1552=CARTESIAN_POINT('',(807.60096954,-147.729122671,35.786640937));
#1553=VERTEX_POINT('',#1552);
#1554=CARTESIAN_POINT('',(809.20096954,-147.729122671,35.786640937));
#1555=DIRECTION('',(-0.,1.,-0.));
#1556=DIRECTION('',(0.,0.,-1.));
#1557=AXIS2_PLACEMENT_3D('',#1554,#1555,#1556);
#1558=CIRCLE('',#1557,1.6);
#1559=EDGE_CURVE('NONE',#1551,#1553,#1558,.T.);
#1560=ORIENTED_EDGE('',*,*,#1559,.F.);
#1561=CARTESIAN_POINT('',(810.80096954,-147.729122671,35.786640937));
#1562=VERTEX_POINT('',#1561);
#1563=CARTESIAN_POINT('',(809.20096954,-147.729122671,35.786640937));
#1564=DIRECTION('',(-0.,1.,-0.));
#1565=DIRECTION('',(0.,0.,-1.));
#1566=AXIS2_PLACEMENT_3D('',#1563,#1564,#1565);
#1567=CIRCLE('',#1566,1.6);
#1568=EDGE_CURVE('',#1562,#1551,#1567,.T.);
#1569=ORIENTED_EDGE('',*,*,#1568,.F.);
#1570=CARTESIAN_POINT('',(809.20096954,-147.729122671,35.786640937));
#1571=DIRECTION('',(-0.,1.,-0.));
#1572=DIRECTION('',(0.,0.,-1.));
#1573=AXIS2_PLACEMENT_3D('',#1570,#1571,#1572);
#1574=CIRCLE('',#1573,1.6);
#1575=EDGE_CURVE('',#1553,#1562,#1574,.T.);
#1576=ORIENTED_EDGE('',*,*,#1575,.F.);
#1577=EDGE_LOOP('',(#1560,#1569,#1576));
#1578=FACE_BOUND('',#1577,.T.);
#1579=CARTESIAN_POINT('',(812.736503446,-147.729122671,45.964310467));
#1580=VERTEX_POINT('',#1579);
#1581=CARTESIAN_POINT('',(805.236503446,-147.729122671,53.464310467));
#1582=VERTEX_POINT('',#1581);
#1583=CARTESIAN_POINT('',(812.736503446,-147.729122671,53.464310467));
#1584=DIRECTION('',(-0.,1.,-0.));
#1585=DIRECTION('',(0.,0.,-1.));
#1586=AXIS2_PLACEMENT_3D('',#1583,#1584,#1585);
#1587=CIRCLE('',#1586,7.5);
#1588=EDGE_CURVE('NONE',#1580,#1582,#1587,.T.);
#1589=ORIENTED_EDGE('',*,*,#1588,.F.);
#1590=CARTESIAN_POINT('',(820.236503446,-147.729122671,53.464310467));
#1591=VERTEX_POINT('',#1590);
#1592=CARTESIAN_POINT('',(812.736503446,-147.729122671,53.464310467));
#1593=DIRECTION('',(-0.,1.,-0.));
#1594=DIRECTION('',(0.,0.,-1.));
#1595=AXIS2_PLACEMENT_3D('',#1592,#1593,#1594);
#1596=CIRCLE('',#1595,7.5);
#1597=EDGE_CURVE('',#1591,#1580,#1596,.T.);
#1598=ORIENTED_EDGE('',*,*,#1597,.F.);
#1599=CARTESIAN_POINT('',(812.736503446,-147.729122671,53.464310467));
#1600=DIRECTION('',(-0.,1.,-0.));
#1601=DIRECTION('',(0.,0.,-1.));
#1602=AXIS2_PLACEMENT_3D('',#1599,#1600,#1601);
#1603=CIRCLE('',#1602,7.5);
#1604=EDGE_CURVE('',#1582,#1591,#1603,.T.);
#1605=ORIENTED_EDGE('',*,*,#1604,.F.);
#1606=EDGE_LOOP('',(#1589,#1598,#1605));
#1607=FACE_BOUND('',#1606,.T.);
#1608=CARTESIAN_POINT('',(627.415978631,-147.729122671,32.500668673));
#1609=VERTEX_POINT('',#1608);
#1610=CARTESIAN_POINT('',(627.415978631,-147.729122671,95.606446091));
#1611=VERTEX_POINT('',#1610);
#1612=CARTESIAN_POINT('',(627.415978631,-147.729122671,32.500668673));
#1613=DIRECTION('',(-0.,-0.,1.));
#1614=VECTOR('',#1613,63.105777418);
#1615=LINE('',#1612,#1614);
#1616=EDGE_CURVE('',#1609,#1611,#1615,.T.);
#1617=ORIENTED_EDGE('',*,*,#1616,.F.);
#1618=CARTESIAN_POINT('',(629.415978631,-147.729122671,30.500668673));
#1619=VERTEX_POINT('',#1618);
#1620=CARTESIAN_POINT('',(629.415978631,-147.729122671,32.500668673));
#1621=DIRECTION('',(0.,-1.,0.));
#1622=DIRECTION('',(0.,0.,-1.));
#1623=AXIS2_PLACEMENT_3D('',#1620,#1621,#1622);
#1624=CIRCLE('',#1623,2.);
#1625=EDGE_CURVE('',#1609,#1619,#1624,.T.);
#1626=ORIENTED_EDGE('',*,*,#1625,.T.);
#1627=CARTESIAN_POINT('',(634.341299508,-147.729122671,30.500668673));
#1628=VERTEX_POINT('',#1627);
#1629=CARTESIAN_POINT('',(634.341299508,-147.729122671,30.500668673));
#1630=DIRECTION('',(-1.,-0.,0.));
#1631=VECTOR('',#1630,4.925320877);
#1632=LINE('',#1629,#1631);
#1633=EDGE_CURVE('',#1628,#1619,#1632,.T.);
#1634=ORIENTED_EDGE('',*,*,#1633,.F.);
#1635=CARTESIAN_POINT('',(636.341299508,-147.729122671,32.500668673));
#1636=VERTEX_POINT('',#1635);
#1637=CARTESIAN_POINT('',(634.341299508,-147.729122671,32.500668673));
#1638=DIRECTION('',(0.,-1.,0.));
#1639=DIRECTION('',(0.,0.,-1.));
#1640=AXIS2_PLACEMENT_3D('',#1637,#1638,#1639);
#1641=CIRCLE('',#1640,2.);
#1642=EDGE_CURVE('',#1628,#1636,#1641,.T.);
#1643=ORIENTED_EDGE('',*,*,#1642,.T.);
#1644=CARTESIAN_POINT('',(636.341299508,-147.729122671,95.606446091));
#1645=VERTEX_POINT('',#1644);
#1646=CARTESIAN_POINT('',(636.341299508,-147.729122671,95.606446091));
#1647=DIRECTION('',(-0.,-0.,-1.));
#1648=VECTOR('',#1647,63.105777418);
#1649=LINE('',#1646,#1648);
#1650=EDGE_CURVE('',#1645,#1636,#1649,.T.);
#1651=ORIENTED_EDGE('',*,*,#1650,.F.);
#1652=CARTESIAN_POINT('',(634.341299508,-147.729122671,97.606446091));
#1653=VERTEX_POINT('',#1652);
#1654=CARTESIAN_POINT('',(634.341299508,-147.729122671,95.606446091));
#1655=DIRECTION('',(0.,-1.,0.));
#1656=DIRECTION('',(0.,0.,-1.));
#1657=AXIS2_PLACEMENT_3D('',#1654,#1655,#1656);
#1658=CIRCLE('',#1657,2.);
#1659=EDGE_CURVE('',#1645,#1653,#1658,.T.);
#1660=ORIENTED_EDGE('',*,*,#1659,.T.);
#1661=CARTESIAN_POINT('',(629.415978631,-147.729122671,97.606446091));
#1662=VERTEX_POINT('',#1661);
#1663=CARTESIAN_POINT('',(629.415978631,-147.729122671,97.606446091));
#1664=DIRECTION('',(1.,-0.,-0.));
#1665=VECTOR('',#1664,4.925320877);
#1666=LINE('',#1663,#1665);
#1667=EDGE_CURVE('',#1662,#1653,#1666,.T.);
#1668=ORIENTED_EDGE('',*,*,#1667,.F.);
#1669=CARTESIAN_POINT('',(629.415978631,-147.729122671,95.606446091));
#1670=DIRECTION('',(0.,-1.,0.));
#1671=DIRECTION('',(0.,0.,-1.));
#1672=AXIS2_PLACEMENT_3D('',#1669,#1670,#1671);
#1673=CIRCLE('',#1672,2.);
#1674=EDGE_CURVE('',#1662,#1611,#1673,.T.);
#1675=ORIENTED_EDGE('',*,*,#1674,.T.);
#1676=EDGE_LOOP('',(#1617,#1626,#1634,#1643,#1651,#1660,#1668,#1675));
#1677=FACE_BOUND('',#1676,.T.);
#1678=CARTESIAN_POINT('',(726.341299508,-147.729122671,95.606446091));
#1679=VERTEX_POINT('',#1678);
#1680=CARTESIAN_POINT('',(726.341299508,-147.729122671,32.500668673));
#1681=VERTEX_POINT('',#1680);
#1682=CARTESIAN_POINT('',(726.341299508,-147.729122671,95.606446091));
#1683=DIRECTION('',(0.,0.,-1.));
#1684=VECTOR('',#1683,63.105777418);
#1685=LINE('',#1682,#1684);
#1686=EDGE_CURVE('',#1679,#1681,#1685,.T.);
#1687=ORIENTED_EDGE('',*,*,#1686,.F.);
#1688=CARTESIAN_POINT('',(724.341299508,-147.729122671,97.606446091));
#1689=VERTEX_POINT('',#1688);
#1690=CARTESIAN_POINT('',(724.341299508,-147.729122671,95.606446091));
#1691=DIRECTION('',(0.,-1.,0.));
#1692=DIRECTION('',(0.,0.,-1.));
#1693=AXIS2_PLACEMENT_3D('',#1690,#1691,#1692);
#1694=CIRCLE('',#1693,2.);
#1695=EDGE_CURVE('',#1679,#1689,#1694,.T.);
#1696=ORIENTED_EDGE('',*,*,#1695,.T.);
#1697=CARTESIAN_POINT('',(719.415978631,-147.729122671,97.606446091));
#1698=VERTEX_POINT('',#1697);
#1699=CARTESIAN_POINT('',(719.415978631,-147.729122671,97.606446091));
#1700=DIRECTION('',(1.,0.,-0.));
#1701=VECTOR('',#1700,4.925320877);
#1702=LINE('',#1699,#1701);
#1703=EDGE_CURVE('',#1698,#1689,#1702,.T.);
#1704=ORIENTED_EDGE('',*,*,#1703,.F.);
#1705=CARTESIAN_POINT('',(717.415978631,-147.729122671,95.606446091));
#1706=VERTEX_POINT('',#1705);
#1707=CARTESIAN_POINT('',(719.415978631,-147.729122671,95.606446091));
#1708=DIRECTION('',(0.,-1.,0.));
#1709=DIRECTION('',(0.,0.,-1.));
#1710=AXIS2_PLACEMENT_3D('',#1707,#1708,#1709);
#1711=CIRCLE('',#1710,2.);
#1712=EDGE_CURVE('',#1698,#1706,#1711,.T.);
#1713=ORIENTED_EDGE('',*,*,#1712,.T.);
#1714=CARTESIAN_POINT('',(717.415978631,-147.729122671,32.500668673));
#1715=VERTEX_POINT('',#1714);
#1716=CARTESIAN_POINT('',(717.415978631,-147.729122671,32.500668673));
#1717=DIRECTION('',(0.,0.,1.));
#1718=VECTOR('',#1717,63.105777418);
#1719=LINE('',#1716,#1718);
#1720=EDGE_CURVE('',#1715,#1706,#1719,.T.);
#1721=ORIENTED_EDGE('',*,*,#1720,.F.);
#1722=CARTESIAN_POINT('',(719.415978631,-147.729122671,30.500668673));
#1723=VERTEX_POINT('',#1722);
#1724=CARTESIAN_POINT('',(719.415978631,-147.729122671,32.500668673));
#1725=DIRECTION('',(0.,-1.,0.));
#1726=DIRECTION('',(0.,0.,-1.));
#1727=AXIS2_PLACEMENT_3D('',#1724,#1725,#1726);
#1728=CIRCLE('',#1727,2.);
#1729=EDGE_CURVE('',#1715,#1723,#1728,.T.);
#1730=ORIENTED_EDGE('',*,*,#1729,.T.);
#1731=CARTESIAN_POINT('',(724.341299508,-147.729122671,30.500668673));
#1732=VERTEX_POINT('',#1731);
#1733=CARTESIAN_POINT('',(724.341299508,-147.729122671,30.500668673));
#1734=DIRECTION('',(-1.,0.,0.));
#1735=VECTOR('',#1734,4.925320877);
#1736=LINE('',#1733,#1735);
#1737=EDGE_CURVE('',#1732,#1723,#1736,.T.);
#1738=ORIENTED_EDGE('',*,*,#1737,.F.);
#1739=CARTESIAN_POINT('',(724.341299508,-147.729122671,32.500668673));
#1740=DIRECTION('',(0.,-1.,0.));
#1741=DIRECTION('',(0.,0.,-1.));
#1742=AXIS2_PLACEMENT_3D('',#1739,#1740,#1741);
#1743=CIRCLE('',#1742,2.);
#1744=EDGE_CURVE('',#1732,#1681,#1743,.T.);
#1745=ORIENTED_EDGE('',*,*,#1744,.T.);
#1746=EDGE_LOOP('',(#1687,#1696,#1704,#1713,#1721,#1730,#1738,#1745));
#1747=FACE_BOUND('',#1746,.T.);
#1748=CARTESIAN_POINT('',(715.947564079,-147.729122671,167.732102801));
#1749=VERTEX_POINT('',#1748);
#1750=CARTESIAN_POINT('',(715.947564079,-147.729122671,171.732102801));
#1751=VERTEX_POINT('',#1750);
#1752=CARTESIAN_POINT('',(715.947564079,-147.729122671,167.732102801));
#1753=DIRECTION('',(0.,0.,1.));
#1754=VECTOR('',#1753,4.);
#1755=LINE('',#1752,#1754);
#1756=EDGE_CURVE('',#1749,#1751,#1755,.T.);
#1757=ORIENTED_EDGE('',*,*,#1756,.F.);
#1758=CARTESIAN_POINT('',(718.947564079,-147.729122671,164.732102801));
#1759=VERTEX_POINT('',#1758);
#1760=CARTESIAN_POINT('',(718.947564079,-147.729122671,167.732102801));
#1761=DIRECTION('',(0.,-1.,0.));
#1762=DIRECTION('',(0.,0.,-1.));
#1763=AXIS2_PLACEMENT_3D('',#1760,#1761,#1762);
#1764=CIRCLE('',#1763,3.);
#1765=EDGE_CURVE('',#1749,#1759,#1764,.T.);
#1766=ORIENTED_EDGE('',*,*,#1765,.T.);
#1767=CARTESIAN_POINT('',(742.947564079,-147.729122671,164.732102801));
#1768=VERTEX_POINT('',#1767);
#1769=CARTESIAN_POINT('',(742.947564079,-147.729122671,164.732102801));
#1770=DIRECTION('',(-1.,0.,0.));
#1771=VECTOR('',#1770,24.);
#1772=LINE('',#1769,#1771);
#1773=EDGE_CURVE('',#1768,#1759,#1772,.T.);
#1774=ORIENTED_EDGE('',*,*,#1773,.F.);
#1775=CARTESIAN_POINT('',(745.947564079,-147.729122671,167.732102801));
#1776=VERTEX_POINT('',#1775);
#1777=CARTESIAN_POINT('',(742.947564079,-147.729122671,167.732102801));
#1778=DIRECTION('',(0.,-1.,0.));
#1779=DIRECTION('',(0.,0.,-1.));
#1780=AXIS2_PLACEMENT_3D('',#1777,#1778,#1779);
#1781=CIRCLE('',#1780,3.);
#1782=EDGE_CURVE('',#1768,#1776,#1781,.T.);
#1783=ORIENTED_EDGE('',*,*,#1782,.T.);
#1784=CARTESIAN_POINT('',(745.947564079,-147.729122671,171.732102801));
#1785=VERTEX_POINT('',#1784);
#1786=CARTESIAN_POINT('',(745.947564079,-147.729122671,171.732102801));
#1787=DIRECTION('',(0.,0.,-1.));
#1788=VECTOR('',#1787,4.);
#1789=LINE('',#1786,#1788);
#1790=EDGE_CURVE('',#1785,#1776,#1789,.T.);
#1791=ORIENTED_EDGE('',*,*,#1790,.F.);
#1792=CARTESIAN_POINT('',(742.947564079,-147.729122671,174.732102801));
#1793=VERTEX_POINT('',#1792);
#1794=CARTESIAN_POINT('',(742.947564079,-147.729122671,171.732102801));
#1795=DIRECTION('',(0.,-1.,0.));
#1796=DIRECTION('',(0.,0.,-1.));
#1797=AXIS2_PLACEMENT_3D('',#1794,#1795,#1796);
#1798=CIRCLE('',#1797,3.);
#1799=EDGE_CURVE('',#1785,#1793,#1798,.T.);
#1800=ORIENTED_EDGE('',*,*,#1799,.T.);
#1801=CARTESIAN_POINT('',(718.947564079,-147.729122671,174.732102801));
#1802=VERTEX_POINT('',#1801);
#1803=CARTESIAN_POINT('',(718.947564079,-147.729122671,174.732102801));
#1804=DIRECTION('',(1.,0.,-0.));
#1805=VECTOR('',#1804,24.);
#1806=LINE('',#1803,#1805);
#1807=EDGE_CURVE('',#1802,#1793,#1806,.T.);
#1808=ORIENTED_EDGE('',*,*,#1807,.F.);
#1809=CARTESIAN_POINT('',(718.947564079,-147.729122671,171.732102801));
#1810=DIRECTION('',(0.,-1.,0.));
#1811=DIRECTION('',(0.,0.,-1.));
#1812=AXIS2_PLACEMENT_3D('',#1809,#1810,#1811);
#1813=CIRCLE('',#1812,3.);
#1814=EDGE_CURVE('',#1802,#1751,#1813,.T.);
#1815=ORIENTED_EDGE('',*,*,#1814,.T.);
#1816=EDGE_LOOP('',(#1757,#1766,#1774,#1783,#1791,#1800,#1808,#1815));
#1817=FACE_BOUND('',#1816,.T.);
#1818=CARTESIAN_POINT('',(675.27863907,-147.729122671,188.322174843));
#1819=VERTEX_POINT('',#1818);
#1820=CARTESIAN_POINT('',(676.87863907,-147.729122671,189.922174843));
#1821=VERTEX_POINT('',#1820);
#1822=CARTESIAN_POINT('',(676.87863907,-147.729122671,188.322174843));
#1823=DIRECTION('',(-0.,1.,-0.));
#1824=DIRECTION('',(0.,0.,-1.));
#1825=AXIS2_PLACEMENT_3D('',#1822,#1823,#1824);
#1826=CIRCLE('',#1825,1.6);
#1827=EDGE_CURVE('NONE',#1819,#1821,#1826,.T.);
#1828=ORIENTED_EDGE('',*,*,#1827,.F.);
#1829=CARTESIAN_POINT('',(678.47863907,-147.729122671,188.322174843));
#1830=VERTEX_POINT('',#1829);
#1831=CARTESIAN_POINT('',(676.87863907,-147.729122671,188.322174843));
#1832=DIRECTION('',(-0.,1.,-0.));
#1833=DIRECTION('',(0.,0.,-1.));
#1834=AXIS2_PLACEMENT_3D('',#1831,#1832,#1833);
#1835=CIRCLE('',#1834,1.6);
#1836=EDGE_CURVE('',#1830,#1819,#1835,.T.);
#1837=ORIENTED_EDGE('',*,*,#1836,.F.);
#1838=CARTESIAN_POINT('',(676.87863907,-147.729122671,188.322174843));
#1839=DIRECTION('',(-0.,1.,-0.));
#1840=DIRECTION('',(0.,0.,-1.));
#1841=AXIS2_PLACEMENT_3D('',#1838,#1839,#1840);
#1842=CIRCLE('',#1841,1.6);
#1843=EDGE_CURVE('',#1821,#1830,#1842,.T.);
#1844=ORIENTED_EDGE('',*,*,#1843,.F.);
#1845=EDGE_LOOP('',(#1828,#1837,#1844));
#1846=FACE_BOUND('',#1845,.T.);
#1847=CARTESIAN_POINT('',(775.52136093,-147.729122671,119.222174843));
#1848=VERTEX_POINT('',#1847);
#1849=CARTESIAN_POINT('',(772.92136093,-147.729122671,121.822174843));
#1850=VERTEX_POINT('',#1849);
#1851=CARTESIAN_POINT('',(772.92136093,-147.729122671,119.222174843));
#1852=DIRECTION('',(0.,-1.,0.));
#1853=DIRECTION('',(0.,0.,-1.));
#1854=AXIS2_PLACEMENT_3D('',#1851,#1852,#1853);
#1855=CIRCLE('',#1854,2.6);
#1856=EDGE_CURVE('',#1848,#1850,#1855,.T.);
#1857=ORIENTED_EDGE('',*,*,#1856,.T.);
#1858=CARTESIAN_POINT('',(770.32136093,-147.729122671,119.222174843));
#1859=VERTEX_POINT('',#1858);
#1860=CARTESIAN_POINT('',(772.92136093,-147.729122671,119.222174843));
#1861=DIRECTION('',(0.,-1.,0.));
#1862=DIRECTION('',(0.,0.,-1.));
#1863=AXIS2_PLACEMENT_3D('',#1860,#1861,#1862);
#1864=CIRCLE('',#1863,2.6);
#1865=EDGE_CURVE('',#1850,#1859,#1864,.T.);
#1866=ORIENTED_EDGE('',*,*,#1865,.T.);
#1867=CARTESIAN_POINT('',(772.92136093,-147.729122671,119.222174843));
#1868=DIRECTION('',(0.,-1.,0.));
#1869=DIRECTION('',(0.,0.,-1.));
#1870=AXIS2_PLACEMENT_3D('',#1867,#1868,#1869);
#1871=CIRCLE('',#1870,2.6);
#1872=EDGE_CURVE('',#1859,#1848,#1871,.T.);
#1873=ORIENTED_EDGE('',*,*,#1872,.T.);
#1874=EDGE_LOOP('',(#1857,#1866,#1873));
#1875=FACE_BOUND('',#1874,.T.);
#1876=CARTESIAN_POINT('',(554.335917209,-147.729122671,143.322174843));
#1877=VERTEX_POINT('',#1876);
#1878=CARTESIAN_POINT('',(556.935917209,-147.729122671,145.922174843));
#1879=VERTEX_POINT('',#1878);
#1880=CARTESIAN_POINT('',(556.935917209,-147.729122671,143.322174843));
#1881=DIRECTION('',(-0.,1.,-0.));
#1882=DIRECTION('',(0.,0.,-1.));
#1883=AXIS2_PLACEMENT_3D('',#1880,#1881,#1882);
#1884=CIRCLE('',#1883,2.6);
#1885=EDGE_CURVE('',#1877,#1879,#1884,.T.);
#1886=ORIENTED_EDGE('',*,*,#1885,.F.);
#1887=CARTESIAN_POINT('',(559.535917209,-147.729122671,143.322174843));
#1888=VERTEX_POINT('',#1887);
#1889=CARTESIAN_POINT('',(556.935917209,-147.729122671,143.322174843));
#1890=DIRECTION('',(-0.,1.,-0.));
#1891=DIRECTION('',(0.,0.,-1.));
#1892=AXIS2_PLACEMENT_3D('',#1889,#1890,#1891);
#1893=CIRCLE('',#1892,2.6);
#1894=EDGE_CURVE('',#1888,#1877,#1893,.T.);
#1895=ORIENTED_EDGE('',*,*,#1894,.F.);
#1896=CARTESIAN_POINT('',(556.935917209,-147.729122671,143.322174843));
#1897=DIRECTION('',(-0.,1.,-0.));
#1898=DIRECTION('',(0.,0.,-1.));
#1899=AXIS2_PLACEMENT_3D('',#1896,#1897,#1898);
#1900=CIRCLE('',#1899,2.6);
#1901=EDGE_CURVE('',#1879,#1888,#1900,.T.);
#1902=ORIENTED_EDGE('',*,*,#1901,.F.);
#1903=EDGE_LOOP('',(#1886,#1895,#1902));
#1904=FACE_BOUND('',#1903,.T.);
#1905=CARTESIAN_POINT('',(554.135917209,-147.729122671,95.322174843));
#1906=VERTEX_POINT('',#1905);
#1907=CARTESIAN_POINT('',(556.735917209,-147.729122671,97.922174843));
#1908=VERTEX_POINT('',#1907);
#1909=CARTESIAN_POINT('',(556.735917209,-147.729122671,95.322174843));
#1910=DIRECTION('',(-0.,1.,-0.));
#1911=DIRECTION('',(0.,0.,-1.));
#1912=AXIS2_PLACEMENT_3D('',#1909,#1910,#1911);
#1913=CIRCLE('',#1912,2.6);
#1914=EDGE_CURVE('',#1906,#1908,#1913,.T.);
#1915=ORIENTED_EDGE('',*,*,#1914,.F.);
#1916=CARTESIAN_POINT('',(559.335917209,-147.729122671,95.322174843));
#1917=VERTEX_POINT('',#1916);
#1918=CARTESIAN_POINT('',(556.735917209,-147.729122671,95.322174843));
#1919=DIRECTION('',(-0.,1.,-0.));
#1920=DIRECTION('',(0.,0.,-1.));
#1921=AXIS2_PLACEMENT_3D('',#1918,#1919,#1920);
#1922=CIRCLE('',#1921,2.6);
#1923=EDGE_CURVE('',#1917,#1906,#1922,.T.);
#1924=ORIENTED_EDGE('',*,*,#1923,.F.);
#1925=CARTESIAN_POINT('',(556.735917209,-147.729122671,95.322174843));
#1926=DIRECTION('',(-0.,1.,-0.));
#1927=DIRECTION('',(0.,0.,-1.));
#1928=AXIS2_PLACEMENT_3D('',#1925,#1926,#1927);
#1929=CIRCLE('',#1928,2.6);
#1930=EDGE_CURVE('',#1908,#1917,#1929,.T.);
#1931=ORIENTED_EDGE('',*,*,#1930,.F.);
#1932=EDGE_LOOP('',(#1915,#1924,#1931));
#1933=FACE_BOUND('',#1932,.T.);
#1934=CARTESIAN_POINT('',(578.235917209,-147.729122671,119.222174843));
#1935=VERTEX_POINT('',#1934);
#1936=CARTESIAN_POINT('',(580.835917209,-147.729122671,121.822174843));
#1937=VERTEX_POINT('',#1936);
#1938=CARTESIAN_POINT('',(580.835917209,-147.729122671,119.222174843));
#1939=DIRECTION('',(-0.,1.,-0.));
#1940=DIRECTION('',(0.,0.,-1.));
#1941=AXIS2_PLACEMENT_3D('',#1938,#1939,#1940);
#1942=CIRCLE('',#1941,2.6);
#1943=EDGE_CURVE('',#1935,#1937,#1942,.T.);
#1944=ORIENTED_EDGE('',*,*,#1943,.F.);
#1945=CARTESIAN_POINT('',(583.435917209,-147.729122671,119.222174843));
#1946=VERTEX_POINT('',#1945);
#1947=CARTESIAN_POINT('',(580.835917209,-147.729122671,119.222174843));
#1948=DIRECTION('',(-0.,1.,-0.));
#1949=DIRECTION('',(0.,0.,-1.));
#1950=AXIS2_PLACEMENT_3D('',#1947,#1948,#1949);
#1951=CIRCLE('',#1950,2.6);
#1952=EDGE_CURVE('',#1946,#1935,#1951,.T.);
#1953=ORIENTED_EDGE('',*,*,#1952,.F.);
#1954=CARTESIAN_POINT('',(580.835917209,-147.729122671,119.222174843));
#1955=DIRECTION('',(-0.,1.,-0.));
#1956=DIRECTION('',(0.,0.,-1.));
#1957=AXIS2_PLACEMENT_3D('',#1954,#1955,#1956);
#1958=CIRCLE('',#1957,2.6);
#1959=EDGE_CURVE('',#1937,#1946,#1958,.T.);
#1960=ORIENTED_EDGE('',*,*,#1959,.F.);
#1961=EDGE_LOOP('',(#1944,#1953,#1960));
#1962=FACE_BOUND('',#1961,.T.);
#1963=CARTESIAN_POINT('',(529.235917209,-147.729122671,149.322174843));
#1964=VERTEX_POINT('',#1963);
#1965=CARTESIAN_POINT('',(531.835917209,-147.729122671,151.922174843));
#1966=VERTEX_POINT('',#1965);
#1967=CARTESIAN_POINT('',(531.835917209,-147.729122671,149.322174843));
#1968=DIRECTION('',(-0.,1.,-0.));
#1969=DIRECTION('',(0.,0.,-1.));
#1970=AXIS2_PLACEMENT_3D('',#1967,#1968,#1969);
#1971=CIRCLE('',#1970,2.6);
#1972=EDGE_CURVE('',#1964,#1966,#1971,.T.);
#1973=ORIENTED_EDGE('',*,*,#1972,.F.);
#1974=CARTESIAN_POINT('',(534.435917209,-147.729122671,149.322174843));
#1975=VERTEX_POINT('',#1974);
#1976=CARTESIAN_POINT('',(531.835917209,-147.729122671,149.322174843));
#1977=DIRECTION('',(-0.,1.,-0.));
#1978=DIRECTION('',(0.,0.,-1.));
#1979=AXIS2_PLACEMENT_3D('',#1976,#1977,#1978);
#1980=CIRCLE('',#1979,2.6);
#1981=EDGE_CURVE('',#1975,#1964,#1980,.T.);
#1982=ORIENTED_EDGE('',*,*,#1981,.F.);
#1983=CARTESIAN_POINT('',(531.835917209,-147.729122671,149.322174843));
#1984=DIRECTION('',(-0.,1.,-0.));
#1985=DIRECTION('',(0.,0.,-1.));
#1986=AXIS2_PLACEMENT_3D('',#1983,#1984,#1985);
#1987=CIRCLE('',#1986,2.6);
#1988=EDGE_CURVE('',#1966,#1975,#1987,.T.);
#1989=ORIENTED_EDGE('',*,*,#1988,.F.);
#1990=EDGE_LOOP('',(#1973,#1982,#1989));
#1991=FACE_BOUND('',#1990,.T.);
#1992=CARTESIAN_POINT('',(554.735917209,-147.729122671,119.322174843));
#1993=VERTEX_POINT('',#1992);
#1994=CARTESIAN_POINT('',(556.835917209,-147.729122671,121.422174843));
#1995=VERTEX_POINT('',#1994);
#1996=CARTESIAN_POINT('',(556.835917209,-147.729122671,119.322174843));
#1997=DIRECTION('',(0.,1.,0.));
#1998=DIRECTION('',(0.,0.,-1.));
#1999=AXIS2_PLACEMENT_3D('',#1996,#1997,#1998);
#2000=CIRCLE('',#1999,2.1);
#2001=EDGE_CURVE('',#1993,#1995,#2000,.T.);
#2002=ORIENTED_EDGE('',*,*,#2001,.F.);
#2003=CARTESIAN_POINT('',(558.935917209,-147.729122671,119.322174843));
#2004=VERTEX_POINT('',#2003);
#2005=CARTESIAN_POINT('',(556.835917209,-147.729122671,119.322174843));
#2006=DIRECTION('',(0.,1.,0.));
#2007=DIRECTION('',(0.,0.,-1.));
#2008=AXIS2_PLACEMENT_3D('',#2005,#2006,#2007);
#2009=CIRCLE('',#2008,2.1);
#2010=EDGE_CURVE('',#2004,#1993,#2009,.T.);
#2011=ORIENTED_EDGE('',*,*,#2010,.F.);
#2012=CARTESIAN_POINT('',(556.835917209,-147.729122671,119.322174843));
#2013=DIRECTION('',(0.,1.,0.));
#2014=DIRECTION('',(0.,0.,-1.));
#2015=AXIS2_PLACEMENT_3D('',#2012,#2013,#2014);
#2016=CIRCLE('',#2015,2.1);
#2017=EDGE_CURVE('',#1995,#2004,#2016,.T.);
#2018=ORIENTED_EDGE('',*,*,#2017,.F.);
#2019=EDGE_LOOP('',(#2002,#2011,#2018));
#2020=FACE_BOUND('',#2019,.T.);
#2021=CARTESIAN_POINT('',(579.235917209,-147.729122671,149.322174843));
#2022=VERTEX_POINT('',#2021);
#2023=CARTESIAN_POINT('',(581.835917209,-147.729122671,151.922174843));
#2024=VERTEX_POINT('',#2023);
#2025=CARTESIAN_POINT('',(581.835917209,-147.729122671,149.322174843));
#2026=DIRECTION('',(-0.,1.,-0.));
#2027=DIRECTION('',(0.,0.,-1.));
#2028=AXIS2_PLACEMENT_3D('',#2025,#2026,#2027);
#2029=CIRCLE('',#2028,2.6);
#2030=EDGE_CURVE('',#2022,#2024,#2029,.T.);
#2031=ORIENTED_EDGE('',*,*,#2030,.F.);
#2032=CARTESIAN_POINT('',(584.435917209,-147.729122671,149.322174843));
#2033=VERTEX_POINT('',#2032);
#2034=CARTESIAN_POINT('',(581.835917209,-147.729122671,149.322174843));
#2035=DIRECTION('',(-0.,1.,-0.));
#2036=DIRECTION('',(0.,0.,-1.));
#2037=AXIS2_PLACEMENT_3D('',#2034,#2035,#2036);
#2038=CIRCLE('',#2037,2.6);
#2039=EDGE_CURVE('',#2033,#2022,#2038,.T.);
#2040=ORIENTED_EDGE('',*,*,#2039,.F.);
#2041=CARTESIAN_POINT('',(581.835917209,-147.729122671,149.322174843));
#2042=DIRECTION('',(-0.,1.,-0.));
#2043=DIRECTION('',(0.,0.,-1.));
#2044=AXIS2_PLACEMENT_3D('',#2041,#2042,#2043);
#2045=CIRCLE('',#2044,2.6);
#2046=EDGE_CURVE('',#2024,#2033,#2045,.T.);
#2047=ORIENTED_EDGE('',*,*,#2046,.F.);
#2048=EDGE_LOOP('',(#2031,#2040,#2047));
#2049=FACE_BOUND('',#2048,.T.);
#2050=CARTESIAN_POINT('',(529.235917209,-147.729122671,89.322174843));
#2051=VERTEX_POINT('',#2050);
#2052=CARTESIAN_POINT('',(531.835917209,-147.729122671,91.922174843));
#2053=VERTEX_POINT('',#2052);
#2054=CARTESIAN_POINT('',(531.835917209,-147.729122671,89.322174843));
#2055=DIRECTION('',(-0.,1.,-0.));
#2056=DIRECTION('',(0.,0.,-1.));
#2057=AXIS2_PLACEMENT_3D('',#2054,#2055,#2056);
#2058=CIRCLE('',#2057,2.6);
#2059=EDGE_CURVE('',#2051,#2053,#2058,.T.);
#2060=ORIENTED_EDGE('',*,*,#2059,.F.);
#2061=CARTESIAN_POINT('',(534.435917209,-147.729122671,89.322174843));
#2062=VERTEX_POINT('',#2061);
#2063=CARTESIAN_POINT('',(531.835917209,-147.729122671,89.322174843));
#2064=DIRECTION('',(-0.,1.,-0.));
#2065=DIRECTION('',(0.,0.,-1.));
#2066=AXIS2_PLACEMENT_3D('',#2063,#2064,#2065);
#2067=CIRCLE('',#2066,2.6);
#2068=EDGE_CURVE('',#2062,#2051,#2067,.T.);
#2069=ORIENTED_EDGE('',*,*,#2068,.F.);
#2070=CARTESIAN_POINT('',(531.835917209,-147.729122671,89.322174843));
#2071=DIRECTION('',(-0.,1.,-0.));
#2072=DIRECTION('',(0.,0.,-1.));
#2073=AXIS2_PLACEMENT_3D('',#2070,#2071,#2072);
#2074=CIRCLE('',#2073,2.6);
#2075=EDGE_CURVE('',#2053,#2062,#2074,.T.);
#2076=ORIENTED_EDGE('',*,*,#2075,.F.);
#2077=EDGE_LOOP('',(#2060,#2069,#2076));
#2078=FACE_BOUND('',#2077,.T.);
#2079=CARTESIAN_POINT('',(581.835917209,-147.729122671,86.822174843));
#2080=VERTEX_POINT('',#2079);
#2081=CARTESIAN_POINT('',(581.835917209,-147.729122671,91.822174843));
#2082=VERTEX_POINT('',#2081);
#2083=CARTESIAN_POINT('',(581.835917209,-147.729122671,89.322174843));
#2084=DIRECTION('',(0.,-1.,0.));
#2085=DIRECTION('',(0.,0.,-1.));
#2086=AXIS2_PLACEMENT_3D('',#2083,#2084,#2085);
#2087=CIRCLE('',#2086,2.5);
#2088=EDGE_CURVE('',#2080,#2082,#2087,.T.);
#2089=ORIENTED_EDGE('',*,*,#2088,.T.);
#2090=CARTESIAN_POINT('',(581.835917209,-147.729122671,89.322174843));
#2091=DIRECTION('',(0.,-1.,0.));
#2092=DIRECTION('',(0.,0.,-1.));
#2093=AXIS2_PLACEMENT_3D('',#2090,#2091,#2092);
#2094=CIRCLE('',#2093,2.5);
#2095=EDGE_CURVE('',#2082,#2080,#2094,.T.);
#2096=ORIENTED_EDGE('',*,*,#2095,.T.);
#2097=EDGE_LOOP('',(#2089,#2096));
#2098=FACE_BOUND('',#2097,.T.);
#2099=CARTESIAN_POINT('',(836.457278139,-147.729122671,184.719974843));
#2100=VERTEX_POINT('',#2099);
#2101=CARTESIAN_POINT('',(856.87863907,-147.729122671,184.719974843));
#2102=VERTEX_POINT('',#2101);
#2103=CARTESIAN_POINT('',(836.457278139,-147.729122671,184.719974843));
#2104=DIRECTION('',(1.,0.,-0.));
#2105=VECTOR('',#2104,20.42136093);
#2106=LINE('',#2103,#2105);
#2107=EDGE_CURVE('',#2100,#2102,#2106,.T.);
#2108=ORIENTED_EDGE('',*,*,#2107,.F.);
#2109=CARTESIAN_POINT('',(836.457278139,-147.729122671,144.12));
#2110=VERTEX_POINT('',#2109);
#2111=CARTESIAN_POINT('',(836.457278139,-147.729122671,184.719974843));
#2112=DIRECTION('',(0.,0.,-1.));
#2113=VECTOR('',#2112,40.599974843);
#2114=LINE('',#2111,#2113);
#2115=EDGE_CURVE('',#2100,#2110,#2114,.T.);
#2116=ORIENTED_EDGE('',*,*,#2115,.T.);
#2117=CARTESIAN_POINT('',(836.457278139,-147.729122671,144.12));
#2118=DIRECTION('',(1.,0.,-0.));
#2119=VECTOR('',#2118,20.42136093);
#2120=LINE('',#2117,#2119);
#2121=EDGE_CURVE('',#2110,#259,#2120,.T.);
#2122=ORIENTED_EDGE('',*,*,#2121,.T.);
#2123=ORIENTED_EDGE('',*,*,#286,.T.);
#2124=CARTESIAN_POINT('',(853.949706881,-147.729122671,66.393242655));
#2125=VERTEX_POINT('',#2124);
#2126=CARTESIAN_POINT('',(846.87863907,-147.729122671,73.464310467));
#2127=DIRECTION('',(-0.,1.,-0.));
#2128=DIRECTION('',(0.,0.,-1.));
#2129=AXIS2_PLACEMENT_3D('',#2126,#2127,#2128);
#2130=CIRCLE('',#2129,10.);
#2131=EDGE_CURVE('',#275,#2125,#2130,.T.);
#2132=ORIENTED_EDGE('',*,*,#2131,.T.);
#2133=CARTESIAN_POINT('',(799.807571258,-147.729122671,12.251107031));
#2134=VERTEX_POINT('',#2133);
#2135=CARTESIAN_POINT('',(853.949706881,-147.729122671,66.393242655));
#2136=DIRECTION('',(-0.707106781,0.,-0.707106781));
#2137=VECTOR('',#2136,76.568542495);
#2138=LINE('',#2135,#2137);
#2139=EDGE_CURVE('',#2125,#2134,#2138,.T.);
#2140=ORIENTED_EDGE('',*,*,#2139,.T.);
#2141=CARTESIAN_POINT('',(792.736503446,-147.729122671,9.322174843));
#2142=VERTEX_POINT('',#2141);
#2143=CARTESIAN_POINT('',(792.736503446,-147.729122671,19.322174843));
#2144=DIRECTION('',(-0.,1.,-0.));
#2145=DIRECTION('',(0.,0.,-1.));
#2146=AXIS2_PLACEMENT_3D('',#2143,#2144,#2145);
#2147=CIRCLE('',#2146,10.);
#2148=EDGE_CURVE('',#2134,#2142,#2147,.T.);
#2149=ORIENTED_EDGE('',*,*,#2148,.T.);
#2150=CARTESIAN_POINT('',(763.535493319,-147.729122671,9.322174843));
#2151=VERTEX_POINT('',#2150);
#2152=CARTESIAN_POINT('',(792.736503446,-147.729122671,9.322174843));
#2153=DIRECTION('',(-1.,-0.,0.));
#2154=VECTOR('',#2153,29.201010127);
#2155=LINE('',#2152,#2154);
#2156=EDGE_CURVE('',#2142,#2151,#2155,.T.);
#2157=ORIENTED_EDGE('',*,*,#2156,.T.);
#2158=CARTESIAN_POINT('',(760.707066194,-147.729122671,10.493747718));
#2159=VERTEX_POINT('',#2158);
#2160=CARTESIAN_POINT('',(763.535493319,-147.729122671,13.322174843));
#2161=DIRECTION('',(-0.,1.,-0.));
#2162=DIRECTION('',(0.,0.,-1.));
#2163=AXIS2_PLACEMENT_3D('',#2160,#2161,#2162);
#2164=CIRCLE('',#2163,4.);
#2165=EDGE_CURVE('',#2151,#2159,#2164,.T.);
#2166=ORIENTED_EDGE('',*,*,#2165,.T.);
#2167=CARTESIAN_POINT('',(758.050211945,-147.729122671,13.150601968));
#2168=VERTEX_POINT('',#2167);
#2169=CARTESIAN_POINT('',(760.707066194,-147.729122671,10.493747718));
#2170=DIRECTION('',(-0.707106781,0.,0.707106781));
#2171=VECTOR('',#2170,3.757359313);
#2172=LINE('',#2169,#2171);
#2173=EDGE_CURVE('',#2159,#2168,#2172,.T.);
#2174=ORIENTED_EDGE('',*,*,#2173,.T.);
#2175=CARTESIAN_POINT('',(755.22178482,-147.729122671,14.322174843));
#2176=VERTEX_POINT('',#2175);
#2177=CARTESIAN_POINT('',(755.22178482,-147.729122671,10.322174843));
#2178=DIRECTION('',(0.,-1.,0.));
#2179=DIRECTION('',(0.,0.,-1.));
#2180=AXIS2_PLACEMENT_3D('',#2177,#2178,#2179);
#2181=CIRCLE('',#2180,4.);
#2182=EDGE_CURVE('',#2168,#2176,#2181,.T.);
#2183=ORIENTED_EDGE('',*,*,#2182,.T.);
#2184=CARTESIAN_POINT('',(598.535493319,-147.729122671,14.322174843));
#2185=VERTEX_POINT('',#2184);
#2186=CARTESIAN_POINT('',(755.22178482,-147.729122671,14.322174843));
#2187=DIRECTION('',(-1.,0.,0.));
#2188=VECTOR('',#2187,156.686291501);
#2189=LINE('',#2186,#2188);
#2190=EDGE_CURVE('',#2176,#2185,#2189,.T.);
#2191=ORIENTED_EDGE('',*,*,#2190,.T.);
#2192=CARTESIAN_POINT('',(595.707066194,-147.729122671,13.150601968));
#2193=VERTEX_POINT('',#2192);
#2194=CARTESIAN_POINT('',(598.535493319,-147.729122671,10.322174843));
#2195=DIRECTION('',(0.,-1.,0.));
#2196=DIRECTION('',(0.,0.,-1.));
#2197=AXIS2_PLACEMENT_3D('',#2194,#2195,#2196);
#2198=CIRCLE('',#2197,4.);
#2199=EDGE_CURVE('',#2185,#2193,#2198,.T.);
#2200=ORIENTED_EDGE('',*,*,#2199,.T.);
#2201=CARTESIAN_POINT('',(593.050211945,-147.729122671,10.493747718));
#2202=VERTEX_POINT('',#2201);
#2203=CARTESIAN_POINT('',(593.050211945,-147.729122671,10.493747718));
#2204=DIRECTION('',(0.707106781,0.,0.707106781));
#2205=VECTOR('',#2204,3.757359313);
#2206=LINE('',#2203,#2205);
#2207=EDGE_CURVE('',#2202,#2193,#2206,.T.);
#2208=ORIENTED_EDGE('',*,*,#2207,.F.);
#2209=CARTESIAN_POINT('',(590.22178482,-147.729122671,9.322174843));
#2210=VERTEX_POINT('',#2209);
#2211=CARTESIAN_POINT('',(590.22178482,-147.729122671,13.322174843));
#2212=DIRECTION('',(-0.,1.,-0.));
#2213=DIRECTION('',(0.,0.,-1.));
#2214=AXIS2_PLACEMENT_3D('',#2211,#2212,#2213);
#2215=CIRCLE('',#2214,4.);
#2216=EDGE_CURVE('',#2202,#2210,#2215,.T.);
#2217=ORIENTED_EDGE('',*,*,#2216,.T.);
#2218=CARTESIAN_POINT('',(561.020774693,-147.729122671,9.322174843));
#2219=VERTEX_POINT('',#2218);
#2220=CARTESIAN_POINT('',(590.22178482,-147.729122671,9.322174843));
#2221=DIRECTION('',(-1.,-0.,0.));
#2222=VECTOR('',#2221,29.201010127);
#2223=LINE('',#2220,#2222);
#2224=EDGE_CURVE('',#2210,#2219,#2223,.T.);
#2225=ORIENTED_EDGE('',*,*,#2224,.T.);
#2226=CARTESIAN_POINT('',(553.949706881,-147.729122671,12.251107031));
#2227=VERTEX_POINT('',#2226);
#2228=CARTESIAN_POINT('',(561.020774693,-147.729122671,19.322174843));
#2229=DIRECTION('',(-0.,1.,-0.));
#2230=DIRECTION('',(0.,0.,-1.));
#2231=AXIS2_PLACEMENT_3D('',#2228,#2229,#2230);
#2232=CIRCLE('',#2231,10.);
#2233=EDGE_CURVE('',#2219,#2227,#2232,.T.);
#2234=ORIENTED_EDGE('',*,*,#2233,.T.);
#2235=CARTESIAN_POINT('',(499.807571258,-147.729122671,66.393242655));
#2236=VERTEX_POINT('',#2235);
#2237=CARTESIAN_POINT('',(553.949706881,-147.729122671,12.251107031));
#2238=DIRECTION('',(-0.707106781,0.,0.707106781));
#2239=VECTOR('',#2238,76.568542495);
#2240=LINE('',#2237,#2239);
#2241=EDGE_CURVE('',#2227,#2236,#2240,.T.);
#2242=ORIENTED_EDGE('',*,*,#2241,.T.);
#2243=CARTESIAN_POINT('',(496.87863907,-147.729122671,73.464310467));
#2244=VERTEX_POINT('',#2243);
#2245=CARTESIAN_POINT('',(506.87863907,-147.729122671,73.464310467));
#2246=DIRECTION('',(-0.,1.,-0.));
#2247=DIRECTION('',(0.,0.,-1.));
#2248=AXIS2_PLACEMENT_3D('',#2245,#2246,#2247);
#2249=CIRCLE('',#2248,10.);
#2250=EDGE_CURVE('',#2236,#2244,#2249,.T.);
#2251=ORIENTED_EDGE('',*,*,#2250,.T.);
#2252=CARTESIAN_POINT('',(496.87863907,-147.729122671,144.12));
#2253=VERTEX_POINT('',#2252);
#2254=CARTESIAN_POINT('',(496.87863907,-147.729122671,73.464310467));
#2255=DIRECTION('',(-0.,-0.,1.));
#2256=VECTOR('',#2255,70.655689533);
#2257=LINE('',#2254,#2256);
#2258=EDGE_CURVE('',#2244,#2253,#2257,.T.);
#2259=ORIENTED_EDGE('',*,*,#2258,.T.);
#2260=CARTESIAN_POINT('',(517.299978139,-147.729122671,144.12));
#2261=VERTEX_POINT('',#2260);
#2262=CARTESIAN_POINT('',(496.87863907,-147.729122671,144.12));
#2263=DIRECTION('',(1.,0.,-0.));
#2264=VECTOR('',#2263,20.42133907);
#2265=LINE('',#2262,#2264);
#2266=EDGE_CURVE('',#2253,#2261,#2265,.T.);
#2267=ORIENTED_EDGE('',*,*,#2266,.T.);
#2268=CARTESIAN_POINT('',(517.299978139,-147.729122671,184.719974843));
#2269=VERTEX_POINT('',#2268);
#2270=CARTESIAN_POINT('',(517.299978139,-147.729122671,144.12));
#2271=DIRECTION('',(0.,0.,1.));
#2272=VECTOR('',#2271,40.599974843);
#2273=LINE('',#2270,#2272);
#2274=EDGE_CURVE('',#2261,#2269,#2273,.T.);
#2275=ORIENTED_EDGE('',*,*,#2274,.T.);
#2276=CARTESIAN_POINT('',(496.87863907,-147.729122671,184.719974843));
#2277=VERTEX_POINT('',#2276);
#2278=CARTESIAN_POINT('',(517.299978139,-147.729122671,184.719974843));
#2279=DIRECTION('',(-1.,0.,0.));
#2280=VECTOR('',#2279,20.42133907);
#2281=LINE('',#2278,#2280);
#2282=EDGE_CURVE('',#2269,#2277,#2281,.T.);
#2283=ORIENTED_EDGE('',*,*,#2282,.T.);
#2284=CARTESIAN_POINT('',(496.87863907,-147.729122671,193.322174843));
#2285=VERTEX_POINT('',#2284);
#2286=CARTESIAN_POINT('',(496.87863907,-147.729122671,184.719974843));
#2287=DIRECTION('',(-0.,-0.,1.));
#2288=VECTOR('',#2287,8.6022);
#2289=LINE('',#2286,#2288);
#2290=EDGE_CURVE('',#2277,#2285,#2289,.T.);
#2291=ORIENTED_EDGE('',*,*,#2290,.T.);
#2292=CARTESIAN_POINT('',(856.87863907,-147.729122671,193.322174843));
#2293=VERTEX_POINT('',#2292);
#2294=CARTESIAN_POINT('',(856.87863907,-147.729122671,193.322174843));
#2295=DIRECTION('',(-1.,0.,0.));
#2296=VECTOR('',#2295,360.);
#2297=LINE('',#2294,#2296);
#2298=EDGE_CURVE('NONE',#2293,#2285,#2297,.T.);
#2299=ORIENTED_EDGE('',*,*,#2298,.F.);
#2300=CARTESIAN_POINT('',(856.87863907,-147.729122671,193.322174843));
#2301=DIRECTION('',(0.,0.,-1.));
#2302=VECTOR('',#2301,8.6022);
#2303=LINE('',#2300,#2302);
#2304=EDGE_CURVE('NONE',#2293,#2102,#2303,.T.);
#2305=ORIENTED_EDGE('',*,*,#2304,.T.);
#2306=EDGE_LOOP('',(#2108,#2116,#2122,#2123,#2132,#2140,#2149,#2157,#2166,#2174,#2183,#2191,#2200,#2208,#2217,#2225,#2234,#2242,#2251,#2259,#2267,#2275,#2283,#2291,#2299,#2305));
#2307=FACE_BOUND('',#2306,.T.);
#2308=ADVANCED_FACE('',(#315,#335,#355,#375,#378,#381,#384,#387,#398,#409,#420,#431,#460,#489,#518,#547,#576,#605,#634,#654,#674,#694,#714,#734,#754,#824,
#853,#882,#911,#940,#969,#998,#1027,#1056,#1085,#1114,#1143,#1172,#1201,#1230,#1259,#1288,#1317,#1346,#1375,#1404,#1433,#1462,#1491,#1520,#1549,
#1578,#1607,#1677,#1747,#1817,#1846,#1875,#1904,#1933,#1962,#1991,#2020,#2049,#2078,#2098,#2307),#295,.F.);
#2309=CARTESIAN_POINT('',(496.87863907,-147.729122671,309.322174843));
#2310=DIRECTION('',(1.,0.,0.));
#2311=DIRECTION('',(0.,0.,-1.));
#2312=AXIS2_PLACEMENT_3D('',#2309,#2310,#2311);
#2313=PLANE('',#2312);
#2314=CARTESIAN_POINT('',(496.87863907,-153.729122671,184.719974843));
#2315=VERTEX_POINT('',#2314);
#2316=CARTESIAN_POINT('',(496.87863907,-153.729122671,184.719974843));
#2317=DIRECTION('',(0.,1.,0.));
#2318=VECTOR('',#2317,6.);
#2319=LINE('',#2316,#2318);
#2320=EDGE_CURVE('',#2315,#2277,#2319,.T.);
#2321=ORIENTED_EDGE('',*,*,#2320,.F.);
#2322=CARTESIAN_POINT('',(496.87863907,-153.729122671,193.322174843));
#2323=VERTEX_POINT('',#2322);
#2324=CARTESIAN_POINT('',(496.87863907,-153.729122671,184.719974843));
#2325=DIRECTION('',(-0.,-0.,1.));
#2326=VECTOR('',#2325,8.6022);
#2327=LINE('',#2324,#2326);
#2328=EDGE_CURVE('',#2315,#2323,#2327,.T.);
#2329=ORIENTED_EDGE('',*,*,#2328,.T.);
#2330=CARTESIAN_POINT('',(496.87863907,-153.729122671,193.322174843));
#2331=DIRECTION('',(0.,1.,0.));
#2332=VECTOR('',#2331,6.);
#2333=LINE('',#2330,#2332);
#2334=EDGE_CURVE('NONE',#2323,#2285,#2333,.T.);
#2335=ORIENTED_EDGE('',*,*,#2334,.T.);
#2336=ORIENTED_EDGE('',*,*,#2290,.F.);
#2337=EDGE_LOOP('',(#2321,#2329,#2335,#2336));
#2338=FACE_BOUND('',#2337,.T.);
#2339=ADVANCED_FACE('',(#2338),#2313,.F.);
#2340=CARTESIAN_POINT('',(792.736503446,-153.729122671,359.322174843));
#2341=DIRECTION('',(0.,-1.,0.));
#2342=DIRECTION('',(0.,0.,-1.));
#2343=AXIS2_PLACEMENT_3D('',#2340,#2341,#2342);
#2344=PLANE('',#2343);
#2345=CARTESIAN_POINT('',(841.92136093,-153.729122671,121.822174843));
#2346=VERTEX_POINT('',#2345);
#2347=CARTESIAN_POINT('',(841.92136093,-153.729122671,116.822174843));
#2348=VERTEX_POINT('',#2347);
#2349=CARTESIAN_POINT('',(841.92136093,-153.729122671,119.322174843));
#2350=DIRECTION('',(0.,-1.,0.));
#2351=DIRECTION('',(0.,0.,-1.));
#2352=AXIS2_PLACEMENT_3D('',#2349,#2350,#2351);
#2353=CIRCLE('',#2352,2.5);
#2354=EDGE_CURVE('',#2346,#2348,#2353,.T.);
#2355=ORIENTED_EDGE('',*,*,#2354,.F.);
#2356=CARTESIAN_POINT('',(841.92136093,-153.729122671,119.322174843));
#2357=DIRECTION('',(0.,-1.,0.));
#2358=DIRECTION('',(0.,0.,-1.));
#2359=AXIS2_PLACEMENT_3D('',#2356,#2357,#2358);
#2360=CIRCLE('',#2359,2.5);
#2361=EDGE_CURVE('',#2348,#2346,#2360,.T.);
#2362=ORIENTED_EDGE('',*,*,#2361,.F.);
#2363=EDGE_LOOP('',(#2355,#2362));
#2364=FACE_BOUND('',#2363,.T.);
#2365=CARTESIAN_POINT('',(531.835917209,-153.729122671,121.822174843));
#2366=VERTEX_POINT('',#2365);
#2367=CARTESIAN_POINT('',(531.835917209,-153.729122671,116.822174843));
#2368=VERTEX_POINT('',#2367);
#2369=CARTESIAN_POINT('',(531.835917209,-153.729122671,119.322174843));
#2370=DIRECTION('',(0.,-1.,0.));
#2371=DIRECTION('',(0.,0.,-1.));
#2372=AXIS2_PLACEMENT_3D('',#2369,#2370,#2371);
#2373=CIRCLE('',#2372,2.5);
#2374=EDGE_CURVE('',#2366,#2368,#2373,.T.);
#2375=ORIENTED_EDGE('',*,*,#2374,.F.);
#2376=CARTESIAN_POINT('',(531.835917209,-153.729122671,119.322174843));
#2377=DIRECTION('',(0.,-1.,0.));
#2378=DIRECTION('',(0.,0.,-1.));
#2379=AXIS2_PLACEMENT_3D('',#2376,#2377,#2378);
#2380=CIRCLE('',#2379,2.5);
#2381=EDGE_CURVE('',#2368,#2366,#2380,.T.);
#2382=ORIENTED_EDGE('',*,*,#2381,.F.);
#2383=EDGE_LOOP('',(#2375,#2382));
#2384=FACE_BOUND('',#2383,.T.);
#2385=CARTESIAN_POINT('',(821.92136093,-153.729122671,121.822174843));
#2386=VERTEX_POINT('',#2385);
#2387=CARTESIAN_POINT('',(821.92136093,-153.729122671,116.822174843));
#2388=VERTEX_POINT('',#2387);
#2389=CARTESIAN_POINT('',(821.92136093,-153.729122671,119.322174843));
#2390=DIRECTION('',(0.,-1.,0.));
#2391=DIRECTION('',(0.,0.,-1.));
#2392=AXIS2_PLACEMENT_3D('',#2389,#2390,#2391);
#2393=CIRCLE('',#2392,2.5);
#2394=EDGE_CURVE('',#2386,#2388,#2393,.T.);
#2395=ORIENTED_EDGE('',*,*,#2394,.F.);
#2396=CARTESIAN_POINT('',(821.92136093,-153.729122671,119.322174843));
#2397=DIRECTION('',(0.,-1.,0.));
#2398=DIRECTION('',(0.,0.,-1.));
#2399=AXIS2_PLACEMENT_3D('',#2396,#2397,#2398);
#2400=CIRCLE('',#2399,2.5);
#2401=EDGE_CURVE('',#2388,#2386,#2400,.T.);
#2402=ORIENTED_EDGE('',*,*,#2401,.F.);
#2403=EDGE_LOOP('',(#2395,#2402));
#2404=FACE_BOUND('',#2403,.T.);
#2405=CARTESIAN_POINT('',(511.835917209,-153.729122671,121.822174843));
#2406=VERTEX_POINT('',#2405);
#2407=CARTESIAN_POINT('',(511.835917209,-153.729122671,116.822174843));
#2408=VERTEX_POINT('',#2407);
#2409=CARTESIAN_POINT('',(511.835917209,-153.729122671,119.322174843));
#2410=DIRECTION('',(0.,-1.,0.));
#2411=DIRECTION('',(0.,0.,-1.));
#2412=AXIS2_PLACEMENT_3D('',#2409,#2410,#2411);
#2413=CIRCLE('',#2412,2.5);
#2414=EDGE_CURVE('',#2406,#2408,#2413,.T.);
#2415=ORIENTED_EDGE('',*,*,#2414,.F.);
#2416=CARTESIAN_POINT('',(511.835917209,-153.729122671,119.322174843));
#2417=DIRECTION('',(0.,-1.,0.));
#2418=DIRECTION('',(0.,0.,-1.));
#2419=AXIS2_PLACEMENT_3D('',#2416,#2417,#2418);
#2420=CIRCLE('',#2419,2.5);
#2421=EDGE_CURVE('',#2408,#2406,#2420,.T.);
#2422=ORIENTED_EDGE('',*,*,#2421,.F.);
#2423=EDGE_LOOP('',(#2415,#2422));
#2424=FACE_BOUND('',#2423,.T.);
#2425=ORIENTED_EDGE('',*,*,#105,.T.);
#2426=ORIENTED_EDGE('',*,*,#112,.T.);
#2427=EDGE_LOOP('',(#2425,#2426));
#2428=FACE_BOUND('',#2427,.T.);
#2429=ORIENTED_EDGE('',*,*,#147,.T.);
#2430=ORIENTED_EDGE('',*,*,#154,.T.);
#2431=EDGE_LOOP('',(#2429,#2430));
#2432=FACE_BOUND('',#2431,.T.);
#2433=ORIENTED_EDGE('',*,*,#189,.T.);
#2434=ORIENTED_EDGE('',*,*,#196,.T.);
#2435=EDGE_LOOP('',(#2433,#2434));
#2436=FACE_BOUND('',#2435,.T.);
#2437=ORIENTED_EDGE('',*,*,#231,.T.);
#2438=ORIENTED_EDGE('',*,*,#238,.T.);
#2439=EDGE_LOOP('',(#2437,#2438));
#2440=FACE_BOUND('',#2439,.T.);
#2441=CARTESIAN_POINT('',(512.1,-153.729122671,186.92));
#2442=VERTEX_POINT('',#2441);
#2443=CARTESIAN_POINT('',(513.3,-153.729122671,191.073286631));
#2444=VERTEX_POINT('',#2443);
#2445=CARTESIAN_POINT('',(512.1,-153.729122671,189.17));
#2446=DIRECTION('',(0.,-1.,0.));
#2447=DIRECTION('',(0.533333333,0.,0.845905169));
#2448=AXIS2_PLACEMENT_3D('',#2445,#2446,#2447);
#2449=CIRCLE('',#2448,2.25);
#2450=EDGE_CURVE('',#2442,#2444,#2449,.T.);
#2451=ORIENTED_EDGE('',*,*,#2450,.F.);
#2452=CARTESIAN_POINT('',(512.1,-153.729122671,189.17));
#2453=DIRECTION('',(0.,-1.,0.));
#2454=DIRECTION('',(0.533333333,0.,0.845905169));
#2455=AXIS2_PLACEMENT_3D('',#2452,#2453,#2454);
#2456=CIRCLE('',#2455,2.25);
#2457=EDGE_CURVE('',#2444,#2442,#2456,.T.);
#2458=ORIENTED_EDGE('',*,*,#2457,.F.);
#2459=EDGE_LOOP('',(#2451,#2458));
#2460=FACE_BOUND('',#2459,.T.);
#2461=CARTESIAN_POINT('',(501.9,-153.729122671,186.92));
#2462=VERTEX_POINT('',#2461);
#2463=CARTESIAN_POINT('',(503.1,-153.729122671,191.073286631));
#2464=VERTEX_POINT('',#2463);
#2465=CARTESIAN_POINT('',(501.9,-153.729122671,189.17));
#2466=DIRECTION('',(0.,-1.,0.));
#2467=DIRECTION('',(0.533333333,0.,0.845905169));
#2468=AXIS2_PLACEMENT_3D('',#2465,#2466,#2467);
#2469=CIRCLE('',#2468,2.25);
#2470=EDGE_CURVE('',#2462,#2464,#2469,.T.);
#2471=ORIENTED_EDGE('',*,*,#2470,.F.);
#2472=CARTESIAN_POINT('',(501.9,-153.729122671,189.17));
#2473=DIRECTION('',(0.,-1.,0.));
#2474=DIRECTION('',(0.533333333,0.,0.845905169));
#2475=AXIS2_PLACEMENT_3D('',#2472,#2473,#2474);
#2476=CIRCLE('',#2475,2.25);
#2477=EDGE_CURVE('',#2464,#2462,#2476,.T.);
#2478=ORIENTED_EDGE('',*,*,#2477,.F.);
#2479=EDGE_LOOP('',(#2471,#2478));
#2480=FACE_BOUND('',#2479,.T.);
#2481=CARTESIAN_POINT('',(501.9,-153.729122671,137.42));
#2482=VERTEX_POINT('',#2481);
#2483=CARTESIAN_POINT('',(500.7,-153.729122671,137.766713369));
#2484=VERTEX_POINT('',#2483);
#2485=CARTESIAN_POINT('',(501.9,-153.729122671,139.67));
#2486=DIRECTION('',(0.,-1.,-0.));
#2487=DIRECTION('',(-0.533333333,0.,-0.845905169));
#2488=AXIS2_PLACEMENT_3D('',#2485,#2486,#2487);
#2489=CIRCLE('',#2488,2.25);
#2490=EDGE_CURVE('',#2482,#2484,#2489,.T.);
#2491=ORIENTED_EDGE('',*,*,#2490,.F.);
#2492=CARTESIAN_POINT('',(501.9,-153.729122671,139.67));
#2493=DIRECTION('',(0.,-1.,-0.));
#2494=DIRECTION('',(-0.533333333,0.,-0.845905169));
#2495=AXIS2_PLACEMENT_3D('',#2492,#2493,#2494);
#2496=CIRCLE('',#2495,2.25);
#2497=EDGE_CURVE('',#2484,#2482,#2496,.T.);
#2498=ORIENTED_EDGE('',*,*,#2497,.F.);
#2499=EDGE_LOOP('',(#2491,#2498));
#2500=FACE_BOUND('',#2499,.T.);
#2501=CARTESIAN_POINT('',(512.1,-153.729122671,137.42));
#2502=VERTEX_POINT('',#2501);
#2503=CARTESIAN_POINT('',(510.9,-153.729122671,137.766713369));
#2504=VERTEX_POINT('',#2503);
#2505=CARTESIAN_POINT('',(512.1,-153.729122671,139.67));
#2506=DIRECTION('',(0.,-1.,-0.));
#2507=DIRECTION('',(-0.533333333,0.,-0.845905169));
#2508=AXIS2_PLACEMENT_3D('',#2505,#2506,#2507);
#2509=CIRCLE('',#2508,2.25);
#2510=EDGE_CURVE('',#2502,#2504,#2509,.T.);
#2511=ORIENTED_EDGE('',*,*,#2510,.F.);
#2512=CARTESIAN_POINT('',(512.1,-153.729122671,139.67));
#2513=DIRECTION('',(0.,-1.,-0.));
#2514=DIRECTION('',(-0.533333333,0.,-0.845905169));
#2515=AXIS2_PLACEMENT_3D('',#2512,#2513,#2514);
#2516=CIRCLE('',#2515,2.25);
#2517=EDGE_CURVE('',#2504,#2502,#2516,.T.);
#2518=ORIENTED_EDGE('',*,*,#2517,.F.);
#2519=EDGE_LOOP('',(#2511,#2518));
#2520=FACE_BOUND('',#2519,.T.);
#2521=CARTESIAN_POINT('',(856.87863907,-153.729122671,184.719974843));
#2522=VERTEX_POINT('',#2521);
#2523=CARTESIAN_POINT('',(836.457278139,-153.729122671,184.719974843));
#2524=VERTEX_POINT('',#2523);
#2525=CARTESIAN_POINT('',(856.87863907,-153.729122671,184.719974843));
#2526=DIRECTION('',(-1.,0.,0.));
#2527=VECTOR('',#2526,20.42136093);
#2528=LINE('',#2525,#2527);
#2529=EDGE_CURVE('',#2522,#2524,#2528,.T.);
#2530=ORIENTED_EDGE('',*,*,#2529,.F.);
#2531=CARTESIAN_POINT('',(856.87863907,-153.729122671,193.322174843));
#2532=VERTEX_POINT('',#2531);
#2533=CARTESIAN_POINT('',(856.87863907,-153.729122671,193.322174843));
#2534=DIRECTION('',(0.,-0.,-1.));
#2535=VECTOR('',#2534,8.6022);
#2536=LINE('',#2533,#2535);
#2537=EDGE_CURVE('',#2532,#2522,#2536,.T.);
#2538=ORIENTED_EDGE('',*,*,#2537,.F.);
#2539=CARTESIAN_POINT('',(856.87863907,-153.729122671,193.322174843));
#2540=DIRECTION('',(-1.,0.,0.));
#2541=VECTOR('',#2540,360.);
#2542=LINE('',#2539,#2541);
#2543=EDGE_CURVE('NONE',#2532,#2323,#2542,.T.);
#2544=ORIENTED_EDGE('',*,*,#2543,.T.);
#2545=ORIENTED_EDGE('',*,*,#2328,.F.);
#2546=CARTESIAN_POINT('',(517.299978139,-153.729122671,184.719974843));
#2547=VERTEX_POINT('',#2546);
#2548=CARTESIAN_POINT('',(496.87863907,-153.729122671,184.719974843));
#2549=DIRECTION('',(1.,0.,-0.));
#2550=VECTOR('',#2549,20.42133907);
#2551=LINE('',#2548,#2550);
#2552=EDGE_CURVE('',#2315,#2547,#2551,.T.);
#2553=ORIENTED_EDGE('',*,*,#2552,.T.);
#2554=CARTESIAN_POINT('',(517.299978139,-153.729122671,144.12));
#2555=VERTEX_POINT('',#2554);
#2556=CARTESIAN_POINT('',(517.299978139,-153.729122671,184.719974843));
#2557=DIRECTION('',(0.,0.,-1.));
#2558=VECTOR('',#2557,40.599974843);
#2559=LINE('',#2556,#2558);
#2560=EDGE_CURVE('',#2547,#2555,#2559,.T.);
#2561=ORIENTED_EDGE('',*,*,#2560,.T.);
#2562=CARTESIAN_POINT('',(496.87863907,-153.729122671,144.12));
#2563=VERTEX_POINT('',#2562);
#2564=CARTESIAN_POINT('',(517.299978139,-153.729122671,144.12));
#2565=DIRECTION('',(-1.,0.,0.));
#2566=VECTOR('',#2565,20.42133907);
#2567=LINE('',#2564,#2566);
#2568=EDGE_CURVE('',#2555,#2563,#2567,.T.);
#2569=ORIENTED_EDGE('',*,*,#2568,.T.);
#2570=CARTESIAN_POINT('',(496.87863907,-153.729122671,73.464310467));
#2571=VERTEX_POINT('',#2570);
#2572=CARTESIAN_POINT('',(496.87863907,-153.729122671,73.464310467));
#2573=DIRECTION('',(-0.,-0.,1.));
#2574=VECTOR('',#2573,70.655689533);
#2575=LINE('',#2572,#2574);
#2576=EDGE_CURVE('',#2571,#2563,#2575,.T.);
#2577=ORIENTED_EDGE('',*,*,#2576,.F.);
#2578=CARTESIAN_POINT('',(499.807571258,-153.729122671,66.393242655));
#2579=VERTEX_POINT('',#2578);
#2580=CARTESIAN_POINT('',(506.87863907,-153.729122671,73.464310467));
#2581=DIRECTION('',(0.,-1.,0.));
#2582=DIRECTION('',(0.,0.,-1.));
#2583=AXIS2_PLACEMENT_3D('',#2580,#2581,#2582);
#2584=CIRCLE('',#2583,10.);
#2585=EDGE_CURVE('',#2571,#2579,#2584,.T.);
#2586=ORIENTED_EDGE('',*,*,#2585,.T.);
#2587=CARTESIAN_POINT('',(553.949706881,-153.729122671,12.251107031));
#2588=VERTEX_POINT('',#2587);
#2589=CARTESIAN_POINT('',(553.949706881,-153.729122671,12.251107031));
#2590=DIRECTION('',(-0.707106781,-0.,0.707106781));
#2591=VECTOR('',#2590,76.568542495);
#2592=LINE('',#2589,#2591);
#2593=EDGE_CURVE('',#2588,#2579,#2592,.T.);
#2594=ORIENTED_EDGE('',*,*,#2593,.F.);
#2595=CARTESIAN_POINT('',(561.020774693,-153.729122671,9.322174843));
#2596=VERTEX_POINT('',#2595);
#2597=CARTESIAN_POINT('',(561.020774693,-153.729122671,19.322174843));
#2598=DIRECTION('',(0.,-1.,0.));
#2599=DIRECTION('',(0.,0.,-1.));
#2600=AXIS2_PLACEMENT_3D('',#2597,#2598,#2599);
#2601=CIRCLE('',#2600,10.);
#2602=EDGE_CURVE('',#2588,#2596,#2601,.T.);
#2603=ORIENTED_EDGE('',*,*,#2602,.T.);
#2604=CARTESIAN_POINT('',(590.22178482,-153.729122671,9.322174843));
#2605=VERTEX_POINT('',#2604);
#2606=CARTESIAN_POINT('',(590.22178482,-153.729122671,9.322174843));
#2607=DIRECTION('',(-1.,-0.,-0.));
#2608=VECTOR('',#2607,29.201010127);
#2609=LINE('',#2606,#2608);
#2610=EDGE_CURVE('',#2605,#2596,#2609,.T.);
#2611=ORIENTED_EDGE('',*,*,#2610,.F.);
#2612=CARTESIAN_POINT('',(593.050211945,-153.729122671,10.493747718));
#2613=VERTEX_POINT('',#2612);
#2614=CARTESIAN_POINT('',(590.22178482,-153.729122671,13.322174843));
#2615=DIRECTION('',(0.,-1.,0.));
#2616=DIRECTION('',(0.,0.,-1.));
#2617=AXIS2_PLACEMENT_3D('',#2614,#2615,#2616);
#2618=CIRCLE('',#2617,4.);
#2619=EDGE_CURVE('',#2605,#2613,#2618,.T.);
#2620=ORIENTED_EDGE('',*,*,#2619,.T.);
#2621=CARTESIAN_POINT('',(595.707066194,-153.729122671,13.150601968));
#2622=VERTEX_POINT('',#2621);
#2623=CARTESIAN_POINT('',(595.707066194,-153.729122671,13.150601968));
#2624=DIRECTION('',(-0.707106781,0.,-0.707106781));
#2625=VECTOR('',#2624,3.757359313);
#2626=LINE('',#2623,#2625);
#2627=EDGE_CURVE('',#2622,#2613,#2626,.T.);
#2628=ORIENTED_EDGE('',*,*,#2627,.F.);
#2629=CARTESIAN_POINT('',(598.535493319,-153.729122671,14.322174843));
#2630=VERTEX_POINT('',#2629);
#2631=CARTESIAN_POINT('',(598.535493319,-153.729122671,10.322174843));
#2632=DIRECTION('',(-0.,1.,-0.));
#2633=DIRECTION('',(0.,0.,-1.));
#2634=AXIS2_PLACEMENT_3D('',#2631,#2632,#2633);
#2635=CIRCLE('',#2634,4.);
#2636=EDGE_CURVE('',#2622,#2630,#2635,.T.);
#2637=ORIENTED_EDGE('',*,*,#2636,.T.);
#2638=CARTESIAN_POINT('',(755.22178482,-153.729122671,14.322174843));
#2639=VERTEX_POINT('',#2638);
#2640=CARTESIAN_POINT('',(598.535493319,-153.729122671,14.322174843));
#2641=DIRECTION('',(1.,0.,-0.));
#2642=VECTOR('',#2641,156.686291501);
#2643=LINE('',#2640,#2642);
#2644=EDGE_CURVE('',#2630,#2639,#2643,.T.);
#2645=ORIENTED_EDGE('',*,*,#2644,.T.);
#2646=CARTESIAN_POINT('',(758.050211945,-153.729122671,13.150601968));
#2647=VERTEX_POINT('',#2646);
#2648=CARTESIAN_POINT('',(755.22178482,-153.729122671,10.322174843));
#2649=DIRECTION('',(-0.,1.,-0.));
#2650=DIRECTION('',(0.,0.,-1.));
#2651=AXIS2_PLACEMENT_3D('',#2648,#2649,#2650);
#2652=CIRCLE('',#2651,4.);
#2653=EDGE_CURVE('',#2639,#2647,#2652,.T.);
#2654=ORIENTED_EDGE('',*,*,#2653,.T.);
#2655=CARTESIAN_POINT('',(760.707066194,-153.729122671,10.493747718));
#2656=VERTEX_POINT('',#2655);
#2657=CARTESIAN_POINT('',(758.050211945,-153.729122671,13.150601968));
#2658=DIRECTION('',(0.707106781,0.,-0.707106781));
#2659=VECTOR('',#2658,3.757359313);
#2660=LINE('',#2657,#2659);
#2661=EDGE_CURVE('',#2647,#2656,#2660,.T.);
#2662=ORIENTED_EDGE('',*,*,#2661,.T.);
#2663=CARTESIAN_POINT('',(763.535493319,-153.729122671,9.322174843));
#2664=VERTEX_POINT('',#2663);
#2665=CARTESIAN_POINT('',(763.535493319,-153.729122671,13.322174843));
#2666=DIRECTION('',(0.,-1.,0.));
#2667=DIRECTION('',(0.,0.,-1.));
#2668=AXIS2_PLACEMENT_3D('',#2665,#2666,#2667);
#2669=CIRCLE('',#2668,4.);
#2670=EDGE_CURVE('',#2656,#2664,#2669,.T.);
#2671=ORIENTED_EDGE('',*,*,#2670,.T.);
#2672=CARTESIAN_POINT('',(792.736503446,-153.729122671,9.322174843));
#2673=VERTEX_POINT('',#2672);
#2674=CARTESIAN_POINT('',(792.736503446,-153.729122671,9.322174843));
#2675=DIRECTION('',(-1.,-0.,-0.));
#2676=VECTOR('',#2675,29.201010127);
#2677=LINE('',#2674,#2676);
#2678=EDGE_CURVE('',#2673,#2664,#2677,.T.);
#2679=ORIENTED_EDGE('',*,*,#2678,.F.);
#2680=CARTESIAN_POINT('',(799.807571258,-153.729122671,12.251107031));
#2681=VERTEX_POINT('',#2680);
#2682=CARTESIAN_POINT('',(792.736503446,-153.729122671,19.322174843));
#2683=DIRECTION('',(0.,-1.,0.));
#2684=DIRECTION('',(0.,0.,-1.));
#2685=AXIS2_PLACEMENT_3D('',#2682,#2683,#2684);
#2686=CIRCLE('',#2685,10.);
#2687=EDGE_CURVE('',#2673,#2681,#2686,.T.);
#2688=ORIENTED_EDGE('',*,*,#2687,.T.);
#2689=CARTESIAN_POINT('',(853.949706881,-153.729122671,66.393242655));
#2690=VERTEX_POINT('',#2689);
#2691=CARTESIAN_POINT('',(853.949706881,-153.729122671,66.393242655));
#2692=DIRECTION('',(-0.707106781,-0.,-0.707106781));
#2693=VECTOR('',#2692,76.568542495);
#2694=LINE('',#2691,#2693);
#2695=EDGE_CURVE('',#2690,#2681,#2694,.T.);
#2696=ORIENTED_EDGE('',*,*,#2695,.F.);
#2697=CARTESIAN_POINT('',(846.87863907,-153.729122671,73.464310467));
#2698=DIRECTION('',(0.,-1.,0.));
#2699=DIRECTION('',(0.,0.,-1.));
#2700=AXIS2_PLACEMENT_3D('',#2697,#2698,#2699);
#2701=CIRCLE('',#2700,10.);
#2702=EDGE_CURVE('',#2690,#267,#2701,.T.);
#2703=ORIENTED_EDGE('',*,*,#2702,.T.);
#2704=ORIENTED_EDGE('',*,*,#272,.F.);
#2705=CARTESIAN_POINT('',(836.457278139,-153.729122671,144.12));
#2706=VERTEX_POINT('',#2705);
#2707=CARTESIAN_POINT('',(856.87863907,-153.729122671,144.12));
#2708=DIRECTION('',(-1.,0.,0.));
#2709=VECTOR('',#2708,20.42136093);
#2710=LINE('',#2707,#2709);
#2711=EDGE_CURVE('',#257,#2706,#2710,.T.);
#2712=ORIENTED_EDGE('',*,*,#2711,.T.);
#2713=CARTESIAN_POINT('',(836.457278139,-153.729122671,144.12));
#2714=DIRECTION('',(0.,0.,1.));
#2715=VECTOR('',#2714,40.599974843);
#2716=LINE('',#2713,#2715);
#2717=EDGE_CURVE('',#2706,#2524,#2716,.T.);
#2718=ORIENTED_EDGE('',*,*,#2717,.T.);
#2719=EDGE_LOOP('',(#2530,#2538,#2544,#2545,#2553,#2561,#2569,#2577,#2586,#2594,#2603,#2611,#2620,#2628,#2637,#2645,#2654,#2662,#2671,#2679,#2688,#2696,#2703,#2704,#2712,#2718));
#2720=FACE_BOUND('',#2719,.T.);
#2721=CARTESIAN_POINT('',(581.835917209,-153.729122671,91.822174843));
#2722=VERTEX_POINT('',#2721);
#2723=CARTESIAN_POINT('',(581.835917209,-153.729122671,86.822174843));
#2724=VERTEX_POINT('',#2723);
#2725=CARTESIAN_POINT('',(581.835917209,-153.729122671,89.322174843));
#2726=DIRECTION('',(0.,-1.,0.));
#2727=DIRECTION('',(0.,0.,-1.));
#2728=AXIS2_PLACEMENT_3D('',#2725,#2726,#2727);
#2729=CIRCLE('',#2728,2.5);
#2730=EDGE_CURVE('',#2722,#2724,#2729,.T.);
#2731=ORIENTED_EDGE('',*,*,#2730,.F.);
#2732=CARTESIAN_POINT('',(581.835917209,-153.729122671,89.322174843));
#2733=DIRECTION('',(0.,-1.,0.));
#2734=DIRECTION('',(0.,0.,-1.));
#2735=AXIS2_PLACEMENT_3D('',#2732,#2733,#2734);
#2736=CIRCLE('',#2735,2.5);
#2737=EDGE_CURVE('',#2724,#2722,#2736,.T.);
#2738=ORIENTED_EDGE('',*,*,#2737,.F.);
#2739=EDGE_LOOP('',(#2731,#2738));
#2740=FACE_BOUND('',#2739,.T.);
#2741=CARTESIAN_POINT('',(716.87863907,-153.729122671,137.322174843));
#2742=VERTEX_POINT('',#2741);
#2743=CARTESIAN_POINT('',(708.87863907,-153.729122671,129.322174843));
#2744=VERTEX_POINT('',#2743);
#2745=CARTESIAN_POINT('',(716.87863907,-153.729122671,137.322174843));
#2746=CARTESIAN_POINT('',(716.485900128,-153.729122671,137.322174843));
#2747=CARTESIAN_POINT('',(716.094501947,-153.729122671,137.283652657));
#2748=CARTESIAN_POINT('',(715.703924331,-153.729122671,137.245211232));
#2749=CARTESIAN_POINT('',(715.317916493,-153.729122671,137.168457086));
#2750=CARTESIAN_POINT('',(714.932987534,-153.729122671,137.091917466));
#2751=CARTESIAN_POINT('',(714.556361652,-153.729122671,136.977697529));
#2752=CARTESIAN_POINT('',(714.180788425,-153.729122671,136.863796832));
#2753=CARTESIAN_POINT('',(713.817171611,-153.729122671,136.713211103));
#2754=CARTESIAN_POINT('',(713.454571093,-153.729122671,136.563046256));
#2755=CARTESIAN_POINT('',(713.107465175,-153.729122671,136.377544958));
#2756=CARTESIAN_POINT('',(712.761329406,-153.729122671,136.19256213));
#2757=CARTESIAN_POINT('',(712.434077205,-153.729122671,135.973931742));
#2758=CARTESIAN_POINT('',(712.107739663,-153.729122671,135.755912418));
#2759=CARTESIAN_POINT('',(711.803492796,-153.729122671,135.50625847));
#2760=CARTESIAN_POINT('',(711.500096289,-153.729122671,135.257302296));
#2761=CARTESIAN_POINT('',(711.22178482,-153.729122671,134.979029093));
#2762=CARTESIAN_POINT('',(710.944251222,-153.729122671,134.701533653));
#2763=CARTESIAN_POINT('',(710.694555443,-153.729122671,134.397321117));
#2764=CARTESIAN_POINT('',(710.445557554,-153.729122671,134.093958843));
#2765=CARTESIAN_POINT('',(710.226882171,-153.729122671,133.766736707));
#2766=CARTESIAN_POINT('',(710.008817978,-153.729122671,133.440429146));
#2767=CARTESIAN_POINT('',(709.823268955,-153.729122671,133.093348738));
#2768=CARTESIAN_POINT('',(709.638238535,-153.729122671,132.747238408));
#2769=CARTESIAN_POINT('',(709.487602809,-153.729122671,132.383642302));
#2770=CARTESIAN_POINT('',(709.337388106,-153.729122671,132.021062435));
#2771=CARTESIAN_POINT('',(709.223116384,-153.729122671,131.644452261));
#2772=CARTESIAN_POINT('',(709.109164047,-153.729122671,131.2688947));
#2773=CARTESIAN_POINT('',(709.032356826,-153.729122671,130.882897419));
#2774=CARTESIAN_POINT('',(708.955764279,-153.729122671,130.497978988));
#2775=CARTESIAN_POINT('',(708.917161256,-153.729122671,130.106311966));
#2776=CARTESIAN_POINT('',(708.878666127,-153.729122671,129.71573964));
#2777=CARTESIAN_POINT('',(708.87863907,-153.729122671,129.322174843));
#2778=B_SPLINE_CURVE_WITH_KNOTS('',2,(#2745,#2746,#2747,#2748,#2749,#2750,#2751,#2752,#2753,#2754,#2755,#2756,#2757,#2758,#2759,#2760,#2761,#2762,#2763,#2764,#2765,#2766,#2767,#2768,#2769,#2770,
#2771,#2772,#2773,#2774,#2775,#2776,#2777),.UNSPECIFIED.,.F.,.F.,(3,2,2,2,2,2,2,2,2,2,2,2,2,2,2,2,3),(0.,0.015625,0.03125,0.046875,0.0625,0.078125,0.09375,0.109375,0.125,0.140625,0.15625,0.171875,0.1875,0.203125,0.21875,0.234375,0.25),.UNSPECIFIED.);
#2779=EDGE_CURVE('',#2742,#2744,#2778,.T.);
#2780=ORIENTED_EDGE('',*,*,#2779,.F.);
#2781=CARTESIAN_POINT('',(724.87863907,-153.729122671,129.322174843));
#2782=VERTEX_POINT('',#2781);
#2783=CARTESIAN_POINT('',(724.87863907,-153.729122671,129.322174843));
#2784=CARTESIAN_POINT('',(724.878666052,-153.729122671,129.714639639));
#2785=CARTESIAN_POINT('',(724.840116883,-153.729122671,130.106311966));
#2786=CARTESIAN_POINT('',(724.801675458,-153.729122671,130.496889581));
#2787=CARTESIAN_POINT('',(724.724921313,-153.729122671,130.882897419));
#2788=CARTESIAN_POINT('',(724.648381693,-153.729122671,131.267826378));
#2789=CARTESIAN_POINT('',(724.534161755,-153.729122671,131.644452261));
#2790=CARTESIAN_POINT('',(724.420261059,-153.729122671,132.020025488));
#2791=CARTESIAN_POINT('',(724.26967533,-153.729122671,132.383642302));
#2792=CARTESIAN_POINT('',(724.119510482,-153.729122671,132.74624282));
#2793=CARTESIAN_POINT('',(723.934009184,-153.729122671,133.093348738));
#2794=CARTESIAN_POINT('',(723.749026356,-153.729122671,133.439484506));
#2795=CARTESIAN_POINT('',(723.530395968,-153.729122671,133.766736707));
#2796=CARTESIAN_POINT('',(723.312376644,-153.729122671,134.09307425));
#2797=CARTESIAN_POINT('',(723.062722696,-153.729122671,134.397321117));
#2798=CARTESIAN_POINT('',(722.813766523,-153.729122671,134.700717624));
#2799=CARTESIAN_POINT('',(722.535493319,-153.729122671,134.979029093));
#2800=CARTESIAN_POINT('',(722.257997879,-153.729122671,135.256562691));
#2801=CARTESIAN_POINT('',(721.953785343,-153.729122671,135.50625847));
#2802=CARTESIAN_POINT('',(721.65042307,-153.729122671,135.755256359));
#2803=CARTESIAN_POINT('',(721.323200934,-153.729122671,135.973931742));
#2804=CARTESIAN_POINT('',(720.996893372,-153.729122671,136.191995935));
#2805=CARTESIAN_POINT('',(720.649812964,-153.729122671,136.377544958));
#2806=CARTESIAN_POINT('',(720.303702634,-153.729122671,136.562575378));
#2807=CARTESIAN_POINT('',(719.940106529,-153.729122671,136.713211103));
#2808=CARTESIAN_POINT('',(719.577526662,-153.729122671,136.863425807));
#2809=CARTESIAN_POINT('',(719.200916488,-153.729122671,136.977697529));
#2810=CARTESIAN_POINT('',(718.825358926,-153.729122671,137.091649866));
#2811=CARTESIAN_POINT('',(718.439361646,-153.729122671,137.168457086));
#2812=CARTESIAN_POINT('',(718.054443214,-153.729122671,137.245049633));
#2813=CARTESIAN_POINT('',(717.662776192,-153.729122671,137.283652657));
#2814=CARTESIAN_POINT('',(717.271929339,-153.729122671,137.322174843));
#2815=CARTESIAN_POINT('',(716.87863907,-153.729122671,137.322174843));
#2816=B_SPLINE_CURVE_WITH_KNOTS('',2,(#2783,#2784,#2785,#2786,#2787,#2788,#2789,#2790,#2791,#2792,#2793,#2794,#2795,#2796,#2797,#2798,#2799,#2800,#2801,#2802,#2803,#2804,#2805,#2806,#2807,#2808,
#2809,#2810,#2811,#2812,#2813,#2814,#2815),.UNSPECIFIED.,.F.,.F.,(3,2,2,2,2,2,2,2,2,2,2,2,2,2,2,2,3),(0.75,0.765625,0.78125,0.796875,0.8125,0.828125,0.84375,0.859375,0.875,0.890625,0.90625,0.921875,0.9375,0.953125,0.96875,0.984375,1.),.UNSPECIFIED.);
#2817=EDGE_CURVE('',#2782,#2742,#2816,.T.);
#2818=ORIENTED_EDGE('',*,*,#2817,.F.);
#2819=CARTESIAN_POINT('',(708.87863907,-153.729122671,129.322174843));
#2820=CARTESIAN_POINT('',(708.878612088,-153.729122671,128.929710047));
#2821=CARTESIAN_POINT('',(708.917161256,-153.729122671,128.538037721));
#2822=CARTESIAN_POINT('',(708.955602681,-153.729122671,128.147460105));
#2823=CARTESIAN_POINT('',(709.032356826,-153.729122671,127.761452267));
#2824=CARTESIAN_POINT('',(709.108896446,-153.729122671,127.376523308));
#2825=CARTESIAN_POINT('',(709.223116384,-153.729122671,126.999897425));
#2826=CARTESIAN_POINT('',(709.33701708,-153.729122671,126.624324199));
#2827=CARTESIAN_POINT('',(709.487602809,-153.729122671,126.260707384));
#2828=CARTESIAN_POINT('',(709.637767657,-153.729122671,125.898106866));
#2829=CARTESIAN_POINT('',(709.823268955,-153.729122671,125.551000949));
#2830=CARTESIAN_POINT('',(710.008251783,-153.729122671,125.20486518));
#2831=CARTESIAN_POINT('',(710.226882171,-153.729122671,124.877612979));
#2832=CARTESIAN_POINT('',(710.444901495,-153.729122671,124.551275436));
#2833=CARTESIAN_POINT('',(710.694555443,-153.729122671,124.24702857));
#2834=CARTESIAN_POINT('',(710.943511616,-153.729122671,123.943632063));
#2835=CARTESIAN_POINT('',(711.22178482,-153.729122671,123.665320594));
#2836=CARTESIAN_POINT('',(711.49928026,-153.729122671,123.387786996));
#2837=CARTESIAN_POINT('',(711.803492796,-153.729122671,123.138091216));
#2838=CARTESIAN_POINT('',(712.106855069,-153.729122671,122.889093328));
#2839=CARTESIAN_POINT('',(712.434077205,-153.729122671,122.670417945));
#2840=CARTESIAN_POINT('',(712.760384767,-153.729122671,122.452353752));
#2841=CARTESIAN_POINT('',(713.107465175,-153.729122671,122.266804728));
#2842=CARTESIAN_POINT('',(713.453575505,-153.729122671,122.081774308));
#2843=CARTESIAN_POINT('',(713.817171611,-153.729122671,121.931138583));
#2844=CARTESIAN_POINT('',(714.179751478,-153.729122671,121.78092388));
#2845=CARTESIAN_POINT('',(714.556361652,-153.729122671,121.666652157));
#2846=CARTESIAN_POINT('',(714.931919213,-153.729122671,121.552699821));
#2847=CARTESIAN_POINT('',(715.317916493,-153.729122671,121.4758926));
#2848=CARTESIAN_POINT('',(715.702834925,-153.729122671,121.399300053));
#2849=CARTESIAN_POINT('',(716.094501947,-153.729122671,121.36069703));
#2850=CARTESIAN_POINT('',(716.485074273,-153.729122671,121.322201901));
#2851=CARTESIAN_POINT('',(716.87863907,-153.729122671,121.322174843));
#2852=CARTESIAN_POINT('',(717.271103866,-153.729122671,121.322147861));
#2853=CARTESIAN_POINT('',(717.662776192,-153.729122671,121.36069703));
#2854=CARTESIAN_POINT('',(718.053353808,-153.729122671,121.399138455));
#2855=CARTESIAN_POINT('',(718.439361646,-153.729122671,121.4758926));
#2856=CARTESIAN_POINT('',(718.824290605,-153.729122671,121.55243222));
#2857=CARTESIAN_POINT('',(719.200916488,-153.729122671,121.666652157));
#2858=CARTESIAN_POINT('',(719.576489714,-153.729122671,121.780552854));
#2859=CARTESIAN_POINT('',(719.940106529,-153.729122671,121.931138583));
#2860=CARTESIAN_POINT('',(720.302707047,-153.729122671,122.08130343));
#2861=CARTESIAN_POINT('',(720.649812964,-153.729122671,122.266804728));
#2862=CARTESIAN_POINT('',(720.995948733,-153.729122671,122.451787557));
#2863=CARTESIAN_POINT('',(721.323200934,-153.729122671,122.670417945));
#2864=CARTESIAN_POINT('',(721.649538476,-153.729122671,122.888437268));
#2865=CARTESIAN_POINT('',(721.953785343,-153.729122671,123.138091216));
#2866=CARTESIAN_POINT('',(722.25718185,-153.729122671,123.38704739));
#2867=CARTESIAN_POINT('',(722.535493319,-153.729122671,123.665320594));
#2868=CARTESIAN_POINT('',(722.813026917,-153.729122671,123.942816033));
#2869=CARTESIAN_POINT('',(723.062722696,-153.729122671,124.24702857));
#2870=CARTESIAN_POINT('',(723.311720585,-153.729122671,124.550390843));
#2871=CARTESIAN_POINT('',(723.530395968,-153.729122671,124.877612979));
#2872=CARTESIAN_POINT('',(723.748460161,-153.729122671,125.203920541));
#2873=CARTESIAN_POINT('',(723.934009184,-153.729122671,125.551000949));
#2874=CARTESIAN_POINT('',(724.119039605,-153.729122671,125.897111279));
#2875=CARTESIAN_POINT('',(724.26967533,-153.729122671,126.260707384));
#2876=CARTESIAN_POINT('',(724.419890033,-153.729122671,126.623287251));
#2877=CARTESIAN_POINT('',(724.534161755,-153.729122671,126.999897425));
#2878=CARTESIAN_POINT('',(724.648114092,-153.729122671,127.375454987));
#2879=CARTESIAN_POINT('',(724.724921313,-153.729122671,127.761452267));
#2880=CARTESIAN_POINT('',(724.80151386,-153.729122671,128.146370699));
#2881=CARTESIAN_POINT('',(724.840116883,-153.729122671,128.538037721));
#2882=CARTESIAN_POINT('',(724.878612012,-153.729122671,128.928610047));
#2883=CARTESIAN_POINT('',(724.87863907,-153.729122671,129.322174843));
#2884=B_SPLINE_CURVE_WITH_KNOTS('',2,(#2819,#2820,#2821,#2822,#2823,#2824,#2825,#2826,#2827,#2828,#2829,#2830,#2831,#2832,#2833,#2834,#2835,#2836,#2837,#2838,#2839,#2840,#2841,#2842,#2843,#2844,
#2845,#2846,#2847,#2848,#2849,#2850,#2851,#2852,#2853,#2854,#2855,#2856,#2857,#2858,#2859,#2860,#2861,#2862,#2863,#2864,#2865,#2866,#2867,#2868,#2869,
#2870,#2871,#2872,#2873,#2874,#2875,#2876,#2877,#2878,#2879,#2880,#2881,#2882,#2883),.UNSPECIFIED.,.F.,.F.,(3,2,2,2,2,2,2,2,2,2,2,2,2,2,2,2,2,2,2,2,2,2,2,2,2,2,
2,2,2,2,2,2,3),(0.25,0.265625,0.28125,0.296875,0.3125,0.328125,0.34375,0.359375,0.375,0.390625,0.40625,0.421875,0.4375,0.453125,0.46875,0.484375,0.5,0.515625,0.53125,0.546875,0.5625,0.578125,0.59375,0.609375,0.625,0.640625,
0.65625,0.671875,0.6875,0.703125,0.71875,0.734375,0.75),.UNSPECIFIED.);
#2885=EDGE_CURVE('',#2744,#2782,#2884,.T.);
#2886=ORIENTED_EDGE('',*,*,#2885,.F.);
#2887=EDGE_LOOP('',(#2780,#2818,#2886));
#2888=FACE_BOUND('',#2887,.T.);
#2889=CARTESIAN_POINT('',(676.87863907,-153.729122671,147.322174843));
#2890=VERTEX_POINT('',#2889);
#2891=CARTESIAN_POINT('',(668.87863907,-153.729122671,139.322174843));
#2892=VERTEX_POINT('',#2891);
#2893=CARTESIAN_POINT('',(676.87863907,-153.729122671,147.322174843));
#2894=CARTESIAN_POINT('',(676.485900128,-153.729122671,147.322174843));
#2895=CARTESIAN_POINT('',(676.094501947,-153.729122671,147.283652657));
#2896=CARTESIAN_POINT('',(675.703924331,-153.729122671,147.245211232));
#2897=CARTESIAN_POINT('',(675.317916493,-153.729122671,147.168457086));
#2898=CARTESIAN_POINT('',(674.932987534,-153.729122671,147.091917466));
#2899=CARTESIAN_POINT('',(674.556361652,-153.729122671,146.977697529));
#2900=CARTESIAN_POINT('',(674.180788425,-153.729122671,146.863796832));
#2901=CARTESIAN_POINT('',(673.817171611,-153.729122671,146.713211103));
#2902=CARTESIAN_POINT('',(673.454571092,-153.729122671,146.563046256));
#2903=CARTESIAN_POINT('',(673.107465175,-153.729122671,146.377544958));
#2904=CARTESIAN_POINT('',(672.761329406,-153.729122671,146.19256213));
#2905=CARTESIAN_POINT('',(672.434077205,-153.729122671,145.973931742));
#2906=CARTESIAN_POINT('',(672.107739663,-153.729122671,145.755912418));
#2907=CARTESIAN_POINT('',(671.803492796,-153.729122671,145.50625847));
#2908=CARTESIAN_POINT('',(671.500096289,-153.729122671,145.257302296));
#2909=CARTESIAN_POINT('',(671.22178482,-153.729122671,144.979029093));
#2910=CARTESIAN_POINT('',(670.944251222,-153.729122671,144.701533653));
#2911=CARTESIAN_POINT('',(670.694555443,-153.729122671,144.397321117));
#2912=CARTESIAN_POINT('',(670.445557554,-153.729122671,144.093958843));
#2913=CARTESIAN_POINT('',(670.226882171,-153.729122671,143.766736707));
#2914=CARTESIAN_POINT('',(670.008817978,-153.729122671,143.440429146));
#2915=CARTESIAN_POINT('',(669.823268955,-153.729122671,143.093348738));
#2916=CARTESIAN_POINT('',(669.638238535,-153.729122671,142.747238408));
#2917=CARTESIAN_POINT('',(669.487602809,-153.729122671,142.383642302));
#2918=CARTESIAN_POINT('',(669.337388106,-153.729122671,142.021062436));
#2919=CARTESIAN_POINT('',(669.223116384,-153.729122671,141.644452261));
#2920=CARTESIAN_POINT('',(669.109164047,-153.729122671,141.2688947));
#2921=CARTESIAN_POINT('',(669.032356826,-153.729122671,140.882897419));
#2922=CARTESIAN_POINT('',(668.955764279,-153.729122671,140.497978988));
#2923=CARTESIAN_POINT('',(668.917161256,-153.729122671,140.106311966));
#2924=CARTESIAN_POINT('',(668.878666127,-153.729122671,139.71573964));
#2925=CARTESIAN_POINT('',(668.87863907,-153.729122671,139.322174843));
#2926=B_SPLINE_CURVE_WITH_KNOTS('',2,(#2893,#2894,#2895,#2896,#2897,#2898,#2899,#2900,#2901,#2902,#2903,#2904,#2905,#2906,#2907,#2908,#2909,#2910,#2911,#2912,#2913,#2914,#2915,#2916,#2917,#2918,
#2919,#2920,#2921,#2922,#2923,#2924,#2925),.UNSPECIFIED.,.F.,.F.,(3,2,2,2,2,2,2,2,2,2,2,2,2,2,2,2,3),(0.,0.015625,0.03125,0.046875,0.0625,0.078125,0.09375,0.109375,0.125,0.140625,0.15625,0.171875,0.1875,0.203125,0.21875,0.234375,0.25),.UNSPECIFIED.);
#2927=EDGE_CURVE('',#2890,#2892,#2926,.T.);
#2928=ORIENTED_EDGE('',*,*,#2927,.F.);
#2929=CARTESIAN_POINT('',(684.87863907,-153.729122671,139.322174843));
#2930=VERTEX_POINT('',#2929);
#2931=CARTESIAN_POINT('',(684.87863907,-153.729122671,139.322174843));
#2932=CARTESIAN_POINT('',(684.878666052,-153.729122671,139.714639639));
#2933=CARTESIAN_POINT('',(684.840116883,-153.729122671,140.106311966));
#2934=CARTESIAN_POINT('',(684.801675458,-153.729122671,140.496889581));
#2935=CARTESIAN_POINT('',(684.724921313,-153.729122671,140.882897419));
#2936=CARTESIAN_POINT('',(684.648381693,-153.729122671,141.267826378));
#2937=CARTESIAN_POINT('',(684.534161755,-153.729122671,141.644452261));
#2938=CARTESIAN_POINT('',(684.420261059,-153.729122671,142.020025488));
#2939=CARTESIAN_POINT('',(684.26967533,-153.729122671,142.383642302));
#2940=CARTESIAN_POINT('',(684.119510483,-153.729122671,142.74624282));
#2941=CARTESIAN_POINT('',(683.934009184,-153.729122671,143.093348738));
#2942=CARTESIAN_POINT('',(683.749026356,-153.729122671,143.439484506));
#2943=CARTESIAN_POINT('',(683.530395968,-153.729122671,143.766736707));
#2944=CARTESIAN_POINT('',(683.312376644,-153.729122671,144.09307425));
#2945=CARTESIAN_POINT('',(683.062722696,-153.729122671,144.397321117));
#2946=CARTESIAN_POINT('',(682.813766523,-153.729122671,144.700717624));
#2947=CARTESIAN_POINT('',(682.535493319,-153.729122671,144.979029093));
#2948=CARTESIAN_POINT('',(682.257997879,-153.729122671,145.256562691));
#2949=CARTESIAN_POINT('',(681.953785343,-153.729122671,145.50625847));
#2950=CARTESIAN_POINT('',(681.65042307,-153.729122671,145.755256359));
#2951=CARTESIAN_POINT('',(681.323200934,-153.729122671,145.973931742));
#2952=CARTESIAN_POINT('',(680.996893372,-153.729122671,146.191995935));
#2953=CARTESIAN_POINT('',(680.649812964,-153.729122671,146.377544958));
#2954=CARTESIAN_POINT('',(680.303702634,-153.729122671,146.562575378));
#2955=CARTESIAN_POINT('',(679.940106529,-153.729122671,146.713211103));
#2956=CARTESIAN_POINT('',(679.577526661,-153.729122671,146.863425807));
#2957=CARTESIAN_POINT('',(679.200916488,-153.729122671,146.977697529));
#2958=CARTESIAN_POINT('',(678.825358926,-153.729122671,147.091649866));
#2959=CARTESIAN_POINT('',(678.439361646,-153.729122671,147.168457086));
#2960=CARTESIAN_POINT('',(678.054443214,-153.729122671,147.245049633));
#2961=CARTESIAN_POINT('',(677.662776192,-153.729122671,147.283652657));
#2962=CARTESIAN_POINT('',(677.271929339,-153.729122671,147.322174843));
#2963=CARTESIAN_POINT('',(676.87863907,-153.729122671,147.322174843));
#2964=B_SPLINE_CURVE_WITH_KNOTS('',2,(#2931,#2932,#2933,#2934,#2935,#2936,#2937,#2938,#2939,#2940,#2941,#2942,#2943,#2944,#2945,#2946,#2947,#2948,#2949,#2950,#2951,#2952,#2953,#2954,#2955,#2956,
#2957,#2958,#2959,#2960,#2961,#2962,#2963),.UNSPECIFIED.,.F.,.F.,(3,2,2,2,2,2,2,2,2,2,2,2,2,2,2,2,3),(0.75,0.765625,0.78125,0.796875,0.8125,0.828125,0.84375,0.859375,0.875,0.890625,0.90625,0.921875,0.9375,0.953125,0.96875,0.984375,1.),.UNSPECIFIED.);
#2965=EDGE_CURVE('',#2930,#2890,#2964,.T.);
#2966=ORIENTED_EDGE('',*,*,#2965,.F.);
#2967=CARTESIAN_POINT('',(668.87863907,-153.729122671,139.322174843));
#2968=CARTESIAN_POINT('',(668.878612088,-153.729122671,138.929710047));
#2969=CARTESIAN_POINT('',(668.917161256,-153.729122671,138.538037721));
#2970=CARTESIAN_POINT('',(668.955602681,-153.729122671,138.147460105));
#2971=CARTESIAN_POINT('',(669.032356826,-153.729122671,137.761452267));
#2972=CARTESIAN_POINT('',(669.108896446,-153.729122671,137.376523308));
#2973=CARTESIAN_POINT('',(669.223116384,-153.729122671,136.999897425));
#2974=CARTESIAN_POINT('',(669.33701708,-153.729122671,136.624324199));
#2975=CARTESIAN_POINT('',(669.487602809,-153.729122671,136.260707384));
#2976=CARTESIAN_POINT('',(669.637767657,-153.729122671,135.898106867));
#2977=CARTESIAN_POINT('',(669.823268955,-153.729122671,135.551000949));
#2978=CARTESIAN_POINT('',(670.008251783,-153.729122671,135.20486518));
#2979=CARTESIAN_POINT('',(670.226882171,-153.729122671,134.877612979));
#2980=CARTESIAN_POINT('',(670.444901495,-153.729122671,134.551275436));
#2981=CARTESIAN_POINT('',(670.694555443,-153.729122671,134.24702857));
#2982=CARTESIAN_POINT('',(670.943511617,-153.729122671,133.943632062));
#2983=CARTESIAN_POINT('',(671.22178482,-153.729122671,133.665320594));
#2984=CARTESIAN_POINT('',(671.49928026,-153.729122671,133.387786996));
#2985=CARTESIAN_POINT('',(671.803492796,-153.729122671,133.138091216));
#2986=CARTESIAN_POINT('',(672.106855069,-153.729122671,132.889093328));
#2987=CARTESIAN_POINT('',(672.434077205,-153.729122671,132.670417945));
#2988=CARTESIAN_POINT('',(672.760384767,-153.729122671,132.452353752));
#2989=CARTESIAN_POINT('',(673.107465175,-153.729122671,132.266804728));
#2990=CARTESIAN_POINT('',(673.453575505,-153.729122671,132.081774308));
#2991=CARTESIAN_POINT('',(673.817171611,-153.729122671,131.931138583));
#2992=CARTESIAN_POINT('',(674.179751478,-153.729122671,131.78092388));
#2993=CARTESIAN_POINT('',(674.556361652,-153.729122671,131.666652157));
#2994=CARTESIAN_POINT('',(674.931919213,-153.729122671,131.552699821));
#2995=CARTESIAN_POINT('',(675.317916493,-153.729122671,131.4758926));
#2996=CARTESIAN_POINT('',(675.702834925,-153.729122671,131.399300053));
#2997=CARTESIAN_POINT('',(676.094501947,-153.729122671,131.36069703));
#2998=CARTESIAN_POINT('',(676.485074273,-153.729122671,131.322201901));
#2999=CARTESIAN_POINT('',(676.87863907,-153.729122671,131.322174843));
#3000=CARTESIAN_POINT('',(677.271103866,-153.729122671,131.322147861));
#3001=CARTESIAN_POINT('',(677.662776192,-153.729122671,131.36069703));
#3002=CARTESIAN_POINT('',(678.053353808,-153.729122671,131.399138455));
#3003=CARTESIAN_POINT('',(678.439361646,-153.729122671,131.4758926));
#3004=CARTESIAN_POINT('',(678.824290605,-153.729122671,131.55243222));
#3005=CARTESIAN_POINT('',(679.200916488,-153.729122671,131.666652157));
#3006=CARTESIAN_POINT('',(679.576489714,-153.729122671,131.780552854));
#3007=CARTESIAN_POINT('',(679.940106529,-153.729122671,131.931138583));
#3008=CARTESIAN_POINT('',(680.302707047,-153.729122671,132.08130343));
#3009=CARTESIAN_POINT('',(680.649812964,-153.729122671,132.266804728));
#3010=CARTESIAN_POINT('',(680.995948733,-153.729122671,132.451787557));
#3011=CARTESIAN_POINT('',(681.323200934,-153.729122671,132.670417945));
#3012=CARTESIAN_POINT('',(681.649538476,-153.729122671,132.888437268));
#3013=CARTESIAN_POINT('',(681.953785343,-153.729122671,133.138091216));
#3014=CARTESIAN_POINT('',(682.25718185,-153.729122671,133.38704739));
#3015=CARTESIAN_POINT('',(682.535493319,-153.729122671,133.665320594));
#3016=CARTESIAN_POINT('',(682.813026917,-153.729122671,133.942816033));
#3017=CARTESIAN_POINT('',(683.062722696,-153.729122671,134.24702857));
#3018=CARTESIAN_POINT('',(683.311720585,-153.729122671,134.550390843));
#3019=CARTESIAN_POINT('',(683.530395968,-153.729122671,134.877612979));
#3020=CARTESIAN_POINT('',(683.748460161,-153.729122671,135.203920541));
#3021=CARTESIAN_POINT('',(683.934009184,-153.729122671,135.551000949));
#3022=CARTESIAN_POINT('',(684.119039604,-153.729122671,135.897111278));
#3023=CARTESIAN_POINT('',(684.26967533,-153.729122671,136.260707384));
#3024=CARTESIAN_POINT('',(684.419890033,-153.729122671,136.623287251));
#3025=CARTESIAN_POINT('',(684.534161755,-153.729122671,136.999897425));
#3026=CARTESIAN_POINT('',(684.648114092,-153.729122671,137.375454986));
#3027=CARTESIAN_POINT('',(684.724921313,-153.729122671,137.761452267));
#3028=CARTESIAN_POINT('',(684.80151386,-153.729122671,138.146370699));
#3029=CARTESIAN_POINT('',(684.840116883,-153.729122671,138.538037721));
#3030=CARTESIAN_POINT('',(684.878612012,-153.729122671,138.928610047));
#3031=CARTESIAN_POINT('',(684.87863907,-153.729122671,139.322174843));
#3032=B_SPLINE_CURVE_WITH_KNOTS('',2,(#2967,#2968,#2969,#2970,#2971,#2972,#2973,#2974,#2975,#2976,#2977,#2978,#2979,#2980,#2981,#2982,#2983,#2984,#2985,#2986,#2987,#2988,#2989,#2990,#2991,#2992,
#2993,#2994,#2995,#2996,#2997,#2998,#2999,#3000,#3001,#3002,#3003,#3004,#3005,#3006,#3007,#3008,#3009,#3010,#3011,#3012,#3013,#3014,#3015,#3016,#3017,
#3018,#3019,#3020,#3021,#3022,#3023,#3024,#3025,#3026,#3027,#3028,#3029,#3030,#3031),.UNSPECIFIED.,.F.,.F.,(3,2,2,2,2,2,2,2,2,2,2,2,2,2,2,2,2,2,2,2,2,2,2,2,2,2,
2,2,2,2,2,2,3),(0.25,0.265625,0.28125,0.296875,0.3125,0.328125,0.34375,0.359375,0.375,0.390625,0.40625,0.421875,0.4375,0.453125,0.46875,0.484375,0.5,0.515625,0.53125,0.546875,0.5625,0.578125,0.59375,0.609375,0.625,0.640625,
0.65625,0.671875,0.6875,0.703125,0.71875,0.734375,0.75),.UNSPECIFIED.);
#3033=EDGE_CURVE('',#2892,#2930,#3032,.T.);
#3034=ORIENTED_EDGE('',*,*,#3033,.F.);
#3035=EDGE_LOOP('',(#2928,#2966,#3034));
#3036=FACE_BOUND('',#3035,.T.);
#3037=CARTESIAN_POINT('',(636.87863907,-153.729122671,137.322174843));
#3038=VERTEX_POINT('',#3037);
#3039=CARTESIAN_POINT('',(628.87863907,-153.729122671,129.322174843));
#3040=VERTEX_POINT('',#3039);
#3041=CARTESIAN_POINT('',(636.87863907,-153.729122671,137.322174843));
#3042=CARTESIAN_POINT('',(636.485900128,-153.729122671,137.322174843));
#3043=CARTESIAN_POINT('',(636.094501947,-153.729122671,137.283652657));
#3044=CARTESIAN_POINT('',(635.703924331,-153.729122671,137.245211232));
#3045=CARTESIAN_POINT('',(635.317916493,-153.729122671,137.168457086));
#3046=CARTESIAN_POINT('',(634.932987534,-153.729122671,137.091917466));
#3047=CARTESIAN_POINT('',(634.556361652,-153.729122671,136.977697529));
#3048=CARTESIAN_POINT('',(634.180788425,-153.729122671,136.863796832));
#3049=CARTESIAN_POINT('',(633.817171611,-153.729122671,136.713211103));
#3050=CARTESIAN_POINT('',(633.454571092,-153.729122671,136.563046256));
#3051=CARTESIAN_POINT('',(633.107465175,-153.729122671,136.377544958));
#3052=CARTESIAN_POINT('',(632.761329406,-153.729122671,136.19256213));
#3053=CARTESIAN_POINT('',(632.434077205,-153.729122671,135.973931742));
#3054=CARTESIAN_POINT('',(632.107739663,-153.729122671,135.755912418));
#3055=CARTESIAN_POINT('',(631.803492796,-153.729122671,135.50625847));
#3056=CARTESIAN_POINT('',(631.500096289,-153.729122671,135.257302296));
#3057=CARTESIAN_POINT('',(631.22178482,-153.729122671,134.979029093));
#3058=CARTESIAN_POINT('',(630.944251222,-153.729122671,134.701533653));
#3059=CARTESIAN_POINT('',(630.694555443,-153.729122671,134.397321117));
#3060=CARTESIAN_POINT('',(630.445557554,-153.729122671,134.093958843));
#3061=CARTESIAN_POINT('',(630.226882171,-153.729122671,133.766736707));
#3062=CARTESIAN_POINT('',(630.008817978,-153.729122671,133.440429146));
#3063=CARTESIAN_POINT('',(629.823268955,-153.729122671,133.093348738));
#3064=CARTESIAN_POINT('',(629.638238535,-153.729122671,132.747238408));
#3065=CARTESIAN_POINT('',(629.487602809,-153.729122671,132.383642302));
#3066=CARTESIAN_POINT('',(629.337388106,-153.729122671,132.021062436));
#3067=CARTESIAN_POINT('',(629.223116384,-153.729122671,131.644452261));
#3068=CARTESIAN_POINT('',(629.109164047,-153.729122671,131.2688947));
#3069=CARTESIAN_POINT('',(629.032356826,-153.729122671,130.882897419));
#3070=CARTESIAN_POINT('',(628.955764279,-153.729122671,130.497978988));
#3071=CARTESIAN_POINT('',(628.917161256,-153.729122671,130.106311966));
#3072=CARTESIAN_POINT('',(628.878666127,-153.729122671,129.715739639));
#3073=CARTESIAN_POINT('',(628.87863907,-153.729122671,129.322174843));
#3074=B_SPLINE_CURVE_WITH_KNOTS('',2,(#3041,#3042,#3043,#3044,#3045,#3046,#3047,#3048,#3049,#3050,#3051,#3052,#3053,#3054,#3055,#3056,#3057,#3058,#3059,#3060,#3061,#3062,#3063,#3064,#3065,#3066,
#3067,#3068,#3069,#3070,#3071,#3072,#3073),.UNSPECIFIED.,.F.,.F.,(3,2,2,2,2,2,2,2,2,2,2,2,2,2,2,2,3),(0.,0.015625,0.03125,0.046875,0.0625,0.078125,0.09375,0.109375,0.125,0.140625,0.15625,0.171875,0.1875,0.203125,0.21875,0.234375,0.25),.UNSPECIFIED.);
#3075=EDGE_CURVE('',#3038,#3040,#3074,.T.);
#3076=ORIENTED_EDGE('',*,*,#3075,.F.);
#3077=CARTESIAN_POINT('',(644.87863907,-153.729122671,129.322174843));
#3078=VERTEX_POINT('',#3077);
#3079=CARTESIAN_POINT('',(644.87863907,-153.729122671,129.322174843));
#3080=CARTESIAN_POINT('',(644.878666052,-153.729122671,129.71463964));
#3081=CARTESIAN_POINT('',(644.840116883,-153.729122671,130.106311966));
#3082=CARTESIAN_POINT('',(644.801675458,-153.729122671,130.496889581));
#3083=CARTESIAN_POINT('',(644.724921313,-153.729122671,130.882897419));
#3084=CARTESIAN_POINT('',(644.648381693,-153.729122671,131.267826378));
#3085=CARTESIAN_POINT('',(644.534161755,-153.729122671,131.644452261));
#3086=CARTESIAN_POINT('',(644.420261059,-153.729122671,132.020025488));
#3087=CARTESIAN_POINT('',(644.26967533,-153.729122671,132.383642302));
#3088=CARTESIAN_POINT('',(644.119510483,-153.729122671,132.74624282));
#3089=CARTESIAN_POINT('',(643.934009184,-153.729122671,133.093348738));
#3090=CARTESIAN_POINT('',(643.749026356,-153.729122671,133.439484506));
#3091=CARTESIAN_POINT('',(643.530395968,-153.729122671,133.766736707));
#3092=CARTESIAN_POINT('',(643.312376644,-153.729122671,134.09307425));
#3093=CARTESIAN_POINT('',(643.062722696,-153.729122671,134.397321117));
#3094=CARTESIAN_POINT('',(642.813766523,-153.729122671,134.700717624));
#3095=CARTESIAN_POINT('',(642.535493319,-153.729122671,134.979029093));
#3096=CARTESIAN_POINT('',(642.257997879,-153.729122671,135.256562691));
#3097=CARTESIAN_POINT('',(641.953785343,-153.729122671,135.50625847));
#3098=CARTESIAN_POINT('',(641.65042307,-153.729122671,135.755256359));
#3099=CARTESIAN_POINT('',(641.323200934,-153.729122671,135.973931742));
#3100=CARTESIAN_POINT('',(640.996893372,-153.729122671,136.191995935));
#3101=CARTESIAN_POINT('',(640.649812964,-153.729122671,136.377544958));
#3102=CARTESIAN_POINT('',(640.303702634,-153.729122671,136.562575378));
#3103=CARTESIAN_POINT('',(639.940106529,-153.729122671,136.713211103));
#3104=CARTESIAN_POINT('',(639.577526661,-153.729122671,136.863425807));
#3105=CARTESIAN_POINT('',(639.200916488,-153.729122671,136.977697529));
#3106=CARTESIAN_POINT('',(638.825358926,-153.729122671,137.091649866));
#3107=CARTESIAN_POINT('',(638.439361646,-153.729122671,137.168457086));
#3108=CARTESIAN_POINT('',(638.054443214,-153.729122671,137.245049633));
#3109=CARTESIAN_POINT('',(637.662776192,-153.729122671,137.283652657));
#3110=CARTESIAN_POINT('',(637.271929339,-153.729122671,137.322174843));
#3111=CARTESIAN_POINT('',(636.87863907,-153.729122671,137.322174843));
#3112=B_SPLINE_CURVE_WITH_KNOTS('',2,(#3079,#3080,#3081,#3082,#3083,#3084,#3085,#3086,#3087,#3088,#3089,#3090,#3091,#3092,#3093,#3094,#3095,#3096,#3097,#3098,#3099,#3100,#3101,#3102,#3103,#3104,
#3105,#3106,#3107,#3108,#3109,#3110,#3111),.UNSPECIFIED.,.F.,.F.,(3,2,2,2,2,2,2,2,2,2,2,2,2,2,2,2,3),(0.75,0.765625,0.78125,0.796875,0.8125,0.828125,0.84375,0.859375,0.875,0.890625,0.90625,0.921875,0.9375,0.953125,0.96875,0.984375,1.),.UNSPECIFIED.);
#3113=EDGE_CURVE('',#3078,#3038,#3112,.T.);
#3114=ORIENTED_EDGE('',*,*,#3113,.F.);
#3115=CARTESIAN_POINT('',(628.87863907,-153.729122671,129.322174843));
#3116=CARTESIAN_POINT('',(628.878612088,-153.729122671,128.929710047));
#3117=CARTESIAN_POINT('',(628.917161256,-153.729122671,128.538037721));
#3118=CARTESIAN_POINT('',(628.955602681,-153.729122671,128.147460105));
#3119=CARTESIAN_POINT('',(629.032356826,-153.729122671,127.761452267));
#3120=CARTESIAN_POINT('',(629.108896446,-153.729122671,127.376523308));
#3121=CARTESIAN_POINT('',(629.223116384,-153.729122671,126.999897425));
#3122=CARTESIAN_POINT('',(629.33701708,-153.729122671,126.624324199));
#3123=CARTESIAN_POINT('',(629.487602809,-153.729122671,126.260707384));
#3124=CARTESIAN_POINT('',(629.637767657,-153.729122671,125.898106867));
#3125=CARTESIAN_POINT('',(629.823268955,-153.729122671,125.551000949));
#3126=CARTESIAN_POINT('',(630.008251783,-153.729122671,125.20486518));
#3127=CARTESIAN_POINT('',(630.226882171,-153.729122671,124.877612979));
#3128=CARTESIAN_POINT('',(630.444901495,-153.729122671,124.551275436));
#3129=CARTESIAN_POINT('',(630.694555443,-153.729122671,124.24702857));
#3130=CARTESIAN_POINT('',(630.943511616,-153.729122671,123.943632063));
#3131=CARTESIAN_POINT('',(631.22178482,-153.729122671,123.665320594));
#3132=CARTESIAN_POINT('',(631.49928026,-153.729122671,123.387786996));
#3133=CARTESIAN_POINT('',(631.803492796,-153.729122671,123.138091216));
#3134=CARTESIAN_POINT('',(632.106855069,-153.729122671,122.889093328));
#3135=CARTESIAN_POINT('',(632.434077205,-153.729122671,122.670417945));
#3136=CARTESIAN_POINT('',(632.760384767,-153.729122671,122.452353752));
#3137=CARTESIAN_POINT('',(633.107465175,-153.729122671,122.266804728));
#3138=CARTESIAN_POINT('',(633.453575505,-153.729122671,122.081774308));
#3139=CARTESIAN_POINT('',(633.817171611,-153.729122671,121.931138583));
#3140=CARTESIAN_POINT('',(634.179751478,-153.729122671,121.78092388));
#3141=CARTESIAN_POINT('',(634.556361652,-153.729122671,121.666652157));
#3142=CARTESIAN_POINT('',(634.931919213,-153.729122671,121.552699821));
#3143=CARTESIAN_POINT('',(635.317916493,-153.729122671,121.4758926));
#3144=CARTESIAN_POINT('',(635.702834925,-153.729122671,121.399300053));
#3145=CARTESIAN_POINT('',(636.094501947,-153.729122671,121.36069703));
#3146=CARTESIAN_POINT('',(636.485074273,-153.729122671,121.322201901));
#3147=CARTESIAN_POINT('',(636.87863907,-153.729122671,121.322174843));
#3148=CARTESIAN_POINT('',(637.271103866,-153.729122671,121.322147861));
#3149=CARTESIAN_POINT('',(637.662776192,-153.729122671,121.36069703));
#3150=CARTESIAN_POINT('',(638.053353808,-153.729122671,121.399138455));
#3151=CARTESIAN_POINT('',(638.439361646,-153.729122671,121.4758926));
#3152=CARTESIAN_POINT('',(638.824290605,-153.729122671,121.55243222));
#3153=CARTESIAN_POINT('',(639.200916488,-153.729122671,121.666652157));
#3154=CARTESIAN_POINT('',(639.576489714,-153.729122671,121.780552854));
#3155=CARTESIAN_POINT('',(639.940106529,-153.729122671,121.931138583));
#3156=CARTESIAN_POINT('',(640.302707047,-153.729122671,122.08130343));
#3157=CARTESIAN_POINT('',(640.649812964,-153.729122671,122.266804728));
#3158=CARTESIAN_POINT('',(640.995948733,-153.729122671,122.451787557));
#3159=CARTESIAN_POINT('',(641.323200934,-153.729122671,122.670417945));
#3160=CARTESIAN_POINT('',(641.649538476,-153.729122671,122.888437268));
#3161=CARTESIAN_POINT('',(641.953785343,-153.729122671,123.138091216));
#3162=CARTESIAN_POINT('',(642.25718185,-153.729122671,123.38704739));
#3163=CARTESIAN_POINT('',(642.535493319,-153.729122671,123.665320594));
#3164=CARTESIAN_POINT('',(642.813026917,-153.729122671,123.942816033));
#3165=CARTESIAN_POINT('',(643.062722696,-153.729122671,124.24702857));
#3166=CARTESIAN_POINT('',(643.311720585,-153.729122671,124.550390843));
#3167=CARTESIAN_POINT('',(643.530395968,-153.729122671,124.877612979));
#3168=CARTESIAN_POINT('',(643.748460161,-153.729122671,125.203920541));
#3169=CARTESIAN_POINT('',(643.934009184,-153.729122671,125.551000949));
#3170=CARTESIAN_POINT('',(644.119039605,-153.729122671,125.897111279));
#3171=CARTESIAN_POINT('',(644.26967533,-153.729122671,126.260707384));
#3172=CARTESIAN_POINT('',(644.419890033,-153.729122671,126.623287251));
#3173=CARTESIAN_POINT('',(644.534161755,-153.729122671,126.999897425));
#3174=CARTESIAN_POINT('',(644.648114092,-153.729122671,127.375454986));
#3175=CARTESIAN_POINT('',(644.724921313,-153.729122671,127.761452267));
#3176=CARTESIAN_POINT('',(644.80151386,-153.729122671,128.146370699));
#3177=CARTESIAN_POINT('',(644.840116883,-153.729122671,128.538037721));
#3178=CARTESIAN_POINT('',(644.878612012,-153.729122671,128.928610047));
#3179=CARTESIAN_POINT('',(644.87863907,-153.729122671,129.322174843));
#3180=B_SPLINE_CURVE_WITH_KNOTS('',2,(#3115,#3116,#3117,#3118,#3119,#3120,#3121,#3122,#3123,#3124,#3125,#3126,#3127,#3128,#3129,#3130,#3131,#3132,#3133,#3134,#3135,#3136,#3137,#3138,#3139,#3140,
#3141,#3142,#3143,#3144,#3145,#3146,#3147,#3148,#3149,#3150,#3151,#3152,#3153,#3154,#3155,#3156,#3157,#3158,#3159,#3160,#3161,#3162,#3163,#3164,#3165,
#3166,#3167,#3168,#3169,#3170,#3171,#3172,#3173,#3174,#3175,#3176,#3177,#3178,#3179),.UNSPECIFIED.,.F.,.F.,(3,2,2,2,2,2,2,2,2,2,2,2,2,2,2,2,2,2,2,2,2,2,2,2,2,2,
2,2,2,2,2,2,3),(0.25,0.265625,0.28125,0.296875,0.3125,0.328125,0.34375,0.359375,0.375,0.390625,0.40625,0.421875,0.4375,0.453125,0.46875,0.484375,0.5,0.515625,0.53125,0.546875,0.5625,0.578125,0.59375,0.609375,0.625,0.640625,
0.65625,0.671875,0.6875,0.703125,0.71875,0.734375,0.75),.UNSPECIFIED.);
#3181=EDGE_CURVE('',#3040,#3078,#3180,.T.);
#3182=ORIENTED_EDGE('',*,*,#3181,.F.);
#3183=EDGE_LOOP('',(#3076,#3114,#3182));
#3184=FACE_BOUND('',#3183,.T.);
#3185=CARTESIAN_POINT('',(529.235917209,-153.729122671,89.322174843));
#3186=VERTEX_POINT('',#3185);
#3187=CARTESIAN_POINT('',(531.835917209,-153.729122671,91.922174843));
#3188=VERTEX_POINT('',#3187);
#3189=CARTESIAN_POINT('',(531.835917209,-153.729122671,89.322174843));
#3190=DIRECTION('',(-0.,1.,-0.));
#3191=DIRECTION('',(0.,0.,-1.));
#3192=AXIS2_PLACEMENT_3D('',#3189,#3190,#3191);
#3193=CIRCLE('',#3192,2.6);
#3194=EDGE_CURVE('',#3186,#3188,#3193,.T.);
#3195=ORIENTED_EDGE('',*,*,#3194,.T.);
#3196=CARTESIAN_POINT('',(534.435917209,-153.729122671,89.322174843));
#3197=VERTEX_POINT('',#3196);
#3198=CARTESIAN_POINT('',(531.835917209,-153.729122671,89.322174843));
#3199=DIRECTION('',(-0.,1.,-0.));
#3200=DIRECTION('',(0.,0.,-1.));
#3201=AXIS2_PLACEMENT_3D('',#3198,#3199,#3200);
#3202=CIRCLE('',#3201,2.6);
#3203=EDGE_CURVE('',#3188,#3197,#3202,.T.);
#3204=ORIENTED_EDGE('',*,*,#3203,.T.);
#3205=CARTESIAN_POINT('',(531.835917209,-153.729122671,89.322174843));
#3206=DIRECTION('',(-0.,1.,-0.));
#3207=DIRECTION('',(0.,0.,-1.));
#3208=AXIS2_PLACEMENT_3D('',#3205,#3206,#3207);
#3209=CIRCLE('',#3208,2.6);
#3210=EDGE_CURVE('',#3197,#3186,#3209,.T.);
#3211=ORIENTED_EDGE('',*,*,#3210,.T.);
#3212=EDGE_LOOP('',(#3195,#3204,#3211));
#3213=FACE_BOUND('',#3212,.T.);
#3214=CARTESIAN_POINT('',(579.235917209,-153.729122671,149.322174843));
#3215=VERTEX_POINT('',#3214);
#3216=CARTESIAN_POINT('',(581.835917209,-153.729122671,151.922174843));
#3217=VERTEX_POINT('',#3216);
#3218=CARTESIAN_POINT('',(581.835917209,-153.729122671,149.322174843));
#3219=DIRECTION('',(-0.,1.,-0.));
#3220=DIRECTION('',(0.,0.,-1.));
#3221=AXIS2_PLACEMENT_3D('',#3218,#3219,#3220);
#3222=CIRCLE('',#3221,2.6);
#3223=EDGE_CURVE('',#3215,#3217,#3222,.T.);
#3224=ORIENTED_EDGE('',*,*,#3223,.T.);
#3225=CARTESIAN_POINT('',(584.435917209,-153.729122671,149.322174843));
#3226=VERTEX_POINT('',#3225);
#3227=CARTESIAN_POINT('',(581.835917209,-153.729122671,149.322174843));
#3228=DIRECTION('',(-0.,1.,-0.));
#3229=DIRECTION('',(0.,0.,-1.));
#3230=AXIS2_PLACEMENT_3D('',#3227,#3228,#3229);
#3231=CIRCLE('',#3230,2.6);
#3232=EDGE_CURVE('',#3217,#3226,#3231,.T.);
#3233=ORIENTED_EDGE('',*,*,#3232,.T.);
#3234=CARTESIAN_POINT('',(581.835917209,-153.729122671,149.322174843));
#3235=DIRECTION('',(-0.,1.,-0.));
#3236=DIRECTION('',(0.,0.,-1.));
#3237=AXIS2_PLACEMENT_3D('',#3234,#3235,#3236);
#3238=CIRCLE('',#3237,2.6);
#3239=EDGE_CURVE('',#3226,#3215,#3238,.T.);
#3240=ORIENTED_EDGE('',*,*,#3239,.T.);
#3241=EDGE_LOOP('',(#3224,#3233,#3240));
#3242=FACE_BOUND('',#3241,.T.);
#3243=CARTESIAN_POINT('',(554.735917209,-153.729122671,119.322174843));
#3244=VERTEX_POINT('',#3243);
#3245=CARTESIAN_POINT('',(556.835917209,-153.729122671,121.422174843));
#3246=VERTEX_POINT('',#3245);
#3247=CARTESIAN_POINT('',(556.835917209,-153.729122671,119.322174843));
#3248=DIRECTION('',(0.,1.,0.));
#3249=DIRECTION('',(0.,0.,-1.));
#3250=AXIS2_PLACEMENT_3D('',#3247,#3248,#3249);
#3251=CIRCLE('',#3250,2.1);
#3252=EDGE_CURVE('',#3244,#3246,#3251,.T.);
#3253=ORIENTED_EDGE('',*,*,#3252,.T.);
#3254=CARTESIAN_POINT('',(558.935917209,-153.729122671,119.322174843));
#3255=VERTEX_POINT('',#3254);
#3256=CARTESIAN_POINT('',(556.835917209,-153.729122671,119.322174843));
#3257=DIRECTION('',(0.,1.,0.));
#3258=DIRECTION('',(0.,0.,-1.));
#3259=AXIS2_PLACEMENT_3D('',#3256,#3257,#3258);
#3260=CIRCLE('',#3259,2.1);
#3261=EDGE_CURVE('',#3246,#3255,#3260,.T.);
#3262=ORIENTED_EDGE('',*,*,#3261,.T.);
#3263=CARTESIAN_POINT('',(556.835917209,-153.729122671,119.322174843));
#3264=DIRECTION('',(0.,1.,0.));
#3265=DIRECTION('',(0.,0.,-1.));
#3266=AXIS2_PLACEMENT_3D('',#3263,#3264,#3265);
#3267=CIRCLE('',#3266,2.1);
#3268=EDGE_CURVE('',#3255,#3244,#3267,.T.);
#3269=ORIENTED_EDGE('',*,*,#3268,.T.);
#3270=EDGE_LOOP('',(#3253,#3262,#3269));
#3271=FACE_BOUND('',#3270,.T.);
#3272=CARTESIAN_POINT('',(529.235917209,-153.729122671,149.322174843));
#3273=VERTEX_POINT('',#3272);
#3274=CARTESIAN_POINT('',(531.835917209,-153.729122671,151.922174843));
#3275=VERTEX_POINT('',#3274);
#3276=CARTESIAN_POINT('',(531.835917209,-153.729122671,149.322174843));
#3277=DIRECTION('',(-0.,1.,-0.));
#3278=DIRECTION('',(0.,0.,-1.));
#3279=AXIS2_PLACEMENT_3D('',#3276,#3277,#3278);
#3280=CIRCLE('',#3279,2.6);
#3281=EDGE_CURVE('',#3273,#3275,#3280,.T.);
#3282=ORIENTED_EDGE('',*,*,#3281,.T.);
#3283=CARTESIAN_POINT('',(534.435917209,-153.729122671,149.322174843));
#3284=VERTEX_POINT('',#3283);
#3285=CARTESIAN_POINT('',(531.835917209,-153.729122671,149.322174843));
#3286=DIRECTION('',(-0.,1.,-0.));
#3287=DIRECTION('',(0.,0.,-1.));
#3288=AXIS2_PLACEMENT_3D('',#3285,#3286,#3287);
#3289=CIRCLE('',#3288,2.6);
#3290=EDGE_CURVE('',#3275,#3284,#3289,.T.);
#3291=ORIENTED_EDGE('',*,*,#3290,.T.);
#3292=CARTESIAN_POINT('',(531.835917209,-153.729122671,149.322174843));
#3293=DIRECTION('',(-0.,1.,-0.));
#3294=DIRECTION('',(0.,0.,-1.));
#3295=AXIS2_PLACEMENT_3D('',#3292,#3293,#3294);
#3296=CIRCLE('',#3295,2.6);
#3297=EDGE_CURVE('',#3284,#3273,#3296,.T.);
#3298=ORIENTED_EDGE('',*,*,#3297,.T.);
#3299=EDGE_LOOP('',(#3282,#3291,#3298));
#3300=FACE_BOUND('',#3299,.T.);
#3301=CARTESIAN_POINT('',(578.235917209,-153.729122671,119.222174843));
#3302=VERTEX_POINT('',#3301);
#3303=CARTESIAN_POINT('',(580.835917209,-153.729122671,121.822174843));
#3304=VERTEX_POINT('',#3303);
#3305=CARTESIAN_POINT('',(580.835917209,-153.729122671,119.222174843));
#3306=DIRECTION('',(-0.,1.,-0.));
#3307=DIRECTION('',(0.,0.,-1.));
#3308=AXIS2_PLACEMENT_3D('',#3305,#3306,#3307);
#3309=CIRCLE('',#3308,2.6);
#3310=EDGE_CURVE('',#3302,#3304,#3309,.T.);
#3311=ORIENTED_EDGE('',*,*,#3310,.T.);
#3312=CARTESIAN_POINT('',(583.435917209,-153.729122671,119.222174843));
#3313=VERTEX_POINT('',#3312);
#3314=CARTESIAN_POINT('',(580.835917209,-153.729122671,119.222174843));
#3315=DIRECTION('',(-0.,1.,-0.));
#3316=DIRECTION('',(0.,0.,-1.));
#3317=AXIS2_PLACEMENT_3D('',#3314,#3315,#3316);
#3318=CIRCLE('',#3317,2.6);
#3319=EDGE_CURVE('',#3304,#3313,#3318,.T.);
#3320=ORIENTED_EDGE('',*,*,#3319,.T.);
#3321=CARTESIAN_POINT('',(580.835917209,-153.729122671,119.222174843));
#3322=DIRECTION('',(-0.,1.,-0.));
#3323=DIRECTION('',(0.,0.,-1.));
#3324=AXIS2_PLACEMENT_3D('',#3321,#3322,#3323);
#3325=CIRCLE('',#3324,2.6);
#3326=EDGE_CURVE('',#3313,#3302,#3325,.T.);
#3327=ORIENTED_EDGE('',*,*,#3326,.T.);
#3328=EDGE_LOOP('',(#3311,#3320,#3327));
#3329=FACE_BOUND('',#3328,.T.);
#3330=CARTESIAN_POINT('',(554.135917209,-153.729122671,95.322174843));
#3331=VERTEX_POINT('',#3330);
#3332=CARTESIAN_POINT('',(556.735917209,-153.729122671,97.922174843));
#3333=VERTEX_POINT('',#3332);
#3334=CARTESIAN_POINT('',(556.735917209,-153.729122671,95.322174843));
#3335=DIRECTION('',(-0.,1.,-0.));
#3336=DIRECTION('',(0.,0.,-1.));
#3337=AXIS2_PLACEMENT_3D('',#3334,#3335,#3336);
#3338=CIRCLE('',#3337,2.6);
#3339=EDGE_CURVE('',#3331,#3333,#3338,.T.);
#3340=ORIENTED_EDGE('',*,*,#3339,.T.);
#3341=CARTESIAN_POINT('',(559.335917209,-153.729122671,95.322174843));
#3342=VERTEX_POINT('',#3341);
#3343=CARTESIAN_POINT('',(556.735917209,-153.729122671,95.322174843));
#3344=DIRECTION('',(-0.,1.,-0.));
#3345=DIRECTION('',(0.,0.,-1.));
#3346=AXIS2_PLACEMENT_3D('',#3343,#3344,#3345);
#3347=CIRCLE('',#3346,2.6);
#3348=EDGE_CURVE('',#3333,#3342,#3347,.T.);
#3349=ORIENTED_EDGE('',*,*,#3348,.T.);
#3350=CARTESIAN_POINT('',(556.735917209,-153.729122671,95.322174843));
#3351=DIRECTION('',(-0.,1.,-0.));
#3352=DIRECTION('',(0.,0.,-1.));
#3353=AXIS2_PLACEMENT_3D('',#3350,#3351,#3352);
#3354=CIRCLE('',#3353,2.6);
#3355=EDGE_CURVE('',#3342,#3331,#3354,.T.);
#3356=ORIENTED_EDGE('',*,*,#3355,.T.);
#3357=EDGE_LOOP('',(#3340,#3349,#3356));
#3358=FACE_BOUND('',#3357,.T.);
#3359=CARTESIAN_POINT('',(554.335917209,-153.729122671,143.322174843));
#3360=VERTEX_POINT('',#3359);
#3361=CARTESIAN_POINT('',(556.935917209,-153.729122671,145.922174843));
#3362=VERTEX_POINT('',#3361);
#3363=CARTESIAN_POINT('',(556.935917209,-153.729122671,143.322174843));
#3364=DIRECTION('',(-0.,1.,-0.));
#3365=DIRECTION('',(0.,0.,-1.));
#3366=AXIS2_PLACEMENT_3D('',#3363,#3364,#3365);
#3367=CIRCLE('',#3366,2.6);
#3368=EDGE_CURVE('',#3360,#3362,#3367,.T.);
#3369=ORIENTED_EDGE('',*,*,#3368,.T.);
#3370=CARTESIAN_POINT('',(559.535917209,-153.729122671,143.322174843));
#3371=VERTEX_POINT('',#3370);
#3372=CARTESIAN_POINT('',(556.935917209,-153.729122671,143.322174843));
#3373=DIRECTION('',(-0.,1.,-0.));
#3374=DIRECTION('',(0.,0.,-1.));
#3375=AXIS2_PLACEMENT_3D('',#3372,#3373,#3374);
#3376=CIRCLE('',#3375,2.6);
#3377=EDGE_CURVE('',#3362,#3371,#3376,.T.);
#3378=ORIENTED_EDGE('',*,*,#3377,.T.);
#3379=CARTESIAN_POINT('',(556.935917209,-153.729122671,143.322174843));
#3380=DIRECTION('',(-0.,1.,-0.));
#3381=DIRECTION('',(0.,0.,-1.));
#3382=AXIS2_PLACEMENT_3D('',#3379,#3380,#3381);
#3383=CIRCLE('',#3382,2.6);
#3384=EDGE_CURVE('',#3371,#3360,#3383,.T.);
#3385=ORIENTED_EDGE('',*,*,#3384,.T.);
#3386=EDGE_LOOP('',(#3369,#3378,#3385));
#3387=FACE_BOUND('',#3386,.T.);
#3388=CARTESIAN_POINT('',(775.52136093,-153.729122671,119.222174843));
#3389=VERTEX_POINT('',#3388);
#3390=CARTESIAN_POINT('',(772.92136093,-153.729122671,121.822174843));
#3391=VERTEX_POINT('',#3390);
#3392=CARTESIAN_POINT('',(772.92136093,-153.729122671,119.222174843));
#3393=DIRECTION('',(0.,-1.,0.));
#3394=DIRECTION('',(0.,0.,-1.));
#3395=AXIS2_PLACEMENT_3D('',#3392,#3393,#3394);
#3396=CIRCLE('',#3395,2.6);
#3397=EDGE_CURVE('',#3389,#3391,#3396,.T.);
#3398=ORIENTED_EDGE('',*,*,#3397,.F.);
#3399=CARTESIAN_POINT('',(770.32136093,-153.729122671,119.222174843));
#3400=VERTEX_POINT('',#3399);
#3401=CARTESIAN_POINT('',(772.92136093,-153.729122671,119.222174843));
#3402=DIRECTION('',(0.,-1.,0.));
#3403=DIRECTION('',(0.,0.,-1.));
#3404=AXIS2_PLACEMENT_3D('',#3401,#3402,#3403);
#3405=CIRCLE('',#3404,2.6);
#3406=EDGE_CURVE('',#3400,#3389,#3405,.T.);
#3407=ORIENTED_EDGE('',*,*,#3406,.F.);
#3408=CARTESIAN_POINT('',(772.92136093,-153.729122671,119.222174843));
#3409=DIRECTION('',(0.,-1.,0.));
#3410=DIRECTION('',(0.,0.,-1.));
#3411=AXIS2_PLACEMENT_3D('',#3408,#3409,#3410);
#3412=CIRCLE('',#3411,2.6);
#3413=EDGE_CURVE('',#3391,#3400,#3412,.T.);
#3414=ORIENTED_EDGE('',*,*,#3413,.F.);
#3415=EDGE_LOOP('',(#3398,#3407,#3414));
#3416=FACE_BOUND('',#3415,.T.);
#3417=CARTESIAN_POINT('',(745.947564079,-153.729122671,171.732102801));
#3418=VERTEX_POINT('',#3417);
#3419=CARTESIAN_POINT('',(745.947564079,-153.729122671,167.732102801));
#3420=VERTEX_POINT('',#3419);
#3421=CARTESIAN_POINT('',(745.947564079,-153.729122671,171.732102801));
#3422=DIRECTION('',(0.,0.,-1.));
#3423=VECTOR('',#3422,4.);
#3424=LINE('',#3421,#3423);
#3425=EDGE_CURVE('',#3418,#3420,#3424,.T.);
#3426=ORIENTED_EDGE('',*,*,#3425,.T.);
#3427=CARTESIAN_POINT('',(742.947564079,-153.729122671,164.732102801));
#3428=VERTEX_POINT('',#3427);
#3429=CARTESIAN_POINT('',(742.947564079,-153.729122671,167.732102801));
#3430=DIRECTION('',(-0.,1.,-0.));
#3431=DIRECTION('',(0.,0.,-1.));
#3432=AXIS2_PLACEMENT_3D('',#3429,#3430,#3431);
#3433=CIRCLE('',#3432,3.);
#3434=EDGE_CURVE('',#3420,#3428,#3433,.T.);
#3435=ORIENTED_EDGE('',*,*,#3434,.T.);
#3436=CARTESIAN_POINT('',(718.947564079,-153.729122671,164.732102801));
#3437=VERTEX_POINT('',#3436);
#3438=CARTESIAN_POINT('',(742.947564079,-153.729122671,164.732102801));
#3439=DIRECTION('',(-1.,0.,0.));
#3440=VECTOR('',#3439,24.);
#3441=LINE('',#3438,#3440);
#3442=EDGE_CURVE('',#3428,#3437,#3441,.T.);
#3443=ORIENTED_EDGE('',*,*,#3442,.T.);
#3444=CARTESIAN_POINT('',(715.947564079,-153.729122671,167.732102801));
#3445=VERTEX_POINT('',#3444);
#3446=CARTESIAN_POINT('',(718.947564079,-153.729122671,167.732102801));
#3447=DIRECTION('',(-0.,1.,-0.));
#3448=DIRECTION('',(0.,0.,-1.));
#3449=AXIS2_PLACEMENT_3D('',#3446,#3447,#3448);
#3450=CIRCLE('',#3449,3.);
#3451=EDGE_CURVE('',#3437,#3445,#3450,.T.);
#3452=ORIENTED_EDGE('',*,*,#3451,.T.);
#3453=CARTESIAN_POINT('',(715.947564079,-153.729122671,171.732102801));
#3454=VERTEX_POINT('',#3453);
#3455=CARTESIAN_POINT('',(715.947564079,-153.729122671,167.732102801));
#3456=DIRECTION('',(0.,0.,1.));
#3457=VECTOR('',#3456,4.);
#3458=LINE('',#3455,#3457);
#3459=EDGE_CURVE('',#3445,#3454,#3458,.T.);
#3460=ORIENTED_EDGE('',*,*,#3459,.T.);
#3461=CARTESIAN_POINT('',(718.947564079,-153.729122671,174.732102801));
#3462=VERTEX_POINT('',#3461);
#3463=CARTESIAN_POINT('',(718.947564079,-153.729122671,171.732102801));
#3464=DIRECTION('',(-0.,1.,-0.));
#3465=DIRECTION('',(0.,0.,-1.));
#3466=AXIS2_PLACEMENT_3D('',#3463,#3464,#3465);
#3467=CIRCLE('',#3466,3.);
#3468=EDGE_CURVE('',#3454,#3462,#3467,.T.);
#3469=ORIENTED_EDGE('',*,*,#3468,.T.);
#3470=CARTESIAN_POINT('',(742.947564079,-153.729122671,174.732102801));
#3471=VERTEX_POINT('',#3470);
#3472=CARTESIAN_POINT('',(718.947564079,-153.729122671,174.732102801));
#3473=DIRECTION('',(1.,0.,-0.));
#3474=VECTOR('',#3473,24.);
#3475=LINE('',#3472,#3474);
#3476=EDGE_CURVE('',#3462,#3471,#3475,.T.);
#3477=ORIENTED_EDGE('',*,*,#3476,.T.);
#3478=CARTESIAN_POINT('',(742.947564079,-153.729122671,171.732102801));
#3479=DIRECTION('',(-0.,1.,-0.));
#3480=DIRECTION('',(0.,0.,-1.));
#3481=AXIS2_PLACEMENT_3D('',#3478,#3479,#3480);
#3482=CIRCLE('',#3481,3.);
#3483=EDGE_CURVE('',#3471,#3418,#3482,.T.);
#3484=ORIENTED_EDGE('',*,*,#3483,.T.);
#3485=EDGE_LOOP('',(#3426,#3435,#3443,#3452,#3460,#3469,#3477,#3484));
#3486=FACE_BOUND('',#3485,.T.);
#3487=CARTESIAN_POINT('',(717.415978631,-153.729122671,32.500668673));
#3488=VERTEX_POINT('',#3487);
#3489=CARTESIAN_POINT('',(717.415978631,-153.729122671,95.606446091));
#3490=VERTEX_POINT('',#3489);
#3491=CARTESIAN_POINT('',(717.415978631,-153.729122671,32.500668673));
#3492=DIRECTION('',(0.,0.,1.));
#3493=VECTOR('',#3492,63.105777418);
#3494=LINE('',#3491,#3493);
#3495=EDGE_CURVE('',#3488,#3490,#3494,.T.);
#3496=ORIENTED_EDGE('',*,*,#3495,.T.);
#3497=CARTESIAN_POINT('',(719.415978631,-153.729122671,97.606446091));
#3498=VERTEX_POINT('',#3497);
#3499=CARTESIAN_POINT('',(719.415978631,-153.729122671,95.606446091));
#3500=DIRECTION('',(-0.,1.,-0.));
#3501=DIRECTION('',(0.,0.,-1.));
#3502=AXIS2_PLACEMENT_3D('',#3499,#3500,#3501);
#3503=CIRCLE('',#3502,2.);
#3504=EDGE_CURVE('',#3490,#3498,#3503,.T.);
#3505=ORIENTED_EDGE('',*,*,#3504,.T.);
#3506=CARTESIAN_POINT('',(724.341299508,-153.729122671,97.606446091));
#3507=VERTEX_POINT('',#3506);
#3508=CARTESIAN_POINT('',(719.415978631,-153.729122671,97.606446091));
#3509=DIRECTION('',(1.,0.,-0.));
#3510=VECTOR('',#3509,4.925320877);
#3511=LINE('',#3508,#3510);
#3512=EDGE_CURVE('',#3498,#3507,#3511,.T.);
#3513=ORIENTED_EDGE('',*,*,#3512,.T.);
#3514=CARTESIAN_POINT('',(726.341299508,-153.729122671,95.606446091));
#3515=VERTEX_POINT('',#3514);
#3516=CARTESIAN_POINT('',(724.341299508,-153.729122671,95.606446091));
#3517=DIRECTION('',(-0.,1.,-0.));
#3518=DIRECTION('',(0.,0.,-1.));
#3519=AXIS2_PLACEMENT_3D('',#3516,#3517,#3518);
#3520=CIRCLE('',#3519,2.);
#3521=EDGE_CURVE('',#3507,#3515,#3520,.T.);
#3522=ORIENTED_EDGE('',*,*,#3521,.T.);
#3523=CARTESIAN_POINT('',(726.341299508,-153.729122671,32.500668673));
#3524=VERTEX_POINT('',#3523);
#3525=CARTESIAN_POINT('',(726.341299508,-153.729122671,95.606446091));
#3526=DIRECTION('',(0.,0.,-1.));
#3527=VECTOR('',#3526,63.105777418);
#3528=LINE('',#3525,#3527);
#3529=EDGE_CURVE('',#3515,#3524,#3528,.T.);
#3530=ORIENTED_EDGE('',*,*,#3529,.T.);
#3531=CARTESIAN_POINT('',(724.341299508,-153.729122671,30.500668673));
#3532=VERTEX_POINT('',#3531);
#3533=CARTESIAN_POINT('',(724.341299508,-153.729122671,32.500668673));
#3534=DIRECTION('',(-0.,1.,-0.));
#3535=DIRECTION('',(0.,0.,-1.));
#3536=AXIS2_PLACEMENT_3D('',#3533,#3534,#3535);
#3537=CIRCLE('',#3536,2.);
#3538=EDGE_CURVE('',#3524,#3532,#3537,.T.);
#3539=ORIENTED_EDGE('',*,*,#3538,.T.);
#3540=CARTESIAN_POINT('',(719.415978631,-153.729122671,30.500668673));
#3541=VERTEX_POINT('',#3540);
#3542=CARTESIAN_POINT('',(724.341299508,-153.729122671,30.500668673));
#3543=DIRECTION('',(-1.,0.,0.));
#3544=VECTOR('',#3543,4.925320877);
#3545=LINE('',#3542,#3544);
#3546=EDGE_CURVE('',#3532,#3541,#3545,.T.);
#3547=ORIENTED_EDGE('',*,*,#3546,.T.);
#3548=CARTESIAN_POINT('',(719.415978631,-153.729122671,32.500668673));
#3549=DIRECTION('',(-0.,1.,-0.));
#3550=DIRECTION('',(0.,0.,-1.));
#3551=AXIS2_PLACEMENT_3D('',#3548,#3549,#3550);
#3552=CIRCLE('',#3551,2.);
#3553=EDGE_CURVE('',#3541,#3488,#3552,.T.);
#3554=ORIENTED_EDGE('',*,*,#3553,.T.);
#3555=EDGE_LOOP('',(#3496,#3505,#3513,#3522,#3530,#3539,#3547,#3554));
#3556=FACE_BOUND('',#3555,.T.);
#3557=CARTESIAN_POINT('',(636.341299508,-153.729122671,95.606446091));
#3558=VERTEX_POINT('',#3557);
#3559=CARTESIAN_POINT('',(636.341299508,-153.729122671,32.500668673));
#3560=VERTEX_POINT('',#3559);
#3561=CARTESIAN_POINT('',(636.341299508,-153.729122671,95.606446091));
#3562=DIRECTION('',(0.,0.,-1.));
#3563=VECTOR('',#3562,63.105777418);
#3564=LINE('',#3561,#3563);
#3565=EDGE_CURVE('',#3558,#3560,#3564,.T.);
#3566=ORIENTED_EDGE('',*,*,#3565,.T.);
#3567=CARTESIAN_POINT('',(634.341299508,-153.729122671,30.500668673));
#3568=VERTEX_POINT('',#3567);
#3569=CARTESIAN_POINT('',(634.341299508,-153.729122671,32.500668673));
#3570=DIRECTION('',(-0.,1.,-0.));
#3571=DIRECTION('',(0.,0.,-1.));
#3572=AXIS2_PLACEMENT_3D('',#3569,#3570,#3571);
#3573=CIRCLE('',#3572,2.);
#3574=EDGE_CURVE('',#3560,#3568,#3573,.T.);
#3575=ORIENTED_EDGE('',*,*,#3574,.T.);
#3576=CARTESIAN_POINT('',(629.415978631,-153.729122671,30.500668673));
#3577=VERTEX_POINT('',#3576);
#3578=CARTESIAN_POINT('',(634.341299508,-153.729122671,30.500668673));
#3579=DIRECTION('',(-1.,-0.,0.));
#3580=VECTOR('',#3579,4.925320877);
#3581=LINE('',#3578,#3580);
#3582=EDGE_CURVE('',#3568,#3577,#3581,.T.);
#3583=ORIENTED_EDGE('',*,*,#3582,.T.);
#3584=CARTESIAN_POINT('',(627.415978631,-153.729122671,32.500668673));
#3585=VERTEX_POINT('',#3584);
#3586=CARTESIAN_POINT('',(629.415978631,-153.729122671,32.500668673));
#3587=DIRECTION('',(-0.,1.,-0.));
#3588=DIRECTION('',(0.,0.,-1.));
#3589=AXIS2_PLACEMENT_3D('',#3586,#3587,#3588);
#3590=CIRCLE('',#3589,2.);
#3591=EDGE_CURVE('',#3577,#3585,#3590,.T.);
#3592=ORIENTED_EDGE('',*,*,#3591,.T.);
#3593=CARTESIAN_POINT('',(627.415978631,-153.729122671,95.606446091));
#3594=VERTEX_POINT('',#3593);
#3595=CARTESIAN_POINT('',(627.415978631,-153.729122671,32.500668673));
#3596=DIRECTION('',(-0.,-0.,1.));
#3597=VECTOR('',#3596,63.105777418);
#3598=LINE('',#3595,#3597);
#3599=EDGE_CURVE('',#3585,#3594,#3598,.T.);
#3600=ORIENTED_EDGE('',*,*,#3599,.T.);
#3601=CARTESIAN_POINT('',(629.415978631,-153.729122671,97.606446091));
#3602=VERTEX_POINT('',#3601);
#3603=CARTESIAN_POINT('',(629.415978631,-153.729122671,95.606446091));
#3604=DIRECTION('',(-0.,1.,-0.));
#3605=DIRECTION('',(0.,0.,-1.));
#3606=AXIS2_PLACEMENT_3D('',#3603,#3604,#3605);
#3607=CIRCLE('',#3606,2.);
#3608=EDGE_CURVE('',#3594,#3602,#3607,.T.);
#3609=ORIENTED_EDGE('',*,*,#3608,.T.);
#3610=CARTESIAN_POINT('',(634.341299508,-153.729122671,97.606446091));
#3611=VERTEX_POINT('',#3610);
#3612=CARTESIAN_POINT('',(629.415978631,-153.729122671,97.606446091));
#3613=DIRECTION('',(1.,0.,-0.));
#3614=VECTOR('',#3613,4.925320877);
#3615=LINE('',#3612,#3614);
#3616=EDGE_CURVE('',#3602,#3611,#3615,.T.);
#3617=ORIENTED_EDGE('',*,*,#3616,.T.);
#3618=CARTESIAN_POINT('',(634.341299508,-153.729122671,95.606446091));
#3619=DIRECTION('',(-0.,1.,-0.));
#3620=DIRECTION('',(0.,0.,-1.));
#3621=AXIS2_PLACEMENT_3D('',#3618,#3619,#3620);
#3622=CIRCLE('',#3621,2.);
#3623=EDGE_CURVE('',#3611,#3558,#3622,.T.);
#3624=ORIENTED_EDGE('',*,*,#3623,.T.);
#3625=EDGE_LOOP('',(#3566,#3575,#3583,#3592,#3600,#3609,#3617,#3624));
#3626=FACE_BOUND('',#3625,.T.);
#3627=CARTESIAN_POINT('',(676.87863907,-153.729122671,171.322174843));
#3628=VERTEX_POINT('',#3627);
#3629=CARTESIAN_POINT('',(671.87863907,-153.729122671,176.322174843));
#3630=VERTEX_POINT('',#3629);
#3631=CARTESIAN_POINT('',(676.87863907,-153.729122671,176.322174843));
#3632=DIRECTION('',(-0.,1.,-0.));
#3633=DIRECTION('',(0.,0.,-1.));
#3634=AXIS2_PLACEMENT_3D('',#3631,#3632,#3633);
#3635=CIRCLE('',#3634,5.);
#3636=EDGE_CURVE('NONE',#3628,#3630,#3635,.T.);
#3637=ORIENTED_EDGE('',*,*,#3636,.T.);
#3638=CARTESIAN_POINT('',(681.87863907,-153.729122671,176.322174843));
#3639=VERTEX_POINT('',#3638);
#3640=CARTESIAN_POINT('',(676.87863907,-153.729122671,176.322174843));
#3641=DIRECTION('',(-0.,1.,-0.));
#3642=DIRECTION('',(0.,0.,-1.));
#3643=AXIS2_PLACEMENT_3D('',#3640,#3641,#3642);
#3644=CIRCLE('',#3643,5.);
#3645=EDGE_CURVE('',#3630,#3639,#3644,.T.);
#3646=ORIENTED_EDGE('',*,*,#3645,.T.);
#3647=CARTESIAN_POINT('',(676.87863907,-153.729122671,176.322174843));
#3648=DIRECTION('',(-0.,1.,-0.));
#3649=DIRECTION('',(0.,0.,-1.));
#3650=AXIS2_PLACEMENT_3D('',#3647,#3648,#3649);
#3651=CIRCLE('',#3650,5.);
#3652=EDGE_CURVE('',#3639,#3628,#3651,.T.);
#3653=ORIENTED_EDGE('',*,*,#3652,.T.);
#3654=EDGE_LOOP('',(#3637,#3646,#3653));
#3655=FACE_BOUND('',#3654,.T.);
#3656=CARTESIAN_POINT('',(636.87863907,-153.729122671,108.722174843));
#3657=VERTEX_POINT('',#3656);
#3658=CARTESIAN_POINT('',(634.77863907,-153.729122671,110.822174843));
#3659=VERTEX_POINT('',#3658);
#3660=CARTESIAN_POINT('',(636.87863907,-153.729122671,110.822174843));
#3661=DIRECTION('',(-0.,1.,-0.));
#3662=DIRECTION('',(0.,0.,-1.));
#3663=AXIS2_PLACEMENT_3D('',#3660,#3661,#3662);
#3664=CIRCLE('',#3663,2.1);
#3665=EDGE_CURVE('NONE',#3657,#3659,#3664,.T.);
#3666=ORIENTED_EDGE('',*,*,#3665,.T.);
#3667=CARTESIAN_POINT('',(638.97863907,-153.729122671,110.822174843));
#3668=VERTEX_POINT('',#3667);
#3669=CARTESIAN_POINT('',(636.87863907,-153.729122671,110.822174843));
#3670=DIRECTION('',(-0.,1.,-0.));
#3671=DIRECTION('',(0.,0.,-1.));
#3672=AXIS2_PLACEMENT_3D('',#3669,#3670,#3671);
#3673=CIRCLE('',#3672,2.1);
#3674=EDGE_CURVE('',#3659,#3668,#3673,.T.);
#3675=ORIENTED_EDGE('',*,*,#3674,.T.);
#3676=CARTESIAN_POINT('',(636.87863907,-153.729122671,110.822174843));
#3677=DIRECTION('',(-0.,1.,-0.));
#3678=DIRECTION('',(0.,0.,-1.));
#3679=AXIS2_PLACEMENT_3D('',#3676,#3677,#3678);
#3680=CIRCLE('',#3679,2.1);
#3681=EDGE_CURVE('',#3668,#3657,#3680,.T.);
#3682=ORIENTED_EDGE('',*,*,#3681,.T.);
#3683=EDGE_LOOP('',(#3666,#3675,#3682));
#3684=FACE_BOUND('',#3683,.T.);
#3685=CARTESIAN_POINT('',(716.87863907,-153.729122671,108.722174843));
#3686=VERTEX_POINT('',#3685);
#3687=CARTESIAN_POINT('',(714.77863907,-153.729122671,110.822174843));
#3688=VERTEX_POINT('',#3687);
#3689=CARTESIAN_POINT('',(716.87863907,-153.729122671,110.822174843));
#3690=DIRECTION('',(-0.,1.,-0.));
#3691=DIRECTION('',(0.,0.,-1.));
#3692=AXIS2_PLACEMENT_3D('',#3689,#3690,#3691);
#3693=CIRCLE('',#3692,2.1);
#3694=EDGE_CURVE('NONE',#3686,#3688,#3693,.T.);
#3695=ORIENTED_EDGE('',*,*,#3694,.T.);
#3696=CARTESIAN_POINT('',(718.97863907,-153.729122671,110.822174843));
#3697=VERTEX_POINT('',#3696);
#3698=CARTESIAN_POINT('',(716.87863907,-153.729122671,110.822174843));
#3699=DIRECTION('',(-0.,1.,-0.));
#3700=DIRECTION('',(0.,0.,-1.));
#3701=AXIS2_PLACEMENT_3D('',#3698,#3699,#3700);
#3702=CIRCLE('',#3701,2.1);
#3703=EDGE_CURVE('',#3688,#3697,#3702,.T.);
#3704=ORIENTED_EDGE('',*,*,#3703,.T.);
#3705=CARTESIAN_POINT('',(716.87863907,-153.729122671,110.822174843));
#3706=DIRECTION('',(-0.,1.,-0.));
#3707=DIRECTION('',(0.,0.,-1.));
#3708=AXIS2_PLACEMENT_3D('',#3705,#3706,#3707);
#3709=CIRCLE('',#3708,2.1);
#3710=EDGE_CURVE('',#3697,#3686,#3709,.T.);
#3711=ORIENTED_EDGE('',*,*,#3710,.T.);
#3712=EDGE_LOOP('',(#3695,#3704,#3711));
#3713=FACE_BOUND('',#3712,.T.);
#3714=CARTESIAN_POINT('',(596.87863907,-153.729122671,44.722174843));
#3715=VERTEX_POINT('',#3714);
#3716=CARTESIAN_POINT('',(594.27863907,-153.729122671,47.322174843));
#3717=VERTEX_POINT('',#3716);
#3718=CARTESIAN_POINT('',(596.87863907,-153.729122671,47.322174843));
#3719=DIRECTION('',(-0.,1.,-0.));
#3720=DIRECTION('',(0.,0.,-1.));
#3721=AXIS2_PLACEMENT_3D('',#3718,#3719,#3720);
#3722=CIRCLE('',#3721,2.6);
#3723=EDGE_CURVE('NONE',#3715,#3717,#3722,.T.);
#3724=ORIENTED_EDGE('',*,*,#3723,.T.);
#3725=CARTESIAN_POINT('',(599.47863907,-153.729122671,47.322174843));
#3726=VERTEX_POINT('',#3725);
#3727=CARTESIAN_POINT('',(596.87863907,-153.729122671,47.322174843));
#3728=DIRECTION('',(-0.,1.,-0.));
#3729=DIRECTION('',(0.,0.,-1.));
#3730=AXIS2_PLACEMENT_3D('',#3727,#3728,#3729);
#3731=CIRCLE('',#3730,2.6);
#3732=EDGE_CURVE('',#3717,#3726,#3731,.T.);
#3733=ORIENTED_EDGE('',*,*,#3732,.T.);
#3734=CARTESIAN_POINT('',(596.87863907,-153.729122671,47.322174843));
#3735=DIRECTION('',(-0.,1.,-0.));
#3736=DIRECTION('',(0.,0.,-1.));
#3737=AXIS2_PLACEMENT_3D('',#3734,#3735,#3736);
#3738=CIRCLE('',#3737,2.6);
#3739=EDGE_CURVE('',#3726,#3715,#3738,.T.);
#3740=ORIENTED_EDGE('',*,*,#3739,.T.);
#3741=EDGE_LOOP('',(#3724,#3733,#3740));
#3742=FACE_BOUND('',#3741,.T.);
#3743=CARTESIAN_POINT('',(655.87863907,-153.729122671,161.722174843));
#3744=VERTEX_POINT('',#3743);
#3745=CARTESIAN_POINT('',(653.27863907,-153.729122671,164.322174843));
#3746=VERTEX_POINT('',#3745);
#3747=CARTESIAN_POINT('',(655.87863907,-153.729122671,164.322174843));
#3748=DIRECTION('',(-0.,1.,-0.));
#3749=DIRECTION('',(0.,0.,-1.));
#3750=AXIS2_PLACEMENT_3D('',#3747,#3748,#3749);
#3751=CIRCLE('',#3750,2.6);
#3752=EDGE_CURVE('NONE',#3744,#3746,#3751,.T.);
#3753=ORIENTED_EDGE('',*,*,#3752,.T.);
#3754=CARTESIAN_POINT('',(658.47863907,-153.729122671,164.322174843));
#3755=VERTEX_POINT('',#3754);
#3756=CARTESIAN_POINT('',(655.87863907,-153.729122671,164.322174843));
#3757=DIRECTION('',(-0.,1.,-0.));
#3758=DIRECTION('',(0.,0.,-1.));
#3759=AXIS2_PLACEMENT_3D('',#3756,#3757,#3758);
#3760=CIRCLE('',#3759,2.6);
#3761=EDGE_CURVE('',#3746,#3755,#3760,.T.);
#3762=ORIENTED_EDGE('',*,*,#3761,.T.);
#3763=CARTESIAN_POINT('',(655.87863907,-153.729122671,164.322174843));
#3764=DIRECTION('',(-0.,1.,-0.));
#3765=DIRECTION('',(0.,0.,-1.));
#3766=AXIS2_PLACEMENT_3D('',#3763,#3764,#3765);
#3767=CIRCLE('',#3766,2.6);
#3768=EDGE_CURVE('',#3755,#3744,#3767,.T.);
#3769=ORIENTED_EDGE('',*,*,#3768,.T.);
#3770=EDGE_LOOP('',(#3753,#3762,#3769));
#3771=FACE_BOUND('',#3770,.T.);
#3772=CARTESIAN_POINT('',(697.87863907,-153.729122671,161.722174843));
#3773=VERTEX_POINT('',#3772);
#3774=CARTESIAN_POINT('',(695.27863907,-153.729122671,164.322174843));
#3775=VERTEX_POINT('',#3774);
#3776=CARTESIAN_POINT('',(697.87863907,-153.729122671,164.322174843));
#3777=DIRECTION('',(-0.,1.,-0.));
#3778=DIRECTION('',(0.,0.,-1.));
#3779=AXIS2_PLACEMENT_3D('',#3776,#3777,#3778);
#3780=CIRCLE('',#3779,2.6);
#3781=EDGE_CURVE('NONE',#3773,#3775,#3780,.T.);
#3782=ORIENTED_EDGE('',*,*,#3781,.T.);
#3783=CARTESIAN_POINT('',(700.47863907,-153.729122671,164.322174843));
#3784=VERTEX_POINT('',#3783);
#3785=CARTESIAN_POINT('',(697.87863907,-153.729122671,164.322174843));
#3786=DIRECTION('',(-0.,1.,-0.));
#3787=DIRECTION('',(0.,0.,-1.));
#3788=AXIS2_PLACEMENT_3D('',#3785,#3786,#3787);
#3789=CIRCLE('',#3788,2.6);
#3790=EDGE_CURVE('',#3775,#3784,#3789,.T.);
#3791=ORIENTED_EDGE('',*,*,#3790,.T.);
#3792=CARTESIAN_POINT('',(697.87863907,-153.729122671,164.322174843));
#3793=DIRECTION('',(-0.,1.,-0.));
#3794=DIRECTION('',(0.,0.,-1.));
#3795=AXIS2_PLACEMENT_3D('',#3792,#3793,#3794);
#3796=CIRCLE('',#3795,2.6);
#3797=EDGE_CURVE('',#3784,#3773,#3796,.T.);
#3798=ORIENTED_EDGE('',*,*,#3797,.T.);
#3799=EDGE_LOOP('',(#3782,#3791,#3798));
#3800=FACE_BOUND('',#3799,.T.);
#3801=CARTESIAN_POINT('',(756.87863907,-153.729122671,86.722174843));
#3802=VERTEX_POINT('',#3801);
#3803=CARTESIAN_POINT('',(754.27863907,-153.729122671,89.322174843));
#3804=VERTEX_POINT('',#3803);
#3805=CARTESIAN_POINT('',(756.87863907,-153.729122671,89.322174843));
#3806=DIRECTION('',(-0.,1.,-0.));
#3807=DIRECTION('',(0.,0.,-1.));
#3808=AXIS2_PLACEMENT_3D('',#3805,#3806,#3807);
#3809=CIRCLE('',#3808,2.6);
#3810=EDGE_CURVE('NONE',#3802,#3804,#3809,.T.);
#3811=ORIENTED_EDGE('',*,*,#3810,.T.);
#3812=CARTESIAN_POINT('',(759.47863907,-153.729122671,89.322174843));
#3813=VERTEX_POINT('',#3812);
#3814=CARTESIAN_POINT('',(756.87863907,-153.729122671,89.322174843));
#3815=DIRECTION('',(-0.,1.,-0.));
#3816=DIRECTION('',(0.,0.,-1.));
#3817=AXIS2_PLACEMENT_3D('',#3814,#3815,#3816);
#3818=CIRCLE('',#3817,2.6);
#3819=EDGE_CURVE('',#3804,#3813,#3818,.T.);
#3820=ORIENTED_EDGE('',*,*,#3819,.T.);
#3821=CARTESIAN_POINT('',(756.87863907,-153.729122671,89.322174843));
#3822=DIRECTION('',(-0.,1.,-0.));
#3823=DIRECTION('',(0.,0.,-1.));
#3824=AXIS2_PLACEMENT_3D('',#3821,#3822,#3823);
#3825=CIRCLE('',#3824,2.6);
#3826=EDGE_CURVE('',#3813,#3802,#3825,.T.);
#3827=ORIENTED_EDGE('',*,*,#3826,.T.);
#3828=EDGE_LOOP('',(#3811,#3820,#3827));
#3829=FACE_BOUND('',#3828,.T.);
#3830=CARTESIAN_POINT('',(544.556308599,-153.729122671,34.186640937));
#3831=VERTEX_POINT('',#3830);
#3832=CARTESIAN_POINT('',(542.956308599,-153.729122671,35.786640937));
#3833=VERTEX_POINT('',#3832);
#3834=CARTESIAN_POINT('',(544.556308599,-153.729122671,35.786640937));
#3835=DIRECTION('',(-0.,1.,-0.));
#3836=DIRECTION('',(0.,0.,-1.));
#3837=AXIS2_PLACEMENT_3D('',#3834,#3835,#3836);
#3838=CIRCLE('',#3837,1.6);
#3839=EDGE_CURVE('NONE',#3831,#3833,#3838,.T.);
#3840=ORIENTED_EDGE('',*,*,#3839,.T.);
#3841=CARTESIAN_POINT('',(546.156308599,-153.729122671,35.786640937));
#3842=VERTEX_POINT('',#3841);
#3843=CARTESIAN_POINT('',(544.556308599,-153.729122671,35.786640937));
#3844=DIRECTION('',(-0.,1.,-0.));
#3845=DIRECTION('',(0.,0.,-1.));
#3846=AXIS2_PLACEMENT_3D('',#3843,#3844,#3845);
#3847=CIRCLE('',#3846,1.6);
#3848=EDGE_CURVE('',#3833,#3842,#3847,.T.);
#3849=ORIENTED_EDGE('',*,*,#3848,.T.);
#3850=CARTESIAN_POINT('',(544.556308599,-153.729122671,35.786640937));
#3851=DIRECTION('',(-0.,1.,-0.));
#3852=DIRECTION('',(0.,0.,-1.));
#3853=AXIS2_PLACEMENT_3D('',#3850,#3851,#3852);
#3854=CIRCLE('',#3853,1.6);
#3855=EDGE_CURVE('',#3842,#3831,#3854,.T.);
#3856=ORIENTED_EDGE('',*,*,#3855,.T.);
#3857=EDGE_LOOP('',(#3840,#3849,#3856));
#3858=FACE_BOUND('',#3857,.T.);
#3859=CARTESIAN_POINT('',(537.485240787,-153.729122671,69.541979997));
#3860=VERTEX_POINT('',#3859);
#3861=CARTESIAN_POINT('',(535.885240787,-153.729122671,71.141979997));
#3862=VERTEX_POINT('',#3861);
#3863=CARTESIAN_POINT('',(537.485240787,-153.729122671,71.141979997));
#3864=DIRECTION('',(-0.,1.,-0.));
#3865=DIRECTION('',(0.,0.,-1.));
#3866=AXIS2_PLACEMENT_3D('',#3863,#3864,#3865);
#3867=CIRCLE('',#3866,1.6);
#3868=EDGE_CURVE('NONE',#3860,#3862,#3867,.T.);
#3869=ORIENTED_EDGE('',*,*,#3868,.T.);
#3870=CARTESIAN_POINT('',(539.085240787,-153.729122671,71.141979997));
#3871=VERTEX_POINT('',#3870);
#3872=CARTESIAN_POINT('',(537.485240787,-153.729122671,71.141979997));
#3873=DIRECTION('',(-0.,1.,-0.));
#3874=DIRECTION('',(0.,0.,-1.));
#3875=AXIS2_PLACEMENT_3D('',#3872,#3873,#3874);
#3876=CIRCLE('',#3875,1.6);
#3877=EDGE_CURVE('',#3862,#3871,#3876,.T.);
#3878=ORIENTED_EDGE('',*,*,#3877,.T.);
#3879=CARTESIAN_POINT('',(537.485240787,-153.729122671,71.141979997));
#3880=DIRECTION('',(-0.,1.,-0.));
#3881=DIRECTION('',(0.,0.,-1.));
#3882=AXIS2_PLACEMENT_3D('',#3879,#3880,#3881);
#3883=CIRCLE('',#3882,1.6);
#3884=EDGE_CURVE('',#3871,#3860,#3883,.T.);
#3885=ORIENTED_EDGE('',*,*,#3884,.T.);
#3886=EDGE_LOOP('',(#3869,#3878,#3885));
#3887=FACE_BOUND('',#3886,.T.);
#3888=CARTESIAN_POINT('',(816.272037352,-153.729122671,69.541979997));
#3889=VERTEX_POINT('',#3888);
#3890=CARTESIAN_POINT('',(814.672037352,-153.729122671,71.141979997));
#3891=VERTEX_POINT('',#3890);
#3892=CARTESIAN_POINT('',(816.272037352,-153.729122671,71.141979997));
#3893=DIRECTION('',(-0.,1.,-0.));
#3894=DIRECTION('',(0.,0.,-1.));
#3895=AXIS2_PLACEMENT_3D('',#3892,#3893,#3894);
#3896=CIRCLE('',#3895,1.6);
#3897=EDGE_CURVE('NONE',#3889,#3891,#3896,.T.);
#3898=ORIENTED_EDGE('',*,*,#3897,.T.);
#3899=CARTESIAN_POINT('',(817.872037352,-153.729122671,71.141979997));
#3900=VERTEX_POINT('',#3899);
#3901=CARTESIAN_POINT('',(816.272037352,-153.729122671,71.141979997));
#3902=DIRECTION('',(-0.,1.,-0.));
#3903=DIRECTION('',(0.,0.,-1.));
#3904=AXIS2_PLACEMENT_3D('',#3901,#3902,#3903);
#3905=CIRCLE('',#3904,1.6);
#3906=EDGE_CURVE('',#3891,#3900,#3905,.T.);
#3907=ORIENTED_EDGE('',*,*,#3906,.T.);
#3908=CARTESIAN_POINT('',(816.272037352,-153.729122671,71.141979997));
#3909=DIRECTION('',(-0.,1.,-0.));
#3910=DIRECTION('',(0.,0.,-1.));
#3911=AXIS2_PLACEMENT_3D('',#3908,#3909,#3910);
#3912=CIRCLE('',#3911,1.6);
#3913=EDGE_CURVE('',#3900,#3889,#3912,.T.);
#3914=ORIENTED_EDGE('',*,*,#3913,.T.);
#3915=EDGE_LOOP('',(#3898,#3907,#3914));
#3916=FACE_BOUND('',#3915,.T.);
#3917=CARTESIAN_POINT('',(809.20096954,-153.729122671,34.186640937));
#3918=VERTEX_POINT('',#3917);
#3919=CARTESIAN_POINT('',(807.60096954,-153.729122671,35.786640937));
#3920=VERTEX_POINT('',#3919);
#3921=CARTESIAN_POINT('',(809.20096954,-153.729122671,35.786640937));
#3922=DIRECTION('',(-0.,1.,-0.));
#3923=DIRECTION('',(0.,0.,-1.));
#3924=AXIS2_PLACEMENT_3D('',#3921,#3922,#3923);
#3925=CIRCLE('',#3924,1.6);
#3926=EDGE_CURVE('NONE',#3918,#3920,#3925,.T.);
#3927=ORIENTED_EDGE('',*,*,#3926,.T.);
#3928=CARTESIAN_POINT('',(810.80096954,-153.729122671,35.786640937));
#3929=VERTEX_POINT('',#3928);
#3930=CARTESIAN_POINT('',(809.20096954,-153.729122671,35.786640937));
#3931=DIRECTION('',(-0.,1.,-0.));
#3932=DIRECTION('',(0.,0.,-1.));
#3933=AXIS2_PLACEMENT_3D('',#3930,#3931,#3932);
#3934=CIRCLE('',#3933,1.6);
#3935=EDGE_CURVE('',#3920,#3929,#3934,.T.);
#3936=ORIENTED_EDGE('',*,*,#3935,.T.);
#3937=CARTESIAN_POINT('',(809.20096954,-153.729122671,35.786640937));
#3938=DIRECTION('',(-0.,1.,-0.));
#3939=DIRECTION('',(0.,0.,-1.));
#3940=AXIS2_PLACEMENT_3D('',#3937,#3938,#3939);
#3941=CIRCLE('',#3940,1.6);
#3942=EDGE_CURVE('',#3929,#3918,#3941,.T.);
#3943=ORIENTED_EDGE('',*,*,#3942,.T.);
#3944=EDGE_LOOP('',(#3927,#3936,#3943));
#3945=FACE_BOUND('',#3944,.T.);
#3946=CARTESIAN_POINT('',(812.736503446,-153.729122671,45.964310467));
#3947=VERTEX_POINT('',#3946);
#3948=CARTESIAN_POINT('',(805.236503446,-153.729122671,53.464310467));
#3949=VERTEX_POINT('',#3948);
#3950=CARTESIAN_POINT('',(812.736503446,-153.729122671,53.464310467));
#3951=DIRECTION('',(-0.,1.,-0.));
#3952=DIRECTION('',(0.,0.,-1.));
#3953=AXIS2_PLACEMENT_3D('',#3950,#3951,#3952);
#3954=CIRCLE('',#3953,7.5);
#3955=EDGE_CURVE('NONE',#3947,#3949,#3954,.T.);
#3956=ORIENTED_EDGE('',*,*,#3955,.T.);
#3957=CARTESIAN_POINT('',(820.236503446,-153.729122671,53.464310467));
#3958=VERTEX_POINT('',#3957);
#3959=CARTESIAN_POINT('',(812.736503446,-153.729122671,53.464310467));
#3960=DIRECTION('',(-0.,1.,-0.));
#3961=DIRECTION('',(0.,0.,-1.));
#3962=AXIS2_PLACEMENT_3D('',#3959,#3960,#3961);
#3963=CIRCLE('',#3962,7.5);
#3964=EDGE_CURVE('',#3949,#3958,#3963,.T.);
#3965=ORIENTED_EDGE('',*,*,#3964,.T.);
#3966=CARTESIAN_POINT('',(812.736503446,-153.729122671,53.464310467));
#3967=DIRECTION('',(-0.,1.,-0.));
#3968=DIRECTION('',(0.,0.,-1.));
#3969=AXIS2_PLACEMENT_3D('',#3966,#3967,#3968);
#3970=CIRCLE('',#3969,7.5);
#3971=EDGE_CURVE('',#3958,#3947,#3970,.T.);
#3972=ORIENTED_EDGE('',*,*,#3971,.T.);
#3973=EDGE_LOOP('',(#3956,#3965,#3972));
#3974=FACE_BOUND('',#3973,.T.);
#3975=CARTESIAN_POINT('',(795.058833916,-153.729122671,48.328776561));
#3976=VERTEX_POINT('',#3975);
#3977=CARTESIAN_POINT('',(793.458833916,-153.729122671,49.928776561));
#3978=VERTEX_POINT('',#3977);
#3979=CARTESIAN_POINT('',(795.058833916,-153.729122671,49.928776561));
#3980=DIRECTION('',(-0.,1.,-0.));
#3981=DIRECTION('',(0.,0.,-1.));
#3982=AXIS2_PLACEMENT_3D('',#3979,#3980,#3981);
#3983=CIRCLE('',#3982,1.6);
#3984=EDGE_CURVE('NONE',#3976,#3978,#3983,.T.);
#3985=ORIENTED_EDGE('',*,*,#3984,.T.);
#3986=CARTESIAN_POINT('',(796.658833916,-153.729122671,49.928776561));
#3987=VERTEX_POINT('',#3986);
#3988=CARTESIAN_POINT('',(795.058833916,-153.729122671,49.928776561));
#3989=DIRECTION('',(-0.,1.,-0.));
#3990=DIRECTION('',(0.,0.,-1.));
#3991=AXIS2_PLACEMENT_3D('',#3988,#3989,#3990);
#3992=CIRCLE('',#3991,1.6);
#3993=EDGE_CURVE('',#3978,#3987,#3992,.T.);
#3994=ORIENTED_EDGE('',*,*,#3993,.T.);
#3995=CARTESIAN_POINT('',(795.058833916,-153.729122671,49.928776561));
#3996=DIRECTION('',(-0.,1.,-0.));
#3997=DIRECTION('',(0.,0.,-1.));
#3998=AXIS2_PLACEMENT_3D('',#3995,#3996,#3997);
#3999=CIRCLE('',#3998,1.6);
#4000=EDGE_CURVE('',#3987,#3976,#3999,.T.);
#4001=ORIENTED_EDGE('',*,*,#4000,.T.);
#4002=EDGE_LOOP('',(#3985,#3994,#4001));
#4003=FACE_BOUND('',#4002,.T.);
#4004=CARTESIAN_POINT('',(830.414172976,-153.729122671,55.399844373));
#4005=VERTEX_POINT('',#4004);
#4006=CARTESIAN_POINT('',(828.814172976,-153.729122671,56.999844373));
#4007=VERTEX_POINT('',#4006);
#4008=CARTESIAN_POINT('',(830.414172976,-153.729122671,56.999844373));
#4009=DIRECTION('',(-0.,1.,-0.));
#4010=DIRECTION('',(0.,0.,-1.));
#4011=AXIS2_PLACEMENT_3D('',#4008,#4009,#4010);
#4012=CIRCLE('',#4011,1.6);
#4013=EDGE_CURVE('NONE',#4005,#4007,#4012,.T.);
#4014=ORIENTED_EDGE('',*,*,#4013,.T.);
#4015=CARTESIAN_POINT('',(832.014172976,-153.729122671,56.999844373));
#4016=VERTEX_POINT('',#4015);
#4017=CARTESIAN_POINT('',(830.414172976,-153.729122671,56.999844373));
#4018=DIRECTION('',(-0.,1.,-0.));
#4019=DIRECTION('',(0.,0.,-1.));
#4020=AXIS2_PLACEMENT_3D('',#4017,#4018,#4019);
#4021=CIRCLE('',#4020,1.6);
#4022=EDGE_CURVE('',#4007,#4016,#4021,.T.);
#4023=ORIENTED_EDGE('',*,*,#4022,.T.);
#4024=CARTESIAN_POINT('',(830.414172976,-153.729122671,56.999844373));
#4025=DIRECTION('',(-0.,1.,-0.));
#4026=DIRECTION('',(0.,0.,-1.));
#4027=AXIS2_PLACEMENT_3D('',#4024,#4025,#4026);
#4028=CIRCLE('',#4027,1.6);
#4029=EDGE_CURVE('',#4016,#4005,#4028,.T.);
#4030=ORIENTED_EDGE('',*,*,#4029,.T.);
#4031=EDGE_LOOP('',(#4014,#4023,#4030));
#4032=FACE_BOUND('',#4031,.T.);
#4033=CARTESIAN_POINT('',(541.020774693,-153.729122671,45.964310467));
#4034=VERTEX_POINT('',#4033);
#4035=CARTESIAN_POINT('',(533.520774693,-153.729122671,53.464310467));
#4036=VERTEX_POINT('',#4035);
#4037=CARTESIAN_POINT('',(541.020774693,-153.729122671,53.464310467));
#4038=DIRECTION('',(-0.,1.,-0.));
#4039=DIRECTION('',(0.,0.,-1.));
#4040=AXIS2_PLACEMENT_3D('',#4037,#4038,#4039);
#4041=CIRCLE('',#4040,7.5);
#4042=EDGE_CURVE('NONE',#4034,#4036,#4041,.T.);
#4043=ORIENTED_EDGE('',*,*,#4042,.T.);
#4044=CARTESIAN_POINT('',(548.520774693,-153.729122671,53.464310467));
#4045=VERTEX_POINT('',#4044);
#4046=CARTESIAN_POINT('',(541.020774693,-153.729122671,53.464310467));
#4047=DIRECTION('',(-0.,1.,-0.));
#4048=DIRECTION('',(0.,0.,-1.));
#4049=AXIS2_PLACEMENT_3D('',#4046,#4047,#4048);
#4050=CIRCLE('',#4049,7.5);
#4051=EDGE_CURVE('',#4036,#4045,#4050,.T.);
#4052=ORIENTED_EDGE('',*,*,#4051,.T.);
#4053=CARTESIAN_POINT('',(541.020774693,-153.729122671,53.464310467));
#4054=DIRECTION('',(-0.,1.,-0.));
#4055=DIRECTION('',(0.,0.,-1.));
#4056=AXIS2_PLACEMENT_3D('',#4053,#4054,#4055);
#4057=CIRCLE('',#4056,7.5);
#4058=EDGE_CURVE('',#4045,#4034,#4057,.T.);
#4059=ORIENTED_EDGE('',*,*,#4058,.T.);
#4060=EDGE_LOOP('',(#4043,#4052,#4059));
#4061=FACE_BOUND('',#4060,.T.);
#4062=CARTESIAN_POINT('',(523.343105164,-153.729122671,55.399844373));
#4063=VERTEX_POINT('',#4062);
#4064=CARTESIAN_POINT('',(521.743105164,-153.729122671,56.999844373));
#4065=VERTEX_POINT('',#4064);
#4066=CARTESIAN_POINT('',(523.343105164,-153.729122671,56.999844373));
#4067=DIRECTION('',(-0.,1.,-0.));
#4068=DIRECTION('',(0.,0.,-1.));
#4069=AXIS2_PLACEMENT_3D('',#4066,#4067,#4068);
#4070=CIRCLE('',#4069,1.6);
#4071=EDGE_CURVE('NONE',#4063,#4065,#4070,.T.);
#4072=ORIENTED_EDGE('',*,*,#4071,.T.);
#4073=CARTESIAN_POINT('',(524.943105164,-153.729122671,56.999844373));
#4074=VERTEX_POINT('',#4073);
#4075=CARTESIAN_POINT('',(523.343105164,-153.729122671,56.999844373));
#4076=DIRECTION('',(-0.,1.,-0.));
#4077=DIRECTION('',(0.,0.,-1.));
#4078=AXIS2_PLACEMENT_3D('',#4075,#4076,#4077);
#4079=CIRCLE('',#4078,1.6);
#4080=EDGE_CURVE('',#4065,#4074,#4079,.T.);
#4081=ORIENTED_EDGE('',*,*,#4080,.T.);
#4082=CARTESIAN_POINT('',(523.343105164,-153.729122671,56.999844373));
#4083=DIRECTION('',(-0.,1.,-0.));
#4084=DIRECTION('',(0.,0.,-1.));
#4085=AXIS2_PLACEMENT_3D('',#4082,#4083,#4084);
#4086=CIRCLE('',#4085,1.6);
#4087=EDGE_CURVE('',#4074,#4063,#4086,.T.);
#4088=ORIENTED_EDGE('',*,*,#4087,.T.);
#4089=EDGE_LOOP('',(#4072,#4081,#4088));
#4090=FACE_BOUND('',#4089,.T.);
#4091=CARTESIAN_POINT('',(558.698444223,-153.729122671,48.328776561));
#4092=VERTEX_POINT('',#4091);
#4093=CARTESIAN_POINT('',(557.098444223,-153.729122671,49.928776561));
#4094=VERTEX_POINT('',#4093);
#4095=CARTESIAN_POINT('',(558.698444223,-153.729122671,49.928776561));
#4096=DIRECTION('',(-0.,1.,-0.));
#4097=DIRECTION('',(0.,0.,-1.));
#4098=AXIS2_PLACEMENT_3D('',#4095,#4096,#4097);
#4099=CIRCLE('',#4098,1.6);
#4100=EDGE_CURVE('NONE',#4092,#4094,#4099,.T.);
#4101=ORIENTED_EDGE('',*,*,#4100,.T.);
#4102=CARTESIAN_POINT('',(560.298444223,-153.729122671,49.928776561));
#4103=VERTEX_POINT('',#4102);
#4104=CARTESIAN_POINT('',(558.698444223,-153.729122671,49.928776561));
#4105=DIRECTION('',(-0.,1.,-0.));
#4106=DIRECTION('',(0.,0.,-1.));
#4107=AXIS2_PLACEMENT_3D('',#4104,#4105,#4106);
#4108=CIRCLE('',#4107,1.6);
#4109=EDGE_CURVE('',#4094,#4103,#4108,.T.);
#4110=ORIENTED_EDGE('',*,*,#4109,.T.);
#4111=CARTESIAN_POINT('',(558.698444223,-153.729122671,49.928776561));
#4112=DIRECTION('',(-0.,1.,-0.));
#4113=DIRECTION('',(0.,0.,-1.));
#4114=AXIS2_PLACEMENT_3D('',#4111,#4112,#4113);
#4115=CIRCLE('',#4114,1.6);
#4116=EDGE_CURVE('',#4103,#4092,#4115,.T.);
#4117=ORIENTED_EDGE('',*,*,#4116,.T.);
#4118=EDGE_LOOP('',(#4101,#4110,#4117));
#4119=FACE_BOUND('',#4118,.T.);
#4120=CARTESIAN_POINT('',(756.87863907,-153.729122671,44.722174843));
#4121=VERTEX_POINT('',#4120);
#4122=CARTESIAN_POINT('',(754.27863907,-153.729122671,47.322174843));
#4123=VERTEX_POINT('',#4122);
#4124=CARTESIAN_POINT('',(756.87863907,-153.729122671,47.322174843));
#4125=DIRECTION('',(-0.,1.,-0.));
#4126=DIRECTION('',(0.,0.,-1.));
#4127=AXIS2_PLACEMENT_3D('',#4124,#4125,#4126);
#4128=CIRCLE('',#4127,2.6);
#4129=EDGE_CURVE('NONE',#4121,#4123,#4128,.T.);
#4130=ORIENTED_EDGE('',*,*,#4129,.T.);
#4131=CARTESIAN_POINT('',(759.47863907,-153.729122671,47.322174843));
#4132=VERTEX_POINT('',#4131);
#4133=CARTESIAN_POINT('',(756.87863907,-153.729122671,47.322174843));
#4134=DIRECTION('',(-0.,1.,-0.));
#4135=DIRECTION('',(0.,0.,-1.));
#4136=AXIS2_PLACEMENT_3D('',#4133,#4134,#4135);
#4137=CIRCLE('',#4136,2.6);
#4138=EDGE_CURVE('',#4123,#4132,#4137,.T.);
#4139=ORIENTED_EDGE('',*,*,#4138,.T.);
#4140=CARTESIAN_POINT('',(756.87863907,-153.729122671,47.322174843));
#4141=DIRECTION('',(-0.,1.,-0.));
#4142=DIRECTION('',(0.,0.,-1.));
#4143=AXIS2_PLACEMENT_3D('',#4140,#4141,#4142);
#4144=CIRCLE('',#4143,2.6);
#4145=EDGE_CURVE('',#4132,#4121,#4144,.T.);
#4146=ORIENTED_EDGE('',*,*,#4145,.T.);
#4147=EDGE_LOOP('',(#4130,#4139,#4146));
#4148=FACE_BOUND('',#4147,.T.);
#4149=CARTESIAN_POINT('',(596.87863907,-153.729122671,86.722174843));
#4150=VERTEX_POINT('',#4149);
#4151=CARTESIAN_POINT('',(594.27863907,-153.729122671,89.322174843));
#4152=VERTEX_POINT('',#4151);
#4153=CARTESIAN_POINT('',(596.87863907,-153.729122671,89.322174843));
#4154=DIRECTION('',(-0.,1.,-0.));
#4155=DIRECTION('',(0.,0.,-1.));
#4156=AXIS2_PLACEMENT_3D('',#4153,#4154,#4155);
#4157=CIRCLE('',#4156,2.6);
#4158=EDGE_CURVE('NONE',#4150,#4152,#4157,.T.);
#4159=ORIENTED_EDGE('',*,*,#4158,.T.);
#4160=CARTESIAN_POINT('',(599.47863907,-153.729122671,89.322174843));
#4161=VERTEX_POINT('',#4160);
#4162=CARTESIAN_POINT('',(596.87863907,-153.729122671,89.322174843));
#4163=DIRECTION('',(-0.,1.,-0.));
#4164=DIRECTION('',(0.,0.,-1.));
#4165=AXIS2_PLACEMENT_3D('',#4162,#4163,#4164);
#4166=CIRCLE('',#4165,2.6);
#4167=EDGE_CURVE('',#4152,#4161,#4166,.T.);
#4168=ORIENTED_EDGE('',*,*,#4167,.T.);
#4169=CARTESIAN_POINT('',(596.87863907,-153.729122671,89.322174843));
#4170=DIRECTION('',(-0.,1.,-0.));
#4171=DIRECTION('',(0.,0.,-1.));
#4172=AXIS2_PLACEMENT_3D('',#4169,#4170,#4171);
#4173=CIRCLE('',#4172,2.6);
#4174=EDGE_CURVE('',#4161,#4150,#4173,.T.);
#4175=ORIENTED_EDGE('',*,*,#4174,.T.);
#4176=EDGE_LOOP('',(#4159,#4168,#4175));
#4177=FACE_BOUND('',#4176,.T.);
#4178=CARTESIAN_POINT('',(697.87863907,-153.729122671,106.722174843));
#4179=VERTEX_POINT('',#4178);
#4180=CARTESIAN_POINT('',(695.27863907,-153.729122671,109.322174843));
#4181=VERTEX_POINT('',#4180);
#4182=CARTESIAN_POINT('',(697.87863907,-153.729122671,109.322174843));
#4183=DIRECTION('',(-0.,1.,-0.));
#4184=DIRECTION('',(0.,0.,-1.));
#4185=AXIS2_PLACEMENT_3D('',#4182,#4183,#4184);
#4186=CIRCLE('',#4185,2.6);
#4187=EDGE_CURVE('NONE',#4179,#4181,#4186,.T.);
#4188=ORIENTED_EDGE('',*,*,#4187,.T.);
#4189=CARTESIAN_POINT('',(700.47863907,-153.729122671,109.322174843));
#4190=VERTEX_POINT('',#4189);
#4191=CARTESIAN_POINT('',(697.87863907,-153.729122671,109.322174843));
#4192=DIRECTION('',(-0.,1.,-0.));
#4193=DIRECTION('',(0.,0.,-1.));
#4194=AXIS2_PLACEMENT_3D('',#4191,#4192,#4193);
#4195=CIRCLE('',#4194,2.6);
#4196=EDGE_CURVE('',#4181,#4190,#4195,.T.);
#4197=ORIENTED_EDGE('',*,*,#4196,.T.);
#4198=CARTESIAN_POINT('',(697.87863907,-153.729122671,109.322174843));
#4199=DIRECTION('',(-0.,1.,-0.));
#4200=DIRECTION('',(0.,0.,-1.));
#4201=AXIS2_PLACEMENT_3D('',#4198,#4199,#4200);
#4202=CIRCLE('',#4201,2.6);
#4203=EDGE_CURVE('',#4190,#4179,#4202,.T.);
#4204=ORIENTED_EDGE('',*,*,#4203,.T.);
#4205=EDGE_LOOP('',(#4188,#4197,#4204));
#4206=FACE_BOUND('',#4205,.T.);
#4207=CARTESIAN_POINT('',(655.87863907,-153.729122671,106.722174843));
#4208=VERTEX_POINT('',#4207);
#4209=CARTESIAN_POINT('',(653.27863907,-153.729122671,109.322174843));
#4210=VERTEX_POINT('',#4209);
#4211=CARTESIAN_POINT('',(655.87863907,-153.729122671,109.322174843));
#4212=DIRECTION('',(-0.,1.,-0.));
#4213=DIRECTION('',(0.,0.,-1.));
#4214=AXIS2_PLACEMENT_3D('',#4211,#4212,#4213);
#4215=CIRCLE('',#4214,2.6);
#4216=EDGE_CURVE('NONE',#4208,#4210,#4215,.T.);
#4217=ORIENTED_EDGE('',*,*,#4216,.T.);
#4218=CARTESIAN_POINT('',(658.47863907,-153.729122671,109.322174843));
#4219=VERTEX_POINT('',#4218);
#4220=CARTESIAN_POINT('',(655.87863907,-153.729122671,109.322174843));
#4221=DIRECTION('',(-0.,1.,-0.));
#4222=DIRECTION('',(0.,0.,-1.));
#4223=AXIS2_PLACEMENT_3D('',#4220,#4221,#4222);
#4224=CIRCLE('',#4223,2.6);
#4225=EDGE_CURVE('',#4210,#4219,#4224,.T.);
#4226=ORIENTED_EDGE('',*,*,#4225,.T.);
#4227=CARTESIAN_POINT('',(655.87863907,-153.729122671,109.322174843));
#4228=DIRECTION('',(-0.,1.,-0.));
#4229=DIRECTION('',(0.,0.,-1.));
#4230=AXIS2_PLACEMENT_3D('',#4227,#4228,#4229);
#4231=CIRCLE('',#4230,2.6);
#4232=EDGE_CURVE('',#4219,#4208,#4231,.T.);
#4233=ORIENTED_EDGE('',*,*,#4232,.T.);
#4234=EDGE_LOOP('',(#4217,#4226,#4233));
#4235=FACE_BOUND('',#4234,.T.);
#4236=CARTESIAN_POINT('',(716.87863907,-153.729122671,145.722174843));
#4237=VERTEX_POINT('',#4236);
#4238=CARTESIAN_POINT('',(714.77863907,-153.729122671,147.822174843));
#4239=VERTEX_POINT('',#4238);
#4240=CARTESIAN_POINT('',(716.87863907,-153.729122671,147.822174843));
#4241=DIRECTION('',(-0.,1.,-0.));
#4242=DIRECTION('',(0.,0.,-1.));
#4243=AXIS2_PLACEMENT_3D('',#4240,#4241,#4242);
#4244=CIRCLE('',#4243,2.1);
#4245=EDGE_CURVE('NONE',#4237,#4239,#4244,.T.);
#4246=ORIENTED_EDGE('',*,*,#4245,.T.);
#4247=CARTESIAN_POINT('',(718.97863907,-153.729122671,147.822174843));
#4248=VERTEX_POINT('',#4247);
#4249=CARTESIAN_POINT('',(716.87863907,-153.729122671,147.822174843));
#4250=DIRECTION('',(-0.,1.,-0.));
#4251=DIRECTION('',(0.,0.,-1.));
#4252=AXIS2_PLACEMENT_3D('',#4249,#4250,#4251);
#4253=CIRCLE('',#4252,2.1);
#4254=EDGE_CURVE('',#4239,#4248,#4253,.T.);
#4255=ORIENTED_EDGE('',*,*,#4254,.T.);
#4256=CARTESIAN_POINT('',(716.87863907,-153.729122671,147.822174843));
#4257=DIRECTION('',(-0.,1.,-0.));
#4258=DIRECTION('',(0.,0.,-1.));
#4259=AXIS2_PLACEMENT_3D('',#4256,#4257,#4258);
#4260=CIRCLE('',#4259,2.1);
#4261=EDGE_CURVE('',#4248,#4237,#4260,.T.);
#4262=ORIENTED_EDGE('',*,*,#4261,.T.);
#4263=EDGE_LOOP('',(#4246,#4255,#4262));
#4264=FACE_BOUND('',#4263,.T.);
#4265=CARTESIAN_POINT('',(636.87863907,-153.729122671,145.722174843));
#4266=VERTEX_POINT('',#4265);
#4267=CARTESIAN_POINT('',(634.77863907,-153.729122671,147.822174843));
#4268=VERTEX_POINT('',#4267);
#4269=CARTESIAN_POINT('',(636.87863907,-153.729122671,147.822174843));
#4270=DIRECTION('',(-0.,1.,-0.));
#4271=DIRECTION('',(0.,0.,-1.));
#4272=AXIS2_PLACEMENT_3D('',#4269,#4270,#4271);
#4273=CIRCLE('',#4272,2.1);
#4274=EDGE_CURVE('NONE',#4266,#4268,#4273,.T.);
#4275=ORIENTED_EDGE('',*,*,#4274,.T.);
#4276=CARTESIAN_POINT('',(638.97863907,-153.729122671,147.822174843));
#4277=VERTEX_POINT('',#4276);
#4278=CARTESIAN_POINT('',(636.87863907,-153.729122671,147.822174843));
#4279=DIRECTION('',(-0.,1.,-0.));
#4280=DIRECTION('',(0.,0.,-1.));
#4281=AXIS2_PLACEMENT_3D('',#4278,#4279,#4280);
#4282=CIRCLE('',#4281,2.1);
#4283=EDGE_CURVE('',#4268,#4277,#4282,.T.);
#4284=ORIENTED_EDGE('',*,*,#4283,.T.);
#4285=CARTESIAN_POINT('',(636.87863907,-153.729122671,147.822174843));
#4286=DIRECTION('',(-0.,1.,-0.));
#4287=DIRECTION('',(0.,0.,-1.));
#4288=AXIS2_PLACEMENT_3D('',#4285,#4286,#4287);
#4289=CIRCLE('',#4288,2.1);
#4290=EDGE_CURVE('',#4277,#4266,#4289,.T.);
#4291=ORIENTED_EDGE('',*,*,#4290,.T.);
#4292=EDGE_LOOP('',(#4275,#4284,#4291));
#4293=FACE_BOUND('',#4292,.T.);
#4294=CARTESIAN_POINT('',(676.87863907,-153.729122671,162.722174843));
#4295=VERTEX_POINT('',#4294);
#4296=CARTESIAN_POINT('',(675.27863907,-153.729122671,164.322174843));
#4297=VERTEX_POINT('',#4296);
#4298=CARTESIAN_POINT('',(676.87863907,-153.729122671,164.322174843));
#4299=DIRECTION('',(-0.,1.,-0.));
#4300=DIRECTION('',(0.,0.,-1.));
#4301=AXIS2_PLACEMENT_3D('',#4298,#4299,#4300);
#4302=CIRCLE('',#4301,1.6);
#4303=EDGE_CURVE('NONE',#4295,#4297,#4302,.T.);
#4304=ORIENTED_EDGE('',*,*,#4303,.T.);
#4305=CARTESIAN_POINT('',(678.47863907,-153.729122671,164.322174843));
#4306=VERTEX_POINT('',#4305);
#4307=CARTESIAN_POINT('',(676.87863907,-153.729122671,164.322174843));
#4308=DIRECTION('',(-0.,1.,-0.));
#4309=DIRECTION('',(0.,0.,-1.));
#4310=AXIS2_PLACEMENT_3D('',#4307,#4308,#4309);
#4311=CIRCLE('',#4310,1.6);
#4312=EDGE_CURVE('',#4297,#4306,#4311,.T.);
#4313=ORIENTED_EDGE('',*,*,#4312,.T.);
#4314=CARTESIAN_POINT('',(676.87863907,-153.729122671,164.322174843));
#4315=DIRECTION('',(-0.,1.,-0.));
#4316=DIRECTION('',(0.,0.,-1.));
#4317=AXIS2_PLACEMENT_3D('',#4314,#4315,#4316);
#4318=CIRCLE('',#4317,1.6);
#4319=EDGE_CURVE('',#4306,#4295,#4318,.T.);
#4320=ORIENTED_EDGE('',*,*,#4319,.T.);
#4321=EDGE_LOOP('',(#4304,#4313,#4320));
#4322=FACE_BOUND('',#4321,.T.);
#4323=CARTESIAN_POINT('',(634.80971406,-153.729122671,174.732102801));
#4324=VERTEX_POINT('',#4323);
#4325=CARTESIAN_POINT('',(610.80971406,-153.729122671,174.732102801));
#4326=VERTEX_POINT('',#4325);
#4327=CARTESIAN_POINT('',(634.80971406,-153.729122671,174.732102801));
#4328=DIRECTION('',(-1.,0.,0.));
#4329=VECTOR('',#4328,24.);
#4330=LINE('',#4327,#4329);
#4331=EDGE_CURVE('',#4324,#4326,#4330,.T.);
#4332=ORIENTED_EDGE('',*,*,#4331,.F.);
#4333=CARTESIAN_POINT('',(637.80971406,-153.729122671,171.732102801));
#4334=VERTEX_POINT('',#4333);
#4335=CARTESIAN_POINT('',(634.80971406,-153.729122671,171.732102801));
#4336=DIRECTION('',(-0.,1.,-0.));
#4337=DIRECTION('',(0.,0.,-1.));
#4338=AXIS2_PLACEMENT_3D('',#4335,#4336,#4337);
#4339=CIRCLE('',#4338,3.);
#4340=EDGE_CURVE('',#4324,#4334,#4339,.T.);
#4341=ORIENTED_EDGE('',*,*,#4340,.T.);
#4342=CARTESIAN_POINT('',(637.80971406,-153.729122671,167.732102801));
#4343=VERTEX_POINT('',#4342);
#4344=CARTESIAN_POINT('',(637.80971406,-153.729122671,167.732102801));
#4345=DIRECTION('',(0.,0.,1.));
#4346=VECTOR('',#4345,4.);
#4347=LINE('',#4344,#4346);
#4348=EDGE_CURVE('',#4343,#4334,#4347,.T.);
#4349=ORIENTED_EDGE('',*,*,#4348,.F.);
#4350=CARTESIAN_POINT('',(634.80971406,-153.729122671,164.732102801));
#4351=VERTEX_POINT('',#4350);
#4352=CARTESIAN_POINT('',(634.80971406,-153.729122671,167.732102801));
#4353=DIRECTION('',(-0.,1.,-0.));
#4354=DIRECTION('',(0.,0.,-1.));
#4355=AXIS2_PLACEMENT_3D('',#4352,#4353,#4354);
#4356=CIRCLE('',#4355,3.);
#4357=EDGE_CURVE('',#4343,#4351,#4356,.T.);
#4358=ORIENTED_EDGE('',*,*,#4357,.T.);
#4359=CARTESIAN_POINT('',(610.80971406,-153.729122671,164.732102801));
#4360=VERTEX_POINT('',#4359);
#4361=CARTESIAN_POINT('',(610.80971406,-153.729122671,164.732102801));
#4362=DIRECTION('',(1.,0.,-0.));
#4363=VECTOR('',#4362,24.);
#4364=LINE('',#4361,#4363);
#4365=EDGE_CURVE('',#4360,#4351,#4364,.T.);
#4366=ORIENTED_EDGE('',*,*,#4365,.F.);
#4367=CARTESIAN_POINT('',(607.80971406,-153.729122671,167.732102801));
#4368=VERTEX_POINT('',#4367);
#4369=CARTESIAN_POINT('',(610.80971406,-153.729122671,167.732102801));
#4370=DIRECTION('',(-0.,1.,-0.));
#4371=DIRECTION('',(0.,0.,-1.));
#4372=AXIS2_PLACEMENT_3D('',#4369,#4370,#4371);
#4373=CIRCLE('',#4372,3.);
#4374=EDGE_CURVE('',#4360,#4368,#4373,.T.);
#4375=ORIENTED_EDGE('',*,*,#4374,.T.);
#4376=CARTESIAN_POINT('',(607.80971406,-153.729122671,171.732102801));
#4377=VERTEX_POINT('',#4376);
#4378=CARTESIAN_POINT('',(607.80971406,-153.729122671,171.732102801));
#4379=DIRECTION('',(0.,0.,-1.));
#4380=VECTOR('',#4379,4.);
#4381=LINE('',#4378,#4380);
#4382=EDGE_CURVE('',#4377,#4368,#4381,.T.);
#4383=ORIENTED_EDGE('',*,*,#4382,.F.);
#4384=CARTESIAN_POINT('',(610.80971406,-153.729122671,171.732102801));
#4385=DIRECTION('',(-0.,1.,-0.));
#4386=DIRECTION('',(0.,0.,-1.));
#4387=AXIS2_PLACEMENT_3D('',#4384,#4385,#4386);
#4388=CIRCLE('',#4387,3.);
#4389=EDGE_CURVE('',#4377,#4326,#4388,.T.);
#4390=ORIENTED_EDGE('',*,*,#4389,.T.);
#4391=EDGE_LOOP('',(#4332,#4341,#4349,#4358,#4366,#4375,#4383,#4390));
#4392=FACE_BOUND('',#4391,.T.);
#4393=CARTESIAN_POINT('',(663.27863907,-153.729122671,176.322174843));
#4394=VERTEX_POINT('',#4393);
#4395=CARTESIAN_POINT('',(666.47863907,-153.729122671,176.322174843));
#4396=VERTEX_POINT('',#4395);
#4397=CARTESIAN_POINT('',(664.87863907,-153.729122671,176.322174843));
#4398=DIRECTION('',(-0.,1.,-0.));
#4399=DIRECTION('',(0.,0.,-1.));
#4400=AXIS2_PLACEMENT_3D('',#4397,#4398,#4399);
#4401=CIRCLE('',#4400,1.6);
#4402=EDGE_CURVE('NONE',#4394,#4396,#4401,.T.);
#4403=ORIENTED_EDGE('',*,*,#4402,.T.);
#4404=CARTESIAN_POINT('',(664.87863907,-153.729122671,176.322174843));
#4405=DIRECTION('',(-0.,1.,-0.));
#4406=DIRECTION('',(0.,0.,-1.));
#4407=AXIS2_PLACEMENT_3D('',#4404,#4405,#4406);
#4408=CIRCLE('',#4407,1.6);
#4409=EDGE_CURVE('',#4396,#4394,#4408,.T.);
#4410=ORIENTED_EDGE('',*,*,#4409,.T.);
#4411=EDGE_LOOP('',(#4403,#4410));
#4412=FACE_BOUND('',#4411,.T.);
#4413=CARTESIAN_POINT('',(675.27863907,-153.729122671,188.322174843));
#4414=VERTEX_POINT('',#4413);
#4415=CARTESIAN_POINT('',(676.87863907,-153.729122671,189.922174843));
#4416=VERTEX_POINT('',#4415);
#4417=CARTESIAN_POINT('',(676.87863907,-153.729122671,188.322174843));
#4418=DIRECTION('',(-0.,1.,-0.));
#4419=DIRECTION('',(0.,0.,-1.));
#4420=AXIS2_PLACEMENT_3D('',#4417,#4418,#4419);
#4421=CIRCLE('',#4420,1.6);
#4422=EDGE_CURVE('NONE',#4414,#4416,#4421,.T.);
#4423=ORIENTED_EDGE('',*,*,#4422,.T.);
#4424=CARTESIAN_POINT('',(678.47863907,-153.729122671,188.322174843));
#4425=VERTEX_POINT('',#4424);
#4426=CARTESIAN_POINT('',(676.87863907,-153.729122671,188.322174843));
#4427=DIRECTION('',(-0.,1.,-0.));
#4428=DIRECTION('',(0.,0.,-1.));
#4429=AXIS2_PLACEMENT_3D('',#4426,#4427,#4428);
#4430=CIRCLE('',#4429,1.6);
#4431=EDGE_CURVE('',#4416,#4425,#4430,.T.);
#4432=ORIENTED_EDGE('',*,*,#4431,.T.);
#4433=CARTESIAN_POINT('',(676.87863907,-153.729122671,188.322174843));
#4434=DIRECTION('',(-0.,1.,-0.));
#4435=DIRECTION('',(0.,0.,-1.));
#4436=AXIS2_PLACEMENT_3D('',#4433,#4434,#4435);
#4437=CIRCLE('',#4436,1.6);
#4438=EDGE_CURVE('',#4425,#4414,#4437,.T.);
#4439=ORIENTED_EDGE('',*,*,#4438,.T.);
#4440=EDGE_LOOP('',(#4423,#4432,#4439));
#4441=FACE_BOUND('',#4440,.T.);
#4442=CARTESIAN_POINT('',(687.27863907,-153.729122671,176.322174843));
#4443=VERTEX_POINT('',#4442);
#4444=CARTESIAN_POINT('',(690.47863907,-153.729122671,176.322174843));
#4445=VERTEX_POINT('',#4444);
#4446=CARTESIAN_POINT('',(688.87863907,-153.729122671,176.322174843));
#4447=DIRECTION('',(-0.,1.,-0.));
#4448=DIRECTION('',(0.,0.,-1.));
#4449=AXIS2_PLACEMENT_3D('',#4446,#4447,#4448);
#4450=CIRCLE('',#4449,1.6);
#4451=EDGE_CURVE('NONE',#4443,#4445,#4450,.T.);
#4452=ORIENTED_EDGE('',*,*,#4451,.T.);
#4453=CARTESIAN_POINT('',(688.87863907,-153.729122671,176.322174843));
#4454=DIRECTION('',(-0.,1.,-0.));
#4455=DIRECTION('',(0.,0.,-1.));
#4456=AXIS2_PLACEMENT_3D('',#4453,#4454,#4455);
#4457=CIRCLE('',#4456,1.6);
#4458=EDGE_CURVE('',#4445,#4443,#4457,.T.);
#4459=ORIENTED_EDGE('',*,*,#4458,.T.);
#4460=EDGE_LOOP('',(#4452,#4459));
#4461=FACE_BOUND('',#4460,.T.);
#4462=CARTESIAN_POINT('',(690.55,-153.729122671,123.65));
#4463=VERTEX_POINT('',#4462);
#4464=CARTESIAN_POINT('',(693.95,-153.729122671,123.65));
#4465=VERTEX_POINT('',#4464);
#4466=CARTESIAN_POINT('',(692.25,-153.729122671,123.65));
#4467=DIRECTION('',(-0.,1.,-0.));
#4468=DIRECTION('',(0.,0.,-1.));
#4469=AXIS2_PLACEMENT_3D('',#4466,#4467,#4468);
#4470=CIRCLE('',#4469,1.7);
#4471=EDGE_CURVE('',#4463,#4465,#4470,.T.);
#4472=ORIENTED_EDGE('',*,*,#4471,.T.);
#4473=CARTESIAN_POINT('',(692.25,-153.729122671,123.65));
#4474=DIRECTION('',(-0.,1.,-0.));
#4475=DIRECTION('',(0.,0.,-1.));
#4476=AXIS2_PLACEMENT_3D('',#4473,#4474,#4475);
#4477=CIRCLE('',#4476,1.7);
#4478=EDGE_CURVE('',#4465,#4463,#4477,.T.);
#4479=ORIENTED_EDGE('',*,*,#4478,.T.);
#4480=EDGE_LOOP('',(#4472,#4479));
#4481=FACE_BOUND('',#4480,.T.);
#4482=CARTESIAN_POINT('',(659.55,-153.729122671,123.65));
#4483=VERTEX_POINT('',#4482);
#4484=CARTESIAN_POINT('',(662.95,-153.729122671,123.65));
#4485=VERTEX_POINT('',#4484);
#4486=CARTESIAN_POINT('',(661.25,-153.729122671,123.65));
#4487=DIRECTION('',(-0.,1.,-0.));
#4488=DIRECTION('',(0.,0.,-1.));
#4489=AXIS2_PLACEMENT_3D('',#4486,#4487,#4488);
#4490=CIRCLE('',#4489,1.7);
#4491=EDGE_CURVE('',#4483,#4485,#4490,.T.);
#4492=ORIENTED_EDGE('',*,*,#4491,.T.);
#4493=CARTESIAN_POINT('',(661.25,-153.729122671,123.65));
#4494=DIRECTION('',(-0.,1.,-0.));
#4495=DIRECTION('',(0.,0.,-1.));
#4496=AXIS2_PLACEMENT_3D('',#4493,#4494,#4495);
#4497=CIRCLE('',#4496,1.7);
#4498=EDGE_CURVE('',#4485,#4483,#4497,.T.);
#4499=ORIENTED_EDGE('',*,*,#4498,.T.);
#4500=EDGE_LOOP('',(#4492,#4499));
#4501=FACE_BOUND('',#4500,.T.);
#4502=CARTESIAN_POINT('',(690.55,-153.729122671,154.65));
#4503=VERTEX_POINT('',#4502);
#4504=CARTESIAN_POINT('',(693.95,-153.729122671,154.65));
#4505=VERTEX_POINT('',#4504);
#4506=CARTESIAN_POINT('',(692.25,-153.729122671,154.65));
#4507=DIRECTION('',(-0.,1.,-0.));
#4508=DIRECTION('',(0.,0.,-1.));
#4509=AXIS2_PLACEMENT_3D('',#4506,#4507,#4508);
#4510=CIRCLE('',#4509,1.7);
#4511=EDGE_CURVE('',#4503,#4505,#4510,.T.);
#4512=ORIENTED_EDGE('',*,*,#4511,.T.);
#4513=CARTESIAN_POINT('',(692.25,-153.729122671,154.65));
#4514=DIRECTION('',(-0.,1.,-0.));
#4515=DIRECTION('',(0.,0.,-1.));
#4516=AXIS2_PLACEMENT_3D('',#4513,#4514,#4515);
#4517=CIRCLE('',#4516,1.7);
#4518=EDGE_CURVE('',#4505,#4503,#4517,.T.);
#4519=ORIENTED_EDGE('',*,*,#4518,.T.);
#4520=EDGE_LOOP('',(#4512,#4519));
#4521=FACE_BOUND('',#4520,.T.);
#4522=CARTESIAN_POINT('',(659.55,-153.729122671,154.65));
#4523=VERTEX_POINT('',#4522);
#4524=CARTESIAN_POINT('',(662.95,-153.729122671,154.65));
#4525=VERTEX_POINT('',#4524);
#4526=CARTESIAN_POINT('',(661.25,-153.729122671,154.65));
#4527=DIRECTION('',(-0.,1.,-0.));
#4528=DIRECTION('',(0.,0.,-1.));
#4529=AXIS2_PLACEMENT_3D('',#4526,#4527,#4528);
#4530=CIRCLE('',#4529,1.7);
#4531=EDGE_CURVE('',#4523,#4525,#4530,.T.);
#4532=ORIENTED_EDGE('',*,*,#4531,.T.);
#4533=CARTESIAN_POINT('',(661.25,-153.729122671,154.65));
#4534=DIRECTION('',(-0.,1.,-0.));
#4535=DIRECTION('',(0.,0.,-1.));
#4536=AXIS2_PLACEMENT_3D('',#4533,#4534,#4535);
#4537=CIRCLE('',#4536,1.7);
#4538=EDGE_CURVE('',#4525,#4523,#4537,.T.);
#4539=ORIENTED_EDGE('',*,*,#4538,.T.);
#4540=EDGE_LOOP('',(#4532,#4539));
#4541=FACE_BOUND('',#4540,.T.);
#4542=CARTESIAN_POINT('',(799.62136093,-153.729122671,95.322174843));
#4543=VERTEX_POINT('',#4542);
#4544=CARTESIAN_POINT('',(797.02136093,-153.729122671,97.922174843));
#4545=VERTEX_POINT('',#4544);
#4546=CARTESIAN_POINT('',(797.02136093,-153.729122671,95.322174843));
#4547=DIRECTION('',(0.,-1.,0.));
#4548=DIRECTION('',(0.,0.,-1.));
#4549=AXIS2_PLACEMENT_3D('',#4546,#4547,#4548);
#4550=CIRCLE('',#4549,2.6);
#4551=EDGE_CURVE('',#4543,#4545,#4550,.T.);
#4552=ORIENTED_EDGE('',*,*,#4551,.F.);
#4553=CARTESIAN_POINT('',(794.42136093,-153.729122671,95.322174843));
#4554=VERTEX_POINT('',#4553);
#4555=CARTESIAN_POINT('',(797.02136093,-153.729122671,95.322174843));
#4556=DIRECTION('',(0.,-1.,0.));
#4557=DIRECTION('',(0.,0.,-1.));
#4558=AXIS2_PLACEMENT_3D('',#4555,#4556,#4557);
#4559=CIRCLE('',#4558,2.6);
#4560=EDGE_CURVE('',#4554,#4543,#4559,.T.);
#4561=ORIENTED_EDGE('',*,*,#4560,.F.);
#4562=CARTESIAN_POINT('',(797.02136093,-153.729122671,95.322174843));
#4563=DIRECTION('',(0.,-1.,0.));
#4564=DIRECTION('',(0.,0.,-1.));
#4565=AXIS2_PLACEMENT_3D('',#4562,#4563,#4564);
#4566=CIRCLE('',#4565,2.6);
#4567=EDGE_CURVE('',#4545,#4554,#4566,.T.);
#4568=ORIENTED_EDGE('',*,*,#4567,.F.);
#4569=EDGE_LOOP('',(#4552,#4561,#4568));
#4570=FACE_BOUND('',#4569,.T.);
#4571=CARTESIAN_POINT('',(824.52136093,-153.729122671,149.322174843));
#4572=VERTEX_POINT('',#4571);
#4573=CARTESIAN_POINT('',(821.92136093,-153.729122671,151.922174843));
#4574=VERTEX_POINT('',#4573);
#4575=CARTESIAN_POINT('',(821.92136093,-153.729122671,149.322174843));
#4576=DIRECTION('',(0.,-1.,0.));
#4577=DIRECTION('',(0.,0.,-1.));
#4578=AXIS2_PLACEMENT_3D('',#4575,#4576,#4577);
#4579=CIRCLE('',#4578,2.6);
#4580=EDGE_CURVE('',#4572,#4574,#4579,.T.);
#4581=ORIENTED_EDGE('',*,*,#4580,.F.);
#4582=CARTESIAN_POINT('',(819.32136093,-153.729122671,149.322174843));
#4583=VERTEX_POINT('',#4582);
#4584=CARTESIAN_POINT('',(821.92136093,-153.729122671,149.322174843));
#4585=DIRECTION('',(0.,-1.,0.));
#4586=DIRECTION('',(0.,0.,-1.));
#4587=AXIS2_PLACEMENT_3D('',#4584,#4585,#4586);
#4588=CIRCLE('',#4587,2.6);
#4589=EDGE_CURVE('',#4583,#4572,#4588,.T.);
#4590=ORIENTED_EDGE('',*,*,#4589,.F.);
#4591=CARTESIAN_POINT('',(821.92136093,-153.729122671,149.322174843));
#4592=DIRECTION('',(0.,-1.,0.));
#4593=DIRECTION('',(0.,0.,-1.));
#4594=AXIS2_PLACEMENT_3D('',#4591,#4592,#4593);
#4595=CIRCLE('',#4594,2.6);
#4596=EDGE_CURVE('',#4574,#4583,#4595,.T.);
#4597=ORIENTED_EDGE('',*,*,#4596,.F.);
#4598=EDGE_LOOP('',(#4581,#4590,#4597));
#4599=FACE_BOUND('',#4598,.T.);
#4600=CARTESIAN_POINT('',(774.52136093,-153.729122671,149.322174843));
#4601=VERTEX_POINT('',#4600);
#4602=CARTESIAN_POINT('',(771.92136093,-153.729122671,151.922174843));
#4603=VERTEX_POINT('',#4602);
#4604=CARTESIAN_POINT('',(771.92136093,-153.729122671,149.322174843));
#4605=DIRECTION('',(0.,-1.,0.));
#4606=DIRECTION('',(0.,0.,-1.));
#4607=AXIS2_PLACEMENT_3D('',#4604,#4605,#4606);
#4608=CIRCLE('',#4607,2.6);
#4609=EDGE_CURVE('',#4601,#4603,#4608,.T.);
#4610=ORIENTED_EDGE('',*,*,#4609,.F.);
#4611=CARTESIAN_POINT('',(769.32136093,-153.729122671,149.322174843));
#4612=VERTEX_POINT('',#4611);
#4613=CARTESIAN_POINT('',(771.92136093,-153.729122671,149.322174843));
#4614=DIRECTION('',(0.,-1.,0.));
#4615=DIRECTION('',(0.,0.,-1.));
#4616=AXIS2_PLACEMENT_3D('',#4613,#4614,#4615);
#4617=CIRCLE('',#4616,2.6);
#4618=EDGE_CURVE('',#4612,#4601,#4617,.T.);
#4619=ORIENTED_EDGE('',*,*,#4618,.F.);
#4620=CARTESIAN_POINT('',(771.92136093,-153.729122671,149.322174843));
#4621=DIRECTION('',(0.,-1.,0.));
#4622=DIRECTION('',(0.,0.,-1.));
#4623=AXIS2_PLACEMENT_3D('',#4620,#4621,#4622);
#4624=CIRCLE('',#4623,2.6);
#4625=EDGE_CURVE('',#4603,#4612,#4624,.T.);
#4626=ORIENTED_EDGE('',*,*,#4625,.F.);
#4627=EDGE_LOOP('',(#4610,#4619,#4626));
#4628=FACE_BOUND('',#4627,.T.);
#4629=CARTESIAN_POINT('',(824.52136093,-153.729122671,89.322174843));
#4630=VERTEX_POINT('',#4629);
#4631=CARTESIAN_POINT('',(821.92136093,-153.729122671,91.922174843));
#4632=VERTEX_POINT('',#4631);
#4633=CARTESIAN_POINT('',(821.92136093,-153.729122671,89.322174843));
#4634=DIRECTION('',(0.,-1.,0.));
#4635=DIRECTION('',(0.,0.,-1.));
#4636=AXIS2_PLACEMENT_3D('',#4633,#4634,#4635);
#4637=CIRCLE('',#4636,2.6);
#4638=EDGE_CURVE('',#4630,#4632,#4637,.T.);
#4639=ORIENTED_EDGE('',*,*,#4638,.F.);
#4640=CARTESIAN_POINT('',(819.32136093,-153.729122671,89.322174843));
#4641=VERTEX_POINT('',#4640);
#4642=CARTESIAN_POINT('',(821.92136093,-153.729122671,89.322174843));
#4643=DIRECTION('',(0.,-1.,0.));
#4644=DIRECTION('',(0.,0.,-1.));
#4645=AXIS2_PLACEMENT_3D('',#4642,#4643,#4644);
#4646=CIRCLE('',#4645,2.6);
#4647=EDGE_CURVE('',#4641,#4630,#4646,.T.);
#4648=ORIENTED_EDGE('',*,*,#4647,.F.);
#4649=CARTESIAN_POINT('',(821.92136093,-153.729122671,89.322174843));
#4650=DIRECTION('',(0.,-1.,0.));
#4651=DIRECTION('',(0.,0.,-1.));
#4652=AXIS2_PLACEMENT_3D('',#4649,#4650,#4651);
#4653=CIRCLE('',#4652,2.6);
#4654=EDGE_CURVE('',#4632,#4641,#4653,.T.);
#4655=ORIENTED_EDGE('',*,*,#4654,.F.);
#4656=EDGE_LOOP('',(#4639,#4648,#4655));
#4657=FACE_BOUND('',#4656,.T.);
#4658=CARTESIAN_POINT('',(774.52136093,-153.729122671,89.322174843));
#4659=VERTEX_POINT('',#4658);
#4660=CARTESIAN_POINT('',(771.92136093,-153.729122671,91.922174843));
#4661=VERTEX_POINT('',#4660);
#4662=CARTESIAN_POINT('',(771.92136093,-153.729122671,89.322174843));
#4663=DIRECTION('',(0.,-1.,0.));
#4664=DIRECTION('',(0.,0.,-1.));
#4665=AXIS2_PLACEMENT_3D('',#4662,#4663,#4664);
#4666=CIRCLE('',#4665,2.6);
#4667=EDGE_CURVE('',#4659,#4661,#4666,.T.);
#4668=ORIENTED_EDGE('',*,*,#4667,.F.);
#4669=CARTESIAN_POINT('',(769.32136093,-153.729122671,89.322174843));
#4670=VERTEX_POINT('',#4669);
#4671=CARTESIAN_POINT('',(771.92136093,-153.729122671,89.322174843));
#4672=DIRECTION('',(0.,-1.,0.));
#4673=DIRECTION('',(0.,0.,-1.));
#4674=AXIS2_PLACEMENT_3D('',#4671,#4672,#4673);
#4675=CIRCLE('',#4674,2.6);
#4676=EDGE_CURVE('',#4670,#4659,#4675,.T.);
#4677=ORIENTED_EDGE('',*,*,#4676,.F.);
#4678=CARTESIAN_POINT('',(771.92136093,-153.729122671,89.322174843));
#4679=DIRECTION('',(0.,-1.,0.));
#4680=DIRECTION('',(0.,0.,-1.));
#4681=AXIS2_PLACEMENT_3D('',#4678,#4679,#4680);
#4682=CIRCLE('',#4681,2.6);
#4683=EDGE_CURVE('',#4661,#4670,#4682,.T.);
#4684=ORIENTED_EDGE('',*,*,#4683,.F.);
#4685=EDGE_LOOP('',(#4668,#4677,#4684));
#4686=FACE_BOUND('',#4685,.T.);
#4687=CARTESIAN_POINT('',(799.02136093,-153.729122671,119.322174843));
#4688=VERTEX_POINT('',#4687);
#4689=CARTESIAN_POINT('',(796.92136093,-153.729122671,121.422174843));
#4690=VERTEX_POINT('',#4689);
#4691=CARTESIAN_POINT('',(796.92136093,-153.729122671,119.322174843));
#4692=DIRECTION('',(0.,-1.,0.));
#4693=DIRECTION('',(0.,0.,-1.));
#4694=AXIS2_PLACEMENT_3D('',#4691,#4692,#4693);
#4695=CIRCLE('',#4694,2.1);
#4696=EDGE_CURVE('',#4688,#4690,#4695,.T.);
#4697=ORIENTED_EDGE('',*,*,#4696,.F.);
#4698=CARTESIAN_POINT('',(794.82136093,-153.729122671,119.322174843));
#4699=VERTEX_POINT('',#4698);
#4700=CARTESIAN_POINT('',(796.92136093,-153.729122671,119.322174843));
#4701=DIRECTION('',(0.,-1.,0.));
#4702=DIRECTION('',(0.,0.,-1.));
#4703=AXIS2_PLACEMENT_3D('',#4700,#4701,#4702);
#4704=CIRCLE('',#4703,2.1);
#4705=EDGE_CURVE('',#4699,#4688,#4704,.T.);
#4706=ORIENTED_EDGE('',*,*,#4705,.F.);
#4707=CARTESIAN_POINT('',(796.92136093,-153.729122671,119.322174843));
#4708=DIRECTION('',(0.,-1.,0.));
#4709=DIRECTION('',(0.,0.,-1.));
#4710=AXIS2_PLACEMENT_3D('',#4707,#4708,#4709);
#4711=CIRCLE('',#4710,2.1);
#4712=EDGE_CURVE('',#4690,#4699,#4711,.T.);
#4713=ORIENTED_EDGE('',*,*,#4712,.F.);
#4714=EDGE_LOOP('',(#4697,#4706,#4713));
#4715=FACE_BOUND('',#4714,.T.);
#4716=CARTESIAN_POINT('',(799.42136093,-153.729122671,143.322174843));
#4717=VERTEX_POINT('',#4716);
#4718=CARTESIAN_POINT('',(796.82136093,-153.729122671,145.922174843));
#4719=VERTEX_POINT('',#4718);
#4720=CARTESIAN_POINT('',(796.82136093,-153.729122671,143.322174843));
#4721=DIRECTION('',(0.,-1.,0.));
#4722=DIRECTION('',(0.,0.,-1.));
#4723=AXIS2_PLACEMENT_3D('',#4720,#4721,#4722);
#4724=CIRCLE('',#4723,2.6);
#4725=EDGE_CURVE('',#4717,#4719,#4724,.T.);
#4726=ORIENTED_EDGE('',*,*,#4725,.F.);
#4727=CARTESIAN_POINT('',(794.22136093,-153.729122671,143.322174843));
#4728=VERTEX_POINT('',#4727);
#4729=CARTESIAN_POINT('',(796.82136093,-153.729122671,143.322174843));
#4730=DIRECTION('',(0.,-1.,0.));
#4731=DIRECTION('',(0.,0.,-1.));
#4732=AXIS2_PLACEMENT_3D('',#4729,#4730,#4731);
#4733=CIRCLE('',#4732,2.6);
#4734=EDGE_CURVE('',#4728,#4717,#4733,.T.);
#4735=ORIENTED_EDGE('',*,*,#4734,.F.);
#4736=CARTESIAN_POINT('',(796.82136093,-153.729122671,143.322174843));
#4737=DIRECTION('',(0.,-1.,0.));
#4738=DIRECTION('',(0.,0.,-1.));
#4739=AXIS2_PLACEMENT_3D('',#4736,#4737,#4738);
#4740=CIRCLE('',#4739,2.6);
#4741=EDGE_CURVE('',#4719,#4728,#4740,.T.);
#4742=ORIENTED_EDGE('',*,*,#4741,.F.);
#4743=EDGE_LOOP('',(#4726,#4735,#4742));
#4744=FACE_BOUND('',#4743,.T.);
#4745=ADVANCED_FACE('',(#2364,#2384,#2404,#2424,#2428,#2432,#2436,#2440,#2460,#2480,#2500,#2520,#2720,#2740,#2888,#3036,#3184,#3213,#3242,#3271,#3300,#3329,#3358,#3387,#3416,#3486,
#3556,#3626,#3655,#3684,#3713,#3742,#3771,#3800,#3829,#3858,#3887,#3916,#3945,#3974,#4003,#4032,#4061,#4090,#4119,#4148,#4177,#4206,#4235,#4264,#4293,
#4322,#4392,#4412,#4441,#4461,#4481,#4501,#4521,#4541,#4570,#4599,#4628,#4657,#4686,#4715,#4744),#2344,.T.);
#4746=CARTESIAN_POINT('',(556.87863907,-147.729122671,9.322174843));
#4747=DIRECTION('',(-0.,0.,1.));
#4748=DIRECTION('',(1.,0.,0.));
#4749=AXIS2_PLACEMENT_3D('',#4746,#4747,#4748);
#4750=PLANE('',#4749);
#4751=ORIENTED_EDGE('',*,*,#2224,.F.);
#4752=CARTESIAN_POINT('',(590.22178482,-147.729122671,9.322174843));
#4753=DIRECTION('',(-0.,-1.,-0.));
#4754=VECTOR('',#4753,6.);
#4755=LINE('',#4752,#4754);
#4756=EDGE_CURVE('',#2210,#2605,#4755,.T.);
#4757=ORIENTED_EDGE('',*,*,#4756,.T.);
#4758=ORIENTED_EDGE('',*,*,#2610,.T.);
#4759=CARTESIAN_POINT('',(561.020774693,-153.729122671,9.322174843));
#4760=DIRECTION('',(-0.,1.,-0.));
#4761=VECTOR('',#4760,6.);
#4762=LINE('',#4759,#4761);
#4763=EDGE_CURVE('',#2596,#2219,#4762,.T.);
#4764=ORIENTED_EDGE('',*,*,#4763,.T.);
#4765=EDGE_LOOP('',(#4751,#4757,#4758,#4764));
#4766=FACE_BOUND('',#4765,.T.);
#4767=ADVANCED_FACE('',(#4766),#4750,.F.);
#4768=CARTESIAN_POINT('',(792.736503446,-153.729122671,359.322174843));
#4769=DIRECTION('',(0.,-1.,0.));
#4770=DIRECTION('',(0.,0.,-1.));
#4771=AXIS2_PLACEMENT_3D('',#4768,#4769,#4770);
#4772=PLANE('',#4771);
#4773=CARTESIAN_POINT('',(716.87863907,-153.729122671,124.322174843));
#4774=VERTEX_POINT('',#4773);
#4775=CARTESIAN_POINT('',(711.87863907,-153.729122671,129.322174843));
#4776=VERTEX_POINT('',#4775);
#4777=CARTESIAN_POINT('',(716.87863907,-153.729122671,129.322174843));
#4778=DIRECTION('',(-0.,1.,-0.));
#4779=DIRECTION('',(0.,0.,-1.));
#4780=AXIS2_PLACEMENT_3D('',#4777,#4778,#4779);
#4781=CIRCLE('',#4780,5.);
#4782=EDGE_CURVE('NONE',#4774,#4776,#4781,.T.);
#4783=ORIENTED_EDGE('',*,*,#4782,.T.);
#4784=CARTESIAN_POINT('',(721.87863907,-153.729122671,129.322174843));
#4785=VERTEX_POINT('',#4784);
#4786=CARTESIAN_POINT('',(716.87863907,-153.729122671,129.322174843));
#4787=DIRECTION('',(-0.,1.,-0.));
#4788=DIRECTION('',(0.,0.,-1.));
#4789=AXIS2_PLACEMENT_3D('',#4786,#4787,#4788);
#4790=CIRCLE('',#4789,5.);
#4791=EDGE_CURVE('',#4776,#4785,#4790,.T.);
#4792=ORIENTED_EDGE('',*,*,#4791,.T.);
#4793=CARTESIAN_POINT('',(716.87863907,-153.729122671,129.322174843));
#4794=DIRECTION('',(-0.,1.,-0.));
#4795=DIRECTION('',(0.,0.,-1.));
#4796=AXIS2_PLACEMENT_3D('',#4793,#4794,#4795);
#4797=CIRCLE('',#4796,5.);
#4798=EDGE_CURVE('',#4785,#4774,#4797,.T.);
#4799=ORIENTED_EDGE('',*,*,#4798,.T.);
#4800=EDGE_LOOP('',(#4783,#4792,#4799));
#4801=FACE_BOUND('',#4800,.T.);
#4802=ORIENTED_EDGE('',*,*,#2779,.T.);
#4803=ORIENTED_EDGE('',*,*,#2885,.T.);
#4804=ORIENTED_EDGE('',*,*,#2817,.T.);
#4805=EDGE_LOOP('',(#4802,#4803,#4804));
#4806=FACE_BOUND('',#4805,.T.);
#4807=ADVANCED_FACE('',(#4801,#4806),#4772,.T.);
#4808=CARTESIAN_POINT('',(792.736503446,-153.729122671,359.322174843));
#4809=DIRECTION('',(0.,-1.,0.));
#4810=DIRECTION('',(0.,0.,-1.));
#4811=AXIS2_PLACEMENT_3D('',#4808,#4809,#4810);
#4812=PLANE('',#4811);
#4813=CARTESIAN_POINT('',(676.87863907,-153.729122671,134.322174843));
#4814=VERTEX_POINT('',#4813);
#4815=CARTESIAN_POINT('',(671.87863907,-153.729122671,139.322174843));
#4816=VERTEX_POINT('',#4815);
#4817=CARTESIAN_POINT('',(676.87863907,-153.729122671,139.322174843));
#4818=DIRECTION('',(-0.,1.,-0.));
#4819=DIRECTION('',(0.,0.,-1.));
#4820=AXIS2_PLACEMENT_3D('',#4817,#4818,#4819);
#4821=CIRCLE('',#4820,5.);
#4822=EDGE_CURVE('NONE',#4814,#4816,#4821,.T.);
#4823=ORIENTED_EDGE('',*,*,#4822,.T.);
#4824=CARTESIAN_POINT('',(681.87863907,-153.729122671,139.322174843));
#4825=VERTEX_POINT('',#4824);
#4826=CARTESIAN_POINT('',(676.87863907,-153.729122671,139.322174843));
#4827=DIRECTION('',(-0.,1.,-0.));
#4828=DIRECTION('',(0.,0.,-1.));
#4829=AXIS2_PLACEMENT_3D('',#4826,#4827,#4828);
#4830=CIRCLE('',#4829,5.);
#4831=EDGE_CURVE('',#4816,#4825,#4830,.T.);
#4832=ORIENTED_EDGE('',*,*,#4831,.T.);
#4833=CARTESIAN_POINT('',(676.87863907,-153.729122671,139.322174843));
#4834=DIRECTION('',(-0.,1.,-0.));
#4835=DIRECTION('',(0.,0.,-1.));
#4836=AXIS2_PLACEMENT_3D('',#4833,#4834,#4835);
#4837=CIRCLE('',#4836,5.);
#4838=EDGE_CURVE('',#4825,#4814,#4837,.T.);
#4839=ORIENTED_EDGE('',*,*,#4838,.T.);
#4840=EDGE_LOOP('',(#4823,#4832,#4839));
#4841=FACE_BOUND('',#4840,.T.);
#4842=ORIENTED_EDGE('',*,*,#2927,.T.);
#4843=ORIENTED_EDGE('',*,*,#3033,.T.);
#4844=ORIENTED_EDGE('',*,*,#2965,.T.);
#4845=EDGE_LOOP('',(#4842,#4843,#4844));
#4846=FACE_BOUND('',#4845,.T.);
#4847=ADVANCED_FACE('',(#4841,#4846),#4812,.T.);
#4848=CARTESIAN_POINT('',(792.736503446,-153.729122671,359.322174843));
#4849=DIRECTION('',(0.,-1.,0.));
#4850=DIRECTION('',(0.,0.,-1.));
#4851=AXIS2_PLACEMENT_3D('',#4848,#4849,#4850);
#4852=PLANE('',#4851);
#4853=CARTESIAN_POINT('',(636.87863907,-153.729122671,124.322174843));
#4854=VERTEX_POINT('',#4853);
#4855=CARTESIAN_POINT('',(631.87863907,-153.729122671,129.322174843));
#4856=VERTEX_POINT('',#4855);
#4857=CARTESIAN_POINT('',(636.87863907,-153.729122671,129.322174843));
#4858=DIRECTION('',(-0.,1.,-0.));
#4859=DIRECTION('',(0.,0.,-1.));
#4860=AXIS2_PLACEMENT_3D('',#4857,#4858,#4859);
#4861=CIRCLE('',#4860,5.);
#4862=EDGE_CURVE('NONE',#4854,#4856,#4861,.T.);
#4863=ORIENTED_EDGE('',*,*,#4862,.T.);
#4864=CARTESIAN_POINT('',(641.87863907,-153.729122671,129.322174843));
#4865=VERTEX_POINT('',#4864);
#4866=CARTESIAN_POINT('',(636.87863907,-153.729122671,129.322174843));
#4867=DIRECTION('',(-0.,1.,-0.));
#4868=DIRECTION('',(0.,0.,-1.));
#4869=AXIS2_PLACEMENT_3D('',#4866,#4867,#4868);
#4870=CIRCLE('',#4869,5.);
#4871=EDGE_CURVE('',#4856,#4865,#4870,.T.);
#4872=ORIENTED_EDGE('',*,*,#4871,.T.);
#4873=CARTESIAN_POINT('',(636.87863907,-153.729122671,129.322174843));
#4874=DIRECTION('',(-0.,1.,-0.));
#4875=DIRECTION('',(0.,0.,-1.));
#4876=AXIS2_PLACEMENT_3D('',#4873,#4874,#4875);
#4877=CIRCLE('',#4876,5.);
#4878=EDGE_CURVE('',#4865,#4854,#4877,.T.);
#4879=ORIENTED_EDGE('',*,*,#4878,.T.);
#4880=EDGE_LOOP('',(#4863,#4872,#4879));
#4881=FACE_BOUND('',#4880,.T.);
#4882=ORIENTED_EDGE('',*,*,#3075,.T.);
#4883=ORIENTED_EDGE('',*,*,#3181,.T.);
#4884=ORIENTED_EDGE('',*,*,#3113,.T.);
#4885=EDGE_LOOP('',(#4882,#4883,#4884));
#4886=FACE_BOUND('',#4885,.T.);
#4887=ADVANCED_FACE('',(#4881,#4886),#4852,.T.);
#4888=CARTESIAN_POINT('',(531.835917209,-155.729122671,89.322174843));
#4889=DIRECTION('',(0.,1.,0.));
#4890=DIRECTION('',(0.,-0.,1.));
#4891=AXIS2_PLACEMENT_3D('',#4888,#4889,#4890);
#4892=CYLINDRICAL_SURFACE('',#4891,2.6);
#4893=CARTESIAN_POINT('',(531.835917209,-147.729122671,91.922174843));
#4894=DIRECTION('',(-0.,-1.,-0.));
#4895=VECTOR('',#4894,6.);
#4896=LINE('',#4893,#4895);
#4897=EDGE_CURVE('',#2053,#3188,#4896,.T.);
#4898=ORIENTED_EDGE('',*,*,#4897,.F.);
#4899=ORIENTED_EDGE('',*,*,#2075,.T.);
#4900=ORIENTED_EDGE('',*,*,#2068,.T.);
#4901=ORIENTED_EDGE('',*,*,#2059,.T.);
#4902=ORIENTED_EDGE('',*,*,#4897,.T.);
#4903=ORIENTED_EDGE('',*,*,#3194,.F.);
#4904=ORIENTED_EDGE('',*,*,#3210,.F.);
#4905=ORIENTED_EDGE('',*,*,#3203,.F.);
#4906=EDGE_LOOP('',(#4898,#4899,#4900,#4901,#4902,#4903,#4904,#4905));
#4907=FACE_BOUND('',#4906,.T.);
#4908=ADVANCED_FACE('',(#4907),#4892,.F.);
#4909=CARTESIAN_POINT('',(581.835917209,-155.729122671,149.322174843));
#4910=DIRECTION('',(0.,1.,0.));
#4911=DIRECTION('',(0.,-0.,1.));
#4912=AXIS2_PLACEMENT_3D('',#4909,#4910,#4911);
#4913=CYLINDRICAL_SURFACE('',#4912,2.6);
#4914=CARTESIAN_POINT('',(581.835917209,-147.729122671,151.922174843));
#4915=DIRECTION('',(-0.,-1.,-0.));
#4916=VECTOR('',#4915,6.);
#4917=LINE('',#4914,#4916);
#4918=EDGE_CURVE('',#2024,#3217,#4917,.T.);
#4919=ORIENTED_EDGE('',*,*,#4918,.F.);
#4920=ORIENTED_EDGE('',*,*,#2046,.T.);
#4921=ORIENTED_EDGE('',*,*,#2039,.T.);
#4922=ORIENTED_EDGE('',*,*,#2030,.T.);
#4923=ORIENTED_EDGE('',*,*,#4918,.T.);
#4924=ORIENTED_EDGE('',*,*,#3223,.F.);
#4925=ORIENTED_EDGE('',*,*,#3239,.F.);
#4926=ORIENTED_EDGE('',*,*,#3232,.F.);
#4927=EDGE_LOOP('',(#4919,#4920,#4921,#4922,#4923,#4924,#4925,#4926));
#4928=FACE_BOUND('',#4927,.T.);
#4929=ADVANCED_FACE('',(#4928),#4913,.F.);
#4930=CARTESIAN_POINT('',(556.835917209,-155.729122671,119.322174843));
#4931=DIRECTION('',(0.,1.,0.));
#4932=DIRECTION('',(0.,-0.,1.));
#4933=AXIS2_PLACEMENT_3D('',#4930,#4931,#4932);
#4934=CYLINDRICAL_SURFACE('',#4933,2.1);
#4935=CARTESIAN_POINT('',(556.835917209,-147.729122671,121.422174843));
#4936=DIRECTION('',(-0.,-1.,-0.));
#4937=VECTOR('',#4936,6.);
#4938=LINE('',#4935,#4937);
#4939=EDGE_CURVE('',#1995,#3246,#4938,.T.);
#4940=ORIENTED_EDGE('',*,*,#4939,.F.);
#4941=ORIENTED_EDGE('',*,*,#2017,.T.);
#4942=ORIENTED_EDGE('',*,*,#2010,.T.);
#4943=ORIENTED_EDGE('',*,*,#2001,.T.);
#4944=ORIENTED_EDGE('',*,*,#4939,.T.);
#4945=ORIENTED_EDGE('',*,*,#3252,.F.);
#4946=ORIENTED_EDGE('',*,*,#3268,.F.);
#4947=ORIENTED_EDGE('',*,*,#3261,.F.);
#4948=EDGE_LOOP('',(#4940,#4941,#4942,#4943,#4944,#4945,#4946,#4947));
#4949=FACE_BOUND('',#4948,.T.);
#4950=ADVANCED_FACE('',(#4949),#4934,.F.);
#4951=CARTESIAN_POINT('',(531.835917209,-155.729122671,149.322174843));
#4952=DIRECTION('',(0.,1.,0.));
#4953=DIRECTION('',(0.,-0.,1.));
#4954=AXIS2_PLACEMENT_3D('',#4951,#4952,#4953);
#4955=CYLINDRICAL_SURFACE('',#4954,2.6);
#4956=CARTESIAN_POINT('',(531.835917209,-147.729122671,151.922174843));
#4957=DIRECTION('',(-0.,-1.,-0.));
#4958=VECTOR('',#4957,6.);
#4959=LINE('',#4956,#4958);
#4960=EDGE_CURVE('',#1966,#3275,#4959,.T.);
#4961=ORIENTED_EDGE('',*,*,#4960,.F.);
#4962=ORIENTED_EDGE('',*,*,#1988,.T.);
#4963=ORIENTED_EDGE('',*,*,#1981,.T.);
#4964=ORIENTED_EDGE('',*,*,#1972,.T.);
#4965=ORIENTED_EDGE('',*,*,#4960,.T.);
#4966=ORIENTED_EDGE('',*,*,#3281,.F.);
#4967=ORIENTED_EDGE('',*,*,#3297,.F.);
#4968=ORIENTED_EDGE('',*,*,#3290,.F.);
#4969=EDGE_LOOP('',(#4961,#4962,#4963,#4964,#4965,#4966,#4967,#4968));
#4970=FACE_BOUND('',#4969,.T.);
#4971=ADVANCED_FACE('',(#4970),#4955,.F.);
#4972=CARTESIAN_POINT('',(580.835917209,-155.729122671,119.222174843));
#4973=DIRECTION('',(0.,1.,0.));
#4974=DIRECTION('',(0.,-0.,1.));
#4975=AXIS2_PLACEMENT_3D('',#4972,#4973,#4974);
#4976=CYLINDRICAL_SURFACE('',#4975,2.6);
#4977=CARTESIAN_POINT('',(580.835917209,-147.729122671,121.822174843));
#4978=DIRECTION('',(-0.,-1.,-0.));
#4979=VECTOR('',#4978,6.);
#4980=LINE('',#4977,#4979);
#4981=EDGE_CURVE('',#1937,#3304,#4980,.T.);
#4982=ORIENTED_EDGE('',*,*,#4981,.F.);
#4983=ORIENTED_EDGE('',*,*,#1959,.T.);
#4984=ORIENTED_EDGE('',*,*,#1952,.T.);
#4985=ORIENTED_EDGE('',*,*,#1943,.T.);
#4986=ORIENTED_EDGE('',*,*,#4981,.T.);
#4987=ORIENTED_EDGE('',*,*,#3310,.F.);
#4988=ORIENTED_EDGE('',*,*,#3326,.F.);
#4989=ORIENTED_EDGE('',*,*,#3319,.F.);
#4990=EDGE_LOOP('',(#4982,#4983,#4984,#4985,#4986,#4987,#4988,#4989));
#4991=FACE_BOUND('',#4990,.T.);
#4992=ADVANCED_FACE('',(#4991),#4976,.F.);
#4993=CARTESIAN_POINT('',(556.735917209,-155.729122671,95.322174843));
#4994=DIRECTION('',(0.,1.,0.));
#4995=DIRECTION('',(0.,-0.,1.));
#4996=AXIS2_PLACEMENT_3D('',#4993,#4994,#4995);
#4997=CYLINDRICAL_SURFACE('',#4996,2.6);
#4998=CARTESIAN_POINT('',(556.735917209,-147.729122671,97.922174843));
#4999=DIRECTION('',(-0.,-1.,-0.));
#5000=VECTOR('',#4999,6.);
#5001=LINE('',#4998,#5000);
#5002=EDGE_CURVE('',#1908,#3333,#5001,.T.);
#5003=ORIENTED_EDGE('',*,*,#5002,.F.);
#5004=ORIENTED_EDGE('',*,*,#1930,.T.);
#5005=ORIENTED_EDGE('',*,*,#1923,.T.);
#5006=ORIENTED_EDGE('',*,*,#1914,.T.);
#5007=ORIENTED_EDGE('',*,*,#5002,.T.);
#5008=ORIENTED_EDGE('',*,*,#3339,.F.);
#5009=ORIENTED_EDGE('',*,*,#3355,.F.);
#5010=ORIENTED_EDGE('',*,*,#3348,.F.);
#5011=EDGE_LOOP('',(#5003,#5004,#5005,#5006,#5007,#5008,#5009,#5010));
#5012=FACE_BOUND('',#5011,.T.);
#5013=ADVANCED_FACE('',(#5012),#4997,.F.);
#5014=CARTESIAN_POINT('',(556.935917209,-155.729122671,143.322174843));
#5015=DIRECTION('',(0.,1.,0.));
#5016=DIRECTION('',(0.,-0.,1.));
#5017=AXIS2_PLACEMENT_3D('',#5014,#5015,#5016);
#5018=CYLINDRICAL_SURFACE('',#5017,2.6);
#5019=CARTESIAN_POINT('',(556.935917209,-147.729122671,145.922174843));
#5020=DIRECTION('',(-0.,-1.,-0.));
#5021=VECTOR('',#5020,6.);
#5022=LINE('',#5019,#5021);
#5023=EDGE_CURVE('',#1879,#3362,#5022,.T.);
#5024=ORIENTED_EDGE('',*,*,#5023,.F.);
#5025=ORIENTED_EDGE('',*,*,#1901,.T.);
#5026=ORIENTED_EDGE('',*,*,#1894,.T.);
#5027=ORIENTED_EDGE('',*,*,#1885,.T.);
#5028=ORIENTED_EDGE('',*,*,#5023,.T.);
#5029=ORIENTED_EDGE('',*,*,#3368,.F.);
#5030=ORIENTED_EDGE('',*,*,#3384,.F.);
#5031=ORIENTED_EDGE('',*,*,#3377,.F.);
#5032=EDGE_LOOP('',(#5024,#5025,#5026,#5027,#5028,#5029,#5030,#5031));
#5033=FACE_BOUND('',#5032,.T.);
#5034=ADVANCED_FACE('',(#5033),#5018,.F.);
#5035=CARTESIAN_POINT('',(688.87863907,-147.729122671,176.322174843));
#5036=DIRECTION('',(0.,-1.,0.));
#5037=DIRECTION('',(1.,0.,0.));
#5038=AXIS2_PLACEMENT_3D('',#5035,#5036,#5037);
#5039=CYLINDRICAL_SURFACE('',#5038,1.6);
#5040=CARTESIAN_POINT('',(690.47863907,-153.729122671,176.322174843));
#5041=DIRECTION('',(-0.,1.,-0.));
#5042=VECTOR('',#5041,6.);
#5043=LINE('',#5040,#5042);
#5044=EDGE_CURVE('',#4445,#718,#5043,.T.);
#5045=ORIENTED_EDGE('',*,*,#5044,.F.);
#5046=ORIENTED_EDGE('',*,*,#4451,.F.);
#5047=ORIENTED_EDGE('',*,*,#4458,.F.);
#5048=ORIENTED_EDGE('',*,*,#5044,.T.);
#5049=ORIENTED_EDGE('',*,*,#731,.T.);
#5050=ORIENTED_EDGE('',*,*,#724,.T.);
#5051=EDGE_LOOP('',(#5045,#5046,#5047,#5048,#5049,#5050));
#5052=FACE_BOUND('',#5051,.T.);
#5053=ADVANCED_FACE('NONE',(#5052),#5039,.F.);
#5054=CARTESIAN_POINT('',(676.87863907,-147.729122671,188.322174843));
#5055=DIRECTION('',(0.,-1.,0.));
#5056=DIRECTION('',(-0.,0.,1.));
#5057=AXIS2_PLACEMENT_3D('',#5054,#5055,#5056);
#5058=CYLINDRICAL_SURFACE('',#5057,1.6);
#5059=CARTESIAN_POINT('',(676.87863907,-153.729122671,189.922174843));
#5060=DIRECTION('',(-0.,1.,-0.));
#5061=VECTOR('',#5060,6.);
#5062=LINE('',#5059,#5061);
#5063=EDGE_CURVE('',#4416,#1821,#5062,.T.);
#5064=ORIENTED_EDGE('',*,*,#5063,.F.);
#5065=ORIENTED_EDGE('',*,*,#4422,.F.);
#5066=ORIENTED_EDGE('',*,*,#4438,.F.);
#5067=ORIENTED_EDGE('',*,*,#4431,.F.);
#5068=ORIENTED_EDGE('',*,*,#5063,.T.);
#5069=ORIENTED_EDGE('',*,*,#1843,.T.);
#5070=ORIENTED_EDGE('',*,*,#1836,.T.);
#5071=ORIENTED_EDGE('',*,*,#1827,.T.);
#5072=EDGE_LOOP('',(#5064,#5065,#5066,#5067,#5068,#5069,#5070,#5071));
#5073=FACE_BOUND('',#5072,.T.);
#5074=ADVANCED_FACE('NONE',(#5073),#5058,.F.);
#5075=CARTESIAN_POINT('',(664.87863907,-147.729122671,176.322174843));
#5076=DIRECTION('',(0.,-1.,-0.));
#5077=DIRECTION('',(-1.,0.,-0.));
#5078=AXIS2_PLACEMENT_3D('',#5075,#5076,#5077);
#5079=CYLINDRICAL_SURFACE('',#5078,1.6);
#5080=CARTESIAN_POINT('',(663.27863907,-153.729122671,176.322174843));
#5081=DIRECTION('',(-0.,1.,-0.));
#5082=VECTOR('',#5081,6.);
#5083=LINE('',#5080,#5082);
#5084=EDGE_CURVE('',#4394,#736,#5083,.T.);
#5085=ORIENTED_EDGE('',*,*,#5084,.F.);
#5086=ORIENTED_EDGE('',*,*,#4409,.F.);
#5087=ORIENTED_EDGE('',*,*,#4402,.F.);
#5088=ORIENTED_EDGE('',*,*,#5084,.T.);
#5089=ORIENTED_EDGE('',*,*,#744,.T.);
#5090=ORIENTED_EDGE('',*,*,#751,.T.);
#5091=EDGE_LOOP('',(#5085,#5086,#5087,#5088,#5089,#5090));
#5092=FACE_BOUND('',#5091,.T.);
#5093=ADVANCED_FACE('NONE',(#5092),#5079,.F.);
#5094=CARTESIAN_POINT('',(636.87863907,-150.729122671,129.322174843));
#5095=DIRECTION('',(0.,1.,0.));
#5096=DIRECTION('',(0.,-0.,1.));
#5097=AXIS2_PLACEMENT_3D('',#5094,#5095,#5096);
#5098=CONICAL_SURFACE('',#5097,5.,45.);
#5099=CARTESIAN_POINT('',(636.87863907,-150.729122671,134.322174843));
#5100=VERTEX_POINT('',#5099);
#5101=CARTESIAN_POINT('',(636.87863907,-147.729122671,137.322174843));
#5102=DIRECTION('',(-0.,-0.707106781,-0.707106781));
#5103=VECTOR('',#5102,4.242640687);
#5104=LINE('',#5101,#5103);
#5105=EDGE_CURVE('',#884,#5100,#5104,.T.);
#5106=ORIENTED_EDGE('',*,*,#5105,.F.);
#5107=ORIENTED_EDGE('',*,*,#908,.F.);
#5108=ORIENTED_EDGE('',*,*,#901,.F.);
#5109=ORIENTED_EDGE('',*,*,#892,.F.);
#5110=ORIENTED_EDGE('',*,*,#5105,.T.);
#5111=CARTESIAN_POINT('',(636.87863907,-150.729122671,124.322174843));
#5112=VERTEX_POINT('',#5111);
#5113=CARTESIAN_POINT('',(636.87863907,-150.729122671,129.322174843));
#5114=DIRECTION('',(-0.,1.,-0.));
#5115=DIRECTION('',(0.,0.,-1.));
#5116=AXIS2_PLACEMENT_3D('',#5113,#5114,#5115);
#5117=CIRCLE('',#5116,5.);
#5118=EDGE_CURVE('NONE',#5112,#5100,#5117,.T.);
#5119=ORIENTED_EDGE('',*,*,#5118,.F.);
#5120=CARTESIAN_POINT('',(636.87863907,-150.729122671,129.322174843));
#5121=DIRECTION('',(-0.,1.,-0.));
#5122=DIRECTION('',(0.,0.,-1.));
#5123=AXIS2_PLACEMENT_3D('',#5120,#5121,#5122);
#5124=CIRCLE('',#5123,5.);
#5125=EDGE_CURVE('NONE',#5100,#5112,#5124,.T.);
#5126=ORIENTED_EDGE('',*,*,#5125,.F.);
#5127=EDGE_LOOP('',(#5106,#5107,#5108,#5109,#5110,#5119,#5126));
#5128=FACE_BOUND('',#5127,.T.);
#5129=ADVANCED_FACE('NONE',(#5128),#5098,.F.);
#5130=CARTESIAN_POINT('',(676.87863907,-150.729122671,139.322174843));
#5131=DIRECTION('',(0.,1.,0.));
#5132=DIRECTION('',(0.,-0.,1.));
#5133=AXIS2_PLACEMENT_3D('',#5130,#5131,#5132);
#5134=CONICAL_SURFACE('',#5133,5.,45.);
#5135=CARTESIAN_POINT('',(676.87863907,-150.729122671,144.322174843));
#5136=VERTEX_POINT('',#5135);
#5137=CARTESIAN_POINT('',(676.87863907,-147.729122671,147.322174843));
#5138=DIRECTION('',(-0.,-0.707106781,-0.707106781));
#5139=VECTOR('',#5138,4.242640687);
#5140=LINE('',#5137,#5139);
#5141=EDGE_CURVE('',#855,#5136,#5140,.T.);
#5142=ORIENTED_EDGE('',*,*,#5141,.F.);
#5143=ORIENTED_EDGE('',*,*,#879,.F.);
#5144=ORIENTED_EDGE('',*,*,#872,.F.);
#5145=ORIENTED_EDGE('',*,*,#863,.F.);
#5146=ORIENTED_EDGE('',*,*,#5141,.T.);
#5147=CARTESIAN_POINT('',(676.87863907,-150.729122671,134.322174843));
#5148=VERTEX_POINT('',#5147);
#5149=CARTESIAN_POINT('',(676.87863907,-150.729122671,139.322174843));
#5150=DIRECTION('',(-0.,1.,-0.));
#5151=DIRECTION('',(0.,0.,-1.));
#5152=AXIS2_PLACEMENT_3D('',#5149,#5150,#5151);
#5153=CIRCLE('',#5152,5.);
#5154=EDGE_CURVE('NONE',#5148,#5136,#5153,.T.);
#5155=ORIENTED_EDGE('',*,*,#5154,.F.);
#5156=CARTESIAN_POINT('',(676.87863907,-150.729122671,139.322174843));
#5157=DIRECTION('',(-0.,1.,-0.));
#5158=DIRECTION('',(0.,0.,-1.));
#5159=AXIS2_PLACEMENT_3D('',#5156,#5157,#5158);
#5160=CIRCLE('',#5159,5.);
#5161=EDGE_CURVE('NONE',#5136,#5148,#5160,.T.);
#5162=ORIENTED_EDGE('',*,*,#5161,.F.);
#5163=EDGE_LOOP('',(#5142,#5143,#5144,#5145,#5146,#5155,#5162));
#5164=FACE_BOUND('',#5163,.T.);
#5165=ADVANCED_FACE('NONE',(#5164),#5134,.F.);
#5166=CARTESIAN_POINT('',(716.87863907,-150.729122671,129.322174843));
#5167=DIRECTION('',(0.,1.,0.));
#5168=DIRECTION('',(0.,-0.,1.));
#5169=AXIS2_PLACEMENT_3D('',#5166,#5167,#5168);
#5170=CONICAL_SURFACE('',#5169,5.,45.);
#5171=CARTESIAN_POINT('',(716.87863907,-150.729122671,134.322174843));
#5172=VERTEX_POINT('',#5171);
#5173=CARTESIAN_POINT('',(716.87863907,-147.729122671,137.322174843));
#5174=DIRECTION('',(-0.,-0.707106781,-0.707106781));
#5175=VECTOR('',#5174,4.242640687);
#5176=LINE('',#5173,#5175);
#5177=EDGE_CURVE('',#826,#5172,#5176,.T.);
#5178=ORIENTED_EDGE('',*,*,#5177,.F.);
#5179=ORIENTED_EDGE('',*,*,#850,.F.);
#5180=ORIENTED_EDGE('',*,*,#843,.F.);
#5181=ORIENTED_EDGE('',*,*,#834,.F.);
#5182=ORIENTED_EDGE('',*,*,#5177,.T.);
#5183=CARTESIAN_POINT('',(716.87863907,-150.729122671,124.322174843));
#5184=VERTEX_POINT('',#5183);
#5185=CARTESIAN_POINT('',(716.87863907,-150.729122671,129.322174843));
#5186=DIRECTION('',(-0.,1.,-0.));
#5187=DIRECTION('',(0.,0.,-1.));
#5188=AXIS2_PLACEMENT_3D('',#5185,#5186,#5187);
#5189=CIRCLE('',#5188,5.);
#5190=EDGE_CURVE('NONE',#5184,#5172,#5189,.T.);
#5191=ORIENTED_EDGE('',*,*,#5190,.F.);
#5192=CARTESIAN_POINT('',(716.87863907,-150.729122671,129.322174843));
#5193=DIRECTION('',(-0.,1.,-0.));
#5194=DIRECTION('',(0.,0.,-1.));
#5195=AXIS2_PLACEMENT_3D('',#5192,#5193,#5194);
#5196=CIRCLE('',#5195,5.);
#5197=EDGE_CURVE('NONE',#5172,#5184,#5196,.T.);
#5198=ORIENTED_EDGE('',*,*,#5197,.F.);
#5199=EDGE_LOOP('',(#5178,#5179,#5180,#5181,#5182,#5191,#5198));
#5200=FACE_BOUND('',#5199,.T.);
#5201=ADVANCED_FACE('NONE',(#5200),#5170,.F.);
#5202=CARTESIAN_POINT('',(496.881416837,-148.729122671,193.322174843));
#5203=DIRECTION('',(0.,0.,-1.));
#5204=DIRECTION('',(-1.,0.,0.));
#5205=AXIS2_PLACEMENT_3D('',#5202,#5203,#5204);
#5206=PLANE('',#5205);
#5207=ORIENTED_EDGE('',*,*,#2298,.T.);
#5208=ORIENTED_EDGE('',*,*,#2334,.F.);
#5209=ORIENTED_EDGE('',*,*,#2543,.F.);
#5210=CARTESIAN_POINT('',(856.87863907,-153.729122671,193.322174843));
#5211=DIRECTION('',(0.,1.,0.));
#5212=VECTOR('',#5211,6.);
#5213=LINE('',#5210,#5212);
#5214=EDGE_CURVE('NONE',#2532,#2293,#5213,.T.);
#5215=ORIENTED_EDGE('',*,*,#5214,.T.);
#5216=EDGE_LOOP('',(#5207,#5208,#5209,#5215));
#5217=FACE_BOUND('',#5216,.T.);
#5218=ADVANCED_FACE('NONE',(#5217),#5206,.F.);
#5219=CARTESIAN_POINT('',(627.415978631,-147.729122671,30.500668673));
#5220=DIRECTION('',(0.,0.,1.));
#5221=DIRECTION('',(1.,0.,0.));
#5222=AXIS2_PLACEMENT_3D('',#5219,#5220,#5221);
#5223=PLANE('',#5222);
#5224=ORIENTED_EDGE('',*,*,#3582,.F.);
#5225=CARTESIAN_POINT('',(634.341299508,-153.729122671,30.500668673));
#5226=DIRECTION('',(-0.,1.,-0.));
#5227=VECTOR('',#5226,6.);
#5228=LINE('',#5225,#5227);
#5229=EDGE_CURVE('',#3568,#1628,#5228,.T.);
#5230=ORIENTED_EDGE('',*,*,#5229,.T.);
#5231=ORIENTED_EDGE('',*,*,#1633,.T.);
#5232=CARTESIAN_POINT('',(629.415978631,-147.729122671,30.500668673));
#5233=DIRECTION('',(0.,-1.,0.));
#5234=VECTOR('',#5233,6.);
#5235=LINE('',#5232,#5234);
#5236=EDGE_CURVE('',#1619,#3577,#5235,.T.);
#5237=ORIENTED_EDGE('',*,*,#5236,.T.);
#5238=EDGE_LOOP('',(#5224,#5230,#5231,#5237));
#5239=FACE_BOUND('',#5238,.T.);
#5240=ADVANCED_FACE('NONE',(#5239),#5223,.T.);
#5241=CARTESIAN_POINT('',(636.341299508,-147.729122671,30.500668673));
#5242=DIRECTION('',(-1.,0.,0.));
#5243=DIRECTION('',(0.,0.,1.));
#5244=AXIS2_PLACEMENT_3D('',#5241,#5242,#5243);
#5245=PLANE('',#5244);
#5246=ORIENTED_EDGE('',*,*,#3565,.F.);
#5247=CARTESIAN_POINT('',(636.341299508,-153.729122671,95.606446091));
#5248=DIRECTION('',(-0.,1.,-0.));
#5249=VECTOR('',#5248,6.);
#5250=LINE('',#5247,#5249);
#5251=EDGE_CURVE('',#3558,#1645,#5250,.T.);
#5252=ORIENTED_EDGE('',*,*,#5251,.T.);
#5253=ORIENTED_EDGE('',*,*,#1650,.T.);
#5254=CARTESIAN_POINT('',(636.341299508,-147.729122671,32.500668673));
#5255=DIRECTION('',(0.,-1.,0.));
#5256=VECTOR('',#5255,6.);
#5257=LINE('',#5254,#5256);
#5258=EDGE_CURVE('',#1636,#3560,#5257,.T.);
#5259=ORIENTED_EDGE('',*,*,#5258,.T.);
#5260=EDGE_LOOP('',(#5246,#5252,#5253,#5259));
#5261=FACE_BOUND('',#5260,.T.);
#5262=ADVANCED_FACE('NONE',(#5261),#5245,.T.);
#5263=CARTESIAN_POINT('',(627.415978631,-147.729122671,97.606446091));
#5264=DIRECTION('',(0.,0.,-1.));
#5265=DIRECTION('',(-1.,0.,0.));
#5266=AXIS2_PLACEMENT_3D('',#5263,#5264,#5265);
#5267=PLANE('',#5266);
#5268=ORIENTED_EDGE('',*,*,#1667,.T.);
#5269=CARTESIAN_POINT('',(634.341299508,-147.729122671,97.606446091));
#5270=DIRECTION('',(0.,-1.,0.));
#5271=VECTOR('',#5270,6.);
#5272=LINE('',#5269,#5271);
#5273=EDGE_CURVE('',#1653,#3611,#5272,.T.);
#5274=ORIENTED_EDGE('',*,*,#5273,.T.);
#5275=ORIENTED_EDGE('',*,*,#3616,.F.);
#5276=CARTESIAN_POINT('',(629.415978631,-153.729122671,97.606446091));
#5277=DIRECTION('',(-0.,1.,-0.));
#5278=VECTOR('',#5277,6.);
#5279=LINE('',#5276,#5278);
#5280=EDGE_CURVE('',#3602,#1662,#5279,.T.);
#5281=ORIENTED_EDGE('',*,*,#5280,.T.);
#5282=EDGE_LOOP('',(#5268,#5274,#5275,#5281));
#5283=FACE_BOUND('',#5282,.T.);
#5284=ADVANCED_FACE('NONE',(#5283),#5267,.T.);
#5285=CARTESIAN_POINT('',(627.415978631,-147.729122671,30.500668673));
#5286=DIRECTION('',(1.,0.,0.));
#5287=DIRECTION('',(0.,0.,-1.));
#5288=AXIS2_PLACEMENT_3D('',#5285,#5286,#5287);
#5289=PLANE('',#5288);
#5290=ORIENTED_EDGE('',*,*,#3599,.F.);
#5291=CARTESIAN_POINT('',(627.415978631,-153.729122671,32.500668673));
#5292=DIRECTION('',(-0.,1.,-0.));
#5293=VECTOR('',#5292,6.);
#5294=LINE('',#5291,#5293);
#5295=EDGE_CURVE('',#3585,#1609,#5294,.T.);
#5296=ORIENTED_EDGE('',*,*,#5295,.T.);
#5297=ORIENTED_EDGE('',*,*,#1616,.T.);
#5298=CARTESIAN_POINT('',(627.415978631,-147.729122671,95.606446091));
#5299=DIRECTION('',(0.,-1.,0.));
#5300=VECTOR('',#5299,6.);
#5301=LINE('',#5298,#5300);
#5302=EDGE_CURVE('',#1611,#3594,#5301,.T.);
#5303=ORIENTED_EDGE('',*,*,#5302,.T.);
#5304=EDGE_LOOP('',(#5290,#5296,#5297,#5303));
#5305=FACE_BOUND('',#5304,.T.);
#5306=ADVANCED_FACE('NONE',(#5305),#5289,.T.);
#5307=CARTESIAN_POINT('',(676.87863907,-147.729122671,164.322174843));
#5308=DIRECTION('',(0.,-1.,0.));
#5309=DIRECTION('',(0.,0.,-1.));
#5310=AXIS2_PLACEMENT_3D('',#5307,#5308,#5309);
#5311=CYLINDRICAL_SURFACE('',#5310,1.6);
#5312=CARTESIAN_POINT('',(676.87863907,-153.729122671,162.722174843));
#5313=DIRECTION('',(-0.,1.,-0.));
#5314=VECTOR('',#5313,6.);
#5315=LINE('',#5312,#5314);
#5316=EDGE_CURVE('',#4295,#913,#5315,.T.);
#5317=ORIENTED_EDGE('',*,*,#5316,.F.);
#5318=ORIENTED_EDGE('',*,*,#4319,.F.);
#5319=ORIENTED_EDGE('',*,*,#4312,.F.);
#5320=ORIENTED_EDGE('',*,*,#4303,.F.);
#5321=ORIENTED_EDGE('',*,*,#5316,.T.);
#5322=ORIENTED_EDGE('',*,*,#921,.T.);
#5323=ORIENTED_EDGE('',*,*,#937,.T.);
#5324=ORIENTED_EDGE('',*,*,#930,.T.);
#5325=EDGE_LOOP('',(#5317,#5318,#5319,#5320,#5321,#5322,#5323,#5324));
#5326=FACE_BOUND('',#5325,.T.);
#5327=ADVANCED_FACE('NONE',(#5326),#5311,.F.);
#5328=CARTESIAN_POINT('',(676.87863907,-147.729122671,176.322174843));
#5329=DIRECTION('',(0.,-1.,0.));
#5330=DIRECTION('',(0.,0.,-1.));
#5331=AXIS2_PLACEMENT_3D('',#5328,#5329,#5330);
#5332=CYLINDRICAL_SURFACE('',#5331,5.);
#5333=CARTESIAN_POINT('',(676.87863907,-153.729122671,171.322174843));
#5334=DIRECTION('',(-0.,1.,-0.));
#5335=VECTOR('',#5334,6.);
#5336=LINE('',#5333,#5335);
#5337=EDGE_CURVE('',#3628,#942,#5336,.T.);
#5338=ORIENTED_EDGE('',*,*,#5337,.F.);
#5339=ORIENTED_EDGE('',*,*,#3652,.F.);
#5340=ORIENTED_EDGE('',*,*,#3645,.F.);
#5341=ORIENTED_EDGE('',*,*,#3636,.F.);
#5342=ORIENTED_EDGE('',*,*,#5337,.T.);
#5343=ORIENTED_EDGE('',*,*,#950,.T.);
#5344=ORIENTED_EDGE('',*,*,#966,.T.);
#5345=ORIENTED_EDGE('',*,*,#959,.T.);
#5346=EDGE_LOOP('',(#5338,#5339,#5340,#5341,#5342,#5343,#5344,#5345));
#5347=FACE_BOUND('',#5346,.T.);
#5348=ADVANCED_FACE('NONE',(#5347),#5332,.F.);
#5349=CARTESIAN_POINT('',(636.87863907,-147.729122671,147.822174843));
#5350=DIRECTION('',(0.,-1.,0.));
#5351=DIRECTION('',(0.,0.,-1.));
#5352=AXIS2_PLACEMENT_3D('',#5349,#5350,#5351);
#5353=CYLINDRICAL_SURFACE('',#5352,2.1);
#5354=CARTESIAN_POINT('',(636.87863907,-153.729122671,145.722174843));
#5355=DIRECTION('',(-0.,1.,-0.));
#5356=VECTOR('',#5355,6.);
#5357=LINE('',#5354,#5356);
#5358=EDGE_CURVE('',#4266,#971,#5357,.T.);
#5359=ORIENTED_EDGE('',*,*,#5358,.F.);
#5360=ORIENTED_EDGE('',*,*,#4290,.F.);
#5361=ORIENTED_EDGE('',*,*,#4283,.F.);
#5362=ORIENTED_EDGE('',*,*,#4274,.F.);
#5363=ORIENTED_EDGE('',*,*,#5358,.T.);
#5364=ORIENTED_EDGE('',*,*,#979,.T.);
#5365=ORIENTED_EDGE('',*,*,#995,.T.);
#5366=ORIENTED_EDGE('',*,*,#988,.T.);
#5367=EDGE_LOOP('',(#5359,#5360,#5361,#5362,#5363,#5364,#5365,#5366));
#5368=FACE_BOUND('',#5367,.T.);
#5369=ADVANCED_FACE('NONE',(#5368),#5353,.F.);
#5370=CARTESIAN_POINT('',(636.87863907,-147.729122671,110.822174843));
#5371=DIRECTION('',(0.,-1.,0.));
#5372=DIRECTION('',(0.,0.,-1.));
#5373=AXIS2_PLACEMENT_3D('',#5370,#5371,#5372);
#5374=CYLINDRICAL_SURFACE('',#5373,2.1);
#5375=CARTESIAN_POINT('',(636.87863907,-153.729122671,108.722174843));
#5376=DIRECTION('',(-0.,1.,-0.));
#5377=VECTOR('',#5376,6.);
#5378=LINE('',#5375,#5377);
#5379=EDGE_CURVE('',#3657,#1000,#5378,.T.);
#5380=ORIENTED_EDGE('',*,*,#5379,.F.);
#5381=ORIENTED_EDGE('',*,*,#3681,.F.);
#5382=ORIENTED_EDGE('',*,*,#3674,.F.);
#5383=ORIENTED_EDGE('',*,*,#3665,.F.);
#5384=ORIENTED_EDGE('',*,*,#5379,.T.);
#5385=ORIENTED_EDGE('',*,*,#1008,.T.);
#5386=ORIENTED_EDGE('',*,*,#1024,.T.);
#5387=ORIENTED_EDGE('',*,*,#1017,.T.);
#5388=EDGE_LOOP('',(#5380,#5381,#5382,#5383,#5384,#5385,#5386,#5387));
#5389=FACE_BOUND('',#5388,.T.);
#5390=ADVANCED_FACE('NONE',(#5389),#5374,.F.);
#5391=CARTESIAN_POINT('',(716.87863907,-147.729122671,147.822174843));
#5392=DIRECTION('',(0.,-1.,0.));
#5393=DIRECTION('',(0.,0.,-1.));
#5394=AXIS2_PLACEMENT_3D('',#5391,#5392,#5393);
#5395=CYLINDRICAL_SURFACE('',#5394,2.1);
#5396=CARTESIAN_POINT('',(716.87863907,-153.729122671,145.722174843));
#5397=DIRECTION('',(-0.,1.,-0.));
#5398=VECTOR('',#5397,6.);
#5399=LINE('',#5396,#5398);
#5400=EDGE_CURVE('',#4237,#1029,#5399,.T.);
#5401=ORIENTED_EDGE('',*,*,#5400,.F.);
#5402=ORIENTED_EDGE('',*,*,#4261,.F.);
#5403=ORIENTED_EDGE('',*,*,#4254,.F.);
#5404=ORIENTED_EDGE('',*,*,#4245,.F.);
#5405=ORIENTED_EDGE('',*,*,#5400,.T.);
#5406=ORIENTED_EDGE('',*,*,#1037,.T.);
#5407=ORIENTED_EDGE('',*,*,#1053,.T.);
#5408=ORIENTED_EDGE('',*,*,#1046,.T.);
#5409=EDGE_LOOP('',(#5401,#5402,#5403,#5404,#5405,#5406,#5407,#5408));
#5410=FACE_BOUND('',#5409,.T.);
#5411=ADVANCED_FACE('NONE',(#5410),#5395,.F.);
#5412=CARTESIAN_POINT('',(716.87863907,-147.729122671,110.822174843));
#5413=DIRECTION('',(0.,-1.,0.));
#5414=DIRECTION('',(0.,0.,-1.));
#5415=AXIS2_PLACEMENT_3D('',#5412,#5413,#5414);
#5416=CYLINDRICAL_SURFACE('',#5415,2.1);
#5417=CARTESIAN_POINT('',(716.87863907,-153.729122671,108.722174843));
#5418=DIRECTION('',(-0.,1.,-0.));
#5419=VECTOR('',#5418,6.);
#5420=LINE('',#5417,#5419);
#5421=EDGE_CURVE('',#3686,#1058,#5420,.T.);
#5422=ORIENTED_EDGE('',*,*,#5421,.F.);
#5423=ORIENTED_EDGE('',*,*,#3710,.F.);
#5424=ORIENTED_EDGE('',*,*,#3703,.F.);
#5425=ORIENTED_EDGE('',*,*,#3694,.F.);
#5426=ORIENTED_EDGE('',*,*,#5421,.T.);
#5427=ORIENTED_EDGE('',*,*,#1066,.T.);
#5428=ORIENTED_EDGE('',*,*,#1082,.T.);
#5429=ORIENTED_EDGE('',*,*,#1075,.T.);
#5430=EDGE_LOOP('',(#5422,#5423,#5424,#5425,#5426,#5427,#5428,#5429));
#5431=FACE_BOUND('',#5430,.T.);
#5432=ADVANCED_FACE('NONE',(#5431),#5416,.F.);
#5433=CARTESIAN_POINT('',(676.87863907,-147.729122671,139.322174843));
#5434=DIRECTION('',(0.,-1.,0.));
#5435=DIRECTION('',(0.,0.,-1.));
#5436=AXIS2_PLACEMENT_3D('',#5433,#5434,#5435);
#5437=CYLINDRICAL_SURFACE('',#5436,5.);
#5438=CARTESIAN_POINT('',(676.87863907,-153.729122671,134.322174843));
#5439=DIRECTION('',(-0.,1.,-0.));
#5440=VECTOR('',#5439,3.);
#5441=LINE('',#5438,#5440);
#5442=EDGE_CURVE('',#4814,#5148,#5441,.T.);
#5443=ORIENTED_EDGE('',*,*,#5442,.F.);
#5444=ORIENTED_EDGE('',*,*,#4838,.F.);
#5445=ORIENTED_EDGE('',*,*,#4831,.F.);
#5446=ORIENTED_EDGE('',*,*,#4822,.F.);
#5447=ORIENTED_EDGE('',*,*,#5442,.T.);
#5448=ORIENTED_EDGE('',*,*,#5154,.T.);
#5449=ORIENTED_EDGE('',*,*,#5161,.T.);
#5450=EDGE_LOOP('',(#5443,#5444,#5445,#5446,#5447,#5448,#5449));
#5451=FACE_BOUND('',#5450,.T.);
#5452=ADVANCED_FACE('NONE',(#5451),#5437,.F.);
#5453=CARTESIAN_POINT('',(716.87863907,-147.729122671,129.322174843));
#5454=DIRECTION('',(0.,-1.,0.));
#5455=DIRECTION('',(0.,0.,-1.));
#5456=AXIS2_PLACEMENT_3D('',#5453,#5454,#5455);
#5457=CYLINDRICAL_SURFACE('',#5456,5.);
#5458=CARTESIAN_POINT('',(716.87863907,-153.729122671,124.322174843));
#5459=DIRECTION('',(-0.,1.,-0.));
#5460=VECTOR('',#5459,3.);
#5461=LINE('',#5458,#5460);
#5462=EDGE_CURVE('',#4774,#5184,#5461,.T.);
#5463=ORIENTED_EDGE('',*,*,#5462,.F.);
#5464=ORIENTED_EDGE('',*,*,#4798,.F.);
#5465=ORIENTED_EDGE('',*,*,#4791,.F.);
#5466=ORIENTED_EDGE('',*,*,#4782,.F.);
#5467=ORIENTED_EDGE('',*,*,#5462,.T.);
#5468=ORIENTED_EDGE('',*,*,#5190,.T.);
#5469=ORIENTED_EDGE('',*,*,#5197,.T.);
#5470=EDGE_LOOP('',(#5463,#5464,#5465,#5466,#5467,#5468,#5469));
#5471=FACE_BOUND('',#5470,.T.);
#5472=ADVANCED_FACE('NONE',(#5471),#5457,.F.);
#5473=CARTESIAN_POINT('',(636.87863907,-147.729122671,129.322174843));
#5474=DIRECTION('',(0.,-1.,0.));
#5475=DIRECTION('',(0.,0.,-1.));
#5476=AXIS2_PLACEMENT_3D('',#5473,#5474,#5475);
#5477=CYLINDRICAL_SURFACE('',#5476,5.);
#5478=CARTESIAN_POINT('',(636.87863907,-153.729122671,124.322174843));
#5479=DIRECTION('',(-0.,1.,-0.));
#5480=VECTOR('',#5479,3.);
#5481=LINE('',#5478,#5480);
#5482=EDGE_CURVE('',#4854,#5112,#5481,.T.);
#5483=ORIENTED_EDGE('',*,*,#5482,.F.);
#5484=ORIENTED_EDGE('',*,*,#4878,.F.);
#5485=ORIENTED_EDGE('',*,*,#4871,.F.);
#5486=ORIENTED_EDGE('',*,*,#4862,.F.);
#5487=ORIENTED_EDGE('',*,*,#5482,.T.);
#5488=ORIENTED_EDGE('',*,*,#5118,.T.);
#5489=ORIENTED_EDGE('',*,*,#5125,.T.);
#5490=EDGE_LOOP('',(#5483,#5484,#5485,#5486,#5487,#5488,#5489));
#5491=FACE_BOUND('',#5490,.T.);
#5492=ADVANCED_FACE('NONE',(#5491),#5477,.F.);
#5493=CARTESIAN_POINT('',(596.87863907,-147.729122671,47.322174843));
#5494=DIRECTION('',(0.,-1.,0.));
#5495=DIRECTION('',(0.,0.,-1.));
#5496=AXIS2_PLACEMENT_3D('',#5493,#5494,#5495);
#5497=CYLINDRICAL_SURFACE('',#5496,2.6);
#5498=CARTESIAN_POINT('',(596.87863907,-153.729122671,44.722174843));
#5499=DIRECTION('',(-0.,1.,-0.));
#5500=VECTOR('',#5499,6.);
#5501=LINE('',#5498,#5500);
#5502=EDGE_CURVE('',#3715,#1087,#5501,.T.);
#5503=ORIENTED_EDGE('',*,*,#5502,.F.);
#5504=ORIENTED_EDGE('',*,*,#3739,.F.);
#5505=ORIENTED_EDGE('',*,*,#3732,.F.);
#5506=ORIENTED_EDGE('',*,*,#3723,.F.);
#5507=ORIENTED_EDGE('',*,*,#5502,.T.);
#5508=ORIENTED_EDGE('',*,*,#1095,.T.);
#5509=ORIENTED_EDGE('',*,*,#1111,.T.);
#5510=ORIENTED_EDGE('',*,*,#1104,.T.);
#5511=EDGE_LOOP('',(#5503,#5504,#5505,#5506,#5507,#5508,#5509,#5510));
#5512=FACE_BOUND('',#5511,.T.);
#5513=ADVANCED_FACE('NONE',(#5512),#5497,.F.);
#5514=CARTESIAN_POINT('',(655.87863907,-147.729122671,109.322174843));
#5515=DIRECTION('',(0.,-1.,0.));
#5516=DIRECTION('',(0.,0.,-1.));
#5517=AXIS2_PLACEMENT_3D('',#5514,#5515,#5516);
#5518=CYLINDRICAL_SURFACE('',#5517,2.6);
#5519=CARTESIAN_POINT('',(655.87863907,-153.729122671,106.722174843));
#5520=DIRECTION('',(-0.,1.,-0.));
#5521=VECTOR('',#5520,6.);
#5522=LINE('',#5519,#5521);
#5523=EDGE_CURVE('',#4208,#1116,#5522,.T.);
#5524=ORIENTED_EDGE('',*,*,#5523,.F.);
#5525=ORIENTED_EDGE('',*,*,#4232,.F.);
#5526=ORIENTED_EDGE('',*,*,#4225,.F.);
#5527=ORIENTED_EDGE('',*,*,#4216,.F.);
#5528=ORIENTED_EDGE('',*,*,#5523,.T.);
#5529=ORIENTED_EDGE('',*,*,#1124,.T.);
#5530=ORIENTED_EDGE('',*,*,#1140,.T.);
#5531=ORIENTED_EDGE('',*,*,#1133,.T.);
#5532=EDGE_LOOP('',(#5524,#5525,#5526,#5527,#5528,#5529,#5530,#5531));
#5533=FACE_BOUND('',#5532,.T.);
#5534=ADVANCED_FACE('NONE',(#5533),#5518,.F.);
#5535=CARTESIAN_POINT('',(655.87863907,-147.729122671,164.322174843));
#5536=DIRECTION('',(0.,-1.,0.));
#5537=DIRECTION('',(0.,0.,-1.));
#5538=AXIS2_PLACEMENT_3D('',#5535,#5536,#5537);
#5539=CYLINDRICAL_SURFACE('',#5538,2.6);
#5540=CARTESIAN_POINT('',(655.87863907,-153.729122671,161.722174843));
#5541=DIRECTION('',(-0.,1.,-0.));
#5542=VECTOR('',#5541,6.);
#5543=LINE('',#5540,#5542);
#5544=EDGE_CURVE('',#3744,#1145,#5543,.T.);
#5545=ORIENTED_EDGE('',*,*,#5544,.F.);
#5546=ORIENTED_EDGE('',*,*,#3768,.F.);
#5547=ORIENTED_EDGE('',*,*,#3761,.F.);
#5548=ORIENTED_EDGE('',*,*,#3752,.F.);
#5549=ORIENTED_EDGE('',*,*,#5544,.T.);
#5550=ORIENTED_EDGE('',*,*,#1153,.T.);
#5551=ORIENTED_EDGE('',*,*,#1169,.T.);
#5552=ORIENTED_EDGE('',*,*,#1162,.T.);
#5553=EDGE_LOOP('',(#5545,#5546,#5547,#5548,#5549,#5550,#5551,#5552));
#5554=FACE_BOUND('',#5553,.T.);
#5555=ADVANCED_FACE('NONE',(#5554),#5539,.F.);
#5556=CARTESIAN_POINT('',(697.87863907,-147.729122671,109.322174843));
#5557=DIRECTION('',(0.,-1.,0.));
#5558=DIRECTION('',(0.,0.,-1.));
#5559=AXIS2_PLACEMENT_3D('',#5556,#5557,#5558);
#5560=CYLINDRICAL_SURFACE('',#5559,2.6);
#5561=CARTESIAN_POINT('',(697.87863907,-153.729122671,106.722174843));
#5562=DIRECTION('',(-0.,1.,-0.));
#5563=VECTOR('',#5562,6.);
#5564=LINE('',#5561,#5563);
#5565=EDGE_CURVE('',#4179,#1174,#5564,.T.);
#5566=ORIENTED_EDGE('',*,*,#5565,.F.);
#5567=ORIENTED_EDGE('',*,*,#4203,.F.);
#5568=ORIENTED_EDGE('',*,*,#4196,.F.);
#5569=ORIENTED_EDGE('',*,*,#4187,.F.);
#5570=ORIENTED_EDGE('',*,*,#5565,.T.);
#5571=ORIENTED_EDGE('',*,*,#1182,.T.);
#5572=ORIENTED_EDGE('',*,*,#1198,.T.);
#5573=ORIENTED_EDGE('',*,*,#1191,.T.);
#5574=EDGE_LOOP('',(#5566,#5567,#5568,#5569,#5570,#5571,#5572,#5573));
#5575=FACE_BOUND('',#5574,.T.);
#5576=ADVANCED_FACE('NONE',(#5575),#5560,.F.);
#5577=CARTESIAN_POINT('',(697.87863907,-147.729122671,164.322174843));
#5578=DIRECTION('',(0.,-1.,0.));
#5579=DIRECTION('',(0.,0.,-1.));
#5580=AXIS2_PLACEMENT_3D('',#5577,#5578,#5579);
#5581=CYLINDRICAL_SURFACE('',#5580,2.6);
#5582=CARTESIAN_POINT('',(697.87863907,-153.729122671,161.722174843));
#5583=DIRECTION('',(-0.,1.,-0.));
#5584=VECTOR('',#5583,6.);
#5585=LINE('',#5582,#5584);
#5586=EDGE_CURVE('',#3773,#1203,#5585,.T.);
#5587=ORIENTED_EDGE('',*,*,#5586,.F.);
#5588=ORIENTED_EDGE('',*,*,#3797,.F.);
#5589=ORIENTED_EDGE('',*,*,#3790,.F.);
#5590=ORIENTED_EDGE('',*,*,#3781,.F.);
#5591=ORIENTED_EDGE('',*,*,#5586,.T.);
#5592=ORIENTED_EDGE('',*,*,#1211,.T.);
#5593=ORIENTED_EDGE('',*,*,#1227,.T.);
#5594=ORIENTED_EDGE('',*,*,#1220,.T.);
#5595=EDGE_LOOP('',(#5587,#5588,#5589,#5590,#5591,#5592,#5593,#5594));
#5596=FACE_BOUND('',#5595,.T.);
#5597=ADVANCED_FACE('NONE',(#5596),#5581,.F.);
#5598=CARTESIAN_POINT('',(596.87863907,-147.729122671,89.322174843));
#5599=DIRECTION('',(0.,-1.,0.));
#5600=DIRECTION('',(0.,0.,-1.));
#5601=AXIS2_PLACEMENT_3D('',#5598,#5599,#5600);
#5602=CYLINDRICAL_SURFACE('',#5601,2.6);
#5603=CARTESIAN_POINT('',(596.87863907,-153.729122671,86.722174843));
#5604=DIRECTION('',(-0.,1.,-0.));
#5605=VECTOR('',#5604,6.);
#5606=LINE('',#5603,#5605);
#5607=EDGE_CURVE('',#4150,#1232,#5606,.T.);
#5608=ORIENTED_EDGE('',*,*,#5607,.F.);
#5609=ORIENTED_EDGE('',*,*,#4174,.F.);
#5610=ORIENTED_EDGE('',*,*,#4167,.F.);
#5611=ORIENTED_EDGE('',*,*,#4158,.F.);
#5612=ORIENTED_EDGE('',*,*,#5607,.T.);
#5613=ORIENTED_EDGE('',*,*,#1240,.T.);
#5614=ORIENTED_EDGE('',*,*,#1256,.T.);
#5615=ORIENTED_EDGE('',*,*,#1249,.T.);
#5616=EDGE_LOOP('',(#5608,#5609,#5610,#5611,#5612,#5613,#5614,#5615));
#5617=FACE_BOUND('',#5616,.T.);
#5618=ADVANCED_FACE('NONE',(#5617),#5602,.F.);
#5619=CARTESIAN_POINT('',(756.87863907,-147.729122671,89.322174843));
#5620=DIRECTION('',(0.,-1.,0.));
#5621=DIRECTION('',(0.,0.,-1.));
#5622=AXIS2_PLACEMENT_3D('',#5619,#5620,#5621);
#5623=CYLINDRICAL_SURFACE('',#5622,2.6);
#5624=CARTESIAN_POINT('',(756.87863907,-153.729122671,86.722174843));
#5625=DIRECTION('',(-0.,1.,-0.));
#5626=VECTOR('',#5625,6.);
#5627=LINE('',#5624,#5626);
#5628=EDGE_CURVE('',#3802,#1261,#5627,.T.);
#5629=ORIENTED_EDGE('',*,*,#5628,.F.);
#5630=ORIENTED_EDGE('',*,*,#3826,.F.);
#5631=ORIENTED_EDGE('',*,*,#3819,.F.);
#5632=ORIENTED_EDGE('',*,*,#3810,.F.);
#5633=ORIENTED_EDGE('',*,*,#5628,.T.);
#5634=ORIENTED_EDGE('',*,*,#1269,.T.);
#5635=ORIENTED_EDGE('',*,*,#1285,.T.);
#5636=ORIENTED_EDGE('',*,*,#1278,.T.);
#5637=EDGE_LOOP('',(#5629,#5630,#5631,#5632,#5633,#5634,#5635,#5636));
#5638=FACE_BOUND('',#5637,.T.);
#5639=ADVANCED_FACE('NONE',(#5638),#5623,.F.);
#5640=CARTESIAN_POINT('',(756.87863907,-147.729122671,47.322174843));
#5641=DIRECTION('',(0.,-1.,0.));
#5642=DIRECTION('',(0.,0.,-1.));
#5643=AXIS2_PLACEMENT_3D('',#5640,#5641,#5642);
#5644=CYLINDRICAL_SURFACE('',#5643,2.6);
#5645=CARTESIAN_POINT('',(756.87863907,-153.729122671,44.722174843));
#5646=DIRECTION('',(-0.,1.,-0.));
#5647=VECTOR('',#5646,6.);
#5648=LINE('',#5645,#5647);
#5649=EDGE_CURVE('',#4121,#1290,#5648,.T.);
#5650=ORIENTED_EDGE('',*,*,#5649,.F.);
#5651=ORIENTED_EDGE('',*,*,#4145,.F.);
#5652=ORIENTED_EDGE('',*,*,#4138,.F.);
#5653=ORIENTED_EDGE('',*,*,#4129,.F.);
#5654=ORIENTED_EDGE('',*,*,#5649,.T.);
#5655=ORIENTED_EDGE('',*,*,#1298,.T.);
#5656=ORIENTED_EDGE('',*,*,#1314,.T.);
#5657=ORIENTED_EDGE('',*,*,#1307,.T.);
#5658=EDGE_LOOP('',(#5650,#5651,#5652,#5653,#5654,#5655,#5656,#5657));
#5659=FACE_BOUND('',#5658,.T.);
#5660=ADVANCED_FACE('NONE',(#5659),#5644,.F.);
#5661=CARTESIAN_POINT('',(544.556308599,-147.729122671,35.786640937));
#5662=DIRECTION('',(0.,-1.,0.));
#5663=DIRECTION('',(0.,0.,-1.));
#5664=AXIS2_PLACEMENT_3D('',#5661,#5662,#5663);
#5665=CYLINDRICAL_SURFACE('',#5664,1.6);
#5666=CARTESIAN_POINT('',(544.556308599,-153.729122671,34.186640937));
#5667=DIRECTION('',(-0.,1.,-0.));
#5668=VECTOR('',#5667,6.);
#5669=LINE('',#5666,#5668);
#5670=EDGE_CURVE('',#3831,#1319,#5669,.T.);
#5671=ORIENTED_EDGE('',*,*,#5670,.F.);
#5672=ORIENTED_EDGE('',*,*,#3855,.F.);
#5673=ORIENTED_EDGE('',*,*,#3848,.F.);
#5674=ORIENTED_EDGE('',*,*,#3839,.F.);
#5675=ORIENTED_EDGE('',*,*,#5670,.T.);
#5676=ORIENTED_EDGE('',*,*,#1327,.T.);
#5677=ORIENTED_EDGE('',*,*,#1343,.T.);
#5678=ORIENTED_EDGE('',*,*,#1336,.T.);
#5679=EDGE_LOOP('',(#5671,#5672,#5673,#5674,#5675,#5676,#5677,#5678));
#5680=FACE_BOUND('',#5679,.T.);
#5681=ADVANCED_FACE('NONE',(#5680),#5665,.F.);
#5682=CARTESIAN_POINT('',(558.698444223,-147.729122671,49.928776561));
#5683=DIRECTION('',(0.,-1.,0.));
#5684=DIRECTION('',(0.,0.,-1.));
#5685=AXIS2_PLACEMENT_3D('',#5682,#5683,#5684);
#5686=CYLINDRICAL_SURFACE('',#5685,1.6);
#5687=CARTESIAN_POINT('',(558.698444223,-153.729122671,48.328776561));
#5688=DIRECTION('',(-0.,1.,-0.));
#5689=VECTOR('',#5688,6.);
#5690=LINE('',#5687,#5689);
#5691=EDGE_CURVE('',#4092,#1348,#5690,.T.);
#5692=ORIENTED_EDGE('',*,*,#5691,.F.);
#5693=ORIENTED_EDGE('',*,*,#4116,.F.);
#5694=ORIENTED_EDGE('',*,*,#4109,.F.);
#5695=ORIENTED_EDGE('',*,*,#4100,.F.);
#5696=ORIENTED_EDGE('',*,*,#5691,.T.);
#5697=ORIENTED_EDGE('',*,*,#1356,.T.);
#5698=ORIENTED_EDGE('',*,*,#1372,.T.);
#5699=ORIENTED_EDGE('',*,*,#1365,.T.);
#5700=EDGE_LOOP('',(#5692,#5693,#5694,#5695,#5696,#5697,#5698,#5699));
#5701=FACE_BOUND('',#5700,.T.);
#5702=ADVANCED_FACE('NONE',(#5701),#5686,.F.);
#5703=CARTESIAN_POINT('',(537.485240787,-147.729122671,71.141979997));
#5704=DIRECTION('',(0.,-1.,0.));
#5705=DIRECTION('',(0.,0.,-1.));
#5706=AXIS2_PLACEMENT_3D('',#5703,#5704,#5705);
#5707=CYLINDRICAL_SURFACE('',#5706,1.6);
#5708=CARTESIAN_POINT('',(537.485240787,-153.729122671,69.541979997));
#5709=DIRECTION('',(-0.,1.,-0.));
#5710=VECTOR('',#5709,6.);
#5711=LINE('',#5708,#5710);
#5712=EDGE_CURVE('',#3860,#1377,#5711,.T.);
#5713=ORIENTED_EDGE('',*,*,#5712,.F.);
#5714=ORIENTED_EDGE('',*,*,#3884,.F.);
#5715=ORIENTED_EDGE('',*,*,#3877,.F.);
#5716=ORIENTED_EDGE('',*,*,#3868,.F.);
#5717=ORIENTED_EDGE('',*,*,#5712,.T.);
#5718=ORIENTED_EDGE('',*,*,#1385,.T.);
#5719=ORIENTED_EDGE('',*,*,#1401,.T.);
#5720=ORIENTED_EDGE('',*,*,#1394,.T.);
#5721=EDGE_LOOP('',(#5713,#5714,#5715,#5716,#5717,#5718,#5719,#5720));
#5722=FACE_BOUND('',#5721,.T.);
#5723=ADVANCED_FACE('NONE',(#5722),#5707,.F.);
#5724=CARTESIAN_POINT('',(523.343105164,-147.729122671,56.999844373));
#5725=DIRECTION('',(0.,-1.,0.));
#5726=DIRECTION('',(0.,0.,-1.));
#5727=AXIS2_PLACEMENT_3D('',#5724,#5725,#5726);
#5728=CYLINDRICAL_SURFACE('',#5727,1.6);
#5729=CARTESIAN_POINT('',(523.343105164,-153.729122671,55.399844373));
#5730=DIRECTION('',(-0.,1.,-0.));
#5731=VECTOR('',#5730,6.);
#5732=LINE('',#5729,#5731);
#5733=EDGE_CURVE('',#4063,#1406,#5732,.T.);
#5734=ORIENTED_EDGE('',*,*,#5733,.F.);
#5735=ORIENTED_EDGE('',*,*,#4087,.F.);
#5736=ORIENTED_EDGE('',*,*,#4080,.F.);
#5737=ORIENTED_EDGE('',*,*,#4071,.F.);
#5738=ORIENTED_EDGE('',*,*,#5733,.T.);
#5739=ORIENTED_EDGE('',*,*,#1414,.T.);
#5740=ORIENTED_EDGE('',*,*,#1430,.T.);
#5741=ORIENTED_EDGE('',*,*,#1423,.T.);
#5742=EDGE_LOOP('',(#5734,#5735,#5736,#5737,#5738,#5739,#5740,#5741));
#5743=FACE_BOUND('',#5742,.T.);
#5744=ADVANCED_FACE('NONE',(#5743),#5728,.F.);
#5745=CARTESIAN_POINT('',(541.020774693,-147.729122671,53.464310467));
#5746=DIRECTION('',(0.,-1.,0.));
#5747=DIRECTION('',(0.,0.,-1.));
#5748=AXIS2_PLACEMENT_3D('',#5745,#5746,#5747);
#5749=CYLINDRICAL_SURFACE('',#5748,7.5);
#5750=CARTESIAN_POINT('',(541.020774693,-153.729122671,45.964310467));
#5751=DIRECTION('',(-0.,1.,-0.));
#5752=VECTOR('',#5751,6.);
#5753=LINE('',#5750,#5752);
#5754=EDGE_CURVE('',#4034,#1435,#5753,.T.);
#5755=ORIENTED_EDGE('',*,*,#5754,.F.);
#5756=ORIENTED_EDGE('',*,*,#4058,.F.);
#5757=ORIENTED_EDGE('',*,*,#4051,.F.);
#5758=ORIENTED_EDGE('',*,*,#4042,.F.);
#5759=ORIENTED_EDGE('',*,*,#5754,.T.);
#5760=ORIENTED_EDGE('',*,*,#1443,.T.);
#5761=ORIENTED_EDGE('',*,*,#1459,.T.);
#5762=ORIENTED_EDGE('',*,*,#1452,.T.);
#5763=EDGE_LOOP('',(#5755,#5756,#5757,#5758,#5759,#5760,#5761,#5762));
#5764=FACE_BOUND('',#5763,.T.);
#5765=ADVANCED_FACE('NONE',(#5764),#5749,.F.);
#5766=CARTESIAN_POINT('',(830.414172976,-147.729122671,56.999844373));
#5767=DIRECTION('',(0.,-1.,0.));
#5768=DIRECTION('',(0.,0.,-1.));
#5769=AXIS2_PLACEMENT_3D('',#5766,#5767,#5768);
#5770=CYLINDRICAL_SURFACE('',#5769,1.6);
#5771=CARTESIAN_POINT('',(830.414172976,-153.729122671,55.399844373));
#5772=DIRECTION('',(-0.,1.,-0.));
#5773=VECTOR('',#5772,6.);
#5774=LINE('',#5771,#5773);
#5775=EDGE_CURVE('',#4005,#1464,#5774,.T.);
#5776=ORIENTED_EDGE('',*,*,#5775,.F.);
#5777=ORIENTED_EDGE('',*,*,#4029,.F.);
#5778=ORIENTED_EDGE('',*,*,#4022,.F.);
#5779=ORIENTED_EDGE('',*,*,#4013,.F.);
#5780=ORIENTED_EDGE('',*,*,#5775,.T.);
#5781=ORIENTED_EDGE('',*,*,#1472,.T.);
#5782=ORIENTED_EDGE('',*,*,#1488,.T.);
#5783=ORIENTED_EDGE('',*,*,#1481,.T.);
#5784=EDGE_LOOP('',(#5776,#5777,#5778,#5779,#5780,#5781,#5782,#5783));
#5785=FACE_BOUND('',#5784,.T.);
#5786=ADVANCED_FACE('NONE',(#5785),#5770,.F.);
#5787=CARTESIAN_POINT('',(816.272037352,-147.729122671,71.141979997));
#5788=DIRECTION('',(0.,-1.,0.));
#5789=DIRECTION('',(0.,0.,-1.));
#5790=AXIS2_PLACEMENT_3D('',#5787,#5788,#5789);
#5791=CYLINDRICAL_SURFACE('',#5790,1.6);
#5792=CARTESIAN_POINT('',(816.272037352,-153.729122671,69.541979997));
#5793=DIRECTION('',(-0.,1.,-0.));
#5794=VECTOR('',#5793,6.);
#5795=LINE('',#5792,#5794);
#5796=EDGE_CURVE('',#3889,#1493,#5795,.T.);
#5797=ORIENTED_EDGE('',*,*,#5796,.F.);
#5798=ORIENTED_EDGE('',*,*,#3913,.F.);
#5799=ORIENTED_EDGE('',*,*,#3906,.F.);
#5800=ORIENTED_EDGE('',*,*,#3897,.F.);
#5801=ORIENTED_EDGE('',*,*,#5796,.T.);
#5802=ORIENTED_EDGE('',*,*,#1501,.T.);
#5803=ORIENTED_EDGE('',*,*,#1517,.T.);
#5804=ORIENTED_EDGE('',*,*,#1510,.T.);
#5805=EDGE_LOOP('',(#5797,#5798,#5799,#5800,#5801,#5802,#5803,#5804));
#5806=FACE_BOUND('',#5805,.T.);
#5807=ADVANCED_FACE('NONE',(#5806),#5791,.F.);
#5808=CARTESIAN_POINT('',(795.058833916,-147.729122671,49.928776561));
#5809=DIRECTION('',(0.,-1.,0.));
#5810=DIRECTION('',(0.,0.,-1.));
#5811=AXIS2_PLACEMENT_3D('',#5808,#5809,#5810);
#5812=CYLINDRICAL_SURFACE('',#5811,1.6);
#5813=CARTESIAN_POINT('',(795.058833916,-153.729122671,48.328776561));
#5814=DIRECTION('',(-0.,1.,-0.));
#5815=VECTOR('',#5814,6.);
#5816=LINE('',#5813,#5815);
#5817=EDGE_CURVE('',#3976,#1522,#5816,.T.);
#5818=ORIENTED_EDGE('',*,*,#5817,.F.);
#5819=ORIENTED_EDGE('',*,*,#4000,.F.);
#5820=ORIENTED_EDGE('',*,*,#3993,.F.);
#5821=ORIENTED_EDGE('',*,*,#3984,.F.);
#5822=ORIENTED_EDGE('',*,*,#5817,.T.);
#5823=ORIENTED_EDGE('',*,*,#1530,.T.);
#5824=ORIENTED_EDGE('',*,*,#1546,.T.);
#5825=ORIENTED_EDGE('',*,*,#1539,.T.);
#5826=EDGE_LOOP('',(#5818,#5819,#5820,#5821,#5822,#5823,#5824,#5825));
#5827=FACE_BOUND('',#5826,.T.);
#5828=ADVANCED_FACE('NONE',(#5827),#5812,.F.);
#5829=CARTESIAN_POINT('',(809.20096954,-147.729122671,35.786640937));
#5830=DIRECTION('',(0.,-1.,0.));
#5831=DIRECTION('',(0.,0.,-1.));
#5832=AXIS2_PLACEMENT_3D('',#5829,#5830,#5831);
#5833=CYLINDRICAL_SURFACE('',#5832,1.6);
#5834=CARTESIAN_POINT('',(809.20096954,-153.729122671,34.186640937));
#5835=DIRECTION('',(-0.,1.,-0.));
#5836=VECTOR('',#5835,6.);
#5837=LINE('',#5834,#5836);
#5838=EDGE_CURVE('',#3918,#1551,#5837,.T.);
#5839=ORIENTED_EDGE('',*,*,#5838,.F.);
#5840=ORIENTED_EDGE('',*,*,#3942,.F.);
#5841=ORIENTED_EDGE('',*,*,#3935,.F.);
#5842=ORIENTED_EDGE('',*,*,#3926,.F.);
#5843=ORIENTED_EDGE('',*,*,#5838,.T.);
#5844=ORIENTED_EDGE('',*,*,#1559,.T.);
#5845=ORIENTED_EDGE('',*,*,#1575,.T.);
#5846=ORIENTED_EDGE('',*,*,#1568,.T.);
#5847=EDGE_LOOP('',(#5839,#5840,#5841,#5842,#5843,#5844,#5845,#5846));
#5848=FACE_BOUND('',#5847,.T.);
#5849=ADVANCED_FACE('NONE',(#5848),#5833,.F.);
#5850=CARTESIAN_POINT('',(812.736503446,-147.729122671,53.464310467));
#5851=DIRECTION('',(0.,-1.,0.));
#5852=DIRECTION('',(0.,0.,-1.));
#5853=AXIS2_PLACEMENT_3D('',#5850,#5851,#5852);
#5854=CYLINDRICAL_SURFACE('',#5853,7.5);
#5855=CARTESIAN_POINT('',(812.736503446,-153.729122671,45.964310467));
#5856=DIRECTION('',(-0.,1.,-0.));
#5857=VECTOR('',#5856,6.);
#5858=LINE('',#5855,#5857);
#5859=EDGE_CURVE('',#3947,#1580,#5858,.T.);
#5860=ORIENTED_EDGE('',*,*,#5859,.F.);
#5861=ORIENTED_EDGE('',*,*,#3971,.F.);
#5862=ORIENTED_EDGE('',*,*,#3964,.F.);
#5863=ORIENTED_EDGE('',*,*,#3955,.F.);
#5864=ORIENTED_EDGE('',*,*,#5859,.T.);
#5865=ORIENTED_EDGE('',*,*,#1588,.T.);
#5866=ORIENTED_EDGE('',*,*,#1604,.T.);
#5867=ORIENTED_EDGE('',*,*,#1597,.T.);
#5868=EDGE_LOOP('',(#5860,#5861,#5862,#5863,#5864,#5865,#5866,#5867));
#5869=FACE_BOUND('',#5868,.T.);
#5870=ADVANCED_FACE('NONE',(#5869),#5854,.F.);
#5871=CARTESIAN_POINT('',(556.87863907,-147.729122671,9.322174843));
#5872=DIRECTION('',(-0.,0.,1.));
#5873=DIRECTION('',(1.,0.,0.));
#5874=AXIS2_PLACEMENT_3D('',#5871,#5872,#5873);
#5875=PLANE('',#5874);
#5876=ORIENTED_EDGE('',*,*,#2678,.T.);
#5877=CARTESIAN_POINT('',(763.535493319,-153.729122671,9.322174843));
#5878=DIRECTION('',(0.,1.,0.));
#5879=VECTOR('',#5878,6.);
#5880=LINE('',#5877,#5879);
#5881=EDGE_CURVE('',#2664,#2151,#5880,.T.);
#5882=ORIENTED_EDGE('',*,*,#5881,.T.);
#5883=ORIENTED_EDGE('',*,*,#2156,.F.);
#5884=CARTESIAN_POINT('',(792.736503446,-147.729122671,9.322174843));
#5885=DIRECTION('',(0.,-1.,0.));
#5886=VECTOR('',#5885,6.);
#5887=LINE('',#5884,#5886);
#5888=EDGE_CURVE('',#2142,#2673,#5887,.T.);
#5889=ORIENTED_EDGE('',*,*,#5888,.T.);
#5890=EDGE_LOOP('',(#5876,#5882,#5883,#5889));
#5891=FACE_BOUND('',#5890,.T.);
#5892=ADVANCED_FACE('NONE',(#5891),#5875,.F.);
#5893=CARTESIAN_POINT('',(796.87863907,-147.729122671,9.322174843));
#5894=DIRECTION('',(-0.707106781,0.,0.707106781));
#5895=DIRECTION('',(0.707106781,0.,0.707106781));
#5896=AXIS2_PLACEMENT_3D('',#5893,#5894,#5895);
#5897=PLANE('',#5896);
#5898=ORIENTED_EDGE('',*,*,#2695,.T.);
#5899=CARTESIAN_POINT('',(799.807571258,-153.729122671,12.251107031));
#5900=DIRECTION('',(-0.,1.,-0.));
#5901=VECTOR('',#5900,6.);
#5902=LINE('',#5899,#5901);
#5903=EDGE_CURVE('',#2681,#2134,#5902,.T.);
#5904=ORIENTED_EDGE('',*,*,#5903,.T.);
#5905=ORIENTED_EDGE('',*,*,#2139,.F.);
#5906=CARTESIAN_POINT('',(853.949706881,-147.729122671,66.393242655));
#5907=DIRECTION('',(0.,-1.,0.));
#5908=VECTOR('',#5907,6.);
#5909=LINE('',#5906,#5908);
#5910=EDGE_CURVE('',#2125,#2690,#5909,.T.);
#5911=ORIENTED_EDGE('',*,*,#5910,.T.);
#5912=EDGE_LOOP('',(#5898,#5904,#5905,#5911));
#5913=FACE_BOUND('',#5912,.T.);
#5914=ADVANCED_FACE('NONE',(#5913),#5897,.F.);
#5915=CARTESIAN_POINT('',(856.87863907,-147.729122671,309.322174843));
#5916=DIRECTION('',(-1.,0.,-0.));
#5917=DIRECTION('',(-0.,0.,1.));
#5918=AXIS2_PLACEMENT_3D('',#5915,#5916,#5917);
#5919=PLANE('',#5918);
#5920=ORIENTED_EDGE('',*,*,#2537,.T.);
#5921=CARTESIAN_POINT('',(856.87863907,-153.729122671,184.719974843));
#5922=DIRECTION('',(0.,1.,0.));
#5923=VECTOR('',#5922,6.);
#5924=LINE('',#5921,#5923);
#5925=EDGE_CURVE('',#2522,#2102,#5924,.T.);
#5926=ORIENTED_EDGE('',*,*,#5925,.T.);
#5927=ORIENTED_EDGE('',*,*,#2304,.F.);
#5928=ORIENTED_EDGE('',*,*,#5214,.F.);
#5929=EDGE_LOOP('',(#5920,#5926,#5927,#5928));
#5930=FACE_BOUND('',#5929,.T.);
#5931=ADVANCED_FACE('NONE',(#5930),#5919,.F.);
#5932=CARTESIAN_POINT('',(496.87863907,-147.729122671,69.322174843));
#5933=DIRECTION('',(0.707106781,0.,0.707106781));
#5934=DIRECTION('',(0.707106781,0.,-0.707106781));
#5935=AXIS2_PLACEMENT_3D('',#5932,#5933,#5934);
#5936=PLANE('',#5935);
#5937=ORIENTED_EDGE('',*,*,#2593,.T.);
#5938=CARTESIAN_POINT('',(499.807571258,-153.729122671,66.393242655));
#5939=DIRECTION('',(-0.,1.,-0.));
#5940=VECTOR('',#5939,6.);
#5941=LINE('',#5938,#5940);
#5942=EDGE_CURVE('',#2579,#2236,#5941,.T.);
#5943=ORIENTED_EDGE('',*,*,#5942,.T.);
#5944=ORIENTED_EDGE('',*,*,#2241,.F.);
#5945=CARTESIAN_POINT('',(553.949706881,-147.729122671,12.251107031));
#5946=DIRECTION('',(0.,-1.,0.));
#5947=VECTOR('',#5946,6.);
#5948=LINE('',#5945,#5947);
#5949=EDGE_CURVE('',#2227,#2588,#5948,.T.);
#5950=ORIENTED_EDGE('',*,*,#5949,.T.);
#5951=EDGE_LOOP('',(#5937,#5943,#5944,#5950));
#5952=FACE_BOUND('',#5951,.T.);
#5953=ADVANCED_FACE('NONE',(#5952),#5936,.F.);
#5954=CARTESIAN_POINT('',(496.87863907,-147.729122671,309.322174843));
#5955=DIRECTION('',(1.,0.,0.));
#5956=DIRECTION('',(0.,0.,-1.));
#5957=AXIS2_PLACEMENT_3D('',#5954,#5955,#5956);
#5958=PLANE('',#5957);
#5959=ORIENTED_EDGE('',*,*,#2576,.T.);
#5960=CARTESIAN_POINT('',(496.87863907,-153.729122671,144.12));
#5961=DIRECTION('',(0.,1.,0.));
#5962=VECTOR('',#5961,6.);
#5963=LINE('',#5960,#5962);
#5964=EDGE_CURVE('',#2563,#2253,#5963,.T.);
#5965=ORIENTED_EDGE('',*,*,#5964,.T.);
#5966=ORIENTED_EDGE('',*,*,#2258,.F.);
#5967=CARTESIAN_POINT('',(496.87863907,-147.729122671,73.464310467));
#5968=DIRECTION('',(0.,-1.,0.));
#5969=VECTOR('',#5968,6.);
#5970=LINE('',#5967,#5969);
#5971=EDGE_CURVE('',#2244,#2571,#5970,.T.);
#5972=ORIENTED_EDGE('',*,*,#5971,.T.);
#5973=EDGE_LOOP('',(#5959,#5965,#5966,#5972));
#5974=FACE_BOUND('',#5973,.T.);
#5975=ADVANCED_FACE('',(#5974),#5958,.F.);
#5976=CARTESIAN_POINT('',(726.341299508,-9.729122671,64.053557382));
#5977=DIRECTION('',(-1.,0.,-0.));
#5978=DIRECTION('',(-0.,0.,1.));
#5979=AXIS2_PLACEMENT_3D('',#5976,#5977,#5978);
#5980=PLANE('',#5979);
#5981=ORIENTED_EDGE('',*,*,#1686,.T.);
#5982=CARTESIAN_POINT('',(726.341299508,-147.729122671,32.500668673));
#5983=DIRECTION('',(0.,-1.,0.));
#5984=VECTOR('',#5983,6.);
#5985=LINE('',#5982,#5984);
#5986=EDGE_CURVE('',#1681,#3524,#5985,.T.);
#5987=ORIENTED_EDGE('',*,*,#5986,.T.);
#5988=ORIENTED_EDGE('',*,*,#3529,.F.);
#5989=CARTESIAN_POINT('',(726.341299508,-153.729122671,95.606446091));
#5990=DIRECTION('',(-0.,1.,-0.));
#5991=VECTOR('',#5990,6.);
#5992=LINE('',#5989,#5991);
#5993=EDGE_CURVE('',#3515,#1679,#5992,.T.);
#5994=ORIENTED_EDGE('',*,*,#5993,.T.);
#5995=EDGE_LOOP('',(#5981,#5987,#5988,#5994));
#5996=FACE_BOUND('',#5995,.T.);
#5997=ADVANCED_FACE('',(#5996),#5980,.T.);
#5998=CARTESIAN_POINT('',(721.87863907,-9.729122671,97.606446091));
#5999=DIRECTION('',(0.,0.,-1.));
#6000=DIRECTION('',(-1.,0.,0.));
#6001=AXIS2_PLACEMENT_3D('',#5998,#5999,#6000);
#6002=PLANE('',#6001);
#6003=ORIENTED_EDGE('',*,*,#1703,.T.);
#6004=CARTESIAN_POINT('',(724.341299508,-147.729122671,97.606446091));
#6005=DIRECTION('',(0.,-1.,0.));
#6006=VECTOR('',#6005,6.);
#6007=LINE('',#6004,#6006);
#6008=EDGE_CURVE('',#1689,#3507,#6007,.T.);
#6009=ORIENTED_EDGE('',*,*,#6008,.T.);
#6010=ORIENTED_EDGE('',*,*,#3512,.F.);
#6011=CARTESIAN_POINT('',(719.415978631,-153.729122671,97.606446091));
#6012=DIRECTION('',(-0.,1.,-0.));
#6013=VECTOR('',#6012,6.);
#6014=LINE('',#6011,#6013);
#6015=EDGE_CURVE('',#3498,#1698,#6014,.T.);
#6016=ORIENTED_EDGE('',*,*,#6015,.T.);
#6017=EDGE_LOOP('',(#6003,#6009,#6010,#6016));
#6018=FACE_BOUND('',#6017,.T.);
#6019=ADVANCED_FACE('',(#6018),#6002,.T.);
#6020=CARTESIAN_POINT('',(717.415978631,-9.729122671,64.053557382));
#6021=DIRECTION('',(1.,0.,0.));
#6022=DIRECTION('',(0.,0.,-1.));
#6023=AXIS2_PLACEMENT_3D('',#6020,#6021,#6022);
#6024=PLANE('',#6023);
#6025=ORIENTED_EDGE('',*,*,#3495,.F.);
#6026=CARTESIAN_POINT('',(717.415978631,-153.729122671,32.500668673));
#6027=DIRECTION('',(-0.,1.,-0.));
#6028=VECTOR('',#6027,6.);
#6029=LINE('',#6026,#6028);
#6030=EDGE_CURVE('',#3488,#1715,#6029,.T.);
#6031=ORIENTED_EDGE('',*,*,#6030,.T.);
#6032=ORIENTED_EDGE('',*,*,#1720,.T.);
#6033=CARTESIAN_POINT('',(717.415978631,-147.729122671,95.606446091));
#6034=DIRECTION('',(0.,-1.,0.));
#6035=VECTOR('',#6034,6.);
#6036=LINE('',#6033,#6035);
#6037=EDGE_CURVE('',#1706,#3490,#6036,.T.);
#6038=ORIENTED_EDGE('',*,*,#6037,.T.);
#6039=EDGE_LOOP('',(#6025,#6031,#6032,#6038));
#6040=FACE_BOUND('',#6039,.T.);
#6041=ADVANCED_FACE('',(#6040),#6024,.T.);
#6042=CARTESIAN_POINT('',(721.87863907,-9.729122671,30.500668673));
#6043=DIRECTION('',(0.,0.,1.));
#6044=DIRECTION('',(1.,0.,0.));
#6045=AXIS2_PLACEMENT_3D('',#6042,#6043,#6044);
#6046=PLANE('',#6045);
#6047=ORIENTED_EDGE('',*,*,#3546,.F.);
#6048=CARTESIAN_POINT('',(724.341299508,-153.729122671,30.500668673));
#6049=DIRECTION('',(-0.,1.,-0.));
#6050=VECTOR('',#6049,6.);
#6051=LINE('',#6048,#6050);
#6052=EDGE_CURVE('',#3532,#1732,#6051,.T.);
#6053=ORIENTED_EDGE('',*,*,#6052,.T.);
#6054=ORIENTED_EDGE('',*,*,#1737,.T.);
#6055=CARTESIAN_POINT('',(719.415978631,-147.729122671,30.500668673));
#6056=DIRECTION('',(0.,-1.,0.));
#6057=VECTOR('',#6056,6.);
#6058=LINE('',#6055,#6057);
#6059=EDGE_CURVE('',#1723,#3541,#6058,.T.);
#6060=ORIENTED_EDGE('',*,*,#6059,.T.);
#6061=EDGE_LOOP('',(#6047,#6053,#6054,#6060));
#6062=FACE_BOUND('',#6061,.T.);
#6063=ADVANCED_FACE('',(#6062),#6046,.T.);
#6064=CARTESIAN_POINT('',(506.87863907,-147.729122671,73.464310467));
#6065=DIRECTION('',(0.,-1.,0.));
#6066=DIRECTION('',(0.,0.,-1.));
#6067=AXIS2_PLACEMENT_3D('',#6064,#6065,#6066);
#6068=CYLINDRICAL_SURFACE('',#6067,10.);
#6069=ORIENTED_EDGE('',*,*,#2250,.F.);
#6070=ORIENTED_EDGE('',*,*,#5942,.F.);
#6071=ORIENTED_EDGE('',*,*,#2585,.F.);
#6072=ORIENTED_EDGE('',*,*,#5971,.F.);
#6073=EDGE_LOOP('',(#6069,#6070,#6071,#6072));
#6074=FACE_BOUND('',#6073,.T.);
#6075=ADVANCED_FACE('',(#6074),#6068,.T.);
#6076=CARTESIAN_POINT('',(792.736503446,-147.729122671,19.322174843));
#6077=DIRECTION('',(0.,-1.,0.));
#6078=DIRECTION('',(0.,0.,-1.));
#6079=AXIS2_PLACEMENT_3D('',#6076,#6077,#6078);
#6080=CYLINDRICAL_SURFACE('',#6079,10.);
#6081=ORIENTED_EDGE('',*,*,#2148,.F.);
#6082=ORIENTED_EDGE('',*,*,#5903,.F.);
#6083=ORIENTED_EDGE('',*,*,#2687,.F.);
#6084=ORIENTED_EDGE('',*,*,#5888,.F.);
#6085=EDGE_LOOP('',(#6081,#6082,#6083,#6084));
#6086=FACE_BOUND('',#6085,.T.);
#6087=ADVANCED_FACE('',(#6086),#6080,.T.);
#6088=CARTESIAN_POINT('',(846.87863907,-147.729122671,73.464310467));
#6089=DIRECTION('',(0.,-1.,0.));
#6090=DIRECTION('',(0.,0.,-1.));
#6091=AXIS2_PLACEMENT_3D('',#6088,#6089,#6090);
#6092=CYLINDRICAL_SURFACE('',#6091,10.);
#6093=ORIENTED_EDGE('',*,*,#2131,.F.);
#6094=ORIENTED_EDGE('',*,*,#280,.F.);
#6095=ORIENTED_EDGE('',*,*,#2702,.F.);
#6096=ORIENTED_EDGE('',*,*,#5910,.F.);
#6097=EDGE_LOOP('',(#6093,#6094,#6095,#6096));
#6098=FACE_BOUND('',#6097,.T.);
#6099=ADVANCED_FACE('',(#6098),#6092,.T.);
#6100=CARTESIAN_POINT('',(561.020774693,-147.729122671,19.322174843));
#6101=DIRECTION('',(0.,-1.,0.));
#6102=DIRECTION('',(0.,0.,-1.));
#6103=AXIS2_PLACEMENT_3D('',#6100,#6101,#6102);
#6104=CYLINDRICAL_SURFACE('',#6103,10.);
#6105=ORIENTED_EDGE('',*,*,#2233,.F.);
#6106=ORIENTED_EDGE('',*,*,#4763,.F.);
#6107=ORIENTED_EDGE('',*,*,#2602,.F.);
#6108=ORIENTED_EDGE('',*,*,#5949,.F.);
#6109=EDGE_LOOP('',(#6105,#6106,#6107,#6108));
#6110=FACE_BOUND('',#6109,.T.);
#6111=ADVANCED_FACE('',(#6110),#6104,.T.);
#6112=CARTESIAN_POINT('',(715.947564079,-142.729122671,169.732102801));
#6113=DIRECTION('',(1.,0.,0.));
#6114=DIRECTION('',(0.,0.,-1.));
#6115=AXIS2_PLACEMENT_3D('',#6112,#6113,#6114);
#6116=PLANE('',#6115);
#6117=ORIENTED_EDGE('',*,*,#1756,.T.);
#6118=CARTESIAN_POINT('',(715.947564079,-147.729122671,171.732102801));
#6119=DIRECTION('',(0.,-1.,0.));
#6120=VECTOR('',#6119,6.);
#6121=LINE('',#6118,#6120);
#6122=EDGE_CURVE('',#1751,#3454,#6121,.T.);
#6123=ORIENTED_EDGE('',*,*,#6122,.T.);
#6124=ORIENTED_EDGE('',*,*,#3459,.F.);
#6125=CARTESIAN_POINT('',(715.947564079,-153.729122671,167.732102801));
#6126=DIRECTION('',(-0.,1.,-0.));
#6127=VECTOR('',#6126,6.);
#6128=LINE('',#6125,#6127);
#6129=EDGE_CURVE('',#3445,#1749,#6128,.T.);
#6130=ORIENTED_EDGE('',*,*,#6129,.T.);
#6131=EDGE_LOOP('',(#6117,#6123,#6124,#6130));
#6132=FACE_BOUND('',#6131,.T.);
#6133=ADVANCED_FACE('',(#6132),#6116,.T.);
#6134=CARTESIAN_POINT('',(730.947564079,-142.729122671,164.732102801));
#6135=DIRECTION('',(0.,0.,1.));
#6136=DIRECTION('',(1.,0.,0.));
#6137=AXIS2_PLACEMENT_3D('',#6134,#6135,#6136);
#6138=PLANE('',#6137);
#6139=ORIENTED_EDGE('',*,*,#3442,.F.);
#6140=CARTESIAN_POINT('',(742.947564079,-153.729122671,164.732102801));
#6141=DIRECTION('',(-0.,1.,-0.));
#6142=VECTOR('',#6141,6.);
#6143=LINE('',#6140,#6142);
#6144=EDGE_CURVE('',#3428,#1768,#6143,.T.);
#6145=ORIENTED_EDGE('',*,*,#6144,.T.);
#6146=ORIENTED_EDGE('',*,*,#1773,.T.);
#6147=CARTESIAN_POINT('',(718.947564079,-147.729122671,164.732102801));
#6148=DIRECTION('',(0.,-1.,0.));
#6149=VECTOR('',#6148,6.);
#6150=LINE('',#6147,#6149);
#6151=EDGE_CURVE('',#1759,#3437,#6150,.T.);
#6152=ORIENTED_EDGE('',*,*,#6151,.T.);
#6153=EDGE_LOOP('',(#6139,#6145,#6146,#6152));
#6154=FACE_BOUND('',#6153,.T.);
#6155=ADVANCED_FACE('',(#6154),#6138,.T.);
#6156=CARTESIAN_POINT('',(745.947564079,-142.729122671,169.732102801));
#6157=DIRECTION('',(-1.,0.,0.));
#6158=DIRECTION('',(0.,0.,1.));
#6159=AXIS2_PLACEMENT_3D('',#6156,#6157,#6158);
#6160=PLANE('',#6159);
#6161=ORIENTED_EDGE('',*,*,#3425,.F.);
#6162=CARTESIAN_POINT('',(745.947564079,-153.729122671,171.732102801));
#6163=DIRECTION('',(-0.,1.,-0.));
#6164=VECTOR('',#6163,6.);
#6165=LINE('',#6162,#6164);
#6166=EDGE_CURVE('',#3418,#1785,#6165,.T.);
#6167=ORIENTED_EDGE('',*,*,#6166,.T.);
#6168=ORIENTED_EDGE('',*,*,#1790,.T.);
#6169=CARTESIAN_POINT('',(745.947564079,-147.729122671,167.732102801));
#6170=DIRECTION('',(0.,-1.,0.));
#6171=VECTOR('',#6170,6.);
#6172=LINE('',#6169,#6171);
#6173=EDGE_CURVE('',#1776,#3420,#6172,.T.);
#6174=ORIENTED_EDGE('',*,*,#6173,.T.);
#6175=EDGE_LOOP('',(#6161,#6167,#6168,#6174));
#6176=FACE_BOUND('',#6175,.T.);
#6177=ADVANCED_FACE('',(#6176),#6160,.T.);
#6178=CARTESIAN_POINT('',(730.947564079,-142.729122671,174.732102801));
#6179=DIRECTION('',(0.,0.,-1.));
#6180=DIRECTION('',(-1.,0.,0.));
#6181=AXIS2_PLACEMENT_3D('',#6178,#6179,#6180);
#6182=PLANE('',#6181);
#6183=ORIENTED_EDGE('',*,*,#1807,.T.);
#6184=CARTESIAN_POINT('',(742.947564079,-147.729122671,174.732102801));
#6185=DIRECTION('',(0.,-1.,0.));
#6186=VECTOR('',#6185,6.);
#6187=LINE('',#6184,#6186);
#6188=EDGE_CURVE('',#1793,#3471,#6187,.T.);
#6189=ORIENTED_EDGE('',*,*,#6188,.T.);
#6190=ORIENTED_EDGE('',*,*,#3476,.F.);
#6191=CARTESIAN_POINT('',(718.947564079,-153.729122671,174.732102801));
#6192=DIRECTION('',(-0.,1.,-0.));
#6193=VECTOR('',#6192,6.);
#6194=LINE('',#6191,#6193);
#6195=EDGE_CURVE('',#3462,#1802,#6194,.T.);
#6196=ORIENTED_EDGE('',*,*,#6195,.T.);
#6197=EDGE_LOOP('',(#6183,#6189,#6190,#6196));
#6198=FACE_BOUND('',#6197,.T.);
#6199=ADVANCED_FACE('',(#6198),#6182,.T.);
#6200=CARTESIAN_POINT('',(622.80971406,-142.729122671,174.732102801));
#6201=DIRECTION('',(0.,0.,1.));
#6202=DIRECTION('',(1.,0.,0.));
#6203=AXIS2_PLACEMENT_3D('',#6200,#6201,#6202);
#6204=PLANE('',#6203);
#6205=ORIENTED_EDGE('',*,*,#797,.F.);
#6206=CARTESIAN_POINT('',(634.80971406,-147.729122671,174.732102801));
#6207=DIRECTION('',(0.,-1.,0.));
#6208=VECTOR('',#6207,6.);
#6209=LINE('',#6206,#6208);
#6210=EDGE_CURVE('',#783,#4324,#6209,.T.);
#6211=ORIENTED_EDGE('',*,*,#6210,.T.);
#6212=ORIENTED_EDGE('',*,*,#4331,.T.);
#6213=CARTESIAN_POINT('',(610.80971406,-153.729122671,174.732102801));
#6214=DIRECTION('',(-0.,1.,-0.));
#6215=VECTOR('',#6214,6.);
#6216=LINE('',#6213,#6215);
#6217=EDGE_CURVE('',#4326,#792,#6216,.T.);
#6218=ORIENTED_EDGE('',*,*,#6217,.T.);
#6219=EDGE_LOOP('',(#6205,#6211,#6212,#6218));
#6220=FACE_BOUND('',#6219,.T.);
#6221=ADVANCED_FACE('',(#6220),#6204,.F.);
#6222=CARTESIAN_POINT('',(607.80971406,-142.729122671,169.732102801));
#6223=DIRECTION('',(-1.,0.,0.));
#6224=DIRECTION('',(0.,0.,1.));
#6225=AXIS2_PLACEMENT_3D('',#6222,#6223,#6224);
#6226=PLANE('',#6225);
#6227=ORIENTED_EDGE('',*,*,#814,.F.);
#6228=CARTESIAN_POINT('',(607.80971406,-147.729122671,171.732102801));
#6229=DIRECTION('',(0.,-1.,0.));
#6230=VECTOR('',#6229,6.);
#6231=LINE('',#6228,#6230);
#6232=EDGE_CURVE('',#800,#4377,#6231,.T.);
#6233=ORIENTED_EDGE('',*,*,#6232,.T.);
#6234=ORIENTED_EDGE('',*,*,#4382,.T.);
#6235=CARTESIAN_POINT('',(607.80971406,-153.729122671,167.732102801));
#6236=DIRECTION('',(-0.,1.,-0.));
#6237=VECTOR('',#6236,6.);
#6238=LINE('',#6235,#6237);
#6239=EDGE_CURVE('',#4368,#809,#6238,.T.);
#6240=ORIENTED_EDGE('',*,*,#6239,.T.);
#6241=EDGE_LOOP('',(#6227,#6233,#6234,#6240));
#6242=FACE_BOUND('',#6241,.T.);
#6243=ADVANCED_FACE('',(#6242),#6226,.F.);
#6244=CARTESIAN_POINT('',(622.80971406,-142.729122671,164.732102801));
#6245=DIRECTION('',(0.,0.,-1.));
#6246=DIRECTION('',(-1.,0.,0.));
#6247=AXIS2_PLACEMENT_3D('',#6244,#6245,#6246);
#6248=PLANE('',#6247);
#6249=ORIENTED_EDGE('',*,*,#4365,.T.);
#6250=CARTESIAN_POINT('',(634.80971406,-153.729122671,164.732102801));
#6251=DIRECTION('',(-0.,1.,-0.));
#6252=VECTOR('',#6251,6.);
#6253=LINE('',#6250,#6252);
#6254=EDGE_CURVE('',#4351,#758,#6253,.T.);
#6255=ORIENTED_EDGE('',*,*,#6254,.T.);
#6256=ORIENTED_EDGE('',*,*,#763,.F.);
#6257=CARTESIAN_POINT('',(610.80971406,-147.729122671,164.732102801));
#6258=DIRECTION('',(0.,-1.,0.));
#6259=VECTOR('',#6258,6.);
#6260=LINE('',#6257,#6259);
#6261=EDGE_CURVE('',#756,#4360,#6260,.T.);
#6262=ORIENTED_EDGE('',*,*,#6261,.T.);
#6263=EDGE_LOOP('',(#6249,#6255,#6256,#6262));
#6264=FACE_BOUND('',#6263,.T.);
#6265=ADVANCED_FACE('',(#6264),#6248,.F.);
#6266=CARTESIAN_POINT('',(637.80971406,-142.729122671,169.732102801));
#6267=DIRECTION('',(1.,0.,0.));
#6268=DIRECTION('',(0.,0.,-1.));
#6269=AXIS2_PLACEMENT_3D('',#6266,#6267,#6268);
#6270=PLANE('',#6269);
#6271=ORIENTED_EDGE('',*,*,#4348,.T.);
#6272=CARTESIAN_POINT('',(637.80971406,-153.729122671,171.732102801));
#6273=DIRECTION('',(-0.,1.,-0.));
#6274=VECTOR('',#6273,6.);
#6275=LINE('',#6272,#6274);
#6276=EDGE_CURVE('',#4334,#775,#6275,.T.);
#6277=ORIENTED_EDGE('',*,*,#6276,.T.);
#6278=ORIENTED_EDGE('',*,*,#780,.F.);
#6279=CARTESIAN_POINT('',(637.80971406,-147.729122671,167.732102801));
#6280=DIRECTION('',(0.,-1.,0.));
#6281=VECTOR('',#6280,6.);
#6282=LINE('',#6279,#6281);
#6283=EDGE_CURVE('',#766,#4343,#6282,.T.);
#6284=ORIENTED_EDGE('',*,*,#6283,.T.);
#6285=EDGE_LOOP('',(#6271,#6277,#6278,#6284));
#6286=FACE_BOUND('',#6285,.T.);
#6287=ADVANCED_FACE('',(#6286),#6270,.F.);
#6288=CARTESIAN_POINT('',(742.947564079,-142.729122671,171.732102801));
#6289=DIRECTION('',(0.,1.,0.));
#6290=DIRECTION('',(0.,-0.,1.));
#6291=AXIS2_PLACEMENT_3D('',#6288,#6289,#6290);
#6292=CYLINDRICAL_SURFACE('',#6291,3.);
#6293=ORIENTED_EDGE('',*,*,#1799,.F.);
#6294=ORIENTED_EDGE('',*,*,#6166,.F.);
#6295=ORIENTED_EDGE('',*,*,#3483,.F.);
#6296=ORIENTED_EDGE('',*,*,#6188,.F.);
#6297=EDGE_LOOP('',(#6293,#6294,#6295,#6296));
#6298=FACE_BOUND('',#6297,.T.);
#6299=ADVANCED_FACE('',(#6298),#6292,.F.);
#6300=CARTESIAN_POINT('',(634.80971406,-142.729122671,171.732102801));
#6301=DIRECTION('',(0.,1.,0.));
#6302=DIRECTION('',(0.,-0.,1.));
#6303=AXIS2_PLACEMENT_3D('',#6300,#6301,#6302);
#6304=CYLINDRICAL_SURFACE('',#6303,3.);
#6305=ORIENTED_EDGE('',*,*,#789,.F.);
#6306=ORIENTED_EDGE('',*,*,#6276,.F.);
#6307=ORIENTED_EDGE('',*,*,#4340,.F.);
#6308=ORIENTED_EDGE('',*,*,#6210,.F.);
#6309=EDGE_LOOP('',(#6305,#6306,#6307,#6308));
#6310=FACE_BOUND('',#6309,.T.);
#6311=ADVANCED_FACE('',(#6310),#6304,.F.);
#6312=CARTESIAN_POINT('',(718.947564079,-142.729122671,171.732102801));
#6313=DIRECTION('',(0.,1.,0.));
#6314=DIRECTION('',(0.,-0.,1.));
#6315=AXIS2_PLACEMENT_3D('',#6312,#6313,#6314);
#6316=CYLINDRICAL_SURFACE('',#6315,3.);
#6317=ORIENTED_EDGE('',*,*,#1814,.F.);
#6318=ORIENTED_EDGE('',*,*,#6195,.F.);
#6319=ORIENTED_EDGE('',*,*,#3468,.F.);
#6320=ORIENTED_EDGE('',*,*,#6122,.F.);
#6321=EDGE_LOOP('',(#6317,#6318,#6319,#6320));
#6322=FACE_BOUND('',#6321,.T.);
#6323=ADVANCED_FACE('',(#6322),#6316,.F.);
#6324=CARTESIAN_POINT('',(742.947564079,-142.729122671,167.732102801));
#6325=DIRECTION('',(0.,1.,0.));
#6326=DIRECTION('',(0.,-0.,1.));
#6327=AXIS2_PLACEMENT_3D('',#6324,#6325,#6326);
#6328=CYLINDRICAL_SURFACE('',#6327,3.);
#6329=ORIENTED_EDGE('',*,*,#1782,.F.);
#6330=ORIENTED_EDGE('',*,*,#6144,.F.);
#6331=ORIENTED_EDGE('',*,*,#3434,.F.);
#6332=ORIENTED_EDGE('',*,*,#6173,.F.);
#6333=EDGE_LOOP('',(#6329,#6330,#6331,#6332));
#6334=FACE_BOUND('',#6333,.T.);
#6335=ADVANCED_FACE('',(#6334),#6328,.F.);
#6336=CARTESIAN_POINT('',(634.80971406,-142.729122671,167.732102801));
#6337=DIRECTION('',(0.,1.,0.));
#6338=DIRECTION('',(0.,-0.,1.));
#6339=AXIS2_PLACEMENT_3D('',#6336,#6337,#6338);
#6340=CYLINDRICAL_SURFACE('',#6339,3.);
#6341=ORIENTED_EDGE('',*,*,#772,.F.);
#6342=ORIENTED_EDGE('',*,*,#6254,.F.);
#6343=ORIENTED_EDGE('',*,*,#4357,.F.);
#6344=ORIENTED_EDGE('',*,*,#6283,.F.);
#6345=EDGE_LOOP('',(#6341,#6342,#6343,#6344));
#6346=FACE_BOUND('',#6345,.T.);
#6347=ADVANCED_FACE('',(#6346),#6340,.F.);
#6348=CARTESIAN_POINT('',(610.80971406,-142.729122671,171.732102801));
#6349=DIRECTION('',(0.,1.,0.));
#6350=DIRECTION('',(0.,-0.,1.));
#6351=AXIS2_PLACEMENT_3D('',#6348,#6349,#6350);
#6352=CYLINDRICAL_SURFACE('',#6351,3.);
#6353=ORIENTED_EDGE('',*,*,#806,.F.);
#6354=ORIENTED_EDGE('',*,*,#6217,.F.);
#6355=ORIENTED_EDGE('',*,*,#4389,.F.);
#6356=ORIENTED_EDGE('',*,*,#6232,.F.);
#6357=EDGE_LOOP('',(#6353,#6354,#6355,#6356));
#6358=FACE_BOUND('',#6357,.T.);
#6359=ADVANCED_FACE('',(#6358),#6352,.F.);
#6360=CARTESIAN_POINT('',(718.947564079,-142.729122671,167.732102801));
#6361=DIRECTION('',(0.,1.,0.));
#6362=DIRECTION('',(0.,-0.,1.));
#6363=AXIS2_PLACEMENT_3D('',#6360,#6361,#6362);
#6364=CYLINDRICAL_SURFACE('',#6363,3.);
#6365=ORIENTED_EDGE('',*,*,#1765,.F.);
#6366=ORIENTED_EDGE('',*,*,#6129,.F.);
#6367=ORIENTED_EDGE('',*,*,#3451,.F.);
#6368=ORIENTED_EDGE('',*,*,#6151,.F.);
#6369=EDGE_LOOP('',(#6365,#6366,#6367,#6368));
#6370=FACE_BOUND('',#6369,.T.);
#6371=ADVANCED_FACE('',(#6370),#6364,.F.);
#6372=CARTESIAN_POINT('',(610.80971406,-142.729122671,167.732102801));
#6373=DIRECTION('',(0.,1.,0.));
#6374=DIRECTION('',(0.,-0.,1.));
#6375=AXIS2_PLACEMENT_3D('',#6372,#6373,#6374);
#6376=CYLINDRICAL_SURFACE('',#6375,3.);
#6377=ORIENTED_EDGE('',*,*,#821,.F.);
#6378=ORIENTED_EDGE('',*,*,#6239,.F.);
#6379=ORIENTED_EDGE('',*,*,#4374,.F.);
#6380=ORIENTED_EDGE('',*,*,#6261,.F.);
#6381=EDGE_LOOP('',(#6377,#6378,#6379,#6380));
#6382=FACE_BOUND('',#6381,.T.);
#6383=ADVANCED_FACE('',(#6382),#6376,.F.);
#6384=CARTESIAN_POINT('',(724.341299508,-9.729122671,32.500668673));
#6385=DIRECTION('',(0.,1.,0.));
#6386=DIRECTION('',(0.,-0.,1.));
#6387=AXIS2_PLACEMENT_3D('',#6384,#6385,#6386);
#6388=CYLINDRICAL_SURFACE('',#6387,2.);
#6389=ORIENTED_EDGE('',*,*,#1744,.F.);
#6390=ORIENTED_EDGE('',*,*,#6052,.F.);
#6391=ORIENTED_EDGE('',*,*,#3538,.F.);
#6392=ORIENTED_EDGE('',*,*,#5986,.F.);
#6393=EDGE_LOOP('',(#6389,#6390,#6391,#6392));
#6394=FACE_BOUND('',#6393,.T.);
#6395=ADVANCED_FACE('',(#6394),#6388,.F.);
#6396=CARTESIAN_POINT('',(634.341299508,-147.729122671,95.606446091));
#6397=DIRECTION('',(0.,1.,0.));
#6398=DIRECTION('',(0.,-0.,1.));
#6399=AXIS2_PLACEMENT_3D('',#6396,#6397,#6398);
#6400=CYLINDRICAL_SURFACE('',#6399,2.);
#6401=ORIENTED_EDGE('',*,*,#1659,.F.);
#6402=ORIENTED_EDGE('',*,*,#5251,.F.);
#6403=ORIENTED_EDGE('',*,*,#3623,.F.);
#6404=ORIENTED_EDGE('',*,*,#5273,.F.);
#6405=EDGE_LOOP('',(#6401,#6402,#6403,#6404));
#6406=FACE_BOUND('',#6405,.T.);
#6407=ADVANCED_FACE('',(#6406),#6400,.F.);
#6408=CARTESIAN_POINT('',(724.341299508,-9.729122671,95.606446091));
#6409=DIRECTION('',(0.,1.,0.));
#6410=DIRECTION('',(0.,-0.,1.));
#6411=AXIS2_PLACEMENT_3D('',#6408,#6409,#6410);
#6412=CYLINDRICAL_SURFACE('',#6411,2.);
#6413=ORIENTED_EDGE('',*,*,#1695,.F.);
#6414=ORIENTED_EDGE('',*,*,#5993,.F.);
#6415=ORIENTED_EDGE('',*,*,#3521,.F.);
#6416=ORIENTED_EDGE('',*,*,#6008,.F.);
#6417=EDGE_LOOP('',(#6413,#6414,#6415,#6416));
#6418=FACE_BOUND('',#6417,.T.);
#6419=ADVANCED_FACE('',(#6418),#6412,.F.);
#6420=CARTESIAN_POINT('',(634.341299508,-147.729122671,32.500668673));
#6421=DIRECTION('',(0.,1.,0.));
#6422=DIRECTION('',(0.,-0.,1.));
#6423=AXIS2_PLACEMENT_3D('',#6420,#6421,#6422);
#6424=CYLINDRICAL_SURFACE('',#6423,2.);
#6425=ORIENTED_EDGE('',*,*,#1642,.F.);
#6426=ORIENTED_EDGE('',*,*,#5229,.F.);
#6427=ORIENTED_EDGE('',*,*,#3574,.F.);
#6428=ORIENTED_EDGE('',*,*,#5258,.F.);
#6429=EDGE_LOOP('',(#6425,#6426,#6427,#6428));
#6430=FACE_BOUND('',#6429,.T.);
#6431=ADVANCED_FACE('',(#6430),#6424,.F.);
#6432=CARTESIAN_POINT('',(629.415978631,-147.729122671,32.500668673));
#6433=DIRECTION('',(0.,1.,0.));
#6434=DIRECTION('',(0.,-0.,1.));
#6435=AXIS2_PLACEMENT_3D('',#6432,#6433,#6434);
#6436=CYLINDRICAL_SURFACE('',#6435,2.);
#6437=ORIENTED_EDGE('',*,*,#1625,.F.);
#6438=ORIENTED_EDGE('',*,*,#5295,.F.);
#6439=ORIENTED_EDGE('',*,*,#3591,.F.);
#6440=ORIENTED_EDGE('',*,*,#5236,.F.);
#6441=EDGE_LOOP('',(#6437,#6438,#6439,#6440));
#6442=FACE_BOUND('',#6441,.T.);
#6443=ADVANCED_FACE('',(#6442),#6436,.F.);
#6444=CARTESIAN_POINT('',(719.415978631,-9.729122671,32.500668673));
#6445=DIRECTION('',(0.,1.,0.));
#6446=DIRECTION('',(0.,-0.,1.));
#6447=AXIS2_PLACEMENT_3D('',#6444,#6445,#6446);
#6448=CYLINDRICAL_SURFACE('',#6447,2.);
#6449=ORIENTED_EDGE('',*,*,#1729,.F.);
#6450=ORIENTED_EDGE('',*,*,#6030,.F.);
#6451=ORIENTED_EDGE('',*,*,#3553,.F.);
#6452=ORIENTED_EDGE('',*,*,#6059,.F.);
#6453=EDGE_LOOP('',(#6449,#6450,#6451,#6452));
#6454=FACE_BOUND('',#6453,.T.);
#6455=ADVANCED_FACE('',(#6454),#6448,.F.);
#6456=CARTESIAN_POINT('',(719.415978631,-9.729122671,95.606446091));
#6457=DIRECTION('',(0.,1.,0.));
#6458=DIRECTION('',(0.,-0.,1.));
#6459=AXIS2_PLACEMENT_3D('',#6456,#6457,#6458);
#6460=CYLINDRICAL_SURFACE('',#6459,2.);
#6461=ORIENTED_EDGE('',*,*,#1712,.F.);
#6462=ORIENTED_EDGE('',*,*,#6015,.F.);
#6463=ORIENTED_EDGE('',*,*,#3504,.F.);
#6464=ORIENTED_EDGE('',*,*,#6037,.F.);
#6465=EDGE_LOOP('',(#6461,#6462,#6463,#6464));
#6466=FACE_BOUND('',#6465,.T.);
#6467=ADVANCED_FACE('',(#6466),#6460,.F.);
#6468=CARTESIAN_POINT('',(629.415978631,-147.729122671,95.606446091));
#6469=DIRECTION('',(0.,1.,0.));
#6470=DIRECTION('',(0.,-0.,1.));
#6471=AXIS2_PLACEMENT_3D('',#6468,#6469,#6470);
#6472=CYLINDRICAL_SURFACE('',#6471,2.);
#6473=ORIENTED_EDGE('',*,*,#1674,.F.);
#6474=ORIENTED_EDGE('',*,*,#5280,.F.);
#6475=ORIENTED_EDGE('',*,*,#3608,.F.);
#6476=ORIENTED_EDGE('',*,*,#5302,.F.);
#6477=EDGE_LOOP('',(#6473,#6474,#6475,#6476));
#6478=FACE_BOUND('',#6477,.T.);
#6479=ADVANCED_FACE('',(#6478),#6472,.F.);
#6480=CARTESIAN_POINT('',(692.25,-156.25,123.65));
#6481=DIRECTION('',(-0.,1.,0.));
#6482=DIRECTION('',(-1.,-0.,0.));
#6483=AXIS2_PLACEMENT_3D('',#6480,#6481,#6482);
#6484=CYLINDRICAL_SURFACE('',#6483,1.7);
#6485=CARTESIAN_POINT('',(690.55,-147.729122671,123.65));
#6486=DIRECTION('',(0.,-1.,-0.));
#6487=VECTOR('',#6486,6.);
#6488=LINE('',#6485,#6487);
#6489=EDGE_CURVE('',#698,#4463,#6488,.T.);
#6490=ORIENTED_EDGE('',*,*,#6489,.F.);
#6491=ORIENTED_EDGE('',*,*,#704,.F.);
#6492=ORIENTED_EDGE('',*,*,#711,.F.);
#6493=ORIENTED_EDGE('',*,*,#6489,.T.);
#6494=ORIENTED_EDGE('',*,*,#4478,.F.);
#6495=ORIENTED_EDGE('',*,*,#4471,.F.);
#6496=EDGE_LOOP('',(#6490,#6491,#6492,#6493,#6494,#6495));
#6497=FACE_BOUND('',#6496,.T.);
#6498=ADVANCED_FACE('',(#6497),#6484,.F.);
#6499=CARTESIAN_POINT('',(661.25,-156.25,123.65));
#6500=DIRECTION('',(-0.,1.,0.));
#6501=DIRECTION('',(-1.,-0.,0.));
#6502=AXIS2_PLACEMENT_3D('',#6499,#6500,#6501);
#6503=CYLINDRICAL_SURFACE('',#6502,1.7);
#6504=CARTESIAN_POINT('',(659.55,-147.729122671,123.65));
#6505=DIRECTION('',(0.,-1.,-0.));
#6506=VECTOR('',#6505,6.);
#6507=LINE('',#6504,#6506);
#6508=EDGE_CURVE('',#678,#4483,#6507,.T.);
#6509=ORIENTED_EDGE('',*,*,#6508,.F.);
#6510=ORIENTED_EDGE('',*,*,#684,.F.);
#6511=ORIENTED_EDGE('',*,*,#691,.F.);
#6512=ORIENTED_EDGE('',*,*,#6508,.T.);
#6513=ORIENTED_EDGE('',*,*,#4498,.F.);
#6514=ORIENTED_EDGE('',*,*,#4491,.F.);
#6515=EDGE_LOOP('',(#6509,#6510,#6511,#6512,#6513,#6514));
#6516=FACE_BOUND('',#6515,.T.);
#6517=ADVANCED_FACE('',(#6516),#6503,.F.);
#6518=CARTESIAN_POINT('',(692.25,-156.25,154.65));
#6519=DIRECTION('',(-0.,1.,0.));
#6520=DIRECTION('',(-1.,-0.,0.));
#6521=AXIS2_PLACEMENT_3D('',#6518,#6519,#6520);
#6522=CYLINDRICAL_SURFACE('',#6521,1.7);
#6523=CARTESIAN_POINT('',(690.55,-147.729122671,154.65));
#6524=DIRECTION('',(0.,-1.,-0.));
#6525=VECTOR('',#6524,6.);
#6526=LINE('',#6523,#6525);
#6527=EDGE_CURVE('',#658,#4503,#6526,.T.);
#6528=ORIENTED_EDGE('',*,*,#6527,.F.);
#6529=ORIENTED_EDGE('',*,*,#664,.F.);
#6530=ORIENTED_EDGE('',*,*,#671,.F.);
#6531=ORIENTED_EDGE('',*,*,#6527,.T.);
#6532=ORIENTED_EDGE('',*,*,#4518,.F.);
#6533=ORIENTED_EDGE('',*,*,#4511,.F.);
#6534=EDGE_LOOP('',(#6528,#6529,#6530,#6531,#6532,#6533));
#6535=FACE_BOUND('',#6534,.T.);
#6536=ADVANCED_FACE('',(#6535),#6522,.F.);
#6537=CARTESIAN_POINT('',(661.25,-156.25,154.65));
#6538=DIRECTION('',(-0.,1.,0.));
#6539=DIRECTION('',(-1.,-0.,0.));
#6540=AXIS2_PLACEMENT_3D('',#6537,#6538,#6539);
#6541=CYLINDRICAL_SURFACE('',#6540,1.7);
#6542=CARTESIAN_POINT('',(659.55,-147.729122671,154.65));
#6543=DIRECTION('',(0.,-1.,-0.));
#6544=VECTOR('',#6543,6.);
#6545=LINE('',#6542,#6544);
#6546=EDGE_CURVE('',#638,#4523,#6545,.T.);
#6547=ORIENTED_EDGE('',*,*,#6546,.F.);
#6548=ORIENTED_EDGE('',*,*,#644,.F.);
#6549=ORIENTED_EDGE('',*,*,#651,.F.);
#6550=ORIENTED_EDGE('',*,*,#6546,.T.);
#6551=ORIENTED_EDGE('',*,*,#4538,.F.);
#6552=ORIENTED_EDGE('',*,*,#4531,.F.);
#6553=EDGE_LOOP('',(#6547,#6548,#6549,#6550,#6551,#6552));
#6554=FACE_BOUND('',#6553,.T.);
#6555=ADVANCED_FACE('',(#6554),#6541,.F.);
#6556=CARTESIAN_POINT('',(797.02136093,-155.729122671,95.322174843));
#6557=DIRECTION('',(0.,1.,0.));
#6558=DIRECTION('',(0.,-0.,1.));
#6559=AXIS2_PLACEMENT_3D('',#6556,#6557,#6558);
#6560=CYLINDRICAL_SURFACE('',#6559,2.6);
#6561=CARTESIAN_POINT('',(797.02136093,-147.729122671,97.922174843));
#6562=DIRECTION('',(-0.,-1.,-0.));
#6563=VECTOR('',#6562,6.);
#6564=LINE('',#6561,#6563);
#6565=EDGE_CURVE('',#609,#4545,#6564,.T.);
#6566=ORIENTED_EDGE('',*,*,#6565,.F.);
#6567=ORIENTED_EDGE('',*,*,#615,.F.);
#6568=ORIENTED_EDGE('',*,*,#631,.F.);
#6569=ORIENTED_EDGE('',*,*,#624,.F.);
#6570=ORIENTED_EDGE('',*,*,#6565,.T.);
#6571=ORIENTED_EDGE('',*,*,#4567,.T.);
#6572=ORIENTED_EDGE('',*,*,#4560,.T.);
#6573=ORIENTED_EDGE('',*,*,#4551,.T.);
#6574=EDGE_LOOP('',(#6566,#6567,#6568,#6569,#6570,#6571,#6572,#6573));
#6575=FACE_BOUND('',#6574,.T.);
#6576=ADVANCED_FACE('',(#6575),#6560,.F.);
#6577=CARTESIAN_POINT('',(772.92136093,-155.729122671,119.222174843));
#6578=DIRECTION('',(0.,1.,0.));
#6579=DIRECTION('',(0.,-0.,1.));
#6580=AXIS2_PLACEMENT_3D('',#6577,#6578,#6579);
#6581=CYLINDRICAL_SURFACE('',#6580,2.6);
#6582=CARTESIAN_POINT('',(772.92136093,-147.729122671,121.822174843));
#6583=DIRECTION('',(-0.,-1.,-0.));
#6584=VECTOR('',#6583,6.);
#6585=LINE('',#6582,#6584);
#6586=EDGE_CURVE('',#1850,#3391,#6585,.T.);
#6587=ORIENTED_EDGE('',*,*,#6586,.F.);
#6588=ORIENTED_EDGE('',*,*,#1856,.F.);
#6589=ORIENTED_EDGE('',*,*,#1872,.F.);
#6590=ORIENTED_EDGE('',*,*,#1865,.F.);
#6591=ORIENTED_EDGE('',*,*,#6586,.T.);
#6592=ORIENTED_EDGE('',*,*,#3413,.T.);
#6593=ORIENTED_EDGE('',*,*,#3406,.T.);
#6594=ORIENTED_EDGE('',*,*,#3397,.T.);
#6595=EDGE_LOOP('',(#6587,#6588,#6589,#6590,#6591,#6592,#6593,#6594));
#6596=FACE_BOUND('',#6595,.T.);
#6597=ADVANCED_FACE('',(#6596),#6581,.F.);
#6598=CARTESIAN_POINT('',(821.92136093,-155.729122671,149.322174843));
#6599=DIRECTION('',(0.,1.,0.));
#6600=DIRECTION('',(0.,-0.,1.));
#6601=AXIS2_PLACEMENT_3D('',#6598,#6599,#6600);
#6602=CYLINDRICAL_SURFACE('',#6601,2.6);
#6603=CARTESIAN_POINT('',(821.92136093,-147.729122671,151.922174843));
#6604=DIRECTION('',(-0.,-1.,-0.));
#6605=VECTOR('',#6604,6.);
#6606=LINE('',#6603,#6605);
#6607=EDGE_CURVE('',#580,#4574,#6606,.T.);
#6608=ORIENTED_EDGE('',*,*,#6607,.F.);
#6609=ORIENTED_EDGE('',*,*,#586,.F.);
#6610=ORIENTED_EDGE('',*,*,#602,.F.);
#6611=ORIENTED_EDGE('',*,*,#595,.F.);
#6612=ORIENTED_EDGE('',*,*,#6607,.T.);
#6613=ORIENTED_EDGE('',*,*,#4596,.T.);
#6614=ORIENTED_EDGE('',*,*,#4589,.T.);
#6615=ORIENTED_EDGE('',*,*,#4580,.T.);
#6616=EDGE_LOOP('',(#6608,#6609,#6610,#6611,#6612,#6613,#6614,#6615));
#6617=FACE_BOUND('',#6616,.T.);
#6618=ADVANCED_FACE('',(#6617),#6602,.F.);
#6619=CARTESIAN_POINT('',(771.92136093,-155.729122671,149.322174843));
#6620=DIRECTION('',(0.,1.,0.));
#6621=DIRECTION('',(0.,-0.,1.));
#6622=AXIS2_PLACEMENT_3D('',#6619,#6620,#6621);
#6623=CYLINDRICAL_SURFACE('',#6622,2.6);
#6624=CARTESIAN_POINT('',(771.92136093,-147.729122671,151.922174843));
#6625=DIRECTION('',(-0.,-1.,-0.));
#6626=VECTOR('',#6625,6.);
#6627=LINE('',#6624,#6626);
#6628=EDGE_CURVE('',#551,#4603,#6627,.T.);
#6629=ORIENTED_EDGE('',*,*,#6628,.F.);
#6630=ORIENTED_EDGE('',*,*,#557,.F.);
#6631=ORIENTED_EDGE('',*,*,#573,.F.);
#6632=ORIENTED_EDGE('',*,*,#566,.F.);
#6633=ORIENTED_EDGE('',*,*,#6628,.T.);
#6634=ORIENTED_EDGE('',*,*,#4625,.T.);
#6635=ORIENTED_EDGE('',*,*,#4618,.T.);
#6636=ORIENTED_EDGE('',*,*,#4609,.T.);
#6637=EDGE_LOOP('',(#6629,#6630,#6631,#6632,#6633,#6634,#6635,#6636));
#6638=FACE_BOUND('',#6637,.T.);
#6639=ADVANCED_FACE('',(#6638),#6623,.F.);
#6640=CARTESIAN_POINT('',(821.92136093,-155.729122671,89.322174843));
#6641=DIRECTION('',(0.,1.,0.));
#6642=DIRECTION('',(0.,-0.,1.));
#6643=AXIS2_PLACEMENT_3D('',#6640,#6641,#6642);
#6644=CYLINDRICAL_SURFACE('',#6643,2.6);
#6645=CARTESIAN_POINT('',(821.92136093,-147.729122671,91.922174843));
#6646=DIRECTION('',(-0.,-1.,-0.));
#6647=VECTOR('',#6646,6.);
#6648=LINE('',#6645,#6647);
#6649=EDGE_CURVE('',#522,#4632,#6648,.T.);
#6650=ORIENTED_EDGE('',*,*,#6649,.F.);
#6651=ORIENTED_EDGE('',*,*,#528,.F.);
#6652=ORIENTED_EDGE('',*,*,#544,.F.);
#6653=ORIENTED_EDGE('',*,*,#537,.F.);
#6654=ORIENTED_EDGE('',*,*,#6649,.T.);
#6655=ORIENTED_EDGE('',*,*,#4654,.T.);
#6656=ORIENTED_EDGE('',*,*,#4647,.T.);
#6657=ORIENTED_EDGE('',*,*,#4638,.T.);
#6658=EDGE_LOOP('',(#6650,#6651,#6652,#6653,#6654,#6655,#6656,#6657));
#6659=FACE_BOUND('',#6658,.T.);
#6660=ADVANCED_FACE('',(#6659),#6644,.F.);
#6661=CARTESIAN_POINT('',(771.92136093,-155.729122671,89.322174843));
#6662=DIRECTION('',(0.,1.,0.));
#6663=DIRECTION('',(0.,-0.,1.));
#6664=AXIS2_PLACEMENT_3D('',#6661,#6662,#6663);
#6665=CYLINDRICAL_SURFACE('',#6664,2.6);
#6666=CARTESIAN_POINT('',(771.92136093,-147.729122671,91.922174843));
#6667=DIRECTION('',(-0.,-1.,-0.));
#6668=VECTOR('',#6667,6.);
#6669=LINE('',#6666,#6668);
#6670=EDGE_CURVE('',#493,#4661,#6669,.T.);
#6671=ORIENTED_EDGE('',*,*,#6670,.F.);
#6672=ORIENTED_EDGE('',*,*,#499,.F.);
#6673=ORIENTED_EDGE('',*,*,#515,.F.);
#6674=ORIENTED_EDGE('',*,*,#508,.F.);
#6675=ORIENTED_EDGE('',*,*,#6670,.T.);
#6676=ORIENTED_EDGE('',*,*,#4683,.T.);
#6677=ORIENTED_EDGE('',*,*,#4676,.T.);
#6678=ORIENTED_EDGE('',*,*,#4667,.T.);
#6679=EDGE_LOOP('',(#6671,#6672,#6673,#6674,#6675,#6676,#6677,#6678));
#6680=FACE_BOUND('',#6679,.T.);
#6681=ADVANCED_FACE('',(#6680),#6665,.F.);
#6682=CARTESIAN_POINT('',(796.92136093,-155.729122671,119.322174843));
#6683=DIRECTION('',(0.,1.,0.));
#6684=DIRECTION('',(0.,-0.,1.));
#6685=AXIS2_PLACEMENT_3D('',#6682,#6683,#6684);
#6686=CYLINDRICAL_SURFACE('',#6685,2.1);
#6687=CARTESIAN_POINT('',(796.92136093,-147.729122671,121.422174843));
#6688=DIRECTION('',(-0.,-1.,-0.));
#6689=VECTOR('',#6688,6.);
#6690=LINE('',#6687,#6689);
#6691=EDGE_CURVE('',#464,#4690,#6690,.T.);
#6692=ORIENTED_EDGE('',*,*,#6691,.F.);
#6693=ORIENTED_EDGE('',*,*,#470,.F.);
#6694=ORIENTED_EDGE('',*,*,#486,.F.);
#6695=ORIENTED_EDGE('',*,*,#479,.F.);
#6696=ORIENTED_EDGE('',*,*,#6691,.T.);
#6697=ORIENTED_EDGE('',*,*,#4712,.T.);
#6698=ORIENTED_EDGE('',*,*,#4705,.T.);
#6699=ORIENTED_EDGE('',*,*,#4696,.T.);
#6700=EDGE_LOOP('',(#6692,#6693,#6694,#6695,#6696,#6697,#6698,#6699));
#6701=FACE_BOUND('',#6700,.T.);
#6702=ADVANCED_FACE('',(#6701),#6686,.F.);
#6703=CARTESIAN_POINT('',(796.82136093,-155.729122671,143.322174843));
#6704=DIRECTION('',(0.,1.,0.));
#6705=DIRECTION('',(0.,-0.,1.));
#6706=AXIS2_PLACEMENT_3D('',#6703,#6704,#6705);
#6707=CYLINDRICAL_SURFACE('',#6706,2.6);
#6708=CARTESIAN_POINT('',(796.82136093,-147.729122671,145.922174843));
#6709=DIRECTION('',(-0.,-1.,-0.));
#6710=VECTOR('',#6709,6.);
#6711=LINE('',#6708,#6710);
#6712=EDGE_CURVE('',#435,#4719,#6711,.T.);
#6713=ORIENTED_EDGE('',*,*,#6712,.F.);
#6714=ORIENTED_EDGE('',*,*,#441,.F.);
#6715=ORIENTED_EDGE('',*,*,#457,.F.);
#6716=ORIENTED_EDGE('',*,*,#450,.F.);
#6717=ORIENTED_EDGE('',*,*,#6712,.T.);
#6718=ORIENTED_EDGE('',*,*,#4741,.T.);
#6719=ORIENTED_EDGE('',*,*,#4734,.T.);
#6720=ORIENTED_EDGE('',*,*,#4725,.T.);
#6721=EDGE_LOOP('',(#6713,#6714,#6715,#6716,#6717,#6718,#6719,#6720));
#6722=FACE_BOUND('',#6721,.T.);
#6723=ADVANCED_FACE('',(#6722),#6707,.F.);
#6724=CARTESIAN_POINT('',(581.835917209,-164.729122671,89.322174843));
#6725=DIRECTION('',(0.,1.,0.));
#6726=DIRECTION('',(0.,-0.,1.));
#6727=AXIS2_PLACEMENT_3D('',#6724,#6725,#6726);
#6728=CYLINDRICAL_SURFACE('',#6727,2.5);
#6729=CARTESIAN_POINT('',(581.835917209,-147.729122671,91.822174843));
#6730=DIRECTION('',(-0.,-1.,-0.));
#6731=VECTOR('',#6730,6.);
#6732=LINE('',#6729,#6731);
#6733=EDGE_CURVE('',#2082,#2722,#6732,.T.);
#6734=ORIENTED_EDGE('',*,*,#6733,.F.);
#6735=ORIENTED_EDGE('',*,*,#2088,.F.);
#6736=ORIENTED_EDGE('',*,*,#2095,.F.);
#6737=ORIENTED_EDGE('',*,*,#6733,.T.);
#6738=ORIENTED_EDGE('',*,*,#2730,.T.);
#6739=ORIENTED_EDGE('',*,*,#2737,.T.);
#6740=EDGE_LOOP('',(#6734,#6735,#6736,#6737,#6738,#6739));
#6741=FACE_BOUND('',#6740,.T.);
#6742=ADVANCED_FACE('',(#6741),#6728,.F.);
#6743=CARTESIAN_POINT('',(636.87863907,-162.729122671,14.322174843));
#6744=DIRECTION('',(0.,0.,-1.));
#6745=DIRECTION('',(-1.,0.,0.));
#6746=AXIS2_PLACEMENT_3D('',#6743,#6744,#6745);
#6747=PLANE('',#6746);
#6748=ORIENTED_EDGE('',*,*,#2190,.F.);
#6749=CARTESIAN_POINT('',(755.22178482,-147.729122671,14.322174843));
#6750=DIRECTION('',(-0.,-1.,-0.));
#6751=VECTOR('',#6750,6.);
#6752=LINE('',#6749,#6751);
#6753=EDGE_CURVE('',#2176,#2639,#6752,.T.);
#6754=ORIENTED_EDGE('',*,*,#6753,.T.);
#6755=ORIENTED_EDGE('',*,*,#2644,.F.);
#6756=CARTESIAN_POINT('',(598.535493319,-153.729122671,14.322174843));
#6757=DIRECTION('',(0.,1.,0.));
#6758=VECTOR('',#6757,6.);
#6759=LINE('',#6756,#6758);
#6760=EDGE_CURVE('',#2630,#2185,#6759,.T.);
#6761=ORIENTED_EDGE('',*,*,#6760,.T.);
#6762=EDGE_LOOP('',(#6748,#6754,#6755,#6761));
#6763=FACE_BOUND('',#6762,.T.);
#6764=ADVANCED_FACE('',(#6763),#6747,.T.);
#6765=CARTESIAN_POINT('',(759.37863907,-162.729122671,11.822174843));
#6766=DIRECTION('',(-0.707106781,0.,-0.707106781));
#6767=DIRECTION('',(-0.707106781,0.,0.707106781));
#6768=AXIS2_PLACEMENT_3D('',#6765,#6766,#6767);
#6769=PLANE('',#6768);
#6770=ORIENTED_EDGE('',*,*,#2173,.F.);
#6771=CARTESIAN_POINT('',(760.707066194,-147.729122671,10.493747718));
#6772=DIRECTION('',(-0.,-1.,-0.));
#6773=VECTOR('',#6772,6.);
#6774=LINE('',#6771,#6773);
#6775=EDGE_CURVE('',#2159,#2656,#6774,.T.);
#6776=ORIENTED_EDGE('',*,*,#6775,.T.);
#6777=ORIENTED_EDGE('',*,*,#2661,.F.);
#6778=CARTESIAN_POINT('',(758.050211945,-153.729122671,13.150601968));
#6779=DIRECTION('',(0.,1.,0.));
#6780=VECTOR('',#6779,6.);
#6781=LINE('',#6778,#6780);
#6782=EDGE_CURVE('',#2647,#2168,#6781,.T.);
#6783=ORIENTED_EDGE('',*,*,#6782,.T.);
#6784=EDGE_LOOP('',(#6770,#6776,#6777,#6783));
#6785=FACE_BOUND('',#6784,.T.);
#6786=ADVANCED_FACE('',(#6785),#6769,.T.);
#6787=CARTESIAN_POINT('',(594.37863907,-162.729122671,11.822174843));
#6788=DIRECTION('',(-0.707106781,0.,0.707106781));
#6789=DIRECTION('',(0.707106781,0.,0.707106781));
#6790=AXIS2_PLACEMENT_3D('',#6787,#6788,#6789);
#6791=PLANE('',#6790);
#6792=ORIENTED_EDGE('',*,*,#2627,.T.);
#6793=CARTESIAN_POINT('',(593.050211945,-153.729122671,10.493747718));
#6794=DIRECTION('',(0.,1.,0.));
#6795=VECTOR('',#6794,6.);
#6796=LINE('',#6793,#6795);
#6797=EDGE_CURVE('',#2613,#2202,#6796,.T.);
#6798=ORIENTED_EDGE('',*,*,#6797,.T.);
#6799=ORIENTED_EDGE('',*,*,#2207,.T.);
#6800=CARTESIAN_POINT('',(595.707066194,-147.729122671,13.150601968));
#6801=DIRECTION('',(-0.,-1.,-0.));
#6802=VECTOR('',#6801,6.);
#6803=LINE('',#6800,#6802);
#6804=EDGE_CURVE('',#2193,#2622,#6803,.T.);
#6805=ORIENTED_EDGE('',*,*,#6804,.T.);
#6806=EDGE_LOOP('',(#6792,#6798,#6799,#6805));
#6807=FACE_BOUND('',#6806,.T.);
#6808=ADVANCED_FACE('',(#6807),#6791,.F.);
#6809=CARTESIAN_POINT('',(763.535493319,-147.729122671,13.322174843));
#6810=DIRECTION('',(0.,-1.,0.));
#6811=DIRECTION('',(0.,0.,-1.));
#6812=AXIS2_PLACEMENT_3D('',#6809,#6810,#6811);
#6813=CYLINDRICAL_SURFACE('',#6812,4.);
#6814=ORIENTED_EDGE('',*,*,#2670,.F.);
#6815=ORIENTED_EDGE('',*,*,#6775,.F.);
#6816=ORIENTED_EDGE('',*,*,#2165,.F.);
#6817=ORIENTED_EDGE('',*,*,#5881,.F.);
#6818=EDGE_LOOP('',(#6814,#6815,#6816,#6817));
#6819=FACE_BOUND('',#6818,.T.);
#6820=ADVANCED_FACE('',(#6819),#6813,.T.);
#6821=CARTESIAN_POINT('',(755.22178482,-162.729122671,10.322174843));
#6822=DIRECTION('',(0.,-1.,0.));
#6823=DIRECTION('',(0.,0.,-1.));
#6824=AXIS2_PLACEMENT_3D('',#6821,#6822,#6823);
#6825=CYLINDRICAL_SURFACE('',#6824,4.);
#6826=ORIENTED_EDGE('',*,*,#2653,.F.);
#6827=ORIENTED_EDGE('',*,*,#6753,.F.);
#6828=ORIENTED_EDGE('',*,*,#2182,.F.);
#6829=ORIENTED_EDGE('',*,*,#6782,.F.);
#6830=EDGE_LOOP('',(#6826,#6827,#6828,#6829));
#6831=FACE_BOUND('',#6830,.T.);
#6832=ADVANCED_FACE('',(#6831),#6825,.F.);
#6833=CARTESIAN_POINT('',(590.22178482,-162.729122671,13.322174843));
#6834=DIRECTION('',(0.,1.,0.));
#6835=DIRECTION('',(0.,-0.,1.));
#6836=AXIS2_PLACEMENT_3D('',#6833,#6834,#6835);
#6837=CYLINDRICAL_SURFACE('',#6836,4.);
#6838=ORIENTED_EDGE('',*,*,#2619,.F.);
#6839=ORIENTED_EDGE('',*,*,#4756,.F.);
#6840=ORIENTED_EDGE('',*,*,#2216,.F.);
#6841=ORIENTED_EDGE('',*,*,#6797,.F.);
#6842=EDGE_LOOP('',(#6838,#6839,#6840,#6841));
#6843=FACE_BOUND('',#6842,.T.);
#6844=ADVANCED_FACE('',(#6843),#6837,.T.);
#6845=CARTESIAN_POINT('',(598.535493319,-162.729122671,10.322174843));
#6846=DIRECTION('',(0.,1.,0.));
#6847=DIRECTION('',(0.,-0.,1.));
#6848=AXIS2_PLACEMENT_3D('',#6845,#6846,#6847);
#6849=CYLINDRICAL_SURFACE('',#6848,4.);
#6850=ORIENTED_EDGE('',*,*,#2636,.F.);
#6851=ORIENTED_EDGE('',*,*,#6804,.F.);
#6852=ORIENTED_EDGE('',*,*,#2199,.F.);
#6853=ORIENTED_EDGE('',*,*,#6760,.F.);
#6854=EDGE_LOOP('',(#6850,#6851,#6852,#6853));
#6855=FACE_BOUND('',#6854,.T.);
#6856=ADVANCED_FACE('',(#6855),#6849,.F.);
#6857=CARTESIAN_POINT('',(517.299978139,-183.729122671,164.67));
#6858=DIRECTION('',(-1.,0.,0.));
#6859=DIRECTION('',(0.,0.,1.));
#6860=AXIS2_PLACEMENT_3D('',#6857,#6858,#6859);
#6861=PLANE('',#6860);
#6862=CARTESIAN_POINT('',(517.299978139,-153.729122671,184.719974843));
#6863=DIRECTION('',(0.,1.,0.));
#6864=VECTOR('',#6863,6.);
#6865=LINE('',#6862,#6864);
#6866=EDGE_CURVE('',#2547,#2269,#6865,.T.);
#6867=ORIENTED_EDGE('',*,*,#6866,.T.);
#6868=ORIENTED_EDGE('',*,*,#2274,.F.);
#6869=CARTESIAN_POINT('',(517.299978139,-153.729122671,144.12));
#6870=DIRECTION('',(0.,1.,0.));
#6871=VECTOR('',#6870,6.);
#6872=LINE('',#6869,#6871);
#6873=EDGE_CURVE('',#2555,#2261,#6872,.T.);
#6874=ORIENTED_EDGE('',*,*,#6873,.F.);
#6875=ORIENTED_EDGE('',*,*,#2560,.F.);
#6876=EDGE_LOOP('',(#6867,#6868,#6874,#6875));
#6877=FACE_BOUND('',#6876,.T.);
#6878=ADVANCED_FACE('',(#6877),#6861,.T.);
#6879=CARTESIAN_POINT('',(507.25,-183.729122671,144.12));
#6880=DIRECTION('',(0.,0.,1.));
#6881=DIRECTION('',(1.,0.,0.));
#6882=AXIS2_PLACEMENT_3D('',#6879,#6880,#6881);
#6883=PLANE('',#6882);
#6884=ORIENTED_EDGE('',*,*,#6873,.T.);
#6885=ORIENTED_EDGE('',*,*,#2266,.F.);
#6886=ORIENTED_EDGE('',*,*,#5964,.F.);
#6887=ORIENTED_EDGE('',*,*,#2568,.F.);
#6888=EDGE_LOOP('',(#6884,#6885,#6886,#6887));
#6889=FACE_BOUND('',#6888,.T.);
#6890=ADVANCED_FACE('',(#6889),#6883,.T.);
#6891=CARTESIAN_POINT('',(506.689319535,-183.729122671,184.719974843));
#6892=DIRECTION('',(0.,0.,-1.));
#6893=DIRECTION('',(-1.,0.,0.));
#6894=AXIS2_PLACEMENT_3D('',#6891,#6892,#6893);
#6895=PLANE('',#6894);
#6896=ORIENTED_EDGE('',*,*,#2320,.T.);
#6897=ORIENTED_EDGE('',*,*,#2282,.F.);
#6898=ORIENTED_EDGE('',*,*,#6866,.F.);
#6899=ORIENTED_EDGE('',*,*,#2552,.F.);
#6900=EDGE_LOOP('',(#6896,#6897,#6898,#6899));
#6901=FACE_BOUND('',#6900,.T.);
#6902=ADVANCED_FACE('',(#6901),#6895,.T.);
#6903=CARTESIAN_POINT('',(836.457278139,-183.729122671,144.67));
#6904=DIRECTION('',(1.,0.,0.));
#6905=DIRECTION('',(0.,0.,-1.));
#6906=AXIS2_PLACEMENT_3D('',#6903,#6904,#6905);
#6907=PLANE('',#6906);
#6908=CARTESIAN_POINT('',(836.457278139,-153.729122671,144.12));
#6909=DIRECTION('',(0.,1.,0.));
#6910=VECTOR('',#6909,6.);
#6911=LINE('',#6908,#6910);
#6912=EDGE_CURVE('',#2706,#2110,#6911,.T.);
#6913=ORIENTED_EDGE('',*,*,#6912,.T.);
#6914=ORIENTED_EDGE('',*,*,#2115,.F.);
#6915=CARTESIAN_POINT('',(836.457278139,-153.729122671,184.719974843));
#6916=DIRECTION('',(0.,1.,0.));
#6917=VECTOR('',#6916,6.);
#6918=LINE('',#6915,#6917);
#6919=EDGE_CURVE('',#2524,#2100,#6918,.T.);
#6920=ORIENTED_EDGE('',*,*,#6919,.F.);
#6921=ORIENTED_EDGE('',*,*,#2717,.F.);
#6922=EDGE_LOOP('',(#6913,#6914,#6920,#6921));
#6923=FACE_BOUND('',#6922,.T.);
#6924=ADVANCED_FACE('',(#6923),#6907,.T.);
#6925=CARTESIAN_POINT('',(837.007278139,-183.729122671,184.719974843));
#6926=DIRECTION('',(0.,0.,1.));
#6927=DIRECTION('',(1.,0.,0.));
#6928=AXIS2_PLACEMENT_3D('',#6925,#6926,#6927);
#6929=PLANE('',#6928);
#6930=ORIENTED_EDGE('',*,*,#2529,.T.);
#6931=ORIENTED_EDGE('',*,*,#6919,.T.);
#6932=ORIENTED_EDGE('',*,*,#2107,.T.);
#6933=ORIENTED_EDGE('',*,*,#5925,.F.);
#6934=EDGE_LOOP('',(#6930,#6931,#6932,#6933));
#6935=FACE_BOUND('',#6934,.T.);
#6936=ADVANCED_FACE('',(#6935),#6929,.F.);
#6937=CARTESIAN_POINT('',(856.567958604,-183.729122671,144.12));
#6938=DIRECTION('',(0.,0.,1.));
#6939=DIRECTION('',(1.,0.,0.));
#6940=AXIS2_PLACEMENT_3D('',#6937,#6938,#6939);
#6941=PLANE('',#6940);
#6942=ORIENTED_EDGE('',*,*,#264,.T.);
#6943=ORIENTED_EDGE('',*,*,#2121,.F.);
#6944=ORIENTED_EDGE('',*,*,#6912,.F.);
#6945=ORIENTED_EDGE('',*,*,#2711,.F.);
#6946=EDGE_LOOP('',(#6942,#6943,#6944,#6945));
#6947=FACE_BOUND('',#6946,.T.);
#6948=ADVANCED_FACE('',(#6947),#6941,.T.);
#6949=CARTESIAN_POINT('',(512.1,-141.729122671,139.67));
#6950=DIRECTION('',(0.,-1.,0.));
#6951=DIRECTION('',(0.,0.,-1.));
#6952=AXIS2_PLACEMENT_3D('',#6949,#6950,#6951);
#6953=CYLINDRICAL_SURFACE('',#6952,2.25);
#6954=CARTESIAN_POINT('',(512.1,-153.729122671,137.42));
#6955=DIRECTION('',(-0.,1.,-0.));
#6956=VECTOR('',#6955,6.);
#6957=LINE('',#6954,#6956);
#6958=EDGE_CURVE('',#2502,#422,#6957,.T.);
#6959=ORIENTED_EDGE('',*,*,#6958,.F.);
#6960=ORIENTED_EDGE('',*,*,#2510,.T.);
#6961=ORIENTED_EDGE('',*,*,#2517,.T.);
#6962=ORIENTED_EDGE('',*,*,#6958,.T.);
#6963=ORIENTED_EDGE('',*,*,#428,.F.);
#6964=EDGE_LOOP('',(#6959,#6960,#6961,#6962,#6963));
#6965=FACE_BOUND('',#6964,.T.);
#6966=ADVANCED_FACE('',(#6965),#6953,.F.);
#6967=CARTESIAN_POINT('',(501.9,-141.729122671,139.67));
#6968=DIRECTION('',(0.,-1.,0.));
#6969=DIRECTION('',(0.,0.,-1.));
#6970=AXIS2_PLACEMENT_3D('',#6967,#6968,#6969);
#6971=CYLINDRICAL_SURFACE('',#6970,2.25);
#6972=CARTESIAN_POINT('',(501.9,-153.729122671,137.42));
#6973=DIRECTION('',(-0.,1.,-0.));
#6974=VECTOR('',#6973,6.);
#6975=LINE('',#6972,#6974);
#6976=EDGE_CURVE('',#2482,#411,#6975,.T.);
#6977=ORIENTED_EDGE('',*,*,#6976,.F.);
#6978=ORIENTED_EDGE('',*,*,#2490,.T.);
#6979=ORIENTED_EDGE('',*,*,#2497,.T.);
#6980=ORIENTED_EDGE('',*,*,#6976,.T.);
#6981=ORIENTED_EDGE('',*,*,#417,.F.);
#6982=EDGE_LOOP('',(#6977,#6978,#6979,#6980,#6981));
#6983=FACE_BOUND('',#6982,.T.);
#6984=ADVANCED_FACE('',(#6983),#6971,.F.);
#6985=CARTESIAN_POINT('',(501.9,-141.729122671,189.17));
#6986=DIRECTION('',(0.,-1.,0.));
#6987=DIRECTION('',(0.,0.,-1.));
#6988=AXIS2_PLACEMENT_3D('',#6985,#6986,#6987);
#6989=CYLINDRICAL_SURFACE('',#6988,2.25);
#6990=CARTESIAN_POINT('',(501.9,-153.729122671,186.92));
#6991=DIRECTION('',(-0.,1.,-0.));
#6992=VECTOR('',#6991,6.);
#6993=LINE('',#6990,#6992);
#6994=EDGE_CURVE('',#2462,#400,#6993,.T.);
#6995=ORIENTED_EDGE('',*,*,#6994,.F.);
#6996=ORIENTED_EDGE('',*,*,#2470,.T.);
#6997=ORIENTED_EDGE('',*,*,#2477,.T.);
#6998=ORIENTED_EDGE('',*,*,#6994,.T.);
#6999=ORIENTED_EDGE('',*,*,#406,.F.);
#7000=EDGE_LOOP('',(#6995,#6996,#6997,#6998,#6999));
#7001=FACE_BOUND('',#7000,.T.);
#7002=ADVANCED_FACE('',(#7001),#6989,.F.);
#7003=CARTESIAN_POINT('',(512.1,-141.729122671,189.17));
#7004=DIRECTION('',(0.,-1.,0.));
#7005=DIRECTION('',(0.,0.,-1.));
#7006=AXIS2_PLACEMENT_3D('',#7003,#7004,#7005);
#7007=CYLINDRICAL_SURFACE('',#7006,2.25);
#7008=CARTESIAN_POINT('',(512.1,-153.729122671,186.92));
#7009=DIRECTION('',(-0.,1.,-0.));
#7010=VECTOR('',#7009,6.);
#7011=LINE('',#7008,#7010);
#7012=EDGE_CURVE('',#2442,#389,#7011,.T.);
#7013=ORIENTED_EDGE('',*,*,#7012,.F.);
#7014=ORIENTED_EDGE('',*,*,#2450,.T.);
#7015=ORIENTED_EDGE('',*,*,#2457,.T.);
#7016=ORIENTED_EDGE('',*,*,#7012,.T.);
#7017=ORIENTED_EDGE('',*,*,#395,.F.);
#7018=EDGE_LOOP('',(#7013,#7014,#7015,#7016,#7017));
#7019=FACE_BOUND('',#7018,.T.);
#7020=ADVANCED_FACE('',(#7019),#7007,.F.);
#7021=CARTESIAN_POINT('',(511.835917209,-170.729122671,119.322174843));
#7022=DIRECTION('',(0.,1.,0.));
#7023=DIRECTION('',(0.,-0.,1.));
#7024=AXIS2_PLACEMENT_3D('',#7021,#7022,#7023);
#7025=CYLINDRICAL_SURFACE('',#7024,2.5);
#7026=CARTESIAN_POINT('',(511.835917209,-147.729122671,121.822174843));
#7027=DIRECTION('',(-0.,-1.,-0.));
#7028=VECTOR('',#7027,6.);
#7029=LINE('',#7026,#7028);
#7030=EDGE_CURVE('',#359,#2406,#7029,.T.);
#7031=ORIENTED_EDGE('',*,*,#7030,.F.);
#7032=ORIENTED_EDGE('',*,*,#365,.F.);
#7033=ORIENTED_EDGE('',*,*,#372,.F.);
#7034=ORIENTED_EDGE('',*,*,#7030,.T.);
#7035=ORIENTED_EDGE('',*,*,#2414,.T.);
#7036=ORIENTED_EDGE('',*,*,#2421,.T.);
#7037=EDGE_LOOP('',(#7031,#7032,#7033,#7034,#7035,#7036));
#7038=FACE_BOUND('',#7037,.T.);
#7039=ADVANCED_FACE('',(#7038),#7025,.F.);
#7040=CARTESIAN_POINT('',(821.92136093,-170.729122671,119.322174843));
#7041=DIRECTION('',(0.,1.,0.));
#7042=DIRECTION('',(0.,-0.,1.));
#7043=AXIS2_PLACEMENT_3D('',#7040,#7041,#7042);
#7044=CYLINDRICAL_SURFACE('',#7043,2.5);
#7045=CARTESIAN_POINT('',(821.92136093,-147.729122671,121.822174843));
#7046=DIRECTION('',(-0.,-1.,-0.));
#7047=VECTOR('',#7046,6.);
#7048=LINE('',#7045,#7047);
#7049=EDGE_CURVE('',#339,#2386,#7048,.T.);
#7050=ORIENTED_EDGE('',*,*,#7049,.F.);
#7051=ORIENTED_EDGE('',*,*,#345,.F.);
#7052=ORIENTED_EDGE('',*,*,#352,.F.);
#7053=ORIENTED_EDGE('',*,*,#7049,.T.);
#7054=ORIENTED_EDGE('',*,*,#2394,.T.);
#7055=ORIENTED_EDGE('',*,*,#2401,.T.);
#7056=EDGE_LOOP('',(#7050,#7051,#7052,#7053,#7054,#7055));
#7057=FACE_BOUND('',#7056,.T.);
#7058=ADVANCED_FACE('',(#7057),#7044,.F.);
#7059=CARTESIAN_POINT('',(531.835917209,-170.729122671,119.322174843));
#7060=DIRECTION('',(0.,1.,0.));
#7061=DIRECTION('',(0.,-0.,1.));
#7062=AXIS2_PLACEMENT_3D('',#7059,#7060,#7061);
#7063=CYLINDRICAL_SURFACE('',#7062,2.5);
#7064=CARTESIAN_POINT('',(531.835917209,-147.729122671,121.822174843));
#7065=DIRECTION('',(-0.,-1.,-0.));
#7066=VECTOR('',#7065,6.);
#7067=LINE('',#7064,#7066);
#7068=EDGE_CURVE('',#319,#2366,#7067,.T.);
#7069=ORIENTED_EDGE('',*,*,#7068,.F.);
#7070=ORIENTED_EDGE('',*,*,#325,.F.);
#7071=ORIENTED_EDGE('',*,*,#332,.F.);
#7072=ORIENTED_EDGE('',*,*,#7068,.T.);
#7073=ORIENTED_EDGE('',*,*,#2374,.T.);
#7074=ORIENTED_EDGE('',*,*,#2381,.T.);
#7075=EDGE_LOOP('',(#7069,#7070,#7071,#7072,#7073,#7074));
#7076=FACE_BOUND('',#7075,.T.);
#7077=ADVANCED_FACE('',(#7076),#7063,.F.);
#7078=CARTESIAN_POINT('',(841.92136093,-170.729122671,119.322174843));
#7079=DIRECTION('',(0.,1.,0.));
#7080=DIRECTION('',(0.,-0.,1.));
#7081=AXIS2_PLACEMENT_3D('',#7078,#7079,#7080);
#7082=CYLINDRICAL_SURFACE('',#7081,2.5);
#7083=CARTESIAN_POINT('',(841.92136093,-147.729122671,121.822174843));
#7084=DIRECTION('',(-0.,-1.,-0.));
#7085=VECTOR('',#7084,6.);
#7086=LINE('',#7083,#7085);
#7087=EDGE_CURVE('',#299,#2346,#7086,.T.);
#7088=ORIENTED_EDGE('',*,*,#7087,.F.);
#7089=ORIENTED_EDGE('',*,*,#305,.F.);
#7090=ORIENTED_EDGE('',*,*,#312,.F.);
#7091=ORIENTED_EDGE('',*,*,#7087,.T.);
#7092=ORIENTED_EDGE('',*,*,#2354,.T.);
#7093=ORIENTED_EDGE('',*,*,#2361,.T.);
#7094=EDGE_LOOP('',(#7088,#7089,#7090,#7091,#7092,#7093));
#7095=FACE_BOUND('',#7094,.T.);
#7096=ADVANCED_FACE('',(#7095),#7082,.F.);
#7097=CLOSED_SHELL('',(#124,#166,#208,#250,#290,#2308,#2339,#4745,#4767,#4807,#4847,#4887,#4908,#4929,#4950,#4971,#4992,#5013,#5034,#5053,#5074,#5093,#5129,#5165,#5201,#5218,
#5240,#5262,#5284,#5306,#5327,#5348,#5369,#5390,#5411,#5432,#5452,#5472,#5492,#5513,#5534,#5555,#5576,#5597,#5618,#5639,#5660,#5681,#5702,#5723,#5744,
#5765,#5786,#5807,#5828,#5849,#5870,#5892,#5914,#5931,#5953,#5975,#5997,#6019,#6041,#6063,#6075,#6087,#6099,#6111,#6133,#6155,#6177,#6199,#6221,#6243,
#6265,#6287,#6299,#6311,#6323,#6335,#6347,#6359,#6371,#6383,#6395,#6407,#6419,#6431,#6443,#6455,#6467,#6479,#6498,#6517,#6536,#6555,#6576,#6597,#6618,
#6639,#6660,#6681,#6702,#6723,#6742,#6764,#6786,#6808,#6820,#6832,#6844,#6856,#6878,#6890,#6902,#6924,#6936,#6948,#6966,#6984,#7002,#7020,#7039,#7058,
#7077,#7096));
#7098=MANIFOLD_SOLID_BREP('Chamfer1',#7097);
#7099=COLOUR_RGB('',0.690196097,0.611764729,0.529411793);
#7100=FILL_AREA_STYLE_COLOUR('',#7099);
#7101=FILL_AREA_STYLE('',(#7100));
#7102=SURFACE_STYLE_FILL_AREA(#7101);
#7103=SURFACE_SIDE_STYLE('',(#7102));
#7104=SURFACE_STYLE_USAGE(.BOTH.,#7103);
#7105=PRESENTATION_STYLE_ASSIGNMENT((#7104));
#82=STYLED_ITEM('',(#7105),#7098);
#7107=CARTESIAN_POINT('',(754.924713243,-162.729122671,204.325341779));
#7108=DIRECTION('',(-0.,1.,0.));
#7109=DIRECTION('',(-0.000040601,-0.,0.999999999));
#7110=AXIS2_PLACEMENT_3D('',#7107,#7108,#7109);
#7111=CYLINDRICAL_SURFACE('',#7110,2.6);
#7112=CARTESIAN_POINT('',(754.92460768,-147.729122671,206.925341777));
#7113=VERTEX_POINT('',#7112);
#7114=CARTESIAN_POINT('',(754.92460768,-153.729122671,206.925341777));
#7115=VERTEX_POINT('',#7114);
#7116=CARTESIAN_POINT('',(754.92460768,-147.729122671,206.925341777));
#7117=DIRECTION('',(0.,-1.,-0.));
#7118=VECTOR('',#7117,6.);
#7119=LINE('',#7116,#7118);
#7120=EDGE_CURVE('',#7113,#7115,#7119,.T.);
#7121=ORIENTED_EDGE('',*,*,#7120,.F.);
#7122=CARTESIAN_POINT('',(754.924713243,-147.729122671,201.725341779));
#7123=VERTEX_POINT('',#7122);
#7124=CARTESIAN_POINT('',(754.924713243,-147.729122671,204.325341779));
#7125=DIRECTION('',(-0.,1.,-0.));
#7126=DIRECTION('',(0.,0.,-1.));
#7127=AXIS2_PLACEMENT_3D('',#7124,#7125,#7126);
#7128=CIRCLE('',#7127,2.6);
#7129=EDGE_CURVE('',#7113,#7123,#7128,.T.);
#7130=ORIENTED_EDGE('',*,*,#7129,.T.);
#7131=CARTESIAN_POINT('',(754.924713243,-147.729122671,204.325341779));
#7132=DIRECTION('',(-0.,1.,-0.));
#7133=DIRECTION('',(0.,0.,-1.));
#7134=AXIS2_PLACEMENT_3D('',#7131,#7132,#7133);
#7135=CIRCLE('',#7134,2.6);
#7136=EDGE_CURVE('',#7123,#7113,#7135,.T.);
#7137=ORIENTED_EDGE('',*,*,#7136,.T.);
#7138=ORIENTED_EDGE('',*,*,#7120,.T.);
#7139=CARTESIAN_POINT('',(754.924713243,-153.729122671,201.725341779));
#7140=VERTEX_POINT('',#7139);
#7141=CARTESIAN_POINT('',(754.924713243,-153.729122671,204.325341779));
#7142=DIRECTION('',(-0.,1.,-0.));
#7143=DIRECTION('',(0.,0.,-1.));
#7144=AXIS2_PLACEMENT_3D('',#7141,#7142,#7143);
#7145=CIRCLE('',#7144,2.6);
#7146=EDGE_CURVE('',#7140,#7115,#7145,.T.);
#7147=ORIENTED_EDGE('',*,*,#7146,.F.);
#7148=CARTESIAN_POINT('',(754.924713243,-153.729122671,204.325341779));
#7149=DIRECTION('',(-0.,1.,-0.));
#7150=DIRECTION('',(0.,0.,-1.));
#7151=AXIS2_PLACEMENT_3D('',#7148,#7149,#7150);
#7152=CIRCLE('',#7151,2.6);
#7153=EDGE_CURVE('',#7115,#7140,#7152,.T.);
#7154=ORIENTED_EDGE('',*,*,#7153,.F.);
#7155=EDGE_LOOP('',(#7121,#7130,#7137,#7138,#7147,#7154));
#7156=FACE_BOUND('',#7155,.T.);
#7157=ADVANCED_FACE('',(#7156),#7111,.F.);
#7158=COLOUR_RGB('',0.627451003,0.627451003,0.643137276);
#7159=FILL_AREA_STYLE_COLOUR('',#7158);
#7160=FILL_AREA_STYLE('',(#7159));
#7161=SURFACE_STYLE_FILL_AREA(#7160);
#7162=SURFACE_SIDE_STYLE('',(#7161));
#7163=SURFACE_STYLE_USAGE(.BOTH.,#7162);
#7164=PRESENTATION_STYLE_ASSIGNMENT((#7163));
#7165=OVER_RIDING_STYLED_ITEM('',(#7164),#7157,#7106);
#7166=CARTESIAN_POINT('',(845.923089127,-162.729122671,244.32903644));
#7167=DIRECTION('',(-0.,1.,0.));
#7168=DIRECTION('',(-0.000040601,-0.,0.999999999));
#7169=AXIS2_PLACEMENT_3D('',#7166,#7167,#7168);
#7170=CYLINDRICAL_SURFACE('',#7169,2.6);
#7171=CARTESIAN_POINT('',(845.922983564,-147.729122671,246.929036437));
#7172=VERTEX_POINT('',#7171);
#7173=CARTESIAN_POINT('',(845.922983564,-153.729122671,246.929036437));
#7174=VERTEX_POINT('',#7173);
#7175=CARTESIAN_POINT('',(845.922983564,-147.729122671,246.929036437));
#7176=DIRECTION('',(0.,-1.,-0.));
#7177=VECTOR('',#7176,6.);
#7178=LINE('',#7175,#7177);
#7179=EDGE_CURVE('',#7172,#7174,#7178,.T.);
#7180=ORIENTED_EDGE('',*,*,#7179,.F.);
#7181=CARTESIAN_POINT('',(845.923089127,-147.729122671,241.72903644));
#7182=VERTEX_POINT('',#7181);
#7183=CARTESIAN_POINT('',(845.923089127,-147.729122671,244.32903644));
#7184=DIRECTION('',(-0.,1.,-0.));
#7185=DIRECTION('',(0.,0.,-1.));
#7186=AXIS2_PLACEMENT_3D('',#7183,#7184,#7185);
#7187=CIRCLE('',#7186,2.6);
#7188=EDGE_CURVE('',#7172,#7182,#7187,.T.);
#7189=ORIENTED_EDGE('',*,*,#7188,.T.);
#7190=CARTESIAN_POINT('',(845.923089127,-147.729122671,244.32903644));
#7191=DIRECTION('',(-0.,1.,-0.));
#7192=DIRECTION('',(0.,0.,-1.));
#7193=AXIS2_PLACEMENT_3D('',#7190,#7191,#7192);
#7194=CIRCLE('',#7193,2.6);
#7195=EDGE_CURVE('',#7182,#7172,#7194,.T.);
#7196=ORIENTED_EDGE('',*,*,#7195,.T.);
#7197=ORIENTED_EDGE('',*,*,#7179,.T.);
#7198=CARTESIAN_POINT('',(845.923089127,-153.729122671,241.72903644));
#7199=VERTEX_POINT('',#7198);
#7200=CARTESIAN_POINT('',(845.923089127,-153.729122671,244.32903644));
#7201=DIRECTION('',(-0.,1.,-0.));
#7202=DIRECTION('',(0.,0.,-1.));
#7203=AXIS2_PLACEMENT_3D('',#7200,#7201,#7202);
#7204=CIRCLE('',#7203,2.6);
#7205=EDGE_CURVE('',#7199,#7174,#7204,.T.);
#7206=ORIENTED_EDGE('',*,*,#7205,.F.);
#7207=CARTESIAN_POINT('',(845.923089127,-153.729122671,244.32903644));
#7208=DIRECTION('',(-0.,1.,-0.));
#7209=DIRECTION('',(0.,0.,-1.));
#7210=AXIS2_PLACEMENT_3D('',#7207,#7208,#7209);
#7211=CIRCLE('',#7210,2.6);
#7212=EDGE_CURVE('',#7174,#7199,#7211,.T.);
#7213=ORIENTED_EDGE('',*,*,#7212,.F.);
#7214=EDGE_LOOP('',(#7180,#7189,#7196,#7197,#7206,#7213));
#7215=FACE_BOUND('',#7214,.T.);
#7216=ADVANCED_FACE('',(#7215),#7170,.F.);
#7217=OVER_RIDING_STYLED_ITEM('',(#7164),#7216,#7106);
#7218=CARTESIAN_POINT('',(754.923089202,-162.729122671,244.325341746));
#7219=DIRECTION('',(-0.,1.,0.));
#7220=DIRECTION('',(-0.000040601,-0.,0.999999999));
#7221=AXIS2_PLACEMENT_3D('',#7218,#7219,#7220);
#7222=CYLINDRICAL_SURFACE('',#7221,2.6);
#7223=CARTESIAN_POINT('',(754.922983639,-147.729122671,246.925341744));
#7224=VERTEX_POINT('',#7223);
#7225=CARTESIAN_POINT('',(754.922983639,-153.729122671,246.925341744));
#7226=VERTEX_POINT('',#7225);
#7227=CARTESIAN_POINT('',(754.922983639,-147.729122671,246.925341744));
#7228=DIRECTION('',(0.,-1.,-0.));
#7229=VECTOR('',#7228,6.);
#7230=LINE('',#7227,#7229);
#7231=EDGE_CURVE('',#7224,#7226,#7230,.T.);
#7232=ORIENTED_EDGE('',*,*,#7231,.F.);
#7233=CARTESIAN_POINT('',(754.923089202,-147.729122671,241.725341746));
#7234=VERTEX_POINT('',#7233);
#7235=CARTESIAN_POINT('',(754.923089202,-147.729122671,244.325341746));
#7236=DIRECTION('',(-0.,1.,-0.));
#7237=DIRECTION('',(0.,0.,-1.));
#7238=AXIS2_PLACEMENT_3D('',#7235,#7236,#7237);
#7239=CIRCLE('',#7238,2.6);
#7240=EDGE_CURVE('',#7224,#7234,#7239,.T.);
#7241=ORIENTED_EDGE('',*,*,#7240,.T.);
#7242=CARTESIAN_POINT('',(754.923089202,-147.729122671,244.325341746));
#7243=DIRECTION('',(-0.,1.,-0.));
#7244=DIRECTION('',(0.,0.,-1.));
#7245=AXIS2_PLACEMENT_3D('',#7242,#7243,#7244);
#7246=CIRCLE('',#7245,2.6);
#7247=EDGE_CURVE('',#7234,#7224,#7246,.T.);
#7248=ORIENTED_EDGE('',*,*,#7247,.T.);
#7249=ORIENTED_EDGE('',*,*,#7231,.T.);
#7250=CARTESIAN_POINT('',(754.923089202,-153.729122671,241.725341746));
#7251=VERTEX_POINT('',#7250);
#7252=CARTESIAN_POINT('',(754.923089202,-153.729122671,244.325341746));
#7253=DIRECTION('',(-0.,1.,-0.));
#7254=DIRECTION('',(0.,0.,-1.));
#7255=AXIS2_PLACEMENT_3D('',#7252,#7253,#7254);
#7256=CIRCLE('',#7255,2.6);
#7257=EDGE_CURVE('',#7251,#7226,#7256,.T.);
#7258=ORIENTED_EDGE('',*,*,#7257,.F.);
#7259=CARTESIAN_POINT('',(754.923089202,-153.729122671,244.325341746));
#7260=DIRECTION('',(-0.,1.,-0.));
#7261=DIRECTION('',(0.,0.,-1.));
#7262=AXIS2_PLACEMENT_3D('',#7259,#7260,#7261);
#7263=CIRCLE('',#7262,2.6);
#7264=EDGE_CURVE('',#7226,#7251,#7263,.T.);
#7265=ORIENTED_EDGE('',*,*,#7264,.F.);
#7266=EDGE_LOOP('',(#7232,#7241,#7248,#7249,#7258,#7265));
#7267=FACE_BOUND('',#7266,.T.);
#7268=ADVANCED_FACE('',(#7267),#7222,.F.);
#7269=OVER_RIDING_STYLED_ITEM('',(#7164),#7268,#7106);
#7270=CARTESIAN_POINT('',(845.921465086,-162.729122671,284.329036407));
#7271=DIRECTION('',(-0.,1.,0.));
#7272=DIRECTION('',(-0.000040601,-0.,0.999999999));
#7273=AXIS2_PLACEMENT_3D('',#7270,#7271,#7272);
#7274=CYLINDRICAL_SURFACE('',#7273,2.6);
#7275=CARTESIAN_POINT('',(845.921359523,-147.729122671,286.929036405));
#7276=VERTEX_POINT('',#7275);
#7277=CARTESIAN_POINT('',(845.921359523,-153.729122671,286.929036405));
#7278=VERTEX_POINT('',#7277);
#7279=CARTESIAN_POINT('',(845.921359523,-147.729122671,286.929036405));
#7280=DIRECTION('',(0.,-1.,-0.));
#7281=VECTOR('',#7280,6.);
#7282=LINE('',#7279,#7281);
#7283=EDGE_CURVE('',#7276,#7278,#7282,.T.);
#7284=ORIENTED_EDGE('',*,*,#7283,.F.);
#7285=CARTESIAN_POINT('',(845.921465086,-147.729122671,281.729036407));
#7286=VERTEX_POINT('',#7285);
#7287=CARTESIAN_POINT('',(845.921465086,-147.729122671,284.329036407));
#7288=DIRECTION('',(-0.,1.,-0.));
#7289=DIRECTION('',(0.,0.,-1.));
#7290=AXIS2_PLACEMENT_3D('',#7287,#7288,#7289);
#7291=CIRCLE('',#7290,2.6);
#7292=EDGE_CURVE('',#7276,#7286,#7291,.T.);
#7293=ORIENTED_EDGE('',*,*,#7292,.T.);
#7294=CARTESIAN_POINT('',(845.921465086,-147.729122671,284.329036407));
#7295=DIRECTION('',(-0.,1.,-0.));
#7296=DIRECTION('',(0.,0.,-1.));
#7297=AXIS2_PLACEMENT_3D('',#7294,#7295,#7296);
#7298=CIRCLE('',#7297,2.6);
#7299=EDGE_CURVE('',#7286,#7276,#7298,.T.);
#7300=ORIENTED_EDGE('',*,*,#7299,.T.);
#7301=ORIENTED_EDGE('',*,*,#7283,.T.);
#7302=CARTESIAN_POINT('',(845.921465086,-153.729122671,281.729036407));
#7303=VERTEX_POINT('',#7302);
#7304=CARTESIAN_POINT('',(845.921465086,-153.729122671,284.329036407));
#7305=DIRECTION('',(-0.,1.,-0.));
#7306=DIRECTION('',(0.,0.,-1.));
#7307=AXIS2_PLACEMENT_3D('',#7304,#7305,#7306);
#7308=CIRCLE('',#7307,2.6);
#7309=EDGE_CURVE('',#7303,#7278,#7308,.T.);
#7310=ORIENTED_EDGE('',*,*,#7309,.F.);
#7311=CARTESIAN_POINT('',(845.921465086,-153.729122671,284.329036407));
#7312=DIRECTION('',(-0.,1.,-0.));
#7313=DIRECTION('',(0.,0.,-1.));
#7314=AXIS2_PLACEMENT_3D('',#7311,#7312,#7313);
#7315=CIRCLE('',#7314,2.6);
#7316=EDGE_CURVE('',#7278,#7303,#7315,.T.);
#7317=ORIENTED_EDGE('',*,*,#7316,.F.);
#7318=EDGE_LOOP('',(#7284,#7293,#7300,#7301,#7310,#7317));
#7319=FACE_BOUND('',#7318,.T.);
#7320=ADVANCED_FACE('',(#7319),#7274,.F.);
#7321=OVER_RIDING_STYLED_ITEM('',(#7164),#7320,#7106);
#7322=CARTESIAN_POINT('',(845.924713168,-162.729122671,204.329036473));
#7323=DIRECTION('',(-0.,1.,0.));
#7324=DIRECTION('',(-0.000040601,-0.,0.999999999));
#7325=AXIS2_PLACEMENT_3D('',#7322,#7323,#7324);
#7326=CYLINDRICAL_SURFACE('',#7325,2.6);
#7327=CARTESIAN_POINT('',(845.924607605,-147.729122671,206.92903647));
#7328=VERTEX_POINT('',#7327);
#7329=CARTESIAN_POINT('',(845.924607605,-153.729122671,206.92903647));
#7330=VERTEX_POINT('',#7329);
#7331=CARTESIAN_POINT('',(845.924607605,-147.729122671,206.92903647));
#7332=DIRECTION('',(0.,-1.,-0.));
#7333=VECTOR('',#7332,6.);
#7334=LINE('',#7331,#7333);
#7335=EDGE_CURVE('',#7328,#7330,#7334,.T.);
#7336=ORIENTED_EDGE('',*,*,#7335,.F.);
#7337=CARTESIAN_POINT('',(845.924713168,-147.729122671,201.729036473));
#7338=VERTEX_POINT('',#7337);
#7339=CARTESIAN_POINT('',(845.924713168,-147.729122671,204.329036473));
#7340=DIRECTION('',(-0.,1.,-0.));
#7341=DIRECTION('',(0.,0.,-1.));
#7342=AXIS2_PLACEMENT_3D('',#7339,#7340,#7341);
#7343=CIRCLE('',#7342,2.6);
#7344=EDGE_CURVE('',#7328,#7338,#7343,.T.);
#7345=ORIENTED_EDGE('',*,*,#7344,.T.);
#7346=CARTESIAN_POINT('',(845.924713168,-147.729122671,204.329036473));
#7347=DIRECTION('',(-0.,1.,-0.));
#7348=DIRECTION('',(0.,0.,-1.));
#7349=AXIS2_PLACEMENT_3D('',#7346,#7347,#7348);
#7350=CIRCLE('',#7349,2.6);
#7351=EDGE_CURVE('',#7338,#7328,#7350,.T.);
#7352=ORIENTED_EDGE('',*,*,#7351,.T.);
#7353=ORIENTED_EDGE('',*,*,#7335,.T.);
#7354=CARTESIAN_POINT('',(845.924713168,-153.729122671,201.729036473));
#7355=VERTEX_POINT('',#7354);
#7356=CARTESIAN_POINT('',(845.924713168,-153.729122671,204.329036473));
#7357=DIRECTION('',(-0.,1.,-0.));
#7358=DIRECTION('',(0.,0.,-1.));
#7359=AXIS2_PLACEMENT_3D('',#7356,#7357,#7358);
#7360=CIRCLE('',#7359,2.6);
#7361=EDGE_CURVE('',#7355,#7330,#7360,.T.);
#7362=ORIENTED_EDGE('',*,*,#7361,.F.);
#7363=CARTESIAN_POINT('',(845.924713168,-153.729122671,204.329036473));
#7364=DIRECTION('',(-0.,1.,-0.));
#7365=DIRECTION('',(0.,0.,-1.));
#7366=AXIS2_PLACEMENT_3D('',#7363,#7364,#7365);
#7367=CIRCLE('',#7366,2.6);
#7368=EDGE_CURVE('',#7330,#7355,#7367,.T.);
#7369=ORIENTED_EDGE('',*,*,#7368,.F.);
#7370=EDGE_LOOP('',(#7336,#7345,#7352,#7353,#7362,#7369));
#7371=FACE_BOUND('',#7370,.T.);
#7372=ADVANCED_FACE('',(#7371),#7326,.F.);
#7373=OVER_RIDING_STYLED_ITEM('',(#7164),#7372,#7106);
#7374=CARTESIAN_POINT('',(754.918623088,-162.729122671,354.325341655));
#7375=DIRECTION('',(-0.,1.,0.));
#7376=DIRECTION('',(-0.000040601,-0.,0.999999999));
#7377=AXIS2_PLACEMENT_3D('',#7374,#7375,#7376);
#7378=CYLINDRICAL_SURFACE('',#7377,2.6);
#7379=CARTESIAN_POINT('',(754.918517526,-147.729122671,356.925341653));
#7380=VERTEX_POINT('',#7379);
#7381=CARTESIAN_POINT('',(754.918517526,-153.729122671,356.925341653));
#7382=VERTEX_POINT('',#7381);
#7383=CARTESIAN_POINT('',(754.918517526,-147.729122671,356.925341653));
#7384=DIRECTION('',(0.,-1.,-0.));
#7385=VECTOR('',#7384,6.);
#7386=LINE('',#7383,#7385);
#7387=EDGE_CURVE('',#7380,#7382,#7386,.T.);
#7388=ORIENTED_EDGE('',*,*,#7387,.F.);
#7389=CARTESIAN_POINT('',(754.918623088,-147.729122671,351.725341655));
#7390=VERTEX_POINT('',#7389);
#7391=CARTESIAN_POINT('',(754.918623088,-147.729122671,354.325341655));
#7392=DIRECTION('',(-0.,1.,-0.));
#7393=DIRECTION('',(0.,0.,-1.));
#7394=AXIS2_PLACEMENT_3D('',#7391,#7392,#7393);
#7395=CIRCLE('',#7394,2.6);
#7396=EDGE_CURVE('',#7380,#7390,#7395,.T.);
#7397=ORIENTED_EDGE('',*,*,#7396,.T.);
#7398=CARTESIAN_POINT('',(754.918623088,-147.729122671,354.325341655));
#7399=DIRECTION('',(-0.,1.,-0.));
#7400=DIRECTION('',(0.,0.,-1.));
#7401=AXIS2_PLACEMENT_3D('',#7398,#7399,#7400);
#7402=CIRCLE('',#7401,2.6);
#7403=EDGE_CURVE('',#7390,#7380,#7402,.T.);
#7404=ORIENTED_EDGE('',*,*,#7403,.T.);
#7405=ORIENTED_EDGE('',*,*,#7387,.T.);
#7406=CARTESIAN_POINT('',(754.918623088,-153.729122671,351.725341655));
#7407=VERTEX_POINT('',#7406);
#7408=CARTESIAN_POINT('',(754.918623088,-153.729122671,354.325341655));
#7409=DIRECTION('',(-0.,1.,-0.));
#7410=DIRECTION('',(0.,0.,-1.));
#7411=AXIS2_PLACEMENT_3D('',#7408,#7409,#7410);
#7412=CIRCLE('',#7411,2.6);
#7413=EDGE_CURVE('',#7407,#7382,#7412,.T.);
#7414=ORIENTED_EDGE('',*,*,#7413,.F.);
#7415=CARTESIAN_POINT('',(754.918623088,-153.729122671,354.325341655));
#7416=DIRECTION('',(-0.,1.,-0.));
#7417=DIRECTION('',(0.,0.,-1.));
#7418=AXIS2_PLACEMENT_3D('',#7415,#7416,#7417);
#7419=CIRCLE('',#7418,2.6);
#7420=EDGE_CURVE('',#7382,#7407,#7419,.T.);
#7421=ORIENTED_EDGE('',*,*,#7420,.F.);
#7422=EDGE_LOOP('',(#7388,#7397,#7404,#7405,#7414,#7421));
#7423=FACE_BOUND('',#7422,.T.);
#7424=ADVANCED_FACE('',(#7423),#7378,.F.);
#7425=OVER_RIDING_STYLED_ITEM('',(#7164),#7424,#7106);
#7426=CARTESIAN_POINT('',(792.736503446,-153.729122671,359.322174843));
#7427=DIRECTION('',(0.,-1.,0.));
#7428=DIRECTION('',(0.,0.,-1.));
#7429=AXIS2_PLACEMENT_3D('',#7426,#7427,#7428);
#7430=PLANE('',#7429);
#7431=ORIENTED_EDGE('',*,*,#7146,.T.);
#7432=ORIENTED_EDGE('',*,*,#7153,.T.);
#7433=EDGE_LOOP('',(#7431,#7432));
#7434=FACE_BOUND('',#7433,.T.);
#7435=ORIENTED_EDGE('',*,*,#7205,.T.);
#7436=ORIENTED_EDGE('',*,*,#7212,.T.);
#7437=EDGE_LOOP('',(#7435,#7436));
#7438=FACE_BOUND('',#7437,.T.);
#7439=ORIENTED_EDGE('',*,*,#7257,.T.);
#7440=ORIENTED_EDGE('',*,*,#7264,.T.);
#7441=EDGE_LOOP('',(#7439,#7440));
#7442=FACE_BOUND('',#7441,.T.);
#7443=ORIENTED_EDGE('',*,*,#7309,.T.);
#7444=ORIENTED_EDGE('',*,*,#7316,.T.);
#7445=EDGE_LOOP('',(#7443,#7444));
#7446=FACE_BOUND('',#7445,.T.);
#7447=ORIENTED_EDGE('',*,*,#7361,.T.);
#7448=ORIENTED_EDGE('',*,*,#7368,.T.);
#7449=EDGE_LOOP('',(#7447,#7448));
#7450=FACE_BOUND('',#7449,.T.);
#7451=ORIENTED_EDGE('',*,*,#7413,.T.);
#7452=ORIENTED_EDGE('',*,*,#7420,.T.);
#7453=EDGE_LOOP('',(#7451,#7452));
#7454=FACE_BOUND('',#7453,.T.);
#7455=CARTESIAN_POINT('',(598.878635376,-153.729122671,206.922173963));
#7456=VERTEX_POINT('',#7455);
#7457=CARTESIAN_POINT('',(598.878635376,-153.729122671,201.722173963));
#7458=VERTEX_POINT('',#7457);
#7459=CARTESIAN_POINT('',(598.878635376,-153.729122671,204.322173963));
#7460=DIRECTION('',(0.,-1.,0.));
#7461=DIRECTION('',(0.,0.,-1.));
#7462=AXIS2_PLACEMENT_3D('',#7459,#7460,#7461);
#7463=CIRCLE('',#7462,2.6);
#7464=EDGE_CURVE('',#7456,#7458,#7463,.T.);
#7465=ORIENTED_EDGE('',*,*,#7464,.F.);
#7466=CARTESIAN_POINT('',(598.878635376,-153.729122671,204.322173963));
#7467=DIRECTION('',(0.,-1.,0.));
#7468=DIRECTION('',(0.,0.,-1.));
#7469=AXIS2_PLACEMENT_3D('',#7466,#7467,#7468);
#7470=CIRCLE('',#7469,2.6);
#7471=EDGE_CURVE('',#7458,#7456,#7470,.T.);
#7472=ORIENTED_EDGE('',*,*,#7471,.F.);
#7473=EDGE_LOOP('',(#7465,#7472));
#7474=FACE_BOUND('',#7473,.T.);
#7475=CARTESIAN_POINT('',(507.878635376,-153.729122671,246.922173963));
#7476=VERTEX_POINT('',#7475);
#7477=CARTESIAN_POINT('',(507.878635376,-153.729122671,241.722173963));
#7478=VERTEX_POINT('',#7477);
#7479=CARTESIAN_POINT('',(507.878635376,-153.729122671,244.322173963));
#7480=DIRECTION('',(0.,-1.,0.));
#7481=DIRECTION('',(0.,0.,-1.));
#7482=AXIS2_PLACEMENT_3D('',#7479,#7480,#7481);
#7483=CIRCLE('',#7482,2.6);
#7484=EDGE_CURVE('',#7476,#7478,#7483,.T.);
#7485=ORIENTED_EDGE('',*,*,#7484,.F.);
#7486=CARTESIAN_POINT('',(507.878635376,-153.729122671,244.322173963));
#7487=DIRECTION('',(0.,-1.,0.));
#7488=DIRECTION('',(0.,0.,-1.));
#7489=AXIS2_PLACEMENT_3D('',#7486,#7487,#7488);
#7490=CIRCLE('',#7489,2.6);
#7491=EDGE_CURVE('',#7478,#7476,#7490,.T.);
#7492=ORIENTED_EDGE('',*,*,#7491,.F.);
#7493=EDGE_LOOP('',(#7485,#7492));
#7494=FACE_BOUND('',#7493,.T.);
#7495=CARTESIAN_POINT('',(598.878635376,-153.729122671,246.922173963));
#7496=VERTEX_POINT('',#7495);
#7497=CARTESIAN_POINT('',(598.878635376,-153.729122671,241.722173963));
#7498=VERTEX_POINT('',#7497);
#7499=CARTESIAN_POINT('',(598.878635376,-153.729122671,244.322173963));
#7500=DIRECTION('',(0.,-1.,0.));
#7501=DIRECTION('',(0.,0.,-1.));
#7502=AXIS2_PLACEMENT_3D('',#7499,#7500,#7501);
#7503=CIRCLE('',#7502,2.6);
#7504=EDGE_CURVE('',#7496,#7498,#7503,.T.);
#7505=ORIENTED_EDGE('',*,*,#7504,.F.);
#7506=CARTESIAN_POINT('',(598.878635376,-153.729122671,244.322173963));
#7507=DIRECTION('',(0.,-1.,0.));
#7508=DIRECTION('',(0.,0.,-1.));
#7509=AXIS2_PLACEMENT_3D('',#7506,#7507,#7508);
#7510=CIRCLE('',#7509,2.6);
#7511=EDGE_CURVE('',#7498,#7496,#7510,.T.);
#7512=ORIENTED_EDGE('',*,*,#7511,.F.);
#7513=EDGE_LOOP('',(#7505,#7512));
#7514=FACE_BOUND('',#7513,.T.);
#7515=CARTESIAN_POINT('',(507.878635376,-153.729122671,286.922173963));
#7516=VERTEX_POINT('',#7515);
#7517=CARTESIAN_POINT('',(507.878635376,-153.729122671,281.722173963));
#7518=VERTEX_POINT('',#7517);
#7519=CARTESIAN_POINT('',(507.878635376,-153.729122671,284.322173963));
#7520=DIRECTION('',(0.,-1.,0.));
#7521=DIRECTION('',(0.,0.,-1.));
#7522=AXIS2_PLACEMENT_3D('',#7519,#7520,#7521);
#7523=CIRCLE('',#7522,2.6);
#7524=EDGE_CURVE('',#7516,#7518,#7523,.T.);
#7525=ORIENTED_EDGE('',*,*,#7524,.F.);
#7526=CARTESIAN_POINT('',(507.878635376,-153.729122671,284.322173963));
#7527=DIRECTION('',(0.,-1.,0.));
#7528=DIRECTION('',(0.,0.,-1.));
#7529=AXIS2_PLACEMENT_3D('',#7526,#7527,#7528);
#7530=CIRCLE('',#7529,2.6);
#7531=EDGE_CURVE('',#7518,#7516,#7530,.T.);
#7532=ORIENTED_EDGE('',*,*,#7531,.F.);
#7533=EDGE_LOOP('',(#7525,#7532));
#7534=FACE_BOUND('',#7533,.T.);
#7535=CARTESIAN_POINT('',(507.878635376,-153.729122671,206.922173963));
#7536=VERTEX_POINT('',#7535);
#7537=CARTESIAN_POINT('',(507.878635376,-153.729122671,201.722173963));
#7538=VERTEX_POINT('',#7537);
#7539=CARTESIAN_POINT('',(507.878635376,-153.729122671,204.322173963));
#7540=DIRECTION('',(0.,-1.,0.));
#7541=DIRECTION('',(0.,0.,-1.));
#7542=AXIS2_PLACEMENT_3D('',#7539,#7540,#7541);
#7543=CIRCLE('',#7542,2.6);
#7544=EDGE_CURVE('',#7536,#7538,#7543,.T.);
#7545=ORIENTED_EDGE('',*,*,#7544,.F.);
#7546=CARTESIAN_POINT('',(507.878635376,-153.729122671,204.322173963));
#7547=DIRECTION('',(0.,-1.,0.));
#7548=DIRECTION('',(0.,0.,-1.));
#7549=AXIS2_PLACEMENT_3D('',#7546,#7547,#7548);
#7550=CIRCLE('',#7549,2.6);
#7551=EDGE_CURVE('',#7538,#7536,#7550,.T.);
#7552=ORIENTED_EDGE('',*,*,#7551,.F.);
#7553=EDGE_LOOP('',(#7545,#7552));
#7554=FACE_BOUND('',#7553,.T.);
#7555=CARTESIAN_POINT('',(598.878635376,-153.729122671,356.922173963));
#7556=VERTEX_POINT('',#7555);
#7557=CARTESIAN_POINT('',(598.878635376,-153.729122671,351.722173963));
#7558=VERTEX_POINT('',#7557);
#7559=CARTESIAN_POINT('',(598.878635376,-153.729122671,354.322173963));
#7560=DIRECTION('',(0.,-1.,0.));
#7561=DIRECTION('',(0.,0.,-1.));
#7562=AXIS2_PLACEMENT_3D('',#7559,#7560,#7561);
#7563=CIRCLE('',#7562,2.6);
#7564=EDGE_CURVE('',#7556,#7558,#7563,.T.);
#7565=ORIENTED_EDGE('',*,*,#7564,.F.);
#7566=CARTESIAN_POINT('',(598.878635376,-153.729122671,354.322173963));
#7567=DIRECTION('',(0.,-1.,0.));
#7568=DIRECTION('',(0.,0.,-1.));
#7569=AXIS2_PLACEMENT_3D('',#7566,#7567,#7568);
#7570=CIRCLE('',#7569,2.6);
#7571=EDGE_CURVE('',#7558,#7556,#7570,.T.);
#7572=ORIENTED_EDGE('',*,*,#7571,.F.);
#7573=EDGE_LOOP('',(#7565,#7572));
#7574=FACE_BOUND('',#7573,.T.);
#7575=CARTESIAN_POINT('',(655.87863907,-153.729122671,276.722174843));
#7576=VERTEX_POINT('',#7575);
#7577=CARTESIAN_POINT('',(655.87863907,-153.729122671,279.322174843));
#7578=DIRECTION('',(-0.,1.,-0.));
#7579=DIRECTION('',(0.,0.,-1.));
#7580=AXIS2_PLACEMENT_3D('',#7577,#7578,#7579);
#7581=CIRCLE('',#7580,2.6);
#7582=EDGE_CURVE('NONE',#7576,#7576,#7581,.T.);
#7583=ORIENTED_EDGE('',*,*,#7582,.T.);
#7584=EDGE_LOOP('',(#7583));
#7585=FACE_BOUND('',#7584,.T.);
#7586=CARTESIAN_POINT('',(697.87863907,-153.729122671,276.722174843));
#7587=VERTEX_POINT('',#7586);
#7588=CARTESIAN_POINT('',(697.87863907,-153.729122671,279.322174843));
#7589=DIRECTION('',(-0.,1.,-0.));
#7590=DIRECTION('',(0.,0.,-1.));
#7591=AXIS2_PLACEMENT_3D('',#7588,#7589,#7590);
#7592=CIRCLE('',#7591,2.6);
#7593=EDGE_CURVE('NONE',#7587,#7587,#7592,.T.);
#7594=ORIENTED_EDGE('',*,*,#7593,.T.);
#7595=EDGE_LOOP('',(#7594));
#7596=FACE_BOUND('',#7595,.T.);
#7597=CARTESIAN_POINT('',(756.87863907,-153.729122671,328.722174843));
#7598=VERTEX_POINT('',#7597);
#7599=CARTESIAN_POINT('',(756.87863907,-153.729122671,331.322174843));
#7600=DIRECTION('',(-0.,1.,-0.));
#7601=DIRECTION('',(0.,0.,-1.));
#7602=AXIS2_PLACEMENT_3D('',#7599,#7600,#7601);
#7603=CIRCLE('',#7602,2.6);
#7604=EDGE_CURVE('NONE',#7598,#7598,#7603,.T.);
#7605=ORIENTED_EDGE('',*,*,#7604,.T.);
#7606=EDGE_LOOP('',(#7605));
#7607=FACE_BOUND('',#7606,.T.);
#7608=CARTESIAN_POINT('',(596.87863907,-153.729122671,286.722174843));
#7609=VERTEX_POINT('',#7608);
#7610=CARTESIAN_POINT('',(596.87863907,-153.729122671,289.322174843));
#7611=DIRECTION('',(-0.,1.,-0.));
#7612=DIRECTION('',(0.,0.,-1.));
#7613=AXIS2_PLACEMENT_3D('',#7610,#7611,#7612);
#7614=CIRCLE('',#7613,2.6);
#7615=EDGE_CURVE('NONE',#7609,#7609,#7614,.T.);
#7616=ORIENTED_EDGE('',*,*,#7615,.T.);
#7617=EDGE_LOOP('',(#7616));
#7618=FACE_BOUND('',#7617,.T.);
#7619=CARTESIAN_POINT('',(523.343105164,-153.729122671,320.044505314));
#7620=VERTEX_POINT('',#7619);
#7621=CARTESIAN_POINT('',(523.343105164,-153.729122671,321.644505314));
#7622=DIRECTION('',(-0.,1.,-0.));
#7623=DIRECTION('',(0.,0.,-1.));
#7624=AXIS2_PLACEMENT_3D('',#7621,#7622,#7623);
#7625=CIRCLE('',#7624,1.6);
#7626=EDGE_CURVE('NONE',#7620,#7620,#7625,.T.);
#7627=ORIENTED_EDGE('',*,*,#7626,.T.);
#7628=EDGE_LOOP('',(#7627));
#7629=FACE_BOUND('',#7628,.T.);
#7630=CARTESIAN_POINT('',(558.698444223,-153.729122671,327.115573125));
#7631=VERTEX_POINT('',#7630);
#7632=CARTESIAN_POINT('',(558.698444223,-153.729122671,328.715573125));
#7633=DIRECTION('',(-0.,1.,-0.));
#7634=DIRECTION('',(0.,0.,-1.));
#7635=AXIS2_PLACEMENT_3D('',#7632,#7633,#7634);
#7636=CIRCLE('',#7635,1.6);
#7637=EDGE_CURVE('NONE',#7631,#7631,#7636,.T.);
#7638=ORIENTED_EDGE('',*,*,#7637,.T.);
#7639=EDGE_LOOP('',(#7638));
#7640=FACE_BOUND('',#7639,.T.);
#7641=CARTESIAN_POINT('',(541.020774693,-153.729122671,317.680039219));
#7642=VERTEX_POINT('',#7641);
#7643=CARTESIAN_POINT('',(541.020774693,-153.729122671,325.180039219));
#7644=DIRECTION('',(-0.,1.,-0.));
#7645=DIRECTION('',(0.,0.,-1.));
#7646=AXIS2_PLACEMENT_3D('',#7643,#7644,#7645);
#7647=CIRCLE('',#7646,7.5);
#7648=EDGE_CURVE('NONE',#7642,#7642,#7647,.T.);
#7649=ORIENTED_EDGE('',*,*,#7648,.T.);
#7650=EDGE_LOOP('',(#7649));
#7651=FACE_BOUND('',#7650,.T.);
#7652=CARTESIAN_POINT('',(812.736503446,-153.729122671,317.680039219));
#7653=VERTEX_POINT('',#7652);
#7654=CARTESIAN_POINT('',(812.736503446,-153.729122671,325.180039219));
#7655=DIRECTION('',(-0.,1.,-0.));
#7656=DIRECTION('',(0.,0.,-1.));
#7657=AXIS2_PLACEMENT_3D('',#7654,#7655,#7656);
#7658=CIRCLE('',#7657,7.5);
#7659=EDGE_CURVE('NONE',#7653,#7653,#7658,.T.);
#7660=ORIENTED_EDGE('',*,*,#7659,.T.);
#7661=EDGE_LOOP('',(#7660));
#7662=FACE_BOUND('',#7661,.T.);
#7663=CARTESIAN_POINT('',(795.058833916,-153.729122671,327.115573125));
#7664=VERTEX_POINT('',#7663);
#7665=CARTESIAN_POINT('',(795.058833916,-153.729122671,328.715573125));
#7666=DIRECTION('',(-0.,1.,-0.));
#7667=DIRECTION('',(0.,0.,-1.));
#7668=AXIS2_PLACEMENT_3D('',#7665,#7666,#7667);
#7669=CIRCLE('',#7668,1.6);
#7670=EDGE_CURVE('NONE',#7664,#7664,#7669,.T.);
#7671=ORIENTED_EDGE('',*,*,#7670,.T.);
#7672=EDGE_LOOP('',(#7671));
#7673=FACE_BOUND('',#7672,.T.);
#7674=CARTESIAN_POINT('',(830.414172976,-153.729122671,320.044505314));
#7675=VERTEX_POINT('',#7674);
#7676=CARTESIAN_POINT('',(830.414172976,-153.729122671,321.644505314));
#7677=DIRECTION('',(-0.,1.,-0.));
#7678=DIRECTION('',(0.,0.,-1.));
#7679=AXIS2_PLACEMENT_3D('',#7676,#7677,#7678);
#7680=CIRCLE('',#7679,1.6);
#7681=EDGE_CURVE('NONE',#7675,#7675,#7680,.T.);
#7682=ORIENTED_EDGE('',*,*,#7681,.T.);
#7683=EDGE_LOOP('',(#7682));
#7684=FACE_BOUND('',#7683,.T.);
#7685=CARTESIAN_POINT('',(816.272037352,-153.729122671,305.90236969));
#7686=VERTEX_POINT('',#7685);
#7687=CARTESIAN_POINT('',(816.272037352,-153.729122671,307.50236969));
#7688=DIRECTION('',(-0.,1.,-0.));
#7689=DIRECTION('',(0.,0.,-1.));
#7690=AXIS2_PLACEMENT_3D('',#7687,#7688,#7689);
#7691=CIRCLE('',#7690,1.6);
#7692=EDGE_CURVE('NONE',#7686,#7686,#7691,.T.);
#7693=ORIENTED_EDGE('',*,*,#7692,.T.);
#7694=EDGE_LOOP('',(#7693));
#7695=FACE_BOUND('',#7694,.T.);
#7696=CARTESIAN_POINT('',(809.20096954,-153.729122671,341.257708749));
#7697=VERTEX_POINT('',#7696);
#7698=CARTESIAN_POINT('',(809.20096954,-153.729122671,342.857708749));
#7699=DIRECTION('',(-0.,1.,-0.));
#7700=DIRECTION('',(0.,0.,-1.));
#7701=AXIS2_PLACEMENT_3D('',#7698,#7699,#7700);
#7702=CIRCLE('',#7701,1.6);
#7703=EDGE_CURVE('NONE',#7697,#7697,#7702,.T.);
#7704=ORIENTED_EDGE('',*,*,#7703,.T.);
#7705=EDGE_LOOP('',(#7704));
#7706=FACE_BOUND('',#7705,.T.);
#7707=CARTESIAN_POINT('',(544.556308599,-153.729122671,341.257708749));
#7708=VERTEX_POINT('',#7707);
#7709=CARTESIAN_POINT('',(544.556308599,-153.729122671,342.857708749));
#7710=DIRECTION('',(-0.,1.,-0.));
#7711=DIRECTION('',(0.,0.,-1.));
#7712=AXIS2_PLACEMENT_3D('',#7709,#7710,#7711);
#7713=CIRCLE('',#7712,1.6);
#7714=EDGE_CURVE('NONE',#7708,#7708,#7713,.T.);
#7715=ORIENTED_EDGE('',*,*,#7714,.T.);
#7716=EDGE_LOOP('',(#7715));
#7717=FACE_BOUND('',#7716,.T.);
#7718=CARTESIAN_POINT('',(537.485240787,-153.729122671,305.90236969));
#7719=VERTEX_POINT('',#7718);
#7720=CARTESIAN_POINT('',(537.485240787,-153.729122671,307.50236969));
#7721=DIRECTION('',(-0.,1.,-0.));
#7722=DIRECTION('',(0.,0.,-1.));
#7723=AXIS2_PLACEMENT_3D('',#7720,#7721,#7722);
#7724=CIRCLE('',#7723,1.6);
#7725=EDGE_CURVE('NONE',#7719,#7719,#7724,.T.);
#7726=ORIENTED_EDGE('',*,*,#7725,.T.);
#7727=EDGE_LOOP('',(#7726));
#7728=FACE_BOUND('',#7727,.T.);
#7729=CARTESIAN_POINT('',(596.87863907,-153.729122671,328.722174843));
#7730=VERTEX_POINT('',#7729);
#7731=CARTESIAN_POINT('',(596.87863907,-153.729122671,331.322174843));
#7732=DIRECTION('',(-0.,1.,-0.));
#7733=DIRECTION('',(0.,0.,-1.));
#7734=AXIS2_PLACEMENT_3D('',#7731,#7732,#7733);
#7735=CIRCLE('',#7734,2.6);
#7736=EDGE_CURVE('NONE',#7730,#7730,#7735,.T.);
#7737=ORIENTED_EDGE('',*,*,#7736,.T.);
#7738=EDGE_LOOP('',(#7737));
#7739=FACE_BOUND('',#7738,.T.);
#7740=CARTESIAN_POINT('',(756.87863907,-153.729122671,286.722174843));
#7741=VERTEX_POINT('',#7740);
#7742=CARTESIAN_POINT('',(756.87863907,-153.729122671,289.322174843));
#7743=DIRECTION('',(-0.,1.,-0.));
#7744=DIRECTION('',(0.,0.,-1.));
#7745=AXIS2_PLACEMENT_3D('',#7742,#7743,#7744);
#7746=CIRCLE('',#7745,2.6);
#7747=EDGE_CURVE('NONE',#7741,#7741,#7746,.T.);
#7748=ORIENTED_EDGE('',*,*,#7747,.T.);
#7749=EDGE_LOOP('',(#7748));
#7750=FACE_BOUND('',#7749,.T.);
#7751=CARTESIAN_POINT('',(697.87863907,-153.729122671,206.722174843));
#7752=VERTEX_POINT('',#7751);
#7753=CARTESIAN_POINT('',(697.87863907,-153.729122671,209.322174843));
#7754=DIRECTION('',(-0.,1.,-0.));
#7755=DIRECTION('',(0.,0.,-1.));
#7756=AXIS2_PLACEMENT_3D('',#7753,#7754,#7755);
#7757=CIRCLE('',#7756,2.6);
#7758=EDGE_CURVE('NONE',#7752,#7752,#7757,.T.);
#7759=ORIENTED_EDGE('',*,*,#7758,.T.);
#7760=EDGE_LOOP('',(#7759));
#7761=FACE_BOUND('',#7760,.T.);
#7762=CARTESIAN_POINT('',(655.87863907,-153.729122671,206.722174843));
#7763=VERTEX_POINT('',#7762);
#7764=CARTESIAN_POINT('',(655.87863907,-153.729122671,209.322174843));
#7765=DIRECTION('',(-0.,1.,-0.));
#7766=DIRECTION('',(0.,0.,-1.));
#7767=AXIS2_PLACEMENT_3D('',#7764,#7765,#7766);
#7768=CIRCLE('',#7767,2.6);
#7769=EDGE_CURVE('NONE',#7763,#7763,#7768,.T.);
#7770=ORIENTED_EDGE('',*,*,#7769,.T.);
#7771=EDGE_LOOP('',(#7770));
#7772=FACE_BOUND('',#7771,.T.);
#7773=CARTESIAN_POINT('',(740.707066194,-153.729122671,368.150601968));
#7774=VERTEX_POINT('',#7773);
#7775=CARTESIAN_POINT('',(738.050211945,-153.729122671,365.493747718));
#7776=VERTEX_POINT('',#7775);
#7777=CARTESIAN_POINT('',(740.707066194,-153.729122671,368.150601968));
#7778=DIRECTION('',(-0.707106781,-0.,-0.707106781));
#7779=VECTOR('',#7778,3.757359313);
#7780=LINE('',#7777,#7779);
#7781=EDGE_CURVE('',#7774,#7776,#7780,.T.);
#7782=ORIENTED_EDGE('',*,*,#7781,.T.);
#7783=CARTESIAN_POINT('',(736.87863907,-153.729122671,362.665320594));
#7784=VERTEX_POINT('',#7783);
#7785=CARTESIAN_POINT('',(740.87863907,-153.729122671,362.665320594));
#7786=DIRECTION('',(0.,-1.,0.));
#7787=DIRECTION('',(0.,0.,-1.));
#7788=AXIS2_PLACEMENT_3D('',#7785,#7786,#7787);
#7789=CIRCLE('',#7788,4.);
#7790=EDGE_CURVE('',#7776,#7784,#7789,.T.);
#7791=ORIENTED_EDGE('',*,*,#7790,.T.);
#7792=CARTESIAN_POINT('',(736.87863907,-153.729122671,294.322174843));
#7793=VERTEX_POINT('',#7792);
#7794=CARTESIAN_POINT('',(736.87863907,-153.729122671,294.322174843));
#7795=DIRECTION('',(-0.,-0.,1.));
#7796=VECTOR('',#7795,68.343145751);
#7797=LINE('',#7794,#7796);
#7798=EDGE_CURVE('NONE',#7793,#7784,#7797,.T.);
#7799=ORIENTED_EDGE('',*,*,#7798,.F.);
#7800=CARTESIAN_POINT('',(731.87863907,-153.729122671,289.322174843));
#7801=VERTEX_POINT('',#7800);
#7802=CARTESIAN_POINT('',(731.87863907,-153.729122671,289.322174843));
#7803=DIRECTION('',(0.707106781,-0.,0.707106781));
#7804=VECTOR('',#7803,7.071067812);
#7805=LINE('',#7802,#7804);
#7806=EDGE_CURVE('NONE',#7801,#7793,#7805,.T.);
#7807=ORIENTED_EDGE('',*,*,#7806,.F.);
#7808=CARTESIAN_POINT('',(621.87863907,-153.729122671,289.322174843));
#7809=VERTEX_POINT('',#7808);
#7810=CARTESIAN_POINT('',(621.87863907,-153.729122671,289.322174843));
#7811=DIRECTION('',(1.,-0.,-0.));
#7812=VECTOR('',#7811,110.);
#7813=LINE('',#7810,#7812);
#7814=EDGE_CURVE('NONE',#7809,#7801,#7813,.T.);
#7815=ORIENTED_EDGE('',*,*,#7814,.F.);
#7816=CARTESIAN_POINT('',(616.87863907,-153.729122671,294.322174843));
#7817=VERTEX_POINT('',#7816);
#7818=CARTESIAN_POINT('',(616.87863907,-153.729122671,294.322174843));
#7819=DIRECTION('',(0.707106781,-0.,-0.707106781));
#7820=VECTOR('',#7819,7.071067812);
#7821=LINE('',#7818,#7820);
#7822=EDGE_CURVE('NONE',#7817,#7809,#7821,.T.);
#7823=ORIENTED_EDGE('',*,*,#7822,.F.);
#7824=CARTESIAN_POINT('',(616.87863907,-153.729122671,362.665320594));
#7825=VERTEX_POINT('',#7824);
#7826=CARTESIAN_POINT('',(616.87863907,-153.729122671,362.665320594));
#7827=DIRECTION('',(-0.,-0.,-1.));
#7828=VECTOR('',#7827,68.343145751);
#7829=LINE('',#7826,#7828);
#7830=EDGE_CURVE('',#7825,#7817,#7829,.T.);
#7831=ORIENTED_EDGE('',*,*,#7830,.F.);
#7832=CARTESIAN_POINT('',(615.707066194,-153.729122671,365.493747718));
#7833=VERTEX_POINT('',#7832);
#7834=CARTESIAN_POINT('',(612.87863907,-153.729122671,362.665320594));
#7835=DIRECTION('',(0.,-1.,0.));
#7836=DIRECTION('',(0.,0.,-1.));
#7837=AXIS2_PLACEMENT_3D('',#7834,#7835,#7836);
#7838=CIRCLE('',#7837,4.);
#7839=EDGE_CURVE('',#7825,#7833,#7838,.T.);
#7840=ORIENTED_EDGE('',*,*,#7839,.T.);
#7841=CARTESIAN_POINT('',(613.050211945,-153.729122671,368.150601968));
#7842=VERTEX_POINT('',#7841);
#7843=CARTESIAN_POINT('',(615.707066194,-153.729122671,365.493747718));
#7844=DIRECTION('',(-0.707106781,-0.,0.707106781));
#7845=VECTOR('',#7844,3.757359313);
#7846=LINE('',#7843,#7845);
#7847=EDGE_CURVE('',#7833,#7842,#7846,.T.);
#7848=ORIENTED_EDGE('',*,*,#7847,.T.);
#7849=CARTESIAN_POINT('',(610.22178482,-153.729122671,369.322174843));
#7850=VERTEX_POINT('',#7849);
#7851=CARTESIAN_POINT('',(610.22178482,-153.729122671,365.322174843));
#7852=DIRECTION('',(0.,-1.,0.));
#7853=DIRECTION('',(0.,0.,-1.));
#7854=AXIS2_PLACEMENT_3D('',#7851,#7852,#7853);
#7855=CIRCLE('',#7854,4.);
#7856=EDGE_CURVE('',#7842,#7850,#7855,.T.);
#7857=ORIENTED_EDGE('',*,*,#7856,.T.);
#7858=CARTESIAN_POINT('',(561.020774693,-153.729122671,369.322174843));
#7859=VERTEX_POINT('',#7858);
#7860=CARTESIAN_POINT('',(561.020774693,-153.729122671,369.322174843));
#7861=DIRECTION('',(1.,-0.,0.));
#7862=VECTOR('',#7861,49.201010127);
#7863=LINE('',#7860,#7862);
#7864=EDGE_CURVE('NONE',#7859,#7850,#7863,.T.);
#7865=ORIENTED_EDGE('',*,*,#7864,.F.);
#7866=CARTESIAN_POINT('',(553.949706881,-153.729122671,366.393242655));
#7867=VERTEX_POINT('',#7866);
#7868=CARTESIAN_POINT('',(561.020774693,-153.729122671,359.322174843));
#7869=DIRECTION('',(-0.,1.,-0.));
#7870=DIRECTION('',(0.,0.,-1.));
#7871=AXIS2_PLACEMENT_3D('',#7868,#7869,#7870);
#7872=CIRCLE('',#7871,10.);
#7873=EDGE_CURVE('NONE',#7867,#7859,#7872,.T.);
#7874=ORIENTED_EDGE('',*,*,#7873,.F.);
#7875=CARTESIAN_POINT('',(499.807571258,-153.729122671,312.251107031));
#7876=VERTEX_POINT('',#7875);
#7877=CARTESIAN_POINT('',(499.807571258,-153.729122671,312.251107031));
#7878=DIRECTION('',(0.707106781,-0.,0.707106781));
#7879=VECTOR('',#7878,76.568542495);
#7880=LINE('',#7877,#7879);
#7881=EDGE_CURVE('',#7876,#7867,#7880,.T.);
#7882=ORIENTED_EDGE('',*,*,#7881,.F.);
#7883=CARTESIAN_POINT('',(496.87863907,-153.729122671,305.180039219));
#7884=VERTEX_POINT('',#7883);
#7885=CARTESIAN_POINT('',(506.87863907,-153.729122671,305.180039219));
#7886=DIRECTION('',(0.,-1.,0.));
#7887=DIRECTION('',(0.,0.,-1.));
#7888=AXIS2_PLACEMENT_3D('',#7885,#7886,#7887);
#7889=CIRCLE('',#7888,10.);
#7890=EDGE_CURVE('',#7876,#7884,#7889,.T.);
#7891=ORIENTED_EDGE('',*,*,#7890,.T.);
#7892=CARTESIAN_POINT('',(496.87863907,-153.729122671,194.322174843));
#7893=VERTEX_POINT('',#7892);
#7894=CARTESIAN_POINT('',(496.87863907,-153.729122671,194.322174843));
#7895=DIRECTION('',(-0.,-0.,1.));
#7896=VECTOR('',#7895,110.857864376);
#7897=LINE('',#7894,#7896);
#7898=EDGE_CURVE('NONE',#7893,#7884,#7897,.T.);
#7899=ORIENTED_EDGE('',*,*,#7898,.F.);
#7900=CARTESIAN_POINT('',(856.87863907,-153.729122671,194.322174843));
#7901=VERTEX_POINT('',#7900);
#7902=CARTESIAN_POINT('',(496.87863907,-153.729122671,194.322174843));
#7903=DIRECTION('',(1.,0.,-0.));
#7904=VECTOR('',#7903,360.);
#7905=LINE('',#7902,#7904);
#7906=EDGE_CURVE('NONE',#7893,#7901,#7905,.T.);
#7907=ORIENTED_EDGE('',*,*,#7906,.T.);
#7908=CARTESIAN_POINT('',(856.87863907,-153.729122671,305.180039219));
#7909=VERTEX_POINT('',#7908);
#7910=CARTESIAN_POINT('',(856.87863907,-153.729122671,305.180039219));
#7911=DIRECTION('',(0.,-0.,-1.));
#7912=VECTOR('',#7911,110.857864376);
#7913=LINE('',#7910,#7912);
#7914=EDGE_CURVE('',#7909,#7901,#7913,.T.);
#7915=ORIENTED_EDGE('',*,*,#7914,.F.);
#7916=CARTESIAN_POINT('',(853.949706881,-153.729122671,312.251107031));
#7917=VERTEX_POINT('',#7916);
#7918=CARTESIAN_POINT('',(846.87863907,-153.729122671,305.180039219));
#7919=DIRECTION('',(0.,-1.,0.));
#7920=DIRECTION('',(0.,0.,-1.));
#7921=AXIS2_PLACEMENT_3D('',#7918,#7919,#7920);
#7922=CIRCLE('',#7921,10.);
#7923=EDGE_CURVE('',#7909,#7917,#7922,.T.);
#7924=ORIENTED_EDGE('',*,*,#7923,.T.);
#7925=CARTESIAN_POINT('',(799.807571258,-153.729122671,366.393242655));
#7926=VERTEX_POINT('',#7925);
#7927=CARTESIAN_POINT('',(799.807571258,-153.729122671,366.393242655));
#7928=DIRECTION('',(0.707106781,-0.,-0.707106781));
#7929=VECTOR('',#7928,76.568542495);
#7930=LINE('',#7927,#7929);
#7931=EDGE_CURVE('NONE',#7926,#7917,#7930,.T.);
#7932=ORIENTED_EDGE('',*,*,#7931,.F.);
#7933=CARTESIAN_POINT('',(792.736503446,-153.729122671,369.322174843));
#7934=VERTEX_POINT('',#7933);
#7935=CARTESIAN_POINT('',(792.736503446,-153.729122671,359.322174843));
#7936=DIRECTION('',(-0.,1.,-0.));
#7937=DIRECTION('',(0.,0.,-1.));
#7938=AXIS2_PLACEMENT_3D('',#7935,#7936,#7937);
#7939=CIRCLE('',#7938,10.);
#7940=EDGE_CURVE('NONE',#7934,#7926,#7939,.T.);
#7941=ORIENTED_EDGE('',*,*,#7940,.F.);
#7942=CARTESIAN_POINT('',(743.535493319,-153.729122671,369.322174843));
#7943=VERTEX_POINT('',#7942);
#7944=CARTESIAN_POINT('',(743.535493319,-153.729122671,369.322174843));
#7945=DIRECTION('',(1.,-0.,-0.));
#7946=VECTOR('',#7945,49.201010127);
#7947=LINE('',#7944,#7946);
#7948=EDGE_CURVE('',#7943,#7934,#7947,.T.);
#7949=ORIENTED_EDGE('',*,*,#7948,.F.);
#7950=CARTESIAN_POINT('',(743.535493319,-153.729122671,365.322174843));
#7951=DIRECTION('',(0.,-1.,0.));
#7952=DIRECTION('',(0.,0.,-1.));
#7953=AXIS2_PLACEMENT_3D('',#7950,#7951,#7952);
#7954=CIRCLE('',#7953,4.);
#7955=EDGE_CURVE('',#7943,#7774,#7954,.T.);
#7956=ORIENTED_EDGE('',*,*,#7955,.T.);
#7957=EDGE_LOOP('',(#7782,#7791,#7799,#7807,#7815,#7823,#7831,#7840,#7848,#7857,#7865,#7874,#7882,#7891,#7899,#7907,#7915,#7924,#7932,#7941,#7949,#7956));
#7958=FACE_BOUND('',#7957,.T.);
#7959=CARTESIAN_POINT('',(651.80971406,-153.729122671,258.732102801));
#7960=VERTEX_POINT('',#7959);
#7961=CARTESIAN_POINT('',(651.80971406,-153.729122671,254.732102801));
#7962=VERTEX_POINT('',#7961);
#7963=CARTESIAN_POINT('',(651.80971406,-153.729122671,258.732102801));
#7964=DIRECTION('',(0.,0.,-1.));
#7965=VECTOR('',#7964,4.);
#7966=LINE('',#7963,#7965);
#7967=EDGE_CURVE('',#7960,#7962,#7966,.T.);
#7968=ORIENTED_EDGE('',*,*,#7967,.T.);
#7969=CARTESIAN_POINT('',(648.80971406,-153.729122671,251.732102801));
#7970=VERTEX_POINT('',#7969);
#7971=CARTESIAN_POINT('',(648.80971406,-153.729122671,254.732102801));
#7972=DIRECTION('',(-0.,1.,-0.));
#7973=DIRECTION('',(0.,0.,-1.));
#7974=AXIS2_PLACEMENT_3D('',#7971,#7972,#7973);
#7975=CIRCLE('',#7974,3.);
#7976=EDGE_CURVE('',#7962,#7970,#7975,.T.);
#7977=ORIENTED_EDGE('',*,*,#7976,.T.);
#7978=CARTESIAN_POINT('',(624.80971406,-153.729122671,251.732102801));
#7979=VERTEX_POINT('',#7978);
#7980=CARTESIAN_POINT('',(648.80971406,-153.729122671,251.732102801));
#7981=DIRECTION('',(-1.,0.,0.));
#7982=VECTOR('',#7981,24.);
#7983=LINE('',#7980,#7982);
#7984=EDGE_CURVE('',#7970,#7979,#7983,.T.);
#7985=ORIENTED_EDGE('',*,*,#7984,.T.);
#7986=CARTESIAN_POINT('',(621.80971406,-153.729122671,254.732102801));
#7987=VERTEX_POINT('',#7986);
#7988=CARTESIAN_POINT('',(624.80971406,-153.729122671,254.732102801));
#7989=DIRECTION('',(-0.,1.,-0.));
#7990=DIRECTION('',(0.,0.,-1.));
#7991=AXIS2_PLACEMENT_3D('',#7988,#7989,#7990);
#7992=CIRCLE('',#7991,3.);
#7993=EDGE_CURVE('',#7979,#7987,#7992,.T.);
#7994=ORIENTED_EDGE('',*,*,#7993,.T.);
#7995=CARTESIAN_POINT('',(621.80971406,-153.729122671,258.732102801));
#7996=VERTEX_POINT('',#7995);
#7997=CARTESIAN_POINT('',(621.80971406,-153.729122671,254.732102801));
#7998=DIRECTION('',(0.,0.,1.));
#7999=VECTOR('',#7998,4.);
#8000=LINE('',#7997,#7999);
#8001=EDGE_CURVE('',#7987,#7996,#8000,.T.);
#8002=ORIENTED_EDGE('',*,*,#8001,.T.);
#8003=CARTESIAN_POINT('',(624.80971406,-153.729122671,261.732102801));
#8004=VERTEX_POINT('',#8003);
#8005=CARTESIAN_POINT('',(624.80971406,-153.729122671,258.732102801));
#8006=DIRECTION('',(-0.,1.,-0.));
#8007=DIRECTION('',(0.,0.,-1.));
#8008=AXIS2_PLACEMENT_3D('',#8005,#8006,#8007);
#8009=CIRCLE('',#8008,3.);
#8010=EDGE_CURVE('',#7996,#8004,#8009,.T.);
#8011=ORIENTED_EDGE('',*,*,#8010,.T.);
#8012=CARTESIAN_POINT('',(648.80971406,-153.729122671,261.732102801));
#8013=VERTEX_POINT('',#8012);
#8014=CARTESIAN_POINT('',(624.80971406,-153.729122671,261.732102801));
#8015=DIRECTION('',(1.,0.,-0.));
#8016=VECTOR('',#8015,24.);
#8017=LINE('',#8014,#8016);
#8018=EDGE_CURVE('',#8004,#8013,#8017,.T.);
#8019=ORIENTED_EDGE('',*,*,#8018,.T.);
#8020=CARTESIAN_POINT('',(648.80971406,-153.729122671,258.732102801));
#8021=DIRECTION('',(-0.,1.,-0.));
#8022=DIRECTION('',(0.,0.,-1.));
#8023=AXIS2_PLACEMENT_3D('',#8020,#8021,#8022);
#8024=CIRCLE('',#8023,3.);
#8025=EDGE_CURVE('',#8013,#7960,#8024,.T.);
#8026=ORIENTED_EDGE('',*,*,#8025,.T.);
#8027=EDGE_LOOP('',(#7968,#7977,#7985,#7994,#8002,#8011,#8019,#8026));
#8028=FACE_BOUND('',#8027,.T.);
#8029=CARTESIAN_POINT('',(731.947564079,-153.729122671,258.732102801));
#8030=VERTEX_POINT('',#8029);
#8031=CARTESIAN_POINT('',(731.947564079,-153.729122671,254.732102801));
#8032=VERTEX_POINT('',#8031);
#8033=CARTESIAN_POINT('',(731.947564079,-153.729122671,258.732102801));
#8034=DIRECTION('',(0.,0.,-1.));
#8035=VECTOR('',#8034,4.);
#8036=LINE('',#8033,#8035);
#8037=EDGE_CURVE('',#8030,#8032,#8036,.T.);
#8038=ORIENTED_EDGE('',*,*,#8037,.T.);
#8039=CARTESIAN_POINT('',(728.947564079,-153.729122671,251.732102801));
#8040=VERTEX_POINT('',#8039);
#8041=CARTESIAN_POINT('',(728.947564079,-153.729122671,254.732102801));
#8042=DIRECTION('',(-0.,1.,-0.));
#8043=DIRECTION('',(0.,0.,-1.));
#8044=AXIS2_PLACEMENT_3D('',#8041,#8042,#8043);
#8045=CIRCLE('',#8044,3.);
#8046=EDGE_CURVE('',#8032,#8040,#8045,.T.);
#8047=ORIENTED_EDGE('',*,*,#8046,.T.);
#8048=CARTESIAN_POINT('',(704.947564079,-153.729122671,251.732102801));
#8049=VERTEX_POINT('',#8048);
#8050=CARTESIAN_POINT('',(728.947564079,-153.729122671,251.732102801));
#8051=DIRECTION('',(-1.,0.,0.));
#8052=VECTOR('',#8051,24.);
#8053=LINE('',#8050,#8052);
#8054=EDGE_CURVE('',#8040,#8049,#8053,.T.);
#8055=ORIENTED_EDGE('',*,*,#8054,.T.);
#8056=CARTESIAN_POINT('',(701.947564079,-153.729122671,254.732102801));
#8057=VERTEX_POINT('',#8056);
#8058=CARTESIAN_POINT('',(704.947564079,-153.729122671,254.732102801));
#8059=DIRECTION('',(-0.,1.,-0.));
#8060=DIRECTION('',(0.,0.,-1.));
#8061=AXIS2_PLACEMENT_3D('',#8058,#8059,#8060);
#8062=CIRCLE('',#8061,3.);
#8063=EDGE_CURVE('',#8049,#8057,#8062,.T.);
#8064=ORIENTED_EDGE('',*,*,#8063,.T.);
#8065=CARTESIAN_POINT('',(701.947564079,-153.729122671,258.732102801));
#8066=VERTEX_POINT('',#8065);
#8067=CARTESIAN_POINT('',(701.947564079,-153.729122671,254.732102801));
#8068=DIRECTION('',(0.,0.,1.));
#8069=VECTOR('',#8068,4.);
#8070=LINE('',#8067,#8069);
#8071=EDGE_CURVE('',#8057,#8066,#8070,.T.);
#8072=ORIENTED_EDGE('',*,*,#8071,.T.);
#8073=CARTESIAN_POINT('',(704.947564079,-153.729122671,261.732102801));
#8074=VERTEX_POINT('',#8073);
#8075=CARTESIAN_POINT('',(704.947564079,-153.729122671,258.732102801));
#8076=DIRECTION('',(-0.,1.,-0.));
#8077=DIRECTION('',(0.,0.,-1.));
#8078=AXIS2_PLACEMENT_3D('',#8075,#8076,#8077);
#8079=CIRCLE('',#8078,3.);
#8080=EDGE_CURVE('',#8066,#8074,#8079,.T.);
#8081=ORIENTED_EDGE('',*,*,#8080,.T.);
#8082=CARTESIAN_POINT('',(728.947564079,-153.729122671,261.732102801));
#8083=VERTEX_POINT('',#8082);
#8084=CARTESIAN_POINT('',(704.947564079,-153.729122671,261.732102801));
#8085=DIRECTION('',(1.,0.,-0.));
#8086=VECTOR('',#8085,24.);
#8087=LINE('',#8084,#8086);
#8088=EDGE_CURVE('',#8074,#8083,#8087,.T.);
#8089=ORIENTED_EDGE('',*,*,#8088,.T.);
#8090=CARTESIAN_POINT('',(728.947564079,-153.729122671,258.732102801));
#8091=DIRECTION('',(-0.,1.,-0.));
#8092=DIRECTION('',(0.,0.,-1.));
#8093=AXIS2_PLACEMENT_3D('',#8090,#8091,#8092);
#8094=CIRCLE('',#8093,3.);
#8095=EDGE_CURVE('',#8083,#8030,#8094,.T.);
#8096=ORIENTED_EDGE('',*,*,#8095,.T.);
#8097=EDGE_LOOP('',(#8038,#8047,#8055,#8064,#8072,#8081,#8089,#8096));
#8098=FACE_BOUND('',#8097,.T.);
#8099=ADVANCED_FACE('',(#7434,#7438,#7442,#7446,#7450,#7454,#7474,#7494,#7514,#7534,#7554,#7574,#7585,#7596,#7607,#7618,#7629,#7640,#7651,#7662,#7673,#7684,#7695,#7706,#7717,#7728,
#7739,#7750,#7761,#7772,#7958,#8028,#8098),#7430,.T.);
#8100=CARTESIAN_POINT('',(792.736503446,-147.729122671,359.322174843));
#8101=DIRECTION('',(0.,-1.,0.));
#8102=DIRECTION('',(0.,0.,-1.));
#8103=AXIS2_PLACEMENT_3D('',#8100,#8101,#8102);
#8104=PLANE('',#8103);
#8105=ORIENTED_EDGE('',*,*,#7129,.F.);
#8106=ORIENTED_EDGE('',*,*,#7136,.F.);
#8107=EDGE_LOOP('',(#8105,#8106));
#8108=FACE_BOUND('',#8107,.T.);
#8109=ORIENTED_EDGE('',*,*,#7188,.F.);
#8110=ORIENTED_EDGE('',*,*,#7195,.F.);
#8111=EDGE_LOOP('',(#8109,#8110));
#8112=FACE_BOUND('',#8111,.T.);
#8113=ORIENTED_EDGE('',*,*,#7240,.F.);
#8114=ORIENTED_EDGE('',*,*,#7247,.F.);
#8115=EDGE_LOOP('',(#8113,#8114));
#8116=FACE_BOUND('',#8115,.T.);
#8117=ORIENTED_EDGE('',*,*,#7292,.F.);
#8118=ORIENTED_EDGE('',*,*,#7299,.F.);
#8119=EDGE_LOOP('',(#8117,#8118));
#8120=FACE_BOUND('',#8119,.T.);
#8121=ORIENTED_EDGE('',*,*,#7344,.F.);
#8122=ORIENTED_EDGE('',*,*,#7351,.F.);
#8123=EDGE_LOOP('',(#8121,#8122));
#8124=FACE_BOUND('',#8123,.T.);
#8125=ORIENTED_EDGE('',*,*,#7396,.F.);
#8126=ORIENTED_EDGE('',*,*,#7403,.F.);
#8127=EDGE_LOOP('',(#8125,#8126));
#8128=FACE_BOUND('',#8127,.T.);
#8129=CARTESIAN_POINT('',(598.878635376,-147.729122671,201.722173963));
#8130=VERTEX_POINT('',#8129);
#8131=CARTESIAN_POINT('',(598.878635376,-147.729122671,206.922173963));
#8132=VERTEX_POINT('',#8131);
#8133=CARTESIAN_POINT('',(598.878635376,-147.729122671,204.322173963));
#8134=DIRECTION('',(0.,-1.,0.));
#8135=DIRECTION('',(0.,0.,-1.));
#8136=AXIS2_PLACEMENT_3D('',#8133,#8134,#8135);
#8137=CIRCLE('',#8136,2.6);
#8138=EDGE_CURVE('',#8130,#8132,#8137,.T.);
#8139=ORIENTED_EDGE('',*,*,#8138,.T.);
#8140=CARTESIAN_POINT('',(598.878635376,-147.729122671,204.322173963));
#8141=DIRECTION('',(0.,-1.,0.));
#8142=DIRECTION('',(0.,0.,-1.));
#8143=AXIS2_PLACEMENT_3D('',#8140,#8141,#8142);
#8144=CIRCLE('',#8143,2.6);
#8145=EDGE_CURVE('',#8132,#8130,#8144,.T.);
#8146=ORIENTED_EDGE('',*,*,#8145,.T.);
#8147=EDGE_LOOP('',(#8139,#8146));
#8148=FACE_BOUND('',#8147,.T.);
#8149=CARTESIAN_POINT('',(507.878635376,-147.729122671,241.722173963));
#8150=VERTEX_POINT('',#8149);
#8151=CARTESIAN_POINT('',(507.878635376,-147.729122671,246.922173963));
#8152=VERTEX_POINT('',#8151);
#8153=CARTESIAN_POINT('',(507.878635376,-147.729122671,244.322173963));
#8154=DIRECTION('',(0.,-1.,0.));
#8155=DIRECTION('',(0.,0.,-1.));
#8156=AXIS2_PLACEMENT_3D('',#8153,#8154,#8155);
#8157=CIRCLE('',#8156,2.6);
#8158=EDGE_CURVE('',#8150,#8152,#8157,.T.);
#8159=ORIENTED_EDGE('',*,*,#8158,.T.);
#8160=CARTESIAN_POINT('',(507.878635376,-147.729122671,244.322173963));
#8161=DIRECTION('',(0.,-1.,0.));
#8162=DIRECTION('',(0.,0.,-1.));
#8163=AXIS2_PLACEMENT_3D('',#8160,#8161,#8162);
#8164=CIRCLE('',#8163,2.6);
#8165=EDGE_CURVE('',#8152,#8150,#8164,.T.);
#8166=ORIENTED_EDGE('',*,*,#8165,.T.);
#8167=EDGE_LOOP('',(#8159,#8166));
#8168=FACE_BOUND('',#8167,.T.);
#8169=CARTESIAN_POINT('',(598.878635376,-147.729122671,241.722173963));
#8170=VERTEX_POINT('',#8169);
#8171=CARTESIAN_POINT('',(598.878635376,-147.729122671,246.922173963));
#8172=VERTEX_POINT('',#8171);
#8173=CARTESIAN_POINT('',(598.878635376,-147.729122671,244.322173963));
#8174=DIRECTION('',(0.,-1.,0.));
#8175=DIRECTION('',(0.,0.,-1.));
#8176=AXIS2_PLACEMENT_3D('',#8173,#8174,#8175);
#8177=CIRCLE('',#8176,2.6);
#8178=EDGE_CURVE('',#8170,#8172,#8177,.T.);
#8179=ORIENTED_EDGE('',*,*,#8178,.T.);
#8180=CARTESIAN_POINT('',(598.878635376,-147.729122671,244.322173963));
#8181=DIRECTION('',(0.,-1.,0.));
#8182=DIRECTION('',(0.,0.,-1.));
#8183=AXIS2_PLACEMENT_3D('',#8180,#8181,#8182);
#8184=CIRCLE('',#8183,2.6);
#8185=EDGE_CURVE('',#8172,#8170,#8184,.T.);
#8186=ORIENTED_EDGE('',*,*,#8185,.T.);
#8187=EDGE_LOOP('',(#8179,#8186));
#8188=FACE_BOUND('',#8187,.T.);
#8189=CARTESIAN_POINT('',(507.878635376,-147.729122671,281.722173963));
#8190=VERTEX_POINT('',#8189);
#8191=CARTESIAN_POINT('',(507.878635376,-147.729122671,286.922173963));
#8192=VERTEX_POINT('',#8191);
#8193=CARTESIAN_POINT('',(507.878635376,-147.729122671,284.322173963));
#8194=DIRECTION('',(0.,-1.,0.));
#8195=DIRECTION('',(0.,0.,-1.));
#8196=AXIS2_PLACEMENT_3D('',#8193,#8194,#8195);
#8197=CIRCLE('',#8196,2.6);
#8198=EDGE_CURVE('',#8190,#8192,#8197,.T.);
#8199=ORIENTED_EDGE('',*,*,#8198,.T.);
#8200=CARTESIAN_POINT('',(507.878635376,-147.729122671,284.322173963));
#8201=DIRECTION('',(0.,-1.,0.));
#8202=DIRECTION('',(0.,0.,-1.));
#8203=AXIS2_PLACEMENT_3D('',#8200,#8201,#8202);
#8204=CIRCLE('',#8203,2.6);
#8205=EDGE_CURVE('',#8192,#8190,#8204,.T.);
#8206=ORIENTED_EDGE('',*,*,#8205,.T.);
#8207=EDGE_LOOP('',(#8199,#8206));
#8208=FACE_BOUND('',#8207,.T.);
#8209=CARTESIAN_POINT('',(507.878635376,-147.729122671,201.722173963));
#8210=VERTEX_POINT('',#8209);
#8211=CARTESIAN_POINT('',(507.878635376,-147.729122671,206.922173963));
#8212=VERTEX_POINT('',#8211);
#8213=CARTESIAN_POINT('',(507.878635376,-147.729122671,204.322173963));
#8214=DIRECTION('',(0.,-1.,0.));
#8215=DIRECTION('',(0.,0.,-1.));
#8216=AXIS2_PLACEMENT_3D('',#8213,#8214,#8215);
#8217=CIRCLE('',#8216,2.6);
#8218=EDGE_CURVE('',#8210,#8212,#8217,.T.);
#8219=ORIENTED_EDGE('',*,*,#8218,.T.);
#8220=CARTESIAN_POINT('',(507.878635376,-147.729122671,204.322173963));
#8221=DIRECTION('',(0.,-1.,0.));
#8222=DIRECTION('',(0.,0.,-1.));
#8223=AXIS2_PLACEMENT_3D('',#8220,#8221,#8222);
#8224=CIRCLE('',#8223,2.6);
#8225=EDGE_CURVE('',#8212,#8210,#8224,.T.);
#8226=ORIENTED_EDGE('',*,*,#8225,.T.);
#8227=EDGE_LOOP('',(#8219,#8226));
#8228=FACE_BOUND('',#8227,.T.);
#8229=CARTESIAN_POINT('',(598.878635376,-147.729122671,351.722173963));
#8230=VERTEX_POINT('',#8229);
#8231=CARTESIAN_POINT('',(598.878635376,-147.729122671,356.922173963));
#8232=VERTEX_POINT('',#8231);
#8233=CARTESIAN_POINT('',(598.878635376,-147.729122671,354.322173963));
#8234=DIRECTION('',(0.,-1.,0.));
#8235=DIRECTION('',(0.,0.,-1.));
#8236=AXIS2_PLACEMENT_3D('',#8233,#8234,#8235);
#8237=CIRCLE('',#8236,2.6);
#8238=EDGE_CURVE('',#8230,#8232,#8237,.T.);
#8239=ORIENTED_EDGE('',*,*,#8238,.T.);
#8240=CARTESIAN_POINT('',(598.878635376,-147.729122671,354.322173963));
#8241=DIRECTION('',(0.,-1.,0.));
#8242=DIRECTION('',(0.,0.,-1.));
#8243=AXIS2_PLACEMENT_3D('',#8240,#8241,#8242);
#8244=CIRCLE('',#8243,2.6);
#8245=EDGE_CURVE('',#8232,#8230,#8244,.T.);
#8246=ORIENTED_EDGE('',*,*,#8245,.T.);
#8247=EDGE_LOOP('',(#8239,#8246));
#8248=FACE_BOUND('',#8247,.T.);
#8249=CARTESIAN_POINT('',(621.80971406,-147.729122671,254.732102801));
#8250=VERTEX_POINT('',#8249);
#8251=CARTESIAN_POINT('',(621.80971406,-147.729122671,258.732102801));
#8252=VERTEX_POINT('',#8251);
#8253=CARTESIAN_POINT('',(621.80971406,-147.729122671,254.732102801));
#8254=DIRECTION('',(0.,0.,1.));
#8255=VECTOR('',#8254,4.);
#8256=LINE('',#8253,#8255);
#8257=EDGE_CURVE('',#8250,#8252,#8256,.T.);
#8258=ORIENTED_EDGE('',*,*,#8257,.F.);
#8259=CARTESIAN_POINT('',(624.80971406,-147.729122671,251.732102801));
#8260=VERTEX_POINT('',#8259);
#8261=CARTESIAN_POINT('',(624.80971406,-147.729122671,254.732102801));
#8262=DIRECTION('',(0.,-1.,0.));
#8263=DIRECTION('',(0.,0.,-1.));
#8264=AXIS2_PLACEMENT_3D('',#8261,#8262,#8263);
#8265=CIRCLE('',#8264,3.);
#8266=EDGE_CURVE('',#8250,#8260,#8265,.T.);
#8267=ORIENTED_EDGE('',*,*,#8266,.T.);
#8268=CARTESIAN_POINT('',(648.80971406,-147.729122671,251.732102801));
#8269=VERTEX_POINT('',#8268);
#8270=CARTESIAN_POINT('',(648.80971406,-147.729122671,251.732102801));
#8271=DIRECTION('',(-1.,0.,0.));
#8272=VECTOR('',#8271,24.);
#8273=LINE('',#8270,#8272);
#8274=EDGE_CURVE('',#8269,#8260,#8273,.T.);
#8275=ORIENTED_EDGE('',*,*,#8274,.F.);
#8276=CARTESIAN_POINT('',(651.80971406,-147.729122671,254.732102801));
#8277=VERTEX_POINT('',#8276);
#8278=CARTESIAN_POINT('',(648.80971406,-147.729122671,254.732102801));
#8279=DIRECTION('',(0.,-1.,0.));
#8280=DIRECTION('',(0.,0.,-1.));
#8281=AXIS2_PLACEMENT_3D('',#8278,#8279,#8280);
#8282=CIRCLE('',#8281,3.);
#8283=EDGE_CURVE('',#8269,#8277,#8282,.T.);
#8284=ORIENTED_EDGE('',*,*,#8283,.T.);
#8285=CARTESIAN_POINT('',(651.80971406,-147.729122671,258.732102801));
#8286=VERTEX_POINT('',#8285);
#8287=CARTESIAN_POINT('',(651.80971406,-147.729122671,258.732102801));
#8288=DIRECTION('',(0.,0.,-1.));
#8289=VECTOR('',#8288,4.);
#8290=LINE('',#8287,#8289);
#8291=EDGE_CURVE('',#8286,#8277,#8290,.T.);
#8292=ORIENTED_EDGE('',*,*,#8291,.F.);
#8293=CARTESIAN_POINT('',(648.80971406,-147.729122671,261.732102801));
#8294=VERTEX_POINT('',#8293);
#8295=CARTESIAN_POINT('',(648.80971406,-147.729122671,258.732102801));
#8296=DIRECTION('',(0.,-1.,0.));
#8297=DIRECTION('',(0.,0.,-1.));
#8298=AXIS2_PLACEMENT_3D('',#8295,#8296,#8297);
#8299=CIRCLE('',#8298,3.);
#8300=EDGE_CURVE('',#8286,#8294,#8299,.T.);
#8301=ORIENTED_EDGE('',*,*,#8300,.T.);
#8302=CARTESIAN_POINT('',(624.80971406,-147.729122671,261.732102801));
#8303=VERTEX_POINT('',#8302);
#8304=CARTESIAN_POINT('',(624.80971406,-147.729122671,261.732102801));
#8305=DIRECTION('',(1.,0.,-0.));
#8306=VECTOR('',#8305,24.);
#8307=LINE('',#8304,#8306);
#8308=EDGE_CURVE('',#8303,#8294,#8307,.T.);
#8309=ORIENTED_EDGE('',*,*,#8308,.F.);
#8310=CARTESIAN_POINT('',(624.80971406,-147.729122671,258.732102801));
#8311=DIRECTION('',(0.,-1.,0.));
#8312=DIRECTION('',(0.,0.,-1.));
#8313=AXIS2_PLACEMENT_3D('',#8310,#8311,#8312);
#8314=CIRCLE('',#8313,3.);
#8315=EDGE_CURVE('',#8303,#8252,#8314,.T.);
#8316=ORIENTED_EDGE('',*,*,#8315,.T.);
#8317=EDGE_LOOP('',(#8258,#8267,#8275,#8284,#8292,#8301,#8309,#8316));
#8318=FACE_BOUND('',#8317,.T.);
#8319=CARTESIAN_POINT('',(655.87863907,-147.729122671,206.722174843));
#8320=VERTEX_POINT('',#8319);
#8321=CARTESIAN_POINT('',(655.87863907,-147.729122671,209.322174843));
#8322=DIRECTION('',(-0.,1.,-0.));
#8323=DIRECTION('',(0.,0.,-1.));
#8324=AXIS2_PLACEMENT_3D('',#8321,#8322,#8323);
#8325=CIRCLE('',#8324,2.6);
#8326=EDGE_CURVE('NONE',#8320,#8320,#8325,.T.);
#8327=ORIENTED_EDGE('',*,*,#8326,.F.);
#8328=EDGE_LOOP('',(#8327));
#8329=FACE_BOUND('',#8328,.T.);
#8330=CARTESIAN_POINT('',(655.87863907,-147.729122671,276.722174843));
#8331=VERTEX_POINT('',#8330);
#8332=CARTESIAN_POINT('',(655.87863907,-147.729122671,279.322174843));
#8333=DIRECTION('',(-0.,1.,-0.));
#8334=DIRECTION('',(0.,0.,-1.));
#8335=AXIS2_PLACEMENT_3D('',#8332,#8333,#8334);
#8336=CIRCLE('',#8335,2.6);
#8337=EDGE_CURVE('NONE',#8331,#8331,#8336,.T.);
#8338=ORIENTED_EDGE('',*,*,#8337,.F.);
#8339=EDGE_LOOP('',(#8338));
#8340=FACE_BOUND('',#8339,.T.);
#8341=CARTESIAN_POINT('',(697.87863907,-147.729122671,206.722174843));
#8342=VERTEX_POINT('',#8341);
#8343=CARTESIAN_POINT('',(697.87863907,-147.729122671,209.322174843));
#8344=DIRECTION('',(-0.,1.,-0.));
#8345=DIRECTION('',(0.,0.,-1.));
#8346=AXIS2_PLACEMENT_3D('',#8343,#8344,#8345);
#8347=CIRCLE('',#8346,2.6);
#8348=EDGE_CURVE('NONE',#8342,#8342,#8347,.T.);
#8349=ORIENTED_EDGE('',*,*,#8348,.F.);
#8350=EDGE_LOOP('',(#8349));
#8351=FACE_BOUND('',#8350,.T.);
#8352=CARTESIAN_POINT('',(697.87863907,-147.729122671,276.722174843));
#8353=VERTEX_POINT('',#8352);
#8354=CARTESIAN_POINT('',(697.87863907,-147.729122671,279.322174843));
#8355=DIRECTION('',(-0.,1.,-0.));
#8356=DIRECTION('',(0.,0.,-1.));
#8357=AXIS2_PLACEMENT_3D('',#8354,#8355,#8356);
#8358=CIRCLE('',#8357,2.6);
#8359=EDGE_CURVE('NONE',#8353,#8353,#8358,.T.);
#8360=ORIENTED_EDGE('',*,*,#8359,.F.);
#8361=EDGE_LOOP('',(#8360));
#8362=FACE_BOUND('',#8361,.T.);
#8363=CARTESIAN_POINT('',(756.87863907,-147.729122671,286.722174843));
#8364=VERTEX_POINT('',#8363);
#8365=CARTESIAN_POINT('',(756.87863907,-147.729122671,289.322174843));
#8366=DIRECTION('',(-0.,1.,-0.));
#8367=DIRECTION('',(0.,0.,-1.));
#8368=AXIS2_PLACEMENT_3D('',#8365,#8366,#8367);
#8369=CIRCLE('',#8368,2.6);
#8370=EDGE_CURVE('NONE',#8364,#8364,#8369,.T.);
#8371=ORIENTED_EDGE('',*,*,#8370,.F.);
#8372=EDGE_LOOP('',(#8371));
#8373=FACE_BOUND('',#8372,.T.);
#8374=CARTESIAN_POINT('',(756.87863907,-147.729122671,328.722174843));
#8375=VERTEX_POINT('',#8374);
#8376=CARTESIAN_POINT('',(756.87863907,-147.729122671,331.322174843));
#8377=DIRECTION('',(-0.,1.,-0.));
#8378=DIRECTION('',(0.,0.,-1.));
#8379=AXIS2_PLACEMENT_3D('',#8376,#8377,#8378);
#8380=CIRCLE('',#8379,2.6);
#8381=EDGE_CURVE('NONE',#8375,#8375,#8380,.T.);
#8382=ORIENTED_EDGE('',*,*,#8381,.F.);
#8383=EDGE_LOOP('',(#8382));
#8384=FACE_BOUND('',#8383,.T.);
#8385=CARTESIAN_POINT('',(596.87863907,-147.729122671,328.722174843));
#8386=VERTEX_POINT('',#8385);
#8387=CARTESIAN_POINT('',(596.87863907,-147.729122671,331.322174843));
#8388=DIRECTION('',(-0.,1.,-0.));
#8389=DIRECTION('',(0.,0.,-1.));
#8390=AXIS2_PLACEMENT_3D('',#8387,#8388,#8389);
#8391=CIRCLE('',#8390,2.6);
#8392=EDGE_CURVE('NONE',#8386,#8386,#8391,.T.);
#8393=ORIENTED_EDGE('',*,*,#8392,.F.);
#8394=EDGE_LOOP('',(#8393));
#8395=FACE_BOUND('',#8394,.T.);
#8396=CARTESIAN_POINT('',(596.87863907,-147.729122671,286.722174843));
#8397=VERTEX_POINT('',#8396);
#8398=CARTESIAN_POINT('',(596.87863907,-147.729122671,289.322174843));
#8399=DIRECTION('',(-0.,1.,-0.));
#8400=DIRECTION('',(0.,0.,-1.));
#8401=AXIS2_PLACEMENT_3D('',#8398,#8399,#8400);
#8402=CIRCLE('',#8401,2.6);
#8403=EDGE_CURVE('NONE',#8397,#8397,#8402,.T.);
#8404=ORIENTED_EDGE('',*,*,#8403,.F.);
#8405=EDGE_LOOP('',(#8404));
#8406=FACE_BOUND('',#8405,.T.);
#8407=CARTESIAN_POINT('',(523.343105164,-147.729122671,320.044505314));
#8408=VERTEX_POINT('',#8407);
#8409=CARTESIAN_POINT('',(523.343105164,-147.729122671,321.644505314));
#8410=DIRECTION('',(-0.,1.,-0.));
#8411=DIRECTION('',(0.,0.,-1.));
#8412=AXIS2_PLACEMENT_3D('',#8409,#8410,#8411);
#8413=CIRCLE('',#8412,1.6);
#8414=EDGE_CURVE('NONE',#8408,#8408,#8413,.T.);
#8415=ORIENTED_EDGE('',*,*,#8414,.F.);
#8416=EDGE_LOOP('',(#8415));
#8417=FACE_BOUND('',#8416,.T.);
#8418=CARTESIAN_POINT('',(537.485240787,-147.729122671,305.90236969));
#8419=VERTEX_POINT('',#8418);
#8420=CARTESIAN_POINT('',(537.485240787,-147.729122671,307.50236969));
#8421=DIRECTION('',(-0.,1.,-0.));
#8422=DIRECTION('',(0.,0.,-1.));
#8423=AXIS2_PLACEMENT_3D('',#8420,#8421,#8422);
#8424=CIRCLE('',#8423,1.6);
#8425=EDGE_CURVE('NONE',#8419,#8419,#8424,.T.);
#8426=ORIENTED_EDGE('',*,*,#8425,.F.);
#8427=EDGE_LOOP('',(#8426));
#8428=FACE_BOUND('',#8427,.T.);
#8429=CARTESIAN_POINT('',(558.698444223,-147.729122671,327.115573125));
#8430=VERTEX_POINT('',#8429);
#8431=CARTESIAN_POINT('',(558.698444223,-147.729122671,328.715573125));
#8432=DIRECTION('',(-0.,1.,-0.));
#8433=DIRECTION('',(0.,0.,-1.));
#8434=AXIS2_PLACEMENT_3D('',#8431,#8432,#8433);
#8435=CIRCLE('',#8434,1.6);
#8436=EDGE_CURVE('NONE',#8430,#8430,#8435,.T.);
#8437=ORIENTED_EDGE('',*,*,#8436,.F.);
#8438=EDGE_LOOP('',(#8437));
#8439=FACE_BOUND('',#8438,.T.);
#8440=CARTESIAN_POINT('',(544.556308599,-147.729122671,341.257708749));
#8441=VERTEX_POINT('',#8440);
#8442=CARTESIAN_POINT('',(544.556308599,-147.729122671,342.857708749));
#8443=DIRECTION('',(-0.,1.,-0.));
#8444=DIRECTION('',(0.,0.,-1.));
#8445=AXIS2_PLACEMENT_3D('',#8442,#8443,#8444);
#8446=CIRCLE('',#8445,1.6);
#8447=EDGE_CURVE('NONE',#8441,#8441,#8446,.T.);
#8448=ORIENTED_EDGE('',*,*,#8447,.F.);
#8449=EDGE_LOOP('',(#8448));
#8450=FACE_BOUND('',#8449,.T.);
#8451=CARTESIAN_POINT('',(541.020774693,-147.729122671,317.680039219));
#8452=VERTEX_POINT('',#8451);
#8453=CARTESIAN_POINT('',(541.020774693,-147.729122671,325.180039219));
#8454=DIRECTION('',(-0.,1.,-0.));
#8455=DIRECTION('',(0.,0.,-1.));
#8456=AXIS2_PLACEMENT_3D('',#8453,#8454,#8455);
#8457=CIRCLE('',#8456,7.5);
#8458=EDGE_CURVE('NONE',#8452,#8452,#8457,.T.);
#8459=ORIENTED_EDGE('',*,*,#8458,.F.);
#8460=EDGE_LOOP('',(#8459));
#8461=FACE_BOUND('',#8460,.T.);
#8462=CARTESIAN_POINT('',(812.736503446,-147.729122671,317.680039219));
#8463=VERTEX_POINT('',#8462);
#8464=CARTESIAN_POINT('',(812.736503446,-147.729122671,325.180039219));
#8465=DIRECTION('',(-0.,1.,-0.));
#8466=DIRECTION('',(0.,0.,-1.));
#8467=AXIS2_PLACEMENT_3D('',#8464,#8465,#8466);
#8468=CIRCLE('',#8467,7.5);
#8469=EDGE_CURVE('NONE',#8463,#8463,#8468,.T.);
#8470=ORIENTED_EDGE('',*,*,#8469,.F.);
#8471=EDGE_LOOP('',(#8470));
#8472=FACE_BOUND('',#8471,.T.);
#8473=CARTESIAN_POINT('',(809.20096954,-147.729122671,341.257708749));
#8474=VERTEX_POINT('',#8473);
#8475=CARTESIAN_POINT('',(809.20096954,-147.729122671,342.857708749));
#8476=DIRECTION('',(-0.,1.,-0.));
#8477=DIRECTION('',(0.,0.,-1.));
#8478=AXIS2_PLACEMENT_3D('',#8475,#8476,#8477);
#8479=CIRCLE('',#8478,1.6);
#8480=EDGE_CURVE('NONE',#8474,#8474,#8479,.T.);
#8481=ORIENTED_EDGE('',*,*,#8480,.F.);
#8482=EDGE_LOOP('',(#8481));
#8483=FACE_BOUND('',#8482,.T.);
#8484=CARTESIAN_POINT('',(795.058833916,-147.729122671,327.115573125));
#8485=VERTEX_POINT('',#8484);
#8486=CARTESIAN_POINT('',(795.058833916,-147.729122671,328.715573125));
#8487=DIRECTION('',(-0.,1.,-0.));
#8488=DIRECTION('',(0.,0.,-1.));
#8489=AXIS2_PLACEMENT_3D('',#8486,#8487,#8488);
#8490=CIRCLE('',#8489,1.6);
#8491=EDGE_CURVE('NONE',#8485,#8485,#8490,.T.);
#8492=ORIENTED_EDGE('',*,*,#8491,.F.);
#8493=EDGE_LOOP('',(#8492));
#8494=FACE_BOUND('',#8493,.T.);
#8495=CARTESIAN_POINT('',(816.272037352,-147.729122671,305.90236969));
#8496=VERTEX_POINT('',#8495);
#8497=CARTESIAN_POINT('',(816.272037352,-147.729122671,307.50236969));
#8498=DIRECTION('',(-0.,1.,-0.));
#8499=DIRECTION('',(0.,0.,-1.));
#8500=AXIS2_PLACEMENT_3D('',#8497,#8498,#8499);
#8501=CIRCLE('',#8500,1.6);
#8502=EDGE_CURVE('NONE',#8496,#8496,#8501,.T.);
#8503=ORIENTED_EDGE('',*,*,#8502,.F.);
#8504=EDGE_LOOP('',(#8503));
#8505=FACE_BOUND('',#8504,.T.);
#8506=CARTESIAN_POINT('',(830.414172976,-147.729122671,320.044505314));
#8507=VERTEX_POINT('',#8506);
#8508=CARTESIAN_POINT('',(830.414172976,-147.729122671,321.644505314));
#8509=DIRECTION('',(-0.,1.,-0.));
#8510=DIRECTION('',(0.,0.,-1.));
#8511=AXIS2_PLACEMENT_3D('',#8508,#8509,#8510);
#8512=CIRCLE('',#8511,1.6);
#8513=EDGE_CURVE('NONE',#8507,#8507,#8512,.T.);
#8514=ORIENTED_EDGE('',*,*,#8513,.F.);
#8515=EDGE_LOOP('',(#8514));
#8516=FACE_BOUND('',#8515,.T.);
#8517=CARTESIAN_POINT('',(736.87863907,-147.729122671,294.322174843));
#8518=VERTEX_POINT('',#8517);
#8519=CARTESIAN_POINT('',(736.87863907,-147.729122671,362.665320594));
#8520=VERTEX_POINT('',#8519);
#8521=CARTESIAN_POINT('',(736.87863907,-147.729122671,294.322174843));
#8522=DIRECTION('',(-0.,-0.,1.));
#8523=VECTOR('',#8522,68.343145751);
#8524=LINE('',#8521,#8523);
#8525=EDGE_CURVE('NONE',#8518,#8520,#8524,.T.);
#8526=ORIENTED_EDGE('',*,*,#8525,.T.);
#8527=CARTESIAN_POINT('',(738.050211945,-147.729122671,365.493747718));
#8528=VERTEX_POINT('',#8527);
#8529=CARTESIAN_POINT('',(740.87863907,-147.729122671,362.665320594));
#8530=DIRECTION('',(-0.,1.,-0.));
#8531=DIRECTION('',(0.,0.,-1.));
#8532=AXIS2_PLACEMENT_3D('',#8529,#8530,#8531);
#8533=CIRCLE('',#8532,4.);
#8534=EDGE_CURVE('',#8520,#8528,#8533,.T.);
#8535=ORIENTED_EDGE('',*,*,#8534,.T.);
#8536=CARTESIAN_POINT('',(740.707066194,-147.729122671,368.150601968));
#8537=VERTEX_POINT('',#8536);
#8538=CARTESIAN_POINT('',(738.050211945,-147.729122671,365.493747718));
#8539=DIRECTION('',(0.707106781,-0.,0.707106781));
#8540=VECTOR('',#8539,3.757359313);
#8541=LINE('',#8538,#8540);
#8542=EDGE_CURVE('',#8528,#8537,#8541,.T.);
#8543=ORIENTED_EDGE('',*,*,#8542,.T.);
#8544=CARTESIAN_POINT('',(743.535493319,-147.729122671,369.322174843));
#8545=VERTEX_POINT('',#8544);
#8546=CARTESIAN_POINT('',(743.535493319,-147.729122671,365.322174843));
#8547=DIRECTION('',(-0.,1.,-0.));
#8548=DIRECTION('',(0.,0.,-1.));
#8549=AXIS2_PLACEMENT_3D('',#8546,#8547,#8548);
#8550=CIRCLE('',#8549,4.);
#8551=EDGE_CURVE('',#8537,#8545,#8550,.T.);
#8552=ORIENTED_EDGE('',*,*,#8551,.T.);
#8553=CARTESIAN_POINT('',(792.736503446,-147.729122671,369.322174843));
#8554=VERTEX_POINT('',#8553);
#8555=CARTESIAN_POINT('',(743.535493319,-147.729122671,369.322174843));
#8556=DIRECTION('',(1.,0.,-0.));
#8557=VECTOR('',#8556,49.201010127);
#8558=LINE('',#8555,#8557);
#8559=EDGE_CURVE('',#8545,#8554,#8558,.T.);
#8560=ORIENTED_EDGE('',*,*,#8559,.T.);
#8561=CARTESIAN_POINT('',(799.807571258,-147.729122671,366.393242655));
#8562=VERTEX_POINT('',#8561);
#8563=CARTESIAN_POINT('',(792.736503446,-147.729122671,359.322174843));
#8564=DIRECTION('',(-0.,1.,-0.));
#8565=DIRECTION('',(0.,0.,-1.));
#8566=AXIS2_PLACEMENT_3D('',#8563,#8564,#8565);
#8567=CIRCLE('',#8566,10.);
#8568=EDGE_CURVE('NONE',#8554,#8562,#8567,.T.);
#8569=ORIENTED_EDGE('',*,*,#8568,.T.);
#8570=CARTESIAN_POINT('',(853.949706881,-147.729122671,312.251107031));
#8571=VERTEX_POINT('',#8570);
#8572=CARTESIAN_POINT('',(799.807571258,-147.729122671,366.393242655));
#8573=DIRECTION('',(0.707106781,0.,-0.707106781));
#8574=VECTOR('',#8573,76.568542495);
#8575=LINE('',#8572,#8574);
#8576=EDGE_CURVE('NONE',#8562,#8571,#8575,.T.);
#8577=ORIENTED_EDGE('',*,*,#8576,.T.);
#8578=CARTESIAN_POINT('',(856.87863907,-147.729122671,305.180039219));
#8579=VERTEX_POINT('',#8578);
#8580=CARTESIAN_POINT('',(846.87863907,-147.729122671,305.180039219));
#8581=DIRECTION('',(-0.,1.,-0.));
#8582=DIRECTION('',(0.,0.,-1.));
#8583=AXIS2_PLACEMENT_3D('',#8580,#8581,#8582);
#8584=CIRCLE('',#8583,10.);
#8585=EDGE_CURVE('',#8571,#8579,#8584,.T.);
#8586=ORIENTED_EDGE('',*,*,#8585,.T.);
#8587=CARTESIAN_POINT('',(856.87863907,-147.729122671,194.322174843));
#8588=VERTEX_POINT('',#8587);
#8589=CARTESIAN_POINT('',(856.87863907,-147.729122671,305.180039219));
#8590=DIRECTION('',(0.,0.,-1.));
#8591=VECTOR('',#8590,110.857864376);
#8592=LINE('',#8589,#8591);
#8593=EDGE_CURVE('',#8579,#8588,#8592,.T.);
#8594=ORIENTED_EDGE('',*,*,#8593,.T.);
#8595=CARTESIAN_POINT('',(496.87863907,-147.729122671,194.322174843));
#8596=VERTEX_POINT('',#8595);
#8597=CARTESIAN_POINT('',(496.87863907,-147.729122671,194.322174843));
#8598=DIRECTION('',(1.,0.,-0.));
#8599=VECTOR('',#8598,360.);
#8600=LINE('',#8597,#8599);
#8601=EDGE_CURVE('NONE',#8596,#8588,#8600,.T.);
#8602=ORIENTED_EDGE('',*,*,#8601,.F.);
#8603=CARTESIAN_POINT('',(496.87863907,-147.729122671,305.180039219));
#8604=VERTEX_POINT('',#8603);
#8605=CARTESIAN_POINT('',(496.87863907,-147.729122671,194.322174843));
#8606=DIRECTION('',(-0.,-0.,1.));
#8607=VECTOR('',#8606,110.857864376);
#8608=LINE('',#8605,#8607);
#8609=EDGE_CURVE('',#8596,#8604,#8608,.T.);
#8610=ORIENTED_EDGE('',*,*,#8609,.T.);
#8611=CARTESIAN_POINT('',(499.807571258,-147.729122671,312.251107031));
#8612=VERTEX_POINT('',#8611);
#8613=CARTESIAN_POINT('',(506.87863907,-147.729122671,305.180039219));
#8614=DIRECTION('',(-0.,1.,-0.));
#8615=DIRECTION('',(0.,0.,-1.));
#8616=AXIS2_PLACEMENT_3D('',#8613,#8614,#8615);
#8617=CIRCLE('',#8616,10.);
#8618=EDGE_CURVE('',#8604,#8612,#8617,.T.);
#8619=ORIENTED_EDGE('',*,*,#8618,.T.);
#8620=CARTESIAN_POINT('',(553.949706881,-147.729122671,366.393242655));
#8621=VERTEX_POINT('',#8620);
#8622=CARTESIAN_POINT('',(499.807571258,-147.729122671,312.251107031));
#8623=DIRECTION('',(0.707106781,0.,0.707106781));
#8624=VECTOR('',#8623,76.568542495);
#8625=LINE('',#8622,#8624);
#8626=EDGE_CURVE('',#8612,#8621,#8625,.T.);
#8627=ORIENTED_EDGE('',*,*,#8626,.T.);
#8628=CARTESIAN_POINT('',(561.020774693,-147.729122671,369.322174843));
#8629=VERTEX_POINT('',#8628);
#8630=CARTESIAN_POINT('',(561.020774693,-147.729122671,359.322174843));
#8631=DIRECTION('',(-0.,1.,-0.));
#8632=DIRECTION('',(0.,0.,-1.));
#8633=AXIS2_PLACEMENT_3D('',#8630,#8631,#8632);
#8634=CIRCLE('',#8633,10.);
#8635=EDGE_CURVE('NONE',#8621,#8629,#8634,.T.);
#8636=ORIENTED_EDGE('',*,*,#8635,.T.);
#8637=CARTESIAN_POINT('',(610.22178482,-147.729122671,369.322174843));
#8638=VERTEX_POINT('',#8637);
#8639=CARTESIAN_POINT('',(561.020774693,-147.729122671,369.322174843));
#8640=DIRECTION('',(1.,0.,-0.));
#8641=VECTOR('',#8640,49.201010127);
#8642=LINE('',#8639,#8641);
#8643=EDGE_CURVE('NONE',#8629,#8638,#8642,.T.);
#8644=ORIENTED_EDGE('',*,*,#8643,.T.);
#8645=CARTESIAN_POINT('',(613.050211945,-147.729122671,368.150601968));
#8646=VERTEX_POINT('',#8645);
#8647=CARTESIAN_POINT('',(610.22178482,-147.729122671,365.322174843));
#8648=DIRECTION('',(-0.,1.,-0.));
#8649=DIRECTION('',(0.,0.,-1.));
#8650=AXIS2_PLACEMENT_3D('',#8647,#8648,#8649);
#8651=CIRCLE('',#8650,4.);
#8652=EDGE_CURVE('',#8638,#8646,#8651,.T.);
#8653=ORIENTED_EDGE('',*,*,#8652,.T.);
#8654=CARTESIAN_POINT('',(615.707066194,-147.729122671,365.493747718));
#8655=VERTEX_POINT('',#8654);
#8656=CARTESIAN_POINT('',(613.050211945,-147.729122671,368.150601968));
#8657=DIRECTION('',(0.707106781,-0.,-0.707106781));
#8658=VECTOR('',#8657,3.757359313);
#8659=LINE('',#8656,#8658);
#8660=EDGE_CURVE('',#8646,#8655,#8659,.T.);
#8661=ORIENTED_EDGE('',*,*,#8660,.T.);
#8662=CARTESIAN_POINT('',(616.87863907,-147.729122671,362.665320594));
#8663=VERTEX_POINT('',#8662);
#8664=CARTESIAN_POINT('',(612.87863907,-147.729122671,362.665320594));
#8665=DIRECTION('',(-0.,1.,-0.));
#8666=DIRECTION('',(0.,0.,-1.));
#8667=AXIS2_PLACEMENT_3D('',#8664,#8665,#8666);
#8668=CIRCLE('',#8667,4.);
#8669=EDGE_CURVE('',#8655,#8663,#8668,.T.);
#8670=ORIENTED_EDGE('',*,*,#8669,.T.);
#8671=CARTESIAN_POINT('',(616.87863907,-147.729122671,294.322174843));
#8672=VERTEX_POINT('',#8671);
#8673=CARTESIAN_POINT('',(616.87863907,-147.729122671,362.665320594));
#8674=DIRECTION('',(0.,0.,-1.));
#8675=VECTOR('',#8674,68.343145751);
#8676=LINE('',#8673,#8675);
#8677=EDGE_CURVE('',#8663,#8672,#8676,.T.);
#8678=ORIENTED_EDGE('',*,*,#8677,.T.);
#8679=CARTESIAN_POINT('',(621.87863907,-147.729122671,289.322174843));
#8680=VERTEX_POINT('',#8679);
#8681=CARTESIAN_POINT('',(616.87863907,-147.729122671,294.322174843));
#8682=DIRECTION('',(0.707106781,0.,-0.707106781));
#8683=VECTOR('',#8682,7.071067812);
#8684=LINE('',#8681,#8683);
#8685=EDGE_CURVE('NONE',#8672,#8680,#8684,.T.);
#8686=ORIENTED_EDGE('',*,*,#8685,.T.);
#8687=CARTESIAN_POINT('',(731.87863907,-147.729122671,289.322174843));
#8688=VERTEX_POINT('',#8687);
#8689=CARTESIAN_POINT('',(621.87863907,-147.729122671,289.322174843));
#8690=DIRECTION('',(1.,0.,-0.));
#8691=VECTOR('',#8690,110.);
#8692=LINE('',#8689,#8691);
#8693=EDGE_CURVE('NONE',#8680,#8688,#8692,.T.);
#8694=ORIENTED_EDGE('',*,*,#8693,.T.);
#8695=CARTESIAN_POINT('',(731.87863907,-147.729122671,289.322174843));
#8696=DIRECTION('',(0.707106781,0.,0.707106781));
#8697=VECTOR('',#8696,7.071067812);
#8698=LINE('',#8695,#8697);
#8699=EDGE_CURVE('NONE',#8688,#8518,#8698,.T.);
#8700=ORIENTED_EDGE('',*,*,#8699,.T.);
#8701=EDGE_LOOP('',(#8526,#8535,#8543,#8552,#8560,#8569,#8577,#8586,#8594,#8602,#8610,#8619,#8627,#8636,#8644,#8653,#8661,#8670,#8678,#8686,#8694,#8700));
#8702=FACE_BOUND('',#8701,.T.);
#8703=CARTESIAN_POINT('',(701.947564079,-147.729122671,254.732102801));
#8704=VERTEX_POINT('',#8703);
#8705=CARTESIAN_POINT('',(701.947564079,-147.729122671,258.732102801));
#8706=VERTEX_POINT('',#8705);
#8707=CARTESIAN_POINT('',(701.947564079,-147.729122671,254.732102801));
#8708=DIRECTION('',(0.,0.,1.));
#8709=VECTOR('',#8708,4.);
#8710=LINE('',#8707,#8709);
#8711=EDGE_CURVE('',#8704,#8706,#8710,.T.);
#8712=ORIENTED_EDGE('',*,*,#8711,.F.);
#8713=CARTESIAN_POINT('',(704.947564079,-147.729122671,251.732102801));
#8714=VERTEX_POINT('',#8713);
#8715=CARTESIAN_POINT('',(704.947564079,-147.729122671,254.732102801));
#8716=DIRECTION('',(0.,-1.,0.));
#8717=DIRECTION('',(0.,0.,-1.));
#8718=AXIS2_PLACEMENT_3D('',#8715,#8716,#8717);
#8719=CIRCLE('',#8718,3.);
#8720=EDGE_CURVE('',#8704,#8714,#8719,.T.);
#8721=ORIENTED_EDGE('',*,*,#8720,.T.);
#8722=CARTESIAN_POINT('',(728.947564079,-147.729122671,251.732102801));
#8723=VERTEX_POINT('',#8722);
#8724=CARTESIAN_POINT('',(728.947564079,-147.729122671,251.732102801));
#8725=DIRECTION('',(-1.,0.,0.));
#8726=VECTOR('',#8725,24.);
#8727=LINE('',#8724,#8726);
#8728=EDGE_CURVE('',#8723,#8714,#8727,.T.);
#8729=ORIENTED_EDGE('',*,*,#8728,.F.);
#8730=CARTESIAN_POINT('',(731.947564079,-147.729122671,254.732102801));
#8731=VERTEX_POINT('',#8730);
#8732=CARTESIAN_POINT('',(728.947564079,-147.729122671,254.732102801));
#8733=DIRECTION('',(0.,-1.,0.));
#8734=DIRECTION('',(0.,0.,-1.));
#8735=AXIS2_PLACEMENT_3D('',#8732,#8733,#8734);
#8736=CIRCLE('',#8735,3.);
#8737=EDGE_CURVE('',#8723,#8731,#8736,.T.);
#8738=ORIENTED_EDGE('',*,*,#8737,.T.);
#8739=CARTESIAN_POINT('',(731.947564079,-147.729122671,258.732102801));
#8740=VERTEX_POINT('',#8739);
#8741=CARTESIAN_POINT('',(731.947564079,-147.729122671,258.732102801));
#8742=DIRECTION('',(0.,0.,-1.));
#8743=VECTOR('',#8742,4.);
#8744=LINE('',#8741,#8743);
#8745=EDGE_CURVE('',#8740,#8731,#8744,.T.);
#8746=ORIENTED_EDGE('',*,*,#8745,.F.);
#8747=CARTESIAN_POINT('',(728.947564079,-147.729122671,261.732102801));
#8748=VERTEX_POINT('',#8747);
#8749=CARTESIAN_POINT('',(728.947564079,-147.729122671,258.732102801));
#8750=DIRECTION('',(0.,-1.,0.));
#8751=DIRECTION('',(0.,0.,-1.));
#8752=AXIS2_PLACEMENT_3D('',#8749,#8750,#8751);
#8753=CIRCLE('',#8752,3.);
#8754=EDGE_CURVE('',#8740,#8748,#8753,.T.);
#8755=ORIENTED_EDGE('',*,*,#8754,.T.);
#8756=CARTESIAN_POINT('',(704.947564079,-147.729122671,261.732102801));
#8757=VERTEX_POINT('',#8756);
#8758=CARTESIAN_POINT('',(704.947564079,-147.729122671,261.732102801));
#8759=DIRECTION('',(1.,0.,-0.));
#8760=VECTOR('',#8759,24.);
#8761=LINE('',#8758,#8760);
#8762=EDGE_CURVE('',#8757,#8748,#8761,.T.);
#8763=ORIENTED_EDGE('',*,*,#8762,.F.);
#8764=CARTESIAN_POINT('',(704.947564079,-147.729122671,258.732102801));
#8765=DIRECTION('',(0.,-1.,0.));
#8766=DIRECTION('',(0.,0.,-1.));
#8767=AXIS2_PLACEMENT_3D('',#8764,#8765,#8766);
#8768=CIRCLE('',#8767,3.);
#8769=EDGE_CURVE('',#8757,#8706,#8768,.T.);
#8770=ORIENTED_EDGE('',*,*,#8769,.T.);
#8771=EDGE_LOOP('',(#8712,#8721,#8729,#8738,#8746,#8755,#8763,#8770));
#8772=FACE_BOUND('',#8771,.T.);
#8773=ADVANCED_FACE('',(#8108,#8112,#8116,#8120,#8124,#8128,#8148,#8168,#8188,#8208,#8228,#8248,#8318,#8329,#8340,#8351,#8362,#8373,#8384,#8395,#8406,#8417,#8428,#8439,#8450,#8461,
#8472,#8483,#8494,#8505,#8516,#8702,#8772),#8104,.F.);
#8774=CARTESIAN_POINT('',(496.87863907,-147.729122671,309.322174843));
#8775=DIRECTION('',(1.,0.,0.));
#8776=DIRECTION('',(0.,0.,-1.));
#8777=AXIS2_PLACEMENT_3D('',#8774,#8775,#8776);
#8778=PLANE('',#8777);
#8779=ORIENTED_EDGE('',*,*,#7898,.T.);
#8780=CARTESIAN_POINT('',(496.87863907,-153.729122671,305.180039219));
#8781=DIRECTION('',(-0.,1.,-0.));
#8782=VECTOR('',#8781,6.);
#8783=LINE('',#8780,#8782);
#8784=EDGE_CURVE('',#7884,#8604,#8783,.T.);
#8785=ORIENTED_EDGE('',*,*,#8784,.T.);
#8786=ORIENTED_EDGE('',*,*,#8609,.F.);
#8787=CARTESIAN_POINT('',(496.87863907,-153.729122671,194.322174843));
#8788=DIRECTION('',(0.,1.,0.));
#8789=VECTOR('',#8788,6.);
#8790=LINE('',#8787,#8789);
#8791=EDGE_CURVE('NONE',#7893,#8596,#8790,.T.);
#8792=ORIENTED_EDGE('',*,*,#8791,.F.);
#8793=EDGE_LOOP('',(#8779,#8785,#8786,#8792));
#8794=FACE_BOUND('',#8793,.T.);
#8795=ADVANCED_FACE('',(#8794),#8778,.F.);
#8796=CARTESIAN_POINT('',(856.87863907,-147.729122671,309.322174843));
#8797=DIRECTION('',(-1.,0.,-0.));
#8798=DIRECTION('',(-0.,0.,1.));
#8799=AXIS2_PLACEMENT_3D('',#8796,#8797,#8798);
#8800=PLANE('',#8799);
#8801=ORIENTED_EDGE('',*,*,#8593,.F.);
#8802=CARTESIAN_POINT('',(856.87863907,-147.729122671,305.180039219));
#8803=DIRECTION('',(0.,-1.,0.));
#8804=VECTOR('',#8803,6.);
#8805=LINE('',#8802,#8804);
#8806=EDGE_CURVE('',#8579,#7909,#8805,.T.);
#8807=ORIENTED_EDGE('',*,*,#8806,.T.);
#8808=ORIENTED_EDGE('',*,*,#7914,.T.);
#8809=CARTESIAN_POINT('',(856.87863907,-153.729122671,194.322174843));
#8810=DIRECTION('',(0.,1.,0.));
#8811=VECTOR('',#8810,6.);
#8812=LINE('',#8809,#8811);
#8813=EDGE_CURVE('NONE',#7901,#8588,#8812,.T.);
#8814=ORIENTED_EDGE('',*,*,#8813,.T.);
#8815=EDGE_LOOP('',(#8801,#8807,#8808,#8814));
#8816=FACE_BOUND('',#8815,.T.);
#8817=ADVANCED_FACE('',(#8816),#8800,.F.);
#8818=CARTESIAN_POINT('',(496.87863907,-147.729122671,309.322174843));
#8819=DIRECTION('',(0.707106781,0.,-0.707106781));
#8820=DIRECTION('',(-0.707106781,0.,-0.707106781));
#8821=AXIS2_PLACEMENT_3D('',#8818,#8819,#8820);
#8822=PLANE('',#8821);
#8823=ORIENTED_EDGE('',*,*,#8626,.F.);
#8824=CARTESIAN_POINT('',(499.807571258,-147.729122671,312.251107031));
#8825=DIRECTION('',(0.,-1.,0.));
#8826=VECTOR('',#8825,6.);
#8827=LINE('',#8824,#8826);
#8828=EDGE_CURVE('',#8612,#7876,#8827,.T.);
#8829=ORIENTED_EDGE('',*,*,#8828,.T.);
#8830=ORIENTED_EDGE('',*,*,#7881,.T.);
#8831=CARTESIAN_POINT('',(553.949706881,-147.729122671,366.393242655));
#8832=DIRECTION('',(0.,-1.,0.));
#8833=VECTOR('',#8832,6.);
#8834=LINE('',#8831,#8833);
#8835=EDGE_CURVE('NONE',#8621,#7867,#8834,.T.);
#8836=ORIENTED_EDGE('',*,*,#8835,.F.);
#8837=EDGE_LOOP('',(#8823,#8829,#8830,#8836));
#8838=FACE_BOUND('',#8837,.T.);
#8839=ADVANCED_FACE('NONE',(#8838),#8822,.F.);
#8840=CARTESIAN_POINT('',(561.020774693,-147.729122671,359.322174843));
#8841=DIRECTION('',(0.,-1.,0.));
#8842=DIRECTION('',(0.,0.,-1.));
#8843=AXIS2_PLACEMENT_3D('',#8840,#8841,#8842);
#8844=CYLINDRICAL_SURFACE('',#8843,10.);
#8845=ORIENTED_EDGE('',*,*,#7873,.T.);
#8846=CARTESIAN_POINT('',(561.020774693,-147.729122671,369.322174843));
#8847=DIRECTION('',(-0.,-1.,-0.));
#8848=VECTOR('',#8847,6.);
#8849=LINE('',#8846,#8848);
#8850=EDGE_CURVE('NONE',#8629,#7859,#8849,.T.);
#8851=ORIENTED_EDGE('',*,*,#8850,.F.);
#8852=ORIENTED_EDGE('',*,*,#8635,.F.);
#8853=ORIENTED_EDGE('',*,*,#8835,.T.);
#8854=EDGE_LOOP('',(#8845,#8851,#8852,#8853));
#8855=FACE_BOUND('',#8854,.T.);
#8856=ADVANCED_FACE('NONE',(#8855),#8844,.T.);
#8857=CARTESIAN_POINT('',(561.020774693,-147.729122671,369.322174843));
#8858=DIRECTION('',(0.,0.,-1.));
#8859=DIRECTION('',(-1.,0.,-0.));
#8860=AXIS2_PLACEMENT_3D('',#8857,#8858,#8859);
#8861=PLANE('',#8860);
#8862=ORIENTED_EDGE('',*,*,#7864,.T.);
#8863=CARTESIAN_POINT('',(610.22178482,-153.729122671,369.322174843));
#8864=DIRECTION('',(-0.,1.,-0.));
#8865=VECTOR('',#8864,6.);
#8866=LINE('',#8863,#8865);
#8867=EDGE_CURVE('',#7850,#8638,#8866,.T.);
#8868=ORIENTED_EDGE('',*,*,#8867,.T.);
#8869=ORIENTED_EDGE('',*,*,#8643,.F.);
#8870=ORIENTED_EDGE('',*,*,#8850,.T.);
#8871=EDGE_LOOP('',(#8862,#8868,#8869,#8870));
#8872=FACE_BOUND('',#8871,.T.);
#8873=ADVANCED_FACE('NONE',(#8872),#8861,.F.);
#8874=CARTESIAN_POINT('',(616.87863907,-147.729122671,369.322174843));
#8875=DIRECTION('',(-1.,0.,0.));
#8876=DIRECTION('',(0.,0.,1.));
#8877=AXIS2_PLACEMENT_3D('',#8874,#8875,#8876);
#8878=PLANE('',#8877);
#8879=ORIENTED_EDGE('',*,*,#8677,.F.);
#8880=CARTESIAN_POINT('',(616.87863907,-147.729122671,362.665320594));
#8881=DIRECTION('',(-0.,-1.,-0.));
#8882=VECTOR('',#8881,6.);
#8883=LINE('',#8880,#8882);
#8884=EDGE_CURVE('',#8663,#7825,#8883,.T.);
#8885=ORIENTED_EDGE('',*,*,#8884,.T.);
#8886=ORIENTED_EDGE('',*,*,#7830,.T.);
#8887=CARTESIAN_POINT('',(616.87863907,-147.729122671,294.322174843));
#8888=DIRECTION('',(-0.,-1.,-0.));
#8889=VECTOR('',#8888,6.);
#8890=LINE('',#8887,#8889);
#8891=EDGE_CURVE('NONE',#8672,#7817,#8890,.T.);
#8892=ORIENTED_EDGE('',*,*,#8891,.F.);
#8893=EDGE_LOOP('',(#8879,#8885,#8886,#8892));
#8894=FACE_BOUND('',#8893,.T.);
#8895=ADVANCED_FACE('NONE',(#8894),#8878,.F.);
#8896=CARTESIAN_POINT('',(616.87863907,-147.729122671,294.322174843));
#8897=DIRECTION('',(-0.707106781,0.,-0.707106781));
#8898=DIRECTION('',(-0.707106781,0.,0.707106781));
#8899=AXIS2_PLACEMENT_3D('',#8896,#8897,#8898);
#8900=PLANE('',#8899);
#8901=ORIENTED_EDGE('',*,*,#7822,.T.);
#8902=CARTESIAN_POINT('',(621.87863907,-147.729122671,289.322174843));
#8903=DIRECTION('',(-0.,-1.,-0.));
#8904=VECTOR('',#8903,6.);
#8905=LINE('',#8902,#8904);
#8906=EDGE_CURVE('NONE',#8680,#7809,#8905,.T.);
#8907=ORIENTED_EDGE('',*,*,#8906,.F.);
#8908=ORIENTED_EDGE('',*,*,#8685,.F.);
#8909=ORIENTED_EDGE('',*,*,#8891,.T.);
#8910=EDGE_LOOP('',(#8901,#8907,#8908,#8909));
#8911=FACE_BOUND('',#8910,.T.);
#8912=ADVANCED_FACE('NONE',(#8911),#8900,.F.);
#8913=CARTESIAN_POINT('',(621.87863907,-147.729122671,289.322174843));
#8914=DIRECTION('',(0.,0.,-1.));
#8915=DIRECTION('',(-1.,0.,0.));
#8916=AXIS2_PLACEMENT_3D('',#8913,#8914,#8915);
#8917=PLANE('',#8916);
#8918=ORIENTED_EDGE('',*,*,#7814,.T.);
#8919=CARTESIAN_POINT('',(731.87863907,-147.729122671,289.322174843));
#8920=DIRECTION('',(-0.,-1.,-0.));
#8921=VECTOR('',#8920,6.);
#8922=LINE('',#8919,#8921);
#8923=EDGE_CURVE('NONE',#8688,#7801,#8922,.T.);
#8924=ORIENTED_EDGE('',*,*,#8923,.F.);
#8925=ORIENTED_EDGE('',*,*,#8693,.F.);
#8926=ORIENTED_EDGE('',*,*,#8906,.T.);
#8927=EDGE_LOOP('',(#8918,#8924,#8925,#8926));
#8928=FACE_BOUND('',#8927,.T.);
#8929=ADVANCED_FACE('NONE',(#8928),#8917,.F.);
#8930=CARTESIAN_POINT('',(731.87863907,-147.729122671,289.322174843));
#8931=DIRECTION('',(0.707106781,0.,-0.707106781));
#8932=DIRECTION('',(-0.707106781,0.,-0.707106781));
#8933=AXIS2_PLACEMENT_3D('',#8930,#8931,#8932);
#8934=PLANE('',#8933);
#8935=ORIENTED_EDGE('',*,*,#7806,.T.);
#8936=CARTESIAN_POINT('',(736.87863907,-147.729122671,294.322174843));
#8937=DIRECTION('',(-0.,-1.,-0.));
#8938=VECTOR('',#8937,6.);
#8939=LINE('',#8936,#8938);
#8940=EDGE_CURVE('NONE',#8518,#7793,#8939,.T.);
#8941=ORIENTED_EDGE('',*,*,#8940,.F.);
#8942=ORIENTED_EDGE('',*,*,#8699,.F.);
#8943=ORIENTED_EDGE('',*,*,#8923,.T.);
#8944=EDGE_LOOP('',(#8935,#8941,#8942,#8943));
#8945=FACE_BOUND('',#8944,.T.);
#8946=ADVANCED_FACE('NONE',(#8945),#8934,.F.);
#8947=CARTESIAN_POINT('',(736.87863907,-147.729122671,369.322174843));
#8948=DIRECTION('',(1.,0.,0.));
#8949=DIRECTION('',(0.,0.,-1.));
#8950=AXIS2_PLACEMENT_3D('',#8947,#8948,#8949);
#8951=PLANE('',#8950);
#8952=ORIENTED_EDGE('',*,*,#7798,.T.);
#8953=CARTESIAN_POINT('',(736.87863907,-153.729122671,362.665320594));
#8954=DIRECTION('',(-0.,1.,-0.));
#8955=VECTOR('',#8954,6.);
#8956=LINE('',#8953,#8955);
#8957=EDGE_CURVE('',#7784,#8520,#8956,.T.);
#8958=ORIENTED_EDGE('',*,*,#8957,.T.);
#8959=ORIENTED_EDGE('',*,*,#8525,.F.);
#8960=ORIENTED_EDGE('',*,*,#8940,.T.);
#8961=EDGE_LOOP('',(#8952,#8958,#8959,#8960));
#8962=FACE_BOUND('',#8961,.T.);
#8963=ADVANCED_FACE('NONE',(#8962),#8951,.F.);
#8964=CARTESIAN_POINT('',(792.736503446,-147.729122671,369.322174843));
#8965=DIRECTION('',(-0.,0.,-1.));
#8966=DIRECTION('',(-1.,0.,0.));
#8967=AXIS2_PLACEMENT_3D('',#8964,#8965,#8966);
#8968=PLANE('',#8967);
#8969=ORIENTED_EDGE('',*,*,#8559,.F.);
#8970=CARTESIAN_POINT('',(743.535493319,-147.729122671,369.322174843));
#8971=DIRECTION('',(-0.,-1.,-0.));
#8972=VECTOR('',#8971,6.);
#8973=LINE('',#8970,#8972);
#8974=EDGE_CURVE('',#8545,#7943,#8973,.T.);
#8975=ORIENTED_EDGE('',*,*,#8974,.T.);
#8976=ORIENTED_EDGE('',*,*,#7948,.T.);
#8977=CARTESIAN_POINT('',(792.736503446,-147.729122671,369.322174843));
#8978=DIRECTION('',(0.,-1.,0.));
#8979=VECTOR('',#8978,6.);
#8980=LINE('',#8977,#8979);
#8981=EDGE_CURVE('NONE',#8554,#7934,#8980,.T.);
#8982=ORIENTED_EDGE('',*,*,#8981,.F.);
#8983=EDGE_LOOP('',(#8969,#8975,#8976,#8982));
#8984=FACE_BOUND('',#8983,.T.);
#8985=ADVANCED_FACE('NONE',(#8984),#8968,.F.);
#8986=CARTESIAN_POINT('',(792.736503446,-147.729122671,359.322174843));
#8987=DIRECTION('',(0.,-1.,0.));
#8988=DIRECTION('',(0.,0.,-1.));
#8989=AXIS2_PLACEMENT_3D('',#8986,#8987,#8988);
#8990=CYLINDRICAL_SURFACE('',#8989,10.);
#8991=ORIENTED_EDGE('',*,*,#7940,.T.);
#8992=CARTESIAN_POINT('',(799.807571258,-147.729122671,366.393242655));
#8993=DIRECTION('',(-0.,-1.,-0.));
#8994=VECTOR('',#8993,6.);
#8995=LINE('',#8992,#8994);
#8996=EDGE_CURVE('NONE',#8562,#7926,#8995,.T.);
#8997=ORIENTED_EDGE('',*,*,#8996,.F.);
#8998=ORIENTED_EDGE('',*,*,#8568,.F.);
#8999=ORIENTED_EDGE('',*,*,#8981,.T.);
#9000=EDGE_LOOP('',(#8991,#8997,#8998,#8999));
#9001=FACE_BOUND('',#9000,.T.);
#9002=ADVANCED_FACE('NONE',(#9001),#8990,.T.);
#9003=CARTESIAN_POINT('',(799.807571258,-147.729122671,366.393242655));
#9004=DIRECTION('',(-0.707106781,0.,-0.707106781));
#9005=DIRECTION('',(-0.707106781,0.,0.707106781));
#9006=AXIS2_PLACEMENT_3D('',#9003,#9004,#9005);
#9007=PLANE('',#9006);
#9008=ORIENTED_EDGE('',*,*,#7931,.T.);
#9009=CARTESIAN_POINT('',(853.949706881,-153.729122671,312.251107031));
#9010=DIRECTION('',(-0.,1.,-0.));
#9011=VECTOR('',#9010,6.);
#9012=LINE('',#9009,#9011);
#9013=EDGE_CURVE('',#7917,#8571,#9012,.T.);
#9014=ORIENTED_EDGE('',*,*,#9013,.T.);
#9015=ORIENTED_EDGE('',*,*,#8576,.F.);
#9016=ORIENTED_EDGE('',*,*,#8996,.T.);
#9017=EDGE_LOOP('',(#9008,#9014,#9015,#9016));
#9018=FACE_BOUND('',#9017,.T.);
#9019=ADVANCED_FACE('NONE',(#9018),#9007,.F.);
#9020=CARTESIAN_POINT('',(830.414172976,-147.729122671,321.644505314));
#9021=DIRECTION('',(0.,-1.,0.));
#9022=DIRECTION('',(0.,0.,-1.));
#9023=AXIS2_PLACEMENT_3D('',#9020,#9021,#9022);
#9024=CYLINDRICAL_SURFACE('',#9023,1.6);
#9025=CARTESIAN_POINT('',(830.414172976,-153.729122671,320.044505314));
#9026=DIRECTION('',(-0.,1.,-0.));
#9027=VECTOR('',#9026,6.);
#9028=LINE('',#9025,#9027);
#9029=EDGE_CURVE('',#7675,#8507,#9028,.T.);
#9030=ORIENTED_EDGE('',*,*,#9029,.F.);
#9031=ORIENTED_EDGE('',*,*,#7681,.F.);
#9032=ORIENTED_EDGE('',*,*,#9029,.T.);
#9033=ORIENTED_EDGE('',*,*,#8513,.T.);
#9034=EDGE_LOOP('',(#9030,#9031,#9032,#9033));
#9035=FACE_BOUND('',#9034,.T.);
#9036=ADVANCED_FACE('NONE',(#9035),#9024,.F.);
#9037=CARTESIAN_POINT('',(816.272037352,-147.729122671,307.50236969));
#9038=DIRECTION('',(0.,-1.,0.));
#9039=DIRECTION('',(0.,0.,-1.));
#9040=AXIS2_PLACEMENT_3D('',#9037,#9038,#9039);
#9041=CYLINDRICAL_SURFACE('',#9040,1.6);
#9042=CARTESIAN_POINT('',(816.272037352,-153.729122671,305.90236969));
#9043=DIRECTION('',(-0.,1.,-0.));
#9044=VECTOR('',#9043,6.);
#9045=LINE('',#9042,#9044);
#9046=EDGE_CURVE('',#7686,#8496,#9045,.T.);
#9047=ORIENTED_EDGE('',*,*,#9046,.F.);
#9048=ORIENTED_EDGE('',*,*,#7692,.F.);
#9049=ORIENTED_EDGE('',*,*,#9046,.T.);
#9050=ORIENTED_EDGE('',*,*,#8502,.T.);
#9051=EDGE_LOOP('',(#9047,#9048,#9049,#9050));
#9052=FACE_BOUND('',#9051,.T.);
#9053=ADVANCED_FACE('NONE',(#9052),#9041,.F.);
#9054=CARTESIAN_POINT('',(795.058833916,-147.729122671,328.715573125));
#9055=DIRECTION('',(0.,-1.,0.));
#9056=DIRECTION('',(0.,0.,-1.));
#9057=AXIS2_PLACEMENT_3D('',#9054,#9055,#9056);
#9058=CYLINDRICAL_SURFACE('',#9057,1.6);
#9059=CARTESIAN_POINT('',(795.058833916,-153.729122671,327.115573125));
#9060=DIRECTION('',(-0.,1.,-0.));
#9061=VECTOR('',#9060,6.);
#9062=LINE('',#9059,#9061);
#9063=EDGE_CURVE('',#7664,#8485,#9062,.T.);
#9064=ORIENTED_EDGE('',*,*,#9063,.F.);
#9065=ORIENTED_EDGE('',*,*,#7670,.F.);
#9066=ORIENTED_EDGE('',*,*,#9063,.T.);
#9067=ORIENTED_EDGE('',*,*,#8491,.T.);
#9068=EDGE_LOOP('',(#9064,#9065,#9066,#9067));
#9069=FACE_BOUND('',#9068,.T.);
#9070=ADVANCED_FACE('NONE',(#9069),#9058,.F.);
#9071=CARTESIAN_POINT('',(809.20096954,-147.729122671,342.857708749));
#9072=DIRECTION('',(0.,-1.,0.));
#9073=DIRECTION('',(0.,0.,-1.));
#9074=AXIS2_PLACEMENT_3D('',#9071,#9072,#9073);
#9075=CYLINDRICAL_SURFACE('',#9074,1.6);
#9076=CARTESIAN_POINT('',(809.20096954,-153.729122671,341.257708749));
#9077=DIRECTION('',(-0.,1.,-0.));
#9078=VECTOR('',#9077,6.);
#9079=LINE('',#9076,#9078);
#9080=EDGE_CURVE('',#7697,#8474,#9079,.T.);
#9081=ORIENTED_EDGE('',*,*,#9080,.F.);
#9082=ORIENTED_EDGE('',*,*,#7703,.F.);
#9083=ORIENTED_EDGE('',*,*,#9080,.T.);
#9084=ORIENTED_EDGE('',*,*,#8480,.T.);
#9085=EDGE_LOOP('',(#9081,#9082,#9083,#9084));
#9086=FACE_BOUND('',#9085,.T.);
#9087=ADVANCED_FACE('NONE',(#9086),#9075,.F.);
#9088=CARTESIAN_POINT('',(812.736503446,-147.729122671,325.180039219));
#9089=DIRECTION('',(0.,-1.,0.));
#9090=DIRECTION('',(0.,0.,-1.));
#9091=AXIS2_PLACEMENT_3D('',#9088,#9089,#9090);
#9092=CYLINDRICAL_SURFACE('',#9091,7.5);
#9093=CARTESIAN_POINT('',(812.736503446,-153.729122671,317.680039219));
#9094=DIRECTION('',(-0.,1.,-0.));
#9095=VECTOR('',#9094,6.);
#9096=LINE('',#9093,#9095);
#9097=EDGE_CURVE('',#7653,#8463,#9096,.T.);
#9098=ORIENTED_EDGE('',*,*,#9097,.F.);
#9099=ORIENTED_EDGE('',*,*,#7659,.F.);
#9100=ORIENTED_EDGE('',*,*,#9097,.T.);
#9101=ORIENTED_EDGE('',*,*,#8469,.T.);
#9102=EDGE_LOOP('',(#9098,#9099,#9100,#9101));
#9103=FACE_BOUND('',#9102,.T.);
#9104=ADVANCED_FACE('NONE',(#9103),#9092,.F.);
#9105=CARTESIAN_POINT('',(541.020774693,-147.729122671,325.180039219));
#9106=DIRECTION('',(0.,-1.,0.));
#9107=DIRECTION('',(0.,0.,-1.));
#9108=AXIS2_PLACEMENT_3D('',#9105,#9106,#9107);
#9109=CYLINDRICAL_SURFACE('',#9108,7.5);
#9110=CARTESIAN_POINT('',(541.020774693,-153.729122671,317.680039219));
#9111=DIRECTION('',(-0.,1.,-0.));
#9112=VECTOR('',#9111,6.);
#9113=LINE('',#9110,#9112);
#9114=EDGE_CURVE('',#7642,#8452,#9113,.T.);
#9115=ORIENTED_EDGE('',*,*,#9114,.F.);
#9116=ORIENTED_EDGE('',*,*,#7648,.F.);
#9117=ORIENTED_EDGE('',*,*,#9114,.T.);
#9118=ORIENTED_EDGE('',*,*,#8458,.T.);
#9119=EDGE_LOOP('',(#9115,#9116,#9117,#9118));
#9120=FACE_BOUND('',#9119,.T.);
#9121=ADVANCED_FACE('NONE',(#9120),#9109,.F.);
#9122=CARTESIAN_POINT('',(544.556308599,-147.729122671,342.857708749));
#9123=DIRECTION('',(0.,-1.,0.));
#9124=DIRECTION('',(0.,0.,-1.));
#9125=AXIS2_PLACEMENT_3D('',#9122,#9123,#9124);
#9126=CYLINDRICAL_SURFACE('',#9125,1.6);
#9127=CARTESIAN_POINT('',(544.556308599,-153.729122671,341.257708749));
#9128=DIRECTION('',(-0.,1.,-0.));
#9129=VECTOR('',#9128,6.);
#9130=LINE('',#9127,#9129);
#9131=EDGE_CURVE('',#7708,#8441,#9130,.T.);
#9132=ORIENTED_EDGE('',*,*,#9131,.F.);
#9133=ORIENTED_EDGE('',*,*,#7714,.F.);
#9134=ORIENTED_EDGE('',*,*,#9131,.T.);
#9135=ORIENTED_EDGE('',*,*,#8447,.T.);
#9136=EDGE_LOOP('',(#9132,#9133,#9134,#9135));
#9137=FACE_BOUND('',#9136,.T.);
#9138=ADVANCED_FACE('NONE',(#9137),#9126,.F.);
#9139=CARTESIAN_POINT('',(558.698444223,-147.729122671,328.715573125));
#9140=DIRECTION('',(0.,-1.,0.));
#9141=DIRECTION('',(0.,0.,-1.));
#9142=AXIS2_PLACEMENT_3D('',#9139,#9140,#9141);
#9143=CYLINDRICAL_SURFACE('',#9142,1.6);
#9144=CARTESIAN_POINT('',(558.698444223,-153.729122671,327.115573125));
#9145=DIRECTION('',(-0.,1.,-0.));
#9146=VECTOR('',#9145,6.);
#9147=LINE('',#9144,#9146);
#9148=EDGE_CURVE('',#7631,#8430,#9147,.T.);
#9149=ORIENTED_EDGE('',*,*,#9148,.F.);
#9150=ORIENTED_EDGE('',*,*,#7637,.F.);
#9151=ORIENTED_EDGE('',*,*,#9148,.T.);
#9152=ORIENTED_EDGE('',*,*,#8436,.T.);
#9153=EDGE_LOOP('',(#9149,#9150,#9151,#9152));
#9154=FACE_BOUND('',#9153,.T.);
#9155=ADVANCED_FACE('NONE',(#9154),#9143,.F.);
#9156=CARTESIAN_POINT('',(537.485240787,-147.729122671,307.50236969));
#9157=DIRECTION('',(0.,-1.,0.));
#9158=DIRECTION('',(0.,0.,-1.));
#9159=AXIS2_PLACEMENT_3D('',#9156,#9157,#9158);
#9160=CYLINDRICAL_SURFACE('',#9159,1.6);
#9161=CARTESIAN_POINT('',(537.485240787,-153.729122671,305.90236969));
#9162=DIRECTION('',(-0.,1.,-0.));
#9163=VECTOR('',#9162,6.);
#9164=LINE('',#9161,#9163);
#9165=EDGE_CURVE('',#7719,#8419,#9164,.T.);
#9166=ORIENTED_EDGE('',*,*,#9165,.F.);
#9167=ORIENTED_EDGE('',*,*,#7725,.F.);
#9168=ORIENTED_EDGE('',*,*,#9165,.T.);
#9169=ORIENTED_EDGE('',*,*,#8425,.T.);
#9170=EDGE_LOOP('',(#9166,#9167,#9168,#9169));
#9171=FACE_BOUND('',#9170,.T.);
#9172=ADVANCED_FACE('NONE',(#9171),#9160,.F.);
#9173=CARTESIAN_POINT('',(523.343105164,-147.729122671,321.644505314));
#9174=DIRECTION('',(0.,-1.,0.));
#9175=DIRECTION('',(0.,0.,-1.));
#9176=AXIS2_PLACEMENT_3D('',#9173,#9174,#9175);
#9177=CYLINDRICAL_SURFACE('',#9176,1.6);
#9178=CARTESIAN_POINT('',(523.343105164,-153.729122671,320.044505314));
#9179=DIRECTION('',(-0.,1.,-0.));
#9180=VECTOR('',#9179,6.);
#9181=LINE('',#9178,#9180);
#9182=EDGE_CURVE('',#7620,#8408,#9181,.T.);
#9183=ORIENTED_EDGE('',*,*,#9182,.F.);
#9184=ORIENTED_EDGE('',*,*,#7626,.F.);
#9185=ORIENTED_EDGE('',*,*,#9182,.T.);
#9186=ORIENTED_EDGE('',*,*,#8414,.T.);
#9187=EDGE_LOOP('',(#9183,#9184,#9185,#9186));
#9188=FACE_BOUND('',#9187,.T.);
#9189=ADVANCED_FACE('NONE',(#9188),#9177,.F.);
#9190=CARTESIAN_POINT('',(596.87863907,-147.729122671,289.322174843));
#9191=DIRECTION('',(0.,-1.,0.));
#9192=DIRECTION('',(0.,0.,-1.));
#9193=AXIS2_PLACEMENT_3D('',#9190,#9191,#9192);
#9194=CYLINDRICAL_SURFACE('',#9193,2.6);
#9195=CARTESIAN_POINT('',(596.87863907,-153.729122671,286.722174843));
#9196=DIRECTION('',(-0.,1.,-0.));
#9197=VECTOR('',#9196,6.);
#9198=LINE('',#9195,#9197);
#9199=EDGE_CURVE('',#7609,#8397,#9198,.T.);
#9200=ORIENTED_EDGE('',*,*,#9199,.F.);
#9201=ORIENTED_EDGE('',*,*,#7615,.F.);
#9202=ORIENTED_EDGE('',*,*,#9199,.T.);
#9203=ORIENTED_EDGE('',*,*,#8403,.T.);
#9204=EDGE_LOOP('',(#9200,#9201,#9202,#9203));
#9205=FACE_BOUND('',#9204,.T.);
#9206=ADVANCED_FACE('NONE',(#9205),#9194,.F.);
#9207=CARTESIAN_POINT('',(596.87863907,-147.729122671,331.322174843));
#9208=DIRECTION('',(0.,-1.,0.));
#9209=DIRECTION('',(0.,0.,-1.));
#9210=AXIS2_PLACEMENT_3D('',#9207,#9208,#9209);
#9211=CYLINDRICAL_SURFACE('',#9210,2.6);
#9212=CARTESIAN_POINT('',(596.87863907,-153.729122671,328.722174843));
#9213=DIRECTION('',(-0.,1.,-0.));
#9214=VECTOR('',#9213,6.);
#9215=LINE('',#9212,#9214);
#9216=EDGE_CURVE('',#7730,#8386,#9215,.T.);
#9217=ORIENTED_EDGE('',*,*,#9216,.F.);
#9218=ORIENTED_EDGE('',*,*,#7736,.F.);
#9219=ORIENTED_EDGE('',*,*,#9216,.T.);
#9220=ORIENTED_EDGE('',*,*,#8392,.T.);
#9221=EDGE_LOOP('',(#9217,#9218,#9219,#9220));
#9222=FACE_BOUND('',#9221,.T.);
#9223=ADVANCED_FACE('NONE',(#9222),#9211,.F.);
#9224=CARTESIAN_POINT('',(756.87863907,-147.729122671,331.322174843));
#9225=DIRECTION('',(0.,-1.,0.));
#9226=DIRECTION('',(0.,0.,-1.));
#9227=AXIS2_PLACEMENT_3D('',#9224,#9225,#9226);
#9228=CYLINDRICAL_SURFACE('',#9227,2.6);
#9229=CARTESIAN_POINT('',(756.87863907,-153.729122671,328.722174843));
#9230=DIRECTION('',(-0.,1.,-0.));
#9231=VECTOR('',#9230,6.);
#9232=LINE('',#9229,#9231);
#9233=EDGE_CURVE('',#7598,#8375,#9232,.T.);
#9234=ORIENTED_EDGE('',*,*,#9233,.F.);
#9235=ORIENTED_EDGE('',*,*,#7604,.F.);
#9236=ORIENTED_EDGE('',*,*,#9233,.T.);
#9237=ORIENTED_EDGE('',*,*,#8381,.T.);
#9238=EDGE_LOOP('',(#9234,#9235,#9236,#9237));
#9239=FACE_BOUND('',#9238,.T.);
#9240=ADVANCED_FACE('NONE',(#9239),#9228,.F.);
#9241=CARTESIAN_POINT('',(756.87863907,-147.729122671,289.322174843));
#9242=DIRECTION('',(0.,-1.,0.));
#9243=DIRECTION('',(0.,0.,-1.));
#9244=AXIS2_PLACEMENT_3D('',#9241,#9242,#9243);
#9245=CYLINDRICAL_SURFACE('',#9244,2.6);
#9246=CARTESIAN_POINT('',(756.87863907,-153.729122671,286.722174843));
#9247=DIRECTION('',(-0.,1.,-0.));
#9248=VECTOR('',#9247,6.);
#9249=LINE('',#9246,#9248);
#9250=EDGE_CURVE('',#7741,#8364,#9249,.T.);
#9251=ORIENTED_EDGE('',*,*,#9250,.F.);
#9252=ORIENTED_EDGE('',*,*,#7747,.F.);
#9253=ORIENTED_EDGE('',*,*,#9250,.T.);
#9254=ORIENTED_EDGE('',*,*,#8370,.T.);
#9255=EDGE_LOOP('',(#9251,#9252,#9253,#9254));
#9256=FACE_BOUND('',#9255,.T.);
#9257=ADVANCED_FACE('NONE',(#9256),#9245,.F.);
#9258=CARTESIAN_POINT('',(697.87863907,-147.729122671,279.322174843));
#9259=DIRECTION('',(0.,-1.,0.));
#9260=DIRECTION('',(0.,0.,-1.));
#9261=AXIS2_PLACEMENT_3D('',#9258,#9259,#9260);
#9262=CYLINDRICAL_SURFACE('',#9261,2.6);
#9263=CARTESIAN_POINT('',(697.87863907,-153.729122671,276.722174843));
#9264=DIRECTION('',(-0.,1.,-0.));
#9265=VECTOR('',#9264,6.);
#9266=LINE('',#9263,#9265);
#9267=EDGE_CURVE('',#7587,#8353,#9266,.T.);
#9268=ORIENTED_EDGE('',*,*,#9267,.F.);
#9269=ORIENTED_EDGE('',*,*,#7593,.F.);
#9270=ORIENTED_EDGE('',*,*,#9267,.T.);
#9271=ORIENTED_EDGE('',*,*,#8359,.T.);
#9272=EDGE_LOOP('',(#9268,#9269,#9270,#9271));
#9273=FACE_BOUND('',#9272,.T.);
#9274=ADVANCED_FACE('NONE',(#9273),#9262,.F.);
#9275=CARTESIAN_POINT('',(697.87863907,-147.729122671,209.322174843));
#9276=DIRECTION('',(0.,-1.,0.));
#9277=DIRECTION('',(0.,0.,-1.));
#9278=AXIS2_PLACEMENT_3D('',#9275,#9276,#9277);
#9279=CYLINDRICAL_SURFACE('',#9278,2.6);
#9280=CARTESIAN_POINT('',(697.87863907,-153.729122671,206.722174843));
#9281=DIRECTION('',(-0.,1.,-0.));
#9282=VECTOR('',#9281,6.);
#9283=LINE('',#9280,#9282);
#9284=EDGE_CURVE('',#7752,#8342,#9283,.T.);
#9285=ORIENTED_EDGE('',*,*,#9284,.F.);
#9286=ORIENTED_EDGE('',*,*,#7758,.F.);
#9287=ORIENTED_EDGE('',*,*,#9284,.T.);
#9288=ORIENTED_EDGE('',*,*,#8348,.T.);
#9289=EDGE_LOOP('',(#9285,#9286,#9287,#9288));
#9290=FACE_BOUND('',#9289,.T.);
#9291=ADVANCED_FACE('NONE',(#9290),#9279,.F.);
#9292=CARTESIAN_POINT('',(655.87863907,-147.729122671,279.322174843));
#9293=DIRECTION('',(0.,-1.,0.));
#9294=DIRECTION('',(0.,0.,-1.));
#9295=AXIS2_PLACEMENT_3D('',#9292,#9293,#9294);
#9296=CYLINDRICAL_SURFACE('',#9295,2.6);
#9297=CARTESIAN_POINT('',(655.87863907,-153.729122671,276.722174843));
#9298=DIRECTION('',(-0.,1.,-0.));
#9299=VECTOR('',#9298,6.);
#9300=LINE('',#9297,#9299);
#9301=EDGE_CURVE('',#7576,#8331,#9300,.T.);
#9302=ORIENTED_EDGE('',*,*,#9301,.F.);
#9303=ORIENTED_EDGE('',*,*,#7582,.F.);
#9304=ORIENTED_EDGE('',*,*,#9301,.T.);
#9305=ORIENTED_EDGE('',*,*,#8337,.T.);
#9306=EDGE_LOOP('',(#9302,#9303,#9304,#9305));
#9307=FACE_BOUND('',#9306,.T.);
#9308=ADVANCED_FACE('NONE',(#9307),#9296,.F.);
#9309=CARTESIAN_POINT('',(655.87863907,-147.729122671,209.322174843));
#9310=DIRECTION('',(0.,-1.,0.));
#9311=DIRECTION('',(0.,0.,-1.));
#9312=AXIS2_PLACEMENT_3D('',#9309,#9310,#9311);
#9313=CYLINDRICAL_SURFACE('',#9312,2.6);
#9314=CARTESIAN_POINT('',(655.87863907,-153.729122671,206.722174843));
#9315=DIRECTION('',(-0.,1.,-0.));
#9316=VECTOR('',#9315,6.);
#9317=LINE('',#9314,#9316);
#9318=EDGE_CURVE('',#7763,#8320,#9317,.T.);
#9319=ORIENTED_EDGE('',*,*,#9318,.F.);
#9320=ORIENTED_EDGE('',*,*,#7769,.F.);
#9321=ORIENTED_EDGE('',*,*,#9318,.T.);
#9322=ORIENTED_EDGE('',*,*,#8326,.T.);
#9323=EDGE_LOOP('',(#9319,#9320,#9321,#9322));
#9324=FACE_BOUND('',#9323,.T.);
#9325=ADVANCED_FACE('NONE',(#9324),#9313,.F.);
#9326=CARTESIAN_POINT('',(496.881416837,-148.729122671,194.322174843));
#9327=DIRECTION('',(0.,0.,1.));
#9328=DIRECTION('',(1.,0.,0.));
#9329=AXIS2_PLACEMENT_3D('',#9326,#9327,#9328);
#9330=PLANE('',#9329);
#9331=ORIENTED_EDGE('',*,*,#8601,.T.);
#9332=ORIENTED_EDGE('',*,*,#8813,.F.);
#9333=ORIENTED_EDGE('',*,*,#7906,.F.);
#9334=ORIENTED_EDGE('',*,*,#8791,.T.);
#9335=EDGE_LOOP('',(#9331,#9332,#9333,#9334));
#9336=FACE_BOUND('',#9335,.T.);
#9337=ADVANCED_FACE('NONE',(#9336),#9330,.F.);
#9338=CARTESIAN_POINT('',(506.87863907,-147.729122671,305.180039219));
#9339=DIRECTION('',(0.,-1.,0.));
#9340=DIRECTION('',(0.,0.,-1.));
#9341=AXIS2_PLACEMENT_3D('',#9338,#9339,#9340);
#9342=CYLINDRICAL_SURFACE('',#9341,10.);
#9343=ORIENTED_EDGE('',*,*,#8618,.F.);
#9344=ORIENTED_EDGE('',*,*,#8784,.F.);
#9345=ORIENTED_EDGE('',*,*,#7890,.F.);
#9346=ORIENTED_EDGE('',*,*,#8828,.F.);
#9347=EDGE_LOOP('',(#9343,#9344,#9345,#9346));
#9348=FACE_BOUND('',#9347,.T.);
#9349=ADVANCED_FACE('',(#9348),#9342,.T.);
#9350=CARTESIAN_POINT('',(846.87863907,-147.729122671,305.180039219));
#9351=DIRECTION('',(0.,-1.,0.));
#9352=DIRECTION('',(0.,0.,-1.));
#9353=AXIS2_PLACEMENT_3D('',#9350,#9351,#9352);
#9354=CYLINDRICAL_SURFACE('',#9353,10.);
#9355=ORIENTED_EDGE('',*,*,#8585,.F.);
#9356=ORIENTED_EDGE('',*,*,#9013,.F.);
#9357=ORIENTED_EDGE('',*,*,#7923,.F.);
#9358=ORIENTED_EDGE('',*,*,#8806,.F.);
#9359=EDGE_LOOP('',(#9355,#9356,#9357,#9358));
#9360=FACE_BOUND('',#9359,.T.);
#9361=ADVANCED_FACE('',(#9360),#9354,.T.);
#9362=CARTESIAN_POINT('',(621.80971406,-142.729122671,256.732102801));
#9363=DIRECTION('',(1.,0.,0.));
#9364=DIRECTION('',(0.,0.,-1.));
#9365=AXIS2_PLACEMENT_3D('',#9362,#9363,#9364);
#9366=PLANE('',#9365);
#9367=ORIENTED_EDGE('',*,*,#8001,.F.);
#9368=CARTESIAN_POINT('',(621.80971406,-153.729122671,254.732102801));
#9369=DIRECTION('',(-0.,1.,-0.));
#9370=VECTOR('',#9369,6.);
#9371=LINE('',#9368,#9370);
#9372=EDGE_CURVE('',#7987,#8250,#9371,.T.);
#9373=ORIENTED_EDGE('',*,*,#9372,.T.);
#9374=ORIENTED_EDGE('',*,*,#8257,.T.);
#9375=CARTESIAN_POINT('',(621.80971406,-147.729122671,258.732102801));
#9376=DIRECTION('',(0.,-1.,0.));
#9377=VECTOR('',#9376,6.);
#9378=LINE('',#9375,#9377);
#9379=EDGE_CURVE('',#8252,#7996,#9378,.T.);
#9380=ORIENTED_EDGE('',*,*,#9379,.T.);
#9381=EDGE_LOOP('',(#9367,#9373,#9374,#9380));
#9382=FACE_BOUND('',#9381,.T.);
#9383=ADVANCED_FACE('',(#9382),#9366,.T.);
#9384=CARTESIAN_POINT('',(636.80971406,-142.729122671,251.732102801));
#9385=DIRECTION('',(0.,0.,1.));
#9386=DIRECTION('',(1.,0.,0.));
#9387=AXIS2_PLACEMENT_3D('',#9384,#9385,#9386);
#9388=PLANE('',#9387);
#9389=ORIENTED_EDGE('',*,*,#8274,.T.);
#9390=CARTESIAN_POINT('',(624.80971406,-147.729122671,251.732102801));
#9391=DIRECTION('',(0.,-1.,0.));
#9392=VECTOR('',#9391,6.);
#9393=LINE('',#9390,#9392);
#9394=EDGE_CURVE('',#8260,#7979,#9393,.T.);
#9395=ORIENTED_EDGE('',*,*,#9394,.T.);
#9396=ORIENTED_EDGE('',*,*,#7984,.F.);
#9397=CARTESIAN_POINT('',(648.80971406,-153.729122671,251.732102801));
#9398=DIRECTION('',(-0.,1.,-0.));
#9399=VECTOR('',#9398,6.);
#9400=LINE('',#9397,#9399);
#9401=EDGE_CURVE('',#7970,#8269,#9400,.T.);
#9402=ORIENTED_EDGE('',*,*,#9401,.T.);
#9403=EDGE_LOOP('',(#9389,#9395,#9396,#9402));
#9404=FACE_BOUND('',#9403,.T.);
#9405=ADVANCED_FACE('',(#9404),#9388,.T.);
#9406=CARTESIAN_POINT('',(651.80971406,-142.729122671,256.732102801));
#9407=DIRECTION('',(-1.,0.,0.));
#9408=DIRECTION('',(0.,0.,1.));
#9409=AXIS2_PLACEMENT_3D('',#9406,#9407,#9408);
#9410=PLANE('',#9409);
#9411=ORIENTED_EDGE('',*,*,#7967,.F.);
#9412=CARTESIAN_POINT('',(651.80971406,-153.729122671,258.732102801));
#9413=DIRECTION('',(-0.,1.,-0.));
#9414=VECTOR('',#9413,6.);
#9415=LINE('',#9412,#9414);
#9416=EDGE_CURVE('',#7960,#8286,#9415,.T.);
#9417=ORIENTED_EDGE('',*,*,#9416,.T.);
#9418=ORIENTED_EDGE('',*,*,#8291,.T.);
#9419=CARTESIAN_POINT('',(651.80971406,-147.729122671,254.732102801));
#9420=DIRECTION('',(0.,-1.,0.));
#9421=VECTOR('',#9420,6.);
#9422=LINE('',#9419,#9421);
#9423=EDGE_CURVE('',#8277,#7962,#9422,.T.);
#9424=ORIENTED_EDGE('',*,*,#9423,.T.);
#9425=EDGE_LOOP('',(#9411,#9417,#9418,#9424));
#9426=FACE_BOUND('',#9425,.T.);
#9427=ADVANCED_FACE('',(#9426),#9410,.T.);
#9428=CARTESIAN_POINT('',(636.80971406,-142.729122671,261.732102801));
#9429=DIRECTION('',(0.,0.,-1.));
#9430=DIRECTION('',(-1.,0.,0.));
#9431=AXIS2_PLACEMENT_3D('',#9428,#9429,#9430);
#9432=PLANE('',#9431);
#9433=ORIENTED_EDGE('',*,*,#8308,.T.);
#9434=CARTESIAN_POINT('',(648.80971406,-147.729122671,261.732102801));
#9435=DIRECTION('',(0.,-1.,0.));
#9436=VECTOR('',#9435,6.);
#9437=LINE('',#9434,#9436);
#9438=EDGE_CURVE('',#8294,#8013,#9437,.T.);
#9439=ORIENTED_EDGE('',*,*,#9438,.T.);
#9440=ORIENTED_EDGE('',*,*,#8018,.F.);
#9441=CARTESIAN_POINT('',(624.80971406,-153.729122671,261.732102801));
#9442=DIRECTION('',(-0.,1.,-0.));
#9443=VECTOR('',#9442,6.);
#9444=LINE('',#9441,#9443);
#9445=EDGE_CURVE('',#8004,#8303,#9444,.T.);
#9446=ORIENTED_EDGE('',*,*,#9445,.T.);
#9447=EDGE_LOOP('',(#9433,#9439,#9440,#9446));
#9448=FACE_BOUND('',#9447,.T.);
#9449=ADVANCED_FACE('',(#9448),#9432,.T.);
#9450=CARTESIAN_POINT('',(701.947564079,-142.729122671,256.732102801));
#9451=DIRECTION('',(1.,0.,0.));
#9452=DIRECTION('',(0.,0.,-1.));
#9453=AXIS2_PLACEMENT_3D('',#9450,#9451,#9452);
#9454=PLANE('',#9453);
#9455=ORIENTED_EDGE('',*,*,#8711,.T.);
#9456=CARTESIAN_POINT('',(701.947564079,-147.729122671,258.732102801));
#9457=DIRECTION('',(0.,-1.,0.));
#9458=VECTOR('',#9457,6.);
#9459=LINE('',#9456,#9458);
#9460=EDGE_CURVE('',#8706,#8066,#9459,.T.);
#9461=ORIENTED_EDGE('',*,*,#9460,.T.);
#9462=ORIENTED_EDGE('',*,*,#8071,.F.);
#9463=CARTESIAN_POINT('',(701.947564079,-153.729122671,254.732102801));
#9464=DIRECTION('',(-0.,1.,-0.));
#9465=VECTOR('',#9464,6.);
#9466=LINE('',#9463,#9465);
#9467=EDGE_CURVE('',#8057,#8704,#9466,.T.);
#9468=ORIENTED_EDGE('',*,*,#9467,.T.);
#9469=EDGE_LOOP('',(#9455,#9461,#9462,#9468));
#9470=FACE_BOUND('',#9469,.T.);
#9471=ADVANCED_FACE('',(#9470),#9454,.T.);
#9472=CARTESIAN_POINT('',(716.947564079,-142.729122671,251.732102801));
#9473=DIRECTION('',(0.,0.,1.));
#9474=DIRECTION('',(1.,0.,0.));
#9475=AXIS2_PLACEMENT_3D('',#9472,#9473,#9474);
#9476=PLANE('',#9475);
#9477=ORIENTED_EDGE('',*,*,#8728,.T.);
#9478=CARTESIAN_POINT('',(704.947564079,-147.729122671,251.732102801));
#9479=DIRECTION('',(0.,-1.,0.));
#9480=VECTOR('',#9479,6.);
#9481=LINE('',#9478,#9480);
#9482=EDGE_CURVE('',#8714,#8049,#9481,.T.);
#9483=ORIENTED_EDGE('',*,*,#9482,.T.);
#9484=ORIENTED_EDGE('',*,*,#8054,.F.);
#9485=CARTESIAN_POINT('',(728.947564079,-153.729122671,251.732102801));
#9486=DIRECTION('',(-0.,1.,-0.));
#9487=VECTOR('',#9486,6.);
#9488=LINE('',#9485,#9487);
#9489=EDGE_CURVE('',#8040,#8723,#9488,.T.);
#9490=ORIENTED_EDGE('',*,*,#9489,.T.);
#9491=EDGE_LOOP('',(#9477,#9483,#9484,#9490));
#9492=FACE_BOUND('',#9491,.T.);
#9493=ADVANCED_FACE('',(#9492),#9476,.T.);
#9494=CARTESIAN_POINT('',(731.947564079,-142.729122671,256.732102801));
#9495=DIRECTION('',(-1.,0.,0.));
#9496=DIRECTION('',(0.,0.,1.));
#9497=AXIS2_PLACEMENT_3D('',#9494,#9495,#9496);
#9498=PLANE('',#9497);
#9499=ORIENTED_EDGE('',*,*,#8037,.F.);
#9500=CARTESIAN_POINT('',(731.947564079,-153.729122671,258.732102801));
#9501=DIRECTION('',(-0.,1.,-0.));
#9502=VECTOR('',#9501,6.);
#9503=LINE('',#9500,#9502);
#9504=EDGE_CURVE('',#8030,#8740,#9503,.T.);
#9505=ORIENTED_EDGE('',*,*,#9504,.T.);
#9506=ORIENTED_EDGE('',*,*,#8745,.T.);
#9507=CARTESIAN_POINT('',(731.947564079,-147.729122671,254.732102801));
#9508=DIRECTION('',(0.,-1.,0.));
#9509=VECTOR('',#9508,6.);
#9510=LINE('',#9507,#9509);
#9511=EDGE_CURVE('',#8731,#8032,#9510,.T.);
#9512=ORIENTED_EDGE('',*,*,#9511,.T.);
#9513=EDGE_LOOP('',(#9499,#9505,#9506,#9512));
#9514=FACE_BOUND('',#9513,.T.);
#9515=ADVANCED_FACE('',(#9514),#9498,.T.);
#9516=CARTESIAN_POINT('',(716.947564079,-142.729122671,261.732102801));
#9517=DIRECTION('',(0.,0.,-1.));
#9518=DIRECTION('',(-1.,0.,0.));
#9519=AXIS2_PLACEMENT_3D('',#9516,#9517,#9518);
#9520=PLANE('',#9519);
#9521=ORIENTED_EDGE('',*,*,#8088,.F.);
#9522=CARTESIAN_POINT('',(704.947564079,-153.729122671,261.732102801));
#9523=DIRECTION('',(-0.,1.,-0.));
#9524=VECTOR('',#9523,6.);
#9525=LINE('',#9522,#9524);
#9526=EDGE_CURVE('',#8074,#8757,#9525,.T.);
#9527=ORIENTED_EDGE('',*,*,#9526,.T.);
#9528=ORIENTED_EDGE('',*,*,#8762,.T.);
#9529=CARTESIAN_POINT('',(728.947564079,-147.729122671,261.732102801));
#9530=DIRECTION('',(0.,-1.,0.));
#9531=VECTOR('',#9530,6.);
#9532=LINE('',#9529,#9531);
#9533=EDGE_CURVE('',#8748,#8083,#9532,.T.);
#9534=ORIENTED_EDGE('',*,*,#9533,.T.);
#9535=EDGE_LOOP('',(#9521,#9527,#9528,#9534));
#9536=FACE_BOUND('',#9535,.T.);
#9537=ADVANCED_FACE('',(#9536),#9520,.T.);
#9538=CARTESIAN_POINT('',(704.947564079,-142.729122671,258.732102801));
#9539=DIRECTION('',(0.,1.,0.));
#9540=DIRECTION('',(0.,-0.,1.));
#9541=AXIS2_PLACEMENT_3D('',#9538,#9539,#9540);
#9542=CYLINDRICAL_SURFACE('',#9541,3.);
#9543=ORIENTED_EDGE('',*,*,#8769,.F.);
#9544=ORIENTED_EDGE('',*,*,#9526,.F.);
#9545=ORIENTED_EDGE('',*,*,#8080,.F.);
#9546=ORIENTED_EDGE('',*,*,#9460,.F.);
#9547=EDGE_LOOP('',(#9543,#9544,#9545,#9546));
#9548=FACE_BOUND('',#9547,.T.);
#9549=ADVANCED_FACE('',(#9548),#9542,.F.);
#9550=CARTESIAN_POINT('',(704.947564079,-142.729122671,254.732102801));
#9551=DIRECTION('',(0.,1.,0.));
#9552=DIRECTION('',(0.,-0.,1.));
#9553=AXIS2_PLACEMENT_3D('',#9550,#9551,#9552);
#9554=CYLINDRICAL_SURFACE('',#9553,3.);
#9555=ORIENTED_EDGE('',*,*,#8720,.F.);
#9556=ORIENTED_EDGE('',*,*,#9467,.F.);
#9557=ORIENTED_EDGE('',*,*,#8063,.F.);
#9558=ORIENTED_EDGE('',*,*,#9482,.F.);
#9559=EDGE_LOOP('',(#9555,#9556,#9557,#9558));
#9560=FACE_BOUND('',#9559,.T.);
#9561=ADVANCED_FACE('',(#9560),#9554,.F.);
#9562=CARTESIAN_POINT('',(728.947564079,-142.729122671,258.732102801));
#9563=DIRECTION('',(0.,1.,0.));
#9564=DIRECTION('',(0.,-0.,1.));
#9565=AXIS2_PLACEMENT_3D('',#9562,#9563,#9564);
#9566=CYLINDRICAL_SURFACE('',#9565,3.);
#9567=ORIENTED_EDGE('',*,*,#8754,.F.);
#9568=ORIENTED_EDGE('',*,*,#9504,.F.);
#9569=ORIENTED_EDGE('',*,*,#8095,.F.);
#9570=ORIENTED_EDGE('',*,*,#9533,.F.);
#9571=EDGE_LOOP('',(#9567,#9568,#9569,#9570));
#9572=FACE_BOUND('',#9571,.T.);
#9573=ADVANCED_FACE('',(#9572),#9566,.F.);
#9574=CARTESIAN_POINT('',(648.80971406,-142.729122671,258.732102801));
#9575=DIRECTION('',(0.,1.,0.));
#9576=DIRECTION('',(0.,-0.,1.));
#9577=AXIS2_PLACEMENT_3D('',#9574,#9575,#9576);
#9578=CYLINDRICAL_SURFACE('',#9577,3.);
#9579=ORIENTED_EDGE('',*,*,#8300,.F.);
#9580=ORIENTED_EDGE('',*,*,#9416,.F.);
#9581=ORIENTED_EDGE('',*,*,#8025,.F.);
#9582=ORIENTED_EDGE('',*,*,#9438,.F.);
#9583=EDGE_LOOP('',(#9579,#9580,#9581,#9582));
#9584=FACE_BOUND('',#9583,.T.);
#9585=ADVANCED_FACE('',(#9584),#9578,.F.);
#9586=CARTESIAN_POINT('',(624.80971406,-142.729122671,254.732102801));
#9587=DIRECTION('',(0.,1.,0.));
#9588=DIRECTION('',(0.,-0.,1.));
#9589=AXIS2_PLACEMENT_3D('',#9586,#9587,#9588);
#9590=CYLINDRICAL_SURFACE('',#9589,3.);
#9591=ORIENTED_EDGE('',*,*,#8266,.F.);
#9592=ORIENTED_EDGE('',*,*,#9372,.F.);
#9593=ORIENTED_EDGE('',*,*,#7993,.F.);
#9594=ORIENTED_EDGE('',*,*,#9394,.F.);
#9595=EDGE_LOOP('',(#9591,#9592,#9593,#9594));
#9596=FACE_BOUND('',#9595,.T.);
#9597=ADVANCED_FACE('',(#9596),#9590,.F.);
#9598=CARTESIAN_POINT('',(728.947564079,-142.729122671,254.732102801));
#9599=DIRECTION('',(0.,1.,0.));
#9600=DIRECTION('',(0.,-0.,1.));
#9601=AXIS2_PLACEMENT_3D('',#9598,#9599,#9600);
#9602=CYLINDRICAL_SURFACE('',#9601,3.);
#9603=ORIENTED_EDGE('',*,*,#8737,.F.);
#9604=ORIENTED_EDGE('',*,*,#9489,.F.);
#9605=ORIENTED_EDGE('',*,*,#8046,.F.);
#9606=ORIENTED_EDGE('',*,*,#9511,.F.);
#9607=EDGE_LOOP('',(#9603,#9604,#9605,#9606));
#9608=FACE_BOUND('',#9607,.T.);
#9609=ADVANCED_FACE('',(#9608),#9602,.F.);
#9610=CARTESIAN_POINT('',(648.80971406,-142.729122671,254.732102801));
#9611=DIRECTION('',(0.,1.,0.));
#9612=DIRECTION('',(0.,-0.,1.));
#9613=AXIS2_PLACEMENT_3D('',#9610,#9611,#9612);
#9614=CYLINDRICAL_SURFACE('',#9613,3.);
#9615=ORIENTED_EDGE('',*,*,#8283,.F.);
#9616=ORIENTED_EDGE('',*,*,#9401,.F.);
#9617=ORIENTED_EDGE('',*,*,#7976,.F.);
#9618=ORIENTED_EDGE('',*,*,#9423,.F.);
#9619=EDGE_LOOP('',(#9615,#9616,#9617,#9618));
#9620=FACE_BOUND('',#9619,.T.);
#9621=ADVANCED_FACE('',(#9620),#9614,.F.);
#9622=CARTESIAN_POINT('',(624.80971406,-142.729122671,258.732102801));
#9623=DIRECTION('',(0.,1.,0.));
#9624=DIRECTION('',(0.,-0.,1.));
#9625=AXIS2_PLACEMENT_3D('',#9622,#9623,#9624);
#9626=CYLINDRICAL_SURFACE('',#9625,3.);
#9627=ORIENTED_EDGE('',*,*,#8315,.F.);
#9628=ORIENTED_EDGE('',*,*,#9445,.F.);
#9629=ORIENTED_EDGE('',*,*,#8010,.F.);
#9630=ORIENTED_EDGE('',*,*,#9379,.F.);
#9631=EDGE_LOOP('',(#9627,#9628,#9629,#9630));
#9632=FACE_BOUND('',#9631,.T.);
#9633=ADVANCED_FACE('',(#9632),#9626,.F.);
#9634=CARTESIAN_POINT('',(598.878635376,-162.729122671,354.322173963));
#9635=DIRECTION('',(-0.,1.,0.));
#9636=DIRECTION('',(0.,-0.,1.));
#9637=AXIS2_PLACEMENT_3D('',#9634,#9635,#9636);
#9638=CYLINDRICAL_SURFACE('',#9637,2.6);
#9639=CARTESIAN_POINT('',(598.878635376,-147.729122671,356.922173963));
#9640=DIRECTION('',(0.,-1.,-0.));
#9641=VECTOR('',#9640,6.);
#9642=LINE('',#9639,#9641);
#9643=EDGE_CURVE('',#8232,#7556,#9642,.T.);
#9644=ORIENTED_EDGE('',*,*,#9643,.F.);
#9645=ORIENTED_EDGE('',*,*,#8238,.F.);
#9646=ORIENTED_EDGE('',*,*,#8245,.F.);
#9647=ORIENTED_EDGE('',*,*,#9643,.T.);
#9648=ORIENTED_EDGE('',*,*,#7564,.T.);
#9649=ORIENTED_EDGE('',*,*,#7571,.T.);
#9650=EDGE_LOOP('',(#9644,#9645,#9646,#9647,#9648,#9649));
#9651=FACE_BOUND('',#9650,.T.);
#9652=ADVANCED_FACE('',(#9651),#9638,.F.);
#9653=OVER_RIDING_STYLED_ITEM('',(#7164),#9652,#7106);
#9654=CARTESIAN_POINT('',(507.878635376,-162.729122671,204.322173963));
#9655=DIRECTION('',(-0.,1.,0.));
#9656=DIRECTION('',(0.,-0.,1.));
#9657=AXIS2_PLACEMENT_3D('',#9654,#9655,#9656);
#9658=CYLINDRICAL_SURFACE('',#9657,2.6);
#9659=CARTESIAN_POINT('',(507.878635376,-147.729122671,206.922173963));
#9660=DIRECTION('',(0.,-1.,-0.));
#9661=VECTOR('',#9660,6.);
#9662=LINE('',#9659,#9661);
#9663=EDGE_CURVE('',#8212,#7536,#9662,.T.);
#9664=ORIENTED_EDGE('',*,*,#9663,.F.);
#9665=ORIENTED_EDGE('',*,*,#8218,.F.);
#9666=ORIENTED_EDGE('',*,*,#8225,.F.);
#9667=ORIENTED_EDGE('',*,*,#9663,.T.);
#9668=ORIENTED_EDGE('',*,*,#7544,.T.);
#9669=ORIENTED_EDGE('',*,*,#7551,.T.);
#9670=EDGE_LOOP('',(#9664,#9665,#9666,#9667,#9668,#9669));
#9671=FACE_BOUND('',#9670,.T.);
#9672=ADVANCED_FACE('',(#9671),#9658,.F.);
#9673=OVER_RIDING_STYLED_ITEM('',(#7164),#9672,#7106);
#9674=CARTESIAN_POINT('',(507.878635376,-162.729122671,284.322173963));
#9675=DIRECTION('',(-0.,1.,0.));
#9676=DIRECTION('',(0.,-0.,1.));
#9677=AXIS2_PLACEMENT_3D('',#9674,#9675,#9676);
#9678=CYLINDRICAL_SURFACE('',#9677,2.6);
#9679=CARTESIAN_POINT('',(507.878635376,-147.729122671,286.922173963));
#9680=DIRECTION('',(0.,-1.,-0.));
#9681=VECTOR('',#9680,6.);
#9682=LINE('',#9679,#9681);
#9683=EDGE_CURVE('',#8192,#7516,#9682,.T.);
#9684=ORIENTED_EDGE('',*,*,#9683,.F.);
#9685=ORIENTED_EDGE('',*,*,#8198,.F.);
#9686=ORIENTED_EDGE('',*,*,#8205,.F.);
#9687=ORIENTED_EDGE('',*,*,#9683,.T.);
#9688=ORIENTED_EDGE('',*,*,#7524,.T.);
#9689=ORIENTED_EDGE('',*,*,#7531,.T.);
#9690=EDGE_LOOP('',(#9684,#9685,#9686,#9687,#9688,#9689));
#9691=FACE_BOUND('',#9690,.T.);
#9692=ADVANCED_FACE('',(#9691),#9678,.F.);
#9693=OVER_RIDING_STYLED_ITEM('',(#7164),#9692,#7106);
#9694=CARTESIAN_POINT('',(598.878635376,-162.729122671,244.322173963));
#9695=DIRECTION('',(-0.,1.,0.));
#9696=DIRECTION('',(0.,-0.,1.));
#9697=AXIS2_PLACEMENT_3D('',#9694,#9695,#9696);
#9698=CYLINDRICAL_SURFACE('',#9697,2.6);
#9699=CARTESIAN_POINT('',(598.878635376,-147.729122671,246.922173963));
#9700=DIRECTION('',(0.,-1.,-0.));
#9701=VECTOR('',#9700,6.);
#9702=LINE('',#9699,#9701);
#9703=EDGE_CURVE('',#8172,#7496,#9702,.T.);
#9704=ORIENTED_EDGE('',*,*,#9703,.F.);
#9705=ORIENTED_EDGE('',*,*,#8178,.F.);
#9706=ORIENTED_EDGE('',*,*,#8185,.F.);
#9707=ORIENTED_EDGE('',*,*,#9703,.T.);
#9708=ORIENTED_EDGE('',*,*,#7504,.T.);
#9709=ORIENTED_EDGE('',*,*,#7511,.T.);
#9710=EDGE_LOOP('',(#9704,#9705,#9706,#9707,#9708,#9709));
#9711=FACE_BOUND('',#9710,.T.);
#9712=ADVANCED_FACE('',(#9711),#9698,.F.);
#9713=OVER_RIDING_STYLED_ITEM('',(#7164),#9712,#7106);
#9714=CARTESIAN_POINT('',(507.878635376,-162.729122671,244.322173963));
#9715=DIRECTION('',(-0.,1.,0.));
#9716=DIRECTION('',(0.,-0.,1.));
#9717=AXIS2_PLACEMENT_3D('',#9714,#9715,#9716);
#9718=CYLINDRICAL_SURFACE('',#9717,2.6);
#9719=CARTESIAN_POINT('',(507.878635376,-147.729122671,246.922173963));
#9720=DIRECTION('',(0.,-1.,-0.));
#9721=VECTOR('',#9720,6.);
#9722=LINE('',#9719,#9721);
#9723=EDGE_CURVE('',#8152,#7476,#9722,.T.);
#9724=ORIENTED_EDGE('',*,*,#9723,.F.);
#9725=ORIENTED_EDGE('',*,*,#8158,.F.);
#9726=ORIENTED_EDGE('',*,*,#8165,.F.);
#9727=ORIENTED_EDGE('',*,*,#9723,.T.);
#9728=ORIENTED_EDGE('',*,*,#7484,.T.);
#9729=ORIENTED_EDGE('',*,*,#7491,.T.);
#9730=EDGE_LOOP('',(#9724,#9725,#9726,#9727,#9728,#9729));
#9731=FACE_BOUND('',#9730,.T.);
#9732=ADVANCED_FACE('',(#9731),#9718,.F.);
#9733=OVER_RIDING_STYLED_ITEM('',(#7164),#9732,#7106);
#9734=CARTESIAN_POINT('',(598.878635376,-162.729122671,204.322173963));
#9735=DIRECTION('',(-0.,1.,0.));
#9736=DIRECTION('',(0.,-0.,1.));
#9737=AXIS2_PLACEMENT_3D('',#9734,#9735,#9736);
#9738=CYLINDRICAL_SURFACE('',#9737,2.6);
#9739=CARTESIAN_POINT('',(598.878635376,-147.729122671,206.922173963));
#9740=DIRECTION('',(0.,-1.,-0.));
#9741=VECTOR('',#9740,6.);
#9742=LINE('',#9739,#9741);
#9743=EDGE_CURVE('',#8132,#7456,#9742,.T.);
#9744=ORIENTED_EDGE('',*,*,#9743,.F.);
#9745=ORIENTED_EDGE('',*,*,#8138,.F.);
#9746=ORIENTED_EDGE('',*,*,#8145,.F.);
#9747=ORIENTED_EDGE('',*,*,#9743,.T.);
#9748=ORIENTED_EDGE('',*,*,#7464,.T.);
#9749=ORIENTED_EDGE('',*,*,#7471,.T.);
#9750=EDGE_LOOP('',(#9744,#9745,#9746,#9747,#9748,#9749));
#9751=FACE_BOUND('',#9750,.T.);
#9752=ADVANCED_FACE('',(#9751),#9738,.F.);
#9753=OVER_RIDING_STYLED_ITEM('',(#7164),#9752,#7106);
#9754=CARTESIAN_POINT('',(741.87863907,-147.729122671,369.322174843));
#9755=DIRECTION('',(0.707106781,0.,-0.707106781));
#9756=DIRECTION('',(0.,-1.,0.));
#9757=AXIS2_PLACEMENT_3D('',#9754,#9755,#9756);
#9758=PLANE('',#9757);
#9759=ORIENTED_EDGE('',*,*,#8542,.F.);
#9760=CARTESIAN_POINT('',(738.050211945,-147.729122671,365.493747718));
#9761=DIRECTION('',(-0.,-1.,-0.));
#9762=VECTOR('',#9761,6.);
#9763=LINE('',#9760,#9762);
#9764=EDGE_CURVE('',#8528,#7776,#9763,.T.);
#9765=ORIENTED_EDGE('',*,*,#9764,.T.);
#9766=ORIENTED_EDGE('',*,*,#7781,.F.);
#9767=CARTESIAN_POINT('',(740.707066194,-153.729122671,368.150601968));
#9768=DIRECTION('',(-0.,1.,-0.));
#9769=VECTOR('',#9768,6.);
#9770=LINE('',#9767,#9769);
#9771=EDGE_CURVE('',#7774,#8537,#9770,.T.);
#9772=ORIENTED_EDGE('',*,*,#9771,.T.);
#9773=EDGE_LOOP('',(#9759,#9765,#9766,#9772));
#9774=FACE_BOUND('',#9773,.T.);
#9775=ADVANCED_FACE('',(#9774),#9758,.F.);
#9776=CARTESIAN_POINT('',(616.87863907,-147.729122671,364.322174843));
#9777=DIRECTION('',(-0.707106781,0.,-0.707106781));
#9778=DIRECTION('',(0.,-1.,0.));
#9779=AXIS2_PLACEMENT_3D('',#9776,#9777,#9778);
#9780=PLANE('',#9779);
#9781=ORIENTED_EDGE('',*,*,#8660,.F.);
#9782=CARTESIAN_POINT('',(613.050211945,-147.729122671,368.150601968));
#9783=DIRECTION('',(-0.,-1.,-0.));
#9784=VECTOR('',#9783,6.);
#9785=LINE('',#9782,#9784);
#9786=EDGE_CURVE('',#8646,#7842,#9785,.T.);
#9787=ORIENTED_EDGE('',*,*,#9786,.T.);
#9788=ORIENTED_EDGE('',*,*,#7847,.F.);
#9789=CARTESIAN_POINT('',(615.707066194,-153.729122671,365.493747718));
#9790=DIRECTION('',(-0.,1.,-0.));
#9791=VECTOR('',#9790,6.);
#9792=LINE('',#9789,#9791);
#9793=EDGE_CURVE('',#7833,#8655,#9792,.T.);
#9794=ORIENTED_EDGE('',*,*,#9793,.T.);
#9795=EDGE_LOOP('',(#9781,#9787,#9788,#9794));
#9796=FACE_BOUND('',#9795,.T.);
#9797=ADVANCED_FACE('',(#9796),#9780,.F.);
#9798=CARTESIAN_POINT('',(740.87863907,-147.729122671,362.665320594));
#9799=DIRECTION('',(0.,1.,0.));
#9800=DIRECTION('',(0.,-0.,1.));
#9801=AXIS2_PLACEMENT_3D('',#9798,#9799,#9800);
#9802=CYLINDRICAL_SURFACE('',#9801,4.);
#9803=ORIENTED_EDGE('',*,*,#7790,.F.);
#9804=ORIENTED_EDGE('',*,*,#9764,.F.);
#9805=ORIENTED_EDGE('',*,*,#8534,.F.);
#9806=ORIENTED_EDGE('',*,*,#8957,.F.);
#9807=EDGE_LOOP('',(#9803,#9804,#9805,#9806));
#9808=FACE_BOUND('',#9807,.T.);
#9809=ADVANCED_FACE('',(#9808),#9802,.T.);
#9810=CARTESIAN_POINT('',(743.535493319,-147.729122671,365.322174843));
#9811=DIRECTION('',(0.,-1.,0.));
#9812=DIRECTION('',(0.,0.,-1.));
#9813=AXIS2_PLACEMENT_3D('',#9810,#9811,#9812);
#9814=CYLINDRICAL_SURFACE('',#9813,4.);
#9815=ORIENTED_EDGE('',*,*,#8551,.F.);
#9816=ORIENTED_EDGE('',*,*,#9771,.F.);
#9817=ORIENTED_EDGE('',*,*,#7955,.F.);
#9818=ORIENTED_EDGE('',*,*,#8974,.F.);
#9819=EDGE_LOOP('',(#9815,#9816,#9817,#9818));
#9820=FACE_BOUND('',#9819,.T.);
#9821=ADVANCED_FACE('',(#9820),#9814,.T.);
#9822=CARTESIAN_POINT('',(610.22178482,-147.729122671,365.322174843));
#9823=DIRECTION('',(0.,1.,0.));
#9824=DIRECTION('',(0.,-0.,1.));
#9825=AXIS2_PLACEMENT_3D('',#9822,#9823,#9824);
#9826=CYLINDRICAL_SURFACE('',#9825,4.);
#9827=ORIENTED_EDGE('',*,*,#7856,.F.);
#9828=ORIENTED_EDGE('',*,*,#9786,.F.);
#9829=ORIENTED_EDGE('',*,*,#8652,.F.);
#9830=ORIENTED_EDGE('',*,*,#8867,.F.);
#9831=EDGE_LOOP('',(#9827,#9828,#9829,#9830));
#9832=FACE_BOUND('',#9831,.T.);
#9833=ADVANCED_FACE('',(#9832),#9826,.T.);
#9834=CARTESIAN_POINT('',(612.87863907,-147.729122671,362.665320594));
#9835=DIRECTION('',(0.,-1.,0.));
#9836=DIRECTION('',(0.,0.,-1.));
#9837=AXIS2_PLACEMENT_3D('',#9834,#9835,#9836);
#9838=CYLINDRICAL_SURFACE('',#9837,4.);
#9839=ORIENTED_EDGE('',*,*,#8669,.F.);
#9840=ORIENTED_EDGE('',*,*,#9793,.F.);
#9841=ORIENTED_EDGE('',*,*,#7839,.F.);
#9842=ORIENTED_EDGE('',*,*,#8884,.F.);
#9843=EDGE_LOOP('',(#9839,#9840,#9841,#9842));
#9844=FACE_BOUND('',#9843,.T.);
#9845=ADVANCED_FACE('',(#9844),#9838,.T.);
#9846=CLOSED_SHELL('',(#7157,#7216,#7268,#7320,#7372,#7424,#8099,#8773,#8795,#8817,#8839,#8856,#8873,#8895,#8912,#8929,#8946,#8963,#8985,#9002,#9019,#9036,#9053,#9070,#9087,#9104,
#9121,#9138,#9155,#9172,#9189,#9206,#9223,#9240,#9257,#9274,#9291,#9308,#9325,#9337,#9349,#9361,#9383,#9405,#9427,#9449,#9471,#9493,#9515,#9537,#9549,
#9561,#9573,#9585,#9597,#9609,#9621,#9633,#9652,#9672,#9692,#9712,#9732,#9752,#9775,#9797,#9809,#9821,#9833,#9845));
#9847=MANIFOLD_SOLID_BREP('Chamfer1',#9846);
#7106=STYLED_ITEM('',(#7105),#9847);
#63=SHAPE_REPRESENTATION('t\X2\1EA5\X0\m sau',(#15),#61);
#64=ADVANCED_BREP_SHAPE_REPRESENTATION('t\X2\1EA5\X0\m sau',(#7098,#9847),#61);
#9855=SHAPE_REPRESENTATION_RELATIONSHIP('','',#63,#64);
#9856=CARTESIAN_POINT('',(0.,0.,0.));
#9857=DIRECTION('',(0.,0.,1.));
#9858=DIRECTION('',(1.,0.,0.));
#9859=AXIS2_PLACEMENT_3D('',#9856,#9857,#9858);
#9861=MAPPED_ITEM('',#9860,#9859);
#9860=REPRESENTATION_MAP(#9859,#63);
#9862=APPLICATION_CONTEXT('Managed model based 3d engineering');
#9863=APPLICATION_PROTOCOL_DEFINITION('international standard','ap242_managed_model_based_3d_engineering',2014,#9862);
#9864=PRODUCT_CONTEXT('',#9862,'mechanical');
#9865=PRODUCT_DEFINITION_CONTEXT('part definition',#9862,'design');
#71=PRODUCT('t\X2\1EA5\X0\m sau','t\X2\1EA5\X0\m sau','',(#9864));
#9866=PRODUCT_RELATED_PRODUCT_CATEGORY('part','',(#71));
#9867=PRODUCT_DEFINITION_FORMATION_WITH_SPECIFIED_SOURCE('','',#71,.NOT_KNOWN.);
#72=PRODUCT_DEFINITION('design','',#9867,#9865);
#70=PRODUCT_DEFINITION_SHAPE('','',#72);
#9868=SHAPE_DEFINITION_REPRESENTATION(#70,#63);
#62=DRAUGHTING_MODEL('',(#9861),#61);
#35=SHAPE_REPRESENTATION('DEMO_T9_6.7.STEP',(#15,#76),#33);
#9869=CARTESIAN_POINT('',(0.,0.,0.));
#9870=DIRECTION('',(0.,0.,1.));
#9871=DIRECTION('',(1.,0.,0.));
#9872=AXIS2_PLACEMENT_3D('',#9869,#9870,#9871);
#9874=MAPPED_ITEM('',#9873,#9872);
#9873=REPRESENTATION_MAP(#9872,#35);
#43=PRODUCT('DEMO_T9_6.7.STEP','DEMO_T9_6.7.STEP','',(#9864));
#9875=PRODUCT_RELATED_PRODUCT_CATEGORY('part','',(#43));
#9876=PRODUCT_DEFINITION_FORMATION_WITH_SPECIFIED_SOURCE('','',#43,.NOT_KNOWN.);
#44=PRODUCT_DEFINITION('design','',#9876,#9865);
#42=PRODUCT_DEFINITION_SHAPE('','',#44);
#9877=SHAPE_DEFINITION_REPRESENTATION(#42,#35);
#34=DRAUGHTING_MODEL('',(#9874),#33);
#16=SHAPE_REPRESENTATION('root',(#15,#48),#10);
#9878=CARTESIAN_POINT('',(0.,0.,0.));
#9879=DIRECTION('',(0.,0.,1.));
#9880=DIRECTION('',(1.,0.,0.));
#9881=AXIS2_PLACEMENT_3D('',#9878,#9879,#9880);
#9883=MAPPED_ITEM('',#9882,#9881);
#9882=REPRESENTATION_MAP(#9881,#16);
#24=PRODUCT('root','root','',(#9864));
#9884=PRODUCT_RELATED_PRODUCT_CATEGORY('part','',(#24));
#9885=PRODUCT_DEFINITION_FORMATION_WITH_SPECIFIED_SOURCE('','',#24,.NOT_KNOWN.);
#25=PRODUCT_DEFINITION('design','',#9885,#9865);
#23=PRODUCT_DEFINITION_SHAPE('','',#25);
#9886=SHAPE_DEFINITION_REPRESENTATION(#23,#16);
#11=DRAUGHTING_MODEL('',(#9883),#10);
#9887=DESCRIPTIVE_REPRESENTATION_ITEM('KEY','C:\\Users\\TranHuyBao\\AppData\\Local\\Packages\\Shapr3D.Shapr3D_dvv5p1vgwv6mp\\TempState\\e639b196-0a44-4656-80ee-7ef8d1746dcc.tmp');
#9888=PROPERTY_DEFINITION('KEY','',#25);
#9889=REPRESENTATION('',(#9887),#10);
#9890=PROPERTY_DEFINITION_REPRESENTATION(#9888,#9889);
#9891=GENERAL_PROPERTY('','KEY','');
#9892=GENERAL_PROPERTY_ASSOCIATION('','',#9891,#9888);
#1=MECHANICAL_DESIGN_GEOMETRIC_PRESENTATION_REPRESENTATION('',(#82,#7165,#7217,#7269,#7321,#7373,#7425,#9653,#9673,#9693,#9713,#9733,#9753,#7106),#10);
ENDSEC;
END-ISO-10303-21;
