ISO-10303-21;
HEADER;

/* File generated by Shapr3D Version 26.121.11316.0 */

FILE_DESCRIPTION(('HOOPS Exchange Step'),'2;1');

FILE_NAME('C:\\Users\\TranHuyBao\\AppData\\Local\\Packages\\Shapr3D.Shapr3D_dvv5p1vgwv6mp\\TempState\\export\\temp_export',
'2026-07-26T23:38:29+07:00',
('TR\X2\1EA6\X0\N HUY B\X2\1EA2\X0\O'),
('Shapr3D Limited'),
'HOOPS Exchange 2026.3',
'Shapr3D',
'Authorized');

FILE_SCHEMA( ('AP242_MANAGED_MODEL_BASED_3D_ENGINEERING_MIM_LF {1 0 10303 442 1 1 4}') );

ENDSEC;

DATA;
#3=(NAMED_UNIT(*)PLANE_ANGLE_UNIT()SI_UNIT($,.RADIAN.));
#4=PLANE_ANGLE_MEASURE_WITH_UNIT(PLANE_ANGLE_MEASURE(0.0174532925),#3);
#5=(CONVERSION_BASED_UNIT('DEGREE',#4)NAMED_UNIT(#6)PLANE_ANGLE_UNIT());
#6=DIMENSIONAL_EXPONENTS(0.,0.,0.,0.,0.,0.,0.);
#7=(NAMED_UNIT(*)SI_UNIT($,.STERADIAN.)SOLID_ANGLE_UNIT());
#8=(LENGTH_UNIT()NAMED_UNIT(*)SI_UNIT(.MILLI.,.METRE.));
#9=UNCERTAINTY_MEASURE_WITH_UNIT(LENGTH_MEASURE(1.000000E-03),#8,'DISTANCE_ACCURACY_VALUE','Maximum Tolerance applied to model');
#10=(GEOMETRIC_REPRESENTATION_CONTEXT(3)GLOBAL_UNCERTAINTY_ASSIGNED_CONTEXT((#9))GLOBAL_UNIT_ASSIGNED_CONTEXT((#8,#5,#7))REPRESENTATION_CONTEXT('','root'));
#12=CARTESIAN_POINT('',(0.,0.,0.));
#13=DIRECTION('',(0.,0.,1.));
#14=DIRECTION('',(1.,0.,0.));
#15=AXIS2_PLACEMENT_3D('',#12,#13,#14);
#26=(NAMED_UNIT(*)PLANE_ANGLE_UNIT()SI_UNIT($,.RADIAN.));
#27=PLANE_ANGLE_MEASURE_WITH_UNIT(PLANE_ANGLE_MEASURE(0.0174532925),#26);
#28=(CONVERSION_BASED_UNIT('DEGREE',#27)NAMED_UNIT(#29)PLANE_ANGLE_UNIT());
#29=DIMENSIONAL_EXPONENTS(0.,0.,0.,0.,0.,0.,0.);
#30=(NAMED_UNIT(*)SI_UNIT($,.STERADIAN.)SOLID_ANGLE_UNIT());
#31=(LENGTH_UNIT()NAMED_UNIT(*)SI_UNIT(.MILLI.,.METRE.));
#32=UNCERTAINTY_MEASURE_WITH_UNIT(LENGTH_MEASURE(1.000000E-03),#31,'DISTANCE_ACCURACY_VALUE','Maximum Tolerance applied to model');
#33=(GEOMETRIC_REPRESENTATION_CONTEXT(3)GLOBAL_UNCERTAINTY_ASSIGNED_CONTEXT((#32))GLOBAL_UNIT_ASSIGNED_CONTEXT((#31,#28,#30))REPRESENTATION_CONTEXT('','DEMO_T9_6.7.STEP'));
#45=CARTESIAN_POINT('',(0.,0.,0.));
#46=DIRECTION('',(0.,0.,1.));
#47=DIRECTION('',(1.,0.,-0.));
#48=AXIS2_PLACEMENT_3D('',#45,#46,#47);
#49=ITEM_DEFINED_TRANSFORMATION('','',#48,#15);
#50=(REPRESENTATION_RELATIONSHIP('','',#35,#16)REPRESENTATION_RELATIONSHIP_WITH_TRANSFORMATION(#49)SHAPE_REPRESENTATION_RELATIONSHIP());
#51=NEXT_ASSEMBLY_USAGE_OCCURRENCE('DEMO_T9_6.7.STEP_1','DEMO_T9_6.7.STEP','DEMO_T9_6.7.STEP',#25,#44,$);
#52=PRODUCT_DEFINITION_SHAPE('','',#51);
#53=CONTEXT_DEPENDENT_SHAPE_REPRESENTATION(#50,#52);
#54=(NAMED_UNIT(*)PLANE_ANGLE_UNIT()SI_UNIT($,.RADIAN.));
#55=PLANE_ANGLE_MEASURE_WITH_UNIT(PLANE_ANGLE_MEASURE(0.0174532925),#54);
#56=(CONVERSION_BASED_UNIT('DEGREE',#55)NAMED_UNIT(#57)PLANE_ANGLE_UNIT());
#57=DIMENSIONAL_EXPONENTS(0.,0.,0.,0.,0.,0.,0.);
#58=(NAMED_UNIT(*)SI_UNIT($,.STERADIAN.)SOLID_ANGLE_UNIT());
#59=(LENGTH_UNIT()NAMED_UNIT(*)SI_UNIT(.MILLI.,.METRE.));
#60=UNCERTAINTY_MEASURE_WITH_UNIT(LENGTH_MEASURE(1.000000E-05),#59,'DISTANCE_ACCURACY_VALUE','Maximum Tolerance applied to model');
#61=(GEOMETRIC_REPRESENTATION_CONTEXT(3)GLOBAL_UNCERTAINTY_ASSIGNED_CONTEXT((#60))GLOBAL_UNIT_ASSIGNED_CONTEXT((#59,#56,#58))REPRESENTATION_CONTEXT('','t\X2\1EA5\X0\m sau'));
#73=CARTESIAN_POINT('',(0.,0.,0.));
#74=DIRECTION('',(0.,0.,1.));
#75=DIRECTION('',(1.,0.,-0.));
#76=AXIS2_PLACEMENT_3D('',#73,#74,#75);
#77=ITEM_DEFINED_TRANSFORMATION('','',#76,#15);
#78=(REPRESENTATION_RELATIONSHIP('','',#63,#35)REPRESENTATION_RELATIONSHIP_WITH_TRANSFORMATION(#77)SHAPE_REPRESENTATION_RELATIONSHIP());
#79=NEXT_ASSEMBLY_USAGE_OCCURRENCE('t\X2\1EA5\X0\m sau_2','t\X2\1EA5\X0\m sau','t\X2\1EA5\X0\m sau',#44,#72,$);
#80=PRODUCT_DEFINITION_SHAPE('','',#79);
#81=CONTEXT_DEPENDENT_SHAPE_REPRESENTATION(#78,#80);
#83=CARTESIAN_POINT('',(754.924713243,-162.729122671,204.325341779));
#84=DIRECTION('',(-0.,1.,0.));
#85=DIRECTION('',(-0.000040601,-0.,0.999999999));
#86=AXIS2_PLACEMENT_3D('',#83,#84,#85);
#87=CYLINDRICAL_SURFACE('',#86,2.6);
#88=CARTESIAN_POINT('',(754.92460768,-147.729122671,206.925341777));
#89=VERTEX_POINT('',#88);
#90=CARTESIAN_POINT('',(754.92460768,-153.729122671,206.925341777));
#91=VERTEX_POINT('',#90);
#92=CARTESIAN_POINT('',(754.92460768,-147.729122671,206.925341777));
#93=DIRECTION('',(0.,-1.,-0.));
#94=VECTOR('',#93,6.);
#95=LINE('',#92,#94);
#96=EDGE_CURVE('',#89,#91,#95,.T.);
#97=ORIENTED_EDGE('',*,*,#96,.F.);
#98=CARTESIAN_POINT('',(754.924713243,-147.729122671,201.725341779));
#99=VERTEX_POINT('',#98);
#100=CARTESIAN_POINT('',(754.924713243,-147.729122671,204.325341779));
#101=DIRECTION('',(-0.,1.,-0.));
#102=DIRECTION('',(0.,0.,-1.));
#103=AXIS2_PLACEMENT_3D('',#100,#101,#102);
#104=CIRCLE('',#103,2.6);
#105=EDGE_CURVE('',#89,#99,#104,.T.);
#106=ORIENTED_EDGE('',*,*,#105,.T.);
#107=CARTESIAN_POINT('',(754.924713243,-147.729122671,204.325341779));
#108=DIRECTION('',(-0.,1.,-0.));
#109=DIRECTION('',(0.,0.,-1.));
#110=AXIS2_PLACEMENT_3D('',#107,#108,#109);
#111=CIRCLE('',#110,2.6);
#112=EDGE_CURVE('',#99,#89,#111,.T.);
#113=ORIENTED_EDGE('',*,*,#112,.T.);
#114=ORIENTED_EDGE('',*,*,#96,.T.);
#115=CARTESIAN_POINT('',(754.924713243,-153.729122671,201.725341779));
#116=VERTEX_POINT('',#115);
#117=CARTESIAN_POINT('',(754.924713243,-153.729122671,204.325341779));
#118=DIRECTION('',(-0.,1.,-0.));
#119=DIRECTION('',(0.,0.,-1.));
#120=AXIS2_PLACEMENT_3D('',#117,#118,#119);
#121=CIRCLE('',#120,2.6);
#122=EDGE_CURVE('',#116,#91,#121,.T.);
#123=ORIENTED_EDGE('',*,*,#122,.F.);
#124=CARTESIAN_POINT('',(754.924713243,-153.729122671,204.325341779));
#125=DIRECTION('',(-0.,1.,-0.));
#126=DIRECTION('',(0.,0.,-1.));
#127=AXIS2_PLACEMENT_3D('',#124,#125,#126);
#128=CIRCLE('',#127,2.6);
#129=EDGE_CURVE('',#91,#116,#128,.T.);
#130=ORIENTED_EDGE('',*,*,#129,.F.);
#131=EDGE_LOOP('',(#97,#106,#113,#114,#123,#130));
#132=FACE_BOUND('',#131,.T.);
#133=ADVANCED_FACE('',(#132),#87,.F.);
#134=COLOUR_RGB('',0.627451003,0.627451003,0.643137276);
#135=FILL_AREA_STYLE_COLOUR('',#134);
#136=FILL_AREA_STYLE('',(#135));
#137=SURFACE_STYLE_FILL_AREA(#136);
#138=SURFACE_SIDE_STYLE('',(#137));
#139=SURFACE_STYLE_USAGE(.BOTH.,#138);
#140=PRESENTATION_STYLE_ASSIGNMENT((#139));
#141=OVER_RIDING_STYLED_ITEM('',(#140),#133,#82);
#142=CARTESIAN_POINT('',(845.923089127,-162.729122671,244.32903644));
#143=DIRECTION('',(-0.,1.,0.));
#144=DIRECTION('',(-0.000040601,-0.,0.999999999));
#145=AXIS2_PLACEMENT_3D('',#142,#143,#144);
#146=CYLINDRICAL_SURFACE('',#145,2.6);
#147=CARTESIAN_POINT('',(845.922983564,-147.729122671,246.929036437));
#148=VERTEX_POINT('',#147);
#149=CARTESIAN_POINT('',(845.922983564,-153.729122671,246.929036437));
#150=VERTEX_POINT('',#149);
#151=CARTESIAN_POINT('',(845.922983564,-147.729122671,246.929036437));
#152=DIRECTION('',(0.,-1.,-0.));
#153=VECTOR('',#152,6.);
#154=LINE('',#151,#153);
#155=EDGE_CURVE('',#148,#150,#154,.T.);
#156=ORIENTED_EDGE('',*,*,#155,.F.);
#157=CARTESIAN_POINT('',(845.923089127,-147.729122671,241.72903644));
#158=VERTEX_POINT('',#157);
#159=CARTESIAN_POINT('',(845.923089127,-147.729122671,244.32903644));
#160=DIRECTION('',(-0.,1.,-0.));
#161=DIRECTION('',(0.,0.,-1.));
#162=AXIS2_PLACEMENT_3D('',#159,#160,#161);
#163=CIRCLE('',#162,2.6);
#164=EDGE_CURVE('',#148,#158,#163,.T.);
#165=ORIENTED_EDGE('',*,*,#164,.T.);
#166=CARTESIAN_POINT('',(845.923089127,-147.729122671,244.32903644));
#167=DIRECTION('',(-0.,1.,-0.));
#168=DIRECTION('',(0.,0.,-1.));
#169=AXIS2_PLACEMENT_3D('',#166,#167,#168);
#170=CIRCLE('',#169,2.6);
#171=EDGE_CURVE('',#158,#148,#170,.T.);
#172=ORIENTED_EDGE('',*,*,#171,.T.);
#173=ORIENTED_EDGE('',*,*,#155,.T.);
#174=CARTESIAN_POINT('',(845.923089127,-153.729122671,241.72903644));
#175=VERTEX_POINT('',#174);
#176=CARTESIAN_POINT('',(845.923089127,-153.729122671,244.32903644));
#177=DIRECTION('',(-0.,1.,-0.));
#178=DIRECTION('',(0.,0.,-1.));
#179=AXIS2_PLACEMENT_3D('',#176,#177,#178);
#180=CIRCLE('',#179,2.6);
#181=EDGE_CURVE('',#175,#150,#180,.T.);
#182=ORIENTED_EDGE('',*,*,#181,.F.);
#183=CARTESIAN_POINT('',(845.923089127,-153.729122671,244.32903644));
#184=DIRECTION('',(-0.,1.,-0.));
#185=DIRECTION('',(0.,0.,-1.));
#186=AXIS2_PLACEMENT_3D('',#183,#184,#185);
#187=CIRCLE('',#186,2.6);
#188=EDGE_CURVE('',#150,#175,#187,.T.);
#189=ORIENTED_EDGE('',*,*,#188,.F.);
#190=EDGE_LOOP('',(#156,#165,#172,#173,#182,#189));
#191=FACE_BOUND('',#190,.T.);
#192=ADVANCED_FACE('',(#191),#146,.F.);
#193=OVER_RIDING_STYLED_ITEM('',(#140),#192,#82);
#194=CARTESIAN_POINT('',(754.923089202,-162.729122671,244.325341746));
#195=DIRECTION('',(-0.,1.,0.));
#196=DIRECTION('',(-0.000040601,-0.,0.999999999));
#197=AXIS2_PLACEMENT_3D('',#194,#195,#196);
#198=CYLINDRICAL_SURFACE('',#197,2.6);
#199=CARTESIAN_POINT('',(754.922983639,-147.729122671,246.925341744));
#200=VERTEX_POINT('',#199);
#201=CARTESIAN_POINT('',(754.922983639,-153.729122671,246.925341744));
#202=VERTEX_POINT('',#201);
#203=CARTESIAN_POINT('',(754.922983639,-147.729122671,246.925341744));
#204=DIRECTION('',(0.,-1.,-0.));
#205=VECTOR('',#204,6.);
#206=LINE('',#203,#205);
#207=EDGE_CURVE('',#200,#202,#206,.T.);
#208=ORIENTED_EDGE('',*,*,#207,.F.);
#209=CARTESIAN_POINT('',(754.923089202,-147.729122671,241.725341746));
#210=VERTEX_POINT('',#209);
#211=CARTESIAN_POINT('',(754.923089202,-147.729122671,244.325341746));
#212=DIRECTION('',(-0.,1.,-0.));
#213=DIRECTION('',(0.,0.,-1.));
#214=AXIS2_PLACEMENT_3D('',#211,#212,#213);
#215=CIRCLE('',#214,2.6);
#216=EDGE_CURVE('',#200,#210,#215,.T.);
#217=ORIENTED_EDGE('',*,*,#216,.T.);
#218=CARTESIAN_POINT('',(754.923089202,-147.729122671,244.325341746));
#219=DIRECTION('',(-0.,1.,-0.));
#220=DIRECTION('',(0.,0.,-1.));
#221=AXIS2_PLACEMENT_3D('',#218,#219,#220);
#222=CIRCLE('',#221,2.6);
#223=EDGE_CURVE('',#210,#200,#222,.T.);
#224=ORIENTED_EDGE('',*,*,#223,.T.);
#225=ORIENTED_EDGE('',*,*,#207,.T.);
#226=CARTESIAN_POINT('',(754.923089202,-153.729122671,241.725341746));
#227=VERTEX_POINT('',#226);
#228=CARTESIAN_POINT('',(754.923089202,-153.729122671,244.325341746));
#229=DIRECTION('',(-0.,1.,-0.));
#230=DIRECTION('',(0.,0.,-1.));
#231=AXIS2_PLACEMENT_3D('',#228,#229,#230);
#232=CIRCLE('',#231,2.6);
#233=EDGE_CURVE('',#227,#202,#232,.T.);
#234=ORIENTED_EDGE('',*,*,#233,.F.);
#235=CARTESIAN_POINT('',(754.923089202,-153.729122671,244.325341746));
#236=DIRECTION('',(-0.,1.,-0.));
#237=DIRECTION('',(0.,0.,-1.));
#238=AXIS2_PLACEMENT_3D('',#235,#236,#237);
#239=CIRCLE('',#238,2.6);
#240=EDGE_CURVE('',#202,#227,#239,.T.);
#241=ORIENTED_EDGE('',*,*,#240,.F.);
#242=EDGE_LOOP('',(#208,#217,#224,#225,#234,#241));
#243=FACE_BOUND('',#242,.T.);
#244=ADVANCED_FACE('',(#243),#198,.F.);
#245=OVER_RIDING_STYLED_ITEM('',(#140),#244,#82);
#246=CARTESIAN_POINT('',(845.921465086,-162.729122671,284.329036407));
#247=DIRECTION('',(-0.,1.,0.));
#248=DIRECTION('',(-0.000040601,-0.,0.999999999));
#249=AXIS2_PLACEMENT_3D('',#246,#247,#248);
#250=CYLINDRICAL_SURFACE('',#249,2.6);
#251=CARTESIAN_POINT('',(845.921359523,-147.729122671,286.929036405));
#252=VERTEX_POINT('',#251);
#253=CARTESIAN_POINT('',(845.921359523,-153.729122671,286.929036405));
#254=VERTEX_POINT('',#253);
#255=CARTESIAN_POINT('',(845.921359523,-147.729122671,286.929036405));
#256=DIRECTION('',(0.,-1.,-0.));
#257=VECTOR('',#256,6.);
#258=LINE('',#255,#257);
#259=EDGE_CURVE('',#252,#254,#258,.T.);
#260=ORIENTED_EDGE('',*,*,#259,.F.);
#261=CARTESIAN_POINT('',(845.921465086,-147.729122671,281.729036407));
#262=VERTEX_POINT('',#261);
#263=CARTESIAN_POINT('',(845.921465086,-147.729122671,284.329036407));
#264=DIRECTION('',(-0.,1.,-0.));
#265=DIRECTION('',(0.,0.,-1.));
#266=AXIS2_PLACEMENT_3D('',#263,#264,#265);
#267=CIRCLE('',#266,2.6);
#268=EDGE_CURVE('',#252,#262,#267,.T.);
#269=ORIENTED_EDGE('',*,*,#268,.T.);
#270=CARTESIAN_POINT('',(845.921465086,-147.729122671,284.329036407));
#271=DIRECTION('',(-0.,1.,-0.));
#272=DIRECTION('',(0.,0.,-1.));
#273=AXIS2_PLACEMENT_3D('',#270,#271,#272);
#274=CIRCLE('',#273,2.6);
#275=EDGE_CURVE('',#262,#252,#274,.T.);
#276=ORIENTED_EDGE('',*,*,#275,.T.);
#277=ORIENTED_EDGE('',*,*,#259,.T.);
#278=CARTESIAN_POINT('',(845.921465086,-153.729122671,281.729036407));
#279=VERTEX_POINT('',#278);
#280=CARTESIAN_POINT('',(845.921465086,-153.729122671,284.329036407));
#281=DIRECTION('',(-0.,1.,-0.));
#282=DIRECTION('',(0.,0.,-1.));
#283=AXIS2_PLACEMENT_3D('',#280,#281,#282);
#284=CIRCLE('',#283,2.6);
#285=EDGE_CURVE('',#279,#254,#284,.T.);
#286=ORIENTED_EDGE('',*,*,#285,.F.);
#287=CARTESIAN_POINT('',(845.921465086,-153.729122671,284.329036407));
#288=DIRECTION('',(-0.,1.,-0.));
#289=DIRECTION('',(0.,0.,-1.));
#290=AXIS2_PLACEMENT_3D('',#287,#288,#289);
#291=CIRCLE('',#290,2.6);
#292=EDGE_CURVE('',#254,#279,#291,.T.);
#293=ORIENTED_EDGE('',*,*,#292,.F.);
#294=EDGE_LOOP('',(#260,#269,#276,#277,#286,#293));
#295=FACE_BOUND('',#294,.T.);
#296=ADVANCED_FACE('',(#295),#250,.F.);
#297=OVER_RIDING_STYLED_ITEM('',(#140),#296,#82);
#298=CARTESIAN_POINT('',(845.924713168,-162.729122671,204.329036473));
#299=DIRECTION('',(-0.,1.,0.));
#300=DIRECTION('',(-0.000040601,-0.,0.999999999));
#301=AXIS2_PLACEMENT_3D('',#298,#299,#300);
#302=CYLINDRICAL_SURFACE('',#301,2.6);
#303=CARTESIAN_POINT('',(845.924607605,-147.729122671,206.92903647));
#304=VERTEX_POINT('',#303);
#305=CARTESIAN_POINT('',(845.924607605,-153.729122671,206.92903647));
#306=VERTEX_POINT('',#305);
#307=CARTESIAN_POINT('',(845.924607605,-147.729122671,206.92903647));
#308=DIRECTION('',(0.,-1.,-0.));
#309=VECTOR('',#308,6.);
#310=LINE('',#307,#309);
#311=EDGE_CURVE('',#304,#306,#310,.T.);
#312=ORIENTED_EDGE('',*,*,#311,.F.);
#313=CARTESIAN_POINT('',(845.924713168,-147.729122671,201.729036473));
#314=VERTEX_POINT('',#313);
#315=CARTESIAN_POINT('',(845.924713168,-147.729122671,204.329036473));
#316=DIRECTION('',(-0.,1.,-0.));
#317=DIRECTION('',(0.,0.,-1.));
#318=AXIS2_PLACEMENT_3D('',#315,#316,#317);
#319=CIRCLE('',#318,2.6);
#320=EDGE_CURVE('',#304,#314,#319,.T.);
#321=ORIENTED_EDGE('',*,*,#320,.T.);
#322=CARTESIAN_POINT('',(845.924713168,-147.729122671,204.329036473));
#323=DIRECTION('',(-0.,1.,-0.));
#324=DIRECTION('',(0.,0.,-1.));
#325=AXIS2_PLACEMENT_3D('',#322,#323,#324);
#326=CIRCLE('',#325,2.6);
#327=EDGE_CURVE('',#314,#304,#326,.T.);
#328=ORIENTED_EDGE('',*,*,#327,.T.);
#329=ORIENTED_EDGE('',*,*,#311,.T.);
#330=CARTESIAN_POINT('',(845.924713168,-153.729122671,201.729036473));
#331=VERTEX_POINT('',#330);
#332=CARTESIAN_POINT('',(845.924713168,-153.729122671,204.329036473));
#333=DIRECTION('',(-0.,1.,-0.));
#334=DIRECTION('',(0.,0.,-1.));
#335=AXIS2_PLACEMENT_3D('',#332,#333,#334);
#336=CIRCLE('',#335,2.6);
#337=EDGE_CURVE('',#331,#306,#336,.T.);
#338=ORIENTED_EDGE('',*,*,#337,.F.);
#339=CARTESIAN_POINT('',(845.924713168,-153.729122671,204.329036473));
#340=DIRECTION('',(-0.,1.,-0.));
#341=DIRECTION('',(0.,0.,-1.));
#342=AXIS2_PLACEMENT_3D('',#339,#340,#341);
#343=CIRCLE('',#342,2.6);
#344=EDGE_CURVE('',#306,#331,#343,.T.);
#345=ORIENTED_EDGE('',*,*,#344,.F.);
#346=EDGE_LOOP('',(#312,#321,#328,#329,#338,#345));
#347=FACE_BOUND('',#346,.T.);
#348=ADVANCED_FACE('',(#347),#302,.F.);
#349=OVER_RIDING_STYLED_ITEM('',(#140),#348,#82);
#350=CARTESIAN_POINT('',(754.918623088,-162.729122671,354.325341655));
#351=DIRECTION('',(-0.,1.,0.));
#352=DIRECTION('',(-0.000040601,-0.,0.999999999));
#353=AXIS2_PLACEMENT_3D('',#350,#351,#352);
#354=CYLINDRICAL_SURFACE('',#353,2.6);
#355=CARTESIAN_POINT('',(754.918517526,-147.729122671,356.925341653));
#356=VERTEX_POINT('',#355);
#357=CARTESIAN_POINT('',(754.918517526,-153.729122671,356.925341653));
#358=VERTEX_POINT('',#357);
#359=CARTESIAN_POINT('',(754.918517526,-147.729122671,356.925341653));
#360=DIRECTION('',(0.,-1.,-0.));
#361=VECTOR('',#360,6.);
#362=LINE('',#359,#361);
#363=EDGE_CURVE('',#356,#358,#362,.T.);
#364=ORIENTED_EDGE('',*,*,#363,.F.);
#365=CARTESIAN_POINT('',(754.918623088,-147.729122671,351.725341655));
#366=VERTEX_POINT('',#365);
#367=CARTESIAN_POINT('',(754.918623088,-147.729122671,354.325341655));
#368=DIRECTION('',(-0.,1.,-0.));
#369=DIRECTION('',(0.,0.,-1.));
#370=AXIS2_PLACEMENT_3D('',#367,#368,#369);
#371=CIRCLE('',#370,2.6);
#372=EDGE_CURVE('',#356,#366,#371,.T.);
#373=ORIENTED_EDGE('',*,*,#372,.T.);
#374=CARTESIAN_POINT('',(754.918623088,-147.729122671,354.325341655));
#375=DIRECTION('',(-0.,1.,-0.));
#376=DIRECTION('',(0.,0.,-1.));
#377=AXIS2_PLACEMENT_3D('',#374,#375,#376);
#378=CIRCLE('',#377,2.6);
#379=EDGE_CURVE('',#366,#356,#378,.T.);
#380=ORIENTED_EDGE('',*,*,#379,.T.);
#381=ORIENTED_EDGE('',*,*,#363,.T.);
#382=CARTESIAN_POINT('',(754.918623088,-153.729122671,351.725341655));
#383=VERTEX_POINT('',#382);
#384=CARTESIAN_POINT('',(754.918623088,-153.729122671,354.325341655));
#385=DIRECTION('',(-0.,1.,-0.));
#386=DIRECTION('',(0.,0.,-1.));
#387=AXIS2_PLACEMENT_3D('',#384,#385,#386);
#388=CIRCLE('',#387,2.6);
#389=EDGE_CURVE('',#383,#358,#388,.T.);
#390=ORIENTED_EDGE('',*,*,#389,.F.);
#391=CARTESIAN_POINT('',(754.918623088,-153.729122671,354.325341655));
#392=DIRECTION('',(-0.,1.,-0.));
#393=DIRECTION('',(0.,0.,-1.));
#394=AXIS2_PLACEMENT_3D('',#391,#392,#393);
#395=CIRCLE('',#394,2.6);
#396=EDGE_CURVE('',#358,#383,#395,.T.);
#397=ORIENTED_EDGE('',*,*,#396,.F.);
#398=EDGE_LOOP('',(#364,#373,#380,#381,#390,#397));
#399=FACE_BOUND('',#398,.T.);
#400=ADVANCED_FACE('',(#399),#354,.F.);
#401=OVER_RIDING_STYLED_ITEM('',(#140),#400,#82);
#402=CARTESIAN_POINT('',(792.736503446,-153.729122671,359.322174843));
#403=DIRECTION('',(0.,-1.,0.));
#404=DIRECTION('',(0.,0.,-1.));
#405=AXIS2_PLACEMENT_3D('',#402,#403,#404);
#406=PLANE('',#405);
#407=ORIENTED_EDGE('',*,*,#122,.T.);
#408=ORIENTED_EDGE('',*,*,#129,.T.);
#409=EDGE_LOOP('',(#407,#408));
#410=FACE_BOUND('',#409,.T.);
#411=ORIENTED_EDGE('',*,*,#181,.T.);
#412=ORIENTED_EDGE('',*,*,#188,.T.);
#413=EDGE_LOOP('',(#411,#412));
#414=FACE_BOUND('',#413,.T.);
#415=ORIENTED_EDGE('',*,*,#233,.T.);
#416=ORIENTED_EDGE('',*,*,#240,.T.);
#417=EDGE_LOOP('',(#415,#416));
#418=FACE_BOUND('',#417,.T.);
#419=ORIENTED_EDGE('',*,*,#285,.T.);
#420=ORIENTED_EDGE('',*,*,#292,.T.);
#421=EDGE_LOOP('',(#419,#420));
#422=FACE_BOUND('',#421,.T.);
#423=ORIENTED_EDGE('',*,*,#337,.T.);
#424=ORIENTED_EDGE('',*,*,#344,.T.);
#425=EDGE_LOOP('',(#423,#424));
#426=FACE_BOUND('',#425,.T.);
#427=ORIENTED_EDGE('',*,*,#389,.T.);
#428=ORIENTED_EDGE('',*,*,#396,.T.);
#429=EDGE_LOOP('',(#427,#428));
#430=FACE_BOUND('',#429,.T.);
#431=CARTESIAN_POINT('',(598.878635376,-153.729122671,206.922173963));
#432=VERTEX_POINT('',#431);
#433=CARTESIAN_POINT('',(598.878635376,-153.729122671,201.722173963));
#434=VERTEX_POINT('',#433);
#435=CARTESIAN_POINT('',(598.878635376,-153.729122671,204.322173963));
#436=DIRECTION('',(0.,-1.,0.));
#437=DIRECTION('',(0.,0.,-1.));
#438=AXIS2_PLACEMENT_3D('',#435,#436,#437);
#439=CIRCLE('',#438,2.6);
#440=EDGE_CURVE('',#432,#434,#439,.T.);
#441=ORIENTED_EDGE('',*,*,#440,.F.);
#442=CARTESIAN_POINT('',(598.878635376,-153.729122671,204.322173963));
#443=DIRECTION('',(0.,-1.,0.));
#444=DIRECTION('',(0.,0.,-1.));
#445=AXIS2_PLACEMENT_3D('',#442,#443,#444);
#446=CIRCLE('',#445,2.6);
#447=EDGE_CURVE('',#434,#432,#446,.T.);
#448=ORIENTED_EDGE('',*,*,#447,.F.);
#449=EDGE_LOOP('',(#441,#448));
#450=FACE_BOUND('',#449,.T.);
#451=CARTESIAN_POINT('',(507.878635376,-153.729122671,246.922173963));
#452=VERTEX_POINT('',#451);
#453=CARTESIAN_POINT('',(507.878635376,-153.729122671,241.722173963));
#454=VERTEX_POINT('',#453);
#455=CARTESIAN_POINT('',(507.878635376,-153.729122671,244.322173963));
#456=DIRECTION('',(0.,-1.,0.));
#457=DIRECTION('',(0.,0.,-1.));
#458=AXIS2_PLACEMENT_3D('',#455,#456,#457);
#459=CIRCLE('',#458,2.6);
#460=EDGE_CURVE('',#452,#454,#459,.T.);
#461=ORIENTED_EDGE('',*,*,#460,.F.);
#462=CARTESIAN_POINT('',(507.878635376,-153.729122671,244.322173963));
#463=DIRECTION('',(0.,-1.,0.));
#464=DIRECTION('',(0.,0.,-1.));
#465=AXIS2_PLACEMENT_3D('',#462,#463,#464);
#466=CIRCLE('',#465,2.6);
#467=EDGE_CURVE('',#454,#452,#466,.T.);
#468=ORIENTED_EDGE('',*,*,#467,.F.);
#469=EDGE_LOOP('',(#461,#468));
#470=FACE_BOUND('',#469,.T.);
#471=CARTESIAN_POINT('',(598.878635376,-153.729122671,246.922173963));
#472=VERTEX_POINT('',#471);
#473=CARTESIAN_POINT('',(598.878635376,-153.729122671,241.722173963));
#474=VERTEX_POINT('',#473);
#475=CARTESIAN_POINT('',(598.878635376,-153.729122671,244.322173963));
#476=DIRECTION('',(0.,-1.,0.));
#477=DIRECTION('',(0.,0.,-1.));
#478=AXIS2_PLACEMENT_3D('',#475,#476,#477);
#479=CIRCLE('',#478,2.6);
#480=EDGE_CURVE('',#472,#474,#479,.T.);
#481=ORIENTED_EDGE('',*,*,#480,.F.);
#482=CARTESIAN_POINT('',(598.878635376,-153.729122671,244.322173963));
#483=DIRECTION('',(0.,-1.,0.));
#484=DIRECTION('',(0.,0.,-1.));
#485=AXIS2_PLACEMENT_3D('',#482,#483,#484);
#486=CIRCLE('',#485,2.6);
#487=EDGE_CURVE('',#474,#472,#486,.T.);
#488=ORIENTED_EDGE('',*,*,#487,.F.);
#489=EDGE_LOOP('',(#481,#488));
#490=FACE_BOUND('',#489,.T.);
#491=CARTESIAN_POINT('',(507.878635376,-153.729122671,286.922173963));
#492=VERTEX_POINT('',#491);
#493=CARTESIAN_POINT('',(507.878635376,-153.729122671,281.722173963));
#494=VERTEX_POINT('',#493);
#495=CARTESIAN_POINT('',(507.878635376,-153.729122671,284.322173963));
#496=DIRECTION('',(0.,-1.,0.));
#497=DIRECTION('',(0.,0.,-1.));
#498=AXIS2_PLACEMENT_3D('',#495,#496,#497);
#499=CIRCLE('',#498,2.6);
#500=EDGE_CURVE('',#492,#494,#499,.T.);
#501=ORIENTED_EDGE('',*,*,#500,.F.);
#502=CARTESIAN_POINT('',(507.878635376,-153.729122671,284.322173963));
#503=DIRECTION('',(0.,-1.,0.));
#504=DIRECTION('',(0.,0.,-1.));
#505=AXIS2_PLACEMENT_3D('',#502,#503,#504);
#506=CIRCLE('',#505,2.6);
#507=EDGE_CURVE('',#494,#492,#506,.T.);
#508=ORIENTED_EDGE('',*,*,#507,.F.);
#509=EDGE_LOOP('',(#501,#508));
#510=FACE_BOUND('',#509,.T.);
#511=CARTESIAN_POINT('',(507.878635376,-153.729122671,206.922173963));
#512=VERTEX_POINT('',#511);
#513=CARTESIAN_POINT('',(507.878635376,-153.729122671,201.722173963));
#514=VERTEX_POINT('',#513);
#515=CARTESIAN_POINT('',(507.878635376,-153.729122671,204.322173963));
#516=DIRECTION('',(0.,-1.,0.));
#517=DIRECTION('',(0.,0.,-1.));
#518=AXIS2_PLACEMENT_3D('',#515,#516,#517);
#519=CIRCLE('',#518,2.6);
#520=EDGE_CURVE('',#512,#514,#519,.T.);
#521=ORIENTED_EDGE('',*,*,#520,.F.);
#522=CARTESIAN_POINT('',(507.878635376,-153.729122671,204.322173963));
#523=DIRECTION('',(0.,-1.,0.));
#524=DIRECTION('',(0.,0.,-1.));
#525=AXIS2_PLACEMENT_3D('',#522,#523,#524);
#526=CIRCLE('',#525,2.6);
#527=EDGE_CURVE('',#514,#512,#526,.T.);
#528=ORIENTED_EDGE('',*,*,#527,.F.);
#529=EDGE_LOOP('',(#521,#528));
#530=FACE_BOUND('',#529,.T.);
#531=CARTESIAN_POINT('',(598.878635376,-153.729122671,356.922173963));
#532=VERTEX_POINT('',#531);
#533=CARTESIAN_POINT('',(598.878635376,-153.729122671,351.722173963));
#534=VERTEX_POINT('',#533);
#535=CARTESIAN_POINT('',(598.878635376,-153.729122671,354.322173963));
#536=DIRECTION('',(0.,-1.,0.));
#537=DIRECTION('',(0.,0.,-1.));
#538=AXIS2_PLACEMENT_3D('',#535,#536,#537);
#539=CIRCLE('',#538,2.6);
#540=EDGE_CURVE('',#532,#534,#539,.T.);
#541=ORIENTED_EDGE('',*,*,#540,.F.);
#542=CARTESIAN_POINT('',(598.878635376,-153.729122671,354.322173963));
#543=DIRECTION('',(0.,-1.,0.));
#544=DIRECTION('',(0.,0.,-1.));
#545=AXIS2_PLACEMENT_3D('',#542,#543,#544);
#546=CIRCLE('',#545,2.6);
#547=EDGE_CURVE('',#534,#532,#546,.T.);
#548=ORIENTED_EDGE('',*,*,#547,.F.);
#549=EDGE_LOOP('',(#541,#548));
#550=FACE_BOUND('',#549,.T.);
#551=CARTESIAN_POINT('',(655.87863907,-153.729122671,276.722174843));
#552=VERTEX_POINT('',#551);
#553=CARTESIAN_POINT('',(655.87863907,-153.729122671,279.322174843));
#554=DIRECTION('',(-0.,1.,-0.));
#555=DIRECTION('',(0.,0.,-1.));
#556=AXIS2_PLACEMENT_3D('',#553,#554,#555);
#557=CIRCLE('',#556,2.6);
#558=EDGE_CURVE('NONE',#552,#552,#557,.T.);
#559=ORIENTED_EDGE('',*,*,#558,.T.);
#560=EDGE_LOOP('',(#559));
#561=FACE_BOUND('',#560,.T.);
#562=CARTESIAN_POINT('',(697.87863907,-153.729122671,276.722174843));
#563=VERTEX_POINT('',#562);
#564=CARTESIAN_POINT('',(697.87863907,-153.729122671,279.322174843));
#565=DIRECTION('',(-0.,1.,-0.));
#566=DIRECTION('',(0.,0.,-1.));
#567=AXIS2_PLACEMENT_3D('',#564,#565,#566);
#568=CIRCLE('',#567,2.6);
#569=EDGE_CURVE('NONE',#563,#563,#568,.T.);
#570=ORIENTED_EDGE('',*,*,#569,.T.);
#571=EDGE_LOOP('',(#570));
#572=FACE_BOUND('',#571,.T.);
#573=CARTESIAN_POINT('',(756.87863907,-153.729122671,328.722174843));
#574=VERTEX_POINT('',#573);
#575=CARTESIAN_POINT('',(756.87863907,-153.729122671,331.322174843));
#576=DIRECTION('',(-0.,1.,-0.));
#577=DIRECTION('',(0.,0.,-1.));
#578=AXIS2_PLACEMENT_3D('',#575,#576,#577);
#579=CIRCLE('',#578,2.6);
#580=EDGE_CURVE('NONE',#574,#574,#579,.T.);
#581=ORIENTED_EDGE('',*,*,#580,.T.);
#582=EDGE_LOOP('',(#581));
#583=FACE_BOUND('',#582,.T.);
#584=CARTESIAN_POINT('',(596.87863907,-153.729122671,286.722174843));
#585=VERTEX_POINT('',#584);
#586=CARTESIAN_POINT('',(596.87863907,-153.729122671,289.322174843));
#587=DIRECTION('',(-0.,1.,-0.));
#588=DIRECTION('',(0.,0.,-1.));
#589=AXIS2_PLACEMENT_3D('',#586,#587,#588);
#590=CIRCLE('',#589,2.6);
#591=EDGE_CURVE('NONE',#585,#585,#590,.T.);
#592=ORIENTED_EDGE('',*,*,#591,.T.);
#593=EDGE_LOOP('',(#592));
#594=FACE_BOUND('',#593,.T.);
#595=CARTESIAN_POINT('',(523.343105164,-153.729122671,320.044505314));
#596=VERTEX_POINT('',#595);
#597=CARTESIAN_POINT('',(523.343105164,-153.729122671,321.644505314));
#598=DIRECTION('',(-0.,1.,-0.));
#599=DIRECTION('',(0.,0.,-1.));
#600=AXIS2_PLACEMENT_3D('',#597,#598,#599);
#601=CIRCLE('',#600,1.6);
#602=EDGE_CURVE('NONE',#596,#596,#601,.T.);
#603=ORIENTED_EDGE('',*,*,#602,.T.);
#604=EDGE_LOOP('',(#603));
#605=FACE_BOUND('',#604,.T.);
#606=CARTESIAN_POINT('',(558.698444223,-153.729122671,327.115573125));
#607=VERTEX_POINT('',#606);
#608=CARTESIAN_POINT('',(558.698444223,-153.729122671,328.715573125));
#609=DIRECTION('',(-0.,1.,-0.));
#610=DIRECTION('',(0.,0.,-1.));
#611=AXIS2_PLACEMENT_3D('',#608,#609,#610);
#612=CIRCLE('',#611,1.6);
#613=EDGE_CURVE('NONE',#607,#607,#612,.T.);
#614=ORIENTED_EDGE('',*,*,#613,.T.);
#615=EDGE_LOOP('',(#614));
#616=FACE_BOUND('',#615,.T.);
#617=CARTESIAN_POINT('',(541.020774693,-153.729122671,317.680039219));
#618=VERTEX_POINT('',#617);
#619=CARTESIAN_POINT('',(541.020774693,-153.729122671,325.180039219));
#620=DIRECTION('',(-0.,1.,-0.));
#621=DIRECTION('',(0.,0.,-1.));
#622=AXIS2_PLACEMENT_3D('',#619,#620,#621);
#623=CIRCLE('',#622,7.5);
#624=EDGE_CURVE('NONE',#618,#618,#623,.T.);
#625=ORIENTED_EDGE('',*,*,#624,.T.);
#626=EDGE_LOOP('',(#625));
#627=FACE_BOUND('',#626,.T.);
#628=CARTESIAN_POINT('',(812.736503446,-153.729122671,317.680039219));
#629=VERTEX_POINT('',#628);
#630=CARTESIAN_POINT('',(812.736503446,-153.729122671,325.180039219));
#631=DIRECTION('',(-0.,1.,-0.));
#632=DIRECTION('',(0.,0.,-1.));
#633=AXIS2_PLACEMENT_3D('',#630,#631,#632);
#634=CIRCLE('',#633,7.5);
#635=EDGE_CURVE('NONE',#629,#629,#634,.T.);
#636=ORIENTED_EDGE('',*,*,#635,.T.);
#637=EDGE_LOOP('',(#636));
#638=FACE_BOUND('',#637,.T.);
#639=CARTESIAN_POINT('',(795.058833916,-153.729122671,327.115573125));
#640=VERTEX_POINT('',#639);
#641=CARTESIAN_POINT('',(795.058833916,-153.729122671,328.715573125));
#642=DIRECTION('',(-0.,1.,-0.));
#643=DIRECTION('',(0.,0.,-1.));
#644=AXIS2_PLACEMENT_3D('',#641,#642,#643);
#645=CIRCLE('',#644,1.6);
#646=EDGE_CURVE('NONE',#640,#640,#645,.T.);
#647=ORIENTED_EDGE('',*,*,#646,.T.);
#648=EDGE_LOOP('',(#647));
#649=FACE_BOUND('',#648,.T.);
#650=CARTESIAN_POINT('',(830.414172976,-153.729122671,320.044505314));
#651=VERTEX_POINT('',#650);
#652=CARTESIAN_POINT('',(830.414172976,-153.729122671,321.644505314));
#653=DIRECTION('',(-0.,1.,-0.));
#654=DIRECTION('',(0.,0.,-1.));
#655=AXIS2_PLACEMENT_3D('',#652,#653,#654);
#656=CIRCLE('',#655,1.6);
#657=EDGE_CURVE('NONE',#651,#651,#656,.T.);
#658=ORIENTED_EDGE('',*,*,#657,.T.);
#659=EDGE_LOOP('',(#658));
#660=FACE_BOUND('',#659,.T.);
#661=CARTESIAN_POINT('',(816.272037352,-153.729122671,305.90236969));
#662=VERTEX_POINT('',#661);
#663=CARTESIAN_POINT('',(816.272037352,-153.729122671,307.50236969));
#664=DIRECTION('',(-0.,1.,-0.));
#665=DIRECTION('',(0.,0.,-1.));
#666=AXIS2_PLACEMENT_3D('',#663,#664,#665);
#667=CIRCLE('',#666,1.6);
#668=EDGE_CURVE('NONE',#662,#662,#667,.T.);
#669=ORIENTED_EDGE('',*,*,#668,.T.);
#670=EDGE_LOOP('',(#669));
#671=FACE_BOUND('',#670,.T.);
#672=CARTESIAN_POINT('',(809.20096954,-153.729122671,341.257708749));
#673=VERTEX_POINT('',#672);
#674=CARTESIAN_POINT('',(809.20096954,-153.729122671,342.857708749));
#675=DIRECTION('',(-0.,1.,-0.));
#676=DIRECTION('',(0.,0.,-1.));
#677=AXIS2_PLACEMENT_3D('',#674,#675,#676);
#678=CIRCLE('',#677,1.6);
#679=EDGE_CURVE('NONE',#673,#673,#678,.T.);
#680=ORIENTED_EDGE('',*,*,#679,.T.);
#681=EDGE_LOOP('',(#680));
#682=FACE_BOUND('',#681,.T.);
#683=CARTESIAN_POINT('',(544.556308599,-153.729122671,341.257708749));
#684=VERTEX_POINT('',#683);
#685=CARTESIAN_POINT('',(544.556308599,-153.729122671,342.857708749));
#686=DIRECTION('',(-0.,1.,-0.));
#687=DIRECTION('',(0.,0.,-1.));
#688=AXIS2_PLACEMENT_3D('',#685,#686,#687);
#689=CIRCLE('',#688,1.6);
#690=EDGE_CURVE('NONE',#684,#684,#689,.T.);
#691=ORIENTED_EDGE('',*,*,#690,.T.);
#692=EDGE_LOOP('',(#691));
#693=FACE_BOUND('',#692,.T.);
#694=CARTESIAN_POINT('',(537.485240787,-153.729122671,305.90236969));
#695=VERTEX_POINT('',#694);
#696=CARTESIAN_POINT('',(537.485240787,-153.729122671,307.50236969));
#697=DIRECTION('',(-0.,1.,-0.));
#698=DIRECTION('',(0.,0.,-1.));
#699=AXIS2_PLACEMENT_3D('',#696,#697,#698);
#700=CIRCLE('',#699,1.6);
#701=EDGE_CURVE('NONE',#695,#695,#700,.T.);
#702=ORIENTED_EDGE('',*,*,#701,.T.);
#703=EDGE_LOOP('',(#702));
#704=FACE_BOUND('',#703,.T.);
#705=CARTESIAN_POINT('',(596.87863907,-153.729122671,328.722174843));
#706=VERTEX_POINT('',#705);
#707=CARTESIAN_POINT('',(596.87863907,-153.729122671,331.322174843));
#708=DIRECTION('',(-0.,1.,-0.));
#709=DIRECTION('',(0.,0.,-1.));
#710=AXIS2_PLACEMENT_3D('',#707,#708,#709);
#711=CIRCLE('',#710,2.6);
#712=EDGE_CURVE('NONE',#706,#706,#711,.T.);
#713=ORIENTED_EDGE('',*,*,#712,.T.);
#714=EDGE_LOOP('',(#713));
#715=FACE_BOUND('',#714,.T.);
#716=CARTESIAN_POINT('',(756.87863907,-153.729122671,286.722174843));
#717=VERTEX_POINT('',#716);
#718=CARTESIAN_POINT('',(756.87863907,-153.729122671,289.322174843));
#719=DIRECTION('',(-0.,1.,-0.));
#720=DIRECTION('',(0.,0.,-1.));
#721=AXIS2_PLACEMENT_3D('',#718,#719,#720);
#722=CIRCLE('',#721,2.6);
#723=EDGE_CURVE('NONE',#717,#717,#722,.T.);
#724=ORIENTED_EDGE('',*,*,#723,.T.);
#725=EDGE_LOOP('',(#724));
#726=FACE_BOUND('',#725,.T.);
#727=CARTESIAN_POINT('',(697.87863907,-153.729122671,206.722174843));
#728=VERTEX_POINT('',#727);
#729=CARTESIAN_POINT('',(697.87863907,-153.729122671,209.322174843));
#730=DIRECTION('',(-0.,1.,-0.));
#731=DIRECTION('',(0.,0.,-1.));
#732=AXIS2_PLACEMENT_3D('',#729,#730,#731);
#733=CIRCLE('',#732,2.6);
#734=EDGE_CURVE('NONE',#728,#728,#733,.T.);
#735=ORIENTED_EDGE('',*,*,#734,.T.);
#736=EDGE_LOOP('',(#735));
#737=FACE_BOUND('',#736,.T.);
#738=CARTESIAN_POINT('',(655.87863907,-153.729122671,206.722174843));
#739=VERTEX_POINT('',#738);
#740=CARTESIAN_POINT('',(655.87863907,-153.729122671,209.322174843));
#741=DIRECTION('',(-0.,1.,-0.));
#742=DIRECTION('',(0.,0.,-1.));
#743=AXIS2_PLACEMENT_3D('',#740,#741,#742);
#744=CIRCLE('',#743,2.6);
#745=EDGE_CURVE('NONE',#739,#739,#744,.T.);
#746=ORIENTED_EDGE('',*,*,#745,.T.);
#747=EDGE_LOOP('',(#746));
#748=FACE_BOUND('',#747,.T.);
#749=CARTESIAN_POINT('',(740.707066194,-153.729122671,368.150601968));
#750=VERTEX_POINT('',#749);
#751=CARTESIAN_POINT('',(738.050211945,-153.729122671,365.493747718));
#752=VERTEX_POINT('',#751);
#753=CARTESIAN_POINT('',(740.707066194,-153.729122671,368.150601968));
#754=DIRECTION('',(-0.707106781,-0.,-0.707106781));
#755=VECTOR('',#754,3.757359313);
#756=LINE('',#753,#755);
#757=EDGE_CURVE('',#750,#752,#756,.T.);
#758=ORIENTED_EDGE('',*,*,#757,.T.);
#759=CARTESIAN_POINT('',(736.87863907,-153.729122671,362.665320594));
#760=VERTEX_POINT('',#759);
#761=CARTESIAN_POINT('',(740.87863907,-153.729122671,362.665320594));
#762=DIRECTION('',(0.,-1.,0.));
#763=DIRECTION('',(0.,0.,-1.));
#764=AXIS2_PLACEMENT_3D('',#761,#762,#763);
#765=CIRCLE('',#764,4.);
#766=EDGE_CURVE('',#752,#760,#765,.T.);
#767=ORIENTED_EDGE('',*,*,#766,.T.);
#768=CARTESIAN_POINT('',(736.87863907,-153.729122671,294.322174843));
#769=VERTEX_POINT('',#768);
#770=CARTESIAN_POINT('',(736.87863907,-153.729122671,294.322174843));
#771=DIRECTION('',(-0.,-0.,1.));
#772=VECTOR('',#771,68.343145751);
#773=LINE('',#770,#772);
#774=EDGE_CURVE('NONE',#769,#760,#773,.T.);
#775=ORIENTED_EDGE('',*,*,#774,.F.);
#776=CARTESIAN_POINT('',(731.87863907,-153.729122671,289.322174843));
#777=VERTEX_POINT('',#776);
#778=CARTESIAN_POINT('',(731.87863907,-153.729122671,289.322174843));
#779=DIRECTION('',(0.707106781,-0.,0.707106781));
#780=VECTOR('',#779,7.071067812);
#781=LINE('',#778,#780);
#782=EDGE_CURVE('NONE',#777,#769,#781,.T.);
#783=ORIENTED_EDGE('',*,*,#782,.F.);
#784=CARTESIAN_POINT('',(621.87863907,-153.729122671,289.322174843));
#785=VERTEX_POINT('',#784);
#786=CARTESIAN_POINT('',(621.87863907,-153.729122671,289.322174843));
#787=DIRECTION('',(1.,-0.,-0.));
#788=VECTOR('',#787,110.);
#789=LINE('',#786,#788);
#790=EDGE_CURVE('NONE',#785,#777,#789,.T.);
#791=ORIENTED_EDGE('',*,*,#790,.F.);
#792=CARTESIAN_POINT('',(616.87863907,-153.729122671,294.322174843));
#793=VERTEX_POINT('',#792);
#794=CARTESIAN_POINT('',(616.87863907,-153.729122671,294.322174843));
#795=DIRECTION('',(0.707106781,-0.,-0.707106781));
#796=VECTOR('',#795,7.071067812);
#797=LINE('',#794,#796);
#798=EDGE_CURVE('NONE',#793,#785,#797,.T.);
#799=ORIENTED_EDGE('',*,*,#798,.F.);
#800=CARTESIAN_POINT('',(616.87863907,-153.729122671,362.665320594));
#801=VERTEX_POINT('',#800);
#802=CARTESIAN_POINT('',(616.87863907,-153.729122671,362.665320594));
#803=DIRECTION('',(-0.,-0.,-1.));
#804=VECTOR('',#803,68.343145751);
#805=LINE('',#802,#804);
#806=EDGE_CURVE('',#801,#793,#805,.T.);
#807=ORIENTED_EDGE('',*,*,#806,.F.);
#808=CARTESIAN_POINT('',(615.707066194,-153.729122671,365.493747718));
#809=VERTEX_POINT('',#808);
#810=CARTESIAN_POINT('',(612.87863907,-153.729122671,362.665320594));
#811=DIRECTION('',(0.,-1.,0.));
#812=DIRECTION('',(0.,0.,-1.));
#813=AXIS2_PLACEMENT_3D('',#810,#811,#812);
#814=CIRCLE('',#813,4.);
#815=EDGE_CURVE('',#801,#809,#814,.T.);
#816=ORIENTED_EDGE('',*,*,#815,.T.);
#817=CARTESIAN_POINT('',(613.050211945,-153.729122671,368.150601968));
#818=VERTEX_POINT('',#817);
#819=CARTESIAN_POINT('',(615.707066194,-153.729122671,365.493747718));
#820=DIRECTION('',(-0.707106781,-0.,0.707106781));
#821=VECTOR('',#820,3.757359313);
#822=LINE('',#819,#821);
#823=EDGE_CURVE('',#809,#818,#822,.T.);
#824=ORIENTED_EDGE('',*,*,#823,.T.);
#825=CARTESIAN_POINT('',(610.22178482,-153.729122671,369.322174843));
#826=VERTEX_POINT('',#825);
#827=CARTESIAN_POINT('',(610.22178482,-153.729122671,365.322174843));
#828=DIRECTION('',(0.,-1.,0.));
#829=DIRECTION('',(0.,0.,-1.));
#830=AXIS2_PLACEMENT_3D('',#827,#828,#829);
#831=CIRCLE('',#830,4.);
#832=EDGE_CURVE('',#818,#826,#831,.T.);
#833=ORIENTED_EDGE('',*,*,#832,.T.);
#834=CARTESIAN_POINT('',(561.020774693,-153.729122671,369.322174843));
#835=VERTEX_POINT('',#834);
#836=CARTESIAN_POINT('',(561.020774693,-153.729122671,369.322174843));
#837=DIRECTION('',(1.,-0.,0.));
#838=VECTOR('',#837,49.201010127);
#839=LINE('',#836,#838);
#840=EDGE_CURVE('NONE',#835,#826,#839,.T.);
#841=ORIENTED_EDGE('',*,*,#840,.F.);
#842=CARTESIAN_POINT('',(553.949706881,-153.729122671,366.393242655));
#843=VERTEX_POINT('',#842);
#844=CARTESIAN_POINT('',(561.020774693,-153.729122671,359.322174843));
#845=DIRECTION('',(-0.,1.,-0.));
#846=DIRECTION('',(0.,0.,-1.));
#847=AXIS2_PLACEMENT_3D('',#844,#845,#846);
#848=CIRCLE('',#847,10.);
#849=EDGE_CURVE('NONE',#843,#835,#848,.T.);
#850=ORIENTED_EDGE('',*,*,#849,.F.);
#851=CARTESIAN_POINT('',(499.807571258,-153.729122671,312.251107031));
#852=VERTEX_POINT('',#851);
#853=CARTESIAN_POINT('',(499.807571258,-153.729122671,312.251107031));
#854=DIRECTION('',(0.707106781,-0.,0.707106781));
#855=VECTOR('',#854,76.568542495);
#856=LINE('',#853,#855);
#857=EDGE_CURVE('',#852,#843,#856,.T.);
#858=ORIENTED_EDGE('',*,*,#857,.F.);
#859=CARTESIAN_POINT('',(496.87863907,-153.729122671,305.180039219));
#860=VERTEX_POINT('',#859);
#861=CARTESIAN_POINT('',(506.87863907,-153.729122671,305.180039219));
#862=DIRECTION('',(0.,-1.,0.));
#863=DIRECTION('',(0.,0.,-1.));
#864=AXIS2_PLACEMENT_3D('',#861,#862,#863);
#865=CIRCLE('',#864,10.);
#866=EDGE_CURVE('',#852,#860,#865,.T.);
#867=ORIENTED_EDGE('',*,*,#866,.T.);
#868=CARTESIAN_POINT('',(496.87863907,-153.729122671,194.322174843));
#869=VERTEX_POINT('',#868);
#870=CARTESIAN_POINT('',(496.87863907,-153.729122671,194.322174843));
#871=DIRECTION('',(-0.,-0.,1.));
#872=VECTOR('',#871,110.857864376);
#873=LINE('',#870,#872);
#874=EDGE_CURVE('NONE',#869,#860,#873,.T.);
#875=ORIENTED_EDGE('',*,*,#874,.F.);
#876=CARTESIAN_POINT('',(856.87863907,-153.729122671,194.322174843));
#877=VERTEX_POINT('',#876);
#878=CARTESIAN_POINT('',(496.87863907,-153.729122671,194.322174843));
#879=DIRECTION('',(1.,0.,-0.));
#880=VECTOR('',#879,360.);
#881=LINE('',#878,#880);
#882=EDGE_CURVE('NONE',#869,#877,#881,.T.);
#883=ORIENTED_EDGE('',*,*,#882,.T.);
#884=CARTESIAN_POINT('',(856.87863907,-153.729122671,305.180039219));
#885=VERTEX_POINT('',#884);
#886=CARTESIAN_POINT('',(856.87863907,-153.729122671,305.180039219));
#887=DIRECTION('',(0.,-0.,-1.));
#888=VECTOR('',#887,110.857864376);
#889=LINE('',#886,#888);
#890=EDGE_CURVE('',#885,#877,#889,.T.);
#891=ORIENTED_EDGE('',*,*,#890,.F.);
#892=CARTESIAN_POINT('',(853.949706881,-153.729122671,312.251107031));
#893=VERTEX_POINT('',#892);
#894=CARTESIAN_POINT('',(846.87863907,-153.729122671,305.180039219));
#895=DIRECTION('',(0.,-1.,0.));
#896=DIRECTION('',(0.,0.,-1.));
#897=AXIS2_PLACEMENT_3D('',#894,#895,#896);
#898=CIRCLE('',#897,10.);
#899=EDGE_CURVE('',#885,#893,#898,.T.);
#900=ORIENTED_EDGE('',*,*,#899,.T.);
#901=CARTESIAN_POINT('',(799.807571258,-153.729122671,366.393242655));
#902=VERTEX_POINT('',#901);
#903=CARTESIAN_POINT('',(799.807571258,-153.729122671,366.393242655));
#904=DIRECTION('',(0.707106781,-0.,-0.707106781));
#905=VECTOR('',#904,76.568542495);
#906=LINE('',#903,#905);
#907=EDGE_CURVE('NONE',#902,#893,#906,.T.);
#908=ORIENTED_EDGE('',*,*,#907,.F.);
#909=CARTESIAN_POINT('',(792.736503446,-153.729122671,369.322174843));
#910=VERTEX_POINT('',#909);
#911=CARTESIAN_POINT('',(792.736503446,-153.729122671,359.322174843));
#912=DIRECTION('',(-0.,1.,-0.));
#913=DIRECTION('',(0.,0.,-1.));
#914=AXIS2_PLACEMENT_3D('',#911,#912,#913);
#915=CIRCLE('',#914,10.);
#916=EDGE_CURVE('NONE',#910,#902,#915,.T.);
#917=ORIENTED_EDGE('',*,*,#916,.F.);
#918=CARTESIAN_POINT('',(743.535493319,-153.729122671,369.322174843));
#919=VERTEX_POINT('',#918);
#920=CARTESIAN_POINT('',(743.535493319,-153.729122671,369.322174843));
#921=DIRECTION('',(1.,-0.,-0.));
#922=VECTOR('',#921,49.201010127);
#923=LINE('',#920,#922);
#924=EDGE_CURVE('',#919,#910,#923,.T.);
#925=ORIENTED_EDGE('',*,*,#924,.F.);
#926=CARTESIAN_POINT('',(743.535493319,-153.729122671,365.322174843));
#927=DIRECTION('',(0.,-1.,0.));
#928=DIRECTION('',(0.,0.,-1.));
#929=AXIS2_PLACEMENT_3D('',#926,#927,#928);
#930=CIRCLE('',#929,4.);
#931=EDGE_CURVE('',#919,#750,#930,.T.);
#932=ORIENTED_EDGE('',*,*,#931,.T.);
#933=EDGE_LOOP('',(#758,#767,#775,#783,#791,#799,#807,#816,#824,#833,#841,#850,#858,#867,#875,#883,#891,#900,#908,#917,#925,#932));
#934=FACE_BOUND('',#933,.T.);
#935=CARTESIAN_POINT('',(651.80971406,-153.729122671,258.732102801));
#936=VERTEX_POINT('',#935);
#937=CARTESIAN_POINT('',(651.80971406,-153.729122671,254.732102801));
#938=VERTEX_POINT('',#937);
#939=CARTESIAN_POINT('',(651.80971406,-153.729122671,258.732102801));
#940=DIRECTION('',(0.,0.,-1.));
#941=VECTOR('',#940,4.);
#942=LINE('',#939,#941);
#943=EDGE_CURVE('',#936,#938,#942,.T.);
#944=ORIENTED_EDGE('',*,*,#943,.T.);
#945=CARTESIAN_POINT('',(648.80971406,-153.729122671,251.732102801));
#946=VERTEX_POINT('',#945);
#947=CARTESIAN_POINT('',(648.80971406,-153.729122671,254.732102801));
#948=DIRECTION('',(-0.,1.,-0.));
#949=DIRECTION('',(0.,0.,-1.));
#950=AXIS2_PLACEMENT_3D('',#947,#948,#949);
#951=CIRCLE('',#950,3.);
#952=EDGE_CURVE('',#938,#946,#951,.T.);
#953=ORIENTED_EDGE('',*,*,#952,.T.);
#954=CARTESIAN_POINT('',(624.80971406,-153.729122671,251.732102801));
#955=VERTEX_POINT('',#954);
#956=CARTESIAN_POINT('',(648.80971406,-153.729122671,251.732102801));
#957=DIRECTION('',(-1.,0.,0.));
#958=VECTOR('',#957,24.);
#959=LINE('',#956,#958);
#960=EDGE_CURVE('',#946,#955,#959,.T.);
#961=ORIENTED_EDGE('',*,*,#960,.T.);
#962=CARTESIAN_POINT('',(621.80971406,-153.729122671,254.732102801));
#963=VERTEX_POINT('',#962);
#964=CARTESIAN_POINT('',(624.80971406,-153.729122671,254.732102801));
#965=DIRECTION('',(-0.,1.,-0.));
#966=DIRECTION('',(0.,0.,-1.));
#967=AXIS2_PLACEMENT_3D('',#964,#965,#966);
#968=CIRCLE('',#967,3.);
#969=EDGE_CURVE('',#955,#963,#968,.T.);
#970=ORIENTED_EDGE('',*,*,#969,.T.);
#971=CARTESIAN_POINT('',(621.80971406,-153.729122671,258.732102801));
#972=VERTEX_POINT('',#971);
#973=CARTESIAN_POINT('',(621.80971406,-153.729122671,254.732102801));
#974=DIRECTION('',(0.,0.,1.));
#975=VECTOR('',#974,4.);
#976=LINE('',#973,#975);
#977=EDGE_CURVE('',#963,#972,#976,.T.);
#978=ORIENTED_EDGE('',*,*,#977,.T.);
#979=CARTESIAN_POINT('',(624.80971406,-153.729122671,261.732102801));
#980=VERTEX_POINT('',#979);
#981=CARTESIAN_POINT('',(624.80971406,-153.729122671,258.732102801));
#982=DIRECTION('',(-0.,1.,-0.));
#983=DIRECTION('',(0.,0.,-1.));
#984=AXIS2_PLACEMENT_3D('',#981,#982,#983);
#985=CIRCLE('',#984,3.);
#986=EDGE_CURVE('',#972,#980,#985,.T.);
#987=ORIENTED_EDGE('',*,*,#986,.T.);
#988=CARTESIAN_POINT('',(648.80971406,-153.729122671,261.732102801));
#989=VERTEX_POINT('',#988);
#990=CARTESIAN_POINT('',(624.80971406,-153.729122671,261.732102801));
#991=DIRECTION('',(1.,0.,-0.));
#992=VECTOR('',#991,24.);
#993=LINE('',#990,#992);
#994=EDGE_CURVE('',#980,#989,#993,.T.);
#995=ORIENTED_EDGE('',*,*,#994,.T.);
#996=CARTESIAN_POINT('',(648.80971406,-153.729122671,258.732102801));
#997=DIRECTION('',(-0.,1.,-0.));
#998=DIRECTION('',(0.,0.,-1.));
#999=AXIS2_PLACEMENT_3D('',#996,#997,#998);
#1000=CIRCLE('',#999,3.);
#1001=EDGE_CURVE('',#989,#936,#1000,.T.);
#1002=ORIENTED_EDGE('',*,*,#1001,.T.);
#1003=EDGE_LOOP('',(#944,#953,#961,#970,#978,#987,#995,#1002));
#1004=FACE_BOUND('',#1003,.T.);
#1005=CARTESIAN_POINT('',(731.947564079,-153.729122671,258.732102801));
#1006=VERTEX_POINT('',#1005);
#1007=CARTESIAN_POINT('',(731.947564079,-153.729122671,254.732102801));
#1008=VERTEX_POINT('',#1007);
#1009=CARTESIAN_POINT('',(731.947564079,-153.729122671,258.732102801));
#1010=DIRECTION('',(0.,0.,-1.));
#1011=VECTOR('',#1010,4.);
#1012=LINE('',#1009,#1011);
#1013=EDGE_CURVE('',#1006,#1008,#1012,.T.);
#1014=ORIENTED_EDGE('',*,*,#1013,.T.);
#1015=CARTESIAN_POINT('',(728.947564079,-153.729122671,251.732102801));
#1016=VERTEX_POINT('',#1015);
#1017=CARTESIAN_POINT('',(728.947564079,-153.729122671,254.732102801));
#1018=DIRECTION('',(-0.,1.,-0.));
#1019=DIRECTION('',(0.,0.,-1.));
#1020=AXIS2_PLACEMENT_3D('',#1017,#1018,#1019);
#1021=CIRCLE('',#1020,3.);
#1022=EDGE_CURVE('',#1008,#1016,#1021,.T.);
#1023=ORIENTED_EDGE('',*,*,#1022,.T.);
#1024=CARTESIAN_POINT('',(704.947564079,-153.729122671,251.732102801));
#1025=VERTEX_POINT('',#1024);
#1026=CARTESIAN_POINT('',(728.947564079,-153.729122671,251.732102801));
#1027=DIRECTION('',(-1.,0.,0.));
#1028=VECTOR('',#1027,24.);
#1029=LINE('',#1026,#1028);
#1030=EDGE_CURVE('',#1016,#1025,#1029,.T.);
#1031=ORIENTED_EDGE('',*,*,#1030,.T.);
#1032=CARTESIAN_POINT('',(701.947564079,-153.729122671,254.732102801));
#1033=VERTEX_POINT('',#1032);
#1034=CARTESIAN_POINT('',(704.947564079,-153.729122671,254.732102801));
#1035=DIRECTION('',(-0.,1.,-0.));
#1036=DIRECTION('',(0.,0.,-1.));
#1037=AXIS2_PLACEMENT_3D('',#1034,#1035,#1036);
#1038=CIRCLE('',#1037,3.);
#1039=EDGE_CURVE('',#1025,#1033,#1038,.T.);
#1040=ORIENTED_EDGE('',*,*,#1039,.T.);
#1041=CARTESIAN_POINT('',(701.947564079,-153.729122671,258.732102801));
#1042=VERTEX_POINT('',#1041);
#1043=CARTESIAN_POINT('',(701.947564079,-153.729122671,254.732102801));
#1044=DIRECTION('',(0.,0.,1.));
#1045=VECTOR('',#1044,4.);
#1046=LINE('',#1043,#1045);
#1047=EDGE_CURVE('',#1033,#1042,#1046,.T.);
#1048=ORIENTED_EDGE('',*,*,#1047,.T.);
#1049=CARTESIAN_POINT('',(704.947564079,-153.729122671,261.732102801));
#1050=VERTEX_POINT('',#1049);
#1051=CARTESIAN_POINT('',(704.947564079,-153.729122671,258.732102801));
#1052=DIRECTION('',(-0.,1.,-0.));
#1053=DIRECTION('',(0.,0.,-1.));
#1054=AXIS2_PLACEMENT_3D('',#1051,#1052,#1053);
#1055=CIRCLE('',#1054,3.);
#1056=EDGE_CURVE('',#1042,#1050,#1055,.T.);
#1057=ORIENTED_EDGE('',*,*,#1056,.T.);
#1058=CARTESIAN_POINT('',(728.947564079,-153.729122671,261.732102801));
#1059=VERTEX_POINT('',#1058);
#1060=CARTESIAN_POINT('',(704.947564079,-153.729122671,261.732102801));
#1061=DIRECTION('',(1.,0.,-0.));
#1062=VECTOR('',#1061,24.);
#1063=LINE('',#1060,#1062);
#1064=EDGE_CURVE('',#1050,#1059,#1063,.T.);
#1065=ORIENTED_EDGE('',*,*,#1064,.T.);
#1066=CARTESIAN_POINT('',(728.947564079,-153.729122671,258.732102801));
#1067=DIRECTION('',(-0.,1.,-0.));
#1068=DIRECTION('',(0.,0.,-1.));
#1069=AXIS2_PLACEMENT_3D('',#1066,#1067,#1068);
#1070=CIRCLE('',#1069,3.);
#1071=EDGE_CURVE('',#1059,#1006,#1070,.T.);
#1072=ORIENTED_EDGE('',*,*,#1071,.T.);
#1073=EDGE_LOOP('',(#1014,#1023,#1031,#1040,#1048,#1057,#1065,#1072));
#1074=FACE_BOUND('',#1073,.T.);
#1075=ADVANCED_FACE('',(#410,#414,#418,#422,#426,#430,#450,#470,#490,#510,#530,#550,#561,#572,#583,#594,#605,#616,#627,#638,#649,#660,#671,#682,#693,#704,
#715,#726,#737,#748,#934,#1004,#1074),#406,.T.);
#1076=CARTESIAN_POINT('',(792.736503446,-147.729122671,359.322174843));
#1077=DIRECTION('',(0.,-1.,0.));
#1078=DIRECTION('',(0.,0.,-1.));
#1079=AXIS2_PLACEMENT_3D('',#1076,#1077,#1078);
#1080=PLANE('',#1079);
#1081=ORIENTED_EDGE('',*,*,#105,.F.);
#1082=ORIENTED_EDGE('',*,*,#112,.F.);
#1083=EDGE_LOOP('',(#1081,#1082));
#1084=FACE_BOUND('',#1083,.T.);
#1085=ORIENTED_EDGE('',*,*,#164,.F.);
#1086=ORIENTED_EDGE('',*,*,#171,.F.);
#1087=EDGE_LOOP('',(#1085,#1086));
#1088=FACE_BOUND('',#1087,.T.);
#1089=ORIENTED_EDGE('',*,*,#216,.F.);
#1090=ORIENTED_EDGE('',*,*,#223,.F.);
#1091=EDGE_LOOP('',(#1089,#1090));
#1092=FACE_BOUND('',#1091,.T.);
#1093=ORIENTED_EDGE('',*,*,#268,.F.);
#1094=ORIENTED_EDGE('',*,*,#275,.F.);
#1095=EDGE_LOOP('',(#1093,#1094));
#1096=FACE_BOUND('',#1095,.T.);
#1097=ORIENTED_EDGE('',*,*,#320,.F.);
#1098=ORIENTED_EDGE('',*,*,#327,.F.);
#1099=EDGE_LOOP('',(#1097,#1098));
#1100=FACE_BOUND('',#1099,.T.);
#1101=ORIENTED_EDGE('',*,*,#372,.F.);
#1102=ORIENTED_EDGE('',*,*,#379,.F.);
#1103=EDGE_LOOP('',(#1101,#1102));
#1104=FACE_BOUND('',#1103,.T.);
#1105=CARTESIAN_POINT('',(598.878635376,-147.729122671,201.722173963));
#1106=VERTEX_POINT('',#1105);
#1107=CARTESIAN_POINT('',(598.878635376,-147.729122671,206.922173963));
#1108=VERTEX_POINT('',#1107);
#1109=CARTESIAN_POINT('',(598.878635376,-147.729122671,204.322173963));
#1110=DIRECTION('',(0.,-1.,0.));
#1111=DIRECTION('',(0.,0.,-1.));
#1112=AXIS2_PLACEMENT_3D('',#1109,#1110,#1111);
#1113=CIRCLE('',#1112,2.6);
#1114=EDGE_CURVE('',#1106,#1108,#1113,.T.);
#1115=ORIENTED_EDGE('',*,*,#1114,.T.);
#1116=CARTESIAN_POINT('',(598.878635376,-147.729122671,204.322173963));
#1117=DIRECTION('',(0.,-1.,0.));
#1118=DIRECTION('',(0.,0.,-1.));
#1119=AXIS2_PLACEMENT_3D('',#1116,#1117,#1118);
#1120=CIRCLE('',#1119,2.6);
#1121=EDGE_CURVE('',#1108,#1106,#1120,.T.);
#1122=ORIENTED_EDGE('',*,*,#1121,.T.);
#1123=EDGE_LOOP('',(#1115,#1122));
#1124=FACE_BOUND('',#1123,.T.);
#1125=CARTESIAN_POINT('',(507.878635376,-147.729122671,241.722173963));
#1126=VERTEX_POINT('',#1125);
#1127=CARTESIAN_POINT('',(507.878635376,-147.729122671,246.922173963));
#1128=VERTEX_POINT('',#1127);
#1129=CARTESIAN_POINT('',(507.878635376,-147.729122671,244.322173963));
#1130=DIRECTION('',(0.,-1.,0.));
#1131=DIRECTION('',(0.,0.,-1.));
#1132=AXIS2_PLACEMENT_3D('',#1129,#1130,#1131);
#1133=CIRCLE('',#1132,2.6);
#1134=EDGE_CURVE('',#1126,#1128,#1133,.T.);
#1135=ORIENTED_EDGE('',*,*,#1134,.T.);
#1136=CARTESIAN_POINT('',(507.878635376,-147.729122671,244.322173963));
#1137=DIRECTION('',(0.,-1.,0.));
#1138=DIRECTION('',(0.,0.,-1.));
#1139=AXIS2_PLACEMENT_3D('',#1136,#1137,#1138);
#1140=CIRCLE('',#1139,2.6);
#1141=EDGE_CURVE('',#1128,#1126,#1140,.T.);
#1142=ORIENTED_EDGE('',*,*,#1141,.T.);
#1143=EDGE_LOOP('',(#1135,#1142));
#1144=FACE_BOUND('',#1143,.T.);
#1145=CARTESIAN_POINT('',(598.878635376,-147.729122671,241.722173963));
#1146=VERTEX_POINT('',#1145);
#1147=CARTESIAN_POINT('',(598.878635376,-147.729122671,246.922173963));
#1148=VERTEX_POINT('',#1147);
#1149=CARTESIAN_POINT('',(598.878635376,-147.729122671,244.322173963));
#1150=DIRECTION('',(0.,-1.,0.));
#1151=DIRECTION('',(0.,0.,-1.));
#1152=AXIS2_PLACEMENT_3D('',#1149,#1150,#1151);
#1153=CIRCLE('',#1152,2.6);
#1154=EDGE_CURVE('',#1146,#1148,#1153,.T.);
#1155=ORIENTED_EDGE('',*,*,#1154,.T.);
#1156=CARTESIAN_POINT('',(598.878635376,-147.729122671,244.322173963));
#1157=DIRECTION('',(0.,-1.,0.));
#1158=DIRECTION('',(0.,0.,-1.));
#1159=AXIS2_PLACEMENT_3D('',#1156,#1157,#1158);
#1160=CIRCLE('',#1159,2.6);
#1161=EDGE_CURVE('',#1148,#1146,#1160,.T.);
#1162=ORIENTED_EDGE('',*,*,#1161,.T.);
#1163=EDGE_LOOP('',(#1155,#1162));
#1164=FACE_BOUND('',#1163,.T.);
#1165=CARTESIAN_POINT('',(507.878635376,-147.729122671,281.722173963));
#1166=VERTEX_POINT('',#1165);
#1167=CARTESIAN_POINT('',(507.878635376,-147.729122671,286.922173963));
#1168=VERTEX_POINT('',#1167);
#1169=CARTESIAN_POINT('',(507.878635376,-147.729122671,284.322173963));
#1170=DIRECTION('',(0.,-1.,0.));
#1171=DIRECTION('',(0.,0.,-1.));
#1172=AXIS2_PLACEMENT_3D('',#1169,#1170,#1171);
#1173=CIRCLE('',#1172,2.6);
#1174=EDGE_CURVE('',#1166,#1168,#1173,.T.);
#1175=ORIENTED_EDGE('',*,*,#1174,.T.);
#1176=CARTESIAN_POINT('',(507.878635376,-147.729122671,284.322173963));
#1177=DIRECTION('',(0.,-1.,0.));
#1178=DIRECTION('',(0.,0.,-1.));
#1179=AXIS2_PLACEMENT_3D('',#1176,#1177,#1178);
#1180=CIRCLE('',#1179,2.6);
#1181=EDGE_CURVE('',#1168,#1166,#1180,.T.);
#1182=ORIENTED_EDGE('',*,*,#1181,.T.);
#1183=EDGE_LOOP('',(#1175,#1182));
#1184=FACE_BOUND('',#1183,.T.);
#1185=CARTESIAN_POINT('',(507.878635376,-147.729122671,201.722173963));
#1186=VERTEX_POINT('',#1185);
#1187=CARTESIAN_POINT('',(507.878635376,-147.729122671,206.922173963));
#1188=VERTEX_POINT('',#1187);
#1189=CARTESIAN_POINT('',(507.878635376,-147.729122671,204.322173963));
#1190=DIRECTION('',(0.,-1.,0.));
#1191=DIRECTION('',(0.,0.,-1.));
#1192=AXIS2_PLACEMENT_3D('',#1189,#1190,#1191);
#1193=CIRCLE('',#1192,2.6);
#1194=EDGE_CURVE('',#1186,#1188,#1193,.T.);
#1195=ORIENTED_EDGE('',*,*,#1194,.T.);
#1196=CARTESIAN_POINT('',(507.878635376,-147.729122671,204.322173963));
#1197=DIRECTION('',(0.,-1.,0.));
#1198=DIRECTION('',(0.,0.,-1.));
#1199=AXIS2_PLACEMENT_3D('',#1196,#1197,#1198);
#1200=CIRCLE('',#1199,2.6);
#1201=EDGE_CURVE('',#1188,#1186,#1200,.T.);
#1202=ORIENTED_EDGE('',*,*,#1201,.T.);
#1203=EDGE_LOOP('',(#1195,#1202));
#1204=FACE_BOUND('',#1203,.T.);
#1205=CARTESIAN_POINT('',(598.878635376,-147.729122671,351.722173963));
#1206=VERTEX_POINT('',#1205);
#1207=CARTESIAN_POINT('',(598.878635376,-147.729122671,356.922173963));
#1208=VERTEX_POINT('',#1207);
#1209=CARTESIAN_POINT('',(598.878635376,-147.729122671,354.322173963));
#1210=DIRECTION('',(0.,-1.,0.));
#1211=DIRECTION('',(0.,0.,-1.));
#1212=AXIS2_PLACEMENT_3D('',#1209,#1210,#1211);
#1213=CIRCLE('',#1212,2.6);
#1214=EDGE_CURVE('',#1206,#1208,#1213,.T.);
#1215=ORIENTED_EDGE('',*,*,#1214,.T.);
#1216=CARTESIAN_POINT('',(598.878635376,-147.729122671,354.322173963));
#1217=DIRECTION('',(0.,-1.,0.));
#1218=DIRECTION('',(0.,0.,-1.));
#1219=AXIS2_PLACEMENT_3D('',#1216,#1217,#1218);
#1220=CIRCLE('',#1219,2.6);
#1221=EDGE_CURVE('',#1208,#1206,#1220,.T.);
#1222=ORIENTED_EDGE('',*,*,#1221,.T.);
#1223=EDGE_LOOP('',(#1215,#1222));
#1224=FACE_BOUND('',#1223,.T.);
#1225=CARTESIAN_POINT('',(621.80971406,-147.729122671,254.732102801));
#1226=VERTEX_POINT('',#1225);
#1227=CARTESIAN_POINT('',(621.80971406,-147.729122671,258.732102801));
#1228=VERTEX_POINT('',#1227);
#1229=CARTESIAN_POINT('',(621.80971406,-147.729122671,254.732102801));
#1230=DIRECTION('',(0.,0.,1.));
#1231=VECTOR('',#1230,4.);
#1232=LINE('',#1229,#1231);
#1233=EDGE_CURVE('',#1226,#1228,#1232,.T.);
#1234=ORIENTED_EDGE('',*,*,#1233,.F.);
#1235=CARTESIAN_POINT('',(624.80971406,-147.729122671,251.732102801));
#1236=VERTEX_POINT('',#1235);
#1237=CARTESIAN_POINT('',(624.80971406,-147.729122671,254.732102801));
#1238=DIRECTION('',(0.,-1.,0.));
#1239=DIRECTION('',(0.,0.,-1.));
#1240=AXIS2_PLACEMENT_3D('',#1237,#1238,#1239);
#1241=CIRCLE('',#1240,3.);
#1242=EDGE_CURVE('',#1226,#1236,#1241,.T.);
#1243=ORIENTED_EDGE('',*,*,#1242,.T.);
#1244=CARTESIAN_POINT('',(648.80971406,-147.729122671,251.732102801));
#1245=VERTEX_POINT('',#1244);
#1246=CARTESIAN_POINT('',(648.80971406,-147.729122671,251.732102801));
#1247=DIRECTION('',(-1.,0.,0.));
#1248=VECTOR('',#1247,24.);
#1249=LINE('',#1246,#1248);
#1250=EDGE_CURVE('',#1245,#1236,#1249,.T.);
#1251=ORIENTED_EDGE('',*,*,#1250,.F.);
#1252=CARTESIAN_POINT('',(651.80971406,-147.729122671,254.732102801));
#1253=VERTEX_POINT('',#1252);
#1254=CARTESIAN_POINT('',(648.80971406,-147.729122671,254.732102801));
#1255=DIRECTION('',(0.,-1.,0.));
#1256=DIRECTION('',(0.,0.,-1.));
#1257=AXIS2_PLACEMENT_3D('',#1254,#1255,#1256);
#1258=CIRCLE('',#1257,3.);
#1259=EDGE_CURVE('',#1245,#1253,#1258,.T.);
#1260=ORIENTED_EDGE('',*,*,#1259,.T.);
#1261=CARTESIAN_POINT('',(651.80971406,-147.729122671,258.732102801));
#1262=VERTEX_POINT('',#1261);
#1263=CARTESIAN_POINT('',(651.80971406,-147.729122671,258.732102801));
#1264=DIRECTION('',(0.,0.,-1.));
#1265=VECTOR('',#1264,4.);
#1266=LINE('',#1263,#1265);
#1267=EDGE_CURVE('',#1262,#1253,#1266,.T.);
#1268=ORIENTED_EDGE('',*,*,#1267,.F.);
#1269=CARTESIAN_POINT('',(648.80971406,-147.729122671,261.732102801));
#1270=VERTEX_POINT('',#1269);
#1271=CARTESIAN_POINT('',(648.80971406,-147.729122671,258.732102801));
#1272=DIRECTION('',(0.,-1.,0.));
#1273=DIRECTION('',(0.,0.,-1.));
#1274=AXIS2_PLACEMENT_3D('',#1271,#1272,#1273);
#1275=CIRCLE('',#1274,3.);
#1276=EDGE_CURVE('',#1262,#1270,#1275,.T.);
#1277=ORIENTED_EDGE('',*,*,#1276,.T.);
#1278=CARTESIAN_POINT('',(624.80971406,-147.729122671,261.732102801));
#1279=VERTEX_POINT('',#1278);
#1280=CARTESIAN_POINT('',(624.80971406,-147.729122671,261.732102801));
#1281=DIRECTION('',(1.,0.,-0.));
#1282=VECTOR('',#1281,24.);
#1283=LINE('',#1280,#1282);
#1284=EDGE_CURVE('',#1279,#1270,#1283,.T.);
#1285=ORIENTED_EDGE('',*,*,#1284,.F.);
#1286=CARTESIAN_POINT('',(624.80971406,-147.729122671,258.732102801));
#1287=DIRECTION('',(0.,-1.,0.));
#1288=DIRECTION('',(0.,0.,-1.));
#1289=AXIS2_PLACEMENT_3D('',#1286,#1287,#1288);
#1290=CIRCLE('',#1289,3.);
#1291=EDGE_CURVE('',#1279,#1228,#1290,.T.);
#1292=ORIENTED_EDGE('',*,*,#1291,.T.);
#1293=EDGE_LOOP('',(#1234,#1243,#1251,#1260,#1268,#1277,#1285,#1292));
#1294=FACE_BOUND('',#1293,.T.);
#1295=CARTESIAN_POINT('',(655.87863907,-147.729122671,206.722174843));
#1296=VERTEX_POINT('',#1295);
#1297=CARTESIAN_POINT('',(655.87863907,-147.729122671,209.322174843));
#1298=DIRECTION('',(-0.,1.,-0.));
#1299=DIRECTION('',(0.,0.,-1.));
#1300=AXIS2_PLACEMENT_3D('',#1297,#1298,#1299);
#1301=CIRCLE('',#1300,2.6);
#1302=EDGE_CURVE('NONE',#1296,#1296,#1301,.T.);
#1303=ORIENTED_EDGE('',*,*,#1302,.F.);
#1304=EDGE_LOOP('',(#1303));
#1305=FACE_BOUND('',#1304,.T.);
#1306=CARTESIAN_POINT('',(655.87863907,-147.729122671,276.722174843));
#1307=VERTEX_POINT('',#1306);
#1308=CARTESIAN_POINT('',(655.87863907,-147.729122671,279.322174843));
#1309=DIRECTION('',(-0.,1.,-0.));
#1310=DIRECTION('',(0.,0.,-1.));
#1311=AXIS2_PLACEMENT_3D('',#1308,#1309,#1310);
#1312=CIRCLE('',#1311,2.6);
#1313=EDGE_CURVE('NONE',#1307,#1307,#1312,.T.);
#1314=ORIENTED_EDGE('',*,*,#1313,.F.);
#1315=EDGE_LOOP('',(#1314));
#1316=FACE_BOUND('',#1315,.T.);
#1317=CARTESIAN_POINT('',(697.87863907,-147.729122671,206.722174843));
#1318=VERTEX_POINT('',#1317);
#1319=CARTESIAN_POINT('',(697.87863907,-147.729122671,209.322174843));
#1320=DIRECTION('',(-0.,1.,-0.));
#1321=DIRECTION('',(0.,0.,-1.));
#1322=AXIS2_PLACEMENT_3D('',#1319,#1320,#1321);
#1323=CIRCLE('',#1322,2.6);
#1324=EDGE_CURVE('NONE',#1318,#1318,#1323,.T.);
#1325=ORIENTED_EDGE('',*,*,#1324,.F.);
#1326=EDGE_LOOP('',(#1325));
#1327=FACE_BOUND('',#1326,.T.);
#1328=CARTESIAN_POINT('',(697.87863907,-147.729122671,276.722174843));
#1329=VERTEX_POINT('',#1328);
#1330=CARTESIAN_POINT('',(697.87863907,-147.729122671,279.322174843));
#1331=DIRECTION('',(-0.,1.,-0.));
#1332=DIRECTION('',(0.,0.,-1.));
#1333=AXIS2_PLACEMENT_3D('',#1330,#1331,#1332);
#1334=CIRCLE('',#1333,2.6);
#1335=EDGE_CURVE('NONE',#1329,#1329,#1334,.T.);
#1336=ORIENTED_EDGE('',*,*,#1335,.F.);
#1337=EDGE_LOOP('',(#1336));
#1338=FACE_BOUND('',#1337,.T.);
#1339=CARTESIAN_POINT('',(756.87863907,-147.729122671,286.722174843));
#1340=VERTEX_POINT('',#1339);
#1341=CARTESIAN_POINT('',(756.87863907,-147.729122671,289.322174843));
#1342=DIRECTION('',(-0.,1.,-0.));
#1343=DIRECTION('',(0.,0.,-1.));
#1344=AXIS2_PLACEMENT_3D('',#1341,#1342,#1343);
#1345=CIRCLE('',#1344,2.6);
#1346=EDGE_CURVE('NONE',#1340,#1340,#1345,.T.);
#1347=ORIENTED_EDGE('',*,*,#1346,.F.);
#1348=EDGE_LOOP('',(#1347));
#1349=FACE_BOUND('',#1348,.T.);
#1350=CARTESIAN_POINT('',(756.87863907,-147.729122671,328.722174843));
#1351=VERTEX_POINT('',#1350);
#1352=CARTESIAN_POINT('',(756.87863907,-147.729122671,331.322174843));
#1353=DIRECTION('',(-0.,1.,-0.));
#1354=DIRECTION('',(0.,0.,-1.));
#1355=AXIS2_PLACEMENT_3D('',#1352,#1353,#1354);
#1356=CIRCLE('',#1355,2.6);
#1357=EDGE_CURVE('NONE',#1351,#1351,#1356,.T.);
#1358=ORIENTED_EDGE('',*,*,#1357,.F.);
#1359=EDGE_LOOP('',(#1358));
#1360=FACE_BOUND('',#1359,.T.);
#1361=CARTESIAN_POINT('',(596.87863907,-147.729122671,328.722174843));
#1362=VERTEX_POINT('',#1361);
#1363=CARTESIAN_POINT('',(596.87863907,-147.729122671,331.322174843));
#1364=DIRECTION('',(-0.,1.,-0.));
#1365=DIRECTION('',(0.,0.,-1.));
#1366=AXIS2_PLACEMENT_3D('',#1363,#1364,#1365);
#1367=CIRCLE('',#1366,2.6);
#1368=EDGE_CURVE('NONE',#1362,#1362,#1367,.T.);
#1369=ORIENTED_EDGE('',*,*,#1368,.F.);
#1370=EDGE_LOOP('',(#1369));
#1371=FACE_BOUND('',#1370,.T.);
#1372=CARTESIAN_POINT('',(596.87863907,-147.729122671,286.722174843));
#1373=VERTEX_POINT('',#1372);
#1374=CARTESIAN_POINT('',(596.87863907,-147.729122671,289.322174843));
#1375=DIRECTION('',(-0.,1.,-0.));
#1376=DIRECTION('',(0.,0.,-1.));
#1377=AXIS2_PLACEMENT_3D('',#1374,#1375,#1376);
#1378=CIRCLE('',#1377,2.6);
#1379=EDGE_CURVE('NONE',#1373,#1373,#1378,.T.);
#1380=ORIENTED_EDGE('',*,*,#1379,.F.);
#1381=EDGE_LOOP('',(#1380));
#1382=FACE_BOUND('',#1381,.T.);
#1383=CARTESIAN_POINT('',(523.343105164,-147.729122671,320.044505314));
#1384=VERTEX_POINT('',#1383);
#1385=CARTESIAN_POINT('',(523.343105164,-147.729122671,321.644505314));
#1386=DIRECTION('',(-0.,1.,-0.));
#1387=DIRECTION('',(0.,0.,-1.));
#1388=AXIS2_PLACEMENT_3D('',#1385,#1386,#1387);
#1389=CIRCLE('',#1388,1.6);
#1390=EDGE_CURVE('NONE',#1384,#1384,#1389,.T.);
#1391=ORIENTED_EDGE('',*,*,#1390,.F.);
#1392=EDGE_LOOP('',(#1391));
#1393=FACE_BOUND('',#1392,.T.);
#1394=CARTESIAN_POINT('',(537.485240787,-147.729122671,305.90236969));
#1395=VERTEX_POINT('',#1394);
#1396=CARTESIAN_POINT('',(537.485240787,-147.729122671,307.50236969));
#1397=DIRECTION('',(-0.,1.,-0.));
#1398=DIRECTION('',(0.,0.,-1.));
#1399=AXIS2_PLACEMENT_3D('',#1396,#1397,#1398);
#1400=CIRCLE('',#1399,1.6);
#1401=EDGE_CURVE('NONE',#1395,#1395,#1400,.T.);
#1402=ORIENTED_EDGE('',*,*,#1401,.F.);
#1403=EDGE_LOOP('',(#1402));
#1404=FACE_BOUND('',#1403,.T.);
#1405=CARTESIAN_POINT('',(558.698444223,-147.729122671,327.115573125));
#1406=VERTEX_POINT('',#1405);
#1407=CARTESIAN_POINT('',(558.698444223,-147.729122671,328.715573125));
#1408=DIRECTION('',(-0.,1.,-0.));
#1409=DIRECTION('',(0.,0.,-1.));
#1410=AXIS2_PLACEMENT_3D('',#1407,#1408,#1409);
#1411=CIRCLE('',#1410,1.6);
#1412=EDGE_CURVE('NONE',#1406,#1406,#1411,.T.);
#1413=ORIENTED_EDGE('',*,*,#1412,.F.);
#1414=EDGE_LOOP('',(#1413));
#1415=FACE_BOUND('',#1414,.T.);
#1416=CARTESIAN_POINT('',(544.556308599,-147.729122671,341.257708749));
#1417=VERTEX_POINT('',#1416);
#1418=CARTESIAN_POINT('',(544.556308599,-147.729122671,342.857708749));
#1419=DIRECTION('',(-0.,1.,-0.));
#1420=DIRECTION('',(0.,0.,-1.));
#1421=AXIS2_PLACEMENT_3D('',#1418,#1419,#1420);
#1422=CIRCLE('',#1421,1.6);
#1423=EDGE_CURVE('NONE',#1417,#1417,#1422,.T.);
#1424=ORIENTED_EDGE('',*,*,#1423,.F.);
#1425=EDGE_LOOP('',(#1424));
#1426=FACE_BOUND('',#1425,.T.);
#1427=CARTESIAN_POINT('',(541.020774693,-147.729122671,317.680039219));
#1428=VERTEX_POINT('',#1427);
#1429=CARTESIAN_POINT('',(541.020774693,-147.729122671,325.180039219));
#1430=DIRECTION('',(-0.,1.,-0.));
#1431=DIRECTION('',(0.,0.,-1.));
#1432=AXIS2_PLACEMENT_3D('',#1429,#1430,#1431);
#1433=CIRCLE('',#1432,7.5);
#1434=EDGE_CURVE('NONE',#1428,#1428,#1433,.T.);
#1435=ORIENTED_EDGE('',*,*,#1434,.F.);
#1436=EDGE_LOOP('',(#1435));
#1437=FACE_BOUND('',#1436,.T.);
#1438=CARTESIAN_POINT('',(812.736503446,-147.729122671,317.680039219));
#1439=VERTEX_POINT('',#1438);
#1440=CARTESIAN_POINT('',(812.736503446,-147.729122671,325.180039219));
#1441=DIRECTION('',(-0.,1.,-0.));
#1442=DIRECTION('',(0.,0.,-1.));
#1443=AXIS2_PLACEMENT_3D('',#1440,#1441,#1442);
#1444=CIRCLE('',#1443,7.5);
#1445=EDGE_CURVE('NONE',#1439,#1439,#1444,.T.);
#1446=ORIENTED_EDGE('',*,*,#1445,.F.);
#1447=EDGE_LOOP('',(#1446));
#1448=FACE_BOUND('',#1447,.T.);
#1449=CARTESIAN_POINT('',(809.20096954,-147.729122671,341.257708749));
#1450=VERTEX_POINT('',#1449);
#1451=CARTESIAN_POINT('',(809.20096954,-147.729122671,342.857708749));
#1452=DIRECTION('',(-0.,1.,-0.));
#1453=DIRECTION('',(0.,0.,-1.));
#1454=AXIS2_PLACEMENT_3D('',#1451,#1452,#1453);
#1455=CIRCLE('',#1454,1.6);
#1456=EDGE_CURVE('NONE',#1450,#1450,#1455,.T.);
#1457=ORIENTED_EDGE('',*,*,#1456,.F.);
#1458=EDGE_LOOP('',(#1457));
#1459=FACE_BOUND('',#1458,.T.);
#1460=CARTESIAN_POINT('',(795.058833916,-147.729122671,327.115573125));
#1461=VERTEX_POINT('',#1460);
#1462=CARTESIAN_POINT('',(795.058833916,-147.729122671,328.715573125));
#1463=DIRECTION('',(-0.,1.,-0.));
#1464=DIRECTION('',(0.,0.,-1.));
#1465=AXIS2_PLACEMENT_3D('',#1462,#1463,#1464);
#1466=CIRCLE('',#1465,1.6);
#1467=EDGE_CURVE('NONE',#1461,#1461,#1466,.T.);
#1468=ORIENTED_EDGE('',*,*,#1467,.F.);
#1469=EDGE_LOOP('',(#1468));
#1470=FACE_BOUND('',#1469,.T.);
#1471=CARTESIAN_POINT('',(816.272037352,-147.729122671,305.90236969));
#1472=VERTEX_POINT('',#1471);
#1473=CARTESIAN_POINT('',(816.272037352,-147.729122671,307.50236969));
#1474=DIRECTION('',(-0.,1.,-0.));
#1475=DIRECTION('',(0.,0.,-1.));
#1476=AXIS2_PLACEMENT_3D('',#1473,#1474,#1475);
#1477=CIRCLE('',#1476,1.6);
#1478=EDGE_CURVE('NONE',#1472,#1472,#1477,.T.);
#1479=ORIENTED_EDGE('',*,*,#1478,.F.);
#1480=EDGE_LOOP('',(#1479));
#1481=FACE_BOUND('',#1480,.T.);
#1482=CARTESIAN_POINT('',(830.414172976,-147.729122671,320.044505314));
#1483=VERTEX_POINT('',#1482);
#1484=CARTESIAN_POINT('',(830.414172976,-147.729122671,321.644505314));
#1485=DIRECTION('',(-0.,1.,-0.));
#1486=DIRECTION('',(0.,0.,-1.));
#1487=AXIS2_PLACEMENT_3D('',#1484,#1485,#1486);
#1488=CIRCLE('',#1487,1.6);
#1489=EDGE_CURVE('NONE',#1483,#1483,#1488,.T.);
#1490=ORIENTED_EDGE('',*,*,#1489,.F.);
#1491=EDGE_LOOP('',(#1490));
#1492=FACE_BOUND('',#1491,.T.);
#1493=CARTESIAN_POINT('',(736.87863907,-147.729122671,294.322174843));
#1494=VERTEX_POINT('',#1493);
#1495=CARTESIAN_POINT('',(736.87863907,-147.729122671,362.665320594));
#1496=VERTEX_POINT('',#1495);
#1497=CARTESIAN_POINT('',(736.87863907,-147.729122671,294.322174843));
#1498=DIRECTION('',(-0.,-0.,1.));
#1499=VECTOR('',#1498,68.343145751);
#1500=LINE('',#1497,#1499);
#1501=EDGE_CURVE('NONE',#1494,#1496,#1500,.T.);
#1502=ORIENTED_EDGE('',*,*,#1501,.T.);
#1503=CARTESIAN_POINT('',(738.050211945,-147.729122671,365.493747718));
#1504=VERTEX_POINT('',#1503);
#1505=CARTESIAN_POINT('',(740.87863907,-147.729122671,362.665320594));
#1506=DIRECTION('',(-0.,1.,-0.));
#1507=DIRECTION('',(0.,0.,-1.));
#1508=AXIS2_PLACEMENT_3D('',#1505,#1506,#1507);
#1509=CIRCLE('',#1508,4.);
#1510=EDGE_CURVE('',#1496,#1504,#1509,.T.);
#1511=ORIENTED_EDGE('',*,*,#1510,.T.);
#1512=CARTESIAN_POINT('',(740.707066194,-147.729122671,368.150601968));
#1513=VERTEX_POINT('',#1512);
#1514=CARTESIAN_POINT('',(738.050211945,-147.729122671,365.493747718));
#1515=DIRECTION('',(0.707106781,-0.,0.707106781));
#1516=VECTOR('',#1515,3.757359313);
#1517=LINE('',#1514,#1516);
#1518=EDGE_CURVE('',#1504,#1513,#1517,.T.);
#1519=ORIENTED_EDGE('',*,*,#1518,.T.);
#1520=CARTESIAN_POINT('',(743.535493319,-147.729122671,369.322174843));
#1521=VERTEX_POINT('',#1520);
#1522=CARTESIAN_POINT('',(743.535493319,-147.729122671,365.322174843));
#1523=DIRECTION('',(-0.,1.,-0.));
#1524=DIRECTION('',(0.,0.,-1.));
#1525=AXIS2_PLACEMENT_3D('',#1522,#1523,#1524);
#1526=CIRCLE('',#1525,4.);
#1527=EDGE_CURVE('',#1513,#1521,#1526,.T.);
#1528=ORIENTED_EDGE('',*,*,#1527,.T.);
#1529=CARTESIAN_POINT('',(792.736503446,-147.729122671,369.322174843));
#1530=VERTEX_POINT('',#1529);
#1531=CARTESIAN_POINT('',(743.535493319,-147.729122671,369.322174843));
#1532=DIRECTION('',(1.,0.,-0.));
#1533=VECTOR('',#1532,49.201010127);
#1534=LINE('',#1531,#1533);
#1535=EDGE_CURVE('',#1521,#1530,#1534,.T.);
#1536=ORIENTED_EDGE('',*,*,#1535,.T.);
#1537=CARTESIAN_POINT('',(799.807571258,-147.729122671,366.393242655));
#1538=VERTEX_POINT('',#1537);
#1539=CARTESIAN_POINT('',(792.736503446,-147.729122671,359.322174843));
#1540=DIRECTION('',(-0.,1.,-0.));
#1541=DIRECTION('',(0.,0.,-1.));
#1542=AXIS2_PLACEMENT_3D('',#1539,#1540,#1541);
#1543=CIRCLE('',#1542,10.);
#1544=EDGE_CURVE('NONE',#1530,#1538,#1543,.T.);
#1545=ORIENTED_EDGE('',*,*,#1544,.T.);
#1546=CARTESIAN_POINT('',(853.949706881,-147.729122671,312.251107031));
#1547=VERTEX_POINT('',#1546);
#1548=CARTESIAN_POINT('',(799.807571258,-147.729122671,366.393242655));
#1549=DIRECTION('',(0.707106781,0.,-0.707106781));
#1550=VECTOR('',#1549,76.568542495);
#1551=LINE('',#1548,#1550);
#1552=EDGE_CURVE('NONE',#1538,#1547,#1551,.T.);
#1553=ORIENTED_EDGE('',*,*,#1552,.T.);
#1554=CARTESIAN_POINT('',(856.87863907,-147.729122671,305.180039219));
#1555=VERTEX_POINT('',#1554);
#1556=CARTESIAN_POINT('',(846.87863907,-147.729122671,305.180039219));
#1557=DIRECTION('',(-0.,1.,-0.));
#1558=DIRECTION('',(0.,0.,-1.));
#1559=AXIS2_PLACEMENT_3D('',#1556,#1557,#1558);
#1560=CIRCLE('',#1559,10.);
#1561=EDGE_CURVE('',#1547,#1555,#1560,.T.);
#1562=ORIENTED_EDGE('',*,*,#1561,.T.);
#1563=CARTESIAN_POINT('',(856.87863907,-147.729122671,194.322174843));
#1564=VERTEX_POINT('',#1563);
#1565=CARTESIAN_POINT('',(856.87863907,-147.729122671,305.180039219));
#1566=DIRECTION('',(0.,0.,-1.));
#1567=VECTOR('',#1566,110.857864376);
#1568=LINE('',#1565,#1567);
#1569=EDGE_CURVE('',#1555,#1564,#1568,.T.);
#1570=ORIENTED_EDGE('',*,*,#1569,.T.);
#1571=CARTESIAN_POINT('',(496.87863907,-147.729122671,194.322174843));
#1572=VERTEX_POINT('',#1571);
#1573=CARTESIAN_POINT('',(496.87863907,-147.729122671,194.322174843));
#1574=DIRECTION('',(1.,0.,-0.));
#1575=VECTOR('',#1574,360.);
#1576=LINE('',#1573,#1575);
#1577=EDGE_CURVE('NONE',#1572,#1564,#1576,.T.);
#1578=ORIENTED_EDGE('',*,*,#1577,.F.);
#1579=CARTESIAN_POINT('',(496.87863907,-147.729122671,305.180039219));
#1580=VERTEX_POINT('',#1579);
#1581=CARTESIAN_POINT('',(496.87863907,-147.729122671,194.322174843));
#1582=DIRECTION('',(-0.,-0.,1.));
#1583=VECTOR('',#1582,110.857864376);
#1584=LINE('',#1581,#1583);
#1585=EDGE_CURVE('',#1572,#1580,#1584,.T.);
#1586=ORIENTED_EDGE('',*,*,#1585,.T.);
#1587=CARTESIAN_POINT('',(499.807571258,-147.729122671,312.251107031));
#1588=VERTEX_POINT('',#1587);
#1589=CARTESIAN_POINT('',(506.87863907,-147.729122671,305.180039219));
#1590=DIRECTION('',(-0.,1.,-0.));
#1591=DIRECTION('',(0.,0.,-1.));
#1592=AXIS2_PLACEMENT_3D('',#1589,#1590,#1591);
#1593=CIRCLE('',#1592,10.);
#1594=EDGE_CURVE('',#1580,#1588,#1593,.T.);
#1595=ORIENTED_EDGE('',*,*,#1594,.T.);
#1596=CARTESIAN_POINT('',(553.949706881,-147.729122671,366.393242655));
#1597=VERTEX_POINT('',#1596);
#1598=CARTESIAN_POINT('',(499.807571258,-147.729122671,312.251107031));
#1599=DIRECTION('',(0.707106781,0.,0.707106781));
#1600=VECTOR('',#1599,76.568542495);
#1601=LINE('',#1598,#1600);
#1602=EDGE_CURVE('',#1588,#1597,#1601,.T.);
#1603=ORIENTED_EDGE('',*,*,#1602,.T.);
#1604=CARTESIAN_POINT('',(561.020774693,-147.729122671,369.322174843));
#1605=VERTEX_POINT('',#1604);
#1606=CARTESIAN_POINT('',(561.020774693,-147.729122671,359.322174843));
#1607=DIRECTION('',(-0.,1.,-0.));
#1608=DIRECTION('',(0.,0.,-1.));
#1609=AXIS2_PLACEMENT_3D('',#1606,#1607,#1608);
#1610=CIRCLE('',#1609,10.);
#1611=EDGE_CURVE('NONE',#1597,#1605,#1610,.T.);
#1612=ORIENTED_EDGE('',*,*,#1611,.T.);
#1613=CARTESIAN_POINT('',(610.22178482,-147.729122671,369.322174843));
#1614=VERTEX_POINT('',#1613);
#1615=CARTESIAN_POINT('',(561.020774693,-147.729122671,369.322174843));
#1616=DIRECTION('',(1.,0.,-0.));
#1617=VECTOR('',#1616,49.201010127);
#1618=LINE('',#1615,#1617);
#1619=EDGE_CURVE('NONE',#1605,#1614,#1618,.T.);
#1620=ORIENTED_EDGE('',*,*,#1619,.T.);
#1621=CARTESIAN_POINT('',(613.050211945,-147.729122671,368.150601968));
#1622=VERTEX_POINT('',#1621);
#1623=CARTESIAN_POINT('',(610.22178482,-147.729122671,365.322174843));
#1624=DIRECTION('',(-0.,1.,-0.));
#1625=DIRECTION('',(0.,0.,-1.));
#1626=AXIS2_PLACEMENT_3D('',#1623,#1624,#1625);
#1627=CIRCLE('',#1626,4.);
#1628=EDGE_CURVE('',#1614,#1622,#1627,.T.);
#1629=ORIENTED_EDGE('',*,*,#1628,.T.);
#1630=CARTESIAN_POINT('',(615.707066194,-147.729122671,365.493747718));
#1631=VERTEX_POINT('',#1630);
#1632=CARTESIAN_POINT('',(613.050211945,-147.729122671,368.150601968));
#1633=DIRECTION('',(0.707106781,-0.,-0.707106781));
#1634=VECTOR('',#1633,3.757359313);
#1635=LINE('',#1632,#1634);
#1636=EDGE_CURVE('',#1622,#1631,#1635,.T.);
#1637=ORIENTED_EDGE('',*,*,#1636,.T.);
#1638=CARTESIAN_POINT('',(616.87863907,-147.729122671,362.665320594));
#1639=VERTEX_POINT('',#1638);
#1640=CARTESIAN_POINT('',(612.87863907,-147.729122671,362.665320594));
#1641=DIRECTION('',(-0.,1.,-0.));
#1642=DIRECTION('',(0.,0.,-1.));
#1643=AXIS2_PLACEMENT_3D('',#1640,#1641,#1642);
#1644=CIRCLE('',#1643,4.);
#1645=EDGE_CURVE('',#1631,#1639,#1644,.T.);
#1646=ORIENTED_EDGE('',*,*,#1645,.T.);
#1647=CARTESIAN_POINT('',(616.87863907,-147.729122671,294.322174843));
#1648=VERTEX_POINT('',#1647);
#1649=CARTESIAN_POINT('',(616.87863907,-147.729122671,362.665320594));
#1650=DIRECTION('',(0.,0.,-1.));
#1651=VECTOR('',#1650,68.343145751);
#1652=LINE('',#1649,#1651);
#1653=EDGE_CURVE('',#1639,#1648,#1652,.T.);
#1654=ORIENTED_EDGE('',*,*,#1653,.T.);
#1655=CARTESIAN_POINT('',(621.87863907,-147.729122671,289.322174843));
#1656=VERTEX_POINT('',#1655);
#1657=CARTESIAN_POINT('',(616.87863907,-147.729122671,294.322174843));
#1658=DIRECTION('',(0.707106781,0.,-0.707106781));
#1659=VECTOR('',#1658,7.071067812);
#1660=LINE('',#1657,#1659);
#1661=EDGE_CURVE('NONE',#1648,#1656,#1660,.T.);
#1662=ORIENTED_EDGE('',*,*,#1661,.T.);
#1663=CARTESIAN_POINT('',(731.87863907,-147.729122671,289.322174843));
#1664=VERTEX_POINT('',#1663);
#1665=CARTESIAN_POINT('',(621.87863907,-147.729122671,289.322174843));
#1666=DIRECTION('',(1.,0.,-0.));
#1667=VECTOR('',#1666,110.);
#1668=LINE('',#1665,#1667);
#1669=EDGE_CURVE('NONE',#1656,#1664,#1668,.T.);
#1670=ORIENTED_EDGE('',*,*,#1669,.T.);
#1671=CARTESIAN_POINT('',(731.87863907,-147.729122671,289.322174843));
#1672=DIRECTION('',(0.707106781,0.,0.707106781));
#1673=VECTOR('',#1672,7.071067812);
#1674=LINE('',#1671,#1673);
#1675=EDGE_CURVE('NONE',#1664,#1494,#1674,.T.);
#1676=ORIENTED_EDGE('',*,*,#1675,.T.);
#1677=EDGE_LOOP('',(#1502,#1511,#1519,#1528,#1536,#1545,#1553,#1562,#1570,#1578,#1586,#1595,#1603,#1612,#1620,#1629,#1637,#1646,#1654,#1662,#1670,#1676));
#1678=FACE_BOUND('',#1677,.T.);
#1679=CARTESIAN_POINT('',(701.947564079,-147.729122671,254.732102801));
#1680=VERTEX_POINT('',#1679);
#1681=CARTESIAN_POINT('',(701.947564079,-147.729122671,258.732102801));
#1682=VERTEX_POINT('',#1681);
#1683=CARTESIAN_POINT('',(701.947564079,-147.729122671,254.732102801));
#1684=DIRECTION('',(0.,0.,1.));
#1685=VECTOR('',#1684,4.);
#1686=LINE('',#1683,#1685);
#1687=EDGE_CURVE('',#1680,#1682,#1686,.T.);
#1688=ORIENTED_EDGE('',*,*,#1687,.F.);
#1689=CARTESIAN_POINT('',(704.947564079,-147.729122671,251.732102801));
#1690=VERTEX_POINT('',#1689);
#1691=CARTESIAN_POINT('',(704.947564079,-147.729122671,254.732102801));
#1692=DIRECTION('',(0.,-1.,0.));
#1693=DIRECTION('',(0.,0.,-1.));
#1694=AXIS2_PLACEMENT_3D('',#1691,#1692,#1693);
#1695=CIRCLE('',#1694,3.);
#1696=EDGE_CURVE('',#1680,#1690,#1695,.T.);
#1697=ORIENTED_EDGE('',*,*,#1696,.T.);
#1698=CARTESIAN_POINT('',(728.947564079,-147.729122671,251.732102801));
#1699=VERTEX_POINT('',#1698);
#1700=CARTESIAN_POINT('',(728.947564079,-147.729122671,251.732102801));
#1701=DIRECTION('',(-1.,0.,0.));
#1702=VECTOR('',#1701,24.);
#1703=LINE('',#1700,#1702);
#1704=EDGE_CURVE('',#1699,#1690,#1703,.T.);
#1705=ORIENTED_EDGE('',*,*,#1704,.F.);
#1706=CARTESIAN_POINT('',(731.947564079,-147.729122671,254.732102801));
#1707=VERTEX_POINT('',#1706);
#1708=CARTESIAN_POINT('',(728.947564079,-147.729122671,254.732102801));
#1709=DIRECTION('',(0.,-1.,0.));
#1710=DIRECTION('',(0.,0.,-1.));
#1711=AXIS2_PLACEMENT_3D('',#1708,#1709,#1710);
#1712=CIRCLE('',#1711,3.);
#1713=EDGE_CURVE('',#1699,#1707,#1712,.T.);
#1714=ORIENTED_EDGE('',*,*,#1713,.T.);
#1715=CARTESIAN_POINT('',(731.947564079,-147.729122671,258.732102801));
#1716=VERTEX_POINT('',#1715);
#1717=CARTESIAN_POINT('',(731.947564079,-147.729122671,258.732102801));
#1718=DIRECTION('',(0.,0.,-1.));
#1719=VECTOR('',#1718,4.);
#1720=LINE('',#1717,#1719);
#1721=EDGE_CURVE('',#1716,#1707,#1720,.T.);
#1722=ORIENTED_EDGE('',*,*,#1721,.F.);
#1723=CARTESIAN_POINT('',(728.947564079,-147.729122671,261.732102801));
#1724=VERTEX_POINT('',#1723);
#1725=CARTESIAN_POINT('',(728.947564079,-147.729122671,258.732102801));
#1726=DIRECTION('',(0.,-1.,0.));
#1727=DIRECTION('',(0.,0.,-1.));
#1728=AXIS2_PLACEMENT_3D('',#1725,#1726,#1727);
#1729=CIRCLE('',#1728,3.);
#1730=EDGE_CURVE('',#1716,#1724,#1729,.T.);
#1731=ORIENTED_EDGE('',*,*,#1730,.T.);
#1732=CARTESIAN_POINT('',(704.947564079,-147.729122671,261.732102801));
#1733=VERTEX_POINT('',#1732);
#1734=CARTESIAN_POINT('',(704.947564079,-147.729122671,261.732102801));
#1735=DIRECTION('',(1.,0.,-0.));
#1736=VECTOR('',#1735,24.);
#1737=LINE('',#1734,#1736);
#1738=EDGE_CURVE('',#1733,#1724,#1737,.T.);
#1739=ORIENTED_EDGE('',*,*,#1738,.F.);
#1740=CARTESIAN_POINT('',(704.947564079,-147.729122671,258.732102801));
#1741=DIRECTION('',(0.,-1.,0.));
#1742=DIRECTION('',(0.,0.,-1.));
#1743=AXIS2_PLACEMENT_3D('',#1740,#1741,#1742);
#1744=CIRCLE('',#1743,3.);
#1745=EDGE_CURVE('',#1733,#1682,#1744,.T.);
#1746=ORIENTED_EDGE('',*,*,#1745,.T.);
#1747=EDGE_LOOP('',(#1688,#1697,#1705,#1714,#1722,#1731,#1739,#1746));
#1748=FACE_BOUND('',#1747,.T.);
#1749=ADVANCED_FACE('',(#1084,#1088,#1092,#1096,#1100,#1104,#1124,#1144,#1164,#1184,#1204,#1224,#1294,#1305,#1316,#1327,#1338,#1349,#1360,#1371,#1382,#1393,#1404,#1415,#1426,#1437,
#1448,#1459,#1470,#1481,#1492,#1678,#1748),#1080,.F.);
#1750=CARTESIAN_POINT('',(496.87863907,-147.729122671,309.322174843));
#1751=DIRECTION('',(1.,0.,0.));
#1752=DIRECTION('',(0.,0.,-1.));
#1753=AXIS2_PLACEMENT_3D('',#1750,#1751,#1752);
#1754=PLANE('',#1753);
#1755=ORIENTED_EDGE('',*,*,#874,.T.);
#1756=CARTESIAN_POINT('',(496.87863907,-153.729122671,305.180039219));
#1757=DIRECTION('',(-0.,1.,-0.));
#1758=VECTOR('',#1757,6.);
#1759=LINE('',#1756,#1758);
#1760=EDGE_CURVE('',#860,#1580,#1759,.T.);
#1761=ORIENTED_EDGE('',*,*,#1760,.T.);
#1762=ORIENTED_EDGE('',*,*,#1585,.F.);
#1763=CARTESIAN_POINT('',(496.87863907,-153.729122671,194.322174843));
#1764=DIRECTION('',(0.,1.,0.));
#1765=VECTOR('',#1764,6.);
#1766=LINE('',#1763,#1765);
#1767=EDGE_CURVE('NONE',#869,#1572,#1766,.T.);
#1768=ORIENTED_EDGE('',*,*,#1767,.F.);
#1769=EDGE_LOOP('',(#1755,#1761,#1762,#1768));
#1770=FACE_BOUND('',#1769,.T.);
#1771=ADVANCED_FACE('',(#1770),#1754,.F.);
#1772=CARTESIAN_POINT('',(856.87863907,-147.729122671,309.322174843));
#1773=DIRECTION('',(-1.,0.,-0.));
#1774=DIRECTION('',(-0.,0.,1.));
#1775=AXIS2_PLACEMENT_3D('',#1772,#1773,#1774);
#1776=PLANE('',#1775);
#1777=ORIENTED_EDGE('',*,*,#1569,.F.);
#1778=CARTESIAN_POINT('',(856.87863907,-147.729122671,305.180039219));
#1779=DIRECTION('',(0.,-1.,0.));
#1780=VECTOR('',#1779,6.);
#1781=LINE('',#1778,#1780);
#1782=EDGE_CURVE('',#1555,#885,#1781,.T.);
#1783=ORIENTED_EDGE('',*,*,#1782,.T.);
#1784=ORIENTED_EDGE('',*,*,#890,.T.);
#1785=CARTESIAN_POINT('',(856.87863907,-153.729122671,194.322174843));
#1786=DIRECTION('',(0.,1.,0.));
#1787=VECTOR('',#1786,6.);
#1788=LINE('',#1785,#1787);
#1789=EDGE_CURVE('NONE',#877,#1564,#1788,.T.);
#1790=ORIENTED_EDGE('',*,*,#1789,.T.);
#1791=EDGE_LOOP('',(#1777,#1783,#1784,#1790));
#1792=FACE_BOUND('',#1791,.T.);
#1793=ADVANCED_FACE('',(#1792),#1776,.F.);
#1794=CARTESIAN_POINT('',(496.87863907,-147.729122671,309.322174843));
#1795=DIRECTION('',(0.707106781,0.,-0.707106781));
#1796=DIRECTION('',(-0.707106781,0.,-0.707106781));
#1797=AXIS2_PLACEMENT_3D('',#1794,#1795,#1796);
#1798=PLANE('',#1797);
#1799=ORIENTED_EDGE('',*,*,#1602,.F.);
#1800=CARTESIAN_POINT('',(499.807571258,-147.729122671,312.251107031));
#1801=DIRECTION('',(0.,-1.,0.));
#1802=VECTOR('',#1801,6.);
#1803=LINE('',#1800,#1802);
#1804=EDGE_CURVE('',#1588,#852,#1803,.T.);
#1805=ORIENTED_EDGE('',*,*,#1804,.T.);
#1806=ORIENTED_EDGE('',*,*,#857,.T.);
#1807=CARTESIAN_POINT('',(553.949706881,-147.729122671,366.393242655));
#1808=DIRECTION('',(0.,-1.,0.));
#1809=VECTOR('',#1808,6.);
#1810=LINE('',#1807,#1809);
#1811=EDGE_CURVE('NONE',#1597,#843,#1810,.T.);
#1812=ORIENTED_EDGE('',*,*,#1811,.F.);
#1813=EDGE_LOOP('',(#1799,#1805,#1806,#1812));
#1814=FACE_BOUND('',#1813,.T.);
#1815=ADVANCED_FACE('NONE',(#1814),#1798,.F.);
#1816=CARTESIAN_POINT('',(561.020774693,-147.729122671,359.322174843));
#1817=DIRECTION('',(0.,-1.,0.));
#1818=DIRECTION('',(0.,0.,-1.));
#1819=AXIS2_PLACEMENT_3D('',#1816,#1817,#1818);
#1820=CYLINDRICAL_SURFACE('',#1819,10.);
#1821=ORIENTED_EDGE('',*,*,#849,.T.);
#1822=CARTESIAN_POINT('',(561.020774693,-147.729122671,369.322174843));
#1823=DIRECTION('',(-0.,-1.,-0.));
#1824=VECTOR('',#1823,6.);
#1825=LINE('',#1822,#1824);
#1826=EDGE_CURVE('NONE',#1605,#835,#1825,.T.);
#1827=ORIENTED_EDGE('',*,*,#1826,.F.);
#1828=ORIENTED_EDGE('',*,*,#1611,.F.);
#1829=ORIENTED_EDGE('',*,*,#1811,.T.);
#1830=EDGE_LOOP('',(#1821,#1827,#1828,#1829));
#1831=FACE_BOUND('',#1830,.T.);
#1832=ADVANCED_FACE('NONE',(#1831),#1820,.T.);
#1833=CARTESIAN_POINT('',(561.020774693,-147.729122671,369.322174843));
#1834=DIRECTION('',(0.,0.,-1.));
#1835=DIRECTION('',(-1.,0.,-0.));
#1836=AXIS2_PLACEMENT_3D('',#1833,#1834,#1835);
#1837=PLANE('',#1836);
#1838=ORIENTED_EDGE('',*,*,#840,.T.);
#1839=CARTESIAN_POINT('',(610.22178482,-153.729122671,369.322174843));
#1840=DIRECTION('',(-0.,1.,-0.));
#1841=VECTOR('',#1840,6.);
#1842=LINE('',#1839,#1841);
#1843=EDGE_CURVE('',#826,#1614,#1842,.T.);
#1844=ORIENTED_EDGE('',*,*,#1843,.T.);
#1845=ORIENTED_EDGE('',*,*,#1619,.F.);
#1846=ORIENTED_EDGE('',*,*,#1826,.T.);
#1847=EDGE_LOOP('',(#1838,#1844,#1845,#1846));
#1848=FACE_BOUND('',#1847,.T.);
#1849=ADVANCED_FACE('NONE',(#1848),#1837,.F.);
#1850=CARTESIAN_POINT('',(616.87863907,-147.729122671,369.322174843));
#1851=DIRECTION('',(-1.,0.,0.));
#1852=DIRECTION('',(0.,0.,1.));
#1853=AXIS2_PLACEMENT_3D('',#1850,#1851,#1852);
#1854=PLANE('',#1853);
#1855=ORIENTED_EDGE('',*,*,#1653,.F.);
#1856=CARTESIAN_POINT('',(616.87863907,-147.729122671,362.665320594));
#1857=DIRECTION('',(-0.,-1.,-0.));
#1858=VECTOR('',#1857,6.);
#1859=LINE('',#1856,#1858);
#1860=EDGE_CURVE('',#1639,#801,#1859,.T.);
#1861=ORIENTED_EDGE('',*,*,#1860,.T.);
#1862=ORIENTED_EDGE('',*,*,#806,.T.);
#1863=CARTESIAN_POINT('',(616.87863907,-147.729122671,294.322174843));
#1864=DIRECTION('',(-0.,-1.,-0.));
#1865=VECTOR('',#1864,6.);
#1866=LINE('',#1863,#1865);
#1867=EDGE_CURVE('NONE',#1648,#793,#1866,.T.);
#1868=ORIENTED_EDGE('',*,*,#1867,.F.);
#1869=EDGE_LOOP('',(#1855,#1861,#1862,#1868));
#1870=FACE_BOUND('',#1869,.T.);
#1871=ADVANCED_FACE('NONE',(#1870),#1854,.F.);
#1872=CARTESIAN_POINT('',(616.87863907,-147.729122671,294.322174843));
#1873=DIRECTION('',(-0.707106781,0.,-0.707106781));
#1874=DIRECTION('',(-0.707106781,0.,0.707106781));
#1875=AXIS2_PLACEMENT_3D('',#1872,#1873,#1874);
#1876=PLANE('',#1875);
#1877=ORIENTED_EDGE('',*,*,#798,.T.);
#1878=CARTESIAN_POINT('',(621.87863907,-147.729122671,289.322174843));
#1879=DIRECTION('',(-0.,-1.,-0.));
#1880=VECTOR('',#1879,6.);
#1881=LINE('',#1878,#1880);
#1882=EDGE_CURVE('NONE',#1656,#785,#1881,.T.);
#1883=ORIENTED_EDGE('',*,*,#1882,.F.);
#1884=ORIENTED_EDGE('',*,*,#1661,.F.);
#1885=ORIENTED_EDGE('',*,*,#1867,.T.);
#1886=EDGE_LOOP('',(#1877,#1883,#1884,#1885));
#1887=FACE_BOUND('',#1886,.T.);
#1888=ADVANCED_FACE('NONE',(#1887),#1876,.F.);
#1889=CARTESIAN_POINT('',(621.87863907,-147.729122671,289.322174843));
#1890=DIRECTION('',(0.,0.,-1.));
#1891=DIRECTION('',(-1.,0.,0.));
#1892=AXIS2_PLACEMENT_3D('',#1889,#1890,#1891);
#1893=PLANE('',#1892);
#1894=ORIENTED_EDGE('',*,*,#790,.T.);
#1895=CARTESIAN_POINT('',(731.87863907,-147.729122671,289.322174843));
#1896=DIRECTION('',(-0.,-1.,-0.));
#1897=VECTOR('',#1896,6.);
#1898=LINE('',#1895,#1897);
#1899=EDGE_CURVE('NONE',#1664,#777,#1898,.T.);
#1900=ORIENTED_EDGE('',*,*,#1899,.F.);
#1901=ORIENTED_EDGE('',*,*,#1669,.F.);
#1902=ORIENTED_EDGE('',*,*,#1882,.T.);
#1903=EDGE_LOOP('',(#1894,#1900,#1901,#1902));
#1904=FACE_BOUND('',#1903,.T.);
#1905=ADVANCED_FACE('NONE',(#1904),#1893,.F.);
#1906=CARTESIAN_POINT('',(731.87863907,-147.729122671,289.322174843));
#1907=DIRECTION('',(0.707106781,0.,-0.707106781));
#1908=DIRECTION('',(-0.707106781,0.,-0.707106781));
#1909=AXIS2_PLACEMENT_3D('',#1906,#1907,#1908);
#1910=PLANE('',#1909);
#1911=ORIENTED_EDGE('',*,*,#782,.T.);
#1912=CARTESIAN_POINT('',(736.87863907,-147.729122671,294.322174843));
#1913=DIRECTION('',(-0.,-1.,-0.));
#1914=VECTOR('',#1913,6.);
#1915=LINE('',#1912,#1914);
#1916=EDGE_CURVE('NONE',#1494,#769,#1915,.T.);
#1917=ORIENTED_EDGE('',*,*,#1916,.F.);
#1918=ORIENTED_EDGE('',*,*,#1675,.F.);
#1919=ORIENTED_EDGE('',*,*,#1899,.T.);
#1920=EDGE_LOOP('',(#1911,#1917,#1918,#1919));
#1921=FACE_BOUND('',#1920,.T.);
#1922=ADVANCED_FACE('NONE',(#1921),#1910,.F.);
#1923=CARTESIAN_POINT('',(736.87863907,-147.729122671,369.322174843));
#1924=DIRECTION('',(1.,0.,0.));
#1925=DIRECTION('',(0.,0.,-1.));
#1926=AXIS2_PLACEMENT_3D('',#1923,#1924,#1925);
#1927=PLANE('',#1926);
#1928=ORIENTED_EDGE('',*,*,#774,.T.);
#1929=CARTESIAN_POINT('',(736.87863907,-153.729122671,362.665320594));
#1930=DIRECTION('',(-0.,1.,-0.));
#1931=VECTOR('',#1930,6.);
#1932=LINE('',#1929,#1931);
#1933=EDGE_CURVE('',#760,#1496,#1932,.T.);
#1934=ORIENTED_EDGE('',*,*,#1933,.T.);
#1935=ORIENTED_EDGE('',*,*,#1501,.F.);
#1936=ORIENTED_EDGE('',*,*,#1916,.T.);
#1937=EDGE_LOOP('',(#1928,#1934,#1935,#1936));
#1938=FACE_BOUND('',#1937,.T.);
#1939=ADVANCED_FACE('NONE',(#1938),#1927,.F.);
#1940=CARTESIAN_POINT('',(792.736503446,-147.729122671,369.322174843));
#1941=DIRECTION('',(-0.,0.,-1.));
#1942=DIRECTION('',(-1.,0.,0.));
#1943=AXIS2_PLACEMENT_3D('',#1940,#1941,#1942);
#1944=PLANE('',#1943);
#1945=ORIENTED_EDGE('',*,*,#1535,.F.);
#1946=CARTESIAN_POINT('',(743.535493319,-147.729122671,369.322174843));
#1947=DIRECTION('',(-0.,-1.,-0.));
#1948=VECTOR('',#1947,6.);
#1949=LINE('',#1946,#1948);
#1950=EDGE_CURVE('',#1521,#919,#1949,.T.);
#1951=ORIENTED_EDGE('',*,*,#1950,.T.);
#1952=ORIENTED_EDGE('',*,*,#924,.T.);
#1953=CARTESIAN_POINT('',(792.736503446,-147.729122671,369.322174843));
#1954=DIRECTION('',(0.,-1.,0.));
#1955=VECTOR('',#1954,6.);
#1956=LINE('',#1953,#1955);
#1957=EDGE_CURVE('NONE',#1530,#910,#1956,.T.);
#1958=ORIENTED_EDGE('',*,*,#1957,.F.);
#1959=EDGE_LOOP('',(#1945,#1951,#1952,#1958));
#1960=FACE_BOUND('',#1959,.T.);
#1961=ADVANCED_FACE('NONE',(#1960),#1944,.F.);
#1962=CARTESIAN_POINT('',(792.736503446,-147.729122671,359.322174843));
#1963=DIRECTION('',(0.,-1.,0.));
#1964=DIRECTION('',(0.,0.,-1.));
#1965=AXIS2_PLACEMENT_3D('',#1962,#1963,#1964);
#1966=CYLINDRICAL_SURFACE('',#1965,10.);
#1967=ORIENTED_EDGE('',*,*,#916,.T.);
#1968=CARTESIAN_POINT('',(799.807571258,-147.729122671,366.393242655));
#1969=DIRECTION('',(-0.,-1.,-0.));
#1970=VECTOR('',#1969,6.);
#1971=LINE('',#1968,#1970);
#1972=EDGE_CURVE('NONE',#1538,#902,#1971,.T.);
#1973=ORIENTED_EDGE('',*,*,#1972,.F.);
#1974=ORIENTED_EDGE('',*,*,#1544,.F.);
#1975=ORIENTED_EDGE('',*,*,#1957,.T.);
#1976=EDGE_LOOP('',(#1967,#1973,#1974,#1975));
#1977=FACE_BOUND('',#1976,.T.);
#1978=ADVANCED_FACE('NONE',(#1977),#1966,.T.);
#1979=CARTESIAN_POINT('',(799.807571258,-147.729122671,366.393242655));
#1980=DIRECTION('',(-0.707106781,0.,-0.707106781));
#1981=DIRECTION('',(-0.707106781,0.,0.707106781));
#1982=AXIS2_PLACEMENT_3D('',#1979,#1980,#1981);
#1983=PLANE('',#1982);
#1984=ORIENTED_EDGE('',*,*,#907,.T.);
#1985=CARTESIAN_POINT('',(853.949706881,-153.729122671,312.251107031));
#1986=DIRECTION('',(-0.,1.,-0.));
#1987=VECTOR('',#1986,6.);
#1988=LINE('',#1985,#1987);
#1989=EDGE_CURVE('',#893,#1547,#1988,.T.);
#1990=ORIENTED_EDGE('',*,*,#1989,.T.);
#1991=ORIENTED_EDGE('',*,*,#1552,.F.);
#1992=ORIENTED_EDGE('',*,*,#1972,.T.);
#1993=EDGE_LOOP('',(#1984,#1990,#1991,#1992));
#1994=FACE_BOUND('',#1993,.T.);
#1995=ADVANCED_FACE('NONE',(#1994),#1983,.F.);
#1996=CARTESIAN_POINT('',(830.414172976,-147.729122671,321.644505314));
#1997=DIRECTION('',(0.,-1.,0.));
#1998=DIRECTION('',(0.,0.,-1.));
#1999=AXIS2_PLACEMENT_3D('',#1996,#1997,#1998);
#2000=CYLINDRICAL_SURFACE('',#1999,1.6);
#2001=CARTESIAN_POINT('',(830.414172976,-153.729122671,320.044505314));
#2002=DIRECTION('',(-0.,1.,-0.));
#2003=VECTOR('',#2002,6.);
#2004=LINE('',#2001,#2003);
#2005=EDGE_CURVE('',#651,#1483,#2004,.T.);
#2006=ORIENTED_EDGE('',*,*,#2005,.F.);
#2007=ORIENTED_EDGE('',*,*,#657,.F.);
#2008=ORIENTED_EDGE('',*,*,#2005,.T.);
#2009=ORIENTED_EDGE('',*,*,#1489,.T.);
#2010=EDGE_LOOP('',(#2006,#2007,#2008,#2009));
#2011=FACE_BOUND('',#2010,.T.);
#2012=ADVANCED_FACE('NONE',(#2011),#2000,.F.);
#2013=CARTESIAN_POINT('',(816.272037352,-147.729122671,307.50236969));
#2014=DIRECTION('',(0.,-1.,0.));
#2015=DIRECTION('',(0.,0.,-1.));
#2016=AXIS2_PLACEMENT_3D('',#2013,#2014,#2015);
#2017=CYLINDRICAL_SURFACE('',#2016,1.6);
#2018=CARTESIAN_POINT('',(816.272037352,-153.729122671,305.90236969));
#2019=DIRECTION('',(-0.,1.,-0.));
#2020=VECTOR('',#2019,6.);
#2021=LINE('',#2018,#2020);
#2022=EDGE_CURVE('',#662,#1472,#2021,.T.);
#2023=ORIENTED_EDGE('',*,*,#2022,.F.);
#2024=ORIENTED_EDGE('',*,*,#668,.F.);
#2025=ORIENTED_EDGE('',*,*,#2022,.T.);
#2026=ORIENTED_EDGE('',*,*,#1478,.T.);
#2027=EDGE_LOOP('',(#2023,#2024,#2025,#2026));
#2028=FACE_BOUND('',#2027,.T.);
#2029=ADVANCED_FACE('NONE',(#2028),#2017,.F.);
#2030=CARTESIAN_POINT('',(795.058833916,-147.729122671,328.715573125));
#2031=DIRECTION('',(0.,-1.,0.));
#2032=DIRECTION('',(0.,0.,-1.));
#2033=AXIS2_PLACEMENT_3D('',#2030,#2031,#2032);
#2034=CYLINDRICAL_SURFACE('',#2033,1.6);
#2035=CARTESIAN_POINT('',(795.058833916,-153.729122671,327.115573125));
#2036=DIRECTION('',(-0.,1.,-0.));
#2037=VECTOR('',#2036,6.);
#2038=LINE('',#2035,#2037);
#2039=EDGE_CURVE('',#640,#1461,#2038,.T.);
#2040=ORIENTED_EDGE('',*,*,#2039,.F.);
#2041=ORIENTED_EDGE('',*,*,#646,.F.);
#2042=ORIENTED_EDGE('',*,*,#2039,.T.);
#2043=ORIENTED_EDGE('',*,*,#1467,.T.);
#2044=EDGE_LOOP('',(#2040,#2041,#2042,#2043));
#2045=FACE_BOUND('',#2044,.T.);
#2046=ADVANCED_FACE('NONE',(#2045),#2034,.F.);
#2047=CARTESIAN_POINT('',(809.20096954,-147.729122671,342.857708749));
#2048=DIRECTION('',(0.,-1.,0.));
#2049=DIRECTION('',(0.,0.,-1.));
#2050=AXIS2_PLACEMENT_3D('',#2047,#2048,#2049);
#2051=CYLINDRICAL_SURFACE('',#2050,1.6);
#2052=CARTESIAN_POINT('',(809.20096954,-153.729122671,341.257708749));
#2053=DIRECTION('',(-0.,1.,-0.));
#2054=VECTOR('',#2053,6.);
#2055=LINE('',#2052,#2054);
#2056=EDGE_CURVE('',#673,#1450,#2055,.T.);
#2057=ORIENTED_EDGE('',*,*,#2056,.F.);
#2058=ORIENTED_EDGE('',*,*,#679,.F.);
#2059=ORIENTED_EDGE('',*,*,#2056,.T.);
#2060=ORIENTED_EDGE('',*,*,#1456,.T.);
#2061=EDGE_LOOP('',(#2057,#2058,#2059,#2060));
#2062=FACE_BOUND('',#2061,.T.);
#2063=ADVANCED_FACE('NONE',(#2062),#2051,.F.);
#2064=CARTESIAN_POINT('',(812.736503446,-147.729122671,325.180039219));
#2065=DIRECTION('',(0.,-1.,0.));
#2066=DIRECTION('',(0.,0.,-1.));
#2067=AXIS2_PLACEMENT_3D('',#2064,#2065,#2066);
#2068=CYLINDRICAL_SURFACE('',#2067,7.5);
#2069=CARTESIAN_POINT('',(812.736503446,-153.729122671,317.680039219));
#2070=DIRECTION('',(-0.,1.,-0.));
#2071=VECTOR('',#2070,6.);
#2072=LINE('',#2069,#2071);
#2073=EDGE_CURVE('',#629,#1439,#2072,.T.);
#2074=ORIENTED_EDGE('',*,*,#2073,.F.);
#2075=ORIENTED_EDGE('',*,*,#635,.F.);
#2076=ORIENTED_EDGE('',*,*,#2073,.T.);
#2077=ORIENTED_EDGE('',*,*,#1445,.T.);
#2078=EDGE_LOOP('',(#2074,#2075,#2076,#2077));
#2079=FACE_BOUND('',#2078,.T.);
#2080=ADVANCED_FACE('NONE',(#2079),#2068,.F.);
#2081=CARTESIAN_POINT('',(541.020774693,-147.729122671,325.180039219));
#2082=DIRECTION('',(0.,-1.,0.));
#2083=DIRECTION('',(0.,0.,-1.));
#2084=AXIS2_PLACEMENT_3D('',#2081,#2082,#2083);
#2085=CYLINDRICAL_SURFACE('',#2084,7.5);
#2086=CARTESIAN_POINT('',(541.020774693,-153.729122671,317.680039219));
#2087=DIRECTION('',(-0.,1.,-0.));
#2088=VECTOR('',#2087,6.);
#2089=LINE('',#2086,#2088);
#2090=EDGE_CURVE('',#618,#1428,#2089,.T.);
#2091=ORIENTED_EDGE('',*,*,#2090,.F.);
#2092=ORIENTED_EDGE('',*,*,#624,.F.);
#2093=ORIENTED_EDGE('',*,*,#2090,.T.);
#2094=ORIENTED_EDGE('',*,*,#1434,.T.);
#2095=EDGE_LOOP('',(#2091,#2092,#2093,#2094));
#2096=FACE_BOUND('',#2095,.T.);
#2097=ADVANCED_FACE('NONE',(#2096),#2085,.F.);
#2098=CARTESIAN_POINT('',(544.556308599,-147.729122671,342.857708749));
#2099=DIRECTION('',(0.,-1.,0.));
#2100=DIRECTION('',(0.,0.,-1.));
#2101=AXIS2_PLACEMENT_3D('',#2098,#2099,#2100);
#2102=CYLINDRICAL_SURFACE('',#2101,1.6);
#2103=CARTESIAN_POINT('',(544.556308599,-153.729122671,341.257708749));
#2104=DIRECTION('',(-0.,1.,-0.));
#2105=VECTOR('',#2104,6.);
#2106=LINE('',#2103,#2105);
#2107=EDGE_CURVE('',#684,#1417,#2106,.T.);
#2108=ORIENTED_EDGE('',*,*,#2107,.F.);
#2109=ORIENTED_EDGE('',*,*,#690,.F.);
#2110=ORIENTED_EDGE('',*,*,#2107,.T.);
#2111=ORIENTED_EDGE('',*,*,#1423,.T.);
#2112=EDGE_LOOP('',(#2108,#2109,#2110,#2111));
#2113=FACE_BOUND('',#2112,.T.);
#2114=ADVANCED_FACE('NONE',(#2113),#2102,.F.);
#2115=CARTESIAN_POINT('',(558.698444223,-147.729122671,328.715573125));
#2116=DIRECTION('',(0.,-1.,0.));
#2117=DIRECTION('',(0.,0.,-1.));
#2118=AXIS2_PLACEMENT_3D('',#2115,#2116,#2117);
#2119=CYLINDRICAL_SURFACE('',#2118,1.6);
#2120=CARTESIAN_POINT('',(558.698444223,-153.729122671,327.115573125));
#2121=DIRECTION('',(-0.,1.,-0.));
#2122=VECTOR('',#2121,6.);
#2123=LINE('',#2120,#2122);
#2124=EDGE_CURVE('',#607,#1406,#2123,.T.);
#2125=ORIENTED_EDGE('',*,*,#2124,.F.);
#2126=ORIENTED_EDGE('',*,*,#613,.F.);
#2127=ORIENTED_EDGE('',*,*,#2124,.T.);
#2128=ORIENTED_EDGE('',*,*,#1412,.T.);
#2129=EDGE_LOOP('',(#2125,#2126,#2127,#2128));
#2130=FACE_BOUND('',#2129,.T.);
#2131=ADVANCED_FACE('NONE',(#2130),#2119,.F.);
#2132=CARTESIAN_POINT('',(537.485240787,-147.729122671,307.50236969));
#2133=DIRECTION('',(0.,-1.,0.));
#2134=DIRECTION('',(0.,0.,-1.));
#2135=AXIS2_PLACEMENT_3D('',#2132,#2133,#2134);
#2136=CYLINDRICAL_SURFACE('',#2135,1.6);
#2137=CARTESIAN_POINT('',(537.485240787,-153.729122671,305.90236969));
#2138=DIRECTION('',(-0.,1.,-0.));
#2139=VECTOR('',#2138,6.);
#2140=LINE('',#2137,#2139);
#2141=EDGE_CURVE('',#695,#1395,#2140,.T.);
#2142=ORIENTED_EDGE('',*,*,#2141,.F.);
#2143=ORIENTED_EDGE('',*,*,#701,.F.);
#2144=ORIENTED_EDGE('',*,*,#2141,.T.);
#2145=ORIENTED_EDGE('',*,*,#1401,.T.);
#2146=EDGE_LOOP('',(#2142,#2143,#2144,#2145));
#2147=FACE_BOUND('',#2146,.T.);
#2148=ADVANCED_FACE('NONE',(#2147),#2136,.F.);
#2149=CARTESIAN_POINT('',(523.343105164,-147.729122671,321.644505314));
#2150=DIRECTION('',(0.,-1.,0.));
#2151=DIRECTION('',(0.,0.,-1.));
#2152=AXIS2_PLACEMENT_3D('',#2149,#2150,#2151);
#2153=CYLINDRICAL_SURFACE('',#2152,1.6);
#2154=CARTESIAN_POINT('',(523.343105164,-153.729122671,320.044505314));
#2155=DIRECTION('',(-0.,1.,-0.));
#2156=VECTOR('',#2155,6.);
#2157=LINE('',#2154,#2156);
#2158=EDGE_CURVE('',#596,#1384,#2157,.T.);
#2159=ORIENTED_EDGE('',*,*,#2158,.F.);
#2160=ORIENTED_EDGE('',*,*,#602,.F.);
#2161=ORIENTED_EDGE('',*,*,#2158,.T.);
#2162=ORIENTED_EDGE('',*,*,#1390,.T.);
#2163=EDGE_LOOP('',(#2159,#2160,#2161,#2162));
#2164=FACE_BOUND('',#2163,.T.);
#2165=ADVANCED_FACE('NONE',(#2164),#2153,.F.);
#2166=CARTESIAN_POINT('',(596.87863907,-147.729122671,289.322174843));
#2167=DIRECTION('',(0.,-1.,0.));
#2168=DIRECTION('',(0.,0.,-1.));
#2169=AXIS2_PLACEMENT_3D('',#2166,#2167,#2168);
#2170=CYLINDRICAL_SURFACE('',#2169,2.6);
#2171=CARTESIAN_POINT('',(596.87863907,-153.729122671,286.722174843));
#2172=DIRECTION('',(-0.,1.,-0.));
#2173=VECTOR('',#2172,6.);
#2174=LINE('',#2171,#2173);
#2175=EDGE_CURVE('',#585,#1373,#2174,.T.);
#2176=ORIENTED_EDGE('',*,*,#2175,.F.);
#2177=ORIENTED_EDGE('',*,*,#591,.F.);
#2178=ORIENTED_EDGE('',*,*,#2175,.T.);
#2179=ORIENTED_EDGE('',*,*,#1379,.T.);
#2180=EDGE_LOOP('',(#2176,#2177,#2178,#2179));
#2181=FACE_BOUND('',#2180,.T.);
#2182=ADVANCED_FACE('NONE',(#2181),#2170,.F.);
#2183=CARTESIAN_POINT('',(596.87863907,-147.729122671,331.322174843));
#2184=DIRECTION('',(0.,-1.,0.));
#2185=DIRECTION('',(0.,0.,-1.));
#2186=AXIS2_PLACEMENT_3D('',#2183,#2184,#2185);
#2187=CYLINDRICAL_SURFACE('',#2186,2.6);
#2188=CARTESIAN_POINT('',(596.87863907,-153.729122671,328.722174843));
#2189=DIRECTION('',(-0.,1.,-0.));
#2190=VECTOR('',#2189,6.);
#2191=LINE('',#2188,#2190);
#2192=EDGE_CURVE('',#706,#1362,#2191,.T.);
#2193=ORIENTED_EDGE('',*,*,#2192,.F.);
#2194=ORIENTED_EDGE('',*,*,#712,.F.);
#2195=ORIENTED_EDGE('',*,*,#2192,.T.);
#2196=ORIENTED_EDGE('',*,*,#1368,.T.);
#2197=EDGE_LOOP('',(#2193,#2194,#2195,#2196));
#2198=FACE_BOUND('',#2197,.T.);
#2199=ADVANCED_FACE('NONE',(#2198),#2187,.F.);
#2200=CARTESIAN_POINT('',(756.87863907,-147.729122671,331.322174843));
#2201=DIRECTION('',(0.,-1.,0.));
#2202=DIRECTION('',(0.,0.,-1.));
#2203=AXIS2_PLACEMENT_3D('',#2200,#2201,#2202);
#2204=CYLINDRICAL_SURFACE('',#2203,2.6);
#2205=CARTESIAN_POINT('',(756.87863907,-153.729122671,328.722174843));
#2206=DIRECTION('',(-0.,1.,-0.));
#2207=VECTOR('',#2206,6.);
#2208=LINE('',#2205,#2207);
#2209=EDGE_CURVE('',#574,#1351,#2208,.T.);
#2210=ORIENTED_EDGE('',*,*,#2209,.F.);
#2211=ORIENTED_EDGE('',*,*,#580,.F.);
#2212=ORIENTED_EDGE('',*,*,#2209,.T.);
#2213=ORIENTED_EDGE('',*,*,#1357,.T.);
#2214=EDGE_LOOP('',(#2210,#2211,#2212,#2213));
#2215=FACE_BOUND('',#2214,.T.);
#2216=ADVANCED_FACE('NONE',(#2215),#2204,.F.);
#2217=CARTESIAN_POINT('',(756.87863907,-147.729122671,289.322174843));
#2218=DIRECTION('',(0.,-1.,0.));
#2219=DIRECTION('',(0.,0.,-1.));
#2220=AXIS2_PLACEMENT_3D('',#2217,#2218,#2219);
#2221=CYLINDRICAL_SURFACE('',#2220,2.6);
#2222=CARTESIAN_POINT('',(756.87863907,-153.729122671,286.722174843));
#2223=DIRECTION('',(-0.,1.,-0.));
#2224=VECTOR('',#2223,6.);
#2225=LINE('',#2222,#2224);
#2226=EDGE_CURVE('',#717,#1340,#2225,.T.);
#2227=ORIENTED_EDGE('',*,*,#2226,.F.);
#2228=ORIENTED_EDGE('',*,*,#723,.F.);
#2229=ORIENTED_EDGE('',*,*,#2226,.T.);
#2230=ORIENTED_EDGE('',*,*,#1346,.T.);
#2231=EDGE_LOOP('',(#2227,#2228,#2229,#2230));
#2232=FACE_BOUND('',#2231,.T.);
#2233=ADVANCED_FACE('NONE',(#2232),#2221,.F.);
#2234=CARTESIAN_POINT('',(697.87863907,-147.729122671,279.322174843));
#2235=DIRECTION('',(0.,-1.,0.));
#2236=DIRECTION('',(0.,0.,-1.));
#2237=AXIS2_PLACEMENT_3D('',#2234,#2235,#2236);
#2238=CYLINDRICAL_SURFACE('',#2237,2.6);
#2239=CARTESIAN_POINT('',(697.87863907,-153.729122671,276.722174843));
#2240=DIRECTION('',(-0.,1.,-0.));
#2241=VECTOR('',#2240,6.);
#2242=LINE('',#2239,#2241);
#2243=EDGE_CURVE('',#563,#1329,#2242,.T.);
#2244=ORIENTED_EDGE('',*,*,#2243,.F.);
#2245=ORIENTED_EDGE('',*,*,#569,.F.);
#2246=ORIENTED_EDGE('',*,*,#2243,.T.);
#2247=ORIENTED_EDGE('',*,*,#1335,.T.);
#2248=EDGE_LOOP('',(#2244,#2245,#2246,#2247));
#2249=FACE_BOUND('',#2248,.T.);
#2250=ADVANCED_FACE('NONE',(#2249),#2238,.F.);
#2251=CARTESIAN_POINT('',(697.87863907,-147.729122671,209.322174843));
#2252=DIRECTION('',(0.,-1.,0.));
#2253=DIRECTION('',(0.,0.,-1.));
#2254=AXIS2_PLACEMENT_3D('',#2251,#2252,#2253);
#2255=CYLINDRICAL_SURFACE('',#2254,2.6);
#2256=CARTESIAN_POINT('',(697.87863907,-153.729122671,206.722174843));
#2257=DIRECTION('',(-0.,1.,-0.));
#2258=VECTOR('',#2257,6.);
#2259=LINE('',#2256,#2258);
#2260=EDGE_CURVE('',#728,#1318,#2259,.T.);
#2261=ORIENTED_EDGE('',*,*,#2260,.F.);
#2262=ORIENTED_EDGE('',*,*,#734,.F.);
#2263=ORIENTED_EDGE('',*,*,#2260,.T.);
#2264=ORIENTED_EDGE('',*,*,#1324,.T.);
#2265=EDGE_LOOP('',(#2261,#2262,#2263,#2264));
#2266=FACE_BOUND('',#2265,.T.);
#2267=ADVANCED_FACE('NONE',(#2266),#2255,.F.);
#2268=CARTESIAN_POINT('',(655.87863907,-147.729122671,279.322174843));
#2269=DIRECTION('',(0.,-1.,0.));
#2270=DIRECTION('',(0.,0.,-1.));
#2271=AXIS2_PLACEMENT_3D('',#2268,#2269,#2270);
#2272=CYLINDRICAL_SURFACE('',#2271,2.6);
#2273=CARTESIAN_POINT('',(655.87863907,-153.729122671,276.722174843));
#2274=DIRECTION('',(-0.,1.,-0.));
#2275=VECTOR('',#2274,6.);
#2276=LINE('',#2273,#2275);
#2277=EDGE_CURVE('',#552,#1307,#2276,.T.);
#2278=ORIENTED_EDGE('',*,*,#2277,.F.);
#2279=ORIENTED_EDGE('',*,*,#558,.F.);
#2280=ORIENTED_EDGE('',*,*,#2277,.T.);
#2281=ORIENTED_EDGE('',*,*,#1313,.T.);
#2282=EDGE_LOOP('',(#2278,#2279,#2280,#2281));
#2283=FACE_BOUND('',#2282,.T.);
#2284=ADVANCED_FACE('NONE',(#2283),#2272,.F.);
#2285=CARTESIAN_POINT('',(655.87863907,-147.729122671,209.322174843));
#2286=DIRECTION('',(0.,-1.,0.));
#2287=DIRECTION('',(0.,0.,-1.));
#2288=AXIS2_PLACEMENT_3D('',#2285,#2286,#2287);
#2289=CYLINDRICAL_SURFACE('',#2288,2.6);
#2290=CARTESIAN_POINT('',(655.87863907,-153.729122671,206.722174843));
#2291=DIRECTION('',(-0.,1.,-0.));
#2292=VECTOR('',#2291,6.);
#2293=LINE('',#2290,#2292);
#2294=EDGE_CURVE('',#739,#1296,#2293,.T.);
#2295=ORIENTED_EDGE('',*,*,#2294,.F.);
#2296=ORIENTED_EDGE('',*,*,#745,.F.);
#2297=ORIENTED_EDGE('',*,*,#2294,.T.);
#2298=ORIENTED_EDGE('',*,*,#1302,.T.);
#2299=EDGE_LOOP('',(#2295,#2296,#2297,#2298));
#2300=FACE_BOUND('',#2299,.T.);
#2301=ADVANCED_FACE('NONE',(#2300),#2289,.F.);
#2302=CARTESIAN_POINT('',(496.881416837,-148.729122671,194.322174843));
#2303=DIRECTION('',(0.,0.,1.));
#2304=DIRECTION('',(1.,0.,0.));
#2305=AXIS2_PLACEMENT_3D('',#2302,#2303,#2304);
#2306=PLANE('',#2305);
#2307=ORIENTED_EDGE('',*,*,#1577,.T.);
#2308=ORIENTED_EDGE('',*,*,#1789,.F.);
#2309=ORIENTED_EDGE('',*,*,#882,.F.);
#2310=ORIENTED_EDGE('',*,*,#1767,.T.);
#2311=EDGE_LOOP('',(#2307,#2308,#2309,#2310));
#2312=FACE_BOUND('',#2311,.T.);
#2313=ADVANCED_FACE('NONE',(#2312),#2306,.F.);
#2314=CARTESIAN_POINT('',(506.87863907,-147.729122671,305.180039219));
#2315=DIRECTION('',(0.,-1.,0.));
#2316=DIRECTION('',(0.,0.,-1.));
#2317=AXIS2_PLACEMENT_3D('',#2314,#2315,#2316);
#2318=CYLINDRICAL_SURFACE('',#2317,10.);
#2319=ORIENTED_EDGE('',*,*,#1594,.F.);
#2320=ORIENTED_EDGE('',*,*,#1760,.F.);
#2321=ORIENTED_EDGE('',*,*,#866,.F.);
#2322=ORIENTED_EDGE('',*,*,#1804,.F.);
#2323=EDGE_LOOP('',(#2319,#2320,#2321,#2322));
#2324=FACE_BOUND('',#2323,.T.);
#2325=ADVANCED_FACE('',(#2324),#2318,.T.);
#2326=CARTESIAN_POINT('',(846.87863907,-147.729122671,305.180039219));
#2327=DIRECTION('',(0.,-1.,0.));
#2328=DIRECTION('',(0.,0.,-1.));
#2329=AXIS2_PLACEMENT_3D('',#2326,#2327,#2328);
#2330=CYLINDRICAL_SURFACE('',#2329,10.);
#2331=ORIENTED_EDGE('',*,*,#1561,.F.);
#2332=ORIENTED_EDGE('',*,*,#1989,.F.);
#2333=ORIENTED_EDGE('',*,*,#899,.F.);
#2334=ORIENTED_EDGE('',*,*,#1782,.F.);
#2335=EDGE_LOOP('',(#2331,#2332,#2333,#2334));
#2336=FACE_BOUND('',#2335,.T.);
#2337=ADVANCED_FACE('',(#2336),#2330,.T.);
#2338=CARTESIAN_POINT('',(621.80971406,-142.729122671,256.732102801));
#2339=DIRECTION('',(1.,0.,0.));
#2340=DIRECTION('',(0.,0.,-1.));
#2341=AXIS2_PLACEMENT_3D('',#2338,#2339,#2340);
#2342=PLANE('',#2341);
#2343=ORIENTED_EDGE('',*,*,#977,.F.);
#2344=CARTESIAN_POINT('',(621.80971406,-153.729122671,254.732102801));
#2345=DIRECTION('',(-0.,1.,-0.));
#2346=VECTOR('',#2345,6.);
#2347=LINE('',#2344,#2346);
#2348=EDGE_CURVE('',#963,#1226,#2347,.T.);
#2349=ORIENTED_EDGE('',*,*,#2348,.T.);
#2350=ORIENTED_EDGE('',*,*,#1233,.T.);
#2351=CARTESIAN_POINT('',(621.80971406,-147.729122671,258.732102801));
#2352=DIRECTION('',(0.,-1.,0.));
#2353=VECTOR('',#2352,6.);
#2354=LINE('',#2351,#2353);
#2355=EDGE_CURVE('',#1228,#972,#2354,.T.);
#2356=ORIENTED_EDGE('',*,*,#2355,.T.);
#2357=EDGE_LOOP('',(#2343,#2349,#2350,#2356));
#2358=FACE_BOUND('',#2357,.T.);
#2359=ADVANCED_FACE('',(#2358),#2342,.T.);
#2360=CARTESIAN_POINT('',(636.80971406,-142.729122671,251.732102801));
#2361=DIRECTION('',(0.,0.,1.));
#2362=DIRECTION('',(1.,0.,0.));
#2363=AXIS2_PLACEMENT_3D('',#2360,#2361,#2362);
#2364=PLANE('',#2363);
#2365=ORIENTED_EDGE('',*,*,#1250,.T.);
#2366=CARTESIAN_POINT('',(624.80971406,-147.729122671,251.732102801));
#2367=DIRECTION('',(0.,-1.,0.));
#2368=VECTOR('',#2367,6.);
#2369=LINE('',#2366,#2368);
#2370=EDGE_CURVE('',#1236,#955,#2369,.T.);
#2371=ORIENTED_EDGE('',*,*,#2370,.T.);
#2372=ORIENTED_EDGE('',*,*,#960,.F.);
#2373=CARTESIAN_POINT('',(648.80971406,-153.729122671,251.732102801));
#2374=DIRECTION('',(-0.,1.,-0.));
#2375=VECTOR('',#2374,6.);
#2376=LINE('',#2373,#2375);
#2377=EDGE_CURVE('',#946,#1245,#2376,.T.);
#2378=ORIENTED_EDGE('',*,*,#2377,.T.);
#2379=EDGE_LOOP('',(#2365,#2371,#2372,#2378));
#2380=FACE_BOUND('',#2379,.T.);
#2381=ADVANCED_FACE('',(#2380),#2364,.T.);
#2382=CARTESIAN_POINT('',(651.80971406,-142.729122671,256.732102801));
#2383=DIRECTION('',(-1.,0.,0.));
#2384=DIRECTION('',(0.,0.,1.));
#2385=AXIS2_PLACEMENT_3D('',#2382,#2383,#2384);
#2386=PLANE('',#2385);
#2387=ORIENTED_EDGE('',*,*,#943,.F.);
#2388=CARTESIAN_POINT('',(651.80971406,-153.729122671,258.732102801));
#2389=DIRECTION('',(-0.,1.,-0.));
#2390=VECTOR('',#2389,6.);
#2391=LINE('',#2388,#2390);
#2392=EDGE_CURVE('',#936,#1262,#2391,.T.);
#2393=ORIENTED_EDGE('',*,*,#2392,.T.);
#2394=ORIENTED_EDGE('',*,*,#1267,.T.);
#2395=CARTESIAN_POINT('',(651.80971406,-147.729122671,254.732102801));
#2396=DIRECTION('',(0.,-1.,0.));
#2397=VECTOR('',#2396,6.);
#2398=LINE('',#2395,#2397);
#2399=EDGE_CURVE('',#1253,#938,#2398,.T.);
#2400=ORIENTED_EDGE('',*,*,#2399,.T.);
#2401=EDGE_LOOP('',(#2387,#2393,#2394,#2400));
#2402=FACE_BOUND('',#2401,.T.);
#2403=ADVANCED_FACE('',(#2402),#2386,.T.);
#2404=CARTESIAN_POINT('',(636.80971406,-142.729122671,261.732102801));
#2405=DIRECTION('',(0.,0.,-1.));
#2406=DIRECTION('',(-1.,0.,0.));
#2407=AXIS2_PLACEMENT_3D('',#2404,#2405,#2406);
#2408=PLANE('',#2407);
#2409=ORIENTED_EDGE('',*,*,#1284,.T.);
#2410=CARTESIAN_POINT('',(648.80971406,-147.729122671,261.732102801));
#2411=DIRECTION('',(0.,-1.,0.));
#2412=VECTOR('',#2411,6.);
#2413=LINE('',#2410,#2412);
#2414=EDGE_CURVE('',#1270,#989,#2413,.T.);
#2415=ORIENTED_EDGE('',*,*,#2414,.T.);
#2416=ORIENTED_EDGE('',*,*,#994,.F.);
#2417=CARTESIAN_POINT('',(624.80971406,-153.729122671,261.732102801));
#2418=DIRECTION('',(-0.,1.,-0.));
#2419=VECTOR('',#2418,6.);
#2420=LINE('',#2417,#2419);
#2421=EDGE_CURVE('',#980,#1279,#2420,.T.);
#2422=ORIENTED_EDGE('',*,*,#2421,.T.);
#2423=EDGE_LOOP('',(#2409,#2415,#2416,#2422));
#2424=FACE_BOUND('',#2423,.T.);
#2425=ADVANCED_FACE('',(#2424),#2408,.T.);
#2426=CARTESIAN_POINT('',(701.947564079,-142.729122671,256.732102801));
#2427=DIRECTION('',(1.,0.,0.));
#2428=DIRECTION('',(0.,0.,-1.));
#2429=AXIS2_PLACEMENT_3D('',#2426,#2427,#2428);
#2430=PLANE('',#2429);
#2431=ORIENTED_EDGE('',*,*,#1687,.T.);
#2432=CARTESIAN_POINT('',(701.947564079,-147.729122671,258.732102801));
#2433=DIRECTION('',(0.,-1.,0.));
#2434=VECTOR('',#2433,6.);
#2435=LINE('',#2432,#2434);
#2436=EDGE_CURVE('',#1682,#1042,#2435,.T.);
#2437=ORIENTED_EDGE('',*,*,#2436,.T.);
#2438=ORIENTED_EDGE('',*,*,#1047,.F.);
#2439=CARTESIAN_POINT('',(701.947564079,-153.729122671,254.732102801));
#2440=DIRECTION('',(-0.,1.,-0.));
#2441=VECTOR('',#2440,6.);
#2442=LINE('',#2439,#2441);
#2443=EDGE_CURVE('',#1033,#1680,#2442,.T.);
#2444=ORIENTED_EDGE('',*,*,#2443,.T.);
#2445=EDGE_LOOP('',(#2431,#2437,#2438,#2444));
#2446=FACE_BOUND('',#2445,.T.);
#2447=ADVANCED_FACE('',(#2446),#2430,.T.);
#2448=CARTESIAN_POINT('',(716.947564079,-142.729122671,251.732102801));
#2449=DIRECTION('',(0.,0.,1.));
#2450=DIRECTION('',(1.,0.,0.));
#2451=AXIS2_PLACEMENT_3D('',#2448,#2449,#2450);
#2452=PLANE('',#2451);
#2453=ORIENTED_EDGE('',*,*,#1704,.T.);
#2454=CARTESIAN_POINT('',(704.947564079,-147.729122671,251.732102801));
#2455=DIRECTION('',(0.,-1.,0.));
#2456=VECTOR('',#2455,6.);
#2457=LINE('',#2454,#2456);
#2458=EDGE_CURVE('',#1690,#1025,#2457,.T.);
#2459=ORIENTED_EDGE('',*,*,#2458,.T.);
#2460=ORIENTED_EDGE('',*,*,#1030,.F.);
#2461=CARTESIAN_POINT('',(728.947564079,-153.729122671,251.732102801));
#2462=DIRECTION('',(-0.,1.,-0.));
#2463=VECTOR('',#2462,6.);
#2464=LINE('',#2461,#2463);
#2465=EDGE_CURVE('',#1016,#1699,#2464,.T.);
#2466=ORIENTED_EDGE('',*,*,#2465,.T.);
#2467=EDGE_LOOP('',(#2453,#2459,#2460,#2466));
#2468=FACE_BOUND('',#2467,.T.);
#2469=ADVANCED_FACE('',(#2468),#2452,.T.);
#2470=CARTESIAN_POINT('',(731.947564079,-142.729122671,256.732102801));
#2471=DIRECTION('',(-1.,0.,0.));
#2472=DIRECTION('',(0.,0.,1.));
#2473=AXIS2_PLACEMENT_3D('',#2470,#2471,#2472);
#2474=PLANE('',#2473);
#2475=ORIENTED_EDGE('',*,*,#1013,.F.);
#2476=CARTESIAN_POINT('',(731.947564079,-153.729122671,258.732102801));
#2477=DIRECTION('',(-0.,1.,-0.));
#2478=VECTOR('',#2477,6.);
#2479=LINE('',#2476,#2478);
#2480=EDGE_CURVE('',#1006,#1716,#2479,.T.);
#2481=ORIENTED_EDGE('',*,*,#2480,.T.);
#2482=ORIENTED_EDGE('',*,*,#1721,.T.);
#2483=CARTESIAN_POINT('',(731.947564079,-147.729122671,254.732102801));
#2484=DIRECTION('',(0.,-1.,0.));
#2485=VECTOR('',#2484,6.);
#2486=LINE('',#2483,#2485);
#2487=EDGE_CURVE('',#1707,#1008,#2486,.T.);
#2488=ORIENTED_EDGE('',*,*,#2487,.T.);
#2489=EDGE_LOOP('',(#2475,#2481,#2482,#2488));
#2490=FACE_BOUND('',#2489,.T.);
#2491=ADVANCED_FACE('',(#2490),#2474,.T.);
#2492=CARTESIAN_POINT('',(716.947564079,-142.729122671,261.732102801));
#2493=DIRECTION('',(0.,0.,-1.));
#2494=DIRECTION('',(-1.,0.,0.));
#2495=AXIS2_PLACEMENT_3D('',#2492,#2493,#2494);
#2496=PLANE('',#2495);
#2497=ORIENTED_EDGE('',*,*,#1064,.F.);
#2498=CARTESIAN_POINT('',(704.947564079,-153.729122671,261.732102801));
#2499=DIRECTION('',(-0.,1.,-0.));
#2500=VECTOR('',#2499,6.);
#2501=LINE('',#2498,#2500);
#2502=EDGE_CURVE('',#1050,#1733,#2501,.T.);
#2503=ORIENTED_EDGE('',*,*,#2502,.T.);
#2504=ORIENTED_EDGE('',*,*,#1738,.T.);
#2505=CARTESIAN_POINT('',(728.947564079,-147.729122671,261.732102801));
#2506=DIRECTION('',(0.,-1.,0.));
#2507=VECTOR('',#2506,6.);
#2508=LINE('',#2505,#2507);
#2509=EDGE_CURVE('',#1724,#1059,#2508,.T.);
#2510=ORIENTED_EDGE('',*,*,#2509,.T.);
#2511=EDGE_LOOP('',(#2497,#2503,#2504,#2510));
#2512=FACE_BOUND('',#2511,.T.);
#2513=ADVANCED_FACE('',(#2512),#2496,.T.);
#2514=CARTESIAN_POINT('',(704.947564079,-142.729122671,258.732102801));
#2515=DIRECTION('',(0.,1.,0.));
#2516=DIRECTION('',(0.,-0.,1.));
#2517=AXIS2_PLACEMENT_3D('',#2514,#2515,#2516);
#2518=CYLINDRICAL_SURFACE('',#2517,3.);
#2519=ORIENTED_EDGE('',*,*,#1745,.F.);
#2520=ORIENTED_EDGE('',*,*,#2502,.F.);
#2521=ORIENTED_EDGE('',*,*,#1056,.F.);
#2522=ORIENTED_EDGE('',*,*,#2436,.F.);
#2523=EDGE_LOOP('',(#2519,#2520,#2521,#2522));
#2524=FACE_BOUND('',#2523,.T.);
#2525=ADVANCED_FACE('',(#2524),#2518,.F.);
#2526=CARTESIAN_POINT('',(704.947564079,-142.729122671,254.732102801));
#2527=DIRECTION('',(0.,1.,0.));
#2528=DIRECTION('',(0.,-0.,1.));
#2529=AXIS2_PLACEMENT_3D('',#2526,#2527,#2528);
#2530=CYLINDRICAL_SURFACE('',#2529,3.);
#2531=ORIENTED_EDGE('',*,*,#1696,.F.);
#2532=ORIENTED_EDGE('',*,*,#2443,.F.);
#2533=ORIENTED_EDGE('',*,*,#1039,.F.);
#2534=ORIENTED_EDGE('',*,*,#2458,.F.);
#2535=EDGE_LOOP('',(#2531,#2532,#2533,#2534));
#2536=FACE_BOUND('',#2535,.T.);
#2537=ADVANCED_FACE('',(#2536),#2530,.F.);
#2538=CARTESIAN_POINT('',(728.947564079,-142.729122671,258.732102801));
#2539=DIRECTION('',(0.,1.,0.));
#2540=DIRECTION('',(0.,-0.,1.));
#2541=AXIS2_PLACEMENT_3D('',#2538,#2539,#2540);
#2542=CYLINDRICAL_SURFACE('',#2541,3.);
#2543=ORIENTED_EDGE('',*,*,#1730,.F.);
#2544=ORIENTED_EDGE('',*,*,#2480,.F.);
#2545=ORIENTED_EDGE('',*,*,#1071,.F.);
#2546=ORIENTED_EDGE('',*,*,#2509,.F.);
#2547=EDGE_LOOP('',(#2543,#2544,#2545,#2546));
#2548=FACE_BOUND('',#2547,.T.);
#2549=ADVANCED_FACE('',(#2548),#2542,.F.);
#2550=CARTESIAN_POINT('',(648.80971406,-142.729122671,258.732102801));
#2551=DIRECTION('',(0.,1.,0.));
#2552=DIRECTION('',(0.,-0.,1.));
#2553=AXIS2_PLACEMENT_3D('',#2550,#2551,#2552);
#2554=CYLINDRICAL_SURFACE('',#2553,3.);
#2555=ORIENTED_EDGE('',*,*,#1276,.F.);
#2556=ORIENTED_EDGE('',*,*,#2392,.F.);
#2557=ORIENTED_EDGE('',*,*,#1001,.F.);
#2558=ORIENTED_EDGE('',*,*,#2414,.F.);
#2559=EDGE_LOOP('',(#2555,#2556,#2557,#2558));
#2560=FACE_BOUND('',#2559,.T.);
#2561=ADVANCED_FACE('',(#2560),#2554,.F.);
#2562=CARTESIAN_POINT('',(624.80971406,-142.729122671,254.732102801));
#2563=DIRECTION('',(0.,1.,0.));
#2564=DIRECTION('',(0.,-0.,1.));
#2565=AXIS2_PLACEMENT_3D('',#2562,#2563,#2564);
#2566=CYLINDRICAL_SURFACE('',#2565,3.);
#2567=ORIENTED_EDGE('',*,*,#1242,.F.);
#2568=ORIENTED_EDGE('',*,*,#2348,.F.);
#2569=ORIENTED_EDGE('',*,*,#969,.F.);
#2570=ORIENTED_EDGE('',*,*,#2370,.F.);
#2571=EDGE_LOOP('',(#2567,#2568,#2569,#2570));
#2572=FACE_BOUND('',#2571,.T.);
#2573=ADVANCED_FACE('',(#2572),#2566,.F.);
#2574=CARTESIAN_POINT('',(728.947564079,-142.729122671,254.732102801));
#2575=DIRECTION('',(0.,1.,0.));
#2576=DIRECTION('',(0.,-0.,1.));
#2577=AXIS2_PLACEMENT_3D('',#2574,#2575,#2576);
#2578=CYLINDRICAL_SURFACE('',#2577,3.);
#2579=ORIENTED_EDGE('',*,*,#1713,.F.);
#2580=ORIENTED_EDGE('',*,*,#2465,.F.);
#2581=ORIENTED_EDGE('',*,*,#1022,.F.);
#2582=ORIENTED_EDGE('',*,*,#2487,.F.);
#2583=EDGE_LOOP('',(#2579,#2580,#2581,#2582));
#2584=FACE_BOUND('',#2583,.T.);
#2585=ADVANCED_FACE('',(#2584),#2578,.F.);
#2586=CARTESIAN_POINT('',(648.80971406,-142.729122671,254.732102801));
#2587=DIRECTION('',(0.,1.,0.));
#2588=DIRECTION('',(0.,-0.,1.));
#2589=AXIS2_PLACEMENT_3D('',#2586,#2587,#2588);
#2590=CYLINDRICAL_SURFACE('',#2589,3.);
#2591=ORIENTED_EDGE('',*,*,#1259,.F.);
#2592=ORIENTED_EDGE('',*,*,#2377,.F.);
#2593=ORIENTED_EDGE('',*,*,#952,.F.);
#2594=ORIENTED_EDGE('',*,*,#2399,.F.);
#2595=EDGE_LOOP('',(#2591,#2592,#2593,#2594));
#2596=FACE_BOUND('',#2595,.T.);
#2597=ADVANCED_FACE('',(#2596),#2590,.F.);
#2598=CARTESIAN_POINT('',(624.80971406,-142.729122671,258.732102801));
#2599=DIRECTION('',(0.,1.,0.));
#2600=DIRECTION('',(0.,-0.,1.));
#2601=AXIS2_PLACEMENT_3D('',#2598,#2599,#2600);
#2602=CYLINDRICAL_SURFACE('',#2601,3.);
#2603=ORIENTED_EDGE('',*,*,#1291,.F.);
#2604=ORIENTED_EDGE('',*,*,#2421,.F.);
#2605=ORIENTED_EDGE('',*,*,#986,.F.);
#2606=ORIENTED_EDGE('',*,*,#2355,.F.);
#2607=EDGE_LOOP('',(#2603,#2604,#2605,#2606));
#2608=FACE_BOUND('',#2607,.T.);
#2609=ADVANCED_FACE('',(#2608),#2602,.F.);
#2610=CARTESIAN_POINT('',(598.878635376,-162.729122671,354.322173963));
#2611=DIRECTION('',(-0.,1.,0.));
#2612=DIRECTION('',(0.,-0.,1.));
#2613=AXIS2_PLACEMENT_3D('',#2610,#2611,#2612);
#2614=CYLINDRICAL_SURFACE('',#2613,2.6);
#2615=CARTESIAN_POINT('',(598.878635376,-147.729122671,356.922173963));
#2616=DIRECTION('',(0.,-1.,-0.));
#2617=VECTOR('',#2616,6.);
#2618=LINE('',#2615,#2617);
#2619=EDGE_CURVE('',#1208,#532,#2618,.T.);
#2620=ORIENTED_EDGE('',*,*,#2619,.F.);
#2621=ORIENTED_EDGE('',*,*,#1214,.F.);
#2622=ORIENTED_EDGE('',*,*,#1221,.F.);
#2623=ORIENTED_EDGE('',*,*,#2619,.T.);
#2624=ORIENTED_EDGE('',*,*,#540,.T.);
#2625=ORIENTED_EDGE('',*,*,#547,.T.);
#2626=EDGE_LOOP('',(#2620,#2621,#2622,#2623,#2624,#2625));
#2627=FACE_BOUND('',#2626,.T.);
#2628=ADVANCED_FACE('',(#2627),#2614,.F.);
#2629=OVER_RIDING_STYLED_ITEM('',(#140),#2628,#82);
#2630=CARTESIAN_POINT('',(507.878635376,-162.729122671,204.322173963));
#2631=DIRECTION('',(-0.,1.,0.));
#2632=DIRECTION('',(0.,-0.,1.));
#2633=AXIS2_PLACEMENT_3D('',#2630,#2631,#2632);
#2634=CYLINDRICAL_SURFACE('',#2633,2.6);
#2635=CARTESIAN_POINT('',(507.878635376,-147.729122671,206.922173963));
#2636=DIRECTION('',(0.,-1.,-0.));
#2637=VECTOR('',#2636,6.);
#2638=LINE('',#2635,#2637);
#2639=EDGE_CURVE('',#1188,#512,#2638,.T.);
#2640=ORIENTED_EDGE('',*,*,#2639,.F.);
#2641=ORIENTED_EDGE('',*,*,#1194,.F.);
#2642=ORIENTED_EDGE('',*,*,#1201,.F.);
#2643=ORIENTED_EDGE('',*,*,#2639,.T.);
#2644=ORIENTED_EDGE('',*,*,#520,.T.);
#2645=ORIENTED_EDGE('',*,*,#527,.T.);
#2646=EDGE_LOOP('',(#2640,#2641,#2642,#2643,#2644,#2645));
#2647=FACE_BOUND('',#2646,.T.);
#2648=ADVANCED_FACE('',(#2647),#2634,.F.);
#2649=OVER_RIDING_STYLED_ITEM('',(#140),#2648,#82);
#2650=CARTESIAN_POINT('',(507.878635376,-162.729122671,284.322173963));
#2651=DIRECTION('',(-0.,1.,0.));
#2652=DIRECTION('',(0.,-0.,1.));
#2653=AXIS2_PLACEMENT_3D('',#2650,#2651,#2652);
#2654=CYLINDRICAL_SURFACE('',#2653,2.6);
#2655=CARTESIAN_POINT('',(507.878635376,-147.729122671,286.922173963));
#2656=DIRECTION('',(0.,-1.,-0.));
#2657=VECTOR('',#2656,6.);
#2658=LINE('',#2655,#2657);
#2659=EDGE_CURVE('',#1168,#492,#2658,.T.);
#2660=ORIENTED_EDGE('',*,*,#2659,.F.);
#2661=ORIENTED_EDGE('',*,*,#1174,.F.);
#2662=ORIENTED_EDGE('',*,*,#1181,.F.);
#2663=ORIENTED_EDGE('',*,*,#2659,.T.);
#2664=ORIENTED_EDGE('',*,*,#500,.T.);
#2665=ORIENTED_EDGE('',*,*,#507,.T.);
#2666=EDGE_LOOP('',(#2660,#2661,#2662,#2663,#2664,#2665));
#2667=FACE_BOUND('',#2666,.T.);
#2668=ADVANCED_FACE('',(#2667),#2654,.F.);
#2669=OVER_RIDING_STYLED_ITEM('',(#140),#2668,#82);
#2670=CARTESIAN_POINT('',(598.878635376,-162.729122671,244.322173963));
#2671=DIRECTION('',(-0.,1.,0.));
#2672=DIRECTION('',(0.,-0.,1.));
#2673=AXIS2_PLACEMENT_3D('',#2670,#2671,#2672);
#2674=CYLINDRICAL_SURFACE('',#2673,2.6);
#2675=CARTESIAN_POINT('',(598.878635376,-147.729122671,246.922173963));
#2676=DIRECTION('',(0.,-1.,-0.));
#2677=VECTOR('',#2676,6.);
#2678=LINE('',#2675,#2677);
#2679=EDGE_CURVE('',#1148,#472,#2678,.T.);
#2680=ORIENTED_EDGE('',*,*,#2679,.F.);
#2681=ORIENTED_EDGE('',*,*,#1154,.F.);
#2682=ORIENTED_EDGE('',*,*,#1161,.F.);
#2683=ORIENTED_EDGE('',*,*,#2679,.T.);
#2684=ORIENTED_EDGE('',*,*,#480,.T.);
#2685=ORIENTED_EDGE('',*,*,#487,.T.);
#2686=EDGE_LOOP('',(#2680,#2681,#2682,#2683,#2684,#2685));
#2687=FACE_BOUND('',#2686,.T.);
#2688=ADVANCED_FACE('',(#2687),#2674,.F.);
#2689=OVER_RIDING_STYLED_ITEM('',(#140),#2688,#82);
#2690=CARTESIAN_POINT('',(507.878635376,-162.729122671,244.322173963));
#2691=DIRECTION('',(-0.,1.,0.));
#2692=DIRECTION('',(0.,-0.,1.));
#2693=AXIS2_PLACEMENT_3D('',#2690,#2691,#2692);
#2694=CYLINDRICAL_SURFACE('',#2693,2.6);
#2695=CARTESIAN_POINT('',(507.878635376,-147.729122671,246.922173963));
#2696=DIRECTION('',(0.,-1.,-0.));
#2697=VECTOR('',#2696,6.);
#2698=LINE('',#2695,#2697);
#2699=EDGE_CURVE('',#1128,#452,#2698,.T.);
#2700=ORIENTED_EDGE('',*,*,#2699,.F.);
#2701=ORIENTED_EDGE('',*,*,#1134,.F.);
#2702=ORIENTED_EDGE('',*,*,#1141,.F.);
#2703=ORIENTED_EDGE('',*,*,#2699,.T.);
#2704=ORIENTED_EDGE('',*,*,#460,.T.);
#2705=ORIENTED_EDGE('',*,*,#467,.T.);
#2706=EDGE_LOOP('',(#2700,#2701,#2702,#2703,#2704,#2705));
#2707=FACE_BOUND('',#2706,.T.);
#2708=ADVANCED_FACE('',(#2707),#2694,.F.);
#2709=OVER_RIDING_STYLED_ITEM('',(#140),#2708,#82);
#2710=CARTESIAN_POINT('',(598.878635376,-162.729122671,204.322173963));
#2711=DIRECTION('',(-0.,1.,0.));
#2712=DIRECTION('',(0.,-0.,1.));
#2713=AXIS2_PLACEMENT_3D('',#2710,#2711,#2712);
#2714=CYLINDRICAL_SURFACE('',#2713,2.6);
#2715=CARTESIAN_POINT('',(598.878635376,-147.729122671,206.922173963));
#2716=DIRECTION('',(0.,-1.,-0.));
#2717=VECTOR('',#2716,6.);
#2718=LINE('',#2715,#2717);
#2719=EDGE_CURVE('',#1108,#432,#2718,.T.);
#2720=ORIENTED_EDGE('',*,*,#2719,.F.);
#2721=ORIENTED_EDGE('',*,*,#1114,.F.);
#2722=ORIENTED_EDGE('',*,*,#1121,.F.);
#2723=ORIENTED_EDGE('',*,*,#2719,.T.);
#2724=ORIENTED_EDGE('',*,*,#440,.T.);
#2725=ORIENTED_EDGE('',*,*,#447,.T.);
#2726=EDGE_LOOP('',(#2720,#2721,#2722,#2723,#2724,#2725));
#2727=FACE_BOUND('',#2726,.T.);
#2728=ADVANCED_FACE('',(#2727),#2714,.F.);
#2729=OVER_RIDING_STYLED_ITEM('',(#140),#2728,#82);
#2730=CARTESIAN_POINT('',(741.87863907,-147.729122671,369.322174843));
#2731=DIRECTION('',(0.707106781,0.,-0.707106781));
#2732=DIRECTION('',(0.,-1.,0.));
#2733=AXIS2_PLACEMENT_3D('',#2730,#2731,#2732);
#2734=PLANE('',#2733);
#2735=ORIENTED_EDGE('',*,*,#1518,.F.);
#2736=CARTESIAN_POINT('',(738.050211945,-147.729122671,365.493747718));
#2737=DIRECTION('',(-0.,-1.,-0.));
#2738=VECTOR('',#2737,6.);
#2739=LINE('',#2736,#2738);
#2740=EDGE_CURVE('',#1504,#752,#2739,.T.);
#2741=ORIENTED_EDGE('',*,*,#2740,.T.);
#2742=ORIENTED_EDGE('',*,*,#757,.F.);
#2743=CARTESIAN_POINT('',(740.707066194,-153.729122671,368.150601968));
#2744=DIRECTION('',(-0.,1.,-0.));
#2745=VECTOR('',#2744,6.);
#2746=LINE('',#2743,#2745);
#2747=EDGE_CURVE('',#750,#1513,#2746,.T.);
#2748=ORIENTED_EDGE('',*,*,#2747,.T.);
#2749=EDGE_LOOP('',(#2735,#2741,#2742,#2748));
#2750=FACE_BOUND('',#2749,.T.);
#2751=ADVANCED_FACE('',(#2750),#2734,.F.);
#2752=CARTESIAN_POINT('',(616.87863907,-147.729122671,364.322174843));
#2753=DIRECTION('',(-0.707106781,0.,-0.707106781));
#2754=DIRECTION('',(0.,-1.,0.));
#2755=AXIS2_PLACEMENT_3D('',#2752,#2753,#2754);
#2756=PLANE('',#2755);
#2757=ORIENTED_EDGE('',*,*,#1636,.F.);
#2758=CARTESIAN_POINT('',(613.050211945,-147.729122671,368.150601968));
#2759=DIRECTION('',(-0.,-1.,-0.));
#2760=VECTOR('',#2759,6.);
#2761=LINE('',#2758,#2760);
#2762=EDGE_CURVE('',#1622,#818,#2761,.T.);
#2763=ORIENTED_EDGE('',*,*,#2762,.T.);
#2764=ORIENTED_EDGE('',*,*,#823,.F.);
#2765=CARTESIAN_POINT('',(615.707066194,-153.729122671,365.493747718));
#2766=DIRECTION('',(-0.,1.,-0.));
#2767=VECTOR('',#2766,6.);
#2768=LINE('',#2765,#2767);
#2769=EDGE_CURVE('',#809,#1631,#2768,.T.);
#2770=ORIENTED_EDGE('',*,*,#2769,.T.);
#2771=EDGE_LOOP('',(#2757,#2763,#2764,#2770));
#2772=FACE_BOUND('',#2771,.T.);
#2773=ADVANCED_FACE('',(#2772),#2756,.F.);
#2774=CARTESIAN_POINT('',(740.87863907,-147.729122671,362.665320594));
#2775=DIRECTION('',(0.,1.,0.));
#2776=DIRECTION('',(0.,-0.,1.));
#2777=AXIS2_PLACEMENT_3D('',#2774,#2775,#2776);
#2778=CYLINDRICAL_SURFACE('',#2777,4.);
#2779=ORIENTED_EDGE('',*,*,#766,.F.);
#2780=ORIENTED_EDGE('',*,*,#2740,.F.);
#2781=ORIENTED_EDGE('',*,*,#1510,.F.);
#2782=ORIENTED_EDGE('',*,*,#1933,.F.);
#2783=EDGE_LOOP('',(#2779,#2780,#2781,#2782));
#2784=FACE_BOUND('',#2783,.T.);
#2785=ADVANCED_FACE('',(#2784),#2778,.T.);
#2786=CARTESIAN_POINT('',(743.535493319,-147.729122671,365.322174843));
#2787=DIRECTION('',(0.,-1.,0.));
#2788=DIRECTION('',(0.,0.,-1.));
#2789=AXIS2_PLACEMENT_3D('',#2786,#2787,#2788);
#2790=CYLINDRICAL_SURFACE('',#2789,4.);
#2791=ORIENTED_EDGE('',*,*,#1527,.F.);
#2792=ORIENTED_EDGE('',*,*,#2747,.F.);
#2793=ORIENTED_EDGE('',*,*,#931,.F.);
#2794=ORIENTED_EDGE('',*,*,#1950,.F.);
#2795=EDGE_LOOP('',(#2791,#2792,#2793,#2794));
#2796=FACE_BOUND('',#2795,.T.);
#2797=ADVANCED_FACE('',(#2796),#2790,.T.);
#2798=CARTESIAN_POINT('',(610.22178482,-147.729122671,365.322174843));
#2799=DIRECTION('',(0.,1.,0.));
#2800=DIRECTION('',(0.,-0.,1.));
#2801=AXIS2_PLACEMENT_3D('',#2798,#2799,#2800);
#2802=CYLINDRICAL_SURFACE('',#2801,4.);
#2803=ORIENTED_EDGE('',*,*,#832,.F.);
#2804=ORIENTED_EDGE('',*,*,#2762,.F.);
#2805=ORIENTED_EDGE('',*,*,#1628,.F.);
#2806=ORIENTED_EDGE('',*,*,#1843,.F.);
#2807=EDGE_LOOP('',(#2803,#2804,#2805,#2806));
#2808=FACE_BOUND('',#2807,.T.);
#2809=ADVANCED_FACE('',(#2808),#2802,.T.);
#2810=CARTESIAN_POINT('',(612.87863907,-147.729122671,362.665320594));
#2811=DIRECTION('',(0.,-1.,0.));
#2812=DIRECTION('',(0.,0.,-1.));
#2813=AXIS2_PLACEMENT_3D('',#2810,#2811,#2812);
#2814=CYLINDRICAL_SURFACE('',#2813,4.);
#2815=ORIENTED_EDGE('',*,*,#1645,.F.);
#2816=ORIENTED_EDGE('',*,*,#2769,.F.);
#2817=ORIENTED_EDGE('',*,*,#815,.F.);
#2818=ORIENTED_EDGE('',*,*,#1860,.F.);
#2819=EDGE_LOOP('',(#2815,#2816,#2817,#2818));
#2820=FACE_BOUND('',#2819,.T.);
#2821=ADVANCED_FACE('',(#2820),#2814,.T.);
#2822=CLOSED_SHELL('',(#133,#192,#244,#296,#348,#400,#1075,#1749,#1771,#1793,#1815,#1832,#1849,#1871,#1888,#1905,#1922,#1939,#1961,#1978,#1995,#2012,#2029,#2046,#2063,#2080,
#2097,#2114,#2131,#2148,#2165,#2182,#2199,#2216,#2233,#2250,#2267,#2284,#2301,#2313,#2325,#2337,#2359,#2381,#2403,#2425,#2447,#2469,#2491,#2513,#2525,
#2537,#2549,#2561,#2573,#2585,#2597,#2609,#2628,#2648,#2668,#2688,#2708,#2728,#2751,#2773,#2785,#2797,#2809,#2821));
#2823=MANIFOLD_SOLID_BREP('Chamfer1',#2822);
#2824=COLOUR_RGB('',0.690196097,0.611764729,0.529411793);
#2825=FILL_AREA_STYLE_COLOUR('',#2824);
#2826=FILL_AREA_STYLE('',(#2825));
#2827=SURFACE_STYLE_FILL_AREA(#2826);
#2828=SURFACE_SIDE_STYLE('',(#2827));
#2829=SURFACE_STYLE_USAGE(.BOTH.,#2828);
#2830=PRESENTATION_STYLE_ASSIGNMENT((#2829));
#82=STYLED_ITEM('',(#2830),#2823);
#63=SHAPE_REPRESENTATION('t\X2\1EA5\X0\m sau',(#15),#61);
#64=ADVANCED_BREP_SHAPE_REPRESENTATION('t\X2\1EA5\X0\m sau',(#2823),#61);
#2838=SHAPE_REPRESENTATION_RELATIONSHIP('','',#63,#64);
#2839=CARTESIAN_POINT('',(0.,0.,0.));
#2840=DIRECTION('',(0.,0.,1.));
#2841=DIRECTION('',(1.,0.,0.));
#2842=AXIS2_PLACEMENT_3D('',#2839,#2840,#2841);
#2844=MAPPED_ITEM('',#2843,#2842);
#2843=REPRESENTATION_MAP(#2842,#63);
#2845=APPLICATION_CONTEXT('Managed model based 3d engineering');
#2846=APPLICATION_PROTOCOL_DEFINITION('international standard','ap242_managed_model_based_3d_engineering',2014,#2845);
#2847=PRODUCT_CONTEXT('',#2845,'mechanical');
#2848=PRODUCT_DEFINITION_CONTEXT('part definition',#2845,'design');
#71=PRODUCT('t\X2\1EA5\X0\m sau','t\X2\1EA5\X0\m sau','',(#2847));
#2849=PRODUCT_RELATED_PRODUCT_CATEGORY('part','',(#71));
#2850=PRODUCT_DEFINITION_FORMATION_WITH_SPECIFIED_SOURCE('','',#71,.NOT_KNOWN.);
#72=PRODUCT_DEFINITION('design','',#2850,#2848);
#70=PRODUCT_DEFINITION_SHAPE('','',#72);
#2851=SHAPE_DEFINITION_REPRESENTATION(#70,#63);
#62=DRAUGHTING_MODEL('',(#2844),#61);
#35=SHAPE_REPRESENTATION('DEMO_T9_6.7.STEP',(#15,#76),#33);
#2852=CARTESIAN_POINT('',(0.,0.,0.));
#2853=DIRECTION('',(0.,0.,1.));
#2854=DIRECTION('',(1.,0.,0.));
#2855=AXIS2_PLACEMENT_3D('',#2852,#2853,#2854);
#2857=MAPPED_ITEM('',#2856,#2855);
#2856=REPRESENTATION_MAP(#2855,#35);
#43=PRODUCT('DEMO_T9_6.7.STEP','DEMO_T9_6.7.STEP','',(#2847));
#2858=PRODUCT_RELATED_PRODUCT_CATEGORY('part','',(#43));
#2859=PRODUCT_DEFINITION_FORMATION_WITH_SPECIFIED_SOURCE('','',#43,.NOT_KNOWN.);
#44=PRODUCT_DEFINITION('design','',#2859,#2848);
#42=PRODUCT_DEFINITION_SHAPE('','',#44);
#2860=SHAPE_DEFINITION_REPRESENTATION(#42,#35);
#34=DRAUGHTING_MODEL('',(#2857),#33);
#16=SHAPE_REPRESENTATION('root',(#15,#48),#10);
#2861=CARTESIAN_POINT('',(0.,0.,0.));
#2862=DIRECTION('',(0.,0.,1.));
#2863=DIRECTION('',(1.,0.,0.));
#2864=AXIS2_PLACEMENT_3D('',#2861,#2862,#2863);
#2866=MAPPED_ITEM('',#2865,#2864);
#2865=REPRESENTATION_MAP(#2864,#16);
#24=PRODUCT('root','root','',(#2847));
#2867=PRODUCT_RELATED_PRODUCT_CATEGORY('part','',(#24));
#2868=PRODUCT_DEFINITION_FORMATION_WITH_SPECIFIED_SOURCE('','',#24,.NOT_KNOWN.);
#25=PRODUCT_DEFINITION('design','',#2868,#2848);
#23=PRODUCT_DEFINITION_SHAPE('','',#25);
#2869=SHAPE_DEFINITION_REPRESENTATION(#23,#16);
#11=DRAUGHTING_MODEL('',(#2866),#10);
#2870=DESCRIPTIVE_REPRESENTATION_ITEM('KEY','C:\\Users\\TranHuyBao\\AppData\\Local\\Packages\\Shapr3D.Shapr3D_dvv5p1vgwv6mp\\TempState\\e02a8aff-3893-4818-9eac-d7f7199f5395.tmp');
#2871=PROPERTY_DEFINITION('KEY','',#25);
#2872=REPRESENTATION('',(#2870),#10);
#2873=PROPERTY_DEFINITION_REPRESENTATION(#2871,#2872);
#2874=GENERAL_PROPERTY('','KEY','');
#2875=GENERAL_PROPERTY_ASSOCIATION('','',#2874,#2871);
#1=MECHANICAL_DESIGN_GEOMETRIC_PRESENTATION_REPRESENTATION('',(#141,#193,#245,#297,#349,#401,#2629,#2649,#2669,#2689,#2709,#2729,#82),#10);
ENDSEC;
END-ISO-10303-21;
